frame_index,wall_time,elapsed_s,video_frame_index,fps,running,vehicle_state,event,stop_condition,lane_found,stop_line_detected,lane_error,raw_steer,final_steer,final_speed,steering_pot,traffic_signal,car_detected,car_label,car_confidence,car_bbox,car_area_ratio,car_result_age_s,car_model_fault,ultrasonic_json,ultrasonic_age_json,front_sensor_values,front_distance_cm,sensor_ok,ultrasonic_close,fusion_confirmed,fusion_hits,fusion_skew_s,fusion_reason,obstacle_phase,dash_side,solid_side,locked_dash_side,lost_frames
1,2026-08-01T16:17:10.795+09:00,0.177,0,6.10,0,DRIVING,state:None->DRIVING;phase:None->KEEP_PAUSED,0,1,0,-0.037247,0.067045,0.067045,0,741,unknown,0,unknown,0.000000,null,0.000000,0.161,,"{""0"": 250, ""1"": 250, ""2"": null, ""3"": null, ""4"": null, ""5"": null, ""6"": null, ""7"": null}","{""0"": 0.0, ""1"": 0.0, ""2"": null, ""3"": null, ""4"": null, ""5"": null, ""6"": null, ""7"": null}","{""0"": 250, ""1"": 250}",250,1,0,0,0,0.161,ultrasonic-not-close,KEEP_PAUSED,left,right,,0
2,2026-08-01T16:17:10.923+09:00,0.314,1,6.60,0,DRIVING,,0,1,0,-0.039598,0.075508,0.075508,0,741,unknown,0,unknown,0.000000,null,0.000000,0.088,,"{""0"": 250, ""1"": 250, ""2"": null, ""3"": null, ""4"": null, ""5"": null, ""6"": null, ""7"": null}","{""0"": 0.0, ""1"": 0.0, ""2"": null, ""3"": null, ""4"": null, ""5"": null, ""6"": null, ""7"": null}","{""0"": 250, ""1"": 250}",250,1,0,0,0,0.088,ultrasonic-not-close,KEEP_PAUSED,left,right,,0
3,2026-08-01T16:17:11.046+09:00,0.434,2,7.09,0,DRIVING,,0,1,0,-0.040053,0.075875,0.075875,0,741,unknown,0,unknown,0.000000,null,0.000000,0.209,,"{""0"": 250, ""1"": 250, ""2"": null, ""3"": null, ""4"": null, ""5"": null, ""6"": null, ""7"": null}","{""0"": 0.0, ""1"": 0.0, ""2"": null, ""3"": null, ""4"": null, ""5"": null, ""6"": null, ""7"": null}","{""0"": 250, ""1"": 250}",250,1,0,0,0,0.209,ultrasonic-not-close,KEEP_PAUSED,left,right,,0
4,2026-08-01T16:17:11.157+09:00,0.548,3,7.45,0,DRIVING,,0,1,0,-0.040698,0.077062,0.077062,0,741,unknown,0,unknown,0.000000,null,0.000000,0.203,,"{""0"": 250, ""1"": 250, ""2"": null, ""3"": null, ""4"": null, ""5"": null, ""6"": null, ""7"": null}","{""0"": 0.0, ""1"": 0.0, ""2"": null, ""3"": null, ""4"": null, ""5"": null, ""6"": null, ""7"": null}","{""0"": 250, ""1"": 250}",250,1,0,0,0,0.203,ultrasonic-not-close,KEEP_PAUSED,left,right,,0
5,2026-08-01T16:17:11.279+09:00,0.669,4,7.59,0,DRIVING,,0,1,0,-0.041061,0.077230,0.077230,0,741,unknown,0,unknown,0.000000,null,0.000000,0.201,,"{""0"": 250, ""1"": 250, ""2"": null, ""3"": null, ""4"": null, ""5"": null, ""6"": null, ""7"": null}","{""0"": 0.0, ""1"": 0.0, ""2"": null, ""3"": null, ""4"": null, ""5"": null, ""6"": null, ""7"": null}","{""0"": 250, ""1"": 250}",250,1,0,0,0,0.201,ultrasonic-not-close,KEEP_PAUSED,left,right,,0
6,2026-08-01T16:17:11.403+09:00,0.794,5,7.67,0,DRIVING,,0,1,0,-0.041334,0.077217,0.077217,0,741,unknown,0,unknown,0.000000,null,0.000000,0.213,,"{""0"": 250, ""1"": 250, ""2"": null, ""3"": null, ""4"": null, ""5"": null, ""6"": null, ""7"": null}","{""0"": 0.0, ""1"": 0.0, ""2"": null, ""3"": null, ""4"": null, ""5"": null, ""6"": null, ""7"": null}","{""0"": 250, ""1"": 250}",250,1,0,0,0,0.213,ultrasonic-not-close,KEEP_PAUSED,left,right,,0
7,2026-08-01T16:17:11.521+09:00,0.910,6,7.79,0,DRIVING,,0,1,0,-0.041539,0.077109,0.077109,0,741,unknown,0,unknown,0.000000,null,0.000000,0.329,,"{""0"": 250, ""1"": 250, ""2"": null, ""3"": null, ""4"": null, ""5"": null, ""6"": null, ""7"": null}","{""0"": 0.0, ""1"": 0.0, ""2"": null, ""3"": null, ""4"": null, ""5"": null, ""6"": null, ""7"": null}","{""0"": 250, ""1"": 250}",250,1,0,0,0,0.329,ultrasonic-not-close,KEEP_PAUSED,left,right,,0
8,2026-08-01T16:17:11.637+09:00,1.028,7,7.87,0,DRIVING,,0,1,0,-0.041851,0.077531,0.077531,0,740,unknown,0,unknown,0.000000,null,0.000000,0.328,,"{""0"": 250, ""1"": 250, ""2"": null, ""3"": null, ""4"": null, ""5"": null, ""6"": null, ""7"": null}","{""0"": 0.0, ""1"": 0.0, ""2"": null, ""3"": null, ""4"": null, ""5"": null, ""6"": null, ""7"": null}","{""0"": 250, ""1"": 250}",250,1,0,0,0,0.328,ultrasonic-not-close,KEEP_PAUSED,left,right,,0
9,2026-08-01T16:17:11.762+09:00,1.153,8,7.88,0,DRIVING,,0,1,0,-0.041808,0.076715,0.076715,0,741,unknown,0,unknown,0.000000,null,0.000000,0.210,,"{""0"": 250, ""1"": 250, ""2"": null, ""3"": null, ""4"": null, ""5"": null, ""6"": null, ""7"": null}","{""0"": 0.0, ""1"": 0.0, ""2"": null, ""3"": null, ""4"": null, ""5"": null, ""6"": null, ""7"": null}","{""0"": 250, ""1"": 250}",250,1,0,0,0,0.210,ultrasonic-not-close,KEEP_PAUSED,left,right,,0
10,2026-08-01T16:17:11.882+09:00,1.273,9,7.92,0,DRIVING,,0,1,0,-0.041894,0.076588,0.076588,0,740,unknown,0,unknown,0.000000,null,0.000000,0.330,,"{""0"": 250, ""1"": 250, ""2"": null, ""3"": null, ""4"": null, ""5"": null, ""6"": null, ""7"": null}","{""0"": 0.0, ""1"": 0.0, ""2"": null, ""3"": null, ""4"": null, ""5"": null, ""6"": null, ""7"": null}","{""0"": 250, ""1"": 250}",250,1,0,0,0,0.330,ultrasonic-not-close,KEEP_PAUSED,left,right,,0
11,2026-08-01T16:17:11.999+09:00,1.389,10,7.98,0,DRIVING,,0,1,0,-0.041959,0.076467,0.076467,0,741,unknown,0,unknown,0.000000,null,0.000000,0.330,,"{""0"": 137, ""1"": 250, ""2"": null, ""3"": null, ""4"": null, ""5"": null, ""6"": null, ""7"": null}","{""0"": 0.0, ""1"": 0.0, ""2"": null, ""3"": null, ""4"": null, ""5"": null, ""6"": null, ""7"": null}","{""0"": 137, ""1"": 250}",137,1,1,0,0,0.330,car-not-detected-or-stale,KEEP_PAUSED,left,right,,0
12,2026-08-01T16:17:12.116+09:00,1.506,11,8.02,0,DRIVING,,0,1,0,-0.041823,0.075697,0.075697,0,740,unknown,0,unknown,0.000000,null,0.000000,0.323,,"{""0"": 250, ""1"": 250, ""2"": null, ""3"": null, ""4"": null, ""5"": null, ""6"": null, ""7"": null}","{""0"": 0.0, ""1"": 0.0, ""2"": null, ""3"": null, ""4"": null, ""5"": null, ""6"": null, ""7"": null}","{""0"": 250, ""1"": 250}",250,1,0,0,0,0.323,ultrasonic-not-close,KEEP_PAUSED,left,right,,0
13,2026-08-01T16:17:12.233+09:00,1.624,12,8.06,0,DRIVING,,0,1,0,-0.042026,0.076300,0.076300,0,741,unknown,0,unknown,0.000000,null,0.000000,0.203,,"{""0"": 86, ""1"": 250, ""2"": null, ""3"": null, ""4"": null, ""5"": null, ""6"": null, ""7"": null}","{""0"": 0.0, ""1"": 0.0, ""2"": null, ""3"": null, ""4"": null, ""5"": null, ""6"": null, ""7"": null}","{""0"": 86, ""1"": 250}",86,1,1,0,0,0.203,car-not-detected-or-stale,KEEP_PAUSED,left,right,,0
14,2026-08-01T16:17:12.350+09:00,1.740,13,8.10,0,DRIVING,,0,1,0,-0.041873,0.075556,0.075556,0,741,unknown,0,unknown,0.000000,null,0.000000,0.318,,"{""0"": 80, ""1"": 250, ""2"": null, ""3"": null, ""4"": null, ""5"": null, ""6"": null, ""7"": null}","{""0"": 0.0, ""1"": 0.0, ""2"": null, ""3"": null, ""4"": null, ""5"": null, ""6"": null, ""7"": null}","{""0"": 80, ""1"": 250}",80,1,1,0,0,0.318,car-not-detected-or-stale,KEEP_PAUSED,left,right,,0
15,2026-08-01T16:17:12.466+09:00,1.856,14,8.13,0,DRIVING,,0,1,0,-0.042235,0.076803,0.076803,0,741,unknown,0,unknown,0.000000,null,0.000000,0.319,,"{""0"": 70, ""1"": 250, ""2"": null, ""3"": null, ""4"": null, ""5"": null, ""6"": null, ""7"": null}","{""0"": 0.0, ""1"": 0.0, ""2"": null, ""3"": null, ""4"": null, ""5"": null, ""6"": null, ""7"": null}","{""0"": 70, ""1"": 250}",70,1,1,0,0,0.319,car-not-detected-or-stale,KEEP_PAUSED,left,right,,0
16,2026-08-01T16:17:12.580+09:00,1.971,15,8.16,0,DRIVING,,0,1,0,-0.034157,0.047488,0.047488,0,741,red,0,unknown,0.000000,null,0.000000,0.317,,"{""0"": 71, ""1"": 250, ""2"": null, ""3"": null, ""4"": null, ""5"": null, ""6"": null, ""7"": null}","{""0"": 0.0, ""1"": 0.0, ""2"": null, ""3"": null, ""4"": null, ""5"": null, ""6"": null, ""7"": null}","{""0"": 71, ""1"": 250}",71,1,1,0,0,0.317,car-not-detected-or-stale,KEEP_PAUSED,left,right,,0
17,2026-08-01T16:17:12.709+09:00,2.100,16,8.14,0,DRIVING,,0,1,0,-0.025117,0.019141,0.019141,0,741,red,0,unknown,0.000000,null,0.000000,0.446,,"{""0"": 56, ""1"": 250, ""2"": null, ""3"": null, ""4"": null, ""5"": null, ""6"": null, ""7"": null}","{""0"": 0.0, ""1"": 0.0, ""2"": null, ""3"": null, ""4"": null, ""5"": null, ""6"": null, ""7"": null}","{""0"": 56, ""1"": 250}",56,1,1,0,0,0.446,car-not-detected-or-stale,KEEP_PAUSED,left,right,,0
18,2026-08-01T16:17:12.827+09:00,2.217,17,8.16,0,DRIVING,,0,1,0,-0.036620,0.068374,0.068374,0,741,unknown,0,unknown,0.000000,null,0.000000,0.328,,"{""0"": 36, ""1"": 30, ""2"": null, ""3"": null, ""4"": null, ""5"": null, ""6"": null, ""7"": null}","{""0"": 0.0, ""1"": 0.0, ""2"": null, ""3"": null, ""4"": null, ""5"": null, ""6"": null, ""7"": null}","{""0"": 36, ""1"": 30}",30,1,1,0,0,0.328,car-not-detected-or-stale,KEEP_PAUSED,left,right,,0
19,2026-08-01T16:17:12.944+09:00,2.335,18,8.17,0,DRIVING,,0,1,0,-0.034037,0.058340,0.058340,0,740,red,0,unknown,0.000000,null,0.000000,0.331,,"{""0"": 64, ""1"": 35, ""2"": null, ""3"": null, ""4"": null, ""5"": null, ""6"": null, ""7"": null}","{""0"": 0.0, ""1"": 0.0, ""2"": null, ""3"": null, ""4"": null, ""5"": null, ""6"": null, ""7"": null}","{""0"": 64, ""1"": 35}",35,1,1,0,0,0.331,car-not-detected-or-stale,KEEP_PAUSED,left,right,,0
20,2026-08-01T16:17:13.058+09:00,2.449,19,8.20,0,DRIVING,,0,1,0,-0.036588,0.068400,0.068400,0,740,unknown,0,unknown,0.000000,null,0.000000,0.200,,"{""0"": 54, ""1"": 31, ""2"": null, ""3"": null, ""4"": null, ""5"": null, ""6"": null, ""7"": null}","{""0"": 0.0, ""1"": 0.0, ""2"": null, ""3"": null, ""4"": null, ""5"": null, ""6"": null, ""7"": null}","{""0"": 54, ""1"": 31}",31,1,1,0,0,0.200,car-not-detected-or-stale,KEEP_PAUSED,left,right,,0
21,2026-08-01T16:17:13.173+09:00,2.564,20,8.23,0,DRIVING,,0,1,0,-0.038568,0.074765,0.074765,0,741,unknown,0,unknown,0.000000,null,0.000000,0.313,,"{""0"": 250, ""1"": 38, ""2"": null, ""3"": null, ""4"": null, ""5"": null, ""6"": null, ""7"": null}","{""0"": 0.0, ""1"": 0.0, ""2"": null, ""3"": null, ""4"": null, ""5"": null, ""6"": null, ""7"": null}","{""0"": 250, ""1"": 38}",38,1,1,0,0,0.313,car-not-detected-or-stale,KEEP_PAUSED,left,right,,0
22,2026-08-01T16:17:13.300+09:00,2.689,21,8.21,0,DRIVING,,0,1,0,-0.041163,0.082503,0.082503,0,741,unknown,0,unknown,0.000000,null,0.000000,0.322,,"{""0"": 250, ""1"": 250, ""2"": null, ""3"": null, ""4"": null, ""5"": null, ""6"": null, ""7"": null}","{""0"": 0.0, ""1"": 0.0, ""2"": null, ""3"": null, ""4"": null, ""5"": null, ""6"": null, ""7"": null}","{""0"": 250, ""1"": 250}",250,1,0,0,0,0.322,ultrasonic-not-close,KEEP_PAUSED,left,right,,0
23,2026-08-01T16:17:13.412+09:00,2.804,22,8.23,0,DRIVING,,0,1,0,-0.054992,0.129765,0.129765,0,740,unknown,0,unknown,0.000000,null,0.000000,0.325,,"{""0"": 250, ""1"": 250, ""2"": null, ""3"": null, ""4"": null, ""5"": null, ""6"": null, ""7"": null}","{""0"": 0.0, ""1"": 0.0, ""2"": null, ""3"": null, ""4"": null, ""5"": null, ""6"": null, ""7"": null}","{""0"": 250, ""1"": 250}",250,1,0,0,0,0.325,ultrasonic-not-close,KEEP_PAUSED,left,right,,0
24,2026-08-01T16:17:13.527+09:00,2.918,23,8.25,0,DRIVING,,0,1,0,-0.054992,0.120531,0.120531,0,741,unknown,0,unknown,0.000000,null,0.000000,0.195,,"{""0"": 250, ""1"": 250, ""2"": null, ""3"": null, ""4"": null, ""5"": null, ""6"": null, ""7"": null}","{""0"": 0.0, ""1"": 0.0, ""2"": null, ""3"": null, ""4"": null, ""5"": null, ""6"": null, ""7"": null}","{""0"": 250, ""1"": 250}",250,1,0,0,0,0.195,ultrasonic-not-close,KEEP_PAUSED,left,right,,0
25,2026-08-01T16:17:13.647+09:00,3.037,24,8.27,0,DRIVING,,0,1,0,-0.037429,0.050841,0.050841,0,740,unknown,0,unknown,0.000000,null,0.000000,0.313,,"{""0"": 250, ""1"": 250, ""2"": null, ""3"": null, ""4"": null, ""5"": null, ""6"": null, ""7"": null}","{""0"": 0.0, ""1"": 0.0, ""2"": null, ""3"": null, ""4"": null, ""5"": null, ""6"": null, ""7"": null}","{""0"": 250, ""1"": 250}",250,1,0,0,0,0.313,ultrasonic-not-close,KEEP_PAUSED,left,right,,0
26,2026-08-01T16:17:13.763+09:00,3.154,25,8.27,0,DRIVING,,0,1,0,-0.038638,0.060152,0.060152,0,741,unknown,0,unknown,0.000000,null,0.000000,0.321,,"{""0"": 250, ""1"": 250, ""2"": null, ""3"": null, ""4"": null, ""5"": null, ""6"": null, ""7"": null}","{""0"": 0.0, ""1"": 0.0, ""2"": null, ""3"": null, ""4"": null, ""5"": null, ""6"": null, ""7"": null}","{""0"": 250, ""1"": 250}",250,1,0,0,0,0.321,ultrasonic-not-close,KEEP_PAUSED,left,right,,0
27,2026-08-01T16:17:13.881+09:00,3.272,26,8.28,0,DRIVING,,0,1,0,-0.039291,0.065323,0.065323,0,740,unknown,0,unknown,0.000000,null,0.000000,0.204,,"{""0"": 250, ""1"": 250, ""2"": null, ""3"": null, ""4"": null, ""5"": null, ""6"": null, ""7"": null}","{""0"": 0.0, ""1"": 0.0, ""2"": null, ""3"": null, ""4"": null, ""5"": null, ""6"": null, ""7"": null}","{""0"": 250, ""1"": 250}",250,1,0,0,0,0.204,ultrasonic-not-close,KEEP_PAUSED,left,right,,0
28,2026-08-01T16:17:14.003+09:00,3.394,27,8.28,0,DRIVING,,0,1,0,-0.039979,0.069421,0.069421,0,740,unknown,0,unknown,0.000000,null,0.000000,0.326,,"{""0"": 250, ""1"": 250, ""2"": null, ""3"": null, ""4"": null, ""5"": null, ""6"": null, ""7"": null}","{""0"": 0.0, ""1"": 0.0, ""2"": null, ""3"": null, ""4"": null, ""5"": null, ""6"": null, ""7"": null}","{""0"": 250, ""1"": 250}",250,1,0,0,0,0.326,ultrasonic-not-close,KEEP_PAUSED,left,right,,0
29,2026-08-01T16:17:14.126+09:00,3.515,28,8.28,0,DRIVING,,0,1,0,-0.040512,0.072102,0.072102,0,741,unknown,0,unknown,0.000000,null,0.000000,0.330,,"{""0"": 250, ""1"": 250, ""2"": null, ""3"": null, ""4"": null, ""5"": null, ""6"": null, ""7"": null}","{""0"": 0.0, ""1"": 0.0, ""2"": null, ""3"": null, ""4"": null, ""5"": null, ""6"": null, ""7"": null}","{""0"": 250, ""1"": 250}",250,1,0,0,0,0.330,ultrasonic-not-close,KEEP_PAUSED,left,right,,0
30,2026-08-01T16:17:14.241+09:00,3.632,29,8.28,0,DRIVING,,0,1,0,-0.040792,0.073356,0.073356,0,741,unknown,0,unknown,0.000000,null,0.000000,0.330,,"{""0"": 250, ""1"": 250, ""2"": null, ""3"": null, ""4"": null, ""5"": null, ""6"": null, ""7"": null}","{""0"": 0.0, ""1"": 0.0, ""2"": null, ""3"": null, ""4"": null, ""5"": null, ""6"": null, ""7"": null}","{""0"": 250, ""1"": 250}",250,1,0,0,0,0.330,ultrasonic-not-close,KEEP_PAUSED,left,right,,0
31,2026-08-01T16:17:14.356+09:00,3.749,30,8.29,0,DRIVING,,0,1,0,-0.041002,0.074133,0.074133,0,741,unknown,0,unknown,0.000000,null,0.000000,0.200,,"{""0"": 250, ""1"": 250, ""2"": null, ""3"": null, ""4"": null, ""5"": null, ""6"": null, ""7"": null}","{""0"": 0.0, ""1"": 0.0, ""2"": null, ""3"": null, ""4"": null, ""5"": null, ""6"": null, ""7"": null}","{""0"": 250, ""1"": 250}",250,1,0,0,0,0.200,ultrasonic-not-close,KEEP_PAUSED,left,right,,0
32,2026-08-01T16:17:14.479+09:00,3.870,31,8.29,0,DRIVING,,0,1,0,-0.041001,0.074031,0.074031,0,741,unknown,0,unknown,0.000000,null,0.000000,0.321,,"{""0"": 250, ""1"": 250, ""2"": null, ""3"": null, ""4"": null, ""5"": null, ""6"": null, ""7"": null}","{""0"": 0.0, ""1"": 0.0, ""2"": null, ""3"": null, ""4"": null, ""5"": null, ""6"": null, ""7"": null}","{""0"": 250, ""1"": 250}",250,1,0,0,0,0.321,ultrasonic-not-close,KEEP_PAUSED,left,right,,0
33,2026-08-01T16:17:14.597+09:00,3.987,32,8.30,0,DRIVING,,0,1,0,-0.041278,0.074958,0.074958,0,741,unknown,0,unknown,0.000000,null,0.000000,0.324,,"{""0"": 250, ""1"": 250, ""2"": null, ""3"": null, ""4"": null, ""5"": null, ""6"": null, ""7"": null}","{""0"": 0.0, ""1"": 0.0, ""2"": null, ""3"": null, ""4"": null, ""5"": null, ""6"": null, ""7"": null}","{""0"": 250, ""1"": 250}",250,1,0,0,0,0.324,ultrasonic-not-close,KEEP_PAUSED,left,right,,0
34,2026-08-01T16:17:14.707+09:00,4.098,33,8.32,0,DRIVING,,0,1,0,-0.041366,0.075080,0.075080,0,741,unknown,0,unknown,0.000000,null,0.000000,0.320,,"{""0"": 250, ""1"": 250, ""2"": null, ""3"": null, ""4"": null, ""5"": null, ""6"": null, ""7"": null}","{""0"": 0.0, ""1"": 0.0, ""2"": null, ""3"": null, ""4"": null, ""5"": null, ""6"": null, ""7"": null}","{""0"": 250, ""1"": 250}",250,1,0,0,0,0.320,ultrasonic-not-close,KEEP_PAUSED,left,right,,0
35,2026-08-01T16:17:14.832+09:00,4.223,34,8.31,0,DRIVING,,0,1,0,-0.041433,0.075133,0.075133,0,741,unknown,0,unknown,0.000000,null,0.000000,0.205,,"{""0"": 250, ""1"": 250, ""2"": null, ""3"": null, ""4"": null, ""5"": null, ""6"": null, ""7"": null}","{""0"": 0.0, ""1"": 0.0, ""2"": null, ""3"": null, ""4"": null, ""5"": null, ""6"": null, ""7"": null}","{""0"": 250, ""1"": 250}",250,1,0,0,0,0.205,ultrasonic-not-close,KEEP_PAUSED,left,right,,0
36,2026-08-01T16:17:14.954+09:00,4.345,35,8.31,0,DRIVING,,0,1,0,-0.041324,0.074575,0.074575,0,741,unknown,0,unknown,0.000000,null,0.000000,0.324,,"{""0"": 250, ""1"": 250, ""2"": null, ""3"": null, ""4"": null, ""5"": null, ""6"": null, ""7"": null}","{""0"": 0.0, ""1"": 0.0, ""2"": null, ""3"": null, ""4"": null, ""5"": null, ""6"": null, ""7"": null}","{""0"": 250, ""1"": 250}",250,1,0,0,0,0.324,ultrasonic-not-close,KEEP_PAUSED,left,right,,0
37,2026-08-01T16:17:15.062+09:00,4.453,36,8.33,0,DRIVING,,0,1,0,-0.041520,0.075223,0.075223,0,741,unknown,0,unknown,0.000000,null,0.000000,0.326,,"{""0"": 250, ""1"": 250, ""2"": null, ""3"": null, ""4"": null, ""5"": null, ""6"": null, ""7"": null}","{""0"": 0.0, ""1"": 0.0, ""2"": null, ""3"": null, ""4"": null, ""5"": null, ""6"": null, ""7"": null}","{""0"": 250, ""1"": 250}",250,1,0,0,0,0.326,ultrasonic-not-close,KEEP_PAUSED,left,right,,0
38,2026-08-01T16:17:15.180+09:00,4.571,37,8.33,0,DRIVING,,0,1,0,-0.041548,0.075178,0.075178,0,740,unknown,0,unknown,0.000000,null,0.000000,0.194,,"{""0"": 250, ""1"": 250, ""2"": null, ""3"": null, ""4"": null, ""5"": null, ""6"": null, ""7"": null}","{""0"": 0.0, ""1"": 0.0, ""2"": null, ""3"": null, ""4"": null, ""5"": null, ""6"": null, ""7"": null}","{""0"": 250, ""1"": 250}",250,1,0,0,0,0.194,ultrasonic-not-close,KEEP_PAUSED,left,right,,0
39,2026-08-01T16:17:15.304+09:00,4.695,38,8.33,0,DRIVING,,0,1,0,-0.041411,0.074565,0.074565,0,740,unknown,0,unknown,0.000000,null,0.000000,0.317,,"{""0"": 250, ""1"": 250, ""2"": null, ""3"": null, ""4"": null, ""5"": null, ""6"": null, ""7"": null}","{""0"": 0.0, ""1"": 0.0, ""2"": null, ""3"": null, ""4"": null, ""5"": null, ""6"": null, ""7"": null}","{""0"": 250, ""1"": 250}",250,1,0,0,0,0.317,ultrasonic-not-close,KEEP_PAUSED,left,right,,0
40,2026-08-01T16:17:15.422+09:00,4.813,39,8.33,0,DRIVING,,0,1,0,-0.041426,0.074614,0.074614,0,740,unknown,0,unknown,0.000000,null,0.000000,0.327,,"{""0"": 250, ""1"": 250, ""2"": null, ""3"": null, ""4"": null, ""5"": null, ""6"": null, ""7"": null}","{""0"": 0.0, ""1"": 0.0, ""2"": null, ""3"": null, ""4"": null, ""5"": null, ""6"": null, ""7"": null}","{""0"": 250, ""1"": 250}",250,1,0,0,0,0.327,ultrasonic-not-close,KEEP_PAUSED,left,right,,0
41,2026-08-01T16:17:15.532+09:00,4.923,40,8.35,0,DRIVING,,0,1,0,-0.041438,0.074643,0.074643,0,741,unknown,0,unknown,0.000000,null,0.000000,0.322,,"{""0"": 250, ""1"": 250, ""2"": null, ""3"": null, ""4"": null, ""5"": null, ""6"": null, ""7"": null}","{""0"": 0.0, ""1"": 0.0, ""2"": null, ""3"": null, ""4"": null, ""5"": null, ""6"": null, ""7"": null}","{""0"": 250, ""1"": 250}",250,1,0,0,0,0.322,ultrasonic-not-close,KEEP_PAUSED,left,right,,0
42,2026-08-01T16:17:15.646+09:00,5.037,41,8.36,0,DRIVING,,0,1,0,-0.041447,0.074659,0.074659,0,740,unknown,0,unknown,0.000000,null,0.000000,0.193,,"{""0"": 250, ""1"": 250, ""2"": null, ""3"": null, ""4"": null, ""5"": null, ""6"": null, ""7"": null}","{""0"": 0.0, ""1"": 0.0, ""2"": null, ""3"": null, ""4"": null, ""5"": null, ""6"": null, ""7"": null}","{""0"": 250, ""1"": 250}",250,1,0,0,0,0.193,ultrasonic-not-close,KEEP_PAUSED,left,right,,0
43,2026-08-01T16:17:15.767+09:00,5.157,42,8.36,0,DRIVING,,0,1,0,-0.041454,0.074666,0.074666,0,742,unknown,0,unknown,0.000000,null,0.000000,0.312,,"{""0"": 250, ""1"": 250, ""2"": null, ""3"": null, ""4"": null, ""5"": null, ""6"": null, ""7"": null}","{""0"": 0.0, ""1"": 0.0, ""2"": null, ""3"": null, ""4"": null, ""5"": null, ""6"": null, ""7"": null}","{""0"": 250, ""1"": 250}",250,1,0,0,0,0.312,ultrasonic-not-close,KEEP_PAUSED,left,right,,0
44,2026-08-01T16:17:15.873+09:00,5.265,43,8.37,0,DRIVING,,0,1,0,-0.041459,0.074669,0.074669,0,740,unknown,0,unknown,0.000000,null,0.000000,0.312,,"{""0"": 250, ""1"": 250, ""2"": null, ""3"": null, ""4"": null, ""5"": null, ""6"": null, ""7"": null}","{""0"": 0.0, ""1"": 0.0, ""2"": null, ""3"": null, ""4"": null, ""5"": null, ""6"": null, ""7"": null}","{""0"": 250, ""1"": 250}",250,1,0,0,0,0.312,ultrasonic-not-close,KEEP_PAUSED,left,right,,0
45,2026-08-01T16:17:15.987+09:00,5.378,44,8.38,0,DRIVING,,0,1,0,-0.041462,0.074670,0.074670,0,740,unknown,0,unknown,0.000000,null,0.000000,0.311,,"{""0"": 250, ""1"": 250, ""2"": null, ""3"": null, ""4"": null, ""5"": null, ""6"": null, ""7"": null}","{""0"": 0.0, ""1"": 0.0, ""2"": null, ""3"": null, ""4"": null, ""5"": null, ""6"": null, ""7"": null}","{""0"": 250, ""1"": 250}",250,1,0,0,0,0.311,ultrasonic-not-close,KEEP_PAUSED,left,right,,0
46,2026-08-01T16:17:16.106+09:00,5.497,45,8.39,0,DRIVING,,0,1,0,-0.041465,0.074669,0.074669,0,741,unknown,0,unknown,0.000000,null,0.000000,0.429,,"{""0"": 250, ""1"": 250, ""2"": null, ""3"": null, ""4"": null, ""5"": null, ""6"": null, ""7"": null}","{""0"": 0.0, ""1"": 0.0, ""2"": null, ""3"": null, ""4"": null, ""5"": null, ""6"": null, ""7"": null}","{""0"": 250, ""1"": 250}",250,1,0,0,0,0.429,ultrasonic-not-close,KEEP_PAUSED,left,right,,0
47,2026-08-01T16:17:16.218+09:00,5.608,46,8.40,0,DRIVING,,0,1,0,-0.041467,0.074667,0.074667,0,741,unknown,0,unknown,0.000000,null,0.000000,0.312,,"{""0"": 250, ""1"": 250, ""2"": null, ""3"": null, ""4"": null, ""5"": null, ""6"": null, ""7"": null}","{""0"": 0.0, ""1"": 0.0, ""2"": null, ""3"": null, ""4"": null, ""5"": null, ""6"": null, ""7"": null}","{""0"": 250, ""1"": 250}",250,1,0,0,0,0.312,ultrasonic-not-close,KEEP_PAUSED,left,right,,0
48,2026-08-01T16:17:16.336+09:00,5.727,47,8.40,0,DRIVING,,0,1,0,-0.041469,0.074665,0.074665,0,741,unknown,0,unknown,0.000000,null,0.000000,0.320,,"{""0"": 250, ""1"": 250, ""2"": null, ""3"": null, ""4"": null, ""5"": null, ""6"": null, ""7"": null}","{""0"": 0.0, ""1"": 0.0, ""2"": null, ""3"": null, ""4"": null, ""5"": null, ""6"": null, ""7"": null}","{""0"": 250, ""1"": 250}",250,1,0,0,0,0.320,ultrasonic-not-close,KEEP_PAUSED,left,right,,0
49,2026-08-01T16:17:16.462+09:00,5.853,48,8.39,0,DRIVING,,0,1,0,-0.041470,0.074663,0.074663,0,740,unknown,0,unknown,0.000000,null,0.000000,0.214,,"{""0"": 250, ""1"": 250, ""2"": null, ""3"": null, ""4"": null, ""5"": null, ""6"": null, ""7"": null}","{""0"": 0.0, ""1"": 0.0, ""2"": null, ""3"": null, ""4"": null, ""5"": null, ""6"": null, ""7"": null}","{""0"": 250, ""1"": 250}",250,1,0,0,0,0.214,ultrasonic-not-close,KEEP_PAUSED,left,right,,0
50,2026-08-01T16:17:16.584+09:00,5.975,49,8.39,0,DRIVING,,0,1,0,-0.041471,0.074661,0.074661,0,741,unknown,0,unknown,0.000000,null,0.000000,0.334,,"{""0"": 250, ""1"": 250, ""2"": null, ""3"": null, ""4"": null, ""5"": null, ""6"": null, ""7"": null}","{""0"": 0.0, ""1"": 0.0, ""2"": null, ""3"": null, ""4"": null, ""5"": null, ""6"": null, ""7"": null}","{""0"": 250, ""1"": 250}",250,1,0,0,0,0.334,ultrasonic-not-close,KEEP_PAUSED,left,right,,0
51,2026-08-01T16:17:16.698+09:00,6.089,50,8.39,0,DRIVING,,0,1,0,-0.041472,0.074660,0.074660,0,740,unknown,0,unknown,0.000000,null,0.000000,0.331,,"{""0"": 250, ""1"": 250, ""2"": null, ""3"": null, ""4"": null, ""5"": null, ""6"": null, ""7"": null}","{""0"": 0.0, ""1"": 0.0, ""2"": null, ""3"": null, ""4"": null, ""5"": null, ""6"": null, ""7"": null}","{""0"": 250, ""1"": 250}",250,1,0,0,0,0.331,ultrasonic-not-close,KEEP_PAUSED,left,right,,0
52,2026-08-01T16:17:16.825+09:00,6.216,51,8.38,0,DRIVING,,0,1,0,-0.041472,0.074658,0.074658,0,741,unknown,0,unknown,0.000000,null,0.000000,0.333,,"{""0"": 250, ""1"": 250, ""2"": null, ""3"": null, ""4"": null, ""5"": null, ""6"": null, ""7"": null}","{""0"": 0.0, ""1"": 0.0, ""2"": null, ""3"": null, ""4"": null, ""5"": null, ""6"": null, ""7"": null}","{""0"": 250, ""1"": 250}",250,1,0,0,0,0.333,ultrasonic-not-close,KEEP_PAUSED,left,right,,0
53,2026-08-01T16:17:16.943+09:00,6.334,52,8.38,0,DRIVING,,0,1,0,-0.041473,0.074657,0.074657,0,741,unknown,0,unknown,0.000000,null,0.000000,0.450,,"{""0"": 250, ""1"": 250, ""2"": null, ""3"": null, ""4"": null, ""5"": null, ""6"": null, ""7"": null}","{""0"": 0.0, ""1"": 0.0, ""2"": null, ""3"": null, ""4"": null, ""5"": null, ""6"": null, ""7"": null}","{""0"": 250, ""1"": 250}",250,1,0,0,0,0.450,ultrasonic-not-close,KEEP_PAUSED,left,right,,0
54,2026-08-01T16:17:17.059+09:00,6.449,53,8.39,0,DRIVING,,0,1,0,-0.041473,0.074656,0.074656,0,741,unknown,0,unknown,0.000000,null,0.000000,0.329,,"{""0"": 250, ""1"": 250, ""2"": null, ""3"": null, ""4"": null, ""5"": null, ""6"": null, ""7"": null}","{""0"": 0.0, ""1"": 0.0, ""2"": null, ""3"": null, ""4"": null, ""5"": null, ""6"": null, ""7"": null}","{""0"": 250, ""1"": 250}",250,1,0,0,0,0.329,ultrasonic-not-close,KEEP_PAUSED,left,right,,0
55,2026-08-01T16:17:17.169+09:00,6.560,54,8.40,0,DRIVING,,0,1,0,-0.041473,0.074655,0.074655,0,741,unknown,0,unknown,0.000000,null,0.000000,0.314,,"{""0"": 250, ""1"": 250, ""2"": null, ""3"": null, ""4"": null, ""5"": null, ""6"": null, ""7"": null}","{""0"": 0.0, ""1"": 0.0, ""2"": null, ""3"": null, ""4"": null, ""5"": null, ""6"": null, ""7"": null}","{""0"": 250, ""1"": 250}",250,1,0,0,0,0.314,ultrasonic-not-close,KEEP_PAUSED,left,right,,0
56,2026-08-01T16:17:17.286+09:00,6.677,55,8.40,0,DRIVING,,0,1,0,-0.041473,0.074655,0.074655,0,740,unknown,0,unknown,0.000000,null,0.000000,0.196,,"{""0"": 250, ""1"": 250, ""2"": null, ""3"": null, ""4"": null, ""5"": null, ""6"": null, ""7"": null}","{""0"": 0.0, ""1"": 0.0, ""2"": null, ""3"": null, ""4"": null, ""5"": null, ""6"": null, ""7"": null}","{""0"": 250, ""1"": 250}",250,1,0,0,0,0.196,ultrasonic-not-close,KEEP_PAUSED,left,right,,0
57,2026-08-01T16:17:17.398+09:00,6.787,56,8.41,0,DRIVING,,0,1,0,-0.041473,0.074654,0.074654,0,741,unknown,0,unknown,0.000000,null,0.000000,0.307,,"{""0"": 250, ""1"": 250, ""2"": null, ""3"": null, ""4"": null, ""5"": null, ""6"": null, ""7"": null}","{""0"": 0.0, ""1"": 0.0, ""2"": null, ""3"": null, ""4"": null, ""5"": null, ""6"": null, ""7"": null}","{""0"": 250, ""1"": 250}",250,1,0,0,0,0.307,ultrasonic-not-close,KEEP_PAUSED,left,right,,0
58,2026-08-01T16:17:17.518+09:00,6.909,57,8.41,0,DRIVING,,0,1,0,-0.041473,0.074654,0.074654,0,741,unknown,0,unknown,0.000000,null,0.000000,0.318,,"{""0"": 250, ""1"": 250, ""2"": null, ""3"": null, ""4"": null, ""5"": null, ""6"": null, ""7"": null}","{""0"": 0.0, ""1"": 0.0, ""2"": null, ""3"": null, ""4"": null, ""5"": null, ""6"": null, ""7"": null}","{""0"": 250, ""1"": 250}",250,1,0,0,0,0.318,ultrasonic-not-close,KEEP_PAUSED,left,right,,0
59,2026-08-01T16:17:17.636+09:00,7.027,58,8.41,0,DRIVING,,0,1,0,-0.041473,0.074654,0.074654,0,741,unknown,0,unknown,0.000000,null,0.000000,0.209,,"{""0"": 250, ""1"": 250, ""2"": null, ""3"": null, ""4"": null, ""5"": null, ""6"": null, ""7"": null}","{""0"": 0.0, ""1"": 0.0, ""2"": null, ""3"": null, ""4"": null, ""5"": null, ""6"": null, ""7"": null}","{""0"": 250, ""1"": 250}",250,1,0,0,0,0.209,ultrasonic-not-close,KEEP_PAUSED,left,right,,0
60,2026-08-01T16:17:17.754+09:00,7.145,59,8.41,0,DRIVING,,0,1,0,-0.041474,0.074653,0.074653,0,741,unknown,0,unknown,0.000000,null,0.000000,0.326,,"{""0"": 250, ""1"": 250, ""2"": null, ""3"": null, ""4"": null, ""5"": null, ""6"": null, ""7"": null}","{""0"": 0.0, ""1"": 0.0, ""2"": null, ""3"": null, ""4"": null, ""5"": null, ""6"": null, ""7"": null}","{""0"": 250, ""1"": 250}",250,1,0,0,0,0.326,ultrasonic-not-close,KEEP_PAUSED,left,right,,0
61,2026-08-01T16:17:17.865+09:00,7.257,60,8.42,0,DRIVING,,0,1,0,-0.041474,0.074653,0.074653,0,741,unknown,0,unknown,0.000000,null,0.000000,0.317,,"{""0"": 250, ""1"": 250, ""2"": null, ""3"": null, ""4"": null, ""5"": null, ""6"": null, ""7"": null}","{""0"": 0.0, ""1"": 0.0, ""2"": null, ""3"": null, ""4"": null, ""5"": null, ""6"": null, ""7"": null}","{""0"": 250, ""1"": 250}",250,1,0,0,0,0.317,ultrasonic-not-close,KEEP_PAUSED,left,right,,0
62,2026-08-01T16:17:17.980+09:00,7.371,61,8.42,0,DRIVING,,0,1,0,-0.041632,0.075224,0.075224,0,741,unknown,0,unknown,0.000000,null,0.000000,0.313,,"{""0"": 250, ""1"": 250, ""2"": null, ""3"": null, ""4"": null, ""5"": null, ""6"": null, ""7"": null}","{""0"": 0.0, ""1"": 0.0, ""2"": null, ""3"": null, ""4"": null, ""5"": null, ""6"": null, ""7"": null}","{""0"": 250, ""1"": 250}",250,1,0,0,0,0.313,ultrasonic-not-close,KEEP_PAUSED,left,right,,0
63,2026-08-01T16:17:18.095+09:00,7.486,62,8.43,0,DRIVING,,0,1,0,-0.041474,0.074567,0.074567,0,741,unknown,0,unknown,0.000000,null,0.000000,0.198,,"{""0"": 250, ""1"": 250, ""2"": null, ""3"": null, ""4"": null, ""5"": null, ""6"": null, ""7"": null}","{""0"": 0.0, ""1"": 0.0, ""2"": null, ""3"": null, ""4"": null, ""5"": null, ""6"": null, ""7"": null}","{""0"": 250, ""1"": 250}",250,1,0,0,0,0.198,ultrasonic-not-close,KEEP_PAUSED,left,right,,0
64,2026-08-01T16:17:18.212+09:00,7.603,63,8.43,0,DRIVING,,0,1,0,-0.041474,0.074593,0.074593,0,740,unknown,0,unknown,0.000000,null,0.000000,0.314,,"{""0"": 250, ""1"": 250, ""2"": null, ""3"": null, ""4"": null, ""5"": null, ""6"": null, ""7"": null}","{""0"": 0.0, ""1"": 0.0, ""2"": null, ""3"": null, ""4"": null, ""5"": null, ""6"": null, ""7"": null}","{""0"": 250, ""1"": 250}",250,1,0,0,0,0.314,ultrasonic-not-close,KEEP_PAUSED,left,right,,0
65,2026-08-01T16:17:18.336+09:00,7.726,64,8.43,0,DRIVING,,0,1,0,-0.041474,0.074611,0.074611,0,741,unknown,0,unknown,0.000000,null,0.000000,0.325,,"{""0"": 250, ""1"": 250, ""2"": null, ""3"": null, ""4"": null, ""5"": null, ""6"": null, ""7"": null}","{""0"": 0.0, ""1"": 0.0, ""2"": null, ""3"": null, ""4"": null, ""5"": null, ""6"": null, ""7"": null}","{""0"": 250, ""1"": 250}",250,1,0,0,0,0.325,ultrasonic-not-close,KEEP_PAUSED,left,right,,0
66,2026-08-01T16:17:18.452+09:00,7.843,65,8.43,0,DRIVING,,0,1,0,-0.041474,0.074623,0.074623,0,741,unknown,0,unknown,0.000000,null,0.000000,0.327,,"{""0"": 250, ""1"": 250, ""2"": null, ""3"": null, ""4"": null, ""5"": null, ""6"": null, ""7"": null}","{""0"": 0.0, ""1"": 0.0, ""2"": null, ""3"": null, ""4"": null, ""5"": null, ""6"": null, ""7"": null}","{""0"": 250, ""1"": 250}",250,1,0,0,0,0.327,ultrasonic-not-close,KEEP_PAUSED,left,right,,0
67,2026-08-01T16:17:18.579+09:00,7.971,66,8.42,0,DRIVING,,0,1,0,-0.041632,0.075203,0.075203,0,741,unknown,0,unknown,0.000000,null,0.000000,0.214,,"{""0"": 250, ""1"": 250, ""2"": null, ""3"": null, ""4"": null, ""5"": null, ""6"": null, ""7"": null}","{""0"": 0.0, ""1"": 0.0, ""2"": null, ""3"": null, ""4"": null, ""5"": null, ""6"": null, ""7"": null}","{""0"": 250, ""1"": 250}",250,1,0,0,0,0.214,ultrasonic-not-close,KEEP_PAUSED,left,right,,0
68,2026-08-01T16:17:18.703+09:00,8.092,67,8.42,0,DRIVING,,0,1,0,-0.041474,0.074553,0.074553,0,740,unknown,0,unknown,0.000000,null,0.000000,0.334,,"{""0"": 250, ""1"": 250, ""2"": null, ""3"": null, ""4"": null, ""5"": null, ""6"": null, ""7"": null}","{""0"": 0.0, ""1"": 0.0, ""2"": null, ""3"": null, ""4"": null, ""5"": null, ""6"": null, ""7"": null}","{""0"": 250, ""1"": 250}",250,1,0,0,0,0.334,ultrasonic-not-close,KEEP_PAUSED,left,right,,0
69,2026-08-01T16:17:18.824+09:00,8.215,68,8.41,0,DRIVING,,0,1,0,-0.041474,0.074583,0.074583,0,741,unknown,0,unknown,0.000000,null,0.000000,0.342,,"{""0"": 250, ""1"": 250, ""2"": null, ""3"": null, ""4"": null, ""5"": null, ""6"": null, ""7"": null}","{""0"": 0.0, ""1"": 0.0, ""2"": null, ""3"": null, ""4"": null, ""5"": null, ""6"": null, ""7"": null}","{""0"": 250, ""1"": 250}",250,1,0,0,0,0.342,ultrasonic-not-close,KEEP_PAUSED,left,right,,0
70,2026-08-01T16:17:18.933+09:00,8.324,69,8.42,0,DRIVING,,0,1,0,-0.041474,0.074604,0.074604,0,740,unknown,0,unknown,0.000000,null,0.000000,0.200,,"{""0"": 250, ""1"": 250, ""2"": null, ""3"": null, ""4"": null, ""5"": null, ""6"": null, ""7"": null}","{""0"": 0.0, ""1"": 0.0, ""2"": null, ""3"": null, ""4"": null, ""5"": null, ""6"": null, ""7"": null}","{""0"": 250, ""1"": 250}",250,1,0,0,0,0.200,ultrasonic-not-close,KEEP_PAUSED,left,right,,0
71,2026-08-01T16:17:19.049+09:00,8.440,70,8.42,0,DRIVING,,0,1,0,-0.041474,0.074618,0.074618,0,741,unknown,0,unknown,0.000000,null,0.000000,0.314,,"{""0"": 250, ""1"": 250, ""2"": null, ""3"": null, ""4"": null, ""5"": null, ""6"": null, ""7"": null}","{""0"": 0.0, ""1"": 0.0, ""2"": null, ""3"": null, ""4"": null, ""5"": null, ""6"": null, ""7"": null}","{""0"": 250, ""1"": 250}",250,1,0,0,0,0.314,ultrasonic-not-close,KEEP_PAUSED,left,right,,0
72,2026-08-01T16:17:19.158+09:00,8.548,71,8.43,0,DRIVING,,0,1,0,-0.041474,0.074629,0.074629,0,742,unknown,0,unknown,0.000000,null,0.000000,0.301,,"{""0"": 250, ""1"": 250, ""2"": null, ""3"": null, ""4"": null, ""5"": null, ""6"": null, ""7"": null}","{""0"": 0.0, ""1"": 0.0, ""2"": null, ""3"": null, ""4"": null, ""5"": null, ""6"": null, ""7"": null}","{""0"": 250, ""1"": 250}",250,1,0,0,0,0.301,ultrasonic-not-close,KEEP_PAUSED,left,right,,0
73,2026-08-01T16:17:19.268+09:00,8.659,72,8.44,0,DRIVING,,0,1,0,-0.041474,0.074636,0.074636,0,741,unknown,0,unknown,0.000000,null,0.000000,0.304,,"{""0"": 250, ""1"": 250, ""2"": null, ""3"": null, ""4"": null, ""5"": null, ""6"": null, ""7"": null}","{""0"": 0.0, ""1"": 0.0, ""2"": null, ""3"": null, ""4"": null, ""5"": null, ""6"": null, ""7"": null}","{""0"": 250, ""1"": 250}",250,1,0,0,0,0.304,ultrasonic-not-close,KEEP_PAUSED,left,right,,0
74,2026-08-01T16:17:19.381+09:00,8.772,73,8.45,0,DRIVING,,0,1,0,-0.041474,0.074641,0.074641,0,741,unknown,0,unknown,0.000000,null,0.000000,0.191,,"{""0"": 250, ""1"": 250, ""2"": null, ""3"": null, ""4"": null, ""5"": null, ""6"": null, ""7"": null}","{""0"": 0.0, ""1"": 0.0, ""2"": null, ""3"": null, ""4"": null, ""5"": null, ""6"": null, ""7"": null}","{""0"": 250, ""1"": 250}",250,1,0,0,0,0.191,ultrasonic-not-close,KEEP_PAUSED,left,right,,0
75,2026-08-01T16:17:19.495+09:00,8.884,74,8.45,0,DRIVING,,0,1,0,-0.041474,0.074644,0.074644,0,740,unknown,0,unknown,0.000000,null,0.000000,0.304,,"{""0"": 250, ""1"": 250, ""2"": null, ""3"": null, ""4"": null, ""5"": null, ""6"": null, ""7"": null}","{""0"": 0.0, ""1"": 0.0, ""2"": null, ""3"": null, ""4"": null, ""5"": null, ""6"": null, ""7"": null}","{""0"": 250, ""1"": 250}",250,1,0,0,0,0.304,ultrasonic-not-close,KEEP_PAUSED,left,right,,0
76,2026-08-01T16:17:19.619+09:00,9.010,75,8.45,0,DRIVING,,0,1,0,-0.041474,0.074647,0.074647,0,741,unknown,0,unknown,0.000000,null,0.000000,0.321,,"{""0"": 250, ""1"": 250, ""2"": null, ""3"": null, ""4"": null, ""5"": null, ""6"": null, ""7"": null}","{""0"": 0.0, ""1"": 0.0, ""2"": null, ""3"": null, ""4"": null, ""5"": null, ""6"": null, ""7"": null}","{""0"": 250, ""1"": 250}",250,1,0,0,0,0.321,ultrasonic-not-close,KEEP_PAUSED,left,right,,0
77,2026-08-01T16:17:19.731+09:00,9.122,76,8.45,0,DRIVING,,0,1,0,-0.041474,0.074649,0.074649,0,741,unknown,0,unknown,0.000000,null,0.000000,0.206,,"{""0"": 250, ""1"": 250, ""2"": null, ""3"": null, ""4"": null, ""5"": null, ""6"": null, ""7"": null}","{""0"": 0.0, ""1"": 0.0, ""2"": null, ""3"": null, ""4"": null, ""5"": null, ""6"": null, ""7"": null}","{""0"": 250, ""1"": 250}",250,1,0,0,0,0.206,ultrasonic-not-close,KEEP_PAUSED,left,right,,0
78,2026-08-01T16:17:19.851+09:00,9.242,77,8.45,0,DRIVING,,0,1,0,-0.041474,0.074650,0.074650,0,740,unknown,0,unknown,0.000000,null,0.000000,0.201,,"{""0"": 250, ""1"": 250, ""2"": null, ""3"": null, ""4"": null, ""5"": null, ""6"": null, ""7"": null}","{""0"": 0.0, ""1"": 0.0, ""2"": null, ""3"": null, ""4"": null, ""5"": null, ""6"": null, ""7"": null}","{""0"": 250, ""1"": 250}",250,1,0,0,0,0.201,ultrasonic-not-close,KEEP_PAUSED,left,right,,0
79,2026-08-01T16:17:19.973+09:00,9.365,78,8.45,0,DRIVING,,0,1,0,-0.041474,0.074651,0.074651,0,741,unknown,0,unknown,0.000000,null,0.000000,0.324,,"{""0"": 250, ""1"": 250, ""2"": null, ""3"": null, ""4"": null, ""5"": null, ""6"": null, ""7"": null}","{""0"": 0.0, ""1"": 0.0, ""2"": null, ""3"": null, ""4"": null, ""5"": null, ""6"": null, ""7"": null}","{""0"": 250, ""1"": 250}",250,1,0,0,0,0.324,ultrasonic-not-close,KEEP_PAUSED,left,right,,0
80,2026-08-01T16:17:20.081+09:00,9.472,79,8.45,0,DRIVING,,0,1,0,-0.041474,0.074651,0.074651,0,741,unknown,0,unknown,0.000000,null,0.000000,0.322,,"{""0"": 250, ""1"": 250, ""2"": null, ""3"": null, ""4"": null, ""5"": null, ""6"": null, ""7"": null}","{""0"": 0.0, ""1"": 0.0, ""2"": null, ""3"": null, ""4"": null, ""5"": null, ""6"": null, ""7"": null}","{""0"": 250, ""1"": 250}",250,1,0,0,0,0.322,ultrasonic-not-close,KEEP_PAUSED,left,right,,0
81,2026-08-01T16:17:20.193+09:00,9.584,80,8.46,0,DRIVING,,0,1,0,-0.041632,0.075222,0.075222,0,741,unknown,0,unknown,0.000000,null,0.000000,0.188,,"{""0"": 250, ""1"": 250, ""2"": null, ""3"": null, ""4"": null, ""5"": null, ""6"": null, ""7"": null}","{""0"": 0.0, ""1"": 0.0, ""2"": null, ""3"": null, ""4"": null, ""5"": null, ""6"": null, ""7"": null}","{""0"": 250, ""1"": 250}",250,1,0,0,0,0.188,ultrasonic-not-close,KEEP_PAUSED,left,right,,0
82,2026-08-01T16:17:20.309+09:00,9.699,81,8.46,0,DRIVING,,0,1,0,-0.041474,0.074566,0.074566,0,741,unknown,0,unknown,0.000000,null,0.000000,0.303,,"{""0"": 250, ""1"": 250, ""2"": null, ""3"": null, ""4"": null, ""5"": null, ""6"": null, ""7"": null}","{""0"": 0.0, ""1"": 0.0, ""2"": null, ""3"": null, ""4"": null, ""5"": null, ""6"": null, ""7"": null}","{""0"": 250, ""1"": 250}",250,1,0,0,0,0.303,ultrasonic-not-close,KEEP_PAUSED,left,right,,0
83,2026-08-01T16:17:20.413+09:00,9.805,82,8.47,0,DRIVING,,0,1,0,-0.041474,0.074592,0.074592,0,741,unknown,0,unknown,0.000000,null,0.000000,0.304,,"{""0"": 250, ""1"": 250, ""2"": null, ""3"": null, ""4"": null, ""5"": null, ""6"": null, ""7"": null}","{""0"": 0.0, ""1"": 0.0, ""2"": null, ""3"": null, ""4"": null, ""5"": null, ""6"": null, ""7"": null}","{""0"": 250, ""1"": 250}",250,1,0,0,0,0.304,ultrasonic-not-close,KEEP_PAUSED,left,right,,0
84,2026-08-01T16:17:20.522+09:00,9.913,83,8.48,0,DRIVING,,0,1,0,-0.041474,0.074610,0.074610,0,741,unknown,0,unknown,0.000000,null,0.000000,0.301,,"{""0"": 250, ""1"": 250, ""2"": null, ""3"": null, ""4"": null, ""5"": null, ""6"": null, ""7"": null}","{""0"": 0.0, ""1"": 0.0, ""2"": null, ""3"": null, ""4"": null, ""5"": null, ""6"": null, ""7"": null}","{""0"": 250, ""1"": 250}",250,1,0,0,0,0.301,ultrasonic-not-close,KEEP_PAUSED,left,right,,0
85,2026-08-01T16:17:20.645+09:00,10.036,84,8.48,0,DRIVING,,0,1,0,-0.041474,0.074623,0.074623,0,741,unknown,0,unknown,0.000000,null,0.000000,0.422,,"{""0"": 250, ""1"": 250, ""2"": null, ""3"": null, ""4"": null, ""5"": null, ""6"": null, ""7"": null}","{""0"": 0.0, ""1"": 0.0, ""2"": null, ""3"": null, ""4"": null, ""5"": null, ""6"": null, ""7"": null}","{""0"": 250, ""1"": 250}",250,1,0,0,0,0.422,ultrasonic-not-close,KEEP_PAUSED,left,right,,0
86,2026-08-01T16:17:20.757+09:00,10.148,85,8.48,0,DRIVING,,0,1,0,-0.041474,0.074632,0.074632,0,741,unknown,0,unknown,0.000000,null,0.000000,0.313,,"{""0"": 250, ""1"": 250, ""2"": null, ""3"": null, ""4"": null, ""5"": null, ""6"": null, ""7"": null}","{""0"": 0.0, ""1"": 0.0, ""2"": null, ""3"": null, ""4"": null, ""5"": null, ""6"": null, ""7"": null}","{""0"": 250, ""1"": 250}",250,1,0,0,0,0.313,ultrasonic-not-close,KEEP_PAUSED,left,right,,0
87,2026-08-01T16:17:20.867+09:00,10.259,86,8.49,0,DRIVING,,0,1,0,-0.041474,0.074638,0.074638,0,741,unknown,0,unknown,0.000000,null,0.000000,0.317,,"{""0"": 250, ""1"": 250, ""2"": null, ""3"": null, ""4"": null, ""5"": null, ""6"": null, ""7"": null}","{""0"": 0.0, ""1"": 0.0, ""2"": null, ""3"": null, ""4"": null, ""5"": null, ""6"": null, ""7"": null}","{""0"": 250, ""1"": 250}",250,1,0,0,0,0.317,ultrasonic-not-close,KEEP_PAUSED,left,right,,0
88,2026-08-01T16:17:20.987+09:00,10.378,87,8.49,0,DRIVING,,0,1,0,-0.041474,0.074642,0.074642,0,742,unknown,0,unknown,0.000000,null,0.000000,0.436,,"{""0"": 250, ""1"": 250, ""2"": null, ""3"": null, ""4"": null, ""5"": null, ""6"": null, ""7"": null}","{""0"": 0.0, ""1"": 0.0, ""2"": null, ""3"": null, ""4"": null, ""5"": null, ""6"": null, ""7"": null}","{""0"": 250, ""1"": 250}",250,1,0,0,0,0.436,ultrasonic-not-close,KEEP_PAUSED,left,right,,0
89,2026-08-01T16:17:21.101+09:00,10.491,88,8.49,0,DRIVING,,0,1,0,-0.041474,0.074646,0.074646,0,741,unknown,0,unknown,0.000000,null,0.000000,0.315,,"{""0"": 250, ""1"": 250, ""2"": null, ""3"": null, ""4"": null, ""5"": null, ""6"": null, ""7"": null}","{""0"": 0.0, ""1"": 0.0, ""2"": null, ""3"": null, ""4"": null, ""5"": null, ""6"": null, ""7"": null}","{""0"": 250, ""1"": 250}",250,1,0,0,0,0.315,ultrasonic-not-close,KEEP_PAUSED,left,right,,0
90,2026-08-01T16:17:21.209+09:00,10.600,89,8.50,0,DRIVING,,0,1,0,-0.041474,0.074648,0.074648,0,741,unknown,0,unknown,0.000000,null,0.000000,0.313,,"{""0"": 250, ""1"": 250, ""2"": null, ""3"": null, ""4"": null, ""5"": null, ""6"": null, ""7"": null}","{""0"": 0.0, ""1"": 0.0, ""2"": null, ""3"": null, ""4"": null, ""5"": null, ""6"": null, ""7"": null}","{""0"": 250, ""1"": 250}",250,1,0,0,0,0.313,ultrasonic-not-close,KEEP_PAUSED,left,right,,0
91,2026-08-01T16:17:21.335+09:00,10.727,90,8.49,0,DRIVING,,0,1,0,-0.041474,0.074649,0.074649,0,742,unknown,0,unknown,0.000000,null,0.000000,0.205,,"{""0"": 250, ""1"": 250, ""2"": null, ""3"": null, ""4"": null, ""5"": null, ""6"": null, ""7"": null}","{""0"": 0.0, ""1"": 0.0, ""2"": null, ""3"": null, ""4"": null, ""5"": null, ""6"": null, ""7"": null}","{""0"": 250, ""1"": 250}",250,1,0,0,0,0.205,ultrasonic-not-close,KEEP_PAUSED,left,right,,0
92,2026-08-01T16:17:21.464+09:00,10.854,91,8.48,0,DRIVING,,0,1,0,-0.041474,0.074650,0.074650,0,741,unknown,0,unknown,0.000000,null,0.000000,0.330,,"{""0"": 250, ""1"": 250, ""2"": null, ""3"": null, ""4"": null, ""5"": null, ""6"": null, ""7"": null}","{""0"": 0.0, ""1"": 0.0, ""2"": null, ""3"": null, ""4"": null, ""5"": null, ""6"": null, ""7"": null}","{""0"": 250, ""1"": 250}",250,1,0,0,0,0.330,ultrasonic-not-close,KEEP_PAUSED,left,right,,0
93,2026-08-01T16:17:21.582+09:00,10.973,92,8.48,0,DRIVING,,0,1,0,-0.041474,0.074651,0.074651,0,741,unknown,0,unknown,0.000000,null,0.000000,0.344,,"{""0"": 250, ""1"": 250, ""2"": null, ""3"": null, ""4"": null, ""5"": null, ""6"": null, ""7"": null}","{""0"": 0.0, ""1"": 0.0, ""2"": null, ""3"": null, ""4"": null, ""5"": null, ""6"": null, ""7"": null}","{""0"": 250, ""1"": 250}",250,1,0,0,0,0.344,ultrasonic-not-close,KEEP_PAUSED,left,right,,0
94,2026-08-01T16:17:21.695+09:00,11.086,93,8.49,0,DRIVING,,0,1,0,-0.041474,0.074651,0.074651,0,742,unknown,0,unknown,0.000000,null,0.000000,0.203,,"{""0"": 250, ""1"": 250, ""2"": null, ""3"": null, ""4"": null, ""5"": null, ""6"": null, ""7"": null}","{""0"": 0.0, ""1"": 0.0, ""2"": null, ""3"": null, ""4"": null, ""5"": null, ""6"": null, ""7"": null}","{""0"": 250, ""1"": 250}",250,1,0,0,0,0.203,ultrasonic-not-close,KEEP_PAUSED,left,right,,0
95,2026-08-01T16:17:21.810+09:00,11.200,94,8.49,0,DRIVING,,0,1,0,-0.041474,0.074652,0.074652,0,740,unknown,0,unknown,0.000000,null,0.000000,0.315,,"{""0"": 250, ""1"": 250, ""2"": null, ""3"": null, ""4"": null, ""5"": null, ""6"": null, ""7"": null}","{""0"": 0.0, ""1"": 0.0, ""2"": null, ""3"": null, ""4"": null, ""5"": null, ""6"": null, ""7"": null}","{""0"": 250, ""1"": 250}",250,1,0,0,0,0.315,ultrasonic-not-close,KEEP_PAUSED,left,right,,0
96,2026-08-01T16:17:21.924+09:00,11.315,95,8.49,0,DRIVING,,0,1,0,-0.041474,0.074652,0.074652,0,743,unknown,0,unknown,0.000000,null,0.000000,0.313,,"{""0"": 250, ""1"": 250, ""2"": null, ""3"": null, ""4"": null, ""5"": null, ""6"": null, ""7"": null}","{""0"": 0.0, ""1"": 0.0, ""2"": null, ""3"": null, ""4"": null, ""5"": null, ""6"": null, ""7"": null}","{""0"": 250, ""1"": 250}",250,1,0,0,0,0.313,ultrasonic-not-close,KEEP_PAUSED,left,right,,0
97,2026-08-01T16:17:22.051+09:00,11.442,96,8.48,0,DRIVING,,0,1,0,-0.041474,0.074652,0.074652,0,742,unknown,0,unknown,0.000000,null,0.000000,0.327,,"{""0"": 250, ""1"": 250, ""2"": null, ""3"": null, ""4"": null, ""5"": null, ""6"": null, ""7"": null}","{""0"": 0.0, ""1"": 0.0, ""2"": null, ""3"": null, ""4"": null, ""5"": null, ""6"": null, ""7"": null}","{""0"": 250, ""1"": 250}",250,1,0,0,0,0.327,ultrasonic-not-close,KEEP_PAUSED,left,right,,0
98,2026-08-01T16:17:22.167+09:00,11.558,97,8.49,0,DRIVING,,0,1,0,-0.041474,0.074652,0.074652,0,741,unknown,0,unknown,0.000000,null,0.000000,0.441,,"{""0"": 250, ""1"": 250, ""2"": null, ""3"": null, ""4"": null, ""5"": null, ""6"": null, ""7"": null}","{""0"": 0.0, ""1"": 0.0, ""2"": null, ""3"": null, ""4"": null, ""5"": null, ""6"": null, ""7"": null}","{""0"": 250, ""1"": 250}",250,1,0,0,0,0.441,ultrasonic-not-close,KEEP_PAUSED,left,right,,0
99,2026-08-01T16:17:22.280+09:00,11.671,98,8.49,0,DRIVING,,0,1,0,-0.041474,0.074652,0.074652,0,741,unknown,0,unknown,0.000000,null,0.000000,0.325,,"{""0"": 250, ""1"": 250, ""2"": null, ""3"": null, ""4"": null, ""5"": null, ""6"": null, ""7"": null}","{""0"": 0.0, ""1"": 0.0, ""2"": null, ""3"": null, ""4"": null, ""5"": null, ""6"": null, ""7"": null}","{""0"": 250, ""1"": 250}",250,1,0,0,0,0.325,ultrasonic-not-close,KEEP_PAUSED,left,right,,0
100,2026-08-01T16:17:22.389+09:00,11.781,99,8.50,0,DRIVING,,0,1,0,-0.041474,0.074652,0.074652,0,742,unknown,0,unknown,0.000000,null,0.000000,0.310,,"{""0"": 250, ""1"": 250, ""2"": null, ""3"": null, ""4"": null, ""5"": null, ""6"": null, ""7"": null}","{""0"": 0.0, ""1"": 0.0, ""2"": null, ""3"": null, ""4"": null, ""5"": null, ""6"": null, ""7"": null}","{""0"": 250, ""1"": 250}",250,1,0,0,0,0.310,ultrasonic-not-close,KEEP_PAUSED,left,right,,0
101,2026-08-01T16:17:22.505+09:00,11.897,100,8.50,0,DRIVING,,0,1,0,-0.041474,0.074653,0.074653,0,741,unknown,0,unknown,0.000000,null,0.000000,0.195,,"{""0"": 250, ""1"": 250, ""2"": null, ""3"": null, ""4"": null, ""5"": null, ""6"": null, ""7"": null}","{""0"": 0.0, ""1"": 0.0, ""2"": null, ""3"": null, ""4"": null, ""5"": null, ""6"": null, ""7"": null}","{""0"": 250, ""1"": 250}",250,1,0,0,0,0.195,ultrasonic-not-close,KEEP_PAUSED,left,right,,0
102,2026-08-01T16:17:22.621+09:00,12.012,101,8.50,0,DRIVING,,0,1,0,-0.041474,0.074653,0.074653,0,743,unknown,0,unknown,0.000000,null,0.000000,0.310,,"{""0"": 250, ""1"": 250, ""2"": null, ""3"": null, ""4"": null, ""5"": null, ""6"": null, ""7"": null}","{""0"": 0.0, ""1"": 0.0, ""2"": null, ""3"": null, ""4"": null, ""5"": null, ""6"": null, ""7"": null}","{""0"": 250, ""1"": 250}",250,1,0,0,0,0.310,ultrasonic-not-close,KEEP_PAUSED,left,right,,0
103,2026-08-01T16:17:22.730+09:00,12.122,102,8.50,0,DRIVING,,0,1,0,-0.041474,0.074653,0.074653,0,742,unknown,0,unknown,0.000000,null,0.000000,0.313,,"{""0"": 250, ""1"": 250, ""2"": null, ""3"": null, ""4"": null, ""5"": null, ""6"": null, ""7"": null}","{""0"": 0.0, ""1"": 0.0, ""2"": null, ""3"": null, ""4"": null, ""5"": null, ""6"": null, ""7"": null}","{""0"": 250, ""1"": 250}",250,1,0,0,0,0.313,ultrasonic-not-close,KEEP_PAUSED,left,right,,0
104,2026-08-01T16:17:22.855+09:00,12.246,103,8.50,0,DRIVING,,0,1,0,-0.041474,0.074653,0.074653,0,741,unknown,0,unknown,0.000000,null,0.000000,0.204,,"{""0"": 250, ""1"": 250, ""2"": null, ""3"": null, ""4"": null, ""5"": null, ""6"": null, ""7"": null}","{""0"": 0.0, ""1"": 0.0, ""2"": null, ""3"": null, ""4"": null, ""5"": null, ""6"": null, ""7"": null}","{""0"": 250, ""1"": 250}",250,1,0,0,0,0.204,ultrasonic-not-close,KEEP_PAUSED,left,right,,0
105,2026-08-01T16:17:22.976+09:00,12.366,104,8.50,0,DRIVING,,0,1,0,-0.041474,0.074653,0.074653,0,741,unknown,0,unknown,0.000000,null,0.000000,0.323,,"{""0"": 250, ""1"": 250, ""2"": null, ""3"": null, ""4"": null, ""5"": null, ""6"": null, ""7"": null}","{""0"": 0.0, ""1"": 0.0, ""2"": null, ""3"": null, ""4"": null, ""5"": null, ""6"": null, ""7"": null}","{""0"": 250, ""1"": 250}",250,1,0,0,0,0.323,ultrasonic-not-close,KEEP_PAUSED,left,right,,0
106,2026-08-01T16:17:23.090+09:00,12.481,105,8.50,0,DRIVING,,0,1,0,-0.041474,0.074653,0.074653,0,741,unknown,0,unknown,0.000000,null,0.000000,0.329,,"{""0"": 250, ""1"": 250, ""2"": null, ""3"": null, ""4"": null, ""5"": null, ""6"": null, ""7"": null}","{""0"": 0.0, ""1"": 0.0, ""2"": null, ""3"": null, ""4"": null, ""5"": null, ""6"": null, ""7"": null}","{""0"": 250, ""1"": 250}",250,1,0,0,0,0.329,ultrasonic-not-close,KEEP_PAUSED,left,right,,0
107,2026-08-01T16:17:23.206+09:00,12.598,106,8.50,0,DRIVING,,0,1,0,-0.041474,0.074653,0.074653,0,740,unknown,0,unknown,0.000000,null,0.000000,0.324,,"{""0"": 250, ""1"": 250, ""2"": null, ""3"": null, ""4"": null, ""5"": null, ""6"": null, ""7"": null}","{""0"": 0.0, ""1"": 0.0, ""2"": null, ""3"": null, ""4"": null, ""5"": null, ""6"": null, ""7"": null}","{""0"": 250, ""1"": 250}",250,1,0,0,0,0.324,ultrasonic-not-close,KEEP_PAUSED,left,right,,0
108,2026-08-01T16:17:23.323+09:00,12.714,107,8.50,0,DRIVING,,0,1,0,-0.041474,0.074653,0.074653,0,741,unknown,0,unknown,0.000000,null,0.000000,0.439,,"{""0"": 250, ""1"": 250, ""2"": null, ""3"": null, ""4"": null, ""5"": null, ""6"": null, ""7"": null}","{""0"": 0.0, ""1"": 0.0, ""2"": null, ""3"": null, ""4"": null, ""5"": null, ""6"": null, ""7"": null}","{""0"": 250, ""1"": 250}",250,1,0,0,0,0.439,ultrasonic-not-close,KEEP_PAUSED,left,right,,0
109,2026-08-01T16:17:23.434+09:00,12.825,108,8.51,0,DRIVING,,0,1,0,-0.041474,0.074653,0.074653,0,740,unknown,0,unknown,0.000000,null,0.000000,0.314,,"{""0"": 250, ""1"": 250, ""2"": null, ""3"": null, ""4"": null, ""5"": null, ""6"": null, ""7"": null}","{""0"": 0.0, ""1"": 0.0, ""2"": null, ""3"": null, ""4"": null, ""5"": null, ""6"": null, ""7"": null}","{""0"": 250, ""1"": 250}",250,1,0,0,0,0.314,ultrasonic-not-close,KEEP_PAUSED,left,right,,0
110,2026-08-01T16:17:23.542+09:00,12.933,109,8.51,0,DRIVING,,0,1,0,-0.041474,0.074653,0.074653,0,741,unknown,0,unknown,0.000000,null,0.000000,0.306,,"{""0"": 250, ""1"": 250, ""2"": null, ""3"": null, ""4"": null, ""5"": null, ""6"": null, ""7"": null}","{""0"": 0.0, ""1"": 0.0, ""2"": null, ""3"": null, ""4"": null, ""5"": null, ""6"": null, ""7"": null}","{""0"": 250, ""1"": 250}",250,1,0,0,0,0.306,ultrasonic-not-close,KEEP_PAUSED,left,right,,0
111,2026-08-01T16:17:23.663+09:00,13.055,110,8.51,0,DRIVING,,0,1,0,-0.041474,0.074653,0.074653,0,741,unknown,0,unknown,0.000000,null,0.000000,0.199,,"{""0"": 250, ""1"": 250, ""2"": null, ""3"": null, ""4"": null, ""5"": null, ""6"": null, ""7"": null}","{""0"": 0.0, ""1"": 0.0, ""2"": null, ""3"": null, ""4"": null, ""5"": null, ""6"": null, ""7"": null}","{""0"": 250, ""1"": 250}",250,1,0,0,0,0.199,ultrasonic-not-close,KEEP_PAUSED,left,right,,0
112,2026-08-01T16:17:23.784+09:00,13.175,111,8.51,0,DRIVING,,0,1,0,-0.041474,0.074653,0.074653,0,741,unknown,0,unknown,0.000000,null,0.000000,0.319,,"{""0"": 250, ""1"": 250, ""2"": null, ""3"": null, ""4"": null, ""5"": null, ""6"": null, ""7"": null}","{""0"": 0.0, ""1"": 0.0, ""2"": null, ""3"": null, ""4"": null, ""5"": null, ""6"": null, ""7"": null}","{""0"": 250, ""1"": 250}",250,1,0,0,0,0.319,ultrasonic-not-close,KEEP_PAUSED,left,right,,0
113,2026-08-01T16:17:23.903+09:00,13.294,112,8.51,0,DRIVING,,0,1,0,-0.041474,0.074653,0.074653,0,741,unknown,0,unknown,0.000000,null,0.000000,0.331,,"{""0"": 250, ""1"": 250, ""2"": null, ""3"": null, ""4"": null, ""5"": null, ""6"": null, ""7"": null}","{""0"": 0.0, ""1"": 0.0, ""2"": null, ""3"": null, ""4"": null, ""5"": null, ""6"": null, ""7"": null}","{""0"": 250, ""1"": 250}",250,1,0,0,0,0.331,ultrasonic-not-close,KEEP_PAUSED,left,right,,0
114,2026-08-01T16:17:24.014+09:00,13.405,113,8.51,0,DRIVING,,0,1,0,-0.041474,0.074653,0.074653,0,740,unknown,0,unknown,0.000000,null,0.000000,0.322,,"{""0"": 250, ""1"": 250, ""2"": null, ""3"": null, ""4"": null, ""5"": null, ""6"": null, ""7"": null}","{""0"": 0.0, ""1"": 0.0, ""2"": null, ""3"": null, ""4"": null, ""5"": null, ""6"": null, ""7"": null}","{""0"": 250, ""1"": 250}",250,1,0,0,0,0.322,ultrasonic-not-close,KEEP_PAUSED,left,right,,0
115,2026-08-01T16:17:24.140+09:00,13.531,114,8.51,0,DRIVING,,0,1,0,-0.041474,0.074653,0.074653,0,741,unknown,0,unknown,0.000000,null,0.000000,0.449,,"{""0"": 250, ""1"": 250, ""2"": null, ""3"": null, ""4"": null, ""5"": null, ""6"": null, ""7"": null}","{""0"": 0.0, ""1"": 0.0, ""2"": null, ""3"": null, ""4"": null, ""5"": null, ""6"": null, ""7"": null}","{""0"": 250, ""1"": 250}",250,1,0,0,0,0.449,ultrasonic-not-close,KEEP_PAUSED,left,right,,0
116,2026-08-01T16:17:24.252+09:00,13.643,115,8.51,0,DRIVING,,0,1,0,-0.041474,0.074653,0.074653,0,741,unknown,0,unknown,0.000000,null,0.000000,0.320,,"{""0"": 250, ""1"": 250, ""2"": null, ""3"": null, ""4"": null, ""5"": null, ""6"": null, ""7"": null}","{""0"": 0.0, ""1"": 0.0, ""2"": null, ""3"": null, ""4"": null, ""5"": null, ""6"": null, ""7"": null}","{""0"": 250, ""1"": 250}",250,1,0,0,0,0.320,ultrasonic-not-close,KEEP_PAUSED,left,right,,0
117,2026-08-01T16:17:24.367+09:00,13.759,116,8.51,0,DRIVING,,0,1,0,-0.041474,0.074653,0.074653,0,741,unknown,0,unknown,0.000000,null,0.000000,0.324,,"{""0"": 250, ""1"": 250, ""2"": null, ""3"": null, ""4"": null, ""5"": null, ""6"": null, ""7"": null}","{""0"": 0.0, ""1"": 0.0, ""2"": null, ""3"": null, ""4"": null, ""5"": null, ""6"": null, ""7"": null}","{""0"": 250, ""1"": 250}",250,1,0,0,0,0.324,ultrasonic-not-close,KEEP_PAUSED,left,right,,0
118,2026-08-01T16:17:24.487+09:00,13.878,117,8.51,0,DRIVING,,0,1,0,-0.041474,0.074653,0.074653,0,740,unknown,0,unknown,0.000000,null,0.000000,0.205,,"{""0"": 250, ""1"": 250, ""2"": null, ""3"": null, ""4"": null, ""5"": null, ""6"": null, ""7"": null}","{""0"": 0.0, ""1"": 0.0, ""2"": null, ""3"": null, ""4"": null, ""5"": null, ""6"": null, ""7"": null}","{""0"": 250, ""1"": 250}",250,1,0,0,0,0.205,ultrasonic-not-close,KEEP_PAUSED,left,right,,0
119,2026-08-01T16:17:24.602+09:00,13.993,118,8.51,0,DRIVING,,0,1,0,-0.041474,0.074653,0.074653,0,741,unknown,0,unknown,0.000000,null,0.000000,0.319,,"{""0"": 250, ""1"": 250, ""2"": null, ""3"": null, ""4"": null, ""5"": null, ""6"": null, ""7"": null}","{""0"": 0.0, ""1"": 0.0, ""2"": null, ""3"": null, ""4"": null, ""5"": null, ""6"": null, ""7"": null}","{""0"": 250, ""1"": 250}",250,1,0,0,0,0.319,ultrasonic-not-close,KEEP_PAUSED,left,right,,0
120,2026-08-01T16:17:24.707+09:00,14.099,119,8.52,0,DRIVING,,0,1,0,-0.041474,0.074653,0.074653,0,741,unknown,0,unknown,0.000000,null,0.000000,0.312,,"{""0"": 250, ""1"": 250, ""2"": null, ""3"": null, ""4"": null, ""5"": null, ""6"": null, ""7"": null}","{""0"": 0.0, ""1"": 0.0, ""2"": null, ""3"": null, ""4"": null, ""5"": null, ""6"": null, ""7"": null}","{""0"": 250, ""1"": 250}",250,1,0,0,0,0.312,ultrasonic-not-close,KEEP_PAUSED,left,right,,0
121,2026-08-01T16:17:24.818+09:00,14.210,120,8.52,0,DRIVING,,0,1,0,-0.041474,0.074653,0.074653,0,741,unknown,0,unknown,0.000000,null,0.000000,0.303,,"{""0"": 250, ""1"": 250, ""2"": null, ""3"": null, ""4"": null, ""5"": null, ""6"": null, ""7"": null}","{""0"": 0.0, ""1"": 0.0, ""2"": null, ""3"": null, ""4"": null, ""5"": null, ""6"": null, ""7"": null}","{""0"": 250, ""1"": 250}",250,1,0,0,0,0.303,ultrasonic-not-close,KEEP_PAUSED,left,right,,0
122,2026-08-01T16:17:24.927+09:00,14.318,121,8.53,0,DRIVING,,0,1,0,-0.041474,0.074653,0.074653,0,742,unknown,0,unknown,0.000000,null,0.000000,0.410,,"{""0"": 250, ""1"": 250, ""2"": null, ""3"": null, ""4"": null, ""5"": null, ""6"": null, ""7"": null}","{""0"": 0.0, ""1"": 0.0, ""2"": null, ""3"": null, ""4"": null, ""5"": null, ""6"": null, ""7"": null}","{""0"": 250, ""1"": 250}",250,1,0,0,0,0.410,ultrasonic-not-close,KEEP_PAUSED,left,right,,0
123,2026-08-01T16:17:25.036+09:00,14.427,122,8.53,0,DRIVING,,0,1,0,-0.041474,0.074653,0.074653,0,741,unknown,0,unknown,0.000000,null,0.000000,0.297,,"{""0"": 250, ""1"": 250, ""2"": null, ""3"": null, ""4"": null, ""5"": null, ""6"": null, ""7"": null}","{""0"": 0.0, ""1"": 0.0, ""2"": null, ""3"": null, ""4"": null, ""5"": null, ""6"": null, ""7"": null}","{""0"": 250, ""1"": 250}",250,1,0,0,0,0.297,ultrasonic-not-close,KEEP_PAUSED,left,right,,0
124,2026-08-01T16:17:25.158+09:00,14.549,123,8.53,0,DRIVING,,0,1,0,-0.041474,0.074653,0.074653,0,741,unknown,0,unknown,0.000000,null,0.000000,0.311,,"{""0"": 250, ""1"": 250, ""2"": null, ""3"": null, ""4"": null, ""5"": null, ""6"": null, ""7"": null}","{""0"": 0.0, ""1"": 0.0, ""2"": null, ""3"": null, ""4"": null, ""5"": null, ""6"": null, ""7"": null}","{""0"": 250, ""1"": 250}",250,1,0,0,0,0.311,ultrasonic-not-close,KEEP_PAUSED,left,right,,0
125,2026-08-01T16:17:25.278+09:00,14.669,124,8.53,0,DRIVING,,0,1,0,-0.041474,0.074653,0.074653,0,741,unknown,0,unknown,0.000000,null,0.000000,0.429,,"{""0"": 250, ""1"": 250, ""2"": null, ""3"": null, ""4"": null, ""5"": null, ""6"": null, ""7"": null}","{""0"": 0.0, ""1"": 0.0, ""2"": null, ""3"": null, ""4"": null, ""5"": null, ""6"": null, ""7"": null}","{""0"": 250, ""1"": 250}",250,1,0,0,0,0.429,ultrasonic-not-close,KEEP_PAUSED,left,right,,0
126,2026-08-01T16:17:25.389+09:00,14.780,125,8.53,0,DRIVING,,0,1,0,-0.041474,0.074653,0.074653,0,741,unknown,0,unknown,0.000000,null,0.000000,0.323,,"{""0"": 250, ""1"": 250, ""2"": null, ""3"": null, ""4"": null, ""5"": null, ""6"": null, ""7"": null}","{""0"": 0.0, ""1"": 0.0, ""2"": null, ""3"": null, ""4"": null, ""5"": null, ""6"": null, ""7"": null}","{""0"": 250, ""1"": 250}",250,1,0,0,0,0.323,ultrasonic-not-close,KEEP_PAUSED,left,right,,0
127,2026-08-01T16:17:25.500+09:00,14.890,126,8.53,0,DRIVING,,0,1,0,-0.041474,0.074653,0.074653,0,742,unknown,0,unknown,0.000000,null,0.000000,0.312,,"{""0"": 250, ""1"": 250, ""2"": null, ""3"": null, ""4"": null, ""5"": null, ""6"": null, ""7"": null}","{""0"": 0.0, ""1"": 0.0, ""2"": null, ""3"": null, ""4"": null, ""5"": null, ""6"": null, ""7"": null}","{""0"": 250, ""1"": 250}",250,1,0,0,0,0.312,ultrasonic-not-close,KEEP_PAUSED,left,right,,0
128,2026-08-01T16:17:25.614+09:00,15.005,127,8.54,0,DRIVING,,0,1,0,-0.041474,0.074653,0.074653,0,741,unknown,0,unknown,0.000000,null,0.000000,0.195,,"{""0"": 250, ""1"": 250, ""2"": null, ""3"": null, ""4"": null, ""5"": null, ""6"": null, ""7"": null}","{""0"": 0.0, ""1"": 0.0, ""2"": null, ""3"": null, ""4"": null, ""5"": null, ""6"": null, ""7"": null}","{""0"": 250, ""1"": 250}",250,1,0,0,0,0.195,ultrasonic-not-close,KEEP_PAUSED,left,right,,0
129,2026-08-01T16:17:25.730+09:00,15.122,128,8.54,0,DRIVING,,0,1,0,-0.041474,0.074653,0.074653,0,741,unknown,0,unknown,0.000000,null,0.000000,0.310,,"{""0"": 250, ""1"": 250, ""2"": null, ""3"": null, ""4"": null, ""5"": null, ""6"": null, ""7"": null}","{""0"": 0.0, ""1"": 0.0, ""2"": null, ""3"": null, ""4"": null, ""5"": null, ""6"": null, ""7"": null}","{""0"": 250, ""1"": 250}",250,1,0,0,0,0.310,ultrasonic-not-close,KEEP_PAUSED,left,right,,0
130,2026-08-01T16:17:25.848+09:00,15.240,129,8.54,0,DRIVING,,0,1,0,-0.041474,0.074653,0.074653,0,741,unknown,0,unknown,0.000000,null,0.000000,0.319,,"{""0"": 250, ""1"": 250, ""2"": null, ""3"": null, ""4"": null, ""5"": null, ""6"": null, ""7"": null}","{""0"": 0.0, ""1"": 0.0, ""2"": null, ""3"": null, ""4"": null, ""5"": null, ""6"": null, ""7"": null}","{""0"": 250, ""1"": 250}",250,1,0,0,0,0.319,ultrasonic-not-close,KEEP_PAUSED,left,right,,0
131,2026-08-01T16:17:25.964+09:00,15.355,130,8.54,0,DRIVING,,0,1,0,-0.041474,0.074653,0.074653,0,741,unknown,0,unknown,0.000000,null,0.000000,0.203,,"{""0"": 250, ""1"": 250, ""2"": null, ""3"": null, ""4"": null, ""5"": null, ""6"": null, ""7"": null}","{""0"": 0.0, ""1"": 0.0, ""2"": null, ""3"": null, ""4"": null, ""5"": null, ""6"": null, ""7"": null}","{""0"": 250, ""1"": 250}",250,1,0,0,0,0.203,ultrasonic-not-close,KEEP_PAUSED,left,right,,0
132,2026-08-01T16:17:26.075+09:00,15.466,131,8.54,0,DRIVING,,0,1,0,-0.041474,0.074653,0.074653,0,741,unknown,0,unknown,0.000000,null,0.000000,0.312,,"{""0"": 250, ""1"": 250, ""2"": null, ""3"": null, ""4"": null, ""5"": null, ""6"": null, ""7"": null}","{""0"": 0.0, ""1"": 0.0, ""2"": null, ""3"": null, ""4"": null, ""5"": null, ""6"": null, ""7"": null}","{""0"": 250, ""1"": 250}",250,1,0,0,0,0.312,ultrasonic-not-close,KEEP_PAUSED,left,right,,0
133,2026-08-01T16:17:26.189+09:00,15.579,132,8.54,1,DRIVING,phase:KEEP_PAUSED->KEEP,0,1,0,-0.041474,0.074653,0.074653,70,741,unknown,0,unknown,0.000000,null,0.000000,0.311,,"{""0"": 250, ""1"": 250, ""2"": null, ""3"": null, ""4"": null, ""5"": null, ""6"": null, ""7"": null}","{""0"": 0.0, ""1"": 0.0, ""2"": null, ""3"": null, ""4"": null, ""5"": null, ""6"": null, ""7"": null}","{""0"": 250, ""1"": 250}",250,1,0,0,0,0.311,ultrasonic-not-close,KEEP,left,right,,0
134,2026-08-01T16:17:26.306+09:00,15.697,133,8.54,1,DRIVING,,0,1,0,-0.041474,0.074653,0.074653,70,741,unknown,0,unknown,0.000000,null,0.000000,0.313,,"{""0"": 250, ""1"": 250, ""2"": null, ""3"": null, ""4"": null, ""5"": null, ""6"": null, ""7"": null}","{""0"": 0.0, ""1"": 0.0, ""2"": null, ""3"": null, ""4"": null, ""5"": null, ""6"": null, ""7"": null}","{""0"": 250, ""1"": 250}",250,1,0,0,0,0.313,ultrasonic-not-close,KEEP,left,right,,0
135,2026-08-01T16:17:26.419+09:00,15.811,134,8.54,1,DRIVING,,0,1,0,-0.041474,0.074653,0.074653,70,742,unknown,0,unknown,0.000000,null,0.000000,0.200,,"{""0"": 250, ""1"": 250, ""2"": null, ""3"": null, ""4"": null, ""5"": null, ""6"": null, ""7"": null}","{""0"": 0.0, ""1"": 0.0, ""2"": null, ""3"": null, ""4"": null, ""5"": null, ""6"": null, ""7"": null}","{""0"": 250, ""1"": 250}",250,1,0,0,0,0.200,ultrasonic-not-close,KEEP,left,right,,0
136,2026-08-01T16:17:26.531+09:00,15.922,135,8.55,1,DRIVING,,0,1,0,-0.041841,0.075976,0.075976,70,744,unknown,0,unknown,0.000000,null,0.000000,0.310,,"{""0"": 250, ""1"": 250, ""2"": null, ""3"": null, ""4"": null, ""5"": null, ""6"": null, ""7"": null}","{""0"": 0.0, ""1"": 0.0, ""2"": null, ""3"": null, ""4"": null, ""5"": null, ""6"": null, ""7"": null}","{""0"": 250, ""1"": 250}",250,1,0,0,0,0.310,ultrasonic-not-close,KEEP,left,right,,0
137,2026-08-01T16:17:26.654+09:00,16.045,136,8.54,1,DRIVING,,0,1,0,-0.043045,0.080110,0.080110,70,744,unknown,0,unknown,0.000000,null,0.000000,0.319,,"{""0"": 250, ""1"": 250, ""2"": null, ""3"": null, ""4"": null, ""5"": null, ""6"": null, ""7"": null}","{""0"": 0.0, ""1"": 0.0, ""2"": null, ""3"": null, ""4"": null, ""5"": null, ""6"": null, ""7"": null}","{""0"": 250, ""1"": 250}",250,1,0,0,0,0.319,ultrasonic-not-close,KEEP,left,right,,0
138,2026-08-01T16:17:26.770+09:00,16.161,137,8.54,1,DRIVING,,0,1,0,-0.047587,0.095672,0.095672,70,744,unknown,0,unknown,0.000000,null,0.000000,0.210,,"{""0"": 250, ""1"": 250, ""2"": null, ""3"": null, ""4"": null, ""5"": null, ""6"": null, ""7"": null}","{""0"": 0.0, ""1"": 0.0, ""2"": null, ""3"": null, ""4"": null, ""5"": null, ""6"": null, ""7"": null}","{""0"": 250, ""1"": 250}",250,1,0,0,0,0.210,ultrasonic-not-close,KEEP,left,right,,0
139,2026-08-01T16:17:26.894+09:00,16.284,138,8.54,1,DRIVING,,0,1,0,-0.050961,0.104814,0.104814,70,743,unknown,0,unknown,0.000000,null,0.000000,0.331,,"{""0"": 250, ""1"": 250, ""2"": null, ""3"": null, ""4"": null, ""5"": null, ""6"": null, ""7"": null}","{""0"": 0.0, ""1"": 0.0, ""2"": null, ""3"": null, ""4"": null, ""5"": null, ""6"": null, ""7"": null}","{""0"": 250, ""1"": 250}",250,1,0,0,0,0.331,ultrasonic-not-close,KEEP,left,right,,0
140,2026-08-01T16:17:27.008+09:00,16.399,139,8.54,1,DRIVING,,0,1,0,-0.062462,0.142293,0.142293,70,742,unknown,0,unknown,0.000000,null,0.000000,0.326,,"{""0"": 250, ""1"": 250, ""2"": null, ""3"": null, ""4"": null, ""5"": null, ""6"": null, ""7"": null}","{""0"": 0.0, ""1"": 0.0, ""2"": null, ""3"": null, ""4"": null, ""5"": null, ""6"": null, ""7"": null}","{""0"": 250, ""1"": 250}",250,1,0,0,0,0.326,ultrasonic-not-close,KEEP,left,right,,0
141,2026-08-01T16:17:27.123+09:00,16.514,140,8.54,1,DRIVING,,0,1,0,-0.068486,0.155021,0.155021,70,748,unknown,0,unknown,0.000000,null,0.000000,0.324,,"{""0"": 250, ""1"": 250, ""2"": null, ""3"": null, ""4"": null, ""5"": null, ""6"": null, ""7"": null}","{""0"": 0.0, ""1"": 0.0, ""2"": null, ""3"": null, ""4"": null, ""5"": null, ""6"": null, ""7"": null}","{""0"": 250, ""1"": 250}",250,1,0,0,0,0.324,ultrasonic-not-close,KEEP,left,right,,0
142,2026-08-01T16:17:27.243+09:00,16.635,141,8.54,1,DRIVING,,0,1,0,-0.082757,0.196872,0.196872,70,749,unknown,0,unknown,0.000000,null,0.000000,0.445,,"{""0"": 250, ""1"": 250, ""2"": null, ""3"": null, ""4"": null, ""5"": null, ""6"": null, ""7"": null}","{""0"": 0.0, ""1"": 0.0, ""2"": null, ""3"": null, ""4"": null, ""5"": null, ""6"": null, ""7"": null}","{""0"": 250, ""1"": 250}",250,1,0,0,0,0.445,ultrasonic-not-close,KEEP,left,right,,0
143,2026-08-01T16:17:27.357+09:00,16.747,142,8.54,1,DRIVING,,0,1,0,-0.095089,0.226896,0.226896,70,749,unknown,0,unknown,0.000000,null,0.000000,0.317,,"{""0"": 250, ""1"": 250, ""2"": null, ""3"": null, ""4"": null, ""5"": null, ""6"": null, ""7"": null}","{""0"": 0.0, ""1"": 0.0, ""2"": null, ""3"": null, ""4"": null, ""5"": null, ""6"": null, ""7"": null}","{""0"": 250, ""1"": 250}",250,1,0,0,0,0.317,ultrasonic-not-close,KEEP,left,right,,0
144,2026-08-01T16:17:27.475+09:00,16.866,143,8.54,1,DRIVING,,0,1,0,-0.094586,0.208363,0.208363,70,755,unknown,0,unknown,0.000000,null,0.000000,0.323,,"{""0"": 250, ""1"": 250, ""2"": null, ""3"": null, ""4"": null, ""5"": null, ""6"": null, ""7"": null}","{""0"": 0.0, ""1"": 0.0, ""2"": null, ""3"": null, ""4"": null, ""5"": null, ""6"": null, ""7"": null}","{""0"": 250, ""1"": 250}",250,1,0,0,0,0.323,ultrasonic-not-close,KEEP,left,right,,0
145,2026-08-01T16:17:27.586+09:00,16.979,144,8.55,1,DRIVING,,0,1,0,-0.101289,0.221061,0.221061,70,754,unknown,0,unknown,0.000000,null,0.000000,0.200,,"{""0"": 250, ""1"": 250, ""2"": null, ""3"": null, ""4"": null, ""5"": null, ""6"": null, ""7"": null}","{""0"": 0.0, ""1"": 0.0, ""2"": null, ""3"": null, ""4"": null, ""5"": null, ""6"": null, ""7"": null}","{""0"": 250, ""1"": 250}",250,1,0,0,0,0.200,ultrasonic-not-close,KEEP,left,right,,0
146,2026-08-01T16:17:27.699+09:00,17.090,145,8.55,1,DRIVING,,0,1,0,-0.107844,0.233039,0.233039,70,756,unknown,0,unknown,0.000000,null,0.000000,0.309,,"{""0"": 250, ""1"": 250, ""2"": null, ""3"": null, ""4"": null, ""5"": null, ""6"": null, ""7"": null}","{""0"": 0.0, ""1"": 0.0, ""2"": null, ""3"": null, ""4"": null, ""5"": null, ""6"": null, ""7"": null}","{""0"": 250, ""1"": 250}",250,1,0,0,0,0.309,ultrasonic-not-close,KEEP,left,right,,0
147,2026-08-01T16:17:27.804+09:00,17.196,146,8.55,1,DRIVING,,0,1,0,-0.111874,0.235869,0.235869,70,756,unknown,0,unknown,0.000000,null,0.000000,0.301,,"{""0"": 250, ""1"": 250, ""2"": null, ""3"": null, ""4"": null, ""5"": null, ""6"": null, ""7"": null}","{""0"": 0.0, ""1"": 0.0, ""2"": null, ""3"": null, ""4"": null, ""5"": null, ""6"": null, ""7"": null}","{""0"": 250, ""1"": 250}",250,1,0,0,0,0.301,ultrasonic-not-close,KEEP,left,right,,0
148,2026-08-01T16:17:27.914+09:00,17.305,147,8.56,1,DRIVING,,0,1,0,-0.121527,0.260271,0.260271,70,757,unknown,0,unknown,0.000000,null,0.000000,0.300,,"{""0"": 250, ""1"": 250, ""2"": null, ""3"": null, ""4"": null, ""5"": null, ""6"": null, ""7"": null}","{""0"": 0.0, ""1"": 0.0, ""2"": null, ""3"": null, ""4"": null, ""5"": null, ""6"": null, ""7"": null}","{""0"": 250, ""1"": 250}",250,1,0,0,0,0.300,ultrasonic-not-close,KEEP,left,right,,0
149,2026-08-01T16:17:28.032+09:00,17.423,148,8.56,1,DRIVING,,0,1,0,-0.121346,0.247163,0.247163,70,756,unknown,0,unknown,0.000000,null,0.000000,0.416,,"{""0"": 250, ""1"": 250, ""2"": null, ""3"": null, ""4"": null, ""5"": null, ""6"": null, ""7"": null}","{""0"": 0.0, ""1"": 0.0, ""2"": null, ""3"": null, ""4"": null, ""5"": null, ""6"": null, ""7"": null}","{""0"": 250, ""1"": 250}",250,1,0,0,0,0.416,ultrasonic-not-close,KEEP,left,right,,0
150,2026-08-01T16:17:28.141+09:00,17.532,149,8.56,1,DRIVING,,0,1,0,-0.124458,0.249746,0.249746,70,756,unknown,0,unknown,0.000000,null,0.000000,0.307,,"{""0"": 250, ""1"": 250, ""2"": null, ""3"": null, ""4"": null, ""5"": null, ""6"": null, ""7"": null}","{""0"": 0.0, ""1"": 0.0, ""2"": null, ""3"": null, ""4"": null, ""5"": null, ""6"": null, ""7"": null}","{""0"": 250, ""1"": 250}",250,1,0,0,0,0.307,ultrasonic-not-close,KEEP,left,right,,0
151,2026-08-01T16:17:28.263+09:00,17.654,150,8.56,1,DRIVING,,0,1,0,-0.129296,0.259446,0.259446,70,757,unknown,0,unknown,0.000000,null,0.000000,0.319,,"{""0"": 250, ""1"": 250, ""2"": null, ""3"": null, ""4"": null, ""5"": null, ""6"": null, ""7"": null}","{""0"": 0.0, ""1"": 0.0, ""2"": null, ""3"": null, ""4"": null, ""5"": null, ""6"": null, ""7"": null}","{""0"": 250, ""1"": 250}",250,1,0,0,0,0.319,ultrasonic-not-close,KEEP,left,right,,0
152,2026-08-01T16:17:28.378+09:00,17.769,151,8.56,1,DRIVING,,0,1,0,-0.132002,0.261173,0.261173,70,758,unknown,0,unknown,0.000000,null,0.000000,0.433,,"{""0"": 250, ""1"": 250, ""2"": null, ""3"": null, ""4"": null, ""5"": null, ""6"": null, ""7"": null}","{""0"": 0.0, ""1"": 0.0, ""2"": null, ""3"": null, ""4"": null, ""5"": null, ""6"": null, ""7"": null}","{""0"": 250, ""1"": 250}",250,1,0,0,0,0.433,ultrasonic-not-close,KEEP,left,right,,0
153,2026-08-01T16:17:28.484+09:00,17.876,152,8.56,1,DRIVING,,0,1,0,-0.133522,0.259573,0.259573,70,756,unknown,0,unknown,0.000000,null,0.000000,0.314,,"{""0"": 250, ""1"": 250, ""2"": null, ""3"": null, ""4"": null, ""5"": null, ""6"": null, ""7"": null}","{""0"": 0.0, ""1"": 0.0, ""2"": null, ""3"": null, ""4"": null, ""5"": null, ""6"": null, ""7"": null}","{""0"": 250, ""1"": 250}",250,1,0,0,0,0.314,ultrasonic-not-close,KEEP,left,right,,0
154,2026-08-01T16:17:28.597+09:00,17.989,153,8.57,1,DRIVING,,0,1,0,-0.137627,0.268583,0.268583,70,757,unknown,0,unknown,0.000000,null,0.000000,0.306,,"{""0"": 250, ""1"": 250, ""2"": null, ""3"": null, ""4"": null, ""5"": null, ""6"": null, ""7"": null}","{""0"": 0.0, ""1"": 0.0, ""2"": null, ""3"": null, ""4"": null, ""5"": null, ""6"": null, ""7"": null}","{""0"": 250, ""1"": 250}",250,1,0,0,0,0.306,ultrasonic-not-close,KEEP,left,right,,0
155,2026-08-01T16:17:28.708+09:00,18.100,154,8.57,1,DRIVING,,0,1,0,-0.139482,0.269004,0.269004,70,757,unknown,0,unknown,0.000000,null,0.000000,0.195,,"{""0"": 250, ""1"": 250, ""2"": null, ""3"": null, ""4"": null, ""5"": null, ""6"": null, ""7"": null}","{""0"": 0.0, ""1"": 0.0, ""2"": null, ""3"": null, ""4"": null, ""5"": null, ""6"": null, ""7"": null}","{""0"": 250, ""1"": 250}",250,1,0,0,0,0.195,ultrasonic-not-close,KEEP,left,right,,0
156,2026-08-01T16:17:28.820+09:00,18.211,155,8.57,1,DRIVING,,0,1,0,-0.147230,0.291518,0.291518,70,759,unknown,0,unknown,0.000000,null,0.000000,0.305,,"{""0"": 250, ""1"": 250, ""2"": null, ""3"": null, ""4"": null, ""5"": null, ""6"": null, ""7"": null}","{""0"": 0.0, ""1"": 0.0, ""2"": null, ""3"": null, ""4"": null, ""5"": null, ""6"": null, ""7"": null}","{""0"": 250, ""1"": 250}",250,1,0,0,0,0.305,ultrasonic-not-close,KEEP,left,right,,0
157,2026-08-01T16:17:28.930+09:00,18.321,156,8.57,1,DRIVING,,0,1,0,-0.154117,0.308357,0.308357,70,758,unknown,0,unknown,0.000000,null,0.000000,0.304,,"{""0"": 250, ""1"": 250, ""2"": null, ""3"": null, ""4"": null, ""5"": null, ""6"": null, ""7"": null}","{""0"": 0.0, ""1"": 0.0, ""2"": null, ""3"": null, ""4"": null, ""5"": null, ""6"": null, ""7"": null}","{""0"": 250, ""1"": 250}",250,1,0,0,0,0.304,ultrasonic-not-close,KEEP,left,right,,0
158,2026-08-01T16:17:29.058+09:00,18.450,157,8.57,1,DRIVING,,0,1,0,-0.149527,0.282549,0.282549,70,761,unknown,0,unknown,0.000000,null,0.000000,0.208,,"{""0"": 250, ""1"": 250, ""2"": null, ""3"": null, ""4"": null, ""5"": null, ""6"": null, ""7"": null}","{""0"": 0.0, ""1"": 0.0, ""2"": null, ""3"": null, ""4"": null, ""5"": null, ""6"": null, ""7"": null}","{""0"": 250, ""1"": 250}",250,1,0,0,0,0.208,ultrasonic-not-close,KEEP,left,right,,0
159,2026-08-01T16:17:29.172+09:00,18.563,158,8.57,1,DRIVING,,0,1,0,-0.159118,0.313058,0.313058,70,760,unknown,0,unknown,0.000000,null,0.000000,0.321,,"{""0"": 250, ""1"": 250, ""2"": null, ""3"": null, ""4"": null, ""5"": null, ""6"": null, ""7"": null}","{""0"": 0.0, ""1"": 0.0, ""2"": null, ""3"": null, ""4"": null, ""5"": null, ""6"": null, ""7"": null}","{""0"": 250, ""1"": 250}",250,1,0,0,0,0.321,ultrasonic-not-close,KEEP,left,right,,0
160,2026-08-01T16:17:29.279+09:00,18.672,159,8.57,1,DRIVING,,0,1,0,-0.212736,0.498087,0.498087,70,761,unknown,0,unknown,0.000000,null,0.000000,0.321,,"{""0"": 250, ""1"": 250, ""2"": null, ""3"": null, ""4"": null, ""5"": null, ""6"": null, ""7"": null}","{""0"": 0.0, ""1"": 0.0, ""2"": null, ""3"": null, ""4"": null, ""5"": null, ""6"": null, ""7"": null}","{""0"": 250, ""1"": 250}",250,1,0,0,0,0.321,ultrasonic-not-close,KEEP,left,right,,0
161,2026-08-01T16:17:29.393+09:00,18.785,160,8.58,1,DRIVING,,0,1,0,-0.222211,0.497649,0.497649,70,763,unknown,0,unknown,0.000000,null,0.000000,0.192,,"{""0"": 250, ""1"": 250, ""2"": null, ""3"": null, ""4"": null, ""5"": null, ""6"": null, ""7"": null}","{""0"": 0.0, ""1"": 0.0, ""2"": null, ""3"": null, ""4"": null, ""5"": null, ""6"": null, ""7"": null}","{""0"": 250, ""1"": 250}",250,1,0,0,0,0.192,ultrasonic-not-close,KEEP,left,right,,0
162,2026-08-01T16:17:29.503+09:00,18.893,161,8.58,1,DRIVING,,0,1,0,-0.229981,0.496320,0.496320,70,777,unknown,0,unknown,0.000000,null,0.000000,0.299,,"{""0"": 250, ""1"": 250, ""2"": null, ""3"": null, ""4"": null, ""5"": null, ""6"": null, ""7"": null}","{""0"": 0.0, ""1"": 0.0, ""2"": null, ""3"": null, ""4"": null, ""5"": null, ""6"": null, ""7"": null}","{""0"": 250, ""1"": 250}",250,1,0,0,0,0.299,ultrasonic-not-close,KEEP,left,right,,0
163,2026-08-01T16:17:29.612+09:00,19.004,162,8.58,1,DRIVING,,0,1,0,-0.237774,0.499668,0.499668,70,779,unknown,0,unknown,0.000000,null,0.000000,0.304,,"{""0"": 250, ""1"": 250, ""2"": null, ""3"": null, ""4"": null, ""5"": null, ""6"": null, ""7"": null}","{""0"": 0.0, ""1"": 0.0, ""2"": null, ""3"": null, ""4"": null, ""5"": null, ""6"": null, ""7"": null}","{""0"": 250, ""1"": 250}",250,1,0,0,0,0.304,ultrasonic-not-close,KEEP,left,right,,0
164,2026-08-01T16:17:29.723+09:00,19.115,163,8.58,1,DRIVING,,0,1,0,-0.246620,0.510013,0.510013,70,778,unknown,0,unknown,0.000000,null,0.000000,0.191,,"{""0"": 250, ""1"": 250, ""2"": null, ""3"": null, ""4"": null, ""5"": null, ""6"": null, ""7"": null}","{""0"": 0.0, ""1"": 0.0, ""2"": null, ""3"": null, ""4"": null, ""5"": null, ""6"": null, ""7"": null}","{""0"": 250, ""1"": 250}",250,1,0,0,0,0.191,ultrasonic-not-close,KEEP,left,right,,0
165,2026-08-01T16:17:29.837+09:00,19.228,164,8.59,1,DRIVING,,0,1,0,-0.248361,0.496451,0.496451,70,777,unknown,0,unknown,0.000000,null,0.000000,0.303,,"{""0"": 250, ""1"": 250, ""2"": null, ""3"": null, ""4"": null, ""5"": null, ""6"": null, ""7"": null}","{""0"": 0.0, ""1"": 0.0, ""2"": null, ""3"": null, ""4"": null, ""5"": null, ""6"": null, ""7"": null}","{""0"": 250, ""1"": 250}",250,1,0,0,0,0.303,ultrasonic-not-close,KEEP,left,right,,0
166,2026-08-01T16:17:29.944+09:00,19.335,165,8.59,1,DRIVING,,0,1,0,-0.254469,0.503618,0.503618,70,778,unknown,0,unknown,0.000000,null,0.000000,0.301,,"{""0"": 250, ""1"": 250, ""2"": null, ""3"": null, ""4"": null, ""5"": null, ""6"": null, ""7"": null}","{""0"": 0.0, ""1"": 0.0, ""2"": null, ""3"": null, ""4"": null, ""5"": null, ""6"": null, ""7"": null}","{""0"": 250, ""1"": 250}",250,1,0,0,0,0.301,ultrasonic-not-close,KEEP,left,right,,0
167,2026-08-01T16:17:30.054+09:00,19.446,166,8.59,1,DRIVING,,0,1,0,-0.255593,0.493993,0.493993,70,779,unknown,0,unknown,0.000000,null,0.000000,0.303,,"{""0"": 250, ""1"": 250, ""2"": null, ""3"": null, ""4"": null, ""5"": null, ""6"": null, ""7"": null}","{""0"": 0.0, ""1"": 0.0, ""2"": null, ""3"": null, ""4"": null, ""5"": null, ""6"": null, ""7"": null}","{""0"": 250, ""1"": 250}",250,1,0,0,0,0.303,ultrasonic-not-close,KEEP,left,right,,0
168,2026-08-01T16:17:30.170+09:00,19.561,167,8.59,1,DRIVING,,0,1,0,-0.259097,0.496431,0.496431,70,779,unknown,0,unknown,0.000000,null,0.000000,0.417,,"{""0"": 250, ""1"": 250, ""2"": null, ""3"": null, ""4"": null, ""5"": null, ""6"": null, ""7"": null}","{""0"": 0.0, ""1"": 0.0, ""2"": null, ""3"": null, ""4"": null, ""5"": null, ""6"": null, ""7"": null}","{""0"": 250, ""1"": 250}",250,1,0,0,0,0.417,ultrasonic-not-close,KEEP,left,right,,0
169,2026-08-01T16:17:30.278+09:00,19.668,168,8.60,1,DRIVING,,0,1,0,-0.247571,0.445919,0.445919,70,779,red,0,unknown,0.000000,null,0.000000,0.302,,"{""0"": 250, ""1"": 250, ""2"": null, ""3"": null, ""4"": null, ""5"": null, ""6"": null, ""7"": null}","{""0"": 0.001, ""1"": 0.001, ""2"": null, ""3"": null, ""4"": null, ""5"": null, ""6"": null, ""7"": null}","{""0"": 250, ""1"": 250}",250,1,0,0,0,0.301,ultrasonic-not-close,KEEP,left,right,,0
170,2026-08-01T16:17:30.403+09:00,19.795,169,8.59,1,DRIVING,,0,1,0,-0.240275,0.419566,0.419566,70,779,unknown,0,unknown,0.000000,null,0.000000,0.320,,"{""0"": 250, ""1"": 250, ""2"": null, ""3"": null, ""4"": null, ""5"": null, ""6"": null, ""7"": null}","{""0"": 0.0, ""1"": 0.0, ""2"": null, ""3"": null, ""4"": null, ""5"": null, ""6"": null, ""7"": null}","{""0"": 250, ""1"": 250}",250,1,0,0,0,0.320,ultrasonic-not-close,KEEP,left,right,,0
171,2026-08-01T16:17:30.515+09:00,19.907,170,8.59,1,DRIVING,,0,1,0,-0.242843,0.432690,0.432690,70,780,unknown,0,unknown,0.000000,null,0.000000,0.432,,"{""0"": 250, ""1"": 250, ""2"": null, ""3"": null, ""4"": null, ""5"": null, ""6"": null, ""7"": null}","{""0"": 0.0, ""1"": 0.0, ""2"": null, ""3"": null, ""4"": null, ""5"": null, ""6"": null, ""7"": null}","{""0"": 250, ""1"": 250}",250,1,0,0,0,0.432,ultrasonic-not-close,KEEP,left,right,,0
172,2026-08-01T16:17:30.629+09:00,20.020,171,8.60,1,DRIVING,,0,1,0,-0.211431,0.320935,0.320935,70,778,unknown,0,unknown,0.000000,null,0.000000,0.320,,"{""0"": 250, ""1"": 250, ""2"": null, ""3"": null, ""4"": null, ""5"": null, ""6"": null, ""7"": null}","{""0"": 0.0, ""1"": 0.0, ""2"": null, ""3"": null, ""4"": null, ""5"": null, ""6"": null, ""7"": null}","{""0"": 250, ""1"": 250}",250,1,0,0,0,0.320,ultrasonic-not-close,KEEP,left,right,,0
173,2026-08-01T16:17:30.734+09:00,20.126,172,8.60,1,DRIVING,,0,1,0,-0.214535,0.350003,0.350003,70,778,unknown,0,unknown,0.000000,null,0.000000,0.302,,"{""0"": 250, ""1"": 250, ""2"": null, ""3"": null, ""4"": null, ""5"": null, ""6"": null, ""7"": null}","{""0"": 0.0, ""1"": 0.0, ""2"": null, ""3"": null, ""4"": null, ""5"": null, ""6"": null, ""7"": null}","{""0"": 250, ""1"": 250}",250,1,0,0,0,0.302,ultrasonic-not-close,KEEP,left,right,,0
174,2026-08-01T16:17:30.846+09:00,20.238,173,8.60,1,DRIVING,,0,1,0,-0.244169,0.467531,0.467531,70,776,unknown,0,unknown,0.000000,null,0.000000,0.188,,"{""0"": 250, ""1"": 250, ""2"": null, ""3"": null, ""4"": null, ""5"": null, ""6"": null, ""7"": null}","{""0"": 0.0, ""1"": 0.0, ""2"": null, ""3"": null, ""4"": null, ""5"": null, ""6"": null, ""7"": null}","{""0"": 250, ""1"": 250}",250,1,0,0,0,0.188,ultrasonic-not-close,KEEP,left,right,,0
175,2026-08-01T16:17:30.960+09:00,20.351,174,8.60,1,DRIVING,,0,1,0,-0.249623,0.478760,0.478760,70,775,unknown,0,unknown,0.000000,null,0.000000,0.299,,"{""0"": 250, ""1"": 250, ""2"": null, ""3"": null, ""4"": null, ""5"": null, ""6"": null, ""7"": null}","{""0"": 0.0, ""1"": 0.0, ""2"": null, ""3"": null, ""4"": null, ""5"": null, ""6"": null, ""7"": null}","{""0"": 250, ""1"": 250}",250,1,0,0,0,0.299,ultrasonic-not-close,KEEP,left,right,,0
176,2026-08-01T16:17:31.072+09:00,20.464,175,8.60,1,DRIVING,,0,1,0,-0.256557,0.494889,0.494889,70,776,unknown,0,unknown,0.000000,null,0.000000,0.309,,"{""0"": 250, ""1"": 250, ""2"": null, ""3"": null, ""4"": null, ""5"": null, ""6"": null, ""7"": null}","{""0"": 0.0, ""1"": 0.0, ""2"": null, ""3"": null, ""4"": null, ""5"": null, ""6"": null, ""7"": null}","{""0"": 250, ""1"": 250}",250,1,0,0,0,0.309,ultrasonic-not-close,KEEP,left,right,,0
177,2026-08-01T16:17:31.182+09:00,20.573,176,8.61,1,DRIVING,,0,1,0,-0.259517,0.495621,0.495621,70,775,unknown,0,unknown,0.000000,null,0.000000,0.192,,"{""0"": 250, ""1"": 250, ""2"": null, ""3"": null, ""4"": null, ""5"": null, ""6"": null, ""7"": null}","{""0"": 0.0, ""1"": 0.0, ""2"": null, ""3"": null, ""4"": null, ""5"": null, ""6"": null, ""7"": null}","{""0"": 250, ""1"": 250}",250,1,0,0,0,0.192,ultrasonic-not-close,KEEP,left,right,,0
178,2026-08-01T16:17:31.300+09:00,20.691,177,8.61,1,DRIVING,,0,1,0,-0.269222,0.522009,0.522009,70,775,unknown,0,unknown,0.000000,null,0.000000,0.308,,"{""0"": 250, ""1"": 250, ""2"": null, ""3"": null, ""4"": null, ""5"": null, ""6"": null, ""7"": null}","{""0"": 0.0, ""1"": 0.0, ""2"": null, ""3"": null, ""4"": null, ""5"": null, ""6"": null, ""7"": null}","{""0"": 250, ""1"": 250}",250,1,0,0,0,0.308,ultrasonic-not-close,KEEP,left,right,,0
179,2026-08-01T16:17:31.410+09:00,20.801,178,8.61,1,DRIVING,,0,1,0,-0.275114,0.532000,0.532000,70,778,unknown,0,unknown,0.000000,null,0.000000,0.309,,"{""0"": 250, ""1"": 250, ""2"": null, ""3"": null, ""4"": null, ""5"": null, ""6"": null, ""7"": null}","{""0"": 0.0, ""1"": 0.0, ""2"": null, ""3"": null, ""4"": null, ""5"": null, ""6"": null, ""7"": null}","{""0"": 250, ""1"": 250}",250,1,0,0,0,0.309,ultrasonic-not-close,KEEP,left,right,,0
180,2026-08-01T16:17:31.529+09:00,20.920,179,8.61,1,DRIVING,,0,1,0,-0.285173,0.557173,0.557173,70,778,unknown,0,unknown,0.000000,null,0.000000,0.317,,"{""0"": 250, ""1"": 250, ""2"": null, ""3"": null, ""4"": null, ""5"": null, ""6"": null, ""7"": null}","{""0"": 0.0, ""1"": 0.0, ""2"": null, ""3"": null, ""4"": null, ""5"": null, ""6"": null, ""7"": null}","{""0"": 250, ""1"": 250}",250,1,0,0,0,0.317,ultrasonic-not-close,KEEP,left,right,,0
181,2026-08-01T16:17:31.645+09:00,21.037,180,8.61,1,DRIVING,,0,1,0,-0.292849,0.571647,0.571647,70,779,unknown,0,unknown,0.000000,null,0.000000,0.204,,"{""0"": 250, ""1"": 250, ""2"": null, ""3"": null, ""4"": null, ""5"": null, ""6"": null, ""7"": null}","{""0"": 0.0, ""1"": 0.0, ""2"": null, ""3"": null, ""4"": null, ""5"": null, ""6"": null, ""7"": null}","{""0"": 250, ""1"": 250}",250,1,0,0,0,0.204,ultrasonic-not-close,KEEP,left,right,,0
182,2026-08-01T16:17:31.760+09:00,21.151,181,8.61,1,DRIVING,,0,1,0,-0.302578,0.593317,0.593317,70,782,unknown,0,unknown,0.000000,null,0.000000,0.317,,"{""0"": 250, ""1"": 250, ""2"": null, ""3"": null, ""4"": null, ""5"": null, ""6"": null, ""7"": null}","{""0"": 0.0, ""1"": 0.0, ""2"": null, ""3"": null, ""4"": null, ""5"": null, ""6"": null, ""7"": null}","{""0"": 250, ""1"": 250}",250,1,0,0,0,0.317,ultrasonic-not-close,KEEP,left,right,,0
183,2026-08-01T16:17:31.878+09:00,21.269,182,8.61,1,DRIVING,,0,1,0,-0.310117,0.605855,0.605855,70,783,unknown,0,unknown,0.000000,null,0.000000,0.319,,"{""0"": 250, ""1"": 250, ""2"": null, ""3"": null, ""4"": null, ""5"": null, ""6"": null, ""7"": null}","{""0"": 0.0, ""1"": 0.0, ""2"": null, ""3"": null, ""4"": null, ""5"": null, ""6"": null, ""7"": null}","{""0"": 250, ""1"": 250}",250,1,0,0,0,0.319,ultrasonic-not-close,KEEP,left,right,,0
184,2026-08-01T16:17:31.999+09:00,21.390,183,8.61,1,DRIVING,,0,1,0,-0.320120,0.627572,0.627572,70,785,unknown,0,unknown,0.000000,null,0.000000,0.209,,"{""0"": 250, ""1"": 250, ""2"": null, ""3"": null, ""4"": null, ""5"": null, ""6"": null, ""7"": null}","{""0"": 0.0, ""1"": 0.0, ""2"": null, ""3"": null, ""4"": null, ""5"": null, ""6"": null, ""7"": null}","{""0"": 250, ""1"": 250}",250,1,0,0,0,0.209,ultrasonic-not-close,KEEP,left,right,,0
185,2026-08-01T16:17:32.113+09:00,21.505,184,8.61,1,DRIVING,,0,1,0,-0.326562,0.635358,0.635358,70,788,unknown,0,unknown,0.000000,null,0.000000,0.322,,"{""0"": 250, ""1"": 250, ""2"": null, ""3"": null, ""4"": null, ""5"": null, ""6"": null, ""7"": null}","{""0"": 0.0, ""1"": 0.0, ""2"": null, ""3"": null, ""4"": null, ""5"": null, ""6"": null, ""7"": null}","{""0"": 250, ""1"": 250}",250,1,0,0,0,0.322,ultrasonic-not-close,KEEP,left,right,,0
186,2026-08-01T16:17:32.224+09:00,21.616,185,8.61,1,DRIVING,,0,1,0,-0.332291,0.641716,0.641716,70,788,unknown,0,unknown,0.000000,null,0.000000,0.319,,"{""0"": 250, ""1"": 250, ""2"": null, ""3"": null, ""4"": null, ""5"": null, ""6"": null, ""7"": null}","{""0"": 0.0, ""1"": 0.0, ""2"": null, ""3"": null, ""4"": null, ""5"": null, ""6"": null, ""7"": null}","{""0"": 250, ""1"": 250}",250,1,0,0,0,0.319,ultrasonic-not-close,KEEP,left,right,,0
187,2026-08-01T16:17:32.338+09:00,21.730,186,8.61,1,DRIVING,,0,1,0,-0.337854,0.648667,0.648667,70,788,unknown,0,unknown,0.000000,null,0.000000,0.196,,"{""0"": 250, ""1"": 250, ""2"": null, ""3"": null, ""4"": null, ""5"": null, ""6"": null, ""7"": null}","{""0"": 0.0, ""1"": 0.0, ""2"": null, ""3"": null, ""4"": null, ""5"": null, ""6"": null, ""7"": null}","{""0"": 250, ""1"": 250}",250,1,0,0,0,0.196,ultrasonic-not-close,KEEP,left,right,,0
188,2026-08-01T16:17:32.451+09:00,21.841,187,8.61,1,DRIVING,,0,1,0,-0.340731,0.646864,0.646864,70,789,unknown,0,unknown,0.000000,null,0.000000,0.306,,"{""0"": 250, ""1"": 250, ""2"": null, ""3"": null, ""4"": null, ""5"": null, ""6"": null, ""7"": null}","{""0"": 0.0, ""1"": 0.0, ""2"": null, ""3"": null, ""4"": null, ""5"": null, ""6"": null, ""7"": null}","{""0"": 250, ""1"": 250}",250,1,0,0,0,0.306,ultrasonic-not-close,KEEP,left,right,,0
189,2026-08-01T16:17:32.554+09:00,21.945,188,8.62,1,DRIVING,,0,1,0,-0.343281,0.645981,0.645981,70,788,unknown,0,unknown,0.000000,null,0.000000,0.300,,"{""0"": 250, ""1"": 250, ""2"": null, ""3"": null, ""4"": null, ""5"": null, ""6"": null, ""7"": null}","{""0"": 0.0, ""1"": 0.0, ""2"": null, ""3"": null, ""4"": null, ""5"": null, ""6"": null, ""7"": null}","{""0"": 250, ""1"": 250}",250,1,0,0,0,0.300,ultrasonic-not-close,KEEP,left,right,,0
190,2026-08-01T16:17:32.681+09:00,22.073,189,8.61,1,DRIVING,,0,1,0,-0.346462,0.649009,0.649009,70,788,unknown,0,unknown,0.000000,null,0.000000,0.315,,"{""0"": 250, ""1"": 250, ""2"": null, ""3"": null, ""4"": null, ""5"": null, ""6"": null, ""7"": null}","{""0"": 0.0, ""1"": 0.0, ""2"": null, ""3"": null, ""4"": null, ""5"": null, ""6"": null, ""7"": null}","{""0"": 250, ""1"": 250}",250,1,0,0,0,0.315,ultrasonic-not-close,KEEP,left,right,,0
191,2026-08-01T16:17:32.806+09:00,22.196,190,8.61,1,DRIVING,,0,1,0,-0.350463,0.655800,0.655800,70,789,unknown,0,unknown,0.000000,null,0.000000,0.437,,"{""0"": 250, ""1"": 250, ""2"": null, ""3"": null, ""4"": null, ""5"": null, ""6"": null, ""7"": null}","{""0"": 0.0, ""1"": 0.0, ""2"": null, ""3"": null, ""4"": null, ""5"": null, ""6"": null, ""7"": null}","{""0"": 250, ""1"": 250}",250,1,0,0,0,0.437,ultrasonic-not-close,KEEP,left,right,,0
192,2026-08-01T16:17:32.921+09:00,22.312,191,8.61,1,DRIVING,,0,1,0,-0.357835,0.674848,0.674848,70,788,unknown,0,unknown,0.000000,null,0.000000,0.339,,"{""0"": 250, ""1"": 250, ""2"": null, ""3"": null, ""4"": null, ""5"": null, ""6"": null, ""7"": null}","{""0"": 0.0, ""1"": 0.0, ""2"": null, ""3"": null, ""4"": null, ""5"": null, ""6"": null, ""7"": null}","{""0"": 250, ""1"": 250}",250,1,0,0,0,0.339,ultrasonic-not-close,KEEP,left,right,,0
193,2026-08-01T16:17:33.031+09:00,22.422,192,8.61,1,DRIVING,,0,1,0,-0.365455,0.693056,0.693056,70,790,unknown,0,unknown,0.000000,null,0.000000,0.194,,"{""0"": 250, ""1"": 250, ""2"": null, ""3"": null, ""4"": null, ""5"": null, ""6"": null, ""7"": null}","{""0"": 0.0, ""1"": 0.0, ""2"": null, ""3"": null, ""4"": null, ""5"": null, ""6"": null, ""7"": null}","{""0"": 250, ""1"": 250}",250,1,0,0,0,0.194,ultrasonic-not-close,KEEP,left,right,,0
194,2026-08-01T16:17:33.140+09:00,22.531,193,8.62,1,DRIVING,,0,1,0,-0.368853,0.694719,0.694719,70,794,unknown,0,unknown,0.000000,null,0.000000,0.302,,"{""0"": 250, ""1"": 250, ""2"": null, ""3"": null, ""4"": null, ""5"": null, ""6"": null, ""7"": null}","{""0"": 0.0, ""1"": 0.0, ""2"": null, ""3"": null, ""4"": null, ""5"": null, ""6"": null, ""7"": null}","{""0"": 250, ""1"": 250}",250,1,0,0,0,0.302,ultrasonic-not-close,KEEP,left,right,,0
195,2026-08-01T16:17:33.257+09:00,22.649,194,8.61,1,DRIVING,,0,1,0,-0.379132,0.722489,0.722489,70,793,unknown,0,unknown,0.000000,null,0.000000,0.306,,"{""0"": 250, ""1"": 250, ""2"": null, ""3"": null, ""4"": null, ""5"": null, ""6"": null, ""7"": null}","{""0"": 0.0, ""1"": 0.0, ""2"": null, ""3"": null, ""4"": null, ""5"": null, ""6"": null, ""7"": null}","{""0"": 250, ""1"": 250}",250,1,0,0,0,0.306,ultrasonic-not-close,KEEP,left,right,,0
196,2026-08-01T16:17:33.367+09:00,22.759,195,8.62,1,DRIVING,,0,1,0,-0.383382,0.725772,0.725772,70,793,unknown,0,unknown,0.000000,null,0.000000,0.197,,"{""0"": 250, ""1"": 250, ""2"": null, ""3"": null, ""4"": null, ""5"": null, ""6"": null, ""7"": null}","{""0"": 0.0, ""1"": 0.0, ""2"": null, ""3"": null, ""4"": null, ""5"": null, ""6"": null, ""7"": null}","{""0"": 250, ""1"": 250}",250,1,0,0,0,0.197,ultrasonic-not-close,KEEP,left,right,,0
197,2026-08-01T16:17:33.477+09:00,22.868,196,8.62,1,DRIVING,,0,1,0,-0.384944,0.720691,0.720691,70,794,unknown,0,unknown,0.000000,null,0.000000,0.305,,"{""0"": 250, ""1"": 250, ""2"": null, ""3"": null, ""4"": null, ""5"": null, ""6"": null, ""7"": null}","{""0"": 0.0, ""1"": 0.0, ""2"": null, ""3"": null, ""4"": null, ""5"": null, ""6"": null, ""7"": null}","{""0"": 250, ""1"": 250}",250,1,0,0,0,0.305,ultrasonic-not-close,KEEP,left,right,,0
198,2026-08-01T16:17:33.583+09:00,22.974,197,8.62,1,DRIVING,,0,1,0,-0.386590,0.718280,0.718280,70,797,unknown,0,unknown,0.000000,null,0.000000,0.296,,"{""0"": 250, ""1"": 250, ""2"": null, ""3"": null, ""4"": null, ""5"": null, ""6"": null, ""7"": null}","{""0"": 0.0, ""1"": 0.0, ""2"": null, ""3"": null, ""4"": null, ""5"": null, ""6"": null, ""7"": null}","{""0"": 250, ""1"": 250}",250,1,0,0,0,0.296,ultrasonic-not-close,KEEP,left,right,,0
199,2026-08-01T16:17:33.694+09:00,23.086,198,8.62,1,DRIVING,,0,1,0,-0.386920,0.712740,0.712740,70,797,unknown,0,unknown,0.000000,null,0.000000,0.299,,"{""0"": 250, ""1"": 250, ""2"": null, ""3"": null, ""4"": null, ""5"": null, ""6"": null, ""7"": null}","{""0"": 0.0, ""1"": 0.0, ""2"": null, ""3"": null, ""4"": null, ""5"": null, ""6"": null, ""7"": null}","{""0"": 250, ""1"": 250}",250,1,0,0,0,0.299,ultrasonic-not-close,KEEP,left,right,,0
200,2026-08-01T16:17:33.809+09:00,23.200,199,8.62,1,DRIVING,,0,1,0,-0.386920,0.707855,0.707855,70,797,unknown,0,unknown,0.000000,null,0.000000,0.412,,"{""0"": 250, ""1"": 250, ""2"": null, ""3"": null, ""4"": null, ""5"": null, ""6"": null, ""7"": null}","{""0"": 0.0, ""1"": 0.0, ""2"": null, ""3"": null, ""4"": null, ""5"": null, ""6"": null, ""7"": null}","{""0"": 250, ""1"": 250}",250,1,0,0,0,0.412,ultrasonic-not-close,KEEP,left,right,,0
201,2026-08-01T16:17:33.926+09:00,23.316,200,8.62,1,DRIVING,,0,1,0,-0.386124,0.701572,0.701572,70,799,unknown,0,unknown,0.000000,null,0.000000,0.311,,"{""0"": 250, ""1"": 250, ""2"": null, ""3"": null, ""4"": null, ""5"": null, ""6"": null, ""7"": null}","{""0"": 0.0, ""1"": 0.0, ""2"": null, ""3"": null, ""4"": null, ""5"": null, ""6"": null, ""7"": null}","{""0"": 250, ""1"": 250}",250,1,0,0,0,0.311,ultrasonic-not-close,KEEP,left,right,,0
202,2026-08-01T16:17:34.035+09:00,23.428,201,8.63,1,DRIVING,,0,1,0,-0.381766,0.683918,0.683918,70,797,unknown,0,unknown,0.000000,null,0.000000,0.312,,"{""0"": 250, ""1"": 250, ""2"": null, ""3"": null, ""4"": null, ""5"": null, ""6"": null, ""7"": null}","{""0"": 0.0, ""1"": 0.0, ""2"": null, ""3"": null, ""4"": null, ""5"": null, ""6"": null, ""7"": null}","{""0"": 250, ""1"": 250}",250,1,0,0,0,0.312,ultrasonic-not-close,KEEP,left,right,,0
203,2026-08-01T16:17:34.146+09:00,23.539,202,8.63,1,DRIVING,,0,1,0,-0.378641,0.673646,0.673646,70,799,unknown,0,unknown,0.000000,null,0.000000,0.190,,"{""0"": 250, ""1"": 250, ""2"": null, ""3"": null, ""4"": null, ""5"": null, ""6"": null, ""7"": null}","{""0"": 0.0, ""1"": 0.0, ""2"": null, ""3"": null, ""4"": null, ""5"": null, ""6"": null, ""7"": null}","{""0"": 250, ""1"": 250}",250,1,0,0,0,0.190,ultrasonic-not-close,KEEP,left,right,,0
204,2026-08-01T16:17:34.258+09:00,23.649,203,8.63,1,DRIVING,,0,1,0,-0.376147,0.667039,0.667039,70,799,unknown,0,unknown,0.000000,null,0.000000,0.301,,"{""0"": 250, ""1"": 250, ""2"": null, ""3"": null, ""4"": null, ""5"": null, ""6"": null, ""7"": null}","{""0"": 0.0, ""1"": 0.0, ""2"": null, ""3"": null, ""4"": null, ""5"": null, ""6"": null, ""7"": null}","{""0"": 250, ""1"": 250}",250,1,0,0,0,0.301,ultrasonic-not-close,KEEP,left,right,,0
205,2026-08-01T16:17:34.373+09:00,23.765,204,8.63,1,DRIVING,,0,1,0,-0.371844,0.654558,0.654558,70,798,unknown,0,unknown,0.000000,null,0.000000,0.309,,"{""0"": 250, ""1"": 250, ""2"": null, ""3"": null, ""4"": null, ""5"": null, ""6"": null, ""7"": null}","{""0"": 0.0, ""1"": 0.0, ""2"": null, ""3"": null, ""4"": null, ""5"": null, ""6"": null, ""7"": null}","{""0"": 250, ""1"": 250}",250,1,0,0,0,0.309,ultrasonic-not-close,KEEP,left,right,,0
206,2026-08-01T16:17:34.484+09:00,23.875,205,8.63,1,DRIVING,,0,1,0,-0.363923,0.630469,0.630469,70,799,unknown,0,unknown,0.000000,null,0.000000,0.197,,"{""0"": 250, ""1"": 250, ""2"": null, ""3"": null, ""4"": null, ""5"": null, ""6"": null, ""7"": null}","{""0"": 0.0, ""1"": 0.0, ""2"": null, ""3"": null, ""4"": null, ""5"": null, ""6"": null, ""7"": null}","{""0"": 250, ""1"": 250}",250,1,0,0,0,0.197,ultrasonic-not-close,KEEP,left,right,,0
207,2026-08-01T16:17:34.595+09:00,23.985,206,8.63,1,DRIVING,,0,1,0,-0.362140,0.631429,0.631429,70,799,unknown,0,unknown,0.000000,null,0.000000,0.305,,"{""0"": 250, ""1"": 250, ""2"": null, ""3"": null, ""4"": null, ""5"": null, ""6"": null, ""7"": null}","{""0"": 0.0, ""1"": 0.0, ""2"": null, ""3"": null, ""4"": null, ""5"": null, ""6"": null, ""7"": null}","{""0"": 250, ""1"": 250}",250,1,0,0,0,0.305,ultrasonic-not-close,KEEP,left,right,,0
208,2026-08-01T16:17:34.704+09:00,24.095,207,8.64,1,DRIVING,,0,1,0,-0.355753,0.614563,0.614563,70,797,unknown,0,unknown,0.000000,null,0.000000,0.302,,"{""0"": 250, ""1"": 250, ""2"": null, ""3"": null, ""4"": null, ""5"": null, ""6"": null, ""7"": null}","{""0"": 0.0, ""1"": 0.0, ""2"": null, ""3"": null, ""4"": null, ""5"": null, ""6"": null, ""7"": null}","{""0"": 250, ""1"": 250}",250,1,0,0,0,0.302,ultrasonic-not-close,KEEP,left,right,,0
209,2026-08-01T16:17:34.812+09:00,24.204,208,8.64,1,DRIVING,,0,1,0,-0.345751,0.586291,0.586291,70,799,unknown,0,unknown,0.000000,null,0.000000,0.300,,"{""0"": 250, ""1"": 250, ""2"": null, ""3"": null, ""4"": null, ""5"": null, ""6"": null, ""7"": null}","{""0"": 0.0, ""1"": 0.0, ""2"": null, ""3"": null, ""4"": null, ""5"": null, ""6"": null, ""7"": null}","{""0"": 250, ""1"": 250}",250,1,0,0,0,0.300,ultrasonic-not-close,KEEP,left,right,,0
210,2026-08-01T16:17:34.925+09:00,24.316,209,8.64,1,DRIVING,,0,1,0,-0.340815,0.579340,0.579340,70,798,unknown,0,unknown,0.000000,null,0.000000,0.411,,"{""0"": 250, ""1"": 250, ""2"": null, ""3"": null, ""4"": null, ""5"": null, ""6"": null, ""7"": null}","{""0"": 0.0, ""1"": 0.0, ""2"": null, ""3"": null, ""4"": null, ""5"": null, ""6"": null, ""7"": null}","{""0"": 250, ""1"": 250}",250,1,0,0,0,0.411,ultrasonic-not-close,KEEP,left,right,,0
211,2026-08-01T16:17:35.043+09:00,24.433,210,8.64,1,DRIVING,,0,1,0,-0.338348,0.580699,0.580699,70,797,unknown,0,unknown,0.000000,null,0.000000,0.308,,"{""0"": 250, ""1"": 250, ""2"": null, ""3"": null, ""4"": null, ""5"": null, ""6"": null, ""7"": null}","{""0"": 0.0, ""1"": 0.0, ""2"": null, ""3"": null, ""4"": null, ""5"": null, ""6"": null, ""7"": null}","{""0"": 250, ""1"": 250}",250,1,0,0,0,0.308,ultrasonic-not-close,KEEP,left,right,,0
212,2026-08-01T16:17:35.150+09:00,24.542,211,8.64,1,DRIVING,,0,1,0,-0.331523,0.564628,0.564628,70,797,unknown,0,unknown,0.000000,null,0.000000,0.309,,"{""0"": 250, ""1"": 250, ""2"": null, ""3"": null, ""4"": null, ""5"": null, ""6"": null, ""7"": null}","{""0"": 0.0, ""1"": 0.0, ""2"": null, ""3"": null, ""4"": null, ""5"": null, ""6"": null, ""7"": null}","{""0"": 250, ""1"": 250}",250,1,0,0,0,0.309,ultrasonic-not-close,KEEP,left,right,,0
213,2026-08-01T16:17:35.264+09:00,24.655,212,8.64,1,DRIVING,,0,1,0,-0.324342,0.548407,0.548407,70,796,unknown,0,unknown,0.000000,null,0.000000,0.422,,"{""0"": 250, ""1"": 250, ""2"": null, ""3"": null, ""4"": null, ""5"": null, ""6"": null, ""7"": null}","{""0"": 0.0, ""1"": 0.0, ""2"": null, ""3"": null, ""4"": null, ""5"": null, ""6"": null, ""7"": null}","{""0"": 250, ""1"": 250}",250,1,0,0,0,0.422,ultrasonic-not-close,KEEP,left,right,,0
214,2026-08-01T16:17:35.370+09:00,24.761,213,8.65,1,DRIVING,,0,1,0,-0.321655,0.549356,0.549356,70,797,unknown,0,unknown,0.000000,null,0.000000,0.297,,"{""0"": 250, ""1"": 250, ""2"": null, ""3"": null, ""4"": null, ""5"": null, ""6"": null, ""7"": null}","{""0"": 0.0, ""1"": 0.0, ""2"": null, ""3"": null, ""4"": null, ""5"": null, ""6"": null, ""7"": null}","{""0"": 250, ""1"": 250}",250,1,0,0,0,0.297,ultrasonic-not-close,KEEP,left,right,,0
215,2026-08-01T16:17:35.489+09:00,24.879,214,8.65,1,DRIVING,,0,1,0,-0.313761,0.529827,0.529827,70,793,unknown,0,unknown,0.000000,null,0.000000,0.310,,"{""0"": 250, ""1"": 250, ""2"": null, ""3"": null, ""4"": null, ""5"": null, ""6"": null, ""7"": null}","{""0"": 0.0, ""1"": 0.0, ""2"": null, ""3"": null, ""4"": null, ""5"": null, ""6"": null, ""7"": null}","{""0"": 250, ""1"": 250}",250,1,0,0,0,0.310,ultrasonic-not-close,KEEP,left,right,,0
216,2026-08-01T16:17:35.606+09:00,24.997,215,8.65,1,DRIVING,,0,1,0,-0.312801,0.536854,0.536854,70,793,unknown,0,unknown,0.000000,null,0.000000,0.425,,"{""0"": 250, ""1"": 250, ""2"": null, ""3"": null, ""4"": null, ""5"": null, ""6"": null, ""7"": null}","{""0"": 0.0, ""1"": 0.0, ""2"": null, ""3"": null, ""4"": null, ""5"": null, ""6"": null, ""7"": null}","{""0"": 250, ""1"": 250}",250,1,0,0,0,0.425,ultrasonic-not-close,KEEP,left,right,,0
217,2026-08-01T16:17:35.726+09:00,25.116,216,8.64,1,DRIVING,,0,1,0,-0.307017,0.523888,0.523888,70,794,unknown,0,unknown,0.000000,null,0.000000,0.325,,"{""0"": 250, ""1"": 250, ""2"": null, ""3"": null, ""4"": null, ""5"": null, ""6"": null, ""7"": null}","{""0"": 0.0, ""1"": 0.0, ""2"": null, ""3"": null, ""4"": null, ""5"": null, ""6"": null, ""7"": null}","{""0"": 250, ""1"": 250}",250,1,0,0,0,0.325,ultrasonic-not-close,KEEP,left,right,,0
218,2026-08-01T16:17:35.833+09:00,25.225,217,8.65,1,DRIVING,,0,1,0,-0.303700,0.520568,0.520568,70,794,unknown,0,unknown,0.000000,null,0.000000,0.316,,"{""0"": 250, ""1"": 250, ""2"": null, ""3"": null, ""4"": null, ""5"": null, ""6"": null, ""7"": null}","{""0"": 0.0, ""1"": 0.0, ""2"": null, ""3"": null, ""4"": null, ""5"": null, ""6"": null, ""7"": null}","{""0"": 250, ""1"": 250}",250,1,0,0,0,0.316,ultrasonic-not-close,KEEP,left,right,,0
219,2026-08-01T16:17:35.949+09:00,25.340,218,8.65,1,DRIVING,,0,1,0,-0.300739,0.517738,0.517738,70,794,unknown,0,unknown,0.000000,null,0.000000,0.430,,"{""0"": 250, ""1"": 250, ""2"": null, ""3"": null, ""4"": null, ""5"": null, ""6"": null, ""7"": null}","{""0"": 0.0, ""1"": 0.0, ""2"": null, ""3"": null, ""4"": null, ""5"": null, ""6"": null, ""7"": null}","{""0"": 250, ""1"": 250}",250,1,0,0,0,0.430,ultrasonic-not-close,KEEP,left,right,,0
220,2026-08-01T16:17:36.057+09:00,25.448,219,8.65,1,DRIVING,,0,1,0,-0.297888,0.514550,0.514550,70,792,unknown,0,unknown,0.000000,null,0.000000,0.300,,"{""0"": 250, ""1"": 250, ""2"": null, ""3"": null, ""4"": null, ""5"": null, ""6"": null, ""7"": null}","{""0"": 0.0, ""1"": 0.0, ""2"": null, ""3"": null, ""4"": null, ""5"": null, ""6"": null, ""7"": null}","{""0"": 250, ""1"": 250}",250,1,0,0,0,0.300,ultrasonic-not-close,KEEP,left,right,,0
221,2026-08-01T16:17:36.174+09:00,25.565,220,8.65,1,DRIVING,,0,1,0,-0.293557,0.505455,0.505455,70,792,unknown,0,unknown,0.000000,null,0.000000,0.310,,"{""0"": 250, ""1"": 250, ""2"": null, ""3"": null, ""4"": null, ""5"": null, ""6"": null, ""7"": null}","{""0"": 0.0, ""1"": 0.0, ""2"": null, ""3"": null, ""4"": null, ""5"": null, ""6"": null, ""7"": null}","{""0"": 250, ""1"": 250}",250,1,0,0,0,0.310,ultrasonic-not-close,KEEP,left,right,,0
222,2026-08-01T16:17:36.285+09:00,25.676,221,8.65,1,DRIVING,,0,1,0,-0.286431,0.486686,0.486686,70,793,unknown,0,unknown,0.000000,null,0.000000,0.197,,"{""0"": 250, ""1"": 250, ""2"": null, ""3"": null, ""4"": null, ""5"": null, ""6"": null, ""7"": null}","{""0"": 0.0, ""1"": 0.0, ""2"": null, ""3"": null, ""4"": null, ""5"": null, ""6"": null, ""7"": null}","{""0"": 250, ""1"": 250}",250,1,0,0,0,0.197,ultrasonic-not-close,KEEP,left,right,,0
223,2026-08-01T16:17:36.394+09:00,25.784,222,8.65,1,DRIVING,,0,1,0,-0.283744,0.485680,0.485680,70,791,unknown,0,unknown,0.000000,null,0.000000,0.303,,"{""0"": 250, ""1"": 250, ""2"": null, ""3"": null, ""4"": null, ""5"": null, ""6"": null, ""7"": null}","{""0"": 0.0, ""1"": 0.0, ""2"": null, ""3"": null, ""4"": null, ""5"": null, ""6"": null, ""7"": null}","{""0"": 250, ""1"": 250}",250,1,0,0,0,0.303,ultrasonic-not-close,KEEP,left,right,,0
224,2026-08-01T16:17:36.508+09:00,25.900,223,8.65,1,DRIVING,,0,1,0,-0.279688,0.478593,0.478593,70,789,unknown,0,unknown,0.000000,null,0.000000,0.306,,"{""0"": 250, ""1"": 250, ""2"": null, ""3"": null, ""4"": null, ""5"": null, ""6"": null, ""7"": null}","{""0"": 0.0, ""1"": 0.0, ""2"": null, ""3"": null, ""4"": null, ""5"": null, ""6"": null, ""7"": null}","{""0"": 250, ""1"": 250}",250,1,0,0,0,0.306,ultrasonic-not-close,KEEP,left,right,,0
225,2026-08-01T16:17:36.620+09:00,26.011,224,8.65,1,DRIVING,,0,1,0,-0.267600,0.442533,0.442533,70,789,unknown,0,unknown,0.000000,null,0.000000,0.194,,"{""0"": 250, ""1"": 250, ""2"": null, ""3"": null, ""4"": null, ""5"": null, ""6"": null, ""7"": null}","{""0"": 0.0, ""1"": 0.0, ""2"": null, ""3"": null, ""4"": null, ""5"": null, ""6"": null, ""7"": null}","{""0"": 250, ""1"": 250}",250,1,0,0,0,0.194,ultrasonic-not-close,KEEP,left,right,,0
226,2026-08-01T16:17:36.737+09:00,26.127,225,8.65,1,DRIVING,,0,1,0,-0.264090,0.441641,0.441641,70,789,unknown,0,unknown,0.000000,null,0.000000,0.309,,"{""0"": 250, ""1"": 250, ""2"": null, ""3"": null, ""4"": null, ""5"": null, ""6"": null, ""7"": null}","{""0"": 0.0, ""1"": 0.0, ""2"": null, ""3"": null, ""4"": null, ""5"": null, ""6"": null, ""7"": null}","{""0"": 250, ""1"": 250}",250,1,0,0,0,0.309,ultrasonic-not-close,KEEP,left,right,,0
227,2026-08-01T16:17:36.842+09:00,26.234,226,8.66,1,DRIVING,,0,1,0,-0.260664,0.439423,0.439423,70,784,unknown,0,unknown,0.000000,null,0.000000,0.305,,"{""0"": 250, ""1"": 250, ""2"": null, ""3"": null, ""4"": null, ""5"": null, ""6"": null, ""7"": null}","{""0"": 0.0, ""1"": 0.0, ""2"": null, ""3"": null, ""4"": null, ""5"": null, ""6"": null, ""7"": null}","{""0"": 250, ""1"": 250}",250,1,0,0,0,0.305,ultrasonic-not-close,KEEP,left,right,,0
228,2026-08-01T16:17:36.953+09:00,26.344,227,8.66,1,DRIVING,,0,1,0,-0.262966,0.456641,0.456641,70,785,unknown,0,unknown,0.000000,null,0.000000,0.304,,"{""0"": 250, ""1"": 250, ""2"": null, ""3"": null, ""4"": null, ""5"": null, ""6"": null, ""7"": null}","{""0"": 0.0, ""1"": 0.0, ""2"": null, ""3"": null, ""4"": null, ""5"": null, ""6"": null, ""7"": null}","{""0"": 250, ""1"": 250}",250,1,0,0,0,0.304,ultrasonic-not-close,KEEP,left,right,,0
229,2026-08-01T16:17:37.070+09:00,26.461,228,8.66,1,DRIVING,,0,1,0,-0.264336,0.466583,0.466583,70,785,unknown,0,unknown,0.000000,null,0.000000,0.420,,"{""0"": 250, ""1"": 250, ""2"": null, ""3"": null, ""4"": null, ""5"": null, ""6"": null, ""7"": null}","{""0"": 0.0, ""1"": 0.0, ""2"": null, ""3"": null, ""4"": null, ""5"": null, ""6"": null, ""7"": null}","{""0"": 250, ""1"": 250}",250,1,0,0,0,0.420,ultrasonic-not-close,KEEP,left,right,,0
230,2026-08-01T16:17:37.196+09:00,26.587,229,8.66,1,DRIVING,,0,1,0,-0.263677,0.466979,0.466979,70,784,unknown,0,unknown,0.000000,null,0.000000,0.321,,"{""0"": 250, ""1"": 250, ""2"": null, ""3"": null, ""4"": null, ""5"": null, ""6"": null, ""7"": null}","{""0"": 0.0, ""1"": 0.0, ""2"": null, ""3"": null, ""4"": null, ""5"": null, ""6"": null, ""7"": null}","{""0"": 250, ""1"": 250}",250,1,0,0,0,0.321,ultrasonic-not-close,KEEP,left,right,,0
231,2026-08-01T16:17:37.313+09:00,26.705,230,8.65,1,DRIVING,,0,1,0,-0.257813,0.448157,0.448157,70,784,unknown,0,unknown,0.000000,null,0.000000,0.330,,"{""0"": 250, ""1"": 250, ""2"": null, ""3"": null, ""4"": null, ""5"": null, ""6"": null, ""7"": null}","{""0"": 0.0, ""1"": 0.0, ""2"": null, ""3"": null, ""4"": null, ""5"": null, ""6"": null, ""7"": null}","{""0"": 250, ""1"": 250}",250,1,0,0,0,0.330,ultrasonic-not-close,KEEP,left,right,,0
232,2026-08-01T16:17:37.424+09:00,26.815,231,8.65,1,DRIVING,,0,1,0,-0.264308,0.476313,0.476313,70,784,unknown,0,unknown,0.000000,null,0.000000,0.197,,"{""0"": 250, ""1"": 250, ""2"": null, ""3"": null, ""4"": null, ""5"": null, ""6"": null, ""7"": null}","{""0"": 0.0, ""1"": 0.0, ""2"": null, ""3"": null, ""4"": null, ""5"": null, ""6"": null, ""7"": null}","{""0"": 250, ""1"": 250}",250,1,0,0,0,0.197,ultrasonic-not-close,KEEP,left,right,,0
233,2026-08-01T16:17:37.541+09:00,26.931,232,8.66,1,DRIVING,,0,1,0,-0.265979,0.482162,0.482162,70,784,unknown,0,unknown,0.000000,null,0.000000,0.312,,"{""0"": 250, ""1"": 250, ""2"": null, ""3"": null, ""4"": null, ""5"": null, ""6"": null, ""7"": null}","{""0"": 0.0, ""1"": 0.0, ""2"": null, ""3"": null, ""4"": null, ""5"": null, ""6"": null, ""7"": null}","{""0"": 250, ""1"": 250}",250,1,0,0,0,0.312,ultrasonic-not-close,KEEP,left,right,,0
234,2026-08-01T16:17:37.646+09:00,27.037,233,8.66,1,DRIVING,,0,1,0,-0.267952,0.488244,0.488244,70,783,unknown,0,unknown,0.000000,null,0.000000,0.303,,"{""0"": 250, ""1"": 250, ""2"": null, ""3"": null, ""4"": null, ""5"": null, ""6"": null, ""7"": null}","{""0"": 0.0, ""1"": 0.0, ""2"": null, ""3"": null, ""4"": null, ""5"": null, ""6"": null, ""7"": null}","{""0"": 250, ""1"": 250}",250,1,0,0,0,0.303,ultrasonic-not-close,KEEP,left,right,,0
235,2026-08-01T16:17:37.755+09:00,27.148,234,8.66,1,DRIVING,,0,1,0,-0.263292,0.469690,0.469690,70,784,unknown,0,unknown,0.000000,null,0.000000,0.302,,"{""0"": 250, ""1"": 250, ""2"": null, ""3"": null, ""4"": null, ""5"": null, ""6"": null, ""7"": null}","{""0"": 0.0, ""1"": 0.0, ""2"": null, ""3"": null, ""4"": null, ""5"": null, ""6"": null, ""7"": null}","{""0"": 250, ""1"": 250}",250,1,0,0,0,0.302,ultrasonic-not-close,KEEP,left,right,,0
236,2026-08-01T16:17:37.870+09:00,27.261,235,8.66,1,DRIVING,,0,1,0,-0.263650,0.472247,0.472247,70,784,unknown,0,unknown,0.000000,null,0.000000,0.414,,"{""0"": 250, ""1"": 250, ""2"": null, ""3"": null, ""4"": null, ""5"": null, ""6"": null, ""7"": null}","{""0"": 0.0, ""1"": 0.0, ""2"": null, ""3"": null, ""4"": null, ""5"": null, ""6"": null, ""7"": null}","{""0"": 250, ""1"": 250}",250,1,0,0,0,0.414,ultrasonic-not-close,KEEP,left,right,,0
237,2026-08-01T16:17:37.985+09:00,27.376,236,8.66,1,DRIVING,,0,1,0,-0.265349,0.479061,0.479061,70,784,unknown,1,obstacle-car,0.793378,"[921, 0, 1278, 382]",0.147902,0.306,,"{""0"": 250, ""1"": 250, ""2"": null, ""3"": null, ""4"": null, ""5"": null, ""6"": null, ""7"": null}","{""0"": 0.0, ""1"": 0.0, ""2"": null, ""3"": null, ""4"": null, ""5"": null, ""6"": null, ""7"": null}","{""0"": 250, ""1"": 250}",250,1,0,0,0,0.306,ultrasonic-not-close,KEEP,left,right,,0
238,2026-08-01T16:17:38.094+09:00,27.485,237,8.66,1,DRIVING,,0,1,0,-0.272227,0.503391,0.503391,70,783,green,0,unknown,0.000000,null,0.000000,0.309,,"{""0"": 250, ""1"": 250, ""2"": null, ""3"": null, ""4"": null, ""5"": null, ""6"": null, ""7"": null}","{""0"": 0.0, ""1"": 0.0, ""2"": null, ""3"": null, ""4"": null, ""5"": null, ""6"": null, ""7"": null}","{""0"": 250, ""1"": 250}",250,1,0,0,0,0.309,ultrasonic-not-close,KEEP,left,right,,0
239,2026-08-01T16:17:38.212+09:00,27.603,238,8.66,1,DRIVING,,0,1,0,-0.266964,0.480432,0.480432,70,784,unknown,0,unknown,0.000000,null,0.000000,0.196,,"{""0"": 250, ""1"": 250, ""2"": null, ""3"": null, ""4"": null, ""5"": null, ""6"": null, ""7"": null}","{""0"": 0.0, ""1"": 0.0, ""2"": null, ""3"": null, ""4"": null, ""5"": null, ""6"": null, ""7"": null}","{""0"": 250, ""1"": 250}",250,1,0,0,0,0.196,ultrasonic-not-close,KEEP,left,right,,0
240,2026-08-01T16:17:38.332+09:00,27.723,239,8.66,1,DRIVING,,0,1,0,-0.271323,0.496153,0.496153,70,784,unknown,0,unknown,0.000000,null,0.000000,0.314,,"{""0"": 250, ""1"": 250, ""2"": null, ""3"": null, ""4"": null, ""5"": null, ""6"": null, ""7"": null}","{""0"": 0.0, ""1"": 0.0, ""2"": null, ""3"": null, ""4"": null, ""5"": null, ""6"": null, ""7"": null}","{""0"": 250, ""1"": 250}",250,1,0,0,0,0.314,ultrasonic-not-close,KEEP,left,right,,0
241,2026-08-01T16:17:38.450+09:00,27.839,240,8.66,1,DRIVING,,0,1,0,-0.271021,0.492736,0.492736,70,784,unknown,0,unknown,0.000000,null,0.000000,0.323,,"{""0"": 250, ""1"": 250, ""2"": null, ""3"": null, ""4"": null, ""5"": null, ""6"": null, ""7"": null}","{""0"": 0.0, ""1"": 0.0, ""2"": null, ""3"": null, ""4"": null, ""5"": null, ""6"": null, ""7"": null}","{""0"": 250, ""1"": 250}",250,1,0,0,0,0.323,ultrasonic-not-close,KEEP,left,right,,0
242,2026-08-01T16:17:38.561+09:00,27.952,241,8.66,1,DRIVING,,0,1,0,-0.279244,0.520868,0.520868,70,782,unknown,0,unknown,0.000000,null,0.000000,0.320,,"{""0"": 106, ""1"": 250, ""2"": null, ""3"": null, ""4"": null, ""5"": null, ""6"": null, ""7"": null}","{""0"": 0.0, ""1"": 0.0, ""2"": null, ""3"": null, ""4"": null, ""5"": null, ""6"": null, ""7"": null}","{""0"": 106, ""1"": 250}",106,1,1,0,0,0.320,car-not-detected-or-stale,KEEP,left,right,,0
243,2026-08-01T16:17:38.679+09:00,28.070,242,8.66,1,DRIVING,,0,1,0,-0.281847,0.524771,0.524771,70,782,unknown,0,unknown,0.000000,null,0.000000,0.436,,"{""0"": 101, ""1"": 250, ""2"": null, ""3"": null, ""4"": null, ""5"": null, ""6"": null, ""7"": null}","{""0"": 0.0, ""1"": 0.0, ""2"": null, ""3"": null, ""4"": null, ""5"": null, ""6"": null, ""7"": null}","{""0"": 101, ""1"": 250}",101,1,1,0,0,0.436,car-not-detected-or-stale,KEEP,left,right,,0
244,2026-08-01T16:17:38.789+09:00,28.179,243,8.66,1,DRIVING,,0,1,0,-0.281108,0.516875,0.516875,70,781,unknown,0,unknown,0.000000,null,0.000000,0.306,,"{""0"": 92, ""1"": 250, ""2"": null, ""3"": null, ""4"": null, ""5"": null, ""6"": null, ""7"": null}","{""0"": 0.0, ""1"": 0.0, ""2"": null, ""3"": null, ""4"": null, ""5"": null, ""6"": null, ""7"": null}","{""0"": 92, ""1"": 250}",92,1,1,0,0,0.306,car-not-detected-or-stale,KEEP,left,right,,0
245,2026-08-01T16:17:38.899+09:00,28.291,244,8.66,1,DRIVING,,0,1,0,-0.281219,0.514013,0.514013,70,780,green,0,unknown,0.000000,null,0.000000,0.308,,"{""0"": 87, ""1"": 250, ""2"": null, ""3"": null, ""4"": null, ""5"": null, ""6"": null, ""7"": null}","{""0"": 0.0, ""1"": 0.0, ""2"": null, ""3"": null, ""4"": null, ""5"": null, ""6"": null, ""7"": null}","{""0"": 87, ""1"": 250}",87,1,1,0,0,0.308,car-not-detected-or-stale,KEEP,left,right,,0
246,2026-08-01T16:17:39.017+09:00,28.407,245,8.66,1,DRIVING,,0,1,0,-0.291992,0.550450,0.550450,70,782,unknown,0,unknown,0.000000,null,0.000000,0.196,,"{""0"": 81, ""1"": 250, ""2"": null, ""3"": null, ""4"": null, ""5"": null, ""6"": null, ""7"": null}","{""0"": 0.0, ""1"": 0.0, ""2"": null, ""3"": null, ""4"": null, ""5"": null, ""6"": null, ""7"": null}","{""0"": 81, ""1"": 250}",81,1,1,0,0,0.196,car-not-detected-or-stale,KEEP,left,right,,0
247,2026-08-01T16:17:39.132+09:00,28.523,246,8.66,1,DRIVING,,0,1,0,-0.292706,0.545562,0.545562,50,782,unknown,0,unknown,0.000000,null,0.000000,0.310,,"{""0"": 76, ""1"": 250, ""2"": null, ""3"": null, ""4"": null, ""5"": null, ""6"": null, ""7"": null}","{""0"": 0.0, ""1"": 0.0, ""2"": null, ""3"": null, ""4"": null, ""5"": null, ""6"": null, ""7"": null}","{""0"": 76, ""1"": 250}",76,1,1,0,0,0.310,car-not-detected-or-stale,KEEP,left,right,,0
248,2026-08-01T16:17:39.249+09:00,28.640,247,8.66,1,DRIVING,,0,1,0,-0.293421,0.542526,0.542526,50,781,unknown,0,unknown,0.000000,null,0.000000,0.319,,"{""0"": 72, ""1"": 250, ""2"": null, ""3"": null, ""4"": null, ""5"": null, ""6"": null, ""7"": null}","{""0"": 0.0, ""1"": 0.0, ""2"": null, ""3"": null, ""4"": null, ""5"": null, ""6"": null, ""7"": null}","{""0"": 72, ""1"": 250}",72,1,1,0,0,0.319,car-not-detected-or-stale,KEEP,left,right,,0
249,2026-08-01T16:17:39.363+09:00,28.755,248,8.66,1,DRIVING,,0,1,0,-0.293066,0.536940,0.536940,50,781,unknown,0,unknown,0.000000,null,0.000000,0.200,,"{""0"": 66, ""1"": 250, ""2"": null, ""3"": null, ""4"": null, ""5"": null, ""6"": null, ""7"": null}","{""0"": 0.0, ""1"": 0.001, ""2"": null, ""3"": null, ""4"": null, ""5"": null, ""6"": null, ""7"": null}","{""0"": 66, ""1"": 250}",66,1,1,0,0,0.200,car-not-detected-or-stale,KEEP,left,right,,0
250,2026-08-01T16:17:39.480+09:00,28.870,249,8.66,1,DRIVING,,0,1,0,-0.292302,0.531362,0.531362,70,782,unknown,0,unknown,0.000000,null,0.000000,0.313,,"{""0"": 250, ""1"": 250, ""2"": null, ""3"": null, ""4"": null, ""5"": null, ""6"": null, ""7"": null}","{""0"": 0.0, ""1"": 0.0, ""2"": null, ""3"": null, ""4"": null, ""5"": null, ""6"": null, ""7"": null}","{""0"": 250, ""1"": 250}",250,1,0,0,0,0.313,ultrasonic-not-close,KEEP,left,right,,0
251,2026-08-01T16:17:39.602+09:00,28.992,250,8.66,1,DRIVING,,0,1,0,-0.287506,0.512529,0.512529,70,782,green,0,unknown,0.000000,null,0.000000,0.320,,"{""0"": 250, ""1"": 250, ""2"": null, ""3"": null, ""4"": null, ""5"": null, ""6"": null, ""7"": null}","{""0"": 0.0, ""1"": 0.0, ""2"": null, ""3"": null, ""4"": null, ""5"": null, ""6"": null, ""7"": null}","{""0"": 250, ""1"": 250}",250,1,0,0,0,0.320,ultrasonic-not-close,KEEP,left,right,,0
252,2026-08-01T16:17:39.712+09:00,29.103,251,8.66,1,DRIVING,,0,1,0,-0.285589,0.507123,0.507123,70,781,unknown,0,unknown,0.000000,null,0.000000,0.319,,"{""0"": 250, ""1"": 250, ""2"": null, ""3"": null, ""4"": null, ""5"": null, ""6"": null, ""7"": null}","{""0"": 0.0, ""1"": 0.0, ""2"": null, ""3"": null, ""4"": null, ""5"": null, ""6"": null, ""7"": null}","{""0"": 250, ""1"": 250}",250,1,0,0,0,0.319,ultrasonic-not-close,KEEP,left,right,,0
253,2026-08-01T16:17:39.826+09:00,29.215,252,8.66,1,DRIVING,,0,1,0,-0.278767,0.484645,0.484645,70,782,red,0,unknown,0.000000,null,0.000000,0.193,,"{""0"": 250, ""1"": 250, ""2"": null, ""3"": null, ""4"": null, ""5"": null, ""6"": null, ""7"": null}","{""0"": 0.0, ""1"": 0.0, ""2"": null, ""3"": null, ""4"": null, ""5"": null, ""6"": null, ""7"": null}","{""0"": 250, ""1"": 250}",250,1,0,0,0,0.193,ultrasonic-not-close,KEEP,left,right,,0
254,2026-08-01T16:17:39.938+09:00,29.327,253,8.66,1,DRIVING,,0,1,0,-0.256869,0.410954,0.410954,70,782,unknown,0,unknown,0.000000,null,0.000000,0.303,,"{""0"": 250, ""1"": 250, ""2"": null, ""3"": null, ""4"": null, ""5"": null, ""6"": null, ""7"": null}","{""0"": 0.0, ""1"": 0.0, ""2"": null, ""3"": null, ""4"": null, ""5"": null, ""6"": null, ""7"": null}","{""0"": 250, ""1"": 250}",250,1,0,0,0,0.303,ultrasonic-not-close,KEEP,left,right,,0
255,2026-08-01T16:17:40.041+09:00,29.432,254,8.67,1,DRIVING,,0,1,0,-0.245091,0.383976,0.383976,70,781,unknown,0,unknown,0.000000,null,0.000000,0.299,,"{""0"": 250, ""1"": 250, ""2"": null, ""3"": null, ""4"": null, ""5"": null, ""6"": null, ""7"": null}","{""0"": 0.0, ""1"": 0.0, ""2"": null, ""3"": null, ""4"": null, ""5"": null, ""6"": null, ""7"": null}","{""0"": 250, ""1"": 250}",250,1,0,0,0,0.299,ultrasonic-not-close,KEEP,left,right,,0
256,2026-08-01T16:17:40.162+09:00,29.553,255,8.67,1,DRIVING,,0,1,0,-0.239068,0.379451,0.379451,70,782,unknown,0,unknown,0.000000,null,0.000000,0.193,,"{""0"": 250, ""1"": 250, ""2"": null, ""3"": null, ""4"": null, ""5"": null, ""6"": null, ""7"": null}","{""0"": 0.0, ""1"": 0.0, ""2"": null, ""3"": null, ""4"": null, ""5"": null, ""6"": null, ""7"": null}","{""0"": 250, ""1"": 250}",250,1,0,0,0,0.193,ultrasonic-not-close,KEEP,left,right,,0
257,2026-08-01T16:17:40.276+09:00,29.667,256,8.67,1,DRIVING,,0,1,0,-0.230285,0.363092,0.363092,70,781,unknown,0,unknown,0.000000,null,0.000000,0.306,,"{""0"": 250, ""1"": 250, ""2"": null, ""3"": null, ""4"": null, ""5"": null, ""6"": null, ""7"": null}","{""0"": 0.0, ""1"": 0.0, ""2"": null, ""3"": null, ""4"": null, ""5"": null, ""6"": null, ""7"": null}","{""0"": 250, ""1"": 250}",250,1,0,0,0,0.306,ultrasonic-not-close,KEEP,left,right,,0
258,2026-08-01T16:17:40.381+09:00,29.772,257,8.67,1,DRIVING,,0,1,0,-0.218005,0.334311,0.334311,70,781,red,0,unknown,0.000000,null,0.000000,0.309,,"{""0"": 250, ""1"": 250, ""2"": null, ""3"": null, ""4"": null, ""5"": null, ""6"": null, ""7"": null}","{""0"": 0.0, ""1"": 0.0, ""2"": null, ""3"": null, ""4"": null, ""5"": null, ""6"": null, ""7"": null}","{""0"": 250, ""1"": 250}",250,1,0,0,0,0.309,ultrasonic-not-close,KEEP,left,right,,0
259,2026-08-01T16:17:40.506+09:00,29.897,258,8.67,1,DRIVING,,0,1,0,-0.230225,0.395732,0.395732,70,777,green,0,unknown,0.000000,null,0.000000,0.315,,"{""0"": 250, ""1"": 200, ""2"": null, ""3"": null, ""4"": null, ""5"": null, ""6"": null, ""7"": null}","{""0"": 0.0, ""1"": 0.0, ""2"": null, ""3"": null, ""4"": null, ""5"": null, ""6"": null, ""7"": null}","{""0"": 250, ""1"": 200}",200,1,0,0,0,0.315,ultrasonic-not-close,KEEP,left,right,,0
260,2026-08-01T16:17:40.622+09:00,30.012,259,8.67,1,DRIVING,,0,1,0,-0.215012,0.346568,0.346568,70,777,unknown,0,unknown,0.000000,null,0.000000,0.428,,"{""0"": 82, ""1"": 194, ""2"": null, ""3"": null, ""4"": null, ""5"": null, ""6"": null, ""7"": null}","{""0"": 0.0, ""1"": 0.0, ""2"": null, ""3"": null, ""4"": null, ""5"": null, ""6"": null, ""7"": null}","{""0"": 82, ""1"": 194}",82,1,1,0,0,0.428,car-not-detected-or-stale,KEEP,left,right,,0
261,2026-08-01T16:17:40.735+09:00,30.125,260,8.67,1,DRIVING,,0,1,0,-0.203491,0.317227,0.317227,70,777,unknown,0,unknown,0.000000,null,0.000000,0.322,,"{""0"": 250, ""1"": 185, ""2"": null, ""3"": null, ""4"": null, ""5"": null, ""6"": null, ""7"": null}","{""0"": 0.0, ""1"": 0.0, ""2"": null, ""3"": null, ""4"": null, ""5"": null, ""6"": null, ""7"": null}","{""0"": 250, ""1"": 185}",185,1,0,0,0,0.322,ultrasonic-not-close,KEEP,left,right,,0
262,2026-08-01T16:17:40.849+09:00,30.240,261,8.67,1,DRIVING,,0,1,0,-0.191956,0.290419,0.290419,70,776,unknown,0,unknown,0.000000,null,0.000000,0.313,,"{""0"": 250, ""1"": 180, ""2"": null, ""3"": null, ""4"": null, ""5"": null, ""6"": null, ""7"": null}","{""0"": 0.0, ""1"": 0.0, ""2"": null, ""3"": null, ""4"": null, ""5"": null, ""6"": null, ""7"": null}","{""0"": 250, ""1"": 180}",180,1,0,0,0,0.313,ultrasonic-not-close,KEEP,left,right,,0
263,2026-08-01T16:17:40.969+09:00,30.359,262,8.67,1,DRIVING,,0,1,0,-0.171818,0.234451,0.234451,70,775,green,1,obstacle-car,0.765221,"[446, 322, 667, 511]",0.045300,0.203,,"{""0"": 181, ""1"": 170, ""2"": null, ""3"": null, ""4"": null, ""5"": null, ""6"": null, ""7"": null}","{""0"": 0.0, ""1"": 0.0, ""2"": null, ""3"": null, ""4"": null, ""5"": null, ""6"": null, ""7"": null}","{""0"": 181, ""1"": 170}",170,1,0,0,0,0.203,ultrasonic-not-close,KEEP,left,right,,0
264,2026-08-01T16:17:41.083+09:00,30.472,263,8.67,1,DRIVING,,0,1,0,-0.160400,0.215793,0.215793,50,771,green,1,obstacle-car,0.765221,"[446, 322, 667, 511]",0.045300,0.313,,"{""0"": 63, ""1"": 165, ""2"": null, ""3"": null, ""4"": null, ""5"": null, ""6"": null, ""7"": null}","{""0"": 0.0, ""1"": 0.0, ""2"": null, ""3"": null, ""4"": null, ""5"": null, ""6"": null, ""7"": null}","{""0"": 63, ""1"": 165}",63,1,1,1,1,0.313,car+ultrasonic,KEEP,left,right,,0
265,2026-08-01T16:17:41.194+09:00,30.585,264,8.67,1,DRIVING,,0,1,0,-0.143014,0.175081,0.175081,50,765,unknown,1,obstacle-car,0.794944,"[459, 314, 680, 520]",0.049465,0.314,,"{""0"": 57, ""1"": 158, ""2"": null, ""3"": null, ""4"": null, ""5"": null, ""6"": null, ""7"": null}","{""0"": 0.0, ""1"": 0.0, ""2"": null, ""3"": null, ""4"": null, ""5"": null, ""6"": null, ""7"": null}","{""0"": 57, ""1"": 158}",57,1,1,1,2,0.314,car+ultrasonic,KEEP,left,right,,0
266,2026-08-01T16:17:41.315+09:00,30.706,265,8.67,1,DRIVING,,0,1,0,-0.135862,0.174038,0.174038,70,765,unknown,1,obstacle-car,0.775876,"[466, 313, 701, 518]",0.052484,0.202,,"{""0"": 152, ""1"": 152, ""2"": null, ""3"": null, ""4"": null, ""5"": null, ""6"": null, ""7"": null}","{""0"": 0.0, ""1"": 0.0, ""2"": null, ""3"": null, ""4"": null, ""5"": null, ""6"": null, ""7"": null}","{""0"": 152, ""1"": 152}",152,1,0,0,0,0.202,ultrasonic-not-close,KEEP,left,right,,0
267,2026-08-01T16:17:41.433+09:00,30.823,266,8.67,1,DRIVING,,0,1,0,-0.124825,0.155458,0.155458,70,765,unknown,1,obstacle-car,0.775876,"[466, 313, 701, 518]",0.052484,0.318,,"{""0"": 147, ""1"": 144, ""2"": null, ""3"": null, ""4"": null, ""5"": null, ""6"": null, ""7"": null}","{""0"": 0.0, ""1"": 0.0, ""2"": null, ""3"": null, ""4"": null, ""5"": null, ""6"": null, ""7"": null}","{""0"": 147, ""1"": 144}",144,1,1,1,1,0.318,car+ultrasonic,KEEP,left,right,,0
268,2026-08-01T16:17:41.549+09:00,30.940,267,8.66,1,DRIVING,,0,1,0,-0.117229,0.148881,0.148881,70,762,green,1,obstacle-car,0.642061,"[475, 312, 720, 518]",0.054644,0.325,,"{""0"": 138, ""1"": 138, ""2"": null, ""3"": null, ""4"": null, ""5"": null, ""6"": null, ""7"": null}","{""0"": 0.0, ""1"": 0.0, ""2"": null, ""3"": null, ""4"": null, ""5"": null, ""6"": null, ""7"": null}","{""0"": 138, ""1"": 138}",138,1,1,1,2,0.325,car+ultrasonic,KEEP,left,right,,0
269,2026-08-01T16:17:41.665+09:00,31.055,268,8.67,1,AVOIDING_OBSTACLE,state:DRIVING->AVOIDING_OBSTACLE;phase:KEEP->CHANGING,0,1,0,-0.101922,0.000000,1.000000,70,759,unknown,1,obstacle-car,0.897362,"[480, 313, 744, 531]",0.062533,0.199,,"{""0"": 133, ""1"": 132, ""2"": null, ""3"": null, ""4"": null, ""5"": null, ""6"": null, ""7"": null}","{""0"": 0.0, ""1"": 0.0, ""2"": null, ""3"": null, ""4"": null, ""5"": null, ""6"": null, ""7"": null}","{""0"": 133, ""1"": 132}",132,1,1,1,0,0.199,car+ultrasonic,CHANGING,left,right,left,0
270,2026-08-01T16:17:41.776+09:00,31.167,269,8.67,1,AVOIDING_OBSTACLE,,0,0,0,,0.000000,1.000000,70,760,unknown,1,obstacle-car,0.897362,"[480, 313, 744, 531]",0.062533,0.310,,"{""0"": 126, ""1"": 124, ""2"": null, ""3"": null, ""4"": null, ""5"": null, ""6"": null, ""7"": null}","{""0"": 0.0, ""1"": 0.0, ""2"": null, ""3"": null, ""4"": null, ""5"": null, ""6"": null, ""7"": null}",{},,1,0,1,0,,maneuver-locked,CHANGING,left,right,left,0
271,2026-08-01T16:17:41.889+09:00,31.281,270,8.67,1,AVOIDING_OBSTACLE,,0,0,0,,0.000000,1.000000,70,767,unknown,1,obstacle-car,0.945429,"[485, 310, 762, 533]",0.067024,0.309,,"{""0"": 120, ""1"": 117, ""2"": null, ""3"": null, ""4"": null, ""5"": null, ""6"": null, ""7"": null}","{""0"": 0.0, ""1"": 0.0, ""2"": null, ""3"": null, ""4"": null, ""5"": null, ""6"": null, ""7"": null}",{},,1,0,1,0,,maneuver-locked,CHANGING,left,right,left,0
272,2026-08-01T16:17:42.002+09:00,31.393,271,8.67,1,AVOIDING_OBSTACLE,,0,0,0,,0.000000,1.000000,70,806,unknown,1,obstacle-car,0.943852,"[486, 307, 782, 539]",0.074664,0.194,,"{""0"": 111, ""1"": 112, ""2"": null, ""3"": null, ""4"": null, ""5"": null, ""6"": null, ""7"": null}","{""0"": 0.0, ""1"": 0.0, ""2"": null, ""3"": null, ""4"": null, ""5"": null, ""6"": null, ""7"": null}",{},,1,0,1,0,,maneuver-locked,CHANGING,left,right,left,0
273,2026-08-01T16:17:42.123+09:00,31.515,272,8.67,1,AVOIDING_OBSTACLE,,0,0,0,,0.000000,1.000000,70,817,unknown,1,obstacle-car,0.943852,"[486, 307, 782, 539]",0.074664,0.315,,"{""0"": 104, ""1"": 103, ""2"": null, ""3"": null, ""4"": null, ""5"": null, ""6"": null, ""7"": null}","{""0"": 0.0, ""1"": 0.0, ""2"": null, ""3"": null, ""4"": null, ""5"": null, ""6"": null, ""7"": null}",{},,1,0,1,0,,maneuver-locked,CHANGING,left,right,left,0
274,2026-08-01T16:17:42.239+09:00,31.629,273,8.67,1,AVOIDING_OBSTACLE,,0,0,0,,0.000000,1.000000,70,817,unknown,1,obstacle-car,0.965993,"[481, 305, 791, 550]",0.082584,0.317,,"{""0"": 98, ""1"": 98, ""2"": null, ""3"": null, ""4"": null, ""5"": null, ""6"": null, ""7"": null}","{""0"": 0.0, ""1"": 0.0, ""2"": null, ""3"": null, ""4"": null, ""5"": null, ""6"": null, ""7"": null}",{},,1,0,1,0,,maneuver-locked,CHANGING,left,right,left,0
275,2026-08-01T16:17:42.355+09:00,31.746,274,8.67,1,AVOIDING_OBSTACLE,,0,0,0,,0.000000,1.000000,70,817,unknown,1,obstacle-car,0.973020,"[479, 309, 798, 553]",0.084141,0.322,,"{""0"": 89, ""1"": 92, ""2"": null, ""3"": null, ""4"": null, ""5"": null, ""6"": null, ""7"": null}","{""0"": 0.0, ""1"": 0.0, ""2"": null, ""3"": null, ""4"": null, ""5"": null, ""6"": null, ""7"": null}",{},,1,0,1,0,,maneuver-locked,CHANGING,left,right,left,0
276,2026-08-01T16:17:42.477+09:00,31.869,275,8.66,1,AVOIDING_OBSTACLE,,0,0,0,,0.000000,1.000000,70,818,unknown,1,obstacle-car,0.990838,"[543, 288, 920, 597]",0.126654,0.205,,"{""0"": 83, ""1"": 85, ""2"": null, ""3"": null, ""4"": null, ""5"": null, ""6"": null, ""7"": null}","{""0"": 0.0, ""1"": 0.0, ""2"": null, ""3"": null, ""4"": null, ""5"": null, ""6"": null, ""7"": null}",{},,1,0,1,0,,maneuver-locked,CHANGING,left,right,left,0
277,2026-08-01T16:17:42.595+09:00,31.986,276,8.66,1,AVOIDING_OBSTACLE,,0,0,0,,0.000000,1.000000,70,818,unknown,1,obstacle-car,0.990838,"[543, 288, 920, 597]",0.126654,0.323,,"{""0"": 78, ""1"": 79, ""2"": null, ""3"": null, ""4"": null, ""5"": null, ""6"": null, ""7"": null}","{""0"": 0.0, ""1"": 0.0, ""2"": null, ""3"": null, ""4"": null, ""5"": null, ""6"": null, ""7"": null}",{},,1,0,1,0,,maneuver-locked,CHANGING,left,right,left,0
278,2026-08-01T16:17:42.706+09:00,32.097,277,8.66,1,AVOIDING_OBSTACLE,,0,0,0,,0.000000,1.000000,70,818,unknown,1,obstacle-car,0.939658,"[589, 289, 989, 607]",0.138307,0.322,,"{""0"": 69, ""1"": 75, ""2"": null, ""3"": null, ""4"": null, ""5"": null, ""6"": null, ""7"": null}","{""0"": 0.0, ""1"": 0.0, ""2"": null, ""3"": null, ""4"": null, ""5"": null, ""6"": null, ""7"": null}",{},,1,0,1,0,,maneuver-locked,CHANGING,left,right,left,0
279,2026-08-01T16:17:42.819+09:00,32.210,278,8.66,1,AVOIDING_OBSTACLE,,0,0,0,,0.000000,1.000000,70,817,unknown,1,obstacle-car,0.950905,"[661, 278, 1096, 631]",0.166516,0.192,,"{""0"": 64, ""1"": 72, ""2"": null, ""3"": null, ""4"": null, ""5"": null, ""6"": null, ""7"": null}","{""0"": 0.0, ""1"": 0.0, ""2"": null, ""3"": null, ""4"": null, ""5"": null, ""6"": null, ""7"": null}",{},,1,0,1,0,,maneuver-locked,CHANGING,left,right,left,0
280,2026-08-01T16:17:42.942+09:00,32.333,279,8.66,1,AVOIDING_OBSTACLE,,0,0,0,,0.000000,1.000000,70,819,unknown,1,obstacle-car,0.950905,"[661, 278, 1096, 631]",0.166516,0.313,,"{""0"": 59, ""1"": 65, ""2"": null, ""3"": null, ""4"": null, ""5"": null, ""6"": null, ""7"": null}","{""0"": 0.0, ""1"": 0.0, ""2"": null, ""3"": null, ""4"": null, ""5"": null, ""6"": null, ""7"": null}",{},,1,0,1,0,,maneuver-locked,CHANGING,left,right,left,0
281,2026-08-01T16:17:43.054+09:00,32.445,280,8.66,1,AVOIDING_OBSTACLE,,0,0,0,,0.000000,1.000000,70,821,green,1,obstacle-car,0.989703,"[691, 275, 1173, 643]",0.192533,0.316,,"{""0"": 52, ""1"": 64, ""2"": null, ""3"": null, ""4"": null, ""5"": null, ""6"": null, ""7"": null}","{""0"": 0.0, ""1"": 0.0, ""2"": null, ""3"": null, ""4"": null, ""5"": null, ""6"": null, ""7"": null}",{},,1,0,1,0,,maneuver-locked,CHANGING,left,right,left,0
282,2026-08-01T16:17:43.183+09:00,32.575,281,8.66,1,AVOIDING_OBSTACLE,,0,0,0,,0.000000,1.000000,70,820,green,1,obstacle-car,0.989994,"[747, 271, 1254, 710]",0.241461,0.335,,"{""0"": 48, ""1"": 250, ""2"": null, ""3"": null, ""4"": null, ""5"": null, ""6"": null, ""7"": null}","{""0"": 0.0, ""1"": 0.0, ""2"": null, ""3"": null, ""4"": null, ""5"": null, ""6"": null, ""7"": null}",{},,1,0,1,0,,maneuver-locked,CHANGING,left,right,left,0
283,2026-08-01T16:17:43.298+09:00,32.689,282,8.66,1,AVOIDING_OBSTACLE,,0,0,0,,0.000000,1.000000,70,821,unknown,1,obstacle-car,0.968223,"[897, 232, 1272, 712]",0.195022,0.213,,"{""0"": 46, ""1"": 250, ""2"": null, ""3"": null, ""4"": null, ""5"": null, ""6"": null, ""7"": null}","{""0"": 0.0, ""1"": 0.0, ""2"": null, ""3"": null, ""4"": null, ""5"": null, ""6"": null, ""7"": null}",{},,1,0,1,0,,maneuver-locked,CHANGING,left,right,left,0
284,2026-08-01T16:17:43.424+09:00,32.814,283,8.66,1,AVOIDING_OBSTACLE,,0,0,0,,0.000000,1.000000,70,820,green,1,obstacle-car,0.968223,"[897, 232, 1272, 712]",0.195022,0.337,,"{""0"": 45, ""1"": 250, ""2"": null, ""3"": null, ""4"": null, ""5"": null, ""6"": null, ""7"": null}","{""0"": 0.0, ""1"": 0.0, ""2"": null, ""3"": null, ""4"": null, ""5"": null, ""6"": null, ""7"": null}",{},,1,0,1,0,,maneuver-locked,CHANGING,left,right,left,0
285,2026-08-01T16:17:43.535+09:00,32.926,284,8.66,1,AVOIDING_OBSTACLE,,0,0,0,,0.000000,1.000000,70,819,unknown,1,obstacle-car,0.975898,"[974, 218, 1274, 713]",0.161054,0.321,,"{""0"": 99, ""1"": 250, ""2"": null, ""3"": null, ""4"": null, ""5"": null, ""6"": null, ""7"": null}","{""0"": 0.0, ""1"": 0.0, ""2"": null, ""3"": null, ""4"": null, ""5"": null, ""6"": null, ""7"": null}",{},,1,0,1,0,,maneuver-locked,CHANGING,left,right,left,0
286,2026-08-01T16:17:43.649+09:00,33.040,285,8.66,1,AVOIDING_OBSTACLE,,0,0,0,,0.000000,1.000000,70,819,unknown,1,obstacle-car,0.865321,"[1099, 287, 1280, 716]",0.084046,0.194,,"{""0"": 250, ""1"": 250, ""2"": null, ""3"": null, ""4"": null, ""5"": null, ""6"": null, ""7"": null}","{""0"": 0.0, ""1"": 0.0, ""2"": null, ""3"": null, ""4"": null, ""5"": null, ""6"": null, ""7"": null}",{},,1,0,1,0,,maneuver-locked,CHANGING,left,right,left,0
287,2026-08-01T16:17:43.762+09:00,33.152,286,8.66,1,AVOIDING_OBSTACLE,,0,0,0,,0.000000,1.000000,70,821,unknown,1,obstacle-car,0.865321,"[1099, 287, 1280, 716]",0.084046,0.305,,"{""0"": 250, ""1"": 250, ""2"": null, ""3"": null, ""4"": null, ""5"": null, ""6"": null, ""7"": null}","{""0"": 0.0, ""1"": 0.0, ""2"": null, ""3"": null, ""4"": null, ""5"": null, ""6"": null, ""7"": null}",{},,1,0,1,0,,maneuver-locked,CHANGING,left,right,left,0
288,2026-08-01T16:17:43.873+09:00,33.264,287,8.66,1,AVOIDING_OBSTACLE,phase:CHANGING->COUNTER_STEER,0,0,0,,0.000000,-1.000000,70,820,green,0,unknown,0.000000,null,0.000000,0.307,,"{""0"": 250, ""1"": 250, ""2"": null, ""3"": null, ""4"": null, ""5"": null, ""6"": null, ""7"": null}","{""0"": 0.0, ""1"": 0.0, ""2"": null, ""3"": null, ""4"": null, ""5"": null, ""6"": null, ""7"": null}",{},,1,0,1,0,,maneuver-locked,COUNTER_STEER,left,right,left,0
289,2026-08-01T16:17:43.985+09:00,33.377,288,8.66,1,AVOIDING_OBSTACLE,,0,0,0,,0.000000,-1.000000,70,817,green,0,unknown,0.000000,null,0.000000,0.308,,"{""0"": 250, ""1"": 250, ""2"": null, ""3"": null, ""4"": null, ""5"": null, ""6"": null, ""7"": null}","{""0"": 0.0, ""1"": 0.0, ""2"": null, ""3"": null, ""4"": null, ""5"": null, ""6"": null, ""7"": null}",{},,1,0,1,0,,maneuver-locked,COUNTER_STEER,left,right,left,0
290,2026-08-01T16:17:44.098+09:00,33.489,289,8.66,1,AVOIDING_OBSTACLE,,0,0,0,,0.000000,-1.000000,70,805,unknown,0,unknown,0.000000,null,0.000000,0.418,,"{""0"": 250, ""1"": 250, ""2"": null, ""3"": null, ""4"": null, ""5"": null, ""6"": null, ""7"": null}","{""0"": 0.0, ""1"": 0.0, ""2"": null, ""3"": null, ""4"": null, ""5"": null, ""6"": null, ""7"": null}",{},,1,0,1,0,,maneuver-locked,COUNTER_STEER,left,right,left,0
291,2026-08-01T16:17:44.226+09:00,33.616,290,8.66,1,AVOIDING_OBSTACLE,,0,0,0,,0.000000,-1.000000,70,711,unknown,0,unknown,0.000000,null,0.000000,0.319,,"{""0"": 250, ""1"": 250, ""2"": null, ""3"": null, ""4"": null, ""5"": null, ""6"": null, ""7"": null}","{""0"": 0.0, ""1"": 0.0, ""2"": null, ""3"": null, ""4"": null, ""5"": null, ""6"": null, ""7"": null}",{},,1,0,1,0,,maneuver-locked,COUNTER_STEER,left,right,left,0
292,2026-08-01T16:17:44.339+09:00,33.730,291,8.66,1,AVOIDING_OBSTACLE,,0,0,0,,0.000000,-1.000000,70,700,unknown,0,unknown,0.000000,null,0.000000,0.324,,"{""0"": 250, ""1"": 250, ""2"": null, ""3"": null, ""4"": null, ""5"": null, ""6"": null, ""7"": null}","{""0"": 0.0, ""1"": 0.0, ""2"": null, ""3"": null, ""4"": null, ""5"": null, ""6"": null, ""7"": null}",{},,1,0,1,0,,maneuver-locked,COUNTER_STEER,left,right,left,0
293,2026-08-01T16:17:44.451+09:00,33.843,292,8.66,1,AVOIDING_OBSTACLE,,0,0,0,,0.000000,-1.000000,70,687,unknown,0,unknown,0.000000,null,0.000000,0.197,,"{""0"": 250, ""1"": 250, ""2"": null, ""3"": null, ""4"": null, ""5"": null, ""6"": null, ""7"": null}","{""0"": 0.0, ""1"": 0.0, ""2"": null, ""3"": null, ""4"": null, ""5"": null, ""6"": null, ""7"": null}",{},,1,0,1,0,,maneuver-locked,COUNTER_STEER,left,right,left,0
294,2026-08-01T16:17:44.567+09:00,33.958,293,8.66,1,AVOIDING_OBSTACLE,,0,0,0,,0.000000,-1.000000,70,687,unknown,0,unknown,0.000000,null,0.000000,0.310,,"{""0"": 250, ""1"": 250, ""2"": null, ""3"": null, ""4"": null, ""5"": null, ""6"": null, ""7"": null}","{""0"": 0.0, ""1"": 0.0, ""2"": null, ""3"": null, ""4"": null, ""5"": null, ""6"": null, ""7"": null}",{},,1,0,1,0,,maneuver-locked,COUNTER_STEER,left,right,left,0
295,2026-08-01T16:17:44.678+09:00,34.069,294,8.66,1,AVOIDING_OBSTACLE,,0,0,0,,0.000000,-1.000000,70,687,green,0,unknown,0.000000,null,0.000000,0.308,,"{""0"": 250, ""1"": 250, ""2"": null, ""3"": null, ""4"": null, ""5"": null, ""6"": null, ""7"": null}","{""0"": 0.0, ""1"": 0.0, ""2"": null, ""3"": null, ""4"": null, ""5"": null, ""6"": null, ""7"": null}",{},,1,0,1,0,,maneuver-locked,COUNTER_STEER,left,right,left,0
296,2026-08-01T16:17:44.787+09:00,34.178,295,8.66,1,AVOIDING_OBSTACLE,,0,0,0,,0.000000,-1.000000,70,687,green,0,unknown,0.000000,null,0.000000,0.189,,"{""0"": 250, ""1"": 250, ""2"": null, ""3"": null, ""4"": null, ""5"": null, ""6"": null, ""7"": null}","{""0"": 0.0, ""1"": 0.0, ""2"": null, ""3"": null, ""4"": null, ""5"": null, ""6"": null, ""7"": null}",{},,1,0,1,0,,maneuver-locked,COUNTER_STEER,left,right,left,0
297,2026-08-01T16:17:44.902+09:00,34.291,296,8.66,1,DRIVING,state:AVOIDING_OBSTACLE->DRIVING;phase:COUNTER_STEER->KEEP,0,0,0,,0.000000,0.000000,70,687,unknown,0,unknown,0.000000,null,0.000000,0.300,,"{""0"": 250, ""1"": 250, ""2"": null, ""3"": null, ""4"": null, ""5"": null, ""6"": null, ""7"": null}","{""0"": 0.0, ""1"": 0.0, ""2"": null, ""3"": null, ""4"": null, ""5"": null, ""6"": null, ""7"": null}",{},,1,0,1,0,,maneuver-locked,KEEP,,,,0
298,2026-08-01T16:17:45.011+09:00,34.402,297,8.67,1,DRIVING,,0,1,0,0.171563,-0.308813,-0.308813,70,698,green,0,unknown,0.000000,null,0.000000,0.302,,"{""0"": 250, ""1"": 250, ""2"": null, ""3"": null, ""4"": null, ""5"": null, ""6"": null, ""7"": null}","{""0"": 0.0, ""1"": 0.0, ""2"": null, ""3"": null, ""4"": null, ""5"": null, ""6"": null, ""7"": null}","{""0"": 250, ""1"": 250}",250,1,0,0,0,0.302,ultrasonic-not-close,KEEP,right,,,0
299,2026-08-01T16:17:45.121+09:00,34.513,298,8.67,1,DRIVING,,0,1,0,0.148698,-0.226500,-0.226500,70,714,green,0,unknown,0.000000,null,0.000000,0.305,,"{""0"": 250, ""1"": 250, ""2"": null, ""3"": null, ""4"": null, ""5"": null, ""6"": null, ""7"": null}","{""0"": 0.0, ""1"": 0.0, ""2"": null, ""3"": null, ""4"": null, ""5"": null, ""6"": null, ""7"": null}","{""0"": 250, ""1"": 250}",250,1,0,0,0,0.305,ultrasonic-not-close,KEEP,right,,,0
300,2026-08-01T16:17:45.236+09:00,34.628,299,8.67,1,DRIVING,,0,1,0,0.133073,-0.182597,-0.182597,70,720,green,0,unknown,0.000000,null,0.000000,0.419,,"{""0"": 250, ""1"": 250, ""2"": null, ""3"": null, ""4"": null, ""5"": null, ""6"": null, ""7"": null}","{""0"": 0.0, ""1"": 0.0, ""2"": null, ""3"": null, ""4"": null, ""5"": null, ""6"": null, ""7"": null}","{""0"": 250, ""1"": 250}",250,1,0,0,0,0.419,ultrasonic-not-close,KEEP,right,,,0
301,2026-08-01T16:17:45.363+09:00,34.753,300,8.66,1,DRIVING,,0,1,0,0.113452,-0.129041,-0.129041,70,721,green,0,unknown,0.000000,null,0.000000,0.319,,"{""0"": 250, ""1"": 250, ""2"": null, ""3"": null, ""4"": null, ""5"": null, ""6"": null, ""7"": null}","{""0"": 0.0, ""1"": 0.0, ""2"": null, ""3"": null, ""4"": null, ""5"": null, ""6"": null, ""7"": null}","{""0"": 250, ""1"": 250}",250,1,0,0,0,0.319,ultrasonic-not-close,KEEP,right,,,0
302,2026-08-01T16:17:45.475+09:00,34.866,301,8.66,1,DRIVING,,0,1,0,0.094975,-0.085077,-0.085077,70,726,green,0,unknown,0.000000,null,0.000000,0.325,,"{""0"": 250, ""1"": 250, ""2"": null, ""3"": null, ""4"": null, ""5"": null, ""6"": null, ""7"": null}","{""0"": 0.0, ""1"": 0.0, ""2"": null, ""3"": null, ""4"": null, ""5"": null, ""6"": null, ""7"": null}","{""0"": 250, ""1"": 250}",250,1,0,0,0,0.325,ultrasonic-not-close,KEEP,right,,,0
303,2026-08-01T16:17:45.589+09:00,34.980,302,8.66,1,DRIVING,,0,1,0,0.089692,-0.091821,-0.091821,70,730,green,0,unknown,0.000000,null,0.000000,0.196,,"{""0"": 250, ""1"": 250, ""2"": null, ""3"": null, ""4"": null, ""5"": null, ""6"": null, ""7"": null}","{""0"": 0.0, ""1"": 0.0, ""2"": null, ""3"": null, ""4"": null, ""5"": null, ""6"": null, ""7"": null}","{""0"": 250, ""1"": 250}",250,1,0,0,0,0.196,ultrasonic-not-close,KEEP,right,,,0
304,2026-08-01T16:17:45.710+09:00,35.100,303,8.66,1,DRIVING,,0,1,0,0.077773,-0.069802,-0.069802,70,730,green,0,unknown,0.000000,null,0.000000,0.314,,"{""0"": 167, ""1"": 250, ""2"": null, ""3"": null, ""4"": null, ""5"": null, ""6"": null, ""7"": null}","{""0"": 0.0, ""1"": 0.0, ""2"": null, ""3"": null, ""4"": null, ""5"": null, ""6"": null, ""7"": null}","{""0"": 167, ""1"": 250}",167,1,0,0,0,0.314,ultrasonic-not-close,KEEP,right,,,0
305,2026-08-01T16:17:45.819+09:00,35.212,304,8.66,1,DRIVING,,0,1,0,0.079558,-0.097284,-0.097284,70,731,green,0,unknown,0.000000,null,0.000000,0.316,,"{""0"": 161, ""1"": 166, ""2"": null, ""3"": null, ""4"": null, ""5"": null, ""6"": null, ""7"": null}","{""0"": 0.0, ""1"": 0.0, ""2"": null, ""3"": null, ""4"": null, ""5"": null, ""6"": null, ""7"": null}","{""0"": 161, ""1"": 166}",161,1,0,0,0,0.316,ultrasonic-not-close,KEEP,right,,,0
306,2026-08-01T16:17:45.934+09:00,35.325,305,8.67,1,DRIVING,,0,1,0,-0.038474,0.313857,0.313857,70,731,green,0,unknown,0.000000,null,0.000000,0.314,,"{""0"": 250, ""1"": 156, ""2"": null, ""3"": null, ""4"": null, ""5"": null, ""6"": null, ""7"": null}","{""0"": 0.0, ""1"": 0.0, ""2"": null, ""3"": null, ""4"": null, ""5"": null, ""6"": null, ""7"": null}","{""0"": 250, ""1"": 156}",156,1,0,0,0,0.314,ultrasonic-not-close,KEEP,,,,0
307,2026-08-01T16:17:46.056+09:00,35.447,306,8.66,1,DRIVING,,0,1,0,0.067969,-0.142719,-0.142719,70,737,green,0,unknown,0.000000,null,0.000000,0.436,,"{""0"": 250, ""1"": 149, ""2"": null, ""3"": null, ""4"": null, ""5"": null, ""6"": null, ""7"": null}","{""0"": 0.0, ""1"": 0.0, ""2"": null, ""3"": null, ""4"": null, ""5"": null, ""6"": null, ""7"": null}","{""0"": 250, ""1"": 149}",149,1,1,0,0,0.436,car-not-detected-or-stale,KEEP,right,,,0
308,2026-08-01T16:17:46.165+09:00,35.556,307,8.67,1,DRIVING,,0,1,0,0.054688,-0.088794,-0.088794,70,745,green,0,unknown,0.000000,null,0.000000,0.314,,"{""0"": 140, ""1"": 143, ""2"": null, ""3"": null, ""4"": null, ""5"": null, ""6"": null, ""7"": null}","{""0"": 0.0, ""1"": 0.0, ""2"": null, ""3"": null, ""4"": null, ""5"": null, ""6"": null, ""7"": null}","{""0"": 140, ""1"": 143}",140,1,1,0,0,0.314,car-not-detected-or-stale,KEEP,right,,,0
309,2026-08-01T16:17:46.278+09:00,35.669,308,8.67,1,DRIVING,,0,1,0,0.046328,-0.061593,-0.061593,70,740,green,0,unknown,0.000000,null,0.000000,0.314,,"{""0"": 134, ""1"": 134, ""2"": null, ""3"": null, ""4"": null, ""5"": null, ""6"": null, ""7"": null}","{""0"": 0.0, ""1"": 0.0, ""2"": null, ""3"": null, ""4"": null, ""5"": null, ""6"": null, ""7"": null}","{""0"": 134, ""1"": 134}",134,1,1,0,0,0.314,car-not-detected-or-stale,KEEP,right,,,0
310,2026-08-01T16:17:46.390+09:00,35.781,309,8.67,1,DRIVING,,0,1,0,0.042969,-0.056039,-0.056039,70,740,green,1,obstacle-car,0.455327,"[696, 87, 980, 535]",0.137778,0.194,,"{""0"": 127, ""1"": 127, ""2"": null, ""3"": null, ""4"": null, ""5"": null, ""6"": null, ""7"": null}","{""0"": 0.0, ""1"": 0.0, ""2"": null, ""3"": null, ""4"": null, ""5"": null, ""6"": null, ""7"": null}","{""0"": 127, ""1"": 127}",127,1,1,1,1,0.194,car+ultrasonic,KEEP,right,,,0
311,2026-08-01T16:17:46.506+09:00,35.896,310,8.67,1,DRIVING,,0,1,0,0.084640,-0.212446,-0.212446,70,739,green,1,obstacle-car,0.455327,"[696, 87, 980, 535]",0.137778,0.309,,"{""0"": 119, ""1"": 121, ""2"": null, ""3"": null, ""4"": null, ""5"": null, ""6"": null, ""7"": null}","{""0"": 0.0, ""1"": 0.0, ""2"": null, ""3"": null, ""4"": null, ""5"": null, ""6"": null, ""7"": null}","{""0"": 119, ""1"": 121}",119,1,1,1,2,0.309,car+ultrasonic,KEEP,right,,,0
312,2026-08-01T16:17:46.620+09:00,36.012,311,8.67,1,AVOIDING_OBSTACLE,state:DRIVING->AVOIDING_OBSTACLE;phase:KEEP->CHANGING,0,1,0,0.073707,0.000000,-1.000000,70,738,green,1,obstacle-car,0.654035,"[684, 104, 980, 539]",0.139691,0.312,,"{""0"": 113, ""1"": 115, ""2"": null, ""3"": null, ""4"": null, ""5"": null, ""6"": null, ""7"": null}","{""0"": 0.0, ""1"": 0.0, ""2"": null, ""3"": null, ""4"": null, ""5"": null, ""6"": null, ""7"": null}","{""0"": 113, ""1"": 115}",113,1,1,1,0,0.312,car+ultrasonic,CHANGING,right,left,right,0
313,2026-08-01T16:17:46.753+09:00,36.136,312,8.66,1,AVOIDING_OBSTACLE,,0,0,0,,0.000000,-1.000000,70,713,green,0,unknown,0.000000,null,0.000000,0.207,,"{""0"": 107, ""1"": 106, ""2"": null, ""3"": null, ""4"": null, ""5"": null, ""6"": null, ""7"": null}","{""0"": 0.0, ""1"": 0.0, ""2"": null, ""3"": null, ""4"": null, ""5"": null, ""6"": null, ""7"": null}",{},,1,0,1,0,,maneuver-locked,CHANGING,right,left,right,0
314,2026-08-01T16:17:46.871+09:00,36.261,313,8.66,1,AVOIDING_OBSTACLE,,0,0,0,,0.000000,-1.000000,70,696,green,0,unknown,0.000000,null,0.000000,0.331,,"{""0"": 98, ""1"": 100, ""2"": null, ""3"": null, ""4"": null, ""5"": null, ""6"": null, ""7"": null}","{""0"": 0.0, ""1"": 0.0, ""2"": null, ""3"": null, ""4"": null, ""5"": null, ""6"": null, ""7"": null}",{},,1,0,1,0,,maneuver-locked,CHANGING,right,left,right,0
315,2026-08-01T16:17:46.982+09:00,36.373,314,8.66,1,AVOIDING_OBSTACLE,,0,0,0,,0.000000,-1.000000,70,687,green,0,unknown,0.000000,null,0.000000,0.331,,"{""0"": 92, ""1"": 91, ""2"": null, ""3"": null, ""4"": null, ""5"": null, ""6"": null, ""7"": null}","{""0"": 0.0, ""1"": 0.0, ""2"": null, ""3"": null, ""4"": null, ""5"": null, ""6"": null, ""7"": null}",{},,1,0,1,0,,maneuver-locked,CHANGING,right,left,right,0
316,2026-08-01T16:17:47.095+09:00,36.486,315,8.66,1,AVOIDING_OBSTACLE,,0,0,0,,0.000000,-1.000000,70,685,green,1,obstacle-car,0.479890,"[619, 77, 960, 566]",0.180684,0.312,,"{""0"": 86, ""1"": 85, ""2"": null, ""3"": null, ""4"": null, ""5"": null, ""6"": null, ""7"": null}","{""0"": 0.0, ""1"": 0.0, ""2"": null, ""3"": null, ""4"": null, ""5"": null, ""6"": null, ""7"": null}",{},,1,0,1,0,,maneuver-locked,CHANGING,right,left,right,0
317,2026-08-01T16:17:47.215+09:00,36.607,316,8.66,1,AVOIDING_OBSTACLE,,0,0,0,,0.000000,-1.000000,70,685,unknown,0,unknown,0.000000,null,0.000000,0.203,,"{""0"": 78, ""1"": 79, ""2"": null, ""3"": null, ""4"": null, ""5"": null, ""6"": null, ""7"": null}","{""0"": 0.0, ""1"": 0.0, ""2"": null, ""3"": null, ""4"": null, ""5"": null, ""6"": null, ""7"": null}",{},,1,0,1,0,,maneuver-locked,CHANGING,right,left,right,0
318,2026-08-01T16:17:47.324+09:00,36.715,317,8.66,1,AVOIDING_OBSTACLE,,0,0,0,,0.000000,-1.000000,70,685,unknown,0,unknown,0.000000,null,0.000000,0.310,,"{""0"": 73, ""1"": 73, ""2"": null, ""3"": null, ""4"": null, ""5"": null, ""6"": null, ""7"": null}","{""0"": 0.0, ""1"": 0.0, ""2"": null, ""3"": null, ""4"": null, ""5"": null, ""6"": null, ""7"": null}",{},,1,0,1,0,,maneuver-locked,CHANGING,right,left,right,0
319,2026-08-01T16:17:47.435+09:00,36.826,318,8.66,1,AVOIDING_OBSTACLE,,0,0,0,,0.000000,-1.000000,70,686,unknown,1,obstacle-car,0.736890,"[508, 43, 907, 596]",0.239787,0.310,,"{""0"": 67, ""1"": 65, ""2"": null, ""3"": null, ""4"": null, ""5"": null, ""6"": null, ""7"": null}","{""0"": 0.0, ""1"": 0.0, ""2"": null, ""3"": null, ""4"": null, ""5"": null, ""6"": null, ""7"": null}",{},,1,0,1,0,,maneuver-locked,CHANGING,right,left,right,0
320,2026-08-01T16:17:47.548+09:00,36.940,319,8.67,1,AVOIDING_OBSTACLE,,0,0,0,,0.000000,-1.000000,70,685,unknown,1,obstacle-car,0.726984,"[331, 29, 799, 636]",0.308855,0.194,,"{""0"": 63, ""1"": 59, ""2"": null, ""3"": null, ""4"": null, ""5"": null, ""6"": null, ""7"": null}","{""0"": 0.0, ""1"": 0.0, ""2"": null, ""3"": null, ""4"": null, ""5"": null, ""6"": null, ""7"": null}",{},,1,0,1,0,,maneuver-locked,CHANGING,right,left,right,0
321,2026-08-01T16:17:47.663+09:00,37.054,320,8.67,1,AVOIDING_OBSTACLE,,0,0,0,,0.000000,-1.000000,70,685,green,1,obstacle-car,0.726984,"[331, 29, 799, 636]",0.308855,0.307,,"{""0"": 57, ""1"": 54, ""2"": null, ""3"": null, ""4"": null, ""5"": null, ""6"": null, ""7"": null}","{""0"": 0.0, ""1"": 0.0, ""2"": null, ""3"": null, ""4"": null, ""5"": null, ""6"": null, ""7"": null}",{},,1,0,1,0,,maneuver-locked,CHANGING,right,left,right,0
322,2026-08-01T16:17:47.776+09:00,37.167,321,8.67,1,AVOIDING_OBSTACLE,,0,0,0,,0.000000,-1.000000,70,687,green,1,obstacle-car,0.802788,"[248, 19, 757, 671]",0.360142,0.311,,"{""0"": 56, ""1"": 47, ""2"": null, ""3"": null, ""4"": null, ""5"": null, ""6"": null, ""7"": null}","{""0"": 0.0, ""1"": 0.0, ""2"": null, ""3"": null, ""4"": null, ""5"": null, ""6"": null, ""7"": null}",{},,1,0,1,0,,maneuver-locked,CHANGING,right,left,right,0
323,2026-08-01T16:17:47.886+09:00,37.277,322,8.67,1,AVOIDING_OBSTACLE,,0,0,0,,0.000000,-1.000000,70,686,green,1,obstacle-car,0.820389,"[54, 60, 669, 713]",0.436534,0.193,,"{""0"": 56, ""1"": 43, ""2"": null, ""3"": null, ""4"": null, ""5"": null, ""6"": null, ""7"": null}","{""0"": 0.0, ""1"": 0.0, ""2"": null, ""3"": null, ""4"": null, ""5"": null, ""6"": null, ""7"": null}",{},,1,0,1,0,,maneuver-locked,CHANGING,right,left,right,0
324,2026-08-01T16:17:48.006+09:00,37.397,323,8.67,1,AVOIDING_OBSTACLE,,0,0,0,,0.000000,-1.000000,70,686,unknown,1,obstacle-car,0.820389,"[54, 60, 669, 713]",0.436534,0.310,,"{""0"": 250, ""1"": 40, ""2"": null, ""3"": null, ""4"": null, ""5"": null, ""6"": null, ""7"": null}","{""0"": 0.0, ""1"": 0.0, ""2"": null, ""3"": null, ""4"": null, ""5"": null, ""6"": null, ""7"": null}",{},,1,0,1,0,,maneuver-locked,CHANGING,right,left,right,0
325,2026-08-01T16:17:48.111+09:00,37.502,324,8.67,1,AVOIDING_OBSTACLE,,0,0,0,,0.000000,-1.000000,70,685,unknown,1,obstacle-car,0.683903,"[1, 46, 609, 717]",0.441990,0.305,,"{""0"": 250, ""1"": 38, ""2"": null, ""3"": null, ""4"": null, ""5"": null, ""6"": null, ""7"": null}","{""0"": 0.0, ""1"": 0.0, ""2"": null, ""3"": null, ""4"": null, ""5"": null, ""6"": null, ""7"": null}",{},,1,0,1,0,,maneuver-locked,CHANGING,right,left,right,0
326,2026-08-01T16:17:48.227+09:00,37.618,325,8.67,1,AVOIDING_OBSTACLE,,0,0,0,,0.000000,-1.000000,70,685,unknown,1,obstacle-car,0.548122,"[0, 74, 544, 716]",0.379461,0.310,,"{""0"": 250, ""1"": 48, ""2"": null, ""3"": null, ""4"": null, ""5"": null, ""6"": null, ""7"": null}","{""0"": 0.0, ""1"": 0.0, ""2"": null, ""3"": null, ""4"": null, ""5"": null, ""6"": null, ""7"": null}",{},,1,0,1,0,,maneuver-locked,CHANGING,right,left,right,0
327,2026-08-01T16:17:48.351+09:00,37.743,326,8.67,1,AVOIDING_OBSTACLE,,0,0,0,,0.000000,-1.000000,70,685,green,0,unknown,0.000000,null,0.000000,0.204,,"{""0"": 250, ""1"": 64, ""2"": null, ""3"": null, ""4"": null, ""5"": null, ""6"": null, ""7"": null}","{""0"": 0.0, ""1"": 0.0, ""2"": null, ""3"": null, ""4"": null, ""5"": null, ""6"": null, ""7"": null}",{},,1,0,1,0,,maneuver-locked,CHANGING,right,left,right,0
328,2026-08-01T16:17:48.461+09:00,37.852,327,8.67,1,AVOIDING_OBSTACLE,,0,0,0,,0.000000,-1.000000,70,684,green,0,unknown,0.000000,null,0.000000,0.312,,"{""0"": 250, ""1"": 250, ""2"": null, ""3"": null, ""4"": null, ""5"": null, ""6"": null, ""7"": null}","{""0"": 0.0, ""1"": 0.0, ""2"": null, ""3"": null, ""4"": null, ""5"": null, ""6"": null, ""7"": null}",{},,1,0,1,0,,maneuver-locked,CHANGING,right,left,right,0
329,2026-08-01T16:17:48.576+09:00,37.968,328,8.67,1,AVOIDING_OBSTACLE,,0,0,0,,0.000000,-1.000000,70,683,unknown,0,unknown,0.000000,null,0.000000,0.320,,"{""0"": 250, ""1"": 250, ""2"": null, ""3"": null, ""4"": null, ""5"": null, ""6"": null, ""7"": null}","{""0"": 0.0, ""1"": 0.0, ""2"": null, ""3"": null, ""4"": null, ""5"": null, ""6"": null, ""7"": null}",{},,1,0,1,0,,maneuver-locked,CHANGING,right,left,right,0
330,2026-08-01T16:17:48.688+09:00,38.080,329,8.67,1,AVOIDING_OBSTACLE,,0,0,0,,0.000000,-1.000000,70,682,green,0,unknown,0.000000,null,0.000000,0.197,,"{""0"": 250, ""1"": 250, ""2"": null, ""3"": null, ""4"": null, ""5"": null, ""6"": null, ""7"": null}","{""0"": 0.0, ""1"": 0.0, ""2"": null, ""3"": null, ""4"": null, ""5"": null, ""6"": null, ""7"": null}",{},,1,0,1,0,,maneuver-locked,CHANGING,right,left,right,0
331,2026-08-01T16:17:48.810+09:00,38.201,330,8.67,1,AVOIDING_OBSTACLE,,0,0,0,,0.000000,-1.000000,70,683,green,0,unknown,0.000000,null,0.000000,0.318,,"{""0"": 250, ""1"": 250, ""2"": null, ""3"": null, ""4"": null, ""5"": null, ""6"": null, ""7"": null}","{""0"": 0.0, ""1"": 0.0, ""2"": null, ""3"": null, ""4"": null, ""5"": null, ""6"": null, ""7"": null}",{},,1,0,1,0,,maneuver-locked,CHANGING,right,left,right,0
332,2026-08-01T16:17:48.921+09:00,38.312,331,8.67,1,AVOIDING_OBSTACLE,phase:CHANGING->COUNTER_STEER,0,0,0,,0.000000,1.000000,70,683,green,0,unknown,0.000000,null,0.000000,0.313,,"{""0"": 250, ""1"": 250, ""2"": null, ""3"": null, ""4"": null, ""5"": null, ""6"": null, ""7"": null}","{""0"": 0.0, ""1"": 0.0, ""2"": null, ""3"": null, ""4"": null, ""5"": null, ""6"": null, ""7"": null}",{},,1,0,1,0,,maneuver-locked,COUNTER_STEER,right,left,right,0
333,2026-08-01T16:17:49.045+09:00,38.437,332,8.67,1,AVOIDING_OBSTACLE,,0,0,0,,0.000000,1.000000,70,695,green,0,unknown,0.000000,null,0.000000,0.326,,"{""0"": 250, ""1"": 250, ""2"": null, ""3"": null, ""4"": null, ""5"": null, ""6"": null, ""7"": null}","{""0"": 0.0, ""1"": 0.0, ""2"": null, ""3"": null, ""4"": null, ""5"": null, ""6"": null, ""7"": null}",{},,1,0,1,0,,maneuver-locked,COUNTER_STEER,right,left,right,0
334,2026-08-01T16:17:49.162+09:00,38.554,333,8.67,1,AVOIDING_OBSTACLE,,0,0,0,,0.000000,1.000000,70,721,green,0,unknown,0.000000,null,0.000000,0.442,,"{""0"": 250, ""1"": 250, ""2"": null, ""3"": null, ""4"": null, ""5"": null, ""6"": null, ""7"": null}","{""0"": 0.0, ""1"": 0.0, ""2"": null, ""3"": null, ""4"": null, ""5"": null, ""6"": null, ""7"": null}",{},,1,0,1,0,,maneuver-locked,COUNTER_STEER,right,left,right,0
335,2026-08-01T16:17:49.270+09:00,38.661,334,8.67,1,AVOIDING_OBSTACLE,,0,0,0,,0.000000,1.000000,70,775,unknown,0,unknown,0.000000,null,0.000000,0.317,,"{""0"": 250, ""1"": 250, ""2"": null, ""3"": null, ""4"": null, ""5"": null, ""6"": null, ""7"": null}","{""0"": 0.0, ""1"": 0.0, ""2"": null, ""3"": null, ""4"": null, ""5"": null, ""6"": null, ""7"": null}",{},,1,0,1,0,,maneuver-locked,COUNTER_STEER,right,left,right,0
336,2026-08-01T16:17:49.379+09:00,38.770,335,8.67,1,AVOIDING_OBSTACLE,,0,0,0,,0.000000,1.000000,70,799,green,0,unknown,0.000000,null,0.000000,0.304,,"{""0"": 250, ""1"": 250, ""2"": null, ""3"": null, ""4"": null, ""5"": null, ""6"": null, ""7"": null}","{""0"": 0.0, ""1"": 0.0, ""2"": null, ""3"": null, ""4"": null, ""5"": null, ""6"": null, ""7"": null}",{},,1,0,1,0,,maneuver-locked,COUNTER_STEER,right,left,right,0
337,2026-08-01T16:17:49.493+09:00,38.885,336,8.67,1,AVOIDING_OBSTACLE,,0,0,0,,0.000000,1.000000,70,809,green,0,unknown,0.000000,null,0.000000,0.192,,"{""0"": 250, ""1"": 250, ""2"": null, ""3"": null, ""4"": null, ""5"": null, ""6"": null, ""7"": null}","{""0"": 0.0, ""1"": 0.0, ""2"": null, ""3"": null, ""4"": null, ""5"": null, ""6"": null, ""7"": null}",{},,1,0,1,0,,maneuver-locked,COUNTER_STEER,right,left,right,0
338,2026-08-01T16:17:49.609+09:00,39.000,337,8.67,1,AVOIDING_OBSTACLE,,0,0,0,,0.000000,1.000000,70,816,green,0,unknown,0.000000,null,0.000000,0.306,,"{""0"": 250, ""1"": 250, ""2"": null, ""3"": null, ""4"": null, ""5"": null, ""6"": null, ""7"": null}","{""0"": 0.0, ""1"": 0.0, ""2"": null, ""3"": null, ""4"": null, ""5"": null, ""6"": null, ""7"": null}",{},,1,0,1,0,,maneuver-locked,COUNTER_STEER,right,left,right,0
339,2026-08-01T16:17:49.716+09:00,39.108,338,8.67,1,AVOIDING_OBSTACLE,,0,0,0,,0.000000,1.000000,70,819,green,0,unknown,0.000000,null,0.000000,0.306,,"{""0"": 250, ""1"": 250, ""2"": null, ""3"": null, ""4"": null, ""5"": null, ""6"": null, ""7"": null}","{""0"": 0.0, ""1"": 0.0, ""2"": null, ""3"": null, ""4"": null, ""5"": null, ""6"": null, ""7"": null}",{},,1,0,1,0,,maneuver-locked,COUNTER_STEER,right,left,right,0
340,2026-08-01T16:17:49.847+09:00,39.239,339,8.67,1,AVOIDING_OBSTACLE,,0,0,0,,0.000000,1.000000,70,819,unknown,0,unknown,0.000000,null,0.000000,0.207,,"{""0"": 250, ""1"": 250, ""2"": null, ""3"": null, ""4"": null, ""5"": null, ""6"": null, ""7"": null}","{""0"": 0.0, ""1"": 0.0, ""2"": null, ""3"": null, ""4"": null, ""5"": null, ""6"": null, ""7"": null}",{},,1,0,1,0,,maneuver-locked,COUNTER_STEER,right,left,right,0
341,2026-08-01T16:17:49.959+09:00,39.351,340,8.67,1,DRIVING,state:AVOIDING_OBSTACLE->DRIVING;phase:COUNTER_STEER->KEEP,0,0,0,,0.000000,0.000000,70,819,green,0,unknown,0.000000,null,0.000000,0.319,,"{""0"": 250, ""1"": 250, ""2"": null, ""3"": null, ""4"": null, ""5"": null, ""6"": null, ""7"": null}","{""0"": 0.0, ""1"": 0.0, ""2"": null, ""3"": null, ""4"": null, ""5"": null, ""6"": null, ""7"": null}",{},,1,0,1,0,,maneuver-locked,KEEP,,,,0
342,2026-08-01T16:17:50.075+09:00,39.466,341,8.67,1,DRIVING,,0,1,0,-0.330357,0.594643,0.594643,70,813,green,0,unknown,0.000000,null,0.000000,0.327,,"{""0"": 250, ""1"": 250, ""2"": null, ""3"": null, ""4"": null, ""5"": null, ""6"": null, ""7"": null}","{""0"": 0.0, ""1"": 0.0, ""2"": null, ""3"": null, ""4"": null, ""5"": null, ""6"": null, ""7"": null}","{""0"": 250, ""1"": 250}",250,1,0,0,0,0.327,ultrasonic-not-close,KEEP,left,right,,0
343,2026-08-01T16:17:50.187+09:00,39.579,342,8.67,1,DRIVING,,0,1,0,-0.309152,0.518304,0.518304,70,795,green,0,unknown,0.000000,null,0.000000,0.197,,"{""0"": 250, ""1"": 250, ""2"": null, ""3"": null, ""4"": null, ""5"": null, ""6"": null, ""7"": null}","{""0"": 0.0, ""1"": 0.0, ""2"": null, ""3"": null, ""4"": null, ""5"": null, ""6"": null, ""7"": null}","{""0"": 250, ""1"": 250}",250,1,0,0,0,0.197,ultrasonic-not-close,KEEP,left,right,,0
344,2026-08-01T16:17:50.299+09:00,39.690,343,8.67,1,DRIVING,,0,1,0,-0.294196,0.475915,0.475915,70,758,green,0,unknown,0.000000,null,0.000000,0.307,,"{""0"": 250, ""1"": 250, ""2"": null, ""3"": null, ""4"": null, ""5"": null, ""6"": null, ""7"": null}","{""0"": 0.0, ""1"": 0.0, ""2"": null, ""3"": null, ""4"": null, ""5"": null, ""6"": null, ""7"": null}","{""0"": 250, ""1"": 250}",250,1,0,0,0,0.307,ultrasonic-not-close,KEEP,left,right,,0
345,2026-08-01T16:17:50.425+09:00,39.816,344,8.67,1,DRIVING,,0,1,0,-0.301705,0.519037,0.519037,70,789,green,0,unknown,0.000000,null,0.000000,0.320,,"{""0"": 250, ""1"": 250, ""2"": null, ""3"": null, ""4"": null, ""5"": null, ""6"": null, ""7"": null}","{""0"": 0.0, ""1"": 0.0, ""2"": null, ""3"": null, ""4"": null, ""5"": null, ""6"": null, ""7"": null}","{""0"": 250, ""1"": 250}",250,1,0,0,0,0.320,ultrasonic-not-close,KEEP,left,right,,0
346,2026-08-01T16:17:50.550+09:00,39.942,345,8.66,1,DRIVING,,0,1,0,-0.285592,0.468239,0.468239,70,787,green,0,unknown,0.000000,null,0.000000,0.340,,"{""0"": 250, ""1"": 250, ""2"": null, ""3"": null, ""4"": null, ""5"": null, ""6"": null, ""7"": null}","{""0"": 0.0, ""1"": 0.0, ""2"": null, ""3"": null, ""4"": null, ""5"": null, ""6"": null, ""7"": null}","{""0"": 250, ""1"": 250}",250,1,0,0,0,0.340,ultrasonic-not-close,KEEP,left,right,,0
347,2026-08-01T16:17:50.671+09:00,40.062,346,8.66,1,DRIVING,,0,1,0,-0.246469,0.341145,0.341145,70,789,green,0,unknown,0.000000,null,0.000000,0.461,,"{""0"": 250, ""1"": 250, ""2"": null, ""3"": null, ""4"": null, ""5"": null, ""6"": null, ""7"": null}","{""0"": 0.0, ""1"": 0.0, ""2"": null, ""3"": null, ""4"": null, ""5"": null, ""6"": null, ""7"": null}","{""0"": 250, ""1"": 250}",250,1,0,0,0,0.461,ultrasonic-not-close,KEEP,left,right,,0
348,2026-08-01T16:17:50.788+09:00,40.179,347,8.66,1,DRIVING,,0,1,0,-0.233462,0.325070,0.325070,70,785,green,0,unknown,0.000000,null,0.000000,0.331,,"{""0"": 250, ""1"": 250, ""2"": null, ""3"": null, ""4"": null, ""5"": null, ""6"": null, ""7"": null}","{""0"": 0.0, ""1"": 0.0, ""2"": null, ""3"": null, ""4"": null, ""5"": null, ""6"": null, ""7"": null}","{""0"": 250, ""1"": 250}",250,1,0,0,0,0.331,ultrasonic-not-close,KEEP,left,right,,0
349,2026-08-01T16:17:50.918+09:00,40.299,348,8.66,1,DRIVING,,0,1,0,-0.214696,0.286062,0.286062,70,778,green,0,unknown,0.000000,null,0.000000,0.329,,"{""0"": 250, ""1"": 250, ""2"": null, ""3"": null, ""4"": null, ""5"": null, ""6"": null, ""7"": null}","{""0"": 0.0, ""1"": 0.0, ""2"": null, ""3"": null, ""4"": null, ""5"": null, ""6"": null, ""7"": null}","{""0"": 250, ""1"": 250}",250,1,0,0,0,0.329,ultrasonic-not-close,KEEP,left,right,,0
350,2026-08-01T16:17:51.034+09:00,40.426,349,8.66,1,DRIVING,,0,1,0,-0.191595,0.233016,0.233016,70,774,green,0,unknown,0.000000,null,0.000000,0.215,,"{""0"": 250, ""1"": 250, ""2"": null, ""3"": null, ""4"": null, ""5"": null, ""6"": null, ""7"": null}","{""0"": 0.0, ""1"": 0.0, ""2"": null, ""3"": null, ""4"": null, ""5"": null, ""6"": null, ""7"": null}","{""0"": 250, ""1"": 250}",250,1,0,0,0,0.215,ultrasonic-not-close,KEEP,left,right,,0
351,2026-08-01T16:17:51.156+09:00,40.548,350,8.66,1,DRIVING,,0,1,0,-0.211696,0.338934,0.338934,70,769,green,0,unknown,0.000000,null,0.000000,0.336,,"{""0"": 250, ""1"": 250, ""2"": null, ""3"": null, ""4"": null, ""5"": null, ""6"": null, ""7"": null}","{""0"": 0.0, ""1"": 0.0, ""2"": null, ""3"": null, ""4"": null, ""5"": null, ""6"": null, ""7"": null}","{""0"": 250, ""1"": 250}",250,1,0,0,0,0.336,ultrasonic-not-close,KEEP,left,right,,0
352,2026-08-01T16:17:51.275+09:00,40.665,351,8.66,1,DRIVING,,0,1,0,-0.219479,0.379587,0.379587,70,758,green,0,unknown,0.000000,null,0.000000,0.323,,"{""0"": 250, ""1"": 250, ""2"": null, ""3"": null, ""4"": null, ""5"": null, ""6"": null, ""7"": null}","{""0"": 0.0, ""1"": 0.0, ""2"": null, ""3"": null, ""4"": null, ""5"": null, ""6"": null, ""7"": null}","{""0"": 250, ""1"": 250}",250,1,0,0,0,0.323,ultrasonic-not-close,KEEP,left,right,,0
353,2026-08-01T16:17:51.390+09:00,40.781,352,8.66,1,DRIVING,,0,1,0,-0.218329,0.380093,0.380093,70,768,green,0,unknown,0.000000,null,0.000000,0.325,,"{""0"": 250, ""1"": 250, ""2"": null, ""3"": null, ""4"": null, ""5"": null, ""6"": null, ""7"": null}","{""0"": 0.0, ""1"": 0.0, ""2"": null, ""3"": null, ""4"": null, ""5"": null, ""6"": null, ""7"": null}","{""0"": 250, ""1"": 250}",250,1,0,0,0,0.325,ultrasonic-not-close,KEEP,left,right,,0
354,2026-08-01T16:17:51.505+09:00,40.897,353,8.66,1,DRIVING,,0,1,0,-0.218390,0.384181,0.384181,70,767,green,0,unknown,0.000000,null,0.000000,0.199,,"{""0"": 250, ""1"": 250, ""2"": null, ""3"": null, ""4"": null, ""5"": null, ""6"": null, ""7"": null}","{""0"": 0.0, ""1"": 0.0, ""2"": null, ""3"": null, ""4"": null, ""5"": null, ""6"": null, ""7"": null}","{""0"": 250, ""1"": 250}",250,1,0,0,0,0.199,ultrasonic-not-close,KEEP,left,right,,0
355,2026-08-01T16:17:51.624+09:00,41.015,354,8.66,1,DRIVING,,0,1,0,-0.217235,0.382699,0.382699,70,767,green,0,unknown,0.000000,null,0.000000,0.316,,"{""0"": 250, ""1"": 250, ""2"": null, ""3"": null, ""4"": null, ""5"": null, ""6"": null, ""7"": null}","{""0"": 0.0, ""1"": 0.0, ""2"": null, ""3"": null, ""4"": null, ""5"": null, ""6"": null, ""7"": null}","{""0"": 250, ""1"": 250}",250,1,0,0,0,0.316,ultrasonic-not-close,KEEP,left,right,,0
356,2026-08-01T16:17:51.734+09:00,41.126,355,8.66,1,DRIVING,,0,1,0,-0.224774,0.412337,0.412337,70,767,green,0,unknown,0.000000,null,0.000000,0.315,,"{""0"": 250, ""1"": 250, ""2"": null, ""3"": null, ""4"": null, ""5"": null, ""6"": null, ""7"": null}","{""0"": 0.0, ""1"": 0.0, ""2"": null, ""3"": null, ""4"": null, ""5"": null, ""6"": null, ""7"": null}","{""0"": 250, ""1"": 250}",250,1,0,0,0,0.315,ultrasonic-not-close,KEEP,left,right,,0
357,2026-08-01T16:17:51.858+09:00,41.249,356,8.66,1,DRIVING,,0,1,0,-0.227379,0.419393,0.419393,70,768,green,0,unknown,0.000000,null,0.000000,0.324,,"{""0"": 250, ""1"": 250, ""2"": null, ""3"": null, ""4"": null, ""5"": null, ""6"": null, ""7"": null}","{""0"": 0.0, ""1"": 0.0, ""2"": null, ""3"": null, ""4"": null, ""5"": null, ""6"": null, ""7"": null}","{""0"": 250, ""1"": 250}",250,1,0,0,0,0.324,ultrasonic-not-close,KEEP,,,,0
358,2026-08-01T16:17:51.982+09:00,41.372,357,8.66,1,DRIVING,,0,1,0,-0.241192,0.466086,0.466086,70,769,green,0,unknown,0.000000,null,0.000000,0.445,,"{""0"": 250, ""1"": 250, ""2"": null, ""3"": null, ""4"": null, ""5"": null, ""6"": null, ""7"": null}","{""0"": 0.0, ""1"": 0.0, ""2"": null, ""3"": null, ""4"": null, ""5"": null, ""6"": null, ""7"": null}","{""0"": 250, ""1"": 250}",250,1,0,0,0,0.445,ultrasonic-not-close,KEEP,left,right,,0
359,2026-08-01T16:17:52.091+09:00,41.483,358,8.66,1,DRIVING,,0,1,0,-0.244963,0.470079,0.470079,70,770,green,0,unknown,0.000000,null,0.000000,0.327,,"{""0"": 250, ""1"": 250, ""2"": null, ""3"": null, ""4"": null, ""5"": null, ""6"": null, ""7"": null}","{""0"": 0.0, ""1"": 0.0, ""2"": null, ""3"": null, ""4"": null, ""5"": null, ""6"": null, ""7"": null}","{""0"": 250, ""1"": 250}",250,1,0,0,0,0.327,ultrasonic-not-close,KEEP,left,right,,0
360,2026-08-01T16:17:52.205+09:00,41.597,359,8.66,1,DRIVING,,0,1,0,-0.247878,0.471830,0.471830,70,775,green,0,unknown,0.000000,null,0.000000,0.318,,"{""0"": 250, ""1"": 250, ""2"": null, ""3"": null, ""4"": null, ""5"": null, ""6"": null, ""7"": null}","{""0"": 0.0, ""1"": 0.0, ""2"": null, ""3"": null, ""4"": null, ""5"": null, ""6"": null, ""7"": null}","{""0"": 250, ""1"": 250}",250,1,0,0,0,0.318,ultrasonic-not-close,KEEP,left,right,,0
361,2026-08-01T16:17:52.322+09:00,41.713,360,8.66,1,DRIVING,,0,1,0,-0.235373,0.419116,0.419116,70,776,green,0,unknown,0.000000,null,0.000000,0.434,,"{""0"": 250, ""1"": 250, ""2"": null, ""3"": null, ""4"": null, ""5"": null, ""6"": null, ""7"": null}","{""0"": 0.0, ""1"": 0.0, ""2"": null, ""3"": null, ""4"": null, ""5"": null, ""6"": null, ""7"": null}","{""0"": 250, ""1"": 250}",250,1,0,0,0,0.434,ultrasonic-not-close,KEEP,left,right,,0
362,2026-08-01T16:17:52.437+09:00,41.828,361,8.66,1,DRIVING,,0,1,0,-0.225636,0.385430,0.385430,70,776,green,0,unknown,0.000000,null,0.000000,0.315,,"{""0"": 250, ""1"": 250, ""2"": null, ""3"": null, ""4"": null, ""5"": null, ""6"": null, ""7"": null}","{""0"": 0.0, ""1"": 0.0, ""2"": null, ""3"": null, ""4"": null, ""5"": null, ""6"": null, ""7"": null}","{""0"": 250, ""1"": 250}",250,1,0,0,0,0.315,ultrasonic-not-close,KEEP,left,right,,0
363,2026-08-01T16:17:52.546+09:00,41.937,362,8.66,1,DRIVING,,0,1,0,-0.227864,0.399666,0.399666,70,777,green,0,unknown,0.000000,null,0.000000,0.312,,"{""0"": 250, ""1"": 250, ""2"": null, ""3"": null, ""4"": null, ""5"": null, ""6"": null, ""7"": null}","{""0"": 0.0, ""1"": 0.0, ""2"": null, ""3"": null, ""4"": null, ""5"": null, ""6"": null, ""7"": null}","{""0"": 250, ""1"": 250}",250,1,0,0,0,0.312,ultrasonic-not-close,KEEP,left,right,,0
364,2026-08-01T16:17:52.663+09:00,42.055,363,8.66,1,DRIVING,,0,1,0,-0.222977,0.385219,0.385219,70,777,green,0,unknown,0.000000,null,0.000000,0.196,,"{""0"": 250, ""1"": 250, ""2"": null, ""3"": null, ""4"": null, ""5"": null, ""6"": null, ""7"": null}","{""0"": 0.0, ""1"": 0.0, ""2"": null, ""3"": null, ""4"": null, ""5"": null, ""6"": null, ""7"": null}","{""0"": 250, ""1"": 250}",250,1,0,0,0,0.196,ultrasonic-not-close,KEEP,left,right,,0
365,2026-08-01T16:17:52.778+09:00,42.168,364,8.66,1,DRIVING,,0,1,0,-0.186484,0.258685,0.258685,70,776,unknown,0,unknown,0.000000,null,0.000000,0.308,,"{""0"": 250, ""1"": 250, ""2"": null, ""3"": null, ""4"": null, ""5"": null, ""6"": null, ""7"": null}","{""0"": 0.0, ""1"": 0.0, ""2"": null, ""3"": null, ""4"": null, ""5"": null, ""6"": null, ""7"": null}","{""0"": 250, ""1"": 250}",250,1,0,0,0,0.308,ultrasonic-not-close,KEEP,left,right,,0
366,2026-08-01T16:17:52.896+09:00,42.287,365,8.66,1,DRIVING,,0,1,0,-0.181038,0.262175,0.262175,70,767,green,0,unknown,0.000000,null,0.000000,0.320,,"{""0"": 250, ""1"": 250, ""2"": null, ""3"": null, ""4"": null, ""5"": null, ""6"": null, ""7"": null}","{""0"": 0.0, ""1"": 0.0, ""2"": null, ""3"": null, ""4"": null, ""5"": null, ""6"": null, ""7"": null}","{""0"": 250, ""1"": 250}",250,1,0,0,0,0.320,ultrasonic-not-close,KEEP,left,right,,0
367,2026-08-01T16:17:53.010+09:00,42.402,366,8.66,1,DRIVING,,0,1,0,-0.187935,0.306113,0.306113,70,775,green,0,unknown,0.000000,null,0.000000,0.203,,"{""0"": 250, ""1"": 250, ""2"": null, ""3"": null, ""4"": null, ""5"": null, ""6"": null, ""7"": null}","{""0"": 0.0, ""1"": 0.0, ""2"": null, ""3"": null, ""4"": null, ""5"": null, ""6"": null, ""7"": null}","{""0"": 250, ""1"": 250}",250,1,0,0,0,0.203,ultrasonic-not-close,KEEP,left,right,,0
368,2026-08-01T16:17:53.125+09:00,42.516,367,8.66,1,DRIVING,,0,1,0,-0.228689,0.462477,0.462477,70,769,unknown,0,unknown,0.000000,null,0.000000,0.314,,"{""0"": 250, ""1"": 250, ""2"": null, ""3"": null, ""4"": null, ""5"": null, ""6"": null, ""7"": null}","{""0"": 0.0, ""1"": 0.0, ""2"": null, ""3"": null, ""4"": null, ""5"": null, ""6"": null, ""7"": null}","{""0"": 250, ""1"": 250}",250,1,0,0,0,0.314,ultrasonic-not-close,KEEP,left,right,,0
369,2026-08-01T16:17:53.254+09:00,42.645,368,8.66,1,DRIVING,,0,1,0,-0.237076,0.477420,0.477420,70,769,unknown,0,unknown,0.000000,null,0.000000,0.323,,"{""0"": 250, ""1"": 250, ""2"": null, ""3"": null, ""4"": null, ""5"": null, ""6"": null, ""7"": null}","{""0"": 0.0, ""1"": 0.0, ""2"": null, ""3"": null, ""4"": null, ""5"": null, ""6"": null, ""7"": null}","{""0"": 250, ""1"": 250}",250,1,0,0,0,0.323,ultrasonic-not-close,KEEP,left,right,,0
370,2026-08-01T16:17:53.370+09:00,42.761,369,8.66,1,DRIVING,,0,1,0,-0.256783,0.533160,0.533160,70,772,green,0,unknown,0.000000,null,0.000000,0.330,,"{""0"": 250, ""1"": 250, ""2"": null, ""3"": null, ""4"": null, ""5"": null, ""6"": null, ""7"": null}","{""0"": 0.0, ""1"": 0.0, ""2"": null, ""3"": null, ""4"": null, ""5"": null, ""6"": null, ""7"": null}","{""0"": 250, ""1"": 250}",250,1,0,0,0,0.330,ultrasonic-not-close,KEEP,left,right,,0
371,2026-08-01T16:17:53.485+09:00,42.876,370,8.65,1,DRIVING,,0,1,0,-0.267227,0.549472,0.549472,70,778,unknown,0,unknown,0.000000,null,0.000000,0.200,,"{""0"": 250, ""1"": 250, ""2"": null, ""3"": null, ""4"": null, ""5"": null, ""6"": null, ""7"": null}","{""0"": 0.0, ""1"": 0.0, ""2"": null, ""3"": null, ""4"": null, ""5"": null, ""6"": null, ""7"": null}","{""0"": 250, ""1"": 250}",250,1,0,0,0,0.200,ultrasonic-not-close,KEEP,left,right,,0
372,2026-08-01T16:17:53.603+09:00,42.994,371,8.65,1,DRIVING,,0,1,0,-0.282656,0.584480,0.584480,70,779,green,0,unknown,0.000000,null,0.000000,0.318,,"{""0"": 250, ""1"": 250, ""2"": null, ""3"": null, ""4"": null, ""5"": null, ""6"": null, ""7"": null}","{""0"": 0.0, ""1"": 0.0, ""2"": null, ""3"": null, ""4"": null, ""5"": null, ""6"": null, ""7"": null}","{""0"": 250, ""1"": 250}",250,1,0,0,0,0.318,ultrasonic-not-close,KEEP,left,right,,0
373,2026-08-01T16:17:53.710+09:00,43.100,372,8.66,1,DRIVING,,0,1,0,-0.289701,0.587133,0.587133,70,780,green,0,unknown,0.000000,null,0.000000,0.309,,"{""0"": 250, ""1"": 250, ""2"": null, ""3"": null, ""4"": null, ""5"": null, ""6"": null, ""7"": null}","{""0"": 0.0, ""1"": 0.0, ""2"": null, ""3"": null, ""4"": null, ""5"": null, ""6"": null, ""7"": null}","{""0"": 250, ""1"": 250}",250,1,0,0,0,0.309,ultrasonic-not-close,KEEP,left,right,,0
374,2026-08-01T16:17:53.821+09:00,43.212,373,8.66,1,DRIVING,,0,1,0,-0.304914,0.622195,0.622195,70,784,green,0,unknown,0.000000,null,0.000000,0.306,,"{""0"": 250, ""1"": 250, ""2"": null, ""3"": null, ""4"": null, ""5"": null, ""6"": null, ""7"": null}","{""0"": 0.0, ""1"": 0.0, ""2"": null, ""3"": null, ""4"": null, ""5"": null, ""6"": null, ""7"": null}","{""0"": 250, ""1"": 250}",250,1,0,0,0,0.306,ultrasonic-not-close,KEEP,left,right,,0
375,2026-08-01T16:17:53.934+09:00,43.325,374,8.66,1,DRIVING,,0,1,0,-0.316398,0.641534,0.641534,70,788,green,0,unknown,0.000000,null,0.000000,0.419,,"{""0"": 250, ""1"": 250, ""2"": null, ""3"": null, ""4"": null, ""5"": null, ""6"": null, ""7"": null}","{""0"": 0.0, ""1"": 0.0, ""2"": null, ""3"": null, ""4"": null, ""5"": null, ""6"": null, ""7"": null}","{""0"": 250, ""1"": 250}",250,1,0,0,0,0.419,ultrasonic-not-close,KEEP,left,right,,0
376,2026-08-01T16:17:54.047+09:00,43.438,375,8.66,1,DRIVING,,0,1,0,-0.320974,0.636402,0.636402,70,790,green,0,unknown,0.000000,null,0.000000,0.304,,"{""0"": 250, ""1"": 250, ""2"": null, ""3"": null, ""4"": null, ""5"": null, ""6"": null, ""7"": null}","{""0"": 0.0, ""1"": 0.0, ""2"": null, ""3"": null, ""4"": null, ""5"": null, ""6"": null, ""7"": null}","{""0"": 250, ""1"": 250}",250,1,0,0,0,0.304,ultrasonic-not-close,KEEP,left,right,,0
377,2026-08-01T16:17:54.173+09:00,43.565,376,8.66,1,DRIVING,,0,1,0,-0.329662,0.650086,0.650086,70,790,green,0,unknown,0.000000,null,0.000000,0.323,,"{""0"": 250, ""1"": 250, ""2"": null, ""3"": null, ""4"": null, ""5"": null, ""6"": null, ""7"": null}","{""0"": 0.0, ""1"": 0.0, ""2"": null, ""3"": null, ""4"": null, ""5"": null, ""6"": null, ""7"": null}","{""0"": 250, ""1"": 250}",250,1,0,0,0,0.323,ultrasonic-not-close,KEEP,left,right,,0
378,2026-08-01T16:17:54.291+09:00,43.682,377,8.66,1,DRIVING,,0,1,0,-0.336680,0.658340,0.658340,70,792,green,0,unknown,0.000000,null,0.000000,0.213,,"{""0"": 250, ""1"": 250, ""2"": null, ""3"": null, ""4"": null, ""5"": null, ""6"": null, ""7"": null}","{""0"": 0.0, ""1"": 0.0, ""2"": null, ""3"": null, ""4"": null, ""5"": null, ""6"": null, ""7"": null}","{""0"": 250, ""1"": 250}",250,1,0,0,0,0.213,ultrasonic-not-close,KEEP,left,right,,0
379,2026-08-01T16:17:54.411+09:00,43.802,378,8.65,1,DRIVING,,0,1,0,-0.339448,0.652609,0.652609,70,790,green,0,unknown,0.000000,null,0.000000,0.332,,"{""0"": 250, ""1"": 250, ""2"": null, ""3"": null, ""4"": null, ""5"": null, ""6"": null, ""7"": null}","{""0"": 0.0, ""1"": 0.0, ""2"": null, ""3"": null, ""4"": null, ""5"": null, ""6"": null, ""7"": null}","{""0"": 250, ""1"": 250}",250,1,0,0,0,0.332,ultrasonic-not-close,KEEP,left,right,,0
380,2026-08-01T16:17:54.520+09:00,43.912,379,8.66,1,DRIVING,,0,1,0,-0.346710,0.666274,0.666274,70,790,green,0,unknown,0.000000,null,0.000000,0.316,,"{""0"": 250, ""1"": 250, ""2"": null, ""3"": null, ""4"": null, ""5"": null, ""6"": null, ""7"": null}","{""0"": 0.0, ""1"": 0.0, ""2"": null, ""3"": null, ""4"": null, ""5"": null, ""6"": null, ""7"": null}","{""0"": 250, ""1"": 250}",250,1,0,0,0,0.316,ultrasonic-not-close,KEEP,left,right,,0
381,2026-08-01T16:17:54.637+09:00,44.028,380,8.66,1,DRIVING,,0,1,0,-0.347726,0.657272,0.657272,70,791,green,0,unknown,0.000000,null,0.000000,0.316,,"{""0"": 250, ""1"": 250, ""2"": null, ""3"": null, ""4"": null, ""5"": null, ""6"": null, ""7"": null}","{""0"": 0.0, ""1"": 0.0, ""2"": null, ""3"": null, ""4"": null, ""5"": null, ""6"": null, ""7"": null}","{""0"": 250, ""1"": 250}",250,1,0,0,0,0.316,ultrasonic-not-close,KEEP,left,right,,0
382,2026-08-01T16:17:54.758+09:00,44.150,381,8.65,1,DRIVING,,0,1,0,-0.359484,0.690191,0.690191,70,791,green,0,unknown,0.000000,null,0.000000,0.438,,"{""0"": 250, ""1"": 250, ""2"": null, ""3"": null, ""4"": null, ""5"": null, ""6"": null, ""7"": null}","{""0"": 0.0, ""1"": 0.0, ""2"": null, ""3"": null, ""4"": null, ""5"": null, ""6"": null, ""7"": null}","{""0"": 250, ""1"": 250}",250,1,0,0,0,0.438,ultrasonic-not-close,KEEP,left,right,,0
383,2026-08-01T16:17:54.871+09:00,44.260,382,8.66,1,DRIVING,,0,1,0,-0.362444,0.687912,0.687912,70,790,green,0,unknown,0.000000,null,0.000000,0.318,,"{""0"": 250, ""1"": 250, ""2"": null, ""3"": null, ""4"": null, ""5"": null, ""6"": null, ""7"": null}","{""0"": 0.0, ""1"": 0.0, ""2"": null, ""3"": null, ""4"": null, ""5"": null, ""6"": null, ""7"": null}","{""0"": 250, ""1"": 250}",250,1,0,0,0,0.318,ultrasonic-not-close,KEEP,left,right,,0
384,2026-08-01T16:17:54.982+09:00,44.374,383,8.66,1,DRIVING,,0,1,0,-0.365131,0.686931,0.686931,70,793,green,0,unknown,0.000000,null,0.000000,0.315,,"{""0"": 250, ""1"": 250, ""2"": null, ""3"": null, ""4"": null, ""5"": null, ""6"": null, ""7"": null}","{""0"": 0.0, ""1"": 0.0, ""2"": null, ""3"": null, ""4"": null, ""5"": null, ""6"": null, ""7"": null}","{""0"": 250, ""1"": 250}",250,1,0,0,0,0.315,ultrasonic-not-close,KEEP,left,right,,0
385,2026-08-01T16:17:55.097+09:00,44.489,384,8.66,1,DRIVING,,0,1,0,-0.372394,0.704169,0.704169,70,794,unknown,0,unknown,0.000000,null,0.000000,0.197,,"{""0"": 250, ""1"": 250, ""2"": null, ""3"": null, ""4"": null, ""5"": null, ""6"": null, ""7"": null}","{""0"": 0.0, ""1"": 0.0, ""2"": null, ""3"": null, ""4"": null, ""5"": null, ""6"": null, ""7"": null}","{""0"": 250, ""1"": 250}",250,1,0,0,0,0.197,ultrasonic-not-close,KEEP,left,right,,0
386,2026-08-01T16:17:55.228+09:00,44.618,385,8.65,1,DRIVING,,0,1,0,-0.377520,0.712463,0.712463,70,794,green,0,unknown,0.000000,null,0.000000,0.323,,"{""0"": 250, ""1"": 250, ""2"": null, ""3"": null, ""4"": null, ""5"": null, ""6"": null, ""7"": null}","{""0"": 0.0, ""1"": 0.0, ""2"": null, ""3"": null, ""4"": null, ""5"": null, ""6"": null, ""7"": null}","{""0"": 250, ""1"": 250}",250,1,0,0,0,0.323,ultrasonic-not-close,KEEP,left,right,,0
387,2026-08-01T16:17:55.334+09:00,44.725,386,8.65,1,DRIVING,,0,1,0,-0.381576,0.717190,0.717190,70,794,green,0,unknown,0.000000,null,0.000000,0.323,,"{""0"": 250, ""1"": 250, ""2"": null, ""3"": null, ""4"": null, ""5"": null, ""6"": null, ""7"": null}","{""0"": 0.0, ""1"": 0.0, ""2"": null, ""3"": null, ""4"": null, ""5"": null, ""6"": null, ""7"": null}","{""0"": 250, ""1"": 250}",250,1,0,0,0,0.323,ultrasonic-not-close,KEEP,left,right,,0
388,2026-08-01T16:17:55.449+09:00,44.840,387,8.65,1,DRIVING,,0,1,0,-0.383934,0.716572,0.716572,70,795,green,0,unknown,0.000000,null,0.000000,0.321,,"{""0"": 250, ""1"": 250, ""2"": null, ""3"": null, ""4"": null, ""5"": null, ""6"": null, ""7"": null}","{""0"": 0.0, ""1"": 0.0, ""2"": null, ""3"": null, ""4"": null, ""5"": null, ""6"": null, ""7"": null}","{""0"": 250, ""1"": 250}",250,1,0,0,0,0.321,ultrasonic-not-close,KEEP,left,right,,0
389,2026-08-01T16:17:55.579+09:00,44.971,388,8.65,1,DRIVING,,0,1,0,-0.391855,0.737441,0.737441,70,794,green,0,unknown,0.000000,null,0.000000,0.452,,"{""0"": 250, ""1"": 250, ""2"": null, ""3"": null, ""4"": null, ""5"": null, ""6"": null, ""7"": null}","{""0"": 0.0, ""1"": 0.0, ""2"": null, ""3"": null, ""4"": null, ""5"": null, ""6"": null, ""7"": null}","{""0"": 250, ""1"": 250}",250,1,0,0,0,0.452,ultrasonic-not-close,KEEP,left,right,,0
390,2026-08-01T16:17:55.693+09:00,45.084,389,8.65,1,DRIVING,,0,1,0,-0.396049,0.742908,0.742908,70,794,green,0,unknown,0.000000,null,0.000000,0.326,,"{""0"": 250, ""1"": 250, ""2"": null, ""3"": null, ""4"": null, ""5"": null, ""6"": null, ""7"": null}","{""0"": 0.0, ""1"": 0.0, ""2"": null, ""3"": null, ""4"": null, ""5"": null, ""6"": null, ""7"": null}","{""0"": 250, ""1"": 250}",250,1,0,0,0,0.326,ultrasonic-not-close,KEEP,left,right,,0
391,2026-08-01T16:17:55.810+09:00,45.201,390,8.65,1,DRIVING,,0,1,0,-0.400873,0.751269,0.751269,70,797,green,0,unknown,0.000000,null,0.000000,0.332,,"{""0"": 250, ""1"": 250, ""2"": null, ""3"": null, ""4"": null, ""5"": null, ""6"": null, ""7"": null}","{""0"": 0.0, ""1"": 0.0, ""2"": null, ""3"": null, ""4"": null, ""5"": null, ""6"": null, ""7"": null}","{""0"": 250, ""1"": 250}",250,1,0,0,0,0.332,ultrasonic-not-close,KEEP,left,right,,0
392,2026-08-01T16:17:55.927+09:00,45.318,391,8.65,1,DRIVING,,0,1,0,-0.412960,0.785874,0.785874,70,797,green,0,unknown,0.000000,null,0.000000,0.204,,"{""0"": 201, ""1"": 250, ""2"": null, ""3"": null, ""4"": null, ""5"": null, ""6"": null, ""7"": null}","{""0"": 0.0, ""1"": 0.0, ""2"": null, ""3"": null, ""4"": null, ""5"": null, ""6"": null, ""7"": null}","{""0"": 201, ""1"": 250}",201,1,0,0,0,0.204,ultrasonic-not-close,KEEP,left,right,,0
393,2026-08-01T16:17:56.041+09:00,45.432,392,8.65,1,DRIVING,,0,1,0,-0.411864,0.769163,0.769163,70,799,green,0,unknown,0.000000,null,0.000000,0.317,,"{""0"": 197, ""1"": 250, ""2"": null, ""3"": null, ""4"": null, ""5"": null, ""6"": null, ""7"": null}","{""0"": 0.0, ""1"": 0.0, ""2"": null, ""3"": null, ""4"": null, ""5"": null, ""6"": null, ""7"": null}","{""0"": 197, ""1"": 250}",197,1,0,0,0,0.317,ultrasonic-not-close,KEEP,left,right,,0
394,2026-08-01T16:17:56.151+09:00,45.542,393,8.65,1,DRIVING,,0,1,0,-0.419950,0.789930,0.789930,70,804,green,0,unknown,0.000000,null,0.000000,0.310,,"{""0"": 250, ""1"": 250, ""2"": null, ""3"": null, ""4"": null, ""5"": null, ""6"": null, ""7"": null}","{""0"": 0.0, ""1"": 0.0, ""2"": null, ""3"": null, ""4"": null, ""5"": null, ""6"": null, ""7"": null}","{""0"": 250, ""1"": 250}",250,1,0,0,0,0.310,ultrasonic-not-close,KEEP,left,right,,0
395,2026-08-01T16:17:56.297+09:00,45.689,394,8.65,1,DRIVING,,0,1,0,-0.422581,0.789196,0.789196,70,803,green,0,unknown,0.000000,null,0.000000,0.227,,"{""0"": 187, ""1"": 250, ""2"": null, ""3"": null, ""4"": null, ""5"": null, ""6"": null, ""7"": null}","{""0"": 0.0, ""1"": 0.0, ""2"": null, ""3"": null, ""4"": null, ""5"": null, ""6"": null, ""7"": null}","{""0"": 187, ""1"": 250}",187,1,0,0,0,0.227,ultrasonic-not-close,KEEP,left,right,,0
396,2026-08-01T16:17:56.420+09:00,45.811,395,8.65,1,DRIVING,,0,1,0,-0.424939,0.789118,0.789118,70,802,green,0,unknown,0.000000,null,0.000000,0.348,,"{""0"": 183, ""1"": 250, ""2"": null, ""3"": null, ""4"": null, ""5"": null, ""6"": null, ""7"": null}","{""0"": 0.0, ""1"": 0.0, ""2"": null, ""3"": null, ""4"": null, ""5"": null, ""6"": null, ""7"": null}","{""0"": 183, ""1"": 250}",183,1,0,0,0,0.348,ultrasonic-not-close,KEEP,left,right,,0
397,2026-08-01T16:17:56.525+09:00,45.916,396,8.65,1,DRIVING,,0,1,0,-0.426445,0.787274,0.787274,70,802,green,0,unknown,0.000000,null,0.000000,0.344,,"{""0"": 179, ""1"": 250, ""2"": null, ""3"": null, ""4"": null, ""5"": null, ""6"": null, ""7"": null}","{""0"": 0.0, ""1"": 0.0, ""2"": null, ""3"": null, ""4"": null, ""5"": null, ""6"": null, ""7"": null}","{""0"": 179, ""1"": 250}",179,1,0,0,0,0.344,ultrasonic-not-close,KEEP,left,right,,0
398,2026-08-01T16:17:56.635+09:00,46.026,397,8.65,1,DRIVING,,0,1,0,-0.423404,0.770424,0.770424,70,802,unknown,0,unknown,0.000000,null,0.000000,0.308,,"{""0"": 175, ""1"": 250, ""2"": null, ""3"": null, ""4"": null, ""5"": null, ""6"": null, ""7"": null}","{""0"": 0.0, ""1"": 0.0, ""2"": null, ""3"": null, ""4"": null, ""5"": null, ""6"": null, ""7"": null}","{""0"": 175, ""1"": 250}",175,1,0,0,0,0.308,ultrasonic-not-close,KEEP,left,right,,0
399,2026-08-01T16:17:56.756+09:00,46.138,398,8.65,1,DRIVING,,0,1,0,-0.421459,0.760934,0.760934,70,802,unknown,0,unknown,0.000000,null,0.000000,0.192,,"{""0"": 172, ""1"": 250, ""2"": null, ""3"": null, ""4"": null, ""5"": null, ""6"": null, ""7"": null}","{""0"": 0.0, ""1"": 0.0, ""2"": null, ""3"": null, ""4"": null, ""5"": null, ""6"": null, ""7"": null}","{""0"": 172, ""1"": 250}",172,1,0,0,0,0.192,ultrasonic-not-close,KEEP,left,right,,0
400,2026-08-01T16:17:56.895+09:00,46.285,399,8.64,1,DRIVING,,0,1,0,-0.421652,0.760935,0.760935,70,803,unknown,0,unknown,0.000000,null,0.000000,0.336,,"{""0"": 169, ""1"": 250, ""2"": null, ""3"": null, ""4"": null, ""5"": null, ""6"": null, ""7"": null}","{""0"": 0.0, ""1"": 0.0, ""2"": null, ""3"": null, ""4"": null, ""5"": null, ""6"": null, ""7"": null}","{""0"": 169, ""1"": 250}",169,1,0,0,0,0.336,ultrasonic-not-close,KEEP,left,right,,0
401,2026-08-01T16:17:57.010+09:00,46.401,400,8.64,1,DRIVING,,0,1,0,-0.419953,0.754229,0.754229,70,803,unknown,0,unknown,0.000000,null,0.000000,0.345,,"{""0"": 250, ""1"": 250, ""2"": null, ""3"": null, ""4"": null, ""5"": null, ""6"": null, ""7"": null}","{""0"": 0.0, ""1"": 0.0, ""2"": null, ""3"": null, ""4"": null, ""5"": null, ""6"": null, ""7"": null}","{""0"": 250, ""1"": 250}",250,1,0,0,0,0.345,ultrasonic-not-close,KEEP,left,right,,0
402,2026-08-01T16:17:57.119+09:00,46.511,401,8.65,1,DRIVING,,0,1,0,-0.423242,0.766577,0.766577,70,803,unknown,0,unknown,0.000000,null,0.000000,0.334,,"{""0"": 162, ""1"": 250, ""2"": null, ""3"": null, ""4"": null, ""5"": null, ""6"": null, ""7"": null}","{""0"": 0.0, ""1"": 0.0, ""2"": null, ""3"": null, ""4"": null, ""5"": null, ""6"": null, ""7"": null}","{""0"": 162, ""1"": 250}",162,1,0,0,0,0.334,ultrasonic-not-close,KEEP,left,right,,0
403,2026-08-01T16:17:57.230+09:00,46.622,402,8.65,1,DRIVING,,0,1,0,-0.420776,0.756275,0.756275,70,802,unknown,0,unknown,0.000000,null,0.000000,0.445,,"{""0"": 157, ""1"": 250, ""2"": null, ""3"": null, ""4"": null, ""5"": null, ""6"": null, ""7"": null}","{""0"": 0.0, ""1"": 0.0, ""2"": null, ""3"": null, ""4"": null, ""5"": null, ""6"": null, ""7"": null}","{""0"": 157, ""1"": 250}",157,1,0,0,0,0.445,ultrasonic-not-close,KEEP,left,right,,0
404,2026-08-01T16:17:57.339+09:00,46.731,403,8.65,1,DRIVING,,0,1,0,-0.420282,0.754834,0.754834,70,803,unknown,0,unknown,0.000000,null,0.000000,0.297,,"{""0"": 155, ""1"": 250, ""2"": null, ""3"": null, ""4"": null, ""5"": null, ""6"": null, ""7"": null}","{""0"": 0.0, ""1"": 0.0, ""2"": null, ""3"": null, ""4"": null, ""5"": null, ""6"": null, ""7"": null}","{""0"": 155, ""1"": 250}",155,1,0,0,0,0.297,ultrasonic-not-close,KEEP,left,right,,0
405,2026-08-01T16:17:57.447+09:00,46.837,404,8.65,1,DRIVING,,0,1,0,-0.415321,0.737476,0.737476,70,802,unknown,0,unknown,0.000000,null,0.000000,0.299,,"{""0"": 152, ""1"": 250, ""2"": null, ""3"": null, ""4"": null, ""5"": null, ""6"": null, ""7"": null}","{""0"": 0.0, ""1"": 0.0, ""2"": null, ""3"": null, ""4"": null, ""5"": null, ""6"": null, ""7"": null}","{""0"": 152, ""1"": 250}",152,1,0,0,0,0.299,ultrasonic-not-close,KEEP,left,right,,0
406,2026-08-01T16:17:57.561+09:00,46.952,405,8.65,1,DRIVING,,0,1,0,-0.418170,0.750762,0.750762,70,801,unknown,0,unknown,0.000000,null,0.000000,0.192,,"{""0"": 150, ""1"": 250, ""2"": null, ""3"": null, ""4"": null, ""5"": null, ""6"": null, ""7"": null}","{""0"": 0.0, ""1"": 0.0, ""2"": null, ""3"": null, ""4"": null, ""5"": null, ""6"": null, ""7"": null}","{""0"": 150, ""1"": 250}",150,1,0,0,0,0.192,ultrasonic-not-close,KEEP,left,right,,0
407,2026-08-01T16:17:57.687+09:00,47.078,406,8.65,1,DRIVING,,0,1,0,-0.417868,0.750260,0.750260,70,802,unknown,0,unknown,0.000000,null,0.000000,0.316,,"{""0"": 250, ""1"": 250, ""2"": null, ""3"": null, ""4"": null, ""5"": null, ""6"": null, ""7"": null}","{""0"": 0.0, ""1"": 0.0, ""2"": null, ""3"": null, ""4"": null, ""5"": null, ""6"": null, ""7"": null}","{""0"": 250, ""1"": 250}",250,1,0,0,0,0.316,ultrasonic-not-close,KEEP,left,right,,0
408,2026-08-01T16:17:57.797+09:00,47.189,407,8.65,1,DRIVING,,0,1,0,-0.420114,0.758917,0.758917,70,803,unknown,0,unknown,0.000000,null,0.000000,0.321,,"{""0"": 250, ""1"": 250, ""2"": null, ""3"": null, ""4"": null, ""5"": null, ""6"": null, ""7"": null}","{""0"": 0.0, ""1"": 0.0, ""2"": null, ""3"": null, ""4"": null, ""5"": null, ""6"": null, ""7"": null}","{""0"": 250, ""1"": 250}",250,1,0,0,0,0.321,ultrasonic-not-close,KEEP,left,right,,0
409,2026-08-01T16:17:57.907+09:00,47.298,408,8.65,1,DRIVING,,0,1,0,-0.414386,0.737482,0.737482,70,802,unknown,0,unknown,0.000000,null,0.000000,0.318,,"{""0"": 250, ""1"": 250, ""2"": null, ""3"": null, ""4"": null, ""5"": null, ""6"": null, ""7"": null}","{""0"": 0.0, ""1"": 0.0, ""2"": null, ""3"": null, ""4"": null, ""5"": null, ""6"": null, ""7"": null}","{""0"": 250, ""1"": 250}",250,1,0,0,0,0.318,ultrasonic-not-close,KEEP,left,right,,0
410,2026-08-01T16:17:58.032+09:00,47.422,409,8.65,1,DRIVING,,0,1,0,-0.154666,-0.194985,-0.194985,70,802,green,0,unknown,0.000000,null,0.000000,0.441,,"{""0"": 250, ""1"": 250, ""2"": null, ""3"": null, ""4"": null, ""5"": null, ""6"": null, ""7"": null}","{""0"": 0.0, ""1"": 0.0, ""2"": null, ""3"": null, ""4"": null, ""5"": null, ""6"": null, ""7"": null}","{""0"": 250, ""1"": 250}",250,1,0,0,0,0.441,ultrasonic-not-close,KEEP,,,,0
411,2026-08-01T16:17:58.145+09:00,47.537,410,8.65,1,DRIVING,,0,1,0,-0.207296,0.136496,0.136496,70,797,green,0,unknown,0.000000,null,0.000000,0.318,,"{""0"": 250, ""1"": 250, ""2"": null, ""3"": null, ""4"": null, ""5"": null, ""6"": null, ""7"": null}","{""0"": 0.0, ""1"": 0.0, ""2"": null, ""3"": null, ""4"": null, ""5"": null, ""6"": null, ""7"": null}","{""0"": 250, ""1"": 250}",250,1,0,0,0,0.318,ultrasonic-not-close,KEEP,,,,0
412,2026-08-01T16:17:58.257+09:00,47.649,411,8.65,1,DRIVING,,0,1,0,-0.132915,-0.060282,-0.060282,70,769,red,0,unknown,0.000000,null,0.000000,0.322,,"{""0"": 250, ""1"": 250, ""2"": null, ""3"": null, ""4"": null, ""5"": null, ""6"": null, ""7"": null}","{""0"": 0.0, ""1"": 0.0, ""2"": null, ""3"": null, ""4"": null, ""5"": null, ""6"": null, ""7"": null}","{""0"": 250, ""1"": 250}",250,1,0,0,0,0.322,ultrasonic-not-close,KEEP,,,,0
413,2026-08-01T16:17:58.383+09:00,47.774,412,8.65,1,DRIVING,,0,1,0,0.130021,-0.916996,-0.916996,70,749,green,0,unknown,0.000000,null,0.000000,0.447,,"{""0"": 250, ""1"": 250, ""2"": null, ""3"": null, ""4"": null, ""5"": null, ""6"": null, ""7"": null}","{""0"": 0.0, ""1"": 0.0, ""2"": null, ""3"": null, ""4"": null, ""5"": null, ""6"": null, ""7"": null}","{""0"": 250, ""1"": 250}",250,1,0,0,0,0.447,ultrasonic-not-close,KEEP,,,,0
414,2026-08-01T16:17:58.495+09:00,47.885,413,8.65,1,DRIVING,,0,1,0,0.130293,-0.713086,-0.713086,70,739,green,0,unknown,0.000000,null,0.000000,0.317,,"{""0"": 250, ""1"": 250, ""2"": null, ""3"": null, ""4"": null, ""5"": null, ""6"": null, ""7"": null}","{""0"": 0.0, ""1"": 0.0, ""2"": null, ""3"": null, ""4"": null, ""5"": null, ""6"": null, ""7"": null}","{""0"": 250, ""1"": 250}",250,1,0,0,0,0.317,ultrasonic-not-close,KEEP,right,left,,0
415,2026-08-01T16:17:58.609+09:00,48.001,414,8.65,1,DRIVING,,0,1,0,0.142826,-0.614639,-0.614639,70,711,green,0,unknown,0.000000,null,0.000000,0.323,,"{""0"": 250, ""1"": 250, ""2"": null, ""3"": null, ""4"": null, ""5"": null, ""6"": null, ""7"": null}","{""0"": 0.0, ""1"": 0.0, ""2"": null, ""3"": null, ""4"": null, ""5"": null, ""6"": null, ""7"": null}","{""0"": 250, ""1"": 250}",250,1,0,0,0,0.323,ultrasonic-not-close,KEEP,right,left,,0
416,2026-08-01T16:17:58.727+09:00,48.118,415,8.65,1,DRIVING,,0,1,0,0.131055,-0.464995,-0.464995,70,703,green,0,unknown,0.000000,null,0.000000,0.439,,"{""0"": 250, ""1"": 250, ""2"": null, ""3"": null, ""4"": null, ""5"": null, ""6"": null, ""7"": null}","{""0"": 0.0, ""1"": 0.0, ""2"": null, ""3"": null, ""4"": null, ""5"": null, ""6"": null, ""7"": null}","{""0"": 250, ""1"": 250}",250,1,0,0,0,0.439,ultrasonic-not-close,KEEP,right,left,,0
417,2026-08-01T16:17:58.839+09:00,48.229,416,8.65,1,DRIVING,,0,1,0,0.093011,-0.259308,-0.259308,70,707,red,0,unknown,0.000000,null,0.000000,0.311,,"{""0"": 114, ""1"": 250, ""2"": null, ""3"": null, ""4"": null, ""5"": null, ""6"": null, ""7"": null}","{""0"": 0.0, ""1"": 0.0, ""2"": null, ""3"": null, ""4"": null, ""5"": null, ""6"": null, ""7"": null}","{""0"": 114, ""1"": 250}",114,1,1,0,0,0.311,car-not-detected-or-stale,KEEP,right,left,,0
418,2026-08-01T16:17:58.955+09:00,48.346,417,8.65,1,DRIVING,,0,1,0,0.018789,0.035457,0.035457,70,710,unknown,0,unknown,0.000000,null,0.000000,0.316,,"{""0"": 109, ""1"": 250, ""2"": null, ""3"": null, ""4"": null, ""5"": null, ""6"": null, ""7"": null}","{""0"": 0.0, ""1"": 0.0, ""2"": null, ""3"": null, ""4"": null, ""5"": null, ""6"": null, ""7"": null}","{""0"": 109, ""1"": 250}",109,1,1,0,0,0.316,car-not-detected-or-stale,KEEP,right,left,,0
419,2026-08-01T16:17:59.070+09:00,48.461,418,8.65,1,DRIVING,,0,1,0,-0.033257,0.202039,0.202039,70,715,unknown,0,unknown,0.000000,null,0.000000,0.202,,"{""0"": 104, ""1"": 250, ""2"": null, ""3"": null, ""4"": null, ""5"": null, ""6"": null, ""7"": null}","{""0"": 0.0, ""1"": 0.0, ""2"": null, ""3"": null, ""4"": null, ""5"": null, ""6"": null, ""7"": null}","{""0"": 104, ""1"": 250}",104,1,1,0,0,0.202,car-not-detected-or-stale,KEEP,right,left,,0
420,2026-08-01T16:17:59.188+09:00,48.579,419,8.65,1,DRIVING,,0,1,0,-0.118089,0.464781,0.464781,70,734,unknown,0,unknown,0.000000,null,0.000000,0.318,,"{""0"": 98, ""1"": 250, ""2"": null, ""3"": null, ""4"": null, ""5"": null, ""6"": null, ""7"": null}","{""0"": 0.0, ""1"": 0.0, ""2"": null, ""3"": null, ""4"": null, ""5"": null, ""6"": null, ""7"": null}","{""0"": 98, ""1"": 250}",98,1,1,0,0,0.318,car-not-detected-or-stale,KEEP,right,left,,0
421,2026-08-01T16:17:59.304+09:00,48.695,420,8.65,1,DRIVING,,0,1,0,-0.195938,0.669370,0.669370,70,757,unknown,0,unknown,0.000000,null,0.000000,0.319,,"{""0"": 94, ""1"": 250, ""2"": null, ""3"": null, ""4"": null, ""5"": null, ""6"": null, ""7"": null}","{""0"": 0.0, ""1"": 0.0, ""2"": null, ""3"": null, ""4"": null, ""5"": null, ""6"": null, ""7"": null}","{""0"": 94, ""1"": 250}",94,1,1,0,0,0.319,car-not-detected-or-stale,KEEP,right,left,,0
422,2026-08-01T16:17:59.421+09:00,48.812,421,8.65,1,DRIVING,,0,1,0,-0.289166,0.909987,0.909987,70,760,unknown,0,unknown,0.000000,null,0.000000,0.203,,"{""0"": 90, ""1"": 250, ""2"": null, ""3"": null, ""4"": null, ""5"": null, ""6"": null, ""7"": null}","{""0"": 0.0, ""1"": 0.0, ""2"": null, ""3"": null, ""4"": null, ""5"": null, ""6"": null, ""7"": null}","{""0"": 90, ""1"": 250}",90,1,1,0,0,0.203,car-not-detected-or-stale,KEEP,right,left,,0
423,2026-08-01T16:17:59.522+09:00,48.912,422,8.65,0,DRIVING,phase:KEEP->KEEP_PAUSED,0,1,0,-0.340181,0.976797,0.976797,0,777,unknown,0,unknown,0.000000,null,0.000000,0.301,,"{""0"": 87, ""1"": 250, ""2"": null, ""3"": null, ""4"": null, ""5"": null, ""6"": null, ""7"": null}","{""0"": 0.0, ""1"": 0.0, ""2"": null, ""3"": null, ""4"": null, ""5"": null, ""6"": null, ""7"": null}","{""0"": 87, ""1"": 250}",87,1,1,0,0,0.301,car-not-detected-or-stale,KEEP_PAUSED,right,left,,0
424,2026-08-01T16:17:59.632+09:00,49.023,423,8.65,0,DRIVING,,0,1,0,-0.374891,0.992411,0.992411,0,770,unknown,0,unknown,0.000000,null,0.000000,0.299,,"{""0"": 85, ""1"": 250, ""2"": null, ""3"": null, ""4"": null, ""5"": null, ""6"": null, ""7"": null}","{""0"": 0.0, ""1"": 0.0, ""2"": null, ""3"": null, ""4"": null, ""5"": null, ""6"": null, ""7"": null}","{""0"": 85, ""1"": 250}",85,1,1,0,0,0.299,car-not-detected-or-stale,KEEP_PAUSED,right,left,,0
425,2026-08-01T16:17:59.747+09:00,49.139,424,8.65,0,DRIVING,,0,1,0,-0.357590,0.834843,0.834843,0,752,unknown,0,unknown,0.000000,null,0.000000,0.193,,"{""0"": 84, ""1"": 250, ""2"": null, ""3"": null, ""4"": null, ""5"": null, ""6"": null, ""7"": null}","{""0"": 0.0, ""1"": 0.0, ""2"": null, ""3"": null, ""4"": null, ""5"": null, ""6"": null, ""7"": null}","{""0"": 84, ""1"": 250}",84,1,1,0,0,0.193,car-not-detected-or-stale,KEEP_PAUSED,right,left,,0
426,2026-08-01T16:17:59.860+09:00,49.250,425,8.65,0,DRIVING,,0,1,0,-0.369873,0.821710,0.821710,0,749,unknown,0,unknown,0.000000,null,0.000000,0.304,,"{""0"": 83, ""1"": 250, ""2"": null, ""3"": null, ""4"": null, ""5"": null, ""6"": null, ""7"": null}","{""0"": 0.0, ""1"": 0.0, ""2"": null, ""3"": null, ""4"": null, ""5"": null, ""6"": null, ""7"": null}","{""0"": 83, ""1"": 250}",83,1,1,0,0,0.304,car-not-detected-or-stale,KEEP_PAUSED,right,left,,0
427,2026-08-01T16:17:59.979+09:00,49.370,426,8.65,0,DRIVING,,0,1,0,-0.375995,0.796967,0.796967,0,750,unknown,0,unknown,0.000000,null,0.000000,0.317,,"{""0"": 90, ""1"": 250, ""2"": null, ""3"": null, ""4"": null, ""5"": null, ""6"": null, ""7"": null}","{""0"": 0.0, ""1"": 0.0, ""2"": null, ""3"": null, ""4"": null, ""5"": null, ""6"": null, ""7"": null}","{""0"": 90, ""1"": 250}",90,1,1,0,0,0.317,car-not-detected-or-stale,KEEP_PAUSED,right,left,,0
428,2026-08-01T16:18:00.097+09:00,49.488,427,8.65,0,DRIVING,,0,1,0,-0.375858,0.760419,0.760419,0,750,unknown,0,unknown,0.000000,null,0.000000,0.205,,"{""0"": 84, ""1"": 250, ""2"": null, ""3"": null, ""4"": null, ""5"": null, ""6"": null, ""7"": null}","{""0"": 0.0, ""1"": 0.0, ""2"": null, ""3"": null, ""4"": null, ""5"": null, ""6"": null, ""7"": null}","{""0"": 84, ""1"": 250}",84,1,1,0,0,0.205,car-not-detected-or-stale,KEEP_PAUSED,right,left,,0
429,2026-08-01T16:18:00.214+09:00,49.604,428,8.65,0,DRIVING,,0,1,0,-0.375661,0.734549,0.734549,0,750,unknown,0,unknown,0.000000,null,0.000000,0.320,,"{""0"": 90, ""1"": 250, ""2"": null, ""3"": null, ""4"": null, ""5"": null, ""6"": null, ""7"": null}","{""0"": 0.0, ""1"": 0.0, ""2"": null, ""3"": null, ""4"": null, ""5"": null, ""6"": null, ""7"": null}","{""0"": 90, ""1"": 250}",90,1,1,0,0,0.320,car-not-detected-or-stale,KEEP_PAUSED,right,left,,0
430,2026-08-01T16:18:00.323+09:00,49.713,429,8.65,0,DRIVING,,0,1,0,-0.375661,0.717041,0.717041,0,750,unknown,0,unknown,0.000000,null,0.000000,0.314,,"{""0"": 84, ""1"": 250, ""2"": null, ""3"": null, ""4"": null, ""5"": null, ""6"": null, ""7"": null}","{""0"": 0.0, ""1"": 0.0, ""2"": null, ""3"": null, ""4"": null, ""5"": null, ""6"": null, ""7"": null}","{""0"": 84, ""1"": 250}",84,1,1,0,0,0.314,car-not-detected-or-stale,KEEP_PAUSED,right,left,,0
431,2026-08-01T16:18:00.439+09:00,49.830,430,8.65,0,DRIVING,,0,1,0,-0.375995,0.705989,0.705989,0,750,unknown,0,unknown,0.000000,null,0.000000,0.312,,"{""0"": 84, ""1"": 250, ""2"": null, ""3"": null, ""4"": null, ""5"": null, ""6"": null, ""7"": null}","{""0"": 0.0, ""1"": 0.0, ""2"": null, ""3"": null, ""4"": null, ""5"": null, ""6"": null, ""7"": null}","{""0"": 84, ""1"": 250}",84,1,1,0,0,0.312,car-not-detected-or-stale,KEEP_PAUSED,right,left,,0
432,2026-08-01T16:18:00.565+09:00,49.956,431,8.65,0,DRIVING,,0,1,0,-0.375661,0.696027,0.696027,0,750,unknown,0,unknown,0.000000,null,0.000000,0.210,,"{""0"": 83, ""1"": 250, ""2"": null, ""3"": null, ""4"": null, ""5"": null, ""6"": null, ""7"": null}","{""0"": 0.0, ""1"": 0.0, ""2"": null, ""3"": null, ""4"": null, ""5"": null, ""6"": null, ""7"": null}","{""0"": 83, ""1"": 250}",83,1,1,0,0,0.210,car-not-detected-or-stale,KEEP_PAUSED,right,left,,0
433,2026-08-01T16:18:00.681+09:00,50.072,432,8.65,0,DRIVING,,0,1,0,-0.375995,0.691279,0.691279,0,751,unknown,0,unknown,0.000000,null,0.000000,0.325,,"{""0"": 83, ""1"": 250, ""2"": null, ""3"": null, ""4"": null, ""5"": null, ""6"": null, ""7"": null}","{""0"": 0.0, ""1"": 0.0, ""2"": null, ""3"": null, ""4"": null, ""5"": null, ""6"": null, ""7"": null}","{""0"": 83, ""1"": 250}",83,1,1,0,0,0.325,car-not-detected-or-stale,KEEP_PAUSED,right,left,,0
434,2026-08-01T16:18:00.790+09:00,50.180,433,8.65,0,DRIVING,,0,1,0,-0.376177,0.687587,0.687587,0,749,unknown,0,unknown,0.000000,null,0.000000,0.312,,"{""0"": 89, ""1"": 250, ""2"": null, ""3"": null, ""4"": null, ""5"": null, ""6"": null, ""7"": null}","{""0"": 0.0, ""1"": 0.0, ""2"": null, ""3"": null, ""4"": null, ""5"": null, ""6"": null, ""7"": null}","{""0"": 89, ""1"": 250}",89,1,1,0,0,0.312,car-not-detected-or-stale,KEEP_PAUSED,right,left,,0
435,2026-08-01T16:18:00.902+09:00,50.294,434,8.65,0,DRIVING,,0,1,0,-0.376555,0.685808,0.685808,0,749,unknown,0,unknown,0.000000,null,0.000000,0.191,,"{""0"": 84, ""1"": 250, ""2"": null, ""3"": null, ""4"": null, ""5"": null, ""6"": null, ""7"": null}","{""0"": 0.0, ""1"": 0.0, ""2"": null, ""3"": null, ""4"": null, ""5"": null, ""6"": null, ""7"": null}","{""0"": 84, ""1"": 250}",84,1,1,0,0,0.191,car-not-detected-or-stale,KEEP_PAUSED,right,left,,0
436,2026-08-01T16:18:01.020+09:00,50.409,435,8.65,0,DRIVING,,0,1,0,-0.376177,0.682044,0.682044,0,748,unknown,0,unknown,0.000000,null,0.000000,0.305,,"{""0"": 83, ""1"": 250, ""2"": null, ""3"": null, ""4"": null, ""5"": null, ""6"": null, ""7"": null}","{""0"": 0.0, ""1"": 0.0, ""2"": null, ""3"": null, ""4"": null, ""5"": null, ""6"": null, ""7"": null}","{""0"": 83, ""1"": 250}",83,1,1,0,0,0.305,car-not-detected-or-stale,KEEP_PAUSED,right,left,,0
437,2026-08-01T16:18:01.132+09:00,50.523,436,8.65,0,DRIVING,,0,1,0,-0.375661,0.678709,0.678709,0,750,unknown,0,unknown,0.000000,null,0.000000,0.312,,"{""0"": 84, ""1"": 250, ""2"": null, ""3"": null, ""4"": null, ""5"": null, ""6"": null, ""7"": null}","{""0"": 0.0, ""1"": 0.0, ""2"": null, ""3"": null, ""4"": null, ""5"": null, ""6"": null, ""7"": null}","{""0"": 84, ""1"": 250}",84,1,1,0,0,0.312,car-not-detected-or-stale,KEEP_PAUSED,right,left,,0
438,2026-08-01T16:18:01.244+09:00,50.634,437,8.65,0,DRIVING,,0,1,0,-0.375995,0.679156,0.679156,0,749,unknown,0,unknown,0.000000,null,0.000000,0.311,,"{""0"": 90, ""1"": 250, ""2"": null, ""3"": null, ""4"": null, ""5"": null, ""6"": null, ""7"": null}","{""0"": 0.0, ""1"": 0.0, ""2"": null, ""3"": null, ""4"": null, ""5"": null, ""6"": null, ""7"": null}","{""0"": 90, ""1"": 250}",90,1,1,0,0,0.311,car-not-detected-or-stale,KEEP_PAUSED,right,left,,0
439,2026-08-01T16:18:01.357+09:00,50.748,438,8.65,0,DRIVING,,0,1,0,-0.375995,0.678447,0.678447,0,749,unknown,0,unknown,0.000000,null,0.000000,0.423,,"{""0"": 99, ""1"": 250, ""2"": null, ""3"": null, ""4"": null, ""5"": null, ""6"": null, ""7"": null}","{""0"": 0.0, ""1"": 0.0, ""2"": null, ""3"": null, ""4"": null, ""5"": null, ""6"": null, ""7"": null}","{""0"": 99, ""1"": 250}",99,1,1,0,0,0.423,car-not-detected-or-stale,KEEP_PAUSED,right,left,,0
440,2026-08-01T16:18:01.471+09:00,50.861,439,8.65,0,DRIVING,,0,1,0,-0.375995,0.677950,0.677950,0,749,unknown,0,unknown,0.000000,null,0.000000,0.305,,"{""0"": 90, ""1"": 250, ""2"": null, ""3"": null, ""4"": null, ""5"": null, ""6"": null, ""7"": null}","{""0"": 0.0, ""1"": 0.0, ""2"": null, ""3"": null, ""4"": null, ""5"": null, ""6"": null, ""7"": null}","{""0"": 90, ""1"": 250}",90,1,1,0,0,0.305,car-not-detected-or-stale,KEEP_PAUSED,right,left,,0
441,2026-08-01T16:18:01.597+09:00,50.988,440,8.65,0,DRIVING,,0,1,0,-0.375995,0.677602,0.677602,0,750,unknown,0,unknown,0.000000,null,0.000000,0.323,,"{""0"": 83, ""1"": 250, ""2"": null, ""3"": null, ""4"": null, ""5"": null, ""6"": null, ""7"": null}","{""0"": 0.0, ""1"": 0.0, ""2"": null, ""3"": null, ""4"": null, ""5"": null, ""6"": null, ""7"": null}","{""0"": 83, ""1"": 250}",83,1,1,0,0,0.323,car-not-detected-or-stale,KEEP_PAUSED,right,left,,0
442,2026-08-01T16:18:01.714+09:00,51.104,441,8.65,0,DRIVING,,0,1,0,-0.375995,0.677359,0.677359,0,750,unknown,0,unknown,0.000000,null,0.000000,0.208,,"{""0"": 99, ""1"": 250, ""2"": null, ""3"": null, ""4"": null, ""5"": null, ""6"": null, ""7"": null}","{""0"": 0.0, ""1"": 0.0, ""2"": null, ""3"": null, ""4"": null, ""5"": null, ""6"": null, ""7"": null}","{""0"": 99, ""1"": 250}",99,1,1,0,0,0.208,car-not-detected-or-stale,KEEP_PAUSED,right,left,,0
443,2026-08-01T16:18:01.830+09:00,51.220,442,8.65,0,DRIVING,,0,1,0,-0.375995,0.677189,0.677189,0,750,unknown,0,unknown,0.000000,null,0.000000,0.322,,"{""0"": 100, ""1"": 250, ""2"": null, ""3"": null, ""4"": null, ""5"": null, ""6"": null, ""7"": null}","{""0"": 0.0, ""1"": 0.0, ""2"": null, ""3"": null, ""4"": null, ""5"": null, ""6"": null, ""7"": null}","{""0"": 100, ""1"": 250}",100,1,1,0,0,0.322,car-not-detected-or-stale,KEEP_PAUSED,right,left,,0
444,2026-08-01T16:18:01.938+09:00,51.329,443,8.65,0,DRIVING,,0,1,0,-0.375995,0.677070,0.677070,0,750,unknown,0,unknown,0.000000,null,0.000000,0.310,,"{""0"": 90, ""1"": 250, ""2"": null, ""3"": null, ""4"": null, ""5"": null, ""6"": null, ""7"": null}","{""0"": 0.0, ""1"": 0.0, ""2"": null, ""3"": null, ""4"": null, ""5"": null, ""6"": null, ""7"": null}","{""0"": 90, ""1"": 250}",90,1,1,0,0,0.310,car-not-detected-or-stale,KEEP_PAUSED,right,left,,0
445,2026-08-01T16:18:02.053+09:00,51.444,444,8.65,0,DRIVING,,0,1,0,-0.376177,0.677641,0.677641,0,751,unknown,0,unknown,0.000000,null,0.000000,0.192,,"{""0"": 90, ""1"": 250, ""2"": null, ""3"": null, ""4"": null, ""5"": null, ""6"": null, ""7"": null}","{""0"": 0.0, ""1"": 0.0, ""2"": null, ""3"": null, ""4"": null, ""5"": null, ""6"": null, ""7"": null}","{""0"": 90, ""1"": 250}",90,1,1,0,0,0.192,car-not-detected-or-stale,KEEP_PAUSED,right,left,,0
446,2026-08-01T16:18:02.169+09:00,51.560,445,8.65,0,DRIVING,,0,1,0,-0.375995,0.676829,0.676829,0,750,unknown,0,unknown,0.000000,null,0.000000,0.306,,"{""0"": 84, ""1"": 250, ""2"": null, ""3"": null, ""4"": null, ""5"": null, ""6"": null, ""7"": null}","{""0"": 0.0, ""1"": 0.0, ""2"": null, ""3"": null, ""4"": null, ""5"": null, ""6"": null, ""7"": null}","{""0"": 84, ""1"": 250}",84,1,1,0,0,0.306,car-not-detected-or-stale,KEEP_PAUSED,right,left,,0
447,2026-08-01T16:18:02.291+09:00,51.681,446,8.65,0,DRIVING,,0,1,0,-0.376177,0.677473,0.677473,0,750,unknown,0,unknown,0.000000,null,0.000000,0.320,,"{""0"": 83, ""1"": 250, ""2"": null, ""3"": null, ""4"": null, ""5"": null, ""6"": null, ""7"": null}","{""0"": 0.0, ""1"": 0.0, ""2"": null, ""3"": null, ""4"": null, ""5"": null, ""6"": null, ""7"": null}","{""0"": 83, ""1"": 250}",83,1,1,0,0,0.320,car-not-detected-or-stale,KEEP_PAUSED,right,left,,0
448,2026-08-01T16:18:02.415+09:00,51.805,447,8.65,0,DRIVING,,0,1,0,-0.376177,0.677366,0.677366,0,750,unknown,0,unknown,0.000000,null,0.000000,0.330,,"{""0"": 83, ""1"": 250, ""2"": null, ""3"": null, ""4"": null, ""5"": null, ""6"": null, ""7"": null}","{""0"": 0.0, ""1"": 0.0, ""2"": null, ""3"": null, ""4"": null, ""5"": null, ""6"": null, ""7"": null}","{""0"": 83, ""1"": 250}",83,1,1,0,0,0.330,car-not-detected-or-stale,KEEP_PAUSED,right,left,,0
449,2026-08-01T16:18:02.542+09:00,51.933,448,8.65,0,DRIVING,,0,1,0,-0.376177,0.677292,0.677292,0,750,unknown,0,unknown,0.000000,null,0.000000,0.217,,"{""0"": 84, ""1"": 250, ""2"": null, ""3"": null, ""4"": null, ""5"": null, ""6"": null, ""7"": null}","{""0"": 0.0, ""1"": 0.0, ""2"": null, ""3"": null, ""4"": null, ""5"": null, ""6"": null, ""7"": null}","{""0"": 84, ""1"": 250}",84,1,1,0,0,0.217,car-not-detected-or-stale,KEEP_PAUSED,right,left,,0
450,2026-08-01T16:18:02.663+09:00,52.054,449,8.65,0,DRIVING,,0,1,0,-0.376177,0.677240,0.677240,0,749,unknown,0,unknown,0.000000,null,0.000000,0.336,,"{""0"": 84, ""1"": 250, ""2"": null, ""3"": null, ""4"": null, ""5"": null, ""6"": null, ""7"": null}","{""0"": 0.0, ""1"": 0.0, ""2"": null, ""3"": null, ""4"": null, ""5"": null, ""6"": null, ""7"": null}","{""0"": 84, ""1"": 250}",84,1,1,0,0,0.336,car-not-detected-or-stale,KEEP_PAUSED,right,left,,0
451,2026-08-01T16:18:02.783+09:00,52.173,450,8.65,0,DRIVING,,0,1,0,-0.376177,0.677204,0.677204,0,749,unknown,0,unknown,0.000000,null,0.000000,0.336,,"{""0"": 100, ""1"": 250, ""2"": null, ""3"": null, ""4"": null, ""5"": null, ""6"": null, ""7"": null}","{""0"": 0.0, ""1"": 0.0, ""2"": null, ""3"": null, ""4"": null, ""5"": null, ""6"": null, ""7"": null}","{""0"": 100, ""1"": 250}",100,1,1,0,0,0.336,car-not-detected-or-stale,KEEP_PAUSED,right,left,,0
452,2026-08-01T16:18:02.899+09:00,52.289,451,8.65,0,DRIVING,,0,1,0,-0.375995,0.676524,0.676524,0,749,unknown,0,unknown,0.000000,null,0.000000,0.326,,"{""0"": 84, ""1"": 250, ""2"": null, ""3"": null, ""4"": null, ""5"": null, ""6"": null, ""7"": null}","{""0"": 0.0, ""1"": 0.0, ""2"": null, ""3"": null, ""4"": null, ""5"": null, ""6"": null, ""7"": null}","{""0"": 84, ""1"": 250}",84,1,1,0,0,0.326,car-not-detected-or-stale,KEEP_PAUSED,right,left,,0
453,2026-08-01T16:18:03.014+09:00,52.405,452,8.65,0,DRIVING,,0,1,0,-0.375995,0.676604,0.676604,0,749,unknown,0,unknown,0.000000,null,0.000000,0.198,,"{""0"": 83, ""1"": 250, ""2"": null, ""3"": null, ""4"": null, ""5"": null, ""6"": null, ""7"": null}","{""0"": 0.0, ""1"": 0.0, ""2"": null, ""3"": null, ""4"": null, ""5"": null, ""6"": null, ""7"": null}","{""0"": 83, ""1"": 250}",83,1,1,0,0,0.198,car-not-detected-or-stale,KEEP_PAUSED,right,left,,0
454,2026-08-01T16:18:03.133+09:00,52.523,453,8.65,0,DRIVING,,0,1,0,-0.375995,0.676660,0.676660,0,751,unknown,0,unknown,0.000000,null,0.000000,0.316,,"{""0"": 84, ""1"": 250, ""2"": null, ""3"": null, ""4"": null, ""5"": null, ""6"": null, ""7"": null}","{""0"": 0.0, ""1"": 0.0, ""2"": null, ""3"": null, ""4"": null, ""5"": null, ""6"": null, ""7"": null}","{""0"": 84, ""1"": 250}",84,1,1,0,0,0.316,car-not-detected-or-stale,KEEP_PAUSED,right,left,,0
455,2026-08-01T16:18:03.245+09:00,52.635,454,8.65,0,DRIVING,,0,1,0,-0.375995,0.676700,0.676700,0,750,unknown,0,unknown,0.000000,null,0.000000,0.313,,"{""0"": 90, ""1"": 250, ""2"": null, ""3"": null, ""4"": null, ""5"": null, ""6"": null, ""7"": null}","{""0"": 0.0, ""1"": 0.0, ""2"": null, ""3"": null, ""4"": null, ""5"": null, ""6"": null, ""7"": null}","{""0"": 90, ""1"": 250}",90,1,1,0,0,0.313,car-not-detected-or-stale,KEEP_PAUSED,right,left,,0
456,2026-08-01T16:18:03.365+09:00,52.747,455,8.65,0,DRIVING,,0,1,0,-0.375995,0.676727,0.676727,0,749,unknown,0,unknown,0.000000,null,0.000000,0.311,,"{""0"": 84, ""1"": 250, ""2"": null, ""3"": null, ""4"": null, ""5"": null, ""6"": null, ""7"": null}","{""0"": 0.0, ""1"": 0.0, ""2"": null, ""3"": null, ""4"": null, ""5"": null, ""6"": null, ""7"": null}","{""0"": 84, ""1"": 250}",84,1,1,0,0,0.311,car-not-detected-or-stale,KEEP_PAUSED,right,left,,0
457,2026-08-01T16:18:03.480+09:00,52.871,456,8.65,0,DRIVING,,0,1,0,-0.375995,0.676746,0.676746,0,749,unknown,0,unknown,0.000000,null,0.000000,0.434,,"{""0"": 84, ""1"": 250, ""2"": null, ""3"": null, ""4"": null, ""5"": null, ""6"": null, ""7"": null}","{""0"": 0.0, ""1"": 0.0, ""2"": null, ""3"": null, ""4"": null, ""5"": null, ""6"": null, ""7"": null}","{""0"": 84, ""1"": 250}",84,1,1,0,0,0.434,car-not-detected-or-stale,KEEP_PAUSED,right,left,,0
458,2026-08-01T16:18:03.590+09:00,52.981,457,8.65,0,DRIVING,,0,1,0,-0.375995,0.676760,0.676760,0,750,unknown,0,unknown,0.000000,null,0.000000,0.313,,"{""0"": 83, ""1"": 250, ""2"": null, ""3"": null, ""4"": null, ""5"": null, ""6"": null, ""7"": null}","{""0"": 0.0, ""1"": 0.0, ""2"": null, ""3"": null, ""4"": null, ""5"": null, ""6"": null, ""7"": null}","{""0"": 83, ""1"": 250}",83,1,1,0,0,0.313,car-not-detected-or-stale,KEEP_PAUSED,right,left,,0
459,2026-08-01T16:18:03.708+09:00,53.098,458,8.65,0,DRIVING,,0,1,0,-0.376177,0.677424,0.677424,0,750,unknown,0,unknown,0.000000,null,0.000000,0.313,,"{""0"": 99, ""1"": 250, ""2"": null, ""3"": null, ""4"": null, ""5"": null, ""6"": null, ""7"": null}","{""0"": 0.0, ""1"": 0.0, ""2"": null, ""3"": null, ""4"": null, ""5"": null, ""6"": null, ""7"": null}","{""0"": 99, ""1"": 250}",99,1,1,0,0,0.313,car-not-detected-or-stale,KEEP_PAUSED,right,left,,0
460,2026-08-01T16:18:03.820+09:00,53.211,459,8.65,0,DRIVING,,0,1,0,-0.375995,0.676678,0.676678,0,750,unknown,0,unknown,0.000000,null,0.000000,0.189,,"{""0"": 100, ""1"": 250, ""2"": null, ""3"": null, ""4"": null, ""5"": null, ""6"": null, ""7"": null}","{""0"": 0.0, ""1"": 0.0, ""2"": null, ""3"": null, ""4"": null, ""5"": null, ""6"": null, ""7"": null}","{""0"": 100, ""1"": 250}",100,1,1,0,0,0.189,car-not-detected-or-stale,KEEP_PAUSED,right,left,,0
461,2026-08-01T16:18:03.940+09:00,53.331,460,8.65,0,DRIVING,,0,1,0,-0.375995,0.676712,0.676712,0,749,unknown,0,unknown,0.000000,null,0.000000,0.308,,"{""0"": 99, ""1"": 250, ""2"": null, ""3"": null, ""4"": null, ""5"": null, ""6"": null, ""7"": null}","{""0"": 0.0, ""1"": 0.0, ""2"": null, ""3"": null, ""4"": null, ""5"": null, ""6"": null, ""7"": null}","{""0"": 99, ""1"": 250}",99,1,1,0,0,0.308,car-not-detected-or-stale,KEEP_PAUSED,right,left,,0
462,2026-08-01T16:18:04.051+09:00,53.442,461,8.65,0,DRIVING,,0,1,0,-0.376177,0.677390,0.677390,0,750,unknown,0,unknown,0.000000,null,0.000000,0.313,,"{""0"": 99, ""1"": 250, ""2"": null, ""3"": null, ""4"": null, ""5"": null, ""6"": null, ""7"": null}","{""0"": 0.0, ""1"": 0.0, ""2"": null, ""3"": null, ""4"": null, ""5"": null, ""6"": null, ""7"": null}","{""0"": 99, ""1"": 250}",99,1,1,0,0,0.313,car-not-detected-or-stale,KEEP_PAUSED,right,left,,0
463,2026-08-01T16:18:04.162+09:00,53.553,462,8.65,0,DRIVING,,0,1,0,-0.375995,0.676654,0.676654,0,749,unknown,0,unknown,0.000000,null,0.000000,0.312,,"{""0"": 84, ""1"": 250, ""2"": null, ""3"": null, ""4"": null, ""5"": null, ""6"": null, ""7"": null}","{""0"": 0.0, ""1"": 0.0, ""2"": null, ""3"": null, ""4"": null, ""5"": null, ""6"": null, ""7"": null}","{""0"": 84, ""1"": 250}",84,1,1,0,0,0.312,car-not-detected-or-stale,KEEP_PAUSED,right,left,,0
464,2026-08-01T16:18:04.285+09:00,53.676,463,8.65,0,DRIVING,,0,1,0,-0.375995,0.676695,0.676695,0,750,unknown,0,unknown,0.000000,null,0.000000,0.432,,"{""0"": 83, ""1"": 250, ""2"": null, ""3"": null, ""4"": null, ""5"": null, ""6"": null, ""7"": null}","{""0"": 0.0, ""1"": 0.0, ""2"": null, ""3"": null, ""4"": null, ""5"": null, ""6"": null, ""7"": null}","{""0"": 83, ""1"": 250}",83,1,1,0,0,0.432,car-not-detected-or-stale,KEEP_PAUSED,right,left,,0
465,2026-08-01T16:18:04.412+09:00,53.802,464,8.64,0,DRIVING,,0,1,0,-0.375995,0.676724,0.676724,0,750,unknown,0,unknown,0.000000,null,0.000000,0.328,,"{""0"": 98, ""1"": 250, ""2"": null, ""3"": null, ""4"": null, ""5"": null, ""6"": null, ""7"": null}","{""0"": 0.0, ""1"": 0.0, ""2"": null, ""3"": null, ""4"": null, ""5"": null, ""6"": null, ""7"": null}","{""0"": 98, ""1"": 250}",98,1,1,0,0,0.328,car-not-detected-or-stale,KEEP_PAUSED,right,left,,0
466,2026-08-01T16:18:04.527+09:00,53.918,465,8.64,0,DRIVING,,0,1,0,-0.375995,0.676744,0.676744,0,749,unknown,0,unknown,0.000000,null,0.000000,0.332,,"{""0"": 90, ""1"": 250, ""2"": null, ""3"": null, ""4"": null, ""5"": null, ""6"": null, ""7"": null}","{""0"": 0.001, ""1"": 0.001, ""2"": null, ""3"": null, ""4"": null, ""5"": null, ""6"": null, ""7"": null}","{""0"": 90, ""1"": 250}",90,1,1,0,0,0.331,car-not-detected-or-stale,KEEP_PAUSED,right,left,,0
467,2026-08-01T16:18:04.638+09:00,54.029,466,8.65,0,DRIVING,,0,1,0,-0.375995,0.676758,0.676758,0,750,unknown,0,unknown,0.000000,null,0.000000,0.194,,"{""0"": 99, ""1"": 250, ""2"": null, ""3"": null, ""4"": null, ""5"": null, ""6"": null, ""7"": null}","{""0"": 0.0, ""1"": 0.0, ""2"": null, ""3"": null, ""4"": null, ""5"": null, ""6"": null, ""7"": null}","{""0"": 99, ""1"": 250}",99,1,1,0,0,0.194,car-not-detected-or-stale,KEEP_PAUSED,right,left,,0
468,2026-08-01T16:18:04.752+09:00,54.141,467,8.65,0,DRIVING,,0,1,0,-0.376177,0.677423,0.677423,0,750,unknown,0,unknown,0.000000,null,0.000000,0.304,,"{""0"": 90, ""1"": 250, ""2"": null, ""3"": null, ""4"": null, ""5"": null, ""6"": null, ""7"": null}","{""0"": 0.0, ""1"": 0.0, ""2"": null, ""3"": null, ""4"": null, ""5"": null, ""6"": null, ""7"": null}","{""0"": 90, ""1"": 250}",90,1,1,0,0,0.304,car-not-detected-or-stale,KEEP_PAUSED,right,left,,0
469,2026-08-01T16:18:04.859+09:00,54.250,468,8.65,0,DRIVING,,0,1,0,-0.375995,0.676677,0.676677,0,750,unknown,0,unknown,0.000000,null,0.000000,0.301,,"{""0"": 84, ""1"": 250, ""2"": null, ""3"": null, ""4"": null, ""5"": null, ""6"": null, ""7"": null}","{""0"": 0.0, ""1"": 0.0, ""2"": null, ""3"": null, ""4"": null, ""5"": null, ""6"": null, ""7"": null}","{""0"": 84, ""1"": 250}",84,1,1,0,0,0.301,car-not-detected-or-stale,KEEP_PAUSED,right,left,,0
470,2026-08-01T16:18:04.969+09:00,54.360,469,8.65,0,DRIVING,,0,1,0,-0.375995,0.676711,0.676711,0,748,unknown,0,unknown,0.000000,null,0.000000,0.300,,"{""0"": 84, ""1"": 250, ""2"": null, ""3"": null, ""4"": null, ""5"": null, ""6"": null, ""7"": null}","{""0"": 0.0, ""1"": 0.0, ""2"": null, ""3"": null, ""4"": null, ""5"": null, ""6"": null, ""7"": null}","{""0"": 84, ""1"": 250}",84,1,1,0,0,0.300,car-not-detected-or-stale,KEEP_PAUSED,right,left,,0
471,2026-08-01T16:18:05.086+09:00,54.477,470,8.65,0,DRIVING,,0,1,0,-0.375995,0.676735,0.676735,0,750,unknown,0,unknown,0.000000,null,0.000000,0.416,,"{""0"": 84, ""1"": 250, ""2"": null, ""3"": null, ""4"": null, ""5"": null, ""6"": null, ""7"": null}","{""0"": 0.0, ""1"": 0.0, ""2"": null, ""3"": null, ""4"": null, ""5"": null, ""6"": null, ""7"": null}","{""0"": 84, ""1"": 250}",84,1,1,0,0,0.416,car-not-detected-or-stale,KEEP_PAUSED,right,left,,0
472,2026-08-01T16:18:05.200+09:00,54.589,471,8.65,0,DRIVING,,0,1,0,-0.375995,0.676752,0.676752,0,749,unknown,0,unknown,0.000000,null,0.000000,0.306,,"{""0"": 250, ""1"": 250, ""2"": null, ""3"": null, ""4"": null, ""5"": null, ""6"": null, ""7"": null}","{""0"": 0.0, ""1"": 0.0, ""2"": null, ""3"": null, ""4"": null, ""5"": null, ""6"": null, ""7"": null}","{""0"": 250, ""1"": 250}",250,1,0,0,0,0.306,ultrasonic-not-close,KEEP_PAUSED,right,left,,0
473,2026-08-01T16:18:05.318+09:00,54.709,472,8.65,0,DRIVING,,0,1,0,-0.375995,0.676764,0.676764,0,750,unknown,0,unknown,0.000000,null,0.000000,0.318,,"{""0"": 99, ""1"": 250, ""2"": null, ""3"": null, ""4"": null, ""5"": null, ""6"": null, ""7"": null}","{""0"": 0.0, ""1"": 0.0, ""2"": null, ""3"": null, ""4"": null, ""5"": null, ""6"": null, ""7"": null}","{""0"": 99, ""1"": 250}",99,1,1,0,0,0.318,car-not-detected-or-stale,KEEP_PAUSED,right,left,,0
474,2026-08-01T16:18:05.435+09:00,54.824,473,8.65,0,DRIVING,,0,1,0,-0.375995,0.676772,0.676772,0,749,unknown,0,unknown,0.000000,null,0.000000,0.202,,"{""0"": 83, ""1"": 250, ""2"": null, ""3"": null, ""4"": null, ""5"": null, ""6"": null, ""7"": null}","{""0"": 0.0, ""1"": 0.0, ""2"": null, ""3"": null, ""4"": null, ""5"": null, ""6"": null, ""7"": null}","{""0"": 83, ""1"": 250}",83,1,1,0,0,0.202,car-not-detected-or-stale,KEEP_PAUSED,right,left,,0
475,2026-08-01T16:18:05.550+09:00,54.941,474,8.65,0,DRIVING,,0,1,0,-0.375995,0.676778,0.676778,0,750,unknown,0,unknown,0.000000,null,0.000000,0.316,,"{""0"": 83, ""1"": 250, ""2"": null, ""3"": null, ""4"": null, ""5"": null, ""6"": null, ""7"": null}","{""0"": 0.0, ""1"": 0.0, ""2"": null, ""3"": null, ""4"": null, ""5"": null, ""6"": null, ""7"": null}","{""0"": 83, ""1"": 250}",83,1,1,0,0,0.316,car-not-detected-or-stale,KEEP_PAUSED,right,left,,0
476,2026-08-01T16:18:05.660+09:00,55.050,475,8.65,0,DRIVING,,0,1,0,-0.375995,0.676782,0.676782,0,750,unknown,0,unknown,0.000000,null,0.000000,0.311,,"{""0"": 90, ""1"": 250, ""2"": null, ""3"": null, ""4"": null, ""5"": null, ""6"": null, ""7"": null}","{""0"": 0.0, ""1"": 0.0, ""2"": null, ""3"": null, ""4"": null, ""5"": null, ""6"": null, ""7"": null}","{""0"": 90, ""1"": 250}",90,1,1,0,0,0.311,car-not-detected-or-stale,KEEP_PAUSED,right,left,,0
477,2026-08-01T16:18:05.773+09:00,55.162,476,8.65,0,DRIVING,,0,1,0,-0.375995,0.676785,0.676785,0,750,unknown,0,unknown,0.000000,null,0.000000,0.190,,"{""0"": 88, ""1"": 250, ""2"": null, ""3"": null, ""4"": null, ""5"": null, ""6"": null, ""7"": null}","{""0"": 0.0, ""1"": 0.0, ""2"": null, ""3"": null, ""4"": null, ""5"": null, ""6"": null, ""7"": null}","{""0"": 88, ""1"": 250}",88,1,1,0,0,0.190,car-not-detected-or-stale,KEEP_PAUSED,right,left,,0
478,2026-08-01T16:18:05.894+09:00,55.284,477,8.65,0,DRIVING,,0,1,0,-0.375995,0.676787,0.676787,0,750,unknown,0,unknown,0.000000,null,0.000000,0.309,,"{""0"": 90, ""1"": 250, ""2"": null, ""3"": null, ""4"": null, ""5"": null, ""6"": null, ""7"": null}","{""0"": 0.0, ""1"": 0.0, ""2"": null, ""3"": null, ""4"": null, ""5"": null, ""6"": null, ""7"": null}","{""0"": 90, ""1"": 250}",90,1,1,0,0,0.309,car-not-detected-or-stale,KEEP_PAUSED,right,left,,0
479,2026-08-01T16:18:06.012+09:00,55.401,478,8.65,0,DRIVING,,0,1,0,-0.375995,0.676788,0.676788,0,749,unknown,0,unknown,0.000000,null,0.000000,0.320,,"{""0"": 84, ""1"": 250, ""2"": null, ""3"": null, ""4"": null, ""5"": null, ""6"": null, ""7"": null}","{""0"": 0.0, ""1"": 0.0, ""2"": null, ""3"": null, ""4"": null, ""5"": null, ""6"": null, ""7"": null}","{""0"": 84, ""1"": 250}",84,1,1,0,0,0.320,car-not-detected-or-stale,KEEP_PAUSED,right,left,,0
480,2026-08-01T16:18:06.123+09:00,55.514,479,8.65,0,DRIVING,,0,1,0,-0.375995,0.676789,0.676789,0,749,unknown,0,unknown,0.000000,null,0.000000,0.320,,"{""0"": 84, ""1"": 250, ""2"": null, ""3"": null, ""4"": null, ""5"": null, ""6"": null, ""7"": null}","{""0"": 0.0, ""1"": 0.0, ""2"": null, ""3"": null, ""4"": null, ""5"": null, ""6"": null, ""7"": null}","{""0"": 84, ""1"": 250}",84,1,1,0,0,0.320,car-not-detected-or-stale,KEEP_PAUSED,right,left,,0
481,2026-08-01T16:18:06.241+09:00,55.631,480,8.65,0,DRIVING,,0,1,0,-0.375995,0.676790,0.676790,0,750,unknown,0,unknown,0.000000,null,0.000000,0.435,,"{""0"": 83, ""1"": 250, ""2"": null, ""3"": null, ""4"": null, ""5"": null, ""6"": null, ""7"": null}","{""0"": 0.0, ""1"": 0.0, ""2"": null, ""3"": null, ""4"": null, ""5"": null, ""6"": null, ""7"": null}","{""0"": 83, ""1"": 250}",83,1,1,0,0,0.435,car-not-detected-or-stale,KEEP_PAUSED,right,left,,0
482,2026-08-01T16:18:06.356+09:00,55.746,481,8.65,0,DRIVING,,0,1,0,-0.374796,0.672474,0.672474,0,749,unknown,0,unknown,0.000000,null,0.000000,0.312,,"{""0"": 83, ""1"": 250, ""2"": null, ""3"": null, ""4"": null, ""5"": null, ""6"": null, ""7"": null}","{""0"": 0.0, ""1"": 0.0, ""2"": null, ""3"": null, ""4"": null, ""5"": null, ""6"": null, ""7"": null}","{""0"": 83, ""1"": 250}",83,1,1,0,0,0.312,car-not-detected-or-stale,KEEP_PAUSED,right,left,,0
483,2026-08-01T16:18:06.462+09:00,55.853,482,8.65,0,DRIVING,,0,1,0,-0.374796,0.673122,0.673122,0,749,unknown,0,unknown,0.000000,null,0.000000,0.308,,"{""0"": 83, ""1"": 250, ""2"": null, ""3"": null, ""4"": null, ""5"": null, ""6"": null, ""7"": null}","{""0"": 0.0, ""1"": 0.0, ""2"": null, ""3"": null, ""4"": null, ""5"": null, ""6"": null, ""7"": null}","{""0"": 83, ""1"": 250}",83,1,1,0,0,0.308,car-not-detected-or-stale,KEEP_PAUSED,right,left,,0
484,2026-08-01T16:18:06.584+09:00,55.975,483,8.65,0,DRIVING,,0,1,0,-0.374796,0.673575,0.673575,0,749,unknown,0,unknown,0.000000,null,0.000000,0.196,,"{""0"": 84, ""1"": 250, ""2"": null, ""3"": null, ""4"": null, ""5"": null, ""6"": null, ""7"": null}","{""0"": 0.0, ""1"": 0.0, ""2"": null, ""3"": null, ""4"": null, ""5"": null, ""6"": null, ""7"": null}","{""0"": 84, ""1"": 250}",84,1,1,0,0,0.196,car-not-detected-or-stale,KEEP_PAUSED,right,left,,0
485,2026-08-01T16:18:06.697+09:00,56.087,484,8.65,0,DRIVING,,0,1,0,-0.374796,0.673893,0.673893,0,749,unknown,0,unknown,0.000000,null,0.000000,0.308,,"{""0"": 89, ""1"": 250, ""2"": null, ""3"": null, ""4"": null, ""5"": null, ""6"": null, ""7"": null}","{""0"": 0.0, ""1"": 0.0, ""2"": null, ""3"": null, ""4"": null, ""5"": null, ""6"": null, ""7"": null}","{""0"": 89, ""1"": 250}",89,1,1,0,0,0.308,car-not-detected-or-stale,KEEP_PAUSED,right,left,,0
486,2026-08-01T16:18:06.802+09:00,56.193,485,8.65,0,DRIVING,,0,1,0,-0.374796,0.674115,0.674115,0,750,unknown,0,unknown,0.000000,null,0.000000,0.311,,"{""0"": 84, ""1"": 250, ""2"": null, ""3"": null, ""4"": null, ""5"": null, ""6"": null, ""7"": null}","{""0"": 0.0, ""1"": 0.0, ""2"": null, ""3"": null, ""4"": null, ""5"": null, ""6"": null, ""7"": null}","{""0"": 84, ""1"": 250}",84,1,1,0,0,0.311,car-not-detected-or-stale,KEEP_PAUSED,right,left,,0
487,2026-08-01T16:18:06.912+09:00,56.304,486,8.65,0,DRIVING,,0,1,0,-0.374796,0.674270,0.674270,0,749,unknown,0,unknown,0.000000,null,0.000000,0.298,,"{""0"": 99, ""1"": 250, ""2"": null, ""3"": null, ""4"": null, ""5"": null, ""6"": null, ""7"": null}","{""0"": 0.0, ""1"": 0.0, ""2"": null, ""3"": null, ""4"": null, ""5"": null, ""6"": null, ""7"": null}","{""0"": 99, ""1"": 250}",99,1,1,0,0,0.298,car-not-detected-or-stale,KEEP_PAUSED,right,left,,0
488,2026-08-01T16:18:07.040+09:00,56.430,487,8.65,0,DRIVING,,0,1,0,-0.374796,0.674379,0.674379,0,749,unknown,0,unknown,0.000000,null,0.000000,0.423,,"{""0"": 84, ""1"": 250, ""2"": null, ""3"": null, ""4"": null, ""5"": null, ""6"": null, ""7"": null}","{""0"": 0.0, ""1"": 0.0, ""2"": null, ""3"": null, ""4"": null, ""5"": null, ""6"": null, ""7"": null}","{""0"": 84, ""1"": 250}",84,1,1,0,0,0.423,car-not-detected-or-stale,KEEP_PAUSED,right,left,,0
489,2026-08-01T16:18:07.155+09:00,56.545,488,8.65,0,DRIVING,,0,1,0,-0.374796,0.674455,0.674455,0,749,unknown,0,unknown,0.000000,null,0.000000,0.323,,"{""0"": 89, ""1"": 250, ""2"": null, ""3"": null, ""4"": null, ""5"": null, ""6"": null, ""7"": null}","{""0"": 0.0, ""1"": 0.0, ""2"": null, ""3"": null, ""4"": null, ""5"": null, ""6"": null, ""7"": null}","{""0"": 89, ""1"": 250}",89,1,1,0,0,0.323,car-not-detected-or-stale,KEEP_PAUSED,right,left,,0
490,2026-08-01T16:18:07.268+09:00,56.659,489,8.65,0,DRIVING,,0,1,0,-0.374796,0.674509,0.674509,0,749,unknown,0,unknown,0.000000,null,0.000000,0.197,,"{""0"": 84, ""1"": 250, ""2"": null, ""3"": null, ""4"": null, ""5"": null, ""6"": null, ""7"": null}","{""0"": 0.0, ""1"": 0.0, ""2"": null, ""3"": null, ""4"": null, ""5"": null, ""6"": null, ""7"": null}","{""0"": 84, ""1"": 250}",84,1,1,0,0,0.197,car-not-detected-or-stale,KEEP_PAUSED,right,left,,0
491,2026-08-01T16:18:07.387+09:00,56.777,490,8.65,0,DRIVING,,0,1,0,-0.374614,0.673892,0.673892,0,749,unknown,0,unknown,0.000000,null,0.000000,0.312,,"{""0"": 250, ""1"": 250, ""2"": null, ""3"": null, ""4"": null, ""5"": null, ""6"": null, ""7"": null}","{""0"": 0.0, ""1"": 0.0, ""2"": null, ""3"": null, ""4"": null, ""5"": null, ""6"": null, ""7"": null}","{""0"": 250, ""1"": 250}",250,1,0,0,0,0.312,ultrasonic-not-close,KEEP_PAUSED,right,left,,0
492,2026-08-01T16:18:07.503+09:00,56.893,491,8.65,0,DRIVING,,0,1,0,-0.374614,0.674016,0.674016,0,749,unknown,0,unknown,0.000000,null,0.000000,0.314,,"{""0"": 83, ""1"": 250, ""2"": null, ""3"": null, ""4"": null, ""5"": null, ""6"": null, ""7"": null}","{""0"": 0.0, ""1"": 0.0, ""2"": null, ""3"": null, ""4"": null, ""5"": null, ""6"": null, ""7"": null}","{""0"": 83, ""1"": 250}",83,1,1,0,0,0.314,car-not-detected-or-stale,KEEP_PAUSED,right,left,,0
493,2026-08-01T16:18:07.614+09:00,57.005,492,8.65,0,DRIVING,,0,1,0,-0.372281,0.665701,0.665701,0,749,unknown,0,unknown,0.000000,null,0.000000,0.315,,"{""0"": 84, ""1"": 250, ""2"": null, ""3"": null, ""4"": null, ""5"": null, ""6"": null, ""7"": null}","{""0"": 0.0, ""1"": 0.0, ""2"": null, ""3"": null, ""4"": null, ""5"": null, ""6"": null, ""7"": null}","{""0"": 84, ""1"": 250}",84,1,1,0,0,0.315,car-not-detected-or-stale,KEEP_PAUSED,right,left,,0
494,2026-08-01T16:18:07.732+09:00,57.122,493,8.65,0,DRIVING,,0,1,0,-0.370237,0.659664,0.659664,0,749,unknown,0,unknown,0.000000,null,0.000000,0.197,,"{""0"": 85, ""1"": 250, ""2"": null, ""3"": null, ""4"": null, ""5"": null, ""6"": null, ""7"": null}","{""0"": 0.0, ""1"": 0.0, ""2"": null, ""3"": null, ""4"": null, ""5"": null, ""6"": null, ""7"": null}","{""0"": 85, ""1"": 250}",85,1,1,0,0,0.197,car-not-detected-or-stale,KEEP_PAUSED,right,left,,0
495,2026-08-01T16:18:07.840+09:00,57.230,494,8.65,0,DRIVING,,0,1,0,-0.369691,0.659730,0.659730,0,748,unknown,0,unknown,0.000000,null,0.000000,0.303,,"{""0"": 86, ""1"": 250, ""2"": null, ""3"": null, ""4"": null, ""5"": null, ""6"": null, ""7"": null}","{""0"": 0.0, ""1"": 0.0, ""2"": null, ""3"": null, ""4"": null, ""5"": null, ""6"": null, ""7"": null}","{""0"": 86, ""1"": 250}",86,1,1,0,0,0.303,car-not-detected-or-stale,KEEP_PAUSED,right,left,,0
496,2026-08-01T16:18:07.955+09:00,57.346,495,8.65,0,DRIVING,,0,1,0,-0.363687,0.639829,0.639829,0,749,unknown,0,unknown,0.000000,null,0.000000,0.309,,"{""0"": 250, ""1"": 250, ""2"": null, ""3"": null, ""4"": null, ""5"": null, ""6"": null, ""7"": null}","{""0"": 0.0, ""1"": 0.0, ""2"": null, ""3"": null, ""4"": null, ""5"": null, ""6"": null, ""7"": null}","{""0"": 250, ""1"": 250}",250,1,0,0,0,0.309,ultrasonic-not-close,KEEP_PAUSED,right,left,,0
497,2026-08-01T16:18:08.067+09:00,57.458,496,8.65,0,DRIVING,,0,1,0,-0.389833,0.738395,0.738395,0,750,unknown,0,unknown,0.000000,null,0.000000,0.194,,"{""0"": 97, ""1"": 250, ""2"": null, ""3"": null, ""4"": null, ""5"": null, ""6"": null, ""7"": null}","{""0"": 0.0, ""1"": 0.0, ""2"": null, ""3"": null, ""4"": null, ""5"": null, ""6"": null, ""7"": null}","{""0"": 97, ""1"": 250}",97,1,1,0,0,0.194,car-not-detected-or-stale,KEEP_PAUSED,right,left,,0
498,2026-08-01T16:18:08.183+09:00,57.574,497,8.65,0,DRIVING,,0,1,0,-0.320056,0.476190,0.476190,0,749,red,0,unknown,0.000000,null,0.000000,0.308,,"{""0"": 250, ""1"": 250, ""2"": null, ""3"": null, ""4"": null, ""5"": null, ""6"": null, ""7"": null}","{""0"": 0.0, ""1"": 0.0, ""2"": null, ""3"": null, ""4"": null, ""5"": null, ""6"": null, ""7"": null}","{""0"": 250, ""1"": 250}",250,1,0,0,0,0.308,ultrasonic-not-close,KEEP_PAUSED,right,left,,0
499,2026-08-01T16:18:08.291+09:00,57.682,498,8.65,0,DRIVING,,0,1,0,-0.199280,0.071370,0.071370,0,749,unknown,0,unknown,0.000000,null,0.000000,0.305,,"{""0"": 250, ""1"": 250, ""2"": null, ""3"": null, ""4"": null, ""5"": null, ""6"": null, ""7"": null}","{""0"": 0.0, ""1"": 0.0, ""2"": null, ""3"": null, ""4"": null, ""5"": null, ""6"": null, ""7"": null}","{""0"": 250, ""1"": 250}",250,1,0,0,0,0.305,ultrasonic-not-close,KEEP_PAUSED,right,left,,0
500,2026-08-01T16:18:08.402+09:00,57.793,499,8.65,0,DRIVING,,0,1,0,-0.019163,-0.490851,-0.490851,0,749,unknown,0,unknown,0.000000,null,0.000000,0.306,,"{""0"": 250, ""1"": 250, ""2"": null, ""3"": null, ""4"": null, ""5"": null, ""6"": null, ""7"": null}","{""0"": 0.0, ""1"": 0.0, ""2"": null, ""3"": null, ""4"": null, ""5"": null, ""6"": null, ""7"": null}","{""0"": 250, ""1"": 250}",250,1,0,0,0,0.306,ultrasonic-not-close,KEEP_PAUSED,right,left,,0
501,2026-08-01T16:18:08.537+09:00,57.927,500,8.65,0,DRIVING,,0,1,0,0.068099,-0.647391,-0.647391,0,751,red,0,unknown,0.000000,null,0.000000,0.438,,"{""0"": 250, ""1"": 250, ""2"": null, ""3"": null, ""4"": null, ""5"": null, ""6"": null, ""7"": null}","{""0"": 0.0, ""1"": 0.0, ""2"": null, ""3"": null, ""4"": null, ""5"": null, ""6"": null, ""7"": null}","{""0"": 250, ""1"": 250}",250,1,0,0,0,0.438,ultrasonic-not-close,KEEP_PAUSED,right,left,,0
502,2026-08-01T16:18:08.655+09:00,58.046,501,8.65,0,DRIVING,,0,1,0,0.133984,-0.727134,-0.727134,0,749,red,0,unknown,0.000000,null,0.000000,0.331,,"{""0"": 250, ""1"": 250, ""2"": null, ""3"": null, ""4"": null, ""5"": null, ""6"": null, ""7"": null}","{""0"": 0.0, ""1"": 0.0, ""2"": null, ""3"": null, ""4"": null, ""5"": null, ""6"": null, ""7"": null}","{""0"": 250, ""1"": 250}",250,1,0,0,0,0.331,ultrasonic-not-close,KEEP_PAUSED,right,left,,0
503,2026-08-01T16:18:08.762+09:00,58.154,502,8.65,0,DRIVING,,0,1,0,0.210938,-0.858377,-0.858377,0,750,green,0,unknown,0.000000,null,0.000000,0.331,,"{""0"": 250, ""1"": 250, ""2"": null, ""3"": null, ""4"": null, ""5"": null, ""6"": null, ""7"": null}","{""0"": 0.0, ""1"": 0.0, ""2"": null, ""3"": null, ""4"": null, ""5"": null, ""6"": null, ""7"": null}","{""0"": 250, ""1"": 250}",250,1,0,0,0,0.331,ultrasonic-not-close,KEEP_PAUSED,right,left,,0
504,2026-08-01T16:18:08.879+09:00,58.270,503,8.65,0,DRIVING,,0,1,0,-0.051884,0.231388,0.231388,0,751,green,0,unknown,0.000000,null,0.000000,0.192,,"{""0"": 250, ""1"": 250, ""2"": null, ""3"": null, ""4"": null, ""5"": null, ""6"": null, ""7"": null}","{""0"": 0.0, ""1"": 0.0, ""2"": null, ""3"": null, ""4"": null, ""5"": null, ""6"": null, ""7"": null}","{""0"": 250, ""1"": 250}",250,1,0,0,0,0.192,ultrasonic-not-close,KEEP_PAUSED,,,,0
505,2026-08-01T16:18:08.995+09:00,58.386,504,8.65,0,DRIVING,,0,1,0,0.008178,-0.026235,-0.026235,0,750,unknown,0,unknown,0.000000,null,0.000000,0.306,,"{""0"": 250, ""1"": 250, ""2"": null, ""3"": null, ""4"": null, ""5"": null, ""6"": null, ""7"": null}","{""0"": 0.0, ""1"": 0.0, ""2"": null, ""3"": null, ""4"": null, ""5"": null, ""6"": null, ""7"": null}","{""0"": 250, ""1"": 250}",250,1,0,0,0,0.306,ultrasonic-not-close,KEEP_PAUSED,left,right,,0
506,2026-08-01T16:18:09.119+09:00,58.510,505,8.65,0,DRIVING,,0,1,0,0.069849,-0.244797,-0.244797,0,750,unknown,0,unknown,0.000000,null,0.000000,0.328,,"{""0"": 250, ""1"": 250, ""2"": null, ""3"": null, ""4"": null, ""5"": null, ""6"": null, ""7"": null}","{""0"": 0.0, ""1"": 0.0, ""2"": null, ""3"": null, ""4"": null, ""5"": null, ""6"": null, ""7"": null}","{""0"": 250, ""1"": 250}",250,1,0,0,0,0.328,ultrasonic-not-close,KEEP_PAUSED,left,right,,0
507,2026-08-01T16:18:09.233+09:00,58.625,506,8.65,0,DRIVING,,0,1,0,0.129436,-0.423590,-0.423590,0,751,unknown,0,unknown,0.000000,null,0.000000,0.208,,"{""0"": 250, ""1"": 250, ""2"": null, ""3"": null, ""4"": null, ""5"": null, ""6"": null, ""7"": null}","{""0"": 0.0, ""1"": 0.0, ""2"": null, ""3"": null, ""4"": null, ""5"": null, ""6"": null, ""7"": null}","{""0"": 250, ""1"": 250}",250,1,0,0,0,0.208,ultrasonic-not-close,KEEP_PAUSED,left,right,,0
508,2026-08-01T16:18:09.350+09:00,58.742,507,8.65,0,DRIVING,,0,1,0,0.174634,-0.529122,-0.529122,0,750,unknown,0,unknown,0.000000,null,0.000000,0.323,,"{""0"": 250, ""1"": 250, ""2"": null, ""3"": null, ""4"": null, ""5"": null, ""6"": null, ""7"": null}","{""0"": 0.0, ""1"": 0.0, ""2"": null, ""3"": null, ""4"": null, ""5"": null, ""6"": null, ""7"": null}","{""0"": 250, ""1"": 250}",250,1,0,0,0,0.323,ultrasonic-not-close,KEEP_PAUSED,left,right,,0
509,2026-08-01T16:18:09.458+09:00,58.848,508,8.65,0,DRIVING,,0,1,0,0.220737,-0.630656,-0.630656,0,750,unknown,0,unknown,0.000000,null,0.000000,0.306,,"{""0"": 250, ""1"": 250, ""2"": null, ""3"": null, ""4"": null, ""5"": null, ""6"": null, ""7"": null}","{""0"": 0.0, ""1"": 0.0, ""2"": null, ""3"": null, ""4"": null, ""5"": null, ""6"": null, ""7"": null}","{""0"": 250, ""1"": 250}",250,1,0,0,0,0.306,ultrasonic-not-close,KEEP_PAUSED,left,right,,0
510,2026-08-01T16:18:09.573+09:00,58.964,509,8.65,0,DRIVING,,0,1,0,0.238005,-0.622823,-0.622823,0,751,unknown,0,unknown,0.000000,null,0.000000,0.310,,"{""0"": 250, ""1"": 250, ""2"": null, ""3"": null, ""4"": null, ""5"": null, ""6"": null, ""7"": null}","{""0"": 0.0, ""1"": 0.0, ""2"": null, ""3"": null, ""4"": null, ""5"": null, ""6"": null, ""7"": null}","{""0"": 250, ""1"": 250}",250,1,0,0,0,0.310,ultrasonic-not-close,KEEP_PAUSED,left,right,,0
511,2026-08-01T16:18:09.689+09:00,59.080,510,8.65,0,DRIVING,,0,1,0,0.240910,-0.574955,-0.574955,0,751,unknown,0,unknown,0.000000,null,0.000000,0.201,,"{""0"": 250, ""1"": 250, ""2"": null, ""3"": null, ""4"": null, ""5"": null, ""6"": null, ""7"": null}","{""0"": 0.0, ""1"": 0.0, ""2"": null, ""3"": null, ""4"": null, ""5"": null, ""6"": null, ""7"": null}","{""0"": 250, ""1"": 250}",250,1,0,0,0,0.201,ultrasonic-not-close,KEEP_PAUSED,left,right,,0
512,2026-08-01T16:18:09.811+09:00,59.202,511,8.65,0,DRIVING,,0,1,0,0.232522,-0.502366,-0.502366,0,750,unknown,0,unknown,0.000000,null,0.000000,0.322,,"{""0"": 250, ""1"": 250, ""2"": null, ""3"": null, ""4"": null, ""5"": null, ""6"": null, ""7"": null}","{""0"": 0.0, ""1"": 0.0, ""2"": null, ""3"": null, ""4"": null, ""5"": null, ""6"": null, ""7"": null}","{""0"": 250, ""1"": 250}",250,1,0,0,0,0.322,ultrasonic-not-close,KEEP_PAUSED,left,right,,0
513,2026-08-01T16:18:09.919+09:00,59.310,512,8.65,0,DRIVING,,0,1,0,0.224163,-0.447124,-0.447124,0,751,unknown,0,unknown,0.000000,null,0.000000,0.315,,"{""0"": 250, ""1"": 250, ""2"": null, ""3"": null, ""4"": null, ""5"": null, ""6"": null, ""7"": null}","{""0"": 0.0, ""1"": 0.0, ""2"": null, ""3"": null, ""4"": null, ""5"": null, ""6"": null, ""7"": null}","{""0"": 250, ""1"": 250}",250,1,0,0,0,0.315,ultrasonic-not-close,KEEP_PAUSED,left,right,,0
514,2026-08-01T16:18:10.031+09:00,59.422,513,8.65,0,DRIVING,,0,1,0,0.219805,-0.418345,-0.418345,0,751,unknown,0,unknown,0.000000,null,0.000000,0.188,,"{""0"": 250, ""1"": 250, ""2"": null, ""3"": null, ""4"": null, ""5"": null, ""6"": null, ""7"": null}","{""0"": 0.0, ""1"": 0.0, ""2"": null, ""3"": null, ""4"": null, ""5"": null, ""6"": null, ""7"": null}","{""0"": 250, ""1"": 250}",250,1,0,0,0,0.188,ultrasonic-not-close,KEEP_PAUSED,left,right,,0
515,2026-08-01T16:18:10.150+09:00,59.540,514,8.65,0,DRIVING,,0,1,0,0.218873,-0.408181,-0.408181,0,751,unknown,0,unknown,0.000000,null,0.000000,0.304,,"{""0"": 250, ""1"": 250, ""2"": null, ""3"": null, ""4"": null, ""5"": null, ""6"": null, ""7"": null}","{""0"": 0.0, ""1"": 0.0, ""2"": null, ""3"": null, ""4"": null, ""5"": null, ""6"": null, ""7"": null}","{""0"": 250, ""1"": 250}",250,1,0,0,0,0.304,ultrasonic-not-close,KEEP_PAUSED,left,right,,0
516,2026-08-01T16:18:10.259+09:00,59.650,515,8.65,0,DRIVING,,0,1,0,0.219174,-0.405003,-0.405003,0,751,unknown,0,unknown,0.000000,null,0.000000,0.309,,"{""0"": 250, ""1"": 250, ""2"": null, ""3"": null, ""4"": null, ""5"": null, ""6"": null, ""7"": null}","{""0"": 0.0, ""1"": 0.0, ""2"": null, ""3"": null, ""4"": null, ""5"": null, ""6"": null, ""7"": null}","{""0"": 250, ""1"": 250}",250,1,0,0,0,0.309,ultrasonic-not-close,KEEP_PAUSED,left,right,,0
517,2026-08-01T16:18:10.370+09:00,59.762,516,8.65,0,DRIVING,,0,1,0,0.215282,-0.387844,-0.387844,0,751,unknown,0,unknown,0.000000,null,0.000000,0.309,,"{""0"": 250, ""1"": 250, ""2"": null, ""3"": null, ""4"": null, ""5"": null, ""6"": null, ""7"": null}","{""0"": 0.0, ""1"": 0.0, ""2"": null, ""3"": null, ""4"": null, ""5"": null, ""6"": null, ""7"": null}","{""0"": 250, ""1"": 250}",250,1,0,0,0,0.309,ultrasonic-not-close,KEEP_PAUSED,left,right,,0
518,2026-08-01T16:18:10.484+09:00,59.875,517,8.65,0,DRIVING,,0,1,0,0.207525,-0.359819,-0.359819,0,751,unknown,0,unknown,0.000000,null,0.000000,0.421,,"{""0"": 250, ""1"": 250, ""2"": null, ""3"": null, ""4"": null, ""5"": null, ""6"": null, ""7"": null}","{""0"": 0.0, ""1"": 0.0, ""2"": null, ""3"": null, ""4"": null, ""5"": null, ""6"": null, ""7"": null}","{""0"": 250, ""1"": 250}",250,1,0,0,0,0.421,ultrasonic-not-close,KEEP_PAUSED,left,right,,0
519,2026-08-01T16:18:10.588+09:00,59.979,518,8.65,0,DRIVING,,0,1,0,0.186256,-0.287366,-0.287366,0,751,unknown,0,unknown,0.000000,null,0.000000,0.297,,"{""0"": 250, ""1"": 250, ""2"": null, ""3"": null, ""4"": null, ""5"": null, ""6"": null, ""7"": null}","{""0"": 0.0, ""1"": 0.0, ""2"": null, ""3"": null, ""4"": null, ""5"": null, ""6"": null, ""7"": null}","{""0"": 250, ""1"": 250}",250,1,0,0,0,0.297,ultrasonic-not-close,KEEP_PAUSED,left,right,,0
520,2026-08-01T16:18:10.695+09:00,60.087,519,8.66,0,DRIVING,,0,1,0,0.130533,-0.101133,-0.101133,0,751,unknown,0,unknown,0.000000,null,0.000000,0.296,,"{""0"": 250, ""1"": 250, ""2"": null, ""3"": null, ""4"": null, ""5"": null, ""6"": null, ""7"": null}","{""0"": 0.0, ""1"": 0.0, ""2"": null, ""3"": null, ""4"": null, ""5"": null, ""6"": null, ""7"": null}","{""0"": 250, ""1"": 250}",250,1,0,0,0,0.296,ultrasonic-not-close,KEEP_PAUSED,left,right,,0
521,2026-08-01T16:18:10.811+09:00,60.203,520,8.66,0,DRIVING,,0,1,0,0.070672,0.074217,0.074217,0,751,green,0,unknown,0.000000,null,0.000000,0.411,,"{""0"": 250, ""1"": 250, ""2"": null, ""3"": null, ""4"": null, ""5"": null, ""6"": null, ""7"": null}","{""0"": 0.0, ""1"": 0.0, ""2"": null, ""3"": null, ""4"": null, ""5"": null, ""6"": null, ""7"": null}","{""0"": 250, ""1"": 250}",250,1,0,0,0,0.411,ultrasonic-not-close,KEEP_PAUSED,left,right,,0
522,2026-08-01T16:18:10.933+09:00,60.325,521,8.65,0,DRIVING,,0,1,0,0.002123,0.260566,0.260566,0,751,green,0,unknown,0.000000,null,0.000000,0.315,,"{""0"": 250, ""1"": 250, ""2"": null, ""3"": null, ""4"": null, ""5"": null, ""6"": null, ""7"": null}","{""0"": 0.0, ""1"": 0.0, ""2"": null, ""3"": null, ""4"": null, ""5"": null, ""6"": null, ""7"": null}","{""0"": 250, ""1"": 250}",250,1,0,0,0,0.315,ultrasonic-not-close,KEEP_PAUSED,left,right,,0
523,2026-08-01T16:18:11.041+09:00,60.434,522,8.66,0,DRIVING,,0,1,0,-0.061710,0.411051,0.411051,0,752,unknown,0,unknown,0.000000,null,0.000000,0.316,,"{""0"": 250, ""1"": 250, ""2"": null, ""3"": null, ""4"": null, ""5"": null, ""6"": null, ""7"": null}","{""0"": 0.0, ""1"": 0.0, ""2"": null, ""3"": null, ""4"": null, ""5"": null, ""6"": null, ""7"": null}","{""0"": 250, ""1"": 250}",250,1,0,0,0,0.316,ultrasonic-not-close,KEEP_PAUSED,left,right,,0
524,2026-08-01T16:18:11.155+09:00,60.546,523,8.66,0,DRIVING,,0,1,0,-0.141934,0.609863,0.609863,0,751,green,0,unknown,0.000000,null,0.000000,0.190,,"{""0"": 250, ""1"": 250, ""2"": null, ""3"": null, ""4"": null, ""5"": null, ""6"": null, ""7"": null}","{""0"": 0.0, ""1"": 0.0, ""2"": null, ""3"": null, ""4"": null, ""5"": null, ""6"": null, ""7"": null}","{""0"": 250, ""1"": 250}",250,1,0,0,0,0.190,ultrasonic-not-close,KEEP_PAUSED,left,right,,0
525,2026-08-01T16:18:11.268+09:00,60.659,524,8.66,0,DRIVING,,0,1,0,-0.180469,0.642275,0.642275,0,749,green,0,unknown,0.000000,null,0.000000,0.301,,"{""0"": 250, ""1"": 250, ""2"": null, ""3"": null, ""4"": null, ""5"": null, ""6"": null, ""7"": null}","{""0"": 0.0, ""1"": 0.0, ""2"": null, ""3"": null, ""4"": null, ""5"": null, ""6"": null, ""7"": null}","{""0"": 250, ""1"": 250}",250,1,0,0,0,0.301,ultrasonic-not-close,KEEP_PAUSED,left,right,,0
526,2026-08-01T16:18:11.373+09:00,60.764,525,8.66,0,DRIVING,,0,1,0,-0.187483,0.572298,0.572298,0,747,green,0,unknown,0.000000,null,0.000000,0.301,,"{""0"": 250, ""1"": 250, ""2"": null, ""3"": null, ""4"": null, ""5"": null, ""6"": null, ""7"": null}","{""0"": 0.0, ""1"": 0.0, ""2"": null, ""3"": null, ""4"": null, ""5"": null, ""6"": null, ""7"": null}","{""0"": 250, ""1"": 250}",250,1,0,0,0,0.301,ultrasonic-not-close,KEEP_PAUSED,left,right,,0
527,2026-08-01T16:18:11.485+09:00,60.876,526,8.66,0,DRIVING,,0,1,0,-0.187977,0.503627,0.503627,0,749,green,0,unknown,0.000000,null,0.000000,0.299,,"{""0"": 250, ""1"": 250, ""2"": null, ""3"": null, ""4"": null, ""5"": null, ""6"": null, ""7"": null}","{""0"": 0.0, ""1"": 0.0, ""2"": null, ""3"": null, ""4"": null, ""5"": null, ""6"": null, ""7"": null}","{""0"": 250, ""1"": 250}",250,1,0,0,0,0.299,ultrasonic-not-close,KEEP_PAUSED,left,right,,0
528,2026-08-01T16:18:11.607+09:00,60.998,527,8.66,0,DRIVING,,0,1,0,-0.188744,0.456809,0.456809,0,749,green,0,unknown,0.000000,null,0.000000,0.421,,"{""0"": 250, ""1"": 250, ""2"": null, ""3"": null, ""4"": null, ""5"": null, ""6"": null, ""7"": null}","{""0"": 0.0, ""1"": 0.0, ""2"": null, ""3"": null, ""4"": null, ""5"": null, ""6"": null, ""7"": null}","{""0"": 250, ""1"": 250}",250,1,0,0,0,0.421,ultrasonic-not-close,KEEP_PAUSED,left,right,,0
529,2026-08-01T16:18:11.717+09:00,61.108,528,8.66,0,DRIVING,,0,1,0,-0.189074,0.422873,0.422873,0,749,green,0,unknown,0.000000,null,0.000000,0.313,,"{""0"": 250, ""1"": 250, ""2"": null, ""3"": null, ""4"": null, ""5"": null, ""6"": null, ""7"": null}","{""0"": 0.0, ""1"": 0.0, ""2"": null, ""3"": null, ""4"": null, ""5"": null, ""6"": null, ""7"": null}","{""0"": 250, ""1"": 250}",250,1,0,0,0,0.313,ultrasonic-not-close,KEEP_PAUSED,left,right,,0
530,2026-08-01T16:18:11.829+09:00,61.219,529,8.66,0,DRIVING,,0,1,0,-0.189074,0.398111,0.398111,0,749,green,0,unknown,0.000000,null,0.000000,0.314,,"{""0"": 250, ""1"": 250, ""2"": null, ""3"": null, ""4"": null, ""5"": null, ""6"": null, ""7"": null}","{""0"": 0.0, ""1"": 0.0, ""2"": null, ""3"": null, ""4"": null, ""5"": null, ""6"": null, ""7"": null}","{""0"": 250, ""1"": 250}",250,1,0,0,0,0.314,ultrasonic-not-close,KEEP_PAUSED,left,right,,0
531,2026-08-01T16:18:11.958+09:00,61.348,530,8.66,0,DRIVING,,0,1,0,-0.188306,0.378015,0.378015,0,749,green,0,unknown,0.000000,null,0.000000,0.209,,"{""0"": 250, ""1"": 250, ""2"": null, ""3"": null, ""4"": null, ""5"": null, ""6"": null, ""7"": null}","{""0"": 0.0, ""1"": 0.0, ""2"": null, ""3"": null, ""4"": null, ""5"": null, ""6"": null, ""7"": null}","{""0"": 250, ""1"": 250}",250,1,0,0,0,0.209,ultrasonic-not-close,KEEP_PAUSED,left,right,,0
532,2026-08-01T16:18:12.079+09:00,61.469,531,8.66,0,DRIVING,,0,1,0,-0.187977,0.365111,0.365111,0,748,green,0,unknown,0.000000,null,0.000000,0.329,,"{""0"": 250, ""1"": 250, ""2"": null, ""3"": null, ""4"": null, ""5"": null, ""6"": null, ""7"": null}","{""0"": 0.0, ""1"": 0.0, ""2"": null, ""3"": null, ""4"": null, ""5"": null, ""6"": null, ""7"": null}","{""0"": 250, ""1"": 250}",250,1,0,0,0,0.329,ultrasonic-not-close,KEEP_PAUSED,left,right,,0
533,2026-08-01T16:18:12.195+09:00,61.585,532,8.66,0,DRIVING,,0,1,0,-0.189074,0.361033,0.361033,0,749,green,0,unknown,0.000000,null,0.000000,0.335,,"{""0"": 250, ""1"": 250, ""2"": null, ""3"": null, ""4"": null, ""5"": null, ""6"": null, ""7"": null}","{""0"": 0.0, ""1"": 0.0, ""2"": null, ""3"": null, ""4"": null, ""5"": null, ""6"": null, ""7"": null}","{""0"": 250, ""1"": 250}",250,1,0,0,0,0.335,ultrasonic-not-close,KEEP_PAUSED,left,right,,0
534,2026-08-01T16:18:12.313+09:00,61.704,533,8.66,0,DRIVING,,0,1,0,-0.189074,0.354823,0.354823,0,749,green,0,unknown,0.000000,null,0.000000,0.202,,"{""0"": 250, ""1"": 250, ""2"": null, ""3"": null, ""4"": null, ""5"": null, ""6"": null, ""7"": null}","{""0"": 0.0, ""1"": 0.0, ""2"": null, ""3"": null, ""4"": null, ""5"": null, ""6"": null, ""7"": null}","{""0"": 250, ""1"": 250}",250,1,0,0,0,0.202,ultrasonic-not-close,KEEP_PAUSED,left,right,,0
535,2026-08-01T16:18:12.433+09:00,61.823,534,8.66,0,DRIVING,,0,1,0,-0.189074,0.350476,0.350476,0,748,green,0,unknown,0.000000,null,0.000000,0.321,,"{""0"": 250, ""1"": 250, ""2"": null, ""3"": null, ""4"": null, ""5"": null, ""6"": null, ""7"": null}","{""0"": 0.0, ""1"": 0.0, ""2"": null, ""3"": null, ""4"": null, ""5"": null, ""6"": null, ""7"": null}","{""0"": 250, ""1"": 250}",250,1,0,0,0,0.321,ultrasonic-not-close,KEEP_PAUSED,left,right,,0
536,2026-08-01T16:18:12.544+09:00,61.934,535,8.66,0,DRIVING,,0,1,0,-0.189074,0.347433,0.347433,0,748,green,0,unknown,0.000000,null,0.000000,0.316,,"{""0"": 250, ""1"": 250, ""2"": null, ""3"": null, ""4"": null, ""5"": null, ""6"": null, ""7"": null}","{""0"": 0.0, ""1"": 0.0, ""2"": null, ""3"": null, ""4"": null, ""5"": null, ""6"": null, ""7"": null}","{""0"": 250, ""1"": 250}",250,1,0,0,0,0.316,ultrasonic-not-close,KEEP_PAUSED,left,right,,0
537,2026-08-01T16:18:12.662+09:00,62.052,536,8.66,0,DRIVING,,0,1,0,-0.189074,0.345303,0.345303,0,749,green,0,unknown,0.000000,null,0.000000,0.317,,"{""0"": 250, ""1"": 250, ""2"": null, ""3"": null, ""4"": null, ""5"": null, ""6"": null, ""7"": null}","{""0"": 0.0, ""1"": 0.0, ""2"": null, ""3"": null, ""4"": null, ""5"": null, ""6"": null, ""7"": null}","{""0"": 250, ""1"": 250}",250,1,0,0,0,0.317,ultrasonic-not-close,KEEP_PAUSED,left,right,,0
538,2026-08-01T16:18:12.778+09:00,62.168,537,8.66,0,DRIVING,,0,1,0,-0.189074,0.343812,0.343812,0,748,green,0,unknown,0.000000,null,0.000000,0.200,,"{""0"": 250, ""1"": 250, ""2"": null, ""3"": null, ""4"": null, ""5"": null, ""6"": null, ""7"": null}","{""0"": 0.0, ""1"": 0.0, ""2"": null, ""3"": null, ""4"": null, ""5"": null, ""6"": null, ""7"": null}","{""0"": 250, ""1"": 250}",250,1,0,0,0,0.200,ultrasonic-not-close,KEEP_PAUSED,left,right,,0
539,2026-08-01T16:18:12.890+09:00,62.280,538,8.66,0,DRIVING,,0,1,0,-0.189074,0.342768,0.342768,0,748,green,0,unknown,0.000000,null,0.000000,0.311,,"{""0"": 250, ""1"": 250, ""2"": null, ""3"": null, ""4"": null, ""5"": null, ""6"": null, ""7"": null}","{""0"": 0.0, ""1"": 0.0, ""2"": null, ""3"": null, ""4"": null, ""5"": null, ""6"": null, ""7"": null}","{""0"": 250, ""1"": 250}",250,1,0,0,0,0.311,ultrasonic-not-close,KEEP_PAUSED,left,right,,0
540,2026-08-01T16:18:12.998+09:00,62.387,539,8.66,0,DRIVING,,0,1,0,-0.189074,0.342037,0.342037,0,748,green,0,unknown,0.000000,null,0.000000,0.303,,"{""0"": 250, ""1"": 250, ""2"": null, ""3"": null, ""4"": null, ""5"": null, ""6"": null, ""7"": null}","{""0"": 0.0, ""1"": 0.0, ""2"": null, ""3"": null, ""4"": null, ""5"": null, ""6"": null, ""7"": null}","{""0"": 250, ""1"": 250}",250,1,0,0,0,0.303,ultrasonic-not-close,KEEP_PAUSED,left,right,,0
541,2026-08-01T16:18:13.112+09:00,62.503,540,8.66,0,DRIVING,,0,1,0,-0.189074,0.341526,0.341526,0,749,green,0,unknown,0.000000,null,0.000000,0.302,,"{""0"": 250, ""1"": 250, ""2"": null, ""3"": null, ""4"": null, ""5"": null, ""6"": null, ""7"": null}","{""0"": 0.0, ""1"": 0.0, ""2"": null, ""3"": null, ""4"": null, ""5"": null, ""6"": null, ""7"": null}","{""0"": 250, ""1"": 250}",250,1,0,0,0,0.302,ultrasonic-not-close,KEEP_PAUSED,left,right,,0
542,2026-08-01T16:18:13.234+09:00,62.624,541,8.66,0,DRIVING,,0,1,0,-0.189074,0.341168,0.341168,0,748,green,0,unknown,0.000000,null,0.000000,0.422,,"{""0"": 250, ""1"": 250, ""2"": null, ""3"": null, ""4"": null, ""5"": null, ""6"": null, ""7"": null}","{""0"": 0.0, ""1"": 0.0, ""2"": null, ""3"": null, ""4"": null, ""5"": null, ""6"": null, ""7"": null}","{""0"": 250, ""1"": 250}",250,1,0,0,0,0.422,ultrasonic-not-close,KEEP_PAUSED,left,right,,0
543,2026-08-01T16:18:13.354+09:00,62.744,542,8.66,0,DRIVING,,0,1,0,-0.189074,0.340917,0.340917,0,748,green,0,unknown,0.000000,null,0.000000,0.323,,"{""0"": 250, ""1"": 250, ""2"": null, ""3"": null, ""4"": null, ""5"": null, ""6"": null, ""7"": null}","{""0"": 0.0, ""1"": 0.0, ""2"": null, ""3"": null, ""4"": null, ""5"": null, ""6"": null, ""7"": null}","{""0"": 250, ""1"": 250}",250,1,0,0,0,0.323,ultrasonic-not-close,KEEP_PAUSED,left,right,,0
544,2026-08-01T16:18:13.465+09:00,62.855,543,8.66,0,DRIVING,,0,1,0,-0.189074,0.340742,0.340742,0,748,green,0,unknown,0.000000,null,0.000000,0.319,,"{""0"": 250, ""1"": 250, ""2"": null, ""3"": null, ""4"": null, ""5"": null, ""6"": null, ""7"": null}","{""0"": 0.0, ""1"": 0.0, ""2"": null, ""3"": null, ""4"": null, ""5"": null, ""6"": null, ""7"": null}","{""0"": 250, ""1"": 250}",250,1,0,0,0,0.319,ultrasonic-not-close,KEEP_PAUSED,left,right,,0
545,2026-08-01T16:18:13.581+09:00,62.971,544,8.66,0,DRIVING,,0,1,0,-0.189074,0.340619,0.340619,0,749,green,0,unknown,0.000000,null,0.000000,0.193,,"{""0"": 250, ""1"": 250, ""2"": null, ""3"": null, ""4"": null, ""5"": null, ""6"": null, ""7"": null}","{""0"": 0.0, ""1"": 0.0, ""2"": null, ""3"": null, ""4"": null, ""5"": null, ""6"": null, ""7"": null}","{""0"": 250, ""1"": 250}",250,1,0,0,0,0.193,ultrasonic-not-close,KEEP_PAUSED,left,right,,0
546,2026-08-01T16:18:13.706+09:00,63.095,545,8.66,0,DRIVING,,0,1,0,-0.189074,0.340533,0.340533,0,748,green,0,unknown,0.000000,null,0.000000,0.316,,"{""0"": 250, ""1"": 250, ""2"": null, ""3"": null, ""4"": null, ""5"": null, ""6"": null, ""7"": null}","{""0"": 0.0, ""1"": 0.0, ""2"": null, ""3"": null, ""4"": null, ""5"": null, ""6"": null, ""7"": null}","{""0"": 250, ""1"": 250}",250,1,0,0,0,0.316,ultrasonic-not-close,KEEP_PAUSED,left,right,,0
547,2026-08-01T16:18:13.812+09:00,63.202,546,8.66,0,DRIVING,,0,1,0,-0.189074,0.340473,0.340473,0,749,green,0,unknown,0.000000,null,0.000000,0.315,,"{""0"": 250, ""1"": 250, ""2"": null, ""3"": null, ""4"": null, ""5"": null, ""6"": null, ""7"": null}","{""0"": 0.0, ""1"": 0.0, ""2"": null, ""3"": null, ""4"": null, ""5"": null, ""6"": null, ""7"": null}","{""0"": 250, ""1"": 250}",250,1,0,0,0,0.315,ultrasonic-not-close,KEEP_PAUSED,left,right,,0
548,2026-08-01T16:18:13.924+09:00,63.314,547,8.66,0,DRIVING,,0,1,0,-0.188909,0.339838,0.339838,0,749,green,0,unknown,0.000000,null,0.000000,0.311,,"{""0"": 250, ""1"": 250, ""2"": null, ""3"": null, ""4"": null, ""5"": null, ""6"": null, ""7"": null}","{""0"": 0.0, ""1"": 0.0, ""2"": null, ""3"": null, ""4"": null, ""5"": null, ""6"": null, ""7"": null}","{""0"": 250, ""1"": 250}",250,1,0,0,0,0.311,ultrasonic-not-close,KEEP_PAUSED,left,right,,0
549,2026-08-01T16:18:14.041+09:00,63.431,548,8.66,0,DRIVING,,0,1,0,-0.188909,0.339898,0.339898,0,749,green,0,unknown,0.000000,null,0.000000,0.196,,"{""0"": 250, ""1"": 250, ""2"": null, ""3"": null, ""4"": null, ""5"": null, ""6"": null, ""7"": null}","{""0"": 0.0, ""1"": 0.0, ""2"": null, ""3"": null, ""4"": null, ""5"": null, ""6"": null, ""7"": null}","{""0"": 250, ""1"": 250}",250,1,0,0,0,0.196,ultrasonic-not-close,KEEP_PAUSED,left,right,,0
550,2026-08-01T16:18:14.153+09:00,63.543,549,8.66,0,DRIVING,,0,1,0,-0.188909,0.339939,0.339939,0,749,green,0,unknown,0.000000,null,0.000000,0.307,,"{""0"": 250, ""1"": 250, ""2"": null, ""3"": null, ""4"": null, ""5"": null, ""6"": null, ""7"": null}","{""0"": 0.0, ""1"": 0.0, ""2"": null, ""3"": null, ""4"": null, ""5"": null, ""6"": null, ""7"": null}","{""0"": 250, ""1"": 250}",250,1,0,0,0,0.307,ultrasonic-not-close,KEEP_PAUSED,left,right,,0
551,2026-08-01T16:18:14.270+09:00,63.661,550,8.66,0,DRIVING,,0,1,0,-0.188909,0.339968,0.339968,0,749,green,0,unknown,0.000000,null,0.000000,0.313,,"{""0"": 250, ""1"": 250, ""2"": null, ""3"": null, ""4"": null, ""5"": null, ""6"": null, ""7"": null}","{""0"": 0.0, ""1"": 0.0, ""2"": null, ""3"": null, ""4"": null, ""5"": null, ""6"": null, ""7"": null}","{""0"": 250, ""1"": 250}",250,1,0,0,0,0.313,ultrasonic-not-close,KEEP_PAUSED,left,right,,0
552,2026-08-01T16:18:14.385+09:00,63.776,551,8.66,0,DRIVING,,0,1,0,-0.188909,0.339989,0.339989,0,748,green,0,unknown,0.000000,null,0.000000,0.201,,"{""0"": 250, ""1"": 250, ""2"": null, ""3"": null, ""4"": null, ""5"": null, ""6"": null, ""7"": null}","{""0"": 0.0, ""1"": 0.0, ""2"": null, ""3"": null, ""4"": null, ""5"": null, ""6"": null, ""7"": null}","{""0"": 250, ""1"": 250}",250,1,0,0,0,0.201,ultrasonic-not-close,KEEP_PAUSED,left,right,,0
553,2026-08-01T16:18:14.508+09:00,63.898,552,8.66,0,DRIVING,,0,1,0,-0.188909,0.340003,0.340003,0,748,green,0,unknown,0.000000,null,0.000000,0.323,,"{""0"": 250, ""1"": 250, ""2"": null, ""3"": null, ""4"": null, ""5"": null, ""6"": null, ""7"": null}","{""0"": 0.0, ""1"": 0.0, ""2"": null, ""3"": null, ""4"": null, ""5"": null, ""6"": null, ""7"": null}","{""0"": 250, ""1"": 250}",250,1,0,0,0,0.323,ultrasonic-not-close,KEEP_PAUSED,left,right,,0
554,2026-08-01T16:18:14.622+09:00,64.012,553,8.66,0,DRIVING,,0,1,0,-0.188909,0.340013,0.340013,0,748,green,0,unknown,0.000000,null,0.000000,0.319,,"{""0"": 250, ""1"": 250, ""2"": null, ""3"": null, ""4"": null, ""5"": null, ""6"": null, ""7"": null}","{""0"": 0.0, ""1"": 0.0, ""2"": null, ""3"": null, ""4"": null, ""5"": null, ""6"": null, ""7"": null}","{""0"": 250, ""1"": 250}",250,1,0,0,0,0.319,ultrasonic-not-close,KEEP_PAUSED,left,right,,0
555,2026-08-01T16:18:14.738+09:00,64.128,554,8.66,0,DRIVING,,0,1,0,-0.188909,0.340020,0.340020,0,747,green,0,unknown,0.000000,null,0.000000,0.320,,"{""0"": 250, ""1"": 250, ""2"": null, ""3"": null, ""4"": null, ""5"": null, ""6"": null, ""7"": null}","{""0"": 0.0, ""1"": 0.0, ""2"": null, ""3"": null, ""4"": null, ""5"": null, ""6"": null, ""7"": null}","{""0"": 250, ""1"": 250}",250,1,0,0,0,0.320,ultrasonic-not-close,KEEP_PAUSED,left,right,,0
556,2026-08-01T16:18:14.857+09:00,64.247,555,8.66,0,DRIVING,,0,1,0,-0.188909,0.340025,0.340025,0,748,green,0,unknown,0.000000,null,0.000000,0.203,,"{""0"": 250, ""1"": 250, ""2"": null, ""3"": null, ""4"": null, ""5"": null, ""6"": null, ""7"": null}","{""0"": 0.0, ""1"": 0.0, ""2"": null, ""3"": null, ""4"": null, ""5"": null, ""6"": null, ""7"": null}","{""0"": 250, ""1"": 250}",250,1,0,0,0,0.203,ultrasonic-not-close,KEEP_PAUSED,left,right,,0
557,2026-08-01T16:18:14.973+09:00,64.363,556,8.66,0,DRIVING,,0,1,0,-0.188909,0.340028,0.340028,0,748,green,0,unknown,0.000000,null,0.000000,0.318,,"{""0"": 250, ""1"": 250, ""2"": null, ""3"": null, ""4"": null, ""5"": null, ""6"": null, ""7"": null}","{""0"": 0.0, ""1"": 0.0, ""2"": null, ""3"": null, ""4"": null, ""5"": null, ""6"": null, ""7"": null}","{""0"": 250, ""1"": 250}",250,1,0,0,0,0.318,ultrasonic-not-close,KEEP_PAUSED,left,right,,0
558,2026-08-01T16:18:15.090+09:00,64.480,557,8.66,0,DRIVING,,0,1,0,-0.188909,0.340031,0.340031,0,748,green,0,unknown,0.000000,null,0.000000,0.321,,"{""0"": 250, ""1"": 250, ""2"": null, ""3"": null, ""4"": null, ""5"": null, ""6"": null, ""7"": null}","{""0"": 0.0, ""1"": 0.0, ""2"": null, ""3"": null, ""4"": null, ""5"": null, ""6"": null, ""7"": null}","{""0"": 250, ""1"": 250}",250,1,0,0,0,0.321,ultrasonic-not-close,KEEP_PAUSED,left,right,,0
559,2026-08-01T16:18:15.202+09:00,64.592,558,8.66,0,DRIVING,,0,1,0,-0.188909,0.340032,0.340032,0,750,green,0,unknown,0.000000,null,0.000000,0.312,,"{""0"": 250, ""1"": 250, ""2"": null, ""3"": null, ""4"": null, ""5"": null, ""6"": null, ""7"": null}","{""0"": 0.0, ""1"": 0.0, ""2"": null, ""3"": null, ""4"": null, ""5"": null, ""6"": null, ""7"": null}","{""0"": 250, ""1"": 250}",250,1,0,0,0,0.312,ultrasonic-not-close,KEEP_PAUSED,left,right,,0
560,2026-08-01T16:18:15.319+09:00,64.708,559,8.66,0,DRIVING,,0,1,0,-0.188909,0.340034,0.340034,0,749,green,0,unknown,0.000000,null,0.000000,0.428,,"{""0"": 250, ""1"": 250, ""2"": null, ""3"": null, ""4"": null, ""5"": null, ""6"": null, ""7"": null}","{""0"": 0.0, ""1"": 0.0, ""2"": null, ""3"": null, ""4"": null, ""5"": null, ""6"": null, ""7"": null}","{""0"": 250, ""1"": 250}",250,1,0,0,0,0.428,ultrasonic-not-close,KEEP_PAUSED,left,right,,0
561,2026-08-01T16:18:15.433+09:00,64.822,560,8.66,0,DRIVING,,0,1,0,-0.188909,0.340034,0.340034,0,748,green,0,unknown,0.000000,null,0.000000,0.309,,"{""0"": 250, ""1"": 250, ""2"": null, ""3"": null, ""4"": null, ""5"": null, ""6"": null, ""7"": null}","{""0"": 0.0, ""1"": 0.0, ""2"": null, ""3"": null, ""4"": null, ""5"": null, ""6"": null, ""7"": null}","{""0"": 250, ""1"": 250}",250,1,0,0,0,0.309,ultrasonic-not-close,KEEP_PAUSED,left,right,,0
562,2026-08-01T16:18:15.552+09:00,64.941,561,8.66,0,DRIVING,,0,1,0,-0.188909,0.340035,0.340035,0,748,green,0,unknown,0.000000,null,0.000000,0.317,,"{""0"": 250, ""1"": 250, ""2"": null, ""3"": null, ""4"": null, ""5"": null, ""6"": null, ""7"": null}","{""0"": 0.0, ""1"": 0.0, ""2"": null, ""3"": null, ""4"": null, ""5"": null, ""6"": null, ""7"": null}","{""0"": 250, ""1"": 250}",250,1,0,0,0,0.317,ultrasonic-not-close,KEEP_PAUSED,left,right,,0
563,2026-08-01T16:18:15.670+09:00,65.060,562,8.66,0,DRIVING,,0,1,0,-0.188909,0.340035,0.340035,0,748,green,0,unknown,0.000000,null,0.000000,0.205,,"{""0"": 250, ""1"": 250, ""2"": null, ""3"": null, ""4"": null, ""5"": null, ""6"": null, ""7"": null}","{""0"": 0.0, ""1"": 0.0, ""2"": null, ""3"": null, ""4"": null, ""5"": null, ""6"": null, ""7"": null}","{""0"": 250, ""1"": 250}",250,1,0,0,0,0.205,ultrasonic-not-close,KEEP_PAUSED,left,right,,0
564,2026-08-01T16:18:15.791+09:00,65.181,563,8.65,0,DRIVING,,0,1,0,-0.188909,0.340036,0.340036,0,748,green,0,unknown,0.000000,null,0.000000,0.324,,"{""0"": 250, ""1"": 250, ""2"": null, ""3"": null, ""4"": null, ""5"": null, ""6"": null, ""7"": null}","{""0"": 0.0, ""1"": 0.0, ""2"": null, ""3"": null, ""4"": null, ""5"": null, ""6"": null, ""7"": null}","{""0"": 250, ""1"": 250}",250,1,0,0,0,0.324,ultrasonic-not-close,KEEP_PAUSED,left,right,,0
565,2026-08-01T16:18:15.898+09:00,65.288,564,8.66,0,DRIVING,,0,1,0,-0.188744,0.339443,0.339443,0,749,green,0,unknown,0.000000,null,0.000000,0.315,,"{""0"": 250, ""1"": 250, ""2"": null, ""3"": null, ""4"": null, ""5"": null, ""6"": null, ""7"": null}","{""0"": 0.0, ""1"": 0.0, ""2"": null, ""3"": null, ""4"": null, ""5"": null, ""6"": null, ""7"": null}","{""0"": 250, ""1"": 250}",250,1,0,0,0,0.315,ultrasonic-not-close,KEEP_PAUSED,left,right,,0
566,2026-08-01T16:18:16.008+09:00,65.399,565,8.66,0,DRIVING,,0,1,0,-0.184330,0.323642,0.323642,0,748,unknown,0,unknown,0.000000,null,0.000000,0.305,,"{""0"": 143, ""1"": 250, ""2"": null, ""3"": null, ""4"": null, ""5"": null, ""6"": null, ""7"": null}","{""0"": 0.0, ""1"": 0.0, ""2"": null, ""3"": null, ""4"": null, ""5"": null, ""6"": null, ""7"": null}","{""0"": 143, ""1"": 250}",143,1,1,0,0,0.305,car-not-detected-or-stale,KEEP_PAUSED,left,right,,0
567,2026-08-01T16:18:16.132+09:00,65.522,566,8.66,0,DRIVING,,0,1,0,-0.163828,0.252279,0.252279,0,749,unknown,0,unknown,0.000000,null,0.000000,0.202,,"{""0"": 250, ""1"": 250, ""2"": null, ""3"": null, ""4"": null, ""5"": null, ""6"": null, ""7"": null}","{""0"": 0.0, ""1"": 0.0, ""2"": null, ""3"": null, ""4"": null, ""5"": null, ""6"": null, ""7"": null}","{""0"": 250, ""1"": 250}",250,1,0,0,0,0.202,ultrasonic-not-close,KEEP_PAUSED,left,right,,0
568,2026-08-01T16:18:16.253+09:00,65.643,567,8.65,0,DRIVING,,0,1,0,-0.130061,0.143503,0.143503,0,748,unknown,0,unknown,0.000000,null,0.000000,0.321,,"{""0"": 250, ""1"": 250, ""2"": null, ""3"": null, ""4"": null, ""5"": null, ""6"": null, ""7"": null}","{""0"": 0.0, ""1"": 0.0, ""2"": null, ""3"": null, ""4"": null, ""5"": null, ""6"": null, ""7"": null}","{""0"": 250, ""1"": 250}",250,1,0,0,0,0.321,ultrasonic-not-close,KEEP_PAUSED,left,right,,0
569,2026-08-01T16:18:16.360+09:00,65.751,568,8.66,0,DRIVING,,0,1,0,-0.074941,-0.027747,-0.027747,0,748,green,0,unknown,0.000000,null,0.000000,0.318,,"{""0"": 250, ""1"": 250, ""2"": null, ""3"": null, ""4"": null, ""5"": null, ""6"": null, ""7"": null}","{""0"": 0.0, ""1"": 0.0, ""2"": null, ""3"": null, ""4"": null, ""5"": null, ""6"": null, ""7"": null}","{""0"": 250, ""1"": 250}",250,1,0,0,0,0.318,ultrasonic-not-close,KEEP_PAUSED,left,right,,0
570,2026-08-01T16:18:16.473+09:00,65.864,569,8.66,0,DRIVING,,0,1,0,-0.031992,-0.133572,-0.133572,0,748,green,0,unknown,0.000000,null,0.000000,0.310,,"{""0"": 250, ""1"": 250, ""2"": null, ""3"": null, ""4"": null, ""5"": null, ""6"": null, ""7"": null}","{""0"": 0.0, ""1"": 0.0, ""2"": null, ""3"": null, ""4"": null, ""5"": null, ""6"": null, ""7"": null}","{""0"": 250, ""1"": 250}",250,1,0,0,0,0.310,ultrasonic-not-close,KEEP_PAUSED,left,right,,0
571,2026-08-01T16:18:16.591+09:00,65.981,570,8.66,0,DRIVING,,0,1,0,0.025566,-0.283435,-0.283435,0,748,green,0,unknown,0.000000,null,0.000000,0.426,,"{""0"": 250, ""1"": 250, ""2"": null, ""3"": null, ""4"": null, ""5"": null, ""6"": null, ""7"": null}","{""0"": 0.0, ""1"": 0.0, ""2"": null, ""3"": null, ""4"": null, ""5"": null, ""6"": null, ""7"": null}","{""0"": 250, ""1"": 250}",250,1,0,0,0,0.426,ultrasonic-not-close,KEEP_PAUSED,left,right,,0
572,2026-08-01T16:18:16.700+09:00,66.090,571,8.66,0,DRIVING,,0,1,0,0.066543,-0.359726,-0.359726,0,747,green,0,unknown,0.000000,null,0.000000,0.307,,"{""0"": 250, ""1"": 250, ""2"": null, ""3"": null, ""4"": null, ""5"": null, ""6"": null, ""7"": null}","{""0"": 0.0, ""1"": 0.0, ""2"": null, ""3"": null, ""4"": null, ""5"": null, ""6"": null, ""7"": null}","{""0"": 250, ""1"": 250}",250,1,0,0,0,0.307,ultrasonic-not-close,KEEP_PAUSED,left,right,,0
573,2026-08-01T16:18:16.818+09:00,66.209,572,8.66,0,DRIVING,,0,1,0,0.113714,-0.457556,-0.457556,0,748,green,0,unknown,0.000000,null,0.000000,0.314,,"{""0"": 250, ""1"": 250, ""2"": null, ""3"": null, ""4"": null, ""5"": null, ""6"": null, ""7"": null}","{""0"": 0.0, ""1"": 0.0, ""2"": null, ""3"": null, ""4"": null, ""5"": null, ""6"": null, ""7"": null}","{""0"": 250, ""1"": 250}",250,1,0,0,0,0.314,ultrasonic-not-close,KEEP_PAUSED,left,right,,0
574,2026-08-01T16:18:16.948+09:00,66.338,573,8.65,0,DRIVING,,0,1,0,0.146741,-0.500593,-0.500593,0,747,unknown,0,unknown,0.000000,null,0.000000,0.214,,"{""0"": 250, ""1"": 250, ""2"": null, ""3"": null, ""4"": null, ""5"": null, ""6"": null, ""7"": null}","{""0"": 0.0, ""1"": 0.0, ""2"": null, ""3"": null, ""4"": null, ""5"": null, ""6"": null, ""7"": null}","{""0"": 250, ""1"": 250}",250,1,0,0,0,0.214,ultrasonic-not-close,KEEP_PAUSED,left,right,,0
575,2026-08-01T16:18:17.063+09:00,66.453,574,8.65,0,DRIVING,,0,1,0,0.173987,-0.527741,-0.527741,0,748,green,0,unknown,0.000000,null,0.000000,0.328,,"{""0"": 250, ""1"": 250, ""2"": null, ""3"": null, ""4"": null, ""5"": null, ""6"": null, ""7"": null}","{""0"": 0.0, ""1"": 0.0, ""2"": null, ""3"": null, ""4"": null, ""5"": null, ""6"": null, ""7"": null}","{""0"": 250, ""1"": 250}",250,1,0,0,0,0.328,ultrasonic-not-close,KEEP_PAUSED,left,right,,0
576,2026-08-01T16:18:17.177+09:00,66.567,575,8.65,0,DRIVING,,0,1,0,0.200631,-0.559288,-0.559288,0,747,unknown,0,unknown,0.000000,null,0.000000,0.326,,"{""0"": 250, ""1"": 250, ""2"": null, ""3"": null, ""4"": null, ""5"": null, ""6"": null, ""7"": null}","{""0"": 0.0, ""1"": 0.0, ""2"": null, ""3"": null, ""4"": null, ""5"": null, ""6"": null, ""7"": null}","{""0"": 250, ""1"": 250}",250,1,0,0,0,0.326,ultrasonic-not-close,KEEP_PAUSED,left,right,,0
577,2026-08-01T16:18:17.288+09:00,66.679,576,8.65,0,DRIVING,,0,1,0,-0.099431,0.580378,0.580378,0,747,green,0,unknown,0.000000,null,0.000000,0.309,,"{""0"": 250, ""1"": 250, ""2"": null, ""3"": null, ""4"": null, ""5"": null, ""6"": null, ""7"": null}","{""0"": 0.0, ""1"": 0.0, ""2"": null, ""3"": null, ""4"": null, ""5"": null, ""6"": null, ""7"": null}","{""0"": 250, ""1"": 250}",250,1,0,0,0,0.309,ultrasonic-not-close,KEEP_PAUSED,left,right,,0
578,2026-08-01T16:18:17.411+09:00,66.801,577,8.65,0,DRIVING,,0,1,0,-0.117783,0.526025,0.526025,0,747,unknown,0,unknown,0.000000,null,0.000000,0.430,,"{""0"": 250, ""1"": 250, ""2"": null, ""3"": null, ""4"": null, ""5"": null, ""6"": null, ""7"": null}","{""0"": 0.0, ""1"": 0.0, ""2"": null, ""3"": null, ""4"": null, ""5"": null, ""6"": null, ""7"": null}","{""0"": 250, ""1"": 250}",250,1,0,0,0,0.430,ultrasonic-not-close,KEEP_PAUSED,left,right,,0
579,2026-08-01T16:18:17.522+09:00,66.912,578,8.65,0,DRIVING,,0,1,0,-0.114994,0.421780,0.421780,0,747,unknown,0,unknown,0.000000,null,0.000000,0.311,,"{""0"": 250, ""1"": 250, ""2"": null, ""3"": null, ""4"": null, ""5"": null, ""6"": null, ""7"": null}","{""0"": 0.0, ""1"": 0.0, ""2"": null, ""3"": null, ""4"": null, ""5"": null, ""6"": null, ""7"": null}","{""0"": 250, ""1"": 250}",250,1,0,0,0,0.311,ultrasonic-not-close,KEEP_PAUSED,left,right,,0
580,2026-08-01T16:18:17.632+09:00,67.023,579,8.66,0,DRIVING,,0,1,0,-0.114981,0.357297,0.357297,0,747,unknown,0,unknown,0.000000,null,0.000000,0.311,,"{""0"": 250, ""1"": 250, ""2"": null, ""3"": null, ""4"": null, ""5"": null, ""6"": null, ""7"": null}","{""0"": 0.0, ""1"": 0.0, ""2"": null, ""3"": null, ""4"": null, ""5"": null, ""6"": null, ""7"": null}","{""0"": 250, ""1"": 250}",250,1,0,0,0,0.311,ultrasonic-not-close,KEEP_PAUSED,left,right,,0
581,2026-08-01T16:18:17.754+09:00,67.145,580,8.65,0,DRIVING,,0,1,0,-0.110068,0.294509,0.294509,0,746,unknown,0,unknown,0.000000,null,0.000000,0.202,,"{""0"": 250, ""1"": 250, ""2"": null, ""3"": null, ""4"": null, ""5"": null, ""6"": null, ""7"": null}","{""0"": 0.0, ""1"": 0.0, ""2"": null, ""3"": null, ""4"": null, ""5"": null, ""6"": null, ""7"": null}","{""0"": 250, ""1"": 250}",250,1,0,0,0,0.202,ultrasonic-not-close,KEEP_PAUSED,left,right,,0
582,2026-08-01T16:18:17.881+09:00,67.270,581,8.65,0,DRIVING,,0,1,0,-0.098986,0.225700,0.225700,0,747,unknown,0,unknown,0.000000,null,0.000000,0.326,,"{""0"": 250, ""1"": 250, ""2"": null, ""3"": null, ""4"": null, ""5"": null, ""6"": null, ""7"": null}","{""0"": 0.0, ""1"": 0.0, ""2"": null, ""3"": null, ""4"": null, ""5"": null, ""6"": null, ""7"": null}","{""0"": 250, ""1"": 250}",250,1,0,0,0,0.326,ultrasonic-not-close,KEEP_PAUSED,left,right,,0
583,2026-08-01T16:18:18.001+09:00,67.391,582,8.65,0,DRIVING,,0,1,0,-0.102936,0.225662,0.225662,0,746,unknown,0,unknown,0.000000,null,0.000000,0.336,,"{""0"": 250, ""1"": 250, ""2"": null, ""3"": null, ""4"": null, ""5"": null, ""6"": null, ""7"": null}","{""0"": 0.0, ""1"": 0.0, ""2"": null, ""3"": null, ""4"": null, ""5"": null, ""6"": null, ""7"": null}","{""0"": 250, ""1"": 250}",250,1,0,0,0,0.336,ultrasonic-not-close,KEEP_PAUSED,left,right,,0
584,2026-08-01T16:18:18.118+09:00,67.508,583,8.65,0,DRIVING,,0,1,0,-0.113167,0.250380,0.250380,0,748,unknown,0,unknown,0.000000,null,0.000000,0.332,,"{""0"": 250, ""1"": 250, ""2"": null, ""3"": null, ""4"": null, ""5"": null, ""6"": null, ""7"": null}","{""0"": 0.0, ""1"": 0.0, ""2"": null, ""3"": null, ""4"": null, ""5"": null, ""6"": null, ""7"": null}","{""0"": 250, ""1"": 250}",250,1,0,0,0,0.332,ultrasonic-not-close,KEEP_PAUSED,left,right,,0
585,2026-08-01T16:18:18.244+09:00,67.635,584,8.65,0,DRIVING,,0,1,0,-0.119054,0.257569,0.257569,0,747,unknown,0,unknown,0.000000,null,0.000000,0.211,,"{""0"": 250, ""1"": 250, ""2"": null, ""3"": null, ""4"": null, ""5"": null, ""6"": null, ""7"": null}","{""0"": 0.0, ""1"": 0.0, ""2"": null, ""3"": null, ""4"": null, ""5"": null, ""6"": null, ""7"": null}","{""0"": 250, ""1"": 250}",250,1,0,0,0,0.211,ultrasonic-not-close,KEEP_PAUSED,left,right,,0
586,2026-08-01T16:18:18.365+09:00,67.756,585,8.65,0,DRIVING,,0,1,0,-0.106438,0.199169,0.199169,0,747,unknown,0,unknown,0.000000,null,0.000000,0.331,,"{""0"": 250, ""1"": 250, ""2"": null, ""3"": null, ""4"": null, ""5"": null, ""6"": null, ""7"": null}","{""0"": 0.0, ""1"": 0.0, ""2"": null, ""3"": null, ""4"": null, ""5"": null, ""6"": null, ""7"": null}","{""0"": 250, ""1"": 250}",250,1,0,0,0,0.331,ultrasonic-not-close,KEEP_PAUSED,left,right,,0
587,2026-08-01T16:18:18.478+09:00,67.868,586,8.65,0,DRIVING,,0,1,0,-0.100225,0.174531,0.174531,0,747,unknown,0,unknown,0.000000,null,0.000000,0.328,,"{""0"": 250, ""1"": 250, ""2"": null, ""3"": null, ""4"": null, ""5"": null, ""6"": null, ""7"": null}","{""0"": 0.0, ""1"": 0.0, ""2"": null, ""3"": null, ""4"": null, ""5"": null, ""6"": null, ""7"": null}","{""0"": 250, ""1"": 250}",250,1,0,0,0,0.328,ultrasonic-not-close,KEEP_PAUSED,left,right,,0
588,2026-08-01T16:18:18.594+09:00,67.985,587,8.65,0,DRIVING,,0,1,0,-0.072347,0.075929,0.075929,0,747,unknown,0,unknown,0.000000,null,0.000000,0.320,,"{""0"": 250, ""1"": 250, ""2"": null, ""3"": null, ""4"": null, ""5"": null, ""6"": null, ""7"": null}","{""0"": 0.0, ""1"": 0.0, ""2"": null, ""3"": null, ""4"": null, ""5"": null, ""6"": null, ""7"": null}","{""0"": 250, ""1"": 250}",250,1,0,0,0,0.320,ultrasonic-not-close,KEEP_PAUSED,left,right,,0
589,2026-08-01T16:18:18.719+09:00,68.109,588,8.65,0,DRIVING,,0,1,0,-0.080268,0.120734,0.120734,0,747,unknown,0,unknown,0.000000,null,0.000000,0.209,,"{""0"": 250, ""1"": 250, ""2"": null, ""3"": null, ""4"": null, ""5"": null, ""6"": null, ""7"": null}","{""0"": 0.0, ""1"": 0.0, ""2"": null, ""3"": null, ""4"": null, ""5"": null, ""6"": null, ""7"": null}","{""0"": 250, ""1"": 250}",250,1,0,0,0,0.209,ultrasonic-not-close,KEEP_PAUSED,left,right,,0
590,2026-08-01T16:18:18.836+09:00,68.227,589,8.65,0,DRIVING,,0,1,0,-0.111761,0.241232,0.241232,0,746,unknown,0,unknown,0.000000,null,0.000000,0.326,,"{""0"": 250, ""1"": 250, ""2"": null, ""3"": null, ""4"": null, ""5"": null, ""6"": null, ""7"": null}","{""0"": 0.0, ""1"": 0.0, ""2"": null, ""3"": null, ""4"": null, ""5"": null, ""6"": null, ""7"": null}","{""0"": 250, ""1"": 250}",250,1,0,0,0,0.326,ultrasonic-not-close,KEEP_PAUSED,left,right,,0
591,2026-08-01T16:18:18.945+09:00,68.336,590,8.65,0,DRIVING,,0,1,0,-0.143225,0.342487,0.342487,0,746,unknown,0,unknown,0.000000,null,0.000000,0.320,,"{""0"": 250, ""1"": 250, ""2"": null, ""3"": null, ""4"": null, ""5"": null, ""6"": null, ""7"": null}","{""0"": 0.0, ""1"": 0.0, ""2"": null, ""3"": null, ""4"": null, ""5"": null, ""6"": null, ""7"": null}","{""0"": 250, ""1"": 250}",250,1,0,0,0,0.320,ultrasonic-not-close,KEEP_PAUSED,left,right,,0
592,2026-08-01T16:18:19.060+09:00,68.452,591,8.65,0,DRIVING,,0,1,0,-0.172034,0.420794,0.420794,0,747,red,0,unknown,0.000000,null,0.000000,0.191,,"{""0"": 250, ""1"": 250, ""2"": null, ""3"": null, ""4"": null, ""5"": null, ""6"": null, ""7"": null}","{""0"": 0.0, ""1"": 0.0, ""2"": null, ""3"": null, ""4"": null, ""5"": null, ""6"": null, ""7"": null}","{""0"": 250, ""1"": 250}",250,1,0,0,0,0.191,ultrasonic-not-close,KEEP_PAUSED,left,right,,0
593,2026-08-01T16:18:19.189+09:00,68.580,592,8.65,0,DRIVING,,0,1,0,-0.193304,0.464024,0.464024,0,747,unknown,0,unknown,0.000000,null,0.000000,0.319,,"{""0"": 250, ""1"": 250, ""2"": null, ""3"": null, ""4"": null, ""5"": null, ""6"": null, ""7"": null}","{""0"": 0.0, ""1"": 0.0, ""2"": null, ""3"": null, ""4"": null, ""5"": null, ""6"": null, ""7"": null}","{""0"": 250, ""1"": 250}",250,1,0,0,0,0.319,ultrasonic-not-close,KEEP_PAUSED,left,right,,0
594,2026-08-01T16:18:19.307+09:00,68.698,593,8.65,0,DRIVING,,0,1,0,-0.196786,0.441737,0.441737,0,746,green,0,unknown,0.000000,null,0.000000,0.330,,"{""0"": 250, ""1"": 250, ""2"": null, ""3"": null, ""4"": null, ""5"": null, ""6"": null, ""7"": null}","{""0"": 0.0, ""1"": 0.0, ""2"": null, ""3"": null, ""4"": null, ""5"": null, ""6"": null, ""7"": null}","{""0"": 250, ""1"": 250}",250,1,0,0,0,0.330,ultrasonic-not-close,KEEP_PAUSED,left,right,,0
595,2026-08-01T16:18:19.423+09:00,68.815,594,8.65,0,DRIVING,,0,1,0,-0.196705,0.415189,0.415189,0,747,green,0,unknown,0.000000,null,0.000000,0.332,,"{""0"": 250, ""1"": 250, ""2"": null, ""3"": null, ""4"": null, ""5"": null, ""6"": null, ""7"": null}","{""0"": 0.0, ""1"": 0.0, ""2"": null, ""3"": null, ""4"": null, ""5"": null, ""6"": null, ""7"": null}","{""0"": 250, ""1"": 250}",250,1,0,0,0,0.332,ultrasonic-not-close,KEEP_PAUSED,left,right,,0
596,2026-08-01T16:18:19.535+09:00,68.927,595,8.65,0,DRIVING,,0,1,0,-0.196267,0.395276,0.395276,0,747,green,0,unknown,0.000000,null,0.000000,0.197,,"{""0"": 250, ""1"": 250, ""2"": null, ""3"": null, ""4"": null, ""5"": null, ""6"": null, ""7"": null}","{""0"": 0.0, ""1"": 0.0, ""2"": null, ""3"": null, ""4"": null, ""5"": null, ""6"": null, ""7"": null}","{""0"": 250, ""1"": 250}",250,1,0,0,0,0.197,ultrasonic-not-close,KEEP_PAUSED,left,right,,0
597,2026-08-01T16:18:19.648+09:00,69.038,596,8.65,0,DRIVING,,0,1,0,-0.198404,0.390371,0.390371,0,747,unknown,0,unknown,0.000000,null,0.000000,0.308,,"{""0"": 250, ""1"": 250, ""2"": null, ""3"": null, ""4"": null, ""5"": null, ""6"": null, ""7"": null}","{""0"": 0.0, ""1"": 0.0, ""2"": null, ""3"": null, ""4"": null, ""5"": null, ""6"": null, ""7"": null}","{""0"": 250, ""1"": 250}",250,1,0,0,0,0.308,ultrasonic-not-close,KEEP_PAUSED,left,right,,0
598,2026-08-01T16:18:19.768+09:00,69.159,597,8.65,0,DRIVING,,0,1,0,-0.135235,0.152989,0.152989,0,747,unknown,0,unknown,0.000000,null,0.000000,0.313,,"{""0"": 250, ""1"": 250, ""2"": null, ""3"": null, ""4"": null, ""5"": null, ""6"": null, ""7"": null}","{""0"": 0.0, ""1"": 0.0, ""2"": null, ""3"": null, ""4"": null, ""5"": null, ""6"": null, ""7"": null}","{""0"": 250, ""1"": 250}",250,1,0,0,0,0.313,ultrasonic-not-close,KEEP_PAUSED,left,right,,0
599,2026-08-01T16:18:19.883+09:00,69.274,598,8.65,0,DRIVING,,0,1,0,-0.127602,0.152641,0.152641,0,746,unknown,0,unknown,0.000000,null,0.000000,0.204,,"{""0"": 250, ""1"": 250, ""2"": null, ""3"": null, ""4"": null, ""5"": null, ""6"": null, ""7"": null}","{""0"": 0.0, ""1"": 0.0, ""2"": null, ""3"": null, ""4"": null, ""5"": null, ""6"": null, ""7"": null}","{""0"": 250, ""1"": 250}",250,1,0,0,0,0.204,ultrasonic-not-close,KEEP_PAUSED,left,right,,0
600,2026-08-01T16:18:20.005+09:00,69.395,599,8.65,0,DRIVING,,0,1,0,-0.131701,0.190509,0.190509,0,746,red,0,unknown,0.000000,null,0.000000,0.205,,"{""0"": 250, ""1"": 250, ""2"": null, ""3"": null, ""4"": null, ""5"": null, ""6"": null, ""7"": null}","{""0"": 0.0, ""1"": 0.0, ""2"": null, ""3"": null, ""4"": null, ""5"": null, ""6"": null, ""7"": null}","{""0"": 250, ""1"": 250}",250,1,0,0,0,0.205,ultrasonic-not-close,KEEP_PAUSED,left,right,,0
601,2026-08-01T16:18:20.114+09:00,69.506,600,8.65,0,DRIVING,,0,1,0,-0.129278,0.195753,0.195753,0,747,unknown,0,unknown,0.000000,null,0.000000,0.314,,"{""0"": 250, ""1"": 250, ""2"": null, ""3"": null, ""4"": null, ""5"": null, ""6"": null, ""7"": null}","{""0"": 0.0, ""1"": 0.0, ""2"": null, ""3"": null, ""4"": null, ""5"": null, ""6"": null, ""7"": null}","{""0"": 250, ""1"": 250}",250,1,0,0,0,0.314,ultrasonic-not-close,KEEP_PAUSED,left,right,,0
602,2026-08-01T16:18:20.227+09:00,69.618,601,8.65,0,DRIVING,,0,1,0,-0.128015,0.202292,0.202292,0,747,unknown,0,unknown,0.000000,null,0.000000,0.313,,"{""0"": 250, ""1"": 250, ""2"": null, ""3"": null, ""4"": null, ""5"": null, ""6"": null, ""7"": null}","{""0"": 0.0, ""1"": 0.0, ""2"": null, ""3"": null, ""4"": null, ""5"": null, ""6"": null, ""7"": null}","{""0"": 250, ""1"": 250}",250,1,0,0,0,0.313,ultrasonic-not-close,KEEP_PAUSED,left,right,,0
603,2026-08-01T16:18:20.347+09:00,69.738,602,8.65,0,DRIVING,,0,1,0,-0.128030,0.210785,0.210785,0,747,unknown,0,unknown,0.000000,null,0.000000,0.200,,"{""0"": 250, ""1"": 250, ""2"": null, ""3"": null, ""4"": null, ""5"": null, ""6"": null, ""7"": null}","{""0"": 0.0, ""1"": 0.0, ""2"": null, ""3"": null, ""4"": null, ""5"": null, ""6"": null, ""7"": null}","{""0"": 250, ""1"": 250}",250,1,0,0,0,0.200,ultrasonic-not-close,KEEP_PAUSED,left,right,,0
604,2026-08-01T16:18:20.467+09:00,69.857,603,8.65,0,DRIVING,,0,1,0,-0.131795,0.230241,0.230241,0,747,unknown,0,unknown,0.000000,null,0.000000,0.319,,"{""0"": 250, ""1"": 250, ""2"": null, ""3"": null, ""4"": null, ""5"": null, ""6"": null, ""7"": null}","{""0"": 0.0, ""1"": 0.0, ""2"": null, ""3"": null, ""4"": null, ""5"": null, ""6"": null, ""7"": null}","{""0"": 250, ""1"": 250}",250,1,0,0,0,0.319,ultrasonic-not-close,KEEP_PAUSED,left,right,,0
605,2026-08-01T16:18:20.585+09:00,69.975,604,8.65,0,DRIVING,,0,1,0,-0.134276,0.241270,0.241270,0,747,green,0,unknown,0.000000,null,0.000000,0.325,,"{""0"": 250, ""1"": 250, ""2"": null, ""3"": null, ""4"": null, ""5"": null, ""6"": null, ""7"": null}","{""0"": 0.0, ""1"": 0.0, ""2"": null, ""3"": null, ""4"": null, ""5"": null, ""6"": null, ""7"": null}","{""0"": 250, ""1"": 250}",250,1,0,0,0,0.325,ultrasonic-not-close,KEEP_PAUSED,left,right,,0
606,2026-08-01T16:18:20.696+09:00,70.087,605,8.65,0,DRIVING,,0,1,0,-0.140557,0.264008,0.264008,0,748,unknown,0,unknown,0.000000,null,0.000000,0.316,,"{""0"": 250, ""1"": 250, ""2"": null, ""3"": null, ""4"": null, ""5"": null, ""6"": null, ""7"": null}","{""0"": 0.0, ""1"": 0.0, ""2"": null, ""3"": null, ""4"": null, ""5"": null, ""6"": null, ""7"": null}","{""0"": 250, ""1"": 250}",250,1,0,0,0,0.316,ultrasonic-not-close,KEEP_PAUSED,left,right,,0
607,2026-08-01T16:18:20.833+09:00,70.223,606,8.65,0,DRIVING,,0,1,0,-0.148253,0.288414,0.288414,0,746,unknown,0,unknown,0.000000,null,0.000000,0.216,,"{""0"": 250, ""1"": 250, ""2"": null, ""3"": null, ""4"": null, ""5"": null, ""6"": null, ""7"": null}","{""0"": 0.0, ""1"": 0.0, ""2"": null, ""3"": null, ""4"": null, ""5"": null, ""6"": null, ""7"": null}","{""0"": 250, ""1"": 250}",250,1,0,0,0,0.216,ultrasonic-not-close,KEEP_PAUSED,left,right,,0
608,2026-08-01T16:18:20.947+09:00,70.337,607,8.65,0,DRIVING,,0,1,0,-0.154860,0.305732,0.305732,0,747,green,0,unknown,0.000000,null,0.000000,0.329,,"{""0"": 250, ""1"": 250, ""2"": null, ""3"": null, ""4"": null, ""5"": null, ""6"": null, ""7"": null}","{""0"": 0.0, ""1"": 0.0, ""2"": null, ""3"": null, ""4"": null, ""5"": null, ""6"": null, ""7"": null}","{""0"": 250, ""1"": 250}",250,1,0,0,0,0.329,ultrasonic-not-close,KEEP_PAUSED,left,right,,0
609,2026-08-01T16:18:21.055+09:00,70.446,608,8.65,0,DRIVING,,0,1,0,-0.158287,0.309972,0.309972,0,746,unknown,0,unknown,0.000000,null,0.000000,0.328,,"{""0"": 250, ""1"": 250, ""2"": null, ""3"": null, ""4"": null, ""5"": null, ""6"": null, ""7"": null}","{""0"": 0.0, ""1"": 0.0, ""2"": null, ""3"": null, ""4"": null, ""5"": null, ""6"": null, ""7"": null}","{""0"": 250, ""1"": 250}",250,1,0,0,0,0.328,ultrasonic-not-close,KEEP_PAUSED,left,right,,0
610,2026-08-01T16:18:21.178+09:00,70.559,609,8.65,0,DRIVING,,0,1,0,-0.156314,0.295354,0.295354,0,747,unknown,0,unknown,0.000000,null,0.000000,0.190,,"{""0"": 250, ""1"": 250, ""2"": null, ""3"": null, ""4"": null, ""5"": null, ""6"": null, ""7"": null}","{""0"": 0.0, ""1"": 0.0, ""2"": null, ""3"": null, ""4"": null, ""5"": null, ""6"": null, ""7"": null}","{""0"": 250, ""1"": 250}",250,1,0,0,0,0.190,ultrasonic-not-close,KEEP_PAUSED,left,right,,0
611,2026-08-01T16:18:21.296+09:00,70.687,610,8.65,0,DRIVING,,0,1,0,-0.155519,0.288294,0.288294,0,746,green,0,unknown,0.000000,null,0.000000,0.316,,"{""0"": 250, ""1"": 250, ""2"": null, ""3"": null, ""4"": null, ""5"": null, ""6"": null, ""7"": null}","{""0"": 0.0, ""1"": 0.0, ""2"": null, ""3"": null, ""4"": null, ""5"": null, ""6"": null, ""7"": null}","{""0"": 250, ""1"": 250}",250,1,0,0,0,0.316,ultrasonic-not-close,KEEP_PAUSED,left,right,,0
612,2026-08-01T16:18:21.413+09:00,70.803,611,8.65,0,DRIVING,,0,1,0,-0.146529,0.253423,0.253423,0,746,green,0,unknown,0.000000,null,0.000000,0.324,,"{""0"": 250, ""1"": 250, ""2"": null, ""3"": null, ""4"": null, ""5"": null, ""6"": null, ""7"": null}","{""0"": 0.0, ""1"": 0.0, ""2"": null, ""3"": null, ""4"": null, ""5"": null, ""6"": null, ""7"": null}","{""0"": 250, ""1"": 250}",250,1,0,0,0,0.324,ultrasonic-not-close,KEEP_PAUSED,left,right,,0
613,2026-08-01T16:18:21.525+09:00,70.916,612,8.65,0,DRIVING,,0,1,0,-0.139540,0.231360,0.231360,0,746,unknown,0,unknown,0.000000,null,0.000000,0.317,,"{""0"": 250, ""1"": 250, ""2"": null, ""3"": null, ""4"": null, ""5"": null, ""6"": null, ""7"": null}","{""0"": 0.0, ""1"": 0.0, ""2"": null, ""3"": null, ""4"": null, ""5"": null, ""6"": null, ""7"": null}","{""0"": 250, ""1"": 250}",250,1,0,0,0,0.317,ultrasonic-not-close,KEEP_PAUSED,left,right,,0
614,2026-08-01T16:18:21.646+09:00,71.037,613,8.64,0,DRIVING,,0,1,0,-0.137402,0.229609,0.229609,0,747,unknown,0,unknown,0.000000,null,0.000000,0.202,,"{""0"": 250, ""1"": 250, ""2"": null, ""3"": null, ""4"": null, ""5"": null, ""6"": null, ""7"": null}","{""0"": 0.0, ""1"": 0.0, ""2"": null, ""3"": null, ""4"": null, ""5"": null, ""6"": null, ""7"": null}","{""0"": 250, ""1"": 250}",250,1,0,0,0,0.202,ultrasonic-not-close,KEEP_PAUSED,left,right,,0
615,2026-08-01T16:18:21.765+09:00,71.156,614,8.64,0,DRIVING,,0,1,0,-0.144994,0.262255,0.262255,0,747,unknown,0,unknown,0.000000,null,0.000000,0.321,,"{""0"": 250, ""1"": 250, ""2"": null, ""3"": null, ""4"": null, ""5"": null, ""6"": null, ""7"": null}","{""0"": 0.0, ""1"": 0.0, ""2"": null, ""3"": null, ""4"": null, ""5"": null, ""6"": null, ""7"": null}","{""0"": 250, ""1"": 250}",250,1,0,0,0,0.321,ultrasonic-not-close,KEEP_PAUSED,left,right,,0
616,2026-08-01T16:18:21.880+09:00,71.270,615,8.64,0,DRIVING,,0,1,0,-0.162728,0.325716,0.325716,0,747,green,0,unknown,0.000000,null,0.000000,0.323,,"{""0"": 250, ""1"": 250, ""2"": null, ""3"": null, ""4"": null, ""5"": null, ""6"": null, ""7"": null}","{""0"": 0.0, ""1"": 0.0, ""2"": null, ""3"": null, ""4"": null, ""5"": null, ""6"": null, ""7"": null}","{""0"": 250, ""1"": 250}",250,1,0,0,0,0.323,ultrasonic-not-close,KEEP_PAUSED,left,right,,0
617,2026-08-01T16:18:21.995+09:00,71.385,616,8.64,0,DRIVING,,0,1,0,-0.182135,0.385740,0.385740,0,747,unknown,0,unknown,0.000000,null,0.000000,0.316,,"{""0"": 250, ""1"": 250, ""2"": null, ""3"": null, ""4"": null, ""5"": null, ""6"": null, ""7"": null}","{""0"": 0.0, ""1"": 0.0, ""2"": null, ""3"": null, ""4"": null, ""5"": null, ""6"": null, ""7"": null}","{""0"": 250, ""1"": 250}",250,1,0,0,0,0.316,ultrasonic-not-close,KEEP_PAUSED,left,right,,0
618,2026-08-01T16:18:22.111+09:00,71.502,617,8.64,0,DRIVING,,0,1,0,-0.191365,0.401599,0.401599,0,746,green,0,unknown,0.000000,null,0.000000,0.199,,"{""0"": 250, ""1"": 250, ""2"": null, ""3"": null, ""4"": null, ""5"": null, ""6"": null, ""7"": null}","{""0"": 0.0, ""1"": 0.0, ""2"": null, ""3"": null, ""4"": null, ""5"": null, ""6"": null, ""7"": null}","{""0"": 250, ""1"": 250}",250,1,0,0,0,0.199,ultrasonic-not-close,KEEP_PAUSED,left,right,,0
619,2026-08-01T16:18:22.235+09:00,71.626,618,8.64,0,DRIVING,,0,1,0,-0.194243,0.394816,0.394816,0,747,unknown,0,unknown,0.000000,null,0.000000,0.322,,"{""0"": 250, ""1"": 250, ""2"": null, ""3"": null, ""4"": null, ""5"": null, ""6"": null, ""7"": null}","{""0"": 0.0, ""1"": 0.0, ""2"": null, ""3"": null, ""4"": null, ""5"": null, ""6"": null, ""7"": null}","{""0"": 250, ""1"": 250}",250,1,0,0,0,0.322,ultrasonic-not-close,KEEP_PAUSED,left,right,,0
620,2026-08-01T16:18:22.346+09:00,71.738,619,8.64,0,DRIVING,,0,1,0,-0.195288,0.385026,0.385026,0,747,unknown,0,unknown,0.000000,null,0.000000,0.321,,"{""0"": 250, ""1"": 250, ""2"": null, ""3"": null, ""4"": null, ""5"": null, ""6"": null, ""7"": null}","{""0"": 0.0, ""1"": 0.0, ""2"": null, ""3"": null, ""4"": null, ""5"": null, ""6"": null, ""7"": null}","{""0"": 250, ""1"": 250}",250,1,0,0,0,0.321,ultrasonic-not-close,KEEP_PAUSED,left,right,,0
621,2026-08-01T16:18:22.457+09:00,71.847,620,8.64,0,DRIVING,,0,1,0,-0.190650,0.358276,0.358276,0,747,green,0,unknown,0.000000,null,0.000000,0.305,,"{""0"": 250, ""1"": 250, ""2"": null, ""3"": null, ""4"": null, ""5"": null, ""6"": null, ""7"": null}","{""0"": 0.0, ""1"": 0.0, ""2"": null, ""3"": null, ""4"": null, ""5"": null, ""6"": null, ""7"": null}","{""0"": 250, ""1"": 250}",250,1,0,0,0,0.305,ultrasonic-not-close,KEEP_PAUSED,left,right,,0
622,2026-08-01T16:18:22.581+09:00,71.972,621,8.64,0,DRIVING,,0,1,0,-0.188873,0.347346,0.347346,0,747,unknown,0,unknown,0.000000,null,0.000000,0.429,,"{""0"": 250, ""1"": 250, ""2"": null, ""3"": null, ""4"": null, ""5"": null, ""6"": null, ""7"": null}","{""0"": 0.0, ""1"": 0.0, ""2"": null, ""3"": null, ""4"": null, ""5"": null, ""6"": null, ""7"": null}","{""0"": 250, ""1"": 250}",250,1,0,0,0,0.429,ultrasonic-not-close,KEEP_PAUSED,left,right,,0
623,2026-08-01T16:18:22.694+09:00,72.085,622,8.64,0,DRIVING,,0,1,0,-0.189601,0.347757,0.347757,0,747,unknown,0,unknown,0.000000,null,0.000000,0.316,,"{""0"": 250, ""1"": 250, ""2"": null, ""3"": null, ""4"": null, ""5"": null, ""6"": null, ""7"": null}","{""0"": 0.0, ""1"": 0.0, ""2"": null, ""3"": null, ""4"": null, ""5"": null, ""6"": null, ""7"": null}","{""0"": 250, ""1"": 250}",250,1,0,0,0,0.316,ultrasonic-not-close,KEEP_PAUSED,left,right,,0
624,2026-08-01T16:18:22.803+09:00,72.194,623,8.64,0,DRIVING,,0,1,0,-0.175284,0.294273,0.294273,0,747,unknown,0,unknown,0.000000,null,0.000000,0.316,,"{""0"": 250, ""1"": 250, ""2"": null, ""3"": null, ""4"": null, ""5"": null, ""6"": null, ""7"": null}","{""0"": 0.0, ""1"": 0.0, ""2"": null, ""3"": null, ""4"": null, ""5"": null, ""6"": null, ""7"": null}","{""0"": 250, ""1"": 250}",250,1,0,0,0,0.316,ultrasonic-not-close,KEEP_PAUSED,left,right,,0
625,2026-08-01T16:18:22.921+09:00,72.312,624,8.64,0,DRIVING,,0,1,0,-0.174228,0.296841,0.296841,0,747,unknown,0,unknown,0.000000,null,0.000000,0.195,,"{""0"": 250, ""1"": 250, ""2"": null, ""3"": null, ""4"": null, ""5"": null, ""6"": null, ""7"": null}","{""0"": 0.0, ""1"": 0.0, ""2"": null, ""3"": null, ""4"": null, ""5"": null, ""6"": null, ""7"": null}","{""0"": 250, ""1"": 250}",250,1,0,0,0,0.195,ultrasonic-not-close,KEEP_PAUSED,left,right,,0
626,2026-08-01T16:18:23.036+09:00,72.427,625,8.64,0,DRIVING,,0,1,0,-0.185849,0.343710,0.343710,0,747,unknown,0,unknown,0.000000,null,0.000000,0.310,,"{""0"": 250, ""1"": 250, ""2"": null, ""3"": null, ""4"": null, ""5"": null, ""6"": null, ""7"": null}","{""0"": 0.0, ""1"": 0.0, ""2"": null, ""3"": null, ""4"": null, ""5"": null, ""6"": null, ""7"": null}","{""0"": 250, ""1"": 250}",250,1,0,0,0,0.310,ultrasonic-not-close,KEEP_PAUSED,left,right,,0
627,2026-08-01T16:18:23.159+09:00,72.548,626,8.64,0,DRIVING,,0,1,0,-0.186240,0.342362,0.342362,0,747,unknown,0,unknown,0.000000,null,0.000000,0.321,,"{""0"": 250, ""1"": 250, ""2"": null, ""3"": null, ""4"": null, ""5"": null, ""6"": null, ""7"": null}","{""0"": 0.0, ""1"": 0.0, ""2"": null, ""3"": null, ""4"": null, ""5"": null, ""6"": null, ""7"": null}","{""0"": 250, ""1"": 250}",250,1,0,0,0,0.321,ultrasonic-not-close,KEEP_PAUSED,left,right,,0
628,2026-08-01T16:18:23.271+09:00,72.662,627,8.64,0,DRIVING,,0,1,0,-0.186363,0.340666,0.340666,0,746,unknown,0,unknown,0.000000,null,0.000000,0.320,,"{""0"": 250, ""1"": 250, ""2"": null, ""3"": null, ""4"": null, ""5"": null, ""6"": null, ""7"": null}","{""0"": 0.0, ""1"": 0.0, ""2"": null, ""3"": null, ""4"": null, ""5"": null, ""6"": null, ""7"": null}","{""0"": 250, ""1"": 250}",250,1,0,0,0,0.320,ultrasonic-not-close,KEEP_PAUSED,left,right,,0
629,2026-08-01T16:18:23.391+09:00,72.782,628,8.64,0,DRIVING,,0,1,0,-0.186116,0.338214,0.338214,0,746,unknown,0,unknown,0.000000,null,0.000000,0.200,,"{""0"": 250, ""1"": 250, ""2"": null, ""3"": null, ""4"": null, ""5"": null, ""6"": null, ""7"": null}","{""0"": 0.0, ""1"": 0.0, ""2"": null, ""3"": null, ""4"": null, ""5"": null, ""6"": null, ""7"": null}","{""0"": 250, ""1"": 250}",250,1,0,0,0,0.200,ultrasonic-not-close,KEEP_PAUSED,left,right,,0
630,2026-08-01T16:18:23.508+09:00,72.898,629,8.64,0,DRIVING,,0,1,0,-0.186065,0.337069,0.337069,0,746,unknown,0,unknown,0.000000,null,0.000000,0.316,,"{""0"": 250, ""1"": 250, ""2"": null, ""3"": null, ""4"": null, ""5"": null, ""6"": null, ""7"": null}","{""0"": 0.0, ""1"": 0.0, ""2"": null, ""3"": null, ""4"": null, ""5"": null, ""6"": null, ""7"": null}","{""0"": 250, ""1"": 250}",250,1,0,0,0,0.316,ultrasonic-not-close,KEEP_PAUSED,left,right,,0
631,2026-08-01T16:18:23.620+09:00,73.012,630,8.64,0,DRIVING,,0,1,0,-0.186312,0.337311,0.337311,0,746,unknown,0,unknown,0.000000,null,0.000000,0.318,,"{""0"": 250, ""1"": 250, ""2"": null, ""3"": null, ""4"": null, ""5"": null, ""6"": null, ""7"": null}","{""0"": 0.0, ""1"": 0.0, ""2"": null, ""3"": null, ""4"": null, ""5"": null, ""6"": null, ""7"": null}","{""0"": 250, ""1"": 250}",250,1,0,0,0,0.318,ultrasonic-not-close,KEEP_PAUSED,left,right,,0
632,2026-08-01T16:18:23.742+09:00,73.132,631,8.64,0,DRIVING,,0,1,0,-0.186363,0.336910,0.336910,0,747,unknown,0,unknown,0.000000,null,0.000000,0.202,,"{""0"": 250, ""1"": 250, ""2"": null, ""3"": null, ""4"": null, ""5"": null, ""6"": null, ""7"": null}","{""0"": 0.0, ""1"": 0.0, ""2"": null, ""3"": null, ""4"": null, ""5"": null, ""6"": null, ""7"": null}","{""0"": 250, ""1"": 250}",250,1,0,0,0,0.202,ultrasonic-not-close,KEEP_PAUSED,left,right,,0
633,2026-08-01T16:18:23.864+09:00,73.254,632,8.64,0,DRIVING,,0,1,0,-0.185736,0.334216,0.334216,0,747,unknown,0,unknown,0.000000,null,0.000000,0.211,,"{""0"": 250, ""1"": 250, ""2"": null, ""3"": null, ""4"": null, ""5"": null, ""6"": null, ""7"": null}","{""0"": 0.0, ""1"": 0.0, ""2"": null, ""3"": null, ""4"": null, ""5"": null, ""6"": null, ""7"": null}","{""0"": 250, ""1"": 250}",250,1,0,0,0,0.211,ultrasonic-not-close,KEEP_PAUSED,left,right,,0
634,2026-08-01T16:18:23.977+09:00,73.367,633,8.64,0,DRIVING,,0,1,0,-0.185736,0.334249,0.334249,0,747,unknown,0,unknown,0.000000,null,0.000000,0.324,,"{""0"": 250, ""1"": 250, ""2"": null, ""3"": null, ""4"": null, ""5"": null, ""6"": null, ""7"": null}","{""0"": 0.0, ""1"": 0.0, ""2"": null, ""3"": null, ""4"": null, ""5"": null, ""6"": null, ""7"": null}","{""0"": 250, ""1"": 250}",250,1,0,0,0,0.324,ultrasonic-not-close,KEEP_PAUSED,left,right,,0
635,2026-08-01T16:18:24.088+09:00,73.479,634,8.64,0,DRIVING,,0,1,0,-0.185571,0.333679,0.333679,0,746,unknown,0,unknown,0.000000,null,0.000000,0.315,,"{""0"": 250, ""1"": 250, ""2"": null, ""3"": null, ""4"": null, ""5"": null, ""6"": null, ""7"": null}","{""0"": 0.0, ""1"": 0.0, ""2"": null, ""3"": null, ""4"": null, ""5"": null, ""6"": null, ""7"": null}","{""0"": 250, ""1"": 250}",250,1,0,0,0,0.315,ultrasonic-not-close,KEEP_PAUSED,left,right,,0
636,2026-08-01T16:18:24.207+09:00,73.598,635,8.64,0,DRIVING,,0,1,0,-0.185160,0.332303,0.332303,0,746,unknown,0,unknown,0.000000,null,0.000000,0.199,,"{""0"": 250, ""1"": 250, ""2"": null, ""3"": null, ""4"": null, ""5"": null, ""6"": null, ""7"": null}","{""0"": 0.0, ""1"": 0.0, ""2"": null, ""3"": null, ""4"": null, ""5"": null, ""6"": null, ""7"": null}","{""0"": 250, ""1"": 250}",250,1,0,0,0,0.199,ultrasonic-not-close,KEEP_PAUSED,left,right,,0
637,2026-08-01T16:18:24.324+09:00,73.714,636,8.64,0,DRIVING,,0,1,0,-0.185407,0.333487,0.333487,0,747,unknown,0,unknown,0.000000,null,0.000000,0.315,,"{""0"": 250, ""1"": 250, ""2"": null, ""3"": null, ""4"": null, ""5"": null, ""6"": null, ""7"": null}","{""0"": 0.0, ""1"": 0.0, ""2"": null, ""3"": null, ""4"": null, ""5"": null, ""6"": null, ""7"": null}","{""0"": 250, ""1"": 250}",250,1,0,0,0,0.315,ultrasonic-not-close,KEEP_PAUSED,left,right,,0
638,2026-08-01T16:18:24.430+09:00,73.821,637,8.64,0,DRIVING,,0,1,0,-0.185160,0.332672,0.332672,0,747,unknown,0,unknown,0.000000,null,0.000000,0.312,,"{""0"": 250, ""1"": 250, ""2"": null, ""3"": null, ""4"": null, ""5"": null, ""6"": null, ""7"": null}","{""0"": 0.0, ""1"": 0.0, ""2"": null, ""3"": null, ""4"": null, ""5"": null, ""6"": null, ""7"": null}","{""0"": 250, ""1"": 250}",250,1,0,0,0,0.312,ultrasonic-not-close,KEEP_PAUSED,left,right,,0
639,2026-08-01T16:18:24.547+09:00,73.938,638,8.64,0,DRIVING,,0,1,0,-0.185407,0.333746,0.333746,0,746,unknown,0,unknown,0.000000,null,0.000000,0.309,,"{""0"": 250, ""1"": 250, ""2"": null, ""3"": null, ""4"": null, ""5"": null, ""6"": null, ""7"": null}","{""0"": 0.0, ""1"": 0.0, ""2"": null, ""3"": null, ""4"": null, ""5"": null, ""6"": null, ""7"": null}","{""0"": 250, ""1"": 250}",250,1,0,0,0,0.309,ultrasonic-not-close,KEEP_PAUSED,left,right,,0
640,2026-08-01T16:18:24.666+09:00,74.057,639,8.64,0,DRIVING,,0,1,0,-0.185489,0.334038,0.334038,0,747,unknown,0,unknown,0.000000,null,0.000000,0.204,,"{""0"": 250, ""1"": 250, ""2"": null, ""3"": null, ""4"": null, ""5"": null, ""6"": null, ""7"": null}","{""0"": 0.0, ""1"": 0.0, ""2"": null, ""3"": null, ""4"": null, ""5"": null, ""6"": null, ""7"": null}","{""0"": 250, ""1"": 250}",250,1,0,0,0,0.204,ultrasonic-not-close,KEEP_PAUSED,left,right,,0
641,2026-08-01T16:18:24.779+09:00,74.170,640,8.64,0,DRIVING,,0,1,0,-0.186148,0.336361,0.336361,0,747,unknown,0,unknown,0.000000,null,0.000000,0.316,,"{""0"": 250, ""1"": 250, ""2"": null, ""3"": null, ""4"": null, ""5"": null, ""6"": null, ""7"": null}","{""0"": 0.0, ""1"": 0.0, ""2"": null, ""3"": null, ""4"": null, ""5"": null, ""6"": null, ""7"": null}","{""0"": 250, ""1"": 250}",250,1,0,0,0,0.316,ultrasonic-not-close,KEEP_PAUSED,left,right,,0
642,2026-08-01T16:18:24.898+09:00,74.289,641,8.64,0,DRIVING,,0,1,0,-0.185654,0.334194,0.334194,0,746,unknown,0,unknown,0.000000,null,0.000000,0.320,,"{""0"": 250, ""1"": 250, ""2"": null, ""3"": null, ""4"": null, ""5"": null, ""6"": null, ""7"": null}","{""0"": 0.0, ""1"": 0.0, ""2"": null, ""3"": null, ""4"": null, ""5"": null, ""6"": null, ""7"": null}","{""0"": 250, ""1"": 250}",250,1,0,0,0,0.320,ultrasonic-not-close,KEEP_PAUSED,left,right,,0
643,2026-08-01T16:18:25.019+09:00,74.409,642,8.64,0,DRIVING,,0,1,0,-0.185170,0.332449,0.332449,0,746,unknown,0,unknown,0.000000,null,0.000000,0.209,,"{""0"": 250, ""1"": 250, ""2"": null, ""3"": null, ""4"": null, ""5"": null, ""6"": null, ""7"": null}","{""0"": 0.0, ""1"": 0.0, ""2"": null, ""3"": null, ""4"": null, ""5"": null, ""6"": null, ""7"": null}","{""0"": 250, ""1"": 250}",250,1,0,0,0,0.209,ultrasonic-not-close,KEEP_PAUSED,left,right,,0
644,2026-08-01T16:18:25.141+09:00,74.531,643,8.64,0,DRIVING,,0,1,0,-0.185417,0.333595,0.333595,0,746,unknown,0,unknown,0.000000,null,0.000000,0.330,,"{""0"": 250, ""1"": 250, ""2"": null, ""3"": null, ""4"": null, ""5"": null, ""6"": null, ""7"": null}","{""0"": 0.0, ""1"": 0.0, ""2"": null, ""3"": null, ""4"": null, ""5"": null, ""6"": null, ""7"": null}","{""0"": 250, ""1"": 250}",250,1,0,0,0,0.330,ultrasonic-not-close,KEEP_PAUSED,left,right,,0
645,2026-08-01T16:18:25.250+09:00,74.641,644,8.64,0,DRIVING,,0,1,0,-0.185500,0.333938,0.333938,0,746,unknown,0,unknown,0.000000,null,0.000000,0.322,,"{""0"": 250, ""1"": 250, ""2"": null, ""3"": null, ""4"": null, ""5"": null, ""6"": null, ""7"": null}","{""0"": 0.0, ""1"": 0.0, ""2"": null, ""3"": null, ""4"": null, ""5"": null, ""6"": null, ""7"": null}","{""0"": 250, ""1"": 250}",250,1,0,0,0,0.322,ultrasonic-not-close,KEEP_PAUSED,left,right,,0
646,2026-08-01T16:18:25.360+09:00,74.752,645,8.64,0,DRIVING,,0,1,0,-0.186148,0.336259,0.336259,0,747,unknown,0,unknown,0.000000,null,0.000000,0.312,,"{""0"": 250, ""1"": 250, ""2"": null, ""3"": null, ""4"": null, ""5"": null, ""6"": null, ""7"": null}","{""0"": 0.0, ""1"": 0.0, ""2"": null, ""3"": null, ""4"": null, ""5"": null, ""6"": null, ""7"": null}","{""0"": 250, ""1"": 250}",250,1,0,0,0,0.312,ultrasonic-not-close,KEEP_PAUSED,left,right,,0
647,2026-08-01T16:18:25.483+09:00,74.874,646,8.64,0,DRIVING,,0,1,0,-0.186302,0.336456,0.336456,0,746,unknown,0,unknown,0.000000,null,0.000000,0.202,,"{""0"": 250, ""1"": 250, ""2"": null, ""3"": null, ""4"": null, ""5"": null, ""6"": null, ""7"": null}","{""0"": 0.0, ""1"": 0.0, ""2"": null, ""3"": null, ""4"": null, ""5"": null, ""6"": null, ""7"": null}","{""0"": 250, ""1"": 250}",250,1,0,0,0,0.202,ultrasonic-not-close,KEEP_PAUSED,left,right,,0
648,2026-08-01T16:18:25.595+09:00,74.986,647,8.64,0,DRIVING,,0,1,0,-0.186651,0.337381,0.337381,0,747,unknown,0,unknown,0.000000,null,0.000000,0.313,,"{""0"": 250, ""1"": 250, ""2"": null, ""3"": null, ""4"": null, ""5"": null, ""6"": null, ""7"": null}","{""0"": 0.0, ""1"": 0.0, ""2"": null, ""3"": null, ""4"": null, ""5"": null, ""6"": null, ""7"": null}","{""0"": 250, ""1"": 250}",250,1,0,0,0,0.313,ultrasonic-not-close,KEEP_PAUSED,left,right,,0
649,2026-08-01T16:18:25.711+09:00,75.103,648,8.64,0,DRIVING,,0,1,0,-0.185582,0.333108,0.333108,0,746,unknown,0,unknown,0.000000,null,0.000000,0.321,,"{""0"": 250, ""1"": 250, ""2"": null, ""3"": null, ""4"": null, ""5"": null, ""6"": null, ""7"": null}","{""0"": 0.0, ""1"": 0.0, ""2"": null, ""3"": null, ""4"": null, ""5"": null, ""6"": null, ""7"": null}","{""0"": 250, ""1"": 250}",250,1,0,0,0,0.321,ultrasonic-not-close,KEEP_PAUSED,left,right,,0
650,2026-08-01T16:18:25.827+09:00,75.218,649,8.64,0,DRIVING,,0,1,0,-0.185500,0.333094,0.333094,0,747,unknown,0,unknown,0.000000,null,0.000000,0.200,,"{""0"": 250, ""1"": 250, ""2"": null, ""3"": null, ""4"": null, ""5"": null, ""6"": null, ""7"": null}","{""0"": 0.0, ""1"": 0.0, ""2"": null, ""3"": null, ""4"": null, ""5"": null, ""6"": null, ""7"": null}","{""0"": 250, ""1"": 250}",250,1,0,0,0,0.200,ultrasonic-not-close,KEEP_PAUSED,left,right,,0
651,2026-08-01T16:18:25.941+09:00,75.331,650,8.64,0,DRIVING,,0,1,0,-0.186148,0.335668,0.335668,0,746,unknown,0,unknown,0.000000,null,0.000000,0.313,,"{""0"": 250, ""1"": 250, ""2"": null, ""3"": null, ""4"": null, ""5"": null, ""6"": null, ""7"": null}","{""0"": 0.0, ""1"": 0.0, ""2"": null, ""3"": null, ""4"": null, ""5"": null, ""6"": null, ""7"": null}","{""0"": 250, ""1"": 250}",250,1,0,0,0,0.313,ultrasonic-not-close,KEEP_PAUSED,left,right,,0
652,2026-08-01T16:18:26.059+09:00,75.449,651,8.64,0,DRIVING,,0,1,0,-0.185664,0.333747,0.333747,0,746,unknown,0,unknown,0.000000,null,0.000000,0.317,,"{""0"": 250, ""1"": 250, ""2"": null, ""3"": null, ""4"": null, ""5"": null, ""6"": null, ""7"": null}","{""0"": 0.0, ""1"": 0.0, ""2"": null, ""3"": null, ""4"": null, ""5"": null, ""6"": null, ""7"": null}","{""0"": 250, ""1"": 250}",250,1,0,0,0,0.317,ultrasonic-not-close,KEEP_PAUSED,left,right,,0
653,2026-08-01T16:18:26.174+09:00,75.564,652,8.64,0,DRIVING,,0,1,0,-0.185500,0.333289,0.333289,0,747,unknown,0,unknown,0.000000,null,0.000000,0.200,,"{""0"": 250, ""1"": 250, ""2"": null, ""3"": null, ""4"": null, ""5"": null, ""6"": null, ""7"": null}","{""0"": 0.0, ""1"": 0.0, ""2"": null, ""3"": null, ""4"": null, ""5"": null, ""6"": null, ""7"": null}","{""0"": 250, ""1"": 250}",250,1,0,0,0,0.200,ultrasonic-not-close,KEEP_PAUSED,left,right,,0
654,2026-08-01T16:18:26.289+09:00,75.679,653,8.64,0,DRIVING,,0,1,0,-0.185500,0.333472,0.333472,0,747,unknown,0,unknown,0.000000,null,0.000000,0.316,,"{""0"": 250, ""1"": 250, ""2"": null, ""3"": null, ""4"": null, ""5"": null, ""6"": null, ""7"": null}","{""0"": 0.0, ""1"": 0.0, ""2"": null, ""3"": null, ""4"": null, ""5"": null, ""6"": null, ""7"": null}","{""0"": 250, ""1"": 250}",250,1,0,0,0,0.316,ultrasonic-not-close,KEEP_PAUSED,left,right,,0
655,2026-08-01T16:18:26.398+09:00,75.788,654,8.64,0,DRIVING,,0,1,0,-0.186158,0.335970,0.335970,0,747,unknown,0,unknown,0.000000,null,0.000000,0.308,,"{""0"": 250, ""1"": 250, ""2"": null, ""3"": null, ""4"": null, ""5"": null, ""6"": null, ""7"": null}","{""0"": 0.0, ""1"": 0.0, ""2"": null, ""3"": null, ""4"": null, ""5"": null, ""6"": null, ""7"": null}","{""0"": 250, ""1"": 250}",250,1,0,0,0,0.308,ultrasonic-not-close,KEEP_PAUSED,left,right,,0
656,2026-08-01T16:18:26.523+09:00,75.914,655,8.64,0,DRIVING,,0,1,0,-0.185664,0.333926,0.333926,0,747,unknown,0,unknown,0.000000,null,0.000000,0.319,,"{""0"": 250, ""1"": 250, ""2"": null, ""3"": null, ""4"": null, ""5"": null, ""6"": null, ""7"": null}","{""0"": 0.0, ""1"": 0.0, ""2"": null, ""3"": null, ""4"": null, ""5"": null, ""6"": null, ""7"": null}","{""0"": 250, ""1"": 250}",250,1,0,0,0,0.319,ultrasonic-not-close,KEEP_PAUSED,left,right,,0
657,2026-08-01T16:18:26.640+09:00,76.031,656,8.64,0,DRIVING,,0,1,0,-0.186148,0.335748,0.335748,0,746,unknown,0,unknown,0.000000,null,0.000000,0.434,,"{""0"": 250, ""1"": 250, ""2"": null, ""3"": null, ""4"": null, ""5"": null, ""6"": null, ""7"": null}","{""0"": 0.0, ""1"": 0.0, ""2"": null, ""3"": null, ""4"": null, ""5"": null, ""6"": null, ""7"": null}","{""0"": 250, ""1"": 250}",250,1,0,0,0,0.434,ultrasonic-not-close,KEEP_PAUSED,left,right,,0
658,2026-08-01T16:18:26.749+09:00,76.140,657,8.64,0,DRIVING,,0,1,0,-0.185633,0.333691,0.333691,0,747,unknown,0,unknown,0.000000,null,0.000000,0.321,,"{""0"": 250, ""1"": 250, ""2"": null, ""3"": null, ""4"": null, ""5"": null, ""6"": null, ""7"": null}","{""0"": 0.0, ""1"": 0.0, ""2"": null, ""3"": null, ""4"": null, ""5"": null, ""6"": null, ""7"": null}","{""0"": 250, ""1"": 250}",250,1,0,0,0,0.321,ultrasonic-not-close,KEEP_PAUSED,left,right,,0
659,2026-08-01T16:18:26.858+09:00,76.249,658,8.64,0,DRIVING,,0,1,0,-0.185160,0.332123,0.332123,0,747,unknown,0,unknown,0.000000,null,0.000000,0.306,,"{""0"": 250, ""1"": 250, ""2"": null, ""3"": null, ""4"": null, ""5"": null, ""6"": null, ""7"": null}","{""0"": 0.0, ""1"": 0.0, ""2"": null, ""3"": null, ""4"": null, ""5"": null, ""6"": null, ""7"": null}","{""0"": 250, ""1"": 250}",250,1,0,0,0,0.306,ultrasonic-not-close,KEEP_PAUSED,left,right,,0
660,2026-08-01T16:18:26.978+09:00,76.369,659,8.64,0,DRIVING,,0,1,0,-0.185067,0.332139,0.332139,0,746,unknown,0,unknown,0.000000,null,0.000000,0.198,,"{""0"": 250, ""1"": 250, ""2"": null, ""3"": null, ""4"": null, ""5"": null, ""6"": null, ""7"": null}","{""0"": 0.0, ""1"": 0.0, ""2"": null, ""3"": null, ""4"": null, ""5"": null, ""6"": null, ""7"": null}","{""0"": 250, ""1"": 250}",250,1,0,0,0,0.198,ultrasonic-not-close,KEEP_PAUSED,left,right,,0
661,2026-08-01T16:18:27.096+09:00,76.486,660,8.64,0,DRIVING,,0,1,0,-0.185078,0.332471,0.332471,0,746,unknown,0,unknown,0.000000,null,0.000000,0.313,,"{""0"": 250, ""1"": 250, ""2"": null, ""3"": null, ""4"": null, ""5"": null, ""6"": null, ""7"": null}","{""0"": 0.0, ""1"": 0.0, ""2"": null, ""3"": null, ""4"": null, ""5"": null, ""6"": null, ""7"": null}","{""0"": 250, ""1"": 250}",250,1,0,0,0,0.313,ultrasonic-not-close,KEEP_PAUSED,left,right,,0
662,2026-08-01T16:18:27.201+09:00,76.591,661,8.64,0,DRIVING,,0,1,0,-0.185057,0.332597,0.332597,0,747,unknown,0,unknown,0.000000,null,0.000000,0.313,,"{""0"": 250, ""1"": 250, ""2"": null, ""3"": null, ""4"": null, ""5"": null, ""6"": null, ""7"": null}","{""0"": 0.0, ""1"": 0.0, ""2"": null, ""3"": null, ""4"": null, ""5"": null, ""6"": null, ""7"": null}","{""0"": 250, ""1"": 250}",250,1,0,0,0,0.313,ultrasonic-not-close,KEEP_PAUSED,left,right,,0
663,2026-08-01T16:18:27.328+09:00,76.719,662,8.64,0,DRIVING,,0,1,0,-0.185057,0.332749,0.332749,0,746,unknown,0,unknown,0.000000,null,0.000000,0.203,,"{""0"": 250, ""1"": 250, ""2"": null, ""3"": null, ""4"": null, ""5"": null, ""6"": null, ""7"": null}","{""0"": 0.0, ""1"": 0.0, ""2"": null, ""3"": null, ""4"": null, ""5"": null, ""6"": null, ""7"": null}","{""0"": 250, ""1"": 250}",250,1,0,0,0,0.203,ultrasonic-not-close,KEEP_PAUSED,left,right,,0
664,2026-08-01T16:18:27.449+09:00,76.840,663,8.64,0,DRIVING,,0,1,0,-0.185057,0.332855,0.332855,0,747,unknown,0,unknown,0.000000,null,0.000000,0.322,,"{""0"": 250, ""1"": 250, ""2"": null, ""3"": null, ""4"": null, ""5"": null, ""6"": null, ""7"": null}","{""0"": 0.0, ""1"": 0.0, ""2"": null, ""3"": null, ""4"": null, ""5"": null, ""6"": null, ""7"": null}","{""0"": 250, ""1"": 250}",250,1,0,0,0,0.322,ultrasonic-not-close,KEEP_PAUSED,left,right,,0
665,2026-08-01T16:18:27.558+09:00,76.948,664,8.64,0,DRIVING,,0,1,0,-0.185057,0.332929,0.332929,0,746,unknown,0,unknown,0.000000,null,0.000000,0.321,,"{""0"": 250, ""1"": 250, ""2"": null, ""3"": null, ""4"": null, ""5"": null, ""6"": null, ""7"": null}","{""0"": 0.0, ""1"": 0.0, ""2"": null, ""3"": null, ""4"": null, ""5"": null, ""6"": null, ""7"": null}","{""0"": 250, ""1"": 250}",250,1,0,0,0,0.321,ultrasonic-not-close,KEEP_PAUSED,left,right,,0
666,2026-08-01T16:18:27.670+09:00,77.061,665,8.64,0,DRIVING,,0,1,0,-0.185047,0.332944,0.332944,0,747,unknown,0,unknown,0.000000,null,0.000000,0.311,,"{""0"": 250, ""1"": 250, ""2"": null, ""3"": null, ""4"": null, ""5"": null, ""6"": null, ""7"": null}","{""0"": 0.0, ""1"": 0.0, ""2"": null, ""3"": null, ""4"": null, ""5"": null, ""6"": null, ""7"": null}","{""0"": 250, ""1"": 250}",250,1,0,0,0,0.311,ultrasonic-not-close,KEEP_PAUSED,left,right,,0
667,2026-08-01T16:18:27.800+09:00,77.191,666,8.64,0,DRIVING,,0,1,0,-0.185057,0.333023,0.333023,0,747,unknown,0,unknown,0.000000,null,0.000000,0.212,,"{""0"": 250, ""1"": 250, ""2"": null, ""3"": null, ""4"": null, ""5"": null, ""6"": null, ""7"": null}","{""0"": 0.0, ""1"": 0.0, ""2"": null, ""3"": null, ""4"": null, ""5"": null, ""6"": null, ""7"": null}","{""0"": 250, ""1"": 250}",250,1,0,0,0,0.212,ultrasonic-not-close,KEEP_PAUSED,left,right,,0
668,2026-08-01T16:18:27.913+09:00,77.304,667,8.64,0,DRIVING,,0,1,0,-0.185057,0.333047,0.333047,0,746,unknown,0,unknown,0.000000,null,0.000000,0.323,,"{""0"": 250, ""1"": 250, ""2"": null, ""3"": null, ""4"": null, ""5"": null, ""6"": null, ""7"": null}","{""0"": 0.0, ""1"": 0.0, ""2"": null, ""3"": null, ""4"": null, ""5"": null, ""6"": null, ""7"": null}","{""0"": 250, ""1"": 250}",250,1,0,0,0,0.323,ultrasonic-not-close,KEEP_PAUSED,left,right,,0
669,2026-08-01T16:18:28.031+09:00,77.421,668,8.64,0,DRIVING,,0,1,0,-0.185057,0.333064,0.333064,0,746,unknown,0,unknown,0.000000,null,0.000000,0.330,,"{""0"": 250, ""1"": 250, ""2"": null, ""3"": null, ""4"": null, ""5"": null, ""6"": null, ""7"": null}","{""0"": 0.0, ""1"": 0.0, ""2"": null, ""3"": null, ""4"": null, ""5"": null, ""6"": null, ""7"": null}","{""0"": 250, ""1"": 250}",250,1,0,0,0,0.330,ultrasonic-not-close,KEEP_PAUSED,left,right,,0
670,2026-08-01T16:18:28.146+09:00,77.538,669,8.64,0,DRIVING,,0,1,0,-0.184903,0.332521,0.332521,0,747,unknown,0,unknown,0.000000,null,0.000000,0.203,,"{""0"": 250, ""1"": 250, ""2"": null, ""3"": null, ""4"": null, ""5"": null, ""6"": null, ""7"": null}","{""0"": 0.0, ""1"": 0.0, ""2"": null, ""3"": null, ""4"": null, ""5"": null, ""6"": null, ""7"": null}","{""0"": 250, ""1"": 250}",250,1,0,0,0,0.203,ultrasonic-not-close,KEEP_PAUSED,left,right,,0
671,2026-08-01T16:18:28.263+09:00,77.653,670,8.64,0,DRIVING,,0,1,0,-0.184913,0.332649,0.332649,0,747,unknown,0,unknown,0.000000,null,0.000000,0.317,,"{""0"": 101, ""1"": 250, ""2"": null, ""3"": null, ""4"": null, ""5"": null, ""6"": null, ""7"": null}","{""0"": 0.0, ""1"": 0.0, ""2"": null, ""3"": null, ""4"": null, ""5"": null, ""6"": null, ""7"": null}","{""0"": 101, ""1"": 250}",101,1,1,0,0,0.317,car-not-detected-or-stale,KEEP_PAUSED,left,right,,0
672,2026-08-01T16:18:28.397+09:00,77.787,671,8.64,0,DRIVING,,0,1,0,-0.184913,0.332708,0.332708,0,746,unknown,0,unknown,0.000000,null,0.000000,0.335,,"{""0"": 250, ""1"": 250, ""2"": null, ""3"": null, ""4"": null, ""5"": null, ""6"": null, ""7"": null}","{""0"": 0.0, ""1"": 0.0, ""2"": null, ""3"": null, ""4"": null, ""5"": null, ""6"": null, ""7"": null}","{""0"": 250, ""1"": 250}",250,1,0,0,0,0.335,ultrasonic-not-close,KEEP_PAUSED,left,right,,0
673,2026-08-01T16:18:28.509+09:00,77.900,672,8.64,0,DRIVING,,0,1,0,-0.184913,0.332749,0.332749,0,747,unknown,0,unknown,0.000000,null,0.000000,0.215,,"{""0"": 250, ""1"": 250, ""2"": null, ""3"": null, ""4"": null, ""5"": null, ""6"": null, ""7"": null}","{""0"": 0.0, ""1"": 0.0, ""2"": null, ""3"": null, ""4"": null, ""5"": null, ""6"": null, ""7"": null}","{""0"": 250, ""1"": 250}",250,1,0,0,0,0.215,ultrasonic-not-close,KEEP_PAUSED,left,right,,0
674,2026-08-01T16:18:28.627+09:00,78.018,673,8.64,0,DRIVING,,0,1,0,-0.185036,0.333220,0.333220,0,747,unknown,0,unknown,0.000000,null,0.000000,0.200,,"{""0"": 250, ""1"": 250, ""2"": null, ""3"": null, ""4"": null, ""5"": null, ""6"": null, ""7"": null}","{""0"": 0.0, ""1"": 0.0, ""2"": null, ""3"": null, ""4"": null, ""5"": null, ""6"": null, ""7"": null}","{""0"": 250, ""1"": 250}",250,1,0,0,0,0.200,ultrasonic-not-close,KEEP_PAUSED,left,right,,0
675,2026-08-01T16:18:28.738+09:00,78.129,674,8.64,0,DRIVING,,0,1,0,-0.185036,0.333174,0.333174,0,747,unknown,0,unknown,0.000000,null,0.000000,0.310,,"{""0"": 250, ""1"": 250, ""2"": null, ""3"": null, ""4"": null, ""5"": null, ""6"": null, ""7"": null}","{""0"": 0.0, ""1"": 0.0, ""2"": null, ""3"": null, ""4"": null, ""5"": null, ""6"": null, ""7"": null}","{""0"": 250, ""1"": 250}",250,1,0,0,0,0.310,ultrasonic-not-close,KEEP_PAUSED,left,right,,0
676,2026-08-01T16:18:28.850+09:00,78.241,675,8.64,0,DRIVING,,0,1,0,-0.185036,0.333141,0.333141,0,747,unknown,0,unknown,0.000000,null,0.000000,0.310,,"{""0"": 250, ""1"": 250, ""2"": null, ""3"": null, ""4"": null, ""5"": null, ""6"": null, ""7"": null}","{""0"": 0.0, ""1"": 0.0, ""2"": null, ""3"": null, ""4"": null, ""5"": null, ""6"": null, ""7"": null}","{""0"": 250, ""1"": 250}",250,1,0,0,0,0.310,ultrasonic-not-close,KEEP_PAUSED,left,right,,0
677,2026-08-01T16:18:28.968+09:00,78.359,676,8.64,0,DRIVING,,0,1,0,-0.184913,0.332676,0.332676,0,747,unknown,0,unknown,0.000000,null,0.000000,0.198,,"{""0"": 250, ""1"": 250, ""2"": null, ""3"": null, ""4"": null, ""5"": null, ""6"": null, ""7"": null}","{""0"": 0.0, ""1"": 0.0, ""2"": null, ""3"": null, ""4"": null, ""5"": null, ""6"": null, ""7"": null}","{""0"": 250, ""1"": 250}",250,1,0,0,0,0.198,ultrasonic-not-close,KEEP_PAUSED,left,right,,0
678,2026-08-01T16:18:29.090+09:00,78.480,677,8.64,0,DRIVING,,0,1,0,-0.184903,0.332689,0.332689,0,746,unknown,0,unknown,0.000000,null,0.000000,0.318,,"{""0"": 250, ""1"": 250, ""2"": null, ""3"": null, ""4"": null, ""5"": null, ""6"": null, ""7"": null}","{""0"": 0.0, ""1"": 0.0, ""2"": null, ""3"": null, ""4"": null, ""5"": null, ""6"": null, ""7"": null}","{""0"": 250, ""1"": 250}",250,1,0,0,0,0.318,ultrasonic-not-close,KEEP_PAUSED,left,right,,0
679,2026-08-01T16:18:29.200+09:00,78.591,678,8.64,0,DRIVING,,0,1,0,-0.185036,0.333210,0.333210,0,747,unknown,0,unknown,0.000000,null,0.000000,0.320,,"{""0"": 250, ""1"": 250, ""2"": null, ""3"": null, ""4"": null, ""5"": null, ""6"": null, ""7"": null}","{""0"": 0.0, ""1"": 0.0, ""2"": null, ""3"": null, ""4"": null, ""5"": null, ""6"": null, ""7"": null}","{""0"": 250, ""1"": 250}",250,1,0,0,0,0.320,ultrasonic-not-close,KEEP_PAUSED,left,right,,0
680,2026-08-01T16:18:29.316+09:00,78.707,679,8.64,0,DRIVING,,0,1,0,-0.185036,0.333167,0.333167,0,747,unknown,0,unknown,0.000000,null,0.000000,0.317,,"{""0"": 250, ""1"": 250, ""2"": null, ""3"": null, ""4"": null, ""5"": null, ""6"": null, ""7"": null}","{""0"": 0.0, ""1"": 0.0, ""2"": null, ""3"": null, ""4"": null, ""5"": null, ""6"": null, ""7"": null}","{""0"": 250, ""1"": 250}",250,1,0,0,0,0.317,ultrasonic-not-close,KEEP_PAUSED,left,right,,0
681,2026-08-01T16:18:29.437+09:00,78.828,680,8.64,0,DRIVING,,0,1,0,-0.185036,0.333136,0.333136,0,747,unknown,0,unknown,0.000000,null,0.000000,0.206,,"{""0"": 250, ""1"": 250, ""2"": null, ""3"": null, ""4"": null, ""5"": null, ""6"": null, ""7"": null}","{""0"": 0.0, ""1"": 0.0, ""2"": null, ""3"": null, ""4"": null, ""5"": null, ""6"": null, ""7"": null}","{""0"": 250, ""1"": 250}",250,1,0,0,0,0.206,ultrasonic-not-close,KEEP_PAUSED,left,right,,0
682,2026-08-01T16:18:29.561+09:00,78.952,681,8.64,0,DRIVING,,0,1,0,-0.184913,0.332672,0.332672,0,747,unknown,0,unknown,0.000000,null,0.000000,0.329,,"{""0"": 250, ""1"": 250, ""2"": null, ""3"": null, ""4"": null, ""5"": null, ""6"": null, ""7"": null}","{""0"": 0.0, ""1"": 0.0, ""2"": null, ""3"": null, ""4"": null, ""5"": null, ""6"": null, ""7"": null}","{""0"": 250, ""1"": 250}",250,1,0,0,0,0.329,ultrasonic-not-close,KEEP_PAUSED,left,right,,0
683,2026-08-01T16:18:29.678+09:00,79.069,682,8.64,0,DRIVING,,0,1,0,-0.185078,0.333316,0.333316,0,747,unknown,0,unknown,0.000000,null,0.000000,0.331,,"{""0"": 3, ""1"": 250, ""2"": null, ""3"": null, ""4"": null, ""5"": null, ""6"": null, ""7"": null}","{""0"": 0.0, ""1"": 0.0, ""2"": null, ""3"": null, ""4"": null, ""5"": null, ""6"": null, ""7"": null}","{""0"": 3, ""1"": 250}",3,1,1,0,0,0.331,car-not-detected-or-stale,KEEP_PAUSED,left,right,,0
684,2026-08-01T16:18:29.793+09:00,79.184,683,8.64,0,DRIVING,,0,1,0,-0.185047,0.333151,0.333151,0,746,unknown,0,unknown,0.000000,null,0.000000,0.199,,"{""0"": 250, ""1"": 250, ""2"": null, ""3"": null, ""4"": null, ""5"": null, ""6"": null, ""7"": null}","{""0"": 0.0, ""1"": 0.0, ""2"": null, ""3"": null, ""4"": null, ""5"": null, ""6"": null, ""7"": null}","{""0"": 250, ""1"": 250}",250,1,0,0,0,0.199,ultrasonic-not-close,KEEP_PAUSED,left,right,,0
685,2026-08-01T16:18:29.907+09:00,79.299,684,8.64,0,DRIVING,,0,1,0,-0.185386,0.334353,0.334353,0,746,unknown,0,unknown,0.000000,null,0.000000,0.314,,"{""0"": 250, ""1"": 250, ""2"": null, ""3"": null, ""4"": null, ""5"": null, ""6"": null, ""7"": null}","{""0"": 0.0, ""1"": 0.0, ""2"": null, ""3"": null, ""4"": null, ""5"": null, ""6"": null, ""7"": null}","{""0"": 250, ""1"": 250}",250,1,0,0,0,0.314,ultrasonic-not-close,KEEP_PAUSED,left,right,,0
686,2026-08-01T16:18:30.020+09:00,79.411,685,8.64,0,DRIVING,,0,1,0,-0.185468,0.334452,0.334452,0,747,unknown,0,unknown,0.000000,null,0.000000,0.310,,"{""0"": 250, ""1"": 250, ""2"": null, ""3"": null, ""4"": null, ""5"": null, ""6"": null, ""7"": null}","{""0"": 0.0, ""1"": 0.0, ""2"": null, ""3"": null, ""4"": null, ""5"": null, ""6"": null, ""7"": null}","{""0"": 250, ""1"": 250}",250,1,0,0,0,0.310,ultrasonic-not-close,KEEP_PAUSED,left,right,,0
687,2026-08-01T16:18:30.135+09:00,79.526,686,8.64,0,DRIVING,,0,1,0,-0.185468,0.334269,0.334269,0,747,unknown,0,unknown,0.000000,null,0.000000,0.310,,"{""0"": 3, ""1"": 250, ""2"": null, ""3"": null, ""4"": null, ""5"": null, ""6"": null, ""7"": null}","{""0"": 0.0, ""1"": 0.0, ""2"": null, ""3"": null, ""4"": null, ""5"": null, ""6"": null, ""7"": null}","{""0"": 3, ""1"": 250}",3,1,1,0,0,0.310,car-not-detected-or-stale,KEEP_PAUSED,left,right,,0
688,2026-08-01T16:18:30.255+09:00,79.646,687,8.64,0,DRIVING,,0,1,0,-0.185468,0.334142,0.334142,0,746,unknown,0,unknown,0.000000,null,0.000000,0.205,,"{""0"": 4, ""1"": 250, ""2"": null, ""3"": null, ""4"": null, ""5"": null, ""6"": null, ""7"": null}","{""0"": 0.0, ""1"": 0.0, ""2"": null, ""3"": null, ""4"": null, ""5"": null, ""6"": null, ""7"": null}","{""0"": 4, ""1"": 250}",4,1,1,0,0,0.205,car-not-detected-or-stale,KEEP_PAUSED,left,right,,0
689,2026-08-01T16:18:30.368+09:00,79.758,688,8.64,0,DRIVING,,0,1,0,-0.185479,0.334089,0.334089,0,746,unknown,0,unknown,0.000000,null,0.000000,0.316,,"{""0"": 8, ""1"": 250, ""2"": null, ""3"": null, ""4"": null, ""5"": null, ""6"": null, ""7"": null}","{""0"": 0.0, ""1"": 0.0, ""2"": null, ""3"": null, ""4"": null, ""5"": null, ""6"": null, ""7"": null}","{""0"": 8, ""1"": 250}",8,1,1,0,0,0.316,car-not-detected-or-stale,KEEP_PAUSED,left,right,,0
690,2026-08-01T16:18:30.478+09:00,79.869,689,8.64,0,DRIVING,,0,1,0,-0.185468,0.333984,0.333984,0,746,unknown,0,unknown,0.000000,null,0.000000,0.313,,"{""0"": 5, ""1"": 250, ""2"": null, ""3"": null, ""4"": null, ""5"": null, ""6"": null, ""7"": null}","{""0"": 0.0, ""1"": 0.0, ""2"": null, ""3"": null, ""4"": null, ""5"": null, ""6"": null, ""7"": null}","{""0"": 5, ""1"": 250}",5,1,1,0,0,0.313,car-not-detected-or-stale,KEEP_PAUSED,left,right,,0
691,2026-08-01T16:18:30.597+09:00,79.987,690,8.64,0,DRIVING,,0,1,0,-0.185129,0.332719,0.332719,0,746,unknown,0,unknown,0.000000,null,0.000000,0.197,,"{""0"": 250, ""1"": 250, ""2"": null, ""3"": null, ""4"": null, ""5"": null, ""6"": null, ""7"": null}","{""0"": 0.0, ""1"": 0.0, ""2"": null, ""3"": null, ""4"": null, ""5"": null, ""6"": null, ""7"": null}","{""0"": 250, ""1"": 250}",250,1,0,0,0,0.197,ultrasonic-not-close,KEEP_PAUSED,left,right,,0
692,2026-08-01T16:18:30.716+09:00,80.107,691,8.64,0,DRIVING,,0,1,0,-0.185376,0.333762,0.333762,0,747,unknown,0,unknown,0.000000,null,0.000000,0.315,,"{""0"": 250, ""1"": 250, ""2"": null, ""3"": null, ""4"": null, ""5"": null, ""6"": null, ""7"": null}","{""0"": 0.0, ""1"": 0.0, ""2"": null, ""3"": null, ""4"": null, ""5"": null, ""6"": null, ""7"": null}","{""0"": 250, ""1"": 250}",250,1,0,0,0,0.315,ultrasonic-not-close,KEEP_PAUSED,left,right,,0
693,2026-08-01T16:18:30.829+09:00,80.220,692,8.64,0,DRIVING,,0,1,0,-0.185139,0.332885,0.332885,0,746,unknown,0,unknown,0.000000,null,0.000000,0.319,,"{""0"": 250, ""1"": 250, ""2"": null, ""3"": null, ""4"": null, ""5"": null, ""6"": null, ""7"": null}","{""0"": 0.0, ""1"": 0.0, ""2"": null, ""3"": null, ""4"": null, ""5"": null, ""6"": null, ""7"": null}","{""0"": 250, ""1"": 250}",250,1,0,0,0,0.319,ultrasonic-not-close,KEEP_PAUSED,left,right,,0
694,2026-08-01T16:18:30.946+09:00,80.336,693,8.64,0,DRIVING,,0,1,0,-0.185057,0.332699,0.332699,0,747,unknown,0,unknown,0.000000,null,0.000000,0.317,,"{""0"": 250, ""1"": 250, ""2"": null, ""3"": null, ""4"": null, ""5"": null, ""6"": null, ""7"": null}","{""0"": 0.0, ""1"": 0.0, ""2"": null, ""3"": null, ""4"": null, ""5"": null, ""6"": null, ""7"": null}","{""0"": 250, ""1"": 250}",250,1,0,0,0,0.317,ultrasonic-not-close,KEEP_PAUSED,left,right,,0
695,2026-08-01T16:18:31.059+09:00,80.450,694,8.64,0,DRIVING,,0,1,0,-0.185047,0.332783,0.332783,0,746,unknown,0,unknown,0.000000,null,0.000000,0.198,,"{""0"": 250, ""1"": 250, ""2"": null, ""3"": null, ""4"": null, ""5"": null, ""6"": null, ""7"": null}","{""0"": 0.0, ""1"": 0.0, ""2"": null, ""3"": null, ""4"": null, ""5"": null, ""6"": null, ""7"": null}","{""0"": 250, ""1"": 250}",250,1,0,0,0,0.198,ultrasonic-not-close,KEEP_PAUSED,left,right,,0
696,2026-08-01T16:18:31.181+09:00,80.572,695,8.64,0,DRIVING,,0,1,0,-0.185746,0.335392,0.335392,0,748,unknown,0,unknown,0.000000,null,0.000000,0.319,,"{""0"": 250, ""1"": 250, ""2"": null, ""3"": null, ""4"": null, ""5"": null, ""6"": null, ""7"": null}","{""0"": 0.0, ""1"": 0.0, ""2"": null, ""3"": null, ""4"": null, ""5"": null, ""6"": null, ""7"": null}","{""0"": 250, ""1"": 250}",250,1,0,0,0,0.319,ultrasonic-not-close,KEEP_PAUSED,left,right,,0
697,2026-08-01T16:18:31.294+09:00,80.685,696,8.64,0,DRIVING,,0,1,0,-0.194453,0.366422,0.366422,0,746,unknown,0,unknown,0.000000,null,0.000000,0.316,,"{""0"": 250, ""1"": 250, ""2"": null, ""3"": null, ""4"": null, ""5"": null, ""6"": null, ""7"": null}","{""0"": 0.0, ""1"": 0.0, ""2"": null, ""3"": null, ""4"": null, ""5"": null, ""6"": null, ""7"": null}","{""0"": 250, ""1"": 250}",250,1,0,0,0,0.316,ultrasonic-not-close,KEEP_PAUSED,left,right,,0
698,2026-08-01T16:18:31.408+09:00,80.799,697,8.64,0,DRIVING,,0,1,0,-0.211590,0.423192,0.423192,0,747,unknown,0,unknown,0.000000,null,0.000000,0.318,,"{""0"": 250, ""1"": 250, ""2"": null, ""3"": null, ""4"": null, ""5"": null, ""6"": null, ""7"": null}","{""0"": 0.0, ""1"": 0.0, ""2"": null, ""3"": null, ""4"": null, ""5"": null, ""6"": null, ""7"": null}","{""0"": 250, ""1"": 250}",250,1,0,0,0,0.318,ultrasonic-not-close,KEEP_PAUSED,left,right,,0
699,2026-08-01T16:18:31.525+09:00,80.917,698,8.64,0,DRIVING,,0,1,0,-0.237062,0.502193,0.502193,0,747,unknown,0,unknown,0.000000,null,0.000000,0.435,,"{""0"": 250, ""1"": 250, ""2"": null, ""3"": null, ""4"": null, ""5"": null, ""6"": null, ""7"": null}","{""0"": 0.0, ""1"": 0.0, ""2"": null, ""3"": null, ""4"": null, ""5"": null, ""6"": null, ""7"": null}","{""0"": 250, ""1"": 250}",250,1,0,0,0,0.435,ultrasonic-not-close,KEEP_PAUSED,left,right,,0
700,2026-08-01T16:18:31.637+09:00,81.026,699,8.64,0,DRIVING,,0,1,0,-0.265032,0.580241,0.580241,0,745,green,0,unknown,0.000000,null,0.000000,0.312,,"{""0"": 250, ""1"": 250, ""2"": null, ""3"": null, ""4"": null, ""5"": null, ""6"": null, ""7"": null}","{""0"": 0.0, ""1"": 0.0, ""2"": null, ""3"": null, ""4"": null, ""5"": null, ""6"": null, ""7"": null}","{""0"": 250, ""1"": 250}",250,1,0,0,0,0.312,ultrasonic-not-close,KEEP_PAUSED,left,right,,0
701,2026-08-01T16:18:31.749+09:00,81.141,700,8.64,0,DRIVING,,0,1,0,-0.238119,0.452400,0.452400,0,746,green,0,unknown,0.000000,null,0.000000,0.311,,"{""0"": 250, ""1"": 250, ""2"": null, ""3"": null, ""4"": null, ""5"": null, ""6"": null, ""7"": null}","{""0"": 0.0, ""1"": 0.0, ""2"": null, ""3"": null, ""4"": null, ""5"": null, ""6"": null, ""7"": null}","{""0"": 250, ""1"": 250}",250,1,0,0,0,0.311,ultrasonic-not-close,KEEP_PAUSED,left,right,,0
702,2026-08-01T16:18:31.867+09:00,81.257,701,8.64,0,DRIVING,,0,1,0,-0.248262,0.481777,0.481777,0,747,unknown,0,unknown,0.000000,null,0.000000,0.199,,"{""0"": 250, ""1"": 250, ""2"": null, ""3"": null, ""4"": null, ""5"": null, ""6"": null, ""7"": null}","{""0"": 0.0, ""1"": 0.0, ""2"": null, ""3"": null, ""4"": null, ""5"": null, ""6"": null, ""7"": null}","{""0"": 250, ""1"": 250}",250,1,0,0,0,0.199,ultrasonic-not-close,KEEP_PAUSED,left,right,,0
703,2026-08-01T16:18:31.984+09:00,81.373,702,8.64,0,DRIVING,,0,1,0,-0.254757,0.494689,0.494689,0,746,unknown,0,unknown,0.000000,null,0.000000,0.314,,"{""0"": 250, ""1"": 250, ""2"": null, ""3"": null, ""4"": null, ""5"": null, ""6"": null, ""7"": null}","{""0"": 0.0, ""1"": 0.0, ""2"": null, ""3"": null, ""4"": null, ""5"": null, ""6"": null, ""7"": null}","{""0"": 250, ""1"": 250}",250,1,0,0,0,0.314,ultrasonic-not-close,KEEP_PAUSED,left,right,,0
704,2026-08-01T16:18:32.090+09:00,81.481,703,8.64,0,DRIVING,,0,1,0,-0.256593,0.490461,0.490461,0,747,unknown,0,unknown,0.000000,null,0.000000,0.310,,"{""0"": 250, ""1"": 250, ""2"": null, ""3"": null, ""4"": null, ""5"": null, ""6"": null, ""7"": null}","{""0"": 0.0, ""1"": 0.0, ""2"": null, ""3"": null, ""4"": null, ""5"": null, ""6"": null, ""7"": null}","{""0"": 250, ""1"": 250}",250,1,0,0,0,0.310,ultrasonic-not-close,KEEP_PAUSED,left,right,,0
705,2026-08-01T16:18:32.201+09:00,81.593,704,8.64,0,DRIVING,,0,1,0,-0.250893,0.461362,0.461362,0,747,green,0,unknown,0.000000,null,0.000000,0.305,,"{""0"": 250, ""1"": 250, ""2"": null, ""3"": null, ""4"": null, ""5"": null, ""6"": null, ""7"": null}","{""0"": 0.0, ""1"": 0.0, ""2"": null, ""3"": null, ""4"": null, ""5"": null, ""6"": null, ""7"": null}","{""0"": 250, ""1"": 250}",250,1,0,0,0,0.305,ultrasonic-not-close,KEEP_PAUSED,left,right,,0
706,2026-08-01T16:18:32.320+09:00,81.711,705,8.64,0,DRIVING,,0,1,0,-0.248181,0.448672,0.448672,0,747,unknown,0,unknown,0.000000,null,0.000000,0.421,,"{""0"": 250, ""1"": 250, ""2"": null, ""3"": null, ""4"": null, ""5"": null, ""6"": null, ""7"": null}","{""0"": 0.0, ""1"": 0.0, ""2"": null, ""3"": null, ""4"": null, ""5"": null, ""6"": null, ""7"": null}","{""0"": 250, ""1"": 250}",250,1,0,0,0,0.421,ultrasonic-not-close,KEEP_PAUSED,left,right,,0
707,2026-08-01T16:18:32.431+09:00,81.821,706,8.64,0,DRIVING,,0,1,0,-0.250455,0.456274,0.456274,0,747,green,0,unknown,0.000000,null,0.000000,0.310,,"{""0"": 250, ""1"": 250, ""2"": null, ""3"": null, ""4"": null, ""5"": null, ""6"": null, ""7"": null}","{""0"": 0.0, ""1"": 0.0, ""2"": null, ""3"": null, ""4"": null, ""5"": null, ""6"": null, ""7"": null}","{""0"": 250, ""1"": 250}",250,1,0,0,0,0.310,ultrasonic-not-close,KEEP_PAUSED,left,right,,0
708,2026-08-01T16:18:32.540+09:00,81.930,707,8.64,0,DRIVING,,0,1,0,-0.246152,0.439149,0.439149,0,747,unknown,0,unknown,0.000000,null,0.000000,0.308,,"{""0"": 250, ""1"": 250, ""2"": null, ""3"": null, ""4"": null, ""5"": null, ""6"": null, ""7"": null}","{""0"": 0.0, ""1"": 0.0, ""2"": null, ""3"": null, ""4"": null, ""5"": null, ""6"": null, ""7"": null}","{""0"": 250, ""1"": 250}",250,1,0,0,0,0.308,ultrasonic-not-close,KEEP_PAUSED,left,right,,0
709,2026-08-01T16:18:32.652+09:00,82.044,708,8.64,0,DRIVING,,0,1,0,-0.240806,0.421081,0.421081,0,746,unknown,0,unknown,0.000000,null,0.000000,0.191,,"{""0"": 250, ""1"": 250, ""2"": null, ""3"": null, ""4"": null, ""5"": null, ""6"": null, ""7"": null}","{""0"": 0.0, ""1"": 0.0, ""2"": null, ""3"": null, ""4"": null, ""5"": null, ""6"": null, ""7"": null}","{""0"": 250, ""1"": 250}",250,1,0,0,0,0.191,ultrasonic-not-close,KEEP_PAUSED,left,right,,0
710,2026-08-01T16:18:32.763+09:00,82.154,709,8.64,0,DRIVING,,0,1,0,-0.199199,0.275006,0.275006,0,747,unknown,0,unknown,0.000000,null,0.000000,0.301,,"{""0"": 250, ""1"": 250, ""2"": null, ""3"": null, ""4"": null, ""5"": null, ""6"": null, ""7"": null}","{""0"": 0.0, ""1"": 0.0, ""2"": null, ""3"": null, ""4"": null, ""5"": null, ""6"": null, ""7"": null}","{""0"": 250, ""1"": 250}",250,1,0,0,0,0.301,ultrasonic-not-close,KEEP_PAUSED,left,right,,0
711,2026-08-01T16:18:32.869+09:00,82.261,710,8.64,0,DRIVING,,0,1,0,-0.167734,0.186799,0.186799,0,747,unknown,0,unknown,0.000000,null,0.000000,0.300,,"{""0"": 250, ""1"": 250, ""2"": null, ""3"": null, ""4"": null, ""5"": null, ""6"": null, ""7"": null}","{""0"": 0.0, ""1"": 0.0, ""2"": null, ""3"": null, ""4"": null, ""5"": null, ""6"": null, ""7"": null}","{""0"": 250, ""1"": 250}",250,1,0,0,0,0.300,ultrasonic-not-close,KEEP_PAUSED,left,right,,0
712,2026-08-01T16:18:32.983+09:00,82.374,711,8.64,0,DRIVING,,0,1,0,-0.145918,0.142796,0.142796,0,749,unknown,0,unknown,0.000000,null,0.000000,0.189,,"{""0"": 250, ""1"": 250, ""2"": null, ""3"": null, ""4"": null, ""5"": null, ""6"": null, ""7"": null}","{""0"": 0.0, ""1"": 0.0, ""2"": null, ""3"": null, ""4"": null, ""5"": null, ""6"": null, ""7"": null}","{""0"": 250, ""1"": 250}",250,1,0,0,0,0.189,ultrasonic-not-close,KEEP_PAUSED,left,right,,0
713,2026-08-01T16:18:33.100+09:00,82.491,712,8.64,0,DRIVING,,0,1,0,-0.141094,0.161386,0.161386,0,747,unknown,0,unknown,0.000000,null,0.000000,0.304,,"{""0"": 250, ""1"": 250, ""2"": null, ""3"": null, ""4"": null, ""5"": null, ""6"": null, ""7"": null}","{""0"": 0.0, ""1"": 0.0, ""2"": null, ""3"": null, ""4"": null, ""5"": null, ""6"": null, ""7"": null}","{""0"": 250, ""1"": 250}",250,1,0,0,0,0.304,ultrasonic-not-close,KEEP_PAUSED,left,right,,0
714,2026-08-01T16:18:33.208+09:00,82.599,713,8.65,0,DRIVING,,0,1,0,-0.143343,0.197257,0.197257,0,747,unknown,0,unknown,0.000000,null,0.000000,0.308,,"{""0"": 250, ""1"": 250, ""2"": null, ""3"": null, ""4"": null, ""5"": null, ""6"": null, ""7"": null}","{""0"": 0.0, ""1"": 0.0, ""2"": null, ""3"": null, ""4"": null, ""5"": null, ""6"": null, ""7"": null}","{""0"": 250, ""1"": 250}",250,1,0,0,0,0.308,ultrasonic-not-close,KEEP_PAUSED,left,right,,0
715,2026-08-01T16:18:33.321+09:00,82.712,714,8.65,0,DRIVING,,0,1,0,-0.155815,0.260384,0.260384,0,747,unknown,0,unknown,0.000000,null,0.000000,0.190,,"{""0"": 250, ""1"": 250, ""2"": null, ""3"": null, ""4"": null, ""5"": null, ""6"": null, ""7"": null}","{""0"": 0.0, ""1"": 0.0, ""2"": null, ""3"": null, ""4"": null, ""5"": null, ""6"": null, ""7"": null}","{""0"": 250, ""1"": 250}",250,1,0,0,0,0.190,ultrasonic-not-close,KEEP_PAUSED,left,right,,0
716,2026-08-01T16:18:33.437+09:00,82.829,715,8.65,0,DRIVING,,0,1,0,-0.163052,0.292465,0.292465,0,747,unknown,0,unknown,0.000000,null,0.000000,0.305,,"{""0"": 250, ""1"": 250, ""2"": null, ""3"": null, ""4"": null, ""5"": null, ""6"": null, ""7"": null}","{""0"": 0.0, ""1"": 0.0, ""2"": null, ""3"": null, ""4"": null, ""5"": null, ""6"": null, ""7"": null}","{""0"": 250, ""1"": 250}",250,1,0,0,0,0.305,ultrasonic-not-close,KEEP_PAUSED,left,right,,0
717,2026-08-01T16:18:33.546+09:00,82.937,716,8.65,0,DRIVING,,0,1,0,-0.184129,0.368651,0.368651,0,747,unknown,0,unknown,0.000000,null,0.000000,0.308,,"{""0"": 250, ""1"": 250, ""2"": null, ""3"": null, ""4"": null, ""5"": null, ""6"": null, ""7"": null}","{""0"": 0.0, ""1"": 0.0, ""2"": null, ""3"": null, ""4"": null, ""5"": null, ""6"": null, ""7"": null}","{""0"": 250, ""1"": 250}",250,1,0,0,0,0.308,ultrasonic-not-close,KEEP_PAUSED,left,right,,0
718,2026-08-01T16:18:33.661+09:00,83.052,717,8.65,0,DRIVING,,0,1,0,-0.185664,0.363010,0.363010,0,747,unknown,0,unknown,0.000000,null,0.000000,0.310,,"{""0"": 250, ""1"": 250, ""2"": null, ""3"": null, ""4"": null, ""5"": null, ""6"": null, ""7"": null}","{""0"": 0.0, ""1"": 0.0, ""2"": null, ""3"": null, ""4"": null, ""5"": null, ""6"": null, ""7"": null}","{""0"": 250, ""1"": 250}",250,1,0,0,0,0.310,ultrasonic-not-close,KEEP_PAUSED,left,right,,0
719,2026-08-01T16:18:33.781+09:00,83.172,718,8.65,0,DRIVING,,0,1,0,-0.170095,0.298317,0.298317,0,747,unknown,0,unknown,0.000000,null,0.000000,0.205,,"{""0"": 250, ""1"": 250, ""2"": null, ""3"": null, ""4"": null, ""5"": null, ""6"": null, ""7"": null}","{""0"": 0.0, ""1"": 0.0, ""2"": null, ""3"": null, ""4"": null, ""5"": null, ""6"": null, ""7"": null}","{""0"": 250, ""1"": 250}",250,1,0,0,0,0.205,ultrasonic-not-close,KEEP_PAUSED,left,right,,0
720,2026-08-01T16:18:33.892+09:00,83.283,719,8.65,0,DRIVING,,0,1,0,-0.149127,0.225187,0.225187,0,746,unknown,0,unknown,0.000000,null,0.000000,0.313,,"{""0"": 250, ""1"": 250, ""2"": null, ""3"": null, ""4"": null, ""5"": null, ""6"": null, ""7"": null}","{""0"": 0.0, ""1"": 0.0, ""2"": null, ""3"": null, ""4"": null, ""5"": null, ""6"": null, ""7"": null}","{""0"": 250, ""1"": 250}",250,1,0,0,0,0.313,ultrasonic-not-close,KEEP_PAUSED,left,right,,0
721,2026-08-01T16:18:33.997+09:00,83.388,720,8.65,0,DRIVING,,0,1,0,-0.121281,0.137914,0.137914,0,747,unknown,0,unknown,0.000000,null,0.000000,0.306,,"{""0"": 250, ""1"": 250, ""2"": null, ""3"": null, ""4"": null, ""5"": null, ""6"": null, ""7"": null}","{""0"": 0.0, ""1"": 0.0, ""2"": null, ""3"": null, ""4"": null, ""5"": null, ""6"": null, ""7"": null}","{""0"": 250, ""1"": 250}",250,1,0,0,0,0.306,ultrasonic-not-close,KEEP_PAUSED,left,right,,0
722,2026-08-01T16:18:34.114+09:00,83.505,721,8.65,0,DRIVING,,0,1,0,-0.091350,0.054282,0.054282,0,747,unknown,0,unknown,0.000000,null,0.000000,0.190,,"{""0"": 250, ""1"": 250, ""2"": null, ""3"": null, ""4"": null, ""5"": null, ""6"": null, ""7"": null}","{""0"": 0.0, ""1"": 0.0, ""2"": null, ""3"": null, ""4"": null, ""5"": null, ""6"": null, ""7"": null}","{""0"": 250, ""1"": 250}",250,1,0,0,0,0.190,ultrasonic-not-close,KEEP_PAUSED,left,right,,0
723,2026-08-01T16:18:34.244+09:00,83.636,722,8.65,0,DRIVING,,0,1,0,-0.073672,0.023684,0.023684,0,747,green,0,unknown,0.000000,null,0.000000,0.319,,"{""0"": 250, ""1"": 250, ""2"": null, ""3"": null, ""4"": null, ""5"": null, ""6"": null, ""7"": null}","{""0"": 0.0, ""1"": 0.0, ""2"": null, ""3"": null, ""4"": null, ""5"": null, ""6"": null, ""7"": null}","{""0"": 250, ""1"": 250}",250,1,0,0,0,0.319,ultrasonic-not-close,KEEP_PAUSED,left,right,,0
724,2026-08-01T16:18:34.360+09:00,83.750,723,8.65,0,DRIVING,,0,1,0,-0.061585,0.012848,0.012848,0,746,unknown,0,unknown,0.000000,null,0.000000,0.331,,"{""0"": 250, ""1"": 250, ""2"": null, ""3"": null, ""4"": null, ""5"": null, ""6"": null, ""7"": null}","{""0"": 0.0, ""1"": 0.0, ""2"": null, ""3"": null, ""4"": null, ""5"": null, ""6"": null, ""7"": null}","{""0"": 250, ""1"": 250}",250,1,0,0,0,0.331,ultrasonic-not-close,KEEP_PAUSED,left,right,,0
725,2026-08-01T16:18:34.467+09:00,83.859,724,8.65,0,DRIVING,,0,1,0,-0.107923,0.209067,0.209067,0,747,unknown,0,unknown,0.000000,null,0.000000,0.324,,"{""0"": 250, ""1"": 250, ""2"": null, ""3"": null, ""4"": null, ""5"": null, ""6"": null, ""7"": null}","{""0"": 0.0, ""1"": 0.0, ""2"": null, ""3"": null, ""4"": null, ""5"": null, ""6"": null, ""7"": null}","{""0"": 250, ""1"": 250}",250,1,0,0,0,0.324,ultrasonic-not-close,KEEP_PAUSED,left,right,,0
726,2026-08-01T16:18:34.585+09:00,83.976,725,8.65,0,DRIVING,,0,1,0,-0.097442,0.166893,0.166893,0,746,unknown,0,unknown,0.000000,null,0.000000,0.193,,"{""0"": 250, ""1"": 250, ""2"": null, ""3"": null, ""4"": null, ""5"": null, ""6"": null, ""7"": null}","{""0"": 0.0, ""1"": 0.0, ""2"": null, ""3"": null, ""4"": null, ""5"": null, ""6"": null, ""7"": null}","{""0"": 250, ""1"": 250}",250,1,0,0,0,0.193,ultrasonic-not-close,KEEP_PAUSED,left,right,,0
727,2026-08-01T16:18:34.704+09:00,84.095,726,8.65,0,DRIVING,,0,1,0,-0.076658,0.094623,0.094623,0,747,green,0,unknown,0.000000,null,0.000000,0.310,,"{""0"": 250, ""1"": 250, ""2"": null, ""3"": null, ""4"": null, ""5"": null, ""6"": null, ""7"": null}","{""0"": 0.0, ""1"": 0.0, ""2"": null, ""3"": null, ""4"": null, ""5"": null, ""6"": null, ""7"": null}","{""0"": 250, ""1"": 250}",250,1,0,0,0,0.310,ultrasonic-not-close,KEEP_PAUSED,left,right,,0
728,2026-08-01T16:18:34.820+09:00,84.211,727,8.65,0,DRIVING,,0,1,0,-0.066486,0.071010,0.071010,0,746,unknown,0,unknown,0.000000,null,0.000000,0.321,,"{""0"": 250, ""1"": 250, ""2"": null, ""3"": null, ""4"": null, ""5"": null, ""6"": null, ""7"": null}","{""0"": 0.0, ""1"": 0.0, ""2"": null, ""3"": null, ""4"": null, ""5"": null, ""6"": null, ""7"": null}","{""0"": 250, ""1"": 250}",250,1,0,0,0,0.321,ultrasonic-not-close,KEEP_PAUSED,left,right,,0
729,2026-08-01T16:18:34.931+09:00,84.323,728,8.65,0,DRIVING,,0,1,0,-0.056476,0.049575,0.049575,0,747,unknown,0,unknown,0.000000,null,0.000000,0.317,,"{""0"": 250, ""1"": 250, ""2"": null, ""3"": null, ""4"": null, ""5"": null, ""6"": null, ""7"": null}","{""0"": 0.0, ""1"": 0.0, ""2"": null, ""3"": null, ""4"": null, ""5"": null, ""6"": null, ""7"": null}","{""0"": 250, ""1"": 250}",250,1,0,0,0,0.317,ultrasonic-not-close,KEEP_PAUSED,left,right,,0
730,2026-08-01T16:18:35.056+09:00,84.446,729,8.65,0,DRIVING,,0,1,0,-0.050571,0.043940,0.043940,0,746,unknown,0,unknown,0.000000,null,0.000000,0.439,,"{""0"": 250, ""1"": 250, ""2"": null, ""3"": null, ""4"": null, ""5"": null, ""6"": null, ""7"": null}","{""0"": 0.0, ""1"": 0.0, ""2"": null, ""3"": null, ""4"": null, ""5"": null, ""6"": null, ""7"": null}","{""0"": 250, ""1"": 250}",250,1,0,0,0,0.439,ultrasonic-not-close,KEEP_PAUSED,left,right,,0
731,2026-08-01T16:18:35.167+09:00,84.558,730,8.65,0,DRIVING,,0,1,0,-0.044959,0.037863,0.037863,0,747,green,0,unknown,0.000000,null,0.000000,0.317,,"{""0"": 250, ""1"": 250, ""2"": null, ""3"": null, ""4"": null, ""5"": null, ""6"": null, ""7"": null}","{""0"": 0.0, ""1"": 0.0, ""2"": null, ""3"": null, ""4"": null, ""5"": null, ""6"": null, ""7"": null}","{""0"": 250, ""1"": 250}",250,1,0,0,0,0.317,ultrasonic-not-close,KEEP_PAUSED,left,right,,0
732,2026-08-01T16:18:35.281+09:00,84.672,731,8.65,0,DRIVING,,0,1,0,-0.036996,0.022115,0.022115,0,746,green,0,unknown,0.000000,null,0.000000,0.321,,"{""0"": 250, ""1"": 250, ""2"": null, ""3"": null, ""4"": null, ""5"": null, ""6"": null, ""7"": null}","{""0"": 0.0, ""1"": 0.0, ""2"": null, ""3"": null, ""4"": null, ""5"": null, ""6"": null, ""7"": null}","{""0"": 250, ""1"": 250}",250,1,0,0,0,0.321,ultrasonic-not-close,KEEP_PAUSED,left,right,,0
733,2026-08-01T16:18:35.407+09:00,84.798,732,8.65,0,DRIVING,,0,1,0,-0.031813,0.016802,0.016802,0,747,green,0,unknown,0.000000,null,0.000000,0.208,,"{""0"": 250, ""1"": 250, ""2"": null, ""3"": null, ""4"": null, ""5"": null, ""6"": null, ""7"": null}","{""0"": 0.0, ""1"": 0.0, ""2"": null, ""3"": null, ""4"": null, ""5"": null, ""6"": null, ""7"": null}","{""0"": 250, ""1"": 250}",250,1,0,0,0,0.208,ultrasonic-not-close,KEEP_PAUSED,left,right,,0
734,2026-08-01T16:18:35.519+09:00,84.910,733,8.65,0,DRIVING,,0,1,0,-0.031280,0.027019,0.027019,0,747,green,0,unknown,0.000000,null,0.000000,0.319,,"{""0"": 250, ""1"": 250, ""2"": null, ""3"": null, ""4"": null, ""5"": null, ""6"": null, ""7"": null}","{""0"": 0.0, ""1"": 0.0, ""2"": null, ""3"": null, ""4"": null, ""5"": null, ""6"": null, ""7"": null}","{""0"": 250, ""1"": 250}",250,1,0,0,0,0.319,ultrasonic-not-close,KEEP_PAUSED,left,right,,0
735,2026-08-01T16:18:35.639+09:00,85.030,734,8.64,0,DRIVING,,0,1,0,-0.031127,0.035255,0.035255,0,746,green,0,unknown,0.000000,null,0.000000,0.328,,"{""0"": 250, ""1"": 250, ""2"": null, ""3"": null, ""4"": null, ""5"": null, ""6"": null, ""7"": null}","{""0"": 0.0, ""1"": 0.0, ""2"": null, ""3"": null, ""4"": null, ""5"": null, ""6"": null, ""7"": null}","{""0"": 250, ""1"": 250}",250,1,0,0,0,0.328,ultrasonic-not-close,KEEP_PAUSED,left,right,,0
736,2026-08-01T16:18:35.757+09:00,85.147,735,8.64,0,DRIVING,,0,1,0,-0.031013,0.041075,0.041075,0,746,green,0,unknown,0.000000,null,0.000000,0.207,,"{""0"": 250, ""1"": 250, ""2"": null, ""3"": null, ""4"": null, ""5"": null, ""6"": null, ""7"": null}","{""0"": 0.0, ""1"": 0.0, ""2"": null, ""3"": null, ""4"": null, ""5"": null, ""6"": null, ""7"": null}","{""0"": 250, ""1"": 250}",250,1,0,0,0,0.207,ultrasonic-not-close,KEEP_PAUSED,left,right,,0
737,2026-08-01T16:18:35.872+09:00,85.262,736,8.65,0,DRIVING,,0,1,0,-0.030927,0.045190,0.045190,0,747,green,0,unknown,0.000000,null,0.000000,0.321,,"{""0"": 250, ""1"": 250, ""2"": null, ""3"": null, ""4"": null, ""5"": null, ""6"": null, ""7"": null}","{""0"": 0.0, ""1"": 0.0, ""2"": null, ""3"": null, ""4"": null, ""5"": null, ""6"": null, ""7"": null}","{""0"": 250, ""1"": 250}",250,1,0,0,0,0.321,ultrasonic-not-close,KEEP_PAUSED,left,right,,0
738,2026-08-01T16:18:35.984+09:00,85.376,737,8.65,0,DRIVING,,0,1,0,-0.030937,0.048371,0.048371,0,747,green,0,unknown,0.000000,null,0.000000,0.315,,"{""0"": 250, ""1"": 250, ""2"": null, ""3"": null, ""4"": null, ""5"": null, ""6"": null, ""7"": null}","{""0"": 0.0, ""1"": 0.0, ""2"": null, ""3"": null, ""4"": null, ""5"": null, ""6"": null, ""7"": null}","{""0"": 250, ""1"": 250}",250,1,0,0,0,0.315,ultrasonic-not-close,KEEP_PAUSED,left,right,,0
739,2026-08-01T16:18:36.099+09:00,85.490,738,8.65,0,DRIVING,,0,1,0,-0.030820,0.050143,0.050143,0,747,green,0,unknown,0.000000,null,0.000000,0.196,,"{""0"": 250, ""1"": 250, ""2"": null, ""3"": null, ""4"": null, ""5"": null, ""6"": null, ""7"": null}","{""0"": 0.0, ""1"": 0.0, ""2"": null, ""3"": null, ""4"": null, ""5"": null, ""6"": null, ""7"": null}","{""0"": 250, ""1"": 250}",250,1,0,0,0,0.196,ultrasonic-not-close,KEEP_PAUSED,left,right,,0
740,2026-08-01T16:18:36.217+09:00,85.608,739,8.65,0,DRIVING,,0,1,0,-0.030779,0.051596,0.051596,0,747,green,0,unknown,0.000000,null,0.000000,0.312,,"{""0"": 250, ""1"": 250, ""2"": null, ""3"": null, ""4"": null, ""5"": null, ""6"": null, ""7"": null}","{""0"": 0.0, ""1"": 0.0, ""2"": null, ""3"": null, ""4"": null, ""5"": null, ""6"": null, ""7"": null}","{""0"": 250, ""1"": 250}",250,1,0,0,0,0.312,ultrasonic-not-close,KEEP_PAUSED,left,right,,0
741,2026-08-01T16:18:36.328+09:00,85.718,740,8.65,0,DRIVING,,0,1,0,-0.030664,0.052323,0.052323,0,747,green,0,unknown,0.000000,null,0.000000,0.311,,"{""0"": 250, ""1"": 250, ""2"": null, ""3"": null, ""4"": null, ""5"": null, ""6"": null, ""7"": null}","{""0"": 0.0, ""1"": 0.0, ""2"": null, ""3"": null, ""4"": null, ""5"": null, ""6"": null, ""7"": null}","{""0"": 250, ""1"": 250}",250,1,0,0,0,0.311,ultrasonic-not-close,KEEP_PAUSED,left,right,,0
742,2026-08-01T16:18:36.442+09:00,85.833,741,8.65,0,DRIVING,,0,1,0,-0.030586,0.052904,0.052904,0,748,green,0,unknown,0.000000,null,0.000000,0.313,,"{""0"": 250, ""1"": 250, ""2"": null, ""3"": null, ""4"": null, ""5"": null, ""6"": null, ""7"": null}","{""0"": 0.0, ""1"": 0.0, ""2"": null, ""3"": null, ""4"": null, ""5"": null, ""6"": null, ""7"": null}","{""0"": 250, ""1"": 250}",250,1,0,0,0,0.313,ultrasonic-not-close,KEEP_PAUSED,left,right,,0
743,2026-08-01T16:18:36.560+09:00,85.951,742,8.65,0,DRIVING,,0,1,0,-0.030635,0.053726,0.053726,0,747,green,0,unknown,0.000000,null,0.000000,0.201,,"{""0"": 250, ""1"": 250, ""2"": null, ""3"": null, ""4"": null, ""5"": null, ""6"": null, ""7"": null}","{""0"": 0.0, ""1"": 0.0, ""2"": null, ""3"": null, ""4"": null, ""5"": null, ""6"": null, ""7"": null}","{""0"": 250, ""1"": 250}",250,1,0,0,0,0.201,ultrasonic-not-close,KEEP_PAUSED,left,right,,0
744,2026-08-01T16:18:36.677+09:00,86.067,743,8.65,0,DRIVING,,0,1,0,-0.030591,0.053993,0.053993,0,747,green,0,unknown,0.000000,null,0.000000,0.315,,"{""0"": 250, ""1"": 250, ""2"": null, ""3"": null, ""4"": null, ""5"": null, ""6"": null, ""7"": null}","{""0"": 0.0, ""1"": 0.0, ""2"": null, ""3"": null, ""4"": null, ""5"": null, ""6"": null, ""7"": null}","{""0"": 250, ""1"": 250}",250,1,0,0,0,0.315,ultrasonic-not-close,KEEP_PAUSED,left,right,,0
745,2026-08-01T16:18:36.784+09:00,86.175,744,8.65,0,DRIVING,,0,1,0,-0.030558,0.054196,0.054196,0,747,green,0,unknown,0.000000,null,0.000000,0.312,,"{""0"": 250, ""1"": 250, ""2"": null, ""3"": null, ""4"": null, ""5"": null, ""6"": null, ""7"": null}","{""0"": 0.0, ""1"": 0.0, ""2"": null, ""3"": null, ""4"": null, ""5"": null, ""6"": null, ""7"": null}","{""0"": 250, ""1"": 250}",250,1,0,0,0,0.312,ultrasonic-not-close,KEEP_PAUSED,left,right,,0
746,2026-08-01T16:18:36.897+09:00,86.288,745,8.65,0,DRIVING,,0,1,0,-0.030425,0.053961,0.053961,0,747,green,0,unknown,0.000000,null,0.000000,0.189,,"{""0"": 250, ""1"": 250, ""2"": null, ""3"": null, ""4"": null, ""5"": null, ""6"": null, ""7"": null}","{""0"": 0.0, ""1"": 0.0, ""2"": null, ""3"": null, ""4"": null, ""5"": null, ""6"": null, ""7"": null}","{""0"": 250, ""1"": 250}",250,1,0,0,0,0.189,ultrasonic-not-close,KEEP_PAUSED,left,right,,0
747,2026-08-01T16:18:37.021+09:00,86.411,746,8.65,0,DRIVING,,0,1,0,-0.030515,0.054524,0.054524,0,747,green,0,unknown,0.000000,null,0.000000,0.311,,"{""0"": 250, ""1"": 250, ""2"": null, ""3"": null, ""4"": null, ""5"": null, ""6"": null, ""7"": null}","{""0"": 0.0, ""1"": 0.0, ""2"": null, ""3"": null, ""4"": null, ""5"": null, ""6"": null, ""7"": null}","{""0"": 250, ""1"": 250}",250,1,0,0,0,0.311,ultrasonic-not-close,KEEP_PAUSED,left,right,,0
748,2026-08-01T16:18:37.135+09:00,86.524,747,8.65,1,DRIVING,phase:KEEP_PAUSED->KEEP,0,1,0,-0.030501,0.054595,0.054595,70,747,green,0,unknown,0.000000,null,0.000000,0.319,,"{""0"": 250, ""1"": 250, ""2"": null, ""3"": null, ""4"": null, ""5"": null, ""6"": null, ""7"": null}","{""0"": 0.0, ""1"": 0.0, ""2"": null, ""3"": null, ""4"": null, ""5"": null, ""6"": null, ""7"": null}","{""0"": 250, ""1"": 250}",250,1,0,0,0,0.319,ultrasonic-not-close,KEEP,left,right,,0
749,2026-08-01T16:18:37.252+09:00,86.643,748,8.65,1,DRIVING,,0,1,0,-0.030491,0.054649,0.054649,70,747,green,0,unknown,0.000000,null,0.000000,0.326,,"{""0"": 250, ""1"": 250, ""2"": null, ""3"": null, ""4"": null, ""5"": null, ""6"": null, ""7"": null}","{""0"": 0.0, ""1"": 0.0, ""2"": null, ""3"": null, ""4"": null, ""5"": null, ""6"": null, ""7"": null}","{""0"": 250, ""1"": 250}",250,1,0,0,0,0.326,ultrasonic-not-close,KEEP,left,right,,0
750,2026-08-01T16:18:37.369+09:00,86.759,749,8.65,1,DRIVING,,0,1,0,-0.030375,0.054303,0.054303,70,747,green,0,unknown,0.000000,null,0.000000,0.202,,"{""0"": 250, ""1"": 250, ""2"": null, ""3"": null, ""4"": null, ""5"": null, ""6"": null, ""7"": null}","{""0"": 0.0, ""1"": 0.0, ""2"": null, ""3"": null, ""4"": null, ""5"": null, ""6"": null, ""7"": null}","{""0"": 250, ""1"": 250}",250,1,0,0,0,0.202,ultrasonic-not-close,KEEP,left,right,,0
751,2026-08-01T16:18:37.483+09:00,86.873,750,8.65,1,DRIVING,,0,1,0,-0.030477,0.054782,0.054782,70,747,green,0,unknown,0.000000,null,0.000000,0.314,,"{""0"": 250, ""1"": 250, ""2"": null, ""3"": null, ""4"": null, ""5"": null, ""6"": null, ""7"": null}","{""0"": 0.0, ""1"": 0.0, ""2"": null, ""3"": null, ""4"": null, ""5"": null, ""6"": null, ""7"": null}","{""0"": 250, ""1"": 250}",250,1,0,0,0,0.314,ultrasonic-not-close,KEEP,left,right,,0
752,2026-08-01T16:18:37.593+09:00,86.985,751,8.65,1,DRIVING,,0,1,0,-0.032020,0.060360,0.060360,70,746,green,0,unknown,0.000000,null,0.000000,0.311,,"{""0"": 250, ""1"": 250, ""2"": null, ""3"": null, ""4"": null, ""5"": null, ""6"": null, ""7"": null}","{""0"": 0.0, ""1"": 0.0, ""2"": null, ""3"": null, ""4"": null, ""5"": null, ""6"": null, ""7"": null}","{""0"": 250, ""1"": 250}",250,1,0,0,0,0.311,ultrasonic-not-close,KEEP,left,right,,0
753,2026-08-01T16:18:37.717+09:00,87.107,752,8.65,1,DRIVING,,0,1,0,-0.033983,0.066610,0.066610,70,746,green,0,unknown,0.000000,null,0.000000,0.201,,"{""0"": 250, ""1"": 250, ""2"": null, ""3"": null, ""4"": null, ""5"": null, ""6"": null, ""7"": null}","{""0"": 0.0, ""1"": 0.0, ""2"": null, ""3"": null, ""4"": null, ""5"": null, ""6"": null, ""7"": null}","{""0"": 250, ""1"": 250}",250,1,0,0,0,0.201,ultrasonic-not-close,KEEP,left,right,,0
754,2026-08-01T16:18:37.838+09:00,87.228,753,8.65,1,DRIVING,,0,1,0,-0.035431,0.070192,0.070192,70,746,green,0,unknown,0.000000,null,0.000000,0.323,,"{""0"": 250, ""1"": 250, ""2"": null, ""3"": null, ""4"": null, ""5"": null, ""6"": null, ""7"": null}","{""0"": 0.0, ""1"": 0.0, ""2"": null, ""3"": null, ""4"": null, ""5"": null, ""6"": null, ""7"": null}","{""0"": 250, ""1"": 250}",250,1,0,0,0,0.323,ultrasonic-not-close,KEEP,left,right,,0
755,2026-08-01T16:18:37.955+09:00,87.346,754,8.64,1,DRIVING,,0,1,0,-0.036427,0.071850,0.071850,70,746,green,0,unknown,0.000000,null,0.000000,0.331,,"{""0"": 250, ""1"": 250, ""2"": null, ""3"": null, ""4"": null, ""5"": null, ""6"": null, ""7"": null}","{""0"": 0.0, ""1"": 0.0, ""2"": null, ""3"": null, ""4"": null, ""5"": null, ""6"": null, ""7"": null}","{""0"": 250, ""1"": 250}",250,1,0,0,0,0.331,ultrasonic-not-close,KEEP,left,right,,0
756,2026-08-01T16:18:38.083+09:00,87.474,755,8.64,1,DRIVING,,0,1,0,-0.039879,0.082395,0.082395,70,748,green,0,unknown,0.000000,null,0.000000,0.336,,"{""0"": 250, ""1"": 250, ""2"": null, ""3"": null, ""4"": null, ""5"": null, ""6"": null, ""7"": null}","{""0"": 0.0, ""1"": 0.0, ""2"": null, ""3"": null, ""4"": null, ""5"": null, ""6"": null, ""7"": null}","{""0"": 250, ""1"": 250}",250,1,0,0,0,0.336,ultrasonic-not-close,KEEP,left,right,,0
757,2026-08-01T16:18:38.201+09:00,87.592,756,8.64,1,DRIVING,,0,1,0,-0.049393,0.113459,0.113459,70,747,green,0,unknown,0.000000,null,0.000000,0.215,,"{""0"": 250, ""1"": 250, ""2"": null, ""3"": null, ""4"": null, ""5"": null, ""6"": null, ""7"": null}","{""0"": 0.0, ""1"": 0.0, ""2"": null, ""3"": null, ""4"": null, ""5"": null, ""6"": null, ""7"": null}","{""0"": 250, ""1"": 250}",250,1,0,0,0,0.215,ultrasonic-not-close,KEEP,left,right,,0
758,2026-08-01T16:18:38.321+09:00,87.711,757,8.64,1,DRIVING,,0,1,0,-0.063012,0.155121,0.155121,70,746,green,0,unknown,0.000000,null,0.000000,0.333,,"{""0"": 250, ""1"": 250, ""2"": null, ""3"": null, ""4"": null, ""5"": null, ""6"": null, ""7"": null}","{""0"": 0.0, ""1"": 0.0, ""2"": null, ""3"": null, ""4"": null, ""5"": null, ""6"": null, ""7"": null}","{""0"": 250, ""1"": 250}",250,1,0,0,0,0.333,ultrasonic-not-close,KEEP,left,right,,0
759,2026-08-01T16:18:38.432+09:00,87.824,758,8.64,1,DRIVING,,0,1,0,-0.072908,0.178240,0.178240,70,747,green,0,unknown,0.000000,null,0.000000,0.320,,"{""0"": 250, ""1"": 250, ""2"": null, ""3"": null, ""4"": null, ""5"": null, ""6"": null, ""7"": null}","{""0"": 0.0, ""1"": 0.0, ""2"": null, ""3"": null, ""4"": null, ""5"": null, ""6"": null, ""7"": null}","{""0"": 250, ""1"": 250}",250,1,0,0,0,0.320,ultrasonic-not-close,KEEP,left,right,,0
760,2026-08-01T16:18:38.567+09:00,87.959,759,8.64,1,DRIVING,,0,1,0,-0.082026,0.196962,0.196962,70,746,green,0,unknown,0.000000,null,0.000000,0.336,,"{""0"": 250, ""1"": 250, ""2"": null, ""3"": null, ""4"": null, ""5"": null, ""6"": null, ""7"": null}","{""0"": 0.0, ""1"": 0.0, ""2"": null, ""3"": null, ""4"": null, ""5"": null, ""6"": null, ""7"": null}","{""0"": 250, ""1"": 250}",250,1,0,0,0,0.336,ultrasonic-not-close,KEEP,left,right,,0
761,2026-08-01T16:18:38.682+09:00,88.073,760,8.64,1,DRIVING,,0,1,0,-0.095753,0.231584,0.231584,70,756,green,0,unknown,0.000000,null,0.000000,0.451,,"{""0"": 250, ""1"": 250, ""2"": null, ""3"": null, ""4"": null, ""5"": null, ""6"": null, ""7"": null}","{""0"": 0.0, ""1"": 0.0, ""2"": null, ""3"": null, ""4"": null, ""5"": null, ""6"": null, ""7"": null}","{""0"": 250, ""1"": 250}",250,1,0,0,0,0.451,ultrasonic-not-close,KEEP,left,right,,0
762,2026-08-01T16:18:38.791+09:00,88.181,761,8.64,1,DRIVING,,0,1,0,-0.117414,0.291795,0.291795,70,757,green,0,unknown,0.000000,null,0.000000,0.328,,"{""0"": 250, ""1"": 250, ""2"": null, ""3"": null, ""4"": null, ""5"": null, ""6"": null, ""7"": null}","{""0"": 0.0, ""1"": 0.0, ""2"": null, ""3"": null, ""4"": null, ""5"": null, ""6"": null, ""7"": null}","{""0"": 250, ""1"": 250}",250,1,0,0,0,0.328,ultrasonic-not-close,KEEP,left,right,,0
763,2026-08-01T16:18:38.908+09:00,88.299,762,8.64,1,DRIVING,,0,1,0,-0.130157,0.313534,0.313534,70,757,unknown,0,unknown,0.000000,null,0.000000,0.310,,"{""0"": 250, ""1"": 250, ""2"": null, ""3"": null, ""4"": null, ""5"": null, ""6"": null, ""7"": null}","{""0"": 0.0, ""1"": 0.0, ""2"": null, ""3"": null, ""4"": null, ""5"": null, ""6"": null, ""7"": null}","{""0"": 250, ""1"": 250}",250,1,0,0,0,0.310,ultrasonic-not-close,KEEP,left,right,,0
764,2026-08-01T16:18:39.027+09:00,88.418,763,8.64,1,DRIVING,,0,1,0,-0.140413,0.326682,0.326682,70,761,green,0,unknown,0.000000,null,0.000000,0.206,,"{""0"": 250, ""1"": 250, ""2"": null, ""3"": null, ""4"": null, ""5"": null, ""6"": null, ""7"": null}","{""0"": 0.0, ""1"": 0.0, ""2"": null, ""3"": null, ""4"": null, ""5"": null, ""6"": null, ""7"": null}","{""0"": 250, ""1"": 250}",250,1,0,0,0,0.206,ultrasonic-not-close,KEEP,left,right,,0
765,2026-08-01T16:18:39.152+09:00,88.543,764,8.64,1,DRIVING,,0,1,0,-0.152885,0.349398,0.349398,70,763,green,0,unknown,0.000000,null,0.000000,0.328,,"{""0"": 250, ""1"": 250, ""2"": null, ""3"": null, ""4"": null, ""5"": null, ""6"": null, ""7"": null}","{""0"": 0.0, ""1"": 0.0, ""2"": null, ""3"": null, ""4"": null, ""5"": null, ""6"": null, ""7"": null}","{""0"": 250, ""1"": 250}",250,1,0,0,0,0.328,ultrasonic-not-close,KEEP,left,right,,0
766,2026-08-01T16:18:39.260+09:00,88.652,765,8.64,1,DRIVING,,0,1,0,-0.150185,0.317419,0.317419,70,765,green,0,unknown,0.000000,null,0.000000,0.323,,"{""0"": 250, ""1"": 250, ""2"": null, ""3"": null, ""4"": null, ""5"": null, ""6"": null, ""7"": null}","{""0"": 0.0, ""1"": 0.0, ""2"": null, ""3"": null, ""4"": null, ""5"": null, ""6"": null, ""7"": null}","{""0"": 250, ""1"": 250}",250,1,0,0,0,0.323,ultrasonic-not-close,KEEP,left,right,,0
767,2026-08-01T16:18:39.378+09:00,88.769,766,8.64,1,DRIVING,,0,1,0,-0.151657,0.308590,0.308590,70,767,green,0,unknown,0.000000,null,0.000000,0.321,,"{""0"": 250, ""1"": 250, ""2"": null, ""3"": null, ""4"": null, ""5"": null, ""6"": null, ""7"": null}","{""0"": 0.0, ""1"": 0.0, ""2"": null, ""3"": null, ""4"": null, ""5"": null, ""6"": null, ""7"": null}","{""0"": 250, ""1"": 250}",250,1,0,0,0,0.321,ultrasonic-not-close,KEEP,left,right,,0
768,2026-08-01T16:18:39.495+09:00,88.886,767,8.64,1,DRIVING,,0,1,0,-0.160783,0.330763,0.330763,70,767,green,0,unknown,0.000000,null,0.000000,0.437,,"{""0"": 250, ""1"": 250, ""2"": null, ""3"": null, ""4"": null, ""5"": null, ""6"": null, ""7"": null}","{""0"": 0.0, ""1"": 0.0, ""2"": null, ""3"": null, ""4"": null, ""5"": null, ""6"": null, ""7"": null}","{""0"": 250, ""1"": 250}",250,1,0,0,0,0.437,ultrasonic-not-close,KEEP,left,right,,0
769,2026-08-01T16:18:39.608+09:00,88.999,768,8.64,1,DRIVING,,0,1,0,-0.167580,0.342825,0.342825,70,767,unknown,0,unknown,0.000000,null,0.000000,0.315,,"{""0"": 250, ""1"": 250, ""2"": null, ""3"": null, ""4"": null, ""5"": null, ""6"": null, ""7"": null}","{""0"": 0.0, ""1"": 0.0, ""2"": null, ""3"": null, ""4"": null, ""5"": null, ""6"": null, ""7"": null}","{""0"": 250, ""1"": 250}",250,1,0,0,0,0.315,ultrasonic-not-close,KEEP,left,right,,0
770,2026-08-01T16:18:39.719+09:00,89.110,769,8.64,1,DRIVING,,0,1,0,-0.147691,0.258872,0.258872,70,767,green,0,unknown,0.000000,null,0.000000,0.310,,"{""0"": 250, ""1"": 250, ""2"": null, ""3"": null, ""4"": null, ""5"": null, ""6"": null, ""7"": null}","{""0"": 0.0, ""1"": 0.0, ""2"": null, ""3"": null, ""4"": null, ""5"": null, ""6"": null, ""7"": null}","{""0"": 250, ""1"": 250}",250,1,0,0,0,0.310,ultrasonic-not-close,KEEP,left,right,,0
771,2026-08-01T16:18:39.836+09:00,89.227,770,8.64,1,DRIVING,,0,1,0,-0.156359,0.292166,0.292166,70,766,green,0,unknown,0.000000,null,0.000000,0.197,,"{""0"": 250, ""1"": 250, ""2"": null, ""3"": null, ""4"": null, ""5"": null, ""6"": null, ""7"": null}","{""0"": 0.0, ""1"": 0.0, ""2"": null, ""3"": null, ""4"": null, ""5"": null, ""6"": null, ""7"": null}","{""0"": 250, ""1"": 250}",250,1,0,0,0,0.197,ultrasonic-not-close,KEEP,left,right,,0
772,2026-08-01T16:18:39.951+09:00,89.340,771,8.64,1,DRIVING,,0,1,0,-0.171977,0.345177,0.345177,70,765,unknown,0,unknown,0.000000,null,0.000000,0.309,,"{""0"": 250, ""1"": 250, ""2"": null, ""3"": null, ""4"": null, ""5"": null, ""6"": null, ""7"": null}","{""0"": 0.0, ""1"": 0.0, ""2"": null, ""3"": null, ""4"": null, ""5"": null, ""6"": null, ""7"": null}","{""0"": 250, ""1"": 250}",250,1,0,0,0,0.309,ultrasonic-not-close,KEEP,left,right,,0
773,2026-08-01T16:18:40.064+09:00,89.455,772,8.64,1,DRIVING,,0,1,0,-0.222400,0.516012,0.516012,70,765,green,0,unknown,0.000000,null,0.000000,0.314,,"{""0"": 250, ""1"": 250, ""2"": null, ""3"": null, ""4"": null, ""5"": null, ""6"": null, ""7"": null}","{""0"": 0.0, ""1"": 0.0, ""2"": null, ""3"": null, ""4"": null, ""5"": null, ""6"": null, ""7"": null}","{""0"": 250, ""1"": 250}",250,1,0,0,0,0.314,ultrasonic-not-close,KEEP,left,right,,0
774,2026-08-01T16:18:40.181+09:00,89.571,773,8.64,1,DRIVING,,0,1,0,-0.237941,0.537253,0.537253,70,767,unknown,0,unknown,0.000000,null,0.000000,0.197,,"{""0"": 250, ""1"": 250, ""2"": null, ""3"": null, ""4"": null, ""5"": null, ""6"": null, ""7"": null}","{""0"": 0.0, ""1"": 0.0, ""2"": null, ""3"": null, ""4"": null, ""5"": null, ""6"": null, ""7"": null}","{""0"": 250, ""1"": 250}",250,1,0,0,0,0.197,ultrasonic-not-close,KEEP,left,right,,0
775,2026-08-01T16:18:40.301+09:00,89.691,774,8.64,1,DRIVING,,0,1,0,-0.252743,0.557852,0.557852,70,776,green,0,unknown,0.000000,null,0.000000,0.316,,"{""0"": 250, ""1"": 250, ""2"": null, ""3"": null, ""4"": null, ""5"": null, ""6"": null, ""7"": null}","{""0"": 0.0, ""1"": 0.0, ""2"": null, ""3"": null, ""4"": null, ""5"": null, ""6"": null, ""7"": null}","{""0"": 250, ""1"": 250}",250,1,0,0,0,0.316,ultrasonic-not-close,KEEP,left,right,,0
776,2026-08-01T16:18:40.411+09:00,89.802,775,8.64,1,DRIVING,,0,1,0,-0.280809,0.628016,0.628016,70,780,green,0,unknown,0.000000,null,0.000000,0.314,,"{""0"": 250, ""1"": 250, ""2"": null, ""3"": null, ""4"": null, ""5"": null, ""6"": null, ""7"": null}","{""0"": 0.0, ""1"": 0.0, ""2"": null, ""3"": null, ""4"": null, ""5"": null, ""6"": null, ""7"": null}","{""0"": 250, ""1"": 250}",250,1,0,0,0,0.314,ultrasonic-not-close,KEEP,left,right,,0
777,2026-08-01T16:18:40.520+09:00,89.911,776,8.64,1,DRIVING,,0,1,0,-0.290896,0.627560,0.627560,70,786,green,0,unknown,0.000000,null,0.000000,0.308,,"{""0"": 250, ""1"": 250, ""2"": null, ""3"": null, ""4"": null, ""5"": null, ""6"": null, ""7"": null}","{""0"": 0.0, ""1"": 0.0, ""2"": null, ""3"": null, ""4"": null, ""5"": null, ""6"": null, ""7"": null}","{""0"": 250, ""1"": 250}",250,1,0,0,0,0.308,ultrasonic-not-close,KEEP,left,right,,0
778,2026-08-01T16:18:40.636+09:00,90.027,777,8.64,1,DRIVING,,0,1,0,-0.303504,0.641767,0.641767,70,787,green,0,unknown,0.000000,null,0.000000,0.193,,"{""0"": 250, ""1"": 250, ""2"": null, ""3"": null, ""4"": null, ""5"": null, ""6"": null, ""7"": null}","{""0"": 0.0, ""1"": 0.0, ""2"": null, ""3"": null, ""4"": null, ""5"": null, ""6"": null, ""7"": null}","{""0"": 250, ""1"": 250}",250,1,0,0,0,0.193,ultrasonic-not-close,KEEP,left,right,,0
779,2026-08-01T16:18:40.748+09:00,90.138,778,8.64,1,DRIVING,,0,1,0,-0.311590,0.642239,0.642239,70,801,green,0,unknown,0.000000,null,0.000000,0.304,,"{""0"": 250, ""1"": 250, ""2"": null, ""3"": null, ""4"": null, ""5"": null, ""6"": null, ""7"": null}","{""0"": 0.0, ""1"": 0.0, ""2"": null, ""3"": null, ""4"": null, ""5"": null, ""6"": null, ""7"": null}","{""0"": 250, ""1"": 250}",250,1,0,0,0,0.304,ultrasonic-not-close,KEEP,left,right,,0
780,2026-08-01T16:18:40.857+09:00,90.248,779,8.64,1,DRIVING,,0,1,0,-0.321895,0.654921,0.654921,70,788,green,0,unknown,0.000000,null,0.000000,0.306,,"{""0"": 250, ""1"": 250, ""2"": null, ""3"": null, ""4"": null, ""5"": null, ""6"": null, ""7"": null}","{""0"": 0.0, ""1"": 0.0, ""2"": null, ""3"": null, ""4"": null, ""5"": null, ""6"": null, ""7"": null}","{""0"": 250, ""1"": 250}",250,1,0,0,0,0.306,ultrasonic-not-close,KEEP,left,right,,0
781,2026-08-01T16:18:40.974+09:00,90.365,780,8.64,1,DRIVING,,0,1,0,-0.328527,0.656144,0.656144,70,788,green,0,unknown,0.000000,null,0.000000,0.195,,"{""0"": 250, ""1"": 250, ""2"": null, ""3"": null, ""4"": null, ""5"": null, ""6"": null, ""7"": null}","{""0"": 0.0, ""1"": 0.0, ""2"": null, ""3"": null, ""4"": null, ""5"": null, ""6"": null, ""7"": null}","{""0"": 250, ""1"": 250}",250,1,0,0,0,0.195,ultrasonic-not-close,KEEP,left,right,,0
782,2026-08-01T16:18:41.095+09:00,90.485,781,8.64,1,DRIVING,,0,1,0,-0.332419,0.650717,0.650717,70,792,green,0,unknown,0.000000,null,0.000000,0.315,,"{""0"": 250, ""1"": 250, ""2"": null, ""3"": null, ""4"": null, ""5"": null, ""6"": null, ""7"": null}","{""0"": 0.0, ""1"": 0.0, ""2"": null, ""3"": null, ""4"": null, ""5"": null, ""6"": null, ""7"": null}","{""0"": 250, ""1"": 250}",250,1,0,0,0,0.315,ultrasonic-not-close,KEEP,left,right,,0
783,2026-08-01T16:18:41.214+09:00,90.604,782,8.64,1,DRIVING,,0,1,0,-0.340834,0.665303,0.665303,70,789,green,0,unknown,0.000000,null,0.000000,0.324,,"{""0"": 250, ""1"": 250, ""2"": null, ""3"": null, ""4"": null, ""5"": null, ""6"": null, ""7"": null}","{""0"": 0.0, ""1"": 0.0, ""2"": null, ""3"": null, ""4"": null, ""5"": null, ""6"": null, ""7"": null}","{""0"": 250, ""1"": 250}",250,1,0,0,0,0.324,ultrasonic-not-close,KEEP,left,right,,0
784,2026-08-01T16:18:41.330+09:00,90.720,783,8.64,1,DRIVING,,0,1,0,-0.349579,0.681243,0.681243,70,790,green,0,unknown,0.000000,null,0.000000,0.323,,"{""0"": 250, ""1"": 250, ""2"": null, ""3"": null, ""4"": null, ""5"": null, ""6"": null, ""7"": null}","{""0"": 0.0, ""1"": 0.0, ""2"": null, ""3"": null, ""4"": null, ""5"": null, ""6"": null, ""7"": null}","{""0"": 250, ""1"": 250}",250,1,0,0,0,0.323,ultrasonic-not-close,KEEP,left,right,,0
785,2026-08-01T16:18:41.447+09:00,90.838,784,8.64,1,DRIVING,,0,1,0,-0.360706,0.705700,0.705700,70,792,unknown,0,unknown,0.000000,null,0.000000,0.201,,"{""0"": 250, ""1"": 250, ""2"": null, ""3"": null, ""4"": null, ""5"": null, ""6"": null, ""7"": null}","{""0"": 0.0, ""1"": 0.0, ""2"": null, ""3"": null, ""4"": null, ""5"": null, ""6"": null, ""7"": null}","{""0"": 250, ""1"": 250}",250,1,0,0,0,0.201,ultrasonic-not-close,KEEP,left,right,,0
786,2026-08-01T16:18:41.570+09:00,90.960,785,8.64,1,DRIVING,,0,1,0,-0.366627,0.710086,0.710086,70,793,green,0,unknown,0.000000,null,0.000000,0.322,,"{""0"": 250, ""1"": 250, ""2"": null, ""3"": null, ""4"": null, ""5"": null, ""6"": null, ""7"": null}","{""0"": 0.0, ""1"": 0.0, ""2"": null, ""3"": null, ""4"": null, ""5"": null, ""6"": null, ""7"": null}","{""0"": 250, ""1"": 250}",250,1,0,0,0,0.322,ultrasonic-not-close,KEEP,left,right,,0
787,2026-08-01T16:18:41.678+09:00,91.068,786,8.64,1,DRIVING,,0,1,0,-0.370792,0.710035,0.710035,70,794,unknown,0,unknown,0.000000,null,0.000000,0.316,,"{""0"": 250, ""1"": 250, ""2"": null, ""3"": null, ""4"": null, ""5"": null, ""6"": null, ""7"": null}","{""0"": 0.0, ""1"": 0.0, ""2"": null, ""3"": null, ""4"": null, ""5"": null, ""6"": null, ""7"": null}","{""0"": 250, ""1"": 250}",250,1,0,0,0,0.316,ultrasonic-not-close,KEEP,left,right,,0
788,2026-08-01T16:18:41.791+09:00,91.181,787,8.64,1,DRIVING,,0,1,0,-0.377425,0.721129,0.721129,70,795,unknown,0,unknown,0.000000,null,0.000000,0.310,,"{""0"": 250, ""1"": 250, ""2"": null, ""3"": null, ""4"": null, ""5"": null, ""6"": null, ""7"": null}","{""0"": 0.0, ""1"": 0.0, ""2"": null, ""3"": null, ""4"": null, ""5"": null, ""6"": null, ""7"": null}","{""0"": 250, ""1"": 250}",250,1,0,0,0,0.310,ultrasonic-not-close,KEEP,left,right,,0
789,2026-08-01T16:18:41.911+09:00,91.302,788,8.64,1,DRIVING,,0,1,0,-0.381398,0.722903,0.722903,70,796,green,0,unknown,0.000000,null,0.000000,0.202,,"{""0"": 250, ""1"": 250, ""2"": null, ""3"": null, ""4"": null, ""5"": null, ""6"": null, ""7"": null}","{""0"": 0.0, ""1"": 0.0, ""2"": null, ""3"": null, ""4"": null, ""5"": null, ""6"": null, ""7"": null}","{""0"": 250, ""1"": 250}",250,1,0,0,0,0.202,ultrasonic-not-close,KEEP,left,right,,0
790,2026-08-01T16:18:42.024+09:00,91.414,789,8.64,1,DRIVING,,0,1,0,-0.385153,0.725507,0.725507,70,796,unknown,0,unknown,0.000000,null,0.000000,0.313,,"{""0"": 250, ""1"": 250, ""2"": null, ""3"": null, ""4"": null, ""5"": null, ""6"": null, ""7"": null}","{""0"": 0.0, ""1"": 0.0, ""2"": null, ""3"": null, ""4"": null, ""5"": null, ""6"": null, ""7"": null}","{""0"": 250, ""1"": 250}",250,1,0,0,0,0.313,ultrasonic-not-close,KEEP,left,right,,0
791,2026-08-01T16:18:42.137+09:00,91.529,790,8.64,1,DRIVING,,0,1,0,-0.394336,0.748895,0.748895,70,795,green,0,unknown,0.000000,null,0.000000,0.316,,"{""0"": 250, ""1"": 250, ""2"": null, ""3"": null, ""4"": null, ""5"": null, ""6"": null, ""7"": null}","{""0"": 0.0, ""1"": 0.0, ""2"": null, ""3"": null, ""4"": null, ""5"": null, ""6"": null, ""7"": null}","{""0"": 250, ""1"": 250}",250,1,0,0,0,0.316,ultrasonic-not-close,KEEP,left,right,,0
792,2026-08-01T16:18:42.263+09:00,91.654,791,8.64,1,DRIVING,,0,1,0,-0.399735,0.756604,0.756604,70,798,unknown,0,unknown,0.000000,null,0.000000,0.208,,"{""0"": 250, ""1"": 250, ""2"": null, ""3"": null, ""4"": null, ""5"": null, ""6"": null, ""7"": null}","{""0"": 0.0, ""1"": 0.0, ""2"": null, ""3"": null, ""4"": null, ""5"": null, ""6"": null, ""7"": null}","{""0"": 250, ""1"": 250}",250,1,0,0,0,0.208,ultrasonic-not-close,KEEP,left,right,,0
793,2026-08-01T16:18:42.378+09:00,91.768,792,8.64,1,DRIVING,,0,1,0,-0.409877,0.781992,0.781992,70,799,unknown,0,unknown,0.000000,null,0.000000,0.320,,"{""0"": 250, ""1"": 250, ""2"": null, ""3"": null, ""4"": null, ""5"": null, ""6"": null, ""7"": null}","{""0"": 0.0, ""1"": 0.0, ""2"": null, ""3"": null, ""4"": null, ""5"": null, ""6"": null, ""7"": null}","{""0"": 250, ""1"": 250}",250,1,0,0,0,0.320,ultrasonic-not-close,KEEP,left,right,,0
794,2026-08-01T16:18:42.489+09:00,91.880,793,8.64,1,DRIVING,,0,1,0,-0.420045,0.805331,0.805331,70,799,unknown,0,unknown,0.000000,null,0.000000,0.320,,"{""0"": 250, ""1"": 250, ""2"": null, ""3"": null, ""4"": null, ""5"": null, ""6"": null, ""7"": null}","{""0"": 0.0, ""1"": 0.0, ""2"": null, ""3"": null, ""4"": null, ""5"": null, ""6"": null, ""7"": null}","{""0"": 250, ""1"": 250}",250,1,0,0,0,0.320,ultrasonic-not-close,KEEP,left,right,,0
795,2026-08-01T16:18:42.599+09:00,91.990,794,8.64,1,DRIVING,,0,1,0,-0.419417,0.788296,0.788296,70,801,green,0,unknown,0.000000,null,0.000000,0.189,,"{""0"": 250, ""1"": 250, ""2"": null, ""3"": null, ""4"": null, ""5"": null, ""6"": null, ""7"": null}","{""0"": 0.0, ""1"": 0.0, ""2"": null, ""3"": null, ""4"": null, ""5"": null, ""6"": null, ""7"": null}","{""0"": 250, ""1"": 250}",250,1,0,0,0,0.189,ultrasonic-not-close,KEEP,left,right,,0
796,2026-08-01T16:18:42.711+09:00,92.101,795,8.64,1,DRIVING,,0,1,0,-0.425474,0.800099,0.800099,70,803,green,0,unknown,0.000000,null,0.000000,0.299,,"{""0"": 250, ""1"": 250, ""2"": null, ""3"": null, ""4"": null, ""5"": null, ""6"": null, ""7"": null}","{""0"": 0.0, ""1"": 0.0, ""2"": null, ""3"": null, ""4"": null, ""5"": null, ""6"": null, ""7"": null}","{""0"": 250, ""1"": 250}",250,1,0,0,0,0.299,ultrasonic-not-close,KEEP,left,right,,0
797,2026-08-01T16:18:42.819+09:00,92.209,796,8.64,1,DRIVING,,0,1,0,-0.430106,0.806500,0.806500,70,803,unknown,0,unknown,0.000000,null,0.000000,0.298,,"{""0"": 250, ""1"": 250, ""2"": null, ""3"": null, ""4"": null, ""5"": null, ""6"": null, ""7"": null}","{""0"": 0.0, ""1"": 0.0, ""2"": null, ""3"": null, ""4"": null, ""5"": null, ""6"": null, ""7"": null}","{""0"": 250, ""1"": 250}",250,1,0,0,0,0.298,ultrasonic-not-close,KEEP,left,right,,0
798,2026-08-01T16:18:42.931+09:00,92.323,797,8.64,1,DRIVING,,0,1,0,-0.428599,0.791383,0.791383,70,803,red,0,unknown,0.000000,null,0.000000,0.303,,"{""0"": 250, ""1"": 250, ""2"": null, ""3"": null, ""4"": null, ""5"": null, ""6"": null, ""7"": null}","{""0"": 0.0, ""1"": 0.0, ""2"": null, ""3"": null, ""4"": null, ""5"": null, ""6"": null, ""7"": null}","{""0"": 250, ""1"": 250}",250,1,0,0,0,0.303,ultrasonic-not-close,KEEP,left,right,,0
799,2026-08-01T16:18:43.046+09:00,92.437,798,8.64,1,DRIVING,,0,1,0,-0.432134,0.798138,0.798138,70,803,unknown,0,unknown,0.000000,null,0.000000,0.195,,"{""0"": 250, ""1"": 250, ""2"": null, ""3"": null, ""4"": null, ""5"": null, ""6"": null, ""7"": null}","{""0"": 0.0, ""1"": 0.0, ""2"": null, ""3"": null, ""4"": null, ""5"": null, ""6"": null, ""7"": null}","{""0"": 250, ""1"": 250}",250,1,0,0,0,0.195,ultrasonic-not-close,KEEP,left,right,,0
800,2026-08-01T16:18:43.154+09:00,92.546,799,8.65,1,DRIVING,,0,1,0,-0.433479,0.796891,0.796891,70,804,unknown,0,unknown,0.000000,null,0.000000,0.303,,"{""0"": 250, ""1"": 250, ""2"": null, ""3"": null, ""4"": null, ""5"": null, ""6"": null, ""7"": null}","{""0"": 0.0, ""1"": 0.0, ""2"": null, ""3"": null, ""4"": null, ""5"": null, ""6"": null, ""7"": null}","{""0"": 250, ""1"": 250}",250,1,0,0,0,0.303,ultrasonic-not-close,KEEP,left,right,,0
801,2026-08-01T16:18:43.262+09:00,92.653,800,8.65,1,DRIVING,,0,1,0,-0.437070,0.804830,0.804830,70,803,unknown,0,unknown,0.000000,null,0.000000,0.299,,"{""0"": 250, ""1"": 250, ""2"": null, ""3"": null, ""4"": null, ""5"": null, ""6"": null, ""7"": null}","{""0"": 0.0, ""1"": 0.0, ""2"": null, ""3"": null, ""4"": null, ""5"": null, ""6"": null, ""7"": null}","{""0"": 250, ""1"": 250}",250,1,0,0,0,0.299,ultrasonic-not-close,KEEP,left,right,,0
802,2026-08-01T16:18:43.379+09:00,92.770,801,8.65,1,DRIVING,,0,1,0,-0.440879,0.813110,0.813110,70,803,unknown,0,unknown,0.000000,null,0.000000,0.193,,"{""0"": 250, ""1"": 250, ""2"": null, ""3"": null, ""4"": null, ""5"": null, ""6"": null, ""7"": null}","{""0"": 0.0, ""1"": 0.0, ""2"": null, ""3"": null, ""4"": null, ""5"": null, ""6"": null, ""7"": null}","{""0"": 250, ""1"": 250}",250,1,0,0,0,0.193,ultrasonic-not-close,KEEP,left,right,,0
803,2026-08-01T16:18:43.493+09:00,92.884,802,8.65,1,DRIVING,,0,1,0,-0.439344,0.801727,0.801727,70,801,unknown,0,unknown,0.000000,null,0.000000,0.306,,"{""0"": 250, ""1"": 250, ""2"": null, ""3"": null, ""4"": null, ""5"": null, ""6"": null, ""7"": null}","{""0"": 0.0, ""1"": 0.0, ""2"": null, ""3"": null, ""4"": null, ""5"": null, ""6"": null, ""7"": null}","{""0"": 250, ""1"": 250}",250,1,0,0,0,0.306,ultrasonic-not-close,KEEP,left,right,,0
804,2026-08-01T16:18:43.609+09:00,92.999,803,8.65,1,DRIVING,,0,1,0,-0.435070,0.783066,0.783066,70,804,unknown,0,unknown,0.000000,null,0.000000,0.314,,"{""0"": 250, ""1"": 250, ""2"": null, ""3"": null, ""4"": null, ""5"": null, ""6"": null, ""7"": null}","{""0"": 0.0, ""1"": 0.0, ""2"": null, ""3"": null, ""4"": null, ""5"": null, ""6"": null, ""7"": null}","{""0"": 250, ""1"": 250}",250,1,0,0,0,0.314,ultrasonic-not-close,KEEP,left,right,,0
805,2026-08-01T16:18:43.722+09:00,93.113,804,8.65,1,DRIVING,,0,1,0,-0.432522,0.773913,0.773913,70,802,unknown,0,unknown,0.000000,null,0.000000,0.312,,"{""0"": 250, ""1"": 250, ""2"": null, ""3"": null, ""4"": null, ""5"": null, ""6"": null, ""7"": null}","{""0"": 0.0, ""1"": 0.0, ""2"": null, ""3"": null, ""4"": null, ""5"": null, ""6"": null, ""7"": null}","{""0"": 250, ""1"": 250}",250,1,0,0,0,0.312,ultrasonic-not-close,KEEP,left,right,,0
806,2026-08-01T16:18:43.841+09:00,93.231,805,8.65,1,DRIVING,,0,1,0,-0.433811,0.779942,0.779942,70,805,unknown,0,unknown,0.000000,null,0.000000,0.200,,"{""0"": 250, ""1"": 250, ""2"": null, ""3"": null, ""4"": null, ""5"": null, ""6"": null, ""7"": null}","{""0"": 0.0, ""1"": 0.0, ""2"": null, ""3"": null, ""4"": null, ""5"": null, ""6"": null, ""7"": null}","{""0"": 250, ""1"": 250}",250,1,0,0,0,0.200,ultrasonic-not-close,KEEP,left,right,,0
807,2026-08-01T16:18:43.953+09:00,93.343,806,8.65,1,DRIVING,,0,1,0,-0.435647,0.786827,0.786827,70,803,unknown,0,unknown,0.000000,null,0.000000,0.312,,"{""0"": 250, ""1"": 250, ""2"": null, ""3"": null, ""4"": null, ""5"": null, ""6"": null, ""7"": null}","{""0"": 0.0, ""1"": 0.0, ""2"": null, ""3"": null, ""4"": null, ""5"": null, ""6"": null, ""7"": null}","{""0"": 250, ""1"": 250}",250,1,0,0,0,0.312,ultrasonic-not-close,KEEP,left,right,,0
808,2026-08-01T16:18:44.063+09:00,93.454,807,8.65,1,DRIVING,,0,1,0,-0.429453,0.763729,0.763729,70,804,unknown,0,unknown,0.000000,null,0.000000,0.308,,"{""0"": 250, ""1"": 250, ""2"": null, ""3"": null, ""4"": null, ""5"": null, ""6"": null, ""7"": null}","{""0"": 0.0, ""1"": 0.0, ""2"": null, ""3"": null, ""4"": null, ""5"": null, ""6"": null, ""7"": null}","{""0"": 250, ""1"": 250}",250,1,0,0,0,0.308,ultrasonic-not-close,KEEP,left,right,,0
809,2026-08-01T16:18:44.180+09:00,93.570,808,8.65,1,DRIVING,,0,1,0,-0.429754,0.767600,0.767600,70,804,unknown,0,unknown,0.000000,null,0.000000,0.194,,"{""0"": 250, ""1"": 250, ""2"": null, ""3"": null, ""4"": null, ""5"": null, ""6"": null, ""7"": null}","{""0"": 0.0, ""1"": 0.0, ""2"": null, ""3"": null, ""4"": null, ""5"": null, ""6"": null, ""7"": null}","{""0"": 250, ""1"": 250}",250,1,0,0,0,0.194,ultrasonic-not-close,KEEP,left,right,,0
810,2026-08-01T16:18:44.302+09:00,93.693,809,8.65,1,DRIVING,,0,1,0,-0.427891,0.762678,0.762678,70,802,unknown,0,unknown,0.000000,null,0.000000,0.315,,"{""0"": 250, ""1"": 250, ""2"": null, ""3"": null, ""4"": null, ""5"": null, ""6"": null, ""7"": null}","{""0"": 0.0, ""1"": 0.0, ""2"": null, ""3"": null, ""4"": null, ""5"": null, ""6"": null, ""7"": null}","{""0"": 250, ""1"": 250}",250,1,0,0,0,0.315,ultrasonic-not-close,KEEP,left,right,,0
811,2026-08-01T16:18:44.410+09:00,93.801,810,8.65,1,DRIVING,,0,1,0,-0.434057,0.787134,0.787134,70,803,unknown,0,unknown,0.000000,null,0.000000,0.315,,"{""0"": 250, ""1"": 250, ""2"": null, ""3"": null, ""4"": null, ""5"": null, ""6"": null, ""7"": null}","{""0"": 0.0, ""1"": 0.0, ""2"": null, ""3"": null, ""4"": null, ""5"": null, ""6"": null, ""7"": null}","{""0"": 250, ""1"": 250}",250,1,0,0,0,0.315,ultrasonic-not-close,KEEP,left,right,,0
812,2026-08-01T16:18:44.524+09:00,93.915,811,8.65,1,DRIVING,,0,1,0,-0.433343,0.782813,0.782813,70,803,unknown,0,unknown,0.000000,null,0.000000,0.312,,"{""0"": 250, ""1"": 250, ""2"": null, ""3"": null, ""4"": null, ""5"": null, ""6"": null, ""7"": null}","{""0"": 0.0, ""1"": 0.0, ""2"": null, ""3"": null, ""4"": null, ""5"": null, ""6"": null, ""7"": null}","{""0"": 250, ""1"": 250}",250,1,0,0,0,0.312,ultrasonic-not-close,KEEP,left,right,,0
813,2026-08-01T16:18:44.637+09:00,94.027,812,8.65,1,DRIVING,,0,1,0,-0.427176,0.759776,0.759776,70,804,unknown,0,unknown,0.000000,null,0.000000,0.425,,"{""0"": 250, ""1"": 250, ""2"": null, ""3"": null, ""4"": null, ""5"": null, ""6"": null, ""7"": null}","{""0"": 0.0, ""1"": 0.0, ""2"": null, ""3"": null, ""4"": null, ""5"": null, ""6"": null, ""7"": null}","{""0"": 250, ""1"": 250}",250,1,0,0,0,0.425,ultrasonic-not-close,KEEP,left,right,,0
814,2026-08-01T16:18:44.760+09:00,94.150,813,8.65,1,DRIVING,,0,1,0,-0.426847,0.761333,0.761333,70,805,unknown,0,unknown,0.000000,null,0.000000,0.317,,"{""0"": 250, ""1"": 250, ""2"": null, ""3"": null, ""4"": null, ""5"": null, ""6"": null, ""7"": null}","{""0"": 0.0, ""1"": 0.0, ""2"": null, ""3"": null, ""4"": null, ""5"": null, ""6"": null, ""7"": null}","{""0"": 250, ""1"": 250}",250,1,0,0,0,0.317,ultrasonic-not-close,KEEP,left,right,,0
815,2026-08-01T16:18:44.866+09:00,94.257,814,8.65,1,DRIVING,,0,1,0,-0.427614,0.766193,0.766193,70,804,unknown,0,unknown,0.000000,null,0.000000,0.312,,"{""0"": 250, ""1"": 250, ""2"": null, ""3"": null, ""4"": null, ""5"": null, ""6"": null, ""7"": null}","{""0"": 0.0, ""1"": 0.0, ""2"": null, ""3"": null, ""4"": null, ""5"": null, ""6"": null, ""7"": null}","{""0"": 250, ""1"": 250}",250,1,0,0,0,0.312,ultrasonic-not-close,KEEP,left,right,,0
816,2026-08-01T16:18:44.981+09:00,94.372,815,8.65,1,DRIVING,,0,1,0,-0.428546,0.770602,0.770602,70,804,green,0,unknown,0.000000,null,0.000000,0.190,,"{""0"": 250, ""1"": 250, ""2"": null, ""3"": null, ""4"": null, ""5"": null, ""6"": null, ""7"": null}","{""0"": 0.0, ""1"": 0.0, ""2"": null, ""3"": null, ""4"": null, ""5"": null, ""6"": null, ""7"": null}","{""0"": 250, ""1"": 250}",250,1,0,0,0,0.190,ultrasonic-not-close,KEEP,left,right,,0
817,2026-08-01T16:18:45.103+09:00,94.494,816,8.65,1,DRIVING,,0,1,0,-0.202096,-0.044386,-0.044386,70,804,green,0,unknown,0.000000,null,0.000000,0.311,,"{""0"": 250, ""1"": 250, ""2"": null, ""3"": null, ""4"": null, ""5"": null, ""6"": null, ""7"": null}","{""0"": 0.0, ""1"": 0.0, ""2"": null, ""3"": null, ""4"": null, ""5"": null, ""6"": null, ""7"": null}","{""0"": 250, ""1"": 250}",250,1,0,0,0,0.311,ultrasonic-not-close,KEEP,,,,0
818,2026-08-01T16:18:45.212+09:00,94.601,817,8.65,1,DRIVING,,0,1,0,-0.152186,-0.101614,-0.101614,70,803,unknown,0,unknown,0.000000,null,0.000000,0.313,,"{""0"": 250, ""1"": 250, ""2"": null, ""3"": null, ""4"": null, ""5"": null, ""6"": null, ""7"": null}","{""0"": 0.0, ""1"": 0.0, ""2"": null, ""3"": null, ""4"": null, ""5"": null, ""6"": null, ""7"": null}","{""0"": 250, ""1"": 250}",250,1,0,0,0,0.313,ultrasonic-not-close,KEEP,,,,0
819,2026-08-01T16:18:45.321+09:00,94.713,818,8.65,1,DRIVING,,0,1,0,0.101261,-0.901359,-0.901359,70,794,green,0,unknown,0.000000,null,0.000000,0.309,,"{""0"": 250, ""1"": 250, ""2"": null, ""3"": null, ""4"": null, ""5"": null, ""6"": null, ""7"": null}","{""0"": 0.0, ""1"": 0.0, ""2"": null, ""3"": null, ""4"": null, ""5"": null, ""6"": null, ""7"": null}","{""0"": 250, ""1"": 250}",250,1,0,0,0,0.309,ultrasonic-not-close,KEEP,,,,0
820,2026-08-01T16:18:45.440+09:00,94.832,819,8.65,1,DRIVING,,0,1,0,-0.169637,0.289602,0.289602,70,728,green,0,unknown,0.000000,null,0.000000,0.196,,"{""0"": 250, ""1"": 250, ""2"": null, ""3"": null, ""4"": null, ""5"": null, ""6"": null, ""7"": null}","{""0"": 0.0, ""1"": 0.0, ""2"": null, ""3"": null, ""4"": null, ""5"": null, ""6"": null, ""7"": null}","{""0"": 250, ""1"": 250}",250,1,0,0,0,0.196,ultrasonic-not-close,KEEP,left,right,,0
821,2026-08-01T16:18:45.553+09:00,94.944,820,8.65,1,DRIVING,,0,1,0,-0.174079,0.310317,0.310317,70,723,green,0,unknown,0.000000,null,0.000000,0.309,,"{""0"": 250, ""1"": 250, ""2"": null, ""3"": null, ""4"": null, ""5"": null, ""6"": null, ""7"": null}","{""0"": 0.0, ""1"": 0.0, ""2"": null, ""3"": null, ""4"": null, ""5"": null, ""6"": null, ""7"": null}","{""0"": 250, ""1"": 250}",250,1,0,0,0,0.309,ultrasonic-not-close,KEEP,left,right,,0
822,2026-08-01T16:18:45.670+09:00,95.062,821,8.65,1,DRIVING,,0,1,0,-0.212374,0.449087,0.449087,70,737,green,0,unknown,0.000000,null,0.000000,0.319,,"{""0"": 250, ""1"": 250, ""2"": null, ""3"": null, ""4"": null, ""5"": null, ""6"": null, ""7"": null}","{""0"": 0.0, ""1"": 0.0, ""2"": null, ""3"": null, ""4"": null, ""5"": null, ""6"": null, ""7"": null}","{""0"": 250, ""1"": 250}",250,1,0,0,0,0.319,ultrasonic-not-close,KEEP,left,right,,0
823,2026-08-01T16:18:45.787+09:00,95.176,822,8.65,1,DRIVING,,0,1,0,-0.267307,0.626802,0.626802,70,748,green,0,unknown,0.000000,null,0.000000,0.201,,"{""0"": 250, ""1"": 250, ""2"": null, ""3"": null, ""4"": null, ""5"": null, ""6"": null, ""7"": null}","{""0"": 0.0, ""1"": 0.0, ""2"": null, ""3"": null, ""4"": null, ""5"": null, ""6"": null, ""7"": null}","{""0"": 250, ""1"": 250}",250,1,0,0,0,0.201,ultrasonic-not-close,KEEP,left,right,,0
824,2026-08-01T16:18:45.910+09:00,95.299,823,8.65,1,DRIVING,,0,1,0,-0.339975,0.844710,0.844710,70,761,red,0,unknown,0.000000,null,0.000000,0.323,,"{""0"": 250, ""1"": 250, ""2"": null, ""3"": null, ""4"": null, ""5"": null, ""6"": null, ""7"": null}","{""0"": 0.0, ""1"": 0.0, ""2"": null, ""3"": null, ""4"": null, ""5"": null, ""6"": null, ""7"": null}","{""0"": 250, ""1"": 250}",250,1,0,0,0,0.323,ultrasonic-not-close,KEEP,left,right,,0
825,2026-08-01T16:18:46.018+09:00,95.409,824,8.65,1,DRIVING,,0,1,0,-0.382492,0.927944,0.927944,70,776,green,0,unknown,0.000000,null,0.000000,0.315,,"{""0"": 250, ""1"": 250, ""2"": null, ""3"": null, ""4"": null, ""5"": null, ""6"": null, ""7"": null}","{""0"": 0.0, ""1"": 0.0, ""2"": null, ""3"": null, ""4"": null, ""5"": null, ""6"": null, ""7"": null}","{""0"": 250, ""1"": 250}",250,1,0,0,0,0.315,ultrasonic-not-close,KEEP,left,right,,0
826,2026-08-01T16:18:46.132+09:00,95.522,825,8.65,1,DRIVING,,0,1,0,-0.422213,0.999102,0.999102,70,800,unknown,0,unknown,0.000000,null,0.000000,0.314,,"{""0"": 250, ""1"": 250, ""2"": null, ""3"": null, ""4"": null, ""5"": null, ""6"": null, ""7"": null}","{""0"": 0.0, ""1"": 0.0, ""2"": null, ""3"": null, ""4"": null, ""5"": null, ""6"": null, ""7"": null}","{""0"": 250, ""1"": 250}",250,1,0,0,0,0.314,ultrasonic-not-close,KEEP,left,right,,0
827,2026-08-01T16:18:46.249+09:00,95.639,826,8.65,1,DRIVING,,0,1,0,-0.438937,0.987574,0.987574,70,809,unknown,0,unknown,0.000000,null,0.000000,0.198,,"{""0"": 250, ""1"": 250, ""2"": null, ""3"": null, ""4"": null, ""5"": null, ""6"": null, ""7"": null}","{""0"": 0.0, ""1"": 0.0, ""2"": null, ""3"": null, ""4"": null, ""5"": null, ""6"": null, ""7"": null}","{""0"": 250, ""1"": 250}",250,1,0,0,0,0.198,ultrasonic-not-close,KEEP,left,right,,0
828,2026-08-01T16:18:46.363+09:00,95.754,827,8.65,1,DRIVING,,0,1,0,-0.104688,-0.274971,-0.274971,70,815,unknown,0,unknown,0.000000,null,0.000000,0.313,,"{""0"": 250, ""1"": 250, ""2"": null, ""3"": null, ""4"": null, ""5"": null, ""6"": null, ""7"": null}","{""0"": 0.0, ""1"": 0.0, ""2"": null, ""3"": null, ""4"": null, ""5"": null, ""6"": null, ""7"": null}","{""0"": 250, ""1"": 250}",250,1,0,0,0,0.313,ultrasonic-not-close,KEEP,right,left,,0
829,2026-08-01T16:18:46.470+09:00,95.861,828,8.65,1,DRIVING,,0,1,0,0.024471,-0.600919,-0.600919,70,808,green,0,unknown,0.000000,null,0.000000,0.307,,"{""0"": 250, ""1"": 250, ""2"": null, ""3"": null, ""4"": null, ""5"": null, ""6"": null, ""7"": null}","{""0"": 0.0, ""1"": 0.0, ""2"": null, ""3"": null, ""4"": null, ""5"": null, ""6"": null, ""7"": null}","{""0"": 250, ""1"": 250}",250,1,0,0,0,0.307,ultrasonic-not-close,KEEP,right,left,,0
830,2026-08-01T16:18:46.586+09:00,95.976,829,8.65,1,DRIVING,,0,1,0,0.033676,-0.466996,-0.466996,70,792,green,0,unknown,0.000000,null,0.000000,0.191,,"{""0"": 250, ""1"": 250, ""2"": null, ""3"": null, ""4"": null, ""5"": null, ""6"": null, ""7"": null}","{""0"": 0.0, ""1"": 0.0, ""2"": null, ""3"": null, ""4"": null, ""5"": null, ""6"": null, ""7"": null}","{""0"": 250, ""1"": 250}",250,1,0,0,0,0.191,ultrasonic-not-close,KEEP,right,left,,0
831,2026-08-01T16:18:46.692+09:00,96.082,830,8.65,0,DRIVING,phase:KEEP->KEEP_PAUSED,0,1,0,0.057784,-0.431871,-0.431871,0,745,green,0,unknown,0.000000,null,0.000000,0.296,,"{""0"": 250, ""1"": 250, ""2"": null, ""3"": null, ""4"": null, ""5"": null, ""6"": null, ""7"": null}","{""0"": 0.0, ""1"": 0.0, ""2"": null, ""3"": null, ""4"": null, ""5"": null, ""6"": null, ""7"": null}","{""0"": 250, ""1"": 250}",250,1,0,0,0,0.296,ultrasonic-not-close,KEEP_PAUSED,right,left,,0
832,2026-08-01T16:18:46.799+09:00,96.190,831,8.65,0,DRIVING,,0,1,0,0.067453,-0.368320,-0.368320,0,744,green,0,unknown,0.000000,null,0.000000,0.299,,"{""0"": 250, ""1"": 250, ""2"": null, ""3"": null, ""4"": null, ""5"": null, ""6"": null, ""7"": null}","{""0"": 0.0, ""1"": 0.0, ""2"": null, ""3"": null, ""4"": null, ""5"": null, ""6"": null, ""7"": null}","{""0"": 250, ""1"": 250}",250,1,0,0,0,0.299,ultrasonic-not-close,KEEP_PAUSED,right,left,,0
833,2026-08-01T16:18:46.912+09:00,96.302,832,8.65,0,DRIVING,,0,1,0,0.051752,-0.237727,-0.237727,0,744,green,0,unknown,0.000000,null,0.000000,0.301,,"{""0"": 250, ""1"": 250, ""2"": null, ""3"": null, ""4"": null, ""5"": null, ""6"": null, ""7"": null}","{""0"": 0.0, ""1"": 0.0, ""2"": null, ""3"": null, ""4"": null, ""5"": null, ""6"": null, ""7"": null}","{""0"": 250, ""1"": 250}",250,1,0,0,0,0.301,ultrasonic-not-close,KEEP_PAUSED,right,left,,0
834,2026-08-01T16:18:47.035+09:00,96.426,833,8.65,0,DRIVING,,0,1,1,0.032673,-0.125670,-0.125670,0,743,green,0,unknown,0.000000,null,0.000000,0.423,,"{""0"": 250, ""1"": 250, ""2"": null, ""3"": null, ""4"": null, ""5"": null, ""6"": null, ""7"": null}","{""0"": 0.0, ""1"": 0.0, ""2"": null, ""3"": null, ""4"": null, ""5"": null, ""6"": null, ""7"": null}","{""0"": 250, ""1"": 250}",250,1,0,0,0,0.423,ultrasonic-not-close,KEEP_PAUSED,right,left,,0
835,2026-08-01T16:18:47.149+09:00,96.538,834,8.65,0,STOPPED_RED,state:DRIVING->STOPPED_RED,1,1,1,0.016309,0.000000,0.000000,0,743,green,0,unknown,0.000000,null,0.000000,0.315,,"{""0"": 250, ""1"": 250, ""2"": null, ""3"": null, ""4"": null, ""5"": null, ""6"": null, ""7"": null}","{""0"": 0.0, ""1"": 0.0, ""2"": null, ""3"": null, ""4"": null, ""5"": null, ""6"": null, ""7"": null}","{""0"": 250, ""1"": 250}",250,1,0,0,0,0.315,ultrasonic-not-close,KEEP_PAUSED,right,left,,0
836,2026-08-01T16:18:47.260+09:00,96.651,835,8.65,0,STOPPED_RED,,1,1,1,0.010661,0.000000,0.000000,0,743,green,0,unknown,0.000000,null,0.000000,0.318,,"{""0"": 250, ""1"": 250, ""2"": null, ""3"": null, ""4"": null, ""5"": null, ""6"": null, ""7"": null}","{""0"": 0.0, ""1"": 0.0, ""2"": null, ""3"": null, ""4"": null, ""5"": null, ""6"": null, ""7"": null}","{""0"": 250, ""1"": 250}",250,1,0,0,0,0.318,ultrasonic-not-close,KEEP_PAUSED,right,left,,0
837,2026-08-01T16:18:47.390+09:00,96.780,836,8.65,0,STOPPED_RED,,1,1,1,0.011621,0.000000,0.000000,0,743,green,0,unknown,0.000000,null,0.000000,0.209,,"{""0"": 250, ""1"": 250, ""2"": null, ""3"": null, ""4"": null, ""5"": null, ""6"": null, ""7"": null}","{""0"": 0.0, ""1"": 0.0, ""2"": null, ""3"": null, ""4"": null, ""5"": null, ""6"": null, ""7"": null}","{""0"": 250, ""1"": 250}",250,1,0,0,0,0.209,ultrasonic-not-close,KEEP_PAUSED,right,left,,0
838,2026-08-01T16:18:47.507+09:00,96.896,837,8.65,0,STOPPED_RED,,1,1,1,0.011621,0.000000,0.000000,0,743,green,0,unknown,0.000000,null,0.000000,0.325,,"{""0"": 250, ""1"": 250, ""2"": null, ""3"": null, ""4"": null, ""5"": null, ""6"": null, ""7"": null}","{""0"": 0.0, ""1"": 0.0, ""2"": null, ""3"": null, ""4"": null, ""5"": null, ""6"": null, ""7"": null}","{""0"": 250, ""1"": 250}",250,1,0,0,0,0.325,ultrasonic-not-close,KEEP_PAUSED,right,left,,0
839,2026-08-01T16:18:47.616+09:00,97.007,838,8.65,0,STOPPED_RED,,1,1,1,0.011292,0.000000,0.000000,0,743,green,0,unknown,0.000000,null,0.000000,0.325,,"{""0"": 250, ""1"": 250, ""2"": null, ""3"": null, ""4"": null, ""5"": null, ""6"": null, ""7"": null}","{""0"": 0.0, ""1"": 0.0, ""2"": null, ""3"": null, ""4"": null, ""5"": null, ""6"": null, ""7"": null}","{""0"": 250, ""1"": 250}",250,1,0,0,0,0.325,ultrasonic-not-close,KEEP_PAUSED,right,left,,0
840,2026-08-01T16:18:47.733+09:00,97.124,839,8.65,0,STOPPED_RED,,1,1,1,0.011621,0.000000,0.000000,0,743,green,0,unknown,0.000000,null,0.000000,0.312,,"{""0"": 250, ""1"": 250, ""2"": null, ""3"": null, ""4"": null, ""5"": null, ""6"": null, ""7"": null}","{""0"": 0.0, ""1"": 0.0, ""2"": null, ""3"": null, ""4"": null, ""5"": null, ""6"": null, ""7"": null}","{""0"": 250, ""1"": 250}",250,1,0,0,0,0.312,ultrasonic-not-close,KEEP_PAUSED,right,left,,0
841,2026-08-01T16:18:47.873+09:00,97.262,840,8.65,0,STOPPED_RED,,1,1,1,0.011621,0.000000,0.000000,0,743,green,0,unknown,0.000000,null,0.000000,0.449,,"{""0"": 250, ""1"": 250, ""2"": null, ""3"": null, ""4"": null, ""5"": null, ""6"": null, ""7"": null}","{""0"": 0.0, ""1"": 0.0, ""2"": null, ""3"": null, ""4"": null, ""5"": null, ""6"": null, ""7"": null}","{""0"": 250, ""1"": 250}",250,1,0,0,0,0.449,ultrasonic-not-close,KEEP_PAUSED,right,left,,0
842,2026-08-01T16:18:47.987+09:00,97.377,841,8.65,0,STOPPED_RED,,1,1,1,0.011292,0.000000,0.000000,0,743,green,0,unknown,0.000000,null,0.000000,0.339,,"{""0"": 250, ""1"": 250, ""2"": null, ""3"": null, ""4"": null, ""5"": null, ""6"": null, ""7"": null}","{""0"": 0.0, ""1"": 0.0, ""2"": null, ""3"": null, ""4"": null, ""5"": null, ""6"": null, ""7"": null}","{""0"": 250, ""1"": 250}",250,1,0,0,0,0.339,ultrasonic-not-close,KEEP_PAUSED,right,left,,0
843,2026-08-01T16:18:48.104+09:00,97.494,842,8.65,0,STOPPED_RED,,1,1,1,0.011621,0.000000,0.000000,0,743,green,0,unknown,0.000000,null,0.000000,0.340,,"{""0"": 250, ""1"": 250, ""2"": null, ""3"": null, ""4"": null, ""5"": null, ""6"": null, ""7"": null}","{""0"": 0.0, ""1"": 0.0, ""2"": null, ""3"": null, ""4"": null, ""5"": null, ""6"": null, ""7"": null}","{""0"": 250, ""1"": 250}",250,1,0,0,0,0.340,ultrasonic-not-close,KEEP_PAUSED,right,left,,0
844,2026-08-01T16:18:48.231+09:00,97.620,843,8.65,0,STOPPED_RED,,1,1,1,0.011621,0.000000,0.000000,0,743,green,0,unknown,0.000000,null,0.000000,0.209,,"{""0"": 250, ""1"": 250, ""2"": null, ""3"": null, ""4"": null, ""5"": null, ""6"": null, ""7"": null}","{""0"": 0.0, ""1"": 0.0, ""2"": null, ""3"": null, ""4"": null, ""5"": null, ""6"": null, ""7"": null}","{""0"": 250, ""1"": 250}",250,1,0,0,0,0.209,ultrasonic-not-close,KEEP_PAUSED,right,left,,0
845,2026-08-01T16:18:48.353+09:00,97.743,844,8.65,0,STOPPED_RED,,1,1,1,0.011621,0.000000,0.000000,0,743,green,0,unknown,0.000000,null,0.000000,0.331,,"{""0"": 250, ""1"": 250, ""2"": null, ""3"": null, ""4"": null, ""5"": null, ""6"": null, ""7"": null}","{""0"": 0.0, ""1"": 0.0, ""2"": null, ""3"": null, ""4"": null, ""5"": null, ""6"": null, ""7"": null}","{""0"": 250, ""1"": 250}",250,1,0,0,0,0.331,ultrasonic-not-close,KEEP_PAUSED,right,left,,0
846,2026-08-01T16:18:48.473+09:00,97.862,845,8.65,0,STOPPED_RED,,1,1,1,0.011621,0.000000,0.000000,0,744,green,0,unknown,0.000000,null,0.000000,0.335,,"{""0"": 250, ""1"": 250, ""2"": null, ""3"": null, ""4"": null, ""5"": null, ""6"": null, ""7"": null}","{""0"": 0.0, ""1"": 0.0, ""2"": null, ""3"": null, ""4"": null, ""5"": null, ""6"": null, ""7"": null}","{""0"": 250, ""1"": 250}",250,1,0,0,0,0.335,ultrasonic-not-close,KEEP_PAUSED,right,left,,0
847,2026-08-01T16:18:48.582+09:00,97.972,846,8.65,0,STOPPED_RED,,1,0,1,,0.000000,0.000000,0,743,green,0,unknown,0.000000,null,0.000000,0.318,,"{""0"": 250, ""1"": 250, ""2"": null, ""3"": null, ""4"": null, ""5"": null, ""6"": null, ""7"": null}","{""0"": 0.0, ""1"": 0.0, ""2"": null, ""3"": null, ""4"": null, ""5"": null, ""6"": null, ""7"": null}","{""0"": 250, ""1"": 250}",250,1,0,0,0,0.318,ultrasonic-not-close,KEEP_PAUSED,,,,0
848,2026-08-01T16:18:48.699+09:00,98.089,847,8.65,0,STOPPED_RED,,1,1,1,0.032812,0.000000,0.000000,0,743,green,0,unknown,0.000000,null,0.000000,0.195,,"{""0"": 250, ""1"": 250, ""2"": null, ""3"": null, ""4"": null, ""5"": null, ""6"": null, ""7"": null}","{""0"": 0.0, ""1"": 0.0, ""2"": null, ""3"": null, ""4"": null, ""5"": null, ""6"": null, ""7"": null}","{""0"": 250, ""1"": 250}",250,1,0,0,0,0.195,ultrasonic-not-close,KEEP_PAUSED,right,left,,0
849,2026-08-01T16:18:48.819+09:00,98.209,848,8.65,0,STOPPED_RED,,1,0,1,,0.000000,0.000000,0,743,green,0,unknown,0.000000,null,0.000000,0.314,,"{""0"": 250, ""1"": 250, ""2"": null, ""3"": null, ""4"": null, ""5"": null, ""6"": null, ""7"": null}","{""0"": 0.0, ""1"": 0.0, ""2"": null, ""3"": null, ""4"": null, ""5"": null, ""6"": null, ""7"": null}","{""0"": 250, ""1"": 250}",250,1,0,0,0,0.314,ultrasonic-not-close,KEEP_PAUSED,,,,0
850,2026-08-01T16:18:48.930+09:00,98.320,849,8.65,0,STOPPED_RED,,1,0,1,,0.000000,0.000000,0,743,green,0,unknown,0.000000,null,0.000000,0.316,,"{""0"": 250, ""1"": 250, ""2"": null, ""3"": null, ""4"": null, ""5"": null, ""6"": null, ""7"": null}","{""0"": 0.0, ""1"": 0.0, ""2"": null, ""3"": null, ""4"": null, ""5"": null, ""6"": null, ""7"": null}","{""0"": 250, ""1"": 250}",250,1,0,0,0,0.316,ultrasonic-not-close,KEEP_PAUSED,,,,0
851,2026-08-01T16:18:49.044+09:00,98.434,850,8.65,0,STOPPED_RED,,1,0,1,,0.000000,0.000000,0,742,green,0,unknown,0.000000,null,0.000000,0.313,,"{""0"": 250, ""1"": 250, ""2"": null, ""3"": null, ""4"": null, ""5"": null, ""6"": null, ""7"": null}","{""0"": 0.0, ""1"": 0.0, ""2"": null, ""3"": null, ""4"": null, ""5"": null, ""6"": null, ""7"": null}","{""0"": 250, ""1"": 250}",250,1,0,0,0,0.313,ultrasonic-not-close,KEEP_PAUSED,,,,0
852,2026-08-01T16:18:49.159+09:00,98.550,851,8.65,0,STOPPED_RED,,1,0,1,,0.000000,0.000000,0,744,green,0,unknown,0.000000,null,0.000000,0.199,,"{""0"": 250, ""1"": 250, ""2"": null, ""3"": null, ""4"": null, ""5"": null, ""6"": null, ""7"": null}","{""0"": 0.0, ""1"": 0.0, ""2"": null, ""3"": null, ""4"": null, ""5"": null, ""6"": null, ""7"": null}","{""0"": 250, ""1"": 250}",250,1,0,0,0,0.199,ultrasonic-not-close,KEEP_PAUSED,,,,0
853,2026-08-01T16:18:49.275+09:00,98.665,852,8.65,0,STOPPED_RED,,1,0,1,,0.000000,0.000000,0,743,green,0,unknown,0.000000,null,0.000000,0.314,,"{""0"": 250, ""1"": 250, ""2"": null, ""3"": null, ""4"": null, ""5"": null, ""6"": null, ""7"": null}","{""0"": 0.0, ""1"": 0.0, ""2"": null, ""3"": null, ""4"": null, ""5"": null, ""6"": null, ""7"": null}","{""0"": 250, ""1"": 250}",250,1,0,0,0,0.314,ultrasonic-not-close,KEEP_PAUSED,,,,0
854,2026-08-01T16:18:49.399+09:00,98.790,853,8.65,0,STOPPED_RED,,1,0,1,,0.000000,0.000000,0,743,green,0,unknown,0.000000,null,0.000000,0.324,,"{""0"": 250, ""1"": 250, ""2"": null, ""3"": null, ""4"": null, ""5"": null, ""6"": null, ""7"": null}","{""0"": 0.0, ""1"": 0.0, ""2"": null, ""3"": null, ""4"": null, ""5"": null, ""6"": null, ""7"": null}","{""0"": 250, ""1"": 250}",250,1,0,0,0,0.324,ultrasonic-not-close,KEEP_PAUSED,,,,0
855,2026-08-01T16:18:49.509+09:00,98.900,854,8.65,0,STOPPED_RED,,1,0,1,,0.000000,0.000000,0,743,green,0,unknown,0.000000,null,0.000000,0.203,,"{""0"": 250, ""1"": 250, ""2"": null, ""3"": null, ""4"": null, ""5"": null, ""6"": null, ""7"": null}","{""0"": 0.0, ""1"": 0.0, ""2"": null, ""3"": null, ""4"": null, ""5"": null, ""6"": null, ""7"": null}","{""0"": 250, ""1"": 250}",250,1,0,0,0,0.203,ultrasonic-not-close,KEEP_PAUSED,,,,0
856,2026-08-01T16:18:49.620+09:00,99.010,855,8.65,0,STOPPED_RED,,1,0,1,,0.000000,0.000000,0,744,green,0,unknown,0.000000,null,0.000000,0.312,,"{""0"": 250, ""1"": 250, ""2"": null, ""3"": null, ""4"": null, ""5"": null, ""6"": null, ""7"": null}","{""0"": 0.0, ""1"": 0.0, ""2"": null, ""3"": null, ""4"": null, ""5"": null, ""6"": null, ""7"": null}","{""0"": 250, ""1"": 250}",250,1,0,0,0,0.312,ultrasonic-not-close,KEEP_PAUSED,,,,0
857,2026-08-01T16:18:49.728+09:00,99.118,856,8.65,0,STOPPED_RED,,1,0,1,,0.000000,0.000000,0,742,green,0,unknown,0.000000,null,0.000000,0.297,,"{""0"": 250, ""1"": 250, ""2"": null, ""3"": null, ""4"": null, ""5"": null, ""6"": null, ""7"": null}","{""0"": 0.0, ""1"": 0.0, ""2"": null, ""3"": null, ""4"": null, ""5"": null, ""6"": null, ""7"": null}","{""0"": 250, ""1"": 250}",250,1,0,0,0,0.297,ultrasonic-not-close,KEEP_PAUSED,,,,0
858,2026-08-01T16:18:49.836+09:00,99.228,857,8.65,0,STOPPED_RED,,1,0,1,,0.000000,0.000000,0,743,green,0,unknown,0.000000,null,0.000000,0.298,,"{""0"": 250, ""1"": 250, ""2"": null, ""3"": null, ""4"": null, ""5"": null, ""6"": null, ""7"": null}","{""0"": 0.0, ""1"": 0.0, ""2"": null, ""3"": null, ""4"": null, ""5"": null, ""6"": null, ""7"": null}","{""0"": 250, ""1"": 250}",250,1,0,0,0,0.298,ultrasonic-not-close,KEEP_PAUSED,,,,0
859,2026-08-01T16:18:49.954+09:00,99.345,858,8.65,0,STOPPED_RED,,1,1,1,0.032812,0.000000,0.000000,0,742,green,0,unknown,0.000000,null,0.000000,0.196,,"{""0"": 250, ""1"": 250, ""2"": null, ""3"": null, ""4"": null, ""5"": null, ""6"": null, ""7"": null}","{""0"": 0.0, ""1"": 0.0, ""2"": null, ""3"": null, ""4"": null, ""5"": null, ""6"": null, ""7"": null}","{""0"": 250, ""1"": 250}",250,1,0,0,0,0.196,ultrasonic-not-close,KEEP_PAUSED,right,left,,0
860,2026-08-01T16:18:50.064+09:00,99.455,859,8.65,0,STOPPED_RED,,1,0,1,,0.000000,0.000000,0,743,green,0,unknown,0.000000,null,0.000000,0.304,,"{""0"": 250, ""1"": 250, ""2"": null, ""3"": null, ""4"": null, ""5"": null, ""6"": null, ""7"": null}","{""0"": 0.0, ""1"": 0.0, ""2"": null, ""3"": null, ""4"": null, ""5"": null, ""6"": null, ""7"": null}","{""0"": 250, ""1"": 250}",250,1,0,0,0,0.304,ultrasonic-not-close,KEEP_PAUSED,,,,0
861,2026-08-01T16:18:50.172+09:00,99.563,860,8.65,0,STOPPED_RED,,1,0,1,,0.000000,0.000000,0,743,green,0,unknown,0.000000,null,0.000000,0.305,,"{""0"": 250, ""1"": 250, ""2"": null, ""3"": null, ""4"": null, ""5"": null, ""6"": null, ""7"": null}","{""0"": 0.0, ""1"": 0.0, ""2"": null, ""3"": null, ""4"": null, ""5"": null, ""6"": null, ""7"": null}","{""0"": 250, ""1"": 250}",250,1,0,0,0,0.305,ultrasonic-not-close,KEEP_PAUSED,,,,0
862,2026-08-01T16:18:50.304+09:00,99.695,861,8.65,0,STOPPED_RED,,1,0,1,,0.000000,0.000000,0,743,green,0,unknown,0.000000,null,0.000000,0.209,,"{""0"": 250, ""1"": 250, ""2"": null, ""3"": null, ""4"": null, ""5"": null, ""6"": null, ""7"": null}","{""0"": 0.0, ""1"": 0.0, ""2"": null, ""3"": null, ""4"": null, ""5"": null, ""6"": null, ""7"": null}","{""0"": 250, ""1"": 250}",250,1,0,0,0,0.209,ultrasonic-not-close,KEEP_PAUSED,,,,0
863,2026-08-01T16:18:50.417+09:00,99.807,862,8.65,0,STOPPED_RED,,1,0,1,,0.000000,0.000000,0,742,green,0,unknown,0.000000,null,0.000000,0.321,,"{""0"": 250, ""1"": 250, ""2"": null, ""3"": null, ""4"": null, ""5"": null, ""6"": null, ""7"": null}","{""0"": 0.0, ""1"": 0.0, ""2"": null, ""3"": null, ""4"": null, ""5"": null, ""6"": null, ""7"": null}","{""0"": 250, ""1"": 250}",250,1,0,0,0,0.321,ultrasonic-not-close,KEEP_PAUSED,,,,0
864,2026-08-01T16:18:50.531+09:00,99.921,863,8.65,0,STOPPED_RED,,1,0,1,,0.000000,0.000000,0,743,green,0,unknown,0.000000,null,0.000000,0.328,,"{""0"": 250, ""1"": 250, ""2"": null, ""3"": null, ""4"": null, ""5"": null, ""6"": null, ""7"": null}","{""0"": 0.0, ""1"": 0.0, ""2"": null, ""3"": null, ""4"": null, ""5"": null, ""6"": null, ""7"": null}","{""0"": 250, ""1"": 250}",250,1,0,0,0,0.328,ultrasonic-not-close,KEEP_PAUSED,,,,0
865,2026-08-01T16:18:50.643+09:00,100.034,864,8.65,0,STOPPED_RED,,1,0,1,,0.000000,0.000000,0,743,green,0,unknown,0.000000,null,0.000000,0.195,,"{""0"": 250, ""1"": 250, ""2"": null, ""3"": null, ""4"": null, ""5"": null, ""6"": null, ""7"": null}","{""0"": 0.0, ""1"": 0.0, ""2"": null, ""3"": null, ""4"": null, ""5"": null, ""6"": null, ""7"": null}","{""0"": 250, ""1"": 250}",250,1,0,0,0,0.195,ultrasonic-not-close,KEEP_PAUSED,,,,0
866,2026-08-01T16:18:50.760+09:00,100.151,865,8.65,0,STOPPED_RED,,1,0,1,,0.000000,0.000000,0,743,green,0,unknown,0.000000,null,0.000000,0.310,,"{""0"": 250, ""1"": 250, ""2"": null, ""3"": null, ""4"": null, ""5"": null, ""6"": null, ""7"": null}","{""0"": 0.0, ""1"": 0.0, ""2"": null, ""3"": null, ""4"": null, ""5"": null, ""6"": null, ""7"": null}","{""0"": 250, ""1"": 250}",250,1,0,0,0,0.310,ultrasonic-not-close,KEEP_PAUSED,,,,0
867,2026-08-01T16:18:50.868+09:00,100.258,866,8.65,0,STOPPED_RED,,1,0,1,,0.000000,0.000000,0,744,green,0,unknown,0.000000,null,0.000000,0.306,,"{""0"": 250, ""1"": 250, ""2"": null, ""3"": null, ""4"": null, ""5"": null, ""6"": null, ""7"": null}","{""0"": 0.0, ""1"": 0.0, ""2"": null, ""3"": null, ""4"": null, ""5"": null, ""6"": null, ""7"": null}","{""0"": 250, ""1"": 250}",250,1,0,0,0,0.306,ultrasonic-not-close,KEEP_PAUSED,,,,0
868,2026-08-01T16:18:50.980+09:00,100.371,867,8.65,0,STOPPED_RED,,1,0,1,,0.000000,0.000000,0,744,green,0,unknown,0.000000,null,0.000000,0.306,,"{""0"": 250, ""1"": 250, ""2"": null, ""3"": null, ""4"": null, ""5"": null, ""6"": null, ""7"": null}","{""0"": 0.0, ""1"": 0.0, ""2"": null, ""3"": null, ""4"": null, ""5"": null, ""6"": null, ""7"": null}","{""0"": 250, ""1"": 250}",250,1,0,0,0,0.306,ultrasonic-not-close,KEEP_PAUSED,,,,0
869,2026-08-01T16:18:51.103+09:00,100.493,868,8.65,0,STOPPED_RED,,1,0,1,,0.000000,0.000000,0,742,green,0,unknown,0.000000,null,0.000000,0.202,,"{""0"": 250, ""1"": 250, ""2"": null, ""3"": null, ""4"": null, ""5"": null, ""6"": null, ""7"": null}","{""0"": 0.0, ""1"": 0.0, ""2"": null, ""3"": null, ""4"": null, ""5"": null, ""6"": null, ""7"": null}","{""0"": 250, ""1"": 250}",250,1,0,0,0,0.202,ultrasonic-not-close,KEEP_PAUSED,,,,0
870,2026-08-01T16:18:51.213+09:00,100.603,869,8.65,0,STOPPED_RED,,1,1,1,0.032812,0.000000,0.000000,0,743,green,0,unknown,0.000000,null,0.000000,0.312,,"{""0"": 250, ""1"": 250, ""2"": null, ""3"": null, ""4"": null, ""5"": null, ""6"": null, ""7"": null}","{""0"": 0.0, ""1"": 0.0, ""2"": null, ""3"": null, ""4"": null, ""5"": null, ""6"": null, ""7"": null}","{""0"": 250, ""1"": 250}",250,1,0,0,0,0.312,ultrasonic-not-close,KEEP_PAUSED,right,left,,0
871,2026-08-01T16:18:51.321+09:00,100.712,870,8.65,0,STOPPED_RED,,1,0,1,,0.000000,0.000000,0,743,green,0,unknown,0.000000,null,0.000000,0.311,,"{""0"": 250, ""1"": 250, ""2"": null, ""3"": null, ""4"": null, ""5"": null, ""6"": null, ""7"": null}","{""0"": 0.0, ""1"": 0.0, ""2"": null, ""3"": null, ""4"": null, ""5"": null, ""6"": null, ""7"": null}","{""0"": 250, ""1"": 250}",250,1,0,0,0,0.311,ultrasonic-not-close,KEEP_PAUSED,,,,0
872,2026-08-01T16:18:51.436+09:00,100.826,871,8.65,0,STOPPED_RED,,1,0,1,,0.000000,0.000000,0,743,green,0,unknown,0.000000,null,0.000000,0.190,,"{""0"": 250, ""1"": 250, ""2"": null, ""3"": null, ""4"": null, ""5"": null, ""6"": null, ""7"": null}","{""0"": 0.0, ""1"": 0.0, ""2"": null, ""3"": null, ""4"": null, ""5"": null, ""6"": null, ""7"": null}","{""0"": 250, ""1"": 250}",250,1,0,0,0,0.190,ultrasonic-not-close,KEEP_PAUSED,,,,0
873,2026-08-01T16:18:51.548+09:00,100.939,872,8.65,0,STOPPED_RED,,1,0,1,,0.000000,0.000000,0,744,green,0,unknown,0.000000,null,0.000000,0.303,,"{""0"": 250, ""1"": 250, ""2"": null, ""3"": null, ""4"": null, ""5"": null, ""6"": null, ""7"": null}","{""0"": 0.0, ""1"": 0.0, ""2"": null, ""3"": null, ""4"": null, ""5"": null, ""6"": null, ""7"": null}","{""0"": 250, ""1"": 250}",250,1,0,0,0,0.303,ultrasonic-not-close,KEEP_PAUSED,,,,0
874,2026-08-01T16:18:51.661+09:00,101.051,873,8.65,0,STOPPED_RED,,1,0,1,,0.000000,0.000000,0,743,green,0,unknown,0.000000,null,0.000000,0.308,,"{""0"": 250, ""1"": 250, ""2"": null, ""3"": null, ""4"": null, ""5"": null, ""6"": null, ""7"": null}","{""0"": 0.0, ""1"": 0.0, ""2"": null, ""3"": null, ""4"": null, ""5"": null, ""6"": null, ""7"": null}","{""0"": 250, ""1"": 250}",250,1,0,0,0,0.308,ultrasonic-not-close,KEEP_PAUSED,,,,0
875,2026-08-01T16:18:51.775+09:00,101.165,874,8.65,0,STOPPED_RED,,1,0,1,,0.000000,0.000000,0,743,green,0,unknown,0.000000,null,0.000000,0.308,,"{""0"": 250, ""1"": 250, ""2"": null, ""3"": null, ""4"": null, ""5"": null, ""6"": null, ""7"": null}","{""0"": 0.0, ""1"": 0.0, ""2"": null, ""3"": null, ""4"": null, ""5"": null, ""6"": null, ""7"": null}","{""0"": 250, ""1"": 250}",250,1,0,0,0,0.308,ultrasonic-not-close,KEEP_PAUSED,,,,0
876,2026-08-01T16:18:51.895+09:00,101.285,875,8.65,0,STOPPED_RED,,1,0,1,,0.000000,0.000000,0,743,green,0,unknown,0.000000,null,0.000000,0.427,,"{""0"": 250, ""1"": 250, ""2"": null, ""3"": null, ""4"": null, ""5"": null, ""6"": null, ""7"": null}","{""0"": 0.0, ""1"": 0.0, ""2"": null, ""3"": null, ""4"": null, ""5"": null, ""6"": null, ""7"": null}","{""0"": 250, ""1"": 250}",250,1,0,0,0,0.427,ultrasonic-not-close,KEEP_PAUSED,,,,0
877,2026-08-01T16:18:51.995+09:00,101.386,876,8.65,0,STOPPED_RED,,1,0,1,,0.000000,0.000000,0,743,green,0,unknown,0.000000,null,0.000000,0.303,,"{""0"": 250, ""1"": 250, ""2"": null, ""3"": null, ""4"": null, ""5"": null, ""6"": null, ""7"": null}","{""0"": 0.0, ""1"": 0.0, ""2"": null, ""3"": null, ""4"": null, ""5"": null, ""6"": null, ""7"": null}","{""0"": 250, ""1"": 250}",250,1,0,0,0,0.303,ultrasonic-not-close,KEEP_PAUSED,,,,0
878,2026-08-01T16:18:52.104+09:00,101.495,877,8.65,0,STOPPED_RED,,1,0,1,,0.000000,0.000000,0,744,green,0,unknown,0.000000,null,0.000000,0.298,,"{""0"": 250, ""1"": 250, ""2"": null, ""3"": null, ""4"": null, ""5"": null, ""6"": null, ""7"": null}","{""0"": 0.0, ""1"": 0.0, ""2"": null, ""3"": null, ""4"": null, ""5"": null, ""6"": null, ""7"": null}","{""0"": 250, ""1"": 250}",250,1,0,0,0,0.298,ultrasonic-not-close,KEEP_PAUSED,,,,0
879,2026-08-01T16:18:52.222+09:00,101.612,878,8.65,0,STOPPED_RED,,1,1,1,0.032812,0.000000,0.000000,0,743,green,0,unknown,0.000000,null,0.000000,0.416,,"{""0"": 250, ""1"": 250, ""2"": null, ""3"": null, ""4"": null, ""5"": null, ""6"": null, ""7"": null}","{""0"": 0.0, ""1"": 0.0, ""2"": null, ""3"": null, ""4"": null, ""5"": null, ""6"": null, ""7"": null}","{""0"": 250, ""1"": 250}",250,1,0,0,0,0.416,ultrasonic-not-close,KEEP_PAUSED,right,left,,0
880,2026-08-01T16:18:52.330+09:00,101.721,879,8.65,0,STOPPED_RED,,1,0,1,,0.000000,0.000000,0,743,green,0,unknown,0.000000,null,0.000000,0.304,,"{""0"": 250, ""1"": 250, ""2"": null, ""3"": null, ""4"": null, ""5"": null, ""6"": null, ""7"": null}","{""0"": 0.0, ""1"": 0.0, ""2"": null, ""3"": null, ""4"": null, ""5"": null, ""6"": null, ""7"": null}","{""0"": 250, ""1"": 250}",250,1,0,0,0,0.304,ultrasonic-not-close,KEEP_PAUSED,,,,0
881,2026-08-01T16:18:52.447+09:00,101.838,880,8.65,0,STOPPED_RED,,1,1,1,0.032812,0.000000,0.000000,0,743,green,0,unknown,0.000000,null,0.000000,0.312,,"{""0"": 250, ""1"": 250, ""2"": null, ""3"": null, ""4"": null, ""5"": null, ""6"": null, ""7"": null}","{""0"": 0.0, ""1"": 0.0, ""2"": null, ""3"": null, ""4"": null, ""5"": null, ""6"": null, ""7"": null}","{""0"": 250, ""1"": 250}",250,1,0,0,0,0.312,ultrasonic-not-close,KEEP_PAUSED,right,left,,0
882,2026-08-01T16:18:52.560+09:00,101.952,881,8.65,0,STOPPED_RED,,1,0,1,,0.000000,0.000000,0,744,green,0,unknown,0.000000,null,0.000000,0.198,,"{""0"": 250, ""1"": 250, ""2"": null, ""3"": null, ""4"": null, ""5"": null, ""6"": null, ""7"": null}","{""0"": 0.0, ""1"": 0.0, ""2"": null, ""3"": null, ""4"": null, ""5"": null, ""6"": null, ""7"": null}","{""0"": 250, ""1"": 250}",250,1,0,0,0,0.198,ultrasonic-not-close,KEEP_PAUSED,,,,0
883,2026-08-01T16:18:52.676+09:00,102.066,882,8.65,0,STOPPED_RED,,1,0,1,,0.000000,0.000000,0,744,green,0,unknown,0.000000,null,0.000000,0.312,,"{""0"": 250, ""1"": 250, ""2"": null, ""3"": null, ""4"": null, ""5"": null, ""6"": null, ""7"": null}","{""0"": 0.0, ""1"": 0.0, ""2"": null, ""3"": null, ""4"": null, ""5"": null, ""6"": null, ""7"": null}","{""0"": 250, ""1"": 250}",250,1,0,0,0,0.312,ultrasonic-not-close,KEEP_PAUSED,,,,0
884,2026-08-01T16:18:52.791+09:00,102.182,883,8.65,0,STOPPED_RED,,1,0,1,,0.000000,0.000000,0,743,green,0,unknown,0.000000,null,0.000000,0.313,,"{""0"": 250, ""1"": 250, ""2"": null, ""3"": null, ""4"": null, ""5"": null, ""6"": null, ""7"": null}","{""0"": 0.0, ""1"": 0.0, ""2"": null, ""3"": null, ""4"": null, ""5"": null, ""6"": null, ""7"": null}","{""0"": 250, ""1"": 250}",250,1,0,0,0,0.313,ultrasonic-not-close,KEEP_PAUSED,,,,0
885,2026-08-01T16:18:52.910+09:00,102.300,884,8.65,0,STOPPED_RED,,1,0,1,,0.000000,0.000000,0,743,green,0,unknown,0.000000,null,0.000000,0.202,,"{""0"": 250, ""1"": 250, ""2"": null, ""3"": null, ""4"": null, ""5"": null, ""6"": null, ""7"": null}","{""0"": 0.0, ""1"": 0.0, ""2"": null, ""3"": null, ""4"": null, ""5"": null, ""6"": null, ""7"": null}","{""0"": 250, ""1"": 250}",250,1,0,0,0,0.202,ultrasonic-not-close,KEEP_PAUSED,,,,0
886,2026-08-01T16:18:53.026+09:00,102.416,885,8.65,0,STOPPED_RED,,1,0,1,,0.000000,0.000000,0,743,green,0,unknown,0.000000,null,0.000000,0.316,,"{""0"": 250, ""1"": 250, ""2"": null, ""3"": null, ""4"": null, ""5"": null, ""6"": null, ""7"": null}","{""0"": 0.0, ""1"": 0.0, ""2"": null, ""3"": null, ""4"": null, ""5"": null, ""6"": null, ""7"": null}","{""0"": 250, ""1"": 250}",250,1,0,0,0,0.316,ultrasonic-not-close,KEEP_PAUSED,,,,0
887,2026-08-01T16:18:53.135+09:00,102.525,886,8.65,0,STOPPED_RED,,1,0,1,,0.000000,0.000000,0,743,green,0,unknown,0.000000,null,0.000000,0.310,,"{""0"": 250, ""1"": 250, ""2"": null, ""3"": null, ""4"": null, ""5"": null, ""6"": null, ""7"": null}","{""0"": 0.0, ""1"": 0.0, ""2"": null, ""3"": null, ""4"": null, ""5"": null, ""6"": null, ""7"": null}","{""0"": 250, ""1"": 250}",250,1,0,0,0,0.310,ultrasonic-not-close,KEEP_PAUSED,,,,0
888,2026-08-01T16:18:53.245+09:00,102.636,887,8.65,0,STOPPED_RED,,1,0,1,,0.000000,0.000000,0,743,green,0,unknown,0.000000,null,0.000000,0.305,,"{""0"": 250, ""1"": 250, ""2"": null, ""3"": null, ""4"": null, ""5"": null, ""6"": null, ""7"": null}","{""0"": 0.0, ""1"": 0.0, ""2"": null, ""3"": null, ""4"": null, ""5"": null, ""6"": null, ""7"": null}","{""0"": 250, ""1"": 250}",250,1,0,0,0,0.305,ultrasonic-not-close,KEEP_PAUSED,,,,0
889,2026-08-01T16:18:53.365+09:00,102.755,888,8.65,0,STOPPED_RED,,1,0,1,,0.000000,0.000000,0,743,green,0,unknown,0.000000,null,0.000000,0.199,,"{""0"": 250, ""1"": 250, ""2"": null, ""3"": null, ""4"": null, ""5"": null, ""6"": null, ""7"": null}","{""0"": 0.0, ""1"": 0.0, ""2"": null, ""3"": null, ""4"": null, ""5"": null, ""6"": null, ""7"": null}","{""0"": 250, ""1"": 250}",250,1,0,0,0,0.199,ultrasonic-not-close,KEEP_PAUSED,,,,0
890,2026-08-01T16:18:53.483+09:00,102.873,889,8.65,0,STOPPED_RED,,1,0,1,,0.000000,0.000000,0,743,green,0,unknown,0.000000,null,0.000000,0.315,,"{""0"": 250, ""1"": 250, ""2"": null, ""3"": null, ""4"": null, ""5"": null, ""6"": null, ""7"": null}","{""0"": 0.0, ""1"": 0.0, ""2"": null, ""3"": null, ""4"": null, ""5"": null, ""6"": null, ""7"": null}","{""0"": 250, ""1"": 250}",250,1,0,0,0,0.315,ultrasonic-not-close,KEEP_PAUSED,,,,0
891,2026-08-01T16:18:53.602+09:00,102.992,890,8.65,0,STOPPED_RED,,1,0,1,,0.000000,0.000000,0,743,green,0,unknown,0.000000,null,0.000000,0.325,,"{""0"": 250, ""1"": 250, ""2"": null, ""3"": null, ""4"": null, ""5"": null, ""6"": null, ""7"": null}","{""0"": 0.0, ""1"": 0.0, ""2"": null, ""3"": null, ""4"": null, ""5"": null, ""6"": null, ""7"": null}","{""0"": 250, ""1"": 250}",250,1,0,0,0,0.325,ultrasonic-not-close,KEEP_PAUSED,,,,0
892,2026-08-01T16:18:53.715+09:00,103.105,891,8.65,0,STOPPED_RED,,1,0,1,,0.000000,0.000000,0,743,green,0,unknown,0.000000,null,0.000000,0.320,,"{""0"": 250, ""1"": 250, ""2"": null, ""3"": null, ""4"": null, ""5"": null, ""6"": null, ""7"": null}","{""0"": 0.0, ""1"": 0.0, ""2"": null, ""3"": null, ""4"": null, ""5"": null, ""6"": null, ""7"": null}","{""0"": 250, ""1"": 250}",250,1,0,0,0,0.320,ultrasonic-not-close,KEEP_PAUSED,,,,0
893,2026-08-01T16:18:53.830+09:00,103.221,892,8.65,0,STOPPED_RED,,1,0,1,,0.000000,0.000000,0,743,green,0,unknown,0.000000,null,0.000000,0.197,,"{""0"": 250, ""1"": 250, ""2"": null, ""3"": null, ""4"": null, ""5"": null, ""6"": null, ""7"": null}","{""0"": 0.0, ""1"": 0.0, ""2"": null, ""3"": null, ""4"": null, ""5"": null, ""6"": null, ""7"": null}","{""0"": 250, ""1"": 250}",250,1,0,0,0,0.197,ultrasonic-not-close,KEEP_PAUSED,,,,0
894,2026-08-01T16:18:53.946+09:00,103.336,893,8.65,0,STOPPED_RED,,1,0,1,,0.000000,0.000000,0,744,green,0,unknown,0.000000,null,0.000000,0.310,,"{""0"": 250, ""1"": 250, ""2"": null, ""3"": null, ""4"": null, ""5"": null, ""6"": null, ""7"": null}","{""0"": 0.0, ""1"": 0.0, ""2"": null, ""3"": null, ""4"": null, ""5"": null, ""6"": null, ""7"": null}","{""0"": 250, ""1"": 250}",250,1,0,0,0,0.310,ultrasonic-not-close,KEEP_PAUSED,,,,0
895,2026-08-01T16:18:54.060+09:00,103.451,894,8.65,0,STOPPED_RED,,1,0,1,,0.000000,0.000000,0,742,green,0,unknown,0.000000,null,0.000000,0.314,,"{""0"": 250, ""1"": 250, ""2"": null, ""3"": null, ""4"": null, ""5"": null, ""6"": null, ""7"": null}","{""0"": 0.0, ""1"": 0.0, ""2"": null, ""3"": null, ""4"": null, ""5"": null, ""6"": null, ""7"": null}","{""0"": 250, ""1"": 250}",250,1,0,0,0,0.314,ultrasonic-not-close,KEEP_PAUSED,,,,0
896,2026-08-01T16:18:54.174+09:00,103.565,895,8.65,0,STOPPED_RED,,1,0,1,,0.000000,0.000000,0,742,green,0,unknown,0.000000,null,0.000000,0.196,,"{""0"": 250, ""1"": 250, ""2"": null, ""3"": null, ""4"": null, ""5"": null, ""6"": null, ""7"": null}","{""0"": 0.0, ""1"": 0.0, ""2"": null, ""3"": null, ""4"": null, ""5"": null, ""6"": null, ""7"": null}","{""0"": 250, ""1"": 250}",250,1,0,0,0,0.196,ultrasonic-not-close,KEEP_PAUSED,,,,0
897,2026-08-01T16:18:54.301+09:00,103.692,896,8.65,0,STOPPED_RED,,1,0,1,,0.000000,0.000000,0,743,green,0,unknown,0.000000,null,0.000000,0.322,,"{""0"": 250, ""1"": 250, ""2"": null, ""3"": null, ""4"": null, ""5"": null, ""6"": null, ""7"": null}","{""0"": 0.0, ""1"": 0.0, ""2"": null, ""3"": null, ""4"": null, ""5"": null, ""6"": null, ""7"": null}","{""0"": 250, ""1"": 250}",250,1,0,0,0,0.322,ultrasonic-not-close,KEEP_PAUSED,,,,0
898,2026-08-01T16:18:54.407+09:00,103.796,897,8.65,0,STOPPED_RED,,1,0,1,,0.000000,0.000000,0,743,green,0,unknown,0.000000,null,0.000000,0.313,,"{""0"": 250, ""1"": 250, ""2"": null, ""3"": null, ""4"": null, ""5"": null, ""6"": null, ""7"": null}","{""0"": 0.0, ""1"": 0.0, ""2"": null, ""3"": null, ""4"": null, ""5"": null, ""6"": null, ""7"": null}","{""0"": 250, ""1"": 250}",250,1,0,0,0,0.313,ultrasonic-not-close,KEEP_PAUSED,,,,0
899,2026-08-01T16:18:54.518+09:00,103.909,898,8.65,0,STOPPED_RED,,1,0,1,,0.000000,0.000000,0,743,green,0,unknown,0.000000,null,0.000000,0.312,,"{""0"": 250, ""1"": 250, ""2"": null, ""3"": null, ""4"": null, ""5"": null, ""6"": null, ""7"": null}","{""0"": 0.0, ""1"": 0.0, ""2"": null, ""3"": null, ""4"": null, ""5"": null, ""6"": null, ""7"": null}","{""0"": 250, ""1"": 250}",250,1,0,0,0,0.312,ultrasonic-not-close,KEEP_PAUSED,,,,0
900,2026-08-01T16:18:54.632+09:00,104.023,899,8.65,0,STOPPED_RED,,1,0,1,,0.000000,0.000000,0,742,green,0,unknown,0.000000,null,0.000000,0.195,,"{""0"": 250, ""1"": 250, ""2"": null, ""3"": null, ""4"": null, ""5"": null, ""6"": null, ""7"": null}","{""0"": 0.0, ""1"": 0.0, ""2"": null, ""3"": null, ""4"": null, ""5"": null, ""6"": null, ""7"": null}","{""0"": 250, ""1"": 250}",250,1,0,0,0,0.195,ultrasonic-not-close,KEEP_PAUSED,,,,0
901,2026-08-01T16:18:54.751+09:00,104.141,900,8.65,0,STOPPED_RED,,1,0,1,,0.000000,0.000000,0,743,green,0,unknown,0.000000,null,0.000000,0.313,,"{""0"": 250, ""1"": 250, ""2"": null, ""3"": null, ""4"": null, ""5"": null, ""6"": null, ""7"": null}","{""0"": 0.0, ""1"": 0.0, ""2"": null, ""3"": null, ""4"": null, ""5"": null, ""6"": null, ""7"": null}","{""0"": 250, ""1"": 250}",250,1,0,0,0,0.313,ultrasonic-not-close,KEEP_PAUSED,,,,0
902,2026-08-01T16:18:54.866+09:00,104.257,901,8.65,0,STOPPED_RED,,1,0,1,,0.000000,0.000000,0,743,green,0,unknown,0.000000,null,0.000000,0.318,,"{""0"": 250, ""1"": 250, ""2"": null, ""3"": null, ""4"": null, ""5"": null, ""6"": null, ""7"": null}","{""0"": 0.0, ""1"": 0.0, ""2"": null, ""3"": null, ""4"": null, ""5"": null, ""6"": null, ""7"": null}","{""0"": 250, ""1"": 250}",250,1,0,0,0,0.318,ultrasonic-not-close,KEEP_PAUSED,,,,0
903,2026-08-01T16:18:54.976+09:00,104.366,902,8.65,0,STOPPED_RED,,1,0,1,,0.000000,0.000000,0,743,green,0,unknown,0.000000,null,0.000000,0.193,,"{""0"": 250, ""1"": 250, ""2"": null, ""3"": null, ""4"": null, ""5"": null, ""6"": null, ""7"": null}","{""0"": 0.0, ""1"": 0.0, ""2"": null, ""3"": null, ""4"": null, ""5"": null, ""6"": null, ""7"": null}","{""0"": 250, ""1"": 250}",250,1,0,0,0,0.193,ultrasonic-not-close,KEEP_PAUSED,,,,0
904,2026-08-01T16:18:55.092+09:00,104.483,903,8.65,0,STOPPED_RED,,1,0,1,,0.000000,0.000000,0,743,green,0,unknown,0.000000,null,0.000000,0.309,,"{""0"": 250, ""1"": 250, ""2"": null, ""3"": null, ""4"": null, ""5"": null, ""6"": null, ""7"": null}","{""0"": 0.0, ""1"": 0.0, ""2"": null, ""3"": null, ""4"": null, ""5"": null, ""6"": null, ""7"": null}","{""0"": 250, ""1"": 250}",250,1,0,0,0,0.309,ultrasonic-not-close,KEEP_PAUSED,,,,0
905,2026-08-01T16:18:55.207+09:00,104.596,904,8.65,0,STOPPED_RED,,1,1,1,0.032812,0.000000,0.000000,0,745,green,0,unknown,0.000000,null,0.000000,0.310,,"{""0"": 250, ""1"": 250, ""2"": null, ""3"": null, ""4"": null, ""5"": null, ""6"": null, ""7"": null}","{""0"": 0.0, ""1"": 0.0, ""2"": null, ""3"": null, ""4"": null, ""5"": null, ""6"": null, ""7"": null}","{""0"": 250, ""1"": 250}",250,1,0,0,0,0.310,ultrasonic-not-close,KEEP_PAUSED,right,left,,0
906,2026-08-01T16:18:55.316+09:00,104.706,905,8.65,0,STOPPED_RED,,1,0,1,,0.000000,0.000000,0,744,green,0,unknown,0.000000,null,0.000000,0.309,,"{""0"": 250, ""1"": 250, ""2"": null, ""3"": null, ""4"": null, ""5"": null, ""6"": null, ""7"": null}","{""0"": 0.0, ""1"": 0.0, ""2"": null, ""3"": null, ""4"": null, ""5"": null, ""6"": null, ""7"": null}","{""0"": 250, ""1"": 250}",250,1,0,0,0,0.309,ultrasonic-not-close,KEEP_PAUSED,,,,0
907,2026-08-01T16:18:55.439+09:00,104.829,906,8.65,0,STOPPED_RED,,1,0,1,,0.000000,0.000000,0,744,green,0,unknown,0.000000,null,0.000000,0.200,,"{""0"": 250, ""1"": 250, ""2"": null, ""3"": null, ""4"": null, ""5"": null, ""6"": null, ""7"": null}","{""0"": 0.0, ""1"": 0.0, ""2"": null, ""3"": null, ""4"": null, ""5"": null, ""6"": null, ""7"": null}","{""0"": 250, ""1"": 250}",250,1,0,0,0,0.200,ultrasonic-not-close,KEEP_PAUSED,,,,0
908,2026-08-01T16:18:55.551+09:00,104.941,907,8.65,0,STOPPED_RED,,1,0,1,,0.000000,0.000000,0,742,green,0,unknown,0.000000,null,0.000000,0.311,,"{""0"": 250, ""1"": 250, ""2"": null, ""3"": null, ""4"": null, ""5"": null, ""6"": null, ""7"": null}","{""0"": 0.0, ""1"": 0.0, ""2"": null, ""3"": null, ""4"": null, ""5"": null, ""6"": null, ""7"": null}","{""0"": 250, ""1"": 250}",250,1,0,0,0,0.311,ultrasonic-not-close,KEEP_PAUSED,,,,0
909,2026-08-01T16:18:55.665+09:00,105.055,908,8.65,0,STOPPED_RED,,1,1,1,0.032589,0.000000,0.000000,0,744,green,0,unknown,0.000000,null,0.000000,0.318,,"{""0"": 250, ""1"": 250, ""2"": null, ""3"": null, ""4"": null, ""5"": null, ""6"": null, ""7"": null}","{""0"": 0.0, ""1"": 0.0, ""2"": null, ""3"": null, ""4"": null, ""5"": null, ""6"": null, ""7"": null}","{""0"": 250, ""1"": 250}",250,1,0,0,0,0.318,ultrasonic-not-close,KEEP_PAUSED,right,left,,0
910,2026-08-01T16:18:55.780+09:00,105.171,909,8.65,0,STOPPED_RED,,1,1,1,0.032812,0.000000,0.000000,0,744,green,0,unknown,0.000000,null,0.000000,0.197,,"{""0"": 250, ""1"": 250, ""2"": null, ""3"": null, ""4"": null, ""5"": null, ""6"": null, ""7"": null}","{""0"": 0.001, ""1"": 0.001, ""2"": null, ""3"": null, ""4"": null, ""5"": null, ""6"": null, ""7"": null}","{""0"": 250, ""1"": 250}",250,1,0,0,0,0.196,ultrasonic-not-close,KEEP_PAUSED,right,left,,0
911,2026-08-01T16:18:55.896+09:00,105.286,910,8.65,0,STOPPED_RED,,1,1,1,0.032812,0.000000,0.000000,0,741,green,0,unknown,0.000000,null,0.000000,0.311,,"{""0"": 250, ""1"": 250, ""2"": null, ""3"": null, ""4"": null, ""5"": null, ""6"": null, ""7"": null}","{""0"": 0.0, ""1"": 0.0, ""2"": null, ""3"": null, ""4"": null, ""5"": null, ""6"": null, ""7"": null}","{""0"": 250, ""1"": 250}",250,1,0,0,0,0.311,ultrasonic-not-close,KEEP_PAUSED,right,left,,0
912,2026-08-01T16:18:56.005+09:00,105.394,911,8.65,0,STOPPED_RED,,1,1,1,0.011621,0.000000,0.000000,0,743,green,0,unknown,0.000000,null,0.000000,0.307,,"{""0"": 250, ""1"": 250, ""2"": null, ""3"": null, ""4"": null, ""5"": null, ""6"": null, ""7"": null}","{""0"": 0.0, ""1"": 0.0, ""2"": null, ""3"": null, ""4"": null, ""5"": null, ""6"": null, ""7"": null}","{""0"": 250, ""1"": 250}",250,1,0,0,0,0.307,ultrasonic-not-close,KEEP_PAUSED,right,left,,0
913,2026-08-01T16:18:56.127+09:00,105.518,912,8.65,0,STOPPED_RED,,1,0,1,,0.000000,0.000000,0,742,green,0,unknown,0.000000,null,0.000000,0.316,,"{""0"": 250, ""1"": 250, ""2"": null, ""3"": null, ""4"": null, ""5"": null, ""6"": null, ""7"": null}","{""0"": 0.0, ""1"": 0.0, ""2"": null, ""3"": null, ""4"": null, ""5"": null, ""6"": null, ""7"": null}","{""0"": 250, ""1"": 250}",250,1,0,0,0,0.316,ultrasonic-not-close,KEEP_PAUSED,,,,0
914,2026-08-01T16:18:56.243+09:00,105.633,913,8.65,0,STOPPED_RED,,1,0,1,,0.000000,0.000000,0,743,green,0,unknown,0.000000,null,0.000000,0.431,,"{""0"": 250, ""1"": 250, ""2"": null, ""3"": null, ""4"": null, ""5"": null, ""6"": null, ""7"": null}","{""0"": 0.0, ""1"": 0.0, ""2"": null, ""3"": null, ""4"": null, ""5"": null, ""6"": null, ""7"": null}","{""0"": 250, ""1"": 250}",250,1,0,0,0,0.431,ultrasonic-not-close,KEEP_PAUSED,,,,0
915,2026-08-01T16:18:56.358+09:00,105.748,914,8.65,0,STOPPED_RED,,1,0,1,,0.000000,0.000000,0,743,green,0,unknown,0.000000,null,0.000000,0.321,,"{""0"": 250, ""1"": 250, ""2"": null, ""3"": null, ""4"": null, ""5"": null, ""6"": null, ""7"": null}","{""0"": 0.0, ""1"": 0.0, ""2"": null, ""3"": null, ""4"": null, ""5"": null, ""6"": null, ""7"": null}","{""0"": 250, ""1"": 250}",250,1,0,0,0,0.321,ultrasonic-not-close,KEEP_PAUSED,,,,0
916,2026-08-01T16:18:56.466+09:00,105.856,915,8.65,0,STOPPED_RED,,1,0,1,,0.000000,0.000000,0,743,green,0,unknown,0.000000,null,0.000000,0.309,,"{""0"": 250, ""1"": 250, ""2"": null, ""3"": null, ""4"": null, ""5"": null, ""6"": null, ""7"": null}","{""0"": 0.0, ""1"": 0.0, ""2"": null, ""3"": null, ""4"": null, ""5"": null, ""6"": null, ""7"": null}","{""0"": 250, ""1"": 250}",250,1,0,0,0,0.309,ultrasonic-not-close,KEEP_PAUSED,,,,0
917,2026-08-01T16:18:56.582+09:00,105.974,916,8.65,0,STOPPED_RED,,1,0,1,,0.000000,0.000000,0,743,green,0,unknown,0.000000,null,0.000000,0.193,,"{""0"": 250, ""1"": 250, ""2"": null, ""3"": null, ""4"": null, ""5"": null, ""6"": null, ""7"": null}","{""0"": 0.0, ""1"": 0.0, ""2"": null, ""3"": null, ""4"": null, ""5"": null, ""6"": null, ""7"": null}","{""0"": 250, ""1"": 250}",250,1,0,0,0,0.193,ultrasonic-not-close,KEEP_PAUSED,,,,0
918,2026-08-01T16:18:56.697+09:00,106.086,917,8.65,0,STOPPED_RED,,1,0,1,,0.000000,0.000000,0,743,green,0,unknown,0.000000,null,0.000000,0.306,,"{""0"": 250, ""1"": 250, ""2"": null, ""3"": null, ""4"": null, ""5"": null, ""6"": null, ""7"": null}","{""0"": 0.0, ""1"": 0.0, ""2"": null, ""3"": null, ""4"": null, ""5"": null, ""6"": null, ""7"": null}","{""0"": 250, ""1"": 250}",250,1,0,0,0,0.306,ultrasonic-not-close,KEEP_PAUSED,,,,0
919,2026-08-01T16:18:56.807+09:00,106.198,918,8.65,0,STOPPED_RED,,1,0,1,,0.000000,0.000000,0,743,green,0,unknown,0.000000,null,0.000000,0.311,,"{""0"": 250, ""1"": 250, ""2"": null, ""3"": null, ""4"": null, ""5"": null, ""6"": null, ""7"": null}","{""0"": 0.0, ""1"": 0.0, ""2"": null, ""3"": null, ""4"": null, ""5"": null, ""6"": null, ""7"": null}","{""0"": 250, ""1"": 250}",250,1,0,0,0,0.311,ultrasonic-not-close,KEEP_PAUSED,,,,0
920,2026-08-01T16:18:56.923+09:00,106.313,919,8.65,0,STOPPED_RED,,1,0,1,,0.000000,0.000000,0,743,green,0,unknown,0.000000,null,0.000000,0.193,,"{""0"": 250, ""1"": 250, ""2"": null, ""3"": null, ""4"": null, ""5"": null, ""6"": null, ""7"": null}","{""0"": 0.0, ""1"": 0.0, ""2"": null, ""3"": null, ""4"": null, ""5"": null, ""6"": null, ""7"": null}","{""0"": 250, ""1"": 250}",250,1,0,0,0,0.193,ultrasonic-not-close,KEEP_PAUSED,,,,0
921,2026-08-01T16:18:57.038+09:00,106.428,920,8.65,0,STOPPED_RED,,1,1,1,0.032812,0.000000,0.000000,0,743,green,0,unknown,0.000000,null,0.000000,0.309,,"{""0"": 250, ""1"": 250, ""2"": null, ""3"": null, ""4"": null, ""5"": null, ""6"": null, ""7"": null}","{""0"": 0.0, ""1"": 0.0, ""2"": null, ""3"": null, ""4"": null, ""5"": null, ""6"": null, ""7"": null}","{""0"": 250, ""1"": 250}",250,1,0,0,0,0.309,ultrasonic-not-close,KEEP_PAUSED,right,left,,0
922,2026-08-01T16:18:57.149+09:00,106.539,921,8.66,0,STOPPED_RED,,1,0,1,,0.000000,0.000000,0,743,green,0,unknown,0.000000,null,0.000000,0.310,,"{""0"": 250, ""1"": 250, ""2"": null, ""3"": null, ""4"": null, ""5"": null, ""6"": null, ""7"": null}","{""0"": 0.0, ""1"": 0.0, ""2"": null, ""3"": null, ""4"": null, ""5"": null, ""6"": null, ""7"": null}","{""0"": 250, ""1"": 250}",250,1,0,0,0,0.310,ultrasonic-not-close,KEEP_PAUSED,,,,0
923,2026-08-01T16:18:57.262+09:00,106.652,922,8.66,0,STOPPED_RED,,1,1,1,0.032812,0.000000,0.000000,0,743,green,0,unknown,0.000000,null,0.000000,0.308,,"{""0"": 250, ""1"": 250, ""2"": null, ""3"": null, ""4"": null, ""5"": null, ""6"": null, ""7"": null}","{""0"": 0.0, ""1"": 0.0, ""2"": null, ""3"": null, ""4"": null, ""5"": null, ""6"": null, ""7"": null}","{""0"": 250, ""1"": 250}",250,1,0,0,0,0.308,ultrasonic-not-close,KEEP_PAUSED,right,left,,0
924,2026-08-01T16:18:57.379+09:00,106.770,923,8.66,0,STOPPED_RED,,1,0,1,,0.000000,0.000000,0,742,green,0,unknown,0.000000,null,0.000000,0.198,,"{""0"": 250, ""1"": 250, ""2"": null, ""3"": null, ""4"": null, ""5"": null, ""6"": null, ""7"": null}","{""0"": 0.0, ""1"": 0.0, ""2"": null, ""3"": null, ""4"": null, ""5"": null, ""6"": null, ""7"": null}","{""0"": 250, ""1"": 250}",250,1,0,0,0,0.198,ultrasonic-not-close,KEEP_PAUSED,,,,0
925,2026-08-01T16:18:57.501+09:00,106.891,924,8.65,0,STOPPED_RED,,1,0,1,,0.000000,0.000000,0,743,green,0,unknown,0.000000,null,0.000000,0.318,,"{""0"": 250, ""1"": 250, ""2"": null, ""3"": null, ""4"": null, ""5"": null, ""6"": null, ""7"": null}","{""0"": 0.0, ""1"": 0.0, ""2"": null, ""3"": null, ""4"": null, ""5"": null, ""6"": null, ""7"": null}","{""0"": 250, ""1"": 250}",250,1,0,0,0,0.318,ultrasonic-not-close,KEEP_PAUSED,,,,0
926,2026-08-01T16:18:57.609+09:00,106.999,925,8.66,0,STOPPED_RED,,1,1,1,0.032812,0.000000,0.000000,0,742,green,0,unknown,0.000000,null,0.000000,0.317,,"{""0"": 250, ""1"": 250, ""2"": null, ""3"": null, ""4"": null, ""5"": null, ""6"": null, ""7"": null}","{""0"": 0.0, ""1"": 0.0, ""2"": null, ""3"": null, ""4"": null, ""5"": null, ""6"": null, ""7"": null}","{""0"": 250, ""1"": 250}",250,1,0,0,0,0.317,ultrasonic-not-close,KEEP_PAUSED,right,left,,0
927,2026-08-01T16:18:57.721+09:00,107.111,926,8.66,0,STOPPED_RED,,1,0,1,,0.000000,0.000000,0,743,green,0,unknown,0.000000,null,0.000000,0.311,,"{""0"": 250, ""1"": 250, ""2"": null, ""3"": null, ""4"": null, ""5"": null, ""6"": null, ""7"": null}","{""0"": 0.0, ""1"": 0.0, ""2"": null, ""3"": null, ""4"": null, ""5"": null, ""6"": null, ""7"": null}","{""0"": 250, ""1"": 250}",250,1,0,0,0,0.311,ultrasonic-not-close,KEEP_PAUSED,,,,0
928,2026-08-01T16:18:57.844+09:00,107.234,927,8.65,0,STOPPED_RED,,1,0,1,,0.000000,0.000000,0,743,green,0,unknown,0.000000,null,0.000000,0.434,,"{""0"": 250, ""1"": 250, ""2"": null, ""3"": null, ""4"": null, ""5"": null, ""6"": null, ""7"": null}","{""0"": 0.0, ""1"": 0.0, ""2"": null, ""3"": null, ""4"": null, ""5"": null, ""6"": null, ""7"": null}","{""0"": 250, ""1"": 250}",250,1,0,0,0,0.434,ultrasonic-not-close,KEEP_PAUSED,,,,0
929,2026-08-01T16:18:57.954+09:00,107.344,928,8.66,0,STOPPED_RED,,1,0,1,,0.000000,0.000000,0,743,green,0,unknown,0.000000,null,0.000000,0.313,,"{""0"": 250, ""1"": 250, ""2"": null, ""3"": null, ""4"": null, ""5"": null, ""6"": null, ""7"": null}","{""0"": 0.0, ""1"": 0.0, ""2"": null, ""3"": null, ""4"": null, ""5"": null, ""6"": null, ""7"": null}","{""0"": 250, ""1"": 250}",250,1,0,0,0,0.313,ultrasonic-not-close,KEEP_PAUSED,,,,0
930,2026-08-01T16:18:58.064+09:00,107.455,929,8.66,0,STOPPED_RED,,1,0,1,,0.000000,0.000000,0,744,green,0,unknown,0.000000,null,0.000000,0.313,,"{""0"": 250, ""1"": 250, ""2"": null, ""3"": null, ""4"": null, ""5"": null, ""6"": null, ""7"": null}","{""0"": 0.0, ""1"": 0.0, ""2"": null, ""3"": null, ""4"": null, ""5"": null, ""6"": null, ""7"": null}","{""0"": 250, ""1"": 250}",250,1,0,0,0,0.313,ultrasonic-not-close,KEEP_PAUSED,,,,0
931,2026-08-01T16:18:58.190+09:00,107.571,930,8.66,0,STOPPED_RED,,1,1,1,0.032366,0.000000,0.000000,0,742,green,0,unknown,0.000000,null,0.000000,0.194,,"{""0"": 250, ""1"": 250, ""2"": null, ""3"": null, ""4"": null, ""5"": null, ""6"": null, ""7"": null}","{""0"": 0.0, ""1"": 0.0, ""2"": null, ""3"": null, ""4"": null, ""5"": null, ""6"": null, ""7"": null}","{""0"": 250, ""1"": 250}",250,1,0,0,0,0.194,ultrasonic-not-close,KEEP_PAUSED,right,left,,0
932,2026-08-01T16:18:58.306+09:00,107.696,931,8.65,0,STOPPED_RED,,1,1,1,0.032366,0.000000,0.000000,0,742,green,0,unknown,0.000000,null,0.000000,0.318,,"{""0"": 250, ""1"": 250, ""2"": null, ""3"": null, ""4"": null, ""5"": null, ""6"": null, ""7"": null}","{""0"": 0.0, ""1"": 0.0, ""2"": null, ""3"": null, ""4"": null, ""5"": null, ""6"": null, ""7"": null}","{""0"": 250, ""1"": 250}",250,1,0,0,0,0.318,ultrasonic-not-close,KEEP_PAUSED,right,left,,0
933,2026-08-01T16:18:58.414+09:00,107.804,932,8.66,0,STOPPED_RED,,1,1,1,0.032812,0.000000,0.000000,0,743,green,0,unknown,0.000000,null,0.000000,0.319,,"{""0"": 250, ""1"": 250, ""2"": null, ""3"": null, ""4"": null, ""5"": null, ""6"": null, ""7"": null}","{""0"": 0.0, ""1"": 0.0, ""2"": null, ""3"": null, ""4"": null, ""5"": null, ""6"": null, ""7"": null}","{""0"": 250, ""1"": 250}",250,1,0,0,0,0.319,ultrasonic-not-close,KEEP_PAUSED,right,left,,0
934,2026-08-01T16:18:58.529+09:00,107.919,933,8.66,0,STOPPED_RED,,1,1,1,0.010991,0.000000,0.000000,0,743,green,0,unknown,0.000000,null,0.000000,0.309,,"{""0"": 250, ""1"": 250, ""2"": null, ""3"": null, ""4"": null, ""5"": null, ""6"": null, ""7"": null}","{""0"": 0.0, ""1"": 0.0, ""2"": null, ""3"": null, ""4"": null, ""5"": null, ""6"": null, ""7"": null}","{""0"": 250, ""1"": 250}",250,1,0,0,0,0.309,ultrasonic-not-close,KEEP_PAUSED,right,left,,0
935,2026-08-01T16:18:58.660+09:00,108.050,934,8.65,0,STOPPED_RED,,1,1,1,0.010059,0.000000,0.000000,0,741,green,0,unknown,0.000000,null,0.000000,0.214,,"{""0"": 250, ""1"": 250, ""2"": null, ""3"": null, ""4"": null, ""5"": null, ""6"": null, ""7"": null}","{""0"": 0.0, ""1"": 0.0, ""2"": null, ""3"": null, ""4"": null, ""5"": null, ""6"": null, ""7"": null}","{""0"": 250, ""1"": 250}",250,1,0,0,0,0.214,ultrasonic-not-close,KEEP_PAUSED,right,left,,0
936,2026-08-01T16:18:58.780+09:00,108.170,935,8.65,0,DRIVING,state:STOPPED_RED->DRIVING,0,1,0,-0.011376,0.000000,0.000000,0,741,green,0,unknown,0.000000,null,0.000000,0.333,,"{""0"": 250, ""1"": 250, ""2"": null, ""3"": null, ""4"": null, ""5"": null, ""6"": null, ""7"": null}","{""0"": 0.0, ""1"": 0.0, ""2"": null, ""3"": null, ""4"": null, ""5"": null, ""6"": null, ""7"": null}","{""0"": 250, ""1"": 250}",250,1,0,0,0,0.333,ultrasonic-not-close,KEEP_PAUSED,right,left,,0
937,2026-08-01T16:18:58.898+09:00,108.288,936,8.65,0,DRIVING,,0,1,0,-0.043304,0.167903,0.167903,0,742,unknown,0,unknown,0.000000,null,0.000000,0.336,,"{""0"": 250, ""1"": 250, ""2"": null, ""3"": null, ""4"": null, ""5"": null, ""6"": null, ""7"": null}","{""0"": 0.0, ""1"": 0.0, ""2"": null, ""3"": null, ""4"": null, ""5"": null, ""6"": null, ""7"": null}","{""0"": 250, ""1"": 250}",250,1,0,0,0,0.336,ultrasonic-not-close,KEEP_PAUSED,right,left,,0
938,2026-08-01T16:18:59.012+09:00,108.403,937,8.65,0,DRIVING,,0,1,0,-0.051685,0.171090,0.171090,0,742,unknown,0,unknown,0.000000,null,0.000000,0.200,,"{""0"": 250, ""1"": 250, ""2"": null, ""3"": null, ""4"": null, ""5"": null, ""6"": null, ""7"": null}","{""0"": 0.0, ""1"": 0.0, ""2"": null, ""3"": null, ""4"": null, ""5"": null, ""6"": null, ""7"": null}","{""0"": 250, ""1"": 250}",250,1,0,0,0,0.200,ultrasonic-not-close,KEEP_PAUSED,right,left,,0
939,2026-08-01T16:18:59.125+09:00,108.516,938,8.65,0,DRIVING,,0,1,0,-0.005028,-0.020293,-0.020293,0,741,red,0,unknown,0.000000,null,0.000000,0.313,,"{""0"": 250, ""1"": 250, ""2"": null, ""3"": null, ""4"": null, ""5"": null, ""6"": null, ""7"": null}","{""0"": 0.0, ""1"": 0.0, ""2"": null, ""3"": null, ""4"": null, ""5"": null, ""6"": null, ""7"": null}","{""0"": 250, ""1"": 250}",250,1,0,0,0,0.313,ultrasonic-not-close,KEEP_PAUSED,right,left,,0
940,2026-08-01T16:18:59.235+09:00,108.626,939,8.65,0,DRIVING,,0,1,0,0.037734,-0.165434,-0.165434,0,741,red,0,unknown,0.000000,null,0.000000,0.305,,"{""0"": 250, ""1"": 250, ""2"": null, ""3"": null, ""4"": null, ""5"": null, ""6"": null, ""7"": null}","{""0"": 0.0, ""1"": 0.0, ""2"": null, ""3"": null, ""4"": null, ""5"": null, ""6"": null, ""7"": null}","{""0"": 250, ""1"": 250}",250,1,0,0,0,0.305,ultrasonic-not-close,KEEP_PAUSED,right,left,,0
941,2026-08-01T16:18:59.345+09:00,108.735,940,8.65,0,DRIVING,,0,1,0,0.118789,-0.427977,-0.427977,0,741,red,0,unknown,0.000000,null,0.000000,0.302,,"{""0"": 250, ""1"": 250, ""2"": null, ""3"": null, ""4"": null, ""5"": null, ""6"": null, ""7"": null}","{""0"": 0.0, ""1"": 0.0, ""2"": null, ""3"": null, ""4"": null, ""5"": null, ""6"": null, ""7"": null}","{""0"": 250, ""1"": 250}",250,1,0,0,0,0.302,ultrasonic-not-close,KEEP_PAUSED,right,left,,0
942,2026-08-01T16:18:59.465+09:00,108.856,941,8.65,0,DRIVING,,0,1,0,0.170143,-0.548605,-0.548605,0,741,red,0,unknown,0.000000,null,0.000000,0.200,,"{""0"": 250, ""1"": 250, ""2"": null, ""3"": null, ""4"": null, ""5"": null, ""6"": null, ""7"": null}","{""0"": 0.0, ""1"": 0.0, ""2"": null, ""3"": null, ""4"": null, ""5"": null, ""6"": null, ""7"": null}","{""0"": 250, ""1"": 250}",250,1,0,0,0,0.200,ultrasonic-not-close,KEEP_PAUSED,right,left,,0
943,2026-08-01T16:18:59.581+09:00,108.971,942,8.65,0,DRIVING,,0,1,0,0.223438,-0.667760,-0.667760,0,742,unknown,0,unknown,0.000000,null,0.000000,0.313,,"{""0"": 250, ""1"": 250, ""2"": null, ""3"": null, ""4"": null, ""5"": null, ""6"": null, ""7"": null}","{""0"": 0.0, ""1"": 0.0, ""2"": null, ""3"": null, ""4"": null, ""5"": null, ""6"": null, ""7"": null}","{""0"": 250, ""1"": 250}",250,1,0,0,0,0.313,ultrasonic-not-close,KEEP_PAUSED,right,left,,0
944,2026-08-01T16:18:59.696+09:00,109.087,943,8.65,0,DRIVING,,0,0,0,,-0.667760,-0.667760,0,741,unknown,0,unknown,0.000000,null,0.000000,0.321,,"{""0"": 250, ""1"": 250, ""2"": null, ""3"": null, ""4"": null, ""5"": null, ""6"": null, ""7"": null}","{""0"": 0.0, ""1"": 0.0, ""2"": null, ""3"": null, ""4"": null, ""5"": null, ""6"": null, ""7"": null}","{""0"": 250, ""1"": 250}",250,1,0,0,0,0.321,ultrasonic-not-close,KEEP_PAUSED,,,,1
945,2026-08-01T16:18:59.815+09:00,109.206,944,8.65,0,DRIVING,,0,1,0,-0.036607,0.348072,0.348072,0,742,green,0,unknown,0.000000,null,0.000000,0.318,,"{""0"": 250, ""1"": 250, ""2"": null, ""3"": null, ""4"": null, ""5"": null, ""6"": null, ""7"": null}","{""0"": 0.0, ""1"": 0.0, ""2"": null, ""3"": null, ""4"": null, ""5"": null, ""6"": null, ""7"": null}","{""0"": 250, ""1"": 250}",250,1,0,0,0,0.318,ultrasonic-not-close,KEEP_PAUSED,left,right,,0
946,2026-08-01T16:18:59.936+09:00,109.326,945,8.65,0,DRIVING,,0,1,0,-0.016964,0.192704,0.192704,0,741,green,0,unknown,0.000000,null,0.000000,0.207,,"{""0"": 250, ""1"": 250, ""2"": null, ""3"": null, ""4"": null, ""5"": null, ""6"": null, ""7"": null}","{""0"": 0.0, ""1"": 0.0, ""2"": null, ""3"": null, ""4"": null, ""5"": null, ""6"": null, ""7"": null}","{""0"": 250, ""1"": 250}",250,1,0,0,0,0.207,ultrasonic-not-close,KEEP_PAUSED,left,right,,0
947,2026-08-01T16:19:00.052+09:00,109.442,946,8.65,0,DRIVING,,0,1,0,0.002009,0.075750,0.075750,0,741,green,0,unknown,0.000000,null,0.000000,0.324,,"{""0"": 250, ""1"": 250, ""2"": null, ""3"": null, ""4"": null, ""5"": null, ""6"": null, ""7"": null}","{""0"": 0.0, ""1"": 0.0, ""2"": null, ""3"": null, ""4"": null, ""5"": null, ""6"": null, ""7"": null}","{""0"": 250, ""1"": 250}",250,1,0,0,0,0.324,ultrasonic-not-close,KEEP_PAUSED,left,right,,0
948,2026-08-01T16:19:00.169+09:00,109.559,947,8.65,0,DRIVING,,0,1,0,-0.004576,0.075646,0.075646,0,741,green,0,unknown,0.000000,null,0.000000,0.321,,"{""0"": 250, ""1"": 250, ""2"": null, ""3"": null, ""4"": null, ""5"": null, ""6"": null, ""7"": null}","{""0"": 0.0, ""1"": 0.0, ""2"": null, ""3"": null, ""4"": null, ""5"": null, ""6"": null, ""7"": null}","{""0"": 250, ""1"": 250}",250,1,0,0,0,0.321,ultrasonic-not-close,KEEP_PAUSED,left,right,,0
949,2026-08-01T16:19:00.285+09:00,109.675,948,8.65,0,DRIVING,,0,1,0,-0.012718,0.084733,0.084733,0,741,green,0,unknown,0.000000,null,0.000000,0.200,,"{""0"": 250, ""1"": 250, ""2"": null, ""3"": null, ""4"": null, ""5"": null, ""6"": null, ""7"": null}","{""0"": 0.0, ""1"": 0.0, ""2"": null, ""3"": null, ""4"": null, ""5"": null, ""6"": null, ""7"": null}","{""0"": 250, ""1"": 250}",250,1,0,0,0,0.200,ultrasonic-not-close,KEEP_PAUSED,left,right,,0
950,2026-08-01T16:19:00.407+09:00,109.797,949,8.65,0,DRIVING,,0,1,0,-0.016253,0.078907,0.078907,0,741,green,0,unknown,0.000000,null,0.000000,0.320,,"{""0"": 250, ""1"": 250, ""2"": null, ""3"": null, ""4"": null, ""5"": null, ""6"": null, ""7"": null}","{""0"": 0.0, ""1"": 0.0, ""2"": null, ""3"": null, ""4"": null, ""5"": null, ""6"": null, ""7"": null}","{""0"": 250, ""1"": 250}",250,1,0,0,0,0.320,ultrasonic-not-close,KEEP_PAUSED,left,right,,0
951,2026-08-01T16:19:00.521+09:00,109.911,950,8.65,0,DRIVING,,0,1,0,-0.021130,0.081570,0.081570,0,741,green,0,unknown,0.000000,null,0.000000,0.321,,"{""0"": 250, ""1"": 250, ""2"": null, ""3"": null, ""4"": null, ""5"": null, ""6"": null, ""7"": null}","{""0"": 0.0, ""1"": 0.0, ""2"": null, ""3"": null, ""4"": null, ""5"": null, ""6"": null, ""7"": null}","{""0"": 250, ""1"": 250}",250,1,0,0,0,0.321,ultrasonic-not-close,KEEP_PAUSED,left,right,,0
952,2026-08-01T16:19:00.638+09:00,110.028,951,8.65,0,DRIVING,,0,1,0,-0.037137,0.126135,0.126135,0,742,green,0,unknown,0.000000,null,0.000000,0.322,,"{""0"": 250, ""1"": 250, ""2"": null, ""3"": null, ""4"": null, ""5"": null, ""6"": null, ""7"": null}","{""0"": 0.0, ""1"": 0.0, ""2"": null, ""3"": null, ""4"": null, ""5"": null, ""6"": null, ""7"": null}","{""0"": 250, ""1"": 250}",250,1,0,0,0,0.322,ultrasonic-not-close,KEEP_PAUSED,left,right,,0
953,2026-08-01T16:19:00.759+09:00,110.149,952,8.65,0,DRIVING,,0,1,0,-0.058954,0.186888,0.186888,0,742,green,0,unknown,0.000000,null,0.000000,0.207,,"{""0"": 250, ""1"": 250, ""2"": null, ""3"": null, ""4"": null, ""5"": null, ""6"": null, ""7"": null}","{""0"": 0.0, ""1"": 0.0, ""2"": null, ""3"": null, ""4"": null, ""5"": null, ""6"": null, ""7"": null}","{""0"": 250, ""1"": 250}",250,1,0,0,0,0.207,ultrasonic-not-close,KEEP_PAUSED,left,right,,0
954,2026-08-01T16:19:00.885+09:00,110.275,953,8.65,0,DRIVING,,0,1,0,-0.079509,0.236655,0.236655,0,743,green,0,unknown,0.000000,null,0.000000,0.332,,"{""0"": 250, ""1"": 250, ""2"": null, ""3"": null, ""4"": null, ""5"": null, ""6"": null, ""7"": null}","{""0"": 0.0, ""1"": 0.0, ""2"": null, ""3"": null, ""4"": null, ""5"": null, ""6"": null, ""7"": null}","{""0"": 250, ""1"": 250}",250,1,0,0,0,0.332,ultrasonic-not-close,KEEP_PAUSED,left,right,,0
955,2026-08-01T16:19:01.006+09:00,110.396,954,8.65,0,DRIVING,,0,1,0,-0.101928,0.289302,0.289302,0,740,green,0,unknown,0.000000,null,0.000000,0.335,,"{""0"": 250, ""1"": 250, ""2"": null, ""3"": null, ""4"": null, ""5"": null, ""6"": null, ""7"": null}","{""0"": 0.0, ""1"": 0.0, ""2"": null, ""3"": null, ""4"": null, ""5"": null, ""6"": null, ""7"": null}","{""0"": 250, ""1"": 250}",250,1,0,0,0,0.335,ultrasonic-not-close,KEEP_PAUSED,left,right,,0
956,2026-08-01T16:19:01.125+09:00,110.515,955,8.65,0,DRIVING,,0,1,0,-0.113714,0.299981,0.299981,0,741,green,0,unknown,0.000000,null,0.000000,0.332,,"{""0"": 250, ""1"": 250, ""2"": null, ""3"": null, ""4"": null, ""5"": null, ""6"": null, ""7"": null}","{""0"": 0.0, ""1"": 0.0, ""2"": null, ""3"": null, ""4"": null, ""5"": null, ""6"": null, ""7"": null}","{""0"": 250, ""1"": 250}",250,1,0,0,0,0.332,ultrasonic-not-close,KEEP_PAUSED,left,right,,0
957,2026-08-01T16:19:01.246+09:00,110.636,956,8.65,0,DRIVING,,0,1,0,-0.113878,0.271985,0.271985,0,742,green,0,unknown,0.000000,null,0.000000,0.208,,"{""0"": 250, ""1"": 250, ""2"": null, ""3"": null, ""4"": null, ""5"": null, ""6"": null, ""7"": null}","{""0"": 0.0, ""1"": 0.0, ""2"": null, ""3"": null, ""4"": null, ""5"": null, ""6"": null, ""7"": null}","{""0"": 250, ""1"": 250}",250,1,0,0,0,0.208,ultrasonic-not-close,KEEP_PAUSED,left,right,,0
958,2026-08-01T16:19:01.368+09:00,110.757,957,8.65,0,DRIVING,,0,1,0,-0.115167,0.256524,0.256524,0,740,green,0,unknown,0.000000,null,0.000000,0.328,,"{""0"": 250, ""1"": 250, ""2"": null, ""3"": null, ""4"": null, ""5"": null, ""6"": null, ""7"": null}","{""0"": 0.0, ""1"": 0.0, ""2"": null, ""3"": null, ""4"": null, ""5"": null, ""6"": null, ""7"": null}","{""0"": 250, ""1"": 250}",250,1,0,0,0,0.328,ultrasonic-not-close,KEEP_PAUSED,left,right,,0
959,2026-08-01T16:19:01.478+09:00,110.868,958,8.65,0,DRIVING,,0,1,0,-0.115935,0.244520,0.244520,0,741,green,0,unknown,0.000000,null,0.000000,0.321,,"{""0"": 250, ""1"": 250, ""2"": null, ""3"": null, ""4"": null, ""5"": null, ""6"": null, ""7"": null}","{""0"": 0.0, ""1"": 0.0, ""2"": null, ""3"": null, ""4"": null, ""5"": null, ""6"": null, ""7"": null}","{""0"": 250, ""1"": 250}",250,1,0,0,0,0.321,ultrasonic-not-close,KEEP_PAUSED,left,right,,0
960,2026-08-01T16:19:01.593+09:00,110.983,959,8.65,0,DRIVING,,0,1,0,-0.115770,0.233176,0.233176,0,742,green,0,unknown,0.000000,null,0.000000,0.316,,"{""0"": 250, ""1"": 250, ""2"": null, ""3"": null, ""4"": null, ""5"": null, ""6"": null, ""7"": null}","{""0"": 0.0, ""1"": 0.0, ""2"": null, ""3"": null, ""4"": null, ""5"": null, ""6"": null, ""7"": null}","{""0"": 250, ""1"": 250}",250,1,0,0,0,0.316,ultrasonic-not-close,KEEP_PAUSED,left,right,,0
961,2026-08-01T16:19:01.713+09:00,111.104,960,8.65,0,DRIVING,,0,1,0,-0.116099,0.226924,0.226924,0,740,green,0,unknown,0.000000,null,0.000000,0.204,,"{""0"": 250, ""1"": 250, ""2"": null, ""3"": null, ""4"": null, ""5"": null, ""6"": null, ""7"": null}","{""0"": 0.0, ""1"": 0.0, ""2"": null, ""3"": null, ""4"": null, ""5"": null, ""6"": null, ""7"": null}","{""0"": 250, ""1"": 250}",250,1,0,0,0,0.204,ultrasonic-not-close,KEEP_PAUSED,left,right,,0
962,2026-08-01T16:19:01.833+09:00,111.223,961,8.65,0,DRIVING,,0,1,0,-0.117963,0.228250,0.228250,0,741,green,0,unknown,0.000000,null,0.000000,0.322,,"{""0"": 250, ""1"": 250, ""2"": null, ""3"": null, ""4"": null, ""5"": null, ""6"": null, ""7"": null}","{""0"": 0.0, ""1"": 0.0, ""2"": null, ""3"": null, ""4"": null, ""5"": null, ""6"": null, ""7"": null}","{""0"": 250, ""1"": 250}",250,1,0,0,0,0.322,ultrasonic-not-close,KEEP_PAUSED,left,right,,0
963,2026-08-01T16:19:01.942+09:00,111.333,962,8.65,0,DRIVING,,0,1,0,-0.119992,0.230778,0.230778,0,741,green,0,unknown,0.000000,null,0.000000,0.318,,"{""0"": 250, ""1"": 250, ""2"": null, ""3"": null, ""4"": null, ""5"": null, ""6"": null, ""7"": null}","{""0"": 0.0, ""1"": 0.0, ""2"": null, ""3"": null, ""4"": null, ""5"": null, ""6"": null, ""7"": null}","{""0"": 250, ""1"": 250}",250,1,0,0,0,0.318,ultrasonic-not-close,KEEP_PAUSED,left,right,,0
964,2026-08-01T16:19:02.061+09:00,111.453,963,8.65,0,DRIVING,,0,1,0,-0.118786,0.222001,0.222001,0,741,green,0,unknown,0.000000,null,0.000000,0.198,,"{""0"": 250, ""1"": 250, ""2"": null, ""3"": null, ""4"": null, ""5"": null, ""6"": null, ""7"": null}","{""0"": 0.0, ""1"": 0.0, ""2"": null, ""3"": null, ""4"": null, ""5"": null, ""6"": null, ""7"": null}","{""0"": 250, ""1"": 250}",250,1,0,0,0,0.198,ultrasonic-not-close,KEEP_PAUSED,left,right,,0
965,2026-08-01T16:19:02.184+09:00,111.575,964,8.65,0,DRIVING,,0,1,0,-0.116814,0.212444,0.212444,0,742,green,0,unknown,0.000000,null,0.000000,0.318,,"{""0"": 250, ""1"": 250, ""2"": null, ""3"": null, ""4"": null, ""5"": null, ""6"": null, ""7"": null}","{""0"": 0.0, ""1"": 0.0, ""2"": null, ""3"": null, ""4"": null, ""5"": null, ""6"": null, ""7"": null}","{""0"": 250, ""1"": 250}",250,1,0,0,0,0.318,ultrasonic-not-close,KEEP_PAUSED,left,right,,0
966,2026-08-01T16:19:02.299+09:00,111.690,965,8.65,0,DRIVING,,0,1,0,-0.116484,0.210605,0.210605,0,741,green,0,unknown,0.000000,null,0.000000,0.327,,"{""0"": 250, ""1"": 250, ""2"": null, ""3"": null, ""4"": null, ""5"": null, ""6"": null, ""7"": null}","{""0"": 0.0, ""1"": 0.0, ""2"": null, ""3"": null, ""4"": null, ""5"": null, ""6"": null, ""7"": null}","{""0"": 250, ""1"": 250}",250,1,0,0,0,0.327,ultrasonic-not-close,KEEP_PAUSED,left,right,,0
967,2026-08-01T16:19:02.418+09:00,111.809,966,8.65,0,DRIVING,,0,1,0,-0.114512,0.203223,0.203223,0,741,green,0,unknown,0.000000,null,0.000000,0.325,,"{""0"": 250, ""1"": 250, ""2"": null, ""3"": null, ""4"": null, ""5"": null, ""6"": null, ""7"": null}","{""0"": 0.0, ""1"": 0.0, ""2"": null, ""3"": null, ""4"": null, ""5"": null, ""6"": null, ""7"": null}","{""0"": 250, ""1"": 250}",250,1,0,0,0,0.325,ultrasonic-not-close,KEEP_PAUSED,left,right,,0
968,2026-08-01T16:19:02.545+09:00,111.935,967,8.65,0,DRIVING,,0,1,0,-0.110868,0.190974,0.190974,0,742,green,0,unknown,0.000000,null,0.000000,0.213,,"{""0"": 250, ""1"": 250, ""2"": null, ""3"": null, ""4"": null, ""5"": null, ""6"": null, ""7"": null}","{""0"": 0.0, ""1"": 0.0, ""2"": null, ""3"": null, ""4"": null, ""5"": null, ""6"": null, ""7"": null}","{""0"": 250, ""1"": 250}",250,1,0,0,0,0.213,ultrasonic-not-close,KEEP_PAUSED,left,right,,0
969,2026-08-01T16:19:02.663+09:00,112.053,968,8.65,0,DRIVING,,0,1,0,-0.106730,0.178654,0.178654,0,741,green,0,unknown,0.000000,null,0.000000,0.330,,"{""0"": 250, ""1"": 250, ""2"": null, ""3"": null, ""4"": null, ""5"": null, ""6"": null, ""7"": null}","{""0"": 0.0, ""1"": 0.0, ""2"": null, ""3"": null, ""4"": null, ""5"": null, ""6"": null, ""7"": null}","{""0"": 250, ""1"": 250}",250,1,0,0,0,0.330,ultrasonic-not-close,KEEP_PAUSED,left,right,,0
970,2026-08-01T16:19:02.781+09:00,112.171,969,8.65,0,DRIVING,,0,1,0,-0.100865,0.161578,0.161578,0,741,green,0,unknown,0.000000,null,0.000000,0.331,,"{""0"": 250, ""1"": 250, ""2"": null, ""3"": null, ""4"": null, ""5"": null, ""6"": null, ""7"": null}","{""0"": 0.0, ""1"": 0.0, ""2"": null, ""3"": null, ""4"": null, ""5"": null, ""6"": null, ""7"": null}","{""0"": 250, ""1"": 250}",250,1,0,0,0,0.331,ultrasonic-not-close,KEEP_PAUSED,left,right,,0
971,2026-08-01T16:19:02.901+09:00,112.291,970,8.65,0,DRIVING,,0,1,0,-0.099194,0.161555,0.161555,0,741,green,0,unknown,0.000000,null,0.000000,0.325,,"{""0"": 250, ""1"": 250, ""2"": null, ""3"": null, ""4"": null, ""5"": null, ""6"": null, ""7"": null}","{""0"": 0.0, ""1"": 0.0, ""2"": null, ""3"": null, ""4"": null, ""5"": null, ""6"": null, ""7"": null}","{""0"": 250, ""1"": 250}",250,1,0,0,0,0.325,ultrasonic-not-close,KEEP_PAUSED,left,right,,0
972,2026-08-01T16:19:03.013+09:00,112.404,971,8.65,0,DRIVING,,0,1,0,-0.099358,0.167246,0.167246,0,741,green,0,unknown,0.000000,null,0.000000,0.201,,"{""0"": 250, ""1"": 250, ""2"": null, ""3"": null, ""4"": null, ""5"": null, ""6"": null, ""7"": null}","{""0"": 0.0, ""1"": 0.0, ""2"": null, ""3"": null, ""4"": null, ""5"": null, ""6"": null, ""7"": null}","{""0"": 250, ""1"": 250}",250,1,0,0,0,0.201,ultrasonic-not-close,KEEP_PAUSED,left,right,,0
973,2026-08-01T16:19:03.131+09:00,112.521,972,8.65,0,DRIVING,,0,1,0,-0.097988,0.165794,0.165794,0,741,green,0,unknown,0.000000,null,0.000000,0.317,,"{""0"": 250, ""1"": 250, ""2"": null, ""3"": null, ""4"": null, ""5"": null, ""6"": null, ""7"": null}","{""0"": 0.0, ""1"": 0.0, ""2"": null, ""3"": null, ""4"": null, ""5"": null, ""6"": null, ""7"": null}","{""0"": 250, ""1"": 250}",250,1,0,0,0,0.317,ultrasonic-not-close,KEEP_PAUSED,left,right,,0
974,2026-08-01T16:19:03.251+09:00,112.641,973,8.65,0,DRIVING,,0,1,0,-0.097386,0.166800,0.166800,0,741,green,0,unknown,0.000000,null,0.000000,0.319,,"{""0"": 250, ""1"": 250, ""2"": null, ""3"": null, ""4"": null, ""5"": null, ""6"": null, ""7"": null}","{""0"": 0.0, ""1"": 0.0, ""2"": null, ""3"": null, ""4"": null, ""5"": null, ""6"": null, ""7"": null}","{""0"": 250, ""1"": 250}",250,1,0,0,0,0.319,ultrasonic-not-close,KEEP_PAUSED,left,right,,0
975,2026-08-01T16:19:03.366+09:00,112.756,974,8.65,0,DRIVING,,0,1,0,-0.098044,0.171718,0.171718,0,741,green,0,unknown,0.000000,null,0.000000,0.320,,"{""0"": 250, ""1"": 250, ""2"": null, ""3"": null, ""4"": null, ""5"": null, ""6"": null, ""7"": null}","{""0"": 0.0, ""1"": 0.0, ""2"": null, ""3"": null, ""4"": null, ""5"": null, ""6"": null, ""7"": null}","{""0"": 250, ""1"": 250}",250,1,0,0,0,0.320,ultrasonic-not-close,KEEP_PAUSED,left,right,,0
976,2026-08-01T16:19:03.487+09:00,112.877,975,8.65,0,DRIVING,,0,1,0,-0.097305,0.170485,0.170485,0,741,green,0,unknown,0.000000,null,0.000000,0.205,,"{""0"": 250, ""1"": 250, ""2"": null, ""3"": null, ""4"": null, ""5"": null, ""6"": null, ""7"": null}","{""0"": 0.0, ""1"": 0.0, ""2"": null, ""3"": null, ""4"": null, ""5"": null, ""6"": null, ""7"": null}","{""0"": 250, ""1"": 250}",250,1,0,0,0,0.205,ultrasonic-not-close,KEEP_PAUSED,left,right,,0
977,2026-08-01T16:19:03.610+09:00,113.000,976,8.65,0,DRIVING,,0,1,0,-0.098128,0.174847,0.174847,0,741,green,0,unknown,0.000000,null,0.000000,0.326,,"{""0"": 250, ""1"": 250, ""2"": null, ""3"": null, ""4"": null, ""5"": null, ""6"": null, ""7"": null}","{""0"": 0.0, ""1"": 0.0, ""2"": null, ""3"": null, ""4"": null, ""5"": null, ""6"": null, ""7"": null}","{""0"": 250, ""1"": 250}",250,1,0,0,0,0.326,ultrasonic-not-close,KEEP_PAUSED,left,right,,0
978,2026-08-01T16:19:03.718+09:00,113.108,977,8.65,0,DRIVING,,0,1,0,-0.098758,0.177652,0.177652,0,741,green,0,unknown,0.000000,null,0.000000,0.320,,"{""0"": 250, ""1"": 250, ""2"": null, ""3"": null, ""4"": null, ""5"": null, ""6"": null, ""7"": null}","{""0"": 0.0, ""1"": 0.0, ""2"": null, ""3"": null, ""4"": null, ""5"": null, ""6"": null, ""7"": null}","{""0"": 250, ""1"": 250}",250,1,0,0,0,0.320,ultrasonic-not-close,KEEP_PAUSED,left,right,,0
979,2026-08-01T16:19:03.833+09:00,113.223,978,8.65,0,DRIVING,,0,1,0,-0.101116,0.186174,0.186174,0,741,green,0,unknown,0.000000,null,0.000000,0.191,,"{""0"": 250, ""1"": 250, ""2"": null, ""3"": null, ""4"": null, ""5"": null, ""6"": null, ""7"": null}","{""0"": 0.0, ""1"": 0.0, ""2"": null, ""3"": null, ""4"": null, ""5"": null, ""6"": null, ""7"": null}","{""0"": 250, ""1"": 250}",250,1,0,0,0,0.191,ultrasonic-not-close,KEEP_PAUSED,left,right,,0
980,2026-08-01T16:19:03.953+09:00,113.342,979,8.65,0,DRIVING,,0,1,0,-0.103036,0.191835,0.191835,0,741,green,0,unknown,0.000000,null,0.000000,0.310,,"{""0"": 250, ""1"": 250, ""2"": null, ""3"": null, ""4"": null, ""5"": null, ""6"": null, ""7"": null}","{""0"": 0.0, ""1"": 0.0, ""2"": null, ""3"": null, ""4"": null, ""5"": null, ""6"": null, ""7"": null}","{""0"": 250, ""1"": 250}",250,1,0,0,0,0.310,ultrasonic-not-close,KEEP_PAUSED,left,right,,0
981,2026-08-01T16:19:04.064+09:00,113.454,980,8.65,0,DRIVING,,0,1,0,-0.107148,0.204730,0.204730,0,740,green,0,unknown,0.000000,null,0.000000,0.313,,"{""0"": 250, ""1"": 250, ""2"": null, ""3"": null, ""4"": null, ""5"": null, ""6"": null, ""7"": null}","{""0"": 0.0, ""1"": 0.0, ""2"": null, ""3"": null, ""4"": null, ""5"": null, ""6"": null, ""7"": null}","{""0"": 250, ""1"": 250}",250,1,0,0,0,0.313,ultrasonic-not-close,KEEP_PAUSED,left,right,,0
982,2026-08-01T16:19:04.181+09:00,113.571,981,8.65,0,DRIVING,,0,1,0,-0.114082,0.226132,0.226132,0,741,green,0,unknown,0.000000,null,0.000000,0.317,,"{""0"": 250, ""1"": 250, ""2"": null, ""3"": null, ""4"": null, ""5"": null, ""6"": null, ""7"": null}","{""0"": 0.0, ""1"": 0.0, ""2"": null, ""3"": null, ""4"": null, ""5"": null, ""6"": null, ""7"": null}","{""0"": 250, ""1"": 250}",250,1,0,0,0,0.317,ultrasonic-not-close,KEEP_PAUSED,left,right,,0
983,2026-08-01T16:19:04.295+09:00,113.685,982,8.65,0,DRIVING,,0,1,0,-0.117372,0.231739,0.231739,0,741,green,0,unknown,0.000000,null,0.000000,0.199,,"{""0"": 250, ""1"": 250, ""2"": null, ""3"": null, ""4"": null, ""5"": null, ""6"": null, ""7"": null}","{""0"": 0.0, ""1"": 0.0, ""2"": null, ""3"": null, ""4"": null, ""5"": null, ""6"": null, ""7"": null}","{""0"": 250, ""1"": 250}",250,1,0,0,0,0.199,ultrasonic-not-close,KEEP_PAUSED,left,right,,0
984,2026-08-01T16:19:04.413+09:00,113.802,983,8.65,0,DRIVING,,0,1,0,-0.125843,0.256094,0.256094,0,741,green,0,unknown,0.000000,null,0.000000,0.315,,"{""0"": 250, ""1"": 250, ""2"": null, ""3"": null, ""4"": null, ""5"": null, ""6"": null, ""7"": null}","{""0"": 0.0, ""1"": 0.0, ""2"": null, ""3"": null, ""4"": null, ""5"": null, ""6"": null, ""7"": null}","{""0"": 250, ""1"": 250}",250,1,0,0,0,0.315,ultrasonic-not-close,KEEP_PAUSED,left,right,,0
985,2026-08-01T16:19:04.523+09:00,113.914,984,8.65,0,DRIVING,,0,1,0,-0.134367,0.277907,0.277907,0,741,green,0,unknown,0.000000,null,0.000000,0.312,,"{""0"": 250, ""1"": 250, ""2"": null, ""3"": null, ""4"": null, ""5"": null, ""6"": null, ""7"": null}","{""0"": 0.0, ""1"": 0.0, ""2"": null, ""3"": null, ""4"": null, ""5"": null, ""6"": null, ""7"": null}","{""0"": 250, ""1"": 250}",250,1,0,0,0,0.312,ultrasonic-not-close,KEEP_PAUSED,left,right,,0
986,2026-08-01T16:19:04.639+09:00,114.029,985,8.65,0,DRIVING,,0,1,0,-0.139520,0.285645,0.285645,0,740,green,0,unknown,0.000000,null,0.000000,0.312,,"{""0"": 250, ""1"": 250, ""2"": null, ""3"": null, ""4"": null, ""5"": null, ""6"": null, ""7"": null}","{""0"": 0.0, ""1"": 0.0, ""2"": null, ""3"": null, ""4"": null, ""5"": null, ""6"": null, ""7"": null}","{""0"": 250, ""1"": 250}",250,1,0,0,0,0.312,ultrasonic-not-close,KEEP_PAUSED,left,right,,0
987,2026-08-01T16:19:04.759+09:00,114.148,986,8.65,0,DRIVING,,0,1,0,-0.143359,0.289114,0.289114,0,741,green,0,unknown,0.000000,null,0.000000,0.205,,"{""0"": 250, ""1"": 250, ""2"": null, ""3"": null, ""4"": null, ""5"": null, ""6"": null, ""7"": null}","{""0"": 0.0, ""1"": 0.0, ""2"": null, ""3"": null, ""4"": null, ""5"": null, ""6"": null, ""7"": null}","{""0"": 250, ""1"": 250}",250,1,0,0,0,0.205,ultrasonic-not-close,KEEP_PAUSED,left,right,,0
988,2026-08-01T16:19:04.871+09:00,114.261,987,8.65,0,DRIVING,,0,1,0,-0.146484,0.291044,0.291044,0,741,green,0,unknown,0.000000,null,0.000000,0.316,,"{""0"": 250, ""1"": 250, ""2"": null, ""3"": null, ""4"": null, ""5"": null, ""6"": null, ""7"": null}","{""0"": 0.0, ""1"": 0.0, ""2"": null, ""3"": null, ""4"": null, ""5"": null, ""6"": null, ""7"": null}","{""0"": 250, ""1"": 250}",250,1,0,0,0,0.316,ultrasonic-not-close,KEEP_PAUSED,left,right,,0
989,2026-08-01T16:19:04.985+09:00,114.376,988,8.65,0,DRIVING,,0,1,0,-0.149992,0.295458,0.295458,0,741,green,0,unknown,0.000000,null,0.000000,0.316,,"{""0"": 250, ""1"": 250, ""2"": null, ""3"": null, ""4"": null, ""5"": null, ""6"": null, ""7"": null}","{""0"": 0.0, ""1"": 0.0, ""2"": null, ""3"": null, ""4"": null, ""5"": null, ""6"": null, ""7"": null}","{""0"": 250, ""1"": 250}",250,1,0,0,0,0.316,ultrasonic-not-close,KEEP_PAUSED,left,right,,0
990,2026-08-01T16:19:05.101+09:00,114.492,989,8.65,0,DRIVING,,0,1,0,-0.153555,0.300643,0.300643,0,741,green,0,unknown,0.000000,null,0.000000,0.199,,"{""0"": 250, ""1"": 250, ""2"": null, ""3"": null, ""4"": null, ""5"": null, ""6"": null, ""7"": null}","{""0"": 0.0, ""1"": 0.0, ""2"": null, ""3"": null, ""4"": null, ""5"": null, ""6"": null, ""7"": null}","{""0"": 250, ""1"": 250}",250,1,0,0,0,0.199,ultrasonic-not-close,KEEP_PAUSED,left,right,,0
991,2026-08-01T16:19:05.214+09:00,114.604,990,8.65,0,DRIVING,,0,1,0,-0.156515,0.304027,0.304027,0,741,green,0,unknown,0.000000,null,0.000000,0.310,,"{""0"": 250, ""1"": 250, ""2"": null, ""3"": null, ""4"": null, ""5"": null, ""6"": null, ""7"": null}","{""0"": 0.0, ""1"": 0.0, ""2"": null, ""3"": null, ""4"": null, ""5"": null, ""6"": null, ""7"": null}","{""0"": 250, ""1"": 250}",250,1,0,0,0,0.310,ultrasonic-not-close,KEEP_PAUSED,left,right,,0
992,2026-08-01T16:19:05.328+09:00,114.719,991,8.65,0,DRIVING,,0,1,0,-0.161203,0.314212,0.314212,0,741,green,0,unknown,0.000000,null,0.000000,0.311,,"{""0"": 250, ""1"": 250, ""2"": null, ""3"": null, ""4"": null, ""5"": null, ""6"": null, ""7"": null}","{""0"": 0.0, ""1"": 0.0, ""2"": null, ""3"": null, ""4"": null, ""5"": null, ""6"": null, ""7"": null}","{""0"": 250, ""1"": 250}",250,1,0,0,0,0.311,ultrasonic-not-close,KEEP_PAUSED,left,right,,0
993,2026-08-01T16:19:05.443+09:00,114.834,992,8.65,0,DRIVING,,0,1,0,-0.162327,0.311046,0.311046,0,741,green,0,unknown,0.000000,null,0.000000,0.312,,"{""0"": 250, ""1"": 250, ""2"": null, ""3"": null, ""4"": null, ""5"": null, ""6"": null, ""7"": null}","{""0"": 0.0, ""1"": 0.0, ""2"": null, ""3"": null, ""4"": null, ""5"": null, ""6"": null, ""7"": null}","{""0"": 250, ""1"": 250}",250,1,0,0,0,0.312,ultrasonic-not-close,KEEP_PAUSED,left,right,,0
994,2026-08-01T16:19:05.563+09:00,114.953,993,8.65,0,DRIVING,,0,1,0,-0.163287,0.308844,0.308844,0,741,green,0,unknown,0.000000,null,0.000000,0.203,,"{""0"": 250, ""1"": 250, ""2"": null, ""3"": null, ""4"": null, ""5"": null, ""6"": null, ""7"": null}","{""0"": 0.0, ""1"": 0.0, ""2"": null, ""3"": null, ""4"": null, ""5"": null, ""6"": null, ""7"": null}","{""0"": 250, ""1"": 250}",250,1,0,0,0,0.203,ultrasonic-not-close,KEEP_PAUSED,left,right,,0
995,2026-08-01T16:19:05.676+09:00,115.066,994,8.65,0,DRIVING,,0,1,0,-0.164247,0.307821,0.307821,0,741,green,0,unknown,0.000000,null,0.000000,0.315,,"{""0"": 250, ""1"": 250, ""2"": null, ""3"": null, ""4"": null, ""5"": null, ""6"": null, ""7"": null}","{""0"": 0.0, ""1"": 0.0, ""2"": null, ""3"": null, ""4"": null, ""5"": null, ""6"": null, ""7"": null}","{""0"": 250, ""1"": 250}",250,1,0,0,0,0.315,ultrasonic-not-close,KEEP_PAUSED,left,right,,0
996,2026-08-01T16:19:05.787+09:00,115.178,995,8.65,0,DRIVING,,0,1,0,-0.165042,0.307031,0.307031,0,741,green,0,unknown,0.000000,null,0.000000,0.313,,"{""0"": 250, ""1"": 250, ""2"": null, ""3"": null, ""4"": null, ""5"": null, ""6"": null, ""7"": null}","{""0"": 0.0, ""1"": 0.0, ""2"": null, ""3"": null, ""4"": null, ""5"": null, ""6"": null, ""7"": null}","{""0"": 250, ""1"": 250}",250,1,0,0,0,0.313,ultrasonic-not-close,KEEP_PAUSED,left,right,,0
997,2026-08-01T16:19:05.901+09:00,115.291,996,8.65,0,DRIVING,,0,1,0,-0.165343,0.305129,0.305129,0,741,green,0,unknown,0.000000,null,0.000000,0.193,,"{""0"": 250, ""1"": 250, ""2"": null, ""3"": null, ""4"": null, ""5"": null, ""6"": null, ""7"": null}","{""0"": 0.0, ""1"": 0.0, ""2"": null, ""3"": null, ""4"": null, ""5"": null, ""6"": null, ""7"": null}","{""0"": 250, ""1"": 250}",250,1,0,0,0,0.193,ultrasonic-not-close,KEEP_PAUSED,left,right,,0
998,2026-08-01T16:19:06.016+09:00,115.406,997,8.65,0,DRIVING,,0,1,0,-0.165343,0.302876,0.302876,0,740,green,0,unknown,0.000000,null,0.000000,0.307,,"{""0"": 250, ""1"": 250, ""2"": null, ""3"": null, ""4"": null, ""5"": null, ""6"": null, ""7"": null}","{""0"": 0.0, ""1"": 0.0, ""2"": null, ""3"": null, ""4"": null, ""5"": null, ""6"": null, ""7"": null}","{""0"": 250, ""1"": 250}",250,1,0,0,0,0.307,ultrasonic-not-close,KEEP_PAUSED,left,right,,0
999,2026-08-01T16:19:06.127+09:00,115.517,998,8.65,0,DRIVING,,0,1,0,-0.168496,0.312649,0.312649,0,741,green,0,unknown,0.000000,null,0.000000,0.310,,"{""0"": 250, ""1"": 250, ""2"": null, ""3"": null, ""4"": null, ""5"": null, ""6"": null, ""7"": null}","{""0"": 0.0, ""1"": 0.0, ""2"": null, ""3"": null, ""4"": null, ""5"": null, ""6"": null, ""7"": null}","{""0"": 250, ""1"": 250}",250,1,0,0,0,0.310,ultrasonic-not-close,KEEP_PAUSED,left,right,,0
1000,2026-08-01T16:19:06.242+09:00,115.632,999,8.65,0,DRIVING,,0,1,1,-0.170031,0.315367,0.315367,0,741,green,0,unknown,0.000000,null,0.000000,0.310,,"{""0"": 250, ""1"": 250, ""2"": null, ""3"": null, ""4"": null, ""5"": null, ""6"": null, ""7"": null}","{""0"": 0.0, ""1"": 0.0, ""2"": null, ""3"": null, ""4"": null, ""5"": null, ""6"": null, ""7"": null}","{""0"": 250, ""1"": 250}",250,1,0,0,0,0.310,ultrasonic-not-close,KEEP_PAUSED,left,right,,0
1001,2026-08-01T16:19:06.360+09:00,115.750,1000,8.65,0,STOPPED_RED,state:DRIVING->STOPPED_RED,1,1,1,-0.171786,0.000000,0.000000,0,741,green,0,unknown,0.000000,null,0.000000,0.427,,"{""0"": 250, ""1"": 250, ""2"": null, ""3"": null, ""4"": null, ""5"": null, ""6"": null, ""7"": null}","{""0"": 0.0, ""1"": 0.0, ""2"": null, ""3"": null, ""4"": null, ""5"": null, ""6"": null, ""7"": null}","{""0"": 250, ""1"": 250}",250,1,0,0,0,0.427,ultrasonic-not-close,KEEP_PAUSED,left,right,,0
1002,2026-08-01T16:19:06.496+09:00,115.887,1001,8.65,0,STOPPED_RED,,1,1,1,-0.172854,0.000000,0.000000,0,741,green,0,unknown,0.000000,null,0.000000,0.337,,"{""0"": 250, ""1"": 250, ""2"": null, ""3"": null, ""4"": null, ""5"": null, ""6"": null, ""7"": null}","{""0"": 0.0, ""1"": 0.0, ""2"": null, ""3"": null, ""4"": null, ""5"": null, ""6"": null, ""7"": null}","{""0"": 250, ""1"": 250}",250,1,0,0,0,0.337,ultrasonic-not-close,KEEP_PAUSED,left,right,,0
1003,2026-08-01T16:19:06.606+09:00,115.996,1002,8.65,0,STOPPED_RED,,1,1,1,-0.173814,0.000000,0.000000,0,741,green,0,unknown,0.000000,null,0.000000,0.334,,"{""0"": 250, ""1"": 250, ""2"": null, ""3"": null, ""4"": null, ""5"": null, ""6"": null, ""7"": null}","{""0"": 0.0, ""1"": 0.0, ""2"": null, ""3"": null, ""4"": null, ""5"": null, ""6"": null, ""7"": null}","{""0"": 250, ""1"": 250}",250,1,0,0,0,0.334,ultrasonic-not-close,KEEP_PAUSED,left,right,,0
1004,2026-08-01T16:19:06.723+09:00,116.112,1003,8.65,0,STOPPED_RED,,1,1,1,-0.173814,0.000000,0.000000,0,741,green,0,unknown,0.000000,null,0.000000,0.331,,"{""0"": 250, ""1"": 250, ""2"": null, ""3"": null, ""4"": null, ""5"": null, ""6"": null, ""7"": null}","{""0"": 0.0, ""1"": 0.0, ""2"": null, ""3"": null, ""4"": null, ""5"": null, ""6"": null, ""7"": null}","{""0"": 250, ""1"": 250}",250,1,0,0,0,0.331,ultrasonic-not-close,KEEP_PAUSED,left,right,,0
1005,2026-08-01T16:19:06.838+09:00,116.228,1004,8.65,0,STOPPED_RED,,1,1,1,-0.173814,0.000000,0.000000,0,742,green,0,unknown,0.000000,null,0.000000,0.447,,"{""0"": 250, ""1"": 250, ""2"": null, ""3"": null, ""4"": null, ""5"": null, ""6"": null, ""7"": null}","{""0"": 0.0, ""1"": 0.0, ""2"": null, ""3"": null, ""4"": null, ""5"": null, ""6"": null, ""7"": null}","{""0"": 250, ""1"": 250}",250,1,0,0,0,0.447,ultrasonic-not-close,KEEP_PAUSED,left,right,,0
1006,2026-08-01T16:19:06.956+09:00,116.346,1005,8.65,0,STOPPED_RED,,1,1,1,-0.174417,0.000000,0.000000,0,740,green,0,unknown,0.000000,null,0.000000,0.318,,"{""0"": 250, ""1"": 250, ""2"": null, ""3"": null, ""4"": null, ""5"": null, ""6"": null, ""7"": null}","{""0"": 0.0, ""1"": 0.0, ""2"": null, ""3"": null, ""4"": null, ""5"": null, ""6"": null, ""7"": null}","{""0"": 250, ""1"": 250}",250,1,0,0,0,0.318,ultrasonic-not-close,KEEP_PAUSED,left,right,,0
1007,2026-08-01T16:19:07.072+09:00,116.462,1006,8.65,0,STOPPED_RED,,1,1,1,-0.173814,0.000000,0.000000,0,740,green,0,unknown,0.000000,null,0.000000,0.319,,"{""0"": 250, ""1"": 250, ""2"": null, ""3"": null, ""4"": null, ""5"": null, ""6"": null, ""7"": null}","{""0"": 0.0, ""1"": 0.0, ""2"": null, ""3"": null, ""4"": null, ""5"": null, ""6"": null, ""7"": null}","{""0"": 250, ""1"": 250}",250,1,0,0,0,0.319,ultrasonic-not-close,KEEP_PAUSED,left,right,,0
1008,2026-08-01T16:19:07.194+09:00,116.584,1007,8.65,0,STOPPED_RED,,1,1,1,-0.173814,0.000000,0.000000,0,742,green,0,unknown,0.000000,null,0.000000,0.204,,"{""0"": 250, ""1"": 250, ""2"": null, ""3"": null, ""4"": null, ""5"": null, ""6"": null, ""7"": null}","{""0"": 0.0, ""1"": 0.0, ""2"": null, ""3"": null, ""4"": null, ""5"": null, ""6"": null, ""7"": null}","{""0"": 250, ""1"": 250}",250,1,0,0,0,0.204,ultrasonic-not-close,KEEP_PAUSED,left,right,,0
1009,2026-08-01T16:19:07.313+09:00,116.703,1008,8.65,0,STOPPED_RED,,1,1,1,-0.173814,0.000000,0.000000,0,741,green,0,unknown,0.000000,null,0.000000,0.324,,"{""0"": 250, ""1"": 250, ""2"": null, ""3"": null, ""4"": null, ""5"": null, ""6"": null, ""7"": null}","{""0"": 0.0, ""1"": 0.0, ""2"": null, ""3"": null, ""4"": null, ""5"": null, ""6"": null, ""7"": null}","{""0"": 250, ""1"": 250}",250,1,0,0,0,0.324,ultrasonic-not-close,KEEP_PAUSED,left,right,,0
1010,2026-08-01T16:19:07.428+09:00,116.818,1009,8.65,0,STOPPED_RED,,1,1,1,-0.173184,0.000000,0.000000,0,740,green,0,unknown,0.000000,null,0.000000,0.324,,"{""0"": 250, ""1"": 250, ""2"": null, ""3"": null, ""4"": null, ""5"": null, ""6"": null, ""7"": null}","{""0"": 0.0, ""1"": 0.0, ""2"": null, ""3"": null, ""4"": null, ""5"": null, ""6"": null, ""7"": null}","{""0"": 250, ""1"": 250}",250,1,0,0,0,0.324,ultrasonic-not-close,KEEP_PAUSED,left,right,,0
1011,2026-08-01T16:19:07.545+09:00,116.935,1010,8.65,0,STOPPED_RED,,1,1,1,-0.173513,0.000000,0.000000,0,741,green,0,unknown,0.000000,null,0.000000,0.320,,"{""0"": 250, ""1"": 250, ""2"": null, ""3"": null, ""4"": null, ""5"": null, ""6"": null, ""7"": null}","{""0"": 0.0, ""1"": 0.0, ""2"": null, ""3"": null, ""4"": null, ""5"": null, ""6"": null, ""7"": null}","{""0"": 250, ""1"": 250}",250,1,0,0,0,0.320,ultrasonic-not-close,KEEP_PAUSED,left,right,,0
1012,2026-08-01T16:19:07.669+09:00,117.059,1011,8.65,0,STOPPED_RED,,1,1,1,-0.173814,0.000000,0.000000,0,740,green,0,unknown,0.000000,null,0.000000,0.208,,"{""0"": 250, ""1"": 250, ""2"": null, ""3"": null, ""4"": null, ""5"": null, ""6"": null, ""7"": null}","{""0"": 0.0, ""1"": 0.0, ""2"": null, ""3"": null, ""4"": null, ""5"": null, ""6"": null, ""7"": null}","{""0"": 250, ""1"": 250}",250,1,0,0,0,0.208,ultrasonic-not-close,KEEP_PAUSED,left,right,,0
1013,2026-08-01T16:19:07.792+09:00,117.182,1012,8.65,0,STOPPED_RED,,1,1,1,-0.173814,0.000000,0.000000,0,741,green,0,unknown,0.000000,null,0.000000,0.331,,"{""0"": 250, ""1"": 250, ""2"": null, ""3"": null, ""4"": null, ""5"": null, ""6"": null, ""7"": null}","{""0"": 0.0, ""1"": 0.0, ""2"": null, ""3"": null, ""4"": null, ""5"": null, ""6"": null, ""7"": null}","{""0"": 250, ""1"": 250}",250,1,0,0,0,0.331,ultrasonic-not-close,KEEP_PAUSED,left,right,,0
1014,2026-08-01T16:19:07.908+09:00,117.298,1013,8.65,0,STOPPED_RED,,1,1,1,-0.175020,0.000000,0.000000,0,741,green,0,unknown,0.000000,null,0.000000,0.330,,"{""0"": 250, ""1"": 250, ""2"": null, ""3"": null, ""4"": null, ""5"": null, ""6"": null, ""7"": null}","{""0"": 0.0, ""1"": 0.0, ""2"": null, ""3"": null, ""4"": null, ""5"": null, ""6"": null, ""7"": null}","{""0"": 250, ""1"": 250}",250,1,0,0,0,0.330,ultrasonic-not-close,KEEP_PAUSED,left,right,,0
1015,2026-08-01T16:19:08.021+09:00,117.412,1014,8.65,0,STOPPED_RED,,1,1,1,-0.174417,0.000000,0.000000,0,741,green,0,unknown,0.000000,null,0.000000,0.322,,"{""0"": 250, ""1"": 250, ""2"": null, ""3"": null, ""4"": null, ""5"": null, ""6"": null, ""7"": null}","{""0"": 0.0, ""1"": 0.0, ""2"": null, ""3"": null, ""4"": null, ""5"": null, ""6"": null, ""7"": null}","{""0"": 250, ""1"": 250}",250,1,0,0,0,0.322,ultrasonic-not-close,KEEP_PAUSED,left,right,,0
1016,2026-08-01T16:19:08.146+09:00,117.536,1015,8.64,0,STOPPED_RED,,1,1,1,-0.174417,0.000000,0.000000,0,742,green,0,unknown,0.000000,null,0.000000,0.206,,"{""0"": 250, ""1"": 250, ""2"": null, ""3"": null, ""4"": null, ""5"": null, ""6"": null, ""7"": null}","{""0"": 0.0, ""1"": 0.0, ""2"": null, ""3"": null, ""4"": null, ""5"": null, ""6"": null, ""7"": null}","{""0"": 250, ""1"": 250}",250,1,0,0,0,0.206,ultrasonic-not-close,KEEP_PAUSED,left,right,,0
1017,2026-08-01T16:19:08.271+09:00,117.661,1016,8.64,0,STOPPED_RED,,1,1,1,-0.175020,0.000000,0.000000,0,741,green,0,unknown,0.000000,null,0.000000,0.329,,"{""0"": 250, ""1"": 250, ""2"": null, ""3"": null, ""4"": null, ""5"": null, ""6"": null, ""7"": null}","{""0"": 0.0, ""1"": 0.0, ""2"": null, ""3"": null, ""4"": null, ""5"": null, ""6"": null, ""7"": null}","{""0"": 250, ""1"": 250}",250,1,0,0,0,0.329,ultrasonic-not-close,KEEP_PAUSED,left,right,,0
1018,2026-08-01T16:19:08.380+09:00,117.769,1017,8.64,0,STOPPED_RED,,1,1,1,-0.176526,0.000000,0.000000,0,741,green,0,unknown,0.000000,null,0.000000,0.326,,"{""0"": 250, ""1"": 250, ""2"": null, ""3"": null, ""4"": null, ""5"": null, ""6"": null, ""7"": null}","{""0"": 0.0, ""1"": 0.0, ""2"": null, ""3"": null, ""4"": null, ""5"": null, ""6"": null, ""7"": null}","{""0"": 250, ""1"": 250}",250,1,0,0,0,0.326,ultrasonic-not-close,KEEP_PAUSED,left,right,,0
1019,2026-08-01T16:19:08.492+09:00,117.882,1018,8.64,0,STOPPED_RED,,1,1,1,-0.176526,0.000000,0.000000,0,741,green,0,unknown,0.000000,null,0.000000,0.316,,"{""0"": 250, ""1"": 250, ""2"": null, ""3"": null, ""4"": null, ""5"": null, ""6"": null, ""7"": null}","{""0"": 0.0, ""1"": 0.0, ""2"": null, ""3"": null, ""4"": null, ""5"": null, ""6"": null, ""7"": null}","{""0"": 250, ""1"": 250}",250,1,0,0,0,0.316,ultrasonic-not-close,KEEP_PAUSED,left,right,,0
1020,2026-08-01T16:19:08.619+09:00,118.010,1019,8.64,0,STOPPED_RED,,1,1,1,-0.176526,0.000000,0.000000,0,741,green,0,unknown,0.000000,null,0.000000,0.208,,"{""0"": 250, ""1"": 250, ""2"": null, ""3"": null, ""4"": null, ""5"": null, ""6"": null, ""7"": null}","{""0"": 0.0, ""1"": 0.0, ""2"": null, ""3"": null, ""4"": null, ""5"": null, ""6"": null, ""7"": null}","{""0"": 250, ""1"": 250}",250,1,0,0,0,0.208,ultrasonic-not-close,KEEP_PAUSED,left,right,,0
1021,2026-08-01T16:19:08.749+09:00,118.139,1020,8.64,0,STOPPED_RED,,1,1,1,-0.176526,0.000000,0.000000,0,741,green,0,unknown,0.000000,null,0.000000,0.336,,"{""0"": 250, ""1"": 250, ""2"": null, ""3"": null, ""4"": null, ""5"": null, ""6"": null, ""7"": null}","{""0"": 0.0, ""1"": 0.0, ""2"": null, ""3"": null, ""4"": null, ""5"": null, ""6"": null, ""7"": null}","{""0"": 250, ""1"": 250}",250,1,0,0,0,0.336,ultrasonic-not-close,KEEP_PAUSED,left,right,,0
1022,2026-08-01T16:19:08.860+09:00,118.250,1021,8.64,0,STOPPED_RED,,1,1,1,-0.176526,0.000000,0.000000,0,741,green,0,unknown,0.000000,null,0.000000,0.336,,"{""0"": 250, ""1"": 250, ""2"": null, ""3"": null, ""4"": null, ""5"": null, ""6"": null, ""7"": null}","{""0"": 0.0, ""1"": 0.0, ""2"": null, ""3"": null, ""4"": null, ""5"": null, ""6"": null, ""7"": null}","{""0"": 250, ""1"": 250}",250,1,0,0,0,0.336,ultrasonic-not-close,KEEP_PAUSED,left,right,,0
1023,2026-08-01T16:19:08.975+09:00,118.365,1022,8.64,0,STOPPED_RED,,1,1,1,-0.176526,0.000000,0.000000,0,740,green,0,unknown,0.000000,null,0.000000,0.324,,"{""0"": 250, ""1"": 250, ""2"": null, ""3"": null, ""4"": null, ""5"": null, ""6"": null, ""7"": null}","{""0"": 0.0, ""1"": 0.0, ""2"": null, ""3"": null, ""4"": null, ""5"": null, ""6"": null, ""7"": null}","{""0"": 250, ""1"": 250}",250,1,0,0,0,0.324,ultrasonic-not-close,KEEP_PAUSED,left,right,,0
1024,2026-08-01T16:19:09.096+09:00,118.486,1023,8.64,0,STOPPED_RED,,1,1,1,-0.176526,0.000000,0.000000,0,741,green,0,unknown,0.000000,null,0.000000,0.204,,"{""0"": 250, ""1"": 250, ""2"": null, ""3"": null, ""4"": null, ""5"": null, ""6"": null, ""7"": null}","{""0"": 0.0, ""1"": 0.0, ""2"": null, ""3"": null, ""4"": null, ""5"": null, ""6"": null, ""7"": null}","{""0"": 250, ""1"": 250}",250,1,0,0,0,0.204,ultrasonic-not-close,KEEP_PAUSED,left,right,,0
1025,2026-08-01T16:19:09.219+09:00,118.609,1024,8.64,0,STOPPED_RED,,1,1,1,-0.176526,0.000000,0.000000,0,742,green,0,unknown,0.000000,null,0.000000,0.327,,"{""0"": 250, ""1"": 250, ""2"": null, ""3"": null, ""4"": null, ""5"": null, ""6"": null, ""7"": null}","{""0"": 0.0, ""1"": 0.0, ""2"": null, ""3"": null, ""4"": null, ""5"": null, ""6"": null, ""7"": null}","{""0"": 250, ""1"": 250}",250,1,0,0,0,0.327,ultrasonic-not-close,KEEP_PAUSED,left,right,,0
1026,2026-08-01T16:19:09.332+09:00,118.722,1025,8.64,0,STOPPED_RED,,1,1,1,-0.175020,0.000000,0.000000,0,741,green,0,unknown,0.000000,null,0.000000,0.325,,"{""0"": 250, ""1"": 250, ""2"": null, ""3"": null, ""4"": null, ""5"": null, ""6"": null, ""7"": null}","{""0"": 0.0, ""1"": 0.0, ""2"": null, ""3"": null, ""4"": null, ""5"": null, ""6"": null, ""7"": null}","{""0"": 250, ""1"": 250}",250,1,0,0,0,0.325,ultrasonic-not-close,KEEP_PAUSED,left,right,,0
1027,2026-08-01T16:19:09.448+09:00,118.838,1026,8.64,0,STOPPED_RED,,1,1,1,-0.173814,0.000000,0.000000,0,742,green,0,unknown,0.000000,null,0.000000,0.320,,"{""0"": 250, ""1"": 250, ""2"": null, ""3"": null, ""4"": null, ""5"": null, ""6"": null, ""7"": null}","{""0"": 0.0, ""1"": 0.0, ""2"": null, ""3"": null, ""4"": null, ""5"": null, ""6"": null, ""7"": null}","{""0"": 250, ""1"": 250}",250,1,0,0,0,0.320,ultrasonic-not-close,KEEP_PAUSED,left,right,,0
1028,2026-08-01T16:19:09.575+09:00,118.965,1027,8.64,0,STOPPED_RED,,1,1,1,-0.173814,0.000000,0.000000,0,741,green,0,unknown,0.000000,null,0.000000,0.447,,"{""0"": 250, ""1"": 250, ""2"": null, ""3"": null, ""4"": null, ""5"": null, ""6"": null, ""7"": null}","{""0"": 0.0, ""1"": 0.0, ""2"": null, ""3"": null, ""4"": null, ""5"": null, ""6"": null, ""7"": null}","{""0"": 250, ""1"": 250}",250,1,0,0,0,0.447,ultrasonic-not-close,KEEP_PAUSED,left,right,,0
1029,2026-08-01T16:19:09.685+09:00,119.075,1028,8.64,0,STOPPED_RED,,1,1,1,-0.175349,0.000000,0.000000,0,741,green,0,unknown,0.000000,null,0.000000,0.320,,"{""0"": 250, ""1"": 250, ""2"": null, ""3"": null, ""4"": null, ""5"": null, ""6"": null, ""7"": null}","{""0"": 0.0, ""1"": 0.0, ""2"": null, ""3"": null, ""4"": null, ""5"": null, ""6"": null, ""7"": null}","{""0"": 250, ""1"": 250}",250,1,0,0,0,0.320,ultrasonic-not-close,KEEP_PAUSED,left,right,,0
1030,2026-08-01T16:19:09.800+09:00,119.191,1029,8.64,0,STOPPED_RED,,1,1,1,-0.180036,0.000000,0.000000,0,741,green,0,unknown,0.000000,null,0.000000,0.321,,"{""0"": 250, ""1"": 250, ""2"": null, ""3"": null, ""4"": null, ""5"": null, ""6"": null, ""7"": null}","{""0"": 0.0, ""1"": 0.0, ""2"": null, ""3"": null, ""4"": null, ""5"": null, ""6"": null, ""7"": null}","{""0"": 250, ""1"": 250}",250,1,0,0,0,0.321,ultrasonic-not-close,KEEP_PAUSED,left,right,,0
1031,2026-08-01T16:19:09.921+09:00,119.311,1030,8.64,0,STOPPED_RED,,1,1,1,-0.183683,0.000000,0.000000,0,742,green,0,unknown,0.000000,null,0.000000,0.205,,"{""0"": 250, ""1"": 250, ""2"": null, ""3"": null, ""4"": null, ""5"": null, ""6"": null, ""7"": null}","{""0"": 0.0, ""1"": 0.0, ""2"": null, ""3"": null, ""4"": null, ""5"": null, ""6"": null, ""7"": null}","{""0"": 250, ""1"": 250}",250,1,0,0,0,0.205,ultrasonic-not-close,KEEP_PAUSED,left,right,,0
1032,2026-08-01T16:19:10.042+09:00,119.432,1031,8.64,0,STOPPED_RED,,1,1,1,-0.181381,0.000000,0.000000,0,742,green,0,unknown,0.000000,null,0.000000,0.326,,"{""0"": 250, ""1"": 250, ""2"": null, ""3"": null, ""4"": null, ""5"": null, ""6"": null, ""7"": null}","{""0"": 0.0, ""1"": 0.0, ""2"": null, ""3"": null, ""4"": null, ""5"": null, ""6"": null, ""7"": null}","{""0"": 250, ""1"": 250}",250,1,0,0,0,0.326,ultrasonic-not-close,KEEP_PAUSED,left,right,,0
1033,2026-08-01T16:19:10.177+09:00,119.567,1032,8.64,0,STOPPED_RED,,1,1,1,-0.175516,0.000000,0.000000,0,740,green,0,unknown,0.000000,null,0.000000,0.346,,"{""0"": 250, ""1"": 250, ""2"": null, ""3"": null, ""4"": null, ""5"": null, ""6"": null, ""7"": null}","{""0"": 0.0, ""1"": 0.0, ""2"": null, ""3"": null, ""4"": null, ""5"": null, ""6"": null, ""7"": null}","{""0"": 250, ""1"": 250}",250,1,0,0,0,0.346,ultrasonic-not-close,KEEP_PAUSED,left,right,,0
1034,2026-08-01T16:19:10.291+09:00,119.682,1033,8.64,0,STOPPED_RED,,1,1,1,-0.171214,0.000000,0.000000,0,740,green,0,unknown,0.000000,null,0.000000,0.341,,"{""0"": 250, ""1"": 250, ""2"": null, ""3"": null, ""4"": null, ""5"": null, ""6"": null, ""7"": null}","{""0"": 0.0, ""1"": 0.0, ""2"": null, ""3"": null, ""4"": null, ""5"": null, ""6"": null, ""7"": null}","{""0"": 250, ""1"": 250}",250,1,0,0,0,0.341,ultrasonic-not-close,KEEP_PAUSED,left,right,,0
1035,2026-08-01T16:19:10.407+09:00,119.797,1034,8.64,0,STOPPED_RED,,1,1,1,-0.171214,0.000000,0.000000,0,741,green,0,unknown,0.000000,null,0.000000,0.199,,"{""0"": 250, ""1"": 250, ""2"": null, ""3"": null, ""4"": null, ""5"": null, ""6"": null, ""7"": null}","{""0"": 0.0, ""1"": 0.0, ""2"": null, ""3"": null, ""4"": null, ""5"": null, ""6"": null, ""7"": null}","{""0"": 250, ""1"": 250}",250,1,0,0,0,0.199,ultrasonic-not-close,KEEP_PAUSED,left,right,,0
1036,2026-08-01T16:19:10.525+09:00,119.915,1035,8.64,0,STOPPED_RED,,1,1,1,-0.171214,0.000000,0.000000,0,741,green,0,unknown,0.000000,null,0.000000,0.315,,"{""0"": 250, ""1"": 250, ""2"": null, ""3"": null, ""4"": null, ""5"": null, ""6"": null, ""7"": null}","{""0"": 0.0, ""1"": 0.0, ""2"": null, ""3"": null, ""4"": null, ""5"": null, ""6"": null, ""7"": null}","{""0"": 250, ""1"": 250}",250,1,0,0,0,0.315,ultrasonic-not-close,KEEP_PAUSED,left,right,,0
1037,2026-08-01T16:19:10.639+09:00,120.028,1036,8.64,0,STOPPED_RED,,1,1,1,-0.171214,0.000000,0.000000,0,741,green,0,unknown,0.000000,null,0.000000,0.313,,"{""0"": 250, ""1"": 250, ""2"": null, ""3"": null, ""4"": null, ""5"": null, ""6"": null, ""7"": null}","{""0"": 0.0, ""1"": 0.0, ""2"": null, ""3"": null, ""4"": null, ""5"": null, ""6"": null, ""7"": null}","{""0"": 250, ""1"": 250}",250,1,0,0,0,0.313,ultrasonic-not-close,KEEP_PAUSED,left,right,,0
1038,2026-08-01T16:19:10.752+09:00,120.142,1037,8.64,0,STOPPED_RED,,1,1,1,-0.171214,0.000000,0.000000,0,741,green,0,unknown,0.000000,null,0.000000,0.312,,"{""0"": 250, ""1"": 250, ""2"": null, ""3"": null, ""4"": null, ""5"": null, ""6"": null, ""7"": null}","{""0"": 0.0, ""1"": 0.0, ""2"": null, ""3"": null, ""4"": null, ""5"": null, ""6"": null, ""7"": null}","{""0"": 250, ""1"": 250}",250,1,0,0,0,0.312,ultrasonic-not-close,KEEP_PAUSED,left,right,,0
1039,2026-08-01T16:19:10.878+09:00,120.268,1038,8.64,0,STOPPED_RED,,1,1,1,-0.171816,0.000000,0.000000,0,741,green,0,unknown,0.000000,null,0.000000,0.207,,"{""0"": 250, ""1"": 250, ""2"": null, ""3"": null, ""4"": null, ""5"": null, ""6"": null, ""7"": null}","{""0"": 0.0, ""1"": 0.0, ""2"": null, ""3"": null, ""4"": null, ""5"": null, ""6"": null, ""7"": null}","{""0"": 250, ""1"": 250}",250,1,0,0,0,0.207,ultrasonic-not-close,KEEP_PAUSED,left,right,,0
1040,2026-08-01T16:19:10.997+09:00,120.386,1039,8.64,0,STOPPED_RED,,1,1,1,-0.173078,0.000000,0.000000,0,741,green,0,unknown,0.000000,null,0.000000,0.325,,"{""0"": 250, ""1"": 250, ""2"": null, ""3"": null, ""4"": null, ""5"": null, ""6"": null, ""7"": null}","{""0"": 0.0, ""1"": 0.0, ""2"": null, ""3"": null, ""4"": null, ""5"": null, ""6"": null, ""7"": null}","{""0"": 250, ""1"": 250}",250,1,0,0,0,0.325,ultrasonic-not-close,KEEP_PAUSED,left,right,,0
1041,2026-08-01T16:19:11.106+09:00,120.497,1040,8.64,0,STOPPED_RED,,1,1,1,-0.173242,0.000000,0.000000,0,741,green,0,unknown,0.000000,null,0.000000,0.324,,"{""0"": 250, ""1"": 250, ""2"": null, ""3"": null, ""4"": null, ""5"": null, ""6"": null, ""7"": null}","{""0"": 0.0, ""1"": 0.0, ""2"": null, ""3"": null, ""4"": null, ""5"": null, ""6"": null, ""7"": null}","{""0"": 250, ""1"": 250}",250,1,0,0,0,0.324,ultrasonic-not-close,KEEP_PAUSED,left,right,,0
1042,2026-08-01T16:19:11.222+09:00,120.612,1041,8.64,0,STOPPED_RED,,1,1,1,-0.171816,0.000000,0.000000,0,741,green,0,unknown,0.000000,null,0.000000,0.193,,"{""0"": 250, ""1"": 250, ""2"": null, ""3"": null, ""4"": null, ""5"": null, ""6"": null, ""7"": null}","{""0"": 0.0, ""1"": 0.0, ""2"": null, ""3"": null, ""4"": null, ""5"": null, ""6"": null, ""7"": null}","{""0"": 250, ""1"": 250}",250,1,0,0,0,0.193,ultrasonic-not-close,KEEP_PAUSED,left,right,,0
1043,2026-08-01T16:19:11.347+09:00,120.738,1042,8.64,0,STOPPED_RED,,1,1,1,-0.171214,0.000000,0.000000,0,741,green,0,unknown,0.000000,null,0.000000,0.317,,"{""0"": 250, ""1"": 250, ""2"": null, ""3"": null, ""4"": null, ""5"": null, ""6"": null, ""7"": null}","{""0"": 0.0, ""1"": 0.0, ""2"": null, ""3"": null, ""4"": null, ""5"": null, ""6"": null, ""7"": null}","{""0"": 250, ""1"": 250}",250,1,0,0,0,0.317,ultrasonic-not-close,KEEP_PAUSED,left,right,,0
1044,2026-08-01T16:19:11.461+09:00,120.850,1043,8.64,0,STOPPED_RED,,1,1,1,-0.184068,0.000000,0.000000,0,741,green,0,unknown,0.000000,null,0.000000,0.323,,"{""0"": 250, ""1"": 250, ""2"": null, ""3"": null, ""4"": null, ""5"": null, ""6"": null, ""7"": null}","{""0"": 0.0, ""1"": 0.0, ""2"": null, ""3"": null, ""4"": null, ""5"": null, ""6"": null, ""7"": null}","{""0"": 250, ""1"": 250}",250,1,0,0,0,0.323,ultrasonic-not-close,KEEP_PAUSED,left,right,,0
1045,2026-08-01T16:19:11.581+09:00,120.972,1044,8.64,0,STOPPED_RED,,1,1,1,-0.205530,0.000000,0.000000,0,741,green,0,unknown,0.000000,null,0.000000,0.329,,"{""0"": 250, ""1"": 250, ""2"": null, ""3"": null, ""4"": null, ""5"": null, ""6"": null, ""7"": null}","{""0"": 0.0, ""1"": 0.0, ""2"": null, ""3"": null, ""4"": null, ""5"": null, ""6"": null, ""7"": null}","{""0"": 250, ""1"": 250}",250,1,0,0,0,0.329,ultrasonic-not-close,KEEP_PAUSED,left,right,,0
1046,2026-08-01T16:19:11.699+09:00,121.090,1045,8.64,0,STOPPED_RED,,1,1,1,-0.242341,0.000000,0.000000,0,741,green,0,unknown,0.000000,null,0.000000,0.446,,"{""0"": 250, ""1"": 250, ""2"": null, ""3"": null, ""4"": null, ""5"": null, ""6"": null, ""7"": null}","{""0"": 0.0, ""1"": 0.0, ""2"": null, ""3"": null, ""4"": null, ""5"": null, ""6"": null, ""7"": null}","{""0"": 250, ""1"": 250}",250,1,0,0,0,0.446,ultrasonic-not-close,KEEP_PAUSED,left,right,,0
1047,2026-08-01T16:19:11.810+09:00,121.200,1046,8.64,0,STOPPED_RED,,1,1,1,-0.262321,0.000000,0.000000,0,741,green,0,unknown,0.000000,null,0.000000,0.318,,"{""0"": 250, ""1"": 250, ""2"": null, ""3"": null, ""4"": null, ""5"": null, ""6"": null, ""7"": null}","{""0"": 0.0, ""1"": 0.0, ""2"": null, ""3"": null, ""4"": null, ""5"": null, ""6"": null, ""7"": null}","{""0"": 250, ""1"": 250}",250,1,0,0,0,0.318,ultrasonic-not-close,KEEP_PAUSED,left,right,,0
1048,2026-08-01T16:19:11.925+09:00,121.316,1047,8.64,0,STOPPED_RED,,1,1,1,-0.283917,0.000000,0.000000,0,741,green,0,unknown,0.000000,null,0.000000,0.313,,"{""0"": 250, ""1"": 250, ""2"": null, ""3"": null, ""4"": null, ""5"": null, ""6"": null, ""7"": null}","{""0"": 0.0, ""1"": 0.0, ""2"": null, ""3"": null, ""4"": null, ""5"": null, ""6"": null, ""7"": null}","{""0"": 250, ""1"": 250}",250,1,0,0,0,0.313,ultrasonic-not-close,KEEP_PAUSED,left,right,,0
1049,2026-08-01T16:19:12.037+09:00,121.428,1048,8.64,0,STOPPED_RED,,1,1,1,-0.295073,0.000000,0.000000,0,741,green,0,unknown,0.000000,null,0.000000,0.196,,"{""0"": 250, ""1"": 250, ""2"": null, ""3"": null, ""4"": null, ""5"": null, ""6"": null, ""7"": null}","{""0"": 0.0, ""1"": 0.0, ""2"": null, ""3"": null, ""4"": null, ""5"": null, ""6"": null, ""7"": null}","{""0"": 250, ""1"": 250}",250,1,0,0,0,0.196,ultrasonic-not-close,KEEP_PAUSED,left,right,,0
1050,2026-08-01T16:19:12.152+09:00,121.542,1049,8.64,0,STOPPED_RED,,1,1,1,-0.302553,0.000000,0.000000,0,741,green,0,unknown,0.000000,null,0.000000,0.309,,"{""0"": 250, ""1"": 250, ""2"": null, ""3"": null, ""4"": null, ""5"": null, ""6"": null, ""7"": null}","{""0"": 0.0, ""1"": 0.0, ""2"": null, ""3"": null, ""4"": null, ""5"": null, ""6"": null, ""7"": null}","{""0"": 250, ""1"": 250}",250,1,0,0,0,0.309,ultrasonic-not-close,KEEP_PAUSED,left,right,,0
1051,2026-08-01T16:19:12.260+09:00,121.651,1050,8.64,0,DRIVING,state:STOPPED_RED->DRIVING,0,1,0,-0.302388,0.000000,0.000000,0,740,green,0,unknown,0.000000,null,0.000000,0.305,,"{""0"": 250, ""1"": 250, ""2"": null, ""3"": null, ""4"": null, ""5"": null, ""6"": null, ""7"": null}","{""0"": 0.0, ""1"": 0.0, ""2"": null, ""3"": null, ""4"": null, ""5"": null, ""6"": null, ""7"": null}","{""0"": 250, ""1"": 250}",250,1,0,0,0,0.305,ultrasonic-not-close,KEEP_PAUSED,left,right,,0
1052,2026-08-01T16:19:12.377+09:00,121.768,1051,8.64,0,DRIVING,,0,1,0,-0.300991,0.784028,0.784028,0,741,green,0,unknown,0.000000,null,0.000000,0.309,,"{""0"": 250, ""1"": 250, ""2"": null, ""3"": null, ""4"": null, ""5"": null, ""6"": null, ""7"": null}","{""0"": 0.0, ""1"": 0.0, ""2"": null, ""3"": null, ""4"": null, ""5"": null, ""6"": null, ""7"": null}","{""0"": 250, ""1"": 250}",250,1,0,0,0,0.309,ultrasonic-not-close,KEEP_PAUSED,left,right,,0
1053,2026-08-01T16:19:12.501+09:00,121.891,1052,8.64,0,DRIVING,,0,1,0,-0.300991,0.711355,0.711355,0,741,green,0,unknown,0.000000,null,0.000000,0.209,,"{""0"": 250, ""1"": 250, ""2"": null, ""3"": null, ""4"": null, ""5"": null, ""6"": null, ""7"": null}","{""0"": 0.0, ""1"": 0.0, ""2"": null, ""3"": null, ""4"": null, ""5"": null, ""6"": null, ""7"": null}","{""0"": 250, ""1"": 250}",250,1,0,0,0,0.209,ultrasonic-not-close,KEEP_PAUSED,left,right,,0
1054,2026-08-01T16:19:12.615+09:00,122.005,1053,8.64,0,DRIVING,,0,1,0,-0.300991,0.660483,0.660483,0,741,green,0,unknown,0.000000,null,0.000000,0.322,,"{""0"": 250, ""1"": 250, ""2"": null, ""3"": null, ""4"": null, ""5"": null, ""6"": null, ""7"": null}","{""0"": 0.0, ""1"": 0.0, ""2"": null, ""3"": null, ""4"": null, ""5"": null, ""6"": null, ""7"": null}","{""0"": 250, ""1"": 250}",250,1,0,0,0,0.322,ultrasonic-not-close,KEEP_PAUSED,left,right,,0
1055,2026-08-01T16:19:12.725+09:00,122.115,1054,8.64,0,DRIVING,,0,1,0,-0.300991,0.624873,0.624873,0,740,green,0,unknown,0.000000,null,0.000000,0.316,,"{""0"": 250, ""1"": 250, ""2"": null, ""3"": null, ""4"": null, ""5"": null, ""6"": null, ""7"": null}","{""0"": 0.0, ""1"": 0.0, ""2"": null, ""3"": null, ""4"": null, ""5"": null, ""6"": null, ""7"": null}","{""0"": 250, ""1"": 250}",250,1,0,0,0,0.316,ultrasonic-not-close,KEEP_PAUSED,left,right,,0
1056,2026-08-01T16:19:12.841+09:00,122.231,1055,8.64,0,DRIVING,,0,1,0,-0.301320,0.601131,0.601131,0,741,green,0,unknown,0.000000,null,0.000000,0.194,,"{""0"": 250, ""1"": 250, ""2"": null, ""3"": null, ""4"": null, ""5"": null, ""6"": null, ""7"": null}","{""0"": 0.0, ""1"": 0.0, ""2"": null, ""3"": null, ""4"": null, ""5"": null, ""6"": null, ""7"": null}","{""0"": 250, ""1"": 250}",250,1,0,0,0,0.194,ultrasonic-not-close,KEEP_PAUSED,left,right,,0
1057,2026-08-01T16:19:12.962+09:00,122.352,1056,8.64,0,DRIVING,,0,1,0,-0.300388,0.580150,0.580150,0,741,green,0,unknown,0.000000,null,0.000000,0.314,,"{""0"": 250, ""1"": 250, ""2"": null, ""3"": null, ""4"": null, ""5"": null, ""6"": null, ""7"": null}","{""0"": 0.0, ""1"": 0.0, ""2"": null, ""3"": null, ""4"": null, ""5"": null, ""6"": null, ""7"": null}","{""0"": 250, ""1"": 250}",250,1,0,0,0,0.314,ultrasonic-not-close,KEEP_PAUSED,left,right,,0
1058,2026-08-01T16:19:13.079+09:00,122.470,1057,8.64,0,DRIVING,,0,1,0,-0.300388,0.568314,0.568314,0,741,green,0,unknown,0.000000,null,0.000000,0.322,,"{""0"": 250, ""1"": 250, ""2"": null, ""3"": null, ""4"": null, ""5"": null, ""6"": null, ""7"": null}","{""0"": 0.0, ""1"": 0.0, ""2"": null, ""3"": null, ""4"": null, ""5"": null, ""6"": null, ""7"": null}","{""0"": 250, ""1"": 250}",250,1,0,0,0,0.322,ultrasonic-not-close,KEEP_PAUSED,left,right,,0
1059,2026-08-01T16:19:13.194+09:00,122.585,1058,8.64,0,DRIVING,,0,1,0,-0.300223,0.559437,0.559437,0,740,green,0,unknown,0.000000,null,0.000000,0.321,,"{""0"": 250, ""1"": 250, ""2"": null, ""3"": null, ""4"": null, ""5"": null, ""6"": null, ""7"": null}","{""0"": 0.0, ""1"": 0.0, ""2"": null, ""3"": null, ""4"": null, ""5"": null, ""6"": null, ""7"": null}","{""0"": 250, ""1"": 250}",250,1,0,0,0,0.321,ultrasonic-not-close,KEEP_PAUSED,left,right,,0
1060,2026-08-01T16:19:13.315+09:00,122.705,1059,8.64,0,DRIVING,,0,1,0,-0.300223,0.553726,0.553726,0,741,green,0,unknown,0.000000,null,0.000000,0.203,,"{""0"": 250, ""1"": 250, ""2"": null, ""3"": null, ""4"": null, ""5"": null, ""6"": null, ""7"": null}","{""0"": 0.0, ""1"": 0.0, ""2"": null, ""3"": null, ""4"": null, ""5"": null, ""6"": null, ""7"": null}","{""0"": 250, ""1"": 250}",250,1,0,0,0,0.203,ultrasonic-not-close,KEEP_PAUSED,left,right,,0
1061,2026-08-01T16:19:13.438+09:00,122.827,1060,8.64,0,DRIVING,,0,1,0,-0.299456,0.546967,0.546967,0,741,green,0,unknown,0.000000,null,0.000000,0.325,,"{""0"": 250, ""1"": 250, ""2"": null, ""3"": null, ""4"": null, ""5"": null, ""6"": null, ""7"": null}","{""0"": 0.0, ""1"": 0.0, ""2"": null, ""3"": null, ""4"": null, ""5"": null, ""6"": null, ""7"": null}","{""0"": 250, ""1"": 250}",250,1,0,0,0,0.325,ultrasonic-not-close,KEEP_PAUSED,left,right,,0
1062,2026-08-01T16:19:13.559+09:00,122.948,1061,8.64,0,DRIVING,,0,1,0,-0.299155,0.543498,0.543498,0,741,green,0,unknown,0.000000,null,0.000000,0.331,,"{""0"": 250, ""1"": 250, ""2"": null, ""3"": null, ""4"": null, ""5"": null, ""6"": null, ""7"": null}","{""0"": 0.0, ""1"": 0.0, ""2"": null, ""3"": null, ""4"": null, ""5"": null, ""6"": null, ""7"": null}","{""0"": 250, ""1"": 250}",250,1,0,0,0,0.331,ultrasonic-not-close,KEEP_PAUSED,left,right,,0
1063,2026-08-01T16:19:13.679+09:00,123.068,1062,8.64,0,DRIVING,,0,1,0,-0.299155,0.541992,0.541992,0,740,green,0,unknown,0.000000,null,0.000000,0.332,,"{""0"": 250, ""1"": 250, ""2"": null, ""3"": null, ""4"": null, ""5"": null, ""6"": null, ""7"": null}","{""0"": 0.0, ""1"": 0.0, ""2"": null, ""3"": null, ""4"": null, ""5"": null, ""6"": null, ""7"": null}","{""0"": 250, ""1"": 250}",250,1,0,0,0,0.332,ultrasonic-not-close,KEEP_PAUSED,left,right,,0
1064,2026-08-01T16:19:13.797+09:00,123.188,1063,8.64,0,DRIVING,,0,1,0,-0.299155,0.540938,0.540938,0,742,green,0,unknown,0.000000,null,0.000000,0.206,,"{""0"": 250, ""1"": 250, ""2"": null, ""3"": null, ""4"": null, ""5"": null, ""6"": null, ""7"": null}","{""0"": 0.0, ""1"": 0.0, ""2"": null, ""3"": null, ""4"": null, ""5"": null, ""6"": null, ""7"": null}","{""0"": 250, ""1"": 250}",250,1,0,0,0,0.206,ultrasonic-not-close,KEEP_PAUSED,left,right,,0
1065,2026-08-01T16:19:13.915+09:00,123.304,1064,8.64,0,DRIVING,,0,1,0,-0.299456,0.541285,0.541285,0,741,green,0,unknown,0.000000,null,0.000000,0.322,,"{""0"": 250, ""1"": 250, ""2"": null, ""3"": null, ""4"": null, ""5"": null, ""6"": null, ""7"": null}","{""0"": 0.0, ""1"": 0.0, ""2"": null, ""3"": null, ""4"": null, ""5"": null, ""6"": null, ""7"": null}","{""0"": 250, ""1"": 250}",250,1,0,0,0,0.322,ultrasonic-not-close,KEEP_PAUSED,left,right,,0
1066,2026-08-01T16:19:14.028+09:00,123.419,1065,8.64,0,DRIVING,,0,1,0,-0.299456,0.540606,0.540606,0,740,green,0,unknown,0.000000,null,0.000000,0.318,,"{""0"": 250, ""1"": 250, ""2"": null, ""3"": null, ""4"": null, ""5"": null, ""6"": null, ""7"": null}","{""0"": 0.001, ""1"": 0.0, ""2"": null, ""3"": null, ""4"": null, ""5"": null, ""6"": null, ""7"": null}","{""0"": 250, ""1"": 250}",250,1,0,0,0,0.317,ultrasonic-not-close,KEEP_PAUSED,left,right,,0
1067,2026-08-01T16:19:14.139+09:00,123.530,1066,8.64,0,DRIVING,,0,1,0,-0.299456,0.540130,0.540130,0,741,green,0,unknown,0.000000,null,0.000000,0.310,,"{""0"": 250, ""1"": 250, ""2"": null, ""3"": null, ""4"": null, ""5"": null, ""6"": null, ""7"": null}","{""0"": 0.0, ""1"": 0.0, ""2"": null, ""3"": null, ""4"": null, ""5"": null, ""6"": null, ""7"": null}","{""0"": 250, ""1"": 250}",250,1,0,0,0,0.310,ultrasonic-not-close,KEEP_PAUSED,left,right,,0
1068,2026-08-01T16:19:14.252+09:00,123.643,1067,8.64,0,DRIVING,,0,1,0,-0.299155,0.538712,0.538712,0,741,green,0,unknown,0.000000,null,0.000000,0.422,,"{""0"": 250, ""1"": 250, ""2"": null, ""3"": null, ""4"": null, ""5"": null, ""6"": null, ""7"": null}","{""0"": 0.0, ""1"": 0.0, ""2"": null, ""3"": null, ""4"": null, ""5"": null, ""6"": null, ""7"": null}","{""0"": 250, ""1"": 250}",250,1,0,0,0,0.422,ultrasonic-not-close,KEEP_PAUSED,left,right,,0
1069,2026-08-01T16:19:14.364+09:00,123.754,1068,8.64,0,DRIVING,,0,1,0,-0.299155,0.538642,0.538642,0,741,green,0,unknown,0.000000,null,0.000000,0.303,,"{""0"": 250, ""1"": 250, ""2"": null, ""3"": null, ""4"": null, ""5"": null, ""6"": null, ""7"": null}","{""0"": 0.0, ""1"": 0.0, ""2"": null, ""3"": null, ""4"": null, ""5"": null, ""6"": null, ""7"": null}","{""0"": 250, ""1"": 250}",250,1,0,0,0,0.303,ultrasonic-not-close,KEEP_PAUSED,left,right,,0
1070,2026-08-01T16:19:14.477+09:00,123.867,1069,8.64,0,DRIVING,,0,1,0,-0.299155,0.538593,0.538593,0,741,green,0,unknown,0.000000,null,0.000000,0.307,,"{""0"": 250, ""1"": 250, ""2"": null, ""3"": null, ""4"": null, ""5"": null, ""6"": null, ""7"": null}","{""0"": 0.0, ""1"": 0.0, ""2"": null, ""3"": null, ""4"": null, ""5"": null, ""6"": null, ""7"": null}","{""0"": 250, ""1"": 250}",250,1,0,0,0,0.307,ultrasonic-not-close,KEEP_PAUSED,left,right,,0
1071,2026-08-01T16:19:14.589+09:00,123.979,1070,8.64,0,DRIVING,,0,1,0,-0.299621,0.540236,0.540236,0,741,green,0,unknown,0.000000,null,0.000000,0.196,,"{""0"": 250, ""1"": 250, ""2"": null, ""3"": null, ""4"": null, ""5"": null, ""6"": null, ""7"": null}","{""0"": 0.0, ""1"": 0.0, ""2"": null, ""3"": null, ""4"": null, ""5"": null, ""6"": null, ""7"": null}","{""0"": 250, ""1"": 250}",250,1,0,0,0,0.196,ultrasonic-not-close,KEEP_PAUSED,left,right,,0
1072,2026-08-01T16:19:14.707+09:00,124.097,1071,8.64,0,DRIVING,,0,1,0,-0.300223,0.542130,0.542130,0,741,green,0,unknown,0.000000,null,0.000000,0.311,,"{""0"": 250, ""1"": 250, ""2"": null, ""3"": null, ""4"": null, ""5"": null, ""6"": null, ""7"": null}","{""0"": 0.0, ""1"": 0.0, ""2"": null, ""3"": null, ""4"": null, ""5"": null, ""6"": null, ""7"": null}","{""0"": 250, ""1"": 250}",250,1,0,0,0,0.311,ultrasonic-not-close,KEEP_PAUSED,left,right,,0
1073,2026-08-01T16:19:14.829+09:00,124.220,1072,8.64,0,DRIVING,,0,1,0,-0.300223,0.541612,0.541612,0,740,green,0,unknown,0.000000,null,0.000000,0.321,,"{""0"": 250, ""1"": 250, ""2"": null, ""3"": null, ""4"": null, ""5"": null, ""6"": null, ""7"": null}","{""0"": 0.0, ""1"": 0.0, ""2"": null, ""3"": null, ""4"": null, ""5"": null, ""6"": null, ""7"": null}","{""0"": 250, ""1"": 250}",250,1,0,0,0,0.321,ultrasonic-not-close,KEEP_PAUSED,left,right,,0
1074,2026-08-01T16:19:14.950+09:00,124.340,1073,8.64,0,DRIVING,,0,1,0,-0.300223,0.541249,0.541249,0,741,green,0,unknown,0.000000,null,0.000000,0.210,,"{""0"": 250, ""1"": 250, ""2"": null, ""3"": null, ""4"": null, ""5"": null, ""6"": null, ""7"": null}","{""0"": 0.0, ""1"": 0.0, ""2"": null, ""3"": null, ""4"": null, ""5"": null, ""6"": null, ""7"": null}","{""0"": 250, ""1"": 250}",250,1,0,0,0,0.210,ultrasonic-not-close,KEEP_PAUSED,left,right,,0
1075,2026-08-01T16:19:15.074+09:00,124.464,1074,8.64,0,DRIVING,,0,1,0,-0.300223,0.540995,0.540995,0,742,green,0,unknown,0.000000,null,0.000000,0.334,,"{""0"": 250, ""1"": 250, ""2"": null, ""3"": null, ""4"": null, ""5"": null, ""6"": null, ""7"": null}","{""0"": 0.0, ""1"": 0.0, ""2"": null, ""3"": null, ""4"": null, ""5"": null, ""6"": null, ""7"": null}","{""0"": 250, ""1"": 250}",250,1,0,0,0,0.334,ultrasonic-not-close,KEEP_PAUSED,left,right,,0
1076,2026-08-01T16:19:15.189+09:00,124.578,1075,8.64,0,DRIVING,,0,1,0,-0.300223,0.540817,0.540817,0,741,green,0,unknown,0.000000,null,0.000000,0.326,,"{""0"": 250, ""1"": 250, ""2"": null, ""3"": null, ""4"": null, ""5"": null, ""6"": null, ""7"": null}","{""0"": 0.0, ""1"": 0.0, ""2"": null, ""3"": null, ""4"": null, ""5"": null, ""6"": null, ""7"": null}","{""0"": 250, ""1"": 250}",250,1,0,0,0,0.326,ultrasonic-not-close,KEEP_PAUSED,left,right,,0
1077,2026-08-01T16:19:15.300+09:00,124.690,1076,8.64,0,DRIVING,,0,1,0,-0.300223,0.540692,0.540692,0,741,green,0,unknown,0.000000,null,0.000000,0.319,,"{""0"": 250, ""1"": 250, ""2"": null, ""3"": null, ""4"": null, ""5"": null, ""6"": null, ""7"": null}","{""0"": 0.0, ""1"": 0.0, ""2"": null, ""3"": null, ""4"": null, ""5"": null, ""6"": null, ""7"": null}","{""0"": 250, ""1"": 250}",250,1,0,0,0,0.319,ultrasonic-not-close,KEEP_PAUSED,left,right,,0
1078,2026-08-01T16:19:15.418+09:00,124.809,1077,8.64,0,DRIVING,,0,1,0,-0.300223,0.540605,0.540605,0,740,green,0,unknown,0.000000,null,0.000000,0.199,,"{""0"": 250, ""1"": 250, ""2"": null, ""3"": null, ""4"": null, ""5"": null, ""6"": null, ""7"": null}","{""0"": 0.0, ""1"": 0.0, ""2"": null, ""3"": null, ""4"": null, ""5"": null, ""6"": null, ""7"": null}","{""0"": 250, ""1"": 250}",250,1,0,0,0,0.199,ultrasonic-not-close,KEEP_PAUSED,left,right,,0
1079,2026-08-01T16:19:15.537+09:00,124.927,1078,8.64,0,DRIVING,,0,1,0,-0.300223,0.540544,0.540544,0,740,green,0,unknown,0.000000,null,0.000000,0.316,,"{""0"": 250, ""1"": 250, ""2"": null, ""3"": null, ""4"": null, ""5"": null, ""6"": null, ""7"": null}","{""0"": 0.0, ""1"": 0.0, ""2"": null, ""3"": null, ""4"": null, ""5"": null, ""6"": null, ""7"": null}","{""0"": 250, ""1"": 250}",250,1,0,0,0,0.316,ultrasonic-not-close,KEEP_PAUSED,left,right,,0
1080,2026-08-01T16:19:15.655+09:00,125.045,1079,8.64,0,DRIVING,,0,1,0,-0.300223,0.540501,0.540501,0,740,green,0,unknown,0.000000,null,0.000000,0.324,,"{""0"": 250, ""1"": 250, ""2"": null, ""3"": null, ""4"": null, ""5"": null, ""6"": null, ""7"": null}","{""0"": 0.0, ""1"": 0.0, ""2"": null, ""3"": null, ""4"": null, ""5"": null, ""6"": null, ""7"": null}","{""0"": 250, ""1"": 250}",250,1,0,0,0,0.324,ultrasonic-not-close,KEEP_PAUSED,left,right,,0
1081,2026-08-01T16:19:15.774+09:00,125.164,1080,8.64,0,DRIVING,,0,1,0,-0.300223,0.540472,0.540472,0,742,green,0,unknown,0.000000,null,0.000000,0.324,,"{""0"": 250, ""1"": 250, ""2"": null, ""3"": null, ""4"": null, ""5"": null, ""6"": null, ""7"": null}","{""0"": 0.0, ""1"": 0.0, ""2"": null, ""3"": null, ""4"": null, ""5"": null, ""6"": null, ""7"": null}","{""0"": 250, ""1"": 250}",250,1,0,0,0,0.324,ultrasonic-not-close,KEEP_PAUSED,left,right,,0
1082,2026-08-01T16:19:15.898+09:00,125.288,1081,8.64,0,DRIVING,,0,1,0,-0.300223,0.540451,0.540451,0,741,green,0,unknown,0.000000,null,0.000000,0.448,,"{""0"": 250, ""1"": 250, ""2"": null, ""3"": null, ""4"": null, ""5"": null, ""6"": null, ""7"": null}","{""0"": 0.0, ""1"": 0.0, ""2"": null, ""3"": null, ""4"": null, ""5"": null, ""6"": null, ""7"": null}","{""0"": 250, ""1"": 250}",250,1,0,0,0,0.448,ultrasonic-not-close,KEEP_PAUSED,left,right,,0
1083,2026-08-01T16:19:16.020+09:00,125.410,1082,8.64,0,DRIVING,,0,1,0,-0.300223,0.540436,0.540436,0,740,green,0,unknown,0.000000,null,0.000000,0.330,,"{""0"": 250, ""1"": 250, ""2"": null, ""3"": null, ""4"": null, ""5"": null, ""6"": null, ""7"": null}","{""0"": 0.0, ""1"": 0.0, ""2"": null, ""3"": null, ""4"": null, ""5"": null, ""6"": null, ""7"": null}","{""0"": 250, ""1"": 250}",250,1,0,0,0,0.330,ultrasonic-not-close,KEEP_PAUSED,left,right,,0
1084,2026-08-01T16:19:16.131+09:00,125.521,1083,8.64,0,DRIVING,,0,1,0,-0.299621,0.538256,0.538256,0,741,green,0,unknown,0.000000,null,0.000000,0.327,,"{""0"": 250, ""1"": 250, ""2"": null, ""3"": null, ""4"": null, ""5"": null, ""6"": null, ""7"": null}","{""0"": 0.0, ""1"": 0.0, ""2"": null, ""3"": null, ""4"": null, ""5"": null, ""6"": null, ""7"": null}","{""0"": 250, ""1"": 250}",250,1,0,0,0,0.327,ultrasonic-not-close,KEEP_PAUSED,left,right,,0
1085,2026-08-01T16:19:16.248+09:00,125.638,1084,8.64,0,DRIVING,,0,1,0,-0.300223,0.540744,0.540744,0,741,green,0,unknown,0.000000,null,0.000000,0.196,,"{""0"": 250, ""1"": 250, ""2"": null, ""3"": null, ""4"": null, ""5"": null, ""6"": null, ""7"": null}","{""0"": 0.0, ""1"": 0.0, ""2"": null, ""3"": null, ""4"": null, ""5"": null, ""6"": null, ""7"": null}","{""0"": 250, ""1"": 250}",250,1,0,0,0,0.196,ultrasonic-not-close,KEEP_PAUSED,left,right,,0
1086,2026-08-01T16:19:16.367+09:00,125.756,1085,8.64,0,DRIVING,,0,1,0,-0.299621,0.538472,0.538472,0,740,green,0,unknown,0.000000,null,0.000000,0.314,,"{""0"": 250, ""1"": 250, ""2"": null, ""3"": null, ""4"": null, ""5"": null, ""6"": null, ""7"": null}","{""0"": 0.0, ""1"": 0.0, ""2"": null, ""3"": null, ""4"": null, ""5"": null, ""6"": null, ""7"": null}","{""0"": 250, ""1"": 250}",250,1,0,0,0,0.314,ultrasonic-not-close,KEEP_PAUSED,left,right,,0
1087,2026-08-01T16:19:16.475+09:00,125.865,1086,8.64,0,DRIVING,,0,1,0,-0.299621,0.538725,0.538725,0,740,green,0,unknown,0.000000,null,0.000000,0.311,,"{""0"": 250, ""1"": 250, ""2"": null, ""3"": null, ""4"": null, ""5"": null, ""6"": null, ""7"": null}","{""0"": 0.0, ""1"": 0.0, ""2"": null, ""3"": null, ""4"": null, ""5"": null, ""6"": null, ""7"": null}","{""0"": 250, ""1"": 250}",250,1,0,0,0,0.311,ultrasonic-not-close,KEEP_PAUSED,left,right,,0
1088,2026-08-01T16:19:16.599+09:00,125.989,1087,8.64,0,DRIVING,,0,1,0,-0.299621,0.538903,0.538903,0,741,green,0,unknown,0.000000,null,0.000000,0.320,,"{""0"": 250, ""1"": 250, ""2"": null, ""3"": null, ""4"": null, ""5"": null, ""6"": null, ""7"": null}","{""0"": 0.0, ""1"": 0.0, ""2"": null, ""3"": null, ""4"": null, ""5"": null, ""6"": null, ""7"": null}","{""0"": 250, ""1"": 250}",250,1,0,0,0,0.320,ultrasonic-not-close,KEEP_PAUSED,left,right,,0
1089,2026-08-01T16:19:16.723+09:00,126.112,1088,8.64,0,DRIVING,,0,1,0,-0.300223,0.541197,0.541197,0,740,green,0,unknown,0.000000,null,0.000000,0.442,,"{""0"": 250, ""1"": 250, ""2"": null, ""3"": null, ""4"": null, ""5"": null, ""6"": null, ""7"": null}","{""0"": 0.0, ""1"": 0.0, ""2"": null, ""3"": null, ""4"": null, ""5"": null, ""6"": null, ""7"": null}","{""0"": 250, ""1"": 250}",250,1,0,0,0,0.442,ultrasonic-not-close,KEEP_PAUSED,left,right,,0
1090,2026-08-01T16:19:16.830+09:00,126.221,1089,8.64,0,DRIVING,,0,1,0,-0.299621,0.538789,0.538789,0,741,green,0,unknown,0.000000,null,0.000000,0.325,,"{""0"": 250, ""1"": 250, ""2"": null, ""3"": null, ""4"": null, ""5"": null, ""6"": null, ""7"": null}","{""0"": 0.0, ""1"": 0.0, ""2"": null, ""3"": null, ""4"": null, ""5"": null, ""6"": null, ""7"": null}","{""0"": 250, ""1"": 250}",250,1,0,0,0,0.325,ultrasonic-not-close,KEEP_PAUSED,left,right,,0
1091,2026-08-01T16:19:16.948+09:00,126.338,1090,8.64,0,DRIVING,,0,1,0,-0.300223,0.541117,0.541117,0,741,green,0,unknown,0.000000,null,0.000000,0.318,,"{""0"": 250, ""1"": 250, ""2"": null, ""3"": null, ""4"": null, ""5"": null, ""6"": null, ""7"": null}","{""0"": 0.0, ""1"": 0.0, ""2"": null, ""3"": null, ""4"": null, ""5"": null, ""6"": null, ""7"": null}","{""0"": 250, ""1"": 250}",250,1,0,0,0,0.318,ultrasonic-not-close,KEEP_PAUSED,left,right,,0
1092,2026-08-01T16:19:17.070+09:00,126.461,1091,8.64,0,DRIVING,,0,1,0,-0.300223,0.540902,0.540902,0,741,green,0,unknown,0.000000,null,0.000000,0.439,,"{""0"": 250, ""1"": 250, ""2"": null, ""3"": null, ""4"": null, ""5"": null, ""6"": null, ""7"": null}","{""0"": 0.0, ""1"": 0.0, ""2"": null, ""3"": null, ""4"": null, ""5"": null, ""6"": null, ""7"": null}","{""0"": 250, ""1"": 250}",250,1,0,0,0,0.439,ultrasonic-not-close,KEEP_PAUSED,left,right,,0
1093,2026-08-01T16:19:17.201+09:00,126.591,1092,8.63,0,DRIVING,,0,1,0,-0.300223,0.540752,0.540752,0,741,green,0,unknown,0.000000,null,0.000000,0.337,,"{""0"": 250, ""1"": 250, ""2"": null, ""3"": null, ""4"": null, ""5"": null, ""6"": null, ""7"": null}","{""0"": 0.0, ""1"": 0.0, ""2"": null, ""3"": null, ""4"": null, ""5"": null, ""6"": null, ""7"": null}","{""0"": 250, ""1"": 250}",250,1,0,0,0,0.337,ultrasonic-not-close,KEEP_PAUSED,left,right,,0
1094,2026-08-01T16:19:17.306+09:00,126.697,1093,8.64,0,DRIVING,,0,1,0,-0.299621,0.538477,0.538477,0,741,green,0,unknown,0.000000,null,0.000000,0.327,,"{""0"": 250, ""1"": 250, ""2"": null, ""3"": null, ""4"": null, ""5"": null, ""6"": null, ""7"": null}","{""0"": 0.0, ""1"": 0.0, ""2"": null, ""3"": null, ""4"": null, ""5"": null, ""6"": null, ""7"": null}","{""0"": 250, ""1"": 250}",250,1,0,0,0,0.327,ultrasonic-not-close,KEEP_PAUSED,left,right,,0
1095,2026-08-01T16:19:17.421+09:00,126.811,1094,8.64,0,DRIVING,,0,1,0,-0.300223,0.540899,0.540899,0,741,green,0,unknown,0.000000,null,0.000000,0.187,,"{""0"": 250, ""1"": 250, ""2"": null, ""3"": null, ""4"": null, ""5"": null, ""6"": null, ""7"": null}","{""0"": 0.0, ""1"": 0.0, ""2"": null, ""3"": null, ""4"": null, ""5"": null, ""6"": null, ""7"": null}","{""0"": 250, ""1"": 250}",250,1,0,0,0,0.187,ultrasonic-not-close,KEEP_PAUSED,left,right,,0
1096,2026-08-01T16:19:17.536+09:00,126.926,1095,8.64,0,DRIVING,,0,1,0,-0.299621,0.538580,0.538580,0,742,green,0,unknown,0.000000,null,0.000000,0.302,,"{""0"": 250, ""1"": 250, ""2"": null, ""3"": null, ""4"": null, ""5"": null, ""6"": null, ""7"": null}","{""0"": 0.0, ""1"": 0.0, ""2"": null, ""3"": null, ""4"": null, ""5"": null, ""6"": null, ""7"": null}","{""0"": 250, ""1"": 250}",250,1,0,0,0,0.302,ultrasonic-not-close,KEEP_PAUSED,left,right,,0
1097,2026-08-01T16:19:17.644+09:00,127.034,1096,8.64,0,DRIVING,,0,1,0,-0.300223,0.540971,0.540971,0,741,green,0,unknown,0.000000,null,0.000000,0.306,,"{""0"": 250, ""1"": 250, ""2"": null, ""3"": null, ""4"": null, ""5"": null, ""6"": null, ""7"": null}","{""0"": 0.0, ""1"": 0.0, ""2"": null, ""3"": null, ""4"": null, ""5"": null, ""6"": null, ""7"": null}","{""0"": 250, ""1"": 250}",250,1,0,0,0,0.306,ultrasonic-not-close,KEEP_PAUSED,left,right,,0
1098,2026-08-01T16:19:17.756+09:00,127.147,1097,8.64,0,DRIVING,,0,1,0,-0.300223,0.540800,0.540800,0,741,green,0,unknown,0.000000,null,0.000000,0.306,,"{""0"": 250, ""1"": 250, ""2"": null, ""3"": null, ""4"": null, ""5"": null, ""6"": null, ""7"": null}","{""0"": 0.0, ""1"": 0.0, ""2"": null, ""3"": null, ""4"": null, ""5"": null, ""6"": null, ""7"": null}","{""0"": 250, ""1"": 250}",250,1,0,0,0,0.306,ultrasonic-not-close,KEEP_PAUSED,left,right,,0
1099,2026-08-01T16:19:17.875+09:00,127.266,1098,8.64,0,DRIVING,,0,1,0,-0.300223,0.540681,0.540681,0,741,green,0,unknown,0.000000,null,0.000000,0.199,,"{""0"": 250, ""1"": 250, ""2"": null, ""3"": null, ""4"": null, ""5"": null, ""6"": null, ""7"": null}","{""0"": 0.0, ""1"": 0.0, ""2"": null, ""3"": null, ""4"": null, ""5"": null, ""6"": null, ""7"": null}","{""0"": 250, ""1"": 250}",250,1,0,0,0,0.199,ultrasonic-not-close,KEEP_PAUSED,left,right,,0
1100,2026-08-01T16:19:17.986+09:00,127.376,1099,8.64,0,DRIVING,,0,1,0,-0.300223,0.540597,0.540597,0,741,green,0,unknown,0.000000,null,0.000000,0.309,,"{""0"": 250, ""1"": 250, ""2"": null, ""3"": null, ""4"": null, ""5"": null, ""6"": null, ""7"": null}","{""0"": 0.0, ""1"": 0.0, ""2"": null, ""3"": null, ""4"": null, ""5"": null, ""6"": null, ""7"": null}","{""0"": 250, ""1"": 250}",250,1,0,0,0,0.309,ultrasonic-not-close,KEEP_PAUSED,left,right,,0
1101,2026-08-01T16:19:18.104+09:00,127.494,1100,8.64,0,DRIVING,,0,1,0,-0.300223,0.540538,0.540538,0,741,green,0,unknown,0.000000,null,0.000000,0.316,,"{""0"": 250, ""1"": 250, ""2"": null, ""3"": null, ""4"": null, ""5"": null, ""6"": null, ""7"": null}","{""0"": 0.0, ""1"": 0.0, ""2"": null, ""3"": null, ""4"": null, ""5"": null, ""6"": null, ""7"": null}","{""0"": 250, ""1"": 250}",250,1,0,0,0,0.316,ultrasonic-not-close,KEEP_PAUSED,left,right,,0
1102,2026-08-01T16:19:18.219+09:00,127.610,1101,8.64,0,DRIVING,,0,1,0,-0.300223,0.540497,0.540497,0,741,green,0,unknown,0.000000,null,0.000000,0.202,,"{""0"": 250, ""1"": 250, ""2"": null, ""3"": null, ""4"": null, ""5"": null, ""6"": null, ""7"": null}","{""0"": 0.0, ""1"": 0.0, ""2"": null, ""3"": null, ""4"": null, ""5"": null, ""6"": null, ""7"": null}","{""0"": 250, ""1"": 250}",250,1,0,0,0,0.202,ultrasonic-not-close,KEEP_PAUSED,left,right,,0
1103,2026-08-01T16:19:18.342+09:00,127.732,1102,8.64,0,DRIVING,,0,1,0,-0.300223,0.540469,0.540469,0,741,green,0,unknown,0.000000,null,0.000000,0.322,,"{""0"": 250, ""1"": 250, ""2"": null, ""3"": null, ""4"": null, ""5"": null, ""6"": null, ""7"": null}","{""0"": 0.0, ""1"": 0.0, ""2"": null, ""3"": null, ""4"": null, ""5"": null, ""6"": null, ""7"": null}","{""0"": 250, ""1"": 250}",250,1,0,0,0,0.322,ultrasonic-not-close,KEEP_PAUSED,left,right,,0
1104,2026-08-01T16:19:18.453+09:00,127.843,1103,8.64,0,DRIVING,,0,1,0,-0.300388,0.541041,0.541041,0,741,green,0,unknown,0.000000,null,0.000000,0.317,,"{""0"": 250, ""1"": 250, ""2"": null, ""3"": null, ""4"": null, ""5"": null, ""6"": null, ""7"": null}","{""0"": 0.0, ""1"": 0.0, ""2"": null, ""3"": null, ""4"": null, ""5"": null, ""6"": null, ""7"": null}","{""0"": 250, ""1"": 250}",250,1,0,0,0,0.317,ultrasonic-not-close,KEEP_PAUSED,left,right,,0
1105,2026-08-01T16:19:18.575+09:00,127.956,1104,8.64,0,DRIVING,,0,1,0,-0.310419,0.577049,0.577049,0,742,green,0,unknown,0.000000,null,0.000000,0.315,,"{""0"": 250, ""1"": 250, ""2"": null, ""3"": null, ""4"": null, ""5"": null, ""6"": null, ""7"": null}","{""0"": 0.0, ""1"": 0.0, ""2"": null, ""3"": null, ""4"": null, ""5"": null, ""6"": null, ""7"": null}","{""0"": 250, ""1"": 250}",250,1,0,0,0,0.315,ultrasonic-not-close,KEEP_PAUSED,left,right,,0
1106,2026-08-01T16:19:18.692+09:00,128.082,1105,8.64,0,DRIVING,,0,1,0,-0.317545,0.597214,0.597214,0,741,green,0,unknown,0.000000,null,0.000000,0.207,,"{""0"": 250, ""1"": 250, ""2"": null, ""3"": null, ""4"": null, ""5"": null, ""6"": null, ""7"": null}","{""0"": 0.0, ""1"": 0.0, ""2"": null, ""3"": null, ""4"": null, ""5"": null, ""6"": null, ""7"": null}","{""0"": 250, ""1"": 250}",250,1,0,0,0,0.207,ultrasonic-not-close,KEEP_PAUSED,left,right,,0
1107,2026-08-01T16:19:18.806+09:00,128.196,1106,8.64,0,DRIVING,,0,1,0,-0.319461,0.596425,0.596425,0,742,green,0,unknown,0.000000,null,0.000000,0.318,,"{""0"": 250, ""1"": 250, ""2"": null, ""3"": null, ""4"": null, ""5"": null, ""6"": null, ""7"": null}","{""0"": 0.0, ""1"": 0.0, ""2"": null, ""3"": null, ""4"": null, ""5"": null, ""6"": null, ""7"": null}","{""0"": 250, ""1"": 250}",250,1,0,0,0,0.318,ultrasonic-not-close,KEEP_PAUSED,left,right,,0
1108,2026-08-01T16:19:18.914+09:00,128.304,1107,8.64,0,DRIVING,,0,1,0,-0.322174,0.599770,0.599770,0,741,green,0,unknown,0.000000,null,0.000000,0.308,,"{""0"": 250, ""1"": 250, ""2"": null, ""3"": null, ""4"": null, ""5"": null, ""6"": null, ""7"": null}","{""0"": 0.0, ""1"": 0.0, ""2"": null, ""3"": null, ""4"": null, ""5"": null, ""6"": null, ""7"": null}","{""0"": 250, ""1"": 250}",250,1,0,0,0,0.308,ultrasonic-not-close,KEEP_PAUSED,left,right,,0
1109,2026-08-01T16:19:19.026+09:00,128.416,1108,8.64,0,DRIVING,,0,1,0,-0.330257,0.622912,0.622912,0,741,green,0,unknown,0.000000,null,0.000000,0.188,,"{""0"": 250, ""1"": 250, ""2"": null, ""3"": null, ""4"": null, ""5"": null, ""6"": null, ""7"": null}","{""0"": 0.0, ""1"": 0.0, ""2"": null, ""3"": null, ""4"": null, ""5"": null, ""6"": null, ""7"": null}","{""0"": 250, ""1"": 250}",250,1,0,0,0,0.188,ultrasonic-not-close,KEEP_PAUSED,left,right,,0
1110,2026-08-01T16:19:19.138+09:00,128.528,1109,8.64,0,DRIVING,,0,1,0,-0.338449,0.643868,0.643868,0,741,green,0,unknown,0.000000,null,0.000000,0.299,,"{""0"": 250, ""1"": 250, ""2"": null, ""3"": null, ""4"": null, ""5"": null, ""6"": null, ""7"": null}","{""0"": 0.0, ""1"": 0.0, ""2"": null, ""3"": null, ""4"": null, ""5"": null, ""6"": null, ""7"": null}","{""0"": 250, ""1"": 250}",250,1,0,0,0,0.299,ultrasonic-not-close,KEEP_PAUSED,left,right,,0
1111,2026-08-01T16:19:19.246+09:00,128.636,1110,8.64,0,DRIVING,,0,1,0,-0.335184,0.621718,0.621718,0,740,green,0,unknown,0.000000,null,0.000000,0.302,,"{""0"": 250, ""1"": 250, ""2"": null, ""3"": null, ""4"": null, ""5"": null, ""6"": null, ""7"": null}","{""0"": 0.0, ""1"": 0.0, ""2"": null, ""3"": null, ""4"": null, ""5"": null, ""6"": null, ""7"": null}","{""0"": 250, ""1"": 250}",250,1,0,0,0,0.302,ultrasonic-not-close,KEEP_PAUSED,left,right,,0
1112,2026-08-01T16:19:19.357+09:00,128.748,1111,8.64,0,DRIVING,,0,1,0,-0.315748,0.546231,0.546231,0,741,green,0,unknown,0.000000,null,0.000000,0.300,,"{""0"": 250, ""1"": 250, ""2"": null, ""3"": null, ""4"": null, ""5"": null, ""6"": null, ""7"": null}","{""0"": 0.0, ""1"": 0.0, ""2"": null, ""3"": null, ""4"": null, ""5"": null, ""6"": null, ""7"": null}","{""0"": 250, ""1"": 250}",250,1,0,0,0,0.300,ultrasonic-not-close,KEEP_PAUSED,left,right,,0
1113,2026-08-01T16:19:19.497+09:00,128.887,1112,8.64,0,DRIVING,,0,1,0,-0.286007,0.445800,0.445800,0,741,green,0,unknown,0.000000,null,0.000000,0.219,,"{""0"": 250, ""1"": 250, ""2"": null, ""3"": null, ""4"": null, ""5"": null, ""6"": null, ""7"": null}","{""0"": 0.0, ""1"": 0.0, ""2"": null, ""3"": null, ""4"": null, ""5"": null, ""6"": null, ""7"": null}","{""0"": 250, ""1"": 250}",250,1,0,0,0,0.219,ultrasonic-not-close,KEEP_PAUSED,left,right,,0
1114,2026-08-01T16:19:19.616+09:00,129.006,1113,8.64,0,DRIVING,,0,1,0,-0.251250,0.341377,0.341377,0,742,green,0,unknown,0.000000,null,0.000000,0.337,,"{""0"": 250, ""1"": 250, ""2"": null, ""3"": null, ""4"": null, ""5"": null, ""6"": null, ""7"": null}","{""0"": 0.0, ""1"": 0.0, ""2"": null, ""3"": null, ""4"": null, ""5"": null, ""6"": null, ""7"": null}","{""0"": 250, ""1"": 250}",250,1,0,0,0,0.337,ultrasonic-not-close,KEEP_PAUSED,left,right,,0
1115,2026-08-01T16:19:19.725+09:00,129.116,1114,8.64,0,DRIVING,,0,1,0,-0.191030,0.157846,0.157846,0,741,green,0,unknown,0.000000,null,0.000000,0.338,,"{""0"": 250, ""1"": 250, ""2"": null, ""3"": null, ""4"": null, ""5"": null, ""6"": null, ""7"": null}","{""0"": 0.0, ""1"": 0.0, ""2"": null, ""3"": null, ""4"": null, ""5"": null, ""6"": null, ""7"": null}","{""0"": 250, ""1"": 250}",250,1,0,0,0,0.338,ultrasonic-not-close,KEEP_PAUSED,left,right,,0
1116,2026-08-01T16:19:19.838+09:00,129.229,1115,8.64,0,DRIVING,,0,1,0,-0.157232,0.091977,0.091977,0,741,green,0,unknown,0.000000,null,0.000000,0.310,,"{""0"": 250, ""1"": 250, ""2"": null, ""3"": null, ""4"": null, ""5"": null, ""6"": null, ""7"": null}","{""0"": 0.0, ""1"": 0.0, ""2"": null, ""3"": null, ""4"": null, ""5"": null, ""6"": null, ""7"": null}","{""0"": 250, ""1"": 250}",250,1,0,0,0,0.310,ultrasonic-not-close,KEEP_PAUSED,left,right,,0
1117,2026-08-01T16:19:19.953+09:00,129.343,1116,8.64,0,DRIVING,,0,1,0,-0.137441,0.078043,0.078043,0,741,green,0,unknown,0.000000,null,0.000000,0.422,,"{""0"": 250, ""1"": 250, ""2"": null, ""3"": null, ""4"": null, ""5"": null, ""6"": null, ""7"": null}","{""0"": 0.0, ""1"": 0.0, ""2"": null, ""3"": null, ""4"": null, ""5"": null, ""6"": null, ""7"": null}","{""0"": 250, ""1"": 250}",250,1,0,0,0,0.422,ultrasonic-not-close,KEEP_PAUSED,left,right,,0
1118,2026-08-01T16:19:20.060+09:00,129.449,1117,8.64,0,DRIVING,,0,1,0,-0.126066,0.087896,0.087896,0,741,green,0,unknown,0.000000,null,0.000000,0.302,,"{""0"": 250, ""1"": 250, ""2"": null, ""3"": null, ""4"": null, ""5"": null, ""6"": null, ""7"": null}","{""0"": 0.0, ""1"": 0.0, ""2"": null, ""3"": null, ""4"": null, ""5"": null, ""6"": null, ""7"": null}","{""0"": 250, ""1"": 250}",250,1,0,0,0,0.302,ultrasonic-not-close,KEEP_PAUSED,left,right,,0
1119,2026-08-01T16:19:20.178+09:00,129.569,1118,8.64,0,DRIVING,,0,1,0,-0.114936,0.089535,0.089535,0,742,green,0,unknown,0.000000,null,0.000000,0.307,,"{""0"": 250, ""1"": 250, ""2"": null, ""3"": null, ""4"": null, ""5"": null, ""6"": null, ""7"": null}","{""0"": 0.0, ""1"": 0.0, ""2"": null, ""3"": null, ""4"": null, ""5"": null, ""6"": null, ""7"": null}","{""0"": 250, ""1"": 250}",250,1,0,0,0,0.307,ultrasonic-not-close,KEEP_PAUSED,left,right,,0
1120,2026-08-01T16:19:20.300+09:00,129.690,1119,8.64,0,DRIVING,,0,1,0,-0.106136,0.093059,0.093059,0,740,green,0,unknown,0.000000,null,0.000000,0.208,,"{""0"": 250, ""1"": 250, ""2"": null, ""3"": null, ""4"": null, ""5"": null, ""6"": null, ""7"": null}","{""0"": 0.0, ""1"": 0.0, ""2"": null, ""3"": null, ""4"": null, ""5"": null, ""6"": null, ""7"": null}","{""0"": 250, ""1"": 250}",250,1,0,0,0,0.208,ultrasonic-not-close,KEEP_PAUSED,left,right,,0
1121,2026-08-01T16:19:20.424+09:00,129.814,1120,8.64,0,DRIVING,,0,1,0,-0.101886,0.107157,0.107157,0,740,green,0,unknown,0.000000,null,0.000000,0.331,,"{""0"": 250, ""1"": 250, ""2"": null, ""3"": null, ""4"": null, ""5"": null, ""6"": null, ""7"": null}","{""0"": 0.0, ""1"": 0.0, ""2"": null, ""3"": null, ""4"": null, ""5"": null, ""6"": null, ""7"": null}","{""0"": 250, ""1"": 250}",250,1,0,0,0,0.331,ultrasonic-not-close,KEEP_PAUSED,left,right,,0
1122,2026-08-01T16:19:20.542+09:00,129.931,1121,8.64,0,DRIVING,,0,1,0,-0.104160,0.138214,0.138214,0,740,green,0,unknown,0.000000,null,0.000000,0.330,,"{""0"": 250, ""1"": 250, ""2"": null, ""3"": null, ""4"": null, ""5"": null, ""6"": null, ""7"": null}","{""0"": 0.0, ""1"": 0.0, ""2"": null, ""3"": null, ""4"": null, ""5"": null, ""6"": null, ""7"": null}","{""0"": 250, ""1"": 250}",250,1,0,0,0,0.330,ultrasonic-not-close,KEEP_PAUSED,left,right,,0
1123,2026-08-01T16:19:20.678+09:00,130.067,1122,8.63,0,DRIVING,,0,1,0,-0.105173,0.156643,0.156643,0,741,green,0,unknown,0.000000,null,0.000000,0.343,,"{""0"": 250, ""1"": 250, ""2"": null, ""3"": null, ""4"": null, ""5"": null, ""6"": null, ""7"": null}","{""0"": 0.0, ""1"": 0.0, ""2"": null, ""3"": null, ""4"": null, ""5"": null, ""6"": null, ""7"": null}","{""0"": 250, ""1"": 250}",250,1,0,0,0,0.343,ultrasonic-not-close,KEEP_PAUSED,left,right,,0
1124,2026-08-01T16:19:20.803+09:00,130.192,1123,8.63,0,DRIVING,,0,1,0,-0.103474,0.160326,0.160326,0,741,green,0,unknown,0.000000,null,0.000000,0.226,,"{""0"": 250, ""1"": 250, ""2"": null, ""3"": null, ""4"": null, ""5"": null, ""6"": null, ""7"": null}","{""0"": 0.0, ""1"": 0.0, ""2"": null, ""3"": null, ""4"": null, ""5"": null, ""6"": null, ""7"": null}","{""0"": 250, ""1"": 250}",250,1,0,0,0,0.226,ultrasonic-not-close,KEEP_PAUSED,left,right,,0
1125,2026-08-01T16:19:20.917+09:00,130.307,1124,8.63,0,DRIVING,,0,1,0,-0.103309,0.167512,0.167512,0,741,green,0,unknown,0.000000,null,0.000000,0.340,,"{""0"": 250, ""1"": 250, ""2"": null, ""3"": null, ""4"": null, ""5"": null, ""6"": null, ""7"": null}","{""0"": 0.0, ""1"": 0.0, ""2"": null, ""3"": null, ""4"": null, ""5"": null, ""6"": null, ""7"": null}","{""0"": 250, ""1"": 250}",250,1,0,0,0,0.340,ultrasonic-not-close,KEEP_PAUSED,left,right,,0
1126,2026-08-01T16:19:21.028+09:00,130.418,1125,8.63,0,DRIVING,,0,1,0,-0.104132,0.176008,0.176008,0,742,green,0,unknown,0.000000,null,0.000000,0.317,,"{""0"": 250, ""1"": 250, ""2"": null, ""3"": null, ""4"": null, ""5"": null, ""6"": null, ""7"": null}","{""0"": 0.0, ""1"": 0.0, ""2"": null, ""3"": null, ""4"": null, ""5"": null, ""6"": null, ""7"": null}","{""0"": 250, ""1"": 250}",250,1,0,0,0,0.317,ultrasonic-not-close,KEEP_PAUSED,left,right,,0
1127,2026-08-01T16:19:21.143+09:00,130.533,1126,8.63,0,DRIVING,,0,1,0,-0.104132,0.179437,0.179437,0,742,green,0,unknown,0.000000,null,0.000000,0.308,,"{""0"": 250, ""1"": 250, ""2"": null, ""3"": null, ""4"": null, ""5"": null, ""6"": null, ""7"": null}","{""0"": 0.0, ""1"": 0.0, ""2"": null, ""3"": null, ""4"": null, ""5"": null, ""6"": null, ""7"": null}","{""0"": 250, ""1"": 250}",250,1,0,0,0,0.308,ultrasonic-not-close,KEEP_PAUSED,left,right,,0
1128,2026-08-01T16:19:21.260+09:00,130.650,1127,8.63,0,DRIVING,,0,1,0,-0.103968,0.181245,0.181245,0,740,green,0,unknown,0.000000,null,0.000000,0.200,,"{""0"": 250, ""1"": 250, ""2"": null, ""3"": null, ""4"": null, ""5"": null, ""6"": null, ""7"": null}","{""0"": 0.0, ""1"": 0.0, ""2"": null, ""3"": null, ""4"": null, ""5"": null, ""6"": null, ""7"": null}","{""0"": 250, ""1"": 250}",250,1,0,0,0,0.200,ultrasonic-not-close,KEEP_PAUSED,left,right,,0
1129,2026-08-01T16:19:21.367+09:00,130.757,1128,8.64,0,DRIVING,,0,1,0,-0.104132,0.183607,0.183607,0,741,green,0,unknown,0.000000,null,0.000000,0.306,,"{""0"": 250, ""1"": 250, ""2"": null, ""3"": null, ""4"": null, ""5"": null, ""6"": null, ""7"": null}","{""0"": 0.0, ""1"": 0.0, ""2"": null, ""3"": null, ""4"": null, ""5"": null, ""6"": null, ""7"": null}","{""0"": 250, ""1"": 250}",250,1,0,0,0,0.306,ultrasonic-not-close,KEEP_PAUSED,left,right,,0
1130,2026-08-01T16:19:21.475+09:00,130.867,1129,8.64,0,DRIVING,,0,1,0,-0.103502,0.182486,0.182486,0,741,green,0,unknown,0.000000,null,0.000000,0.302,,"{""0"": 250, ""1"": 250, ""2"": null, ""3"": null, ""4"": null, ""5"": null, ""6"": null, ""7"": null}","{""0"": 0.0, ""1"": 0.0, ""2"": null, ""3"": null, ""4"": null, ""5"": null, ""6"": null, ""7"": null}","{""0"": 250, ""1"": 250}",250,1,0,0,0,0.302,ultrasonic-not-close,KEEP_PAUSED,left,right,,0
1131,2026-08-01T16:19:21.590+09:00,130.981,1130,8.64,0,DRIVING,,0,1,0,-0.096074,0.156892,0.156892,0,740,green,0,unknown,0.000000,null,0.000000,0.190,,"{""0"": 250, ""1"": 250, ""2"": null, ""3"": null, ""4"": null, ""5"": null, ""6"": null, ""7"": null}","{""0"": 0.0, ""1"": 0.0, ""2"": null, ""3"": null, ""4"": null, ""5"": null, ""6"": null, ""7"": null}","{""0"": 250, ""1"": 250}",250,1,0,0,0,0.190,ultrasonic-not-close,KEEP_PAUSED,left,right,,0
1132,2026-08-01T16:19:21.706+09:00,131.097,1131,8.64,0,DRIVING,,0,1,0,-0.082946,0.114445,0.114445,0,741,green,0,unknown,0.000000,null,0.000000,0.307,,"{""0"": 250, ""1"": 250, ""2"": null, ""3"": null, ""4"": null, ""5"": null, ""6"": null, ""7"": null}","{""0"": 0.0, ""1"": 0.0, ""2"": null, ""3"": null, ""4"": null, ""5"": null, ""6"": null, ""7"": null}","{""0"": 250, ""1"": 250}",250,1,0,0,0,0.307,ultrasonic-not-close,KEEP_PAUSED,left,right,,0
1133,2026-08-01T16:19:21.819+09:00,131.209,1132,8.64,0,DRIVING,,0,1,0,-0.084869,0.131823,0.131823,0,741,green,0,unknown,0.000000,null,0.000000,0.312,,"{""0"": 250, ""1"": 250, ""2"": null, ""3"": null, ""4"": null, ""5"": null, ""6"": null, ""7"": null}","{""0"": 0.0, ""1"": 0.0, ""2"": null, ""3"": null, ""4"": null, ""5"": null, ""6"": null, ""7"": null}","{""0"": 250, ""1"": 250}",250,1,0,0,0,0.312,ultrasonic-not-close,KEEP_PAUSED,left,right,,0
1134,2026-08-01T16:19:21.939+09:00,131.330,1133,8.64,0,DRIVING,,0,1,0,-0.106222,0.214977,0.214977,0,741,green,0,unknown,0.000000,null,0.000000,0.318,,"{""0"": 250, ""1"": 250, ""2"": null, ""3"": null, ""4"": null, ""5"": null, ""6"": null, ""7"": null}","{""0"": 0.0, ""1"": 0.0, ""2"": null, ""3"": null, ""4"": null, ""5"": null, ""6"": null, ""7"": null}","{""0"": 250, ""1"": 250}",250,1,0,0,0,0.318,ultrasonic-not-close,KEEP_PAUSED,left,right,,0
1135,2026-08-01T16:19:22.063+09:00,131.454,1134,8.64,0,DRIVING,,0,1,0,-0.127603,0.284816,0.284816,0,742,green,0,unknown,0.000000,null,0.000000,0.211,,"{""0"": 250, ""1"": 250, ""2"": null, ""3"": null, ""4"": null, ""5"": null, ""6"": null, ""7"": null}","{""0"": 0.0, ""1"": 0.0, ""2"": null, ""3"": null, ""4"": null, ""5"": null, ""6"": null, ""7"": null}","{""0"": 250, ""1"": 250}",250,1,0,0,0,0.211,ultrasonic-not-close,KEEP_PAUSED,left,right,,0
1136,2026-08-01T16:19:22.183+09:00,131.572,1135,8.63,0,DRIVING,,0,1,0,-0.145558,0.332914,0.332914,0,741,green,0,unknown,0.000000,null,0.000000,0.330,,"{""0"": 250, ""1"": 250, ""2"": null, ""3"": null, ""4"": null, ""5"": null, ""6"": null, ""7"": null}","{""0"": 0.0, ""1"": 0.0, ""2"": null, ""3"": null, ""4"": null, ""5"": null, ""6"": null, ""7"": null}","{""0"": 250, ""1"": 250}",250,1,0,0,0,0.330,ultrasonic-not-close,KEEP_PAUSED,left,right,,0
1137,2026-08-01T16:19:22.302+09:00,131.691,1136,8.63,0,DRIVING,,0,1,0,-0.155865,0.348746,0.348746,0,741,green,0,unknown,0.000000,null,0.000000,0.329,,"{""0"": 250, ""1"": 250, ""2"": null, ""3"": null, ""4"": null, ""5"": null, ""6"": null, ""7"": null}","{""0"": 0.0, ""1"": 0.0, ""2"": null, ""3"": null, ""4"": null, ""5"": null, ""6"": null, ""7"": null}","{""0"": 250, ""1"": 250}",250,1,0,0,0,0.329,ultrasonic-not-close,KEEP_PAUSED,left,right,,0
1138,2026-08-01T16:19:22.425+09:00,131.814,1137,8.63,0,DRIVING,,0,1,0,-0.159978,0.343095,0.343095,0,741,green,0,unknown,0.000000,null,0.000000,0.329,,"{""0"": 250, ""1"": 250, ""2"": null, ""3"": null, ""4"": null, ""5"": null, ""6"": null, ""7"": null}","{""0"": 0.0, ""1"": 0.0, ""2"": null, ""3"": null, ""4"": null, ""5"": null, ""6"": null, ""7"": null}","{""0"": 250, ""1"": 250}",250,1,0,0,0,0.329,ultrasonic-not-close,KEEP_PAUSED,left,right,,0
1139,2026-08-01T16:19:22.550+09:00,131.940,1138,8.63,0,DRIVING,,0,1,0,-0.165898,0.347869,0.347869,0,741,green,0,unknown,0.000000,null,0.000000,0.215,,"{""0"": 250, ""1"": 250, ""2"": null, ""3"": null, ""4"": null, ""5"": null, ""6"": null, ""7"": null}","{""0"": 0.0, ""1"": 0.0, ""2"": null, ""3"": null, ""4"": null, ""5"": null, ""6"": null, ""7"": null}","{""0"": 250, ""1"": 250}",250,1,0,0,0,0.215,ultrasonic-not-close,KEEP_PAUSED,left,right,,0
1140,2026-08-01T16:19:22.676+09:00,132.065,1139,8.63,0,DRIVING,,0,1,0,-0.167296,0.338126,0.338126,0,741,green,0,unknown,0.000000,null,0.000000,0.340,,"{""0"": 250, ""1"": 250, ""2"": null, ""3"": null, ""4"": null, ""5"": null, ""6"": null, ""7"": null}","{""0"": 0.0, ""1"": 0.0, ""2"": null, ""3"": null, ""4"": null, ""5"": null, ""6"": null, ""7"": null}","{""0"": 250, ""1"": 250}",250,1,0,0,0,0.340,ultrasonic-not-close,KEEP_PAUSED,left,right,,0
1141,2026-08-01T16:19:22.790+09:00,132.180,1140,8.63,0,DRIVING,,0,1,0,-0.167296,0.327028,0.327028,0,741,green,0,unknown,0.000000,null,0.000000,0.333,,"{""0"": 250, ""1"": 250, ""2"": null, ""3"": null, ""4"": null, ""5"": null, ""6"": null, ""7"": null}","{""0"": 0.0, ""1"": 0.0, ""2"": null, ""3"": null, ""4"": null, ""5"": null, ""6"": null, ""7"": null}","{""0"": 250, ""1"": 250}",250,1,0,0,0,0.333,ultrasonic-not-close,KEEP_PAUSED,left,right,,0
1142,2026-08-01T16:19:22.909+09:00,132.299,1141,8.63,0,DRIVING,,0,1,0,-0.169023,0.325477,0.325477,0,741,green,0,unknown,0.000000,null,0.000000,0.326,,"{""0"": 250, ""1"": 250, ""2"": null, ""3"": null, ""4"": null, ""5"": null, ""6"": null, ""7"": null}","{""0"": 0.0, ""1"": 0.0, ""2"": null, ""3"": null, ""4"": null, ""5"": null, ""6"": null, ""7"": null}","{""0"": 250, ""1"": 250}",250,1,0,0,0,0.326,ultrasonic-not-close,KEEP_PAUSED,left,right,,0
1143,2026-08-01T16:19:23.063+09:00,132.451,1142,8.63,0,DRIVING,,0,1,0,-0.168859,0.318514,0.318514,0,742,green,0,unknown,0.000000,null,0.000000,0.238,,"{""0"": 250, ""1"": 250, ""2"": null, ""3"": null, ""4"": null, ""5"": null, ""6"": null, ""7"": null}","{""0"": 0.0, ""1"": 0.0, ""2"": null, ""3"": null, ""4"": null, ""5"": null, ""6"": null, ""7"": null}","{""0"": 250, ""1"": 250}",250,1,0,0,0,0.238,ultrasonic-not-close,KEEP_PAUSED,left,right,,0
1144,2026-08-01T16:19:23.187+09:00,132.576,1143,8.63,0,DRIVING,,0,1,0,-0.168859,0.314144,0.314144,0,742,green,0,unknown,0.000000,null,0.000000,0.362,,"{""0"": 250, ""1"": 250, ""2"": null, ""3"": null, ""4"": null, ""5"": null, ""6"": null, ""7"": null}","{""0"": 0.0, ""1"": 0.0, ""2"": null, ""3"": null, ""4"": null, ""5"": null, ""6"": null, ""7"": null}","{""0"": 250, ""1"": 250}",250,1,0,0,0,0.362,ultrasonic-not-close,KEEP_PAUSED,left,right,,0
1145,2026-08-01T16:19:23.301+09:00,132.691,1144,8.63,0,DRIVING,,0,1,0,-0.168859,0.311084,0.311084,0,741,green,0,unknown,0.000000,null,0.000000,0.356,,"{""0"": 250, ""1"": 250, ""2"": null, ""3"": null, ""4"": null, ""5"": null, ""6"": null, ""7"": null}","{""0"": 0.0, ""1"": 0.0, ""2"": null, ""3"": null, ""4"": null, ""5"": null, ""6"": null, ""7"": null}","{""0"": 250, ""1"": 250}",250,1,0,0,0,0.356,ultrasonic-not-close,KEEP_PAUSED,left,right,,0
1146,2026-08-01T16:19:23.420+09:00,132.810,1145,8.63,0,DRIVING,,0,1,0,-0.167626,0.304503,0.304503,0,742,green,0,unknown,0.000000,null,0.000000,0.324,,"{""0"": 250, ""1"": 250, ""2"": null, ""3"": null, ""4"": null, ""5"": null, ""6"": null, ""7"": null}","{""0"": 0.0, ""1"": 0.0, ""2"": null, ""3"": null, ""4"": null, ""5"": null, ""6"": null, ""7"": null}","{""0"": 250, ""1"": 250}",250,1,0,0,0,0.324,ultrasonic-not-close,KEEP_PAUSED,left,right,,0
1147,2026-08-01T16:19:23.536+09:00,132.926,1146,8.63,0,DRIVING,,0,1,0,-0.167626,0.303670,0.303670,0,741,green,0,unknown,0.000000,null,0.000000,0.441,,"{""0"": 250, ""1"": 250, ""2"": null, ""3"": null, ""4"": null, ""5"": null, ""6"": null, ""7"": null}","{""0"": 0.0, ""1"": 0.0, ""2"": null, ""3"": null, ""4"": null, ""5"": null, ""6"": null, ""7"": null}","{""0"": 250, ""1"": 250}",250,1,0,0,0,0.441,ultrasonic-not-close,KEEP_PAUSED,left,right,,0
1148,2026-08-01T16:19:23.649+09:00,133.039,1147,8.63,0,DRIVING,,0,1,0,-0.167626,0.303087,0.303087,0,741,green,0,unknown,0.000000,null,0.000000,0.315,,"{""0"": 250, ""1"": 250, ""2"": null, ""3"": null, ""4"": null, ""5"": null, ""6"": null, ""7"": null}","{""0"": 0.0, ""1"": 0.0, ""2"": null, ""3"": null, ""4"": null, ""5"": null, ""6"": null, ""7"": null}","{""0"": 250, ""1"": 250}",250,1,0,0,0,0.315,ultrasonic-not-close,KEEP_PAUSED,left,right,,0
1149,2026-08-01T16:19:23.760+09:00,133.150,1148,8.63,0,DRIVING,,0,1,0,-0.167296,0.301493,0.301493,0,742,green,0,unknown,0.000000,null,0.000000,0.307,,"{""0"": 250, ""1"": 250, ""2"": null, ""3"": null, ""4"": null, ""5"": null, ""6"": null, ""7"": null}","{""0"": 0.0, ""1"": 0.0, ""2"": null, ""3"": null, ""4"": null, ""5"": null, ""6"": null, ""7"": null}","{""0"": 250, ""1"": 250}",250,1,0,0,0,0.307,ultrasonic-not-close,KEEP_PAUSED,left,right,,0
1150,2026-08-01T16:19:23.880+09:00,133.270,1149,8.63,0,DRIVING,,0,1,0,-0.167626,0.302571,0.302571,0,741,green,0,unknown,0.000000,null,0.000000,0.198,,"{""0"": 250, ""1"": 250, ""2"": null, ""3"": null, ""4"": null, ""5"": null, ""6"": null, ""7"": null}","{""0"": 0.0, ""1"": 0.0, ""2"": null, ""3"": null, ""4"": null, ""5"": null, ""6"": null, ""7"": null}","{""0"": 250, ""1"": 250}",250,1,0,0,0,0.198,ultrasonic-not-close,KEEP_PAUSED,left,right,,0
1151,2026-08-01T16:19:24.002+09:00,133.391,1150,8.63,0,DRIVING,,0,1,0,-0.167626,0.302317,0.302317,0,741,green,0,unknown,0.000000,null,0.000000,0.319,,"{""0"": 250, ""1"": 250, ""2"": null, ""3"": null, ""4"": null, ""5"": null, ""6"": null, ""7"": null}","{""0"": 0.0, ""1"": 0.0, ""2"": null, ""3"": null, ""4"": null, ""5"": null, ""6"": null, ""7"": null}","{""0"": 250, ""1"": 250}",250,1,0,0,0,0.319,ultrasonic-not-close,KEEP_PAUSED,left,right,,0
1152,2026-08-01T16:19:24.110+09:00,133.500,1151,8.63,0,DRIVING,,0,1,0,-0.167626,0.302140,0.302140,0,742,green,0,unknown,0.000000,null,0.000000,0.319,,"{""0"": 250, ""1"": 250, ""2"": null, ""3"": null, ""4"": null, ""5"": null, ""6"": null, ""7"": null}","{""0"": 0.0, ""1"": 0.0, ""2"": null, ""3"": null, ""4"": null, ""5"": null, ""6"": null, ""7"": null}","{""0"": 250, ""1"": 250}",250,1,0,0,0,0.319,ultrasonic-not-close,KEEP_PAUSED,left,right,,0
1153,2026-08-01T16:19:24.227+09:00,133.617,1152,8.63,0,DRIVING,,0,1,0,-0.167626,0.302016,0.302016,0,741,green,0,unknown,0.000000,null,0.000000,0.315,,"{""0"": 250, ""1"": 250, ""2"": null, ""3"": null, ""4"": null, ""5"": null, ""6"": null, ""7"": null}","{""0"": 0.0, ""1"": 0.0, ""2"": null, ""3"": null, ""4"": null, ""5"": null, ""6"": null, ""7"": null}","{""0"": 250, ""1"": 250}",250,1,0,0,0,0.315,ultrasonic-not-close,KEEP_PAUSED,left,right,,0
1154,2026-08-01T16:19:24.353+09:00,133.742,1153,8.63,0,DRIVING,,0,1,0,-0.167626,0.301929,0.301929,0,741,green,0,unknown,0.000000,null,0.000000,0.208,,"{""0"": 250, ""1"": 250, ""2"": null, ""3"": null, ""4"": null, ""5"": null, ""6"": null, ""7"": null}","{""0"": 0.0, ""1"": 0.0, ""2"": null, ""3"": null, ""4"": null, ""5"": null, ""6"": null, ""7"": null}","{""0"": 250, ""1"": 250}",250,1,0,0,0,0.208,ultrasonic-not-close,KEEP_PAUSED,left,right,,0
1155,2026-08-01T16:19:24.477+09:00,133.866,1154,8.63,0,DRIVING,,0,1,0,-0.167927,0.302953,0.302953,0,741,green,0,unknown,0.000000,null,0.000000,0.332,,"{""0"": 250, ""1"": 250, ""2"": null, ""3"": null, ""4"": null, ""5"": null, ""6"": null, ""7"": null}","{""0"": 0.0, ""1"": 0.0, ""2"": null, ""3"": null, ""4"": null, ""5"": null, ""6"": null, ""7"": null}","{""0"": 250, ""1"": 250}",250,1,0,0,0,0.332,ultrasonic-not-close,KEEP_PAUSED,left,right,,0
1156,2026-08-01T16:19:24.597+09:00,133.987,1155,8.63,0,DRIVING,,0,1,0,-0.168256,0.303933,0.303933,0,742,green,0,unknown,0.000000,null,0.000000,0.335,,"{""0"": 250, ""1"": 250, ""2"": null, ""3"": null, ""4"": null, ""5"": null, ""6"": null, ""7"": null}","{""0"": 0.0, ""1"": 0.0, ""2"": null, ""3"": null, ""4"": null, ""5"": null, ""6"": null, ""7"": null}","{""0"": 250, ""1"": 250}",250,1,0,0,0,0.335,ultrasonic-not-close,KEEP_PAUSED,left,right,,0
1157,2026-08-01T16:19:24.714+09:00,134.104,1156,8.63,0,DRIVING,,0,1,0,-0.168256,0.303611,0.303611,0,742,green,0,unknown,0.000000,null,0.000000,0.327,,"{""0"": 250, ""1"": 250, ""2"": null, ""3"": null, ""4"": null, ""5"": null, ""6"": null, ""7"": null}","{""0"": 0.0, ""1"": 0.0, ""2"": null, ""3"": null, ""4"": null, ""5"": null, ""6"": null, ""7"": null}","{""0"": 250, ""1"": 250}",250,1,0,0,0,0.327,ultrasonic-not-close,KEEP_PAUSED,left,right,,0
1158,2026-08-01T16:19:24.839+09:00,134.228,1157,8.63,0,DRIVING,,0,1,0,-0.168256,0.303386,0.303386,0,740,green,0,unknown,0.000000,null,0.000000,0.209,,"{""0"": 250, ""1"": 250, ""2"": null, ""3"": null, ""4"": null, ""5"": null, ""6"": null, ""7"": null}","{""0"": 0.0, ""1"": 0.0, ""2"": null, ""3"": null, ""4"": null, ""5"": null, ""6"": null, ""7"": null}","{""0"": 250, ""1"": 250}",250,1,0,0,0,0.209,ultrasonic-not-close,KEEP_PAUSED,left,right,,0
1159,2026-08-01T16:19:24.972+09:00,134.362,1158,8.63,0,DRIVING,,0,1,0,-0.168256,0.303229,0.303229,0,741,green,0,unknown,0.000000,null,0.000000,0.341,,"{""0"": 250, ""1"": 250, ""2"": null, ""3"": null, ""4"": null, ""5"": null, ""6"": null, ""7"": null}","{""0"": 0.0, ""1"": 0.0, ""2"": null, ""3"": null, ""4"": null, ""5"": null, ""6"": null, ""7"": null}","{""0"": 250, ""1"": 250}",250,1,0,0,0,0.341,ultrasonic-not-close,KEEP_PAUSED,left,right,,0
1160,2026-08-01T16:19:25.078+09:00,134.468,1159,8.63,0,DRIVING,,0,1,0,-0.168256,0.303118,0.303118,0,741,green,0,unknown,0.000000,null,0.000000,0.331,,"{""0"": 250, ""1"": 250, ""2"": null, ""3"": null, ""4"": null, ""5"": null, ""6"": null, ""7"": null}","{""0"": 0.0, ""1"": 0.0, ""2"": null, ""3"": null, ""4"": null, ""5"": null, ""6"": null, ""7"": null}","{""0"": 250, ""1"": 250}",250,1,0,0,0,0.331,ultrasonic-not-close,KEEP_PAUSED,left,right,,0
1161,2026-08-01T16:19:25.190+09:00,134.580,1160,8.63,0,DRIVING,,0,1,0,-0.167927,0.301856,0.301856,0,742,green,0,unknown,0.000000,null,0.000000,0.320,,"{""0"": 250, ""1"": 250, ""2"": null, ""3"": null, ""4"": null, ""5"": null, ""6"": null, ""7"": null}","{""0"": 0.0, ""1"": 0.0, ""2"": null, ""3"": null, ""4"": null, ""5"": null, ""6"": null, ""7"": null}","{""0"": 250, ""1"": 250}",250,1,0,0,0,0.320,ultrasonic-not-close,KEEP_PAUSED,left,right,,0
1162,2026-08-01T16:19:25.312+09:00,134.702,1161,8.63,0,DRIVING,,0,1,0,-0.168256,0.303165,0.303165,0,741,green,0,unknown,0.000000,null,0.000000,0.203,,"{""0"": 250, ""1"": 250, ""2"": null, ""3"": null, ""4"": null, ""5"": null, ""6"": null, ""7"": null}","{""0"": 0.0, ""1"": 0.0, ""2"": null, ""3"": null, ""4"": null, ""5"": null, ""6"": null, ""7"": null}","{""0"": 250, ""1"": 250}",250,1,0,0,0,0.203,ultrasonic-not-close,KEEP_PAUSED,left,right,,0
1163,2026-08-01T16:19:25.433+09:00,134.822,1162,8.63,0,DRIVING,,0,1,0,-0.168256,0.303074,0.303074,0,741,green,0,unknown,0.000000,null,0.000000,0.320,,"{""0"": 250, ""1"": 250, ""2"": null, ""3"": null, ""4"": null, ""5"": null, ""6"": null, ""7"": null}","{""0"": 0.0, ""1"": 0.0, ""2"": null, ""3"": null, ""4"": null, ""5"": null, ""6"": null, ""7"": null}","{""0"": 250, ""1"": 250}",250,1,0,0,0,0.320,ultrasonic-not-close,KEEP_PAUSED,left,right,,0
1164,2026-08-01T16:19:25.542+09:00,134.931,1163,8.63,0,DRIVING,,0,1,0,-0.168256,0.303010,0.303010,0,741,green,0,unknown,0.000000,null,0.000000,0.319,,"{""0"": 250, ""1"": 250, ""2"": null, ""3"": null, ""4"": null, ""5"": null, ""6"": null, ""7"": null}","{""0"": 0.0, ""1"": 0.0, ""2"": null, ""3"": null, ""4"": null, ""5"": null, ""6"": null, ""7"": null}","{""0"": 250, ""1"": 250}",250,1,0,0,0,0.319,ultrasonic-not-close,KEEP_PAUSED,left,right,,0
1165,2026-08-01T16:19:25.658+09:00,135.048,1164,8.63,0,DRIVING,,0,1,0,-0.168256,0.302965,0.302965,0,741,green,0,unknown,0.000000,null,0.000000,0.312,,"{""0"": 250, ""1"": 250, ""2"": null, ""3"": null, ""4"": null, ""5"": null, ""6"": null, ""7"": null}","{""0"": 0.0, ""1"": 0.0, ""2"": null, ""3"": null, ""4"": null, ""5"": null, ""6"": null, ""7"": null}","{""0"": 250, ""1"": 250}",250,1,0,0,0,0.312,ultrasonic-not-close,KEEP_PAUSED,left,right,,0
1166,2026-08-01T16:19:25.775+09:00,135.164,1165,8.63,0,DRIVING,,0,1,0,-0.168557,0.304019,0.304019,0,741,green,0,unknown,0.000000,null,0.000000,0.427,,"{""0"": 250, ""1"": 250, ""2"": null, ""3"": null, ""4"": null, ""5"": null, ""6"": null, ""7"": null}","{""0"": 0.0, ""1"": 0.0, ""2"": null, ""3"": null, ""4"": null, ""5"": null, ""6"": null, ""7"": null}","{""0"": 250, ""1"": 250}",250,1,0,0,0,0.427,ultrasonic-not-close,KEEP_PAUSED,left,right,,0
1167,2026-08-01T16:19:25.878+09:00,135.269,1166,8.63,0,DRIVING,,0,1,0,-0.168256,0.302749,0.302749,0,741,green,0,unknown,0.000000,null,0.000000,0.304,,"{""0"": 250, ""1"": 250, ""2"": null, ""3"": null, ""4"": null, ""5"": null, ""6"": null, ""7"": null}","{""0"": 0.0, ""1"": 0.0, ""2"": null, ""3"": null, ""4"": null, ""5"": null, ""6"": null, ""7"": null}","{""0"": 250, ""1"": 250}",250,1,0,0,0,0.304,ultrasonic-not-close,KEEP_PAUSED,left,right,,0
1168,2026-08-01T16:19:25.989+09:00,135.379,1167,8.63,0,DRIVING,,0,1,0,-0.168256,0.302783,0.302783,0,741,green,0,unknown,0.000000,null,0.000000,0.299,,"{""0"": 250, ""1"": 250, ""2"": null, ""3"": null, ""4"": null, ""5"": null, ""6"": null, ""7"": null}","{""0"": 0.0, ""1"": 0.0, ""2"": null, ""3"": null, ""4"": null, ""5"": null, ""6"": null, ""7"": null}","{""0"": 250, ""1"": 250}",250,1,0,0,0,0.299,ultrasonic-not-close,KEEP_PAUSED,left,right,,0
1169,2026-08-01T16:19:26.111+09:00,135.501,1168,8.63,0,DRIVING,,0,1,0,-0.168256,0.302806,0.302806,0,742,green,0,unknown,0.000000,null,0.000000,0.201,,"{""0"": 250, ""1"": 250, ""2"": null, ""3"": null, ""4"": null, ""5"": null, ""6"": null, ""7"": null}","{""0"": 0.0, ""1"": 0.0, ""2"": null, ""3"": null, ""4"": null, ""5"": null, ""6"": null, ""7"": null}","{""0"": 250, ""1"": 250}",250,1,0,0,0,0.201,ultrasonic-not-close,KEEP_PAUSED,left,right,,0
1170,2026-08-01T16:19:26.226+09:00,135.616,1169,8.63,0,DRIVING,,0,1,0,-0.167927,0.301637,0.301637,0,742,green,0,unknown,0.000000,null,0.000000,0.314,,"{""0"": 250, ""1"": 250, ""2"": null, ""3"": null, ""4"": null, ""5"": null, ""6"": null, ""7"": null}","{""0"": 0.0, ""1"": 0.0, ""2"": null, ""3"": null, ""4"": null, ""5"": null, ""6"": null, ""7"": null}","{""0"": 250, ""1"": 250}",250,1,0,0,0,0.314,ultrasonic-not-close,KEEP_PAUSED,left,right,,0
1171,2026-08-01T16:19:26.341+09:00,135.732,1170,8.63,0,DRIVING,,0,1,0,-0.168859,0.305182,0.305182,0,742,green,0,unknown,0.000000,null,0.000000,0.321,,"{""0"": 250, ""1"": 250, ""2"": null, ""3"": null, ""4"": null, ""5"": null, ""6"": null, ""7"": null}","{""0"": 0.0, ""1"": 0.0, ""2"": null, ""3"": null, ""4"": null, ""5"": null, ""6"": null, ""7"": null}","{""0"": 250, ""1"": 250}",250,1,0,0,0,0.321,ultrasonic-not-close,KEEP_PAUSED,left,right,,0
1172,2026-08-01T16:19:26.451+09:00,135.841,1171,8.63,0,DRIVING,,0,1,0,-0.167927,0.301456,0.301456,0,741,green,0,unknown,0.000000,null,0.000000,0.308,,"{""0"": 250, ""1"": 250, ""2"": null, ""3"": null, ""4"": null, ""5"": null, ""6"": null, ""7"": null}","{""0"": 0.0, ""1"": 0.0, ""2"": null, ""3"": null, ""4"": null, ""5"": null, ""6"": null, ""7"": null}","{""0"": 250, ""1"": 250}",250,1,0,0,0,0.308,ultrasonic-not-close,KEEP_PAUSED,left,right,,0
1173,2026-08-01T16:19:26.576+09:00,135.966,1172,8.63,0,DRIVING,,0,1,0,-0.165460,0.292820,0.292820,0,741,green,0,unknown,0.000000,null,0.000000,0.203,,"{""0"": 250, ""1"": 250, ""2"": null, ""3"": null, ""4"": null, ""5"": null, ""6"": null, ""7"": null}","{""0"": 0.0, ""1"": 0.0, ""2"": null, ""3"": null, ""4"": null, ""5"": null, ""6"": null, ""7"": null}","{""0"": 250, ""1"": 250}",250,1,0,0,0,0.203,ultrasonic-not-close,KEEP_PAUSED,left,right,,0
1174,2026-08-01T16:19:26.690+09:00,136.080,1173,8.63,0,DRIVING,,0,1,0,-0.153756,0.252186,0.252186,0,741,green,0,unknown,0.000000,null,0.000000,0.316,,"{""0"": 250, ""1"": 250, ""2"": null, ""3"": null, ""4"": null, ""5"": null, ""6"": null, ""7"": null}","{""0"": 0.0, ""1"": 0.0, ""2"": null, ""3"": null, ""4"": null, ""5"": null, ""6"": null, ""7"": null}","{""0"": 250, ""1"": 250}",250,1,0,0,0,0.316,ultrasonic-not-close,KEEP_PAUSED,left,right,,0
1175,2026-08-01T16:19:26.796+09:00,136.186,1174,8.63,0,DRIVING,,0,1,0,-0.143421,0.222353,0.222353,0,741,green,0,unknown,0.000000,null,0.000000,0.314,,"{""0"": 250, ""1"": 250, ""2"": null, ""3"": null, ""4"": null, ""5"": null, ""6"": null, ""7"": null}","{""0"": 0.0, ""1"": 0.0, ""2"": null, ""3"": null, ""4"": null, ""5"": null, ""6"": null, ""7"": null}","{""0"": 250, ""1"": 250}",250,1,0,0,0,0.314,ultrasonic-not-close,KEEP_PAUSED,left,right,,0
1176,2026-08-01T16:19:26.911+09:00,136.302,1175,8.63,0,DRIVING,,0,1,0,-0.126426,0.171912,0.171912,0,742,green,0,unknown,0.000000,null,0.000000,0.189,,"{""0"": 250, ""1"": 250, ""2"": null, ""3"": null, ""4"": null, ""5"": null, ""6"": null, ""7"": null}","{""0"": 0.0, ""1"": 0.0, ""2"": null, ""3"": null, ""4"": null, ""5"": null, ""6"": null, ""7"": null}","{""0"": 250, ""1"": 250}",250,1,0,0,0,0.189,ultrasonic-not-close,KEEP_PAUSED,left,right,,0
1177,2026-08-01T16:19:27.027+09:00,136.417,1176,8.63,0,DRIVING,,0,1,0,-0.106607,0.117261,0.117261,0,742,green,0,unknown,0.000000,null,0.000000,0.304,,"{""0"": 250, ""1"": 250, ""2"": null, ""3"": null, ""4"": null, ""5"": null, ""6"": null, ""7"": null}","{""0"": 0.0, ""1"": 0.0, ""2"": null, ""3"": null, ""4"": null, ""5"": null, ""6"": null, ""7"": null}","{""0"": 250, ""1"": 250}",250,1,0,0,0,0.304,ultrasonic-not-close,KEEP_PAUSED,left,right,,0
1178,2026-08-01T16:19:27.140+09:00,136.530,1177,8.63,0,DRIVING,,0,1,0,-0.085857,0.064949,0.064949,0,741,green,0,unknown,0.000000,null,0.000000,0.312,,"{""0"": 250, ""1"": 250, ""2"": null, ""3"": null, ""4"": null, ""5"": null, ""6"": null, ""7"": null}","{""0"": 0.0, ""1"": 0.0, ""2"": null, ""3"": null, ""4"": null, ""5"": null, ""6"": null, ""7"": null}","{""0"": 250, ""1"": 250}",250,1,0,0,0,0.312,ultrasonic-not-close,KEEP_PAUSED,left,right,,0
1179,2026-08-01T16:19:27.255+09:00,136.646,1178,8.63,0,DRIVING,,0,1,0,-0.050826,-0.034284,-0.034284,0,740,green,0,unknown,0.000000,null,0.000000,0.313,,"{""0"": 250, ""1"": 250, ""2"": null, ""3"": null, ""4"": null, ""5"": null, ""6"": null, ""7"": null}","{""0"": 0.0, ""1"": 0.0, ""2"": null, ""3"": null, ""4"": null, ""5"": null, ""6"": null, ""7"": null}","{""0"": 250, ""1"": 250}",250,1,0,0,0,0.313,ultrasonic-not-close,KEEP_PAUSED,left,right,,0
1180,2026-08-01T16:19:27.369+09:00,136.759,1179,8.63,0,DRIVING,,0,1,0,-0.026814,-0.082997,-0.082997,0,741,green,0,unknown,0.000000,null,0.000000,0.196,,"{""0"": 250, ""1"": 250, ""2"": null, ""3"": null, ""4"": null, ""5"": null, ""6"": null, ""7"": null}","{""0"": 0.0, ""1"": 0.0, ""2"": null, ""3"": null, ""4"": null, ""5"": null, ""6"": null, ""7"": null}","{""0"": 250, ""1"": 250}",250,1,0,0,0,0.196,ultrasonic-not-close,KEEP_PAUSED,left,right,,0
1181,2026-08-01T16:19:27.490+09:00,136.879,1180,8.63,0,DRIVING,,0,1,0,0.002626,-0.149599,-0.149599,0,741,green,0,unknown,0.000000,null,0.000000,0.314,,"{""0"": 250, ""1"": 250, ""2"": null, ""3"": null, ""4"": null, ""5"": null, ""6"": null, ""7"": null}","{""0"": 0.0, ""1"": 0.0, ""2"": null, ""3"": null, ""4"": null, ""5"": null, ""6"": null, ""7"": null}","{""0"": 250, ""1"": 250}",250,1,0,0,0,0.314,ultrasonic-not-close,KEEP_PAUSED,left,right,,0
1182,2026-08-01T16:19:27.599+09:00,136.990,1181,8.63,0,DRIVING,,0,1,0,0.020991,-0.172251,-0.172251,0,742,green,0,unknown,0.000000,null,0.000000,0.314,,"{""0"": 250, ""1"": 250, ""2"": null, ""3"": null, ""4"": null, ""5"": null, ""6"": null, ""7"": null}","{""0"": 0.0, ""1"": 0.0, ""2"": null, ""3"": null, ""4"": null, ""5"": null, ""6"": null, ""7"": null}","{""0"": 250, ""1"": 250}",250,1,0,0,0,0.314,ultrasonic-not-close,KEEP_PAUSED,left,right,,0
1183,2026-08-01T16:19:27.713+09:00,137.103,1182,8.63,0,DRIVING,,0,1,0,0.041468,-0.205628,-0.205628,0,741,green,0,unknown,0.000000,null,0.000000,0.313,,"{""0"": 250, ""1"": 250, ""2"": null, ""3"": null, ""4"": null, ""5"": null, ""6"": null, ""7"": null}","{""0"": 0.0, ""1"": 0.0, ""2"": null, ""3"": null, ""4"": null, ""5"": null, ""6"": null, ""7"": null}","{""0"": 250, ""1"": 250}",250,1,0,0,0,0.313,ultrasonic-not-close,KEEP_PAUSED,left,right,,0
1184,2026-08-01T16:19:27.835+09:00,137.226,1183,8.63,0,DRIVING,,0,1,0,0.066055,-0.254846,-0.254846,0,741,green,0,unknown,0.000000,null,0.000000,0.205,,"{""0"": 250, ""1"": 250, ""2"": null, ""3"": null, ""4"": null, ""5"": null, ""6"": null, ""7"": null}","{""0"": 0.0, ""1"": 0.0, ""2"": null, ""3"": null, ""4"": null, ""5"": null, ""6"": null, ""7"": null}","{""0"": 250, ""1"": 250}",250,1,0,0,0,0.205,ultrasonic-not-close,KEEP_PAUSED,left,right,,0
1185,2026-08-01T16:19:27.954+09:00,137.344,1184,8.63,0,DRIVING,,0,1,0,0.088970,-0.296558,-0.296558,0,740,green,0,unknown,0.000000,null,0.000000,0.322,,"{""0"": 250, ""1"": 250, ""2"": null, ""3"": null, ""4"": null, ""5"": null, ""6"": null, ""7"": null}","{""0"": 0.0, ""1"": 0.0, ""2"": null, ""3"": null, ""4"": null, ""5"": null, ""6"": null, ""7"": null}","{""0"": 250, ""1"": 250}",250,1,0,0,0,0.322,ultrasonic-not-close,KEEP_PAUSED,left,right,,0
1186,2026-08-01T16:19:28.064+09:00,137.455,1185,8.63,0,DRIVING,,0,1,0,0.114654,-0.348096,-0.348096,0,741,green,0,unknown,0.000000,null,0.000000,0.321,,"{""0"": 250, ""1"": 250, ""2"": null, ""3"": null, ""4"": null, ""5"": null, ""6"": null, ""7"": null}","{""0"": 0.0, ""1"": 0.0, ""2"": null, ""3"": null, ""4"": null, ""5"": null, ""6"": null, ""7"": null}","{""0"": 250, ""1"": 250}",250,1,0,0,0,0.321,ultrasonic-not-close,KEEP_PAUSED,left,right,,0
1187,2026-08-01T16:19:28.180+09:00,137.571,1186,8.63,0,DRIVING,,0,1,0,0.139927,-0.396565,-0.396565,0,741,green,0,unknown,0.000000,null,0.000000,0.195,,"{""0"": 250, ""1"": 250, ""2"": null, ""3"": null, ""4"": null, ""5"": null, ""6"": null, ""7"": null}","{""0"": 0.0, ""1"": 0.0, ""2"": null, ""3"": null, ""4"": null, ""5"": null, ""6"": null, ""7"": null}","{""0"": 250, ""1"": 250}",250,1,0,0,0,0.195,ultrasonic-not-close,KEEP_PAUSED,left,right,,0
1188,2026-08-01T16:19:28.295+09:00,137.685,1187,8.63,0,DRIVING,,0,1,0,0.157963,-0.418085,-0.418085,0,742,green,0,unknown,0.000000,null,0.000000,0.309,,"{""0"": 250, ""1"": 250, ""2"": null, ""3"": null, ""4"": null, ""5"": null, ""6"": null, ""7"": null}","{""0"": 0.0, ""1"": 0.0, ""2"": null, ""3"": null, ""4"": null, ""5"": null, ""6"": null, ""7"": null}","{""0"": 250, ""1"": 250}",250,1,0,0,0,0.309,ultrasonic-not-close,KEEP_PAUSED,left,right,,0
1189,2026-08-01T16:19:28.405+09:00,137.795,1188,8.63,0,DRIVING,,0,1,0,-0.127792,0.650761,0.650761,0,742,green,0,unknown,0.000000,null,0.000000,0.310,,"{""0"": 250, ""1"": 250, ""2"": null, ""3"": null, ""4"": null, ""5"": null, ""6"": null, ""7"": null}","{""0"": 0.0, ""1"": 0.0, ""2"": null, ""3"": null, ""4"": null, ""5"": null, ""6"": null, ""7"": null}","{""0"": 250, ""1"": 250}",250,1,0,0,0,0.310,ultrasonic-not-close,KEEP_PAUSED,left,right,,0
1190,2026-08-01T16:19:28.520+09:00,137.909,1189,8.63,0,DRIVING,,0,1,0,-0.141753,0.574800,0.574800,0,741,green,0,unknown,0.000000,null,0.000000,0.309,,"{""0"": 250, ""1"": 250, ""2"": null, ""3"": null, ""4"": null, ""5"": null, ""6"": null, ""7"": null}","{""0"": 0.0, ""1"": 0.0, ""2"": null, ""3"": null, ""4"": null, ""5"": null, ""6"": null, ""7"": null}","{""0"": 250, ""1"": 250}",250,1,0,0,0,0.309,ultrasonic-not-close,KEEP_PAUSED,left,right,,0
1191,2026-08-01T16:19:28.634+09:00,138.025,1190,8.63,0,DRIVING,,0,1,0,-0.136306,0.459295,0.459295,0,741,green,0,unknown,0.000000,null,0.000000,0.198,,"{""0"": 250, ""1"": 250, ""2"": null, ""3"": null, ""4"": null, ""5"": null, ""6"": null, ""7"": null}","{""0"": 0.0, ""1"": 0.0, ""2"": null, ""3"": null, ""4"": null, ""5"": null, ""6"": null, ""7"": null}","{""0"": 250, ""1"": 250}",250,1,0,0,0,0.198,ultrasonic-not-close,KEEP_PAUSED,left,right,,0
1192,2026-08-01T16:19:28.747+09:00,138.138,1191,8.63,0,DRIVING,,0,1,0,-0.129723,0.371413,0.371413,0,742,green,0,unknown,0.000000,null,0.000000,0.310,,"{""0"": 250, ""1"": 250, ""2"": null, ""3"": null, ""4"": null, ""5"": null, ""6"": null, ""7"": null}","{""0"": 0.0, ""1"": 0.0, ""2"": null, ""3"": null, ""4"": null, ""5"": null, ""6"": null, ""7"": null}","{""0"": 250, ""1"": 250}",250,1,0,0,0,0.310,ultrasonic-not-close,KEEP_PAUSED,left,right,,0
1193,2026-08-01T16:19:28.856+09:00,138.247,1192,8.63,0,DRIVING,,0,1,0,-0.115958,0.280488,0.280488,0,742,green,0,unknown,0.000000,null,0.000000,0.305,,"{""0"": 250, ""1"": 250, ""2"": null, ""3"": null, ""4"": null, ""5"": null, ""6"": null, ""7"": null}","{""0"": 0.0, ""1"": 0.0, ""2"": null, ""3"": null, ""4"": null, ""5"": null, ""6"": null, ""7"": null}","{""0"": 250, ""1"": 250}",250,1,0,0,0,0.305,ultrasonic-not-close,KEEP_PAUSED,left,right,,0
1194,2026-08-01T16:19:28.972+09:00,138.362,1193,8.63,0,DRIVING,,0,1,0,-0.119797,0.272779,0.272779,0,741,green,0,unknown,0.000000,null,0.000000,0.193,,"{""0"": 250, ""1"": 250, ""2"": null, ""3"": null, ""4"": null, ""5"": null, ""6"": null, ""7"": null}","{""0"": 0.0, ""1"": 0.0, ""2"": null, ""3"": null, ""4"": null, ""5"": null, ""6"": null, ""7"": null}","{""0"": 250, ""1"": 250}",250,1,0,0,0,0.193,ultrasonic-not-close,KEEP_PAUSED,left,right,,0
1195,2026-08-01T16:19:29.089+09:00,138.479,1194,8.63,0,DRIVING,,0,1,0,-0.103375,0.196515,0.196515,0,740,green,0,unknown,0.000000,null,0.000000,0.309,,"{""0"": 250, ""1"": 250, ""2"": null, ""3"": null, ""4"": null, ""5"": null, ""6"": null, ""7"": null}","{""0"": 0.0, ""1"": 0.0, ""2"": null, ""3"": null, ""4"": null, ""5"": null, ""6"": null, ""7"": null}","{""0"": 250, ""1"": 250}",250,1,0,0,0,0.309,ultrasonic-not-close,KEEP_PAUSED,left,right,,0
1196,2026-08-01T16:19:29.200+09:00,138.590,1195,8.63,0,DRIVING,,0,1,0,-0.089698,0.144147,0.144147,0,740,green,0,unknown,0.000000,null,0.000000,0.311,,"{""0"": 250, ""1"": 250, ""2"": null, ""3"": null, ""4"": null, ""5"": null, ""6"": null, ""7"": null}","{""0"": 0.0, ""1"": 0.0, ""2"": null, ""3"": null, ""4"": null, ""5"": null, ""6"": null, ""7"": null}","{""0"": 250, ""1"": 250}",250,1,0,0,0,0.311,ultrasonic-not-close,KEEP_PAUSED,left,right,,0
1197,2026-08-01T16:19:29.308+09:00,138.699,1196,8.63,0,DRIVING,,0,1,0,-0.086845,0.139068,0.139068,0,740,green,0,unknown,0.000000,null,0.000000,0.306,,"{""0"": 250, ""1"": 250, ""2"": null, ""3"": null, ""4"": null, ""5"": null, ""6"": null, ""7"": null}","{""0"": 0.0, ""1"": 0.0, ""2"": null, ""3"": null, ""4"": null, ""5"": null, ""6"": null, ""7"": null}","{""0"": 250, ""1"": 250}",250,1,0,0,0,0.306,ultrasonic-not-close,KEEP_PAUSED,left,right,,0
1198,2026-08-01T16:19:29.426+09:00,138.817,1197,8.63,0,DRIVING,,0,1,0,-0.074081,0.098294,0.098294,0,741,green,0,unknown,0.000000,null,0.000000,0.194,,"{""0"": 250, ""1"": 250, ""2"": null, ""3"": null, ""4"": null, ""5"": null, ""6"": null, ""7"": null}","{""0"": 0.0, ""1"": 0.0, ""2"": null, ""3"": null, ""4"": null, ""5"": null, ""6"": null, ""7"": null}","{""0"": 250, ""1"": 250}",250,1,0,0,0,0.194,ultrasonic-not-close,KEEP_PAUSED,left,right,,0
1199,2026-08-01T16:19:29.537+09:00,138.927,1198,8.63,0,DRIVING,,0,1,0,-0.067264,0.084270,0.084270,0,740,green,0,unknown,0.000000,null,0.000000,0.305,,"{""0"": 250, ""1"": 250, ""2"": null, ""3"": null, ""4"": null, ""5"": null, ""6"": null, ""7"": null}","{""0"": 0.0, ""1"": 0.0, ""2"": null, ""3"": null, ""4"": null, ""5"": null, ""6"": null, ""7"": null}","{""0"": 250, ""1"": 250}",250,1,0,0,0,0.305,ultrasonic-not-close,KEEP_PAUSED,left,right,,0
1200,2026-08-01T16:19:29.655+09:00,139.046,1199,8.63,0,DRIVING,,0,1,0,-0.055548,0.053131,0.053131,0,741,green,0,unknown,0.000000,null,0.000000,0.316,,"{""0"": 250, ""1"": 250, ""2"": null, ""3"": null, ""4"": null, ""5"": null, ""6"": null, ""7"": null}","{""0"": 0.0, ""1"": 0.0, ""2"": null, ""3"": null, ""4"": null, ""5"": null, ""6"": null, ""7"": null}","{""0"": 250, ""1"": 250}",250,1,0,0,0,0.316,ultrasonic-not-close,KEEP_PAUSED,left,right,,0
1201,2026-08-01T16:19:29.769+09:00,139.161,1200,8.63,0,DRIVING,,0,1,0,-0.046358,0.034104,0.034104,0,741,green,0,unknown,0.000000,null,0.000000,0.201,,"{""0"": 250, ""1"": 250, ""2"": null, ""3"": null, ""4"": null, ""5"": null, ""6"": null, ""7"": null}","{""0"": 0.0, ""1"": 0.0, ""2"": null, ""3"": null, ""4"": null, ""5"": null, ""6"": null, ""7"": null}","{""0"": 250, ""1"": 250}",250,1,0,0,0,0.201,ultrasonic-not-close,KEEP_PAUSED,left,right,,0
1202,2026-08-01T16:19:29.886+09:00,139.277,1201,8.63,0,DRIVING,,0,1,0,-0.046387,0.049012,0.049012,0,741,green,0,unknown,0.000000,null,0.000000,0.316,,"{""0"": 250, ""1"": 250, ""2"": null, ""3"": null, ""4"": null, ""5"": null, ""6"": null, ""7"": null}","{""0"": 0.0, ""1"": 0.0, ""2"": null, ""3"": null, ""4"": null, ""5"": null, ""6"": null, ""7"": null}","{""0"": 250, ""1"": 250}",250,1,0,0,0,0.316,ultrasonic-not-close,KEEP_PAUSED,left,right,,0
1203,2026-08-01T16:19:29.996+09:00,139.387,1202,8.63,0,DRIVING,,0,1,0,-0.043410,0.048640,0.048640,0,741,green,0,unknown,0.000000,null,0.000000,0.309,,"{""0"": 250, ""1"": 250, ""2"": null, ""3"": null, ""4"": null, ""5"": null, ""6"": null, ""7"": null}","{""0"": 0.0, ""1"": 0.0, ""2"": null, ""3"": null, ""4"": null, ""5"": null, ""6"": null, ""7"": null}","{""0"": 250, ""1"": 250}",250,1,0,0,0,0.309,ultrasonic-not-close,KEEP_PAUSED,left,right,,0
1204,2026-08-01T16:19:30.114+09:00,139.506,1203,8.63,0,DRIVING,,0,1,0,-0.018642,-0.031676,-0.031676,0,741,green,0,unknown,0.000000,null,0.000000,0.316,,"{""0"": 250, ""1"": 250, ""2"": null, ""3"": null, ""4"": null, ""5"": null, ""6"": null, ""7"": null}","{""0"": 0.0, ""1"": 0.0, ""2"": null, ""3"": null, ""4"": null, ""5"": null, ""6"": null, ""7"": null}","{""0"": 250, ""1"": 250}",250,1,0,0,0,0.316,ultrasonic-not-close,KEEP_PAUSED,left,right,,0
1205,2026-08-01T16:19:30.231+09:00,139.622,1204,8.63,0,DRIVING,,0,1,0,-0.004884,-0.061633,-0.061633,0,741,green,0,unknown,0.000000,null,0.000000,0.204,,"{""0"": 250, ""1"": 250, ""2"": null, ""3"": null, ""4"": null, ""5"": null, ""6"": null, ""7"": null}","{""0"": 0.0, ""1"": 0.0, ""2"": null, ""3"": null, ""4"": null, ""5"": null, ""6"": null, ""7"": null}","{""0"": 250, ""1"": 250}",250,1,0,0,0,0.204,ultrasonic-not-close,KEEP_PAUSED,left,right,,0
1206,2026-08-01T16:19:30.346+09:00,139.737,1205,8.63,0,DRIVING,,0,1,0,0.003603,-0.071059,-0.071059,0,741,green,0,unknown,0.000000,null,0.000000,0.318,,"{""0"": 250, ""1"": 250, ""2"": null, ""3"": null, ""4"": null, ""5"": null, ""6"": null, ""7"": null}","{""0"": 0.0, ""1"": 0.0, ""2"": null, ""3"": null, ""4"": null, ""5"": null, ""6"": null, ""7"": null}","{""0"": 250, ""1"": 250}",250,1,0,0,0,0.318,ultrasonic-not-close,KEEP_PAUSED,left,right,,0
1207,2026-08-01T16:19:30.454+09:00,139.845,1206,8.63,0,DRIVING,,0,1,0,0.009151,-0.071662,-0.071662,0,741,green,0,unknown,0.000000,null,0.000000,0.309,,"{""0"": 250, ""1"": 250, ""2"": null, ""3"": null, ""4"": null, ""5"": null, ""6"": null, ""7"": null}","{""0"": 0.0, ""1"": 0.0, ""2"": null, ""3"": null, ""4"": null, ""5"": null, ""6"": null, ""7"": null}","{""0"": 250, ""1"": 250}",250,1,0,0,0,0.309,ultrasonic-not-close,KEEP_PAUSED,left,right,,0
1208,2026-08-01T16:19:30.569+09:00,139.959,1207,8.63,0,DRIVING,,0,1,0,0.005147,-0.040688,-0.040688,0,741,green,0,unknown,0.000000,null,0.000000,0.306,,"{""0"": 250, ""1"": 250, ""2"": null, ""3"": null, ""4"": null, ""5"": null, ""6"": null, ""7"": null}","{""0"": 0.0, ""1"": 0.0, ""2"": null, ""3"": null, ""4"": null, ""5"": null, ""6"": null, ""7"": null}","{""0"": 250, ""1"": 250}",250,1,0,0,0,0.306,ultrasonic-not-close,KEEP_PAUSED,left,right,,0
1209,2026-08-01T16:19:30.685+09:00,140.076,1208,8.63,0,DRIVING,,0,1,0,0.006132,-0.034807,-0.034807,0,741,green,0,unknown,0.000000,null,0.000000,0.422,,"{""0"": 250, ""1"": 250, ""2"": null, ""3"": null, ""4"": null, ""5"": null, ""6"": null, ""7"": null}","{""0"": 0.0, ""1"": 0.0, ""2"": null, ""3"": null, ""4"": null, ""5"": null, ""6"": null, ""7"": null}","{""0"": 250, ""1"": 250}",250,1,0,0,0,0.422,ultrasonic-not-close,KEEP_PAUSED,left,right,,0
1210,2026-08-01T16:19:30.795+09:00,140.186,1209,8.63,0,DRIVING,,0,1,0,-0.000844,-0.002564,-0.002564,0,740,green,0,unknown,0.000000,null,0.000000,0.308,,"{""0"": 250, ""1"": 250, ""2"": null, ""3"": null, ""4"": null, ""5"": null, ""6"": null, ""7"": null}","{""0"": 0.0, ""1"": 0.0, ""2"": null, ""3"": null, ""4"": null, ""5"": null, ""6"": null, ""7"": null}","{""0"": 250, ""1"": 250}",250,1,0,0,0,0.308,ultrasonic-not-close,KEEP_PAUSED,left,right,,0
1211,2026-08-01T16:19:30.913+09:00,140.304,1210,8.63,0,DRIVING,,0,1,0,-0.003102,0.006789,0.006789,0,741,green,0,unknown,0.000000,null,0.000000,0.314,,"{""0"": 250, ""1"": 250, ""2"": null, ""3"": null, ""4"": null, ""5"": null, ""6"": null, ""7"": null}","{""0"": 0.0, ""1"": 0.0, ""2"": null, ""3"": null, ""4"": null, ""5"": null, ""6"": null, ""7"": null}","{""0"": 250, ""1"": 250}",250,1,0,0,0,0.314,ultrasonic-not-close,KEEP_PAUSED,left,right,,0
1212,2026-08-01T16:19:31.033+09:00,140.424,1211,8.63,0,DRIVING,,0,1,0,0.017405,-0.067398,-0.067398,0,741,green,0,unknown,0.000000,null,0.000000,0.207,,"{""0"": 250, ""1"": 250, ""2"": null, ""3"": null, ""4"": null, ""5"": null, ""6"": null, ""7"": null}","{""0"": 0.0, ""1"": 0.0, ""2"": null, ""3"": null, ""4"": null, ""5"": null, ""6"": null, ""7"": null}","{""0"": 250, ""1"": 250}",250,1,0,0,0,0.207,ultrasonic-not-close,KEEP_PAUSED,left,right,,0
1213,2026-08-01T16:19:31.149+09:00,140.539,1212,8.63,0,DRIVING,,0,1,0,0.015075,-0.048190,-0.048190,0,740,green,0,unknown,0.000000,null,0.000000,0.321,,"{""0"": 250, ""1"": 250, ""2"": null, ""3"": null, ""4"": null, ""5"": null, ""6"": null, ""7"": null}","{""0"": 0.0, ""1"": 0.0, ""2"": null, ""3"": null, ""4"": null, ""5"": null, ""6"": null, ""7"": null}","{""0"": 250, ""1"": 250}",250,1,0,0,0,0.321,ultrasonic-not-close,KEEP_PAUSED,left,right,,0
1214,2026-08-01T16:19:31.265+09:00,140.655,1213,8.63,0,DRIVING,,0,1,0,0.012829,-0.033788,-0.033788,0,741,green,0,unknown,0.000000,null,0.000000,0.320,,"{""0"": 250, ""1"": 250, ""2"": null, ""3"": null, ""4"": null, ""5"": null, ""6"": null, ""7"": null}","{""0"": 0.0, ""1"": 0.0, ""2"": null, ""3"": null, ""4"": null, ""5"": null, ""6"": null, ""7"": null}","{""0"": 250, ""1"": 250}",250,1,0,0,0,0.320,ultrasonic-not-close,KEEP_PAUSED,left,right,,0
1215,2026-08-01T16:19:31.384+09:00,140.775,1214,8.63,0,DRIVING,,0,1,0,0.013761,-0.033934,-0.033934,0,740,green,0,unknown,0.000000,null,0.000000,0.320,,"{""0"": 250, ""1"": 250, ""2"": null, ""3"": null, ""4"": null, ""5"": null, ""6"": null, ""7"": null}","{""0"": 0.0, ""1"": 0.0, ""2"": null, ""3"": null, ""4"": null, ""5"": null, ""6"": null, ""7"": null}","{""0"": 250, ""1"": 250}",250,1,0,0,0,0.320,ultrasonic-not-close,KEEP_PAUSED,left,right,,0
1216,2026-08-01T16:19:31.501+09:00,140.892,1215,8.63,0,DRIVING,,0,1,0,0.007433,-0.008404,-0.008404,0,741,green,0,unknown,0.000000,null,0.000000,0.205,,"{""0"": 250, ""1"": 250, ""2"": null, ""3"": null, ""4"": null, ""5"": null, ""6"": null, ""7"": null}","{""0"": 0.0, ""1"": 0.0, ""2"": null, ""3"": null, ""4"": null, ""5"": null, ""6"": null, ""7"": null}","{""0"": 250, ""1"": 250}",250,1,0,0,0,0.205,ultrasonic-not-close,KEEP_PAUSED,left,right,,0
1217,2026-08-01T16:19:31.618+09:00,141.009,1216,8.63,0,DRIVING,,0,1,0,-0.010243,0.053736,0.053736,0,740,green,0,unknown,0.000000,null,0.000000,0.320,,"{""0"": 250, ""1"": 250, ""2"": null, ""3"": null, ""4"": null, ""5"": null, ""6"": null, ""7"": null}","{""0"": 0.0, ""1"": 0.0, ""2"": null, ""3"": null, ""4"": null, ""5"": null, ""6"": null, ""7"": null}","{""0"": 250, ""1"": 250}",250,1,0,0,0,0.320,ultrasonic-not-close,KEEP_PAUSED,left,right,,0
1218,2026-08-01T16:19:31.736+09:00,141.127,1217,8.63,0,DRIVING,,0,1,0,-0.012153,0.050023,0.050023,0,741,green,0,unknown,0.000000,null,0.000000,0.322,,"{""0"": 250, ""1"": 250, ""2"": null, ""3"": null, ""4"": null, ""5"": null, ""6"": null, ""7"": null}","{""0"": 0.0, ""1"": 0.0, ""2"": null, ""3"": null, ""4"": null, ""5"": null, ""6"": null, ""7"": null}","{""0"": 250, ""1"": 250}",250,1,0,0,0,0.322,ultrasonic-not-close,KEEP_PAUSED,left,right,,0
1219,2026-08-01T16:19:31.849+09:00,141.241,1218,8.63,0,DRIVING,,0,1,0,0.007471,-0.029069,-0.029069,0,741,green,0,unknown,0.000000,null,0.000000,0.318,,"{""0"": 250, ""1"": 250, ""2"": null, ""3"": null, ""4"": null, ""5"": null, ""6"": null, ""7"": null}","{""0"": 0.0, ""1"": 0.0, ""2"": null, ""3"": null, ""4"": null, ""5"": null, ""6"": null, ""7"": null}","{""0"": 250, ""1"": 250}",250,1,0,0,0,0.318,ultrasonic-not-close,KEEP_PAUSED,left,right,,0
1220,2026-08-01T16:19:31.963+09:00,141.354,1219,8.63,0,DRIVING,,0,1,0,0.004214,-0.012656,-0.012656,0,741,green,0,unknown,0.000000,null,0.000000,0.196,,"{""0"": 250, ""1"": 250, ""2"": null, ""3"": null, ""4"": null, ""5"": null, ""6"": null, ""7"": null}","{""0"": 0.0, ""1"": 0.0, ""2"": null, ""3"": null, ""4"": null, ""5"": null, ""6"": null, ""7"": null}","{""0"": 250, ""1"": 250}",250,1,0,0,0,0.196,ultrasonic-not-close,KEEP_PAUSED,left,right,,0
1221,2026-08-01T16:19:32.084+09:00,141.474,1220,8.63,0,DRIVING,,0,1,0,-0.000215,0.004811,0.004811,0,741,green,0,unknown,0.000000,null,0.000000,0.316,,"{""0"": 250, ""1"": 250, ""2"": null, ""3"": null, ""4"": null, ""5"": null, ""6"": null, ""7"": null}","{""0"": 0.0, ""1"": 0.0, ""2"": null, ""3"": null, ""4"": null, ""5"": null, ""6"": null, ""7"": null}","{""0"": 250, ""1"": 250}",250,1,0,0,0,0.316,ultrasonic-not-close,KEEP_PAUSED,left,right,,0
1222,2026-08-01T16:19:32.197+09:00,141.589,1221,8.63,0,DRIVING,,0,1,0,-0.000727,0.005326,0.005326,0,741,green,0,unknown,0.000000,null,0.000000,0.319,,"{""0"": 250, ""1"": 250, ""2"": null, ""3"": null, ""4"": null, ""5"": null, ""6"": null, ""7"": null}","{""0"": 0.0, ""1"": 0.0, ""2"": null, ""3"": null, ""4"": null, ""5"": null, ""6"": null, ""7"": null}","{""0"": 250, ""1"": 250}",250,1,0,0,0,0.319,ultrasonic-not-close,KEEP_PAUSED,left,right,,0
1223,2026-08-01T16:19:32.313+09:00,141.703,1222,8.63,0,DRIVING,,0,1,0,-0.002988,0.012261,0.012261,0,741,green,0,unknown,0.000000,null,0.000000,0.197,,"{""0"": 250, ""1"": 250, ""2"": null, ""3"": null, ""4"": null, ""5"": null, ""6"": null, ""7"": null}","{""0"": 0.0, ""1"": 0.0, ""2"": null, ""3"": null, ""4"": null, ""5"": null, ""6"": null, ""7"": null}","{""0"": 250, ""1"": 250}",250,1,0,0,0,0.197,ultrasonic-not-close,KEEP_PAUSED,left,right,,0
1224,2026-08-01T16:19:32.436+09:00,141.826,1223,8.63,0,DRIVING,,0,1,0,-0.012958,0.046088,0.046088,0,741,green,0,unknown,0.000000,null,0.000000,0.318,,"{""0"": 250, ""1"": 250, ""2"": null, ""3"": null, ""4"": null, ""5"": null, ""6"": null, ""7"": null}","{""0"": 0.0, ""1"": 0.0, ""2"": null, ""3"": null, ""4"": null, ""5"": null, ""6"": null, ""7"": null}","{""0"": 250, ""1"": 250}",250,1,0,0,0,0.318,ultrasonic-not-close,KEEP_PAUSED,left,right,,0
1225,2026-08-01T16:19:32.546+09:00,141.937,1224,8.63,0,DRIVING,,0,1,0,-0.021253,0.069120,0.069120,0,741,green,0,unknown,0.000000,null,0.000000,0.318,,"{""0"": 250, ""1"": 250, ""2"": null, ""3"": null, ""4"": null, ""5"": null, ""6"": null, ""7"": null}","{""0"": 0.0, ""1"": 0.0, ""2"": null, ""3"": null, ""4"": null, ""5"": null, ""6"": null, ""7"": null}","{""0"": 250, ""1"": 250}",250,1,0,0,0,0.318,ultrasonic-not-close,KEEP_PAUSED,left,right,,0
1226,2026-08-01T16:19:32.667+09:00,142.059,1225,8.63,0,DRIVING,,0,1,0,-0.027995,0.084132,0.084132,0,741,green,0,unknown,0.000000,null,0.000000,0.324,,"{""0"": 250, ""1"": 250, ""2"": null, ""3"": null, ""4"": null, ""5"": null, ""6"": null, ""7"": null}","{""0"": 0.0, ""1"": 0.0, ""2"": null, ""3"": null, ""4"": null, ""5"": null, ""6"": null, ""7"": null}","{""0"": 250, ""1"": 250}",250,1,0,0,0,0.324,ultrasonic-not-close,KEEP_PAUSED,left,right,,0
1227,2026-08-01T16:19:32.784+09:00,142.174,1226,8.63,0,DRIVING,,0,1,0,-0.031037,0.084961,0.084961,0,741,green,0,unknown,0.000000,null,0.000000,0.438,,"{""0"": 250, ""1"": 250, ""2"": null, ""3"": null, ""4"": null, ""5"": null, ""6"": null, ""7"": null}","{""0"": 0.0, ""1"": 0.0, ""2"": null, ""3"": null, ""4"": null, ""5"": null, ""6"": null, ""7"": null}","{""0"": 250, ""1"": 250}",250,1,0,0,0,0.438,ultrasonic-not-close,KEEP_PAUSED,left,right,,0
1228,2026-08-01T16:19:32.892+09:00,142.283,1227,8.63,0,DRIVING,,0,1,0,-0.027645,0.064020,0.064020,0,740,green,0,unknown,0.000000,null,0.000000,0.314,,"{""0"": 250, ""1"": 250, ""2"": null, ""3"": null, ""4"": null, ""5"": null, ""6"": null, ""7"": null}","{""0"": 0.0, ""1"": 0.0, ""2"": null, ""3"": null, ""4"": null, ""5"": null, ""6"": null, ""7"": null}","{""0"": 250, ""1"": 250}",250,1,0,0,0,0.314,ultrasonic-not-close,KEEP_PAUSED,left,right,,0
1229,2026-08-01T16:19:32.999+09:00,142.390,1228,8.63,0,DRIVING,,0,1,0,-0.027418,0.058927,0.058927,0,741,green,0,unknown,0.000000,null,0.000000,0.300,,"{""0"": 250, ""1"": 250, ""2"": null, ""3"": null, ""4"": null, ""5"": null, ""6"": null, ""7"": null}","{""0"": 0.0, ""1"": 0.0, ""2"": null, ""3"": null, ""4"": null, ""5"": null, ""6"": null, ""7"": null}","{""0"": 250, ""1"": 250}",250,1,0,0,0,0.300,ultrasonic-not-close,KEEP_PAUSED,left,right,,0
1230,2026-08-01T16:19:33.121+09:00,142.511,1229,8.63,0,DRIVING,,0,1,0,-0.029124,0.062195,0.062195,0,741,green,0,unknown,0.000000,null,0.000000,0.422,,"{""0"": 250, ""1"": 250, ""2"": null, ""3"": null, ""4"": null, ""5"": null, ""6"": null, ""7"": null}","{""0"": 0.0, ""1"": 0.0, ""2"": null, ""3"": null, ""4"": null, ""5"": null, ""6"": null, ""7"": null}","{""0"": 250, ""1"": 250}",250,1,0,0,0,0.422,ultrasonic-not-close,KEEP_PAUSED,left,right,,0
1231,2026-08-01T16:19:33.236+09:00,142.626,1230,8.63,0,DRIVING,,0,1,0,-0.030491,0.064187,0.064187,0,741,green,0,unknown,0.000000,null,0.000000,0.312,,"{""0"": 250, ""1"": 250, ""2"": null, ""3"": null, ""4"": null, ""5"": null, ""6"": null, ""7"": null}","{""0"": 0.0, ""1"": 0.0, ""2"": null, ""3"": null, ""4"": null, ""5"": null, ""6"": null, ""7"": null}","{""0"": 250, ""1"": 250}",250,1,0,0,0,0.312,ultrasonic-not-close,KEEP_PAUSED,left,right,,0
1232,2026-08-01T16:19:33.346+09:00,142.737,1231,8.63,0,DRIVING,,0,1,0,-0.030327,0.060804,0.060804,0,741,green,0,unknown,0.000000,null,0.000000,0.316,,"{""0"": 250, ""1"": 250, ""2"": null, ""3"": null, ""4"": null, ""5"": null, ""6"": null, ""7"": null}","{""0"": 0.0, ""1"": 0.0, ""2"": null, ""3"": null, ""4"": null, ""5"": null, ""6"": null, ""7"": null}","{""0"": 250, ""1"": 250}",250,1,0,0,0,0.316,ultrasonic-not-close,KEEP_PAUSED,left,right,,0
1233,2026-08-01T16:19:33.475+09:00,142.866,1232,8.63,0,DRIVING,,0,1,0,-0.030327,0.058939,0.058939,0,740,green,0,unknown,0.000000,null,0.000000,0.209,,"{""0"": 250, ""1"": 250, ""2"": null, ""3"": null, ""4"": null, ""5"": null, ""6"": null, ""7"": null}","{""0"": 0.0, ""1"": 0.0, ""2"": null, ""3"": null, ""4"": null, ""5"": null, ""6"": null, ""7"": null}","{""0"": 250, ""1"": 250}",250,1,0,0,0,0.209,ultrasonic-not-close,KEEP_PAUSED,left,right,,0
1234,2026-08-01T16:19:33.596+09:00,142.986,1233,8.63,0,DRIVING,,0,1,0,-0.030327,0.057634,0.057634,0,741,green,0,unknown,0.000000,null,0.000000,0.327,,"{""0"": 250, ""1"": 250, ""2"": null, ""3"": null, ""4"": null, ""5"": null, ""6"": null, ""7"": null}","{""0"": 0.0, ""1"": 0.0, ""2"": null, ""3"": null, ""4"": null, ""5"": null, ""6"": null, ""7"": null}","{""0"": 250, ""1"": 250}",250,1,0,0,0,0.327,ultrasonic-not-close,KEEP_PAUSED,left,right,,0
1235,2026-08-01T16:19:33.705+09:00,143.096,1234,8.63,0,DRIVING,,0,1,0,-0.030327,0.056720,0.056720,0,741,green,0,unknown,0.000000,null,0.000000,0.328,,"{""0"": 250, ""1"": 250, ""2"": null, ""3"": null, ""4"": null, ""5"": null, ""6"": null, ""7"": null}","{""0"": 0.0, ""1"": 0.0, ""2"": null, ""3"": null, ""4"": null, ""5"": null, ""6"": null, ""7"": null}","{""0"": 250, ""1"": 250}",250,1,0,0,0,0.328,ultrasonic-not-close,KEEP_PAUSED,left,right,,0
1236,2026-08-01T16:19:33.820+09:00,143.212,1235,8.63,0,DRIVING,,0,1,0,-0.029587,0.053418,0.053418,0,740,green,0,unknown,0.000000,null,0.000000,0.315,,"{""0"": 250, ""1"": 250, ""2"": null, ""3"": null, ""4"": null, ""5"": null, ""6"": null, ""7"": null}","{""0"": 0.0, ""1"": 0.0, ""2"": null, ""3"": null, ""4"": null, ""5"": null, ""6"": null, ""7"": null}","{""0"": 250, ""1"": 250}",250,1,0,0,0,0.315,ultrasonic-not-close,KEEP_PAUSED,left,right,,0
1237,2026-08-01T16:19:33.938+09:00,143.329,1236,8.63,0,DRIVING,,0,1,0,-0.030327,0.056033,0.056033,0,741,green,0,unknown,0.000000,null,0.000000,0.431,,"{""0"": 250, ""1"": 250, ""2"": null, ""3"": null, ""4"": null, ""5"": null, ""6"": null, ""7"": null}","{""0"": 0.0, ""1"": 0.0, ""2"": null, ""3"": null, ""4"": null, ""5"": null, ""6"": null, ""7"": null}","{""0"": 250, ""1"": 250}",250,1,0,0,0,0.431,ultrasonic-not-close,KEEP_PAUSED,left,right,,0
1238,2026-08-01T16:19:34.070+09:00,143.460,1237,8.63,0,DRIVING,,0,1,0,-0.030327,0.055599,0.055599,0,740,green,0,unknown,0.000000,null,0.000000,0.332,,"{""0"": 250, ""1"": 250, ""2"": null, ""3"": null, ""4"": null, ""5"": null, ""6"": null, ""7"": null}","{""0"": 0.0, ""1"": 0.0, ""2"": null, ""3"": null, ""4"": null, ""5"": null, ""6"": null, ""7"": null}","{""0"": 250, ""1"": 250}",250,1,0,0,0,0.332,ultrasonic-not-close,KEEP_PAUSED,left,right,,0
1239,2026-08-01T16:19:34.177+09:00,143.568,1238,8.63,0,DRIVING,,0,1,0,-0.030327,0.055296,0.055296,0,740,green,0,unknown,0.000000,null,0.000000,0.325,,"{""0"": 250, ""1"": 250, ""2"": null, ""3"": null, ""4"": null, ""5"": null, ""6"": null, ""7"": null}","{""0"": 0.0, ""1"": 0.0, ""2"": null, ""3"": null, ""4"": null, ""5"": null, ""6"": null, ""7"": null}","{""0"": 250, ""1"": 250}",250,1,0,0,0,0.325,ultrasonic-not-close,KEEP_PAUSED,left,right,,0
1240,2026-08-01T16:19:34.294+09:00,143.685,1239,8.63,0,DRIVING,,0,1,0,-0.030327,0.055084,0.055084,0,740,green,0,unknown,0.000000,null,0.000000,0.192,,"{""0"": 250, ""1"": 250, ""2"": null, ""3"": null, ""4"": null, ""5"": null, ""6"": null, ""7"": null}","{""0"": 0.0, ""1"": 0.0, ""2"": null, ""3"": null, ""4"": null, ""5"": null, ""6"": null, ""7"": null}","{""0"": 250, ""1"": 250}",250,1,0,0,0,0.192,ultrasonic-not-close,KEEP_PAUSED,left,right,,0
1241,2026-08-01T16:19:34.414+09:00,143.804,1240,8.63,0,DRIVING,,0,1,0,-0.030327,0.054935,0.054935,0,741,green,0,unknown,0.000000,null,0.000000,0.311,,"{""0"": 250, ""1"": 250, ""2"": null, ""3"": null, ""4"": null, ""5"": null, ""6"": null, ""7"": null}","{""0"": 0.0, ""1"": 0.0, ""2"": null, ""3"": null, ""4"": null, ""5"": null, ""6"": null, ""7"": null}","{""0"": 250, ""1"": 250}",250,1,0,0,0,0.311,ultrasonic-not-close,KEEP_PAUSED,left,right,,0
1242,2026-08-01T16:19:34.532+09:00,143.922,1241,8.63,0,DRIVING,,0,1,0,-0.030327,0.054831,0.054831,0,740,green,0,unknown,0.000000,null,0.000000,0.323,,"{""0"": 250, ""1"": 250, ""2"": null, ""3"": null, ""4"": null, ""5"": null, ""6"": null, ""7"": null}","{""0"": 0.0, ""1"": 0.0, ""2"": null, ""3"": null, ""4"": null, ""5"": null, ""6"": null, ""7"": null}","{""0"": 250, ""1"": 250}",250,1,0,0,0,0.323,ultrasonic-not-close,KEEP_PAUSED,left,right,,0
1243,2026-08-01T16:19:34.652+09:00,144.043,1242,8.63,0,DRIVING,,0,1,0,-0.030327,0.054758,0.054758,0,741,green,0,unknown,0.000000,null,0.000000,0.327,,"{""0"": 250, ""1"": 250, ""2"": null, ""3"": null, ""4"": null, ""5"": null, ""6"": null, ""7"": null}","{""0"": 0.0, ""1"": 0.0, ""2"": null, ""3"": null, ""4"": null, ""5"": null, ""6"": null, ""7"": null}","{""0"": 250, ""1"": 250}",250,1,0,0,0,0.327,ultrasonic-not-close,KEEP_PAUSED,left,right,,0
1244,2026-08-01T16:19:34.773+09:00,144.162,1243,8.63,0,DRIVING,,0,1,0,-0.030327,0.054707,0.054707,0,740,green,0,unknown,0.000000,null,0.000000,0.208,,"{""0"": 250, ""1"": 250, ""2"": null, ""3"": null, ""4"": null, ""5"": null, ""6"": null, ""7"": null}","{""0"": 0.0, ""1"": 0.0, ""2"": null, ""3"": null, ""4"": null, ""5"": null, ""6"": null, ""7"": null}","{""0"": 250, ""1"": 250}",250,1,0,0,0,0.208,ultrasonic-not-close,KEEP_PAUSED,left,right,,0
1245,2026-08-01T16:19:34.897+09:00,144.288,1244,8.63,0,DRIVING,,0,1,0,-0.030327,0.054672,0.054672,0,740,green,0,unknown,0.000000,null,0.000000,0.332,,"{""0"": 250, ""1"": 250, ""2"": null, ""3"": null, ""4"": null, ""5"": null, ""6"": null, ""7"": null}","{""0"": 0.0, ""1"": 0.0, ""2"": null, ""3"": null, ""4"": null, ""5"": null, ""6"": null, ""7"": null}","{""0"": 250, ""1"": 250}",250,1,0,0,0,0.332,ultrasonic-not-close,KEEP_PAUSED,left,right,,0
1246,2026-08-01T16:19:35.013+09:00,144.403,1245,8.63,0,DRIVING,,0,1,0,-0.030327,0.054647,0.054647,0,741,green,0,unknown,0.000000,null,0.000000,0.329,,"{""0"": 250, ""1"": 250, ""2"": null, ""3"": null, ""4"": null, ""5"": null, ""6"": null, ""7"": null}","{""0"": 0.0, ""1"": 0.0, ""2"": null, ""3"": null, ""4"": null, ""5"": null, ""6"": null, ""7"": null}","{""0"": 250, ""1"": 250}",250,1,0,0,0,0.329,ultrasonic-not-close,KEEP_PAUSED,left,right,,0
1247,2026-08-01T16:19:35.127+09:00,144.518,1246,8.63,0,DRIVING,,0,1,0,-0.030327,0.054629,0.054629,0,741,green,0,unknown,0.000000,null,0.000000,0.324,,"{""0"": 250, ""1"": 250, ""2"": null, ""3"": null, ""4"": null, ""5"": null, ""6"": null, ""7"": null}","{""0"": 0.0, ""1"": 0.0, ""2"": null, ""3"": null, ""4"": null, ""5"": null, ""6"": null, ""7"": null}","{""0"": 250, ""1"": 250}",250,1,0,0,0,0.324,ultrasonic-not-close,KEEP_PAUSED,left,right,,0
1248,2026-08-01T16:19:35.245+09:00,144.635,1247,8.63,0,DRIVING,,0,1,0,-0.030327,0.054617,0.054617,0,740,green,0,unknown,0.000000,null,0.000000,0.200,,"{""0"": 250, ""1"": 250, ""2"": null, ""3"": null, ""4"": null, ""5"": null, ""6"": null, ""7"": null}","{""0"": 0.0, ""1"": 0.0, ""2"": null, ""3"": null, ""4"": null, ""5"": null, ""6"": null, ""7"": null}","{""0"": 250, ""1"": 250}",250,1,0,0,0,0.200,ultrasonic-not-close,KEEP_PAUSED,left,right,,0
1249,2026-08-01T16:19:35.360+09:00,144.750,1248,8.63,0,DRIVING,,0,1,0,-0.030327,0.054608,0.054608,0,741,green,0,unknown,0.000000,null,0.000000,0.314,,"{""0"": 250, ""1"": 250, ""2"": null, ""3"": null, ""4"": null, ""5"": null, ""6"": null, ""7"": null}","{""0"": 0.0, ""1"": 0.0, ""2"": null, ""3"": null, ""4"": null, ""5"": null, ""6"": null, ""7"": null}","{""0"": 250, ""1"": 250}",250,1,0,0,0,0.314,ultrasonic-not-close,KEEP_PAUSED,left,right,,0
1250,2026-08-01T16:19:35.469+09:00,144.859,1249,8.63,0,DRIVING,,0,1,0,-0.030327,0.054602,0.054602,0,741,green,0,unknown,0.000000,null,0.000000,0.310,,"{""0"": 250, ""1"": 250, ""2"": null, ""3"": null, ""4"": null, ""5"": null, ""6"": null, ""7"": null}","{""0"": 0.0, ""1"": 0.0, ""2"": null, ""3"": null, ""4"": null, ""5"": null, ""6"": null, ""7"": null}","{""0"": 250, ""1"": 250}",250,1,0,0,0,0.310,ultrasonic-not-close,KEEP_PAUSED,left,right,,0
1251,2026-08-01T16:19:35.583+09:00,144.973,1250,8.63,0,DRIVING,,0,1,0,-0.030327,0.054598,0.054598,0,740,green,0,unknown,0.000000,null,0.000000,0.308,,"{""0"": 250, ""1"": 250, ""2"": null, ""3"": null, ""4"": null, ""5"": null, ""6"": null, ""7"": null}","{""0"": 0.0, ""1"": 0.0, ""2"": null, ""3"": null, ""4"": null, ""5"": null, ""6"": null, ""7"": null}","{""0"": 250, ""1"": 250}",250,1,0,0,0,0.308,ultrasonic-not-close,KEEP_PAUSED,left,right,,0
1252,2026-08-01T16:19:35.700+09:00,145.090,1251,8.63,0,DRIVING,,0,1,0,-0.030327,0.054595,0.054595,0,740,green,0,unknown,0.000000,null,0.000000,0.199,,"{""0"": 250, ""1"": 250, ""2"": null, ""3"": null, ""4"": null, ""5"": null, ""6"": null, ""7"": null}","{""0"": 0.0, ""1"": 0.0, ""2"": null, ""3"": null, ""4"": null, ""5"": null, ""6"": null, ""7"": null}","{""0"": 250, ""1"": 250}",250,1,0,0,0,0.199,ultrasonic-not-close,KEEP_PAUSED,left,right,,0
1253,2026-08-01T16:19:35.822+09:00,145.211,1252,8.63,0,DRIVING,,0,1,0,-0.030327,0.054593,0.054593,0,740,green,0,unknown,0.000000,null,0.000000,0.319,,"{""0"": 250, ""1"": 250, ""2"": null, ""3"": null, ""4"": null, ""5"": null, ""6"": null, ""7"": null}","{""0"": 0.0, ""1"": 0.0, ""2"": null, ""3"": null, ""4"": null, ""5"": null, ""6"": null, ""7"": null}","{""0"": 250, ""1"": 250}",250,1,0,0,0,0.319,ultrasonic-not-close,KEEP_PAUSED,left,right,,0
1254,2026-08-01T16:19:35.935+09:00,145.325,1253,8.63,0,DRIVING,,0,1,0,-0.030327,0.054592,0.054592,0,741,green,0,unknown,0.000000,null,0.000000,0.320,,"{""0"": 250, ""1"": 250, ""2"": null, ""3"": null, ""4"": null, ""5"": null, ""6"": null, ""7"": null}","{""0"": 0.0, ""1"": 0.0, ""2"": null, ""3"": null, ""4"": null, ""5"": null, ""6"": null, ""7"": null}","{""0"": 250, ""1"": 250}",250,1,0,0,0,0.320,ultrasonic-not-close,KEEP_PAUSED,left,right,,0
1255,2026-08-01T16:19:36.046+09:00,145.436,1254,8.63,0,DRIVING,,0,1,0,-0.030327,0.054591,0.054591,0,740,green,0,unknown,0.000000,null,0.000000,0.192,,"{""0"": 250, ""1"": 250, ""2"": null, ""3"": null, ""4"": null, ""5"": null, ""6"": null, ""7"": null}","{""0"": 0.0, ""1"": 0.0, ""2"": null, ""3"": null, ""4"": null, ""5"": null, ""6"": null, ""7"": null}","{""0"": 250, ""1"": 250}",250,1,0,0,0,0.192,ultrasonic-not-close,KEEP_PAUSED,left,right,,0
1256,2026-08-01T16:19:36.166+09:00,145.556,1255,8.63,0,DRIVING,,0,1,0,-0.030327,0.054590,0.054590,0,740,green,0,unknown,0.000000,null,0.000000,0.311,,"{""0"": 250, ""1"": 250, ""2"": null, ""3"": null, ""4"": null, ""5"": null, ""6"": null, ""7"": null}","{""0"": 0.0, ""1"": 0.0, ""2"": null, ""3"": null, ""4"": null, ""5"": null, ""6"": null, ""7"": null}","{""0"": 250, ""1"": 250}",250,1,0,0,0,0.311,ultrasonic-not-close,KEEP_PAUSED,left,right,,0
1257,2026-08-01T16:19:36.287+09:00,145.677,1256,8.63,1,DRIVING,phase:KEEP_PAUSED->KEEP,0,1,0,-0.030327,0.000000,0.000000,70,741,green,0,unknown,0.000000,null,0.000000,0.327,,"{""0"": 250, ""1"": 250, ""2"": null, ""3"": null, ""4"": null, ""5"": null, ""6"": null, ""7"": null}","{""0"": 0.0, ""1"": 0.0, ""2"": null, ""3"": null, ""4"": null, ""5"": null, ""6"": null, ""7"": null}","{""0"": 250, ""1"": 250}",250,1,0,0,0,0.327,ultrasonic-not-close,KEEP,left,right,,0
1258,2026-08-01T16:19:36.416+09:00,145.806,1257,8.63,1,DRIVING,,0,1,0,0.019187,-0.034537,-0.034537,70,741,green,0,unknown,0.000000,null,0.000000,0.338,,"{""0"": 250, ""1"": 250, ""2"": null, ""3"": null, ""4"": null, ""5"": null, ""6"": null, ""7"": null}","{""0"": 0.0, ""1"": 0.0, ""2"": null, ""3"": null, ""4"": null, ""5"": null, ""6"": null, ""7"": null}","{""0"": 250, ""1"": 250}",250,1,0,0,0,0.338,ultrasonic-not-close,KEEP,left,right,,0
1259,2026-08-01T16:19:36.535+09:00,145.925,1258,8.63,1,DRIVING,,0,1,0,0.019187,-0.034537,-0.034537,70,740,green,0,unknown,0.000000,null,0.000000,0.213,,"{""0"": 250, ""1"": 250, ""2"": null, ""3"": null, ""4"": null, ""5"": null, ""6"": null, ""7"": null}","{""0"": 0.0, ""1"": 0.0, ""2"": null, ""3"": null, ""4"": null, ""5"": null, ""6"": null, ""7"": null}","{""0"": 250, ""1"": 250}",250,1,0,0,0,0.213,ultrasonic-not-close,KEEP,left,right,,0
1260,2026-08-01T16:19:36.657+09:00,146.047,1259,8.63,1,DRIVING,,0,1,0,0.016551,-0.025046,-0.025046,70,741,green,0,unknown,0.000000,null,0.000000,0.333,,"{""0"": 250, ""1"": 250, ""2"": null, ""3"": null, ""4"": null, ""5"": null, ""6"": null, ""7"": null}","{""0"": 0.0, ""1"": 0.0, ""2"": null, ""3"": null, ""4"": null, ""5"": null, ""6"": null, ""7"": null}","{""0"": 250, ""1"": 250}",250,1,0,0,0,0.333,ultrasonic-not-close,KEEP,left,right,,0
1261,2026-08-01T16:19:36.773+09:00,146.164,1260,8.63,1,DRIVING,,0,1,0,-0.041409,0.182186,0.182186,70,742,green,0,unknown,0.000000,null,0.000000,0.327,,"{""0"": 250, ""1"": 250, ""2"": null, ""3"": null, ""4"": null, ""5"": null, ""6"": null, ""7"": null}","{""0"": 0.0, ""1"": 0.0, ""2"": null, ""3"": null, ""4"": null, ""5"": null, ""6"": null, ""7"": null}","{""0"": 250, ""1"": 250}",250,1,0,0,0,0.327,ultrasonic-not-close,KEEP,left,right,,0
1262,2026-08-01T16:19:36.891+09:00,146.282,1261,8.63,1,DRIVING,,0,1,0,-0.058550,0.211601,0.211601,70,741,green,0,unknown,0.000000,null,0.000000,0.326,,"{""0"": 250, ""1"": 250, ""2"": null, ""3"": null, ""4"": null, ""5"": null, ""6"": null, ""7"": null}","{""0"": 0.0, ""1"": 0.0, ""2"": null, ""3"": null, ""4"": null, ""5"": null, ""6"": null, ""7"": null}","{""0"": 250, ""1"": 250}",250,1,0,0,0,0.326,ultrasonic-not-close,KEEP,left,right,,0
1263,2026-08-01T16:19:37.020+09:00,146.411,1262,8.63,1,DRIVING,,0,1,0,-0.086327,0.279732,0.279732,70,741,green,0,unknown,0.000000,null,0.000000,0.216,,"{""0"": 250, ""1"": 250, ""2"": null, ""3"": null, ""4"": null, ""5"": null, ""6"": null, ""7"": null}","{""0"": 0.0, ""1"": 0.0, ""2"": null, ""3"": null, ""4"": null, ""5"": null, ""6"": null, ""7"": null}","{""0"": 250, ""1"": 250}",250,1,0,0,0,0.216,ultrasonic-not-close,KEEP,left,right,,0
1264,2026-08-01T16:19:37.146+09:00,146.536,1263,8.63,1,DRIVING,,0,1,0,-0.104326,0.307225,0.307225,70,753,green,0,unknown,0.000000,null,0.000000,0.340,,"{""0"": 250, ""1"": 250, ""2"": null, ""3"": null, ""4"": null, ""5"": null, ""6"": null, ""7"": null}","{""0"": 0.0, ""1"": 0.0, ""2"": null, ""3"": null, ""4"": null, ""5"": null, ""6"": null, ""7"": null}","{""0"": 250, ""1"": 250}",250,1,0,0,0,0.340,ultrasonic-not-close,KEEP,left,right,,0
1265,2026-08-01T16:19:37.261+09:00,146.652,1264,8.63,1,DRIVING,,0,1,0,-0.145050,0.418001,0.418001,70,761,green,0,unknown,0.000000,null,0.000000,0.338,,"{""0"": 250, ""1"": 250, ""2"": null, ""3"": null, ""4"": null, ""5"": null, ""6"": null, ""7"": null}","{""0"": 0.0, ""1"": 0.0, ""2"": null, ""3"": null, ""4"": null, ""5"": null, ""6"": null, ""7"": null}","{""0"": 250, ""1"": 250}",250,1,0,0,0,0.338,ultrasonic-not-close,KEEP,left,right,,0
1266,2026-08-01T16:19:37.382+09:00,146.772,1265,8.63,1,DRIVING,,0,1,0,-0.180326,0.497922,0.497922,70,767,green,0,unknown,0.000000,null,0.000000,0.330,,"{""0"": 250, ""1"": 250, ""2"": null, ""3"": null, ""4"": null, ""5"": null, ""6"": null, ""7"": null}","{""0"": 0.0, ""1"": 0.0, ""2"": null, ""3"": null, ""4"": null, ""5"": null, ""6"": null, ""7"": null}","{""0"": 250, ""1"": 250}",250,1,0,0,0,0.330,ultrasonic-not-close,KEEP,left,right,,0
1267,2026-08-01T16:19:37.504+09:00,146.894,1266,8.63,1,DRIVING,,0,1,0,-0.200121,0.517184,0.517184,70,771,green,0,unknown,0.000000,null,0.000000,0.210,,"{""0"": 250, ""1"": 250, ""2"": null, ""3"": null, ""4"": null, ""5"": null, ""6"": null, ""7"": null}","{""0"": 0.0, ""1"": 0.0, ""2"": null, ""3"": null, ""4"": null, ""5"": null, ""6"": null, ""7"": null}","{""0"": 250, ""1"": 250}",250,1,0,0,0,0.210,ultrasonic-not-close,KEEP,left,right,,0
1268,2026-08-01T16:19:37.626+09:00,147.016,1267,8.63,1,DRIVING,,0,1,0,-0.200506,0.471479,0.471479,70,778,green,0,unknown,0.000000,null,0.000000,0.331,,"{""0"": 250, ""1"": 250, ""2"": null, ""3"": null, ""4"": null, ""5"": null, ""6"": null, ""7"": null}","{""0"": 0.0, ""1"": 0.0, ""2"": null, ""3"": null, ""4"": null, ""5"": null, ""6"": null, ""7"": null}","{""0"": 250, ""1"": 250}",250,1,0,0,0,0.331,ultrasonic-not-close,KEEP,left,right,,0
1269,2026-08-01T16:19:37.736+09:00,147.126,1268,8.63,1,DRIVING,,0,1,0,-0.194997,0.418477,0.418477,70,780,green,0,unknown,0.000000,null,0.000000,0.323,,"{""0"": 250, ""1"": 250, ""2"": null, ""3"": null, ""4"": null, ""5"": null, ""6"": null, ""7"": null}","{""0"": 0.0, ""1"": 0.0, ""2"": null, ""3"": null, ""4"": null, ""5"": null, ""6"": null, ""7"": null}","{""0"": 250, ""1"": 250}",250,1,0,0,0,0.323,ultrasonic-not-close,KEEP,left,right,,0
1270,2026-08-01T16:19:37.849+09:00,147.240,1269,8.63,1,DRIVING,,0,1,0,-0.210384,0.453624,0.453624,70,780,green,0,unknown,0.000000,null,0.000000,0.315,,"{""0"": 250, ""1"": 250, ""2"": null, ""3"": null, ""4"": null, ""5"": null, ""6"": null, ""7"": null}","{""0"": 0.0, ""1"": 0.0, ""2"": null, ""3"": null, ""4"": null, ""5"": null, ""6"": null, ""7"": null}","{""0"": 250, ""1"": 250}",250,1,0,0,0,0.315,ultrasonic-not-close,KEEP,left,right,,0
1271,2026-08-01T16:19:37.970+09:00,147.361,1270,8.63,1,DRIVING,,0,1,0,-0.208157,0.423128,0.423128,70,780,green,0,unknown,0.000000,null,0.000000,0.203,,"{""0"": 250, ""1"": 250, ""2"": null, ""3"": null, ""4"": null, ""5"": null, ""6"": null, ""7"": null}","{""0"": 0.0, ""1"": 0.0, ""2"": null, ""3"": null, ""4"": null, ""5"": null, ""6"": null, ""7"": null}","{""0"": 250, ""1"": 250}",250,1,0,0,0,0.203,ultrasonic-not-close,KEEP,left,right,,0
1272,2026-08-01T16:19:38.083+09:00,147.474,1271,8.63,1,DRIVING,,0,1,0,-0.259712,0.594191,0.594191,70,771,green,0,unknown,0.000000,null,0.000000,0.315,,"{""0"": 250, ""1"": 250, ""2"": null, ""3"": null, ""4"": null, ""5"": null, ""6"": null, ""7"": null}","{""0"": 0.0, ""1"": 0.0, ""2"": null, ""3"": null, ""4"": null, ""5"": null, ""6"": null, ""7"": null}","{""0"": 250, ""1"": 250}",250,1,0,0,0,0.315,ultrasonic-not-close,KEEP,left,right,,0
1273,2026-08-01T16:19:38.195+09:00,147.587,1272,8.63,1,DRIVING,,0,1,0,-0.285574,0.649282,0.649282,70,782,green,0,unknown,0.000000,null,0.000000,0.314,,"{""0"": 250, ""1"": 250, ""2"": null, ""3"": null, ""4"": null, ""5"": null, ""6"": null, ""7"": null}","{""0"": 0.0, ""1"": 0.0, ""2"": null, ""3"": null, ""4"": null, ""5"": null, ""6"": null, ""7"": null}","{""0"": 250, ""1"": 250}",250,1,0,0,0,0.314,ultrasonic-not-close,KEEP,left,right,,0
1274,2026-08-01T16:19:38.311+09:00,147.702,1273,8.63,1,DRIVING,,0,1,0,-0.283923,0.602763,0.602763,70,783,green,0,unknown,0.000000,null,0.000000,0.195,,"{""0"": 250, ""1"": 250, ""2"": null, ""3"": null, ""4"": null, ""5"": null, ""6"": null, ""7"": null}","{""0"": 0.0, ""1"": 0.0, ""2"": null, ""3"": null, ""4"": null, ""5"": null, ""6"": null, ""7"": null}","{""0"": 250, ""1"": 250}",250,1,0,0,0,0.195,ultrasonic-not-close,KEEP,left,right,,0
1275,2026-08-01T16:19:38.437+09:00,147.828,1274,8.63,1,DRIVING,,0,1,1,-0.257462,0.479992,0.479992,70,790,green,0,unknown,0.000000,null,0.000000,0.321,,"{""0"": 250, ""1"": 250, ""2"": null, ""3"": null, ""4"": null, ""5"": null, ""6"": null, ""7"": null}","{""0"": 0.0, ""1"": 0.0, ""2"": null, ""3"": null, ""4"": null, ""5"": null, ""6"": null, ""7"": null}","{""0"": 250, ""1"": 250}",250,1,0,0,0,0.321,ultrasonic-not-close,KEEP,left,right,,0
1276,2026-08-01T16:19:38.558+09:00,147.949,1275,8.63,1,DRIVING,,0,1,0,-0.273176,0.531595,0.531595,70,790,green,0,unknown,0.000000,null,0.000000,0.330,,"{""0"": 250, ""1"": 250, ""2"": null, ""3"": null, ""4"": null, ""5"": null, ""6"": null, ""7"": null}","{""0"": 0.0, ""1"": 0.0, ""2"": null, ""3"": null, ""4"": null, ""5"": null, ""6"": null, ""7"": null}","{""0"": 250, ""1"": 250}",250,1,0,0,0,0.330,ultrasonic-not-close,KEEP,left,right,,0
1277,2026-08-01T16:19:38.670+09:00,148.060,1276,8.63,1,DRIVING,,0,1,0,-0.257903,0.464649,0.464649,70,788,green,0,unknown,0.000000,null,0.000000,0.326,,"{""0"": 250, ""1"": 250, ""2"": null, ""3"": null, ""4"": null, ""5"": null, ""6"": null, ""7"": null}","{""0"": 0.0, ""1"": 0.0, ""2"": null, ""3"": null, ""4"": null, ""5"": null, ""6"": null, ""7"": null}","{""0"": 250, ""1"": 250}",250,1,0,0,0,0.326,ultrasonic-not-close,KEEP,left,right,,0
1278,2026-08-01T16:19:38.789+09:00,148.179,1277,8.63,1,DRIVING,,0,1,0,-0.252723,0.445874,0.445874,70,788,green,0,unknown,0.000000,null,0.000000,0.200,,"{""0"": 250, ""1"": 250, ""2"": null, ""3"": null, ""4"": null, ""5"": null, ""6"": null, ""7"": null}","{""0"": 0.0, ""1"": 0.0, ""2"": null, ""3"": null, ""4"": null, ""5"": null, ""6"": null, ""7"": null}","{""0"": 250, ""1"": 250}",250,1,0,0,0,0.200,ultrasonic-not-close,KEEP,left,right,,0
1279,2026-08-01T16:19:38.902+09:00,148.292,1278,8.63,1,DRIVING,,0,1,0,-0.242793,0.412834,0.412834,70,786,green,0,unknown,0.000000,null,0.000000,0.312,,"{""0"": 250, ""1"": 250, ""2"": null, ""3"": null, ""4"": null, ""5"": null, ""6"": null, ""7"": null}","{""0"": 0.0, ""1"": 0.0, ""2"": null, ""3"": null, ""4"": null, ""5"": null, ""6"": null, ""7"": null}","{""0"": 250, ""1"": 250}",250,1,0,0,0,0.312,ultrasonic-not-close,KEEP,left,right,,0
1280,2026-08-01T16:19:39.013+09:00,148.403,1279,8.63,1,DRIVING,,0,1,0,-0.226704,0.362172,0.362172,70,786,green,0,unknown,0.000000,null,0.000000,0.311,,"{""0"": 250, ""1"": 250, ""2"": null, ""3"": null, ""4"": null, ""5"": null, ""6"": null, ""7"": null}","{""0"": 0.0, ""1"": 0.0, ""2"": null, ""3"": null, ""4"": null, ""5"": null, ""6"": null, ""7"": null}","{""0"": 250, ""1"": 250}",250,1,0,0,0,0.311,ultrasonic-not-close,KEEP,left,right,,0
1281,2026-08-01T16:19:39.128+09:00,148.518,1280,8.63,1,DRIVING,,0,1,0,-0.195140,0.262312,0.262312,70,783,green,0,unknown,0.000000,null,0.000000,0.308,,"{""0"": 250, ""1"": 250, ""2"": null, ""3"": null, ""4"": null, ""5"": null, ""6"": null, ""7"": null}","{""0"": 0.0, ""1"": 0.0, ""2"": null, ""3"": null, ""4"": null, ""5"": null, ""6"": null, ""7"": null}","{""0"": 250, ""1"": 250}",250,1,0,0,0,0.308,ultrasonic-not-close,KEEP,left,right,,0
1282,2026-08-01T16:19:39.247+09:00,148.638,1281,8.63,1,DRIVING,,0,1,0,-0.181103,0.238460,0.238460,70,771,green,0,unknown,0.000000,null,0.000000,0.202,,"{""0"": 250, ""1"": 250, ""2"": null, ""3"": null, ""4"": null, ""5"": null, ""6"": null, ""7"": null}","{""0"": 0.0, ""1"": 0.0, ""2"": null, ""3"": null, ""4"": null, ""5"": null, ""6"": null, ""7"": null}","{""0"": 250, ""1"": 250}",250,1,0,0,0,0.202,ultrasonic-not-close,KEEP,left,right,,0
1283,2026-08-01T16:19:39.367+09:00,148.756,1282,8.63,1,DRIVING,,0,1,0,-0.165025,0.206837,0.206837,70,770,green,0,unknown,0.000000,null,0.000000,0.319,,"{""0"": 250, ""1"": 250, ""2"": null, ""3"": null, ""4"": null, ""5"": null, ""6"": null, ""7"": null}","{""0"": 0.0, ""1"": 0.0, ""2"": null, ""3"": null, ""4"": null, ""5"": null, ""6"": null, ""7"": null}","{""0"": 250, ""1"": 250}",250,1,0,0,0,0.319,ultrasonic-not-close,KEEP,left,right,,0
1284,2026-08-01T16:19:39.481+09:00,148.871,1283,8.63,1,DRIVING,,0,1,1,-0.152244,0.187885,0.187885,70,767,green,0,unknown,0.000000,null,0.000000,0.322,,"{""0"": 250, ""1"": 250, ""2"": null, ""3"": null, ""4"": null, ""5"": null, ""6"": null, ""7"": null}","{""0"": 0.0, ""1"": 0.0, ""2"": null, ""3"": null, ""4"": null, ""5"": null, ""6"": null, ""7"": null}","{""0"": 250, ""1"": 250}",250,1,0,0,0,0.322,ultrasonic-not-close,KEEP,left,right,,0
1285,2026-08-01T16:19:39.600+09:00,148.990,1284,8.63,1,STOPPED_RED,state:DRIVING->STOPPED_RED;phase:KEEP->KEEP_PAUSED,1,1,1,-0.147515,0.000000,0.000000,0,765,green,0,unknown,0.000000,null,0.000000,0.200,,"{""0"": 250, ""1"": 250, ""2"": null, ""3"": null, ""4"": null, ""5"": null, ""6"": null, ""7"": null}","{""0"": 0.0, ""1"": 0.0, ""2"": null, ""3"": null, ""4"": null, ""5"": null, ""6"": null, ""7"": null}","{""0"": 250, ""1"": 250}",250,1,0,0,0,0.200,ultrasonic-not-close,KEEP_PAUSED,left,right,,0
1286,2026-08-01T16:19:39.725+09:00,149.115,1285,8.62,1,STOPPED_RED,,1,1,1,-0.118851,0.000000,0.000000,0,763,green,0,unknown,0.000000,null,0.000000,0.324,,"{""0"": 250, ""1"": 250, ""2"": null, ""3"": null, ""4"": null, ""5"": null, ""6"": null, ""7"": null}","{""0"": 0.0, ""1"": 0.0, ""2"": null, ""3"": null, ""4"": null, ""5"": null, ""6"": null, ""7"": null}","{""0"": 250, ""1"": 250}",250,1,0,0,0,0.324,ultrasonic-not-close,KEEP_PAUSED,left,right,,0
1287,2026-08-01T16:19:39.843+09:00,149.232,1286,8.62,1,STOPPED_RED,,1,1,1,-0.123460,0.000000,0.000000,0,752,green,0,unknown,0.000000,null,0.000000,0.328,,"{""0"": 250, ""1"": 250, ""2"": null, ""3"": null, ""4"": null, ""5"": null, ""6"": null, ""7"": null}","{""0"": 0.0, ""1"": 0.0, ""2"": null, ""3"": null, ""4"": null, ""5"": null, ""6"": null, ""7"": null}","{""0"": 250, ""1"": 250}",250,1,0,0,0,0.328,ultrasonic-not-close,KEEP_PAUSED,left,right,,0
1288,2026-08-01T16:19:39.956+09:00,149.347,1287,8.62,1,STOPPED_RED,,1,1,1,-0.122608,0.000000,0.000000,0,751,green,0,unknown,0.000000,null,0.000000,0.324,,"{""0"": 250, ""1"": 250, ""2"": null, ""3"": null, ""4"": null, ""5"": null, ""6"": null, ""7"": null}","{""0"": 0.0, ""1"": 0.0, ""2"": null, ""3"": null, ""4"": null, ""5"": null, ""6"": null, ""7"": null}","{""0"": 250, ""1"": 250}",250,1,0,0,0,0.324,ultrasonic-not-close,KEEP_PAUSED,left,right,,0
1289,2026-08-01T16:19:40.077+09:00,149.468,1288,8.62,1,STOPPED_RED,,1,1,1,-0.135211,0.000000,0.000000,0,750,green,0,unknown,0.000000,null,0.000000,0.203,,"{""0"": 250, ""1"": 250, ""2"": null, ""3"": null, ""4"": null, ""5"": null, ""6"": null, ""7"": null}","{""0"": 0.0, ""1"": 0.0, ""2"": null, ""3"": null, ""4"": null, ""5"": null, ""6"": null, ""7"": null}","{""0"": 250, ""1"": 250}",250,1,0,0,0,0.203,ultrasonic-not-close,KEEP_PAUSED,left,right,,0
1290,2026-08-01T16:19:40.207+09:00,149.597,1289,8.62,1,STOPPED_RED,,1,1,1,-0.136605,0.000000,0.000000,0,751,green,0,unknown,0.000000,null,0.000000,0.331,,"{""0"": 250, ""1"": 250, ""2"": null, ""3"": null, ""4"": null, ""5"": null, ""6"": null, ""7"": null}","{""0"": 0.0, ""1"": 0.0, ""2"": null, ""3"": null, ""4"": null, ""5"": null, ""6"": null, ""7"": null}","{""0"": 250, ""1"": 250}",250,1,0,0,0,0.331,ultrasonic-not-close,KEEP_PAUSED,left,right,,0
1291,2026-08-01T16:19:40.327+09:00,149.717,1290,8.62,1,STOPPED_RED,,1,1,1,-0.139647,0.000000,0.000000,0,750,green,0,unknown,0.000000,null,0.000000,0.339,,"{""0"": 250, ""1"": 250, ""2"": null, ""3"": null, ""4"": null, ""5"": null, ""6"": null, ""7"": null}","{""0"": 0.0, ""1"": 0.0, ""2"": null, ""3"": null, ""4"": null, ""5"": null, ""6"": null, ""7"": null}","{""0"": 250, ""1"": 250}",250,1,0,0,0,0.339,ultrasonic-not-close,KEEP_PAUSED,left,right,,0
1292,2026-08-01T16:19:40.447+09:00,149.838,1291,8.62,1,STOPPED_RED,,1,1,1,-0.137514,0.000000,0.000000,0,751,green,0,unknown,0.000000,null,0.000000,0.339,,"{""0"": 250, ""1"": 250, ""2"": null, ""3"": null, ""4"": null, ""5"": null, ""6"": null, ""7"": null}","{""0"": 0.0, ""1"": 0.0, ""2"": null, ""3"": null, ""4"": null, ""5"": null, ""6"": null, ""7"": null}","{""0"": 250, ""1"": 250}",250,1,0,0,0,0.339,ultrasonic-not-close,KEEP_PAUSED,left,right,,0
1293,2026-08-01T16:19:40.572+09:00,149.962,1292,8.62,1,STOPPED_RED,,1,1,1,-0.136974,0.000000,0.000000,0,751,green,0,unknown,0.000000,null,0.000000,0.212,,"{""0"": 250, ""1"": 250, ""2"": null, ""3"": null, ""4"": null, ""5"": null, ""6"": null, ""7"": null}","{""0"": 0.0, ""1"": 0.0, ""2"": null, ""3"": null, ""4"": null, ""5"": null, ""6"": null, ""7"": null}","{""0"": 250, ""1"": 250}",250,1,0,0,0,0.212,ultrasonic-not-close,KEEP_PAUSED,left,right,,0
1294,2026-08-01T16:19:40.698+09:00,150.087,1293,8.62,1,STOPPED_RED,,1,1,1,-0.137514,0.000000,0.000000,0,751,green,0,unknown,0.000000,null,0.000000,0.337,,"{""0"": 250, ""1"": 250, ""2"": null, ""3"": null, ""4"": null, ""5"": null, ""6"": null, ""7"": null}","{""0"": 0.0, ""1"": 0.0, ""2"": null, ""3"": null, ""4"": null, ""5"": null, ""6"": null, ""7"": null}","{""0"": 250, ""1"": 250}",250,1,0,0,0,0.337,ultrasonic-not-close,KEEP_PAUSED,left,right,,0
1295,2026-08-01T16:19:40.817+09:00,150.206,1294,8.62,1,STOPPED_RED,,1,1,1,-0.137619,0.000000,0.000000,0,750,green,0,unknown,0.000000,null,0.000000,0.337,,"{""0"": 250, ""1"": 250, ""2"": null, ""3"": null, ""4"": null, ""5"": null, ""6"": null, ""7"": null}","{""0"": 0.0, ""1"": 0.0, ""2"": null, ""3"": null, ""4"": null, ""5"": null, ""6"": null, ""7"": null}","{""0"": 250, ""1"": 250}",250,1,0,0,0,0.337,ultrasonic-not-close,KEEP_PAUSED,left,right,,0
1296,2026-08-01T16:19:40.933+09:00,150.323,1295,8.62,1,STOPPED_RED,,1,1,1,-0.136837,0.000000,0.000000,0,751,green,0,unknown,0.000000,null,0.000000,0.328,,"{""0"": 250, ""1"": 250, ""2"": null, ""3"": null, ""4"": null, ""5"": null, ""6"": null, ""7"": null}","{""0"": 0.0, ""1"": 0.0, ""2"": null, ""3"": null, ""4"": null, ""5"": null, ""6"": null, ""7"": null}","{""0"": 250, ""1"": 250}",250,1,0,0,0,0.328,ultrasonic-not-close,KEEP_PAUSED,left,right,,0
1297,2026-08-01T16:19:41.052+09:00,150.442,1296,8.62,1,STOPPED_RED,,1,1,1,-0.137249,0.000000,0.000000,0,751,green,0,unknown,0.000000,null,0.000000,0.203,,"{""0"": 250, ""1"": 250, ""2"": null, ""3"": null, ""4"": null, ""5"": null, ""6"": null, ""7"": null}","{""0"": 0.0, ""1"": 0.0, ""2"": null, ""3"": null, ""4"": null, ""5"": null, ""6"": null, ""7"": null}","{""0"": 250, ""1"": 250}",250,1,0,0,0,0.203,ultrasonic-not-close,KEEP_PAUSED,left,right,,0
1298,2026-08-01T16:19:41.174+09:00,150.563,1297,8.62,1,STOPPED_RED,,1,1,1,-0.136974,0.000000,0.000000,0,751,green,0,unknown,0.000000,null,0.000000,0.324,,"{""0"": 250, ""1"": 250, ""2"": null, ""3"": null, ""4"": null, ""5"": null, ""6"": null, ""7"": null}","{""0"": 0.0, ""1"": 0.0, ""2"": null, ""3"": null, ""4"": null, ""5"": null, ""6"": null, ""7"": null}","{""0"": 250, ""1"": 250}",250,1,0,0,0,0.324,ultrasonic-not-close,KEEP_PAUSED,left,right,,0
1299,2026-08-01T16:19:41.295+09:00,150.685,1298,8.62,1,STOPPED_RED,,1,1,1,-0.137249,0.000000,0.000000,0,751,green,0,unknown,0.000000,null,0.000000,0.328,,"{""0"": 250, ""1"": 250, ""2"": null, ""3"": null, ""4"": null, ""5"": null, ""6"": null, ""7"": null}","{""0"": 0.0, ""1"": 0.0, ""2"": null, ""3"": null, ""4"": null, ""5"": null, ""6"": null, ""7"": null}","{""0"": 250, ""1"": 250}",250,1,0,0,0,0.328,ultrasonic-not-close,KEEP_PAUSED,left,right,,0
1300,2026-08-01T16:19:41.406+09:00,150.797,1299,8.62,1,STOPPED_RED,,1,1,1,-0.137249,0.000000,0.000000,0,751,green,0,unknown,0.000000,null,0.000000,0.323,,"{""0"": 250, ""1"": 250, ""2"": null, ""3"": null, ""4"": null, ""5"": null, ""6"": null, ""7"": null}","{""0"": 0.0, ""1"": 0.0, ""2"": null, ""3"": null, ""4"": null, ""5"": null, ""6"": null, ""7"": null}","{""0"": 250, ""1"": 250}",250,1,0,0,0,0.323,ultrasonic-not-close,KEEP_PAUSED,left,right,,0
1301,2026-08-01T16:19:41.526+09:00,150.916,1300,8.62,1,STOPPED_RED,,1,1,1,-0.137249,0.000000,0.000000,0,751,green,0,unknown,0.000000,null,0.000000,0.199,,"{""0"": 250, ""1"": 250, ""2"": null, ""3"": null, ""4"": null, ""5"": null, ""6"": null, ""7"": null}","{""0"": 0.0, ""1"": 0.0, ""2"": null, ""3"": null, ""4"": null, ""5"": null, ""6"": null, ""7"": null}","{""0"": 250, ""1"": 250}",250,1,0,0,0,0.199,ultrasonic-not-close,KEEP_PAUSED,left,right,,0
1302,2026-08-01T16:19:41.648+09:00,151.037,1301,8.62,1,STOPPED_RED,,1,1,1,-0.137249,0.000000,0.000000,0,751,green,0,unknown,0.000000,null,0.000000,0.319,,"{""0"": 250, ""1"": 250, ""2"": null, ""3"": null, ""4"": null, ""5"": null, ""6"": null, ""7"": null}","{""0"": 0.0, ""1"": 0.0, ""2"": null, ""3"": null, ""4"": null, ""5"": null, ""6"": null, ""7"": null}","{""0"": 250, ""1"": 250}",250,1,0,0,0,0.319,ultrasonic-not-close,KEEP_PAUSED,left,right,,0
1303,2026-08-01T16:19:41.764+09:00,151.153,1302,8.62,1,STOPPED_RED,,1,1,1,-0.137249,0.000000,0.000000,0,751,green,0,unknown,0.000000,null,0.000000,0.325,,"{""0"": 250, ""1"": 250, ""2"": null, ""3"": null, ""4"": null, ""5"": null, ""6"": null, ""7"": null}","{""0"": 0.0, ""1"": 0.0, ""2"": null, ""3"": null, ""4"": null, ""5"": null, ""6"": null, ""7"": null}","{""0"": 250, ""1"": 250}",250,1,0,0,0,0.325,ultrasonic-not-close,KEEP_PAUSED,left,right,,0
1304,2026-08-01T16:19:41.877+09:00,151.267,1303,8.62,1,STOPPED_RED,,1,1,1,-0.137249,0.000000,0.000000,0,751,green,0,unknown,0.000000,null,0.000000,0.320,,"{""0"": 250, ""1"": 250, ""2"": null, ""3"": null, ""4"": null, ""5"": null, ""6"": null, ""7"": null}","{""0"": 0.0, ""1"": 0.0, ""2"": null, ""3"": null, ""4"": null, ""5"": null, ""6"": null, ""7"": null}","{""0"": 250, ""1"": 250}",250,1,0,0,0,0.320,ultrasonic-not-close,KEEP_PAUSED,left,right,,0
1305,2026-08-01T16:19:42.000+09:00,151.390,1304,8.62,1,STOPPED_RED,,1,1,1,-0.137249,0.000000,0.000000,0,750,green,0,unknown,0.000000,null,0.000000,0.204,,"{""0"": 250, ""1"": 250, ""2"": null, ""3"": null, ""4"": null, ""5"": null, ""6"": null, ""7"": null}","{""0"": 0.0, ""1"": 0.0, ""2"": null, ""3"": null, ""4"": null, ""5"": null, ""6"": null, ""7"": null}","{""0"": 250, ""1"": 250}",250,1,0,0,0,0.204,ultrasonic-not-close,KEEP_PAUSED,left,right,,0
1306,2026-08-01T16:19:42.117+09:00,151.507,1305,8.62,1,STOPPED_RED,,1,1,1,-0.137249,0.000000,0.000000,0,751,green,0,unknown,0.000000,null,0.000000,0.320,,"{""0"": 250, ""1"": 250, ""2"": null, ""3"": null, ""4"": null, ""5"": null, ""6"": null, ""7"": null}","{""0"": 0.0, ""1"": 0.0, ""2"": null, ""3"": null, ""4"": null, ""5"": null, ""6"": null, ""7"": null}","{""0"": 250, ""1"": 250}",250,1,0,0,0,0.320,ultrasonic-not-close,KEEP_PAUSED,left,right,,0
1307,2026-08-01T16:19:42.238+09:00,151.629,1306,8.62,1,STOPPED_RED,,1,1,1,-0.137249,0.000000,0.000000,0,751,green,0,unknown,0.000000,null,0.000000,0.331,,"{""0"": 250, ""1"": 250, ""2"": null, ""3"": null, ""4"": null, ""5"": null, ""6"": null, ""7"": null}","{""0"": 0.0, ""1"": 0.0, ""2"": null, ""3"": null, ""4"": null, ""5"": null, ""6"": null, ""7"": null}","{""0"": 250, ""1"": 250}",250,1,0,0,0,0.331,ultrasonic-not-close,KEEP_PAUSED,left,right,,0
1308,2026-08-01T16:19:42.356+09:00,151.746,1307,8.62,1,STOPPED_RED,,1,1,1,-0.137249,0.000000,0.000000,0,750,green,0,unknown,0.000000,null,0.000000,0.207,,"{""0"": 250, ""1"": 250, ""2"": null, ""3"": null, ""4"": null, ""5"": null, ""6"": null, ""7"": null}","{""0"": 0.0, ""1"": 0.0, ""2"": null, ""3"": null, ""4"": null, ""5"": null, ""6"": null, ""7"": null}","{""0"": 250, ""1"": 250}",250,1,0,0,0,0.207,ultrasonic-not-close,KEEP_PAUSED,left,right,,0
1309,2026-08-01T16:19:42.478+09:00,151.868,1308,8.62,1,STOPPED_RED,,1,1,1,-0.137249,0.000000,0.000000,0,749,green,0,unknown,0.000000,null,0.000000,0.328,,"{""0"": 250, ""1"": 250, ""2"": null, ""3"": null, ""4"": null, ""5"": null, ""6"": null, ""7"": null}","{""0"": 0.0, ""1"": 0.0, ""2"": null, ""3"": null, ""4"": null, ""5"": null, ""6"": null, ""7"": null}","{""0"": 250, ""1"": 250}",250,1,0,0,0,0.328,ultrasonic-not-close,KEEP_PAUSED,left,right,,0
1310,2026-08-01T16:19:42.595+09:00,151.984,1309,8.62,1,STOPPED_RED,,1,1,1,-0.137249,0.000000,0.000000,0,751,green,0,unknown,0.000000,null,0.000000,0.324,,"{""0"": 250, ""1"": 250, ""2"": null, ""3"": null, ""4"": null, ""5"": null, ""6"": null, ""7"": null}","{""0"": 0.0, ""1"": 0.0, ""2"": null, ""3"": null, ""4"": null, ""5"": null, ""6"": null, ""7"": null}","{""0"": 250, ""1"": 250}",250,1,0,0,0,0.324,ultrasonic-not-close,KEEP_PAUSED,left,right,,0
1311,2026-08-01T16:19:42.713+09:00,152.103,1310,8.62,1,STOPPED_RED,,1,1,1,-0.137249,0.000000,0.000000,0,750,green,0,unknown,0.000000,null,0.000000,0.327,,"{""0"": 250, ""1"": 250, ""2"": null, ""3"": null, ""4"": null, ""5"": null, ""6"": null, ""7"": null}","{""0"": 0.0, ""1"": 0.0, ""2"": null, ""3"": null, ""4"": null, ""5"": null, ""6"": null, ""7"": null}","{""0"": 250, ""1"": 250}",250,1,0,0,0,0.327,ultrasonic-not-close,KEEP_PAUSED,left,right,,0
1312,2026-08-01T16:19:42.839+09:00,152.228,1311,8.62,1,STOPPED_RED,,1,1,1,-0.137249,0.000000,0.000000,0,751,green,0,unknown,0.000000,null,0.000000,0.211,,"{""0"": 250, ""1"": 250, ""2"": null, ""3"": null, ""4"": null, ""5"": null, ""6"": null, ""7"": null}","{""0"": 0.0, ""1"": 0.0, ""2"": null, ""3"": null, ""4"": null, ""5"": null, ""6"": null, ""7"": null}","{""0"": 250, ""1"": 250}",250,1,0,0,0,0.211,ultrasonic-not-close,KEEP_PAUSED,left,right,,0
1313,2026-08-01T16:19:42.961+09:00,152.351,1312,8.62,1,STOPPED_RED,,1,1,1,-0.137249,0.000000,0.000000,0,750,green,0,unknown,0.000000,null,0.000000,0.333,,"{""0"": 250, ""1"": 250, ""2"": null, ""3"": null, ""4"": null, ""5"": null, ""6"": null, ""7"": null}","{""0"": 0.0, ""1"": 0.0, ""2"": null, ""3"": null, ""4"": null, ""5"": null, ""6"": null, ""7"": null}","{""0"": 250, ""1"": 250}",250,1,0,0,0,0.333,ultrasonic-not-close,KEEP_PAUSED,left,right,,0
1314,2026-08-01T16:19:43.092+09:00,152.481,1313,8.62,1,STOPPED_RED,,1,1,1,-0.137249,0.000000,0.000000,0,751,green,0,unknown,0.000000,null,0.000000,0.345,,"{""0"": 250, ""1"": 250, ""2"": null, ""3"": null, ""4"": null, ""5"": null, ""6"": null, ""7"": null}","{""0"": 0.0, ""1"": 0.0, ""2"": null, ""3"": null, ""4"": null, ""5"": null, ""6"": null, ""7"": null}","{""0"": 250, ""1"": 250}",250,1,0,0,0,0.345,ultrasonic-not-close,KEEP_PAUSED,left,right,,0
1315,2026-08-01T16:19:43.214+09:00,152.604,1314,8.62,1,STOPPED_RED,,1,1,1,-0.137514,0.000000,0.000000,0,753,green,0,unknown,0.000000,null,0.000000,0.343,,"{""0"": 250, ""1"": 250, ""2"": null, ""3"": null, ""4"": null, ""5"": null, ""6"": null, ""7"": null}","{""0"": 0.0, ""1"": 0.0, ""2"": null, ""3"": null, ""4"": null, ""5"": null, ""6"": null, ""7"": null}","{""0"": 250, ""1"": 250}",250,1,0,0,0,0.343,ultrasonic-not-close,KEEP_PAUSED,left,right,,0
1316,2026-08-01T16:19:43.337+09:00,152.727,1315,8.62,1,STOPPED_RED,,1,1,1,-0.137249,0.000000,0.000000,0,751,green,0,unknown,0.000000,null,0.000000,0.211,,"{""0"": 250, ""1"": 250, ""2"": null, ""3"": null, ""4"": null, ""5"": null, ""6"": null, ""7"": null}","{""0"": 0.0, ""1"": 0.0, ""2"": null, ""3"": null, ""4"": null, ""5"": null, ""6"": null, ""7"": null}","{""0"": 250, ""1"": 250}",250,1,0,0,0,0.211,ultrasonic-not-close,KEEP_PAUSED,left,right,,0
1317,2026-08-01T16:19:43.464+09:00,152.854,1316,8.62,1,STOPPED_RED,,1,1,1,-0.137249,0.000000,0.000000,0,751,green,0,unknown,0.000000,null,0.000000,0.217,,"{""0"": 250, ""1"": 250, ""2"": null, ""3"": null, ""4"": null, ""5"": null, ""6"": null, ""7"": null}","{""0"": 0.0, ""1"": 0.0, ""2"": null, ""3"": null, ""4"": null, ""5"": null, ""6"": null, ""7"": null}","{""0"": 250, ""1"": 250}",250,1,0,0,0,0.217,ultrasonic-not-close,KEEP_PAUSED,left,right,,0
1318,2026-08-01T16:19:43.590+09:00,152.979,1317,8.62,1,STOPPED_RED,,1,1,1,-0.137249,0.000000,0.000000,0,751,green,0,unknown,0.000000,null,0.000000,0.341,,"{""0"": 250, ""1"": 250, ""2"": null, ""3"": null, ""4"": null, ""5"": null, ""6"": null, ""7"": null}","{""0"": 0.0, ""1"": 0.0, ""2"": null, ""3"": null, ""4"": null, ""5"": null, ""6"": null, ""7"": null}","{""0"": 250, ""1"": 250}",250,1,0,0,0,0.341,ultrasonic-not-close,KEEP_PAUSED,left,right,,0
1319,2026-08-01T16:19:43.708+09:00,153.097,1318,8.62,1,STOPPED_RED,,1,1,1,-0.137249,0.000000,0.000000,0,750,green,0,unknown,0.000000,null,0.000000,0.338,,"{""0"": 250, ""1"": 250, ""2"": null, ""3"": null, ""4"": null, ""5"": null, ""6"": null, ""7"": null}","{""0"": 0.0, ""1"": 0.0, ""2"": null, ""3"": null, ""4"": null, ""5"": null, ""6"": null, ""7"": null}","{""0"": 250, ""1"": 250}",250,1,0,0,0,0.338,ultrasonic-not-close,KEEP_PAUSED,left,right,,0
1320,2026-08-01T16:19:43.830+09:00,153.220,1319,8.62,1,STOPPED_RED,,1,1,1,-0.137249,0.000000,0.000000,0,752,green,0,unknown,0.000000,null,0.000000,0.332,,"{""0"": 250, ""1"": 250, ""2"": null, ""3"": null, ""4"": null, ""5"": null, ""6"": null, ""7"": null}","{""0"": 0.0, ""1"": 0.0, ""2"": null, ""3"": null, ""4"": null, ""5"": null, ""6"": null, ""7"": null}","{""0"": 250, ""1"": 250}",250,1,0,0,0,0.332,ultrasonic-not-close,KEEP_PAUSED,left,right,,0
1321,2026-08-01T16:19:43.959+09:00,153.348,1320,8.62,1,STOPPED_RED,,1,1,1,-0.137249,0.000000,0.000000,0,751,green,0,unknown,0.000000,null,0.000000,0.218,,"{""0"": 250, ""1"": 250, ""2"": null, ""3"": null, ""4"": null, ""5"": null, ""6"": null, ""7"": null}","{""0"": 0.0, ""1"": 0.0, ""2"": null, ""3"": null, ""4"": null, ""5"": null, ""6"": null, ""7"": null}","{""0"": 250, ""1"": 250}",250,1,0,0,0,0.218,ultrasonic-not-close,KEEP_PAUSED,left,right,,0
1322,2026-08-01T16:19:44.088+09:00,153.476,1321,8.61,1,STOPPED_RED,,1,1,1,-0.137249,0.000000,0.000000,0,751,green,0,unknown,0.000000,null,0.000000,0.345,,"{""0"": 250, ""1"": 250, ""2"": null, ""3"": null, ""4"": null, ""5"": null, ""6"": null, ""7"": null}","{""0"": 0.0, ""1"": 0.0, ""2"": null, ""3"": null, ""4"": null, ""5"": null, ""6"": null, ""7"": null}","{""0"": 250, ""1"": 250}",250,1,0,0,0,0.345,ultrasonic-not-close,KEEP_PAUSED,left,right,,0
1323,2026-08-01T16:19:44.207+09:00,153.596,1322,8.61,1,STOPPED_RED,,1,1,1,-0.137249,0.000000,0.000000,0,751,green,0,unknown,0.000000,null,0.000000,0.344,,"{""0"": 250, ""1"": 250, ""2"": null, ""3"": null, ""4"": null, ""5"": null, ""6"": null, ""7"": null}","{""0"": 0.0, ""1"": 0.0, ""2"": null, ""3"": null, ""4"": null, ""5"": null, ""6"": null, ""7"": null}","{""0"": 250, ""1"": 250}",250,1,0,0,0,0.344,ultrasonic-not-close,KEEP_PAUSED,left,right,,0
1324,2026-08-01T16:19:44.327+09:00,153.716,1323,8.61,1,STOPPED_RED,,1,1,1,-0.137249,0.000000,0.000000,0,751,green,0,unknown,0.000000,null,0.000000,0.335,,"{""0"": 250, ""1"": 250, ""2"": null, ""3"": null, ""4"": null, ""5"": null, ""6"": null, ""7"": null}","{""0"": 0.0, ""1"": 0.0, ""2"": null, ""3"": null, ""4"": null, ""5"": null, ""6"": null, ""7"": null}","{""0"": 250, ""1"": 250}",250,1,0,0,0,0.335,ultrasonic-not-close,KEEP_PAUSED,left,right,,0
1325,2026-08-01T16:19:44.454+09:00,153.843,1324,8.61,1,STOPPED_RED,,1,1,1,-0.137249,0.000000,0.000000,0,751,green,0,unknown,0.000000,null,0.000000,0.212,,"{""0"": 250, ""1"": 250, ""2"": null, ""3"": null, ""4"": null, ""5"": null, ""6"": null, ""7"": null}","{""0"": 0.0, ""1"": 0.0, ""2"": null, ""3"": null, ""4"": null, ""5"": null, ""6"": null, ""7"": null}","{""0"": 250, ""1"": 250}",250,1,0,0,0,0.212,ultrasonic-not-close,KEEP_PAUSED,left,right,,0
1326,2026-08-01T16:19:44.574+09:00,153.963,1325,8.61,1,STOPPED_RED,,1,1,1,-0.137249,0.000000,0.000000,0,751,green,0,unknown,0.000000,null,0.000000,0.330,,"{""0"": 250, ""1"": 250, ""2"": null, ""3"": null, ""4"": null, ""5"": null, ""6"": null, ""7"": null}","{""0"": 0.0, ""1"": 0.0, ""2"": null, ""3"": null, ""4"": null, ""5"": null, ""6"": null, ""7"": null}","{""0"": 250, ""1"": 250}",250,1,0,0,0,0.330,ultrasonic-not-close,KEEP_PAUSED,left,right,,0
1327,2026-08-01T16:19:44.690+09:00,154.079,1326,8.61,1,STOPPED_RED,,1,1,1,-0.137249,0.000000,0.000000,0,751,green,0,unknown,0.000000,null,0.000000,0.328,,"{""0"": 250, ""1"": 250, ""2"": null, ""3"": null, ""4"": null, ""5"": null, ""6"": null, ""7"": null}","{""0"": 0.0, ""1"": 0.0, ""2"": null, ""3"": null, ""4"": null, ""5"": null, ""6"": null, ""7"": null}","{""0"": 250, ""1"": 250}",250,1,0,0,0,0.328,ultrasonic-not-close,KEEP_PAUSED,left,right,,0
1328,2026-08-01T16:19:44.799+09:00,154.188,1327,8.61,1,DRIVING,state:STOPPED_RED->DRIVING,0,1,1,-0.137249,0.000000,0.000000,70,752,unknown,0,unknown,0.000000,null,0.000000,0.310,,"{""0"": 250, ""1"": 250, ""2"": null, ""3"": null, ""4"": null, ""5"": null, ""6"": null, ""7"": null}","{""0"": 0.0, ""1"": 0.0, ""2"": null, ""3"": null, ""4"": null, ""5"": null, ""6"": null, ""7"": null}","{""0"": 250, ""1"": 250}",250,1,0,0,0,0.310,ultrasonic-not-close,KEEP_PAUSED,left,right,,0
1329,2026-08-01T16:19:44.919+09:00,154.309,1328,8.61,1,DRIVING,phase:KEEP_PAUSED->KEEP,0,1,1,-0.130095,0.234171,0.234171,70,751,unknown,0,unknown,0.000000,null,0.000000,0.196,,"{""0"": 250, ""1"": 250, ""2"": null, ""3"": null, ""4"": null, ""5"": null, ""6"": null, ""7"": null}","{""0"": 0.0, ""1"": 0.0, ""2"": null, ""3"": null, ""4"": null, ""5"": null, ""6"": null, ""7"": null}","{""0"": 250, ""1"": 250}",250,1,0,0,0,0.196,ultrasonic-not-close,KEEP,left,right,,0
1330,2026-08-01T16:19:45.037+09:00,154.426,1329,8.61,1,DRIVING,,0,1,1,-0.130095,0.234171,0.234171,70,752,unknown,0,unknown,0.000000,null,0.000000,0.312,,"{""0"": 250, ""1"": 250, ""2"": null, ""3"": null, ""4"": null, ""5"": null, ""6"": null, ""7"": null}","{""0"": 0.0, ""1"": 0.0, ""2"": null, ""3"": null, ""4"": null, ""5"": null, ""6"": null, ""7"": null}","{""0"": 250, ""1"": 250}",250,1,0,0,0,0.312,ultrasonic-not-close,KEEP,left,right,,0
1331,2026-08-01T16:19:45.153+09:00,154.543,1330,8.61,1,DRIVING,,0,1,1,-0.129314,0.231359,0.231359,70,753,unknown,0,unknown,0.000000,null,0.000000,0.321,,"{""0"": 250, ""1"": 250, ""2"": null, ""3"": null, ""4"": null, ""5"": null, ""6"": null, ""7"": null}","{""0"": 0.0, ""1"": 0.0, ""2"": null, ""3"": null, ""4"": null, ""5"": null, ""6"": null, ""7"": null}","{""0"": 250, ""1"": 250}",250,1,0,0,0,0.321,ultrasonic-not-close,KEEP,left,right,,0
1332,2026-08-01T16:19:45.264+09:00,154.654,1331,8.61,1,DRIVING,,0,1,1,-0.134237,0.249503,0.249503,70,756,unknown,0,unknown,0.000000,null,0.000000,0.313,,"{""0"": 250, ""1"": 250, ""2"": null, ""3"": null, ""4"": null, ""5"": null, ""6"": null, ""7"": null}","{""0"": 0.0, ""1"": 0.0, ""2"": null, ""3"": null, ""4"": null, ""5"": null, ""6"": null, ""7"": null}","{""0"": 250, ""1"": 250}",250,1,0,0,0,0.313,ultrasonic-not-close,KEEP,left,right,,0
1333,2026-08-01T16:19:45.378+09:00,154.768,1332,8.61,1,DRIVING,,0,1,1,-0.150561,0.305907,0.305907,70,757,unknown,0,unknown,0.000000,null,0.000000,0.426,,"{""0"": 250, ""1"": 250, ""2"": null, ""3"": null, ""4"": null, ""5"": null, ""6"": null, ""7"": null}","{""0"": 0.0, ""1"": 0.0, ""2"": null, ""3"": null, ""4"": null, ""5"": null, ""6"": null, ""7"": null}","{""0"": 250, ""1"": 250}",250,1,0,0,0,0.426,ultrasonic-not-close,KEEP,left,right,,0
1334,2026-08-01T16:19:45.489+09:00,154.880,1333,8.61,1,DRIVING,,0,1,1,-0.151549,0.298993,0.298993,70,758,unknown,0,unknown,0.000000,null,0.000000,0.303,,"{""0"": 250, ""1"": 250, ""2"": null, ""3"": null, ""4"": null, ""5"": null, ""6"": null, ""7"": null}","{""0"": 0.0, ""1"": 0.0, ""2"": null, ""3"": null, ""4"": null, ""5"": null, ""6"": null, ""7"": null}","{""0"": 250, ""1"": 250}",250,1,0,0,0,0.303,ultrasonic-not-close,KEEP,left,right,,0
1335,2026-08-01T16:19:45.605+09:00,154.995,1334,8.61,1,DRIVING,,0,1,1,-0.159004,0.317971,0.317971,70,764,unknown,0,unknown,0.000000,null,0.000000,0.309,,"{""0"": 250, ""1"": 200, ""2"": null, ""3"": null, ""4"": null, ""5"": null, ""6"": null, ""7"": null}","{""0"": 0.0, ""1"": 0.0, ""2"": null, ""3"": null, ""4"": null, ""5"": null, ""6"": null, ""7"": null}","{""0"": 250, ""1"": 200}",200,1,0,0,0,0.309,ultrasonic-not-close,KEEP,left,right,,0
1336,2026-08-01T16:19:45.720+09:00,155.111,1335,8.61,1,DRIVING,,0,1,1,-0.157826,0.304203,0.304203,70,763,unknown,0,unknown,0.000000,null,0.000000,0.198,,"{""0"": 250, ""1"": 250, ""2"": null, ""3"": null, ""4"": null, ""5"": null, ""6"": null, ""7"": null}","{""0"": 0.0, ""1"": 0.0, ""2"": null, ""3"": null, ""4"": null, ""5"": null, ""6"": null, ""7"": null}","{""0"": 250, ""1"": 250}",250,1,0,0,0,0.198,ultrasonic-not-close,KEEP,left,right,,0
1337,2026-08-01T16:19:45.830+09:00,155.219,1336,8.61,1,DRIVING,,0,1,1,-0.156814,0.294522,0.294522,70,764,unknown,0,unknown,0.000000,null,0.000000,0.308,,"{""0"": 108, ""1"": 250, ""2"": null, ""3"": null, ""4"": null, ""5"": null, ""6"": null, ""7"": null}","{""0"": 0.0, ""1"": 0.0, ""2"": null, ""3"": null, ""4"": null, ""5"": null, ""6"": null, ""7"": null}","{""0"": 108, ""1"": 250}",108,1,1,0,0,0.308,car-not-detected-or-stale,KEEP,left,right,,0
1338,2026-08-01T16:19:45.936+09:00,155.326,1337,8.61,1,DRIVING,,0,1,1,-0.157307,0.292623,0.292623,70,764,unknown,0,unknown,0.000000,null,0.000000,0.299,,"{""0"": 250, ""1"": 250, ""2"": null, ""3"": null, ""4"": null, ""5"": null, ""6"": null, ""7"": null}","{""0"": 0.0, ""1"": 0.0, ""2"": null, ""3"": null, ""4"": null, ""5"": null, ""6"": null, ""7"": null}","{""0"": 250, ""1"": 250}",250,1,0,0,0,0.299,ultrasonic-not-close,KEEP,left,right,,0
1339,2026-08-01T16:19:46.048+09:00,155.438,1338,8.61,1,DRIVING,,0,1,1,-0.156431,0.286628,0.286628,70,764,unknown,0,unknown,0.000000,null,0.000000,0.184,,"{""0"": 94, ""1"": 93, ""2"": null, ""3"": null, ""4"": null, ""5"": null, ""6"": null, ""7"": null}","{""0"": 0.0, ""1"": 0.0, ""2"": null, ""3"": null, ""4"": null, ""5"": null, ""6"": null, ""7"": null}","{""0"": 94, ""1"": 93}",93,1,1,0,0,0.184,car-not-detected-or-stale,KEEP,left,right,,0
1340,2026-08-01T16:19:46.161+09:00,155.550,1339,8.62,1,DRIVING,,0,1,1,-0.155198,0.280673,0.280673,70,763,unknown,0,unknown,0.000000,null,0.000000,0.296,,"{""0"": 89, ""1"": 89, ""2"": null, ""3"": null, ""4"": null, ""5"": null, ""6"": null, ""7"": null}","{""0"": 0.0, ""1"": 0.0, ""2"": null, ""3"": null, ""4"": null, ""5"": null, ""6"": null, ""7"": null}","{""0"": 89, ""1"": 89}",89,1,1,0,0,0.296,car-not-detected-or-stale,KEEP,left,right,,0
1341,2026-08-01T16:19:46.270+09:00,155.660,1340,8.62,1,DRIVING,,0,1,1,-0.154294,0.277023,0.277023,70,763,unknown,0,unknown,0.000000,null,0.000000,0.302,,"{""0"": 83, ""1"": 250, ""2"": null, ""3"": null, ""4"": null, ""5"": null, ""6"": null, ""7"": null}","{""0"": 0.0, ""1"": 0.0, ""2"": null, ""3"": null, ""4"": null, ""5"": null, ""6"": null, ""7"": null}","{""0"": 83, ""1"": 250}",83,1,1,0,0,0.302,car-not-detected-or-stale,KEEP,left,right,,0
1342,2026-08-01T16:19:46.383+09:00,155.773,1341,8.62,1,DRIVING,,0,1,1,-0.149609,0.260370,0.260370,50,764,unknown,0,unknown,0.000000,null,0.000000,0.303,,"{""0"": 77, ""1"": 74, ""2"": null, ""3"": null, ""4"": null, ""5"": null, ""6"": null, ""7"": null}","{""0"": 0.0, ""1"": 0.0, ""2"": null, ""3"": null, ""4"": null, ""5"": null, ""6"": null, ""7"": null}","{""0"": 77, ""1"": 74}",74,1,1,0,0,0.303,car-not-detected-or-stale,KEEP,left,right,,0
1343,2026-08-01T16:19:46.494+09:00,155.885,1342,8.62,1,DRIVING,,0,1,1,-0.150212,0.265218,0.265218,50,764,unknown,0,unknown,0.000000,null,0.000000,0.415,,"{""0"": 69, ""1"": 71, ""2"": null, ""3"": null, ""4"": null, ""5"": null, ""6"": null, ""7"": null}","{""0"": 0.0, ""1"": 0.0, ""2"": null, ""3"": null, ""4"": null, ""5"": null, ""6"": null, ""7"": null}","{""0"": 69, ""1"": 71}",69,1,1,0,0,0.415,car-not-detected-or-stale,KEEP,left,right,,0
1344,2026-08-01T16:19:46.600+09:00,155.990,1343,8.62,1,DRIVING,,0,1,1,-0.146239,0.252463,0.252463,50,763,unknown,0,unknown,0.000000,null,0.000000,0.297,,"{""0"": 62, ""1"": 64, ""2"": null, ""3"": null, ""4"": null, ""5"": null, ""6"": null, ""7"": null}","{""0"": 0.0, ""1"": 0.0, ""2"": null, ""3"": null, ""4"": null, ""5"": null, ""6"": null, ""7"": null}","{""0"": 62, ""1"": 64}",62,1,1,0,0,0.297,car-not-detected-or-stale,KEEP,left,right,,0
1345,2026-08-01T16:19:46.709+09:00,156.100,1344,8.62,1,DRIVING,,0,1,1,-0.143306,0.245136,0.245136,50,763,unknown,0,unknown,0.000000,null,0.000000,0.293,,"{""0"": 57, ""1"": 58, ""2"": null, ""3"": null, ""4"": null, ""5"": null, ""6"": null, ""7"": null}","{""0"": 0.0, ""1"": 0.0, ""2"": null, ""3"": null, ""4"": null, ""5"": null, ""6"": null, ""7"": null}","{""0"": 57, ""1"": 58}",57,1,1,0,0,0.293,car-not-detected-or-stale,KEEP,left,right,,0
1346,2026-08-01T16:19:46.827+09:00,156.217,1345,8.62,1,DRIVING,,0,1,1,-0.140017,0.237138,0.237138,50,763,unknown,0,unknown,0.000000,null,0.000000,0.194,,"{""0"": 53, ""1"": 50, ""2"": null, ""3"": null, ""4"": null, ""5"": null, ""6"": null, ""7"": null}","{""0"": 0.0, ""1"": 0.0, ""2"": null, ""3"": null, ""4"": null, ""5"": null, ""6"": null, ""7"": null}","{""0"": 53, ""1"": 50}",50,1,1,0,0,0.194,car-not-detected-or-stale,KEEP,left,right,,0
1347,2026-08-01T16:19:46.940+09:00,156.329,1346,8.62,1,DRIVING,,0,1,1,-0.132946,0.216153,0.216153,50,763,unknown,0,unknown,0.000000,null,0.000000,0.306,,"{""0"": 50, ""1"": 132, ""2"": null, ""3"": null, ""4"": null, ""5"": null, ""6"": null, ""7"": null}","{""0"": 0.0, ""1"": 0.0, ""2"": null, ""3"": null, ""4"": null, ""5"": null, ""6"": null, ""7"": null}","{""0"": 50, ""1"": 132}",50,1,1,0,0,0.306,car-not-detected-or-stale,KEEP,left,right,,0
1348,2026-08-01T16:19:47.049+09:00,156.439,1347,8.62,1,DRIVING,,0,1,1,-0.136524,0.235976,0.235976,70,763,unknown,0,unknown,0.000000,null,0.000000,0.307,,"{""0"": 108, ""1"": 250, ""2"": null, ""3"": null, ""4"": null, ""5"": null, ""6"": null, ""7"": null}","{""0"": 0.0, ""1"": 0.0, ""2"": null, ""3"": null, ""4"": null, ""5"": null, ""6"": null, ""7"": null}","{""0"": 108, ""1"": 250}",108,1,1,0,0,0.307,car-not-detected-or-stale,KEEP,left,right,,0
1349,2026-08-01T16:19:47.160+09:00,156.550,1348,8.62,1,DRIVING,,0,1,1,-0.131870,0.222152,0.222152,50,763,unknown,0,unknown,0.000000,null,0.000000,0.188,,"{""0"": 36, ""1"": 250, ""2"": null, ""3"": null, ""4"": null, ""5"": null, ""6"": null, ""7"": null}","{""0"": 0.0, ""1"": 0.0, ""2"": null, ""3"": null, ""4"": null, ""5"": null, ""6"": null, ""7"": null}","{""0"": 36, ""1"": 250}",36,1,1,0,0,0.188,car-not-detected-or-stale,KEEP,left,right,,0
1350,2026-08-01T16:19:47.268+09:00,156.657,1349,8.62,1,DRIVING,,0,1,1,-0.131683,0.226045,0.226045,70,764,unknown,0,unknown,0.000000,null,0.000000,0.294,,"{""0"": 250, ""1"": 250, ""2"": null, ""3"": null, ""4"": null, ""5"": null, ""6"": null, ""7"": null}","{""0"": 0.0, ""1"": 0.0, ""2"": null, ""3"": null, ""4"": null, ""5"": null, ""6"": null, ""7"": null}","{""0"": 250, ""1"": 250}",250,1,0,0,0,0.294,ultrasonic-not-close,KEEP,left,right,,0
1351,2026-08-01T16:19:47.375+09:00,156.765,1350,8.62,1,DRIVING,,0,1,1,-0.127186,0.213150,0.213150,70,762,unknown,0,unknown,0.000000,null,0.000000,0.295,,"{""0"": 250, ""1"": 250, ""2"": null, ""3"": null, ""4"": null, ""5"": null, ""6"": null, ""7"": null}","{""0"": 0.0, ""1"": 0.0, ""2"": null, ""3"": null, ""4"": null, ""5"": null, ""6"": null, ""7"": null}","{""0"": 250, ""1"": 250}",250,1,0,0,0,0.295,ultrasonic-not-close,KEEP,left,right,,0
1352,2026-08-01T16:19:47.494+09:00,156.884,1351,8.62,1,DRIVING,,0,1,1,-0.124744,0.209095,0.209095,70,763,unknown,0,unknown,0.000000,null,0.000000,0.195,,"{""0"": 100, ""1"": 250, ""2"": null, ""3"": null, ""4"": null, ""5"": null, ""6"": null, ""7"": null}","{""0"": 0.0, ""1"": 0.0, ""2"": null, ""3"": null, ""4"": null, ""5"": null, ""6"": null, ""7"": null}","{""0"": 100, ""1"": 250}",100,1,1,0,0,0.195,car-not-detected-or-stale,KEEP,left,right,,0
1353,2026-08-01T16:19:47.602+09:00,156.991,1352,8.62,0,DRIVING,phase:KEEP->KEEP_PAUSED,0,1,1,-0.126072,0.218510,0.218510,0,762,unknown,0,unknown,0.000000,null,0.000000,0.301,,"{""0"": 94, ""1"": 250, ""2"": null, ""3"": null, ""4"": null, ""5"": null, ""6"": null, ""7"": null}","{""0"": 0.0, ""1"": 0.0, ""2"": null, ""3"": null, ""4"": null, ""5"": null, ""6"": null, ""7"": null}","{""0"": 94, ""1"": 250}",94,1,1,0,0,0.301,car-not-detected-or-stale,KEEP_PAUSED,left,right,,0
1354,2026-08-01T16:19:47.712+09:00,157.101,1353,8.62,0,DRIVING,,0,1,1,-0.115989,0.184737,0.184737,0,763,unknown,0,unknown,0.000000,null,0.000000,0.298,,"{""0"": 250, ""1"": 250, ""2"": null, ""3"": null, ""4"": null, ""5"": null, ""6"": null, ""7"": null}","{""0"": 0.0, ""1"": 0.0, ""2"": null, ""3"": null, ""4"": null, ""5"": null, ""6"": null, ""7"": null}","{""0"": 250, ""1"": 250}",250,1,0,0,0,0.298,ultrasonic-not-close,KEEP_PAUSED,left,right,,0
1355,2026-08-01T16:19:47.821+09:00,157.212,1354,8.62,0,DRIVING,,0,1,1,-0.111810,0.176906,0.176906,0,750,unknown,0,unknown,0.000000,null,0.000000,0.302,,"{""0"": 250, ""1"": 250, ""2"": null, ""3"": null, ""4"": null, ""5"": null, ""6"": null, ""7"": null}","{""0"": 0.0, ""1"": 0.0, ""2"": null, ""3"": null, ""4"": null, ""5"": null, ""6"": null, ""7"": null}","{""0"": 250, ""1"": 250}",250,1,0,0,0,0.302,ultrasonic-not-close,KEEP_PAUSED,left,right,,0
1356,2026-08-01T16:19:47.934+09:00,157.324,1355,8.62,0,DRIVING,,0,1,1,-0.113337,0.189707,0.189707,0,749,unknown,0,unknown,0.000000,null,0.000000,0.413,,"{""0"": 250, ""1"": 250, ""2"": null, ""3"": null, ""4"": null, ""5"": null, ""6"": null, ""7"": null}","{""0"": 0.0, ""1"": 0.0, ""2"": null, ""3"": null, ""4"": null, ""5"": null, ""6"": null, ""7"": null}","{""0"": 250, ""1"": 250}",250,1,0,0,0,0.413,ultrasonic-not-close,KEEP_PAUSED,left,right,,0
1357,2026-08-01T16:19:48.039+09:00,157.429,1356,8.62,0,DRIVING,,0,1,1,-0.116538,0.205522,0.205522,0,748,unknown,0,unknown,0.000000,null,0.000000,0.295,,"{""0"": 250, ""1"": 250, ""2"": null, ""3"": null, ""4"": null, ""5"": null, ""6"": null, ""7"": null}","{""0"": 0.0, ""1"": 0.0, ""2"": null, ""3"": null, ""4"": null, ""5"": null, ""6"": null, ""7"": null}","{""0"": 250, ""1"": 250}",250,1,0,0,0,0.295,ultrasonic-not-close,KEEP_PAUSED,left,right,,0
1358,2026-08-01T16:19:48.147+09:00,157.539,1357,8.62,0,DRIVING,,0,1,0,-0.118745,0.214742,0.214742,0,749,unknown,0,unknown,0.000000,null,0.000000,0.296,,"{""0"": 250, ""1"": 250, ""2"": null, ""3"": null, ""4"": null, ""5"": null, ""6"": null, ""7"": null}","{""0"": 0.0, ""1"": 0.0, ""2"": null, ""3"": null, ""4"": null, ""5"": null, ""6"": null, ""7"": null}","{""0"": 250, ""1"": 250}",250,1,0,0,0,0.296,ultrasonic-not-close,KEEP_PAUSED,left,right,,0
1359,2026-08-01T16:19:48.260+09:00,157.650,1358,8.62,0,DRIVING,,0,1,0,-0.118790,0.214602,0.214602,0,748,unknown,0,unknown,0.000000,null,0.000000,0.406,,"{""0"": 250, ""1"": 250, ""2"": null, ""3"": null, ""4"": null, ""5"": null, ""6"": null, ""7"": null}","{""0"": 0.0, ""1"": 0.0, ""2"": null, ""3"": null, ""4"": null, ""5"": null, ""6"": null, ""7"": null}","{""0"": 250, ""1"": 250}",250,1,0,0,0,0.406,ultrasonic-not-close,KEEP_PAUSED,left,right,,0
1360,2026-08-01T16:19:48.372+09:00,157.761,1359,8.62,0,DRIVING,,0,1,0,-0.118659,0.213897,0.213897,0,748,unknown,0,unknown,0.000000,null,0.000000,0.300,,"{""0"": 250, ""1"": 250, ""2"": null, ""3"": null, ""4"": null, ""5"": null, ""6"": null, ""7"": null}","{""0"": 0.0, ""1"": 0.0, ""2"": null, ""3"": null, ""4"": null, ""5"": null, ""6"": null, ""7"": null}","{""0"": 250, ""1"": 250}",250,1,0,0,0,0.300,ultrasonic-not-close,KEEP_PAUSED,left,right,,0
1361,2026-08-01T16:19:48.481+09:00,157.872,1360,8.62,0,DRIVING,,0,1,0,-0.118878,0.214591,0.214591,0,748,unknown,0,unknown,0.000000,null,0.000000,0.303,,"{""0"": 250, ""1"": 250, ""2"": null, ""3"": null, ""4"": null, ""5"": null, ""6"": null, ""7"": null}","{""0"": 0.0, ""1"": 0.0, ""2"": null, ""3"": null, ""4"": null, ""5"": null, ""6"": null, ""7"": null}","{""0"": 250, ""1"": 250}",250,1,0,0,0,0.303,ultrasonic-not-close,KEEP_PAUSED,left,right,,0
1362,2026-08-01T16:19:48.601+09:00,157.991,1361,8.62,0,DRIVING,,0,1,0,-0.119044,0.215008,0.215008,0,748,unknown,0,unknown,0.000000,null,0.000000,0.196,,"{""0"": 250, ""1"": 250, ""2"": null, ""3"": null, ""4"": null, ""5"": null, ""6"": null, ""7"": null}","{""0"": 0.0, ""1"": 0.0, ""2"": null, ""3"": null, ""4"": null, ""5"": null, ""6"": null, ""7"": null}","{""0"": 250, ""1"": 250}",250,1,0,0,0,0.196,ultrasonic-not-close,KEEP_PAUSED,left,right,,0
1363,2026-08-01T16:19:48.711+09:00,158.100,1362,8.62,0,DRIVING,,0,1,0,-0.119348,0.215881,0.215881,0,748,unknown,0,unknown,0.000000,null,0.000000,0.305,,"{""0"": 250, ""1"": 250, ""2"": null, ""3"": null, ""4"": null, ""5"": null, ""6"": null, ""7"": null}","{""0"": 0.0, ""1"": 0.0, ""2"": null, ""3"": null, ""4"": null, ""5"": null, ""6"": null, ""7"": null}","{""0"": 250, ""1"": 250}",250,1,0,0,0,0.305,ultrasonic-not-close,KEEP_PAUSED,left,right,,0
1364,2026-08-01T16:19:48.840+09:00,158.228,1363,8.62,0,DRIVING,,0,1,0,-0.119766,0.217069,0.217069,0,749,unknown,0,unknown,0.000000,null,0.000000,0.325,,"{""0"": 250, ""1"": 250, ""2"": null, ""3"": null, ""4"": null, ""5"": null, ""6"": null, ""7"": null}","{""0"": 0.0, ""1"": 0.0, ""2"": null, ""3"": null, ""4"": null, ""5"": null, ""6"": null, ""7"": null}","{""0"": 250, ""1"": 250}",250,1,0,0,0,0.325,ultrasonic-not-close,KEEP_PAUSED,left,right,,0
1365,2026-08-01T16:19:48.959+09:00,158.348,1364,8.62,0,DRIVING,,0,1,0,-0.122123,0.225109,0.225109,0,748,unknown,0,unknown,0.000000,null,0.000000,0.213,,"{""0"": 88, ""1"": 250, ""2"": null, ""3"": null, ""4"": null, ""5"": null, ""6"": null, ""7"": null}","{""0"": 0.0, ""1"": 0.0, ""2"": null, ""3"": null, ""4"": null, ""5"": null, ""6"": null, ""7"": null}","{""0"": 88, ""1"": 250}",88,1,1,0,0,0.213,car-not-detected-or-stale,KEEP_PAUSED,left,right,,0
1366,2026-08-01T16:19:49.089+09:00,158.478,1365,8.62,0,DRIVING,,0,1,1,-0.141030,0.291588,0.291588,0,746,unknown,0,unknown,0.000000,null,0.000000,0.213,,"{""0"": 90, ""1"": 250, ""2"": null, ""3"": null, ""4"": null, ""5"": null, ""6"": null, ""7"": null}","{""0"": 0.0, ""1"": 0.0, ""2"": null, ""3"": null, ""4"": null, ""5"": null, ""6"": null, ""7"": null}","{""0"": 90, ""1"": 250}",90,1,1,0,0,0.213,car-not-detected-or-stale,KEEP_PAUSED,left,right,,0
1367,2026-08-01T16:19:49.203+09:00,158.593,1366,8.62,0,DRIVING,,0,1,1,-0.181552,0.426147,0.426147,0,745,unknown,0,unknown,0.000000,null,0.000000,0.329,,"{""0"": 95, ""1"": 250, ""2"": null, ""3"": null, ""4"": null, ""5"": null, ""6"": null, ""7"": null}","{""0"": 0.0, ""1"": 0.0, ""2"": null, ""3"": null, ""4"": null, ""5"": null, ""6"": null, ""7"": null}","{""0"": 95, ""1"": 250}",95,1,1,0,0,0.329,car-not-detected-or-stale,KEEP_PAUSED,left,right,,0
1368,2026-08-01T16:19:49.310+09:00,158.700,1367,8.62,0,DRIVING,,0,1,1,-0.235101,0.589119,0.589119,0,746,unknown,0,unknown,0.000000,null,0.000000,0.318,,"{""0"": 89, ""1"": 250, ""2"": null, ""3"": null, ""4"": null, ""5"": null, ""6"": null, ""7"": null}","{""0"": 0.0, ""1"": 0.0, ""2"": null, ""3"": null, ""4"": null, ""5"": null, ""6"": null, ""7"": null}","{""0"": 89, ""1"": 250}",89,1,1,0,0,0.318,car-not-detected-or-stale,KEEP_PAUSED,left,right,,0
1369,2026-08-01T16:19:49.428+09:00,158.818,1368,8.62,0,DRIVING,,0,1,1,-0.077140,-0.029324,-0.029324,0,745,unknown,0,unknown,0.000000,null,0.000000,0.191,,"{""0"": 94, ""1"": 96, ""2"": null, ""3"": null, ""4"": null, ""5"": null, ""6"": null, ""7"": null}","{""0"": 0.0, ""1"": 0.0, ""2"": null, ""3"": null, ""4"": null, ""5"": null, ""6"": null, ""7"": null}","{""0"": 94, ""1"": 96}",94,1,1,0,0,0.191,car-not-detected-or-stale,KEEP_PAUSED,left,right,,0
1370,2026-08-01T16:19:49.539+09:00,158.929,1369,8.62,0,DRIVING,,0,1,1,-0.069650,-0.005835,-0.005835,0,746,unknown,0,unknown,0.000000,null,0.000000,0.301,,"{""0"": 100, ""1"": 107, ""2"": null, ""3"": null, ""4"": null, ""5"": null, ""6"": null, ""7"": null}","{""0"": 0.0, ""1"": 0.0, ""2"": null, ""3"": null, ""4"": null, ""5"": null, ""6"": null, ""7"": null}","{""0"": 100, ""1"": 107}",100,1,1,0,0,0.301,car-not-detected-or-stale,KEEP_PAUSED,left,right,,0
1371,2026-08-01T16:19:49.646+09:00,159.036,1370,8.62,0,DRIVING,,0,1,1,-0.064116,0.013604,0.013604,0,746,unknown,0,unknown,0.000000,null,0.000000,0.303,,"{""0"": 106, ""1"": 36, ""2"": null, ""3"": null, ""4"": null, ""5"": null, ""6"": null, ""7"": null}","{""0"": 0.0, ""1"": 0.0, ""2"": null, ""3"": null, ""4"": null, ""5"": null, ""6"": null, ""7"": null}","{""0"": 106, ""1"": 36}",36,1,1,0,0,0.303,car-not-detected-or-stale,KEEP_PAUSED,left,right,,0
1372,2026-08-01T16:19:49.760+09:00,159.151,1371,8.62,0,DRIVING,,0,1,1,-0.141561,0.322947,0.322947,0,746,unknown,0,unknown,0.000000,null,0.000000,0.300,,"{""0"": 116, ""1"": 42, ""2"": null, ""3"": null, ""4"": null, ""5"": null, ""6"": null, ""7"": null}","{""0"": 0.0, ""1"": 0.0, ""2"": null, ""3"": null, ""4"": null, ""5"": null, ""6"": null, ""7"": null}","{""0"": 116, ""1"": 42}",42,1,1,0,0,0.300,car-not-detected-or-stale,KEEP_PAUSED,left,right,,0
1373,2026-08-01T16:19:49.877+09:00,159.266,1372,8.62,0,DRIVING,,0,1,1,-0.119581,0.223380,0.223380,0,746,unknown,0,unknown,0.000000,null,0.000000,0.416,,"{""0"": 250, ""1"": 51, ""2"": null, ""3"": null, ""4"": null, ""5"": null, ""6"": null, ""7"": null}","{""0"": 0.0, ""1"": 0.0, ""2"": null, ""3"": null, ""4"": null, ""5"": null, ""6"": null, ""7"": null}","{""0"": 250, ""1"": 51}",51,1,1,0,0,0.416,car-not-detected-or-stale,KEEP_PAUSED,left,right,,0
1374,2026-08-01T16:19:49.982+09:00,159.372,1373,8.62,0,DRIVING,,0,1,1,-0.078658,0.073615,0.073615,0,745,unknown,0,unknown,0.000000,null,0.000000,0.304,,"{""0"": 130, ""1"": 57, ""2"": null, ""3"": null, ""4"": null, ""5"": null, ""6"": null, ""7"": null}","{""0"": 0.0, ""1"": 0.0, ""2"": null, ""3"": null, ""4"": null, ""5"": null, ""6"": null, ""7"": null}","{""0"": 130, ""1"": 57}",57,1,1,0,0,0.304,car-not-detected-or-stale,KEEP_PAUSED,left,right,,0
1375,2026-08-01T16:19:50.091+09:00,159.481,1374,8.62,0,DRIVING,,0,1,1,-0.023072,-0.106103,-0.106103,0,746,unknown,0,unknown,0.000000,null,0.000000,0.299,,"{""0"": 63, ""1"": 63, ""2"": null, ""3"": null, ""4"": null, ""5"": null, ""6"": null, ""7"": null}","{""0"": 0.0, ""1"": 0.0, ""2"": null, ""3"": null, ""4"": null, ""5"": null, ""6"": null, ""7"": null}","{""0"": 63, ""1"": 63}",63,1,1,0,0,0.299,car-not-detected-or-stale,KEEP_PAUSED,left,right,,0
1376,2026-08-01T16:19:50.201+09:00,159.591,1375,8.62,0,DRIVING,,0,1,1,0.010751,-0.183575,-0.183575,0,746,unknown,0,unknown,0.000000,null,0.000000,0.407,,"{""0"": 66, ""1"": 250, ""2"": null, ""3"": null, ""4"": null, ""5"": null, ""6"": null, ""7"": null}","{""0"": 0.0, ""1"": 0.0, ""2"": null, ""3"": null, ""4"": null, ""5"": null, ""6"": null, ""7"": null}","{""0"": 66, ""1"": 250}",66,1,1,0,0,0.407,car-not-detected-or-stale,KEEP_PAUSED,left,right,,0
1377,2026-08-01T16:19:50.307+09:00,159.697,1376,8.62,0,DRIVING,,0,1,1,0.034679,-0.220450,-0.220450,0,746,unknown,0,unknown,0.000000,null,0.000000,0.292,,"{""0"": 73, ""1"": 74, ""2"": null, ""3"": null, ""4"": null, ""5"": null, ""6"": null, ""7"": null}","{""0"": 0.0, ""1"": 0.0, ""2"": null, ""3"": null, ""4"": null, ""5"": null, ""6"": null, ""7"": null}","{""0"": 73, ""1"": 74}",73,1,1,0,0,0.292,car-not-detected-or-stale,KEEP_PAUSED,left,right,,0
1378,2026-08-01T16:19:50.417+09:00,159.807,1377,8.62,0,DRIVING,,0,1,1,0.064361,-0.279897,-0.279897,0,745,unknown,0,unknown,0.000000,null,0.000000,0.294,,"{""0"": 79, ""1"": 79, ""2"": null, ""3"": null, ""4"": null, ""5"": null, ""6"": null, ""7"": null}","{""0"": 0.0, ""1"": 0.0, ""2"": null, ""3"": null, ""4"": null, ""5"": null, ""6"": null, ""7"": null}","{""0"": 79, ""1"": 79}",79,1,1,0,0,0.294,car-not-detected-or-stale,KEEP_PAUSED,left,right,,0
1379,2026-08-01T16:19:50.541+09:00,159.930,1378,8.62,0,DRIVING,,0,1,1,0.074566,-0.267422,-0.267422,0,745,unknown,0,unknown,0.000000,null,0.000000,0.418,,"{""0"": 83, ""1"": 86, ""2"": null, ""3"": null, ""4"": null, ""5"": null, ""6"": null, ""7"": null}","{""0"": 0.0, ""1"": 0.0, ""2"": null, ""3"": null, ""4"": null, ""5"": null, ""6"": null, ""7"": null}","{""0"": 83, ""1"": 86}",83,1,1,0,0,0.418,car-not-detected-or-stale,KEEP_PAUSED,left,right,,0
1380,2026-08-01T16:19:50.659+09:00,160.048,1379,8.62,0,DRIVING,,0,1,1,0.075522,-0.230901,-0.230901,0,745,unknown,0,unknown,0.000000,null,0.000000,0.318,,"{""0"": 88, ""1"": 250, ""2"": null, ""3"": null, ""4"": null, ""5"": null, ""6"": null, ""7"": null}","{""0"": 0.0, ""1"": 0.0, ""2"": null, ""3"": null, ""4"": null, ""5"": null, ""6"": null, ""7"": null}","{""0"": 88, ""1"": 250}",88,1,1,0,0,0.318,car-not-detected-or-stale,KEEP_PAUSED,left,right,,0
1381,2026-08-01T16:19:50.770+09:00,160.160,1380,8.62,0,DRIVING,,0,1,1,0.077187,-0.208409,-0.208409,0,746,unknown,0,unknown,0.000000,null,0.000000,0.322,,"{""0"": 90, ""1"": 250, ""2"": null, ""3"": null, ""4"": null, ""5"": null, ""6"": null, ""7"": null}","{""0"": 0.0, ""1"": 0.0, ""2"": null, ""3"": null, ""4"": null, ""5"": null, ""6"": null, ""7"": null}","{""0"": 90, ""1"": 250}",90,1,1,0,0,0.322,car-not-detected-or-stale,KEEP_PAUSED,left,right,,0
1382,2026-08-01T16:19:50.884+09:00,160.275,1381,8.62,0,DRIVING,,0,1,1,0.069185,-0.158759,-0.158759,0,745,unknown,0,unknown,0.000000,null,0.000000,0.193,,"{""0"": 91, ""1"": 173, ""2"": null, ""3"": null, ""4"": null, ""5"": null, ""6"": null, ""7"": null}","{""0"": 0.0, ""1"": 0.0, ""2"": null, ""3"": null, ""4"": null, ""5"": null, ""6"": null, ""7"": null}","{""0"": 91, ""1"": 173}",91,1,1,0,0,0.193,car-not-detected-or-stale,KEEP_PAUSED,left,right,,0
1383,2026-08-01T16:19:51.006+09:00,160.395,1382,8.62,0,DRIVING,,0,1,1,0.071667,-0.157425,-0.157425,0,745,unknown,0,unknown,0.000000,null,0.000000,0.311,,"{""0"": 91, ""1"": 250, ""2"": null, ""3"": null, ""4"": null, ""5"": null, ""6"": null, ""7"": null}","{""0"": 0.0, ""1"": 0.0, ""2"": null, ""3"": null, ""4"": null, ""5"": null, ""6"": null, ""7"": null}","{""0"": 91, ""1"": 250}",91,1,1,0,0,0.311,car-not-detected-or-stale,KEEP_PAUSED,left,right,,0
1384,2026-08-01T16:19:51.111+09:00,160.499,1383,8.62,0,DRIVING,,0,1,1,0.064855,-0.124375,-0.124375,0,745,unknown,0,unknown,0.000000,null,0.000000,0.306,,"{""0"": 92, ""1"": 250, ""2"": null, ""3"": null, ""4"": null, ""5"": null, ""6"": null, ""7"": null}","{""0"": 0.0, ""1"": 0.0, ""2"": null, ""3"": null, ""4"": null, ""5"": null, ""6"": null, ""7"": null}","{""0"": 92, ""1"": 250}",92,1,1,0,0,0.306,car-not-detected-or-stale,KEEP_PAUSED,left,right,,0
1385,2026-08-01T16:19:51.236+09:00,160.626,1384,8.62,0,DRIVING,,0,1,1,0.059018,-0.101071,-0.101071,0,745,unknown,0,unknown,0.000000,null,0.000000,0.319,,"{""0"": 92, ""1"": 250, ""2"": null, ""3"": null, ""4"": null, ""5"": null, ""6"": null, ""7"": null}","{""0"": 0.0, ""1"": 0.0, ""2"": null, ""3"": null, ""4"": null, ""5"": null, ""6"": null, ""7"": null}","{""0"": 92, ""1"": 250}",92,1,1,0,0,0.319,car-not-detected-or-stale,KEEP_PAUSED,left,right,,0
1386,2026-08-01T16:19:51.348+09:00,160.737,1385,8.62,0,DRIVING,,0,1,1,0.057291,-0.096401,-0.096401,0,745,unknown,0,unknown,0.000000,null,0.000000,0.430,,"{""0"": 94, ""1"": 250, ""2"": null, ""3"": null, ""4"": null, ""5"": null, ""6"": null, ""7"": null}","{""0"": 0.0, ""1"": 0.0, ""2"": null, ""3"": null, ""4"": null, ""5"": null, ""6"": null, ""7"": null}","{""0"": 94, ""1"": 250}",94,1,1,0,0,0.430,car-not-detected-or-stale,KEEP_PAUSED,left,right,,0
1387,2026-08-01T16:19:51.454+09:00,160.844,1386,8.62,0,DRIVING,,0,1,1,0.035720,-0.020763,-0.020763,0,745,unknown,0,unknown,0.000000,null,0.000000,0.311,,"{""0"": 96, ""1"": 250, ""2"": null, ""3"": null, ""4"": null, ""5"": null, ""6"": null, ""7"": null}","{""0"": 0.0, ""1"": 0.0, ""2"": null, ""3"": null, ""4"": null, ""5"": null, ""6"": null, ""7"": null}","{""0"": 96, ""1"": 250}",96,1,1,0,0,0.311,car-not-detected-or-stale,KEEP_PAUSED,left,right,,0
1388,2026-08-01T16:19:51.563+09:00,160.953,1387,8.62,0,DRIVING,,0,1,1,0.018535,0.028042,0.028042,0,745,unknown,0,unknown,0.000000,null,0.000000,0.295,,"{""0"": 98, ""1"": 250, ""2"": null, ""3"": null, ""4"": null, ""5"": null, ""6"": null, ""7"": null}","{""0"": 0.0, ""1"": 0.0, ""2"": null, ""3"": null, ""4"": null, ""5"": null, ""6"": null, ""7"": null}","{""0"": 98, ""1"": 250}",98,1,1,0,0,0.295,car-not-detected-or-stale,KEEP_PAUSED,left,right,,0
1389,2026-08-01T16:19:51.675+09:00,161.064,1388,8.62,0,DRIVING,,0,1,1,0.008504,0.045731,0.045731,0,745,unknown,0,unknown,0.000000,null,0.000000,0.406,,"{""0"": 99, ""1"": 250, ""2"": null, ""3"": null, ""4"": null, ""5"": null, ""6"": null, ""7"": null}","{""0"": 0.0, ""1"": 0.0, ""2"": null, ""3"": null, ""4"": null, ""5"": null, ""6"": null, ""7"": null}","{""0"": 99, ""1"": 250}",99,1,1,0,0,0.406,car-not-detected-or-stale,KEEP_PAUSED,left,right,,0
1390,2026-08-01T16:19:51.782+09:00,161.172,1389,8.62,0,DRIVING,,0,1,1,0.009079,0.025350,0.025350,0,745,unknown,0,unknown,0.000000,null,0.000000,0.296,,"{""0"": 101, ""1"": 181, ""2"": null, ""3"": null, ""4"": null, ""5"": null, ""6"": null, ""7"": null}","{""0"": 0.0, ""1"": 0.0, ""2"": null, ""3"": null, ""4"": null, ""5"": null, ""6"": null, ""7"": null}","{""0"": 101, ""1"": 181}",101,1,1,0,0,0.296,car-not-detected-or-stale,KEEP_PAUSED,left,right,,0
1391,2026-08-01T16:19:51.892+09:00,161.280,1390,8.63,0,DRIVING,,0,1,1,0.010533,0.007609,0.007609,0,746,unknown,0,unknown,0.000000,null,0.000000,0.295,,"{""0"": 250, ""1"": 250, ""2"": null, ""3"": null, ""4"": null, ""5"": null, ""6"": null, ""7"": null}","{""0"": 0.0, ""1"": 0.0, ""2"": null, ""3"": null, ""4"": null, ""5"": null, ""6"": null, ""7"": null}","{""0"": 250, ""1"": 250}",250,1,0,0,0,0.295,ultrasonic-not-close,KEEP_PAUSED,left,right,,0
1392,2026-08-01T16:19:52.012+09:00,161.401,1391,8.63,0,DRIVING,,0,1,1,0.008340,0.007534,0.007534,0,746,unknown,0,unknown,0.000000,null,0.000000,0.416,,"{""0"": 250, ""1"": 250, ""2"": null, ""3"": null, ""4"": null, ""5"": null, ""6"": null, ""7"": null}","{""0"": 0.0, ""1"": 0.0, ""2"": null, ""3"": null, ""4"": null, ""5"": null, ""6"": null, ""7"": null}","{""0"": 250, ""1"": 250}",250,1,0,0,0,0.416,ultrasonic-not-close,KEEP_PAUSED,left,right,,0
1393,2026-08-01T16:19:52.125+09:00,161.513,1392,8.63,0,DRIVING,,0,1,1,0.007243,0.004718,0.004718,0,745,unknown,0,unknown,0.000000,null,0.000000,0.308,,"{""0"": 250, ""1"": 185, ""2"": null, ""3"": null, ""4"": null, ""5"": null, ""6"": null, ""7"": null}","{""0"": 0.0, ""1"": 0.0, ""2"": null, ""3"": null, ""4"": null, ""5"": null, ""6"": null, ""7"": null}","{""0"": 250, ""1"": 185}",185,1,0,0,0,0.308,ultrasonic-not-close,KEEP_PAUSED,left,right,,0
1394,2026-08-01T16:19:52.236+09:00,161.625,1393,8.63,0,DRIVING,,0,1,1,-0.004021,0.039941,0.039941,0,746,unknown,0,unknown,0.000000,null,0.000000,0.312,,"{""0"": 250, ""1"": 186, ""2"": null, ""3"": null, ""4"": null, ""5"": null, ""6"": null, ""7"": null}","{""0"": 0.0, ""1"": 0.0, ""2"": null, ""3"": null, ""4"": null, ""5"": null, ""6"": null, ""7"": null}","{""0"": 250, ""1"": 186}",186,1,0,0,0,0.312,ultrasonic-not-close,KEEP_PAUSED,left,right,,0
1395,2026-08-01T16:19:52.350+09:00,161.739,1394,8.63,0,DRIVING,,0,1,1,-0.013368,0.063780,0.063780,0,746,unknown,0,unknown,0.000000,null,0.000000,0.192,,"{""0"": 184, ""1"": 250, ""2"": null, ""3"": null, ""4"": null, ""5"": null, ""6"": null, ""7"": null}","{""0"": 0.0, ""1"": 0.0, ""2"": null, ""3"": null, ""4"": null, ""5"": null, ""6"": null, ""7"": null}","{""0"": 184, ""1"": 250}",184,1,0,0,0,0.192,ultrasonic-not-close,KEEP_PAUSED,left,right,,0
1396,2026-08-01T16:19:52.457+09:00,161.847,1395,8.63,0,DRIVING,,0,1,1,-0.015999,0.061336,0.061336,0,745,unknown,0,unknown,0.000000,null,0.000000,0.299,,"{""0"": 250, ""1"": 184, ""2"": null, ""3"": null, ""4"": null, ""5"": null, ""6"": null, ""7"": null}","{""0"": 0.0, ""1"": 0.0, ""2"": null, ""3"": null, ""4"": null, ""5"": null, ""6"": null, ""7"": null}","{""0"": 250, ""1"": 184}",184,1,0,0,0,0.299,ultrasonic-not-close,KEEP_PAUSED,left,right,,0
1397,2026-08-01T16:19:52.565+09:00,161.955,1396,8.63,0,DRIVING,,0,1,1,-0.020960,0.069434,0.069434,0,745,unknown,0,unknown,0.000000,null,0.000000,0.298,,"{""0"": 250, ""1"": 250, ""2"": null, ""3"": null, ""4"": null, ""5"": null, ""6"": null, ""7"": null}","{""0"": 0.0, ""1"": 0.0, ""2"": null, ""3"": null, ""4"": null, ""5"": null, ""6"": null, ""7"": null}","{""0"": 250, ""1"": 250}",250,1,0,0,0,0.298,ultrasonic-not-close,KEEP_PAUSED,left,right,,0
1398,2026-08-01T16:19:52.677+09:00,162.067,1397,8.63,0,DRIVING,,0,1,1,-0.021398,0.061499,0.061499,0,745,unknown,0,unknown,0.000000,null,0.000000,0.188,,"{""0"": 250, ""1"": 185, ""2"": null, ""3"": null, ""4"": null, ""5"": null, ""6"": null, ""7"": null}","{""0"": 0.0, ""1"": 0.0, ""2"": null, ""3"": null, ""4"": null, ""5"": null, ""6"": null, ""7"": null}","{""0"": 250, ""1"": 185}",185,1,0,0,0,0.188,ultrasonic-not-close,KEEP_PAUSED,left,right,,0
1399,2026-08-01T16:19:52.793+09:00,162.183,1398,8.63,0,DRIVING,,0,1,1,-0.020603,0.051742,0.051742,0,746,unknown,0,unknown,0.000000,null,0.000000,0.303,,"{""0"": 250, ""1"": 192, ""2"": null, ""3"": null, ""4"": null, ""5"": null, ""6"": null, ""7"": null}","{""0"": 0.0, ""1"": 0.0, ""2"": null, ""3"": null, ""4"": null, ""5"": null, ""6"": null, ""7"": null}","{""0"": 250, ""1"": 192}",192,1,0,0,0,0.303,ultrasonic-not-close,KEEP_PAUSED,left,right,,0
1400,2026-08-01T16:19:52.899+09:00,162.288,1399,8.63,0,DRIVING,,0,1,1,-0.014902,0.026823,0.026823,0,746,unknown,0,unknown,0.000000,null,0.000000,0.300,,"{""0"": 250, ""1"": 194, ""2"": null, ""3"": null, ""4"": null, ""5"": null, ""6"": null, ""7"": null}","{""0"": 0.0, ""1"": 0.0, ""2"": null, ""3"": null, ""4"": null, ""5"": null, ""6"": null, ""7"": null}","{""0"": 250, ""1"": 194}",194,1,0,0,0,0.300,ultrasonic-not-close,KEEP_PAUSED,left,right,,0
1401,2026-08-01T16:19:53.018+09:00,162.407,1400,8.63,0,DRIVING,,0,1,1,-0.016493,0.032549,0.032549,0,746,unknown,0,unknown,0.000000,null,0.000000,0.307,,"{""0"": 250, ""1"": 193, ""2"": null, ""3"": null, ""4"": null, ""5"": null, ""6"": null, ""7"": null}","{""0"": 0.0, ""1"": 0.0, ""2"": null, ""3"": null, ""4"": null, ""5"": null, ""6"": null, ""7"": null}","{""0"": 250, ""1"": 193}",193,1,0,0,0,0.307,ultrasonic-not-close,KEEP_PAUSED,left,right,,0
1402,2026-08-01T16:19:53.133+09:00,162.522,1401,8.63,0,DRIVING,,0,1,1,-0.017068,0.033760,0.033760,0,746,unknown,0,unknown,0.000000,null,0.000000,0.421,,"{""0"": 250, ""1"": 188, ""2"": null, ""3"": null, ""4"": null, ""5"": null, ""6"": null, ""7"": null}","{""0"": 0.0, ""1"": 0.0, ""2"": null, ""3"": null, ""4"": null, ""5"": null, ""6"": null, ""7"": null}","{""0"": 250, ""1"": 188}",188,1,0,0,0,0.421,ultrasonic-not-close,KEEP_PAUSED,left,right,,0
1403,2026-08-01T16:19:53.245+09:00,162.634,1402,8.63,0,DRIVING,,0,1,1,-0.015067,0.025646,0.025646,0,746,unknown,0,unknown,0.000000,null,0.000000,0.313,,"{""0"": 250, ""1"": 189, ""2"": null, ""3"": null, ""4"": null, ""5"": null, ""6"": null, ""7"": null}","{""0"": 0.0, ""1"": 0.0, ""2"": null, ""3"": null, ""4"": null, ""5"": null, ""6"": null, ""7"": null}","{""0"": 250, ""1"": 189}",189,1,0,0,0,0.313,ultrasonic-not-close,KEEP_PAUSED,left,right,,0
1404,2026-08-01T16:19:53.361+09:00,162.751,1403,8.63,0,DRIVING,,0,1,1,-0.012874,0.018193,0.018193,0,746,unknown,0,unknown,0.000000,null,0.000000,0.311,,"{""0"": 250, ""1"": 195, ""2"": null, ""3"": null, ""4"": null, ""5"": null, ""6"": null, ""7"": null}","{""0"": 0.0, ""1"": 0.0, ""2"": null, ""3"": null, ""4"": null, ""5"": null, ""6"": null, ""7"": null}","{""0"": 250, ""1"": 195}",195,1,0,0,0,0.311,ultrasonic-not-close,KEEP_PAUSED,left,right,,0
1405,2026-08-01T16:19:53.471+09:00,162.861,1404,8.63,0,DRIVING,,0,1,1,-0.014272,0.024720,0.024720,0,745,unknown,0,unknown,0.000000,null,0.000000,0.193,,"{""0"": 250, ""1"": 250, ""2"": null, ""3"": null, ""4"": null, ""5"": null, ""6"": null, ""7"": null}","{""0"": 0.0, ""1"": 0.0, ""2"": null, ""3"": null, ""4"": null, ""5"": null, ""6"": null, ""7"": null}","{""0"": 250, ""1"": 250}",250,1,0,0,0,0.193,ultrasonic-not-close,KEEP_PAUSED,left,right,,0
1406,2026-08-01T16:19:53.578+09:00,162.967,1405,8.63,0,DRIVING,,0,1,1,-0.014902,0.027281,0.027281,0,746,unknown,0,unknown,0.000000,null,0.000000,0.299,,"{""0"": 250, ""1"": 250, ""2"": null, ""3"": null, ""4"": null, ""5"": null, ""6"": null, ""7"": null}","{""0"": 0.0, ""1"": 0.0, ""2"": null, ""3"": null, ""4"": null, ""5"": null, ""6"": null, ""7"": null}","{""0"": 250, ""1"": 250}",250,1,0,0,0,0.299,ultrasonic-not-close,KEEP_PAUSED,left,right,,0
1407,2026-08-01T16:19:53.686+09:00,163.075,1406,8.63,0,DRIVING,,0,1,1,-0.015232,0.028329,0.028329,0,745,unknown,0,unknown,0.000000,null,0.000000,0.291,,"{""0"": 250, ""1"": 250, ""2"": null, ""3"": null, ""4"": null, ""5"": null, ""6"": null, ""7"": null}","{""0"": 0.0, ""1"": 0.0, ""2"": null, ""3"": null, ""4"": null, ""5"": null, ""6"": null, ""7"": null}","{""0"": 250, ""1"": 250}",250,1,0,0,0,0.291,ultrasonic-not-close,KEEP_PAUSED,left,right,,0
1408,2026-08-01T16:19:53.798+09:00,163.189,1407,8.63,0,DRIVING,,0,1,1,-0.013806,0.022923,0.022923,0,745,unknown,0,unknown,0.000000,null,0.000000,0.188,,"{""0"": 250, ""1"": 250, ""2"": null, ""3"": null, ""4"": null, ""5"": null, ""6"": null, ""7"": null}","{""0"": 0.0, ""1"": 0.0, ""2"": null, ""3"": null, ""4"": null, ""5"": null, ""6"": null, ""7"": null}","{""0"": 250, ""1"": 250}",250,1,0,0,0,0.188,ultrasonic-not-close,KEEP_PAUSED,left,right,,0
1409,2026-08-01T16:19:53.908+09:00,163.297,1408,8.63,0,DRIVING,,0,1,1,-0.014902,0.027448,0.027448,0,745,unknown,0,unknown,0.000000,null,0.000000,0.297,,"{""0"": 250, ""1"": 250, ""2"": null, ""3"": null, ""4"": null, ""5"": null, ""6"": null, ""7"": null}","{""0"": 0.0, ""1"": 0.0, ""2"": null, ""3"": null, ""4"": null, ""5"": null, ""6"": null, ""7"": null}","{""0"": 250, ""1"": 250}",250,1,0,0,0,0.297,ultrasonic-not-close,KEEP_PAUSED,left,right,,0
1410,2026-08-01T16:19:54.019+09:00,163.409,1409,8.63,0,DRIVING,,0,1,1,-0.015259,0.028547,0.028547,0,745,unknown,0,unknown,0.000000,null,0.000000,0.300,,"{""0"": 191, ""1"": 250, ""2"": null, ""3"": null, ""4"": null, ""5"": null, ""6"": null, ""7"": null}","{""0"": 0.0, ""1"": 0.0, ""2"": null, ""3"": null, ""4"": null, ""5"": null, ""6"": null, ""7"": null}","{""0"": 191, ""1"": 250}",191,1,0,0,0,0.300,ultrasonic-not-close,KEEP_PAUSED,left,right,,0
1411,2026-08-01T16:19:54.161+09:00,163.550,1410,8.63,0,DRIVING,,0,1,1,-0.017095,0.034832,0.034832,0,745,unknown,0,unknown,0.000000,null,0.000000,0.220,,"{""0"": 191, ""1"": 250, ""2"": null, ""3"": null, ""4"": null, ""5"": null, ""6"": null, ""7"": null}","{""0"": 0.0, ""1"": 0.0, ""2"": null, ""3"": null, ""4"": null, ""5"": null, ""6"": null, ""7"": null}","{""0"": 191, ""1"": 250}",191,1,0,0,0,0.220,ultrasonic-not-close,KEEP_PAUSED,left,right,,0
1412,2026-08-01T16:19:54.279+09:00,163.668,1411,8.63,0,DRIVING,,0,1,1,-0.016164,0.030259,0.030259,0,744,unknown,0,unknown,0.000000,null,0.000000,0.337,,"{""0"": 192, ""1"": 250, ""2"": null, ""3"": null, ""4"": null, ""5"": null, ""6"": null, ""7"": null}","{""0"": 0.0, ""1"": 0.0, ""2"": null, ""3"": null, ""4"": null, ""5"": null, ""6"": null, ""7"": null}","{""0"": 192, ""1"": 250}",192,1,0,0,0,0.337,ultrasonic-not-close,KEEP_PAUSED,left,right,,0
1413,2026-08-01T16:19:54.390+09:00,163.779,1412,8.63,0,DRIVING,,0,1,1,-0.017561,0.034942,0.034942,0,743,unknown,0,unknown,0.000000,null,0.000000,0.336,,"{""0"": 250, ""1"": 200, ""2"": null, ""3"": null, ""4"": null, ""5"": null, ""6"": null, ""7"": null}","{""0"": 0.0, ""1"": 0.0, ""2"": null, ""3"": null, ""4"": null, ""5"": null, ""6"": null, ""7"": null}","{""0"": 250, ""1"": 200}",200,1,0,0,0,0.336,ultrasonic-not-close,KEEP_PAUSED,left,right,,0
1414,2026-08-01T16:19:54.505+09:00,163.894,1413,8.63,0,DRIVING,,0,1,1,-0.017397,0.033350,0.033350,0,744,unknown,0,unknown,0.000000,null,0.000000,0.311,,"{""0"": 250, ""1"": 250, ""2"": null, ""3"": null, ""4"": null, ""5"": null, ""6"": null, ""7"": null}","{""0"": 0.0, ""1"": 0.0, ""2"": null, ""3"": null, ""4"": null, ""5"": null, ""6"": null, ""7"": null}","{""0"": 250, ""1"": 250}",250,1,0,0,0,0.311,ultrasonic-not-close,KEEP_PAUSED,left,right,,0
1415,2026-08-01T16:19:54.614+09:00,164.004,1414,8.63,0,DRIVING,,0,1,1,-0.017232,0.032147,0.032147,0,745,unknown,0,unknown,0.000000,null,0.000000,0.192,,"{""0"": 250, ""1"": 199, ""2"": null, ""3"": null, ""4"": null, ""5"": null, ""6"": null, ""7"": null}","{""0"": 0.0, ""1"": 0.0, ""2"": null, ""3"": null, ""4"": null, ""5"": null, ""6"": null, ""7"": null}","{""0"": 250, ""1"": 199}",199,1,0,0,0,0.192,ultrasonic-not-close,KEEP_PAUSED,left,right,,0
1416,2026-08-01T16:19:54.718+09:00,164.108,1415,8.63,0,DRIVING,,0,1,1,-0.017891,0.034179,0.034179,0,744,unknown,0,unknown,0.000000,null,0.000000,0.295,,"{""0"": 250, ""1"": 199, ""2"": null, ""3"": null, ""4"": null, ""5"": null, ""6"": null, ""7"": null}","{""0"": 0.0, ""1"": 0.0, ""2"": null, ""3"": null, ""4"": null, ""5"": null, ""6"": null, ""7"": null}","{""0"": 250, ""1"": 199}",199,1,0,0,0,0.295,ultrasonic-not-close,KEEP_PAUSED,left,right,,0
1417,2026-08-01T16:19:54.822+09:00,164.211,1416,8.63,0,DRIVING,,0,1,1,-0.018055,0.034179,0.034179,0,745,unknown,0,unknown,0.000000,null,0.000000,0.285,,"{""0"": 200, ""1"": 198, ""2"": null, ""3"": null, ""4"": null, ""5"": null, ""6"": null, ""7"": null}","{""0"": 0.0, ""1"": 0.0, ""2"": null, ""3"": null, ""4"": null, ""5"": null, ""6"": null, ""7"": null}","{""0"": 200, ""1"": 198}",198,1,0,0,0,0.285,ultrasonic-not-close,KEEP_PAUSED,left,right,,0
1418,2026-08-01T16:19:54.935+09:00,164.325,1417,8.63,0,DRIVING,,0,1,1,-0.017260,0.030812,0.030812,0,745,unknown,0,unknown,0.000000,null,0.000000,0.184,,"{""0"": 195, ""1"": 197, ""2"": null, ""3"": null, ""4"": null, ""5"": null, ""6"": null, ""7"": null}","{""0"": 0.0, ""1"": 0.0, ""2"": null, ""3"": null, ""4"": null, ""5"": null, ""6"": null, ""7"": null}","{""0"": 195, ""1"": 197}",195,1,0,0,0,0.184,ultrasonic-not-close,KEEP_PAUSED,left,right,,0
1419,2026-08-01T16:19:55.043+09:00,164.432,1418,8.63,0,DRIVING,,0,1,1,-0.015067,0.022994,0.022994,0,746,unknown,0,unknown,0.000000,null,0.000000,0.291,,"{""0"": 193, ""1"": 196, ""2"": null, ""3"": null, ""4"": null, ""5"": null, ""6"": null, ""7"": null}","{""0"": 0.0, ""1"": 0.0, ""2"": null, ""3"": null, ""4"": null, ""5"": null, ""6"": null, ""7"": null}","{""0"": 193, ""1"": 196}",193,1,0,0,0,0.291,ultrasonic-not-close,KEEP_PAUSED,left,right,,0
1420,2026-08-01T16:19:55.148+09:00,164.538,1419,8.63,0,DRIVING,,0,1,1,-0.005363,-0.010703,-0.010703,0,745,unknown,0,unknown,0.000000,null,0.000000,0.293,,"{""0"": 192, ""1"": 196, ""2"": null, ""3"": null, ""4"": null, ""5"": null, ""6"": null, ""7"": null}","{""0"": 0.0, ""1"": 0.0, ""2"": null, ""3"": null, ""4"": null, ""5"": null, ""6"": null, ""7"": null}","{""0"": 192, ""1"": 196}",192,1,0,0,0,0.293,ultrasonic-not-close,KEEP_PAUSED,left,right,,0
1421,2026-08-01T16:19:55.260+09:00,164.650,1420,8.63,0,DRIVING,,0,1,1,-0.006925,0.001028,0.001028,0,745,unknown,0,unknown,0.000000,null,0.000000,0.184,,"{""0"": 192, ""1"": 196, ""2"": null, ""3"": null, ""4"": null, ""5"": null, ""6"": null, ""7"": null}","{""0"": 0.0, ""1"": 0.0, ""2"": null, ""3"": null, ""4"": null, ""5"": null, ""6"": null, ""7"": null}","{""0"": 192, ""1"": 196}",192,1,0,0,0,0.184,ultrasonic-not-close,KEEP_PAUSED,left,right,,0
1422,2026-08-01T16:19:55.367+09:00,164.757,1421,8.63,0,DRIVING,,0,1,1,-0.007090,0.005052,0.005052,0,745,unknown,0,unknown,0.000000,null,0.000000,0.291,,"{""0"": 193, ""1"": 196, ""2"": null, ""3"": null, ""4"": null, ""5"": null, ""6"": null, ""7"": null}","{""0"": 0.0, ""1"": 0.0, ""2"": null, ""3"": null, ""4"": null, ""5"": null, ""6"": null, ""7"": null}","{""0"": 193, ""1"": 196}",193,1,0,0,0,0.291,ultrasonic-not-close,KEEP_PAUSED,left,right,,0
1423,2026-08-01T16:19:55.471+09:00,164.861,1422,8.63,0,DRIVING,,0,1,1,-0.007090,0.007365,0.007365,0,745,unknown,0,unknown,0.000000,null,0.000000,0.292,,"{""0"": 193, ""1"": 197, ""2"": null, ""3"": null, ""4"": null, ""5"": null, ""6"": null, ""7"": null}","{""0"": 0.0, ""1"": 0.0, ""2"": null, ""3"": null, ""4"": null, ""5"": null, ""6"": null, ""7"": null}","{""0"": 193, ""1"": 197}",193,1,0,0,0,0.292,ultrasonic-not-close,KEEP_PAUSED,left,right,,0
1424,2026-08-01T16:19:55.591+09:00,164.981,1423,8.63,0,DRIVING,,0,1,1,-0.007090,0.008984,0.008984,0,744,unknown,0,unknown,0.000000,null,0.000000,0.300,,"{""0"": 194, ""1"": 197, ""2"": null, ""3"": null, ""4"": null, ""5"": null, ""6"": null, ""7"": null}","{""0"": 0.0, ""1"": 0.0, ""2"": null, ""3"": null, ""4"": null, ""5"": null, ""6"": null, ""7"": null}","{""0"": 194, ""1"": 197}",194,1,0,0,0,0.300,ultrasonic-not-close,KEEP_PAUSED,left,right,,0
1425,2026-08-01T16:19:55.707+09:00,165.097,1424,8.63,0,DRIVING,,0,1,1,-0.007090,0.010117,0.010117,0,745,unknown,0,unknown,0.000000,null,0.000000,0.416,,"{""0"": 194, ""1"": 196, ""2"": null, ""3"": null, ""4"": null, ""5"": null, ""6"": null, ""7"": null}","{""0"": 0.0, ""1"": 0.0, ""2"": null, ""3"": null, ""4"": null, ""5"": null, ""6"": null, ""7"": null}","{""0"": 194, ""1"": 196}",194,1,0,0,0,0.416,ultrasonic-not-close,KEEP_PAUSED,left,right,,0
1426,2026-08-01T16:19:55.813+09:00,165.203,1425,8.63,0,DRIVING,,0,1,1,-0.007090,0.010911,0.010911,0,744,unknown,0,unknown,0.000000,null,0.000000,0.304,,"{""0"": 193, ""1"": 197, ""2"": null, ""3"": null, ""4"": null, ""5"": null, ""6"": null, ""7"": null}","{""0"": 0.0, ""1"": 0.0, ""2"": null, ""3"": null, ""4"": null, ""5"": null, ""6"": null, ""7"": null}","{""0"": 193, ""1"": 197}",193,1,0,0,0,0.304,ultrasonic-not-close,KEEP_PAUSED,left,right,,0
1427,2026-08-01T16:19:55.921+09:00,165.311,1426,8.63,0,DRIVING,,0,1,1,-0.007090,0.011466,0.011466,0,745,unknown,0,unknown,0.000000,null,0.000000,0.298,,"{""0"": 193, ""1"": 197, ""2"": null, ""3"": null, ""4"": null, ""5"": null, ""6"": null, ""7"": null}","{""0"": 0.0, ""1"": 0.0, ""2"": null, ""3"": null, ""4"": null, ""5"": null, ""6"": null, ""7"": null}","{""0"": 193, ""1"": 197}",193,1,0,0,0,0.298,ultrasonic-not-close,KEEP_PAUSED,left,right,,0
1428,2026-08-01T16:19:56.033+09:00,165.423,1427,8.63,0,DRIVING,,0,1,1,-0.007090,0.011855,0.011855,0,745,unknown,0,unknown,0.000000,null,0.000000,0.409,,"{""0"": 193, ""1"": 198, ""2"": null, ""3"": null, ""4"": null, ""5"": null, ""6"": null, ""7"": null}","{""0"": 0.0, ""1"": 0.0, ""2"": null, ""3"": null, ""4"": null, ""5"": null, ""6"": null, ""7"": null}","{""0"": 193, ""1"": 198}",193,1,0,0,0,0.409,ultrasonic-not-close,KEEP_PAUSED,left,right,,0
1429,2026-08-01T16:19:56.137+09:00,165.527,1428,8.63,0,DRIVING,,0,1,1,-0.007090,0.012127,0.012127,0,744,unknown,0,unknown,0.000000,null,0.000000,0.292,,"{""0"": 193, ""1"": 196, ""2"": null, ""3"": null, ""4"": null, ""5"": null, ""6"": null, ""7"": null}","{""0"": 0.0, ""1"": 0.0, ""2"": null, ""3"": null, ""4"": null, ""5"": null, ""6"": null, ""7"": null}","{""0"": 193, ""1"": 196}",193,1,0,0,0,0.292,ultrasonic-not-close,KEEP_PAUSED,left,right,,0
1430,2026-08-01T16:19:56.246+09:00,165.636,1429,8.63,0,DRIVING,,0,1,1,-0.007090,0.012317,0.012317,0,745,unknown,0,unknown,0.000000,null,0.000000,0.294,,"{""0"": 193, ""1"": 197, ""2"": null, ""3"": null, ""4"": null, ""5"": null, ""6"": null, ""7"": null}","{""0"": 0.0, ""1"": 0.0, ""2"": null, ""3"": null, ""4"": null, ""5"": null, ""6"": null, ""7"": null}","{""0"": 193, ""1"": 197}",193,1,0,0,0,0.294,ultrasonic-not-close,KEEP_PAUSED,left,right,,0
1431,2026-08-01T16:19:56.366+09:00,165.756,1430,8.63,0,DRIVING,,0,1,1,-0.007090,0.012451,0.012451,0,744,unknown,0,unknown,0.000000,null,0.000000,0.196,,"{""0"": 193, ""1"": 198, ""2"": null, ""3"": null, ""4"": null, ""5"": null, ""6"": null, ""7"": null}","{""0"": 0.0, ""1"": 0.0, ""2"": null, ""3"": null, ""4"": null, ""5"": null, ""6"": null, ""7"": null}","{""0"": 193, ""1"": 198}",193,1,0,0,0,0.196,ultrasonic-not-close,KEEP_PAUSED,left,right,,0
1432,2026-08-01T16:19:56.477+09:00,165.865,1431,8.63,0,DRIVING,,0,1,1,-0.007090,0.012544,0.012544,0,745,unknown,0,unknown,0.000000,null,0.000000,0.305,,"{""0"": 192, ""1"": 198, ""2"": null, ""3"": null, ""4"": null, ""5"": null, ""6"": null, ""7"": null}","{""0"": 0.0, ""1"": 0.0, ""2"": null, ""3"": null, ""4"": null, ""5"": null, ""6"": null, ""7"": null}","{""0"": 192, ""1"": 198}",192,1,0,0,0,0.305,ultrasonic-not-close,KEEP_PAUSED,left,right,,0
1433,2026-08-01T16:19:56.594+09:00,165.982,1432,8.63,0,DRIVING,,0,1,1,-0.007090,0.012609,0.012609,0,745,unknown,0,unknown,0.000000,null,0.000000,0.313,,"{""0"": 193, ""1"": 199, ""2"": null, ""3"": null, ""4"": null, ""5"": null, ""6"": null, ""7"": null}","{""0"": 0.0, ""1"": 0.0, ""2"": null, ""3"": null, ""4"": null, ""5"": null, ""6"": null, ""7"": null}","{""0"": 193, ""1"": 199}",193,1,0,0,0,0.313,ultrasonic-not-close,KEEP_PAUSED,left,right,,0
1434,2026-08-01T16:19:56.715+09:00,166.105,1433,8.63,0,DRIVING,,0,1,1,-0.007090,0.012655,0.012655,0,744,unknown,0,unknown,0.000000,null,0.000000,0.205,,"{""0"": 193, ""1"": 199, ""2"": null, ""3"": null, ""4"": null, ""5"": null, ""6"": null, ""7"": null}","{""0"": 0.0, ""1"": 0.0, ""2"": null, ""3"": null, ""4"": null, ""5"": null, ""6"": null, ""7"": null}","{""0"": 193, ""1"": 199}",193,1,0,0,0,0.205,ultrasonic-not-close,KEEP_PAUSED,left,right,,0
1435,2026-08-01T16:19:56.841+09:00,166.229,1434,8.63,0,DRIVING,,0,1,1,-0.007090,0.012687,0.012687,0,745,unknown,0,unknown,0.000000,null,0.000000,0.329,,"{""0"": 192, ""1"": 197, ""2"": null, ""3"": null, ""4"": null, ""5"": null, ""6"": null, ""7"": null}","{""0"": 0.0, ""1"": 0.0, ""2"": null, ""3"": null, ""4"": null, ""5"": null, ""6"": null, ""7"": null}","{""0"": 192, ""1"": 197}",192,1,0,0,0,0.329,ultrasonic-not-close,KEEP_PAUSED,left,right,,0
1436,2026-08-01T16:19:56.955+09:00,166.343,1435,8.63,0,DRIVING,,0,1,1,-0.007090,0.012709,0.012709,0,744,unknown,0,unknown,0.000000,null,0.000000,0.326,,"{""0"": 193, ""1"": 197, ""2"": null, ""3"": null, ""4"": null, ""5"": null, ""6"": null, ""7"": null}","{""0"": 0.0, ""1"": 0.0, ""2"": null, ""3"": null, ""4"": null, ""5"": null, ""6"": null, ""7"": null}","{""0"": 193, ""1"": 197}",193,1,0,0,0,0.326,ultrasonic-not-close,KEEP_PAUSED,left,right,,0
1437,2026-08-01T16:19:57.073+09:00,166.462,1436,8.63,0,DRIVING,,0,1,1,-0.007090,0.012725,0.012725,0,744,unknown,0,unknown,0.000000,null,0.000000,0.322,,"{""0"": 193, ""1"": 198, ""2"": null, ""3"": null, ""4"": null, ""5"": null, ""6"": null, ""7"": null}","{""0"": 0.0, ""1"": 0.0, ""2"": null, ""3"": null, ""4"": null, ""5"": null, ""6"": null, ""7"": null}","{""0"": 193, ""1"": 198}",193,1,0,0,0,0.322,ultrasonic-not-close,KEEP_PAUSED,left,right,,0
1438,2026-08-01T16:19:57.193+09:00,166.582,1437,8.63,0,DRIVING,,0,1,1,-0.007090,0.012736,0.012736,0,745,unknown,0,unknown,0.000000,null,0.000000,0.204,,"{""0"": 194, ""1"": 198, ""2"": null, ""3"": null, ""4"": null, ""5"": null, ""6"": null, ""7"": null}","{""0"": 0.0, ""1"": 0.0, ""2"": null, ""3"": null, ""4"": null, ""5"": null, ""6"": null, ""7"": null}","{""0"": 194, ""1"": 198}",194,1,0,0,0,0.204,ultrasonic-not-close,KEEP_PAUSED,left,right,,0
1439,2026-08-01T16:19:57.309+09:00,166.698,1438,8.63,0,DRIVING,,0,1,1,-0.007090,0.012744,0.012744,0,744,unknown,0,unknown,0.000000,null,0.000000,0.321,,"{""0"": 194, ""1"": 198, ""2"": null, ""3"": null, ""4"": null, ""5"": null, ""6"": null, ""7"": null}","{""0"": 0.0, ""1"": 0.0, ""2"": null, ""3"": null, ""4"": null, ""5"": null, ""6"": null, ""7"": null}","{""0"": 194, ""1"": 198}",194,1,0,0,0,0.321,ultrasonic-not-close,KEEP_PAUSED,left,right,,0
1440,2026-08-01T16:19:57.425+09:00,166.814,1439,8.63,0,DRIVING,,0,1,1,-0.007090,0.012749,0.012749,0,745,unknown,0,unknown,0.000000,null,0.000000,0.318,,"{""0"": 193, ""1"": 199, ""2"": null, ""3"": null, ""4"": null, ""5"": null, ""6"": null, ""7"": null}","{""0"": 0.0, ""1"": 0.0, ""2"": null, ""3"": null, ""4"": null, ""5"": null, ""6"": null, ""7"": null}","{""0"": 193, ""1"": 199}",193,1,0,0,0,0.318,ultrasonic-not-close,KEEP_PAUSED,left,right,,0
1441,2026-08-01T16:19:57.572+09:00,166.960,1440,8.63,0,DRIVING,,0,1,1,-0.007090,0.012753,0.012753,0,744,unknown,0,unknown,0.000000,null,0.000000,0.229,,"{""0"": 193, ""1"": 197, ""2"": null, ""3"": null, ""4"": null, ""5"": null, ""6"": null, ""7"": null}","{""0"": 0.0, ""1"": 0.0, ""2"": null, ""3"": null, ""4"": null, ""5"": null, ""6"": null, ""7"": null}","{""0"": 193, ""1"": 197}",193,1,0,0,0,0.229,ultrasonic-not-close,KEEP_PAUSED,left,right,,0
1442,2026-08-01T16:19:57.693+09:00,167.082,1441,8.63,0,DRIVING,,0,1,1,-0.007090,0.012756,0.012756,0,744,unknown,0,unknown,0.000000,null,0.000000,0.349,,"{""0"": 193, ""1"": 198, ""2"": null, ""3"": null, ""4"": null, ""5"": null, ""6"": null, ""7"": null}","{""0"": 0.0, ""1"": 0.0, ""2"": null, ""3"": null, ""4"": null, ""5"": null, ""6"": null, ""7"": null}","{""0"": 193, ""1"": 198}",193,1,0,0,0,0.349,ultrasonic-not-close,KEEP_PAUSED,left,right,,0
1443,2026-08-01T16:19:57.813+09:00,167.201,1442,8.63,0,DRIVING,,0,1,1,-0.007090,0.012757,0.012757,0,744,unknown,0,unknown,0.000000,null,0.000000,0.353,,"{""0"": 192, ""1"": 196, ""2"": null, ""3"": null, ""4"": null, ""5"": null, ""6"": null, ""7"": null}","{""0"": 0.0, ""1"": 0.0, ""2"": null, ""3"": null, ""4"": null, ""5"": null, ""6"": null, ""7"": null}","{""0"": 192, ""1"": 196}",192,1,0,0,0,0.353,ultrasonic-not-close,KEEP_PAUSED,left,right,,0
1444,2026-08-01T16:19:57.933+09:00,167.321,1443,8.63,0,DRIVING,,0,1,1,-0.007090,0.012759,0.012759,0,744,unknown,0,unknown,0.000000,null,0.000000,0.324,,"{""0"": 192, ""1"": 197, ""2"": null, ""3"": null, ""4"": null, ""5"": null, ""6"": null, ""7"": null}","{""0"": 0.0, ""1"": 0.0, ""2"": null, ""3"": null, ""4"": null, ""5"": null, ""6"": null, ""7"": null}","{""0"": 192, ""1"": 197}",192,1,0,0,0,0.324,ultrasonic-not-close,KEEP_PAUSED,left,right,,0
1445,2026-08-01T16:19:58.056+09:00,167.444,1444,8.63,0,DRIVING,,0,1,1,-0.007090,0.012760,0.012760,0,744,unknown,0,unknown,0.000000,null,0.000000,0.207,,"{""0"": 193, ""1"": 197, ""2"": null, ""3"": null, ""4"": null, ""5"": null, ""6"": null, ""7"": null}","{""0"": 0.0, ""1"": 0.0, ""2"": null, ""3"": null, ""4"": null, ""5"": null, ""6"": null, ""7"": null}","{""0"": 193, ""1"": 197}",193,1,0,0,0,0.207,ultrasonic-not-close,KEEP_PAUSED,left,right,,0
1446,2026-08-01T16:19:58.175+09:00,167.563,1445,8.63,0,DRIVING,,0,1,1,-0.007090,0.012760,0.012760,0,744,unknown,0,unknown,0.000000,null,0.000000,0.326,,"{""0"": 192, ""1"": 196, ""2"": null, ""3"": null, ""4"": null, ""5"": null, ""6"": null, ""7"": null}","{""0"": 0.0, ""1"": 0.0, ""2"": null, ""3"": null, ""4"": null, ""5"": null, ""6"": null, ""7"": null}","{""0"": 192, ""1"": 196}",192,1,0,0,0,0.326,ultrasonic-not-close,KEEP_PAUSED,left,right,,0
1447,2026-08-01T16:19:58.284+09:00,167.672,1446,8.63,0,DRIVING,,0,1,1,-0.007090,0.012761,0.012761,0,744,unknown,0,unknown,0.000000,null,0.000000,0.317,,"{""0"": 193, ""1"": 197, ""2"": null, ""3"": null, ""4"": null, ""5"": null, ""6"": null, ""7"": null}","{""0"": 0.0, ""1"": 0.0, ""2"": null, ""3"": null, ""4"": null, ""5"": null, ""6"": null, ""7"": null}","{""0"": 193, ""1"": 197}",193,1,0,0,0,0.317,ultrasonic-not-close,KEEP_PAUSED,left,right,,0
1448,2026-08-01T16:19:58.395+09:00,167.785,1447,8.63,0,DRIVING,,0,1,1,-0.007090,0.012761,0.012761,0,745,unknown,0,unknown,0.000000,null,0.000000,0.306,,"{""0"": 194, ""1"": 196, ""2"": null, ""3"": null, ""4"": null, ""5"": null, ""6"": null, ""7"": null}","{""0"": 0.0, ""1"": 0.0, ""2"": null, ""3"": null, ""4"": null, ""5"": null, ""6"": null, ""7"": null}","{""0"": 194, ""1"": 196}",194,1,0,0,0,0.306,ultrasonic-not-close,KEEP_PAUSED,left,right,,0
1449,2026-08-01T16:19:58.513+09:00,167.902,1448,8.63,0,DRIVING,,0,1,1,-0.007090,0.012761,0.012761,0,744,unknown,0,unknown,0.000000,null,0.000000,0.196,,"{""0"": 193, ""1"": 196, ""2"": null, ""3"": null, ""4"": null, ""5"": null, ""6"": null, ""7"": null}","{""0"": 0.0, ""1"": 0.0, ""2"": null, ""3"": null, ""4"": null, ""5"": null, ""6"": null, ""7"": null}","{""0"": 193, ""1"": 196}",193,1,0,0,0,0.196,ultrasonic-not-close,KEEP_PAUSED,left,right,,0
1450,2026-08-01T16:19:58.625+09:00,168.012,1449,8.63,0,DRIVING,,0,1,1,-0.007090,0.012761,0.012761,0,745,unknown,0,unknown,0.000000,null,0.000000,0.307,,"{""0"": 194, ""1"": 196, ""2"": null, ""3"": null, ""4"": null, ""5"": null, ""6"": null, ""7"": null}","{""0"": 0.0, ""1"": 0.0, ""2"": null, ""3"": null, ""4"": null, ""5"": null, ""6"": null, ""7"": null}","{""0"": 194, ""1"": 196}",194,1,0,0,0,0.307,ultrasonic-not-close,KEEP_PAUSED,left,right,,0
1451,2026-08-01T16:19:58.732+09:00,168.122,1450,8.63,0,DRIVING,,0,1,1,-0.007090,0.012761,0.012761,0,745,unknown,0,unknown,0.000000,null,0.000000,0.306,,"{""0"": 193, ""1"": 196, ""2"": null, ""3"": null, ""4"": null, ""5"": null, ""6"": null, ""7"": null}","{""0"": 0.0, ""1"": 0.0, ""2"": null, ""3"": null, ""4"": null, ""5"": null, ""6"": null, ""7"": null}","{""0"": 193, ""1"": 196}",193,1,0,0,0,0.306,ultrasonic-not-close,KEEP_PAUSED,left,right,,0
1452,2026-08-01T16:19:58.845+09:00,168.235,1451,8.63,0,DRIVING,,0,1,1,-0.007090,0.012762,0.012762,0,745,unknown,0,unknown,0.000000,null,0.000000,0.187,,"{""0"": 193, ""1"": 196, ""2"": null, ""3"": null, ""4"": null, ""5"": null, ""6"": null, ""7"": null}","{""0"": 0.0, ""1"": 0.0, ""2"": null, ""3"": null, ""4"": null, ""5"": null, ""6"": null, ""7"": null}","{""0"": 193, ""1"": 196}",193,1,0,0,0,0.187,ultrasonic-not-close,KEEP_PAUSED,left,right,,0
1453,2026-08-01T16:19:58.957+09:00,168.347,1452,8.63,0,DRIVING,,0,1,1,-0.007090,0.012762,0.012762,0,745,unknown,0,unknown,0.000000,null,0.000000,0.297,,"{""0"": 194, ""1"": 196, ""2"": null, ""3"": null, ""4"": null, ""5"": null, ""6"": null, ""7"": null}","{""0"": 0.0, ""1"": 0.0, ""2"": null, ""3"": null, ""4"": null, ""5"": null, ""6"": null, ""7"": null}","{""0"": 194, ""1"": 196}",194,1,0,0,0,0.297,ultrasonic-not-close,KEEP_PAUSED,left,right,,0
1454,2026-08-01T16:19:59.067+09:00,168.456,1453,8.63,0,DRIVING,,0,1,1,-0.007090,0.012762,0.012762,0,745,unknown,0,unknown,0.000000,null,0.000000,0.300,,"{""0"": 194, ""1"": 196, ""2"": null, ""3"": null, ""4"": null, ""5"": null, ""6"": null, ""7"": null}","{""0"": 0.0, ""1"": 0.0, ""2"": null, ""3"": null, ""4"": null, ""5"": null, ""6"": null, ""7"": null}","{""0"": 194, ""1"": 196}",194,1,0,0,0,0.300,ultrasonic-not-close,KEEP_PAUSED,left,right,,0
1455,2026-08-01T16:19:59.183+09:00,168.572,1454,8.63,0,DRIVING,,0,1,1,-0.007090,0.012762,0.012762,0,744,unknown,0,unknown,0.000000,null,0.000000,0.302,,"{""0"": 193, ""1"": 196, ""2"": null, ""3"": null, ""4"": null, ""5"": null, ""6"": null, ""7"": null}","{""0"": 0.0, ""1"": 0.0, ""2"": null, ""3"": null, ""4"": null, ""5"": null, ""6"": null, ""7"": null}","{""0"": 193, ""1"": 196}",193,1,0,0,0,0.302,ultrasonic-not-close,KEEP_PAUSED,left,right,,0
1456,2026-08-01T16:19:59.300+09:00,168.687,1455,8.63,0,DRIVING,,0,1,1,-0.007090,0.012762,0.012762,0,744,unknown,0,unknown,0.000000,null,0.000000,0.418,,"{""0"": 192, ""1"": 196, ""2"": null, ""3"": null, ""4"": null, ""5"": null, ""6"": null, ""7"": null}","{""0"": 0.0, ""1"": 0.0, ""2"": null, ""3"": null, ""4"": null, ""5"": null, ""6"": null, ""7"": null}","{""0"": 192, ""1"": 196}",192,1,0,0,0,0.418,ultrasonic-not-close,KEEP_PAUSED,left,right,,0
1457,2026-08-01T16:19:59.413+09:00,168.802,1456,8.63,0,DRIVING,,0,1,1,-0.007090,0.012762,0.012762,0,745,unknown,0,unknown,0.000000,null,0.000000,0.311,,"{""0"": 193, ""1"": 196, ""2"": null, ""3"": null, ""4"": null, ""5"": null, ""6"": null, ""7"": null}","{""0"": 0.0, ""1"": 0.0, ""2"": null, ""3"": null, ""4"": null, ""5"": null, ""6"": null, ""7"": null}","{""0"": 193, ""1"": 196}",193,1,0,0,0,0.311,ultrasonic-not-close,KEEP_PAUSED,left,right,,0
1458,2026-08-01T16:19:59.527+09:00,168.916,1457,8.63,0,DRIVING,,0,1,1,-0.007090,0.012762,0.012762,0,745,unknown,0,unknown,0.000000,null,0.000000,0.309,,"{""0"": 193, ""1"": 196, ""2"": null, ""3"": null, ""4"": null, ""5"": null, ""6"": null, ""7"": null}","{""0"": 0.0, ""1"": 0.0, ""2"": null, ""3"": null, ""4"": null, ""5"": null, ""6"": null, ""7"": null}","{""0"": 193, ""1"": 196}",193,1,0,0,0,0.309,ultrasonic-not-close,KEEP_PAUSED,left,right,,0
1459,2026-08-01T16:19:59.649+09:00,169.038,1458,8.63,0,DRIVING,,0,1,1,-0.007090,0.012762,0.012762,0,745,green,0,unknown,0.000000,null,0.000000,0.203,,"{""0"": 193, ""1"": 196, ""2"": null, ""3"": null, ""4"": null, ""5"": null, ""6"": null, ""7"": null}","{""0"": 0.0, ""1"": 0.0, ""2"": null, ""3"": null, ""4"": null, ""5"": null, ""6"": null, ""7"": null}","{""0"": 193, ""1"": 196}",193,1,0,0,0,0.203,ultrasonic-not-close,KEEP_PAUSED,left,right,,0
1460,2026-08-01T16:19:59.763+09:00,169.151,1459,8.63,0,STOPPED_RED,state:DRIVING->STOPPED_RED,1,1,1,-0.007090,0.000000,0.000000,0,745,green,0,unknown,0.000000,null,0.000000,0.315,,"{""0"": 193, ""1"": 197, ""2"": null, ""3"": null, ""4"": null, ""5"": null, ""6"": null, ""7"": null}","{""0"": 0.0, ""1"": 0.0, ""2"": null, ""3"": null, ""4"": null, ""5"": null, ""6"": null, ""7"": null}","{""0"": 193, ""1"": 197}",193,1,0,0,0,0.315,ultrasonic-not-close,KEEP_PAUSED,left,right,,0
1461,2026-08-01T16:19:59.872+09:00,169.261,1460,8.63,0,STOPPED_RED,,1,1,1,-0.007090,0.000000,0.000000,0,745,green,0,unknown,0.000000,null,0.000000,0.311,,"{""0"": 193, ""1"": 197, ""2"": null, ""3"": null, ""4"": null, ""5"": null, ""6"": null, ""7"": null}","{""0"": 0.0, ""1"": 0.0, ""2"": null, ""3"": null, ""4"": null, ""5"": null, ""6"": null, ""7"": null}","{""0"": 193, ""1"": 197}",193,1,0,0,0,0.311,ultrasonic-not-close,KEEP_PAUSED,left,right,,0
1462,2026-08-01T16:19:59.985+09:00,169.374,1461,8.63,0,STOPPED_RED,,1,1,1,-0.007090,0.000000,0.000000,0,745,green,0,unknown,0.000000,null,0.000000,0.302,,"{""0"": 193, ""1"": 198, ""2"": null, ""3"": null, ""4"": null, ""5"": null, ""6"": null, ""7"": null}","{""0"": 0.0, ""1"": 0.0, ""2"": null, ""3"": null, ""4"": null, ""5"": null, ""6"": null, ""7"": null}","{""0"": 193, ""1"": 198}",193,1,0,0,0,0.302,ultrasonic-not-close,KEEP_PAUSED,left,right,,0
1463,2026-08-01T16:20:00.109+09:00,169.497,1462,8.63,0,STOPPED_RED,,1,1,1,-0.007090,0.000000,0.000000,0,745,green,0,unknown,0.000000,null,0.000000,0.426,,"{""0"": 193, ""1"": 197, ""2"": null, ""3"": null, ""4"": null, ""5"": null, ""6"": null, ""7"": null}","{""0"": 0.0, ""1"": 0.0, ""2"": null, ""3"": null, ""4"": null, ""5"": null, ""6"": null, ""7"": null}","{""0"": 193, ""1"": 197}",193,1,0,0,0,0.426,ultrasonic-not-close,KEEP_PAUSED,left,right,,0
1464,2026-08-01T16:20:00.228+09:00,169.617,1463,8.63,0,STOPPED_RED,,1,1,1,-0.007090,0.000000,0.000000,0,745,green,0,unknown,0.000000,null,0.000000,0.321,,"{""0"": 193, ""1"": 197, ""2"": null, ""3"": null, ""4"": null, ""5"": null, ""6"": null, ""7"": null}","{""0"": 0.0, ""1"": 0.0, ""2"": null, ""3"": null, ""4"": null, ""5"": null, ""6"": null, ""7"": null}","{""0"": 193, ""1"": 197}",193,1,0,0,0,0.321,ultrasonic-not-close,KEEP_PAUSED,left,right,,0
1465,2026-08-01T16:20:00.350+09:00,169.738,1464,8.63,0,STOPPED_RED,,1,1,1,-0.007090,0.000000,0.000000,0,745,green,0,unknown,0.000000,null,0.000000,0.329,,"{""0"": 194, ""1"": 197, ""2"": null, ""3"": null, ""4"": null, ""5"": null, ""6"": null, ""7"": null}","{""0"": 0.0, ""1"": 0.0, ""2"": null, ""3"": null, ""4"": null, ""5"": null, ""6"": null, ""7"": null}","{""0"": 194, ""1"": 197}",194,1,0,0,0,0.329,ultrasonic-not-close,KEEP_PAUSED,left,right,,0
1466,2026-08-01T16:20:00.466+09:00,169.855,1465,8.63,0,STOPPED_RED,,1,1,1,-0.007090,0.000000,0.000000,0,745,green,0,unknown,0.000000,null,0.000000,0.204,,"{""0"": 194, ""1"": 197, ""2"": null, ""3"": null, ""4"": null, ""5"": null, ""6"": null, ""7"": null}","{""0"": 0.0, ""1"": 0.0, ""2"": null, ""3"": null, ""4"": null, ""5"": null, ""6"": null, ""7"": null}","{""0"": 194, ""1"": 197}",194,1,0,0,0,0.204,ultrasonic-not-close,KEEP_PAUSED,left,right,,0
1467,2026-08-01T16:20:00.585+09:00,169.975,1466,8.63,0,STOPPED_RED,,1,1,1,-0.007090,0.000000,0.000000,0,745,green,0,unknown,0.000000,null,0.000000,0.323,,"{""0"": 194, ""1"": 198, ""2"": null, ""3"": null, ""4"": null, ""5"": null, ""6"": null, ""7"": null}","{""0"": 0.0, ""1"": 0.0, ""2"": null, ""3"": null, ""4"": null, ""5"": null, ""6"": null, ""7"": null}","{""0"": 194, ""1"": 198}",194,1,0,0,0,0.323,ultrasonic-not-close,KEEP_PAUSED,left,right,,0
1468,2026-08-01T16:20:00.699+09:00,170.088,1467,8.63,0,STOPPED_RED,,1,1,1,-0.007090,0.000000,0.000000,0,744,green,0,unknown,0.000000,null,0.000000,0.315,,"{""0"": 194, ""1"": 196, ""2"": null, ""3"": null, ""4"": null, ""5"": null, ""6"": null, ""7"": null}","{""0"": 0.0, ""1"": 0.0, ""2"": null, ""3"": null, ""4"": null, ""5"": null, ""6"": null, ""7"": null}","{""0"": 194, ""1"": 196}",194,1,0,0,0,0.315,ultrasonic-not-close,KEEP_PAUSED,left,right,,0
1469,2026-08-01T16:20:00.810+09:00,170.201,1468,8.63,0,STOPPED_RED,,1,1,1,-0.007090,0.000000,0.000000,0,744,green,0,unknown,0.000000,null,0.000000,0.312,,"{""0"": 194, ""1"": 198, ""2"": null, ""3"": null, ""4"": null, ""5"": null, ""6"": null, ""7"": null}","{""0"": 0.0, ""1"": 0.0, ""2"": null, ""3"": null, ""4"": null, ""5"": null, ""6"": null, ""7"": null}","{""0"": 194, ""1"": 198}",194,1,0,0,0,0.312,ultrasonic-not-close,KEEP_PAUSED,left,right,,0
1470,2026-08-01T16:20:00.931+09:00,170.321,1469,8.63,0,STOPPED_RED,,1,1,1,-0.007090,0.000000,0.000000,0,744,green,0,unknown,0.000000,null,0.000000,0.199,,"{""0"": 194, ""1"": 198, ""2"": null, ""3"": null, ""4"": null, ""5"": null, ""6"": null, ""7"": null}","{""0"": 0.0, ""1"": 0.0, ""2"": null, ""3"": null, ""4"": null, ""5"": null, ""6"": null, ""7"": null}","{""0"": 194, ""1"": 198}",194,1,0,0,0,0.199,ultrasonic-not-close,KEEP_PAUSED,left,right,,0
1471,2026-08-01T16:20:01.048+09:00,170.436,1470,8.63,0,STOPPED_RED,,1,1,1,-0.007090,0.000000,0.000000,0,744,green,0,unknown,0.000000,null,0.000000,0.313,,"{""0"": 194, ""1"": 196, ""2"": null, ""3"": null, ""4"": null, ""5"": null, ""6"": null, ""7"": null}","{""0"": 0.0, ""1"": 0.0, ""2"": null, ""3"": null, ""4"": null, ""5"": null, ""6"": null, ""7"": null}","{""0"": 194, ""1"": 196}",194,1,0,0,0,0.313,ultrasonic-not-close,KEEP_PAUSED,left,right,,0
1472,2026-08-01T16:20:01.162+09:00,170.551,1471,8.63,0,STOPPED_RED,,1,1,1,-0.007090,0.000000,0.000000,0,745,green,0,unknown,0.000000,null,0.000000,0.317,,"{""0"": 193, ""1"": 196, ""2"": null, ""3"": null, ""4"": null, ""5"": null, ""6"": null, ""7"": null}","{""0"": 0.0, ""1"": 0.0, ""2"": null, ""3"": null, ""4"": null, ""5"": null, ""6"": null, ""7"": null}","{""0"": 193, ""1"": 196}",193,1,0,0,0,0.317,ultrasonic-not-close,KEEP_PAUSED,left,right,,0
1473,2026-08-01T16:20:01.278+09:00,170.667,1472,8.63,0,STOPPED_RED,,1,1,1,-0.007090,0.000000,0.000000,0,745,green,0,unknown,0.000000,null,0.000000,0.313,,"{""0"": 194, ""1"": 196, ""2"": null, ""3"": null, ""4"": null, ""5"": null, ""6"": null, ""7"": null}","{""0"": 0.0, ""1"": 0.0, ""2"": null, ""3"": null, ""4"": null, ""5"": null, ""6"": null, ""7"": null}","{""0"": 194, ""1"": 196}",194,1,0,0,0,0.313,ultrasonic-not-close,KEEP_PAUSED,left,right,,0
1474,2026-08-01T16:20:01.399+09:00,170.788,1473,8.63,0,STOPPED_RED,,1,1,1,-0.007090,0.000000,0.000000,0,745,green,0,unknown,0.000000,null,0.000000,0.435,,"{""0"": 194, ""1"": 196, ""2"": null, ""3"": null, ""4"": null, ""5"": null, ""6"": null, ""7"": null}","{""0"": 0.0, ""1"": 0.0, ""2"": null, ""3"": null, ""4"": null, ""5"": null, ""6"": null, ""7"": null}","{""0"": 194, ""1"": 196}",194,1,0,0,0,0.435,ultrasonic-not-close,KEEP_PAUSED,left,right,,0
1475,2026-08-01T16:20:01.515+09:00,170.903,1474,8.63,0,STOPPED_RED,,1,1,1,-0.007090,0.000000,0.000000,0,744,green,0,unknown,0.000000,null,0.000000,0.317,,"{""0"": 194, ""1"": 197, ""2"": null, ""3"": null, ""4"": null, ""5"": null, ""6"": null, ""7"": null}","{""0"": 0.0, ""1"": 0.0, ""2"": null, ""3"": null, ""4"": null, ""5"": null, ""6"": null, ""7"": null}","{""0"": 194, ""1"": 197}",194,1,0,0,0,0.317,ultrasonic-not-close,KEEP_PAUSED,left,right,,0
1476,2026-08-01T16:20:01.626+09:00,171.015,1475,8.63,0,STOPPED_RED,,1,1,1,-0.007090,0.000000,0.000000,0,745,green,0,unknown,0.000000,null,0.000000,0.314,,"{""0"": 193, ""1"": 197, ""2"": null, ""3"": null, ""4"": null, ""5"": null, ""6"": null, ""7"": null}","{""0"": 0.0, ""1"": 0.0, ""2"": null, ""3"": null, ""4"": null, ""5"": null, ""6"": null, ""7"": null}","{""0"": 193, ""1"": 197}",193,1,0,0,0,0.314,ultrasonic-not-close,KEEP_PAUSED,left,right,,0
1477,2026-08-01T16:20:01.744+09:00,171.133,1476,8.63,0,STOPPED_RED,,1,1,1,-0.007090,0.000000,0.000000,0,745,green,0,unknown,0.000000,null,0.000000,0.194,,"{""0"": 193, ""1"": 196, ""2"": null, ""3"": null, ""4"": null, ""5"": null, ""6"": null, ""7"": null}","{""0"": 0.0, ""1"": 0.0, ""2"": null, ""3"": null, ""4"": null, ""5"": null, ""6"": null, ""7"": null}","{""0"": 193, ""1"": 196}",193,1,0,0,0,0.194,ultrasonic-not-close,KEEP_PAUSED,left,right,,0
1478,2026-08-01T16:20:01.864+09:00,171.251,1477,8.63,0,STOPPED_RED,,1,1,1,-0.007090,0.000000,0.000000,0,745,green,0,unknown,0.000000,null,0.000000,0.312,,"{""0"": 194, ""1"": 196, ""2"": null, ""3"": null, ""4"": null, ""5"": null, ""6"": null, ""7"": null}","{""0"": 0.0, ""1"": 0.0, ""2"": null, ""3"": null, ""4"": null, ""5"": null, ""6"": null, ""7"": null}","{""0"": 194, ""1"": 196}",194,1,0,0,0,0.312,ultrasonic-not-close,KEEP_PAUSED,left,right,,0
1479,2026-08-01T16:20:01.975+09:00,171.364,1478,8.63,0,STOPPED_RED,,1,1,1,-0.007090,0.000000,0.000000,0,744,green,0,unknown,0.000000,null,0.000000,0.315,,"{""0"": 194, ""1"": 197, ""2"": null, ""3"": null, ""4"": null, ""5"": null, ""6"": null, ""7"": null}","{""0"": 0.0, ""1"": 0.0, ""2"": null, ""3"": null, ""4"": null, ""5"": null, ""6"": null, ""7"": null}","{""0"": 194, ""1"": 197}",194,1,0,0,0,0.315,ultrasonic-not-close,KEEP_PAUSED,left,right,,0
1480,2026-08-01T16:20:02.098+09:00,171.478,1479,8.63,0,STOPPED_RED,,1,1,1,-0.007090,0.000000,0.000000,0,745,green,0,unknown,0.000000,null,0.000000,0.310,,"{""0"": 194, ""1"": 196, ""2"": null, ""3"": null, ""4"": null, ""5"": null, ""6"": null, ""7"": null}","{""0"": 0.0, ""1"": 0.0, ""2"": null, ""3"": null, ""4"": null, ""5"": null, ""6"": null, ""7"": null}","{""0"": 194, ""1"": 196}",194,1,0,0,0,0.310,ultrasonic-not-close,KEEP_PAUSED,left,right,,0
1481,2026-08-01T16:20:02.214+09:00,171.603,1480,8.63,0,STOPPED_RED,,1,1,1,-0.007090,0.000000,0.000000,0,746,green,0,unknown,0.000000,null,0.000000,0.205,,"{""0"": 194, ""1"": 197, ""2"": null, ""3"": null, ""4"": null, ""5"": null, ""6"": null, ""7"": null}","{""0"": 0.0, ""1"": 0.0, ""2"": null, ""3"": null, ""4"": null, ""5"": null, ""6"": null, ""7"": null}","{""0"": 194, ""1"": 197}",194,1,0,0,0,0.205,ultrasonic-not-close,KEEP_PAUSED,left,right,,0
1482,2026-08-01T16:20:02.332+09:00,171.721,1481,8.63,0,STOPPED_RED,,1,1,1,-0.007090,0.000000,0.000000,0,745,green,0,unknown,0.000000,null,0.000000,0.322,,"{""0"": 194, ""1"": 197, ""2"": null, ""3"": null, ""4"": null, ""5"": null, ""6"": null, ""7"": null}","{""0"": 0.0, ""1"": 0.0, ""2"": null, ""3"": null, ""4"": null, ""5"": null, ""6"": null, ""7"": null}","{""0"": 194, ""1"": 197}",194,1,0,0,0,0.322,ultrasonic-not-close,KEEP_PAUSED,left,right,,0
1483,2026-08-01T16:20:02.444+09:00,171.833,1482,8.63,0,STOPPED_RED,,1,1,1,-0.007090,0.000000,0.000000,0,746,green,0,unknown,0.000000,null,0.000000,0.312,,"{""0"": 194, ""1"": 196, ""2"": null, ""3"": null, ""4"": null, ""5"": null, ""6"": null, ""7"": null}","{""0"": 0.0, ""1"": 0.0, ""2"": null, ""3"": null, ""4"": null, ""5"": null, ""6"": null, ""7"": null}","{""0"": 194, ""1"": 196}",194,1,0,0,0,0.312,ultrasonic-not-close,KEEP_PAUSED,left,right,,0
1484,2026-08-01T16:20:02.567+09:00,171.956,1483,8.63,0,STOPPED_RED,,1,1,1,-0.007090,0.000000,0.000000,0,745,green,0,unknown,0.000000,null,0.000000,0.320,,"{""0"": 194, ""1"": 196, ""2"": null, ""3"": null, ""4"": null, ""5"": null, ""6"": null, ""7"": null}","{""0"": 0.0, ""1"": 0.0, ""2"": null, ""3"": null, ""4"": null, ""5"": null, ""6"": null, ""7"": null}","{""0"": 194, ""1"": 196}",194,1,0,0,0,0.320,ultrasonic-not-close,KEEP_PAUSED,left,right,,0
1485,2026-08-01T16:20:02.695+09:00,172.083,1484,8.63,0,STOPPED_RED,,1,1,1,-0.007090,0.000000,0.000000,0,745,green,0,unknown,0.000000,null,0.000000,0.214,,"{""0"": 193, ""1"": 196, ""2"": null, ""3"": null, ""4"": null, ""5"": null, ""6"": null, ""7"": null}","{""0"": 0.0, ""1"": 0.0, ""2"": null, ""3"": null, ""4"": null, ""5"": null, ""6"": null, ""7"": null}","{""0"": 193, ""1"": 196}",193,1,0,0,0,0.214,ultrasonic-not-close,KEEP_PAUSED,left,right,,0
1486,2026-08-01T16:20:02.814+09:00,172.202,1485,8.63,0,STOPPED_RED,,1,1,1,-0.007090,0.000000,0.000000,0,744,green,0,unknown,0.000000,null,0.000000,0.334,,"{""0"": 194, ""1"": 196, ""2"": null, ""3"": null, ""4"": null, ""5"": null, ""6"": null, ""7"": null}","{""0"": 0.0, ""1"": 0.0, ""2"": null, ""3"": null, ""4"": null, ""5"": null, ""6"": null, ""7"": null}","{""0"": 194, ""1"": 196}",194,1,0,0,0,0.334,ultrasonic-not-close,KEEP_PAUSED,left,right,,0
1487,2026-08-01T16:20:02.925+09:00,172.314,1486,8.63,0,STOPPED_RED,,1,1,1,-0.007090,0.000000,0.000000,0,745,green,0,unknown,0.000000,null,0.000000,0.324,,"{""0"": 194, ""1"": 196, ""2"": null, ""3"": null, ""4"": null, ""5"": null, ""6"": null, ""7"": null}","{""0"": 0.0, ""1"": 0.0, ""2"": null, ""3"": null, ""4"": null, ""5"": null, ""6"": null, ""7"": null}","{""0"": 194, ""1"": 196}",194,1,0,0,0,0.324,ultrasonic-not-close,KEEP_PAUSED,left,right,,0
1488,2026-08-01T16:20:03.038+09:00,172.428,1487,8.63,0,STOPPED_RED,,1,1,1,-0.007090,0.000000,0.000000,0,744,green,0,unknown,0.000000,null,0.000000,0.192,,"{""0"": 194, ""1"": 197, ""2"": null, ""3"": null, ""4"": null, ""5"": null, ""6"": null, ""7"": null}","{""0"": 0.0, ""1"": 0.0, ""2"": null, ""3"": null, ""4"": null, ""5"": null, ""6"": null, ""7"": null}","{""0"": 194, ""1"": 197}",194,1,0,0,0,0.192,ultrasonic-not-close,KEEP_PAUSED,left,right,,0
1489,2026-08-01T16:20:03.155+09:00,172.544,1488,8.63,0,STOPPED_RED,,1,1,1,-0.007090,0.000000,0.000000,0,745,green,0,unknown,0.000000,null,0.000000,0.308,,"{""0"": 194, ""1"": 196, ""2"": null, ""3"": null, ""4"": null, ""5"": null, ""6"": null, ""7"": null}","{""0"": 0.0, ""1"": 0.0, ""2"": null, ""3"": null, ""4"": null, ""5"": null, ""6"": null, ""7"": null}","{""0"": 194, ""1"": 196}",194,1,0,0,0,0.308,ultrasonic-not-close,KEEP_PAUSED,left,right,,0
1490,2026-08-01T16:20:03.267+09:00,172.656,1489,8.63,0,STOPPED_RED,,1,1,1,-0.007090,0.000000,0.000000,0,745,green,0,unknown,0.000000,null,0.000000,0.309,,"{""0"": 194, ""1"": 196, ""2"": null, ""3"": null, ""4"": null, ""5"": null, ""6"": null, ""7"": null}","{""0"": 0.0, ""1"": 0.0, ""2"": null, ""3"": null, ""4"": null, ""5"": null, ""6"": null, ""7"": null}","{""0"": 194, ""1"": 196}",194,1,0,0,0,0.309,ultrasonic-not-close,KEEP_PAUSED,left,right,,0
1491,2026-08-01T16:20:03.381+09:00,172.771,1490,8.63,0,STOPPED_RED,,1,1,1,-0.007090,0.000000,0.000000,0,745,green,0,unknown,0.000000,null,0.000000,0.310,,"{""0"": 194, ""1"": 196, ""2"": null, ""3"": null, ""4"": null, ""5"": null, ""6"": null, ""7"": null}","{""0"": 0.0, ""1"": 0.0, ""2"": null, ""3"": null, ""4"": null, ""5"": null, ""6"": null, ""7"": null}","{""0"": 194, ""1"": 196}",194,1,0,0,0,0.310,ultrasonic-not-close,KEEP_PAUSED,left,right,,0
1492,2026-08-01T16:20:03.499+09:00,172.888,1491,8.63,0,STOPPED_RED,,1,1,1,-0.007090,0.000000,0.000000,0,745,green,0,unknown,0.000000,null,0.000000,0.197,,"{""0"": 194, ""1"": 196, ""2"": null, ""3"": null, ""4"": null, ""5"": null, ""6"": null, ""7"": null}","{""0"": 0.0, ""1"": 0.0, ""2"": null, ""3"": null, ""4"": null, ""5"": null, ""6"": null, ""7"": null}","{""0"": 194, ""1"": 196}",194,1,0,0,0,0.197,ultrasonic-not-close,KEEP_PAUSED,left,right,,0
1493,2026-08-01T16:20:03.616+09:00,173.004,1492,8.63,0,STOPPED_RED,,1,1,1,-0.007090,0.000000,0.000000,0,744,green,0,unknown,0.000000,null,0.000000,0.312,,"{""0"": 195, ""1"": 197, ""2"": null, ""3"": null, ""4"": null, ""5"": null, ""6"": null, ""7"": null}","{""0"": 0.0, ""1"": 0.0, ""2"": null, ""3"": null, ""4"": null, ""5"": null, ""6"": null, ""7"": null}","{""0"": 195, ""1"": 197}",195,1,0,0,0,0.312,ultrasonic-not-close,KEEP_PAUSED,left,right,,0
1494,2026-08-01T16:20:03.736+09:00,173.125,1493,8.63,0,STOPPED_RED,,1,1,1,-0.007090,0.000000,0.000000,0,745,green,0,unknown,0.000000,null,0.000000,0.321,,"{""0"": 194, ""1"": 197, ""2"": null, ""3"": null, ""4"": null, ""5"": null, ""6"": null, ""7"": null}","{""0"": 0.0, ""1"": 0.0, ""2"": null, ""3"": null, ""4"": null, ""5"": null, ""6"": null, ""7"": null}","{""0"": 194, ""1"": 197}",194,1,0,0,0,0.321,ultrasonic-not-close,KEEP_PAUSED,left,right,,0
1495,2026-08-01T16:20:03.855+09:00,173.244,1494,8.63,0,STOPPED_RED,,1,1,1,-0.007090,0.000000,0.000000,0,745,green,0,unknown,0.000000,null,0.000000,0.205,,"{""0"": 194, ""1"": 197, ""2"": null, ""3"": null, ""4"": null, ""5"": null, ""6"": null, ""7"": null}","{""0"": 0.0, ""1"": 0.0, ""2"": null, ""3"": null, ""4"": null, ""5"": null, ""6"": null, ""7"": null}","{""0"": 194, ""1"": 197}",194,1,0,0,0,0.205,ultrasonic-not-close,KEEP_PAUSED,left,right,,0
1496,2026-08-01T16:20:03.988+09:00,173.377,1495,8.63,0,STOPPED_RED,,1,1,1,-0.007090,0.000000,0.000000,0,745,green,0,unknown,0.000000,null,0.000000,0.219,,"{""0"": 194, ""1"": 197, ""2"": null, ""3"": null, ""4"": null, ""5"": null, ""6"": null, ""7"": null}","{""0"": 0.0, ""1"": 0.0, ""2"": null, ""3"": null, ""4"": null, ""5"": null, ""6"": null, ""7"": null}","{""0"": 194, ""1"": 197}",194,1,0,0,0,0.219,ultrasonic-not-close,KEEP_PAUSED,left,right,,0
1497,2026-08-01T16:20:04.114+09:00,173.502,1496,8.63,0,STOPPED_RED,,1,1,1,-0.007090,0.000000,0.000000,0,744,green,0,unknown,0.000000,null,0.000000,0.344,,"{""0"": 194, ""1"": 197, ""2"": null, ""3"": null, ""4"": null, ""5"": null, ""6"": null, ""7"": null}","{""0"": 0.0, ""1"": 0.0, ""2"": null, ""3"": null, ""4"": null, ""5"": null, ""6"": null, ""7"": null}","{""0"": 194, ""1"": 197}",194,1,0,0,0,0.344,ultrasonic-not-close,KEEP_PAUSED,left,right,,0
1498,2026-08-01T16:20:04.231+09:00,173.620,1497,8.63,0,STOPPED_RED,,1,1,1,-0.007090,0.000000,0.000000,0,744,green,0,unknown,0.000000,null,0.000000,0.341,,"{""0"": 194, ""1"": 197, ""2"": null, ""3"": null, ""4"": null, ""5"": null, ""6"": null, ""7"": null}","{""0"": 0.0, ""1"": 0.0, ""2"": null, ""3"": null, ""4"": null, ""5"": null, ""6"": null, ""7"": null}","{""0"": 194, ""1"": 197}",194,1,0,0,0,0.341,ultrasonic-not-close,KEEP_PAUSED,left,right,,0
1499,2026-08-01T16:20:04.353+09:00,173.742,1498,8.63,0,STOPPED_RED,,1,1,1,-0.007090,0.000000,0.000000,0,745,green,0,unknown,0.000000,null,0.000000,0.332,,"{""0"": 194, ""1"": 196, ""2"": null, ""3"": null, ""4"": null, ""5"": null, ""6"": null, ""7"": null}","{""0"": 0.0, ""1"": 0.0, ""2"": null, ""3"": null, ""4"": null, ""5"": null, ""6"": null, ""7"": null}","{""0"": 194, ""1"": 196}",194,1,0,0,0,0.332,ultrasonic-not-close,KEEP_PAUSED,left,right,,0
1500,2026-08-01T16:20:04.475+09:00,173.865,1499,8.63,0,STOPPED_RED,,1,1,1,-0.007090,0.000000,0.000000,0,744,green,0,unknown,0.000000,null,0.000000,0.212,,"{""0"": 193, ""1"": 197, ""2"": null, ""3"": null, ""4"": null, ""5"": null, ""6"": null, ""7"": null}","{""0"": 0.0, ""1"": 0.0, ""2"": null, ""3"": null, ""4"": null, ""5"": null, ""6"": null, ""7"": null}","{""0"": 193, ""1"": 197}",193,1,0,0,0,0.212,ultrasonic-not-close,KEEP_PAUSED,left,right,,0
1501,2026-08-01T16:20:04.607+09:00,173.995,1500,8.63,0,STOPPED_RED,,1,1,1,-0.007090,0.000000,0.000000,0,745,green,0,unknown,0.000000,null,0.000000,0.340,,"{""0"": 194, ""1"": 198, ""2"": null, ""3"": null, ""4"": null, ""5"": null, ""6"": null, ""7"": null}","{""0"": 0.0, ""1"": 0.0, ""2"": null, ""3"": null, ""4"": null, ""5"": null, ""6"": null, ""7"": null}","{""0"": 194, ""1"": 198}",194,1,0,0,0,0.340,ultrasonic-not-close,KEEP_PAUSED,left,right,,0
1502,2026-08-01T16:20:04.728+09:00,174.117,1501,8.63,0,STOPPED_RED,,1,1,1,-0.007090,0.000000,0.000000,0,744,green,0,unknown,0.000000,null,0.000000,0.340,,"{""0"": 194, ""1"": 197, ""2"": null, ""3"": null, ""4"": null, ""5"": null, ""6"": null, ""7"": null}","{""0"": 0.0, ""1"": 0.0, ""2"": null, ""3"": null, ""4"": null, ""5"": null, ""6"": null, ""7"": null}","{""0"": 194, ""1"": 197}",194,1,0,0,0,0.340,ultrasonic-not-close,KEEP_PAUSED,left,right,,0
1503,2026-08-01T16:20:04.846+09:00,174.235,1502,8.63,0,STOPPED_RED,,1,1,1,-0.007090,0.000000,0.000000,0,744,green,0,unknown,0.000000,null,0.000000,0.336,,"{""0"": 194, ""1"": 196, ""2"": null, ""3"": null, ""4"": null, ""5"": null, ""6"": null, ""7"": null}","{""0"": 0.0, ""1"": 0.0, ""2"": null, ""3"": null, ""4"": null, ""5"": null, ""6"": null, ""7"": null}","{""0"": 194, ""1"": 196}",194,1,0,0,0,0.336,ultrasonic-not-close,KEEP_PAUSED,left,right,,0
1504,2026-08-01T16:20:04.976+09:00,174.365,1503,8.63,0,STOPPED_RED,,1,1,1,-0.007090,0.000000,0.000000,0,745,green,0,unknown,0.000000,null,0.000000,0.215,,"{""0"": 194, ""1"": 196, ""2"": null, ""3"": null, ""4"": null, ""5"": null, ""6"": null, ""7"": null}","{""0"": 0.0, ""1"": 0.0, ""2"": null, ""3"": null, ""4"": null, ""5"": null, ""6"": null, ""7"": null}","{""0"": 194, ""1"": 196}",194,1,0,0,0,0.215,ultrasonic-not-close,KEEP_PAUSED,left,right,,0
1505,2026-08-01T16:20:05.101+09:00,174.490,1504,8.63,0,STOPPED_RED,,1,1,1,-0.007090,0.000000,0.000000,0,745,green,0,unknown,0.000000,null,0.000000,0.339,,"{""0"": 194, ""1"": 196, ""2"": null, ""3"": null, ""4"": null, ""5"": null, ""6"": null, ""7"": null}","{""0"": 0.0, ""1"": 0.0, ""2"": null, ""3"": null, ""4"": null, ""5"": null, ""6"": null, ""7"": null}","{""0"": 194, ""1"": 196}",194,1,0,0,0,0.339,ultrasonic-not-close,KEEP_PAUSED,left,right,,0
1506,2026-08-01T16:20:05.221+09:00,174.610,1505,8.63,0,STOPPED_RED,,1,1,1,-0.007090,0.000000,0.000000,0,744,green,0,unknown,0.000000,null,0.000000,0.341,,"{""0"": 194, ""1"": 197, ""2"": null, ""3"": null, ""4"": null, ""5"": null, ""6"": null, ""7"": null}","{""0"": 0.0, ""1"": 0.0, ""2"": null, ""3"": null, ""4"": null, ""5"": null, ""6"": null, ""7"": null}","{""0"": 194, ""1"": 197}",194,1,0,0,0,0.341,ultrasonic-not-close,KEEP_PAUSED,left,right,,0
1507,2026-08-01T16:20:05.340+09:00,174.729,1506,8.63,0,STOPPED_RED,,1,1,1,-0.007090,0.000000,0.000000,0,744,green,0,unknown,0.000000,null,0.000000,0.331,,"{""0"": 194, ""1"": 197, ""2"": null, ""3"": null, ""4"": null, ""5"": null, ""6"": null, ""7"": null}","{""0"": 0.0, ""1"": 0.0, ""2"": null, ""3"": null, ""4"": null, ""5"": null, ""6"": null, ""7"": null}","{""0"": 194, ""1"": 197}",194,1,0,0,0,0.331,ultrasonic-not-close,KEEP_PAUSED,left,right,,0
1508,2026-08-01T16:20:05.468+09:00,174.857,1507,8.62,0,STOPPED_RED,,1,1,1,-0.007090,0.000000,0.000000,0,744,green,0,unknown,0.000000,null,0.000000,0.212,,"{""0"": 194, ""1"": 197, ""2"": null, ""3"": null, ""4"": null, ""5"": null, ""6"": null, ""7"": null}","{""0"": 0.0, ""1"": 0.0, ""2"": null, ""3"": null, ""4"": null, ""5"": null, ""6"": null, ""7"": null}","{""0"": 194, ""1"": 197}",194,1,0,0,0,0.212,ultrasonic-not-close,KEEP_PAUSED,left,right,,0
1509,2026-08-01T16:20:05.602+09:00,174.991,1508,8.62,0,STOPPED_RED,,1,1,1,-0.007090,0.000000,0.000000,0,745,green,0,unknown,0.000000,null,0.000000,0.227,,"{""0"": 194, ""1"": 197, ""2"": null, ""3"": null, ""4"": null, ""5"": null, ""6"": null, ""7"": null}","{""0"": 0.0, ""1"": 0.0, ""2"": null, ""3"": null, ""4"": null, ""5"": null, ""6"": null, ""7"": null}","{""0"": 194, ""1"": 197}",194,1,0,0,0,0.227,ultrasonic-not-close,KEEP_PAUSED,left,right,,0
1510,2026-08-01T16:20:05.737+09:00,175.125,1509,8.62,0,STOPPED_RED,,1,1,1,-0.007090,0.000000,0.000000,0,745,green,0,unknown,0.000000,null,0.000000,0.362,,"{""0"": 194, ""1"": 196, ""2"": null, ""3"": null, ""4"": null, ""5"": null, ""6"": null, ""7"": null}","{""0"": 0.0, ""1"": 0.0, ""2"": null, ""3"": null, ""4"": null, ""5"": null, ""6"": null, ""7"": null}","{""0"": 194, ""1"": 196}",194,1,0,0,0,0.362,ultrasonic-not-close,KEEP_PAUSED,left,right,,0
1511,2026-08-01T16:20:05.857+09:00,175.245,1510,8.62,0,STOPPED_RED,,1,1,1,-0.007090,0.000000,0.000000,0,745,green,0,unknown,0.000000,null,0.000000,0.355,,"{""0"": 194, ""1"": 196, ""2"": null, ""3"": null, ""4"": null, ""5"": null, ""6"": null, ""7"": null}","{""0"": 0.0, ""1"": 0.0, ""2"": null, ""3"": null, ""4"": null, ""5"": null, ""6"": null, ""7"": null}","{""0"": 194, ""1"": 196}",194,1,0,0,0,0.355,ultrasonic-not-close,KEEP_PAUSED,left,right,,0
1512,2026-08-01T16:20:05.977+09:00,175.366,1511,8.62,0,STOPPED_RED,,1,1,1,-0.007090,0.000000,0.000000,0,744,green,0,unknown,0.000000,null,0.000000,0.342,,"{""0"": 194, ""1"": 196, ""2"": null, ""3"": null, ""4"": null, ""5"": null, ""6"": null, ""7"": null}","{""0"": 0.0, ""1"": 0.0, ""2"": null, ""3"": null, ""4"": null, ""5"": null, ""6"": null, ""7"": null}","{""0"": 194, ""1"": 196}",194,1,0,0,0,0.342,ultrasonic-not-close,KEEP_PAUSED,left,right,,0
1513,2026-08-01T16:20:06.104+09:00,175.493,1512,8.62,0,STOPPED_RED,,1,1,1,-0.007090,0.000000,0.000000,0,745,green,0,unknown,0.000000,null,0.000000,0.213,,"{""0"": 194, ""1"": 197, ""2"": null, ""3"": null, ""4"": null, ""5"": null, ""6"": null, ""7"": null}","{""0"": 0.0, ""1"": 0.0, ""2"": null, ""3"": null, ""4"": null, ""5"": null, ""6"": null, ""7"": null}","{""0"": 194, ""1"": 197}",194,1,0,0,0,0.213,ultrasonic-not-close,KEEP_PAUSED,left,right,,0
1514,2026-08-01T16:20:06.227+09:00,175.616,1513,8.62,0,STOPPED_RED,,1,1,1,-0.007090,0.000000,0.000000,0,745,green,0,unknown,0.000000,null,0.000000,0.336,,"{""0"": 194, ""1"": 196, ""2"": null, ""3"": null, ""4"": null, ""5"": null, ""6"": null, ""7"": null}","{""0"": 0.0, ""1"": 0.0, ""2"": null, ""3"": null, ""4"": null, ""5"": null, ""6"": null, ""7"": null}","{""0"": 194, ""1"": 196}",194,1,0,0,0,0.336,ultrasonic-not-close,KEEP_PAUSED,left,right,,0
1515,2026-08-01T16:20:06.341+09:00,175.730,1514,8.62,0,STOPPED_RED,,1,1,1,-0.007090,0.000000,0.000000,0,745,green,0,unknown,0.000000,null,0.000000,0.328,,"{""0"": 194, ""1"": 197, ""2"": null, ""3"": null, ""4"": null, ""5"": null, ""6"": null, ""7"": null}","{""0"": 0.0, ""1"": 0.0, ""2"": null, ""3"": null, ""4"": null, ""5"": null, ""6"": null, ""7"": null}","{""0"": 194, ""1"": 197}",194,1,0,0,0,0.328,ultrasonic-not-close,KEEP_PAUSED,left,right,,0
1516,2026-08-01T16:20:06.453+09:00,175.842,1515,8.62,0,STOPPED_RED,,1,1,1,-0.007090,0.000000,0.000000,0,745,green,0,unknown,0.000000,null,0.000000,0.314,,"{""0"": 194, ""1"": 197, ""2"": null, ""3"": null, ""4"": null, ""5"": null, ""6"": null, ""7"": null}","{""0"": 0.0, ""1"": 0.0, ""2"": null, ""3"": null, ""4"": null, ""5"": null, ""6"": null, ""7"": null}","{""0"": 194, ""1"": 197}",194,1,0,0,0,0.314,ultrasonic-not-close,KEEP_PAUSED,left,right,,0
1517,2026-08-01T16:20:06.565+09:00,175.954,1516,8.62,0,STOPPED_RED,,1,1,1,-0.007090,0.000000,0.000000,0,745,green,0,unknown,0.000000,null,0.000000,0.190,,"{""0"": 193, ""1"": 196, ""2"": null, ""3"": null, ""4"": null, ""5"": null, ""6"": null, ""7"": null}","{""0"": 0.0, ""1"": 0.0, ""2"": null, ""3"": null, ""4"": null, ""5"": null, ""6"": null, ""7"": null}","{""0"": 193, ""1"": 196}",193,1,0,0,0,0.190,ultrasonic-not-close,KEEP_PAUSED,left,right,,0
1518,2026-08-01T16:20:06.673+09:00,176.061,1517,8.62,0,STOPPED_RED,,1,1,1,-0.007090,0.000000,0.000000,0,746,green,0,unknown,0.000000,null,0.000000,0.296,,"{""0"": 194, ""1"": 197, ""2"": null, ""3"": null, ""4"": null, ""5"": null, ""6"": null, ""7"": null}","{""0"": 0.0, ""1"": 0.0, ""2"": null, ""3"": null, ""4"": null, ""5"": null, ""6"": null, ""7"": null}","{""0"": 194, ""1"": 197}",194,1,0,0,0,0.296,ultrasonic-not-close,KEEP_PAUSED,left,right,,0
1519,2026-08-01T16:20:06.782+09:00,176.171,1518,8.62,0,STOPPED_RED,,1,1,1,-0.007090,0.000000,0.000000,0,744,green,0,unknown,0.000000,null,0.000000,0.296,,"{""0"": 194, ""1"": 197, ""2"": null, ""3"": null, ""4"": null, ""5"": null, ""6"": null, ""7"": null}","{""0"": 0.0, ""1"": 0.0, ""2"": null, ""3"": null, ""4"": null, ""5"": null, ""6"": null, ""7"": null}","{""0"": 194, ""1"": 197}",194,1,0,0,0,0.296,ultrasonic-not-close,KEEP_PAUSED,left,right,,0
1520,2026-08-01T16:20:06.890+09:00,176.279,1519,8.62,0,STOPPED_RED,,1,1,1,-0.007090,0.000000,0.000000,0,745,green,0,unknown,0.000000,null,0.000000,0.183,,"{""0"": 194, ""1"": 196, ""2"": null, ""3"": null, ""4"": null, ""5"": null, ""6"": null, ""7"": null}","{""0"": 0.0, ""1"": 0.0, ""2"": null, ""3"": null, ""4"": null, ""5"": null, ""6"": null, ""7"": null}","{""0"": 194, ""1"": 196}",194,1,0,0,0,0.183,ultrasonic-not-close,KEEP_PAUSED,left,right,,0
1521,2026-08-01T16:20:06.998+09:00,176.386,1520,8.62,0,STOPPED_RED,,1,1,1,-0.007090,0.000000,0.000000,0,745,green,0,unknown,0.000000,null,0.000000,0.291,,"{""0"": 194, ""1"": 196, ""2"": null, ""3"": null, ""4"": null, ""5"": null, ""6"": null, ""7"": null}","{""0"": 0.0, ""1"": 0.0, ""2"": null, ""3"": null, ""4"": null, ""5"": null, ""6"": null, ""7"": null}","{""0"": 194, ""1"": 196}",194,1,0,0,0,0.291,ultrasonic-not-close,KEEP_PAUSED,left,right,,0
1522,2026-08-01T16:20:07.107+09:00,176.496,1521,8.62,0,STOPPED_RED,,1,1,1,-0.007090,0.000000,0.000000,0,744,green,0,unknown,0.000000,null,0.000000,0.293,,"{""0"": 194, ""1"": 196, ""2"": null, ""3"": null, ""4"": null, ""5"": null, ""6"": null, ""7"": null}","{""0"": 0.0, ""1"": 0.0, ""2"": null, ""3"": null, ""4"": null, ""5"": null, ""6"": null, ""7"": null}","{""0"": 194, ""1"": 196}",194,1,0,0,0,0.293,ultrasonic-not-close,KEEP_PAUSED,left,right,,0
1523,2026-08-01T16:20:07.235+09:00,176.624,1522,8.62,0,STOPPED_RED,,1,1,1,-0.007090,0.000000,0.000000,0,746,green,0,unknown,0.000000,null,0.000000,0.201,,"{""0"": 194, ""1"": 196, ""2"": null, ""3"": null, ""4"": null, ""5"": null, ""6"": null, ""7"": null}","{""0"": 0.0, ""1"": 0.0, ""2"": null, ""3"": null, ""4"": null, ""5"": null, ""6"": null, ""7"": null}","{""0"": 194, ""1"": 196}",194,1,0,0,0,0.201,ultrasonic-not-close,KEEP_PAUSED,left,right,,0
1524,2026-08-01T16:20:07.356+09:00,176.744,1523,8.62,0,STOPPED_RED,,1,1,1,-0.007090,0.000000,0.000000,0,744,green,0,unknown,0.000000,null,0.000000,0.322,,"{""0"": 194, ""1"": 196, ""2"": null, ""3"": null, ""4"": null, ""5"": null, ""6"": null, ""7"": null}","{""0"": 0.0, ""1"": 0.0, ""2"": null, ""3"": null, ""4"": null, ""5"": null, ""6"": null, ""7"": null}","{""0"": 194, ""1"": 196}",194,1,0,0,0,0.322,ultrasonic-not-close,KEEP_PAUSED,left,right,,0
1525,2026-08-01T16:20:07.469+09:00,176.858,1524,8.62,0,STOPPED_RED,,1,1,1,-0.007090,0.000000,0.000000,0,745,green,0,unknown,0.000000,null,0.000000,0.328,,"{""0"": 195, ""1"": 196, ""2"": null, ""3"": null, ""4"": null, ""5"": null, ""6"": null, ""7"": null}","{""0"": 0.0, ""1"": 0.0, ""2"": null, ""3"": null, ""4"": null, ""5"": null, ""6"": null, ""7"": null}","{""0"": 195, ""1"": 196}",195,1,0,0,0,0.328,ultrasonic-not-close,KEEP_PAUSED,left,right,,0
1526,2026-08-01T16:20:07.586+09:00,176.975,1525,8.62,0,STOPPED_RED,,1,1,1,-0.007090,0.000000,0.000000,0,745,green,0,unknown,0.000000,null,0.000000,0.317,,"{""0"": 194, ""1"": 196, ""2"": null, ""3"": null, ""4"": null, ""5"": null, ""6"": null, ""7"": null}","{""0"": 0.0, ""1"": 0.0, ""2"": null, ""3"": null, ""4"": null, ""5"": null, ""6"": null, ""7"": null}","{""0"": 194, ""1"": 196}",194,1,0,0,0,0.317,ultrasonic-not-close,KEEP_PAUSED,left,right,,0
1527,2026-08-01T16:20:07.703+09:00,177.092,1526,8.62,0,STOPPED_RED,,1,1,1,-0.007090,0.000000,0.000000,0,745,green,0,unknown,0.000000,null,0.000000,0.198,,"{""0"": 195, ""1"": 198, ""2"": null, ""3"": null, ""4"": null, ""5"": null, ""6"": null, ""7"": null}","{""0"": 0.0, ""1"": 0.0, ""2"": null, ""3"": null, ""4"": null, ""5"": null, ""6"": null, ""7"": null}","{""0"": 195, ""1"": 198}",195,1,0,0,0,0.198,ultrasonic-not-close,KEEP_PAUSED,left,right,,0
1528,2026-08-01T16:20:07.821+09:00,177.209,1527,8.62,0,STOPPED_RED,,1,1,1,-0.007090,0.000000,0.000000,0,745,green,0,unknown,0.000000,null,0.000000,0.314,,"{""0"": 194, ""1"": 197, ""2"": null, ""3"": null, ""4"": null, ""5"": null, ""6"": null, ""7"": null}","{""0"": 0.0, ""1"": 0.0, ""2"": null, ""3"": null, ""4"": null, ""5"": null, ""6"": null, ""7"": null}","{""0"": 194, ""1"": 197}",194,1,0,0,0,0.314,ultrasonic-not-close,KEEP_PAUSED,left,right,,0
1529,2026-08-01T16:20:07.929+09:00,177.318,1528,8.62,0,STOPPED_RED,,1,1,1,-0.007090,0.000000,0.000000,0,745,green,0,unknown,0.000000,null,0.000000,0.309,,"{""0"": 194, ""1"": 198, ""2"": null, ""3"": null, ""4"": null, ""5"": null, ""6"": null, ""7"": null}","{""0"": 0.0, ""1"": 0.0, ""2"": null, ""3"": null, ""4"": null, ""5"": null, ""6"": null, ""7"": null}","{""0"": 194, ""1"": 198}",194,1,0,0,0,0.309,ultrasonic-not-close,KEEP_PAUSED,left,right,,0
1530,2026-08-01T16:20:08.041+09:00,177.430,1529,8.62,0,STOPPED_RED,,1,1,1,-0.007090,0.000000,0.000000,0,745,green,0,unknown,0.000000,null,0.000000,0.303,,"{""0"": 195, ""1"": 197, ""2"": null, ""3"": null, ""4"": null, ""5"": null, ""6"": null, ""7"": null}","{""0"": 0.0, ""1"": 0.0, ""2"": null, ""3"": null, ""4"": null, ""5"": null, ""6"": null, ""7"": null}","{""0"": 195, ""1"": 197}",195,1,0,0,0,0.303,ultrasonic-not-close,KEEP_PAUSED,left,right,,0
1531,2026-08-01T16:20:08.161+09:00,177.550,1530,8.62,0,STOPPED_RED,,1,1,1,-0.007090,0.000000,0.000000,0,745,green,0,unknown,0.000000,null,0.000000,0.422,,"{""0"": 194, ""1"": 198, ""2"": null, ""3"": null, ""4"": null, ""5"": null, ""6"": null, ""7"": null}","{""0"": 0.0, ""1"": 0.0, ""2"": null, ""3"": null, ""4"": null, ""5"": null, ""6"": null, ""7"": null}","{""0"": 194, ""1"": 198}",194,1,0,0,0,0.422,ultrasonic-not-close,KEEP_PAUSED,left,right,,0
1532,2026-08-01T16:20:08.269+09:00,177.657,1531,8.62,0,STOPPED_RED,,1,1,1,-0.007090,0.000000,0.000000,0,745,green,0,unknown,0.000000,null,0.000000,0.305,,"{""0"": 194, ""1"": 197, ""2"": null, ""3"": null, ""4"": null, ""5"": null, ""6"": null, ""7"": null}","{""0"": 0.0, ""1"": 0.0, ""2"": null, ""3"": null, ""4"": null, ""5"": null, ""6"": null, ""7"": null}","{""0"": 194, ""1"": 197}",194,1,0,0,0,0.305,ultrasonic-not-close,KEEP_PAUSED,left,right,,0
1533,2026-08-01T16:20:08.383+09:00,177.771,1532,8.62,0,STOPPED_RED,,1,1,1,-0.007090,0.000000,0.000000,0,745,green,0,unknown,0.000000,null,0.000000,0.307,,"{""0"": 195, ""1"": 197, ""2"": null, ""3"": null, ""4"": null, ""5"": null, ""6"": null, ""7"": null}","{""0"": 0.0, ""1"": 0.0, ""2"": null, ""3"": null, ""4"": null, ""5"": null, ""6"": null, ""7"": null}","{""0"": 195, ""1"": 197}",195,1,0,0,0,0.307,ultrasonic-not-close,KEEP_PAUSED,left,right,,0
1534,2026-08-01T16:20:08.501+09:00,177.890,1533,8.62,0,STOPPED_RED,,1,1,1,-0.007090,0.000000,0.000000,0,745,green,0,unknown,0.000000,null,0.000000,0.198,,"{""0"": 196, ""1"": 197, ""2"": null, ""3"": null, ""4"": null, ""5"": null, ""6"": null, ""7"": null}","{""0"": 0.0, ""1"": 0.0, ""2"": null, ""3"": null, ""4"": null, ""5"": null, ""6"": null, ""7"": null}","{""0"": 196, ""1"": 197}",196,1,0,0,0,0.198,ultrasonic-not-close,KEEP_PAUSED,left,right,,0
1535,2026-08-01T16:20:08.627+09:00,178.016,1534,8.62,0,STOPPED_RED,,1,1,1,-0.007090,0.000000,0.000000,0,745,green,0,unknown,0.000000,null,0.000000,0.323,,"{""0"": 196, ""1"": 197, ""2"": null, ""3"": null, ""4"": null, ""5"": null, ""6"": null, ""7"": null}","{""0"": 0.0, ""1"": 0.0, ""2"": null, ""3"": null, ""4"": null, ""5"": null, ""6"": null, ""7"": null}","{""0"": 196, ""1"": 197}",196,1,0,0,0,0.323,ultrasonic-not-close,KEEP_PAUSED,left,right,,0
1536,2026-08-01T16:20:08.737+09:00,178.126,1535,8.62,0,STOPPED_RED,,1,1,1,-0.007090,0.000000,0.000000,0,745,green,0,unknown,0.000000,null,0.000000,0.320,,"{""0"": 195, ""1"": 198, ""2"": null, ""3"": null, ""4"": null, ""5"": null, ""6"": null, ""7"": null}","{""0"": 0.0, ""1"": 0.0, ""2"": null, ""3"": null, ""4"": null, ""5"": null, ""6"": null, ""7"": null}","{""0"": 195, ""1"": 198}",195,1,0,0,0,0.320,ultrasonic-not-close,KEEP_PAUSED,left,right,,0
1537,2026-08-01T16:20:08.851+09:00,178.241,1536,8.62,0,STOPPED_RED,,1,1,1,-0.007090,0.000000,0.000000,0,745,green,0,unknown,0.000000,null,0.000000,0.317,,"{""0"": 195, ""1"": 198, ""2"": null, ""3"": null, ""4"": null, ""5"": null, ""6"": null, ""7"": null}","{""0"": 0.0, ""1"": 0.0, ""2"": null, ""3"": null, ""4"": null, ""5"": null, ""6"": null, ""7"": null}","{""0"": 195, ""1"": 198}",195,1,0,0,0,0.317,ultrasonic-not-close,KEEP_PAUSED,left,right,,0
1538,2026-08-01T16:20:08.969+09:00,178.358,1537,8.62,0,STOPPED_RED,,1,1,1,-0.007090,0.000000,0.000000,0,745,green,0,unknown,0.000000,null,0.000000,0.435,,"{""0"": 194, ""1"": 197, ""2"": null, ""3"": null, ""4"": null, ""5"": null, ""6"": null, ""7"": null}","{""0"": 0.0, ""1"": 0.0, ""2"": null, ""3"": null, ""4"": null, ""5"": null, ""6"": null, ""7"": null}","{""0"": 194, ""1"": 197}",194,1,0,0,0,0.435,ultrasonic-not-close,KEEP_PAUSED,left,right,,0
1539,2026-08-01T16:20:09.090+09:00,178.478,1538,8.62,0,STOPPED_RED,,1,1,1,-0.007090,0.000000,0.000000,0,744,green,0,unknown,0.000000,null,0.000000,0.318,,"{""0"": 194, ""1"": 197, ""2"": null, ""3"": null, ""4"": null, ""5"": null, ""6"": null, ""7"": null}","{""0"": 0.0, ""1"": 0.0, ""2"": null, ""3"": null, ""4"": null, ""5"": null, ""6"": null, ""7"": null}","{""0"": 194, ""1"": 197}",194,1,0,0,0,0.318,ultrasonic-not-close,KEEP_PAUSED,left,right,,0
1540,2026-08-01T16:20:09.205+09:00,178.595,1539,8.62,0,STOPPED_RED,,1,1,1,-0.007090,0.000000,0.000000,0,744,green,0,unknown,0.000000,null,0.000000,0.322,,"{""0"": 194, ""1"": 198, ""2"": null, ""3"": null, ""4"": null, ""5"": null, ""6"": null, ""7"": null}","{""0"": 0.0, ""1"": 0.0, ""2"": null, ""3"": null, ""4"": null, ""5"": null, ""6"": null, ""7"": null}","{""0"": 194, ""1"": 198}",194,1,0,0,0,0.322,ultrasonic-not-close,KEEP_PAUSED,left,right,,0
1541,2026-08-01T16:20:09.326+09:00,178.716,1540,8.62,0,STOPPED_RED,,1,1,1,-0.007090,0.000000,0.000000,0,745,green,0,unknown,0.000000,null,0.000000,0.203,,"{""0"": 194, ""1"": 197, ""2"": null, ""3"": null, ""4"": null, ""5"": null, ""6"": null, ""7"": null}","{""0"": 0.0, ""1"": 0.0, ""2"": null, ""3"": null, ""4"": null, ""5"": null, ""6"": null, ""7"": null}","{""0"": 194, ""1"": 197}",194,1,0,0,0,0.203,ultrasonic-not-close,KEEP_PAUSED,left,right,,0
1542,2026-08-01T16:20:09.442+09:00,178.831,1541,8.62,0,STOPPED_RED,,1,1,1,-0.007090,0.000000,0.000000,0,744,green,0,unknown,0.000000,null,0.000000,0.317,,"{""0"": 193, ""1"": 197, ""2"": null, ""3"": null, ""4"": null, ""5"": null, ""6"": null, ""7"": null}","{""0"": 0.0, ""1"": 0.0, ""2"": null, ""3"": null, ""4"": null, ""5"": null, ""6"": null, ""7"": null}","{""0"": 193, ""1"": 197}",193,1,0,0,0,0.317,ultrasonic-not-close,KEEP_PAUSED,left,right,,0
1543,2026-08-01T16:20:09.560+09:00,178.949,1542,8.62,0,STOPPED_RED,,1,1,1,-0.007090,0.000000,0.000000,0,744,green,0,unknown,0.000000,null,0.000000,0.321,,"{""0"": 193, ""1"": 197, ""2"": null, ""3"": null, ""4"": null, ""5"": null, ""6"": null, ""7"": null}","{""0"": 0.0, ""1"": 0.0, ""2"": null, ""3"": null, ""4"": null, ""5"": null, ""6"": null, ""7"": null}","{""0"": 193, ""1"": 197}",193,1,0,0,0,0.321,ultrasonic-not-close,KEEP_PAUSED,left,right,,0
1544,2026-08-01T16:20:09.681+09:00,179.070,1543,8.62,0,STOPPED_RED,,1,1,1,-0.007090,0.000000,0.000000,0,744,green,0,unknown,0.000000,null,0.000000,0.205,,"{""0"": 193, ""1"": 197, ""2"": null, ""3"": null, ""4"": null, ""5"": null, ""6"": null, ""7"": null}","{""0"": 0.0, ""1"": 0.0, ""2"": null, ""3"": null, ""4"": null, ""5"": null, ""6"": null, ""7"": null}","{""0"": 193, ""1"": 197}",193,1,0,0,0,0.205,ultrasonic-not-close,KEEP_PAUSED,left,right,,0
1545,2026-08-01T16:20:09.798+09:00,179.186,1544,8.62,0,STOPPED_RED,,1,1,1,-0.007090,0.000000,0.000000,0,745,green,0,unknown,0.000000,null,0.000000,0.321,,"{""0"": 193, ""1"": 197, ""2"": null, ""3"": null, ""4"": null, ""5"": null, ""6"": null, ""7"": null}","{""0"": 0.0, ""1"": 0.0, ""2"": null, ""3"": null, ""4"": null, ""5"": null, ""6"": null, ""7"": null}","{""0"": 193, ""1"": 197}",193,1,0,0,0,0.321,ultrasonic-not-close,KEEP_PAUSED,left,right,,0
1546,2026-08-01T16:20:09.913+09:00,179.302,1545,8.62,0,STOPPED_RED,,1,1,1,-0.007090,0.000000,0.000000,0,744,green,0,unknown,0.000000,null,0.000000,0.318,,"{""0"": 194, ""1"": 197, ""2"": null, ""3"": null, ""4"": null, ""5"": null, ""6"": null, ""7"": null}","{""0"": 0.0, ""1"": 0.0, ""2"": null, ""3"": null, ""4"": null, ""5"": null, ""6"": null, ""7"": null}","{""0"": 194, ""1"": 197}",194,1,0,0,0,0.318,ultrasonic-not-close,KEEP_PAUSED,left,right,,0
1547,2026-08-01T16:20:10.029+09:00,179.419,1546,8.62,0,STOPPED_RED,,1,1,1,-0.007090,0.000000,0.000000,0,744,green,0,unknown,0.000000,null,0.000000,0.316,,"{""0"": 193, ""1"": 197, ""2"": null, ""3"": null, ""4"": null, ""5"": null, ""6"": null, ""7"": null}","{""0"": 0.0, ""1"": 0.0, ""2"": null, ""3"": null, ""4"": null, ""5"": null, ""6"": null, ""7"": null}","{""0"": 193, ""1"": 197}",193,1,0,0,0,0.316,ultrasonic-not-close,KEEP_PAUSED,left,right,,0
1548,2026-08-01T16:20:10.143+09:00,179.532,1547,8.62,0,STOPPED_RED,,1,1,1,-0.007090,0.000000,0.000000,0,745,green,0,unknown,0.000000,null,0.000000,0.196,,"{""0"": 193, ""1"": 198, ""2"": null, ""3"": null, ""4"": null, ""5"": null, ""6"": null, ""7"": null}","{""0"": 0.0, ""1"": 0.0, ""2"": null, ""3"": null, ""4"": null, ""5"": null, ""6"": null, ""7"": null}","{""0"": 193, ""1"": 198}",193,1,0,0,0,0.196,ultrasonic-not-close,KEEP_PAUSED,left,right,,0
1549,2026-08-01T16:20:10.259+09:00,179.647,1548,8.62,0,STOPPED_RED,,1,1,1,-0.007090,0.000000,0.000000,0,745,green,0,unknown,0.000000,null,0.000000,0.309,,"{""0"": 194, ""1"": 197, ""2"": null, ""3"": null, ""4"": null, ""5"": null, ""6"": null, ""7"": null}","{""0"": 0.0, ""1"": 0.0, ""2"": null, ""3"": null, ""4"": null, ""5"": null, ""6"": null, ""7"": null}","{""0"": 194, ""1"": 197}",194,1,0,0,0,0.309,ultrasonic-not-close,KEEP_PAUSED,left,right,,0
1550,2026-08-01T16:20:10.368+09:00,179.758,1549,8.62,0,STOPPED_RED,,1,1,1,-0.007090,0.000000,0.000000,0,745,green,0,unknown,0.000000,null,0.000000,0.307,,"{""0"": 194, ""1"": 197, ""2"": null, ""3"": null, ""4"": null, ""5"": null, ""6"": null, ""7"": null}","{""0"": 0.0, ""1"": 0.0, ""2"": null, ""3"": null, ""4"": null, ""5"": null, ""6"": null, ""7"": null}","{""0"": 194, ""1"": 197}",194,1,0,0,0,0.307,ultrasonic-not-close,KEEP_PAUSED,left,right,,0
1551,2026-08-01T16:20:10.480+09:00,179.870,1550,8.62,0,STOPPED_RED,,1,1,1,-0.007090,0.000000,0.000000,0,745,green,0,unknown,0.000000,null,0.000000,0.306,,"{""0"": 194, ""1"": 197, ""2"": null, ""3"": null, ""4"": null, ""5"": null, ""6"": null, ""7"": null}","{""0"": 0.0, ""1"": 0.0, ""2"": null, ""3"": null, ""4"": null, ""5"": null, ""6"": null, ""7"": null}","{""0"": 194, ""1"": 197}",194,1,0,0,0,0.306,ultrasonic-not-close,KEEP_PAUSED,left,right,,0
1552,2026-08-01T16:20:10.593+09:00,179.982,1551,8.62,0,STOPPED_RED,,1,1,1,-0.007090,0.000000,0.000000,0,744,green,0,unknown,0.000000,null,0.000000,0.417,,"{""0"": 194, ""1"": 197, ""2"": null, ""3"": null, ""4"": null, ""5"": null, ""6"": null, ""7"": null}","{""0"": 0.0, ""1"": 0.0, ""2"": null, ""3"": null, ""4"": null, ""5"": null, ""6"": null, ""7"": null}","{""0"": 194, ""1"": 197}",194,1,0,0,0,0.417,ultrasonic-not-close,KEEP_PAUSED,left,right,,0
1553,2026-08-01T16:20:10.708+09:00,180.097,1552,8.62,0,STOPPED_RED,,1,1,1,-0.007090,0.000000,0.000000,0,744,green,0,unknown,0.000000,null,0.000000,0.304,,"{""0"": 194, ""1"": 197, ""2"": null, ""3"": null, ""4"": null, ""5"": null, ""6"": null, ""7"": null}","{""0"": 0.0, ""1"": 0.0, ""2"": null, ""3"": null, ""4"": null, ""5"": null, ""6"": null, ""7"": null}","{""0"": 194, ""1"": 197}",194,1,0,0,0,0.304,ultrasonic-not-close,KEEP_PAUSED,left,right,,0
1554,2026-08-01T16:20:10.829+09:00,180.217,1553,8.62,0,STOPPED_RED,,1,1,1,-0.007090,0.000000,0.000000,0,745,green,0,unknown,0.000000,null,0.000000,0.314,,"{""0"": 194, ""1"": 197, ""2"": null, ""3"": null, ""4"": null, ""5"": null, ""6"": null, ""7"": null}","{""0"": 0.0, ""1"": 0.0, ""2"": null, ""3"": null, ""4"": null, ""5"": null, ""6"": null, ""7"": null}","{""0"": 194, ""1"": 197}",194,1,0,0,0,0.314,ultrasonic-not-close,KEEP_PAUSED,left,right,,0
1555,2026-08-01T16:20:10.967+09:00,180.355,1554,8.62,0,STOPPED_RED,,1,1,1,-0.007090,0.000000,0.000000,0,745,green,0,unknown,0.000000,null,0.000000,0.223,,"{""0"": 194, ""1"": 197, ""2"": null, ""3"": null, ""4"": null, ""5"": null, ""6"": null, ""7"": null}","{""0"": 0.0, ""1"": 0.0, ""2"": null, ""3"": null, ""4"": null, ""5"": null, ""6"": null, ""7"": null}","{""0"": 194, ""1"": 197}",194,1,0,0,0,0.223,ultrasonic-not-close,KEEP_PAUSED,left,right,,0
1556,2026-08-01T16:20:11.088+09:00,180.477,1555,8.62,0,STOPPED_RED,,1,1,1,-0.007090,0.000000,0.000000,0,745,green,0,unknown,0.000000,null,0.000000,0.345,,"{""0"": 193, ""1"": 196, ""2"": null, ""3"": null, ""4"": null, ""5"": null, ""6"": null, ""7"": null}","{""0"": 0.0, ""1"": 0.0, ""2"": null, ""3"": null, ""4"": null, ""5"": null, ""6"": null, ""7"": null}","{""0"": 193, ""1"": 196}",193,1,0,0,0,0.345,ultrasonic-not-close,KEEP_PAUSED,left,right,,0
1557,2026-08-01T16:20:11.200+09:00,180.589,1556,8.62,0,STOPPED_RED,,1,1,1,-0.007090,0.000000,0.000000,0,744,green,0,unknown,0.000000,null,0.000000,0.336,,"{""0"": 193, ""1"": 196, ""2"": null, ""3"": null, ""4"": null, ""5"": null, ""6"": null, ""7"": null}","{""0"": 0.0, ""1"": 0.0, ""2"": null, ""3"": null, ""4"": null, ""5"": null, ""6"": null, ""7"": null}","{""0"": 193, ""1"": 196}",193,1,0,0,0,0.336,ultrasonic-not-close,KEEP_PAUSED,left,right,,0
1558,2026-08-01T16:20:11.309+09:00,180.699,1557,8.62,0,STOPPED_RED,,1,1,1,-0.007090,0.000000,0.000000,0,744,green,0,unknown,0.000000,null,0.000000,0.309,,"{""0"": 193, ""1"": 197, ""2"": null, ""3"": null, ""4"": null, ""5"": null, ""6"": null, ""7"": null}","{""0"": 0.0, ""1"": 0.0, ""2"": null, ""3"": null, ""4"": null, ""5"": null, ""6"": null, ""7"": null}","{""0"": 193, ""1"": 197}",193,1,0,0,0,0.309,ultrasonic-not-close,KEEP_PAUSED,left,right,,0
1559,2026-08-01T16:20:11.428+09:00,180.818,1558,8.62,0,STOPPED_RED,,1,1,1,-0.007090,0.000000,0.000000,0,745,green,0,unknown,0.000000,null,0.000000,0.196,,"{""0"": 193, ""1"": 198, ""2"": null, ""3"": null, ""4"": null, ""5"": null, ""6"": null, ""7"": null}","{""0"": 0.0, ""1"": 0.0, ""2"": null, ""3"": null, ""4"": null, ""5"": null, ""6"": null, ""7"": null}","{""0"": 193, ""1"": 198}",193,1,0,0,0,0.196,ultrasonic-not-close,KEEP_PAUSED,left,right,,0
1560,2026-08-01T16:20:11.543+09:00,180.931,1559,8.62,0,STOPPED_RED,,1,1,1,-0.007090,0.000000,0.000000,0,745,green,0,unknown,0.000000,null,0.000000,0.308,,"{""0"": 194, ""1"": 197, ""2"": null, ""3"": null, ""4"": null, ""5"": null, ""6"": null, ""7"": null}","{""0"": 0.0, ""1"": 0.0, ""2"": null, ""3"": null, ""4"": null, ""5"": null, ""6"": null, ""7"": null}","{""0"": 194, ""1"": 197}",194,1,0,0,0,0.308,ultrasonic-not-close,KEEP_PAUSED,left,right,,0
1561,2026-08-01T16:20:11.653+09:00,181.042,1560,8.62,0,STOPPED_RED,,1,1,1,-0.007090,0.000000,0.000000,0,745,green,0,unknown,0.000000,null,0.000000,0.309,,"{""0"": 195, ""1"": 197, ""2"": null, ""3"": null, ""4"": null, ""5"": null, ""6"": null, ""7"": null}","{""0"": 0.0, ""1"": 0.0, ""2"": null, ""3"": null, ""4"": null, ""5"": null, ""6"": null, ""7"": null}","{""0"": 195, ""1"": 197}",195,1,0,0,0,0.309,ultrasonic-not-close,KEEP_PAUSED,left,right,,0
1562,2026-08-01T16:20:11.764+09:00,181.155,1561,8.62,0,STOPPED_RED,,1,1,1,-0.007090,0.000000,0.000000,0,745,green,0,unknown,0.000000,null,0.000000,0.190,,"{""0"": 195, ""1"": 197, ""2"": null, ""3"": null, ""4"": null, ""5"": null, ""6"": null, ""7"": null}","{""0"": 0.0, ""1"": 0.0, ""2"": null, ""3"": null, ""4"": null, ""5"": null, ""6"": null, ""7"": null}","{""0"": 195, ""1"": 197}",195,1,0,0,0,0.190,ultrasonic-not-close,KEEP_PAUSED,left,right,,0
1563,2026-08-01T16:20:11.882+09:00,181.270,1562,8.62,0,STOPPED_RED,,1,1,1,-0.007090,0.000000,0.000000,0,745,green,0,unknown,0.000000,null,0.000000,0.306,,"{""0"": 197, ""1"": 198, ""2"": null, ""3"": null, ""4"": null, ""5"": null, ""6"": null, ""7"": null}","{""0"": 0.0, ""1"": 0.0, ""2"": null, ""3"": null, ""4"": null, ""5"": null, ""6"": null, ""7"": null}","{""0"": 197, ""1"": 198}",197,1,0,0,0,0.306,ultrasonic-not-close,KEEP_PAUSED,left,right,,0
1564,2026-08-01T16:20:12.000+09:00,181.389,1563,8.62,0,STOPPED_RED,,1,1,1,-0.007090,0.000000,0.000000,0,745,green,0,unknown,0.000000,null,0.000000,0.314,,"{""0"": 195, ""1"": 199, ""2"": null, ""3"": null, ""4"": null, ""5"": null, ""6"": null, ""7"": null}","{""0"": 0.0, ""1"": 0.0, ""2"": null, ""3"": null, ""4"": null, ""5"": null, ""6"": null, ""7"": null}","{""0"": 195, ""1"": 199}",195,1,0,0,0,0.314,ultrasonic-not-close,KEEP_PAUSED,left,right,,0
1565,2026-08-01T16:20:12.112+09:00,181.501,1564,8.62,0,STOPPED_RED,,1,1,1,-0.007090,0.000000,0.000000,0,745,green,0,unknown,0.000000,null,0.000000,0.315,,"{""0"": 194, ""1"": 197, ""2"": null, ""3"": null, ""4"": null, ""5"": null, ""6"": null, ""7"": null}","{""0"": 0.0, ""1"": 0.0, ""2"": null, ""3"": null, ""4"": null, ""5"": null, ""6"": null, ""7"": null}","{""0"": 194, ""1"": 197}",194,1,0,0,0,0.315,ultrasonic-not-close,KEEP_PAUSED,left,right,,0
1566,2026-08-01T16:20:12.232+09:00,181.621,1565,8.62,0,STOPPED_RED,,1,1,1,-0.007090,0.000000,0.000000,0,745,green,0,unknown,0.000000,null,0.000000,0.198,,"{""0"": 194, ""1"": 197, ""2"": null, ""3"": null, ""4"": null, ""5"": null, ""6"": null, ""7"": null}","{""0"": 0.0, ""1"": 0.0, ""2"": null, ""3"": null, ""4"": null, ""5"": null, ""6"": null, ""7"": null}","{""0"": 194, ""1"": 197}",194,1,0,0,0,0.198,ultrasonic-not-close,KEEP_PAUSED,left,right,,0
1567,2026-08-01T16:20:12.345+09:00,181.734,1566,8.62,0,STOPPED_RED,,1,1,1,-0.007090,0.000000,0.000000,0,744,green,0,unknown,0.000000,null,0.000000,0.311,,"{""0"": 194, ""1"": 197, ""2"": null, ""3"": null, ""4"": null, ""5"": null, ""6"": null, ""7"": null}","{""0"": 0.0, ""1"": 0.0, ""2"": null, ""3"": null, ""4"": null, ""5"": null, ""6"": null, ""7"": null}","{""0"": 194, ""1"": 197}",194,1,0,0,0,0.311,ultrasonic-not-close,KEEP_PAUSED,left,right,,0
1568,2026-08-01T16:20:12.457+09:00,181.847,1567,8.62,0,STOPPED_RED,,1,1,1,-0.007090,0.000000,0.000000,0,746,green,0,unknown,0.000000,null,0.000000,0.313,,"{""0"": 193, ""1"": 198, ""2"": null, ""3"": null, ""4"": null, ""5"": null, ""6"": null, ""7"": null}","{""0"": 0.0, ""1"": 0.0, ""2"": null, ""3"": null, ""4"": null, ""5"": null, ""6"": null, ""7"": null}","{""0"": 193, ""1"": 198}",193,1,0,0,0,0.313,ultrasonic-not-close,KEEP_PAUSED,left,right,,0
1569,2026-08-01T16:20:12.569+09:00,181.959,1568,8.62,0,STOPPED_RED,,1,1,1,-0.007090,0.000000,0.000000,0,746,green,0,unknown,0.000000,null,0.000000,0.192,,"{""0"": 194, ""1"": 250, ""2"": null, ""3"": null, ""4"": null, ""5"": null, ""6"": null, ""7"": null}","{""0"": 0.0, ""1"": 0.0, ""2"": null, ""3"": null, ""4"": null, ""5"": null, ""6"": null, ""7"": null}","{""0"": 194, ""1"": 250}",194,1,0,0,0,0.192,ultrasonic-not-close,KEEP_PAUSED,left,right,,0
1570,2026-08-01T16:20:12.681+09:00,182.069,1569,8.62,0,STOPPED_RED,,1,1,1,-0.007090,0.000000,0.000000,0,746,green,0,unknown,0.000000,null,0.000000,0.301,,"{""0"": 195, ""1"": 250, ""2"": null, ""3"": null, ""4"": null, ""5"": null, ""6"": null, ""7"": null}","{""0"": 0.0, ""1"": 0.0, ""2"": null, ""3"": null, ""4"": null, ""5"": null, ""6"": null, ""7"": null}","{""0"": 195, ""1"": 250}",195,1,0,0,0,0.301,ultrasonic-not-close,KEEP_PAUSED,left,right,,0
1571,2026-08-01T16:20:12.791+09:00,182.181,1570,8.62,0,STOPPED_RED,,1,1,1,-0.007090,0.000000,0.000000,0,745,green,0,unknown,0.000000,null,0.000000,0.304,,"{""0"": 195, ""1"": 199, ""2"": null, ""3"": null, ""4"": null, ""5"": null, ""6"": null, ""7"": null}","{""0"": 0.0, ""1"": 0.0, ""2"": null, ""3"": null, ""4"": null, ""5"": null, ""6"": null, ""7"": null}","{""0"": 195, ""1"": 199}",195,1,0,0,0,0.304,ultrasonic-not-close,KEEP_PAUSED,left,right,,0
1572,2026-08-01T16:20:12.902+09:00,182.291,1571,8.62,0,STOPPED_RED,,1,1,1,-0.007090,0.000000,0.000000,0,744,green,0,unknown,0.000000,null,0.000000,0.300,,"{""0"": 195, ""1"": 198, ""2"": null, ""3"": null, ""4"": null, ""5"": null, ""6"": null, ""7"": null}","{""0"": 0.0, ""1"": 0.0, ""2"": null, ""3"": null, ""4"": null, ""5"": null, ""6"": null, ""7"": null}","{""0"": 195, ""1"": 198}",195,1,0,0,0,0.300,ultrasonic-not-close,KEEP_PAUSED,left,right,,0
1573,2026-08-01T16:20:13.020+09:00,182.409,1572,8.62,0,STOPPED_RED,,1,1,1,-0.007090,0.000000,0.000000,0,746,green,0,unknown,0.000000,null,0.000000,0.417,,"{""0"": 195, ""1"": 198, ""2"": null, ""3"": null, ""4"": null, ""5"": null, ""6"": null, ""7"": null}","{""0"": 0.0, ""1"": 0.0, ""2"": null, ""3"": null, ""4"": null, ""5"": null, ""6"": null, ""7"": null}","{""0"": 195, ""1"": 198}",195,1,0,0,0,0.417,ultrasonic-not-close,KEEP_PAUSED,left,right,,0
1574,2026-08-01T16:20:13.138+09:00,182.527,1573,8.62,0,STOPPED_RED,,1,1,1,-0.007090,0.000000,0.000000,0,745,green,0,unknown,0.000000,null,0.000000,0.312,,"{""0"": 195, ""1"": 198, ""2"": null, ""3"": null, ""4"": null, ""5"": null, ""6"": null, ""7"": null}","{""0"": 0.0, ""1"": 0.0, ""2"": null, ""3"": null, ""4"": null, ""5"": null, ""6"": null, ""7"": null}","{""0"": 195, ""1"": 198}",195,1,0,0,0,0.312,ultrasonic-not-close,KEEP_PAUSED,left,right,,0
1575,2026-08-01T16:20:13.255+09:00,182.644,1574,8.62,0,STOPPED_RED,,1,1,1,-0.007090,0.000000,0.000000,0,745,green,0,unknown,0.000000,null,0.000000,0.321,,"{""0"": 195, ""1"": 198, ""2"": null, ""3"": null, ""4"": null, ""5"": null, ""6"": null, ""7"": null}","{""0"": 0.0, ""1"": 0.0, ""2"": null, ""3"": null, ""4"": null, ""5"": null, ""6"": null, ""7"": null}","{""0"": 195, ""1"": 198}",195,1,0,0,0,0.321,ultrasonic-not-close,KEEP_PAUSED,left,right,,0
1576,2026-08-01T16:20:13.373+09:00,182.762,1575,8.62,0,STOPPED_RED,,1,1,1,-0.007090,0.000000,0.000000,0,745,green,0,unknown,0.000000,null,0.000000,0.201,,"{""0"": 196, ""1"": 198, ""2"": null, ""3"": null, ""4"": null, ""5"": null, ""6"": null, ""7"": null}","{""0"": 0.0, ""1"": 0.0, ""2"": null, ""3"": null, ""4"": null, ""5"": null, ""6"": null, ""7"": null}","{""0"": 196, ""1"": 198}",196,1,0,0,0,0.201,ultrasonic-not-close,KEEP_PAUSED,left,right,,0
1577,2026-08-01T16:20:13.487+09:00,182.876,1576,8.62,0,STOPPED_RED,,1,1,1,-0.007090,0.000000,0.000000,0,745,green,0,unknown,0.000000,null,0.000000,0.314,,"{""0"": 195, ""1"": 198, ""2"": null, ""3"": null, ""4"": null, ""5"": null, ""6"": null, ""7"": null}","{""0"": 0.0, ""1"": 0.0, ""2"": null, ""3"": null, ""4"": null, ""5"": null, ""6"": null, ""7"": null}","{""0"": 195, ""1"": 198}",195,1,0,0,0,0.314,ultrasonic-not-close,KEEP_PAUSED,left,right,,0
1578,2026-08-01T16:20:13.593+09:00,182.983,1577,8.62,0,STOPPED_RED,,1,1,1,-0.007090,0.000000,0.000000,0,744,green,0,unknown,0.000000,null,0.000000,0.307,,"{""0"": 195, ""1"": 198, ""2"": null, ""3"": null, ""4"": null, ""5"": null, ""6"": null, ""7"": null}","{""0"": 0.0, ""1"": 0.0, ""2"": null, ""3"": null, ""4"": null, ""5"": null, ""6"": null, ""7"": null}","{""0"": 195, ""1"": 198}",195,1,0,0,0,0.307,ultrasonic-not-close,KEEP_PAUSED,left,right,,0
1579,2026-08-01T16:20:13.703+09:00,183.093,1578,8.62,0,STOPPED_RED,,1,1,1,-0.007090,0.000000,0.000000,0,745,green,0,unknown,0.000000,null,0.000000,0.296,,"{""0"": 194, ""1"": 198, ""2"": null, ""3"": null, ""4"": null, ""5"": null, ""6"": null, ""7"": null}","{""0"": 0.0, ""1"": 0.0, ""2"": null, ""3"": null, ""4"": null, ""5"": null, ""6"": null, ""7"": null}","{""0"": 194, ""1"": 198}",194,1,0,0,0,0.296,ultrasonic-not-close,KEEP_PAUSED,left,right,,0
1580,2026-08-01T16:20:13.814+09:00,183.202,1579,8.62,0,STOPPED_RED,,1,1,1,-0.007090,0.000000,0.000000,0,744,green,0,unknown,0.000000,null,0.000000,0.406,,"{""0"": 195, ""1"": 198, ""2"": null, ""3"": null, ""4"": null, ""5"": null, ""6"": null, ""7"": null}","{""0"": 0.0, ""1"": 0.0, ""2"": null, ""3"": null, ""4"": null, ""5"": null, ""6"": null, ""7"": null}","{""0"": 195, ""1"": 198}",195,1,0,0,0,0.406,ultrasonic-not-close,KEEP_PAUSED,left,right,,0
1581,2026-08-01T16:20:13.919+09:00,183.309,1580,8.63,0,STOPPED_RED,,1,1,1,-0.007090,0.000000,0.000000,0,745,green,0,unknown,0.000000,null,0.000000,0.295,,"{""0"": 195, ""1"": 199, ""2"": null, ""3"": null, ""4"": null, ""5"": null, ""6"": null, ""7"": null}","{""0"": 0.0, ""1"": 0.0, ""2"": null, ""3"": null, ""4"": null, ""5"": null, ""6"": null, ""7"": null}","{""0"": 195, ""1"": 199}",195,1,0,0,0,0.295,ultrasonic-not-close,KEEP_PAUSED,left,right,,0
1582,2026-08-01T16:20:14.030+09:00,183.420,1581,8.63,0,STOPPED_RED,,1,1,1,-0.007090,0.000000,0.000000,0,744,green,0,unknown,0.000000,null,0.000000,0.295,,"{""0"": 195, ""1"": 200, ""2"": null, ""3"": null, ""4"": null, ""5"": null, ""6"": null, ""7"": null}","{""0"": 0.0, ""1"": 0.0, ""2"": null, ""3"": null, ""4"": null, ""5"": null, ""6"": null, ""7"": null}","{""0"": 195, ""1"": 200}",195,1,0,0,0,0.295,ultrasonic-not-close,KEEP_PAUSED,left,right,,0
1583,2026-08-01T16:20:14.145+09:00,183.533,1582,8.63,0,STOPPED_RED,,1,1,1,-0.007090,0.000000,0.000000,0,745,green,0,unknown,0.000000,null,0.000000,0.408,,"{""0"": 195, ""1"": 250, ""2"": null, ""3"": null, ""4"": null, ""5"": null, ""6"": null, ""7"": null}","{""0"": 0.0, ""1"": 0.0, ""2"": null, ""3"": null, ""4"": null, ""5"": null, ""6"": null, ""7"": null}","{""0"": 195, ""1"": 250}",195,1,0,0,0,0.408,ultrasonic-not-close,KEEP_PAUSED,left,right,,0
1584,2026-08-01T16:20:14.259+09:00,183.649,1583,8.63,0,STOPPED_RED,,1,1,1,-0.007090,0.000000,0.000000,0,745,green,0,unknown,0.000000,null,0.000000,0.307,,"{""0"": 195, ""1"": 250, ""2"": null, ""3"": null, ""4"": null, ""5"": null, ""6"": null, ""7"": null}","{""0"": 0.0, ""1"": 0.0, ""2"": null, ""3"": null, ""4"": null, ""5"": null, ""6"": null, ""7"": null}","{""0"": 195, ""1"": 250}",195,1,0,0,0,0.307,ultrasonic-not-close,KEEP_PAUSED,left,right,,0
1585,2026-08-01T16:20:14.369+09:00,183.759,1584,8.63,0,STOPPED_RED,,1,1,1,-0.007090,0.000000,0.000000,0,745,green,0,unknown,0.000000,null,0.000000,0.307,,"{""0"": 195, ""1"": 250, ""2"": null, ""3"": null, ""4"": null, ""5"": null, ""6"": null, ""7"": null}","{""0"": 0.0, ""1"": 0.0, ""2"": null, ""3"": null, ""4"": null, ""5"": null, ""6"": null, ""7"": null}","{""0"": 195, ""1"": 250}",195,1,0,0,0,0.307,ultrasonic-not-close,KEEP_PAUSED,left,right,,0
1586,2026-08-01T16:20:14.491+09:00,183.880,1585,8.63,0,STOPPED_RED,,1,1,1,-0.007090,0.000000,0.000000,0,745,green,0,unknown,0.000000,null,0.000000,0.199,,"{""0"": 194, ""1"": 197, ""2"": null, ""3"": null, ""4"": null, ""5"": null, ""6"": null, ""7"": null}","{""0"": 0.0, ""1"": 0.0, ""2"": null, ""3"": null, ""4"": null, ""5"": null, ""6"": null, ""7"": null}","{""0"": 194, ""1"": 197}",194,1,0,0,0,0.199,ultrasonic-not-close,KEEP_PAUSED,left,right,,0
1587,2026-08-01T16:20:14.608+09:00,183.996,1586,8.63,0,STOPPED_RED,,1,1,1,-0.007090,0.000000,0.000000,0,745,green,0,unknown,0.000000,null,0.000000,0.315,,"{""0"": 194, ""1"": 250, ""2"": null, ""3"": null, ""4"": null, ""5"": null, ""6"": null, ""7"": null}","{""0"": 0.0, ""1"": 0.0, ""2"": null, ""3"": null, ""4"": null, ""5"": null, ""6"": null, ""7"": null}","{""0"": 194, ""1"": 250}",194,1,0,0,0,0.315,ultrasonic-not-close,KEEP_PAUSED,left,right,,0
1588,2026-08-01T16:20:14.715+09:00,184.104,1587,8.63,0,STOPPED_RED,,1,1,1,-0.007090,0.000000,0.000000,0,745,green,0,unknown,0.000000,null,0.000000,0.313,,"{""0"": 195, ""1"": 250, ""2"": null, ""3"": null, ""4"": null, ""5"": null, ""6"": null, ""7"": null}","{""0"": 0.0, ""1"": 0.0, ""2"": null, ""3"": null, ""4"": null, ""5"": null, ""6"": null, ""7"": null}","{""0"": 195, ""1"": 250}",195,1,0,0,0,0.313,ultrasonic-not-close,KEEP_PAUSED,left,right,,0
1589,2026-08-01T16:20:14.825+09:00,184.213,1588,8.63,0,STOPPED_RED,,1,1,1,-0.007090,0.000000,0.000000,0,745,green,0,unknown,0.000000,null,0.000000,0.184,,"{""0"": 194, ""1"": 250, ""2"": null, ""3"": null, ""4"": null, ""5"": null, ""6"": null, ""7"": null}","{""0"": 0.0, ""1"": 0.0, ""2"": null, ""3"": null, ""4"": null, ""5"": null, ""6"": null, ""7"": null}","{""0"": 194, ""1"": 250}",194,1,0,0,0,0.184,ultrasonic-not-close,KEEP_PAUSED,left,right,,0
1590,2026-08-01T16:20:14.941+09:00,184.330,1589,8.63,0,STOPPED_RED,,1,1,1,-0.007090,0.000000,0.000000,0,745,green,0,unknown,0.000000,null,0.000000,0.298,,"{""0"": 194, ""1"": 197, ""2"": null, ""3"": null, ""4"": null, ""5"": null, ""6"": null, ""7"": null}","{""0"": 0.0, ""1"": 0.0, ""2"": null, ""3"": null, ""4"": null, ""5"": null, ""6"": null, ""7"": null}","{""0"": 194, ""1"": 197}",194,1,0,0,0,0.298,ultrasonic-not-close,KEEP_PAUSED,left,right,,0
1591,2026-08-01T16:20:15.056+09:00,184.436,1590,8.63,0,STOPPED_RED,,1,1,1,-0.007090,0.000000,0.000000,0,745,green,0,unknown,0.000000,null,0.000000,0.299,,"{""0"": 194, ""1"": 197, ""2"": null, ""3"": null, ""4"": null, ""5"": null, ""6"": null, ""7"": null}","{""0"": 0.0, ""1"": 0.0, ""2"": null, ""3"": null, ""4"": null, ""5"": null, ""6"": null, ""7"": null}","{""0"": 194, ""1"": 197}",194,1,0,0,0,0.299,ultrasonic-not-close,KEEP_PAUSED,left,right,,0
1592,2026-08-01T16:20:15.167+09:00,184.556,1591,8.63,0,STOPPED_RED,,1,1,1,-0.007090,0.000000,0.000000,0,744,green,0,unknown,0.000000,null,0.000000,0.308,,"{""0"": 194, ""1"": 197, ""2"": null, ""3"": null, ""4"": null, ""5"": null, ""6"": null, ""7"": null}","{""0"": 0.0, ""1"": 0.0, ""2"": null, ""3"": null, ""4"": null, ""5"": null, ""6"": null, ""7"": null}","{""0"": 194, ""1"": 197}",194,1,0,0,0,0.308,ultrasonic-not-close,KEEP_PAUSED,left,right,,0
1593,2026-08-01T16:20:15.279+09:00,184.667,1592,8.63,0,STOPPED_RED,,1,1,1,-0.007090,0.000000,0.000000,0,745,green,0,unknown,0.000000,null,0.000000,0.189,,"{""0"": 193, ""1"": 198, ""2"": null, ""3"": null, ""4"": null, ""5"": null, ""6"": null, ""7"": null}","{""0"": 0.0, ""1"": 0.0, ""2"": null, ""3"": null, ""4"": null, ""5"": null, ""6"": null, ""7"": null}","{""0"": 193, ""1"": 198}",193,1,0,0,0,0.189,ultrasonic-not-close,KEEP_PAUSED,left,right,,0
1594,2026-08-01T16:20:15.397+09:00,184.786,1593,8.63,0,STOPPED_RED,,1,1,1,-0.007090,0.000000,0.000000,0,744,green,0,unknown,0.000000,null,0.000000,0.305,,"{""0"": 194, ""1"": 196, ""2"": null, ""3"": null, ""4"": null, ""5"": null, ""6"": null, ""7"": null}","{""0"": 0.0, ""1"": 0.0, ""2"": null, ""3"": null, ""4"": null, ""5"": null, ""6"": null, ""7"": null}","{""0"": 194, ""1"": 196}",194,1,0,0,0,0.305,ultrasonic-not-close,KEEP_PAUSED,left,right,,0
1595,2026-08-01T16:20:15.505+09:00,184.894,1594,8.63,0,STOPPED_RED,,1,1,1,-0.007090,0.000000,0.000000,0,745,green,0,unknown,0.000000,null,0.000000,0.305,,"{""0"": 193, ""1"": 196, ""2"": null, ""3"": null, ""4"": null, ""5"": null, ""6"": null, ""7"": null}","{""0"": 0.0, ""1"": 0.0, ""2"": null, ""3"": null, ""4"": null, ""5"": null, ""6"": null, ""7"": null}","{""0"": 193, ""1"": 196}",193,1,0,0,0,0.305,ultrasonic-not-close,KEEP_PAUSED,left,right,,0
1596,2026-08-01T16:20:15.618+09:00,185.007,1595,8.63,0,STOPPED_RED,,1,1,1,-0.007090,0.000000,0.000000,0,746,green,0,unknown,0.000000,null,0.000000,0.188,,"{""0"": 193, ""1"": 197, ""2"": null, ""3"": null, ""4"": null, ""5"": null, ""6"": null, ""7"": null}","{""0"": 0.0, ""1"": 0.0, ""2"": null, ""3"": null, ""4"": null, ""5"": null, ""6"": null, ""7"": null}","{""0"": 193, ""1"": 197}",193,1,0,0,0,0.188,ultrasonic-not-close,KEEP_PAUSED,left,right,,0
1597,2026-08-01T16:20:15.749+09:00,185.137,1596,8.63,0,STOPPED_RED,,1,1,1,-0.007090,0.000000,0.000000,0,745,green,0,unknown,0.000000,null,0.000000,0.318,,"{""0"": 193, ""1"": 197, ""2"": null, ""3"": null, ""4"": null, ""5"": null, ""6"": null, ""7"": null}","{""0"": 0.0, ""1"": 0.0, ""2"": null, ""3"": null, ""4"": null, ""5"": null, ""6"": null, ""7"": null}","{""0"": 193, ""1"": 197}",193,1,0,0,0,0.318,ultrasonic-not-close,KEEP_PAUSED,left,right,,0
1598,2026-08-01T16:20:15.864+09:00,185.253,1597,8.63,0,STOPPED_RED,,1,1,1,-0.007090,0.000000,0.000000,0,745,green,0,unknown,0.000000,null,0.000000,0.325,,"{""0"": 194, ""1"": 197, ""2"": null, ""3"": null, ""4"": null, ""5"": null, ""6"": null, ""7"": null}","{""0"": 0.0, ""1"": 0.0, ""2"": null, ""3"": null, ""4"": null, ""5"": null, ""6"": null, ""7"": null}","{""0"": 194, ""1"": 197}",194,1,0,0,0,0.325,ultrasonic-not-close,KEEP_PAUSED,left,right,,0
1599,2026-08-01T16:20:15.972+09:00,185.361,1598,8.63,0,STOPPED_RED,,1,1,1,-0.007090,0.000000,0.000000,0,745,green,0,unknown,0.000000,null,0.000000,0.322,,"{""0"": 194, ""1"": 197, ""2"": null, ""3"": null, ""4"": null, ""5"": null, ""6"": null, ""7"": null}","{""0"": 0.0, ""1"": 0.0, ""2"": null, ""3"": null, ""4"": null, ""5"": null, ""6"": null, ""7"": null}","{""0"": 194, ""1"": 197}",194,1,0,0,0,0.322,ultrasonic-not-close,KEEP_PAUSED,left,right,,0
1600,2026-08-01T16:20:16.087+09:00,185.476,1599,8.63,0,STOPPED_RED,,1,1,1,-0.007090,0.000000,0.000000,0,745,green,0,unknown,0.000000,null,0.000000,0.191,,"{""0"": 194, ""1"": 197, ""2"": null, ""3"": null, ""4"": null, ""5"": null, ""6"": null, ""7"": null}","{""0"": 0.0, ""1"": 0.0, ""2"": null, ""3"": null, ""4"": null, ""5"": null, ""6"": null, ""7"": null}","{""0"": 194, ""1"": 197}",194,1,0,0,0,0.191,ultrasonic-not-close,KEEP_PAUSED,left,right,,0
1601,2026-08-01T16:20:16.193+09:00,185.582,1600,8.63,0,STOPPED_RED,,1,1,1,-0.007090,0.000000,0.000000,0,745,green,0,unknown,0.000000,null,0.000000,0.297,,"{""0"": 194, ""1"": 197, ""2"": null, ""3"": null, ""4"": null, ""5"": null, ""6"": null, ""7"": null}","{""0"": 0.0, ""1"": 0.0, ""2"": null, ""3"": null, ""4"": null, ""5"": null, ""6"": null, ""7"": null}","{""0"": 194, ""1"": 197}",194,1,0,0,0,0.297,ultrasonic-not-close,KEEP_PAUSED,left,right,,0
1602,2026-08-01T16:20:16.298+09:00,185.688,1601,8.63,0,STOPPED_RED,,1,1,1,-0.007090,0.000000,0.000000,0,744,green,0,unknown,0.000000,null,0.000000,0.296,,"{""0"": 195, ""1"": 196, ""2"": null, ""3"": null, ""4"": null, ""5"": null, ""6"": null, ""7"": null}","{""0"": 0.0, ""1"": 0.0, ""2"": null, ""3"": null, ""4"": null, ""5"": null, ""6"": null, ""7"": null}","{""0"": 195, ""1"": 196}",195,1,0,0,0,0.296,ultrasonic-not-close,KEEP_PAUSED,left,right,,0
1603,2026-08-01T16:20:16.410+09:00,185.800,1602,8.63,0,STOPPED_RED,,1,1,1,-0.007090,0.000000,0.000000,0,744,green,0,unknown,0.000000,null,0.000000,0.185,,"{""0"": 194, ""1"": 197, ""2"": null, ""3"": null, ""4"": null, ""5"": null, ""6"": null, ""7"": null}","{""0"": 0.0, ""1"": 0.0, ""2"": null, ""3"": null, ""4"": null, ""5"": null, ""6"": null, ""7"": null}","{""0"": 194, ""1"": 197}",194,1,0,0,0,0.185,ultrasonic-not-close,KEEP_PAUSED,left,right,,0
1604,2026-08-01T16:20:16.521+09:00,185.909,1603,8.63,0,STOPPED_RED,,1,1,1,-0.007090,0.000000,0.000000,0,745,green,0,unknown,0.000000,null,0.000000,0.295,,"{""0"": 194, ""1"": 197, ""2"": null, ""3"": null, ""4"": null, ""5"": null, ""6"": null, ""7"": null}","{""0"": 0.0, ""1"": 0.0, ""2"": null, ""3"": null, ""4"": null, ""5"": null, ""6"": null, ""7"": null}","{""0"": 194, ""1"": 197}",194,1,0,0,0,0.295,ultrasonic-not-close,KEEP_PAUSED,left,right,,0
1605,2026-08-01T16:20:16.627+09:00,186.018,1604,8.63,0,STOPPED_RED,,1,1,1,-0.007090,0.000000,0.000000,0,745,green,0,unknown,0.000000,null,0.000000,0.298,,"{""0"": 194, ""1"": 196, ""2"": null, ""3"": null, ""4"": null, ""5"": null, ""6"": null, ""7"": null}","{""0"": 0.0, ""1"": 0.0, ""2"": null, ""3"": null, ""4"": null, ""5"": null, ""6"": null, ""7"": null}","{""0"": 194, ""1"": 196}",194,1,0,0,0,0.298,ultrasonic-not-close,KEEP_PAUSED,left,right,,0
1606,2026-08-01T16:20:16.752+09:00,186.141,1605,8.63,0,STOPPED_RED,,1,1,1,-0.007090,0.000000,0.000000,0,745,green,0,unknown,0.000000,null,0.000000,0.311,,"{""0"": 195, ""1"": 197, ""2"": null, ""3"": null, ""4"": null, ""5"": null, ""6"": null, ""7"": null}","{""0"": 0.0, ""1"": 0.0, ""2"": null, ""3"": null, ""4"": null, ""5"": null, ""6"": null, ""7"": null}","{""0"": 195, ""1"": 197}",195,1,0,0,0,0.311,ultrasonic-not-close,KEEP_PAUSED,left,right,,0
1607,2026-08-01T16:20:16.864+09:00,186.253,1606,8.63,0,STOPPED_RED,,1,1,1,-0.007090,0.000000,0.000000,0,745,green,0,unknown,0.000000,null,0.000000,0.422,,"{""0"": 194, ""1"": 197, ""2"": null, ""3"": null, ""4"": null, ""5"": null, ""6"": null, ""7"": null}","{""0"": 0.0, ""1"": 0.0, ""2"": null, ""3"": null, ""4"": null, ""5"": null, ""6"": null, ""7"": null}","{""0"": 194, ""1"": 197}",194,1,0,0,0,0.422,ultrasonic-not-close,KEEP_PAUSED,left,right,,0
1608,2026-08-01T16:20:16.969+09:00,186.359,1607,8.63,0,STOPPED_RED,,1,1,1,-0.007090,0.000000,0.000000,0,745,green,0,unknown,0.000000,null,0.000000,0.311,,"{""0"": 194, ""1"": 197, ""2"": null, ""3"": null, ""4"": null, ""5"": null, ""6"": null, ""7"": null}","{""0"": 0.0, ""1"": 0.0, ""2"": null, ""3"": null, ""4"": null, ""5"": null, ""6"": null, ""7"": null}","{""0"": 194, ""1"": 197}",194,1,0,0,0,0.311,ultrasonic-not-close,KEEP_PAUSED,left,right,,0
1609,2026-08-01T16:20:17.080+09:00,186.470,1608,8.63,0,STOPPED_RED,,1,1,1,-0.007090,0.000000,0.000000,0,745,green,0,unknown,0.000000,null,0.000000,0.185,,"{""0"": 194, ""1"": 197, ""2"": null, ""3"": null, ""4"": null, ""5"": null, ""6"": null, ""7"": null}","{""0"": 0.0, ""1"": 0.0, ""2"": null, ""3"": null, ""4"": null, ""5"": null, ""6"": null, ""7"": null}","{""0"": 194, ""1"": 197}",194,1,0,0,0,0.185,ultrasonic-not-close,KEEP_PAUSED,left,right,,0
1610,2026-08-01T16:20:17.202+09:00,186.583,1609,8.63,0,STOPPED_RED,,1,1,1,-0.007090,0.000000,0.000000,0,745,green,0,unknown,0.000000,null,0.000000,0.297,,"{""0"": 194, ""1"": 196, ""2"": null, ""3"": null, ""4"": null, ""5"": null, ""6"": null, ""7"": null}","{""0"": 0.0, ""1"": 0.0, ""2"": null, ""3"": null, ""4"": null, ""5"": null, ""6"": null, ""7"": null}","{""0"": 194, ""1"": 196}",194,1,0,0,0,0.297,ultrasonic-not-close,KEEP_PAUSED,left,right,,0
1611,2026-08-01T16:20:17.305+09:00,186.694,1610,8.63,0,STOPPED_RED,,1,1,1,-0.007090,0.000000,0.000000,0,745,green,0,unknown,0.000000,null,0.000000,0.305,,"{""0"": 194, ""1"": 197, ""2"": null, ""3"": null, ""4"": null, ""5"": null, ""6"": null, ""7"": null}","{""0"": 0.0, ""1"": 0.0, ""2"": null, ""3"": null, ""4"": null, ""5"": null, ""6"": null, ""7"": null}","{""0"": 194, ""1"": 197}",194,1,0,0,0,0.305,ultrasonic-not-close,KEEP_PAUSED,left,right,,0
1612,2026-08-01T16:20:17.424+09:00,186.813,1611,8.63,0,STOPPED_RED,,1,1,1,-0.007090,0.000000,0.000000,0,745,green,0,unknown,0.000000,null,0.000000,0.312,,"{""0"": 195, ""1"": 197, ""2"": null, ""3"": null, ""4"": null, ""5"": null, ""6"": null, ""7"": null}","{""0"": 0.0, ""1"": 0.0, ""2"": null, ""3"": null, ""4"": null, ""5"": null, ""6"": null, ""7"": null}","{""0"": 195, ""1"": 197}",195,1,0,0,0,0.312,ultrasonic-not-close,KEEP_PAUSED,left,right,,0
1613,2026-08-01T16:20:17.538+09:00,186.926,1612,8.63,0,STOPPED_RED,,1,1,1,-0.007090,0.000000,0.000000,0,745,green,0,unknown,0.000000,null,0.000000,0.425,,"{""0"": 194, ""1"": 197, ""2"": null, ""3"": null, ""4"": null, ""5"": null, ""6"": null, ""7"": null}","{""0"": 0.0, ""1"": 0.0, ""2"": null, ""3"": null, ""4"": null, ""5"": null, ""6"": null, ""7"": null}","{""0"": 194, ""1"": 197}",194,1,0,0,0,0.425,ultrasonic-not-close,KEEP_PAUSED,left,right,,0
1614,2026-08-01T16:20:17.647+09:00,187.036,1613,8.63,0,STOPPED_RED,,1,1,1,-0.007090,0.000000,0.000000,0,745,green,0,unknown,0.000000,null,0.000000,0.319,,"{""0"": 194, ""1"": 197, ""2"": null, ""3"": null, ""4"": null, ""5"": null, ""6"": null, ""7"": null}","{""0"": 0.0, ""1"": 0.0, ""2"": null, ""3"": null, ""4"": null, ""5"": null, ""6"": null, ""7"": null}","{""0"": 194, ""1"": 197}",194,1,0,0,0,0.319,ultrasonic-not-close,KEEP_PAUSED,left,right,,0
1615,2026-08-01T16:20:17.760+09:00,187.149,1614,8.63,0,STOPPED_RED,,1,1,1,-0.007090,0.000000,0.000000,0,744,green,0,unknown,0.000000,null,0.000000,0.303,,"{""0"": 195, ""1"": 197, ""2"": null, ""3"": null, ""4"": null, ""5"": null, ""6"": null, ""7"": null}","{""0"": 0.001, ""1"": 0.0, ""2"": null, ""3"": null, ""4"": null, ""5"": null, ""6"": null, ""7"": null}","{""0"": 195, ""1"": 197}",195,1,0,0,0,0.302,ultrasonic-not-close,KEEP_PAUSED,left,right,,0
1616,2026-08-01T16:20:17.871+09:00,187.260,1615,8.63,0,STOPPED_RED,,1,1,1,-0.007090,0.000000,0.000000,0,745,green,0,unknown,0.000000,null,0.000000,0.192,,"{""0"": 195, ""1"": 197, ""2"": null, ""3"": null, ""4"": null, ""5"": null, ""6"": null, ""7"": null}","{""0"": 0.0, ""1"": 0.0, ""2"": null, ""3"": null, ""4"": null, ""5"": null, ""6"": null, ""7"": null}","{""0"": 195, ""1"": 197}",195,1,0,0,0,0.192,ultrasonic-not-close,KEEP_PAUSED,left,right,,0
1617,2026-08-01T16:20:17.977+09:00,187.367,1616,8.63,0,STOPPED_RED,,1,1,1,-0.007090,0.000000,0.000000,0,745,green,0,unknown,0.000000,null,0.000000,0.298,,"{""0"": 195, ""1"": 196, ""2"": null, ""3"": null, ""4"": null, ""5"": null, ""6"": null, ""7"": null}","{""0"": 0.0, ""1"": 0.0, ""2"": null, ""3"": null, ""4"": null, ""5"": null, ""6"": null, ""7"": null}","{""0"": 195, ""1"": 196}",195,1,0,0,0,0.298,ultrasonic-not-close,KEEP_PAUSED,left,right,,0
1618,2026-08-01T16:20:18.084+09:00,187.474,1617,8.63,0,STOPPED_RED,,1,1,1,-0.007090,0.000000,0.000000,0,745,green,0,unknown,0.000000,null,0.000000,0.292,,"{""0"": 194, ""1"": 197, ""2"": null, ""3"": null, ""4"": null, ""5"": null, ""6"": null, ""7"": null}","{""0"": 0.0, ""1"": 0.0, ""2"": null, ""3"": null, ""4"": null, ""5"": null, ""6"": null, ""7"": null}","{""0"": 194, ""1"": 197}",194,1,0,0,0,0.292,ultrasonic-not-close,KEEP_PAUSED,left,right,,0
1619,2026-08-01T16:20:18.203+09:00,187.592,1618,8.63,0,STOPPED_RED,,1,1,1,-0.007090,0.000000,0.000000,0,745,green,0,unknown,0.000000,null,0.000000,0.193,,"{""0"": 195, ""1"": 197, ""2"": null, ""3"": null, ""4"": null, ""5"": null, ""6"": null, ""7"": null}","{""0"": 0.0, ""1"": 0.0, ""2"": null, ""3"": null, ""4"": null, ""5"": null, ""6"": null, ""7"": null}","{""0"": 195, ""1"": 197}",195,1,0,0,0,0.193,ultrasonic-not-close,KEEP_PAUSED,left,right,,0
1620,2026-08-01T16:20:18.313+09:00,187.703,1619,8.63,0,STOPPED_RED,,1,1,1,-0.007090,0.000000,0.000000,0,746,green,0,unknown,0.000000,null,0.000000,0.302,,"{""0"": 195, ""1"": 197, ""2"": null, ""3"": null, ""4"": null, ""5"": null, ""6"": null, ""7"": null}","{""0"": 0.0, ""1"": 0.0, ""2"": null, ""3"": null, ""4"": null, ""5"": null, ""6"": null, ""7"": null}","{""0"": 195, ""1"": 197}",195,1,0,0,0,0.302,ultrasonic-not-close,KEEP_PAUSED,left,right,,0
1621,2026-08-01T16:20:18.416+09:00,187.805,1620,8.63,0,STOPPED_RED,,1,1,1,-0.007090,0.000000,0.000000,0,745,green,0,unknown,0.000000,null,0.000000,0.298,,"{""0"": 195, ""1"": 197, ""2"": null, ""3"": null, ""4"": null, ""5"": null, ""6"": null, ""7"": null}","{""0"": 0.0, ""1"": 0.0, ""2"": null, ""3"": null, ""4"": null, ""5"": null, ""6"": null, ""7"": null}","{""0"": 195, ""1"": 197}",195,1,0,0,0,0.298,ultrasonic-not-close,KEEP_PAUSED,left,right,,0
1622,2026-08-01T16:20:18.528+09:00,187.916,1621,8.63,0,STOPPED_RED,,1,1,1,-0.007090,0.000000,0.000000,0,745,green,0,unknown,0.000000,null,0.000000,0.292,,"{""0"": 196, ""1"": 198, ""2"": null, ""3"": null, ""4"": null, ""5"": null, ""6"": null, ""7"": null}","{""0"": 0.0, ""1"": 0.0, ""2"": null, ""3"": null, ""4"": null, ""5"": null, ""6"": null, ""7"": null}","{""0"": 196, ""1"": 198}",196,1,0,0,0,0.292,ultrasonic-not-close,KEEP_PAUSED,left,right,,0
1623,2026-08-01T16:20:18.644+09:00,188.033,1622,8.63,0,STOPPED_RED,,1,1,1,-0.007090,0.000000,0.000000,0,746,green,0,unknown,0.000000,null,0.000000,0.408,,"{""0"": 196, ""1"": 199, ""2"": null, ""3"": null, ""4"": null, ""5"": null, ""6"": null, ""7"": null}","{""0"": 0.0, ""1"": 0.0, ""2"": null, ""3"": null, ""4"": null, ""5"": null, ""6"": null, ""7"": null}","{""0"": 196, ""1"": 199}",196,1,0,0,0,0.408,ultrasonic-not-close,KEEP_PAUSED,left,right,,0
1624,2026-08-01T16:20:18.756+09:00,188.145,1623,8.63,0,STOPPED_RED,,1,1,1,-0.007090,0.000000,0.000000,0,745,green,0,unknown,0.000000,null,0.000000,0.308,,"{""0"": 195, ""1"": 199, ""2"": null, ""3"": null, ""4"": null, ""5"": null, ""6"": null, ""7"": null}","{""0"": 0.0, ""1"": 0.0, ""2"": null, ""3"": null, ""4"": null, ""5"": null, ""6"": null, ""7"": null}","{""0"": 195, ""1"": 199}",195,1,0,0,0,0.308,ultrasonic-not-close,KEEP_PAUSED,left,right,,0
1625,2026-08-01T16:20:18.872+09:00,188.261,1624,8.63,0,STOPPED_RED,,1,1,1,-0.007090,0.000000,0.000000,0,744,green,0,unknown,0.000000,null,0.000000,0.311,,"{""0"": 195, ""1"": 199, ""2"": null, ""3"": null, ""4"": null, ""5"": null, ""6"": null, ""7"": null}","{""0"": 0.0, ""1"": 0.0, ""2"": null, ""3"": null, ""4"": null, ""5"": null, ""6"": null, ""7"": null}","{""0"": 195, ""1"": 199}",195,1,0,0,0,0.311,ultrasonic-not-close,KEEP_PAUSED,left,right,,0
1626,2026-08-01T16:20:18.998+09:00,188.387,1625,8.63,0,STOPPED_RED,,1,1,1,-0.007090,0.000000,0.000000,0,744,green,0,unknown,0.000000,null,0.000000,0.208,,"{""0"": 194, ""1"": 197, ""2"": null, ""3"": null, ""4"": null, ""5"": null, ""6"": null, ""7"": null}","{""0"": 0.0, ""1"": 0.0, ""2"": null, ""3"": null, ""4"": null, ""5"": null, ""6"": null, ""7"": null}","{""0"": 194, ""1"": 197}",194,1,0,0,0,0.208,ultrasonic-not-close,KEEP_PAUSED,left,right,,0
1627,2026-08-01T16:20:19.108+09:00,188.498,1626,8.63,0,STOPPED_RED,,1,1,1,-0.007090,0.000000,0.000000,0,745,green,0,unknown,0.000000,null,0.000000,0.318,,"{""0"": 195, ""1"": 197, ""2"": null, ""3"": null, ""4"": null, ""5"": null, ""6"": null, ""7"": null}","{""0"": 0.0, ""1"": 0.0, ""2"": null, ""3"": null, ""4"": null, ""5"": null, ""6"": null, ""7"": null}","{""0"": 195, ""1"": 197}",195,1,0,0,0,0.318,ultrasonic-not-close,KEEP_PAUSED,left,right,,0
1628,2026-08-01T16:20:19.217+09:00,188.606,1627,8.63,0,STOPPED_RED,,1,1,1,-0.007090,0.000000,0.000000,0,744,green,0,unknown,0.000000,null,0.000000,0.315,,"{""0"": 195, ""1"": 198, ""2"": null, ""3"": null, ""4"": null, ""5"": null, ""6"": null, ""7"": null}","{""0"": 0.0, ""1"": 0.0, ""2"": null, ""3"": null, ""4"": null, ""5"": null, ""6"": null, ""7"": null}","{""0"": 195, ""1"": 198}",195,1,0,0,0,0.315,ultrasonic-not-close,KEEP_PAUSED,left,right,,0
1629,2026-08-01T16:20:19.329+09:00,188.719,1628,8.63,0,STOPPED_RED,,1,1,1,-0.007090,0.000000,0.000000,0,745,green,0,unknown,0.000000,null,0.000000,0.189,,"{""0"": 194, ""1"": 199, ""2"": null, ""3"": null, ""4"": null, ""5"": null, ""6"": null, ""7"": null}","{""0"": 0.0, ""1"": 0.0, ""2"": null, ""3"": null, ""4"": null, ""5"": null, ""6"": null, ""7"": null}","{""0"": 194, ""1"": 199}",194,1,0,0,0,0.189,ultrasonic-not-close,KEEP_PAUSED,left,right,,0
1630,2026-08-01T16:20:19.445+09:00,188.834,1629,8.63,0,STOPPED_RED,,1,1,1,-0.007090,0.000000,0.000000,0,744,green,0,unknown,0.000000,null,0.000000,0.304,,"{""0"": 194, ""1"": 197, ""2"": null, ""3"": null, ""4"": null, ""5"": null, ""6"": null, ""7"": null}","{""0"": 0.0, ""1"": 0.0, ""2"": null, ""3"": null, ""4"": null, ""5"": null, ""6"": null, ""7"": null}","{""0"": 194, ""1"": 197}",194,1,0,0,0,0.304,ultrasonic-not-close,KEEP_PAUSED,left,right,,0
1631,2026-08-01T16:20:19.554+09:00,188.943,1630,8.63,0,STOPPED_RED,,1,1,1,-0.007090,0.000000,0.000000,0,745,green,0,unknown,0.000000,null,0.000000,0.304,,"{""0"": 195, ""1"": 197, ""2"": null, ""3"": null, ""4"": null, ""5"": null, ""6"": null, ""7"": null}","{""0"": 0.0, ""1"": 0.0, ""2"": null, ""3"": null, ""4"": null, ""5"": null, ""6"": null, ""7"": null}","{""0"": 195, ""1"": 197}",195,1,0,0,0,0.304,ultrasonic-not-close,KEEP_PAUSED,left,right,,0
1632,2026-08-01T16:20:19.672+09:00,189.061,1631,8.63,0,STOPPED_RED,,1,1,1,-0.007090,0.000000,0.000000,0,745,green,0,unknown,0.000000,null,0.000000,0.310,,"{""0"": 195, ""1"": 197, ""2"": null, ""3"": null, ""4"": null, ""5"": null, ""6"": null, ""7"": null}","{""0"": 0.0, ""1"": 0.0, ""2"": null, ""3"": null, ""4"": null, ""5"": null, ""6"": null, ""7"": null}","{""0"": 195, ""1"": 197}",195,1,0,0,0,0.310,ultrasonic-not-close,KEEP_PAUSED,left,right,,0
1633,2026-08-01T16:20:19.787+09:00,189.176,1632,8.63,0,STOPPED_RED,,1,1,1,-0.007090,0.000000,0.000000,0,745,green,0,unknown,0.000000,null,0.000000,0.423,,"{""0"": 196, ""1"": 197, ""2"": null, ""3"": null, ""4"": null, ""5"": null, ""6"": null, ""7"": null}","{""0"": 0.0, ""1"": 0.0, ""2"": null, ""3"": null, ""4"": null, ""5"": null, ""6"": null, ""7"": null}","{""0"": 196, ""1"": 197}",196,1,0,0,0,0.423,ultrasonic-not-close,KEEP_PAUSED,left,right,,0
1634,2026-08-01T16:20:19.889+09:00,189.279,1633,8.63,0,STOPPED_RED,,1,1,1,-0.007090,0.000000,0.000000,0,745,green,0,unknown,0.000000,null,0.000000,0.303,,"{""0"": 196, ""1"": 196, ""2"": null, ""3"": null, ""4"": null, ""5"": null, ""6"": null, ""7"": null}","{""0"": 0.0, ""1"": 0.0, ""2"": null, ""3"": null, ""4"": null, ""5"": null, ""6"": null, ""7"": null}","{""0"": 196, ""1"": 196}",196,1,0,0,0,0.303,ultrasonic-not-close,KEEP_PAUSED,left,right,,0
1635,2026-08-01T16:20:20.014+09:00,189.402,1634,8.63,0,STOPPED_RED,,1,1,1,-0.007090,0.000000,0.000000,0,745,green,0,unknown,0.000000,null,0.000000,0.311,,"{""0"": 194, ""1"": 197, ""2"": null, ""3"": null, ""4"": null, ""5"": null, ""6"": null, ""7"": null}","{""0"": 0.0, ""1"": 0.0, ""2"": null, ""3"": null, ""4"": null, ""5"": null, ""6"": null, ""7"": null}","{""0"": 194, ""1"": 197}",194,1,0,0,0,0.311,ultrasonic-not-close,KEEP_PAUSED,left,right,,0
1636,2026-08-01T16:20:20.127+09:00,189.516,1635,8.63,0,STOPPED_RED,,1,1,1,-0.007090,0.000000,0.000000,0,746,green,0,unknown,0.000000,null,0.000000,0.424,,"{""0"": 194, ""1"": 197, ""2"": null, ""3"": null, ""4"": null, ""5"": null, ""6"": null, ""7"": null}","{""0"": 0.0, ""1"": 0.0, ""2"": null, ""3"": null, ""4"": null, ""5"": null, ""6"": null, ""7"": null}","{""0"": 194, ""1"": 197}",194,1,0,0,0,0.424,ultrasonic-not-close,KEEP_PAUSED,left,right,,0
1637,2026-08-01T16:20:20.235+09:00,189.625,1636,8.63,0,STOPPED_RED,,1,1,1,-0.007090,0.000000,0.000000,0,745,green,0,unknown,0.000000,null,0.000000,0.314,,"{""0"": 194, ""1"": 196, ""2"": null, ""3"": null, ""4"": null, ""5"": null, ""6"": null, ""7"": null}","{""0"": 0.0, ""1"": 0.0, ""2"": null, ""3"": null, ""4"": null, ""5"": null, ""6"": null, ""7"": null}","{""0"": 194, ""1"": 196}",194,1,0,0,0,0.314,ultrasonic-not-close,KEEP_PAUSED,left,right,,0
1638,2026-08-01T16:20:20.343+09:00,189.733,1637,8.63,0,STOPPED_RED,,1,1,1,-0.007090,0.000000,0.000000,0,744,green,0,unknown,0.000000,null,0.000000,0.298,,"{""0"": 194, ""1"": 197, ""2"": null, ""3"": null, ""4"": null, ""5"": null, ""6"": null, ""7"": null}","{""0"": 0.0, ""1"": 0.0, ""2"": null, ""3"": null, ""4"": null, ""5"": null, ""6"": null, ""7"": null}","{""0"": 194, ""1"": 197}",194,1,0,0,0,0.298,ultrasonic-not-close,KEEP_PAUSED,left,right,,0
1639,2026-08-01T16:20:20.462+09:00,189.852,1638,8.63,0,STOPPED_RED,,1,1,1,-0.007090,0.000000,0.000000,0,745,green,0,unknown,0.000000,null,0.000000,0.194,,"{""0"": 194, ""1"": 197, ""2"": null, ""3"": null, ""4"": null, ""5"": null, ""6"": null, ""7"": null}","{""0"": 0.0, ""1"": 0.0, ""2"": null, ""3"": null, ""4"": null, ""5"": null, ""6"": null, ""7"": null}","{""0"": 194, ""1"": 197}",194,1,0,0,0,0.194,ultrasonic-not-close,KEEP_PAUSED,left,right,,0
1640,2026-08-01T16:20:20.574+09:00,189.962,1639,8.63,0,STOPPED_RED,,1,1,1,-0.007090,0.000000,0.000000,0,745,green,0,unknown,0.000000,null,0.000000,0.303,,"{""0"": 193, ""1"": 250, ""2"": null, ""3"": null, ""4"": null, ""5"": null, ""6"": null, ""7"": null}","{""0"": 0.0, ""1"": 0.0, ""2"": null, ""3"": null, ""4"": null, ""5"": null, ""6"": null, ""7"": null}","{""0"": 193, ""1"": 250}",193,1,0,0,0,0.303,ultrasonic-not-close,KEEP_PAUSED,left,right,,0
1641,2026-08-01T16:20:20.684+09:00,190.074,1640,8.63,0,STOPPED_RED,,1,1,1,-0.007090,0.000000,0.000000,0,745,green,0,unknown,0.000000,null,0.000000,0.309,,"{""0"": 193, ""1"": 198, ""2"": null, ""3"": null, ""4"": null, ""5"": null, ""6"": null, ""7"": null}","{""0"": 0.0, ""1"": 0.0, ""2"": null, ""3"": null, ""4"": null, ""5"": null, ""6"": null, ""7"": null}","{""0"": 193, ""1"": 198}",193,1,0,0,0,0.309,ultrasonic-not-close,KEEP_PAUSED,left,right,,0
1642,2026-08-01T16:20:20.794+09:00,190.184,1641,8.63,0,STOPPED_RED,,1,1,1,-0.007090,0.000000,0.000000,0,745,green,0,unknown,0.000000,null,0.000000,0.188,,"{""0"": 193, ""1"": 197, ""2"": null, ""3"": null, ""4"": null, ""5"": null, ""6"": null, ""7"": null}","{""0"": 0.0, ""1"": 0.0, ""2"": null, ""3"": null, ""4"": null, ""5"": null, ""6"": null, ""7"": null}","{""0"": 193, ""1"": 197}",193,1,0,0,0,0.188,ultrasonic-not-close,KEEP_PAUSED,left,right,,0
1643,2026-08-01T16:20:20.904+09:00,190.293,1642,8.63,0,STOPPED_RED,,1,1,1,-0.007090,0.000000,0.000000,0,745,green,0,unknown,0.000000,null,0.000000,0.295,,"{""0"": 193, ""1"": 197, ""2"": null, ""3"": null, ""4"": null, ""5"": null, ""6"": null, ""7"": null}","{""0"": 0.0, ""1"": 0.0, ""2"": null, ""3"": null, ""4"": null, ""5"": null, ""6"": null, ""7"": null}","{""0"": 193, ""1"": 197}",193,1,0,0,0,0.295,ultrasonic-not-close,KEEP_PAUSED,left,right,,0
1644,2026-08-01T16:20:21.014+09:00,190.403,1643,8.63,0,STOPPED_RED,,1,1,1,-0.007090,0.000000,0.000000,0,744,green,0,unknown,0.000000,null,0.000000,0.298,,"{""0"": 193, ""1"": 197, ""2"": null, ""3"": null, ""4"": null, ""5"": null, ""6"": null, ""7"": null}","{""0"": 0.0, ""1"": 0.0, ""2"": null, ""3"": null, ""4"": null, ""5"": null, ""6"": null, ""7"": null}","{""0"": 193, ""1"": 197}",193,1,0,0,0,0.298,ultrasonic-not-close,KEEP_PAUSED,left,right,,0
1645,2026-08-01T16:20:21.130+09:00,190.520,1644,8.63,0,STOPPED_RED,,1,1,1,-0.007090,0.000000,0.000000,0,745,green,0,unknown,0.000000,null,0.000000,0.304,,"{""0"": 193, ""1"": 198, ""2"": null, ""3"": null, ""4"": null, ""5"": null, ""6"": null, ""7"": null}","{""0"": 0.0, ""1"": 0.0, ""2"": null, ""3"": null, ""4"": null, ""5"": null, ""6"": null, ""7"": null}","{""0"": 193, ""1"": 198}",193,1,0,0,0,0.304,ultrasonic-not-close,KEEP_PAUSED,left,right,,0
1646,2026-08-01T16:20:21.255+09:00,190.644,1645,8.63,0,STOPPED_RED,,1,1,1,-0.007090,0.000000,0.000000,0,745,green,0,unknown,0.000000,null,0.000000,0.209,,"{""0"": 193, ""1"": 197, ""2"": null, ""3"": null, ""4"": null, ""5"": null, ""6"": null, ""7"": null}","{""0"": 0.0, ""1"": 0.0, ""2"": null, ""3"": null, ""4"": null, ""5"": null, ""6"": null, ""7"": null}","{""0"": 193, ""1"": 197}",193,1,0,0,0,0.209,ultrasonic-not-close,KEEP_PAUSED,left,right,,0
1647,2026-08-01T16:20:21.375+09:00,190.763,1646,8.63,0,STOPPED_RED,,1,1,1,-0.007090,0.000000,0.000000,0,745,green,0,unknown,0.000000,null,0.000000,0.327,,"{""0"": 194, ""1"": 199, ""2"": null, ""3"": null, ""4"": null, ""5"": null, ""6"": null, ""7"": null}","{""0"": 0.0, ""1"": 0.0, ""2"": null, ""3"": null, ""4"": null, ""5"": null, ""6"": null, ""7"": null}","{""0"": 194, ""1"": 199}",194,1,0,0,0,0.327,ultrasonic-not-close,KEEP_PAUSED,left,right,,0
1648,2026-08-01T16:20:21.483+09:00,190.873,1647,8.63,0,STOPPED_RED,,1,1,1,-0.007090,0.000000,0.000000,0,745,green,0,unknown,0.000000,null,0.000000,0.320,,"{""0"": 194, ""1"": 250, ""2"": null, ""3"": null, ""4"": null, ""5"": null, ""6"": null, ""7"": null}","{""0"": 0.0, ""1"": 0.0, ""2"": null, ""3"": null, ""4"": null, ""5"": null, ""6"": null, ""7"": null}","{""0"": 194, ""1"": 250}",194,1,0,0,0,0.320,ultrasonic-not-close,KEEP_PAUSED,left,right,,0
1649,2026-08-01T16:20:21.594+09:00,190.984,1648,8.63,0,STOPPED_RED,,1,1,1,-0.007090,0.000000,0.000000,0,744,green,0,unknown,0.000000,null,0.000000,0.187,,"{""0"": 193, ""1"": 200, ""2"": null, ""3"": null, ""4"": null, ""5"": null, ""6"": null, ""7"": null}","{""0"": 0.0, ""1"": 0.0, ""2"": null, ""3"": null, ""4"": null, ""5"": null, ""6"": null, ""7"": null}","{""0"": 193, ""1"": 200}",193,1,0,0,0,0.187,ultrasonic-not-close,KEEP_PAUSED,left,right,,0
1650,2026-08-01T16:20:21.706+09:00,191.095,1649,8.63,0,STOPPED_RED,,1,1,1,-0.007090,0.000000,0.000000,0,745,green,0,unknown,0.000000,null,0.000000,0.297,,"{""0"": 194, ""1"": 199, ""2"": null, ""3"": null, ""4"": null, ""5"": null, ""6"": null, ""7"": null}","{""0"": 0.0, ""1"": 0.0, ""2"": null, ""3"": null, ""4"": null, ""5"": null, ""6"": null, ""7"": null}","{""0"": 194, ""1"": 199}",194,1,0,0,0,0.297,ultrasonic-not-close,KEEP_PAUSED,left,right,,0
1651,2026-08-01T16:20:21.812+09:00,191.201,1650,8.64,0,STOPPED_RED,,1,1,1,-0.007090,0.000000,0.000000,0,745,green,0,unknown,0.000000,null,0.000000,0.297,,"{""0"": 194, ""1"": 199, ""2"": null, ""3"": null, ""4"": null, ""5"": null, ""6"": null, ""7"": null}","{""0"": 0.0, ""1"": 0.0, ""2"": null, ""3"": null, ""4"": null, ""5"": null, ""6"": null, ""7"": null}","{""0"": 194, ""1"": 199}",194,1,0,0,0,0.297,ultrasonic-not-close,KEEP_PAUSED,left,right,,0
1652,2026-08-01T16:20:21.921+09:00,191.310,1651,8.64,0,STOPPED_RED,,1,1,1,-0.007090,0.000000,0.000000,0,744,green,0,unknown,0.000000,null,0.000000,0.294,,"{""0"": 193, ""1"": 199, ""2"": null, ""3"": null, ""4"": null, ""5"": null, ""6"": null, ""7"": null}","{""0"": 0.0, ""1"": 0.0, ""2"": null, ""3"": null, ""4"": null, ""5"": null, ""6"": null, ""7"": null}","{""0"": 193, ""1"": 199}",193,1,0,0,0,0.294,ultrasonic-not-close,KEEP_PAUSED,left,right,,0
1653,2026-08-01T16:20:22.042+09:00,191.431,1652,8.64,0,STOPPED_RED,,1,1,1,-0.007090,0.000000,0.000000,0,744,green,0,unknown,0.000000,null,0.000000,0.414,,"{""0"": 193, ""1"": 198, ""2"": null, ""3"": null, ""4"": null, ""5"": null, ""6"": null, ""7"": null}","{""0"": 0.0, ""1"": 0.0, ""2"": null, ""3"": null, ""4"": null, ""5"": null, ""6"": null, ""7"": null}","{""0"": 193, ""1"": 198}",193,1,0,0,0,0.414,ultrasonic-not-close,KEEP_PAUSED,left,right,,0
1654,2026-08-01T16:20:22.150+09:00,191.539,1653,8.64,0,STOPPED_RED,,1,1,1,-0.007090,0.000000,0.000000,0,744,green,0,unknown,0.000000,null,0.000000,0.304,,"{""0"": 193, ""1"": 198, ""2"": null, ""3"": null, ""4"": null, ""5"": null, ""6"": null, ""7"": null}","{""0"": 0.0, ""1"": 0.0, ""2"": null, ""3"": null, ""4"": null, ""5"": null, ""6"": null, ""7"": null}","{""0"": 193, ""1"": 198}",193,1,0,0,0,0.304,ultrasonic-not-close,KEEP_PAUSED,left,right,,0
1655,2026-08-01T16:20:22.275+09:00,191.665,1654,8.64,0,STOPPED_RED,,1,1,1,-0.007090,0.000000,0.000000,0,744,green,0,unknown,0.000000,null,0.000000,0.322,,"{""0"": 193, ""1"": 198, ""2"": null, ""3"": null, ""4"": null, ""5"": null, ""6"": null, ""7"": null}","{""0"": 0.0, ""1"": 0.0, ""2"": null, ""3"": null, ""4"": null, ""5"": null, ""6"": null, ""7"": null}","{""0"": 193, ""1"": 198}",193,1,0,0,0,0.322,ultrasonic-not-close,KEEP_PAUSED,left,right,,0
1656,2026-08-01T16:20:22.392+09:00,191.781,1655,8.64,0,STOPPED_RED,,1,1,1,-0.007090,0.000000,0.000000,0,744,green,0,unknown,0.000000,null,0.000000,0.438,,"{""0"": 193, ""1"": 199, ""2"": null, ""3"": null, ""4"": null, ""5"": null, ""6"": null, ""7"": null}","{""0"": 0.0, ""1"": 0.0, ""2"": null, ""3"": null, ""4"": null, ""5"": null, ""6"": null, ""7"": null}","{""0"": 193, ""1"": 199}",193,1,0,0,0,0.438,ultrasonic-not-close,KEEP_PAUSED,left,right,,0
1657,2026-08-01T16:20:22.506+09:00,191.894,1656,8.64,0,STOPPED_RED,,1,1,1,-0.007090,0.000000,0.000000,0,745,green,0,unknown,0.000000,null,0.000000,0.321,,"{""0"": 193, ""1"": 198, ""2"": null, ""3"": null, ""4"": null, ""5"": null, ""6"": null, ""7"": null}","{""0"": 0.0, ""1"": 0.0, ""2"": null, ""3"": null, ""4"": null, ""5"": null, ""6"": null, ""7"": null}","{""0"": 193, ""1"": 198}",193,1,0,0,0,0.321,ultrasonic-not-close,KEEP_PAUSED,left,right,,0
1658,2026-08-01T16:20:22.621+09:00,192.010,1657,8.64,0,STOPPED_RED,,1,1,1,-0.007090,0.000000,0.000000,0,745,green,0,unknown,0.000000,null,0.000000,0.313,,"{""0"": 193, ""1"": 197, ""2"": null, ""3"": null, ""4"": null, ""5"": null, ""6"": null, ""7"": null}","{""0"": 0.0, ""1"": 0.0, ""2"": null, ""3"": null, ""4"": null, ""5"": null, ""6"": null, ""7"": null}","{""0"": 193, ""1"": 197}",193,1,0,0,0,0.313,ultrasonic-not-close,KEEP_PAUSED,left,right,,0
1659,2026-08-01T16:20:22.742+09:00,192.131,1658,8.64,0,STOPPED_RED,,1,1,1,-0.007090,0.000000,0.000000,0,745,green,0,unknown,0.000000,null,0.000000,0.201,,"{""0"": 192, ""1"": 197, ""2"": null, ""3"": null, ""4"": null, ""5"": null, ""6"": null, ""7"": null}","{""0"": 0.0, ""1"": 0.0, ""2"": null, ""3"": null, ""4"": null, ""5"": null, ""6"": null, ""7"": null}","{""0"": 192, ""1"": 197}",192,1,0,0,0,0.201,ultrasonic-not-close,KEEP_PAUSED,left,right,,0
1660,2026-08-01T16:20:22.855+09:00,192.244,1659,8.64,0,STOPPED_RED,,1,1,1,-0.007090,0.000000,0.000000,0,745,green,0,unknown,0.000000,null,0.000000,0.313,,"{""0"": 192, ""1"": 197, ""2"": null, ""3"": null, ""4"": null, ""5"": null, ""6"": null, ""7"": null}","{""0"": 0.0, ""1"": 0.0, ""2"": null, ""3"": null, ""4"": null, ""5"": null, ""6"": null, ""7"": null}","{""0"": 192, ""1"": 197}",192,1,0,0,0,0.313,ultrasonic-not-close,KEEP_PAUSED,left,right,,0
1661,2026-08-01T16:20:22.967+09:00,192.356,1660,8.64,0,STOPPED_RED,,1,1,1,-0.007090,0.000000,0.000000,0,746,green,0,unknown,0.000000,null,0.000000,0.312,,"{""0"": 193, ""1"": 197, ""2"": null, ""3"": null, ""4"": null, ""5"": null, ""6"": null, ""7"": null}","{""0"": 0.0, ""1"": 0.0, ""2"": null, ""3"": null, ""4"": null, ""5"": null, ""6"": null, ""7"": null}","{""0"": 193, ""1"": 197}",193,1,0,0,0,0.312,ultrasonic-not-close,KEEP_PAUSED,left,right,,0
1662,2026-08-01T16:20:23.083+09:00,192.472,1661,8.64,0,STOPPED_RED,,1,1,1,-0.007090,0.000000,0.000000,0,745,green,0,unknown,0.000000,null,0.000000,0.306,,"{""0"": 194, ""1"": 197, ""2"": null, ""3"": null, ""4"": null, ""5"": null, ""6"": null, ""7"": null}","{""0"": 0.0, ""1"": 0.0, ""2"": null, ""3"": null, ""4"": null, ""5"": null, ""6"": null, ""7"": null}","{""0"": 194, ""1"": 197}",194,1,0,0,0,0.306,ultrasonic-not-close,KEEP_PAUSED,left,right,,0
1663,2026-08-01T16:20:23.201+09:00,192.589,1662,8.64,0,STOPPED_RED,,1,1,1,-0.007090,0.000000,0.000000,0,745,green,0,unknown,0.000000,null,0.000000,0.424,,"{""0"": 195, ""1"": 197, ""2"": null, ""3"": null, ""4"": null, ""5"": null, ""6"": null, ""7"": null}","{""0"": 0.0, ""1"": 0.0, ""2"": null, ""3"": null, ""4"": null, ""5"": null, ""6"": null, ""7"": null}","{""0"": 195, ""1"": 197}",195,1,0,0,0,0.424,ultrasonic-not-close,KEEP_PAUSED,left,right,,0
1664,2026-08-01T16:20:23.316+09:00,192.704,1663,8.64,0,STOPPED_RED,,1,1,1,-0.007090,0.000000,0.000000,0,745,green,0,unknown,0.000000,null,0.000000,0.312,,"{""0"": 195, ""1"": 198, ""2"": null, ""3"": null, ""4"": null, ""5"": null, ""6"": null, ""7"": null}","{""0"": 0.0, ""1"": 0.0, ""2"": null, ""3"": null, ""4"": null, ""5"": null, ""6"": null, ""7"": null}","{""0"": 195, ""1"": 198}",195,1,0,0,0,0.312,ultrasonic-not-close,KEEP_PAUSED,left,right,,0
1665,2026-08-01T16:20:23.457+09:00,192.845,1664,8.63,0,STOPPED_RED,,1,1,1,-0.007090,0.000000,0.000000,0,745,green,0,unknown,0.000000,null,0.000000,0.339,,"{""0"": 194, ""1"": 197, ""2"": null, ""3"": null, ""4"": null, ""5"": null, ""6"": null, ""7"": null}","{""0"": 0.0, ""1"": 0.0, ""2"": null, ""3"": null, ""4"": null, ""5"": null, ""6"": null, ""7"": null}","{""0"": 194, ""1"": 197}",194,1,0,0,0,0.339,ultrasonic-not-close,KEEP_PAUSED,left,right,,0
1666,2026-08-01T16:20:23.594+09:00,192.982,1665,8.63,0,STOPPED_RED,,1,1,1,-0.007090,0.000000,0.000000,0,744,green,0,unknown,0.000000,null,0.000000,0.243,,"{""0"": 194, ""1"": 197, ""2"": null, ""3"": null, ""4"": null, ""5"": null, ""6"": null, ""7"": null}","{""0"": 0.0, ""1"": 0.0, ""2"": null, ""3"": null, ""4"": null, ""5"": null, ""6"": null, ""7"": null}","{""0"": 194, ""1"": 197}",194,1,0,0,0,0.243,ultrasonic-not-close,KEEP_PAUSED,left,right,,0
1667,2026-08-01T16:20:23.712+09:00,193.101,1666,8.63,0,STOPPED_RED,,1,1,1,-0.007090,0.000000,0.000000,0,745,green,0,unknown,0.000000,null,0.000000,0.362,,"{""0"": 194, ""1"": 197, ""2"": null, ""3"": null, ""4"": null, ""5"": null, ""6"": null, ""7"": null}","{""0"": 0.0, ""1"": 0.0, ""2"": null, ""3"": null, ""4"": null, ""5"": null, ""6"": null, ""7"": null}","{""0"": 194, ""1"": 197}",194,1,0,0,0,0.362,ultrasonic-not-close,KEEP_PAUSED,left,right,,0
1668,2026-08-01T16:20:23.820+09:00,193.209,1667,8.63,0,STOPPED_RED,,1,1,1,-0.007090,0.000000,0.000000,0,744,green,0,unknown,0.000000,null,0.000000,0.328,,"{""0"": 194, ""1"": 197, ""2"": null, ""3"": null, ""4"": null, ""5"": null, ""6"": null, ""7"": null}","{""0"": 0.0, ""1"": 0.0, ""2"": null, ""3"": null, ""4"": null, ""5"": null, ""6"": null, ""7"": null}","{""0"": 194, ""1"": 197}",194,1,0,0,0,0.328,ultrasonic-not-close,KEEP_PAUSED,left,right,,0
1669,2026-08-01T16:20:23.929+09:00,193.318,1668,8.63,0,STOPPED_RED,,1,1,1,-0.007090,0.000000,0.000000,0,745,green,0,unknown,0.000000,null,0.000000,0.302,,"{""0"": 193, ""1"": 197, ""2"": null, ""3"": null, ""4"": null, ""5"": null, ""6"": null, ""7"": null}","{""0"": 0.001, ""1"": 0.001, ""2"": null, ""3"": null, ""4"": null, ""5"": null, ""6"": null, ""7"": null}","{""0"": 193, ""1"": 197}",193,1,0,0,0,0.301,ultrasonic-not-close,KEEP_PAUSED,left,right,,0
1670,2026-08-01T16:20:24.046+09:00,193.435,1669,8.63,0,STOPPED_RED,,1,1,1,-0.007090,0.000000,0.000000,0,746,green,0,unknown,0.000000,null,0.000000,0.192,,"{""0"": 193, ""1"": 197, ""2"": null, ""3"": null, ""4"": null, ""5"": null, ""6"": null, ""7"": null}","{""0"": 0.0, ""1"": 0.0, ""2"": null, ""3"": null, ""4"": null, ""5"": null, ""6"": null, ""7"": null}","{""0"": 193, ""1"": 197}",193,1,0,0,0,0.192,ultrasonic-not-close,KEEP_PAUSED,left,right,,0
1671,2026-08-01T16:20:24.168+09:00,193.556,1670,8.63,0,STOPPED_RED,,1,1,1,-0.007090,0.000000,0.000000,0,745,green,0,unknown,0.000000,null,0.000000,0.312,,"{""0"": 194, ""1"": 197, ""2"": null, ""3"": null, ""4"": null, ""5"": null, ""6"": null, ""7"": null}","{""0"": 0.0, ""1"": 0.0, ""2"": null, ""3"": null, ""4"": null, ""5"": null, ""6"": null, ""7"": null}","{""0"": 194, ""1"": 197}",194,1,0,0,0,0.312,ultrasonic-not-close,KEEP_PAUSED,left,right,,0
1672,2026-08-01T16:20:24.276+09:00,193.664,1671,8.63,0,STOPPED_RED,,1,1,1,-0.007090,0.000000,0.000000,0,745,green,0,unknown,0.000000,null,0.000000,0.312,,"{""0"": 193, ""1"": 197, ""2"": null, ""3"": null, ""4"": null, ""5"": null, ""6"": null, ""7"": null}","{""0"": 0.0, ""1"": 0.0, ""2"": null, ""3"": null, ""4"": null, ""5"": null, ""6"": null, ""7"": null}","{""0"": 193, ""1"": 197}",193,1,0,0,0,0.312,ultrasonic-not-close,KEEP_PAUSED,left,right,,0
1673,2026-08-01T16:20:24.398+09:00,193.787,1672,8.63,0,STOPPED_RED,,1,1,1,-0.007090,0.000000,0.000000,0,745,green,0,unknown,0.000000,null,0.000000,0.318,,"{""0"": 193, ""1"": 197, ""2"": null, ""3"": null, ""4"": null, ""5"": null, ""6"": null, ""7"": null}","{""0"": 0.0, ""1"": 0.0, ""2"": null, ""3"": null, ""4"": null, ""5"": null, ""6"": null, ""7"": null}","{""0"": 193, ""1"": 197}",193,1,0,0,0,0.318,ultrasonic-not-close,KEEP_PAUSED,left,right,,0
1674,2026-08-01T16:20:24.521+09:00,193.910,1673,8.63,0,STOPPED_RED,,1,1,1,-0.007090,0.000000,0.000000,0,744,green,0,unknown,0.000000,null,0.000000,0.442,,"{""0"": 193, ""1"": 197, ""2"": null, ""3"": null, ""4"": null, ""5"": null, ""6"": null, ""7"": null}","{""0"": 0.0, ""1"": 0.0, ""2"": null, ""3"": null, ""4"": null, ""5"": null, ""6"": null, ""7"": null}","{""0"": 193, ""1"": 197}",193,1,0,0,0,0.442,ultrasonic-not-close,KEEP_PAUSED,left,right,,0
1675,2026-08-01T16:20:24.635+09:00,194.024,1674,8.63,0,STOPPED_RED,,1,1,1,-0.007090,0.000000,0.000000,0,745,green,0,unknown,0.000000,null,0.000000,0.325,,"{""0"": 193, ""1"": 197, ""2"": null, ""3"": null, ""4"": null, ""5"": null, ""6"": null, ""7"": null}","{""0"": 0.0, ""1"": 0.0, ""2"": null, ""3"": null, ""4"": null, ""5"": null, ""6"": null, ""7"": null}","{""0"": 193, ""1"": 197}",193,1,0,0,0,0.325,ultrasonic-not-close,KEEP_PAUSED,left,right,,0
1676,2026-08-01T16:20:24.751+09:00,194.140,1675,8.63,0,STOPPED_RED,,1,1,1,-0.007090,0.000000,0.000000,0,744,green,0,unknown,0.000000,null,0.000000,0.319,,"{""0"": 194, ""1"": 196, ""2"": null, ""3"": null, ""4"": null, ""5"": null, ""6"": null, ""7"": null}","{""0"": 0.0, ""1"": 0.0, ""2"": null, ""3"": null, ""4"": null, ""5"": null, ""6"": null, ""7"": null}","{""0"": 194, ""1"": 196}",194,1,0,0,0,0.319,ultrasonic-not-close,KEEP_PAUSED,left,right,,0
1677,2026-08-01T16:20:24.864+09:00,194.253,1676,8.63,0,STOPPED_RED,,1,1,1,-0.007090,0.000000,0.000000,0,744,green,0,unknown,0.000000,null,0.000000,0.195,,"{""0"": 194, ""1"": 197, ""2"": null, ""3"": null, ""4"": null, ""5"": null, ""6"": null, ""7"": null}","{""0"": 0.0, ""1"": 0.0, ""2"": null, ""3"": null, ""4"": null, ""5"": null, ""6"": null, ""7"": null}","{""0"": 194, ""1"": 197}",194,1,0,0,0,0.195,ultrasonic-not-close,KEEP_PAUSED,left,right,,0
1678,2026-08-01T16:20:24.977+09:00,194.366,1677,8.63,0,STOPPED_RED,,1,1,1,-0.007090,0.000000,0.000000,0,745,green,0,unknown,0.000000,null,0.000000,0.307,,"{""0"": 193, ""1"": 197, ""2"": null, ""3"": null, ""4"": null, ""5"": null, ""6"": null, ""7"": null}","{""0"": 0.0, ""1"": 0.0, ""2"": null, ""3"": null, ""4"": null, ""5"": null, ""6"": null, ""7"": null}","{""0"": 193, ""1"": 197}",193,1,0,0,0,0.307,ultrasonic-not-close,KEEP_PAUSED,left,right,,0
1679,2026-08-01T16:20:25.085+09:00,194.474,1678,8.63,0,STOPPED_RED,,1,1,1,-0.007090,0.000000,0.000000,0,745,green,0,unknown,0.000000,null,0.000000,0.301,,"{""0"": 193, ""1"": 197, ""2"": null, ""3"": null, ""4"": null, ""5"": null, ""6"": null, ""7"": null}","{""0"": 0.0, ""1"": 0.0, ""2"": null, ""3"": null, ""4"": null, ""5"": null, ""6"": null, ""7"": null}","{""0"": 193, ""1"": 197}",193,1,0,0,0,0.301,ultrasonic-not-close,KEEP_PAUSED,left,right,,0
1680,2026-08-01T16:20:25.191+09:00,194.581,1679,8.63,0,STOPPED_RED,,1,1,1,-0.007090,0.000000,0.000000,0,744,green,0,unknown,0.000000,null,0.000000,0.295,,"{""0"": 193, ""1"": 198, ""2"": null, ""3"": null, ""4"": null, ""5"": null, ""6"": null, ""7"": null}","{""0"": 0.0, ""1"": 0.0, ""2"": null, ""3"": null, ""4"": null, ""5"": null, ""6"": null, ""7"": null}","{""0"": 193, ""1"": 198}",193,1,0,0,0,0.295,ultrasonic-not-close,KEEP_PAUSED,left,right,,0
1681,2026-08-01T16:20:25.313+09:00,194.702,1680,8.63,0,STOPPED_RED,,1,1,1,-0.007090,0.000000,0.000000,0,745,green,0,unknown,0.000000,null,0.000000,0.415,,"{""0"": 194, ""1"": 198, ""2"": null, ""3"": null, ""4"": null, ""5"": null, ""6"": null, ""7"": null}","{""0"": 0.0, ""1"": 0.0, ""2"": null, ""3"": null, ""4"": null, ""5"": null, ""6"": null, ""7"": null}","{""0"": 194, ""1"": 198}",194,1,0,0,0,0.415,ultrasonic-not-close,KEEP_PAUSED,left,right,,0
1682,2026-08-01T16:20:25.423+09:00,194.812,1681,8.63,0,STOPPED_RED,,1,1,1,-0.007090,0.000000,0.000000,0,745,green,0,unknown,0.000000,null,0.000000,0.304,,"{""0"": 194, ""1"": 196, ""2"": null, ""3"": null, ""4"": null, ""5"": null, ""6"": null, ""7"": null}","{""0"": 0.0, ""1"": 0.0, ""2"": null, ""3"": null, ""4"": null, ""5"": null, ""6"": null, ""7"": null}","{""0"": 194, ""1"": 196}",194,1,0,0,0,0.304,ultrasonic-not-close,KEEP_PAUSED,left,right,,0
1683,2026-08-01T16:20:25.532+09:00,194.922,1682,8.63,0,STOPPED_RED,,1,1,1,-0.007090,0.000000,0.000000,0,745,green,0,unknown,0.000000,null,0.000000,0.307,,"{""0"": 194, ""1"": 197, ""2"": null, ""3"": null, ""4"": null, ""5"": null, ""6"": null, ""7"": null}","{""0"": 0.0, ""1"": 0.0, ""2"": null, ""3"": null, ""4"": null, ""5"": null, ""6"": null, ""7"": null}","{""0"": 194, ""1"": 197}",194,1,0,0,0,0.307,ultrasonic-not-close,KEEP_PAUSED,left,right,,0
1684,2026-08-01T16:20:25.649+09:00,195.038,1683,8.63,0,STOPPED_RED,,1,1,1,-0.007090,0.000000,0.000000,0,745,green,0,unknown,0.000000,null,0.000000,0.193,,"{""0"": 194, ""1"": 197, ""2"": null, ""3"": null, ""4"": null, ""5"": null, ""6"": null, ""7"": null}","{""0"": 0.0, ""1"": 0.0, ""2"": null, ""3"": null, ""4"": null, ""5"": null, ""6"": null, ""7"": null}","{""0"": 194, ""1"": 197}",194,1,0,0,0,0.193,ultrasonic-not-close,KEEP_PAUSED,left,right,,0
1685,2026-08-01T16:20:25.755+09:00,195.143,1684,8.64,0,STOPPED_RED,,1,1,1,-0.007090,0.000000,0.000000,0,745,green,0,unknown,0.000000,null,0.000000,0.297,,"{""0"": 193, ""1"": 197, ""2"": null, ""3"": null, ""4"": null, ""5"": null, ""6"": null, ""7"": null}","{""0"": 0.0, ""1"": 0.0, ""2"": null, ""3"": null, ""4"": null, ""5"": null, ""6"": null, ""7"": null}","{""0"": 193, ""1"": 197}",193,1,0,0,0,0.297,ultrasonic-not-close,KEEP_PAUSED,left,right,,0
1686,2026-08-01T16:20:25.863+09:00,195.252,1685,8.64,0,STOPPED_RED,,1,1,1,-0.007090,0.000000,0.000000,0,745,green,0,unknown,0.000000,null,0.000000,0.299,,"{""0"": 193, ""1"": 196, ""2"": null, ""3"": null, ""4"": null, ""5"": null, ""6"": null, ""7"": null}","{""0"": 0.0, ""1"": 0.0, ""2"": null, ""3"": null, ""4"": null, ""5"": null, ""6"": null, ""7"": null}","{""0"": 193, ""1"": 196}",193,1,0,0,0,0.299,ultrasonic-not-close,KEEP_PAUSED,left,right,,0
1687,2026-08-01T16:20:25.986+09:00,195.375,1686,8.64,0,STOPPED_RED,,1,1,1,-0.007090,0.000000,0.000000,0,745,green,0,unknown,0.000000,null,0.000000,0.197,,"{""0"": 194, ""1"": 196, ""2"": null, ""3"": null, ""4"": null, ""5"": null, ""6"": null, ""7"": null}","{""0"": 0.0, ""1"": 0.0, ""2"": null, ""3"": null, ""4"": null, ""5"": null, ""6"": null, ""7"": null}","{""0"": 194, ""1"": 196}",194,1,0,0,0,0.197,ultrasonic-not-close,KEEP_PAUSED,left,right,,0
1688,2026-08-01T16:20:26.101+09:00,195.489,1687,8.64,0,STOPPED_RED,,1,1,1,-0.007090,0.000000,0.000000,0,745,green,0,unknown,0.000000,null,0.000000,0.311,,"{""0"": 193, ""1"": 196, ""2"": null, ""3"": null, ""4"": null, ""5"": null, ""6"": null, ""7"": null}","{""0"": 0.0, ""1"": 0.0, ""2"": null, ""3"": null, ""4"": null, ""5"": null, ""6"": null, ""7"": null}","{""0"": 193, ""1"": 196}",193,1,0,0,0,0.311,ultrasonic-not-close,KEEP_PAUSED,left,right,,0
1689,2026-08-01T16:20:26.207+09:00,195.597,1688,8.64,0,STOPPED_RED,,1,1,1,-0.007090,0.000000,0.000000,0,745,green,0,unknown,0.000000,null,0.000000,0.313,,"{""0"": 193, ""1"": 197, ""2"": null, ""3"": null, ""4"": null, ""5"": null, ""6"": null, ""7"": null}","{""0"": 0.0, ""1"": 0.0, ""2"": null, ""3"": null, ""4"": null, ""5"": null, ""6"": null, ""7"": null}","{""0"": 193, ""1"": 197}",193,1,0,0,0,0.313,ultrasonic-not-close,KEEP_PAUSED,left,right,,0
1690,2026-08-01T16:20:26.321+09:00,195.710,1689,8.64,0,STOPPED_RED,,1,1,1,-0.007090,0.000000,0.000000,0,745,green,0,unknown,0.000000,null,0.000000,0.186,,"{""0"": 194, ""1"": 196, ""2"": null, ""3"": null, ""4"": null, ""5"": null, ""6"": null, ""7"": null}","{""0"": 0.0, ""1"": 0.0, ""2"": null, ""3"": null, ""4"": null, ""5"": null, ""6"": null, ""7"": null}","{""0"": 194, ""1"": 196}",194,1,0,0,0,0.186,ultrasonic-not-close,KEEP_PAUSED,left,right,,0
1691,2026-08-01T16:20:26.440+09:00,195.829,1690,8.64,0,STOPPED_RED,,1,1,1,-0.007090,0.000000,0.000000,0,745,green,0,unknown,0.000000,null,0.000000,0.303,,"{""0"": 194, ""1"": 196, ""2"": null, ""3"": null, ""4"": null, ""5"": null, ""6"": null, ""7"": null}","{""0"": 0.0, ""1"": 0.0, ""2"": null, ""3"": null, ""4"": null, ""5"": null, ""6"": null, ""7"": null}","{""0"": 194, ""1"": 196}",194,1,0,0,0,0.303,ultrasonic-not-close,KEEP_PAUSED,left,right,,0
1692,2026-08-01T16:20:26.550+09:00,195.939,1691,8.64,0,STOPPED_RED,,1,1,1,-0.007090,0.000000,0.000000,0,745,green,0,unknown,0.000000,null,0.000000,0.310,,"{""0"": 194, ""1"": 197, ""2"": null, ""3"": null, ""4"": null, ""5"": null, ""6"": null, ""7"": null}","{""0"": 0.0, ""1"": 0.0, ""2"": null, ""3"": null, ""4"": null, ""5"": null, ""6"": null, ""7"": null}","{""0"": 194, ""1"": 197}",194,1,0,0,0,0.310,ultrasonic-not-close,KEEP_PAUSED,left,right,,0
1693,2026-08-01T16:20:26.660+09:00,196.050,1692,8.64,0,STOPPED_RED,,1,1,1,-0.007090,0.000000,0.000000,0,744,green,0,unknown,0.000000,null,0.000000,0.307,,"{""0"": 193, ""1"": 196, ""2"": null, ""3"": null, ""4"": null, ""5"": null, ""6"": null, ""7"": null}","{""0"": 0.0, ""1"": 0.0, ""2"": null, ""3"": null, ""4"": null, ""5"": null, ""6"": null, ""7"": null}","{""0"": 193, ""1"": 196}",193,1,0,0,0,0.307,ultrasonic-not-close,KEEP_PAUSED,left,right,,0
1694,2026-08-01T16:20:26.775+09:00,196.164,1693,8.64,0,STOPPED_RED,,1,1,1,-0.007090,0.000000,0.000000,0,746,green,0,unknown,0.000000,null,0.000000,0.419,,"{""0"": 194, ""1"": 197, ""2"": null, ""3"": null, ""4"": null, ""5"": null, ""6"": null, ""7"": null}","{""0"": 0.0, ""1"": 0.0, ""2"": null, ""3"": null, ""4"": null, ""5"": null, ""6"": null, ""7"": null}","{""0"": 194, ""1"": 197}",194,1,0,0,0,0.419,ultrasonic-not-close,KEEP_PAUSED,left,right,,0
1695,2026-08-01T16:20:26.888+09:00,196.276,1694,8.64,0,STOPPED_RED,,1,1,1,-0.007090,0.000000,0.000000,0,745,green,0,unknown,0.000000,null,0.000000,0.305,,"{""0"": 194, ""1"": 197, ""2"": null, ""3"": null, ""4"": null, ""5"": null, ""6"": null, ""7"": null}","{""0"": 0.0, ""1"": 0.0, ""2"": null, ""3"": null, ""4"": null, ""5"": null, ""6"": null, ""7"": null}","{""0"": 194, ""1"": 197}",194,1,0,0,0,0.305,ultrasonic-not-close,KEEP_PAUSED,left,right,,0
1696,2026-08-01T16:20:27.003+09:00,196.392,1695,8.64,0,STOPPED_RED,,1,1,1,-0.007090,0.000000,0.000000,0,745,green,0,unknown,0.000000,null,0.000000,0.308,,"{""0"": 194, ""1"": 197, ""2"": null, ""3"": null, ""4"": null, ""5"": null, ""6"": null, ""7"": null}","{""0"": 0.0, ""1"": 0.0, ""2"": null, ""3"": null, ""4"": null, ""5"": null, ""6"": null, ""7"": null}","{""0"": 194, ""1"": 197}",194,1,0,0,0,0.308,ultrasonic-not-close,KEEP_PAUSED,left,right,,0
1697,2026-08-01T16:20:27.123+09:00,196.512,1696,8.64,0,STOPPED_RED,,1,1,1,-0.007090,0.000000,0.000000,0,745,green,0,unknown,0.000000,null,0.000000,0.202,,"{""0"": 194, ""1"": 198, ""2"": null, ""3"": null, ""4"": null, ""5"": null, ""6"": null, ""7"": null}","{""0"": 0.0, ""1"": 0.0, ""2"": null, ""3"": null, ""4"": null, ""5"": null, ""6"": null, ""7"": null}","{""0"": 194, ""1"": 198}",194,1,0,0,0,0.202,ultrasonic-not-close,KEEP_PAUSED,left,right,,0
1698,2026-08-01T16:20:27.240+09:00,196.628,1697,8.64,0,STOPPED_RED,,1,1,1,-0.007090,0.000000,0.000000,0,745,green,0,unknown,0.000000,null,0.000000,0.317,,"{""0"": 194, ""1"": 250, ""2"": null, ""3"": null, ""4"": null, ""5"": null, ""6"": null, ""7"": null}","{""0"": 0.0, ""1"": 0.0, ""2"": null, ""3"": null, ""4"": null, ""5"": null, ""6"": null, ""7"": null}","{""0"": 194, ""1"": 250}",194,1,0,0,0,0.317,ultrasonic-not-close,KEEP_PAUSED,left,right,,0
1699,2026-08-01T16:20:27.349+09:00,196.739,1698,8.64,0,STOPPED_RED,,1,1,1,-0.007090,0.000000,0.000000,0,745,green,0,unknown,0.000000,null,0.000000,0.315,,"{""0"": 194, ""1"": 198, ""2"": null, ""3"": null, ""4"": null, ""5"": null, ""6"": null, ""7"": null}","{""0"": 0.0, ""1"": 0.0, ""2"": null, ""3"": null, ""4"": null, ""5"": null, ""6"": null, ""7"": null}","{""0"": 194, ""1"": 198}",194,1,0,0,0,0.315,ultrasonic-not-close,KEEP_PAUSED,left,right,,0
1700,2026-08-01T16:20:27.465+09:00,196.854,1699,8.64,0,STOPPED_RED,,1,1,1,-0.007090,0.000000,0.000000,0,745,green,0,unknown,0.000000,null,0.000000,0.192,,"{""0"": 193, ""1"": 197, ""2"": null, ""3"": null, ""4"": null, ""5"": null, ""6"": null, ""7"": null}","{""0"": 0.0, ""1"": 0.0, ""2"": null, ""3"": null, ""4"": null, ""5"": null, ""6"": null, ""7"": null}","{""0"": 193, ""1"": 197}",193,1,0,0,0,0.192,ultrasonic-not-close,KEEP_PAUSED,left,right,,0
1701,2026-08-01T16:20:27.579+09:00,196.967,1700,8.64,0,STOPPED_RED,,1,1,1,-0.007090,0.000000,0.000000,0,746,green,0,unknown,0.000000,null,0.000000,0.304,,"{""0"": 194, ""1"": 196, ""2"": null, ""3"": null, ""4"": null, ""5"": null, ""6"": null, ""7"": null}","{""0"": 0.0, ""1"": 0.0, ""2"": null, ""3"": null, ""4"": null, ""5"": null, ""6"": null, ""7"": null}","{""0"": 194, ""1"": 196}",194,1,0,0,0,0.304,ultrasonic-not-close,KEEP_PAUSED,left,right,,0
1702,2026-08-01T16:20:27.684+09:00,197.072,1701,8.64,0,STOPPED_RED,,1,1,1,-0.007090,0.000000,0.000000,0,745,green,0,unknown,0.000000,null,0.000000,0.301,,"{""0"": 195, ""1"": 196, ""2"": null, ""3"": null, ""4"": null, ""5"": null, ""6"": null, ""7"": null}","{""0"": 0.0, ""1"": 0.0, ""2"": null, ""3"": null, ""4"": null, ""5"": null, ""6"": null, ""7"": null}","{""0"": 195, ""1"": 196}",195,1,0,0,0,0.301,ultrasonic-not-close,KEEP_PAUSED,left,right,,0
1703,2026-08-01T16:20:27.800+09:00,197.188,1702,8.64,0,STOPPED_RED,,1,1,1,-0.007090,0.000000,0.000000,0,745,green,0,unknown,0.000000,null,0.000000,0.301,,"{""0"": 194, ""1"": 197, ""2"": null, ""3"": null, ""4"": null, ""5"": null, ""6"": null, ""7"": null}","{""0"": 0.0, ""1"": 0.0, ""2"": null, ""3"": null, ""4"": null, ""5"": null, ""6"": null, ""7"": null}","{""0"": 194, ""1"": 197}",194,1,0,0,0,0.301,ultrasonic-not-close,KEEP_PAUSED,left,right,,0
1704,2026-08-01T16:20:27.916+09:00,197.305,1703,8.64,0,STOPPED_RED,,1,1,1,-0.007090,0.000000,0.000000,0,745,green,0,unknown,0.000000,null,0.000000,0.417,,"{""0"": 195, ""1"": 197, ""2"": null, ""3"": null, ""4"": null, ""5"": null, ""6"": null, ""7"": null}","{""0"": 0.0, ""1"": 0.0, ""2"": null, ""3"": null, ""4"": null, ""5"": null, ""6"": null, ""7"": null}","{""0"": 195, ""1"": 197}",195,1,0,0,0,0.417,ultrasonic-not-close,KEEP_PAUSED,left,right,,0
1705,2026-08-01T16:20:28.025+09:00,197.414,1704,8.64,0,STOPPED_RED,,1,1,1,-0.007090,0.000000,0.000000,0,745,green,0,unknown,0.000000,null,0.000000,0.308,,"{""0"": 194, ""1"": 197, ""2"": null, ""3"": null, ""4"": null, ""5"": null, ""6"": null, ""7"": null}","{""0"": 0.0, ""1"": 0.0, ""2"": null, ""3"": null, ""4"": null, ""5"": null, ""6"": null, ""7"": null}","{""0"": 194, ""1"": 197}",194,1,0,0,0,0.308,ultrasonic-not-close,KEEP_PAUSED,left,right,,0
1706,2026-08-01T16:20:28.139+09:00,197.528,1705,8.64,0,STOPPED_RED,,1,1,1,-0.007090,0.000000,0.000000,0,745,green,0,unknown,0.000000,null,0.000000,0.305,,"{""0"": 194, ""1"": 198, ""2"": null, ""3"": null, ""4"": null, ""5"": null, ""6"": null, ""7"": null}","{""0"": 0.0, ""1"": 0.0, ""2"": null, ""3"": null, ""4"": null, ""5"": null, ""6"": null, ""7"": null}","{""0"": 194, ""1"": 198}",194,1,0,0,0,0.305,ultrasonic-not-close,KEEP_PAUSED,left,right,,0
1707,2026-08-01T16:20:28.258+09:00,197.646,1706,8.64,0,STOPPED_RED,,1,1,1,-0.007090,0.000000,0.000000,0,744,green,0,unknown,0.000000,null,0.000000,0.198,,"{""0"": 193, ""1"": 197, ""2"": null, ""3"": null, ""4"": null, ""5"": null, ""6"": null, ""7"": null}","{""0"": 0.0, ""1"": 0.0, ""2"": null, ""3"": null, ""4"": null, ""5"": null, ""6"": null, ""7"": null}","{""0"": 193, ""1"": 197}",193,1,0,0,0,0.198,ultrasonic-not-close,KEEP_PAUSED,left,right,,0
1708,2026-08-01T16:20:28.371+09:00,197.760,1707,8.64,0,STOPPED_RED,,1,1,1,-0.007090,0.000000,0.000000,0,745,green,0,unknown,0.000000,null,0.000000,0.312,,"{""0"": 193, ""1"": 197, ""2"": null, ""3"": null, ""4"": null, ""5"": null, ""6"": null, ""7"": null}","{""0"": 0.0, ""1"": 0.0, ""2"": null, ""3"": null, ""4"": null, ""5"": null, ""6"": null, ""7"": null}","{""0"": 193, ""1"": 197}",193,1,0,0,0,0.312,ultrasonic-not-close,KEEP_PAUSED,left,right,,0
1709,2026-08-01T16:20:28.476+09:00,197.866,1708,8.64,0,STOPPED_RED,,1,1,1,-0.007090,0.000000,0.000000,0,745,green,0,unknown,0.000000,null,0.000000,0.306,,"{""0"": 193, ""1"": 197, ""2"": null, ""3"": null, ""4"": null, ""5"": null, ""6"": null, ""7"": null}","{""0"": 0.0, ""1"": 0.0, ""2"": null, ""3"": null, ""4"": null, ""5"": null, ""6"": null, ""7"": null}","{""0"": 193, ""1"": 197}",193,1,0,0,0,0.306,ultrasonic-not-close,KEEP_PAUSED,left,right,,0
1710,2026-08-01T16:20:28.586+09:00,197.976,1709,8.64,0,STOPPED_RED,,1,1,1,-0.007090,0.000000,0.000000,0,745,green,0,unknown,0.000000,null,0.000000,0.183,,"{""0"": 193, ""1"": 197, ""2"": null, ""3"": null, ""4"": null, ""5"": null, ""6"": null, ""7"": null}","{""0"": 0.0, ""1"": 0.0, ""2"": null, ""3"": null, ""4"": null, ""5"": null, ""6"": null, ""7"": null}","{""0"": 193, ""1"": 197}",193,1,0,0,0,0.183,ultrasonic-not-close,KEEP_PAUSED,left,right,,0
1711,2026-08-01T16:20:28.698+09:00,198.086,1710,8.64,0,STOPPED_RED,,1,1,1,-0.007090,0.000000,0.000000,0,745,green,0,unknown,0.000000,null,0.000000,0.292,,"{""0"": 193, ""1"": 197, ""2"": null, ""3"": null, ""4"": null, ""5"": null, ""6"": null, ""7"": null}","{""0"": 0.0, ""1"": 0.0, ""2"": null, ""3"": null, ""4"": null, ""5"": null, ""6"": null, ""7"": null}","{""0"": 193, ""1"": 197}",193,1,0,0,0,0.292,ultrasonic-not-close,KEEP_PAUSED,left,right,,0
1712,2026-08-01T16:20:28.806+09:00,198.195,1711,8.64,0,STOPPED_RED,,1,1,1,-0.007090,0.000000,0.000000,0,745,green,0,unknown,0.000000,null,0.000000,0.295,,"{""0"": 192, ""1"": 197, ""2"": null, ""3"": null, ""4"": null, ""5"": null, ""6"": null, ""7"": null}","{""0"": 0.0, ""1"": 0.0, ""2"": null, ""3"": null, ""4"": null, ""5"": null, ""6"": null, ""7"": null}","{""0"": 192, ""1"": 197}",192,1,0,0,0,0.295,ultrasonic-not-close,KEEP_PAUSED,left,right,,0
1713,2026-08-01T16:20:28.918+09:00,198.308,1712,8.64,0,STOPPED_RED,,1,1,1,-0.007090,0.000000,0.000000,0,745,green,0,unknown,0.000000,null,0.000000,0.299,,"{""0"": 193, ""1"": 197, ""2"": null, ""3"": null, ""4"": null, ""5"": null, ""6"": null, ""7"": null}","{""0"": 0.0, ""1"": 0.0, ""2"": null, ""3"": null, ""4"": null, ""5"": null, ""6"": null, ""7"": null}","{""0"": 193, ""1"": 197}",193,1,0,0,0,0.299,ultrasonic-not-close,KEEP_PAUSED,left,right,,0
1714,2026-08-01T16:20:29.032+09:00,198.421,1713,8.64,0,STOPPED_RED,,1,1,1,-0.007090,0.000000,0.000000,0,745,green,0,unknown,0.000000,null,0.000000,0.411,,"{""0"": 192, ""1"": 197, ""2"": null, ""3"": null, ""4"": null, ""5"": null, ""6"": null, ""7"": null}","{""0"": 0.0, ""1"": 0.0, ""2"": null, ""3"": null, ""4"": null, ""5"": null, ""6"": null, ""7"": null}","{""0"": 192, ""1"": 197}",192,1,0,0,0,0.411,ultrasonic-not-close,KEEP_PAUSED,left,right,,0
1715,2026-08-01T16:20:29.141+09:00,198.529,1714,8.64,0,STOPPED_RED,,1,1,1,-0.007090,0.000000,0.000000,0,745,green,0,unknown,0.000000,null,0.000000,0.300,,"{""0"": 193, ""1"": 197, ""2"": null, ""3"": null, ""4"": null, ""5"": null, ""6"": null, ""7"": null}","{""0"": 0.0, ""1"": 0.0, ""2"": null, ""3"": null, ""4"": null, ""5"": null, ""6"": null, ""7"": null}","{""0"": 193, ""1"": 197}",193,1,0,0,0,0.300,ultrasonic-not-close,KEEP_PAUSED,left,right,,0
1716,2026-08-01T16:20:29.247+09:00,198.637,1715,8.64,0,STOPPED_RED,,1,1,1,-0.007090,0.000000,0.000000,0,744,green,0,unknown,0.000000,null,0.000000,0.296,,"{""0"": 192, ""1"": 197, ""2"": null, ""3"": null, ""4"": null, ""5"": null, ""6"": null, ""7"": null}","{""0"": 0.0, ""1"": 0.0, ""2"": null, ""3"": null, ""4"": null, ""5"": null, ""6"": null, ""7"": null}","{""0"": 192, ""1"": 197}",192,1,0,0,0,0.296,ultrasonic-not-close,KEEP_PAUSED,left,right,,0
1717,2026-08-01T16:20:29.373+09:00,198.762,1716,8.64,0,STOPPED_RED,,1,1,1,-0.007090,0.000000,0.000000,0,745,green,0,unknown,0.000000,null,0.000000,0.198,,"{""0"": 193, ""1"": 197, ""2"": null, ""3"": null, ""4"": null, ""5"": null, ""6"": null, ""7"": null}","{""0"": 0.0, ""1"": 0.0, ""2"": null, ""3"": null, ""4"": null, ""5"": null, ""6"": null, ""7"": null}","{""0"": 193, ""1"": 197}",193,1,0,0,0,0.198,ultrasonic-not-close,KEEP_PAUSED,left,right,,0
1718,2026-08-01T16:20:29.485+09:00,198.873,1717,8.64,0,STOPPED_RED,,1,1,1,-0.007090,0.000000,0.000000,0,745,green,0,unknown,0.000000,null,0.000000,0.310,,"{""0"": 194, ""1"": 197, ""2"": null, ""3"": null, ""4"": null, ""5"": null, ""6"": null, ""7"": null}","{""0"": 0.0, ""1"": 0.0, ""2"": null, ""3"": null, ""4"": null, ""5"": null, ""6"": null, ""7"": null}","{""0"": 194, ""1"": 197}",194,1,0,0,0,0.310,ultrasonic-not-close,KEEP_PAUSED,left,right,,0
1719,2026-08-01T16:20:29.594+09:00,198.983,1718,8.64,0,STOPPED_RED,,1,1,1,-0.007090,0.000000,0.000000,0,745,green,0,unknown,0.000000,null,0.000000,0.314,,"{""0"": 194, ""1"": 196, ""2"": null, ""3"": null, ""4"": null, ""5"": null, ""6"": null, ""7"": null}","{""0"": 0.0, ""1"": 0.0, ""2"": null, ""3"": null, ""4"": null, ""5"": null, ""6"": null, ""7"": null}","{""0"": 194, ""1"": 196}",194,1,0,0,0,0.314,ultrasonic-not-close,KEEP_PAUSED,left,right,,0
1720,2026-08-01T16:20:29.708+09:00,199.097,1719,8.64,0,STOPPED_RED,,1,1,1,-0.007090,0.000000,0.000000,0,745,green,0,unknown,0.000000,null,0.000000,0.190,,"{""0"": 194, ""1"": 197, ""2"": null, ""3"": null, ""4"": null, ""5"": null, ""6"": null, ""7"": null}","{""0"": 0.0, ""1"": 0.0, ""2"": null, ""3"": null, ""4"": null, ""5"": null, ""6"": null, ""7"": null}","{""0"": 194, ""1"": 197}",194,1,0,0,0,0.190,ultrasonic-not-close,KEEP_PAUSED,left,right,,0
1721,2026-08-01T16:20:29.822+09:00,199.211,1720,8.64,0,STOPPED_RED,,1,1,1,-0.007090,0.000000,0.000000,0,745,green,0,unknown,0.000000,null,0.000000,0.303,,"{""0"": 194, ""1"": 197, ""2"": null, ""3"": null, ""4"": null, ""5"": null, ""6"": null, ""7"": null}","{""0"": 0.0, ""1"": 0.0, ""2"": null, ""3"": null, ""4"": null, ""5"": null, ""6"": null, ""7"": null}","{""0"": 194, ""1"": 197}",194,1,0,0,0,0.303,ultrasonic-not-close,KEEP_PAUSED,left,right,,0
1722,2026-08-01T16:20:29.934+09:00,199.323,1721,8.64,0,STOPPED_RED,,1,1,1,-0.007090,0.000000,0.000000,0,745,green,0,unknown,0.000000,null,0.000000,0.306,,"{""0"": 194, ""1"": 197, ""2"": null, ""3"": null, ""4"": null, ""5"": null, ""6"": null, ""7"": null}","{""0"": 0.0, ""1"": 0.0, ""2"": null, ""3"": null, ""4"": null, ""5"": null, ""6"": null, ""7"": null}","{""0"": 194, ""1"": 197}",194,1,0,0,0,0.306,ultrasonic-not-close,KEEP_PAUSED,left,right,,0
1723,2026-08-01T16:20:30.045+09:00,199.434,1722,8.64,0,STOPPED_RED,,1,1,1,-0.007090,0.000000,0.000000,0,745,green,0,unknown,0.000000,null,0.000000,0.304,,"{""0"": 195, ""1"": 197, ""2"": null, ""3"": null, ""4"": null, ""5"": null, ""6"": null, ""7"": null}","{""0"": 0.0, ""1"": 0.0, ""2"": null, ""3"": null, ""4"": null, ""5"": null, ""6"": null, ""7"": null}","{""0"": 195, ""1"": 197}",195,1,0,0,0,0.304,ultrasonic-not-close,KEEP_PAUSED,left,right,,0
1724,2026-08-01T16:20:30.165+09:00,199.554,1723,8.64,0,STOPPED_RED,,1,1,1,-0.007090,0.000000,0.000000,0,745,green,0,unknown,0.000000,null,0.000000,0.199,,"{""0"": 194, ""1"": 197, ""2"": null, ""3"": null, ""4"": null, ""5"": null, ""6"": null, ""7"": null}","{""0"": 0.0, ""1"": 0.0, ""2"": null, ""3"": null, ""4"": null, ""5"": null, ""6"": null, ""7"": null}","{""0"": 194, ""1"": 197}",194,1,0,0,0,0.199,ultrasonic-not-close,KEEP_PAUSED,left,right,,0
1725,2026-08-01T16:20:30.271+09:00,199.661,1724,8.64,0,STOPPED_RED,,1,1,1,-0.007090,0.000000,0.000000,0,744,green,0,unknown,0.000000,null,0.000000,0.304,,"{""0"": 194, ""1"": 197, ""2"": null, ""3"": null, ""4"": null, ""5"": null, ""6"": null, ""7"": null}","{""0"": 0.0, ""1"": 0.0, ""2"": null, ""3"": null, ""4"": null, ""5"": null, ""6"": null, ""7"": null}","{""0"": 194, ""1"": 197}",194,1,0,0,0,0.304,ultrasonic-not-close,KEEP_PAUSED,left,right,,0
1726,2026-08-01T16:20:30.377+09:00,199.767,1725,8.64,0,STOPPED_RED,,1,1,1,-0.007090,0.000000,0.000000,0,744,green,0,unknown,0.000000,null,0.000000,0.299,,"{""0"": 193, ""1"": 197, ""2"": null, ""3"": null, ""4"": null, ""5"": null, ""6"": null, ""7"": null}","{""0"": 0.0, ""1"": 0.0, ""2"": null, ""3"": null, ""4"": null, ""5"": null, ""6"": null, ""7"": null}","{""0"": 193, ""1"": 197}",193,1,0,0,0,0.299,ultrasonic-not-close,KEEP_PAUSED,left,right,,0
1727,2026-08-01T16:20:30.491+09:00,199.879,1726,8.64,0,STOPPED_RED,,1,1,1,-0.007090,0.000000,0.000000,0,743,green,0,unknown,0.000000,null,0.000000,0.186,,"{""0"": 194, ""1"": 197, ""2"": null, ""3"": null, ""4"": null, ""5"": null, ""6"": null, ""7"": null}","{""0"": 0.0, ""1"": 0.0, ""2"": null, ""3"": null, ""4"": null, ""5"": null, ""6"": null, ""7"": null}","{""0"": 194, ""1"": 197}",194,1,0,0,0,0.186,ultrasonic-not-close,KEEP_PAUSED,left,right,,0
1728,2026-08-01T16:20:30.607+09:00,199.996,1727,8.64,0,STOPPED_RED,,1,1,1,-0.007090,0.000000,0.000000,0,745,green,0,unknown,0.000000,null,0.000000,0.302,,"{""0"": 195, ""1"": 197, ""2"": null, ""3"": null, ""4"": null, ""5"": null, ""6"": null, ""7"": null}","{""0"": 0.0, ""1"": 0.0, ""2"": null, ""3"": null, ""4"": null, ""5"": null, ""6"": null, ""7"": null}","{""0"": 195, ""1"": 197}",195,1,0,0,0,0.302,ultrasonic-not-close,KEEP_PAUSED,left,right,,0
1729,2026-08-01T16:20:30.718+09:00,200.106,1728,8.64,0,STOPPED_RED,,1,1,1,-0.007090,0.000000,0.000000,0,744,green,0,unknown,0.000000,null,0.000000,0.308,,"{""0"": 194, ""1"": 196, ""2"": null, ""3"": null, ""4"": null, ""5"": null, ""6"": null, ""7"": null}","{""0"": 0.0, ""1"": 0.0, ""2"": null, ""3"": null, ""4"": null, ""5"": null, ""6"": null, ""7"": null}","{""0"": 194, ""1"": 196}",194,1,0,0,0,0.308,ultrasonic-not-close,KEEP_PAUSED,left,right,,0
1730,2026-08-01T16:20:30.829+09:00,200.218,1729,8.64,0,STOPPED_RED,,1,1,1,-0.007090,0.000000,0.000000,0,745,green,0,unknown,0.000000,null,0.000000,0.188,,"{""0"": 194, ""1"": 197, ""2"": null, ""3"": null, ""4"": null, ""5"": null, ""6"": null, ""7"": null}","{""0"": 0.0, ""1"": 0.0, ""2"": null, ""3"": null, ""4"": null, ""5"": null, ""6"": null, ""7"": null}","{""0"": 194, ""1"": 197}",194,1,0,0,0,0.188,ultrasonic-not-close,KEEP_PAUSED,left,right,,0
1731,2026-08-01T16:20:30.944+09:00,200.332,1730,8.64,0,STOPPED_RED,,1,1,1,-0.007090,0.000000,0.000000,0,745,green,0,unknown,0.000000,null,0.000000,0.300,,"{""0"": 194, ""1"": 197, ""2"": null, ""3"": null, ""4"": null, ""5"": null, ""6"": null, ""7"": null}","{""0"": 0.0, ""1"": 0.0, ""2"": null, ""3"": null, ""4"": null, ""5"": null, ""6"": null, ""7"": null}","{""0"": 194, ""1"": 197}",194,1,0,0,0,0.300,ultrasonic-not-close,KEEP_PAUSED,left,right,,0
1732,2026-08-01T16:20:31.051+09:00,200.440,1731,8.64,0,STOPPED_RED,,1,1,1,-0.007090,0.000000,0.000000,0,745,green,0,unknown,0.000000,null,0.000000,0.299,,"{""0"": 193, ""1"": 198, ""2"": null, ""3"": null, ""4"": null, ""5"": null, ""6"": null, ""7"": null}","{""0"": 0.0, ""1"": 0.0, ""2"": null, ""3"": null, ""4"": null, ""5"": null, ""6"": null, ""7"": null}","{""0"": 193, ""1"": 198}",193,1,0,0,0,0.299,ultrasonic-not-close,KEEP_PAUSED,left,right,,0
1733,2026-08-01T16:20:31.161+09:00,200.550,1732,8.64,0,STOPPED_RED,,1,1,1,-0.007090,0.000000,0.000000,0,744,green,0,unknown,0.000000,null,0.000000,0.299,,"{""0"": 193, ""1"": 197, ""2"": null, ""3"": null, ""4"": null, ""5"": null, ""6"": null, ""7"": null}","{""0"": 0.0, ""1"": 0.0, ""2"": null, ""3"": null, ""4"": null, ""5"": null, ""6"": null, ""7"": null}","{""0"": 193, ""1"": 197}",193,1,0,0,0,0.299,ultrasonic-not-close,KEEP_PAUSED,left,right,,0
1734,2026-08-01T16:20:31.276+09:00,200.665,1733,8.64,0,STOPPED_RED,,1,1,1,-0.007090,0.000000,0.000000,0,745,green,0,unknown,0.000000,null,0.000000,0.413,,"{""0"": 192, ""1"": 197, ""2"": null, ""3"": null, ""4"": null, ""5"": null, ""6"": null, ""7"": null}","{""0"": 0.0, ""1"": 0.0, ""2"": null, ""3"": null, ""4"": null, ""5"": null, ""6"": null, ""7"": null}","{""0"": 192, ""1"": 197}",192,1,0,0,0,0.413,ultrasonic-not-close,KEEP_PAUSED,left,right,,0
1735,2026-08-01T16:20:31.393+09:00,200.782,1734,8.64,0,STOPPED_RED,,1,1,1,-0.007090,0.000000,0.000000,0,744,green,0,unknown,0.000000,null,0.000000,0.307,,"{""0"": 192, ""1"": 197, ""2"": null, ""3"": null, ""4"": null, ""5"": null, ""6"": null, ""7"": null}","{""0"": 0.0, ""1"": 0.0, ""2"": null, ""3"": null, ""4"": null, ""5"": null, ""6"": null, ""7"": null}","{""0"": 192, ""1"": 197}",192,1,0,0,0,0.307,ultrasonic-not-close,KEEP_PAUSED,left,right,,0
1736,2026-08-01T16:20:31.510+09:00,200.899,1735,8.64,0,STOPPED_RED,,1,1,1,-0.007090,0.000000,0.000000,0,745,green,0,unknown,0.000000,null,0.000000,0.317,,"{""0"": 192, ""1"": 197, ""2"": null, ""3"": null, ""4"": null, ""5"": null, ""6"": null, ""7"": null}","{""0"": 0.0, ""1"": 0.0, ""2"": null, ""3"": null, ""4"": null, ""5"": null, ""6"": null, ""7"": null}","{""0"": 192, ""1"": 197}",192,1,0,0,0,0.317,ultrasonic-not-close,KEEP_PAUSED,left,right,,0
1737,2026-08-01T16:20:31.629+09:00,201.018,1736,8.64,0,STOPPED_RED,,1,1,1,-0.007090,0.000000,0.000000,0,745,green,0,unknown,0.000000,null,0.000000,0.203,,"{""0"": 193, ""1"": 197, ""2"": null, ""3"": null, ""4"": null, ""5"": null, ""6"": null, ""7"": null}","{""0"": 0.0, ""1"": 0.0, ""2"": null, ""3"": null, ""4"": null, ""5"": null, ""6"": null, ""7"": null}","{""0"": 193, ""1"": 197}",193,1,0,0,0,0.203,ultrasonic-not-close,KEEP_PAUSED,left,right,,0
1738,2026-08-01T16:20:31.752+09:00,201.141,1737,8.64,0,STOPPED_RED,,1,1,1,-0.007090,0.000000,0.000000,0,745,green,0,unknown,0.000000,null,0.000000,0.324,,"{""0"": 193, ""1"": 197, ""2"": null, ""3"": null, ""4"": null, ""5"": null, ""6"": null, ""7"": null}","{""0"": 0.0, ""1"": 0.0, ""2"": null, ""3"": null, ""4"": null, ""5"": null, ""6"": null, ""7"": null}","{""0"": 193, ""1"": 197}",193,1,0,0,0,0.324,ultrasonic-not-close,KEEP_PAUSED,left,right,,0
1739,2026-08-01T16:20:31.857+09:00,201.247,1738,8.64,0,STOPPED_RED,,1,1,1,-0.007090,0.000000,0.000000,0,745,green,0,unknown,0.000000,null,0.000000,0.316,,"{""0"": 194, ""1"": 197, ""2"": null, ""3"": null, ""4"": null, ""5"": null, ""6"": null, ""7"": null}","{""0"": 0.0, ""1"": 0.0, ""2"": null, ""3"": null, ""4"": null, ""5"": null, ""6"": null, ""7"": null}","{""0"": 194, ""1"": 197}",194,1,0,0,0,0.316,ultrasonic-not-close,KEEP_PAUSED,left,right,,0
1740,2026-08-01T16:20:31.971+09:00,201.359,1739,8.64,0,STOPPED_RED,,1,1,1,-0.007090,0.000000,0.000000,0,745,green,0,unknown,0.000000,null,0.000000,0.307,,"{""0"": 193, ""1"": 196, ""2"": null, ""3"": null, ""4"": null, ""5"": null, ""6"": null, ""7"": null}","{""0"": 0.0, ""1"": 0.0, ""2"": null, ""3"": null, ""4"": null, ""5"": null, ""6"": null, ""7"": null}","{""0"": 193, ""1"": 196}",193,1,0,0,0,0.307,ultrasonic-not-close,KEEP_PAUSED,left,right,,0
1741,2026-08-01T16:20:32.085+09:00,201.474,1740,8.64,0,STOPPED_RED,,1,1,1,-0.007090,0.000000,0.000000,0,745,green,0,unknown,0.000000,null,0.000000,0.421,,"{""0"": 194, ""1"": 197, ""2"": null, ""3"": null, ""4"": null, ""5"": null, ""6"": null, ""7"": null}","{""0"": 0.0, ""1"": 0.0, ""2"": null, ""3"": null, ""4"": null, ""5"": null, ""6"": null, ""7"": null}","{""0"": 194, ""1"": 197}",194,1,0,0,0,0.421,ultrasonic-not-close,KEEP_PAUSED,left,right,,0
1742,2026-08-01T16:20:32.189+09:00,201.578,1741,8.64,0,STOPPED_RED,,1,1,1,-0.007090,0.000000,0.000000,0,745,green,0,unknown,0.000000,null,0.000000,0.298,,"{""0"": 193, ""1"": 197, ""2"": null, ""3"": null, ""4"": null, ""5"": null, ""6"": null, ""7"": null}","{""0"": 0.0, ""1"": 0.0, ""2"": null, ""3"": null, ""4"": null, ""5"": null, ""6"": null, ""7"": null}","{""0"": 193, ""1"": 197}",193,1,0,0,0,0.298,ultrasonic-not-close,KEEP_PAUSED,left,right,,0
1743,2026-08-01T16:20:32.295+09:00,201.685,1742,8.64,0,STOPPED_RED,,1,1,1,-0.007090,0.000000,0.000000,0,745,green,0,unknown,0.000000,null,0.000000,0.293,,"{""0"": 193, ""1"": 196, ""2"": null, ""3"": null, ""4"": null, ""5"": null, ""6"": null, ""7"": null}","{""0"": 0.0, ""1"": 0.0, ""2"": null, ""3"": null, ""4"": null, ""5"": null, ""6"": null, ""7"": null}","{""0"": 193, ""1"": 196}",193,1,0,0,0,0.293,ultrasonic-not-close,KEEP_PAUSED,left,right,,0
1744,2026-08-01T16:20:32.411+09:00,201.801,1743,8.64,0,STOPPED_RED,,1,1,1,-0.007090,0.000000,0.000000,0,745,green,0,unknown,0.000000,null,0.000000,0.409,,"{""0"": 193, ""1"": 196, ""2"": null, ""3"": null, ""4"": null, ""5"": null, ""6"": null, ""7"": null}","{""0"": 0.0, ""1"": 0.0, ""2"": null, ""3"": null, ""4"": null, ""5"": null, ""6"": null, ""7"": null}","{""0"": 193, ""1"": 196}",193,1,0,0,0,0.409,ultrasonic-not-close,KEEP_PAUSED,left,right,,0
1745,2026-08-01T16:20:32.522+09:00,201.910,1744,8.64,0,STOPPED_RED,,1,1,1,-0.007090,0.000000,0.000000,0,745,green,0,unknown,0.000000,null,0.000000,0.297,,"{""0"": 194, ""1"": 197, ""2"": null, ""3"": null, ""4"": null, ""5"": null, ""6"": null, ""7"": null}","{""0"": 0.0, ""1"": 0.0, ""2"": null, ""3"": null, ""4"": null, ""5"": null, ""6"": null, ""7"": null}","{""0"": 194, ""1"": 197}",194,1,0,0,0,0.297,ultrasonic-not-close,KEEP_PAUSED,left,right,,0
1746,2026-08-01T16:20:32.639+09:00,202.027,1745,8.64,0,STOPPED_RED,,1,1,1,-0.007090,0.000000,0.000000,0,745,green,0,unknown,0.000000,null,0.000000,0.310,,"{""0"": 193, ""1"": 197, ""2"": null, ""3"": null, ""4"": null, ""5"": null, ""6"": null, ""7"": null}","{""0"": 0.0, ""1"": 0.0, ""2"": null, ""3"": null, ""4"": null, ""5"": null, ""6"": null, ""7"": null}","{""0"": 193, ""1"": 197}",193,1,0,0,0,0.310,ultrasonic-not-close,KEEP_PAUSED,left,right,,0
1747,2026-08-01T16:20:32.751+09:00,202.140,1746,8.64,0,STOPPED_RED,,1,1,1,-0.007090,0.000000,0.000000,0,745,green,0,unknown,0.000000,null,0.000000,0.196,,"{""0"": 193, ""1"": 197, ""2"": null, ""3"": null, ""4"": null, ""5"": null, ""6"": null, ""7"": null}","{""0"": 0.0, ""1"": 0.0, ""2"": null, ""3"": null, ""4"": null, ""5"": null, ""6"": null, ""7"": null}","{""0"": 193, ""1"": 197}",193,1,0,0,0,0.196,ultrasonic-not-close,KEEP_PAUSED,left,right,,0
1748,2026-08-01T16:20:32.863+09:00,202.252,1747,8.64,0,STOPPED_RED,,1,1,1,-0.007090,0.000000,0.000000,0,745,green,0,unknown,0.000000,null,0.000000,0.307,,"{""0"": 193, ""1"": 198, ""2"": null, ""3"": null, ""4"": null, ""5"": null, ""6"": null, ""7"": null}","{""0"": 0.0, ""1"": 0.0, ""2"": null, ""3"": null, ""4"": null, ""5"": null, ""6"": null, ""7"": null}","{""0"": 193, ""1"": 198}",193,1,0,0,0,0.307,ultrasonic-not-close,KEEP_PAUSED,left,right,,0
1749,2026-08-01T16:20:32.974+09:00,202.364,1748,8.64,0,STOPPED_RED,,1,1,1,-0.007090,0.000000,0.000000,0,744,green,0,unknown,0.000000,null,0.000000,0.302,,"{""0"": 192, ""1"": 197, ""2"": null, ""3"": null, ""4"": null, ""5"": null, ""6"": null, ""7"": null}","{""0"": 0.0, ""1"": 0.0, ""2"": null, ""3"": null, ""4"": null, ""5"": null, ""6"": null, ""7"": null}","{""0"": 192, ""1"": 197}",192,1,0,0,0,0.302,ultrasonic-not-close,KEEP_PAUSED,left,right,,0
1750,2026-08-01T16:20:33.088+09:00,202.478,1749,8.64,0,STOPPED_RED,,1,1,1,-0.007090,0.000000,0.000000,0,745,green,0,unknown,0.000000,null,0.000000,0.191,,"{""0"": 193, ""1"": 196, ""2"": null, ""3"": null, ""4"": null, ""5"": null, ""6"": null, ""7"": null}","{""0"": 0.0, ""1"": 0.0, ""2"": null, ""3"": null, ""4"": null, ""5"": null, ""6"": null, ""7"": null}","{""0"": 193, ""1"": 196}",193,1,0,0,0,0.191,ultrasonic-not-close,KEEP_PAUSED,left,right,,0
1751,2026-08-01T16:20:33.205+09:00,202.594,1750,8.64,0,STOPPED_RED,,1,1,1,-0.007090,0.000000,0.000000,0,745,green,0,unknown,0.000000,null,0.000000,0.307,,"{""0"": 193, ""1"": 196, ""2"": null, ""3"": null, ""4"": null, ""5"": null, ""6"": null, ""7"": null}","{""0"": 0.0, ""1"": 0.0, ""2"": null, ""3"": null, ""4"": null, ""5"": null, ""6"": null, ""7"": null}","{""0"": 193, ""1"": 196}",193,1,0,0,0,0.307,ultrasonic-not-close,KEEP_PAUSED,left,right,,0
1752,2026-08-01T16:20:33.322+09:00,202.710,1751,8.64,0,STOPPED_RED,,1,1,1,-0.007090,0.000000,0.000000,0,744,green,0,unknown,0.000000,null,0.000000,0.313,,"{""0"": 193, ""1"": 196, ""2"": null, ""3"": null, ""4"": null, ""5"": null, ""6"": null, ""7"": null}","{""0"": 0.0, ""1"": 0.0, ""2"": null, ""3"": null, ""4"": null, ""5"": null, ""6"": null, ""7"": null}","{""0"": 193, ""1"": 196}",193,1,0,0,0,0.313,ultrasonic-not-close,KEEP_PAUSED,left,right,,0
1753,2026-08-01T16:20:33.444+09:00,202.833,1752,8.64,0,STOPPED_RED,,1,1,1,-0.007090,0.000000,0.000000,0,745,green,0,unknown,0.000000,null,0.000000,0.322,,"{""0"": 193, ""1"": 196, ""2"": null, ""3"": null, ""4"": null, ""5"": null, ""6"": null, ""7"": null}","{""0"": 0.0, ""1"": 0.0, ""2"": null, ""3"": null, ""4"": null, ""5"": null, ""6"": null, ""7"": null}","{""0"": 193, ""1"": 196}",193,1,0,0,0,0.322,ultrasonic-not-close,KEEP_PAUSED,left,right,,0
1754,2026-08-01T16:20:33.572+09:00,202.960,1753,8.64,0,STOPPED_RED,,1,1,1,-0.007090,0.000000,0.000000,0,745,green,0,unknown,0.000000,null,0.000000,0.214,,"{""0"": 194, ""1"": 197, ""2"": null, ""3"": null, ""4"": null, ""5"": null, ""6"": null, ""7"": null}","{""0"": 0.0, ""1"": 0.0, ""2"": null, ""3"": null, ""4"": null, ""5"": null, ""6"": null, ""7"": null}","{""0"": 194, ""1"": 197}",194,1,0,0,0,0.214,ultrasonic-not-close,KEEP_PAUSED,left,right,,0
1755,2026-08-01T16:20:33.690+09:00,203.078,1754,8.64,0,STOPPED_RED,,1,1,1,-0.007090,0.000000,0.000000,0,744,green,0,unknown,0.000000,null,0.000000,0.332,,"{""0"": 194, ""1"": 197, ""2"": null, ""3"": null, ""4"": null, ""5"": null, ""6"": null, ""7"": null}","{""0"": 0.0, ""1"": 0.0, ""2"": null, ""3"": null, ""4"": null, ""5"": null, ""6"": null, ""7"": null}","{""0"": 194, ""1"": 197}",194,1,0,0,0,0.332,ultrasonic-not-close,KEEP_PAUSED,left,right,,0
1756,2026-08-01T16:20:33.798+09:00,203.187,1755,8.64,0,STOPPED_RED,,1,1,1,-0.007090,0.000000,0.000000,0,744,green,0,unknown,0.000000,null,0.000000,0.320,,"{""0"": 194, ""1"": 196, ""2"": null, ""3"": null, ""4"": null, ""5"": null, ""6"": null, ""7"": null}","{""0"": 0.0, ""1"": 0.0, ""2"": null, ""3"": null, ""4"": null, ""5"": null, ""6"": null, ""7"": null}","{""0"": 194, ""1"": 196}",194,1,0,0,0,0.320,ultrasonic-not-close,KEEP_PAUSED,left,right,,0
1757,2026-08-01T16:20:33.918+09:00,203.306,1756,8.64,0,STOPPED_RED,,1,1,1,-0.007090,0.000000,0.000000,0,744,green,0,unknown,0.000000,null,0.000000,0.310,,"{""0"": 193, ""1"": 196, ""2"": null, ""3"": null, ""4"": null, ""5"": null, ""6"": null, ""7"": null}","{""0"": 0.0, ""1"": 0.0, ""2"": null, ""3"": null, ""4"": null, ""5"": null, ""6"": null, ""7"": null}","{""0"": 193, ""1"": 196}",193,1,0,0,0,0.310,ultrasonic-not-close,KEEP_PAUSED,left,right,,0
1758,2026-08-01T16:20:34.040+09:00,203.429,1757,8.64,0,STOPPED_RED,,1,1,1,-0.007090,0.000000,0.000000,0,746,green,0,unknown,0.000000,null,0.000000,0.432,,"{""0"": 194, ""1"": 197, ""2"": null, ""3"": null, ""4"": null, ""5"": null, ""6"": null, ""7"": null}","{""0"": 0.0, ""1"": 0.0, ""2"": null, ""3"": null, ""4"": null, ""5"": null, ""6"": null, ""7"": null}","{""0"": 194, ""1"": 197}",194,1,0,0,0,0.432,ultrasonic-not-close,KEEP_PAUSED,left,right,,0
1759,2026-08-01T16:20:34.148+09:00,203.537,1758,8.64,0,STOPPED_RED,,1,1,1,-0.007090,0.000000,0.000000,0,745,green,0,unknown,0.000000,null,0.000000,0.317,,"{""0"": 194, ""1"": 197, ""2"": null, ""3"": null, ""4"": null, ""5"": null, ""6"": null, ""7"": null}","{""0"": 0.0, ""1"": 0.0, ""2"": null, ""3"": null, ""4"": null, ""5"": null, ""6"": null, ""7"": null}","{""0"": 194, ""1"": 197}",194,1,0,0,0,0.317,ultrasonic-not-close,KEEP_PAUSED,left,right,,0
1760,2026-08-01T16:20:34.255+09:00,203.645,1759,8.64,0,STOPPED_RED,,1,1,1,-0.007090,0.000000,0.000000,0,745,green,0,unknown,0.000000,null,0.000000,0.304,,"{""0"": 194, ""1"": 197, ""2"": null, ""3"": null, ""4"": null, ""5"": null, ""6"": null, ""7"": null}","{""0"": 0.0, ""1"": 0.0, ""2"": null, ""3"": null, ""4"": null, ""5"": null, ""6"": null, ""7"": null}","{""0"": 194, ""1"": 197}",194,1,0,0,0,0.304,ultrasonic-not-close,KEEP_PAUSED,left,right,,0
1761,2026-08-01T16:20:34.373+09:00,203.762,1760,8.64,0,STOPPED_RED,,1,1,1,-0.007090,0.000000,0.000000,0,745,green,0,unknown,0.000000,null,0.000000,0.421,,"{""0"": 194, ""1"": 197, ""2"": null, ""3"": null, ""4"": null, ""5"": null, ""6"": null, ""7"": null}","{""0"": 0.0, ""1"": 0.0, ""2"": null, ""3"": null, ""4"": null, ""5"": null, ""6"": null, ""7"": null}","{""0"": 194, ""1"": 197}",194,1,0,0,0,0.421,ultrasonic-not-close,KEEP_PAUSED,left,right,,0
1762,2026-08-01T16:20:34.485+09:00,203.874,1761,8.64,0,STOPPED_RED,,1,1,1,-0.007090,0.000000,0.000000,0,745,green,0,unknown,0.000000,null,0.000000,0.302,,"{""0"": 194, ""1"": 197, ""2"": null, ""3"": null, ""4"": null, ""5"": null, ""6"": null, ""7"": null}","{""0"": 0.0, ""1"": 0.0, ""2"": null, ""3"": null, ""4"": null, ""5"": null, ""6"": null, ""7"": null}","{""0"": 194, ""1"": 197}",194,1,0,0,0,0.302,ultrasonic-not-close,KEEP_PAUSED,left,right,,0
1763,2026-08-01T16:20:34.615+09:00,204.003,1762,8.64,0,STOPPED_RED,,1,1,1,-0.007090,0.000000,0.000000,0,745,green,0,unknown,0.000000,null,0.000000,0.326,,"{""0"": 193, ""1"": 197, ""2"": null, ""3"": null, ""4"": null, ""5"": null, ""6"": null, ""7"": null}","{""0"": 0.0, ""1"": 0.0, ""2"": null, ""3"": null, ""4"": null, ""5"": null, ""6"": null, ""7"": null}","{""0"": 193, ""1"": 197}",193,1,0,0,0,0.326,ultrasonic-not-close,KEEP_PAUSED,left,right,,0
1764,2026-08-01T16:20:34.737+09:00,204.125,1763,8.64,0,STOPPED_RED,,1,1,1,-0.007090,0.000000,0.000000,0,745,green,0,unknown,0.000000,null,0.000000,0.209,,"{""0"": 194, ""1"": 197, ""2"": null, ""3"": null, ""4"": null, ""5"": null, ""6"": null, ""7"": null}","{""0"": 0.0, ""1"": 0.0, ""2"": null, ""3"": null, ""4"": null, ""5"": null, ""6"": null, ""7"": null}","{""0"": 194, ""1"": 197}",194,1,0,0,0,0.209,ultrasonic-not-close,KEEP_PAUSED,left,right,,0
1765,2026-08-01T16:20:34.861+09:00,204.250,1764,8.64,0,STOPPED_RED,,1,1,1,-0.007090,0.000000,0.000000,0,745,green,0,unknown,0.000000,null,0.000000,0.333,,"{""0"": 194, ""1"": 197, ""2"": null, ""3"": null, ""4"": null, ""5"": null, ""6"": null, ""7"": null}","{""0"": 0.0, ""1"": 0.0, ""2"": null, ""3"": null, ""4"": null, ""5"": null, ""6"": null, ""7"": null}","{""0"": 194, ""1"": 197}",194,1,0,0,0,0.333,ultrasonic-not-close,KEEP_PAUSED,left,right,,0
1766,2026-08-01T16:20:34.978+09:00,204.366,1765,8.64,0,STOPPED_RED,,1,1,1,-0.007090,0.000000,0.000000,0,745,green,0,unknown,0.000000,null,0.000000,0.328,,"{""0"": 194, ""1"": 198, ""2"": null, ""3"": null, ""4"": null, ""5"": null, ""6"": null, ""7"": null}","{""0"": 0.0, ""1"": 0.0, ""2"": null, ""3"": null, ""4"": null, ""5"": null, ""6"": null, ""7"": null}","{""0"": 194, ""1"": 198}",194,1,0,0,0,0.328,ultrasonic-not-close,KEEP_PAUSED,left,right,,0
1767,2026-08-01T16:20:35.091+09:00,204.480,1766,8.64,0,STOPPED_RED,,1,1,1,-0.007090,0.000000,0.000000,0,746,green,0,unknown,0.000000,null,0.000000,0.320,,"{""0"": 193, ""1"": 197, ""2"": null, ""3"": null, ""4"": null, ""5"": null, ""6"": null, ""7"": null}","{""0"": 0.0, ""1"": 0.0, ""2"": null, ""3"": null, ""4"": null, ""5"": null, ""6"": null, ""7"": null}","{""0"": 193, ""1"": 197}",193,1,0,0,0,0.320,ultrasonic-not-close,KEEP_PAUSED,left,right,,0
1768,2026-08-01T16:20:35.231+09:00,204.619,1767,8.64,0,STOPPED_RED,,1,1,1,-0.007090,0.000000,0.000000,0,746,green,0,unknown,0.000000,null,0.000000,0.218,,"{""0"": 194, ""1"": 197, ""2"": null, ""3"": null, ""4"": null, ""5"": null, ""6"": null, ""7"": null}","{""0"": 0.0, ""1"": 0.0, ""2"": null, ""3"": null, ""4"": null, ""5"": null, ""6"": null, ""7"": null}","{""0"": 194, ""1"": 197}",194,1,0,0,0,0.218,ultrasonic-not-close,KEEP_PAUSED,left,right,,0
1769,2026-08-01T16:20:35.355+09:00,204.743,1768,8.64,0,STOPPED_RED,,1,1,1,-0.007090,0.000000,0.000000,0,745,green,0,unknown,0.000000,null,0.000000,0.341,,"{""0"": 194, ""1"": 197, ""2"": null, ""3"": null, ""4"": null, ""5"": null, ""6"": null, ""7"": null}","{""0"": 0.0, ""1"": 0.0, ""2"": null, ""3"": null, ""4"": null, ""5"": null, ""6"": null, ""7"": null}","{""0"": 194, ""1"": 197}",194,1,0,0,0,0.341,ultrasonic-not-close,KEEP_PAUSED,left,right,,0
1770,2026-08-01T16:20:35.474+09:00,204.860,1769,8.64,0,STOPPED_RED,,1,1,1,-0.007090,0.000000,0.000000,0,746,green,0,unknown,0.000000,null,0.000000,0.345,,"{""0"": 195, ""1"": 197, ""2"": null, ""3"": null, ""4"": null, ""5"": null, ""6"": null, ""7"": null}","{""0"": 0.001, ""1"": 0.001, ""2"": null, ""3"": null, ""4"": null, ""5"": null, ""6"": null, ""7"": null}","{""0"": 195, ""1"": 197}",195,1,0,0,0,0.344,ultrasonic-not-close,KEEP_PAUSED,left,right,,0
1771,2026-08-01T16:20:35.586+09:00,204.975,1770,8.64,0,STOPPED_RED,,1,1,1,-0.007090,0.000000,0.000000,0,745,green,0,unknown,0.000000,null,0.000000,0.321,,"{""0"": 194, ""1"": 197, ""2"": null, ""3"": null, ""4"": null, ""5"": null, ""6"": null, ""7"": null}","{""0"": 0.0, ""1"": 0.0, ""2"": null, ""3"": null, ""4"": null, ""5"": null, ""6"": null, ""7"": null}","{""0"": 194, ""1"": 197}",194,1,0,0,0,0.321,ultrasonic-not-close,KEEP_PAUSED,left,right,,0
1772,2026-08-01T16:20:35.703+09:00,205.092,1771,8.64,0,STOPPED_RED,,1,1,1,-0.007090,0.000000,0.000000,0,745,green,0,unknown,0.000000,null,0.000000,0.196,,"{""0"": 194, ""1"": 197, ""2"": null, ""3"": null, ""4"": null, ""5"": null, ""6"": null, ""7"": null}","{""0"": 0.0, ""1"": 0.0, ""2"": null, ""3"": null, ""4"": null, ""5"": null, ""6"": null, ""7"": null}","{""0"": 194, ""1"": 197}",194,1,0,0,0,0.196,ultrasonic-not-close,KEEP_PAUSED,left,right,,0
1773,2026-08-01T16:20:35.813+09:00,205.202,1772,8.64,0,STOPPED_RED,,1,1,1,-0.007090,0.000000,0.000000,0,745,green,0,unknown,0.000000,null,0.000000,0.306,,"{""0"": 194, ""1"": 197, ""2"": null, ""3"": null, ""4"": null, ""5"": null, ""6"": null, ""7"": null}","{""0"": 0.0, ""1"": 0.0, ""2"": null, ""3"": null, ""4"": null, ""5"": null, ""6"": null, ""7"": null}","{""0"": 194, ""1"": 197}",194,1,0,0,0,0.306,ultrasonic-not-close,KEEP_PAUSED,left,right,,0
1774,2026-08-01T16:20:35.929+09:00,205.318,1773,8.64,0,STOPPED_RED,,1,1,1,-0.007090,0.000000,0.000000,0,745,green,0,unknown,0.000000,null,0.000000,0.310,,"{""0"": 194, ""1"": 197, ""2"": null, ""3"": null, ""4"": null, ""5"": null, ""6"": null, ""7"": null}","{""0"": 0.0, ""1"": 0.0, ""2"": null, ""3"": null, ""4"": null, ""5"": null, ""6"": null, ""7"": null}","{""0"": 194, ""1"": 197}",194,1,0,0,0,0.310,ultrasonic-not-close,KEEP_PAUSED,left,right,,0
