frame_index,wall_time,elapsed_s,video_frame_index,fps,running,vehicle_state,event,stop_condition,lane_found,stop_line_detected,lane_error,lane_label_raw,lane_label_confirmed,lane_label_inner_votes,lane_label_outer_votes,raw_steer,final_steer,final_speed,steering_pot,traffic_signal,car_detected,car_label,car_confidence,car_bbox,car_area_ratio,car_result_age_s,car_model_fault,ultrasonic_json,ultrasonic_age_json,front_sensor_values,front_distance_cm,sensor_ok,ultrasonic_close,fusion_confirmed,fusion_hits,fusion_skew_s,fusion_reason,obstacle_phase,dash_side,solid_side,locked_dash_side,lost_frames
1,2026-08-01T22:37:16.936+09:00,0.191,0,5.68,0,DRIVING,state:None->DRIVING;phase:None->KEEP_PAUSED,0,1,1,0.070617,UNKNOWN,UNKNOWN,0,0,-0.127110,-0.127110,0,741,green,0,unknown,0.000000,null,0.000000,0.173,,"{""0"": 132, ""1"": 132, ""2"": null, ""3"": null, ""4"": null, ""5"": null, ""6"": null, ""7"": null}","{""0"": 0.0, ""1"": 0.0, ""2"": null, ""3"": null, ""4"": null, ""5"": null, ""6"": null, ""7"": null}","{""0"": 132, ""1"": 132}",132,1,1,0,0,0.173,car-not-detected-or-stale,KEEP_PAUSED,left,right,,0
2,2026-08-01T22:37:17.070+09:00,0.333,1,6.23,0,STOPPED_RED,state:DRIVING->STOPPED_RED,1,1,1,0.070014,UNKNOWN,UNKNOWN,0,0,0.000000,0.000000,0,742,green,0,unknown,0.000000,null,0.000000,0.088,,"{""0"": 132, ""1"": 131, ""2"": null, ""3"": null, ""4"": null, ""5"": null, ""6"": null, ""7"": null}","{""0"": 0.0, ""1"": 0.0, ""2"": null, ""3"": null, ""4"": null, ""5"": null, ""6"": null, ""7"": null}","{""0"": 132, ""1"": 131}",131,1,1,0,0,0.088,car-not-detected-or-stale,KEEP_PAUSED,left,right,,0
3,2026-08-01T22:37:17.190+09:00,0.450,2,6.84,0,STOPPED_RED,,1,1,1,0.070014,UNKNOWN,UNKNOWN,0,0,0.000000,0.000000,0,741,green,0,unknown,0.000000,null,0.000000,0.206,,"{""0"": 107, ""1"": 131, ""2"": null, ""3"": null, ""4"": null, ""5"": null, ""6"": null, ""7"": null}","{""0"": 0.0, ""1"": 0.0, ""2"": null, ""3"": null, ""4"": null, ""5"": null, ""6"": null, ""7"": null}","{""0"": 107, ""1"": 131}",107,1,1,0,0,0.206,car-not-detected-or-stale,KEEP_PAUSED,left,right,,0
4,2026-08-01T22:37:17.303+09:00,0.567,3,7.19,0,STOPPED_RED,,1,1,1,0.070014,UNKNOWN,UNKNOWN,0,0,0.000000,0.000000,0,742,green,0,unknown,0.000000,null,0.000000,0.201,,"{""0"": 106, ""1"": 250, ""2"": null, ""3"": null, ""4"": null, ""5"": null, ""6"": null, ""7"": null}","{""0"": 0.0, ""1"": 0.0, ""2"": null, ""3"": null, ""4"": null, ""5"": null, ""6"": null, ""7"": null}","{""0"": 106, ""1"": 250}",106,1,1,0,0,0.201,car-not-detected-or-stale,KEEP_PAUSED,left,right,,0
5,2026-08-01T22:37:17.421+09:00,0.683,4,7.43,0,STOPPED_RED,,1,1,1,0.070014,UNKNOWN,UNKNOWN,0,0,0.000000,0.000000,0,740,green,0,unknown,0.000000,null,0.000000,0.196,,"{""0"": 107, ""1"": 131, ""2"": null, ""3"": null, ""4"": null, ""5"": null, ""6"": null, ""7"": null}","{""0"": 0.0, ""1"": 0.0, ""2"": null, ""3"": null, ""4"": null, ""5"": null, ""6"": null, ""7"": null}","{""0"": 107, ""1"": 131}",107,1,1,0,0,0.196,car-not-detected-or-stale,KEEP_PAUSED,left,right,,0
6,2026-08-01T22:37:17.547+09:00,0.810,5,7.51,0,STOPPED_RED,,1,1,1,0.070014,UNKNOWN,UNKNOWN,0,0,0.000000,0.000000,0,741,green,0,unknown,0.000000,null,0.000000,0.321,,"{""0"": 106, ""1"": 131, ""2"": null, ""3"": null, ""4"": null, ""5"": null, ""6"": null, ""7"": null}","{""0"": 0.0, ""1"": 0.0, ""2"": null, ""3"": null, ""4"": null, ""5"": null, ""6"": null, ""7"": null}","{""0"": 106, ""1"": 131}",106,1,1,0,0,0.321,car-not-detected-or-stale,KEEP_PAUSED,left,right,,0
7,2026-08-01T22:37:17.669+09:00,0.929,6,7.65,0,STOPPED_RED,,1,1,1,0.070014,UNKNOWN,UNKNOWN,0,0,0.000000,0.000000,0,741,green,0,unknown,0.000000,null,0.000000,0.327,,"{""0"": 134, ""1"": 131, ""2"": null, ""3"": null, ""4"": null, ""5"": null, ""6"": null, ""7"": null}","{""0"": 0.0, ""1"": 0.0, ""2"": null, ""3"": null, ""4"": null, ""5"": null, ""6"": null, ""7"": null}","{""0"": 134, ""1"": 131}",131,1,1,0,0,0.327,car-not-detected-or-stale,KEEP_PAUSED,left,right,,0
8,2026-08-01T22:37:17.778+09:00,1.042,7,7.76,0,STOPPED_RED,,1,1,1,0.070014,UNKNOWN,UNKNOWN,0,0,0.000000,0.000000,0,740,green,0,unknown,0.000000,null,0.000000,0.323,,"{""0"": 107, ""1"": 131, ""2"": null, ""3"": null, ""4"": null, ""5"": null, ""6"": null, ""7"": null}","{""0"": 0.0, ""1"": 0.0, ""2"": null, ""3"": null, ""4"": null, ""5"": null, ""6"": null, ""7"": null}","{""0"": 107, ""1"": 131}",107,1,1,0,0,0.323,car-not-detected-or-stale,KEEP_PAUSED,left,right,,0
9,2026-08-01T22:37:17.900+09:00,1.162,8,7.81,0,STOPPED_RED,,1,1,1,0.070014,UNKNOWN,UNKNOWN,0,0,0.000000,0.000000,0,741,green,0,unknown,0.000000,null,0.000000,0.198,,"{""0"": 132, ""1"": 131, ""2"": null, ""3"": null, ""4"": null, ""5"": null, ""6"": null, ""7"": null}","{""0"": 0.0, ""1"": 0.0, ""2"": null, ""3"": null, ""4"": null, ""5"": null, ""6"": null, ""7"": null}","{""0"": 132, ""1"": 131}",131,1,1,0,0,0.198,car-not-detected-or-stale,KEEP_PAUSED,left,right,,0
10,2026-08-01T22:37:18.027+09:00,1.288,9,7.83,0,STOPPED_RED,,1,1,1,0.070014,UNKNOWN,UNKNOWN,0,0,0.000000,0.000000,0,740,green,0,unknown,0.000000,null,0.000000,0.322,,"{""0"": 106, ""1"": 132, ""2"": null, ""3"": null, ""4"": null, ""5"": null, ""6"": null, ""7"": null}","{""0"": 0.0, ""1"": 0.0, ""2"": null, ""3"": null, ""4"": null, ""5"": null, ""6"": null, ""7"": null}","{""0"": 106, ""1"": 132}",106,1,1,0,0,0.322,car-not-detected-or-stale,KEEP_PAUSED,left,right,,0
11,2026-08-01T22:37:18.132+09:00,1.395,10,7.95,0,STOPPED_RED,,1,1,1,0.070014,UNKNOWN,UNKNOWN,0,0,0.000000,0.000000,0,741,green,0,unknown,0.000000,null,0.000000,0.321,,"{""0"": 107, ""1"": 132, ""2"": null, ""3"": null, ""4"": null, ""5"": null, ""6"": null, ""7"": null}","{""0"": 0.0, ""1"": 0.0, ""2"": null, ""3"": null, ""4"": null, ""5"": null, ""6"": null, ""7"": null}","{""0"": 107, ""1"": 132}",107,1,1,0,0,0.321,car-not-detected-or-stale,KEEP_PAUSED,left,right,,0
12,2026-08-01T22:37:18.251+09:00,1.515,11,7.98,0,STOPPED_RED,,1,1,1,0.070014,UNKNOWN,UNKNOWN,0,0,0.000000,0.000000,0,741,green,0,unknown,0.000000,null,0.000000,0.319,,"{""0"": 133, ""1"": 132, ""2"": null, ""3"": null, ""4"": null, ""5"": null, ""6"": null, ""7"": null}","{""0"": 0.0, ""1"": 0.0, ""2"": null, ""3"": null, ""4"": null, ""5"": null, ""6"": null, ""7"": null}","{""0"": 133, ""1"": 132}",132,1,1,0,0,0.319,car-not-detected-or-stale,KEEP_PAUSED,left,right,,0
13,2026-08-01T22:37:18.376+09:00,1.638,12,8.00,0,STOPPED_RED,,1,1,1,0.070014,UNKNOWN,UNKNOWN,0,0,0.000000,0.000000,0,741,green,0,unknown,0.000000,null,0.000000,0.440,,"{""0"": 132, ""1"": 131, ""2"": null, ""3"": null, ""4"": null, ""5"": null, ""6"": null, ""7"": null}","{""0"": 0.0, ""1"": 0.0, ""2"": null, ""3"": null, ""4"": null, ""5"": null, ""6"": null, ""7"": null}","{""0"": 132, ""1"": 131}",131,1,1,0,0,0.440,car-not-detected-or-stale,KEEP_PAUSED,left,right,,0
14,2026-08-01T22:37:18.493+09:00,1.754,13,8.05,0,STOPPED_RED,,1,1,1,0.070014,UNKNOWN,UNKNOWN,0,0,0.000000,0.000000,0,741,green,0,unknown,0.000000,null,0.000000,0.323,,"{""0"": 132, ""1"": 132, ""2"": null, ""3"": null, ""4"": null, ""5"": null, ""6"": null, ""7"": null}","{""0"": 0.0, ""1"": 0.0, ""2"": null, ""3"": null, ""4"": null, ""5"": null, ""6"": null, ""7"": null}","{""0"": 132, ""1"": 132}",132,1,1,0,0,0.323,car-not-detected-or-stale,KEEP_PAUSED,left,right,,0
15,2026-08-01T22:37:18.608+09:00,1.872,14,8.05,0,STOPPED_RED,,1,1,1,0.070014,UNKNOWN,UNKNOWN,0,0,0.000000,0.000000,0,742,green,0,unknown,0.000000,null,0.000000,0.326,,"{""0"": 132, ""1"": 132, ""2"": null, ""3"": null, ""4"": null, ""5"": null, ""6"": null, ""7"": null}","{""0"": 0.0, ""1"": 0.0, ""2"": null, ""3"": null, ""4"": null, ""5"": null, ""6"": null, ""7"": null}","{""0"": 132, ""1"": 132}",132,1,1,0,0,0.326,car-not-detected-or-stale,KEEP_PAUSED,left,right,,0
16,2026-08-01T22:37:18.727+09:00,1.991,15,8.08,0,STOPPED_RED,,1,1,1,0.070014,UNKNOWN,UNKNOWN,0,0,0.000000,0.000000,0,741,green,0,unknown,0.000000,null,0.000000,0.201,,"{""0"": 132, ""1"": 132, ""2"": null, ""3"": null, ""4"": null, ""5"": null, ""6"": null, ""7"": null}","{""0"": 0.0, ""1"": 0.0, ""2"": null, ""3"": null, ""4"": null, ""5"": null, ""6"": null, ""7"": null}","{""0"": 132, ""1"": 132}",132,1,1,0,0,0.201,car-not-detected-or-stale,KEEP_PAUSED,left,right,,0
17,2026-08-01T22:37:18.853+09:00,2.113,16,8.09,0,STOPPED_RED,,1,1,1,0.070014,UNKNOWN,UNKNOWN,0,0,0.000000,0.000000,0,741,green,0,unknown,0.000000,null,0.000000,0.320,,"{""0"": 133, ""1"": 132, ""2"": null, ""3"": null, ""4"": null, ""5"": null, ""6"": null, ""7"": null}","{""0"": 0.0, ""1"": 0.0, ""2"": null, ""3"": null, ""4"": null, ""5"": null, ""6"": null, ""7"": null}","{""0"": 133, ""1"": 132}",132,1,1,0,0,0.320,car-not-detected-or-stale,KEEP_PAUSED,left,right,,0
18,2026-08-01T22:37:18.971+09:00,2.230,17,8.12,0,STOPPED_RED,,1,1,1,0.070014,UNKNOWN,UNKNOWN,0,0,0.000000,0.000000,0,741,green,0,unknown,0.000000,null,0.000000,0.325,,"{""0"": 106, ""1"": 131, ""2"": null, ""3"": null, ""4"": null, ""5"": null, ""6"": null, ""7"": null}","{""0"": 0.0, ""1"": 0.0, ""2"": null, ""3"": null, ""4"": null, ""5"": null, ""6"": null, ""7"": null}","{""0"": 106, ""1"": 131}",106,1,1,0,0,0.325,car-not-detected-or-stale,KEEP_PAUSED,left,right,,0
19,2026-08-01T22:37:19.086+09:00,2.349,18,8.12,0,STOPPED_RED,,1,1,1,0.070014,UNKNOWN,UNKNOWN,0,0,0.000000,0.000000,0,741,green,0,unknown,0.000000,null,0.000000,0.328,,"{""0"": 107, ""1"": 131, ""2"": null, ""3"": null, ""4"": null, ""5"": null, ""6"": null, ""7"": null}","{""0"": 0.0, ""1"": 0.0, ""2"": null, ""3"": null, ""4"": null, ""5"": null, ""6"": null, ""7"": null}","{""0"": 107, ""1"": 131}",107,1,1,0,0,0.328,car-not-detected-or-stale,KEEP_PAUSED,left,right,,0
20,2026-08-01T22:37:19.207+09:00,2.469,19,8.13,0,STOPPED_RED,,1,1,1,0.070315,UNKNOWN,UNKNOWN,0,0,0.000000,0.000000,0,741,green,0,unknown,0.000000,null,0.000000,0.204,,"{""0"": 106, ""1"": 131, ""2"": null, ""3"": null, ""4"": null, ""5"": null, ""6"": null, ""7"": null}","{""0"": 0.0, ""1"": 0.0, ""2"": null, ""3"": null, ""4"": null, ""5"": null, ""6"": null, ""7"": null}","{""0"": 106, ""1"": 131}",106,1,1,0,0,0.204,car-not-detected-or-stale,KEEP_PAUSED,left,right,,0
21,2026-08-01T22:37:19.335+09:00,2.598,20,8.12,0,STOPPED_RED,,1,1,1,0.070014,UNKNOWN,UNKNOWN,0,0,0.000000,0.000000,0,741,green,0,unknown,0.000000,null,0.000000,0.329,,"{""0"": 106, ""1"": 132, ""2"": null, ""3"": null, ""4"": null, ""5"": null, ""6"": null, ""7"": null}","{""0"": 0.0, ""1"": 0.0, ""2"": null, ""3"": null, ""4"": null, ""5"": null, ""6"": null, ""7"": null}","{""0"": 106, ""1"": 132}",106,1,1,0,0,0.329,car-not-detected-or-stale,KEEP_PAUSED,left,right,,0
22,2026-08-01T22:37:19.444+09:00,2.706,21,8.16,0,STOPPED_RED,,1,1,1,0.070014,UNKNOWN,UNKNOWN,0,0,0.000000,0.000000,0,741,green,0,unknown,0.000000,null,0.000000,0.326,,"{""0"": 105, ""1"": 131, ""2"": null, ""3"": null, ""4"": null, ""5"": null, ""6"": null, ""7"": null}","{""0"": 0.0, ""1"": 0.0, ""2"": null, ""3"": null, ""4"": null, ""5"": null, ""6"": null, ""7"": null}","{""0"": 105, ""1"": 131}",105,1,1,0,0,0.326,car-not-detected-or-stale,KEEP_PAUSED,left,right,,0
23,2026-08-01T22:37:19.560+09:00,2.824,22,8.17,0,STOPPED_RED,,1,1,1,0.070014,UNKNOWN,UNKNOWN,0,0,0.000000,0.000000,0,740,green,0,unknown,0.000000,null,0.000000,0.322,,"{""0"": 106, ""1"": 131, ""2"": null, ""3"": null, ""4"": null, ""5"": null, ""6"": null, ""7"": null}","{""0"": 0.0, ""1"": 0.0, ""2"": null, ""3"": null, ""4"": null, ""5"": null, ""6"": null, ""7"": null}","{""0"": 106, ""1"": 131}",106,1,1,0,0,0.322,car-not-detected-or-stale,KEEP_PAUSED,left,right,,0
24,2026-08-01T22:37:19.683+09:00,2.946,23,8.18,0,STOPPED_RED,,1,1,1,0.070014,UNKNOWN,UNKNOWN,0,0,0.000000,0.000000,0,741,green,0,unknown,0.000000,null,0.000000,0.206,,"{""0"": 106, ""1"": 131, ""2"": null, ""3"": null, ""4"": null, ""5"": null, ""6"": null, ""7"": null}","{""0"": 0.0, ""1"": 0.0, ""2"": null, ""3"": null, ""4"": null, ""5"": null, ""6"": null, ""7"": null}","{""0"": 106, ""1"": 131}",106,1,1,0,0,0.206,car-not-detected-or-stale,KEEP_PAUSED,left,right,,0
25,2026-08-01T22:37:19.798+09:00,3.060,24,8.20,0,STOPPED_RED,,1,1,1,0.070014,UNKNOWN,UNKNOWN,0,0,0.000000,0.000000,0,741,green,0,unknown,0.000000,null,0.000000,0.318,,"{""0"": 106, ""1"": 131, ""2"": null, ""3"": null, ""4"": null, ""5"": null, ""6"": null, ""7"": null}","{""0"": 0.0, ""1"": 0.0, ""2"": null, ""3"": null, ""4"": null, ""5"": null, ""6"": null, ""7"": null}","{""0"": 106, ""1"": 131}",106,1,1,0,0,0.318,car-not-detected-or-stale,KEEP_PAUSED,left,right,,0
26,2026-08-01T22:37:19.911+09:00,3.172,25,8.23,0,STOPPED_RED,,1,1,1,0.070014,UNKNOWN,UNKNOWN,0,0,0.000000,0.000000,0,740,green,0,unknown,0.000000,null,0.000000,0.315,,"{""0"": 106, ""1"": 131, ""2"": null, ""3"": null, ""4"": null, ""5"": null, ""6"": null, ""7"": null}","{""0"": 0.0, ""1"": 0.0, ""2"": null, ""3"": null, ""4"": null, ""5"": null, ""6"": null, ""7"": null}","{""0"": 106, ""1"": 131}",106,1,1,0,0,0.315,car-not-detected-or-stale,KEEP_PAUSED,left,right,,0
27,2026-08-01T22:37:20.033+09:00,3.296,26,8.22,0,STOPPED_RED,,1,1,1,0.070014,UNKNOWN,UNKNOWN,0,0,0.000000,0.000000,0,741,green,0,unknown,0.000000,null,0.000000,0.201,,"{""0"": 106, ""1"": 131, ""2"": null, ""3"": null, ""4"": null, ""5"": null, ""6"": null, ""7"": null}","{""0"": 0.0, ""1"": 0.0, ""2"": null, ""3"": null, ""4"": null, ""5"": null, ""6"": null, ""7"": null}","{""0"": 106, ""1"": 131}",106,1,1,0,0,0.201,car-not-detected-or-stale,KEEP_PAUSED,left,right,,0
28,2026-08-01T22:37:20.155+09:00,3.418,27,8.22,0,STOPPED_RED,,1,1,1,0.070014,UNKNOWN,UNKNOWN,0,0,0.000000,0.000000,0,741,green,0,unknown,0.000000,null,0.000000,0.323,,"{""0"": 106, ""1"": 131, ""2"": null, ""3"": null, ""4"": null, ""5"": null, ""6"": null, ""7"": null}","{""0"": 0.0, ""1"": 0.0, ""2"": null, ""3"": null, ""4"": null, ""5"": null, ""6"": null, ""7"": null}","{""0"": 106, ""1"": 131}",106,1,1,0,0,0.323,car-not-detected-or-stale,KEEP_PAUSED,left,right,,0
29,2026-08-01T22:37:20.282+09:00,3.543,28,8.21,0,STOPPED_RED,,1,1,1,0.070014,UNKNOWN,UNKNOWN,0,0,0.000000,0.000000,0,741,green,0,unknown,0.000000,null,0.000000,0.333,,"{""0"": 106, ""1"": 132, ""2"": null, ""3"": null, ""4"": null, ""5"": null, ""6"": null, ""7"": null}","{""0"": 0.0, ""1"": 0.0, ""2"": null, ""3"": null, ""4"": null, ""5"": null, ""6"": null, ""7"": null}","{""0"": 106, ""1"": 132}",106,1,1,0,0,0.333,car-not-detected-or-stale,KEEP_PAUSED,left,right,,0
30,2026-08-01T22:37:20.402+09:00,3.664,29,8.21,0,STOPPED_RED,,1,1,1,0.070014,UNKNOWN,UNKNOWN,0,0,0.000000,0.000000,0,741,green,0,unknown,0.000000,null,0.000000,0.334,,"{""0"": 106, ""1"": 131, ""2"": null, ""3"": null, ""4"": null, ""5"": null, ""6"": null, ""7"": null}","{""0"": 0.0, ""1"": 0.0, ""2"": null, ""3"": null, ""4"": null, ""5"": null, ""6"": null, ""7"": null}","{""0"": 106, ""1"": 131}",106,1,1,0,0,0.334,car-not-detected-or-stale,KEEP_PAUSED,left,right,,0
31,2026-08-01T22:37:20.526+09:00,3.789,30,8.21,0,STOPPED_RED,,1,1,1,0.069713,UNKNOWN,UNKNOWN,0,0,0.000000,0.000000,0,741,green,0,unknown,0.000000,null,0.000000,0.211,,"{""0"": 106, ""1"": 131, ""2"": null, ""3"": null, ""4"": null, ""5"": null, ""6"": null, ""7"": null}","{""0"": 0.0, ""1"": 0.0, ""2"": null, ""3"": null, ""4"": null, ""5"": null, ""6"": null, ""7"": null}","{""0"": 106, ""1"": 131}",106,1,1,0,0,0.211,car-not-detected-or-stale,KEEP_PAUSED,left,right,,0
32,2026-08-01T22:37:20.657+09:00,3.918,31,8.20,0,STOPPED_RED,,1,1,1,0.070315,UNKNOWN,UNKNOWN,0,0,0.000000,0.000000,0,740,green,0,unknown,0.000000,null,0.000000,0.337,,"{""0"": 132, ""1"": 131, ""2"": null, ""3"": null, ""4"": null, ""5"": null, ""6"": null, ""7"": null}","{""0"": 0.0, ""1"": 0.0, ""2"": null, ""3"": null, ""4"": null, ""5"": null, ""6"": null, ""7"": null}","{""0"": 132, ""1"": 131}",131,1,1,0,0,0.337,car-not-detected-or-stale,KEEP_PAUSED,left,right,,0
33,2026-08-01T22:37:20.781+09:00,4.043,32,8.19,0,STOPPED_RED,,1,1,1,0.070315,UNKNOWN,UNKNOWN,0,0,0.000000,0.000000,0,741,green,0,unknown,0.000000,null,0.000000,0.340,,"{""0"": 106, ""1"": 131, ""2"": null, ""3"": null, ""4"": null, ""5"": null, ""6"": null, ""7"": null}","{""0"": 0.0, ""1"": 0.0, ""2"": null, ""3"": null, ""4"": null, ""5"": null, ""6"": null, ""7"": null}","{""0"": 106, ""1"": 131}",106,1,1,0,0,0.340,car-not-detected-or-stale,KEEP_PAUSED,left,right,,0
34,2026-08-01T22:37:20.889+09:00,4.152,33,8.21,0,DRIVING,state:STOPPED_RED->DRIVING,0,1,1,0.070315,UNKNOWN,UNKNOWN,0,0,0.000000,0.000000,0,741,red,0,unknown,0.000000,null,0.000000,0.332,,"{""0"": 133, ""1"": 131, ""2"": null, ""3"": null, ""4"": null, ""5"": null, ""6"": null, ""7"": null}","{""0"": 0.0, ""1"": 0.0, ""2"": null, ""3"": null, ""4"": null, ""5"": null, ""6"": null, ""7"": null}","{""0"": 133, ""1"": 131}",131,1,1,0,0,0.332,car-not-detected-or-stale,KEEP_PAUSED,left,right,,0
35,2026-08-01T22:37:21.011+09:00,4.275,34,8.21,0,DRIVING,,0,1,1,0.070315,UNKNOWN,UNKNOWN,0,0,-0.126025,-0.126025,0,741,red,0,unknown,0.000000,null,0.000000,0.198,,"{""0"": 107, ""1"": 131, ""2"": null, ""3"": null, ""4"": null, ""5"": null, ""6"": null, ""7"": null}","{""0"": 0.0, ""1"": 0.0, ""2"": null, ""3"": null, ""4"": null, ""5"": null, ""6"": null, ""7"": null}","{""0"": 107, ""1"": 131}",107,1,1,0,0,0.198,car-not-detected-or-stale,KEEP_PAUSED,left,right,,0
36,2026-08-01T22:37:21.137+09:00,4.401,35,8.20,0,DRIVING,,0,1,1,0.070315,UNKNOWN,UNKNOWN,0,0,-0.126188,-0.126188,0,741,red,0,unknown,0.000000,null,0.000000,0.323,,"{""0"": 132, ""1"": 131, ""2"": null, ""3"": null, ""4"": null, ""5"": null, ""6"": null, ""7"": null}","{""0"": 0.0, ""1"": 0.0, ""2"": null, ""3"": null, ""4"": null, ""5"": null, ""6"": null, ""7"": null}","{""0"": 132, ""1"": 131}",131,1,1,0,0,0.323,car-not-detected-or-stale,KEEP_PAUSED,left,right,,0
37,2026-08-01T22:37:21.251+09:00,4.514,36,8.22,0,DRIVING,,0,1,1,0.070315,UNKNOWN,UNKNOWN,0,0,-0.126302,-0.126302,0,741,red,0,unknown,0.000000,null,0.000000,0.328,,"{""0"": 107, ""1"": 131, ""2"": null, ""3"": null, ""4"": null, ""5"": null, ""6"": null, ""7"": null}","{""0"": 0.0, ""1"": 0.0, ""2"": null, ""3"": null, ""4"": null, ""5"": null, ""6"": null, ""7"": null}","{""0"": 107, ""1"": 131}",107,1,1,0,0,0.328,car-not-detected-or-stale,KEEP_PAUSED,left,right,,0
38,2026-08-01T22:37:21.365+09:00,4.629,37,8.23,0,DRIVING,,0,1,1,0.070315,UNKNOWN,UNKNOWN,0,0,-0.126381,-0.126381,0,741,red,0,unknown,0.000000,null,0.000000,0.321,,"{""0"": 132, ""1"": 131, ""2"": null, ""3"": null, ""4"": null, ""5"": null, ""6"": null, ""7"": null}","{""0"": 0.0, ""1"": 0.0, ""2"": null, ""3"": null, ""4"": null, ""5"": null, ""6"": null, ""7"": null}","{""0"": 132, ""1"": 131}",131,1,1,0,0,0.321,car-not-detected-or-stale,KEEP_PAUSED,left,right,,0
39,2026-08-01T22:37:21.487+09:00,4.751,38,8.23,0,DRIVING,,0,1,1,0.070315,UNKNOWN,UNKNOWN,0,0,-0.126437,-0.126437,0,741,red,0,unknown,0.000000,null,0.000000,0.202,,"{""0"": 133, ""1"": 131, ""2"": null, ""3"": null, ""4"": null, ""5"": null, ""6"": null, ""7"": null}","{""0"": 0.0, ""1"": 0.0, ""2"": null, ""3"": null, ""4"": null, ""5"": null, ""6"": null, ""7"": null}","{""0"": 133, ""1"": 131}",131,1,1,0,0,0.202,car-not-detected-or-stale,KEEP_PAUSED,left,right,,0
40,2026-08-01T22:37:21.604+09:00,4.867,39,8.24,0,DRIVING,,0,1,1,0.070315,UNKNOWN,UNKNOWN,0,0,-0.126476,-0.126476,0,741,red,0,unknown,0.000000,null,0.000000,0.317,,"{""0"": 107, ""1"": 131, ""2"": null, ""3"": null, ""4"": null, ""5"": null, ""6"": null, ""7"": null}","{""0"": 0.0, ""1"": 0.0, ""2"": null, ""3"": null, ""4"": null, ""5"": null, ""6"": null, ""7"": null}","{""0"": 107, ""1"": 131}",107,1,1,0,0,0.317,car-not-detected-or-stale,KEEP_PAUSED,left,right,,0
41,2026-08-01T22:37:21.713+09:00,4.977,40,8.25,1,DRIVING,phase:KEEP_PAUSED->KEEP,0,1,1,0.070315,UNKNOWN,UNKNOWN,0,0,0.000000,0.000000,255,741,red,0,unknown,0.000000,null,0.000000,0.317,,"{""0"": 106, ""1"": 131, ""2"": null, ""3"": null, ""4"": null, ""5"": null, ""6"": null, ""7"": null}","{""0"": 0.0, ""1"": 0.0, ""2"": null, ""3"": null, ""4"": null, ""5"": null, ""6"": null, ""7"": null}","{""0"": 106, ""1"": 131}",106,1,1,0,0,0.317,car-not-detected-or-stale,KEEP,left,right,,0
42,2026-08-01T22:37:21.832+09:00,5.094,41,8.26,1,DRIVING,,0,1,1,0.071429,UNKNOWN,UNKNOWN,0,0,-0.128571,-0.128571,100,741,red,0,unknown,0.000000,null,0.000000,0.192,,"{""0"": 105, ""1"": 76, ""2"": null, ""3"": null, ""4"": null, ""5"": null, ""6"": null, ""7"": null}","{""0"": 0.0, ""1"": 0.0, ""2"": null, ""3"": null, ""4"": null, ""5"": null, ""6"": null, ""7"": null}","{""0"": 105, ""1"": 76}",76,1,1,0,0,0.192,car-not-detected-or-stale,KEEP,left,right,,0
43,2026-08-01T22:37:21.958+09:00,5.220,42,8.26,1,DRIVING,,0,1,1,0.071429,UNKNOWN,UNKNOWN,0,0,-0.128571,-0.128571,255,740,red,0,unknown,0.000000,null,0.000000,0.317,,"{""0"": 250, ""1"": 250, ""2"": null, ""3"": null, ""4"": null, ""5"": null, ""6"": null, ""7"": null}","{""0"": 0.0, ""1"": 0.0, ""2"": null, ""3"": null, ""4"": null, ""5"": null, ""6"": null, ""7"": null}","{""0"": 250, ""1"": 250}",250,1,0,0,0,0.317,ultrasonic-not-close,KEEP,left,right,,0
44,2026-08-01T22:37:22.079+09:00,5.341,43,8.26,1,DRIVING,,0,1,1,0.074330,UNKNOWN,UNKNOWN,0,0,-0.139018,-0.139018,100,742,red,0,unknown,0.000000,null,0.000000,0.327,,"{""0"": 250, ""1"": 57, ""2"": null, ""3"": null, ""4"": null, ""5"": null, ""6"": null, ""7"": null}","{""0"": 0.0, ""1"": 0.0, ""2"": null, ""3"": null, ""4"": null, ""5"": null, ""6"": null, ""7"": null}","{""0"": 250, ""1"": 57}",57,1,1,0,0,0.327,car-not-detected-or-stale,KEEP,left,right,,0
45,2026-08-01T22:37:22.204+09:00,5.467,44,8.25,1,DRIVING,,0,1,1,0.073111,UNKNOWN,UNKNOWN,0,0,-0.133061,-0.133061,255,741,red,0,unknown,0.000000,null,0.000000,0.335,,"{""0"": 119, ""1"": 250, ""2"": null, ""3"": null, ""4"": null, ""5"": null, ""6"": null, ""7"": null}","{""0"": 0.0, ""1"": 0.0, ""2"": null, ""3"": null, ""4"": null, ""5"": null, ""6"": null, ""7"": null}","{""0"": 119, ""1"": 250}",119,1,1,0,0,0.335,car-not-detected-or-stale,KEEP,left,right,,0
46,2026-08-01T22:37:22.320+09:00,5.585,45,8.25,1,DRIVING,,0,1,1,0.073959,UNKNOWN,UNKNOWN,0,0,-0.135677,-0.135677,100,741,red,0,unknown,0.000000,null,0.000000,0.208,,"{""0"": 250, ""1"": 68, ""2"": null, ""3"": null, ""4"": null, ""5"": null, ""6"": null, ""7"": null}","{""0"": 0.0, ""1"": 0.0, ""2"": null, ""3"": null, ""4"": null, ""5"": null, ""6"": null, ""7"": null}","{""0"": 250, ""1"": 68}",68,1,1,0,0,0.208,car-not-detected-or-stale,KEEP,left,right,,0
47,2026-08-01T22:37:22.452+09:00,5.713,46,8.25,1,DRIVING,,0,1,1,0.069601,UNKNOWN,UNKNOWN,0,0,-0.119222,-0.119222,100,741,red,0,unknown,0.000000,null,0.000000,0.333,,"{""0"": 72, ""1"": 57, ""2"": null, ""3"": null, ""4"": null, ""5"": null, ""6"": null, ""7"": null}","{""0"": 0.0, ""1"": 0.0, ""2"": null, ""3"": null, ""4"": null, ""5"": null, ""6"": null, ""7"": null}","{""0"": 72, ""1"": 57}",57,1,1,0,0,0.333,car-not-detected-or-stale,KEEP,left,right,,0
48,2026-08-01T22:37:22.561+09:00,5.825,47,8.26,1,DRIVING,,0,1,1,0.063845,UNKNOWN,UNKNOWN,0,0,-0.100318,-0.100318,100,741,red,0,unknown,0.000000,null,0.000000,0.326,,"{""0"": 63, ""1"": 250, ""2"": null, ""3"": null, ""4"": null, ""5"": null, ""6"": null, ""7"": null}","{""0"": 0.0, ""1"": 0.0, ""2"": null, ""3"": null, ""4"": null, ""5"": null, ""6"": null, ""7"": null}","{""0"": 63, ""1"": 250}",63,1,1,0,0,0.326,car-not-detected-or-stale,KEEP,left,right,,0
49,2026-08-01T22:37:22.675+09:00,5.937,48,8.27,1,DRIVING,,0,1,1,0.054498,UNKNOWN,UNKNOWN,0,0,-0.071049,-0.071049,100,740,red,0,unknown,0.000000,null,0.000000,0.321,,"{""0"": 250, ""1"": 55, ""2"": null, ""3"": null, ""4"": null, ""5"": null, ""6"": null, ""7"": null}","{""0"": 0.0, ""1"": 0.0, ""2"": null, ""3"": null, ""4"": null, ""5"": null, ""6"": null, ""7"": null}","{""0"": 250, ""1"": 55}",55,1,1,0,0,0.321,car-not-detected-or-stale,KEEP,left,right,,0
50,2026-08-01T22:37:22.797+09:00,6.060,49,8.27,1,DRIVING,,0,1,1,0.047946,UNKNOWN,UNKNOWN,0,0,-0.055578,-0.055578,100,741,red,0,unknown,0.000000,null,0.000000,0.202,,"{""0"": 50, ""1"": 50, ""2"": null, ""3"": null, ""4"": null, ""5"": null, ""6"": null, ""7"": null}","{""0"": 0.0, ""1"": 0.0, ""2"": null, ""3"": null, ""4"": null, ""5"": null, ""6"": null, ""7"": null}","{""0"": 50, ""1"": 50}",50,1,1,0,0,0.202,car-not-detected-or-stale,KEEP,left,right,,0
51,2026-08-01T22:37:22.913+09:00,6.176,50,8.28,1,DRIVING,,0,1,1,0.042218,UNKNOWN,UNKNOWN,0,0,-0.044174,-0.044174,255,741,unknown,0,unknown,0.000000,null,0.000000,0.315,,"{""0"": 250, ""1"": 250, ""2"": null, ""3"": null, ""4"": null, ""5"": null, ""6"": null, ""7"": null}","{""0"": 0.0, ""1"": 0.0, ""2"": null, ""3"": null, ""4"": null, ""5"": null, ""6"": null, ""7"": null}","{""0"": 250, ""1"": 250}",250,1,0,0,0,0.315,ultrasonic-not-close,KEEP,left,right,,0
52,2026-08-01T22:37:23.015+09:00,6.280,51,8.29,1,DRIVING,,0,1,1,0.035502,UNKNOWN,UNKNOWN,0,0,-0.029542,-0.029542,255,741,green,0,unknown,0.000000,null,0.000000,0.309,,"{""0"": 250, ""1"": 250, ""2"": null, ""3"": null, ""4"": null, ""5"": null, ""6"": null, ""7"": null}","{""0"": 0.0, ""1"": 0.0, ""2"": null, ""3"": null, ""4"": null, ""5"": null, ""6"": null, ""7"": null}","{""0"": 250, ""1"": 250}",250,1,0,0,0,0.309,ultrasonic-not-close,KEEP,left,right,,0
53,2026-08-01T22:37:23.130+09:00,6.395,52,8.30,1,STOPPED_RED,state:DRIVING->STOPPED_RED;phase:KEEP->KEEP_PAUSED,1,1,1,0.027087,UNKNOWN,UNKNOWN,0,0,0.000000,0.000000,0,742,green,0,unknown,0.000000,null,0.000000,0.187,,"{""0"": 250, ""1"": 185, ""2"": null, ""3"": null, ""4"": null, ""5"": null, ""6"": null, ""7"": null}","{""0"": 0.0, ""1"": 0.0, ""2"": null, ""3"": null, ""4"": null, ""5"": null, ""6"": null, ""7"": null}","{""0"": 250, ""1"": 185}",185,1,0,0,0,0.187,ultrasonic-not-close,KEEP_PAUSED,left,right,,0
54,2026-08-01T22:37:23.262+09:00,6.523,53,8.29,1,STOPPED_RED,,1,1,1,0.021222,UNKNOWN,UNKNOWN,0,0,0.000000,0.000000,0,741,green,0,unknown,0.000000,null,0.000000,0.312,,"{""0"": 250, ""1"": 250, ""2"": null, ""3"": null, ""4"": null, ""5"": null, ""6"": null, ""7"": null}","{""0"": 0.0, ""1"": 0.0, ""2"": null, ""3"": null, ""4"": null, ""5"": null, ""6"": null, ""7"": null}","{""0"": 250, ""1"": 250}",250,1,0,0,0,0.312,ultrasonic-not-close,KEEP_PAUSED,left,right,,0
55,2026-08-01T22:37:23.385+09:00,6.648,54,8.29,1,STOPPED_RED,,1,1,1,0.012478,UNKNOWN,UNKNOWN,0,0,0.000000,0.000000,0,741,green,0,unknown,0.000000,null,0.000000,0.338,,"{""0"": 250, ""1"": 250, ""2"": null, ""3"": null, ""4"": null, ""5"": null, ""6"": null, ""7"": null}","{""0"": 0.0, ""1"": 0.0, ""2"": null, ""3"": null, ""4"": null, ""5"": null, ""6"": null, ""7"": null}","{""0"": 250, ""1"": 250}",250,1,0,0,0,0.338,ultrasonic-not-close,KEEP_PAUSED,left,right,,0
56,2026-08-01T22:37:23.505+09:00,6.770,55,8.28,1,STOPPED_RED,,1,1,1,-0.007953,OUTER,UNKNOWN,0,1,0.000000,0.000000,0,740,green,0,unknown,0.000000,null,0.000000,0.344,,"{""0"": 250, ""1"": 250, ""2"": null, ""3"": null, ""4"": null, ""5"": null, ""6"": null, ""7"": null}","{""0"": 0.0, ""1"": 0.0, ""2"": null, ""3"": null, ""4"": null, ""5"": null, ""6"": null, ""7"": null}","{""0"": 250, ""1"": 250}",250,1,0,0,0,0.344,ultrasonic-not-close,KEEP_PAUSED,left,right,,0
57,2026-08-01T22:37:23.625+09:00,6.890,56,8.29,1,STOPPED_RED,,1,1,1,-0.013118,OUTER,UNKNOWN,0,2,0.000000,0.000000,0,740,green,0,unknown,0.000000,null,0.000000,0.210,,"{""0"": 250, ""1"": 250, ""2"": null, ""3"": null, ""4"": null, ""5"": null, ""6"": null, ""7"": null}","{""0"": 0.0, ""1"": 0.0, ""2"": null, ""3"": null, ""4"": null, ""5"": null, ""6"": null, ""7"": null}","{""0"": 250, ""1"": 250}",250,1,0,0,0,0.210,ultrasonic-not-close,KEEP_PAUSED,left,right,,0
58,2026-08-01T22:37:23.751+09:00,7.013,57,8.29,1,STOPPED_RED,,1,1,1,-0.020272,OUTER,OUTER,0,3,0.000000,0.000000,0,740,green,0,unknown,0.000000,null,0.000000,0.329,,"{""0"": 250, ""1"": 250, ""2"": null, ""3"": null, ""4"": null, ""5"": null, ""6"": null, ""7"": null}","{""0"": 0.0, ""1"": 0.0, ""2"": null, ""3"": null, ""4"": null, ""5"": null, ""6"": null, ""7"": null}","{""0"": 250, ""1"": 250}",250,1,0,0,0,0.329,ultrasonic-not-close,KEEP_PAUSED,left,right,,0
59,2026-08-01T22:37:23.872+09:00,7.133,58,8.29,1,STOPPED_RED,,1,1,1,-0.022191,OUTER,OUTER,0,4,0.000000,0.000000,0,740,green,0,unknown,0.000000,null,0.000000,0.331,,"{""0"": 250, ""1"": 250, ""2"": null, ""3"": null, ""4"": null, ""5"": null, ""6"": null, ""7"": null}","{""0"": 0.0, ""1"": 0.0, ""2"": null, ""3"": null, ""4"": null, ""5"": null, ""6"": null, ""7"": null}","{""0"": 250, ""1"": 250}",250,1,0,0,0,0.331,ultrasonic-not-close,KEEP_PAUSED,left,right,,0
60,2026-08-01T22:37:23.990+09:00,7.255,59,8.28,1,STOPPED_RED,,1,1,1,-0.022635,OUTER,OUTER,0,5,0.000000,0.000000,0,741,green,0,unknown,0.000000,null,0.000000,0.332,,"{""0"": 250, ""1"": 250, ""2"": null, ""3"": null, ""4"": null, ""5"": null, ""6"": null, ""7"": null}","{""0"": 0.0, ""1"": 0.0, ""2"": null, ""3"": null, ""4"": null, ""5"": null, ""6"": null, ""7"": null}","{""0"": 250, ""1"": 250}",250,1,0,0,0,0.332,ultrasonic-not-close,KEEP_PAUSED,left,right,,0
61,2026-08-01T22:37:24.114+09:00,7.376,60,8.29,1,STOPPED_RED,,1,1,1,-0.023012,OUTER,OUTER,0,6,0.000000,0.000000,0,741,green,0,unknown,0.000000,null,0.000000,0.205,,"{""0"": 250, ""1"": 250, ""2"": null, ""3"": null, ""4"": null, ""5"": null, ""6"": null, ""7"": null}","{""0"": 0.0, ""1"": 0.0, ""2"": null, ""3"": null, ""4"": null, ""5"": null, ""6"": null, ""7"": null}","{""0"": 250, ""1"": 250}",250,1,0,0,0,0.205,ultrasonic-not-close,KEEP_PAUSED,left,right,,0
62,2026-08-01T22:37:24.246+09:00,7.510,61,8.27,1,STOPPED_RED,,1,1,1,-0.023670,OUTER,OUTER,0,7,0.000000,0.000000,0,740,green,0,unknown,0.000000,null,0.000000,0.342,,"{""0"": 250, ""1"": 250, ""2"": null, ""3"": null, ""4"": null, ""5"": null, ""6"": null, ""7"": null}","{""0"": 0.0, ""1"": 0.0, ""2"": null, ""3"": null, ""4"": null, ""5"": null, ""6"": null, ""7"": null}","{""0"": 250, ""1"": 250}",250,1,0,0,0,0.342,ultrasonic-not-close,KEEP_PAUSED,left,right,,0
63,2026-08-01T22:37:24.358+09:00,7.622,62,8.28,1,STOPPED_RED,,1,1,1,-0.023927,OUTER,OUTER,0,7,0.000000,0.000000,0,740,green,0,unknown,0.000000,null,0.000000,0.337,,"{""0"": 250, ""1"": 250, ""2"": null, ""3"": null, ""4"": null, ""5"": null, ""6"": null, ""7"": null}","{""0"": 0.0, ""1"": 0.0, ""2"": null, ""3"": null, ""4"": null, ""5"": null, ""6"": null, ""7"": null}","{""0"": 250, ""1"": 250}",250,1,0,0,0,0.337,ultrasonic-not-close,KEEP_PAUSED,left,right,,0
64,2026-08-01T22:37:24.477+09:00,7.740,63,8.28,1,STOPPED_RED,,1,1,1,-0.024092,OUTER,OUTER,0,7,0.000000,0.000000,0,740,green,0,unknown,0.000000,null,0.000000,0.330,,"{""0"": 250, ""1"": 250, ""2"": null, ""3"": null, ""4"": null, ""5"": null, ""6"": null, ""7"": null}","{""0"": 0.0, ""1"": 0.0, ""2"": null, ""3"": null, ""4"": null, ""5"": null, ""6"": null, ""7"": null}","{""0"": 250, ""1"": 250}",250,1,0,0,0,0.330,ultrasonic-not-close,KEEP_PAUSED,left,right,,0
65,2026-08-01T22:37:24.597+09:00,7.861,64,8.28,1,STOPPED_RED,,1,1,1,-0.024357,OUTER,OUTER,0,7,0.000000,0.000000,0,741,green,0,unknown,0.000000,null,0.000000,0.205,,"{""0"": 250, ""1"": 250, ""2"": null, ""3"": null, ""4"": null, ""5"": null, ""6"": null, ""7"": null}","{""0"": 0.0, ""1"": 0.0, ""2"": null, ""3"": null, ""4"": null, ""5"": null, ""6"": null, ""7"": null}","{""0"": 250, ""1"": 250}",250,1,0,0,0,0.205,ultrasonic-not-close,KEEP_PAUSED,left,right,,0
66,2026-08-01T22:37:24.716+09:00,7.979,65,8.29,1,STOPPED_RED,,1,1,1,-0.024479,OUTER,OUTER,0,7,0.000000,0.000000,0,740,green,0,unknown,0.000000,null,0.000000,0.321,,"{""0"": 250, ""1"": 250, ""2"": null, ""3"": null, ""4"": null, ""5"": null, ""6"": null, ""7"": null}","{""0"": 0.0, ""1"": 0.0, ""2"": null, ""3"": null, ""4"": null, ""5"": null, ""6"": null, ""7"": null}","{""0"": 250, ""1"": 250}",250,1,0,0,0,0.321,ultrasonic-not-close,KEEP_PAUSED,left,right,,0
67,2026-08-01T22:37:24.822+09:00,8.086,66,8.30,1,STOPPED_RED,,1,1,1,-0.024928,OUTER,OUTER,0,7,0.000000,0.000000,0,740,green,0,unknown,0.000000,null,0.000000,0.314,,"{""0"": 250, ""1"": 250, ""2"": null, ""3"": null, ""4"": null, ""5"": null, ""6"": null, ""7"": null}","{""0"": 0.0, ""1"": 0.0, ""2"": null, ""3"": null, ""4"": null, ""5"": null, ""6"": null, ""7"": null}","{""0"": 250, ""1"": 250}",250,1,0,0,0,0.314,ultrasonic-not-close,KEEP_PAUSED,left,right,,0
68,2026-08-01T22:37:24.930+09:00,8.193,67,8.31,1,STOPPED_RED,,1,1,1,-0.025472,OUTER,OUTER,0,7,0.000000,0.000000,0,740,green,0,unknown,0.000000,null,0.000000,0.300,,"{""0"": 250, ""1"": 250, ""2"": null, ""3"": null, ""4"": null, ""5"": null, ""6"": null, ""7"": null}","{""0"": 0.0, ""1"": 0.0, ""2"": null, ""3"": null, ""4"": null, ""5"": null, ""6"": null, ""7"": null}","{""0"": 250, ""1"": 250}",250,1,0,0,0,0.300,ultrasonic-not-close,KEEP_PAUSED,left,right,,0
69,2026-08-01T22:37:25.051+09:00,8.313,68,8.31,1,STOPPED_RED,,1,1,1,-0.025194,OUTER,OUTER,0,7,0.000000,0.000000,0,740,green,0,unknown,0.000000,null,0.000000,0.420,,"{""0"": 250, ""1"": 250, ""2"": null, ""3"": null, ""4"": null, ""5"": null, ""6"": null, ""7"": null}","{""0"": 0.0, ""1"": 0.0, ""2"": null, ""3"": null, ""4"": null, ""5"": null, ""6"": null, ""7"": null}","{""0"": 250, ""1"": 250}",250,1,0,0,0,0.420,ultrasonic-not-close,KEEP_PAUSED,left,right,,0
70,2026-08-01T22:37:25.157+09:00,8.421,69,8.32,1,STOPPED_RED,,1,1,1,-0.024795,OUTER,OUTER,0,7,0.000000,0.000000,0,740,green,0,unknown,0.000000,null,0.000000,0.303,,"{""0"": 250, ""1"": 250, ""2"": null, ""3"": null, ""4"": null, ""5"": null, ""6"": null, ""7"": null}","{""0"": 0.0, ""1"": 0.0, ""2"": null, ""3"": null, ""4"": null, ""5"": null, ""6"": null, ""7"": null}","{""0"": 250, ""1"": 250}",250,1,0,0,0,0.303,ultrasonic-not-close,KEEP_PAUSED,left,right,,0
71,2026-08-01T22:37:25.276+09:00,8.540,70,8.32,1,STOPPED_RED,,1,1,1,-0.024806,OUTER,OUTER,0,7,0.000000,0.000000,0,740,green,0,unknown,0.000000,null,0.000000,0.314,,"{""0"": 250, ""1"": 250, ""2"": null, ""3"": null, ""4"": null, ""5"": null, ""6"": null, ""7"": null}","{""0"": 0.0, ""1"": 0.0, ""2"": null, ""3"": null, ""4"": null, ""5"": null, ""6"": null, ""7"": null}","{""0"": 250, ""1"": 250}",250,1,0,0,0,0.314,ultrasonic-not-close,KEEP_PAUSED,left,right,,0
72,2026-08-01T22:37:25.401+09:00,8.665,71,8.32,1,STOPPED_RED,,1,1,1,-0.024829,OUTER,OUTER,0,7,0.000000,0.000000,0,740,green,0,unknown,0.000000,null,0.000000,0.211,,"{""0"": 250, ""1"": 250, ""2"": null, ""3"": null, ""4"": null, ""5"": null, ""6"": null, ""7"": null}","{""0"": 0.0, ""1"": 0.0, ""2"": null, ""3"": null, ""4"": null, ""5"": null, ""6"": null, ""7"": null}","{""0"": 250, ""1"": 250}",250,1,0,0,0,0.211,ultrasonic-not-close,KEEP_PAUSED,left,right,,0
73,2026-08-01T22:37:25.524+09:00,8.787,72,8.32,1,STOPPED_RED,,1,1,1,-0.024891,OUTER,OUTER,0,7,0.000000,0.000000,0,741,green,0,unknown,0.000000,null,0.000000,0.332,,"{""0"": 250, ""1"": 250, ""2"": null, ""3"": null, ""4"": null, ""5"": null, ""6"": null, ""7"": null}","{""0"": 0.0, ""1"": 0.0, ""2"": null, ""3"": null, ""4"": null, ""5"": null, ""6"": null, ""7"": null}","{""0"": 250, ""1"": 250}",250,1,0,0,0,0.332,ultrasonic-not-close,KEEP_PAUSED,left,right,,0
74,2026-08-01T22:37:25.638+09:00,8.902,73,8.32,1,STOPPED_RED,,1,1,1,-0.024876,OUTER,OUTER,0,7,0.000000,0.000000,0,740,green,0,unknown,0.000000,null,0.000000,0.330,,"{""0"": 250, ""1"": 250, ""2"": null, ""3"": null, ""4"": null, ""5"": null, ""6"": null, ""7"": null}","{""0"": 0.0, ""1"": 0.0, ""2"": null, ""3"": null, ""4"": null, ""5"": null, ""6"": null, ""7"": null}","{""0"": 250, ""1"": 250}",250,1,0,0,0,0.330,ultrasonic-not-close,KEEP_PAUSED,left,right,,0
75,2026-08-01T22:37:25.748+09:00,9.012,74,8.33,1,STOPPED_RED,,1,1,1,-0.024867,OUTER,OUTER,0,7,0.000000,0.000000,0,740,green,0,unknown,0.000000,null,0.000000,0.315,,"{""0"": 250, ""1"": 250, ""2"": null, ""3"": null, ""4"": null, ""5"": null, ""6"": null, ""7"": null}","{""0"": 0.0, ""1"": 0.0, ""2"": null, ""3"": null, ""4"": null, ""5"": null, ""6"": null, ""7"": null}","{""0"": 250, ""1"": 250}",250,1,0,0,0,0.315,ultrasonic-not-close,KEEP_PAUSED,left,right,,0
76,2026-08-01T22:37:25.882+09:00,9.142,75,8.32,1,STOPPED_RED,,1,1,1,-0.024920,OUTER,OUTER,0,7,0.000000,0.000000,0,741,green,0,unknown,0.000000,null,0.000000,0.206,,"{""0"": 250, ""1"": 250, ""2"": null, ""3"": null, ""4"": null, ""5"": null, ""6"": null, ""7"": null}","{""0"": 0.0, ""1"": 0.0, ""2"": null, ""3"": null, ""4"": null, ""5"": null, ""6"": null, ""7"": null}","{""0"": 250, ""1"": 250}",250,1,0,0,0,0.206,ultrasonic-not-close,KEEP_PAUSED,left,right,,0
77,2026-08-01T22:37:25.998+09:00,9.260,76,8.33,1,STOPPED_RED,,1,1,1,-0.025445,OUTER,OUTER,0,7,0.000000,0.000000,0,740,green,0,unknown,0.000000,null,0.000000,0.323,,"{""0"": 250, ""1"": 250, ""2"": null, ""3"": null, ""4"": null, ""5"": null, ""6"": null, ""7"": null}","{""0"": 0.0, ""1"": 0.0, ""2"": null, ""3"": null, ""4"": null, ""5"": null, ""6"": null, ""7"": null}","{""0"": 250, ""1"": 250}",250,1,0,0,0,0.323,ultrasonic-not-close,KEEP_PAUSED,left,right,,0
78,2026-08-01T22:37:26.102+09:00,9.366,77,8.34,1,STOPPED_RED,,1,1,1,-0.024935,OUTER,OUTER,0,7,0.000000,0.000000,0,740,green,0,unknown,0.000000,null,0.000000,0.323,,"{""0"": 250, ""1"": 250, ""2"": null, ""3"": null, ""4"": null, ""5"": null, ""6"": null, ""7"": null}","{""0"": 0.0, ""1"": 0.0, ""2"": null, ""3"": null, ""4"": null, ""5"": null, ""6"": null, ""7"": null}","{""0"": 250, ""1"": 250}",250,1,0,0,0,0.323,ultrasonic-not-close,KEEP_PAUSED,left,right,,0
79,2026-08-01T22:37:26.224+09:00,9.489,78,8.34,1,STOPPED_RED,,1,1,1,-0.022849,OUTER,OUTER,0,7,0.000000,0.000000,0,740,green,0,unknown,0.000000,null,0.000000,0.193,,"{""0"": 250, ""1"": 250, ""2"": null, ""3"": null, ""4"": null, ""5"": null, ""6"": null, ""7"": null}","{""0"": 0.0, ""1"": 0.0, ""2"": null, ""3"": null, ""4"": null, ""5"": null, ""6"": null, ""7"": null}","{""0"": 250, ""1"": 250}",250,1,0,0,0,0.193,ultrasonic-not-close,KEEP_PAUSED,left,right,,0
80,2026-08-01T22:37:26.346+09:00,9.610,79,8.34,1,STOPPED_RED,,1,1,1,-0.014893,OUTER,OUTER,0,7,0.000000,0.000000,0,741,green,0,unknown,0.000000,null,0.000000,0.313,,"{""0"": 250, ""1"": 250, ""2"": null, ""3"": null, ""4"": null, ""5"": null, ""6"": null, ""7"": null}","{""0"": 0.0, ""1"": 0.0, ""2"": null, ""3"": null, ""4"": null, ""5"": null, ""6"": null, ""7"": null}","{""0"": 250, ""1"": 250}",250,1,0,0,0,0.313,ultrasonic-not-close,KEEP_PAUSED,left,right,,0
81,2026-08-01T22:37:26.456+09:00,9.720,80,8.34,1,DRIVING,state:STOPPED_RED->DRIVING,0,1,0,-0.007276,OUTER,OUTER,0,7,0.000000,0.000000,255,740,green,0,unknown,0.000000,null,0.000000,0.323,,"{""0"": 250, ""1"": 250, ""2"": null, ""3"": null, ""4"": null, ""5"": null, ""6"": null, ""7"": null}","{""0"": 0.0, ""1"": 0.0, ""2"": null, ""3"": null, ""4"": null, ""5"": null, ""6"": null, ""7"": null}","{""0"": 250, ""1"": 250}",250,1,0,0,0,0.323,ultrasonic-not-close,KEEP_PAUSED,left,right,,0
82,2026-08-01T22:37:26.579+09:00,9.844,81,8.34,1,DRIVING,phase:KEEP_PAUSED->KEEP,0,1,0,-0.002671,OUTER,OUTER,0,7,0.004808,0.004808,255,741,green,0,unknown,0.000000,null,0.000000,0.325,,"{""0"": 250, ""1"": 250, ""2"": null, ""3"": null, ""4"": null, ""5"": null, ""6"": null, ""7"": null}","{""0"": 0.0, ""1"": 0.0, ""2"": null, ""3"": null, ""4"": null, ""5"": null, ""6"": null, ""7"": null}","{""0"": 250, ""1"": 250}",250,1,0,0,0,0.325,ultrasonic-not-close,KEEP,left,right,,0
83,2026-08-01T22:37:26.694+09:00,9.959,82,8.34,1,DRIVING,,0,1,0,-0.006600,OUTER,OUTER,0,7,0.018952,0.018952,255,741,green,0,unknown,0.000000,null,0.000000,0.206,,"{""0"": 250, ""1"": 250, ""2"": null, ""3"": null, ""4"": null, ""5"": null, ""6"": null, ""7"": null}","{""0"": 0.0, ""1"": 0.0, ""2"": null, ""3"": null, ""4"": null, ""5"": null, ""6"": null, ""7"": null}","{""0"": 250, ""1"": 250}",250,1,0,0,0,0.206,ultrasonic-not-close,KEEP,left,right,,0
84,2026-08-01T22:37:26.819+09:00,10.082,83,8.34,1,DRIVING,,0,1,0,-0.009321,OUTER,OUTER,0,7,0.026626,0.026626,255,740,green,0,unknown,0.000000,null,0.000000,0.328,,"{""0"": 250, ""1"": 250, ""2"": null, ""3"": null, ""4"": null, ""5"": null, ""6"": null, ""7"": null}","{""0"": 0.0, ""1"": 0.0, ""2"": null, ""3"": null, ""4"": null, ""5"": null, ""6"": null, ""7"": null}","{""0"": 250, ""1"": 250}",250,1,0,0,0,0.328,ultrasonic-not-close,KEEP,left,right,,0
85,2026-08-01T22:37:26.928+09:00,10.193,84,8.35,1,DRIVING,,0,1,0,-0.023808,OUTER,OUTER,0,7,0.075823,0.075823,255,741,green,0,unknown,0.000000,null,0.000000,0.318,,"{""0"": 250, ""1"": 250, ""2"": null, ""3"": null, ""4"": null, ""5"": null, ""6"": null, ""7"": null}","{""0"": 0.0, ""1"": 0.0, ""2"": null, ""3"": null, ""4"": null, ""5"": null, ""6"": null, ""7"": null}","{""0"": 250, ""1"": 250}",250,1,0,0,0,0.318,ultrasonic-not-close,KEEP,left,right,,0
86,2026-08-01T22:37:27.043+09:00,10.308,85,8.35,1,DRIVING,,0,1,0,-0.109643,OUTER,OUTER,0,7,0.374940,0.374940,255,739,green,0,unknown,0.000000,null,0.000000,0.192,,"{""0"": 250, ""1"": 250, ""2"": null, ""3"": null, ""4"": null, ""5"": null, ""6"": null, ""7"": null}","{""0"": 0.0, ""1"": 0.0, ""2"": null, ""3"": null, ""4"": null, ""5"": null, ""6"": null, ""7"": null}","{""0"": 250, ""1"": 250}",250,1,0,0,0,0.192,ultrasonic-not-close,KEEP,left,right,,0
87,2026-08-01T22:37:27.165+09:00,10.429,86,8.35,1,DRIVING,,0,1,0,-0.148278,OUTER,OUTER,0,7,0.460752,0.460752,255,740,green,0,unknown,0.000000,null,0.000000,0.312,,"{""0"": 250, ""1"": 250, ""2"": null, ""3"": null, ""4"": null, ""5"": null, ""6"": null, ""7"": null}","{""0"": 0.0, ""1"": 0.0, ""2"": null, ""3"": null, ""4"": null, ""5"": null, ""6"": null, ""7"": null}","{""0"": 250, ""1"": 250}",250,1,0,0,0,0.312,ultrasonic-not-close,KEEP,left,right,,0
88,2026-08-01T22:37:27.276+09:00,10.538,87,8.36,1,DRIVING,,0,1,0,-0.179139,OUTER,OUTER,0,7,0.513694,0.513694,255,805,green,0,unknown,0.000000,null,0.000000,0.315,,"{""0"": 250, ""1"": 250, ""2"": null, ""3"": null, ""4"": null, ""5"": null, ""6"": null, ""7"": null}","{""0"": 0.0, ""1"": 0.0, ""2"": null, ""3"": null, ""4"": null, ""5"": null, ""6"": null, ""7"": null}","{""0"": 250, ""1"": 250}",250,1,0,0,0,0.315,ultrasonic-not-close,KEEP,left,right,,0
89,2026-08-01T22:37:27.387+09:00,10.652,88,8.36,1,DRIVING,,0,1,0,-0.215905,OUTER,OUTER,0,7,0.588679,0.588679,255,766,green,0,unknown,0.000000,null,0.000000,0.314,,"{""0"": 250, ""1"": 250, ""2"": null, ""3"": null, ""4"": null, ""5"": null, ""6"": null, ""7"": null}","{""0"": 0.0, ""1"": 0.0, ""2"": null, ""3"": null, ""4"": null, ""5"": null, ""6"": null, ""7"": null}","{""0"": 250, ""1"": 250}",250,1,0,0,0,0.314,ultrasonic-not-close,KEEP,left,right,,0
90,2026-08-01T22:37:27.507+09:00,10.771,89,8.36,1,DRIVING,,0,1,0,-0.196912,OUTER,OUTER,0,7,0.460289,0.460289,255,773,green,0,unknown,0.000000,null,0.000000,0.200,,"{""0"": 250, ""1"": 250, ""2"": null, ""3"": null, ""4"": null, ""5"": null, ""6"": null, ""7"": null}","{""0"": 0.0, ""1"": 0.0, ""2"": null, ""3"": null, ""4"": null, ""5"": null, ""6"": null, ""7"": null}","{""0"": 250, ""1"": 250}",250,1,0,0,0,0.200,ultrasonic-not-close,KEEP,left,right,,0
91,2026-08-01T22:37:27.641+09:00,10.904,90,8.35,1,DRIVING,,0,1,0,-0.236429,UNKNOWN,OUTER,0,6,0.570795,0.570795,100,779,green,0,unknown,0.000000,null,0.000000,0.332,,"{""0"": 250, ""1"": 60, ""2"": null, ""3"": null, ""4"": null, ""5"": null, ""6"": null, ""7"": null}","{""0"": 0.0, ""1"": 0.0, ""2"": null, ""3"": null, ""4"": null, ""5"": null, ""6"": null, ""7"": null}","{""0"": 250, ""1"": 60}",60,1,1,0,0,0.332,car-not-detected-or-stale,KEEP,left,right,,0
92,2026-08-01T22:37:27.748+09:00,11.013,91,8.36,1,DRIVING,,0,1,0,-0.255698,UNKNOWN,OUTER,0,5,0.596596,0.596596,255,781,green,0,unknown,0.000000,null,0.000000,0.330,,"{""0"": 250, ""1"": 250, ""2"": null, ""3"": null, ""4"": null, ""5"": null, ""6"": null, ""7"": null}","{""0"": 0.0, ""1"": 0.0, ""2"": null, ""3"": null, ""4"": null, ""5"": null, ""6"": null, ""7"": null}","{""0"": 250, ""1"": 250}",250,1,0,0,0,0.330,ultrasonic-not-close,KEEP,left,right,,0
93,2026-08-01T22:37:27.860+09:00,11.125,92,8.37,1,DRIVING,,0,1,0,-0.261401,UNKNOWN,OUTER,0,4,0.576225,0.576225,255,783,green,0,unknown,0.000000,null,0.000000,0.313,,"{""0"": 250, ""1"": 107, ""2"": null, ""3"": null, ""4"": null, ""5"": null, ""6"": null, ""7"": null}","{""0"": 0.0, ""1"": 0.0, ""2"": null, ""3"": null, ""4"": null, ""5"": null, ""6"": null, ""7"": null}","{""0"": 250, ""1"": 107}",107,1,1,0,0,0.313,car-not-detected-or-stale,KEEP,left,right,,0
94,2026-08-01T22:37:27.982+09:00,11.245,93,8.37,1,DRIVING,,0,1,0,-0.269925,UNKNOWN,OUTER,0,3,0.575200,0.575200,255,783,green,0,unknown,0.000000,null,0.000000,0.430,,"{""0"": 250, ""1"": 250, ""2"": null, ""3"": null, ""4"": null, ""5"": null, ""6"": null, ""7"": null}","{""0"": 0.0, ""1"": 0.0, ""2"": null, ""3"": null, ""4"": null, ""5"": null, ""6"": null, ""7"": null}","{""0"": 250, ""1"": 250}",250,1,0,0,0,0.430,ultrasonic-not-close,KEEP,left,right,,0
95,2026-08-01T22:37:28.095+09:00,11.359,94,8.37,1,DRIVING,,0,1,0,-0.278641,UNKNOWN,UNKNOWN,0,2,0.579779,0.579779,255,784,green,0,unknown,0.000000,null,0.000000,0.313,,"{""0"": 250, ""1"": 250, ""2"": null, ""3"": null, ""4"": null, ""5"": null, ""6"": null, ""7"": null}","{""0"": 0.0, ""1"": 0.0, ""2"": null, ""3"": null, ""4"": null, ""5"": null, ""6"": null, ""7"": null}","{""0"": 250, ""1"": 250}",250,1,0,0,0,0.313,ultrasonic-not-close,KEEP,left,right,,0
96,2026-08-01T22:37:28.206+09:00,11.472,95,8.38,1,DRIVING,,0,1,0,-0.287464,UNKNOWN,UNKNOWN,0,1,0.588073,0.588073,255,783,green,0,unknown,0.000000,null,0.000000,0.317,,"{""0"": 250, ""1"": 250, ""2"": null, ""3"": null, ""4"": null, ""5"": null, ""6"": null, ""7"": null}","{""0"": 0.0, ""1"": 0.0, ""2"": null, ""3"": null, ""4"": null, ""5"": null, ""6"": null, ""7"": null}","{""0"": 250, ""1"": 250}",250,1,0,0,0,0.317,ultrasonic-not-close,KEEP,left,right,,0
97,2026-08-01T22:37:28.321+09:00,11.583,96,8.38,1,DRIVING,,0,1,0,-0.303359,UNKNOWN,UNKNOWN,0,0,0.624106,0.624106,255,784,green,0,unknown,0.000000,null,0.000000,0.426,,"{""0"": 250, ""1"": 250, ""2"": null, ""3"": null, ""4"": null, ""5"": null, ""6"": null, ""7"": null}","{""0"": 0.0, ""1"": 0.0, ""2"": null, ""3"": null, ""4"": null, ""5"": null, ""6"": null, ""7"": null}","{""0"": 250, ""1"": 250}",250,1,0,0,0,0.426,ultrasonic-not-close,KEEP,left,right,,0
98,2026-08-01T22:37:28.428+09:00,11.692,97,8.39,1,DRIVING,,0,1,0,-0.313117,UNKNOWN,UNKNOWN,0,0,0.635814,0.635814,255,785,green,0,unknown,0.000000,null,0.000000,0.299,,"{""0"": 143, ""1"": 250, ""2"": null, ""3"": null, ""4"": null, ""5"": null, ""6"": null, ""7"": null}","{""0"": 0.0, ""1"": 0.0, ""2"": null, ""3"": null, ""4"": null, ""5"": null, ""6"": null, ""7"": null}","{""0"": 143, ""1"": 250}",143,1,1,0,0,0.299,car-not-detected-or-stale,KEEP,left,right,,0
99,2026-08-01T22:37:28.541+09:00,11.807,98,8.39,1,DRIVING,,0,1,0,-0.333619,UNKNOWN,UNKNOWN,0,0,0.687961,0.687961,255,787,green,0,unknown,0.000000,null,0.000000,0.303,,"{""0"": 250, ""1"": 250, ""2"": null, ""3"": null, ""4"": null, ""5"": null, ""6"": null, ""7"": null}","{""0"": 0.0, ""1"": 0.0, ""2"": null, ""3"": null, ""4"": null, ""5"": null, ""6"": null, ""7"": null}","{""0"": 250, ""1"": 250}",250,1,0,0,0,0.303,ultrasonic-not-close,KEEP,left,right,,0
100,2026-08-01T22:37:28.654+09:00,11.918,99,8.40,1,DRIVING,,0,1,0,-0.347433,UNKNOWN,UNKNOWN,0,0,0.711458,0.711458,255,788,green,0,unknown,0.000000,null,0.000000,0.191,,"{""0"": 250, ""1"": 250, ""2"": null, ""3"": null, ""4"": null, ""5"": null, ""6"": null, ""7"": null}","{""0"": 0.0, ""1"": 0.0, ""2"": null, ""3"": null, ""4"": null, ""5"": null, ""6"": null, ""7"": null}","{""0"": 250, ""1"": 250}",250,1,0,0,0,0.191,ultrasonic-not-close,KEEP,left,right,,0
101,2026-08-01T22:37:28.762+09:00,12.025,100,8.41,1,DRIVING,,0,1,0,-0.361384,UNKNOWN,UNKNOWN,0,0,0.735858,0.735858,255,790,green,0,unknown,0.000000,null,0.000000,0.297,,"{""0"": 250, ""1"": 250, ""2"": null, ""3"": null, ""4"": null, ""5"": null, ""6"": null, ""7"": null}","{""0"": 0.0, ""1"": 0.0, ""2"": null, ""3"": null, ""4"": null, ""5"": null, ""6"": null, ""7"": null}","{""0"": 250, ""1"": 250}",250,1,0,0,0,0.297,ultrasonic-not-close,KEEP,left,right,,0
102,2026-08-01T22:37:28.875+09:00,12.138,101,8.41,1,DRIVING,,0,1,0,-0.379199,UNKNOWN,UNKNOWN,0,0,0.774383,0.774383,255,795,green,0,unknown,0.000000,null,0.000000,0.299,,"{""0"": 250, ""1"": 250, ""2"": null, ""3"": null, ""4"": null, ""5"": null, ""6"": null, ""7"": null}","{""0"": 0.0, ""1"": 0.0, ""2"": null, ""3"": null, ""4"": null, ""5"": null, ""6"": null, ""7"": null}","{""0"": 250, ""1"": 250}",250,1,0,0,0,0.299,ultrasonic-not-close,KEEP,left,right,,0
103,2026-08-01T22:37:28.987+09:00,12.251,102,8.41,1,DRIVING,,0,1,0,-0.391917,UNKNOWN,UNKNOWN,0,0,0.792619,0.792619,255,800,green,0,unknown,0.000000,null,0.000000,0.191,,"{""0"": 91, ""1"": 250, ""2"": null, ""3"": null, ""4"": null, ""5"": null, ""6"": null, ""7"": null}","{""0"": 0.0, ""1"": 0.0, ""2"": null, ""3"": null, ""4"": null, ""5"": null, ""6"": null, ""7"": null}","{""0"": 91, ""1"": 250}",91,1,1,0,0,0.191,car-not-detected-or-stale,KEEP,left,right,,0
104,2026-08-01T22:37:29.096+09:00,12.359,103,8.42,1,DRIVING,,0,1,0,-0.398962,UNKNOWN,UNKNOWN,0,0,0.791831,0.791831,255,802,green,0,unknown,0.000000,null,0.000000,0.299,,"{""0"": 250, ""1"": 250, ""2"": null, ""3"": null, ""4"": null, ""5"": null, ""6"": null, ""7"": null}","{""0"": 0.0, ""1"": 0.0, ""2"": null, ""3"": null, ""4"": null, ""5"": null, ""6"": null, ""7"": null}","{""0"": 250, ""1"": 250}",250,1,0,0,0,0.299,ultrasonic-not-close,KEEP,left,right,,0
105,2026-08-01T22:37:29.206+09:00,12.470,104,8.43,1,DRIVING,,0,1,0,-0.414805,UNKNOWN,UNKNOWN,0,0,0.826755,0.826755,255,801,green,0,unknown,0.000000,null,0.000000,0.298,,"{""0"": 250, ""1"": 116, ""2"": null, ""3"": null, ""4"": null, ""5"": null, ""6"": null, ""7"": null}","{""0"": 0.0, ""1"": 0.0, ""2"": null, ""3"": null, ""4"": null, ""5"": null, ""6"": null, ""7"": null}","{""0"": 250, ""1"": 116}",116,1,1,0,0,0.298,car-not-detected-or-stale,KEEP,left,right,,0
106,2026-08-01T22:37:29.319+09:00,12.582,105,8.43,1,DRIVING,,0,1,0,-0.425686,UNKNOWN,UNKNOWN,0,0,0.841897,0.841897,255,802,green,0,unknown,0.000000,null,0.000000,0.301,,"{""0"": 250, ""1"": 250, ""2"": null, ""3"": null, ""4"": null, ""5"": null, ""6"": null, ""7"": null}","{""0"": 0.0, ""1"": 0.0, ""2"": null, ""3"": null, ""4"": null, ""5"": null, ""6"": null, ""7"": null}","{""0"": 250, ""1"": 250}",250,1,0,0,0,0.301,ultrasonic-not-close,KEEP,left,right,,0
107,2026-08-01T22:37:29.437+09:00,12.698,106,8.43,1,DRIVING,,0,1,0,-0.425578,UNKNOWN,UNKNOWN,0,0,0.818807,0.818807,255,826,green,0,unknown,0.000000,null,0.000000,0.416,,"{""0"": 250, ""1"": 250, ""2"": null, ""3"": null, ""4"": null, ""5"": null, ""6"": null, ""7"": null}","{""0"": 0.0, ""1"": 0.0, ""2"": null, ""3"": null, ""4"": null, ""5"": null, ""6"": null, ""7"": null}","{""0"": 250, ""1"": 250}",250,1,0,0,0,0.416,ultrasonic-not-close,KEEP,left,right,,0
108,2026-08-01T22:37:29.554+09:00,12.816,107,8.44,1,DRIVING,,0,1,0,-0.433608,UNKNOWN,UNKNOWN,0,0,0.831885,0.831885,255,804,green,0,unknown,0.000000,null,0.000000,0.312,,"{""0"": 250, ""1"": 148, ""2"": null, ""3"": null, ""4"": null, ""5"": null, ""6"": null, ""7"": null}","{""0"": 0.0, ""1"": 0.0, ""2"": null, ""3"": null, ""4"": null, ""5"": null, ""6"": null, ""7"": null}","{""0"": 250, ""1"": 148}",148,1,1,0,0,0.312,car-not-detected-or-stale,KEEP,left,right,,0
109,2026-08-01T22:37:29.661+09:00,12.925,108,8.44,1,DRIVING,,0,1,0,-0.435006,UNKNOWN,UNKNOWN,0,0,0.821500,0.821500,255,805,green,0,unknown,0.000000,null,0.000000,0.312,,"{""0"": 250, ""1"": 250, ""2"": null, ""3"": null, ""4"": null, ""5"": null, ""6"": null, ""7"": null}","{""0"": 0.0, ""1"": 0.0, ""2"": null, ""3"": null, ""4"": null, ""5"": null, ""6"": null, ""7"": null}","{""0"": 250, ""1"": 250}",250,1,0,0,0,0.312,ultrasonic-not-close,KEEP,left,right,,0
110,2026-08-01T22:37:29.782+09:00,13.045,109,8.44,1,DRIVING,,0,1,0,-0.438047,UNKNOWN,UNKNOWN,0,0,0.820902,0.820902,255,804,green,0,unknown,0.000000,null,0.000000,0.193,,"{""0"": 250, ""1"": 171, ""2"": null, ""3"": null, ""4"": null, ""5"": null, ""6"": null, ""7"": null}","{""0"": 0.0, ""1"": 0.0, ""2"": null, ""3"": null, ""4"": null, ""5"": null, ""6"": null, ""7"": null}","{""0"": 250, ""1"": 171}",171,1,0,0,0,0.193,ultrasonic-not-close,KEEP,left,right,,0
111,2026-08-01T22:37:29.893+09:00,13.156,110,8.44,1,DRIVING,,0,1,0,-0.437882,UNKNOWN,UNKNOWN,0,0,0.810584,0.810584,255,827,green,0,unknown,0.000000,null,0.000000,0.306,,"{""0"": 250, ""1"": 124, ""2"": null, ""3"": null, ""4"": null, ""5"": null, ""6"": null, ""7"": null}","{""0"": 0.0, ""1"": 0.0, ""2"": null, ""3"": null, ""4"": null, ""5"": null, ""6"": null, ""7"": null}","{""0"": 250, ""1"": 124}",124,1,1,0,0,0.306,car-not-detected-or-stale,KEEP,left,right,,0
112,2026-08-01T22:37:29.994+09:00,13.258,111,8.45,1,DRIVING,,0,1,0,-0.439501,UNKNOWN,UNKNOWN,0,0,0.809691,0.809691,255,804,green,0,unknown,0.000000,null,0.000000,0.302,,"{""0"": 250, ""1"": 250, ""2"": null, ""3"": null, ""4"": null, ""5"": null, ""6"": null, ""7"": null}","{""0"": 0.0, ""1"": 0.0, ""2"": null, ""3"": null, ""4"": null, ""5"": null, ""6"": null, ""7"": null}","{""0"": 250, ""1"": 250}",250,1,0,0,0,0.302,ultrasonic-not-close,KEEP,left,right,,0
113,2026-08-01T22:37:30.107+09:00,13.373,112,8.46,1,DRIVING,,0,1,0,-0.436378,UNKNOWN,UNKNOWN,0,0,0.792874,0.792874,255,804,green,0,unknown,0.000000,null,0.000000,0.184,,"{""0"": 250, ""1"": 250, ""2"": null, ""3"": null, ""4"": null, ""5"": null, ""6"": null, ""7"": null}","{""0"": 0.0, ""1"": 0.0, ""2"": null, ""3"": null, ""4"": null, ""5"": null, ""6"": null, ""7"": null}","{""0"": 250, ""1"": 250}",250,1,0,0,0,0.184,ultrasonic-not-close,KEEP,left,right,,0
114,2026-08-01T22:37:30.213+09:00,13.478,113,8.47,1,DRIVING,,0,1,0,-0.436378,UNKNOWN,UNKNOWN,0,0,0.790656,0.790656,255,805,green,0,unknown,0.000000,null,0.000000,0.286,,"{""0"": 250, ""1"": 250, ""2"": null, ""3"": null, ""4"": null, ""5"": null, ""6"": null, ""7"": null}","{""0"": 0.0, ""1"": 0.0, ""2"": null, ""3"": null, ""4"": null, ""5"": null, ""6"": null, ""7"": null}","{""0"": 250, ""1"": 250}",250,1,0,0,0,0.286,ultrasonic-not-close,KEEP,left,right,,0
115,2026-08-01T22:37:30.327+09:00,13.590,114,8.47,1,DRIVING,,0,1,0,-0.434707,UNKNOWN,UNKNOWN,0,0,0.783087,0.783087,255,805,green,0,unknown,0.000000,null,0.000000,0.299,,"{""0"": 250, ""1"": 250, ""2"": null, ""3"": null, ""4"": null, ""5"": null, ""6"": null, ""7"": null}","{""0"": 0.0, ""1"": 0.0, ""2"": null, ""3"": null, ""4"": null, ""5"": null, ""6"": null, ""7"": null}","{""0"": 250, ""1"": 250}",250,1,0,0,0,0.299,ultrasonic-not-close,KEEP,left,right,,0
116,2026-08-01T22:37:30.443+09:00,13.708,115,8.47,1,DRIVING,,0,1,0,-0.434378,UNKNOWN,UNKNOWN,0,0,0.781717,0.781717,255,804,green,0,unknown,0.000000,null,0.000000,0.197,,"{""0"": 250, ""1"": 250, ""2"": null, ""3"": null, ""4"": null, ""5"": null, ""6"": null, ""7"": null}","{""0"": 0.0, ""1"": 0.0, ""2"": null, ""3"": null, ""4"": null, ""5"": null, ""6"": null, ""7"": null}","{""0"": 250, ""1"": 250}",250,1,0,0,0,0.197,ultrasonic-not-close,KEEP,left,right,,0
117,2026-08-01T22:37:30.559+09:00,13.821,116,8.47,1,DRIVING,,0,1,0,-0.430541,UNKNOWN,UNKNOWN,0,0,0.767955,0.767955,255,803,green,0,unknown,0.000000,null,0.000000,0.308,,"{""0"": 250, ""1"": 117, ""2"": null, ""3"": null, ""4"": null, ""5"": null, ""6"": null, ""7"": null}","{""0"": 0.0, ""1"": 0.0, ""2"": null, ""3"": null, ""4"": null, ""5"": null, ""6"": null, ""7"": null}","{""0"": 250, ""1"": 117}",117,1,1,0,0,0.308,car-not-detected-or-stale,KEEP,left,right,,0
118,2026-08-01T22:37:30.673+09:00,13.937,117,8.47,1,DRIVING,,0,1,0,-0.427034,UNKNOWN,UNKNOWN,0,0,0.757435,0.757435,255,805,green,0,unknown,0.000000,null,0.000000,0.315,,"{""0"": 250, ""1"": 155, ""2"": null, ""3"": null, ""4"": null, ""5"": null, ""6"": null, ""7"": null}","{""0"": 0.0, ""1"": 0.0, ""2"": null, ""3"": null, ""4"": null, ""5"": null, ""6"": null, ""7"": null}","{""0"": 250, ""1"": 155}",155,1,0,0,0,0.315,ultrasonic-not-close,KEEP,left,right,,0
119,2026-08-01T22:37:30.783+09:00,14.048,118,8.48,1,DRIVING,,0,1,0,-0.423334,UNKNOWN,UNKNOWN,0,0,0.747483,0.747483,255,804,unknown,0,unknown,0.000000,null,0.000000,0.310,,"{""0"": 250, ""1"": 250, ""2"": null, ""3"": null, ""4"": null, ""5"": null, ""6"": null, ""7"": null}","{""0"": 0.0, ""1"": 0.0, ""2"": null, ""3"": null, ""4"": null, ""5"": null, ""6"": null, ""7"": null}","{""0"": 250, ""1"": 250}",250,1,0,0,0,0.310,ultrasonic-not-close,KEEP,left,right,,0
120,2026-08-01T22:37:30.894+09:00,14.158,119,8.48,1,DRIVING,,0,1,0,-0.422977,UNKNOWN,UNKNOWN,0,0,0.750553,0.750553,255,804,green,0,unknown,0.000000,null,0.000000,0.419,,"{""0"": 250, ""1"": 250, ""2"": null, ""3"": null, ""4"": null, ""5"": null, ""6"": null, ""7"": null}","{""0"": 0.0, ""1"": 0.0, ""2"": null, ""3"": null, ""4"": null, ""5"": null, ""6"": null, ""7"": null}","{""0"": 250, ""1"": 250}",250,1,0,0,0,0.419,ultrasonic-not-close,KEEP,left,right,,0
121,2026-08-01T22:37:31.002+09:00,14.267,120,8.49,1,DRIVING,,0,1,0,-0.419688,UNKNOWN,UNKNOWN,0,0,0.741952,0.741952,255,804,green,0,unknown,0.000000,null,0.000000,0.295,,"{""0"": 250, ""1"": 250, ""2"": null, ""3"": null, ""4"": null, ""5"": null, ""6"": null, ""7"": null}","{""0"": 0.0, ""1"": 0.0, ""2"": null, ""3"": null, ""4"": null, ""5"": null, ""6"": null, ""7"": null}","{""0"": 250, ""1"": 250}",250,1,0,0,0,0.295,ultrasonic-not-close,KEEP,left,right,,0
122,2026-08-01T22:37:31.118+09:00,14.380,121,8.49,1,DRIVING,,0,1,0,-0.416233,UNKNOWN,UNKNOWN,0,0,0.733563,0.733563,255,802,green,0,unknown,0.000000,null,0.000000,0.300,,"{""0"": 250, ""1"": 250, ""2"": null, ""3"": null, ""4"": null, ""5"": null, ""6"": null, ""7"": null}","{""0"": 0.0, ""1"": 0.0, ""2"": null, ""3"": null, ""4"": null, ""5"": null, ""6"": null, ""7"": null}","{""0"": 250, ""1"": 250}",250,1,0,0,0,0.300,ultrasonic-not-close,KEEP,left,right,,0
123,2026-08-01T22:37:31.235+09:00,14.497,122,8.49,1,DRIVING,,0,1,0,-0.414205,UNKNOWN,UNKNOWN,0,0,0.730957,0.730957,255,802,green,0,unknown,0.000000,null,0.000000,0.197,,"{""0"": 250, ""1"": 144, ""2"": null, ""3"": null, ""4"": null, ""5"": null, ""6"": null, ""7"": null}","{""0"": 0.0, ""1"": 0.0, ""2"": null, ""3"": null, ""4"": null, ""5"": null, ""6"": null, ""7"": null}","{""0"": 250, ""1"": 144}",144,1,1,0,0,0.197,car-not-detected-or-stale,KEEP,left,right,,0
124,2026-08-01T22:37:31.352+09:00,14.615,123,8.49,1,DRIVING,,0,1,0,-0.412916,UNKNOWN,UNKNOWN,0,0,0.730700,0.730700,255,803,red,0,unknown,0.000000,null,0.000000,0.314,,"{""0"": 250, ""1"": 123, ""2"": null, ""3"": null, ""4"": null, ""5"": null, ""6"": null, ""7"": null}","{""0"": 0.0, ""1"": 0.0, ""2"": null, ""3"": null, ""4"": null, ""5"": null, ""6"": null, ""7"": null}","{""0"": 250, ""1"": 123}",123,1,1,0,0,0.314,car-not-detected-or-stale,KEEP,left,right,,0
125,2026-08-01T22:37:31.465+09:00,14.729,124,8.49,1,DRIVING,,0,1,0,-0.414258,UNKNOWN,UNKNOWN,0,0,0.739296,0.739296,255,803,green,0,unknown,0.000000,null,0.000000,0.311,,"{""0"": 250, ""1"": 126, ""2"": null, ""3"": null, ""4"": null, ""5"": null, ""6"": null, ""7"": null}","{""0"": 0.0, ""1"": 0.0, ""2"": null, ""3"": null, ""4"": null, ""5"": null, ""6"": null, ""7"": null}","{""0"": 250, ""1"": 126}",126,1,1,0,0,0.311,car-not-detected-or-stale,KEEP,left,right,,0
126,2026-08-01T22:37:31.583+09:00,14.846,125,8.49,1,DRIVING,,0,1,0,-0.411655,UNKNOWN,UNKNOWN,0,0,0.731835,0.731835,255,803,green,0,unknown,0.000000,null,0.000000,0.196,,"{""0"": 250, ""1"": 250, ""2"": null, ""3"": null, ""4"": null, ""5"": null, ""6"": null, ""7"": null}","{""0"": 0.0, ""1"": 0.0, ""2"": null, ""3"": null, ""4"": null, ""5"": null, ""6"": null, ""7"": null}","{""0"": 250, ""1"": 250}",250,1,0,0,0,0.196,ultrasonic-not-close,KEEP,left,right,,0
127,2026-08-01T22:37:31.697+09:00,14.962,126,8.50,1,DRIVING,,0,1,0,-0.409353,UNKNOWN,UNKNOWN,0,0,0.726291,0.726291,255,802,green,0,unknown,0.000000,null,0.000000,0.312,,"{""0"": 250, ""1"": 250, ""2"": null, ""3"": null, ""4"": null, ""5"": null, ""6"": null, ""7"": null}","{""0"": 0.0, ""1"": 0.0, ""2"": null, ""3"": null, ""4"": null, ""5"": null, ""6"": null, ""7"": null}","{""0"": 250, ""1"": 250}",250,1,0,0,0,0.312,ultrasonic-not-close,KEEP,left,right,,0
128,2026-08-01T22:37:31.802+09:00,15.066,127,8.50,1,DRIVING,,0,1,0,-0.415354,UNKNOWN,UNKNOWN,0,0,0.751060,0.751060,255,803,green,0,unknown,0.000000,null,0.000000,0.303,,"{""0"": 250, ""1"": 250, ""2"": null, ""3"": null, ""4"": null, ""5"": null, ""6"": null, ""7"": null}","{""0"": 0.0, ""1"": 0.0, ""2"": null, ""3"": null, ""4"": null, ""5"": null, ""6"": null, ""7"": null}","{""0"": 250, ""1"": 250}",250,1,0,0,0,0.303,ultrasonic-not-close,KEEP,left,right,,0
129,2026-08-01T22:37:31.916+09:00,15.181,128,8.50,1,DRIVING,,0,1,0,-0.412257,UNKNOWN,UNKNOWN,0,0,0.738884,0.738884,255,803,green,0,unknown,0.000000,null,0.000000,0.302,,"{""0"": 250, ""1"": 151, ""2"": null, ""3"": null, ""4"": null, ""5"": null, ""6"": null, ""7"": null}","{""0"": 0.0, ""1"": 0.0, ""2"": null, ""3"": null, ""4"": null, ""5"": null, ""6"": null, ""7"": null}","{""0"": 250, ""1"": 151}",151,1,0,0,0,0.302,ultrasonic-not-close,KEEP,left,right,,0
130,2026-08-01T22:37:32.030+09:00,15.295,129,8.51,1,DRIVING,,0,1,0,-0.406995,UNKNOWN,UNKNOWN,0,0,0.720893,0.720893,255,822,green,0,unknown,0.000000,null,0.000000,0.197,,"{""0"": 250, ""1"": 250, ""2"": null, ""3"": null, ""4"": null, ""5"": null, ""6"": null, ""7"": null}","{""0"": 0.0, ""1"": 0.0, ""2"": null, ""3"": null, ""4"": null, ""5"": null, ""6"": null, ""7"": null}","{""0"": 250, ""1"": 250}",250,1,0,0,0,0.197,ultrasonic-not-close,KEEP,left,right,,0
131,2026-08-01T22:37:32.138+09:00,15.400,130,8.51,1,DRIVING,,0,1,0,-0.409160,UNKNOWN,UNKNOWN,0,0,0.732197,0.732197,255,804,unknown,0,unknown,0.000000,null,0.000000,0.299,,"{""0"": 250, ""1"": 140, ""2"": null, ""3"": null, ""4"": null, ""5"": null, ""6"": null, ""7"": null}","{""0"": 0.0, ""1"": 0.0, ""2"": null, ""3"": null, ""4"": null, ""5"": null, ""6"": null, ""7"": null}","{""0"": 250, ""1"": 140}",140,1,1,0,0,0.299,car-not-detected-or-stale,KEEP,left,right,,0
132,2026-08-01T22:37:32.249+09:00,15.511,131,8.52,1,DRIVING,,0,1,0,-0.406063,UNKNOWN,UNKNOWN,0,0,0.722335,0.722335,255,803,green,0,unknown,0.000000,null,0.000000,0.298,,"{""0"": 250, ""1"": 130, ""2"": null, ""3"": null, ""4"": null, ""5"": null, ""6"": null, ""7"": null}","{""0"": 0.0, ""1"": 0.0, ""2"": null, ""3"": null, ""4"": null, ""5"": null, ""6"": null, ""7"": null}","{""0"": 250, ""1"": 130}",130,1,1,0,0,0.298,car-not-detected-or-stale,KEEP,left,right,,0
133,2026-08-01T22:37:32.367+09:00,15.629,132,8.52,1,DRIVING,,0,1,0,-0.403267,UNKNOWN,UNKNOWN,0,0,0.714844,0.714844,255,804,green,0,unknown,0.000000,null,0.000000,0.194,,"{""0"": 250, ""1"": 157, ""2"": null, ""3"": null, ""4"": null, ""5"": null, ""6"": null, ""7"": null}","{""0"": 0.0, ""1"": 0.0, ""2"": null, ""3"": null, ""4"": null, ""5"": null, ""6"": null, ""7"": null}","{""0"": 250, ""1"": 157}",157,1,0,0,0,0.194,ultrasonic-not-close,KEEP,left,right,,0
134,2026-08-01T22:37:32.481+09:00,15.742,133,8.52,1,DRIVING,,0,1,0,-0.398306,UNKNOWN,UNKNOWN,0,0,0.700296,0.700296,255,802,green,0,unknown,0.000000,null,0.000000,0.307,,"{""0"": 250, ""1"": 250, ""2"": null, ""3"": null, ""4"": null, ""5"": null, ""6"": null, ""7"": null}","{""0"": 0.0, ""1"": 0.0, ""2"": null, ""3"": null, ""4"": null, ""5"": null, ""6"": null, ""7"": null}","{""0"": 250, ""1"": 250}",250,1,0,0,0,0.307,ultrasonic-not-close,KEEP,left,right,,0
135,2026-08-01T22:37:32.600+09:00,15.863,134,8.52,1,DRIVING,,0,1,0,-0.398170,UNKNOWN,UNKNOWN,0,0,0.704800,0.704800,255,802,green,0,unknown,0.000000,null,0.000000,0.316,,"{""0"": 250, ""1"": 250, ""2"": null, ""3"": null, ""4"": null, ""5"": null, ""6"": null, ""7"": null}","{""0"": 0.0, ""1"": 0.0, ""2"": null, ""3"": null, ""4"": null, ""5"": null, ""6"": null, ""7"": null}","{""0"": 250, ""1"": 250}",250,1,0,0,0,0.316,ultrasonic-not-close,KEEP,left,right,,0
136,2026-08-01T22:37:32.708+09:00,15.974,135,8.52,1,DRIVING,,0,1,0,-0.391892,UNKNOWN,UNKNOWN,0,0,0.685771,0.685771,255,802,green,0,unknown,0.000000,null,0.000000,0.196,,"{""0"": 250, ""1"": 250, ""2"": null, ""3"": null, ""4"": null, ""5"": null, ""6"": null, ""7"": null}","{""0"": 0.0, ""1"": 0.0, ""2"": null, ""3"": null, ""4"": null, ""5"": null, ""6"": null, ""7"": null}","{""0"": 250, ""1"": 250}",250,1,0,0,0,0.196,ultrasonic-not-close,KEEP,left,right,,0
137,2026-08-01T22:37:32.817+09:00,16.082,136,8.53,1,DRIVING,,0,1,0,-0.391920,UNKNOWN,UNKNOWN,0,0,0.691762,0.691762,255,803,unknown,0,unknown,0.000000,null,0.000000,0.302,,"{""0"": 250, ""1"": 250, ""2"": null, ""3"": null, ""4"": null, ""5"": null, ""6"": null, ""7"": null}","{""0"": 0.0, ""1"": 0.0, ""2"": null, ""3"": null, ""4"": null, ""5"": null, ""6"": null, ""7"": null}","{""0"": 250, ""1"": 250}",250,1,0,0,0,0.302,ultrasonic-not-close,KEEP,left,right,,0
138,2026-08-01T22:37:32.927+09:00,16.189,137,8.53,1,DRIVING,,0,1,0,-0.388083,UNKNOWN,UNKNOWN,0,0,0.682059,0.682059,255,803,green,0,unknown,0.000000,null,0.000000,0.291,,"{""0"": 250, ""1"": 161, ""2"": null, ""3"": null, ""4"": null, ""5"": null, ""6"": null, ""7"": null}","{""0"": 0.0, ""1"": 0.0, ""2"": null, ""3"": null, ""4"": null, ""5"": null, ""6"": null, ""7"": null}","{""0"": 250, ""1"": 161}",161,1,0,0,0,0.291,ultrasonic-not-close,KEEP,left,right,,0
139,2026-08-01T22:37:33.039+09:00,16.303,138,8.53,1,DRIVING,,0,1,0,-0.385753,UNKNOWN,UNKNOWN,0,0,0.678619,0.678619,255,803,unknown,0,unknown,0.000000,null,0.000000,0.299,,"{""0"": 250, ""1"": 250, ""2"": null, ""3"": null, ""4"": null, ""5"": null, ""6"": null, ""7"": null}","{""0"": 0.0, ""1"": 0.0, ""2"": null, ""3"": null, ""4"": null, ""5"": null, ""6"": null, ""7"": null}","{""0"": 250, ""1"": 250}",250,1,0,0,0,0.299,ultrasonic-not-close,KEEP,left,right,,0
140,2026-08-01T22:37:33.158+09:00,16.422,139,8.53,1,DRIVING,,0,1,0,-0.384821,UNKNOWN,UNKNOWN,0,0,0.679985,0.679985,255,803,unknown,0,unknown,0.000000,null,0.000000,0.197,,"{""0"": 250, ""1"": 150, ""2"": null, ""3"": null, ""4"": null, ""5"": null, ""6"": null, ""7"": null}","{""0"": 0.0, ""1"": 0.0, ""2"": null, ""3"": null, ""4"": null, ""5"": null, ""6"": null, ""7"": null}","{""0"": 250, ""1"": 150}",150,1,0,0,0,0.197,ultrasonic-not-close,KEEP,left,right,,0
141,2026-08-01T22:37:33.267+09:00,16.531,140,8.54,1,DRIVING,,0,1,0,-0.381230,UNKNOWN,UNKNOWN,0,0,0.670866,0.670866,255,802,unknown,0,unknown,0.000000,null,0.000000,0.305,,"{""0"": 250, ""1"": 250, ""2"": null, ""3"": null, ""4"": null, ""5"": null, ""6"": null, ""7"": null}","{""0"": 0.0, ""1"": 0.0, ""2"": null, ""3"": null, ""4"": null, ""5"": null, ""6"": null, ""7"": null}","{""0"": 250, ""1"": 250}",250,1,0,0,0,0.305,ultrasonic-not-close,KEEP,left,right,,0
142,2026-08-01T22:37:33.371+09:00,16.636,141,8.54,1,DRIVING,,0,1,0,-0.381613,UNKNOWN,UNKNOWN,0,0,0.676846,0.676846,255,803,unknown,0,unknown,0.000000,null,0.000000,0.302,,"{""0"": 250, ""1"": 250, ""2"": null, ""3"": null, ""4"": null, ""5"": null, ""6"": null, ""7"": null}","{""0"": 0.0, ""1"": 0.0, ""2"": null, ""3"": null, ""4"": null, ""5"": null, ""6"": null, ""7"": null}","{""0"": 250, ""1"": 250}",250,1,0,0,0,0.302,ultrasonic-not-close,KEEP,left,right,,0
143,2026-08-01T22:37:33.483+09:00,16.748,142,8.54,1,DRIVING,,0,1,0,-0.375419,UNKNOWN,UNKNOWN,0,0,0.657564,0.657564,255,801,unknown,0,unknown,0.000000,null,0.000000,0.186,,"{""0"": 250, ""1"": 250, ""2"": null, ""3"": null, ""4"": null, ""5"": null, ""6"": null, ""7"": null}","{""0"": 0.0, ""1"": 0.0, ""2"": null, ""3"": null, ""4"": null, ""5"": null, ""6"": null, ""7"": null}","{""0"": 250, ""1"": 250}",250,1,0,0,0,0.186,ultrasonic-not-close,KEEP,left,right,,0
144,2026-08-01T22:37:33.599+09:00,16.863,143,8.55,1,DRIVING,,0,1,0,-0.372048,UNKNOWN,UNKNOWN,0,0,0.650887,0.650887,255,799,unknown,0,unknown,0.000000,null,0.000000,0.298,,"{""0"": 250, ""1"": 250, ""2"": null, ""3"": null, ""4"": null, ""5"": null, ""6"": null, ""7"": null}","{""0"": 0.0, ""1"": 0.0, ""2"": null, ""3"": null, ""4"": null, ""5"": null, ""6"": null, ""7"": null}","{""0"": 250, ""1"": 250}",250,1,0,0,0,0.298,ultrasonic-not-close,KEEP,left,right,,0
145,2026-08-01T22:37:33.705+09:00,16.971,144,8.55,1,DRIVING,,0,1,0,-0.369227,UNKNOWN,UNKNOWN,0,0,0.646372,0.646372,255,798,unknown,0,unknown,0.000000,null,0.000000,0.305,,"{""0"": 250, ""1"": 250, ""2"": null, ""3"": null, ""4"": null, ""5"": null, ""6"": null, ""7"": null}","{""0"": 0.0, ""1"": 0.0, ""2"": null, ""3"": null, ""4"": null, ""5"": null, ""6"": null, ""7"": null}","{""0"": 250, ""1"": 250}",250,1,0,0,0,0.305,ultrasonic-not-close,KEEP,left,right,,0
146,2026-08-01T22:37:33.826+09:00,17.090,145,8.55,1,DRIVING,,0,1,0,-0.355608,UNKNOWN,UNKNOWN,0,0,0.602815,0.602815,255,800,unknown,0,unknown,0.000000,null,0.000000,0.312,,"{""0"": 250, ""1"": 122, ""2"": null, ""3"": null, ""4"": null, ""5"": null, ""6"": null, ""7"": null}","{""0"": 0.0, ""1"": 0.0, ""2"": null, ""3"": null, ""4"": null, ""5"": null, ""6"": null, ""7"": null}","{""0"": 250, ""1"": 122}",122,1,1,0,0,0.312,car-not-detected-or-stale,KEEP,left,right,,0
147,2026-08-01T22:37:33.944+09:00,17.208,146,8.55,1,DRIVING,,0,1,0,-0.340045,UNKNOWN,UNKNOWN,0,0,0.557970,0.557970,255,799,unknown,0,unknown,0.000000,null,0.000000,0.428,,"{""0"": 250, ""1"": 250, ""2"": null, ""3"": null, ""4"": null, ""5"": null, ""6"": null, ""7"": null}","{""0"": 0.0, ""1"": 0.0, ""2"": null, ""3"": null, ""4"": null, ""5"": null, ""6"": null, ""7"": null}","{""0"": 250, ""1"": 250}",250,1,0,0,0,0.428,ultrasonic-not-close,KEEP,left,right,,0
148,2026-08-01T22:37:34.055+09:00,17.320,147,8.55,1,DRIVING,,0,1,0,-0.322095,UNKNOWN,UNKNOWN,0,0,0.509586,0.509586,255,800,unknown,0,unknown,0.000000,null,0.000000,0.319,,"{""0"": 250, ""1"": 250, ""2"": null, ""3"": null, ""4"": null, ""5"": null, ""6"": null, ""7"": null}","{""0"": 0.0, ""1"": 0.0, ""2"": null, ""3"": null, ""4"": null, ""5"": null, ""6"": null, ""7"": null}","{""0"": 250, ""1"": 250}",250,1,0,0,0,0.319,ultrasonic-not-close,KEEP,left,right,,0
149,2026-08-01T22:37:34.167+09:00,17.431,148,8.55,1,DRIVING,,0,1,0,-0.287511,UNKNOWN,UNKNOWN,0,0,0.406138,0.406138,255,796,green,0,unknown,0.000000,null,0.000000,0.309,,"{""0"": 250, ""1"": 170, ""2"": null, ""3"": null, ""4"": null, ""5"": null, ""6"": null, ""7"": null}","{""0"": 0.0, ""1"": 0.0, ""2"": null, ""3"": null, ""4"": null, ""5"": null, ""6"": null, ""7"": null}","{""0"": 250, ""1"": 170}",170,1,0,0,0,0.309,ultrasonic-not-close,KEEP,left,right,,0
150,2026-08-01T22:37:34.280+09:00,17.545,149,8.56,1,DRIVING,,0,1,0,-0.255080,OUTER,UNKNOWN,0,1,0.322799,0.322799,255,781,green,0,unknown,0.000000,null,0.000000,0.421,,"{""0"": 250, ""1"": 250, ""2"": null, ""3"": null, ""4"": null, ""5"": null, ""6"": null, ""7"": null}","{""0"": 0.0, ""1"": 0.0, ""2"": null, ""3"": null, ""4"": null, ""5"": null, ""6"": null, ""7"": null}","{""0"": 250, ""1"": 250}",250,1,0,0,0,0.421,ultrasonic-not-close,KEEP,left,right,,0
151,2026-08-01T22:37:34.389+09:00,17.652,150,8.56,1,DRIVING,,0,1,0,-0.197388,OUTER,UNKNOWN,0,2,0.156012,0.156012,255,775,green,0,unknown,0.000000,null,0.000000,0.300,,"{""0"": 250, ""1"": 183, ""2"": null, ""3"": null, ""4"": null, ""5"": null, ""6"": null, ""7"": null}","{""0"": 0.0, ""1"": 0.0, ""2"": null, ""3"": null, ""4"": null, ""5"": null, ""6"": null, ""7"": null}","{""0"": 250, ""1"": 183}",183,1,0,0,0,0.300,ultrasonic-not-close,KEEP,left,right,,0
152,2026-08-01T22:37:34.502+09:00,17.765,151,8.56,1,DRIVING,,0,1,0,-0.156773,OUTER,OUTER,0,3,0.069584,0.069584,255,770,green,0,unknown,0.000000,null,0.000000,0.302,,"{""0"": 250, ""1"": 150, ""2"": null, ""3"": null, ""4"": null, ""5"": null, ""6"": null, ""7"": null}","{""0"": 0.0, ""1"": 0.0, ""2"": null, ""3"": null, ""4"": null, ""5"": null, ""6"": null, ""7"": null}","{""0"": 250, ""1"": 150}",150,1,0,0,0,0.302,ultrasonic-not-close,KEEP,left,right,,0
153,2026-08-01T22:37:34.619+09:00,17.882,152,8.56,1,DRIVING,,0,1,0,-0.113962,OUTER,OUTER,0,4,-0.020754,-0.020754,255,756,unknown,0,unknown,0.000000,null,0.000000,0.197,,"{""0"": 250, ""1"": 250, ""2"": null, ""3"": null, ""4"": null, ""5"": null, ""6"": null, ""7"": null}","{""0"": 0.0, ""1"": 0.0, ""2"": null, ""3"": null, ""4"": null, ""5"": null, ""6"": null, ""7"": null}","{""0"": 250, ""1"": 250}",250,1,0,0,0,0.197,ultrasonic-not-close,KEEP,left,right,,0
154,2026-08-01T22:37:34.730+09:00,17.994,153,8.56,1,DRIVING,,0,1,0,-0.068291,OUTER,OUTER,0,5,-0.117404,-0.117404,255,751,unknown,0,unknown,0.000000,null,0.000000,0.308,,"{""0"": 250, ""1"": 250, ""2"": null, ""3"": null, ""4"": null, ""5"": null, ""6"": null, ""7"": null}","{""0"": 0.0, ""1"": 0.0, ""2"": null, ""3"": null, ""4"": null, ""5"": null, ""6"": null, ""7"": null}","{""0"": 250, ""1"": 250}",250,1,0,0,0,0.308,ultrasonic-not-close,KEEP,left,right,,0
155,2026-08-01T22:37:34.831+09:00,18.096,154,8.57,1,DRIVING,,0,1,0,-0.047124,OUTER,OUTER,0,6,-0.121506,-0.121506,255,745,unknown,0,unknown,0.000000,null,0.000000,0.299,,"{""0"": 250, ""1"": 124, ""2"": null, ""3"": null, ""4"": null, ""5"": null, ""6"": null, ""7"": null}","{""0"": 0.0, ""1"": 0.0, ""2"": null, ""3"": null, ""4"": null, ""5"": null, ""6"": null, ""7"": null}","{""0"": 250, ""1"": 124}",124,1,1,0,0,0.299,car-not-detected-or-stale,KEEP,left,right,,0
156,2026-08-01T22:37:34.951+09:00,18.213,155,8.57,1,DRIVING,,0,1,0,-0.026137,OUTER,OUTER,0,7,-0.135159,-0.135159,255,740,unknown,0,unknown,0.000000,null,0.000000,0.186,,"{""0"": 250, ""1"": 130, ""2"": null, ""3"": null, ""4"": null, ""5"": null, ""6"": null, ""7"": null}","{""0"": 0.0, ""1"": 0.0, ""2"": null, ""3"": null, ""4"": null, ""5"": null, ""6"": null, ""7"": null}","{""0"": 250, ""1"": 130}",130,1,1,0,0,0.186,car-not-detected-or-stale,KEEP,left,right,,0
157,2026-08-01T22:37:35.072+09:00,18.334,156,8.57,1,DRIVING,,0,1,0,-0.013780,OUTER,OUTER,0,7,-0.124985,-0.124985,255,741,unknown,0,unknown,0.000000,null,0.000000,0.306,,"{""0"": 250, ""1"": 250, ""2"": null, ""3"": null, ""4"": null, ""5"": null, ""6"": null, ""7"": null}","{""0"": 0.0, ""1"": 0.0, ""2"": null, ""3"": null, ""4"": null, ""5"": null, ""6"": null, ""7"": null}","{""0"": 250, ""1"": 250}",250,1,0,0,0,0.306,ultrasonic-not-close,KEEP,left,right,,0
158,2026-08-01T22:37:35.177+09:00,18.441,157,8.57,1,DRIVING,,0,1,0,-0.009331,OUTER,OUTER,0,7,-0.096065,-0.096065,255,740,unknown,0,unknown,0.000000,null,0.000000,0.315,,"{""0"": 250, ""1"": 188, ""2"": null, ""3"": null, ""4"": null, ""5"": null, ""6"": null, ""7"": null}","{""0"": 0.0, ""1"": 0.0, ""2"": null, ""3"": null, ""4"": null, ""5"": null, ""6"": null, ""7"": null}","{""0"": 250, ""1"": 188}",188,1,0,0,0,0.315,ultrasonic-not-close,KEEP,left,right,,0
159,2026-08-01T22:37:35.292+09:00,18.556,158,8.57,1,DRIVING,,0,1,0,-0.005933,OUTER,OUTER,0,7,-0.074439,-0.074439,255,740,unknown,0,unknown,0.000000,null,0.000000,0.308,,"{""0"": 250, ""1"": 250, ""2"": null, ""3"": null, ""4"": null, ""5"": null, ""6"": null, ""7"": null}","{""0"": 0.0, ""1"": 0.0, ""2"": null, ""3"": null, ""4"": null, ""5"": null, ""6"": null, ""7"": null}","{""0"": 250, ""1"": 250}",250,1,0,0,0,0.308,ultrasonic-not-close,KEEP,left,right,,0
160,2026-08-01T22:37:35.406+09:00,18.669,159,8.58,1,DRIVING,,0,1,0,0.007915,OUTER,OUTER,0,7,-0.098758,-0.098758,255,739,unknown,0,unknown,0.000000,null,0.000000,0.418,,"{""0"": 250, ""1"": 250, ""2"": null, ""3"": null, ""4"": null, ""5"": null, ""6"": null, ""7"": null}","{""0"": 0.0, ""1"": 0.0, ""2"": null, ""3"": null, ""4"": null, ""5"": null, ""6"": null, ""7"": null}","{""0"": 250, ""1"": 250}",250,1,0,0,0,0.418,ultrasonic-not-close,KEEP,left,right,,0
161,2026-08-01T22:37:35.520+09:00,18.784,160,8.58,1,DRIVING,,0,1,0,0.062685,OUTER,OUTER,0,7,-0.270573,-0.270573,255,739,unknown,0,unknown,0.000000,null,0.000000,0.311,,"{""0"": 250, ""1"": 250, ""2"": null, ""3"": null, ""4"": null, ""5"": null, ""6"": null, ""7"": null}","{""0"": 0.0, ""1"": 0.0, ""2"": null, ""3"": null, ""4"": null, ""5"": null, ""6"": null, ""7"": null}","{""0"": 250, ""1"": 250}",250,1,0,0,0,0.311,ultrasonic-not-close,KEEP,left,right,,0
162,2026-08-01T22:37:35.627+09:00,18.891,161,8.58,1,DRIVING,,0,1,0,0.083247,OUTER,OUTER,0,7,-0.297274,-0.297274,255,737,unknown,0,unknown,0.000000,null,0.000000,0.301,,"{""0"": 250, ""1"": 250, ""2"": null, ""3"": null, ""4"": null, ""5"": null, ""6"": null, ""7"": null}","{""0"": 0.0, ""1"": 0.0, ""2"": null, ""3"": null, ""4"": null, ""5"": null, ""6"": null, ""7"": null}","{""0"": 250, ""1"": 250}",250,1,0,0,0,0.301,ultrasonic-not-close,KEEP,left,right,,0
163,2026-08-01T22:37:35.740+09:00,19.003,162,8.58,1,DRIVING,,0,1,0,0.100255,OUTER,OUTER,0,7,-0.314275,-0.314275,255,728,unknown,0,unknown,0.000000,null,0.000000,0.188,,"{""0"": 250, ""1"": 250, ""2"": null, ""3"": null, ""4"": null, ""5"": null, ""6"": null, ""7"": null}","{""0"": 0.0, ""1"": 0.0, ""2"": null, ""3"": null, ""4"": null, ""5"": null, ""6"": null, ""7"": null}","{""0"": 250, ""1"": 250}",250,1,0,0,0,0.188,ultrasonic-not-close,KEEP,left,right,,0
164,2026-08-01T22:37:35.870+09:00,19.131,163,8.58,1,DRIVING,,0,1,0,0.131716,OUTER,OUTER,0,7,-0.387392,-0.387392,255,728,unknown,0,unknown,0.000000,null,0.000000,0.314,,"{""0"": 250, ""1"": 250, ""2"": null, ""3"": null, ""4"": null, ""5"": null, ""6"": null, ""7"": null}","{""0"": 0.0, ""1"": 0.0, ""2"": null, ""3"": null, ""4"": null, ""5"": null, ""6"": null, ""7"": null}","{""0"": 250, ""1"": 250}",250,1,0,0,0,0.314,ultrasonic-not-close,KEEP,left,right,,0
165,2026-08-01T22:37:35.981+09:00,19.243,164,8.58,1,DRIVING,,0,1,0,0.139926,OUTER,OUTER,0,7,-0.371855,-0.371855,255,728,unknown,0,unknown,0.000000,null,0.000000,0.318,,"{""0"": 250, ""1"": 250, ""2"": null, ""3"": null, ""4"": null, ""5"": null, ""6"": null, ""7"": null}","{""0"": 0.0, ""1"": 0.0, ""2"": null, ""3"": null, ""4"": null, ""5"": null, ""6"": null, ""7"": null}","{""0"": 250, ""1"": 250}",250,1,0,0,0,0.318,ultrasonic-not-close,KEEP,left,right,,0
166,2026-08-01T22:37:36.100+09:00,19.363,165,8.58,1,DRIVING,,0,1,0,0.156477,OUTER,OUTER,0,7,-0.395442,-0.395442,255,725,unknown,0,unknown,0.000000,null,0.000000,0.327,,"{""0"": 250, ""1"": 250, ""2"": null, ""3"": null, ""4"": null, ""5"": null, ""6"": null, ""7"": null}","{""0"": 0.0, ""1"": 0.0, ""2"": null, ""3"": null, ""4"": null, ""5"": null, ""6"": null, ""7"": null}","{""0"": 250, ""1"": 250}",250,1,0,0,0,0.327,ultrasonic-not-close,KEEP,left,right,,0
167,2026-08-01T22:37:36.227+09:00,19.490,166,8.57,1,DRIVING,,0,1,0,0.154915,OUTER,OUTER,0,7,-0.355684,-0.355684,255,726,unknown,0,unknown,0.000000,null,0.000000,0.454,,"{""0"": 250, ""1"": 250, ""2"": null, ""3"": null, ""4"": null, ""5"": null, ""6"": null, ""7"": null}","{""0"": 0.0, ""1"": 0.0, ""2"": null, ""3"": null, ""4"": null, ""5"": null, ""6"": null, ""7"": null}","{""0"": 250, ""1"": 250}",250,1,0,0,0,0.454,ultrasonic-not-close,KEEP,left,right,,0
168,2026-08-01T22:37:36.353+09:00,19.615,167,8.57,1,DRIVING,,0,1,0,0.153070,OUTER,OUTER,0,7,-0.325990,-0.325990,255,726,unknown,0,unknown,0.000000,null,0.000000,0.335,,"{""0"": 250, ""1"": 152, ""2"": null, ""3"": null, ""4"": null, ""5"": null, ""6"": null, ""7"": null}","{""0"": 0.0, ""1"": 0.0, ""2"": null, ""3"": null, ""4"": null, ""5"": null, ""6"": null, ""7"": null}","{""0"": 250, ""1"": 152}",152,1,0,0,0,0.335,ultrasonic-not-close,KEEP,left,right,,0
169,2026-08-01T22:37:36.470+09:00,19.735,168,8.57,1,DRIVING,,0,1,0,0.125174,OUTER,OUTER,0,7,-0.210426,-0.210426,255,727,unknown,0,unknown,0.000000,null,0.000000,0.337,,"{""0"": 250, ""1"": 250, ""2"": null, ""3"": null, ""4"": null, ""5"": null, ""6"": null, ""7"": null}","{""0"": 0.0, ""1"": 0.0, ""2"": null, ""3"": null, ""4"": null, ""5"": null, ""6"": null, ""7"": null}","{""0"": 250, ""1"": 250}",250,1,0,0,0,0.337,ultrasonic-not-close,KEEP,left,right,,0
170,2026-08-01T22:37:36.581+09:00,19.846,169,8.57,1,DRIVING,,0,1,0,0.149075,OUTER,OUTER,0,7,-0.300937,-0.300937,255,726,unknown,0,unknown,0.000000,null,0.000000,0.195,,"{""0"": 250, ""1"": 144, ""2"": null, ""3"": null, ""4"": null, ""5"": null, ""6"": null, ""7"": null}","{""0"": 0.0, ""1"": 0.0, ""2"": null, ""3"": null, ""4"": null, ""5"": null, ""6"": null, ""7"": null}","{""0"": 250, ""1"": 144}",144,1,1,0,0,0.195,car-not-detected-or-stale,KEEP,left,right,,0
171,2026-08-01T22:37:36.708+09:00,19.973,170,8.57,1,DRIVING,,0,1,0,0.179573,UNKNOWN,OUTER,0,6,-0.400948,-0.400948,255,730,green,0,unknown,0.000000,null,0.000000,0.319,,"{""0"": 250, ""1"": 250, ""2"": null, ""3"": null, ""4"": null, ""5"": null, ""6"": null, ""7"": null}","{""0"": 0.0, ""1"": 0.0, ""2"": null, ""3"": null, ""4"": null, ""5"": null, ""6"": null, ""7"": null}","{""0"": 250, ""1"": 250}",250,1,0,0,0,0.319,ultrasonic-not-close,KEEP,left,,,0
172,2026-08-01T22:37:36.820+09:00,20.083,171,8.57,1,DRIVING,,0,1,0,0.207422,UNKNOWN,OUTER,0,5,-0.477889,-0.477889,255,724,green,0,unknown,0.000000,null,0.000000,0.314,,"{""0"": 250, ""1"": 250, ""2"": null, ""3"": null, ""4"": null, ""5"": null, ""6"": null, ""7"": null}","{""0"": 0.0, ""1"": 0.0, ""2"": null, ""3"": null, ""4"": null, ""5"": null, ""6"": null, ""7"": null}","{""0"": 250, ""1"": 250}",250,1,0,0,0,0.314,ultrasonic-not-close,KEEP,left,,,0
173,2026-08-01T22:37:36.926+09:00,20.191,172,8.57,1,DRIVING,,0,1,0,0.230208,UNKNOWN,OUTER,0,4,-0.528562,-0.528562,255,723,green,0,unknown,0.000000,null,0.000000,0.315,,"{""0"": 250, ""1"": 250, ""2"": null, ""3"": null, ""4"": null, ""5"": null, ""6"": null, ""7"": null}","{""0"": 0.0, ""1"": 0.0, ""2"": null, ""3"": null, ""4"": null, ""5"": null, ""6"": null, ""7"": null}","{""0"": 250, ""1"": 250}",250,1,0,0,0,0.315,ultrasonic-not-close,KEEP,left,,,0
174,2026-08-01T22:37:37.035+09:00,20.299,173,8.58,1,DRIVING,,0,1,0,0.246514,UNKNOWN,OUTER,0,3,-0.553004,-0.553004,255,716,green,0,unknown,0.000000,null,0.000000,0.421,,"{""0"": 250, ""1"": 250, ""2"": null, ""3"": null, ""4"": null, ""5"": null, ""6"": null, ""7"": null}","{""0"": 0.0, ""1"": 0.0, ""2"": null, ""3"": null, ""4"": null, ""5"": null, ""6"": null, ""7"": null}","{""0"": 250, ""1"": 250}",250,1,0,0,0,0.421,ultrasonic-not-close,KEEP,left,,,0
175,2026-08-01T22:37:37.140+09:00,20.404,174,8.58,1,DRIVING,,0,1,0,0.258499,UNKNOWN,UNKNOWN,0,2,-0.563368,-0.563368,255,716,green,0,unknown,0.000000,null,0.000000,0.286,,"{""0"": 250, ""1"": 250, ""2"": null, ""3"": null, ""4"": null, ""5"": null, ""6"": null, ""7"": null}","{""0"": 0.0, ""1"": 0.0, ""2"": null, ""3"": null, ""4"": null, ""5"": null, ""6"": null, ""7"": null}","{""0"": 250, ""1"": 250}",250,1,0,0,0,0.286,ultrasonic-not-close,KEEP,left,,,0
176,2026-08-01T22:37:37.249+09:00,20.513,175,8.58,1,DRIVING,,0,1,0,0.253849,UNKNOWN,UNKNOWN,0,1,-0.517209,-0.517209,255,715,green,0,unknown,0.000000,null,0.000000,0.292,,"{""0"": 250, ""1"": 250, ""2"": null, ""3"": null, ""4"": null, ""5"": null, ""6"": null, ""7"": null}","{""0"": 0.0, ""1"": 0.0, ""2"": null, ""3"": null, ""4"": null, ""5"": null, ""6"": null, ""7"": null}","{""0"": 250, ""1"": 250}",250,1,0,0,0,0.292,ultrasonic-not-close,KEEP,left,,,0
177,2026-08-01T22:37:37.360+09:00,20.625,176,8.59,1,DRIVING,,0,1,0,0.245371,UNKNOWN,UNKNOWN,0,0,-0.468603,-0.468603,255,713,green,0,unknown,0.000000,null,0.000000,0.189,,"{""0"": 250, ""1"": 250, ""2"": null, ""3"": null, ""4"": null, ""5"": null, ""6"": null, ""7"": null}","{""0"": 0.0, ""1"": 0.0, ""2"": null, ""3"": null, ""4"": null, ""5"": null, ""6"": null, ""7"": null}","{""0"": 250, ""1"": 250}",250,1,0,0,0,0.189,ultrasonic-not-close,KEEP,left,,,0
178,2026-08-01T22:37:37.467+09:00,20.731,177,8.59,1,DRIVING,,0,1,0,0.234473,UNKNOWN,UNKNOWN,0,0,-0.421288,-0.421288,255,712,green,0,unknown,0.000000,null,0.000000,0.294,,"{""0"": 250, ""1"": 250, ""2"": null, ""3"": null, ""4"": null, ""5"": null, ""6"": null, ""7"": null}","{""0"": 0.0, ""1"": 0.0, ""2"": null, ""3"": null, ""4"": null, ""5"": null, ""6"": null, ""7"": null}","{""0"": 250, ""1"": 250}",250,1,0,0,0,0.294,ultrasonic-not-close,KEEP,left,,,0
179,2026-08-01T22:37:37.576+09:00,20.841,178,8.59,1,DRIVING,,0,1,0,0.219944,UNKNOWN,UNKNOWN,0,0,-0.369214,-0.369214,255,713,green,0,unknown,0.000000,null,0.000000,0.298,,"{""0"": 250, ""1"": 250, ""2"": null, ""3"": null, ""4"": null, ""5"": null, ""6"": null, ""7"": null}","{""0"": 0.0, ""1"": 0.0, ""2"": null, ""3"": null, ""4"": null, ""5"": null, ""6"": null, ""7"": null}","{""0"": 250, ""1"": 250}",250,1,0,0,0,0.298,ultrasonic-not-close,KEEP,left,,,0
180,2026-08-01T22:37:37.694+09:00,20.958,179,8.59,1,DRIVING,,0,1,0,0.266261,UNKNOWN,UNKNOWN,0,0,-0.543960,-0.543960,255,712,green,0,unknown,0.000000,null,0.000000,0.193,,"{""0"": 250, ""1"": 250, ""2"": null, ""3"": null, ""4"": null, ""5"": null, ""6"": null, ""7"": null}","{""0"": 0.0, ""1"": 0.0, ""2"": null, ""3"": null, ""4"": null, ""5"": null, ""6"": null, ""7"": null}","{""0"": 250, ""1"": 250}",250,1,0,0,0,0.193,ultrasonic-not-close,KEEP,left,,,0
181,2026-08-01T22:37:37.802+09:00,21.066,180,8.60,1,DRIVING,,0,1,0,0.435313,UNKNOWN,UNKNOWN,0,0,-1.000000,-1.000000,255,713,green,0,unknown,0.000000,null,0.000000,0.302,,"{""0"": 250, ""1"": 250, ""2"": null, ""3"": null, ""4"": null, ""5"": null, ""6"": null, ""7"": null}","{""0"": 0.0, ""1"": 0.0, ""2"": null, ""3"": null, ""4"": null, ""5"": null, ""6"": null, ""7"": null}","{""0"": 250, ""1"": 250}",250,1,0,0,0,0.302,ultrasonic-not-close,KEEP,left,,,0
182,2026-08-01T22:37:37.909+09:00,21.173,181,8.60,1,DRIVING,,0,1,0,0.426406,UNKNOWN,UNKNOWN,0,0,-0.996203,-0.996203,255,704,green,0,unknown,0.000000,null,0.000000,0.302,,"{""0"": 250, ""1"": 250, ""2"": null, ""3"": null, ""4"": null, ""5"": null, ""6"": null, ""7"": null}","{""0"": 0.0, ""1"": 0.0, ""2"": null, ""3"": null, ""4"": null, ""5"": null, ""6"": null, ""7"": null}","{""0"": 250, ""1"": 250}",250,1,0,0,0,0.302,ultrasonic-not-close,KEEP,left,,,0
183,2026-08-01T22:37:38.042+09:00,21.306,182,8.59,1,DRIVING,,0,1,0,0.410977,UNKNOWN,UNKNOWN,0,0,-0.872055,-0.872055,255,694,green,0,unknown,0.000000,null,0.000000,0.207,,"{""0"": 250, ""1"": 250, ""2"": null, ""3"": null, ""4"": null, ""5"": null, ""6"": null, ""7"": null}","{""0"": 0.0, ""1"": 0.0, ""2"": null, ""3"": null, ""4"": null, ""5"": null, ""6"": null, ""7"": null}","{""0"": 250, ""1"": 250}",250,1,0,0,0,0.207,ultrasonic-not-close,KEEP,left,,,0
184,2026-08-01T22:37:38.152+09:00,21.415,183,8.60,1,DRIVING,,0,1,0,0.402604,UNKNOWN,UNKNOWN,0,0,-0.802225,-0.802225,255,687,green,0,unknown,0.000000,null,0.000000,0.315,,"{""0"": 250, ""1"": 250, ""2"": null, ""3"": null, ""4"": null, ""5"": null, ""6"": null, ""7"": null}","{""0"": 0.0, ""1"": 0.0, ""2"": null, ""3"": null, ""4"": null, ""5"": null, ""6"": null, ""7"": null}","{""0"": 250, ""1"": 250}",250,1,0,0,0,0.315,ultrasonic-not-close,KEEP,left,,,0
185,2026-08-01T22:37:38.257+09:00,21.521,184,8.60,1,DRIVING,,0,1,0,0.276409,OUTER,UNKNOWN,0,1,-0.324660,-0.324660,255,686,green,0,unknown,0.000000,null,0.000000,0.307,,"{""0"": 250, ""1"": 250, ""2"": null, ""3"": null, ""4"": null, ""5"": null, ""6"": null, ""7"": null}","{""0"": 0.0, ""1"": 0.0, ""2"": null, ""3"": null, ""4"": null, ""5"": null, ""6"": null, ""7"": null}","{""0"": 250, ""1"": 250}",250,1,0,0,0,0.307,ultrasonic-not-close,KEEP,left,right,,0
186,2026-08-01T22:37:38.368+09:00,21.632,185,8.60,1,DRIVING,,0,1,0,0.262048,OUTER,UNKNOWN,0,2,-0.324824,-0.324824,255,689,green,0,unknown,0.000000,null,0.000000,0.292,,"{""0"": 250, ""1"": 250, ""2"": null, ""3"": null, ""4"": null, ""5"": null, ""6"": null, ""7"": null}","{""0"": 0.0, ""1"": 0.0, ""2"": null, ""3"": null, ""4"": null, ""5"": null, ""6"": null, ""7"": null}","{""0"": 250, ""1"": 250}",250,1,0,0,0,0.292,ultrasonic-not-close,KEEP,left,right,,0
187,2026-08-01T22:37:38.476+09:00,21.740,186,8.61,1,DRIVING,,0,1,0,0.245294,OUTER,OUTER,0,3,-0.308569,-0.308569,255,699,green,0,unknown,0.000000,null,0.000000,0.402,,"{""0"": 250, ""1"": 250, ""2"": null, ""3"": null, ""4"": null, ""5"": null, ""6"": null, ""7"": null}","{""0"": 0.0, ""1"": 0.0, ""2"": null, ""3"": null, ""4"": null, ""5"": null, ""6"": null, ""7"": null}","{""0"": 250, ""1"": 250}",250,1,0,0,0,0.402,ultrasonic-not-close,KEEP,left,right,,0
188,2026-08-01T22:37:38.590+09:00,21.854,187,8.61,1,DRIVING,,0,1,0,0.219599,OUTER,OUTER,0,4,-0.255956,-0.255956,255,714,green,0,unknown,0.000000,null,0.000000,0.301,,"{""0"": 250, ""1"": 121, ""2"": null, ""3"": null, ""4"": null, ""5"": null, ""6"": null, ""7"": null}","{""0"": 0.0, ""1"": 0.0, ""2"": null, ""3"": null, ""4"": null, ""5"": null, ""6"": null, ""7"": null}","{""0"": 250, ""1"": 121}",121,1,1,0,0,0.301,car-not-detected-or-stale,KEEP,left,right,,0
189,2026-08-01T22:37:38.707+09:00,21.971,188,8.61,1,DRIVING,,0,1,0,0.192156,OUTER,OUTER,0,5,-0.198955,-0.198955,255,723,green,0,unknown,0.000000,null,0.000000,0.308,,"{""0"": 250, ""1"": 250, ""2"": null, ""3"": null, ""4"": null, ""5"": null, ""6"": null, ""7"": null}","{""0"": 0.0, ""1"": 0.0, ""2"": null, ""3"": null, ""4"": null, ""5"": null, ""6"": null, ""7"": null}","{""0"": 250, ""1"": 250}",250,1,0,0,0,0.308,ultrasonic-not-close,KEEP,left,right,,0
190,2026-08-01T22:37:38.824+09:00,22.087,189,8.61,1,DRIVING,,0,1,0,0.238998,OUTER,OUTER,0,6,-0.411666,-0.411666,255,723,green,0,unknown,0.000000,null,0.000000,0.200,,"{""0"": 250, ""1"": 250, ""2"": null, ""3"": null, ""4"": null, ""5"": null, ""6"": null, ""7"": null}","{""0"": 0.0, ""1"": 0.0, ""2"": null, ""3"": null, ""4"": null, ""5"": null, ""6"": null, ""7"": null}","{""0"": 250, ""1"": 250}",250,1,0,0,0,0.200,ultrasonic-not-close,KEEP,left,right,,0
191,2026-08-01T22:37:38.930+09:00,22.193,190,8.61,1,DRIVING,,0,1,0,0.235528,OUTER,OUTER,0,7,-0.404732,-0.404732,255,723,green,0,unknown,0.000000,null,0.000000,0.306,,"{""0"": 250, ""1"": 142, ""2"": null, ""3"": null, ""4"": null, ""5"": null, ""6"": null, ""7"": null}","{""0"": 0.0, ""1"": 0.0, ""2"": null, ""3"": null, ""4"": null, ""5"": null, ""6"": null, ""7"": null}","{""0"": 250, ""1"": 142}",142,1,1,0,0,0.306,car-not-detected-or-stale,KEEP,left,right,,0
192,2026-08-01T22:37:39.039+09:00,22.305,191,8.61,1,DRIVING,,0,1,0,0.209968,OUTER,OUTER,0,7,-0.318481,-0.318481,255,724,green,0,unknown,0.000000,null,0.000000,0.304,,"{""0"": 250, ""1"": 250, ""2"": null, ""3"": null, ""4"": null, ""5"": null, ""6"": null, ""7"": null}","{""0"": 0.0, ""1"": 0.0, ""2"": null, ""3"": null, ""4"": null, ""5"": null, ""6"": null, ""7"": null}","{""0"": 250, ""1"": 250}",250,1,0,0,0,0.304,ultrasonic-not-close,KEEP,left,right,,0
193,2026-08-01T22:37:39.152+09:00,22.416,192,8.61,1,DRIVING,,0,1,0,0.178360,OUTER,OUTER,0,7,-0.222533,-0.222533,255,724,green,0,unknown,0.000000,null,0.000000,0.190,,"{""0"": 250, ""1"": 250, ""2"": null, ""3"": null, ""4"": null, ""5"": null, ""6"": null, ""7"": null}","{""0"": 0.0, ""1"": 0.0, ""2"": null, ""3"": null, ""4"": null, ""5"": null, ""6"": null, ""7"": null}","{""0"": 250, ""1"": 250}",250,1,0,0,0,0.190,ultrasonic-not-close,KEEP,left,right,,0
194,2026-08-01T22:37:39.260+09:00,22.524,193,8.62,1,DRIVING,,0,1,0,0.133505,OUTER,OUTER,0,7,-0.090607,-0.090607,255,724,green,0,unknown,0.000000,null,0.000000,0.297,,"{""0"": 250, ""1"": 250, ""2"": null, ""3"": null, ""4"": null, ""5"": null, ""6"": null, ""7"": null}","{""0"": 0.0, ""1"": 0.0, ""2"": null, ""3"": null, ""4"": null, ""5"": null, ""6"": null, ""7"": null}","{""0"": 250, ""1"": 250}",250,1,0,0,0,0.297,ultrasonic-not-close,KEEP,left,right,,0
195,2026-08-01T22:37:39.370+09:00,22.634,194,8.62,1,DRIVING,,0,1,0,0.094367,OUTER,OUTER,0,7,0.005377,0.005377,255,725,green,0,unknown,0.000000,null,0.000000,0.299,,"{""0"": 250, ""1"": 131, ""2"": null, ""3"": null, ""4"": null, ""5"": null, ""6"": null, ""7"": null}","{""0"": 0.0, ""1"": 0.0, ""2"": null, ""3"": null, ""4"": null, ""5"": null, ""6"": null, ""7"": null}","{""0"": 250, ""1"": 131}",131,1,1,0,0,0.299,car-not-detected-or-stale,KEEP,left,right,,0
196,2026-08-01T22:37:39.478+09:00,22.742,195,8.62,1,DRIVING,,0,1,0,0.060672,OUTER,OUTER,0,7,0.074107,0.074107,255,728,green,0,unknown,0.000000,null,0.000000,0.187,,"{""0"": 250, ""1"": 250, ""2"": null, ""3"": null, ""4"": null, ""5"": null, ""6"": null, ""7"": null}","{""0"": 0.0, ""1"": 0.0, ""2"": null, ""3"": null, ""4"": null, ""5"": null, ""6"": null, ""7"": null}","{""0"": 250, ""1"": 250}",250,1,0,0,0,0.187,ultrasonic-not-close,KEEP,left,right,,0
197,2026-08-01T22:37:39.590+09:00,22.854,196,8.62,1,DRIVING,,0,1,0,0.009690,OUTER,OUTER,0,7,0.202648,0.202648,255,758,green,0,unknown,0.000000,null,0.000000,0.297,,"{""0"": 250, ""1"": 250, ""2"": null, ""3"": null, ""4"": null, ""5"": null, ""6"": null, ""7"": null}","{""0"": 0.0, ""1"": 0.0, ""2"": null, ""3"": null, ""4"": null, ""5"": null, ""6"": null, ""7"": null}","{""0"": 250, ""1"": 250}",250,1,0,0,0,0.297,ultrasonic-not-close,KEEP,left,right,,0
198,2026-08-01T22:37:39.695+09:00,22.959,197,8.63,1,DRIVING,,0,1,0,-0.018699,OUTER,OUTER,0,7,0.238821,0.238821,255,756,green,0,unknown,0.000000,null,0.000000,0.294,,"{""0"": 250, ""1"": 250, ""2"": null, ""3"": null, ""4"": null, ""5"": null, ""6"": null, ""7"": null}","{""0"": 0.0, ""1"": 0.0, ""2"": null, ""3"": null, ""4"": null, ""5"": null, ""6"": null, ""7"": null}","{""0"": 250, ""1"": 250}",250,1,0,0,0,0.294,ultrasonic-not-close,KEEP,left,right,,0
199,2026-08-01T22:37:39.805+09:00,23.070,198,8.63,1,DRIVING,,0,1,0,-0.059102,OUTER,OUTER,0,7,0.322725,0.322725,255,759,unknown,0,unknown,0.000000,null,0.000000,0.295,,"{""0"": 250, ""1"": 250, ""2"": null, ""3"": null, ""4"": null, ""5"": null, ""6"": null, ""7"": null}","{""0"": 0.0, ""1"": 0.0, ""2"": null, ""3"": null, ""4"": null, ""5"": null, ""6"": null, ""7"": null}","{""0"": 250, ""1"": 250}",250,1,0,0,0,0.295,ultrasonic-not-close,KEEP,left,right,,0
200,2026-08-01T22:37:39.916+09:00,23.180,199,8.63,1,DRIVING,,0,1,0,-0.148545,OUTER,OUTER,0,7,0.579816,0.579816,255,757,unknown,0,unknown,0.000000,null,0.000000,0.406,,"{""0"": 250, ""1"": 173, ""2"": null, ""3"": null, ""4"": null, ""5"": null, ""6"": null, ""7"": null}","{""0"": 0.0, ""1"": 0.0, ""2"": null, ""3"": null, ""4"": null, ""5"": null, ""6"": null, ""7"": null}","{""0"": 250, ""1"": 173}",173,1,0,0,0,0.406,ultrasonic-not-close,KEEP,left,right,,0
201,2026-08-01T22:37:40.025+09:00,23.288,200,8.64,1,DRIVING,,0,1,0,-0.190690,OUTER,OUTER,0,7,0.637808,0.637808,255,767,unknown,0,unknown,0.000000,null,0.000000,0.296,,"{""0"": 250, ""1"": 250, ""2"": null, ""3"": null, ""4"": null, ""5"": null, ""6"": null, ""7"": null}","{""0"": 0.0, ""1"": 0.0, ""2"": null, ""3"": null, ""4"": null, ""5"": null, ""6"": null, ""7"": null}","{""0"": 250, ""1"": 250}",250,1,0,0,0,0.296,ultrasonic-not-close,KEEP,left,right,,0
202,2026-08-01T22:37:40.137+09:00,23.400,201,8.64,1,DRIVING,,0,1,0,-0.209793,OUTER,OUTER,0,7,0.618210,0.618210,255,775,unknown,0,unknown,0.000000,null,0.000000,0.299,,"{""0"": 150, ""1"": 114, ""2"": null, ""3"": null, ""4"": null, ""5"": null, ""6"": null, ""7"": null}","{""0"": 0.0, ""1"": 0.0, ""2"": null, ""3"": null, ""4"": null, ""5"": null, ""6"": null, ""7"": null}","{""0"": 150, ""1"": 114}",114,1,1,0,0,0.299,car-not-detected-or-stale,KEEP,left,right,,0
203,2026-08-01T22:37:40.246+09:00,23.511,202,8.64,1,DRIVING,,0,1,0,-0.203603,OUTER,OUTER,0,7,0.523752,0.523752,255,780,unknown,0,unknown,0.000000,null,0.000000,0.190,,"{""0"": 134, ""1"": 139, ""2"": null, ""3"": null, ""4"": null, ""5"": null, ""6"": null, ""7"": null}","{""0"": 0.0, ""1"": 0.0, ""2"": null, ""3"": null, ""4"": null, ""5"": null, ""6"": null, ""7"": null}","{""0"": 134, ""1"": 139}",134,1,1,0,0,0.190,car-not-detected-or-stale,KEEP,left,right,,0
204,2026-08-01T22:37:40.350+09:00,23.612,203,8.64,1,DRIVING,,0,1,0,-0.197977,OUTER,OUTER,0,7,0.456319,0.456319,255,785,unknown,0,unknown,0.000000,null,0.000000,0.289,,"{""0"": 136, ""1"": 133, ""2"": null, ""3"": null, ""4"": null, ""5"": null, ""6"": null, ""7"": null}","{""0"": 0.0, ""1"": 0.0, ""2"": null, ""3"": null, ""4"": null, ""5"": null, ""6"": null, ""7"": null}","{""0"": 136, ""1"": 133}",133,1,1,0,0,0.289,car-not-detected-or-stale,KEEP,left,right,,0
205,2026-08-01T22:37:40.466+09:00,23.729,204,8.64,1,DRIVING,,0,1,0,-0.199949,OUTER,OUTER,0,7,0.433428,0.433428,255,784,unknown,0,unknown,0.000000,null,0.000000,0.295,,"{""0"": 130, ""1"": 128, ""2"": null, ""3"": null, ""4"": null, ""5"": null, ""6"": null, ""7"": null}","{""0"": 0.0, ""1"": 0.0, ""2"": null, ""3"": null, ""4"": null, ""5"": null, ""6"": null, ""7"": null}","{""0"": 130, ""1"": 128}",128,1,1,0,0,0.295,car-not-detected-or-stale,KEEP,left,right,,0
206,2026-08-01T22:37:40.582+09:00,23.845,205,8.64,1,DRIVING,,0,1,0,-0.204159,OUTER,OUTER,0,7,0.426530,0.426530,255,785,unknown,0,unknown,0.000000,null,0.000000,0.197,,"{""0"": 128, ""1"": 146, ""2"": null, ""3"": null, ""4"": null, ""5"": null, ""6"": null, ""7"": null}","{""0"": 0.0, ""1"": 0.0, ""2"": null, ""3"": null, ""4"": null, ""5"": null, ""6"": null, ""7"": null}","{""0"": 128, ""1"": 146}",128,1,1,0,0,0.197,car-not-detected-or-stale,KEEP,left,right,,0
207,2026-08-01T22:37:40.689+09:00,23.953,206,8.65,1,DRIVING,,0,1,0,-0.228739,UNKNOWN,OUTER,0,6,0.497303,0.497303,255,786,unknown,0,unknown,0.000000,null,0.000000,0.306,,"{""0"": 122, ""1"": 137, ""2"": null, ""3"": null, ""4"": null, ""5"": null, ""6"": null, ""7"": null}","{""0"": 0.0, ""1"": 0.0, ""2"": null, ""3"": null, ""4"": null, ""5"": null, ""6"": null, ""7"": null}","{""0"": 122, ""1"": 137}",122,1,1,0,0,0.306,car-not-detected-or-stale,KEEP,left,right,,0
208,2026-08-01T22:37:40.786+09:00,24.051,207,8.65,1,DRIVING,,0,1,0,-0.232796,UNKNOWN,OUTER,0,5,0.486236,0.486236,255,784,unknown,0,unknown,0.000000,null,0.000000,0.288,,"{""0"": 250, ""1"": 250, ""2"": null, ""3"": null, ""4"": null, ""5"": null, ""6"": null, ""7"": null}","{""0"": 0.0, ""1"": 0.0, ""2"": null, ""3"": null, ""4"": null, ""5"": null, ""6"": null, ""7"": null}","{""0"": 250, ""1"": 250}",250,1,0,0,0,0.288,ultrasonic-not-close,KEEP,left,right,,0
209,2026-08-01T22:37:40.898+09:00,24.161,208,8.65,1,DRIVING,,0,1,0,-0.240223,UNKNOWN,OUTER,0,4,0.492814,0.492814,255,785,unknown,0,unknown,0.000000,null,0.000000,0.175,,"{""0"": 250, ""1"": 135, ""2"": null, ""3"": null, ""4"": null, ""5"": null, ""6"": null, ""7"": null}","{""0"": 0.0, ""1"": 0.0, ""2"": null, ""3"": null, ""4"": null, ""5"": null, ""6"": null, ""7"": null}","{""0"": 250, ""1"": 135}",135,1,1,0,0,0.175,car-not-detected-or-stale,KEEP,left,right,,0
210,2026-08-01T22:37:41.005+09:00,24.268,209,8.66,1,DRIVING,,0,1,0,-0.249570,UNKNOWN,OUTER,0,3,0.508340,0.508340,255,785,unknown,0,unknown,0.000000,null,0.000000,0.283,,"{""0"": 108, ""1"": 125, ""2"": null, ""3"": null, ""4"": null, ""5"": null, ""6"": null, ""7"": null}","{""0"": 0.0, ""1"": 0.0, ""2"": null, ""3"": null, ""4"": null, ""5"": null, ""6"": null, ""7"": null}","{""0"": 108, ""1"": 125}",108,1,1,0,0,0.283,car-not-detected-or-stale,KEEP,left,right,,0
211,2026-08-01T22:37:41.103+09:00,24.368,210,8.66,1,DRIVING,,0,1,0,-0.253683,UNKNOWN,UNKNOWN,0,2,0.505412,0.505412,255,784,unknown,0,unknown,0.000000,null,0.000000,0.286,,"{""0"": 250, ""1"": 122, ""2"": null, ""3"": null, ""4"": null, ""5"": null, ""6"": null, ""7"": null}","{""0"": 0.0, ""1"": 0.0, ""2"": null, ""3"": null, ""4"": null, ""5"": null, ""6"": null, ""7"": null}","{""0"": 250, ""1"": 122}",122,1,1,0,0,0.286,car-not-detected-or-stale,KEEP,left,right,,0
212,2026-08-01T22:37:41.216+09:00,24.481,211,8.66,1,DRIVING,,0,1,0,-0.263192,UNKNOWN,UNKNOWN,0,1,0.525009,0.525009,255,786,unknown,0,unknown,0.000000,null,0.000000,0.179,,"{""0"": 250, ""1"": 125, ""2"": null, ""3"": null, ""4"": null, ""5"": null, ""6"": null, ""7"": null}","{""0"": 0.0, ""1"": 0.0, ""2"": null, ""3"": null, ""4"": null, ""5"": null, ""6"": null, ""7"": null}","{""0"": 250, ""1"": 125}",125,1,1,0,0,0.179,car-not-detected-or-stale,KEEP,left,right,,0
213,2026-08-01T22:37:41.319+09:00,24.584,212,8.67,1,DRIVING,,0,1,0,-0.267522,UNKNOWN,UNKNOWN,0,0,0.525219,0.525219,100,785,unknown,0,unknown,0.000000,null,0.000000,0.280,,"{""0"": 57, ""1"": 80, ""2"": null, ""3"": null, ""4"": null, ""5"": null, ""6"": null, ""7"": null}","{""0"": 0.0, ""1"": 0.0, ""2"": null, ""3"": null, ""4"": null, ""5"": null, ""6"": null, ""7"": null}","{""0"": 57, ""1"": 80}",57,1,1,0,0,0.280,car-not-detected-or-stale,KEEP,left,right,,0
214,2026-08-01T22:37:41.418+09:00,24.682,213,8.67,1,DRIVING,,0,1,0,-0.276267,UNKNOWN,UNKNOWN,0,0,0.543595,0.543595,255,785,green,0,unknown,0.000000,null,0.000000,0.280,,"{""0"": 250, ""1"": 250, ""2"": null, ""3"": null, ""4"": null, ""5"": null, ""6"": null, ""7"": null}","{""0"": 0.0, ""1"": 0.0, ""2"": null, ""3"": null, ""4"": null, ""5"": null, ""6"": null, ""7"": null}","{""0"": 250, ""1"": 250}",250,1,0,0,0,0.280,ultrasonic-not-close,KEEP,left,right,,0
215,2026-08-01T22:37:41.536+09:00,24.799,214,8.67,1,DRIVING,,0,1,0,-0.285092,UNKNOWN,UNKNOWN,0,0,0.561472,0.561472,255,785,unknown,0,unknown,0.000000,null,0.000000,0.181,,"{""0"": 250, ""1"": 176, ""2"": null, ""3"": null, ""4"": null, ""5"": null, ""6"": null, ""7"": null}","{""0"": 0.0, ""1"": 0.0, ""2"": null, ""3"": null, ""4"": null, ""5"": null, ""6"": null, ""7"": null}","{""0"": 250, ""1"": 176}",176,1,0,0,0,0.181,ultrasonic-not-close,KEEP,left,right,,0
216,2026-08-01T22:37:41.655+09:00,24.918,215,8.67,1,DRIVING,,0,1,0,-0.292383,UNKNOWN,UNKNOWN,0,0,0.573227,0.573227,255,785,unknown,0,unknown,0.000000,null,0.000000,0.301,,"{""0"": 250, ""1"": 250, ""2"": null, ""3"": null, ""4"": null, ""5"": null, ""6"": null, ""7"": null}","{""0"": 0.0, ""1"": 0.0, ""2"": null, ""3"": null, ""4"": null, ""5"": null, ""6"": null, ""7"": null}","{""0"": 250, ""1"": 250}",250,1,0,0,0,0.301,ultrasonic-not-close,KEEP,left,right,,0
217,2026-08-01T22:37:41.758+09:00,25.022,216,8.68,1,DRIVING,,0,1,0,-0.301730,UNKNOWN,UNKNOWN,0,0,0.592795,0.592795,255,785,unknown,0,unknown,0.000000,null,0.000000,0.308,,"{""0"": 250, ""1"": 250, ""2"": null, ""3"": null, ""4"": null, ""5"": null, ""6"": null, ""7"": null}","{""0"": 0.0, ""1"": 0.0, ""2"": null, ""3"": null, ""4"": null, ""5"": null, ""6"": null, ""7"": null}","{""0"": 250, ""1"": 250}",250,1,0,0,0,0.308,ultrasonic-not-close,KEEP,left,right,,0
218,2026-08-01T22:37:41.865+09:00,25.128,217,8.68,1,DRIVING,,0,1,0,-0.315600,UNKNOWN,UNKNOWN,0,0,0.627823,0.627823,255,784,green,0,unknown,0.000000,null,0.000000,0.178,,"{""0"": 201, ""1"": 196, ""2"": null, ""3"": null, ""4"": null, ""5"": null, ""6"": null, ""7"": null}","{""0"": 0.0, ""1"": 0.0, ""2"": null, ""3"": null, ""4"": null, ""5"": null, ""6"": null, ""7"": null}","{""0"": 201, ""1"": 196}",196,1,0,0,0,0.178,ultrasonic-not-close,KEEP,left,right,,0
219,2026-08-01T22:37:41.973+09:00,25.233,218,8.68,1,DRIVING,,0,1,0,-0.328783,UNKNOWN,UNKNOWN,0,0,0.657361,0.657361,255,804,unknown,0,unknown,0.000000,null,0.000000,0.281,,"{""0"": 250, ""1"": 201, ""2"": null, ""3"": null, ""4"": null, ""5"": null, ""6"": null, ""7"": null}","{""0"": 0.0, ""1"": 0.0, ""2"": null, ""3"": null, ""4"": null, ""5"": null, ""6"": null, ""7"": null}","{""0"": 250, ""1"": 201}",201,1,0,0,0,0.281,ultrasonic-not-close,KEEP,left,right,,0
220,2026-08-01T22:37:42.077+09:00,25.339,219,8.69,1,DRIVING,,0,1,0,-0.344132,UNKNOWN,UNKNOWN,0,0,0.692951,0.692951,255,789,unknown,0,unknown,0.000000,null,0.000000,0.284,,"{""0"": 250, ""1"": 179, ""2"": null, ""3"": null, ""4"": null, ""5"": null, ""6"": null, ""7"": null}","{""0"": 0.0, ""1"": 0.0, ""2"": null, ""3"": null, ""4"": null, ""5"": null, ""6"": null, ""7"": null}","{""0"": 250, ""1"": 179}",179,1,0,0,0,0.284,ultrasonic-not-close,KEEP,left,right,,0
221,2026-08-01T22:37:42.191+09:00,25.453,220,8.69,1,DRIVING,,0,1,0,-0.360220,UNKNOWN,UNKNOWN,0,0,0.728815,0.728815,255,789,unknown,0,unknown,0.000000,null,0.000000,0.183,,"{""0"": 181, ""1"": 176, ""2"": null, ""3"": null, ""4"": null, ""5"": null, ""6"": null, ""7"": null}","{""0"": 0.0, ""1"": 0.0, ""2"": null, ""3"": null, ""4"": null, ""5"": null, ""6"": null, ""7"": null}","{""0"": 181, ""1"": 176}",176,1,0,0,0,0.183,ultrasonic-not-close,KEEP,left,right,,0
222,2026-08-01T22:37:42.300+09:00,25.564,221,8.69,1,DRIVING,,0,1,0,-0.377162,UNKNOWN,UNKNOWN,0,0,0.765680,0.765680,255,795,unknown,0,unknown,0.000000,null,0.000000,0.294,,"{""0"": 158, ""1"": 160, ""2"": null, ""3"": null, ""4"": null, ""5"": null, ""6"": null, ""7"": null}","{""0"": 0.0, ""1"": 0.0, ""2"": null, ""3"": null, ""4"": null, ""5"": null, ""6"": null, ""7"": null}","{""0"": 158, ""1"": 160}",158,1,0,0,0,0.294,ultrasonic-not-close,KEEP,left,right,,0
223,2026-08-01T22:37:42.410+09:00,25.674,222,8.69,1,DRIVING,,0,1,0,-0.384565,UNKNOWN,UNKNOWN,0,0,0.766292,0.766292,255,799,unknown,0,unknown,0.000000,null,0.000000,0.298,,"{""0"": 250, ""1"": 185, ""2"": null, ""3"": null, ""4"": null, ""5"": null, ""6"": null, ""7"": null}","{""0"": 0.0, ""1"": 0.0, ""2"": null, ""3"": null, ""4"": null, ""5"": null, ""6"": null, ""7"": null}","{""0"": 250, ""1"": 185}",185,1,0,0,0,0.298,ultrasonic-not-close,KEEP,left,right,,0
224,2026-08-01T22:37:42.521+09:00,25.784,223,8.69,1,DRIVING,,0,1,0,-0.393092,UNKNOWN,UNKNOWN,0,0,0.774766,0.774766,255,799,unknown,0,unknown,0.000000,null,0.000000,0.292,,"{""0"": 250, ""1"": 136, ""2"": null, ""3"": null, ""4"": null, ""5"": null, ""6"": null, ""7"": null}","{""0"": 0.0, ""1"": 0.0, ""2"": null, ""3"": null, ""4"": null, ""5"": null, ""6"": null, ""7"": null}","{""0"": 250, ""1"": 136}",136,1,1,0,0,0.292,car-not-detected-or-stale,KEEP,left,right,,0
225,2026-08-01T22:37:42.635+09:00,25.900,224,8.69,1,DRIVING,,0,1,0,-0.401423,UNKNOWN,UNKNOWN,0,0,0.784599,0.784599,255,797,red,0,unknown,0.000000,null,0.000000,0.411,,"{""0"": 134, ""1"": 137, ""2"": null, ""3"": null, ""4"": null, ""5"": null, ""6"": null, ""7"": null}","{""0"": 0.0, ""1"": 0.0, ""2"": null, ""3"": null, ""4"": null, ""5"": null, ""6"": null, ""7"": null}","{""0"": 134, ""1"": 137}",134,1,1,0,0,0.411,car-not-detected-or-stale,KEEP,left,right,,0
226,2026-08-01T22:37:42.741+09:00,26.003,225,8.70,1,DRIVING,,0,1,0,-0.399724,UNKNOWN,UNKNOWN,0,0,0.759870,0.759870,255,799,green,0,unknown,0.000000,null,0.000000,0.296,,"{""0"": 250, ""1"": 189, ""2"": null, ""3"": null, ""4"": null, ""5"": null, ""6"": null, ""7"": null}","{""0"": 0.0, ""1"": 0.0, ""2"": null, ""3"": null, ""4"": null, ""5"": null, ""6"": null, ""7"": null}","{""0"": 250, ""1"": 189}",189,1,0,0,0,0.296,ultrasonic-not-close,KEEP,left,right,,0
227,2026-08-01T22:37:42.843+09:00,26.108,226,8.70,1,DRIVING,,0,1,0,-0.401889,UNKNOWN,UNKNOWN,0,0,0.755555,0.755555,255,798,green,0,unknown,0.000000,null,0.000000,0.291,,"{""0"": 101, ""1"": 99, ""2"": null, ""3"": null, ""4"": null, ""5"": null, ""6"": null, ""7"": null}","{""0"": 0.0, ""1"": 0.0, ""2"": null, ""3"": null, ""4"": null, ""5"": null, ""6"": null, ""7"": null}","{""0"": 101, ""1"": 99}",99,1,1,0,0,0.291,car-not-detected-or-stale,KEEP,left,right,,0
228,2026-08-01T22:37:42.960+09:00,26.225,227,8.70,1,DRIVING,,0,1,0,-0.400382,UNKNOWN,UNKNOWN,0,0,0.740484,0.740484,255,799,green,0,unknown,0.000000,null,0.000000,0.188,,"{""0"": 250, ""1"": 126, ""2"": null, ""3"": null, ""4"": null, ""5"": null, ""6"": null, ""7"": null}","{""0"": 0.0, ""1"": 0.0, ""2"": null, ""3"": null, ""4"": null, ""5"": null, ""6"": null, ""7"": null}","{""0"": 250, ""1"": 126}",126,1,1,0,0,0.188,car-not-detected-or-stale,KEEP,left,right,,0
229,2026-08-01T22:37:43.079+09:00,26.342,228,8.70,1,DRIVING,,0,1,0,-0.400876,UNKNOWN,UNKNOWN,0,0,0.736323,0.736323,255,799,red,0,unknown,0.000000,null,0.000000,0.305,,"{""0"": 153, ""1"": 87, ""2"": null, ""3"": null, ""4"": null, ""5"": null, ""6"": null, ""7"": null}","{""0"": 0.0, ""1"": 0.0, ""2"": null, ""3"": null, ""4"": null, ""5"": null, ""6"": null, ""7"": null}","{""0"": 153, ""1"": 87}",87,1,1,0,0,0.305,car-not-detected-or-stale,KEEP,left,right,,0
230,2026-08-01T22:37:43.184+09:00,26.448,229,8.70,1,DRIVING,,0,1,0,-0.402081,UNKNOWN,UNKNOWN,0,0,0.736239,0.736239,100,800,red,1,obstacle-car,0.581093,"[692, 1, 1114, 678]",0.309515,0.308,,"{""0"": 250, ""1"": 63, ""2"": null, ""3"": null, ""4"": null, ""5"": null, ""6"": null, ""7"": null}","{""0"": 0.0, ""1"": 0.0, ""2"": null, ""3"": null, ""4"": null, ""5"": null, ""6"": null, ""7"": null}","{""0"": 250, ""1"": 63}",63,1,1,1,1,0.308,car+ultrasonic,KEEP,left,right,,0
231,2026-08-01T22:37:43.293+09:00,26.557,230,8.70,1,DRIVING,,0,1,0,-0.398410,UNKNOWN,UNKNOWN,0,0,0.719272,0.719272,100,799,red,1,obstacle-car,0.896937,"[757, 2, 1257, 685]",0.370342,0.182,,"{""0"": 70, ""1"": 74, ""2"": null, ""3"": null, ""4"": null, ""5"": null, ""6"": null, ""7"": null}","{""0"": 0.0, ""1"": 0.0, ""2"": null, ""3"": null, ""4"": null, ""5"": null, ""6"": null, ""7"": null}","{""0"": 70, ""1"": 74}",70,1,1,1,2,0.182,car+ultrasonic,KEEP,left,right,,0
232,2026-08-01T22:37:43.408+09:00,26.671,231,8.70,1,AVOIDING_OBSTACLE,state:DRIVING->AVOIDING_OBSTACLE;phase:KEEP->CHANGING,0,1,0,-0.399121,UNKNOWN,UNKNOWN,0,0,0.000000,1.000000,70,801,red,1,obstacle-car,0.896937,"[757, 2, 1257, 685]",0.370342,0.295,,"{""0"": 250, ""1"": 70, ""2"": null, ""3"": null, ""4"": null, ""5"": null, ""6"": null, ""7"": null}","{""0"": 0.0, ""1"": 0.0, ""2"": null, ""3"": null, ""4"": null, ""5"": null, ""6"": null, ""7"": null}","{""0"": 250, ""1"": 70}",70,1,1,1,0,0.295,car+ultrasonic,CHANGING,left,right,left,0
233,2026-08-01T22:37:43.513+09:00,26.778,232,8.70,1,AVOIDING_OBSTACLE,,0,0,0,,UNKNOWN,UNKNOWN,0,0,0.000000,1.000000,70,805,red,1,obstacle-car,0.640372,"[811, 2, 1279, 690]",0.349276,0.298,,"{""0"": 145, ""1"": 118, ""2"": null, ""3"": null, ""4"": null, ""5"": null, ""6"": null, ""7"": null}","{""0"": 0.0, ""1"": 0.0, ""2"": null, ""3"": null, ""4"": null, ""5"": null, ""6"": null, ""7"": null}",{},,1,0,1,0,,maneuver-locked,CHANGING,left,right,left,0
234,2026-08-01T22:37:43.620+09:00,26.884,233,8.71,1,AVOIDING_OBSTACLE,,0,0,0,,UNKNOWN,UNKNOWN,0,0,0.000000,1.000000,70,817,red,1,obstacle-car,0.747086,"[846, 1, 1277, 685]",0.320295,0.296,,"{""0"": 139, ""1"": 138, ""2"": null, ""3"": null, ""4"": null, ""5"": null, ""6"": null, ""7"": null}","{""0"": 0.0, ""1"": 0.0, ""2"": null, ""3"": null, ""4"": null, ""5"": null, ""6"": null, ""7"": null}",{},,1,0,1,0,,maneuver-locked,CHANGING,left,right,left,0
235,2026-08-01T22:37:43.728+09:00,26.992,234,8.71,1,AVOIDING_OBSTACLE,,0,0,0,,UNKNOWN,UNKNOWN,0,0,0.000000,1.000000,70,821,unknown,1,obstacle-car,0.747086,"[846, 1, 1277, 685]",0.320295,0.402,,"{""0"": 101, ""1"": 131, ""2"": null, ""3"": null, ""4"": null, ""5"": null, ""6"": null, ""7"": null}","{""0"": 0.0, ""1"": 0.0, ""2"": null, ""3"": null, ""4"": null, ""5"": null, ""6"": null, ""7"": null}",{},,1,0,1,0,,maneuver-locked,CHANGING,left,right,left,0
236,2026-08-01T22:37:43.833+09:00,27.097,235,8.71,1,AVOIDING_OBSTACLE,,0,0,0,,UNKNOWN,UNKNOWN,0,0,0.000000,1.000000,70,821,unknown,1,obstacle-car,0.566641,"[979, 2, 1280, 712]",0.231977,0.287,,"{""0"": 131, ""1"": 125, ""2"": null, ""3"": null, ""4"": null, ""5"": null, ""6"": null, ""7"": null}","{""0"": 0.0, ""1"": 0.0, ""2"": null, ""3"": null, ""4"": null, ""5"": null, ""6"": null, ""7"": null}",{},,1,0,1,0,,maneuver-locked,CHANGING,left,right,left,0
237,2026-08-01T22:37:43.934+09:00,27.197,236,8.72,1,AVOIDING_OBSTACLE,,0,0,0,,UNKNOWN,UNKNOWN,0,0,0.000000,1.000000,70,820,unknown,0,unknown,0.000000,null,0.000000,0.173,,"{""0"": 121, ""1"": 145, ""2"": null, ""3"": null, ""4"": null, ""5"": null, ""6"": null, ""7"": null}","{""0"": 0.0, ""1"": 0.0, ""2"": null, ""3"": null, ""4"": null, ""5"": null, ""6"": null, ""7"": null}",{},,1,0,1,0,,maneuver-locked,CHANGING,left,right,left,0
238,2026-08-01T22:37:44.050+09:00,27.315,237,8.72,1,AVOIDING_OBSTACLE,,0,0,0,,UNKNOWN,UNKNOWN,0,0,0.000000,1.000000,70,821,unknown,0,unknown,0.000000,null,0.000000,0.288,,"{""0"": 250, ""1"": 113, ""2"": null, ""3"": null, ""4"": null, ""5"": null, ""6"": null, ""7"": null}","{""0"": 0.0, ""1"": 0.0, ""2"": null, ""3"": null, ""4"": null, ""5"": null, ""6"": null, ""7"": null}",{},,1,0,1,0,,maneuver-locked,CHANGING,left,right,left,0
239,2026-08-01T22:37:44.152+09:00,27.416,238,8.72,1,AVOIDING_OBSTACLE,,0,0,0,,UNKNOWN,UNKNOWN,0,0,0.000000,1.000000,70,820,unknown,0,unknown,0.000000,null,0.000000,0.289,,"{""0"": 132, ""1"": 108, ""2"": null, ""3"": null, ""4"": null, ""5"": null, ""6"": null, ""7"": null}","{""0"": 0.0, ""1"": 0.0, ""2"": null, ""3"": null, ""4"": null, ""5"": null, ""6"": null, ""7"": null}",{},,1,0,1,0,,maneuver-locked,CHANGING,left,right,left,0
240,2026-08-01T22:37:44.256+09:00,27.518,239,8.73,1,AVOIDING_OBSTACLE,,0,0,0,,UNKNOWN,UNKNOWN,0,0,0.000000,1.000000,70,820,unknown,0,unknown,0.000000,null,0.000000,0.170,,"{""0"": 250, ""1"": 250, ""2"": null, ""3"": null, ""4"": null, ""5"": null, ""6"": null, ""7"": null}","{""0"": 0.0, ""1"": 0.0, ""2"": null, ""3"": null, ""4"": null, ""5"": null, ""6"": null, ""7"": null}",{},,1,0,1,0,,maneuver-locked,CHANGING,left,right,left,0
241,2026-08-01T22:37:44.364+09:00,27.627,240,8.73,1,AVOIDING_OBSTACLE,,0,0,0,,UNKNOWN,UNKNOWN,0,0,0.000000,1.000000,70,822,unknown,0,unknown,0.000000,null,0.000000,0.279,,"{""0"": 250, ""1"": 250, ""2"": null, ""3"": null, ""4"": null, ""5"": null, ""6"": null, ""7"": null}","{""0"": 0.0, ""1"": 0.0, ""2"": null, ""3"": null, ""4"": null, ""5"": null, ""6"": null, ""7"": null}",{},,1,0,1,0,,maneuver-locked,CHANGING,left,right,left,0
242,2026-08-01T22:37:44.471+09:00,27.736,241,8.73,1,AVOIDING_OBSTACLE,,0,0,0,,UNKNOWN,UNKNOWN,0,0,0.000000,1.000000,70,822,unknown,0,unknown,0.000000,null,0.000000,0.288,,"{""0"": 166, ""1"": 113, ""2"": null, ""3"": null, ""4"": null, ""5"": null, ""6"": null, ""7"": null}","{""0"": 0.0, ""1"": 0.0, ""2"": null, ""3"": null, ""4"": null, ""5"": null, ""6"": null, ""7"": null}",{},,1,0,1,0,,maneuver-locked,CHANGING,left,right,left,0
243,2026-08-01T22:37:44.581+09:00,27.845,242,8.73,1,AVOIDING_OBSTACLE,,0,0,0,,UNKNOWN,UNKNOWN,0,0,0.000000,1.000000,70,821,unknown,1,obstacle-car,0.490529,"[793, 0, 1279, 637]",0.336123,0.185,,"{""0"": 250, ""1"": 157, ""2"": null, ""3"": null, ""4"": null, ""5"": null, ""6"": null, ""7"": null}","{""0"": 0.0, ""1"": 0.0, ""2"": null, ""3"": null, ""4"": null, ""5"": null, ""6"": null, ""7"": null}",{},,1,0,1,0,,maneuver-locked,CHANGING,left,right,left,0
244,2026-08-01T22:37:44.710+09:00,27.972,243,8.73,1,AVOIDING_OBSTACLE,,0,0,0,,UNKNOWN,UNKNOWN,0,0,0.000000,1.000000,70,821,unknown,1,obstacle-car,0.490529,"[793, 0, 1279, 637]",0.336123,0.309,,"{""0"": 250, ""1"": 197, ""2"": null, ""3"": null, ""4"": null, ""5"": null, ""6"": null, ""7"": null}","{""0"": 0.0, ""1"": 0.0, ""2"": null, ""3"": null, ""4"": null, ""5"": null, ""6"": null, ""7"": null}",{},,1,0,1,0,,maneuver-locked,CHANGING,left,right,left,0
245,2026-08-01T22:37:44.813+09:00,28.077,244,8.73,1,AVOIDING_OBSTACLE,,0,0,0,,UNKNOWN,UNKNOWN,0,0,0.000000,1.000000,70,820,unknown,0,unknown,0.000000,null,0.000000,0.311,,"{""0"": 250, ""1"": 250, ""2"": null, ""3"": null, ""4"": null, ""5"": null, ""6"": null, ""7"": null}","{""0"": 0.0, ""1"": 0.0, ""2"": null, ""3"": null, ""4"": null, ""5"": null, ""6"": null, ""7"": null}",{},,1,0,1,0,,maneuver-locked,CHANGING,left,right,left,0
246,2026-08-01T22:37:44.926+09:00,28.189,245,8.73,1,AVOIDING_OBSTACLE,,0,0,0,,UNKNOWN,UNKNOWN,0,0,0.000000,1.000000,70,821,unknown,0,unknown,0.000000,null,0.000000,0.311,,"{""0"": 250, ""1"": 250, ""2"": null, ""3"": null, ""4"": null, ""5"": null, ""6"": null, ""7"": null}","{""0"": 0.0, ""1"": 0.0, ""2"": null, ""3"": null, ""4"": null, ""5"": null, ""6"": null, ""7"": null}",{},,1,0,1,0,,maneuver-locked,CHANGING,left,right,left,0
247,2026-08-01T22:37:45.053+09:00,28.315,246,8.73,1,AVOIDING_OBSTACLE,,0,0,0,,UNKNOWN,UNKNOWN,0,0,0.000000,1.000000,70,820,unknown,0,unknown,0.000000,null,0.000000,0.436,,"{""0"": 250, ""1"": 179, ""2"": null, ""3"": null, ""4"": null, ""5"": null, ""6"": null, ""7"": null}","{""0"": 0.0, ""1"": 0.0, ""2"": null, ""3"": null, ""4"": null, ""5"": null, ""6"": null, ""7"": null}",{},,1,0,1,0,,maneuver-locked,CHANGING,left,right,left,0
248,2026-08-01T22:37:45.161+09:00,28.424,247,8.73,1,AVOIDING_OBSTACLE,,0,0,0,,UNKNOWN,UNKNOWN,0,0,0.000000,1.000000,70,822,unknown,0,unknown,0.000000,null,0.000000,0.313,,"{""0"": 250, ""1"": 135, ""2"": null, ""3"": null, ""4"": null, ""5"": null, ""6"": null, ""7"": null}","{""0"": 0.0, ""1"": 0.0, ""2"": null, ""3"": null, ""4"": null, ""5"": null, ""6"": null, ""7"": null}",{},,1,0,1,0,,maneuver-locked,CHANGING,left,right,left,0
249,2026-08-01T22:37:45.268+09:00,28.532,248,8.73,1,AVOIDING_OBSTACLE,,0,0,0,,UNKNOWN,UNKNOWN,0,0,0.000000,1.000000,70,820,unknown,0,unknown,0.000000,null,0.000000,0.306,,"{""0"": 250, ""1"": 129, ""2"": null, ""3"": null, ""4"": null, ""5"": null, ""6"": null, ""7"": null}","{""0"": 0.0, ""1"": 0.0, ""2"": null, ""3"": null, ""4"": null, ""5"": null, ""6"": null, ""7"": null}",{},,1,0,1,0,,maneuver-locked,CHANGING,left,right,left,0
250,2026-08-01T22:37:45.382+09:00,28.646,249,8.73,1,AVOIDING_OBSTACLE,,0,0,0,,UNKNOWN,UNKNOWN,0,0,0.000000,1.000000,70,819,unknown,1,obstacle-car,0.529740,"[925, 110, 1272, 625]",0.193890,0.188,,"{""0"": 250, ""1"": 124, ""2"": null, ""3"": null, ""4"": null, ""5"": null, ""6"": null, ""7"": null}","{""0"": 0.0, ""1"": 0.0, ""2"": null, ""3"": null, ""4"": null, ""5"": null, ""6"": null, ""7"": null}",{},,1,0,1,0,,maneuver-locked,CHANGING,left,right,left,0
251,2026-08-01T22:37:45.496+09:00,28.759,250,8.73,1,AVOIDING_OBSTACLE,,0,0,0,,UNKNOWN,UNKNOWN,0,0,0.000000,1.000000,70,823,red,1,obstacle-car,0.529740,"[925, 110, 1272, 625]",0.193890,0.299,,"{""0"": 250, ""1"": 250, ""2"": null, ""3"": null, ""4"": null, ""5"": null, ""6"": null, ""7"": null}","{""0"": 0.0, ""1"": 0.0, ""2"": null, ""3"": null, ""4"": null, ""5"": null, ""6"": null, ""7"": null}",{},,1,0,1,0,,maneuver-locked,CHANGING,left,right,left,0
252,2026-08-01T22:37:45.606+09:00,28.871,251,8.73,1,AVOIDING_OBSTACLE,phase:CHANGING->COUNTER_STEER,0,0,0,,UNKNOWN,UNKNOWN,0,0,0.000000,-1.000000,70,820,unknown,0,unknown,0.000000,null,0.000000,0.306,,"{""0"": 250, ""1"": 250, ""2"": null, ""3"": null, ""4"": null, ""5"": null, ""6"": null, ""7"": null}","{""0"": 0.0, ""1"": 0.0, ""2"": null, ""3"": null, ""4"": null, ""5"": null, ""6"": null, ""7"": null}",{},,1,0,1,0,,maneuver-locked,COUNTER_STEER,left,right,left,0
253,2026-08-01T22:37:45.718+09:00,28.982,252,8.73,1,AVOIDING_OBSTACLE,,0,0,0,,UNKNOWN,UNKNOWN,0,0,0.000000,-1.000000,70,813,unknown,0,unknown,0.000000,null,0.000000,0.188,,"{""0"": 250, ""1"": 250, ""2"": null, ""3"": null, ""4"": null, ""5"": null, ""6"": null, ""7"": null}","{""0"": 0.0, ""1"": 0.0, ""2"": null, ""3"": null, ""4"": null, ""5"": null, ""6"": null, ""7"": null}",{},,1,0,1,0,,maneuver-locked,COUNTER_STEER,left,right,left,0
254,2026-08-01T22:37:45.826+09:00,29.090,253,8.74,1,AVOIDING_OBSTACLE,,0,0,0,,UNKNOWN,UNKNOWN,0,0,0.000000,-1.000000,70,772,unknown,0,unknown,0.000000,null,0.000000,0.296,,"{""0"": 250, ""1"": 190, ""2"": null, ""3"": null, ""4"": null, ""5"": null, ""6"": null, ""7"": null}","{""0"": 0.0, ""1"": 0.0, ""2"": null, ""3"": null, ""4"": null, ""5"": null, ""6"": null, ""7"": null}",{},,1,0,1,0,,maneuver-locked,COUNTER_STEER,left,right,left,0
255,2026-08-01T22:37:45.929+09:00,29.193,254,8.74,1,AVOIDING_OBSTACLE,,0,0,0,,UNKNOWN,UNKNOWN,0,0,0.000000,-1.000000,70,721,unknown,0,unknown,0.000000,null,0.000000,0.291,,"{""0"": 250, ""1"": 250, ""2"": null, ""3"": null, ""4"": null, ""5"": null, ""6"": null, ""7"": null}","{""0"": 0.0, ""1"": 0.0, ""2"": null, ""3"": null, ""4"": null, ""5"": null, ""6"": null, ""7"": null}",{},,1,0,1,0,,maneuver-locked,COUNTER_STEER,left,right,left,0
256,2026-08-01T22:37:46.041+09:00,29.303,255,8.74,1,AVOIDING_OBSTACLE,,0,0,0,,UNKNOWN,UNKNOWN,0,0,0.000000,-1.000000,70,700,unknown,0,unknown,0.000000,null,0.000000,0.290,,"{""0"": 250, ""1"": 250, ""2"": null, ""3"": null, ""4"": null, ""5"": null, ""6"": null, ""7"": null}","{""0"": 0.0, ""1"": 0.0, ""2"": null, ""3"": null, ""4"": null, ""5"": null, ""6"": null, ""7"": null}",{},,1,0,1,0,,maneuver-locked,COUNTER_STEER,left,right,left,0
257,2026-08-01T22:37:46.151+09:00,29.415,256,8.74,1,AVOIDING_OBSTACLE,,0,0,0,,UNKNOWN,UNKNOWN,0,0,0.000000,-1.000000,70,686,unknown,0,unknown,0.000000,null,0.000000,0.401,,"{""0"": 250, ""1"": 250, ""2"": null, ""3"": null, ""4"": null, ""5"": null, ""6"": null, ""7"": null}","{""0"": 0.0, ""1"": 0.0, ""2"": null, ""3"": null, ""4"": null, ""5"": null, ""6"": null, ""7"": null}",{},,1,0,1,0,,maneuver-locked,COUNTER_STEER,left,right,left,0
258,2026-08-01T22:37:46.266+09:00,29.529,257,8.74,1,AVOIDING_OBSTACLE,,0,0,0,,UNKNOWN,UNKNOWN,0,0,0.000000,-1.000000,70,684,unknown,0,unknown,0.000000,null,0.000000,0.302,,"{""0"": 250, ""1"": 250, ""2"": null, ""3"": null, ""4"": null, ""5"": null, ""6"": null, ""7"": null}","{""0"": 0.0, ""1"": 0.0, ""2"": null, ""3"": null, ""4"": null, ""5"": null, ""6"": null, ""7"": null}",{},,1,0,1,0,,maneuver-locked,COUNTER_STEER,left,right,left,0
259,2026-08-01T22:37:46.378+09:00,29.643,258,8.74,1,AVOIDING_OBSTACLE,,0,0,0,,UNKNOWN,UNKNOWN,0,0,0.000000,-1.000000,70,682,unknown,0,unknown,0.000000,null,0.000000,0.305,,"{""0"": 250, ""1"": 250, ""2"": null, ""3"": null, ""4"": null, ""5"": null, ""6"": null, ""7"": null}","{""0"": 0.0, ""1"": 0.0, ""2"": null, ""3"": null, ""4"": null, ""5"": null, ""6"": null, ""7"": null}",{},,1,0,1,0,,maneuver-locked,COUNTER_STEER,left,right,left,0
260,2026-08-01T22:37:46.505+09:00,29.770,259,8.74,1,AVOIDING_OBSTACLE,,0,0,0,,UNKNOWN,UNKNOWN,0,0,0.000000,-1.000000,70,681,green,0,unknown,0.000000,null,0.000000,0.430,,"{""0"": 250, ""1"": 191, ""2"": null, ""3"": null, ""4"": null, ""5"": null, ""6"": null, ""7"": null}","{""0"": 0.0, ""1"": 0.0, ""2"": null, ""3"": null, ""4"": null, ""5"": null, ""6"": null, ""7"": null}",{},,1,0,1,0,,maneuver-locked,COUNTER_STEER,left,right,left,0
261,2026-08-01T22:37:46.616+09:00,29.879,260,8.74,1,DRIVING,state:AVOIDING_OBSTACLE->DRIVING;phase:COUNTER_STEER->KEEP,0,0,0,,UNKNOWN,UNKNOWN,0,0,0.000000,0.000000,70,681,red,0,unknown,0.000000,null,0.000000,0.315,,"{""0"": 182, ""1"": 250, ""2"": null, ""3"": null, ""4"": null, ""5"": null, ""6"": null, ""7"": null}","{""0"": 0.0, ""1"": 0.0, ""2"": null, ""3"": null, ""4"": null, ""5"": null, ""6"": null, ""7"": null}",{},,1,0,1,0,,maneuver-locked,KEEP,,,,0
262,2026-08-01T22:37:46.722+09:00,29.987,261,8.74,1,DRIVING,,0,1,0,-0.203219,OUTER,UNKNOWN,0,1,0.365794,0.365794,255,693,red,0,unknown,0.000000,null,0.000000,0.313,,"{""0"": 250, ""1"": 182, ""2"": null, ""3"": null, ""4"": null, ""5"": null, ""6"": null, ""7"": null}","{""0"": 0.0, ""1"": 0.0, ""2"": null, ""3"": null, ""4"": null, ""5"": null, ""6"": null, ""7"": null}","{""0"": 250, ""1"": 182}",182,1,0,0,0,0.313,ultrasonic-not-close,KEEP,left,right,,0
263,2026-08-01T22:37:46.835+09:00,30.098,262,8.74,1,DRIVING,,0,1,0,-0.292969,UNKNOWN,UNKNOWN,0,1,0.688894,0.688894,255,712,red,0,unknown,0.000000,null,0.000000,0.423,,"{""0"": 149, ""1"": 149, ""2"": null, ""3"": null, ""4"": null, ""5"": null, ""6"": null, ""7"": null}","{""0"": 0.0, ""1"": 0.0, ""2"": null, ""3"": null, ""4"": null, ""5"": null, ""6"": null, ""7"": null}","{""0"": 149, ""1"": 149}",149,1,1,0,0,0.423,car-not-detected-or-stale,KEEP,left,right,,0
264,2026-08-01T22:37:46.945+09:00,30.207,263,8.74,1,DRIVING,,0,1,0,-0.371317,UNKNOWN,UNKNOWN,0,1,0.922482,0.922482,100,758,red,0,unknown,0.000000,null,0.000000,0.294,,"{""0"": 166, ""1"": 76, ""2"": null, ""3"": null, ""4"": null, ""5"": null, ""6"": null, ""7"": null}","{""0"": 0.0, ""1"": 0.0, ""2"": null, ""3"": null, ""4"": null, ""5"": null, ""6"": null, ""7"": null}","{""0"": 166, ""1"": 76}",76,1,1,0,0,0.294,car-not-detected-or-stale,KEEP,left,right,,0
265,2026-08-01T22:37:47.053+09:00,30.314,264,8.75,1,DRIVING,,0,1,0,-0.518133,UNKNOWN,UNKNOWN,0,1,1.000000,1.000000,255,779,red,0,unknown,0.000000,null,0.000000,0.296,,"{""0"": 250, ""1"": 135, ""2"": null, ""3"": null, ""4"": null, ""5"": null, ""6"": null, ""7"": null}","{""0"": 0.0, ""1"": 0.0, ""2"": null, ""3"": null, ""4"": null, ""5"": null, ""6"": null, ""7"": null}","{""0"": 250, ""1"": 135}",135,1,1,0,0,0.296,car-not-detected-or-stale,KEEP,left,right,,0
266,2026-08-01T22:37:47.168+09:00,30.431,265,8.74,1,DRIVING,,0,1,0,-0.587508,UNKNOWN,UNKNOWN,0,1,1.000000,1.000000,100,799,red,0,unknown,0.000000,null,0.000000,0.190,,"{""0"": 180, ""1"": 71, ""2"": null, ""3"": null, ""4"": null, ""5"": null, ""6"": null, ""7"": null}","{""0"": 0.0, ""1"": 0.0, ""2"": null, ""3"": null, ""4"": null, ""5"": null, ""6"": null, ""7"": null}","{""0"": 180, ""1"": 71}",71,1,1,0,0,0.190,car-not-detected-or-stale,KEEP,left,right,,0
267,2026-08-01T22:37:47.278+09:00,30.540,266,8.75,1,DRIVING,,0,1,0,-0.640658,UNKNOWN,UNKNOWN,0,1,1.000000,1.000000,255,806,unknown,0,unknown,0.000000,null,0.000000,0.297,,"{""0"": 128, ""1"": 122, ""2"": null, ""3"": null, ""4"": null, ""5"": null, ""6"": null, ""7"": null}","{""0"": 0.0, ""1"": 0.0, ""2"": null, ""3"": null, ""4"": null, ""5"": null, ""6"": null, ""7"": null}","{""0"": 128, ""1"": 122}",122,1,1,0,0,0.297,car-not-detected-or-stale,KEEP,left,right,,0
268,2026-08-01T22:37:47.385+09:00,30.649,267,8.75,1,DRIVING,,0,1,0,-0.666289,UNKNOWN,UNKNOWN,0,1,1.000000,1.000000,255,818,unknown,0,unknown,0.000000,null,0.000000,0.300,,"{""0"": 135, ""1"": 118, ""2"": null, ""3"": null, ""4"": null, ""5"": null, ""6"": null, ""7"": null}","{""0"": 0.0, ""1"": 0.0, ""2"": null, ""3"": null, ""4"": null, ""5"": null, ""6"": null, ""7"": null}","{""0"": 135, ""1"": 118}",118,1,1,0,0,0.300,car-not-detected-or-stale,KEEP,left,right,,0
269,2026-08-01T22:37:47.501+09:00,30.764,268,8.75,1,DRIVING,,0,1,0,-0.668979,UNKNOWN,UNKNOWN,0,0,1.000000,1.000000,100,820,unknown,0,unknown,0.000000,null,0.000000,0.187,,"{""0"": 114, ""1"": 51, ""2"": null, ""3"": null, ""4"": null, ""5"": null, ""6"": null, ""7"": null}","{""0"": 0.0, ""1"": 0.0, ""2"": null, ""3"": null, ""4"": null, ""5"": null, ""6"": null, ""7"": null}","{""0"": 114, ""1"": 51}",51,1,1,0,0,0.187,car-not-detected-or-stale,KEEP,left,right,,0
270,2026-08-01T22:37:47.620+09:00,30.881,269,8.75,1,DRIVING,,0,1,0,-0.671038,UNKNOWN,UNKNOWN,0,0,1.000000,1.000000,255,819,red,0,unknown,0.000000,null,0.000000,0.304,,"{""0"": 104, ""1"": 131, ""2"": null, ""3"": null, ""4"": null, ""5"": null, ""6"": null, ""7"": null}","{""0"": 0.0, ""1"": 0.0, ""2"": null, ""3"": null, ""4"": null, ""5"": null, ""6"": null, ""7"": null}","{""0"": 104, ""1"": 131}",104,1,1,0,0,0.304,car-not-detected-or-stale,KEEP,left,right,,0
271,2026-08-01T22:37:47.722+09:00,30.986,270,8.75,1,DRIVING,,0,1,0,-0.665943,UNKNOWN,UNKNOWN,0,0,1.000000,1.000000,255,818,red,1,obstacle-car,0.701489,"[870, 0, 1277, 471]",0.208027,0.304,,"{""0"": 250, ""1"": 137, ""2"": null, ""3"": null, ""4"": null, ""5"": null, ""6"": null, ""7"": null}","{""0"": 0.0, ""1"": 0.0, ""2"": null, ""3"": null, ""4"": null, ""5"": null, ""6"": null, ""7"": null}","{""0"": 250, ""1"": 137}",137,1,1,1,1,0.304,car+ultrasonic,KEEP,left,right,,0
272,2026-08-01T22:37:47.830+09:00,31.094,271,8.75,1,DRIVING,,0,1,0,-0.658242,UNKNOWN,UNKNOWN,0,0,1.000000,1.000000,100,819,red,0,unknown,0.000000,null,0.000000,0.293,,"{""0"": 66, ""1"": 98, ""2"": null, ""3"": null, ""4"": null, ""5"": null, ""6"": null, ""7"": null}","{""0"": 0.0, ""1"": 0.0, ""2"": null, ""3"": null, ""4"": null, ""5"": null, ""6"": null, ""7"": null}","{""0"": 66, ""1"": 98}",66,1,1,0,0,0.293,car-not-detected-or-stale,KEEP,left,right,,0
273,2026-08-01T22:37:47.935+09:00,31.198,272,8.75,1,DRIVING,,0,1,0,-0.647444,UNKNOWN,UNKNOWN,0,0,1.000000,1.000000,100,818,red,0,unknown,0.000000,null,0.000000,0.398,,"{""0"": 118, ""1"": 57, ""2"": null, ""3"": null, ""4"": null, ""5"": null, ""6"": null, ""7"": null}","{""0"": 0.0, ""1"": 0.0, ""2"": null, ""3"": null, ""4"": null, ""5"": null, ""6"": null, ""7"": null}","{""0"": 118, ""1"": 57}",57,1,1,0,0,0.398,car-not-detected-or-stale,KEEP,left,right,,0
274,2026-08-01T22:37:48.037+09:00,31.302,273,8.76,1,DRIVING,,0,1,0,-0.635658,UNKNOWN,UNKNOWN,0,0,1.000000,1.000000,255,818,red,1,obstacle-car,0.742096,"[786, 0, 1276, 512]",0.272146,0.284,,"{""0"": 111, ""1"": 94, ""2"": null, ""3"": null, ""4"": null, ""5"": null, ""6"": null, ""7"": null}","{""0"": 0.0, ""1"": 0.0, ""2"": null, ""3"": null, ""4"": null, ""5"": null, ""6"": null, ""7"": null}","{""0"": 111, ""1"": 94}",94,1,1,1,1,0.284,car+ultrasonic,KEEP,left,right,,0
275,2026-08-01T22:37:48.147+09:00,31.411,274,8.76,1,DRIVING,,0,1,0,-0.622037,UNKNOWN,UNKNOWN,0,0,1.000000,1.000000,255,819,unknown,1,obstacle-car,0.672054,"[845, 4, 1278, 484]",0.225460,0.288,,"{""0"": 117, ""1"": 109, ""2"": null, ""3"": null, ""4"": null, ""5"": null, ""6"": null, ""7"": null}","{""0"": 0.001, ""1"": 0.0, ""2"": null, ""3"": null, ""4"": null, ""5"": null, ""6"": null, ""7"": null}","{""0"": 117, ""1"": 109}",109,1,1,1,2,0.288,car+ultrasonic,KEEP,left,right,,0
276,2026-08-01T22:37:48.258+09:00,31.519,275,8.76,1,AVOIDING_OBSTACLE,state:DRIVING->AVOIDING_OBSTACLE;phase:KEEP->CHANGING,0,1,0,-0.607812,UNKNOWN,UNKNOWN,0,0,0.000000,1.000000,70,817,unknown,1,obstacle-car,0.672054,"[845, 4, 1278, 484]",0.225460,0.391,,"{""0"": 109, ""1"": 107, ""2"": null, ""3"": null, ""4"": null, ""5"": null, ""6"": null, ""7"": null}","{""0"": 0.0, ""1"": 0.0, ""2"": null, ""3"": null, ""4"": null, ""5"": null, ""6"": null, ""7"": null}","{""0"": 109, ""1"": 107}",107,1,1,1,0,0.391,car+ultrasonic,CHANGING,left,right,left,0
277,2026-08-01T22:37:48.358+09:00,31.623,276,8.76,1,AVOIDING_OBSTACLE,,0,0,0,,UNKNOWN,UNKNOWN,0,0,0.000000,1.000000,70,818,unknown,0,unknown,0.000000,null,0.000000,0.292,,"{""0"": 71, ""1"": 99, ""2"": null, ""3"": null, ""4"": null, ""5"": null, ""6"": null, ""7"": null}","{""0"": 0.0, ""1"": 0.0, ""2"": null, ""3"": null, ""4"": null, ""5"": null, ""6"": null, ""7"": null}",{},,1,0,1,0,,maneuver-locked,CHANGING,left,right,left,0
278,2026-08-01T22:37:48.461+09:00,31.725,277,8.77,1,AVOIDING_OBSTACLE,,0,0,0,,UNKNOWN,UNKNOWN,0,0,0.000000,1.000000,70,817,unknown,1,obstacle-car,0.547094,"[1093, 2, 1280, 428]",0.086122,0.283,,"{""0"": 89, ""1"": 92, ""2"": null, ""3"": null, ""4"": null, ""5"": null, ""6"": null, ""7"": null}","{""0"": 0.0, ""1"": 0.0, ""2"": null, ""3"": null, ""4"": null, ""5"": null, ""6"": null, ""7"": null}",{},,1,0,1,0,,maneuver-locked,CHANGING,left,right,left,0
279,2026-08-01T22:37:48.563+09:00,31.827,278,8.77,1,AVOIDING_OBSTACLE,,0,0,0,,UNKNOWN,UNKNOWN,0,0,0.000000,1.000000,70,818,unknown,1,obstacle-car,0.547094,"[1093, 2, 1280, 428]",0.086122,0.383,,"{""0"": 82, ""1"": 85, ""2"": null, ""3"": null, ""4"": null, ""5"": null, ""6"": null, ""7"": null}","{""0"": 0.0, ""1"": 0.0, ""2"": null, ""3"": null, ""4"": null, ""5"": null, ""6"": null, ""7"": null}",{},,1,0,1,0,,maneuver-locked,CHANGING,left,right,left,0
280,2026-08-01T22:37:48.664+09:00,31.928,279,8.77,1,AVOIDING_OBSTACLE,,0,0,0,,UNKNOWN,UNKNOWN,0,0,0.000000,1.000000,70,821,unknown,0,unknown,0.000000,null,0.000000,0.275,,"{""0"": 75, ""1"": 57, ""2"": null, ""3"": null, ""4"": null, ""5"": null, ""6"": null, ""7"": null}","{""0"": 0.0, ""1"": 0.0, ""2"": null, ""3"": null, ""4"": null, ""5"": null, ""6"": null, ""7"": null}",{},,1,0,1,0,,maneuver-locked,CHANGING,left,right,left,0
281,2026-08-01T22:37:48.770+09:00,32.035,280,8.77,1,AVOIDING_OBSTACLE,,0,0,0,,UNKNOWN,UNKNOWN,0,0,0.000000,1.000000,70,819,unknown,0,unknown,0.000000,null,0.000000,0.174,,"{""0"": 70, ""1"": 74, ""2"": null, ""3"": null, ""4"": null, ""5"": null, ""6"": null, ""7"": null}","{""0"": 0.0, ""1"": 0.0, ""2"": null, ""3"": null, ""4"": null, ""5"": null, ""6"": null, ""7"": null}",{},,1,0,1,0,,maneuver-locked,CHANGING,left,right,left,0
282,2026-08-01T22:37:48.877+09:00,32.140,281,8.78,1,AVOIDING_OBSTACLE,,0,0,0,,UNKNOWN,UNKNOWN,0,0,0.000000,1.000000,70,818,unknown,0,unknown,0.000000,null,0.000000,0.278,,"{""0"": 64, ""1"": 70, ""2"": null, ""3"": null, ""4"": null, ""5"": null, ""6"": null, ""7"": null}","{""0"": 0.0, ""1"": 0.0, ""2"": null, ""3"": null, ""4"": null, ""5"": null, ""6"": null, ""7"": null}",{},,1,0,1,0,,maneuver-locked,CHANGING,left,right,left,0
283,2026-08-01T22:37:48.993+09:00,32.256,282,8.78,1,AVOIDING_OBSTACLE,,0,0,0,,UNKNOWN,UNKNOWN,0,0,0.000000,1.000000,70,817,unknown,0,unknown,0.000000,null,0.000000,0.295,,"{""0"": 61, ""1"": 250, ""2"": null, ""3"": null, ""4"": null, ""5"": null, ""6"": null, ""7"": null}","{""0"": 0.0, ""1"": 0.0, ""2"": null, ""3"": null, ""4"": null, ""5"": null, ""6"": null, ""7"": null}",{},,1,0,1,0,,maneuver-locked,CHANGING,left,right,left,0
284,2026-08-01T22:37:49.105+09:00,32.369,283,8.78,1,AVOIDING_OBSTACLE,,0,0,0,,UNKNOWN,UNKNOWN,0,0,0.000000,1.000000,70,816,unknown,0,unknown,0.000000,null,0.000000,0.195,,"{""0"": 250, ""1"": 250, ""2"": null, ""3"": null, ""4"": null, ""5"": null, ""6"": null, ""7"": null}","{""0"": 0.0, ""1"": 0.0, ""2"": null, ""3"": null, ""4"": null, ""5"": null, ""6"": null, ""7"": null}",{},,1,0,1,0,,maneuver-locked,CHANGING,left,right,left,0
285,2026-08-01T22:37:49.217+09:00,32.481,284,8.78,1,AVOIDING_OBSTACLE,,0,0,0,,UNKNOWN,UNKNOWN,0,0,0.000000,1.000000,70,820,unknown,0,unknown,0.000000,null,0.000000,0.307,,"{""0"": 196, ""1"": 250, ""2"": null, ""3"": null, ""4"": null, ""5"": null, ""6"": null, ""7"": null}","{""0"": 0.0, ""1"": 0.0, ""2"": null, ""3"": null, ""4"": null, ""5"": null, ""6"": null, ""7"": null}",{},,1,0,1,0,,maneuver-locked,CHANGING,left,right,left,0
286,2026-08-01T22:37:49.336+09:00,32.600,285,8.78,1,AVOIDING_OBSTACLE,,0,0,0,,UNKNOWN,UNKNOWN,0,0,0.000000,1.000000,70,821,green,0,unknown,0.000000,null,0.000000,0.307,,"{""0"": 189, ""1"": 191, ""2"": null, ""3"": null, ""4"": null, ""5"": null, ""6"": null, ""7"": null}","{""0"": 0.0, ""1"": 0.0, ""2"": null, ""3"": null, ""4"": null, ""5"": null, ""6"": null, ""7"": null}",{},,1,0,1,0,,maneuver-locked,CHANGING,left,right,left,0
287,2026-08-01T22:37:49.448+09:00,32.713,286,8.78,1,AVOIDING_OBSTACLE,,0,0,0,,UNKNOWN,UNKNOWN,0,0,0.000000,1.000000,70,821,green,0,unknown,0.000000,null,0.000000,0.313,,"{""0"": 86, ""1"": 118, ""2"": null, ""3"": null, ""4"": null, ""5"": null, ""6"": null, ""7"": null}","{""0"": 0.0, ""1"": 0.0, ""2"": null, ""3"": null, ""4"": null, ""5"": null, ""6"": null, ""7"": null}",{},,1,0,1,0,,maneuver-locked,CHANGING,left,right,left,0
288,2026-08-01T22:37:49.565+09:00,32.830,287,8.78,1,AVOIDING_OBSTACLE,,0,0,0,,UNKNOWN,UNKNOWN,0,0,0.000000,1.000000,70,821,green,0,unknown,0.000000,null,0.000000,0.428,,"{""0"": 173, ""1"": 176, ""2"": null, ""3"": null, ""4"": null, ""5"": null, ""6"": null, ""7"": null}","{""0"": 0.0, ""1"": 0.0, ""2"": null, ""3"": null, ""4"": null, ""5"": null, ""6"": null, ""7"": null}",{},,1,0,1,0,,maneuver-locked,CHANGING,left,right,left,0
289,2026-08-01T22:37:49.677+09:00,32.940,288,8.78,1,AVOIDING_OBSTACLE,,0,0,0,,UNKNOWN,UNKNOWN,0,0,0.000000,1.000000,70,821,green,0,unknown,0.000000,null,0.000000,0.303,,"{""0"": 169, ""1"": 174, ""2"": null, ""3"": null, ""4"": null, ""5"": null, ""6"": null, ""7"": null}","{""0"": 0.0, ""1"": 0.0, ""2"": null, ""3"": null, ""4"": null, ""5"": null, ""6"": null, ""7"": null}",{},,1,0,1,0,,maneuver-locked,CHANGING,left,right,left,0
290,2026-08-01T22:37:49.787+09:00,33.049,289,8.78,1,AVOIDING_OBSTACLE,,0,0,0,,UNKNOWN,UNKNOWN,0,0,0.000000,1.000000,70,820,green,0,unknown,0.000000,null,0.000000,0.305,,"{""0"": 163, ""1"": 69, ""2"": null, ""3"": null, ""4"": null, ""5"": null, ""6"": null, ""7"": null}","{""0"": 0.0, ""1"": 0.0, ""2"": null, ""3"": null, ""4"": null, ""5"": null, ""6"": null, ""7"": null}",{},,1,0,1,0,,maneuver-locked,CHANGING,left,right,left,0
291,2026-08-01T22:37:49.909+09:00,33.171,290,8.78,1,AVOIDING_OBSTACLE,,0,0,0,,UNKNOWN,UNKNOWN,0,0,0.000000,1.000000,70,821,green,0,unknown,0.000000,null,0.000000,0.197,,"{""0"": 250, ""1"": 250, ""2"": null, ""3"": null, ""4"": null, ""5"": null, ""6"": null, ""7"": null}","{""0"": 0.0, ""1"": 0.0, ""2"": null, ""3"": null, ""4"": null, ""5"": null, ""6"": null, ""7"": null}",{},,1,0,1,0,,maneuver-locked,CHANGING,left,right,left,0
292,2026-08-01T22:37:50.024+09:00,33.288,291,8.78,1,AVOIDING_OBSTACLE,,0,0,0,,UNKNOWN,UNKNOWN,0,0,0.000000,1.000000,70,821,green,0,unknown,0.000000,null,0.000000,0.314,,"{""0"": 250, ""1"": 250, ""2"": null, ""3"": null, ""4"": null, ""5"": null, ""6"": null, ""7"": null}","{""0"": 0.0, ""1"": 0.0, ""2"": null, ""3"": null, ""4"": null, ""5"": null, ""6"": null, ""7"": null}",{},,1,0,1,0,,maneuver-locked,CHANGING,left,right,left,0
293,2026-08-01T22:37:50.144+09:00,33.409,292,8.77,1,AVOIDING_OBSTACLE,,0,0,0,,UNKNOWN,UNKNOWN,0,0,0.000000,1.000000,70,821,green,0,unknown,0.000000,null,0.000000,0.326,,"{""0"": 250, ""1"": 250, ""2"": null, ""3"": null, ""4"": null, ""5"": null, ""6"": null, ""7"": null}","{""0"": 0.0, ""1"": 0.0, ""2"": null, ""3"": null, ""4"": null, ""5"": null, ""6"": null, ""7"": null}",{},,1,0,1,0,,maneuver-locked,CHANGING,left,right,left,0
294,2026-08-01T22:37:50.261+09:00,33.526,293,8.77,1,AVOIDING_OBSTACLE,,0,0,0,,UNKNOWN,UNKNOWN,0,0,0.000000,1.000000,70,821,green,0,unknown,0.000000,null,0.000000,0.204,,"{""0"": 250, ""1"": 250, ""2"": null, ""3"": null, ""4"": null, ""5"": null, ""6"": null, ""7"": null}","{""0"": 0.0, ""1"": 0.0, ""2"": null, ""3"": null, ""4"": null, ""5"": null, ""6"": null, ""7"": null}",{},,1,0,1,0,,maneuver-locked,CHANGING,left,right,left,0
295,2026-08-01T22:37:50.387+09:00,33.652,294,8.77,1,AVOIDING_OBSTACLE,,0,0,0,,UNKNOWN,UNKNOWN,0,0,0.000000,1.000000,70,821,green,0,unknown,0.000000,null,0.000000,0.327,,"{""0"": 250, ""1"": 250, ""2"": null, ""3"": null, ""4"": null, ""5"": null, ""6"": null, ""7"": null}","{""0"": 0.0, ""1"": 0.0, ""2"": null, ""3"": null, ""4"": null, ""5"": null, ""6"": null, ""7"": null}",{},,1,0,1,0,,maneuver-locked,CHANGING,left,right,left,0
296,2026-08-01T22:37:50.503+09:00,33.767,295,8.77,1,AVOIDING_OBSTACLE,phase:CHANGING->COUNTER_STEER,0,0,0,,UNKNOWN,UNKNOWN,0,0,0.000000,-1.000000,70,822,green,0,unknown,0.000000,null,0.000000,0.326,,"{""0"": 250, ""1"": 250, ""2"": null, ""3"": null, ""4"": null, ""5"": null, ""6"": null, ""7"": null}","{""0"": 0.0, ""1"": 0.0, ""2"": null, ""3"": null, ""4"": null, ""5"": null, ""6"": null, ""7"": null}",{},,1,0,1,0,,maneuver-locked,COUNTER_STEER,left,right,left,0
297,2026-08-01T22:37:50.617+09:00,33.883,296,8.77,1,AVOIDING_OBSTACLE,,0,0,0,,UNKNOWN,UNKNOWN,0,0,0.000000,-1.000000,70,812,green,0,unknown,0.000000,null,0.000000,0.327,,"{""0"": 250, ""1"": 250, ""2"": null, ""3"": null, ""4"": null, ""5"": null, ""6"": null, ""7"": null}","{""0"": 0.0, ""1"": 0.0, ""2"": null, ""3"": null, ""4"": null, ""5"": null, ""6"": null, ""7"": null}",{},,1,0,1,0,,maneuver-locked,COUNTER_STEER,left,right,left,0
298,2026-08-01T22:37:50.732+09:00,33.997,297,8.77,1,AVOIDING_OBSTACLE,,0,0,0,,UNKNOWN,UNKNOWN,0,0,0.000000,-1.000000,70,768,green,0,unknown,0.000000,null,0.000000,0.198,,"{""0"": 250, ""1"": 250, ""2"": null, ""3"": null, ""4"": null, ""5"": null, ""6"": null, ""7"": null}","{""0"": 0.0, ""1"": 0.0, ""2"": null, ""3"": null, ""4"": null, ""5"": null, ""6"": null, ""7"": null}",{},,1,0,1,0,,maneuver-locked,COUNTER_STEER,left,right,left,0
299,2026-08-01T22:37:50.839+09:00,34.102,298,8.77,1,AVOIDING_OBSTACLE,,0,0,0,,UNKNOWN,UNKNOWN,0,0,0.000000,-1.000000,70,717,green,0,unknown,0.000000,null,0.000000,0.303,,"{""0"": 250, ""1"": 250, ""2"": null, ""3"": null, ""4"": null, ""5"": null, ""6"": null, ""7"": null}","{""0"": 0.0, ""1"": 0.0, ""2"": null, ""3"": null, ""4"": null, ""5"": null, ""6"": null, ""7"": null}",{},,1,0,1,0,,maneuver-locked,COUNTER_STEER,left,right,left,0
300,2026-08-01T22:37:50.940+09:00,34.205,299,8.77,1,AVOIDING_OBSTACLE,,0,0,0,,UNKNOWN,UNKNOWN,0,0,0.000000,-1.000000,70,701,green,0,unknown,0.000000,null,0.000000,0.293,,"{""0"": 250, ""1"": 250, ""2"": null, ""3"": null, ""4"": null, ""5"": null, ""6"": null, ""7"": null}","{""0"": 0.0, ""1"": 0.0, ""2"": null, ""3"": null, ""4"": null, ""5"": null, ""6"": null, ""7"": null}",{},,1,0,1,0,,maneuver-locked,COUNTER_STEER,left,right,left,0
301,2026-08-01T22:37:51.055+09:00,34.318,300,8.77,1,AVOIDING_OBSTACLE,,0,0,0,,UNKNOWN,UNKNOWN,0,0,0.000000,-1.000000,70,687,green,0,unknown,0.000000,null,0.000000,0.183,,"{""0"": 250, ""1"": 250, ""2"": null, ""3"": null, ""4"": null, ""5"": null, ""6"": null, ""7"": null}","{""0"": 0.0, ""1"": 0.0, ""2"": null, ""3"": null, ""4"": null, ""5"": null, ""6"": null, ""7"": null}",{},,1,0,1,0,,maneuver-locked,COUNTER_STEER,left,right,left,0
302,2026-08-01T22:37:51.177+09:00,34.442,301,8.77,1,AVOIDING_OBSTACLE,,0,0,0,,UNKNOWN,UNKNOWN,0,0,0.000000,-1.000000,70,688,green,0,unknown,0.000000,null,0.000000,0.306,,"{""0"": 250, ""1"": 250, ""2"": null, ""3"": null, ""4"": null, ""5"": null, ""6"": null, ""7"": null}","{""0"": 0.0, ""1"": 0.0, ""2"": null, ""3"": null, ""4"": null, ""5"": null, ""6"": null, ""7"": null}",{},,1,0,1,0,,maneuver-locked,COUNTER_STEER,left,right,left,0
303,2026-08-01T22:37:51.284+09:00,34.549,302,8.77,1,AVOIDING_OBSTACLE,,0,0,0,,UNKNOWN,UNKNOWN,0,0,0.000000,-1.000000,70,686,green,1,obstacle-car,0.482744,"[11, 2, 898, 232]",0.221178,0.313,,"{""0"": 250, ""1"": 250, ""2"": null, ""3"": null, ""4"": null, ""5"": null, ""6"": null, ""7"": null}","{""0"": 0.0, ""1"": 0.0, ""2"": null, ""3"": null, ""4"": null, ""5"": null, ""6"": null, ""7"": null}",{},,1,0,1,0,,maneuver-locked,COUNTER_STEER,left,right,left,0
304,2026-08-01T22:37:51.393+09:00,34.659,303,8.77,0,AVOIDING_OBSTACLE,phase:COUNTER_STEER->COUNTER_STEER_PAUSED,0,0,0,,UNKNOWN,UNKNOWN,0,0,0.000000,0.000000,0,686,green,0,unknown,0.000000,null,0.000000,0.305,,"{""0"": 250, ""1"": 250, ""2"": null, ""3"": null, ""4"": null, ""5"": null, ""6"": null, ""7"": null}","{""0"": 0.0, ""1"": 0.0, ""2"": null, ""3"": null, ""4"": null, ""5"": null, ""6"": null, ""7"": null}",{},,1,0,1,0,,maneuver-locked,COUNTER_STEER_PAUSED,left,right,left,0
305,2026-08-01T22:37:51.518+09:00,34.784,304,8.77,0,AVOIDING_OBSTACLE,,0,0,0,,UNKNOWN,UNKNOWN,0,0,0.000000,0.000000,0,711,green,0,unknown,0.000000,null,0.000000,0.430,,"{""0"": 250, ""1"": 250, ""2"": null, ""3"": null, ""4"": null, ""5"": null, ""6"": null, ""7"": null}","{""0"": 0.0, ""1"": 0.0, ""2"": null, ""3"": null, ""4"": null, ""5"": null, ""6"": null, ""7"": null}",{},,1,0,1,0,,maneuver-locked,COUNTER_STEER_PAUSED,left,right,left,0
306,2026-08-01T22:37:51.626+09:00,34.891,305,8.77,0,AVOIDING_OBSTACLE,,0,0,0,,UNKNOWN,UNKNOWN,0,0,0.000000,0.000000,0,721,green,1,obstacle-car,0.528753,"[0, 2, 828, 162]",0.143384,0.317,,"{""0"": 250, ""1"": 250, ""2"": null, ""3"": null, ""4"": null, ""5"": null, ""6"": null, ""7"": null}","{""0"": 0.0, ""1"": 0.0, ""2"": null, ""3"": null, ""4"": null, ""5"": null, ""6"": null, ""7"": null}",{},,1,0,1,0,,maneuver-locked,COUNTER_STEER_PAUSED,left,right,left,0
307,2026-08-01T22:37:51.734+09:00,34.997,306,8.77,0,AVOIDING_OBSTACLE,,0,0,0,,UNKNOWN,UNKNOWN,0,0,0.000000,0.000000,0,728,green,0,unknown,0.000000,null,0.000000,0.308,,"{""0"": 250, ""1"": 250, ""2"": null, ""3"": null, ""4"": null, ""5"": null, ""6"": null, ""7"": null}","{""0"": 0.0, ""1"": 0.0, ""2"": null, ""3"": null, ""4"": null, ""5"": null, ""6"": null, ""7"": null}",{},,1,0,1,0,,maneuver-locked,COUNTER_STEER_PAUSED,left,right,left,0
308,2026-08-01T22:37:51.842+09:00,35.106,307,8.78,0,AVOIDING_OBSTACLE,,0,0,0,,UNKNOWN,UNKNOWN,0,0,0.000000,0.000000,0,737,green,0,unknown,0.000000,null,0.000000,0.416,,"{""0"": 250, ""1"": 250, ""2"": null, ""3"": null, ""4"": null, ""5"": null, ""6"": null, ""7"": null}","{""0"": 0.0, ""1"": 0.0, ""2"": null, ""3"": null, ""4"": null, ""5"": null, ""6"": null, ""7"": null}",{},,1,0,1,0,,maneuver-locked,COUNTER_STEER_PAUSED,left,right,left,0
309,2026-08-01T22:37:51.959+09:00,35.223,308,8.78,0,AVOIDING_OBSTACLE,,0,0,0,,UNKNOWN,UNKNOWN,0,0,0.000000,0.000000,0,738,green,0,unknown,0.000000,null,0.000000,0.301,,"{""0"": 250, ""1"": 250, ""2"": null, ""3"": null, ""4"": null, ""5"": null, ""6"": null, ""7"": null}","{""0"": 0.0, ""1"": 0.0, ""2"": null, ""3"": null, ""4"": null, ""5"": null, ""6"": null, ""7"": null}",{},,1,0,1,0,,maneuver-locked,COUNTER_STEER_PAUSED,left,right,left,0
310,2026-08-01T22:37:52.072+09:00,35.336,309,8.78,0,AVOIDING_OBSTACLE,,0,0,0,,UNKNOWN,UNKNOWN,0,0,0.000000,0.000000,0,739,green,0,unknown,0.000000,null,0.000000,0.307,,"{""0"": 250, ""1"": 250, ""2"": null, ""3"": null, ""4"": null, ""5"": null, ""6"": null, ""7"": null}","{""0"": 0.0, ""1"": 0.0, ""2"": null, ""3"": null, ""4"": null, ""5"": null, ""6"": null, ""7"": null}",{},,1,0,1,0,,maneuver-locked,COUNTER_STEER_PAUSED,left,right,left,0
311,2026-08-01T22:37:52.183+09:00,35.448,310,8.78,0,AVOIDING_OBSTACLE,,0,0,0,,UNKNOWN,UNKNOWN,0,0,0.000000,0.000000,0,738,green,0,unknown,0.000000,null,0.000000,0.193,,"{""0"": 250, ""1"": 250, ""2"": null, ""3"": null, ""4"": null, ""5"": null, ""6"": null, ""7"": null}","{""0"": 0.0, ""1"": 0.0, ""2"": null, ""3"": null, ""4"": null, ""5"": null, ""6"": null, ""7"": null}",{},,1,0,1,0,,maneuver-locked,COUNTER_STEER_PAUSED,left,right,left,0
312,2026-08-01T22:37:52.296+09:00,35.559,311,8.78,0,AVOIDING_OBSTACLE,,0,0,0,,UNKNOWN,UNKNOWN,0,0,0.000000,0.000000,0,738,green,0,unknown,0.000000,null,0.000000,0.302,,"{""0"": 250, ""1"": 250, ""2"": null, ""3"": null, ""4"": null, ""5"": null, ""6"": null, ""7"": null}","{""0"": 0.0, ""1"": 0.0, ""2"": null, ""3"": null, ""4"": null, ""5"": null, ""6"": null, ""7"": null}",{},,1,0,1,0,,maneuver-locked,COUNTER_STEER_PAUSED,left,right,left,0
313,2026-08-01T22:37:52.411+09:00,35.676,312,8.78,0,AVOIDING_OBSTACLE,,0,0,0,,UNKNOWN,UNKNOWN,0,0,0.000000,0.000000,0,739,green,0,unknown,0.000000,null,0.000000,0.309,,"{""0"": 250, ""1"": 250, ""2"": null, ""3"": null, ""4"": null, ""5"": null, ""6"": null, ""7"": null}","{""0"": 0.0, ""1"": 0.0, ""2"": null, ""3"": null, ""4"": null, ""5"": null, ""6"": null, ""7"": null}",{},,1,0,1,0,,maneuver-locked,COUNTER_STEER_PAUSED,left,right,left,0
314,2026-08-01T22:37:52.526+09:00,35.791,313,8.78,0,AVOIDING_OBSTACLE,,0,0,0,,UNKNOWN,UNKNOWN,0,0,0.000000,0.000000,0,738,green,0,unknown,0.000000,null,0.000000,0.199,,"{""0"": 250, ""1"": 250, ""2"": null, ""3"": null, ""4"": null, ""5"": null, ""6"": null, ""7"": null}","{""0"": 0.0, ""1"": 0.0, ""2"": null, ""3"": null, ""4"": null, ""5"": null, ""6"": null, ""7"": null}",{},,1,0,1,0,,maneuver-locked,COUNTER_STEER_PAUSED,left,right,left,0
315,2026-08-01T22:37:52.638+09:00,35.902,314,8.78,0,AVOIDING_OBSTACLE,,0,0,0,,UNKNOWN,UNKNOWN,0,0,0.000000,0.000000,0,738,green,0,unknown,0.000000,null,0.000000,0.309,,"{""0"": 250, ""1"": 250, ""2"": null, ""3"": null, ""4"": null, ""5"": null, ""6"": null, ""7"": null}","{""0"": 0.0, ""1"": 0.0, ""2"": null, ""3"": null, ""4"": null, ""5"": null, ""6"": null, ""7"": null}",{},,1,0,1,0,,maneuver-locked,COUNTER_STEER_PAUSED,left,right,left,0
316,2026-08-01T22:37:52.751+09:00,36.015,315,8.78,0,AVOIDING_OBSTACLE,,0,0,0,,UNKNOWN,UNKNOWN,0,0,0.000000,0.000000,0,738,green,0,unknown,0.000000,null,0.000000,0.309,,"{""0"": 250, ""1"": 250, ""2"": null, ""3"": null, ""4"": null, ""5"": null, ""6"": null, ""7"": null}","{""0"": 0.0, ""1"": 0.0, ""2"": null, ""3"": null, ""4"": null, ""5"": null, ""6"": null, ""7"": null}",{},,1,0,1,0,,maneuver-locked,COUNTER_STEER_PAUSED,left,right,left,0
317,2026-08-01T22:37:52.862+09:00,36.125,316,8.78,0,AVOIDING_OBSTACLE,,0,0,0,,UNKNOWN,UNKNOWN,0,0,0.000000,0.000000,0,738,green,0,unknown,0.000000,null,0.000000,0.192,,"{""0"": 250, ""1"": 250, ""2"": null, ""3"": null, ""4"": null, ""5"": null, ""6"": null, ""7"": null}","{""0"": 0.0, ""1"": 0.0, ""2"": null, ""3"": null, ""4"": null, ""5"": null, ""6"": null, ""7"": null}",{},,1,0,1,0,,maneuver-locked,COUNTER_STEER_PAUSED,left,right,left,0
318,2026-08-01T22:37:52.976+09:00,36.240,317,8.78,0,AVOIDING_OBSTACLE,,0,0,0,,UNKNOWN,UNKNOWN,0,0,0.000000,0.000000,0,738,green,0,unknown,0.000000,null,0.000000,0.305,,"{""0"": 250, ""1"": 250, ""2"": null, ""3"": null, ""4"": null, ""5"": null, ""6"": null, ""7"": null}","{""0"": 0.0, ""1"": 0.0, ""2"": null, ""3"": null, ""4"": null, ""5"": null, ""6"": null, ""7"": null}",{},,1,0,1,0,,maneuver-locked,COUNTER_STEER_PAUSED,left,right,left,0
319,2026-08-01T22:37:53.092+09:00,36.355,318,8.78,0,AVOIDING_OBSTACLE,,0,0,0,,UNKNOWN,UNKNOWN,0,0,0.000000,0.000000,0,738,green,0,unknown,0.000000,null,0.000000,0.309,,"{""0"": 250, ""1"": 250, ""2"": null, ""3"": null, ""4"": null, ""5"": null, ""6"": null, ""7"": null}","{""0"": 0.0, ""1"": 0.0, ""2"": null, ""3"": null, ""4"": null, ""5"": null, ""6"": null, ""7"": null}",{},,1,0,1,0,,maneuver-locked,COUNTER_STEER_PAUSED,left,right,left,0
320,2026-08-01T22:37:53.201+09:00,36.466,319,8.78,0,AVOIDING_OBSTACLE,,0,0,0,,UNKNOWN,UNKNOWN,0,0,0.000000,0.000000,0,738,green,0,unknown,0.000000,null,0.000000,0.309,,"{""0"": 250, ""1"": 250, ""2"": null, ""3"": null, ""4"": null, ""5"": null, ""6"": null, ""7"": null}","{""0"": 0.0, ""1"": 0.0, ""2"": null, ""3"": null, ""4"": null, ""5"": null, ""6"": null, ""7"": null}",{},,1,0,1,0,,maneuver-locked,COUNTER_STEER_PAUSED,left,right,left,0
321,2026-08-01T22:37:53.312+09:00,36.576,320,8.78,0,AVOIDING_OBSTACLE,,0,0,0,,UNKNOWN,UNKNOWN,0,0,0.000000,0.000000,0,737,green,0,unknown,0.000000,null,0.000000,0.418,,"{""0"": 250, ""1"": 250, ""2"": null, ""3"": null, ""4"": null, ""5"": null, ""6"": null, ""7"": null}","{""0"": 0.0, ""1"": 0.0, ""2"": null, ""3"": null, ""4"": null, ""5"": null, ""6"": null, ""7"": null}",{},,1,0,1,0,,maneuver-locked,COUNTER_STEER_PAUSED,left,right,left,0
322,2026-08-01T22:37:53.411+09:00,36.676,321,8.78,0,AVOIDING_OBSTACLE,,0,0,0,,UNKNOWN,UNKNOWN,0,0,0.000000,0.000000,0,738,green,0,unknown,0.000000,null,0.000000,0.288,,"{""0"": 250, ""1"": 250, ""2"": null, ""3"": null, ""4"": null, ""5"": null, ""6"": null, ""7"": null}","{""0"": 0.0, ""1"": 0.0, ""2"": null, ""3"": null, ""4"": null, ""5"": null, ""6"": null, ""7"": null}",{},,1,0,1,0,,maneuver-locked,COUNTER_STEER_PAUSED,left,right,left,0
323,2026-08-01T22:37:53.528+09:00,36.792,322,8.78,0,AVOIDING_OBSTACLE,,0,0,0,,UNKNOWN,UNKNOWN,0,0,0.000000,0.000000,0,739,green,0,unknown,0.000000,null,0.000000,0.296,,"{""0"": 250, ""1"": 250, ""2"": null, ""3"": null, ""4"": null, ""5"": null, ""6"": null, ""7"": null}","{""0"": 0.0, ""1"": 0.0, ""2"": null, ""3"": null, ""4"": null, ""5"": null, ""6"": null, ""7"": null}",{},,1,0,1,0,,maneuver-locked,COUNTER_STEER_PAUSED,left,right,left,0
324,2026-08-01T22:37:53.643+09:00,36.906,323,8.78,0,AVOIDING_OBSTACLE,,0,0,0,,UNKNOWN,UNKNOWN,0,0,0.000000,0.000000,0,738,green,0,unknown,0.000000,null,0.000000,0.409,,"{""0"": 250, ""1"": 250, ""2"": null, ""3"": null, ""4"": null, ""5"": null, ""6"": null, ""7"": null}","{""0"": 0.0, ""1"": 0.0, ""2"": null, ""3"": null, ""4"": null, ""5"": null, ""6"": null, ""7"": null}",{},,1,0,1,0,,maneuver-locked,COUNTER_STEER_PAUSED,left,right,left,0
325,2026-08-01T22:37:53.748+09:00,37.010,324,8.78,0,AVOIDING_OBSTACLE,,0,0,0,,UNKNOWN,UNKNOWN,0,0,0.000000,0.000000,0,738,green,0,unknown,0.000000,null,0.000000,0.303,,"{""0"": 250, ""1"": 250, ""2"": null, ""3"": null, ""4"": null, ""5"": null, ""6"": null, ""7"": null}","{""0"": 0.0, ""1"": 0.0, ""2"": null, ""3"": null, ""4"": null, ""5"": null, ""6"": null, ""7"": null}",{},,1,0,1,0,,maneuver-locked,COUNTER_STEER_PAUSED,left,right,left,0
326,2026-08-01T22:37:53.861+09:00,37.122,325,8.78,0,AVOIDING_OBSTACLE,,0,0,0,,UNKNOWN,UNKNOWN,0,0,0.000000,0.000000,0,738,green,0,unknown,0.000000,null,0.000000,0.298,,"{""0"": 250, ""1"": 250, ""2"": null, ""3"": null, ""4"": null, ""5"": null, ""6"": null, ""7"": null}","{""0"": 0.0, ""1"": 0.0, ""2"": null, ""3"": null, ""4"": null, ""5"": null, ""6"": null, ""7"": null}",{},,1,0,1,0,,maneuver-locked,COUNTER_STEER_PAUSED,left,right,left,0
327,2026-08-01T22:37:53.977+09:00,37.241,326,8.78,0,AVOIDING_OBSTACLE,,0,0,0,,UNKNOWN,UNKNOWN,0,0,0.000000,0.000000,0,739,green,0,unknown,0.000000,null,0.000000,0.198,,"{""0"": 250, ""1"": 250, ""2"": null, ""3"": null, ""4"": null, ""5"": null, ""6"": null, ""7"": null}","{""0"": 0.0, ""1"": 0.0, ""2"": null, ""3"": null, ""4"": null, ""5"": null, ""6"": null, ""7"": null}",{},,1,0,1,0,,maneuver-locked,COUNTER_STEER_PAUSED,left,right,left,0
328,2026-08-01T22:37:54.080+09:00,37.345,327,8.79,0,AVOIDING_OBSTACLE,,0,0,0,,UNKNOWN,UNKNOWN,0,0,0.000000,0.000000,0,738,green,0,unknown,0.000000,null,0.000000,0.300,,"{""0"": 250, ""1"": 250, ""2"": null, ""3"": null, ""4"": null, ""5"": null, ""6"": null, ""7"": null}","{""0"": 0.0, ""1"": 0.0, ""2"": null, ""3"": null, ""4"": null, ""5"": null, ""6"": null, ""7"": null}",{},,1,0,1,0,,maneuver-locked,COUNTER_STEER_PAUSED,left,right,left,0
329,2026-08-01T22:37:54.180+09:00,37.444,328,8.79,0,AVOIDING_OBSTACLE,,0,0,0,,UNKNOWN,UNKNOWN,0,0,0.000000,0.000000,0,738,green,0,unknown,0.000000,null,0.000000,0.288,,"{""0"": 250, ""1"": 250, ""2"": null, ""3"": null, ""4"": null, ""5"": null, ""6"": null, ""7"": null}","{""0"": 0.0, ""1"": 0.0, ""2"": null, ""3"": null, ""4"": null, ""5"": null, ""6"": null, ""7"": null}",{},,1,0,1,0,,maneuver-locked,COUNTER_STEER_PAUSED,left,right,left,0
330,2026-08-01T22:37:54.291+09:00,37.555,329,8.79,0,AVOIDING_OBSTACLE,,0,0,0,,UNKNOWN,UNKNOWN,0,0,0.000000,0.000000,0,739,green,0,unknown,0.000000,null,0.000000,0.179,,"{""0"": 250, ""1"": 250, ""2"": null, ""3"": null, ""4"": null, ""5"": null, ""6"": null, ""7"": null}","{""0"": 0.0, ""1"": 0.0, ""2"": null, ""3"": null, ""4"": null, ""5"": null, ""6"": null, ""7"": null}",{},,1,0,1,0,,maneuver-locked,COUNTER_STEER_PAUSED,left,right,left,0
331,2026-08-01T22:37:54.411+09:00,37.672,330,8.79,0,AVOIDING_OBSTACLE,,0,0,0,,UNKNOWN,UNKNOWN,0,0,0.000000,0.000000,0,739,green,0,unknown,0.000000,null,0.000000,0.295,,"{""0"": 250, ""1"": 250, ""2"": null, ""3"": null, ""4"": null, ""5"": null, ""6"": null, ""7"": null}","{""0"": 0.0, ""1"": 0.0, ""2"": null, ""3"": null, ""4"": null, ""5"": null, ""6"": null, ""7"": null}",{},,1,0,1,0,,maneuver-locked,COUNTER_STEER_PAUSED,left,right,left,0
332,2026-08-01T22:37:54.527+09:00,37.792,331,8.79,0,AVOIDING_OBSTACLE,,0,0,0,,UNKNOWN,UNKNOWN,0,0,0.000000,0.000000,0,738,green,0,unknown,0.000000,null,0.000000,0.315,,"{""0"": 250, ""1"": 250, ""2"": null, ""3"": null, ""4"": null, ""5"": null, ""6"": null, ""7"": null}","{""0"": 0.0, ""1"": 0.0, ""2"": null, ""3"": null, ""4"": null, ""5"": null, ""6"": null, ""7"": null}",{},,1,0,1,0,,maneuver-locked,COUNTER_STEER_PAUSED,left,right,left,0
333,2026-08-01T22:37:54.632+09:00,37.895,332,8.79,0,AVOIDING_OBSTACLE,,0,0,0,,UNKNOWN,UNKNOWN,0,0,0.000000,0.000000,0,739,green,0,unknown,0.000000,null,0.000000,0.309,,"{""0"": 250, ""1"": 250, ""2"": null, ""3"": null, ""4"": null, ""5"": null, ""6"": null, ""7"": null}","{""0"": 0.0, ""1"": 0.0, ""2"": null, ""3"": null, ""4"": null, ""5"": null, ""6"": null, ""7"": null}",{},,1,0,1,0,,maneuver-locked,COUNTER_STEER_PAUSED,left,right,left,0
334,2026-08-01T22:37:54.733+09:00,37.997,333,8.79,0,AVOIDING_OBSTACLE,,0,0,0,,UNKNOWN,UNKNOWN,0,0,0.000000,0.000000,0,738,green,0,unknown,0.000000,null,0.000000,0.411,,"{""0"": 250, ""1"": 250, ""2"": null, ""3"": null, ""4"": null, ""5"": null, ""6"": null, ""7"": null}","{""0"": 0.0, ""1"": 0.0, ""2"": null, ""3"": null, ""4"": null, ""5"": null, ""6"": null, ""7"": null}",{},,1,0,1,0,,maneuver-locked,COUNTER_STEER_PAUSED,left,right,left,0
335,2026-08-01T22:37:54.837+09:00,38.101,334,8.79,0,AVOIDING_OBSTACLE,,0,0,0,,UNKNOWN,UNKNOWN,0,0,0.000000,0.000000,0,739,green,0,unknown,0.000000,null,0.000000,0.279,,"{""0"": 250, ""1"": 250, ""2"": null, ""3"": null, ""4"": null, ""5"": null, ""6"": null, ""7"": null}","{""0"": 0.001, ""1"": 0.001, ""2"": null, ""3"": null, ""4"": null, ""5"": null, ""6"": null, ""7"": null}",{},,1,0,1,0,,maneuver-locked,COUNTER_STEER_PAUSED,left,right,left,0
336,2026-08-01T22:37:54.946+09:00,38.210,335,8.80,0,AVOIDING_OBSTACLE,,0,0,0,,UNKNOWN,UNKNOWN,0,0,0.000000,0.000000,0,739,green,0,unknown,0.000000,null,0.000000,0.284,,"{""0"": 250, ""1"": 250, ""2"": null, ""3"": null, ""4"": null, ""5"": null, ""6"": null, ""7"": null}","{""0"": 0.0, ""1"": 0.0, ""2"": null, ""3"": null, ""4"": null, ""5"": null, ""6"": null, ""7"": null}",{},,1,0,1,0,,maneuver-locked,COUNTER_STEER_PAUSED,left,right,left,0
337,2026-08-01T22:37:55.053+09:00,38.317,336,8.80,0,AVOIDING_OBSTACLE,,0,0,0,,UNKNOWN,UNKNOWN,0,0,0.000000,0.000000,0,739,green,0,unknown,0.000000,null,0.000000,0.388,,"{""0"": 250, ""1"": 250, ""2"": null, ""3"": null, ""4"": null, ""5"": null, ""6"": null, ""7"": null}","{""0"": 0.0, ""1"": 0.0, ""2"": null, ""3"": null, ""4"": null, ""5"": null, ""6"": null, ""7"": null}",{},,1,0,1,0,,maneuver-locked,COUNTER_STEER_PAUSED,left,right,left,0
338,2026-08-01T22:37:55.162+09:00,38.427,337,8.80,0,AVOIDING_OBSTACLE,,0,0,0,,UNKNOWN,UNKNOWN,0,0,0.000000,0.000000,0,738,green,0,unknown,0.000000,null,0.000000,0.295,,"{""0"": 250, ""1"": 250, ""2"": null, ""3"": null, ""4"": null, ""5"": null, ""6"": null, ""7"": null}","{""0"": 0.0, ""1"": 0.0, ""2"": null, ""3"": null, ""4"": null, ""5"": null, ""6"": null, ""7"": null}",{},,1,0,1,0,,maneuver-locked,COUNTER_STEER_PAUSED,left,right,left,0
339,2026-08-01T22:37:55.264+09:00,38.528,338,8.80,0,AVOIDING_OBSTACLE,,0,0,0,,UNKNOWN,UNKNOWN,0,0,0.000000,0.000000,0,739,green,0,unknown,0.000000,null,0.000000,0.287,,"{""0"": 250, ""1"": 250, ""2"": null, ""3"": null, ""4"": null, ""5"": null, ""6"": null, ""7"": null}","{""0"": 0.0, ""1"": 0.0, ""2"": null, ""3"": null, ""4"": null, ""5"": null, ""6"": null, ""7"": null}",{},,1,0,1,0,,maneuver-locked,COUNTER_STEER_PAUSED,left,right,left,0
340,2026-08-01T22:37:55.388+09:00,38.650,339,8.80,0,AVOIDING_OBSTACLE,,0,0,0,,UNKNOWN,UNKNOWN,0,0,0.000000,0.000000,0,739,green,0,unknown,0.000000,null,0.000000,0.405,,"{""0"": 250, ""1"": 250, ""2"": null, ""3"": null, ""4"": null, ""5"": null, ""6"": null, ""7"": null}","{""0"": 0.0, ""1"": 0.0, ""2"": null, ""3"": null, ""4"": null, ""5"": null, ""6"": null, ""7"": null}",{},,1,0,1,0,,maneuver-locked,COUNTER_STEER_PAUSED,left,right,left,0
341,2026-08-01T22:37:55.505+09:00,38.767,340,8.80,0,AVOIDING_OBSTACLE,,0,0,0,,UNKNOWN,UNKNOWN,0,0,0.000000,0.000000,0,738,green,0,unknown,0.000000,null,0.000000,0.308,,"{""0"": 250, ""1"": 250, ""2"": null, ""3"": null, ""4"": null, ""5"": null, ""6"": null, ""7"": null}","{""0"": 0.0, ""1"": 0.0, ""2"": null, ""3"": null, ""4"": null, ""5"": null, ""6"": null, ""7"": null}",{},,1,0,1,0,,maneuver-locked,COUNTER_STEER_PAUSED,left,right,left,0
342,2026-08-01T22:37:55.611+09:00,38.873,341,8.80,0,AVOIDING_OBSTACLE,,0,0,0,,UNKNOWN,UNKNOWN,0,0,0.000000,0.000000,0,738,green,0,unknown,0.000000,null,0.000000,0.313,,"{""0"": 250, ""1"": 250, ""2"": null, ""3"": null, ""4"": null, ""5"": null, ""6"": null, ""7"": null}","{""0"": 0.0, ""1"": 0.0, ""2"": null, ""3"": null, ""4"": null, ""5"": null, ""6"": null, ""7"": null}",{},,1,0,1,0,,maneuver-locked,COUNTER_STEER_PAUSED,left,right,left,0
343,2026-08-01T22:37:55.721+09:00,38.986,342,8.80,0,AVOIDING_OBSTACLE,,0,0,0,,UNKNOWN,UNKNOWN,0,0,0.000000,0.000000,0,739,green,0,unknown,0.000000,null,0.000000,0.185,,"{""0"": 250, ""1"": 250, ""2"": null, ""3"": null, ""4"": null, ""5"": null, ""6"": null, ""7"": null}","{""0"": 0.0, ""1"": 0.0, ""2"": null, ""3"": null, ""4"": null, ""5"": null, ""6"": null, ""7"": null}",{},,1,0,1,0,,maneuver-locked,COUNTER_STEER_PAUSED,left,right,left,0
344,2026-08-01T22:37:55.828+09:00,39.092,343,8.80,0,AVOIDING_OBSTACLE,,0,0,0,,UNKNOWN,UNKNOWN,0,0,0.000000,0.000000,0,739,green,0,unknown,0.000000,null,0.000000,0.290,,"{""0"": 250, ""1"": 250, ""2"": null, ""3"": null, ""4"": null, ""5"": null, ""6"": null, ""7"": null}","{""0"": 0.0, ""1"": 0.0, ""2"": null, ""3"": null, ""4"": null, ""5"": null, ""6"": null, ""7"": null}",{},,1,0,1,0,,maneuver-locked,COUNTER_STEER_PAUSED,left,right,left,0
345,2026-08-01T22:37:55.934+09:00,39.198,344,8.80,0,AVOIDING_OBSTACLE,,0,0,0,,UNKNOWN,UNKNOWN,0,0,0.000000,0.000000,0,739,green,0,unknown,0.000000,null,0.000000,0.290,,"{""0"": 250, ""1"": 250, ""2"": null, ""3"": null, ""4"": null, ""5"": null, ""6"": null, ""7"": null}","{""0"": 0.0, ""1"": 0.0, ""2"": null, ""3"": null, ""4"": null, ""5"": null, ""6"": null, ""7"": null}",{},,1,0,1,0,,maneuver-locked,COUNTER_STEER_PAUSED,left,right,left,0
346,2026-08-01T22:37:56.049+09:00,39.313,345,8.80,0,AVOIDING_OBSTACLE,,0,0,0,,UNKNOWN,UNKNOWN,0,0,0.000000,0.000000,0,739,green,0,unknown,0.000000,null,0.000000,0.191,,"{""0"": 250, ""1"": 250, ""2"": null, ""3"": null, ""4"": null, ""5"": null, ""6"": null, ""7"": null}","{""0"": 0.0, ""1"": 0.0, ""2"": null, ""3"": null, ""4"": null, ""5"": null, ""6"": null, ""7"": null}",{},,1,0,1,0,,maneuver-locked,COUNTER_STEER_PAUSED,left,right,left,0
347,2026-08-01T22:37:56.167+09:00,39.431,346,8.80,0,AVOIDING_OBSTACLE,,0,0,0,,UNKNOWN,UNKNOWN,0,0,0.000000,0.000000,0,739,green,0,unknown,0.000000,null,0.000000,0.307,,"{""0"": 250, ""1"": 250, ""2"": null, ""3"": null, ""4"": null, ""5"": null, ""6"": null, ""7"": null}","{""0"": 0.0, ""1"": 0.0, ""2"": null, ""3"": null, ""4"": null, ""5"": null, ""6"": null, ""7"": null}",{},,1,0,1,0,,maneuver-locked,COUNTER_STEER_PAUSED,left,right,left,0
348,2026-08-01T22:37:56.271+09:00,39.537,347,8.80,0,AVOIDING_OBSTACLE,,0,0,0,,UNKNOWN,UNKNOWN,0,0,0.000000,0.000000,0,739,green,0,unknown,0.000000,null,0.000000,0.307,,"{""0"": 250, ""1"": 250, ""2"": null, ""3"": null, ""4"": null, ""5"": null, ""6"": null, ""7"": null}","{""0"": 0.0, ""1"": 0.0, ""2"": null, ""3"": null, ""4"": null, ""5"": null, ""6"": null, ""7"": null}",{},,1,0,1,0,,maneuver-locked,COUNTER_STEER_PAUSED,left,right,left,0
349,2026-08-01T22:37:56.378+09:00,39.641,348,8.81,0,AVOIDING_OBSTACLE,,0,0,0,,UNKNOWN,UNKNOWN,0,0,0.000000,0.000000,0,740,green,0,unknown,0.000000,null,0.000000,0.296,,"{""0"": 250, ""1"": 250, ""2"": null, ""3"": null, ""4"": null, ""5"": null, ""6"": null, ""7"": null}","{""0"": 0.0, ""1"": 0.0, ""2"": null, ""3"": null, ""4"": null, ""5"": null, ""6"": null, ""7"": null}",{},,1,0,1,0,,maneuver-locked,COUNTER_STEER_PAUSED,left,right,left,0
350,2026-08-01T22:37:56.495+09:00,39.760,349,8.81,0,AVOIDING_OBSTACLE,,0,0,0,,UNKNOWN,UNKNOWN,0,0,0.000000,0.000000,0,739,green,0,unknown,0.000000,null,0.000000,0.415,,"{""0"": 250, ""1"": 250, ""2"": null, ""3"": null, ""4"": null, ""5"": null, ""6"": null, ""7"": null}","{""0"": 0.0, ""1"": 0.0, ""2"": null, ""3"": null, ""4"": null, ""5"": null, ""6"": null, ""7"": null}",{},,1,0,1,0,,maneuver-locked,COUNTER_STEER_PAUSED,left,right,left,0
351,2026-08-01T22:37:56.612+09:00,39.873,350,8.81,0,AVOIDING_OBSTACLE,,0,0,0,,UNKNOWN,UNKNOWN,0,0,0.000000,0.000000,0,740,green,0,unknown,0.000000,null,0.000000,0.303,,"{""0"": 250, ""1"": 250, ""2"": null, ""3"": null, ""4"": null, ""5"": null, ""6"": null, ""7"": null}","{""0"": 0.0, ""1"": 0.0, ""2"": null, ""3"": null, ""4"": null, ""5"": null, ""6"": null, ""7"": null}",{},,1,0,1,0,,maneuver-locked,COUNTER_STEER_PAUSED,left,right,left,0
352,2026-08-01T22:37:56.719+09:00,39.984,351,8.81,0,AVOIDING_OBSTACLE,,0,0,0,,UNKNOWN,UNKNOWN,0,0,0.000000,0.000000,0,739,green,0,unknown,0.000000,null,0.000000,0.308,,"{""0"": 250, ""1"": 250, ""2"": null, ""3"": null, ""4"": null, ""5"": null, ""6"": null, ""7"": null}","{""0"": 0.0, ""1"": 0.0, ""2"": null, ""3"": null, ""4"": null, ""5"": null, ""6"": null, ""7"": null}",{},,1,0,1,0,,maneuver-locked,COUNTER_STEER_PAUSED,left,right,left,0
353,2026-08-01T22:37:56.836+09:00,40.100,352,8.81,0,AVOIDING_OBSTACLE,,0,0,0,,UNKNOWN,UNKNOWN,0,0,0.000000,0.000000,0,739,green,0,unknown,0.000000,null,0.000000,0.191,,"{""0"": 250, ""1"": 250, ""2"": null, ""3"": null, ""4"": null, ""5"": null, ""6"": null, ""7"": null}","{""0"": 0.0, ""1"": 0.0, ""2"": null, ""3"": null, ""4"": null, ""5"": null, ""6"": null, ""7"": null}",{},,1,0,1,0,,maneuver-locked,COUNTER_STEER_PAUSED,left,right,left,0
354,2026-08-01T22:37:56.950+09:00,40.214,353,8.81,0,AVOIDING_OBSTACLE,,0,0,0,,UNKNOWN,UNKNOWN,0,0,0.000000,0.000000,0,738,green,0,unknown,0.000000,null,0.000000,0.306,,"{""0"": 250, ""1"": 250, ""2"": null, ""3"": null, ""4"": null, ""5"": null, ""6"": null, ""7"": null}","{""0"": 0.0, ""1"": 0.0, ""2"": null, ""3"": null, ""4"": null, ""5"": null, ""6"": null, ""7"": null}",{},,1,0,1,0,,maneuver-locked,COUNTER_STEER_PAUSED,left,right,left,0
355,2026-08-01T22:37:57.053+09:00,40.316,354,8.81,0,AVOIDING_OBSTACLE,,0,0,0,,UNKNOWN,UNKNOWN,0,0,0.000000,0.000000,0,740,green,0,unknown,0.000000,null,0.000000,0.303,,"{""0"": 250, ""1"": 250, ""2"": null, ""3"": null, ""4"": null, ""5"": null, ""6"": null, ""7"": null}","{""0"": 0.0, ""1"": 0.0, ""2"": null, ""3"": null, ""4"": null, ""5"": null, ""6"": null, ""7"": null}",{},,1,0,1,0,,maneuver-locked,COUNTER_STEER_PAUSED,left,right,left,0
356,2026-08-01T22:37:57.160+09:00,40.424,355,8.81,0,AVOIDING_OBSTACLE,,0,0,0,,UNKNOWN,UNKNOWN,0,0,0.000000,0.000000,0,738,green,0,unknown,0.000000,null,0.000000,0.179,,"{""0"": 250, ""1"": 250, ""2"": null, ""3"": null, ""4"": null, ""5"": null, ""6"": null, ""7"": null}","{""0"": 0.0, ""1"": 0.0, ""2"": null, ""3"": null, ""4"": null, ""5"": null, ""6"": null, ""7"": null}",{},,1,0,1,0,,maneuver-locked,COUNTER_STEER_PAUSED,left,right,left,0
357,2026-08-01T22:37:57.283+09:00,40.546,356,8.81,0,AVOIDING_OBSTACLE,,0,0,0,,UNKNOWN,UNKNOWN,0,0,0.000000,0.000000,0,740,green,0,unknown,0.000000,null,0.000000,0.297,,"{""0"": 250, ""1"": 250, ""2"": null, ""3"": null, ""4"": null, ""5"": null, ""6"": null, ""7"": null}","{""0"": 0.0, ""1"": 0.0, ""2"": null, ""3"": null, ""4"": null, ""5"": null, ""6"": null, ""7"": null}",{},,1,0,1,0,,maneuver-locked,COUNTER_STEER_PAUSED,left,right,left,0
358,2026-08-01T22:37:57.383+09:00,40.648,357,8.81,0,AVOIDING_OBSTACLE,,0,0,0,,UNKNOWN,UNKNOWN,0,0,0.000000,0.000000,0,742,green,0,unknown,0.000000,null,0.000000,0.302,,"{""0"": 250, ""1"": 250, ""2"": null, ""3"": null, ""4"": null, ""5"": null, ""6"": null, ""7"": null}","{""0"": 0.0, ""1"": 0.0, ""2"": null, ""3"": null, ""4"": null, ""5"": null, ""6"": null, ""7"": null}",{},,1,0,1,0,,maneuver-locked,COUNTER_STEER_PAUSED,left,right,left,0
359,2026-08-01T22:37:57.494+09:00,40.759,358,8.81,0,AVOIDING_OBSTACLE,,0,0,0,,UNKNOWN,UNKNOWN,0,0,0.000000,0.000000,0,738,green,0,unknown,0.000000,null,0.000000,0.179,,"{""0"": 250, ""1"": 72, ""2"": null, ""3"": null, ""4"": null, ""5"": null, ""6"": null, ""7"": null}","{""0"": 0.0, ""1"": 0.0, ""2"": null, ""3"": null, ""4"": null, ""5"": null, ""6"": null, ""7"": null}",{},,1,0,1,0,,maneuver-locked,COUNTER_STEER_PAUSED,left,right,left,0
360,2026-08-01T22:37:57.597+09:00,40.861,359,8.81,0,AVOIDING_OBSTACLE,,0,0,0,,UNKNOWN,UNKNOWN,0,0,0.000000,0.000000,0,740,green,0,unknown,0.000000,null,0.000000,0.281,,"{""0"": 250, ""1"": 250, ""2"": null, ""3"": null, ""4"": null, ""5"": null, ""6"": null, ""7"": null}","{""0"": 0.0, ""1"": 0.0, ""2"": null, ""3"": null, ""4"": null, ""5"": null, ""6"": null, ""7"": null}",{},,1,0,1,0,,maneuver-locked,COUNTER_STEER_PAUSED,left,right,left,0
361,2026-08-01T22:37:57.707+09:00,40.973,360,8.81,0,AVOIDING_OBSTACLE,,0,0,0,,UNKNOWN,UNKNOWN,0,0,0.000000,0.000000,0,740,green,0,unknown,0.000000,null,0.000000,0.294,,"{""0"": 250, ""1"": 250, ""2"": null, ""3"": null, ""4"": null, ""5"": null, ""6"": null, ""7"": null}","{""0"": 0.0, ""1"": 0.0, ""2"": null, ""3"": null, ""4"": null, ""5"": null, ""6"": null, ""7"": null}",{},,1,0,1,0,,maneuver-locked,COUNTER_STEER_PAUSED,left,right,left,0
362,2026-08-01T22:37:57.817+09:00,41.082,361,8.81,0,AVOIDING_OBSTACLE,,0,0,0,,UNKNOWN,UNKNOWN,0,0,0.000000,0.000000,0,740,green,0,unknown,0.000000,null,0.000000,0.184,,"{""0"": 250, ""1"": 250, ""2"": null, ""3"": null, ""4"": null, ""5"": null, ""6"": null, ""7"": null}","{""0"": 0.0, ""1"": 0.0, ""2"": null, ""3"": null, ""4"": null, ""5"": null, ""6"": null, ""7"": null}",{},,1,0,1,0,,maneuver-locked,COUNTER_STEER_PAUSED,left,right,left,0
363,2026-08-01T22:37:57.929+09:00,41.193,362,8.81,0,AVOIDING_OBSTACLE,,0,0,0,,UNKNOWN,UNKNOWN,0,0,0.000000,0.000000,0,740,green,0,unknown,0.000000,null,0.000000,0.295,,"{""0"": 250, ""1"": 250, ""2"": null, ""3"": null, ""4"": null, ""5"": null, ""6"": null, ""7"": null}","{""0"": 0.0, ""1"": 0.0, ""2"": null, ""3"": null, ""4"": null, ""5"": null, ""6"": null, ""7"": null}",{},,1,0,1,0,,maneuver-locked,COUNTER_STEER_PAUSED,left,right,left,0
364,2026-08-01T22:37:58.034+09:00,41.299,363,8.82,0,AVOIDING_OBSTACLE,,0,0,0,,UNKNOWN,UNKNOWN,0,0,0.000000,0.000000,0,740,green,0,unknown,0.000000,null,0.000000,0.295,,"{""0"": 250, ""1"": 250, ""2"": null, ""3"": null, ""4"": null, ""5"": null, ""6"": null, ""7"": null}","{""0"": 0.0, ""1"": 0.0, ""2"": null, ""3"": null, ""4"": null, ""5"": null, ""6"": null, ""7"": null}",{},,1,0,1,0,,maneuver-locked,COUNTER_STEER_PAUSED,left,right,left,0
365,2026-08-01T22:37:58.145+09:00,41.406,364,8.82,0,AVOIDING_OBSTACLE,,0,0,0,,UNKNOWN,UNKNOWN,0,0,0.000000,0.000000,0,740,green,0,unknown,0.000000,null,0.000000,0.180,,"{""0"": 250, ""1"": 250, ""2"": null, ""3"": null, ""4"": null, ""5"": null, ""6"": null, ""7"": null}","{""0"": 0.0, ""1"": 0.0, ""2"": null, ""3"": null, ""4"": null, ""5"": null, ""6"": null, ""7"": null}",{},,1,0,1,0,,maneuver-locked,COUNTER_STEER_PAUSED,left,right,left,0
366,2026-08-01T22:37:58.259+09:00,41.522,365,8.82,0,AVOIDING_OBSTACLE,,0,0,0,,UNKNOWN,UNKNOWN,0,0,0.000000,0.000000,0,740,green,0,unknown,0.000000,null,0.000000,0.297,,"{""0"": 250, ""1"": 250, ""2"": null, ""3"": null, ""4"": null, ""5"": null, ""6"": null, ""7"": null}","{""0"": 0.0, ""1"": 0.0, ""2"": null, ""3"": null, ""4"": null, ""5"": null, ""6"": null, ""7"": null}",{},,1,0,1,0,,maneuver-locked,COUNTER_STEER_PAUSED,left,right,left,0
367,2026-08-01T22:37:58.369+09:00,41.634,366,8.82,0,AVOIDING_OBSTACLE,,0,0,0,,UNKNOWN,UNKNOWN,0,0,0.000000,0.000000,0,740,green,0,unknown,0.000000,null,0.000000,0.305,,"{""0"": 250, ""1"": 250, ""2"": null, ""3"": null, ""4"": null, ""5"": null, ""6"": null, ""7"": null}","{""0"": 0.0, ""1"": 0.0, ""2"": null, ""3"": null, ""4"": null, ""5"": null, ""6"": null, ""7"": null}",{},,1,0,1,0,,maneuver-locked,COUNTER_STEER_PAUSED,left,right,left,0
368,2026-08-01T22:37:58.487+09:00,41.749,367,8.82,0,AVOIDING_OBSTACLE,,0,0,0,,UNKNOWN,UNKNOWN,0,0,0.000000,0.000000,0,740,green,0,unknown,0.000000,null,0.000000,0.305,,"{""0"": 250, ""1"": 250, ""2"": null, ""3"": null, ""4"": null, ""5"": null, ""6"": null, ""7"": null}","{""0"": 0.0, ""1"": 0.0, ""2"": null, ""3"": null, ""4"": null, ""5"": null, ""6"": null, ""7"": null}",{},,1,0,1,0,,maneuver-locked,COUNTER_STEER_PAUSED,left,right,left,0
369,2026-08-01T22:37:58.598+09:00,41.862,368,8.82,0,AVOIDING_OBSTACLE,,0,0,0,,UNKNOWN,UNKNOWN,0,0,0.000000,0.000000,0,741,green,0,unknown,0.000000,null,0.000000,0.196,,"{""0"": 250, ""1"": 250, ""2"": null, ""3"": null, ""4"": null, ""5"": null, ""6"": null, ""7"": null}","{""0"": 0.0, ""1"": 0.0, ""2"": null, ""3"": null, ""4"": null, ""5"": null, ""6"": null, ""7"": null}",{},,1,0,1,0,,maneuver-locked,COUNTER_STEER_PAUSED,left,right,left,0
370,2026-08-01T22:37:58.708+09:00,41.971,369,8.82,0,AVOIDING_OBSTACLE,,0,0,0,,UNKNOWN,UNKNOWN,0,0,0.000000,0.000000,0,740,green,0,unknown,0.000000,null,0.000000,0.304,,"{""0"": 250, ""1"": 250, ""2"": null, ""3"": null, ""4"": null, ""5"": null, ""6"": null, ""7"": null}","{""0"": 0.0, ""1"": 0.0, ""2"": null, ""3"": null, ""4"": null, ""5"": null, ""6"": null, ""7"": null}",{},,1,0,1,0,,maneuver-locked,COUNTER_STEER_PAUSED,left,right,left,0
371,2026-08-01T22:37:58.817+09:00,42.081,370,8.82,0,AVOIDING_OBSTACLE,,0,0,0,,UNKNOWN,UNKNOWN,0,0,0.000000,0.000000,0,740,green,0,unknown,0.000000,null,0.000000,0.298,,"{""0"": 250, ""1"": 250, ""2"": null, ""3"": null, ""4"": null, ""5"": null, ""6"": null, ""7"": null}","{""0"": 0.0, ""1"": 0.0, ""2"": null, ""3"": null, ""4"": null, ""5"": null, ""6"": null, ""7"": null}",{},,1,0,1,0,,maneuver-locked,COUNTER_STEER_PAUSED,left,right,left,0
372,2026-08-01T22:37:58.932+09:00,42.195,371,8.82,0,AVOIDING_OBSTACLE,,0,0,0,,UNKNOWN,UNKNOWN,0,0,0.000000,0.000000,0,740,green,0,unknown,0.000000,null,0.000000,0.191,,"{""0"": 250, ""1"": 250, ""2"": null, ""3"": null, ""4"": null, ""5"": null, ""6"": null, ""7"": null}","{""0"": 0.0, ""1"": 0.0, ""2"": null, ""3"": null, ""4"": null, ""5"": null, ""6"": null, ""7"": null}",{},,1,0,1,0,,maneuver-locked,COUNTER_STEER_PAUSED,left,right,left,0
373,2026-08-01T22:37:59.051+09:00,42.316,372,8.82,0,AVOIDING_OBSTACLE,,0,0,0,,UNKNOWN,UNKNOWN,0,0,0.000000,0.000000,0,740,green,0,unknown,0.000000,null,0.000000,0.310,,"{""0"": 250, ""1"": 250, ""2"": null, ""3"": null, ""4"": null, ""5"": null, ""6"": null, ""7"": null}","{""0"": 0.0, ""1"": 0.0, ""2"": null, ""3"": null, ""4"": null, ""5"": null, ""6"": null, ""7"": null}",{},,1,0,1,0,,maneuver-locked,COUNTER_STEER_PAUSED,left,right,left,0
374,2026-08-01T22:37:59.154+09:00,42.419,373,8.82,0,AVOIDING_OBSTACLE,,0,0,0,,UNKNOWN,UNKNOWN,0,0,0.000000,0.000000,0,741,green,0,unknown,0.000000,null,0.000000,0.307,,"{""0"": 250, ""1"": 250, ""2"": null, ""3"": null, ""4"": null, ""5"": null, ""6"": null, ""7"": null}","{""0"": 0.0, ""1"": 0.0, ""2"": null, ""3"": null, ""4"": null, ""5"": null, ""6"": null, ""7"": null}",{},,1,0,1,0,,maneuver-locked,COUNTER_STEER_PAUSED,left,right,left,0
375,2026-08-01T22:37:59.268+09:00,42.532,374,8.82,0,AVOIDING_OBSTACLE,,0,0,0,,UNKNOWN,UNKNOWN,0,0,0.000000,0.000000,0,740,green,0,unknown,0.000000,null,0.000000,0.306,,"{""0"": 250, ""1"": 250, ""2"": null, ""3"": null, ""4"": null, ""5"": null, ""6"": null, ""7"": null}","{""0"": 0.0, ""1"": 0.0, ""2"": null, ""3"": null, ""4"": null, ""5"": null, ""6"": null, ""7"": null}",{},,1,0,1,0,,maneuver-locked,COUNTER_STEER_PAUSED,left,right,left,0
376,2026-08-01T22:37:59.374+09:00,42.638,375,8.82,0,AVOIDING_OBSTACLE,,0,0,0,,UNKNOWN,UNKNOWN,0,0,0.000000,0.000000,0,740,green,0,unknown,0.000000,null,0.000000,0.410,,"{""0"": 250, ""1"": 250, ""2"": null, ""3"": null, ""4"": null, ""5"": null, ""6"": null, ""7"": null}","{""0"": 0.0, ""1"": 0.0, ""2"": null, ""3"": null, ""4"": null, ""5"": null, ""6"": null, ""7"": null}",{},,1,0,1,0,,maneuver-locked,COUNTER_STEER_PAUSED,left,right,left,0
377,2026-08-01T22:37:59.469+09:00,42.733,376,8.82,0,AVOIDING_OBSTACLE,,0,0,0,,UNKNOWN,UNKNOWN,0,0,0.000000,0.000000,0,740,green,0,unknown,0.000000,null,0.000000,0.284,,"{""0"": 250, ""1"": 250, ""2"": null, ""3"": null, ""4"": null, ""5"": null, ""6"": null, ""7"": null}","{""0"": 0.0, ""1"": 0.0, ""2"": null, ""3"": null, ""4"": null, ""5"": null, ""6"": null, ""7"": null}",{},,1,0,1,0,,maneuver-locked,COUNTER_STEER_PAUSED,left,right,left,0
378,2026-08-01T22:37:59.583+09:00,42.849,377,8.82,0,AVOIDING_OBSTACLE,,0,0,0,,UNKNOWN,UNKNOWN,0,0,0.000000,0.000000,0,740,green,0,unknown,0.000000,null,0.000000,0.177,,"{""0"": 250, ""1"": 250, ""2"": null, ""3"": null, ""4"": null, ""5"": null, ""6"": null, ""7"": null}","{""0"": 0.0, ""1"": 0.0, ""2"": null, ""3"": null, ""4"": null, ""5"": null, ""6"": null, ""7"": null}",{},,1,0,1,0,,maneuver-locked,COUNTER_STEER_PAUSED,left,right,left,0
379,2026-08-01T22:37:59.691+09:00,42.952,378,8.83,0,AVOIDING_OBSTACLE,,0,0,0,,UNKNOWN,UNKNOWN,0,0,0.000000,0.000000,0,740,green,0,unknown,0.000000,null,0.000000,0.280,,"{""0"": 250, ""1"": 250, ""2"": null, ""3"": null, ""4"": null, ""5"": null, ""6"": null, ""7"": null}","{""0"": 0.0, ""1"": 0.0, ""2"": null, ""3"": null, ""4"": null, ""5"": null, ""6"": null, ""7"": null}",{},,1,0,1,0,,maneuver-locked,COUNTER_STEER_PAUSED,left,right,left,0
380,2026-08-01T22:37:59.794+09:00,43.059,379,8.83,0,AVOIDING_OBSTACLE,,0,0,0,,UNKNOWN,UNKNOWN,0,0,0.000000,0.000000,0,740,green,0,unknown,0.000000,null,0.000000,0.294,,"{""0"": 250, ""1"": 250, ""2"": null, ""3"": null, ""4"": null, ""5"": null, ""6"": null, ""7"": null}","{""0"": 0.0, ""1"": 0.0, ""2"": null, ""3"": null, ""4"": null, ""5"": null, ""6"": null, ""7"": null}",{},,1,0,1,0,,maneuver-locked,COUNTER_STEER_PAUSED,left,right,left,0
381,2026-08-01T22:37:59.906+09:00,43.169,380,8.83,0,AVOIDING_OBSTACLE,,0,0,0,,UNKNOWN,UNKNOWN,0,0,0.000000,0.000000,0,741,green,0,unknown,0.000000,null,0.000000,0.181,,"{""0"": 250, ""1"": 250, ""2"": null, ""3"": null, ""4"": null, ""5"": null, ""6"": null, ""7"": null}","{""0"": 0.0, ""1"": 0.0, ""2"": null, ""3"": null, ""4"": null, ""5"": null, ""6"": null, ""7"": null}",{},,1,0,1,0,,maneuver-locked,COUNTER_STEER_PAUSED,left,right,left,0
382,2026-08-01T22:38:00.021+09:00,43.283,381,8.83,0,AVOIDING_OBSTACLE,,0,0,0,,UNKNOWN,UNKNOWN,0,0,0.000000,0.000000,0,740,green,0,unknown,0.000000,null,0.000000,0.292,,"{""0"": 250, ""1"": 250, ""2"": null, ""3"": null, ""4"": null, ""5"": null, ""6"": null, ""7"": null}","{""0"": 0.0, ""1"": 0.0, ""2"": null, ""3"": null, ""4"": null, ""5"": null, ""6"": null, ""7"": null}",{},,1,0,1,0,,maneuver-locked,COUNTER_STEER_PAUSED,left,right,left,0
383,2026-08-01T22:38:00.130+09:00,43.395,382,8.83,0,AVOIDING_OBSTACLE,,0,0,0,,UNKNOWN,UNKNOWN,0,0,0.000000,0.000000,0,741,green,0,unknown,0.000000,null,0.000000,0.307,,"{""0"": 250, ""1"": 250, ""2"": null, ""3"": null, ""4"": null, ""5"": null, ""6"": null, ""7"": null}","{""0"": 0.0, ""1"": 0.0, ""2"": null, ""3"": null, ""4"": null, ""5"": null, ""6"": null, ""7"": null}",{},,1,0,1,0,,maneuver-locked,COUNTER_STEER_PAUSED,left,right,left,0
384,2026-08-01T22:38:00.241+09:00,43.505,383,8.83,0,AVOIDING_OBSTACLE,,0,0,0,,UNKNOWN,UNKNOWN,0,0,0.000000,0.000000,0,740,green,0,unknown,0.000000,null,0.000000,0.303,,"{""0"": 250, ""1"": 250, ""2"": null, ""3"": null, ""4"": null, ""5"": null, ""6"": null, ""7"": null}","{""0"": 0.0, ""1"": 0.0, ""2"": null, ""3"": null, ""4"": null, ""5"": null, ""6"": null, ""7"": null}",{},,1,0,1,0,,maneuver-locked,COUNTER_STEER_PAUSED,left,right,left,0
385,2026-08-01T22:38:00.358+09:00,43.621,384,8.83,0,AVOIDING_OBSTACLE,,0,0,0,,UNKNOWN,UNKNOWN,0,0,0.000000,0.000000,0,741,green,0,unknown,0.000000,null,0.000000,0.418,,"{""0"": 250, ""1"": 250, ""2"": null, ""3"": null, ""4"": null, ""5"": null, ""6"": null, ""7"": null}","{""0"": 0.0, ""1"": 0.0, ""2"": null, ""3"": null, ""4"": null, ""5"": null, ""6"": null, ""7"": null}",{},,1,0,1,0,,maneuver-locked,COUNTER_STEER_PAUSED,left,right,left,0
386,2026-08-01T22:38:00.468+09:00,43.730,385,8.83,0,AVOIDING_OBSTACLE,,0,0,0,,UNKNOWN,UNKNOWN,0,0,0.000000,0.000000,0,740,green,0,unknown,0.000000,null,0.000000,0.302,,"{""0"": 250, ""1"": 250, ""2"": null, ""3"": null, ""4"": null, ""5"": null, ""6"": null, ""7"": null}","{""0"": 0.0, ""1"": 0.0, ""2"": null, ""3"": null, ""4"": null, ""5"": null, ""6"": null, ""7"": null}",{},,1,0,1,0,,maneuver-locked,COUNTER_STEER_PAUSED,left,right,left,0
387,2026-08-01T22:38:00.571+09:00,43.836,386,8.83,0,AVOIDING_OBSTACLE,,0,0,0,,UNKNOWN,UNKNOWN,0,0,0.000000,0.000000,0,741,green,0,unknown,0.000000,null,0.000000,0.301,,"{""0"": 250, ""1"": 250, ""2"": null, ""3"": null, ""4"": null, ""5"": null, ""6"": null, ""7"": null}","{""0"": 0.0, ""1"": 0.0, ""2"": null, ""3"": null, ""4"": null, ""5"": null, ""6"": null, ""7"": null}",{},,1,0,1,0,,maneuver-locked,COUNTER_STEER_PAUSED,left,right,left,0
388,2026-08-01T22:38:00.684+09:00,43.948,387,8.83,0,AVOIDING_OBSTACLE,,0,0,0,,UNKNOWN,UNKNOWN,0,0,0.000000,0.000000,0,741,green,0,unknown,0.000000,null,0.000000,0.412,,"{""0"": 250, ""1"": 250, ""2"": null, ""3"": null, ""4"": null, ""5"": null, ""6"": null, ""7"": null}","{""0"": 0.0, ""1"": 0.0, ""2"": null, ""3"": null, ""4"": null, ""5"": null, ""6"": null, ""7"": null}",{},,1,0,1,0,,maneuver-locked,COUNTER_STEER_PAUSED,left,right,left,0
389,2026-08-01T22:38:00.795+09:00,44.059,388,8.83,0,AVOIDING_OBSTACLE,,0,0,0,,UNKNOWN,UNKNOWN,0,0,0.000000,0.000000,0,740,green,0,unknown,0.000000,null,0.000000,0.294,,"{""0"": 250, ""1"": 250, ""2"": null, ""3"": null, ""4"": null, ""5"": null, ""6"": null, ""7"": null}","{""0"": 0.0, ""1"": 0.0, ""2"": null, ""3"": null, ""4"": null, ""5"": null, ""6"": null, ""7"": null}",{},,1,0,1,0,,maneuver-locked,COUNTER_STEER_PAUSED,left,right,left,0
390,2026-08-01T22:38:00.904+09:00,44.166,389,8.83,0,AVOIDING_OBSTACLE,,0,0,0,,UNKNOWN,UNKNOWN,0,0,0.000000,0.000000,0,740,green,0,unknown,0.000000,null,0.000000,0.297,,"{""0"": 250, ""1"": 250, ""2"": null, ""3"": null, ""4"": null, ""5"": null, ""6"": null, ""7"": null}","{""0"": 0.0, ""1"": 0.0, ""2"": null, ""3"": null, ""4"": null, ""5"": null, ""6"": null, ""7"": null}",{},,1,0,1,0,,maneuver-locked,COUNTER_STEER_PAUSED,left,right,left,0
391,2026-08-01T22:38:01.025+09:00,44.290,390,8.83,0,AVOIDING_OBSTACLE,,0,0,0,,UNKNOWN,UNKNOWN,0,0,0.000000,0.000000,0,740,green,0,unknown,0.000000,null,0.000000,0.198,,"{""0"": 250, ""1"": 250, ""2"": null, ""3"": null, ""4"": null, ""5"": null, ""6"": null, ""7"": null}","{""0"": 0.0, ""1"": 0.0, ""2"": null, ""3"": null, ""4"": null, ""5"": null, ""6"": null, ""7"": null}",{},,1,0,1,0,,maneuver-locked,COUNTER_STEER_PAUSED,left,right,left,0
392,2026-08-01T22:38:01.139+09:00,44.401,391,8.83,0,AVOIDING_OBSTACLE,,0,0,0,,UNKNOWN,UNKNOWN,0,0,0.000000,0.000000,0,741,green,0,unknown,0.000000,null,0.000000,0.311,,"{""0"": 250, ""1"": 250, ""2"": null, ""3"": null, ""4"": null, ""5"": null, ""6"": null, ""7"": null}","{""0"": 0.0, ""1"": 0.0, ""2"": null, ""3"": null, ""4"": null, ""5"": null, ""6"": null, ""7"": null}",{},,1,0,1,0,,maneuver-locked,COUNTER_STEER_PAUSED,left,right,left,0
393,2026-08-01T22:38:01.247+09:00,44.511,392,8.83,0,AVOIDING_OBSTACLE,,0,0,0,,UNKNOWN,UNKNOWN,0,0,0.000000,0.000000,0,740,green,0,unknown,0.000000,null,0.000000,0.310,,"{""0"": 250, ""1"": 250, ""2"": null, ""3"": null, ""4"": null, ""5"": null, ""6"": null, ""7"": null}","{""0"": 0.0, ""1"": 0.0, ""2"": null, ""3"": null, ""4"": null, ""5"": null, ""6"": null, ""7"": null}",{},,1,0,1,0,,maneuver-locked,COUNTER_STEER_PAUSED,left,right,left,0
394,2026-08-01T22:38:01.358+09:00,44.623,393,8.83,0,AVOIDING_OBSTACLE,,0,0,0,,UNKNOWN,UNKNOWN,0,0,0.000000,0.000000,0,741,green,0,unknown,0.000000,null,0.000000,0.302,,"{""0"": 250, ""1"": 250, ""2"": null, ""3"": null, ""4"": null, ""5"": null, ""6"": null, ""7"": null}","{""0"": 0.0, ""1"": 0.0, ""2"": null, ""3"": null, ""4"": null, ""5"": null, ""6"": null, ""7"": null}",{},,1,0,1,0,,maneuver-locked,COUNTER_STEER_PAUSED,left,right,left,0
395,2026-08-01T22:38:01.476+09:00,44.739,394,8.83,0,AVOIDING_OBSTACLE,,0,0,0,,UNKNOWN,UNKNOWN,0,0,0.000000,0.000000,0,740,green,0,unknown,0.000000,null,0.000000,0.417,,"{""0"": 250, ""1"": 250, ""2"": null, ""3"": null, ""4"": null, ""5"": null, ""6"": null, ""7"": null}","{""0"": 0.0, ""1"": 0.0, ""2"": null, ""3"": null, ""4"": null, ""5"": null, ""6"": null, ""7"": null}",{},,1,0,1,0,,maneuver-locked,COUNTER_STEER_PAUSED,left,right,left,0
396,2026-08-01T22:38:01.581+09:00,44.846,395,8.83,0,AVOIDING_OBSTACLE,,0,0,0,,UNKNOWN,UNKNOWN,0,0,0.000000,0.000000,0,740,green,0,unknown,0.000000,null,0.000000,0.303,,"{""0"": 250, ""1"": 250, ""2"": null, ""3"": null, ""4"": null, ""5"": null, ""6"": null, ""7"": null}","{""0"": 0.0, ""1"": 0.0, ""2"": null, ""3"": null, ""4"": null, ""5"": null, ""6"": null, ""7"": null}",{},,1,0,1,0,,maneuver-locked,COUNTER_STEER_PAUSED,left,right,left,0
397,2026-08-01T22:38:01.692+09:00,44.954,396,8.83,0,AVOIDING_OBSTACLE,,0,0,0,,UNKNOWN,UNKNOWN,0,0,0.000000,0.000000,0,740,green,0,unknown,0.000000,null,0.000000,0.300,,"{""0"": 250, ""1"": 250, ""2"": null, ""3"": null, ""4"": null, ""5"": null, ""6"": null, ""7"": null}","{""0"": 0.0, ""1"": 0.0, ""2"": null, ""3"": null, ""4"": null, ""5"": null, ""6"": null, ""7"": null}",{},,1,0,1,0,,maneuver-locked,COUNTER_STEER_PAUSED,left,right,left,0
398,2026-08-01T22:38:01.804+09:00,45.067,397,8.83,0,AVOIDING_OBSTACLE,,0,0,0,,UNKNOWN,UNKNOWN,0,0,0.000000,0.000000,0,740,green,0,unknown,0.000000,null,0.000000,0.413,,"{""0"": 250, ""1"": 250, ""2"": null, ""3"": null, ""4"": null, ""5"": null, ""6"": null, ""7"": null}","{""0"": 0.0, ""1"": 0.0, ""2"": null, ""3"": null, ""4"": null, ""5"": null, ""6"": null, ""7"": null}",{},,1,0,1,0,,maneuver-locked,COUNTER_STEER_PAUSED,left,right,left,0
399,2026-08-01T22:38:01.912+09:00,45.176,398,8.83,0,AVOIDING_OBSTACLE,,0,0,0,,UNKNOWN,UNKNOWN,0,0,0.000000,0.000000,0,740,green,0,unknown,0.000000,null,0.000000,0.299,,"{""0"": 250, ""1"": 250, ""2"": null, ""3"": null, ""4"": null, ""5"": null, ""6"": null, ""7"": null}","{""0"": 0.0, ""1"": 0.0, ""2"": null, ""3"": null, ""4"": null, ""5"": null, ""6"": null, ""7"": null}",{},,1,0,1,0,,maneuver-locked,COUNTER_STEER_PAUSED,left,right,left,0
400,2026-08-01T22:38:02.017+09:00,45.280,399,8.84,0,AVOIDING_OBSTACLE,,0,0,0,,UNKNOWN,UNKNOWN,0,0,0.000000,0.000000,0,740,green,0,unknown,0.000000,null,0.000000,0.291,,"{""0"": 250, ""1"": 250, ""2"": null, ""3"": null, ""4"": null, ""5"": null, ""6"": null, ""7"": null}","{""0"": 0.0, ""1"": 0.0, ""2"": null, ""3"": null, ""4"": null, ""5"": null, ""6"": null, ""7"": null}",{},,1,0,1,0,,maneuver-locked,COUNTER_STEER_PAUSED,left,right,left,0
401,2026-08-01T22:38:02.127+09:00,45.390,400,8.84,0,AVOIDING_OBSTACLE,,0,0,0,,UNKNOWN,UNKNOWN,0,0,0.000000,0.000000,0,741,green,0,unknown,0.000000,null,0.000000,0.400,,"{""0"": 250, ""1"": 250, ""2"": null, ""3"": null, ""4"": null, ""5"": null, ""6"": null, ""7"": null}","{""0"": 0.0, ""1"": 0.0, ""2"": null, ""3"": null, ""4"": null, ""5"": null, ""6"": null, ""7"": null}",{},,1,0,1,0,,maneuver-locked,COUNTER_STEER_PAUSED,left,right,left,0
402,2026-08-01T22:38:02.238+09:00,45.502,401,8.84,0,AVOIDING_OBSTACLE,,0,0,0,,UNKNOWN,UNKNOWN,0,0,0.000000,0.000000,0,741,green,0,unknown,0.000000,null,0.000000,0.294,,"{""0"": 250, ""1"": 250, ""2"": null, ""3"": null, ""4"": null, ""5"": null, ""6"": null, ""7"": null}","{""0"": 0.0, ""1"": 0.0, ""2"": null, ""3"": null, ""4"": null, ""5"": null, ""6"": null, ""7"": null}",{},,1,0,1,0,,maneuver-locked,COUNTER_STEER_PAUSED,left,right,left,0
403,2026-08-01T22:38:02.349+09:00,45.613,402,8.84,0,AVOIDING_OBSTACLE,,0,0,0,,UNKNOWN,UNKNOWN,0,0,0.000000,0.000000,0,740,green,0,unknown,0.000000,null,0.000000,0.302,,"{""0"": 250, ""1"": 250, ""2"": null, ""3"": null, ""4"": null, ""5"": null, ""6"": null, ""7"": null}","{""0"": 0.0, ""1"": 0.0, ""2"": null, ""3"": null, ""4"": null, ""5"": null, ""6"": null, ""7"": null}",{},,1,0,1,0,,maneuver-locked,COUNTER_STEER_PAUSED,left,right,left,0
404,2026-08-01T22:38:02.462+09:00,45.725,403,8.84,0,AVOIDING_OBSTACLE,,0,0,0,,UNKNOWN,UNKNOWN,0,0,0.000000,0.000000,0,741,green,0,unknown,0.000000,null,0.000000,0.192,,"{""0"": 250, ""1"": 250, ""2"": null, ""3"": null, ""4"": null, ""5"": null, ""6"": null, ""7"": null}","{""0"": 0.0, ""1"": 0.0, ""2"": null, ""3"": null, ""4"": null, ""5"": null, ""6"": null, ""7"": null}",{},,1,0,1,0,,maneuver-locked,COUNTER_STEER_PAUSED,left,right,left,0
405,2026-08-01T22:38:02.563+09:00,45.825,404,8.84,0,AVOIDING_OBSTACLE,,0,0,0,,UNKNOWN,UNKNOWN,0,0,0.000000,0.000000,0,740,green,0,unknown,0.000000,null,0.000000,0.291,,"{""0"": 250, ""1"": 250, ""2"": null, ""3"": null, ""4"": null, ""5"": null, ""6"": null, ""7"": null}","{""0"": 0.0, ""1"": 0.0, ""2"": null, ""3"": null, ""4"": null, ""5"": null, ""6"": null, ""7"": null}",{},,1,0,1,0,,maneuver-locked,COUNTER_STEER_PAUSED,left,right,left,0
406,2026-08-01T22:38:02.665+09:00,45.930,405,8.84,0,AVOIDING_OBSTACLE,,0,0,0,,UNKNOWN,UNKNOWN,0,0,0.000000,0.000000,0,740,green,0,unknown,0.000000,null,0.000000,0.285,,"{""0"": 250, ""1"": 250, ""2"": null, ""3"": null, ""4"": null, ""5"": null, ""6"": null, ""7"": null}","{""0"": 0.0, ""1"": 0.0, ""2"": null, ""3"": null, ""4"": null, ""5"": null, ""6"": null, ""7"": null}",{},,1,0,1,0,,maneuver-locked,COUNTER_STEER_PAUSED,left,right,left,0
407,2026-08-01T22:38:02.776+09:00,46.041,406,8.84,0,AVOIDING_OBSTACLE,,0,0,0,,UNKNOWN,UNKNOWN,0,0,0.000000,0.000000,0,741,green,0,unknown,0.000000,null,0.000000,0.396,,"{""0"": 250, ""1"": 250, ""2"": null, ""3"": null, ""4"": null, ""5"": null, ""6"": null, ""7"": null}","{""0"": 0.0, ""1"": 0.0, ""2"": null, ""3"": null, ""4"": null, ""5"": null, ""6"": null, ""7"": null}",{},,1,0,1,0,,maneuver-locked,COUNTER_STEER_PAUSED,left,right,left,0
408,2026-08-01T22:38:02.879+09:00,46.141,407,8.84,0,AVOIDING_OBSTACLE,,0,0,0,,UNKNOWN,UNKNOWN,0,0,0.000000,0.000000,0,740,green,0,unknown,0.000000,null,0.000000,0.282,,"{""0"": 250, ""1"": 250, ""2"": null, ""3"": null, ""4"": null, ""5"": null, ""6"": null, ""7"": null}","{""0"": 0.0, ""1"": 0.0, ""2"": null, ""3"": null, ""4"": null, ""5"": null, ""6"": null, ""7"": null}",{},,1,0,1,0,,maneuver-locked,COUNTER_STEER_PAUSED,left,right,left,0
409,2026-08-01T22:38:02.979+09:00,46.244,408,8.85,0,AVOIDING_OBSTACLE,,0,0,0,,UNKNOWN,UNKNOWN,0,0,0.000000,0.000000,0,741,green,0,unknown,0.000000,null,0.000000,0.282,,"{""0"": 250, ""1"": 250, ""2"": null, ""3"": null, ""4"": null, ""5"": null, ""6"": null, ""7"": null}","{""0"": 0.0, ""1"": 0.0, ""2"": null, ""3"": null, ""4"": null, ""5"": null, ""6"": null, ""7"": null}",{},,1,0,1,0,,maneuver-locked,COUNTER_STEER_PAUSED,left,right,left,0
410,2026-08-01T22:38:03.093+09:00,46.357,409,8.85,0,AVOIDING_OBSTACLE,,0,0,0,,UNKNOWN,UNKNOWN,0,0,0.000000,0.000000,0,742,green,0,unknown,0.000000,null,0.000000,0.394,,"{""0"": 250, ""1"": 250, ""2"": null, ""3"": null, ""4"": null, ""5"": null, ""6"": null, ""7"": null}","{""0"": 0.0, ""1"": 0.0, ""2"": null, ""3"": null, ""4"": null, ""5"": null, ""6"": null, ""7"": null}",{},,1,0,1,0,,maneuver-locked,COUNTER_STEER_PAUSED,left,right,left,0
411,2026-08-01T22:38:03.197+09:00,46.460,410,8.85,0,AVOIDING_OBSTACLE,,0,0,0,,UNKNOWN,UNKNOWN,0,0,0.000000,0.000000,0,741,green,0,unknown,0.000000,null,0.000000,0.294,,"{""0"": 250, ""1"": 250, ""2"": null, ""3"": null, ""4"": null, ""5"": null, ""6"": null, ""7"": null}","{""0"": 0.0, ""1"": 0.0, ""2"": null, ""3"": null, ""4"": null, ""5"": null, ""6"": null, ""7"": null}",{},,1,0,1,0,,maneuver-locked,COUNTER_STEER_PAUSED,left,right,left,0
412,2026-08-01T22:38:03.305+09:00,46.567,411,8.85,0,AVOIDING_OBSTACLE,,0,0,0,,UNKNOWN,UNKNOWN,0,0,0.000000,0.000000,0,740,green,0,unknown,0.000000,null,0.000000,0.292,,"{""0"": 250, ""1"": 250, ""2"": null, ""3"": null, ""4"": null, ""5"": null, ""6"": null, ""7"": null}","{""0"": 0.0, ""1"": 0.0, ""2"": null, ""3"": null, ""4"": null, ""5"": null, ""6"": null, ""7"": null}",{},,1,0,1,0,,maneuver-locked,COUNTER_STEER_PAUSED,left,right,left,0
413,2026-08-01T22:38:03.414+09:00,46.678,412,8.85,0,AVOIDING_OBSTACLE,,0,0,0,,UNKNOWN,UNKNOWN,0,0,0.000000,0.000000,0,741,green,0,unknown,0.000000,null,0.000000,0.403,,"{""0"": 250, ""1"": 250, ""2"": null, ""3"": null, ""4"": null, ""5"": null, ""6"": null, ""7"": null}","{""0"": 0.0, ""1"": 0.0, ""2"": null, ""3"": null, ""4"": null, ""5"": null, ""6"": null, ""7"": null}",{},,1,0,1,0,,maneuver-locked,COUNTER_STEER_PAUSED,left,right,left,0
414,2026-08-01T22:38:03.521+09:00,46.783,413,8.85,0,AVOIDING_OBSTACLE,,0,0,0,,UNKNOWN,UNKNOWN,0,0,0.000000,0.000000,0,741,green,0,unknown,0.000000,null,0.000000,0.286,,"{""0"": 250, ""1"": 250, ""2"": null, ""3"": null, ""4"": null, ""5"": null, ""6"": null, ""7"": null}","{""0"": 0.0, ""1"": 0.0, ""2"": null, ""3"": null, ""4"": null, ""5"": null, ""6"": null, ""7"": null}",{},,1,0,1,0,,maneuver-locked,COUNTER_STEER_PAUSED,left,right,left,0
415,2026-08-01T22:38:03.629+09:00,46.893,414,8.85,0,AVOIDING_OBSTACLE,,0,0,0,,UNKNOWN,UNKNOWN,0,0,0.000000,0.000000,0,742,green,0,unknown,0.000000,null,0.000000,0.292,,"{""0"": 250, ""1"": 250, ""2"": null, ""3"": null, ""4"": null, ""5"": null, ""6"": null, ""7"": null}","{""0"": 0.0, ""1"": 0.0, ""2"": null, ""3"": null, ""4"": null, ""5"": null, ""6"": null, ""7"": null}",{},,1,0,1,0,,maneuver-locked,COUNTER_STEER_PAUSED,left,right,left,0
416,2026-08-01T22:38:03.744+09:00,47.008,415,8.85,0,AVOIDING_OBSTACLE,,0,0,0,,UNKNOWN,UNKNOWN,0,0,0.000000,0.000000,0,741,green,0,unknown,0.000000,null,0.000000,0.193,,"{""0"": 250, ""1"": 250, ""2"": null, ""3"": null, ""4"": null, ""5"": null, ""6"": null, ""7"": null}","{""0"": 0.0, ""1"": 0.0, ""2"": null, ""3"": null, ""4"": null, ""5"": null, ""6"": null, ""7"": null}",{},,1,0,1,0,,maneuver-locked,COUNTER_STEER_PAUSED,left,right,left,0
417,2026-08-01T22:38:03.851+09:00,47.114,416,8.85,0,AVOIDING_OBSTACLE,,0,0,0,,UNKNOWN,UNKNOWN,0,0,0.000000,0.000000,0,741,green,0,unknown,0.000000,null,0.000000,0.298,,"{""0"": 250, ""1"": 250, ""2"": null, ""3"": null, ""4"": null, ""5"": null, ""6"": null, ""7"": null}","{""0"": 0.0, ""1"": 0.0, ""2"": null, ""3"": null, ""4"": null, ""5"": null, ""6"": null, ""7"": null}",{},,1,0,1,0,,maneuver-locked,COUNTER_STEER_PAUSED,left,right,left,0
418,2026-08-01T22:38:03.954+09:00,47.219,417,8.85,0,AVOIDING_OBSTACLE,,0,0,0,,UNKNOWN,UNKNOWN,0,0,0.000000,0.000000,0,740,green,0,unknown,0.000000,null,0.000000,0.294,,"{""0"": 250, ""1"": 250, ""2"": null, ""3"": null, ""4"": null, ""5"": null, ""6"": null, ""7"": null}","{""0"": 0.0, ""1"": 0.0, ""2"": null, ""3"": null, ""4"": null, ""5"": null, ""6"": null, ""7"": null}",{},,1,0,1,0,,maneuver-locked,COUNTER_STEER_PAUSED,left,right,left,0
419,2026-08-01T22:38:04.054+09:00,47.318,418,8.86,1,AVOIDING_OBSTACLE,phase:COUNTER_STEER_PAUSED->COUNTER_STEER,0,0,0,,UNKNOWN,UNKNOWN,0,0,0.000000,-1.000000,70,741,green,0,unknown,0.000000,null,0.000000,0.392,,"{""0"": 250, ""1"": 250, ""2"": null, ""3"": null, ""4"": null, ""5"": null, ""6"": null, ""7"": null}","{""0"": 0.0, ""1"": 0.0, ""2"": null, ""3"": null, ""4"": null, ""5"": null, ""6"": null, ""7"": null}",{},,1,0,1,0,,maneuver-locked,COUNTER_STEER,left,right,left,0
420,2026-08-01T22:38:04.166+09:00,47.429,419,8.86,1,AVOIDING_OBSTACLE,,0,0,0,,UNKNOWN,UNKNOWN,0,0,0.000000,-1.000000,70,739,green,0,unknown,0.000000,null,0.000000,0.281,,"{""0"": 250, ""1"": 169, ""2"": null, ""3"": null, ""4"": null, ""5"": null, ""6"": null, ""7"": null}","{""0"": 0.0, ""1"": 0.0, ""2"": null, ""3"": null, ""4"": null, ""5"": null, ""6"": null, ""7"": null}",{},,1,0,1,0,,maneuver-locked,COUNTER_STEER,left,right,left,0
421,2026-08-01T22:38:04.271+09:00,47.535,420,8.86,1,DRIVING,state:AVOIDING_OBSTACLE->DRIVING;phase:COUNTER_STEER->KEEP,0,0,0,,UNKNOWN,UNKNOWN,0,0,0.000000,0.000000,70,715,green,0,unknown,0.000000,null,0.000000,0.294,,"{""0"": 250, ""1"": 250, ""2"": null, ""3"": null, ""4"": null, ""5"": null, ""6"": null, ""7"": null}","{""0"": 0.0, ""1"": 0.0, ""2"": null, ""3"": null, ""4"": null, ""5"": null, ""6"": null, ""7"": null}",{},,1,0,1,0,,maneuver-locked,KEEP,,,,0
422,2026-08-01T22:38:04.391+09:00,47.652,421,8.86,1,DRIVING,,0,1,0,0.085666,OUTER,UNKNOWN,0,1,-0.154198,-0.154198,255,709,green,0,unknown,0.000000,null,0.000000,0.188,,"{""0"": 250, ""1"": 250, ""2"": null, ""3"": null, ""4"": null, ""5"": null, ""6"": null, ""7"": null}","{""0"": 0.0, ""1"": 0.0, ""2"": null, ""3"": null, ""4"": null, ""5"": null, ""6"": null, ""7"": null}","{""0"": 250, ""1"": 250}",250,1,0,0,0,0.188,ultrasonic-not-close,KEEP,left,right,,0
423,2026-08-01T22:38:04.511+09:00,47.774,422,8.86,1,DRIVING,,0,1,0,0.077174,OUTER,UNKNOWN,0,2,-0.123628,-0.123628,255,715,green,0,unknown,0.000000,null,0.000000,0.310,,"{""0"": 250, ""1"": 250, ""2"": null, ""3"": null, ""4"": null, ""5"": null, ""6"": null, ""7"": null}","{""0"": 0.0, ""1"": 0.0, ""2"": null, ""3"": null, ""4"": null, ""5"": null, ""6"": null, ""7"": null}","{""0"": 250, ""1"": 250}",250,1,0,0,0,0.310,ultrasonic-not-close,KEEP,left,right,,0
424,2026-08-01T22:38:04.624+09:00,47.887,423,8.86,1,DRIVING,,0,1,0,0.053125,UNKNOWN,UNKNOWN,0,2,-0.041637,-0.041637,255,728,green,0,unknown,0.000000,null,0.000000,0.319,,"{""0"": 250, ""1"": 250, ""2"": null, ""3"": null, ""4"": null, ""5"": null, ""6"": null, ""7"": null}","{""0"": 0.0, ""1"": 0.0, ""2"": null, ""3"": null, ""4"": null, ""5"": null, ""6"": null, ""7"": null}","{""0"": 250, ""1"": 250}",250,1,0,0,0,0.319,ultrasonic-not-close,KEEP,left,right,,0
425,2026-08-01T22:38:04.736+09:00,48.000,424,8.86,1,DRIVING,,0,1,0,0.011616,OUTER,OUTER,0,3,0.091598,0.091598,255,731,green,0,unknown,0.000000,null,0.000000,0.191,,"{""0"": 250, ""1"": 250, ""2"": null, ""3"": null, ""4"": null, ""5"": null, ""6"": null, ""7"": null}","{""0"": 0.0, ""1"": 0.0, ""2"": null, ""3"": null, ""4"": null, ""5"": null, ""6"": null, ""7"": null}","{""0"": 250, ""1"": 250}",250,1,0,0,0,0.191,ultrasonic-not-close,KEEP,left,right,,0
426,2026-08-01T22:38:04.852+09:00,48.117,425,8.86,1,DRIVING,,0,1,0,-0.034020,OUTER,OUTER,0,4,0.222135,0.222135,255,741,green,0,unknown,0.000000,null,0.000000,0.308,,"{""0"": 250, ""1"": 118, ""2"": null, ""3"": null, ""4"": null, ""5"": null, ""6"": null, ""7"": null}","{""0"": 0.0, ""1"": 0.0, ""2"": null, ""3"": null, ""4"": null, ""5"": null, ""6"": null, ""7"": null}","{""0"": 250, ""1"": 118}",118,1,1,0,0,0.308,car-not-detected-or-stale,KEEP,left,right,,0
427,2026-08-01T22:38:04.971+09:00,48.234,426,8.85,1,DRIVING,,0,1,0,-0.064295,OUTER,OUTER,0,5,0.282857,0.282857,255,744,green,0,unknown,0.000000,null,0.000000,0.313,,"{""0"": 250, ""1"": 250, ""2"": null, ""3"": null, ""4"": null, ""5"": null, ""6"": null, ""7"": null}","{""0"": 0.0, ""1"": 0.0, ""2"": null, ""3"": null, ""4"": null, ""5"": null, ""6"": null, ""7"": null}","{""0"": 250, ""1"": 250}",250,1,0,0,0,0.313,ultrasonic-not-close,KEEP,left,right,,0
428,2026-08-01T22:38:05.083+09:00,48.347,427,8.85,1,DRIVING,,0,1,0,-0.100045,OUTER,OUTER,0,6,0.361418,0.361418,255,753,green,0,unknown,0.000000,null,0.000000,0.314,,"{""0"": 250, ""1"": 250, ""2"": null, ""3"": null, ""4"": null, ""5"": null, ""6"": null, ""7"": null}","{""0"": 0.0, ""1"": 0.0, ""2"": null, ""3"": null, ""4"": null, ""5"": null, ""6"": null, ""7"": null}","{""0"": 250, ""1"": 250}",250,1,0,0,0,0.314,ultrasonic-not-close,KEEP,left,right,,0
429,2026-08-01T22:38:05.194+09:00,48.457,428,8.86,1,DRIVING,,0,1,0,-0.127746,OUTER,OUTER,0,6,0.406742,0.406742,100,762,green,0,unknown,0.000000,null,0.000000,0.189,,"{""0"": 250, ""1"": 68, ""2"": null, ""3"": null, ""4"": null, ""5"": null, ""6"": null, ""7"": null}","{""0"": 0.0, ""1"": 0.0, ""2"": null, ""3"": null, ""4"": null, ""5"": null, ""6"": null, ""7"": null}","{""0"": 250, ""1"": 68}",68,1,1,0,0,0.189,car-not-detected-or-stale,KEEP,left,right,,0
430,2026-08-01T22:38:05.307+09:00,48.572,429,8.86,1,DRIVING,,0,1,0,-0.148536,OUTER,OUTER,0,6,0.428544,0.428544,255,770,green,0,unknown,0.000000,null,0.000000,0.304,,"{""0"": 250, ""1"": 173, ""2"": null, ""3"": null, ""4"": null, ""5"": null, ""6"": null, ""7"": null}","{""0"": 0.0, ""1"": 0.0, ""2"": null, ""3"": null, ""4"": null, ""5"": null, ""6"": null, ""7"": null}","{""0"": 250, ""1"": 173}",173,1,0,0,0,0.304,ultrasonic-not-close,KEEP,left,right,,0
431,2026-08-01T22:38:05.409+09:00,48.673,430,8.86,1,DRIVING,,0,1,0,-0.161510,OUTER,OUTER,0,7,0.426899,0.426899,255,768,green,0,unknown,0.000000,null,0.000000,0.296,,"{""0"": 250, ""1"": 166, ""2"": null, ""3"": null, ""4"": null, ""5"": null, ""6"": null, ""7"": null}","{""0"": 0.0, ""1"": 0.0, ""2"": null, ""3"": null, ""4"": null, ""5"": null, ""6"": null, ""7"": null}","{""0"": 250, ""1"": 166}",166,1,0,0,0,0.296,ultrasonic-not-close,KEEP,left,right,,0
432,2026-08-01T22:38:05.523+09:00,48.788,431,8.86,1,DRIVING,,0,1,0,-0.163813,OUTER,OUTER,0,7,0.394336,0.394336,255,771,green,0,unknown,0.000000,null,0.000000,0.183,,"{""0"": 250, ""1"": 155, ""2"": null, ""3"": null, ""4"": null, ""5"": null, ""6"": null, ""7"": null}","{""0"": 0.0, ""1"": 0.0, ""2"": null, ""3"": null, ""4"": null, ""5"": null, ""6"": null, ""7"": null}","{""0"": 250, ""1"": 155}",155,1,0,0,0,0.183,ultrasonic-not-close,KEEP,left,right,,0
433,2026-08-01T22:38:05.630+09:00,48.893,432,8.86,1,DRIVING,,0,1,0,-0.160464,OUTER,OUTER,0,7,0.352438,0.352438,255,772,green,0,unknown,0.000000,null,0.000000,0.289,,"{""0"": 81, ""1"": 148, ""2"": null, ""3"": null, ""4"": null, ""5"": null, ""6"": null, ""7"": null}","{""0"": 0.0, ""1"": 0.0, ""2"": null, ""3"": null, ""4"": null, ""5"": null, ""6"": null, ""7"": null}","{""0"": 81, ""1"": 148}",81,1,1,0,0,0.289,car-not-detected-or-stale,KEEP,left,right,,0
434,2026-08-01T22:38:05.734+09:00,48.999,433,8.86,1,DRIVING,,0,1,0,-0.152831,OUTER,OUTER,0,7,0.305878,0.305878,255,772,green,0,unknown,0.000000,null,0.000000,0.295,,"{""0"": 84, ""1"": 140, ""2"": null, ""3"": null, ""4"": null, ""5"": null, ""6"": null, ""7"": null}","{""0"": 0.0, ""1"": 0.0, ""2"": null, ""3"": null, ""4"": null, ""5"": null, ""6"": null, ""7"": null}","{""0"": 84, ""1"": 140}",84,1,1,0,0,0.295,car-not-detected-or-stale,KEEP,left,right,,0
435,2026-08-01T22:38:05.845+09:00,49.109,434,8.86,1,DRIVING,,0,1,0,-0.149011,OUTER,OUTER,0,7,0.282892,0.282892,255,773,green,0,unknown,0.000000,null,0.000000,0.183,,"{""0"": 250, ""1"": 132, ""2"": null, ""3"": null, ""4"": null, ""5"": null, ""6"": null, ""7"": null}","{""0"": 0.0, ""1"": 0.0, ""2"": null, ""3"": null, ""4"": null, ""5"": null, ""6"": null, ""7"": null}","{""0"": 250, ""1"": 132}",132,1,1,0,0,0.183,car-not-detected-or-stale,KEEP,left,right,,0
436,2026-08-01T22:38:05.963+09:00,49.227,435,8.86,1,DRIVING,,0,1,0,-0.126806,OUTER,OUTER,0,7,0.198550,0.198550,255,772,green,0,unknown,0.000000,null,0.000000,0.299,,"{""0"": 250, ""1"": 125, ""2"": null, ""3"": null, ""4"": null, ""5"": null, ""6"": null, ""7"": null}","{""0"": 0.0, ""1"": 0.0, ""2"": null, ""3"": null, ""4"": null, ""5"": null, ""6"": null, ""7"": null}","{""0"": 250, ""1"": 125}",125,1,1,0,0,0.299,car-not-detected-or-stale,KEEP,left,right,,0
437,2026-08-01T22:38:06.076+09:00,49.341,436,8.86,1,DRIVING,,0,1,0,-0.118488,OUTER,OUTER,0,7,0.177517,0.177517,255,769,green,0,unknown,0.000000,null,0.000000,0.310,,"{""0"": 250, ""1"": 117, ""2"": null, ""3"": null, ""4"": null, ""5"": null, ""6"": null, ""7"": null}","{""0"": 0.0, ""1"": 0.0, ""2"": null, ""3"": null, ""4"": null, ""5"": null, ""6"": null, ""7"": null}","{""0"": 250, ""1"": 117}",117,1,1,0,0,0.310,car-not-detected-or-stale,KEEP,left,right,,0
438,2026-08-01T22:38:06.186+09:00,49.451,437,8.86,1,DRIVING,,0,1,0,-0.188002,OUTER,OUTER,0,7,0.438497,0.438497,255,766,green,0,unknown,0.000000,null,0.000000,0.192,,"{""0"": 250, ""1"": 250, ""2"": null, ""3"": null, ""4"": null, ""5"": null, ""6"": null, ""7"": null}","{""0"": 0.0, ""1"": 0.0, ""2"": null, ""3"": null, ""4"": null, ""5"": null, ""6"": null, ""7"": null}","{""0"": 250, ""1"": 250}",250,1,0,0,0,0.192,ultrasonic-not-close,KEEP,left,right,,0
439,2026-08-01T22:38:06.304+09:00,49.568,438,8.86,1,DRIVING,,0,1,0,-0.188753,OUTER,OUTER,0,7,0.411170,0.411170,255,766,green,0,unknown,0.000000,null,0.000000,0.307,,"{""0"": 250, ""1"": 142, ""2"": null, ""3"": null, ""4"": null, ""5"": null, ""6"": null, ""7"": null}","{""0"": 0.0, ""1"": 0.0, ""2"": null, ""3"": null, ""4"": null, ""5"": null, ""6"": null, ""7"": null}","{""0"": 250, ""1"": 142}",142,1,1,0,0,0.307,car-not-detected-or-stale,KEEP,left,right,,0
440,2026-08-01T22:38:06.407+09:00,49.671,439,8.86,1,DRIVING,,0,1,0,-0.194748,OUTER,OUTER,0,7,0.411328,0.411328,255,768,green,0,unknown,0.000000,null,0.000000,0.300,,"{""0"": 250, ""1"": 126, ""2"": null, ""3"": null, ""4"": null, ""5"": null, ""6"": null, ""7"": null}","{""0"": 0.0, ""1"": 0.0, ""2"": null, ""3"": null, ""4"": null, ""5"": null, ""6"": null, ""7"": null}","{""0"": 250, ""1"": 126}",126,1,1,0,0,0.300,car-not-detected-or-stale,KEEP,left,right,,0
441,2026-08-01T22:38:06.516+09:00,49.781,440,8.86,1,DRIVING,,0,1,0,-0.202711,OUTER,OUTER,0,7,0.421762,0.421762,255,770,green,0,unknown,0.000000,null,0.000000,0.297,,"{""0"": 127, ""1"": 158, ""2"": null, ""3"": null, ""4"": null, ""5"": null, ""6"": null, ""7"": null}","{""0"": 0.0, ""1"": 0.0, ""2"": null, ""3"": null, ""4"": null, ""5"": null, ""6"": null, ""7"": null}","{""0"": 127, ""1"": 158}",127,1,1,0,0,0.297,car-not-detected-or-stale,KEEP,left,right,,0
442,2026-08-01T22:38:06.632+09:00,49.896,441,8.86,1,DRIVING,,0,1,0,-0.210364,OUTER,OUTER,0,7,0.432245,0.432245,255,767,green,0,unknown,0.000000,null,0.000000,0.413,,"{""0"": 250, ""1"": 81, ""2"": null, ""3"": null, ""4"": null, ""5"": null, ""6"": null, ""7"": null}","{""0"": 0.0, ""1"": 0.0, ""2"": null, ""3"": null, ""4"": null, ""5"": null, ""6"": null, ""7"": null}","{""0"": 250, ""1"": 81}",81,1,1,0,0,0.413,car-not-detected-or-stale,KEEP,left,right,,0
443,2026-08-01T22:38:06.741+09:00,50.006,442,8.86,1,DRIVING,,0,1,0,-0.222688,OUTER,OUTER,0,7,0.460537,0.460537,100,769,green,0,unknown,0.000000,null,0.000000,0.304,,"{""0"": 250, ""1"": 50, ""2"": null, ""3"": null, ""4"": null, ""5"": null, ""6"": null, ""7"": null}","{""0"": 0.0, ""1"": 0.0, ""2"": null, ""3"": null, ""4"": null, ""5"": null, ""6"": null, ""7"": null}","{""0"": 250, ""1"": 50}",50,1,1,0,0,0.304,car-not-detected-or-stale,KEEP,left,right,,0
444,2026-08-01T22:38:06.850+09:00,50.115,443,8.86,1,DRIVING,,0,1,0,-0.213538,OUTER,OUTER,0,7,0.409688,0.409688,100,774,green,0,unknown,0.000000,null,0.000000,0.303,,"{""0"": 62, ""1"": 250, ""2"": null, ""3"": null, ""4"": null, ""5"": null, ""6"": null, ""7"": null}","{""0"": 0.0, ""1"": 0.0, ""2"": null, ""3"": null, ""4"": null, ""5"": null, ""6"": null, ""7"": null}","{""0"": 62, ""1"": 250}",62,1,1,0,0,0.303,car-not-detected-or-stale,KEEP,left,right,,0
445,2026-08-01T22:38:06.959+09:00,50.223,444,8.86,1,DRIVING,,0,1,0,-0.200221,OUTER,OUTER,0,7,0.354151,0.354151,100,775,green,0,unknown,0.000000,null,0.000000,0.411,,"{""0"": 250, ""1"": 58, ""2"": null, ""3"": null, ""4"": null, ""5"": null, ""6"": null, ""7"": null}","{""0"": 0.0, ""1"": 0.0, ""2"": null, ""3"": null, ""4"": null, ""5"": null, ""6"": null, ""7"": null}","{""0"": 250, ""1"": 58}",58,1,1,0,0,0.411,car-not-detected-or-stale,KEEP,left,right,,0
446,2026-08-01T22:38:07.063+09:00,50.328,445,8.86,1,DRIVING,,0,1,0,-0.228756,UNKNOWN,OUTER,0,6,0.458749,0.458749,255,776,green,0,unknown,0.000000,null,0.000000,0.289,,"{""0"": 250, ""1"": 250, ""2"": null, ""3"": null, ""4"": null, ""5"": null, ""6"": null, ""7"": null}","{""0"": 0.0, ""1"": 0.0, ""2"": null, ""3"": null, ""4"": null, ""5"": null, ""6"": null, ""7"": null}","{""0"": 250, ""1"": 250}",250,1,0,0,0,0.289,ultrasonic-not-close,KEEP,left,right,,0
447,2026-08-01T22:38:07.170+09:00,50.435,446,8.86,1,DRIVING,,0,1,0,-0.238460,UNKNOWN,OUTER,0,5,0.479587,0.479587,255,775,green,0,unknown,0.000000,null,0.000000,0.290,,"{""0"": 250, ""1"": 250, ""2"": null, ""3"": null, ""4"": null, ""5"": null, ""6"": null, ""7"": null}","{""0"": 0.0, ""1"": 0.0, ""2"": null, ""3"": null, ""4"": null, ""5"": null, ""6"": null, ""7"": null}","{""0"": 250, ""1"": 250}",250,1,0,0,0,0.290,ultrasonic-not-close,KEEP,left,right,,0
448,2026-08-01T22:38:07.282+09:00,50.546,447,8.87,1,DRIVING,,0,1,0,-0.249643,UNKNOWN,OUTER,0,4,0.504738,0.504738,255,777,green,0,unknown,0.000000,null,0.000000,0.400,,"{""0"": 104, ""1"": 190, ""2"": null, ""3"": null, ""4"": null, ""5"": null, ""6"": null, ""7"": null}","{""0"": 0.0, ""1"": 0.0, ""2"": null, ""3"": null, ""4"": null, ""5"": null, ""6"": null, ""7"": null}","{""0"": 104, ""1"": 190}",104,1,1,0,0,0.400,car-not-detected-or-stale,KEEP,left,right,,0
449,2026-08-01T22:38:07.388+09:00,50.653,448,8.87,1,DRIVING,,0,1,0,-0.267377,UNKNOWN,OUTER,0,3,0.551968,0.551968,255,776,green,0,unknown,0.000000,null,0.000000,0.295,,"{""0"": 250, ""1"": 250, ""2"": null, ""3"": null, ""4"": null, ""5"": null, ""6"": null, ""7"": null}","{""0"": 0.0, ""1"": 0.0, ""2"": null, ""3"": null, ""4"": null, ""5"": null, ""6"": null, ""7"": null}","{""0"": 250, ""1"": 250}",250,1,0,0,0,0.295,ultrasonic-not-close,KEEP,left,right,,0
450,2026-08-01T22:38:07.500+09:00,50.764,449,8.87,1,DRIVING,,0,1,0,-0.277190,UNKNOWN,UNKNOWN,0,2,0.566088,0.566088,100,779,green,0,unknown,0.000000,null,0.000000,0.299,,"{""0"": 250, ""1"": 59, ""2"": null, ""3"": null, ""4"": null, ""5"": null, ""6"": null, ""7"": null}","{""0"": 0.0, ""1"": 0.0, ""2"": null, ""3"": null, ""4"": null, ""5"": null, ""6"": null, ""7"": null}","{""0"": 250, ""1"": 59}",59,1,1,0,0,0.299,car-not-detected-or-stale,KEEP,left,right,,0
451,2026-08-01T22:38:07.606+09:00,50.871,450,8.87,1,DRIVING,,0,1,0,-0.291334,UNKNOWN,UNKNOWN,0,1,0.596861,0.596861,255,784,green,0,unknown,0.000000,null,0.000000,0.404,,"{""0"": 250, ""1"": 168, ""2"": null, ""3"": null, ""4"": null, ""5"": null, ""6"": null, ""7"": null}","{""0"": 0.0, ""1"": 0.0, ""2"": null, ""3"": null, ""4"": null, ""5"": null, ""6"": null, ""7"": null}","{""0"": 250, ""1"": 168}",168,1,0,0,0,0.404,ultrasonic-not-close,KEEP,left,right,,0
452,2026-08-01T22:38:07.714+09:00,50.976,451,8.87,1,DRIVING,,0,1,0,-0.303585,UNKNOWN,UNKNOWN,0,0,0.619229,0.619229,255,783,green,0,unknown,0.000000,null,0.000000,0.289,,"{""0"": 250, ""1"": 102, ""2"": null, ""3"": null, ""4"": null, ""5"": null, ""6"": null, ""7"": null}","{""0"": 0.0, ""1"": 0.0, ""2"": null, ""3"": null, ""4"": null, ""5"": null, ""6"": null, ""7"": null}","{""0"": 250, ""1"": 102}",102,1,1,0,0,0.289,car-not-detected-or-stale,KEEP,left,right,,0
453,2026-08-01T22:38:07.819+09:00,51.083,452,8.87,1,DRIVING,,0,1,0,-0.310767,UNKNOWN,UNKNOWN,0,0,0.623251,0.623251,255,784,green,0,unknown,0.000000,null,0.000000,0.288,,"{""0"": 250, ""1"": 196, ""2"": null, ""3"": null, ""4"": null, ""5"": null, ""6"": null, ""7"": null}","{""0"": 0.0, ""1"": 0.0, ""2"": null, ""3"": null, ""4"": null, ""5"": null, ""6"": null, ""7"": null}","{""0"": 250, ""1"": 196}",196,1,0,0,0,0.288,ultrasonic-not-close,KEEP,left,right,,0
454,2026-08-01T22:38:07.935+09:00,51.198,453,8.87,1,DRIVING,,0,1,0,-0.317427,UNKNOWN,UNKNOWN,0,0,0.628067,0.628067,100,786,green,0,unknown,0.000000,null,0.000000,0.402,,"{""0"": 250, ""1"": 70, ""2"": null, ""3"": null, ""4"": null, ""5"": null, ""6"": null, ""7"": null}","{""0"": 0.0, ""1"": 0.0, ""2"": null, ""3"": null, ""4"": null, ""5"": null, ""6"": null, ""7"": null}","{""0"": 250, ""1"": 70}",70,1,1,0,0,0.402,car-not-detected-or-stale,KEEP,left,right,,0
455,2026-08-01T22:38:08.048+09:00,51.310,454,8.87,1,DRIVING,,0,1,0,-0.327076,UNKNOWN,UNKNOWN,0,0,0.645792,0.645792,255,788,green,0,unknown,0.000000,null,0.000000,0.298,,"{""0"": 250, ""1"": 114, ""2"": null, ""3"": null, ""4"": null, ""5"": null, ""6"": null, ""7"": null}","{""0"": 0.0, ""1"": 0.0, ""2"": null, ""3"": null, ""4"": null, ""5"": null, ""6"": null, ""7"": null}","{""0"": 250, ""1"": 114}",114,1,1,0,0,0.298,car-not-detected-or-stale,KEEP,left,right,,0
456,2026-08-01T22:38:08.154+09:00,51.419,455,8.87,1,DRIVING,,0,1,0,-0.337765,UNKNOWN,UNKNOWN,0,0,0.667156,0.667156,100,789,green,0,unknown,0.000000,null,0.000000,0.304,,"{""0"": 168, ""1"": 63, ""2"": null, ""3"": null, ""4"": null, ""5"": null, ""6"": null, ""7"": null}","{""0"": 0.0, ""1"": 0.0, ""2"": null, ""3"": null, ""4"": null, ""5"": null, ""6"": null, ""7"": null}","{""0"": 168, ""1"": 63}",63,1,1,0,0,0.304,car-not-detected-or-stale,KEEP,left,right,,0
457,2026-08-01T22:38:08.270+09:00,51.532,456,8.87,1,DRIVING,,0,1,0,-0.342617,UNKNOWN,UNKNOWN,0,0,0.666870,0.666870,255,789,green,0,unknown,0.000000,null,0.000000,0.415,,"{""0"": 250, ""1"": 103, ""2"": null, ""3"": null, ""4"": null, ""5"": null, ""6"": null, ""7"": null}","{""0"": 0.0, ""1"": 0.0, ""2"": null, ""3"": null, ""4"": null, ""5"": null, ""6"": null, ""7"": null}","{""0"": 250, ""1"": 103}",103,1,1,0,0,0.415,car-not-detected-or-stale,KEEP,left,right,,0
458,2026-08-01T22:38:08.387+09:00,51.650,457,8.87,1,DRIVING,,0,1,0,-0.345988,UNKNOWN,UNKNOWN,0,0,0.663956,0.663956,255,789,green,0,unknown,0.000000,null,0.000000,0.302,,"{""0"": 158, ""1"": 158, ""2"": null, ""3"": null, ""4"": null, ""5"": null, ""6"": null, ""7"": null}","{""0"": 0.0, ""1"": 0.0, ""2"": null, ""3"": null, ""4"": null, ""5"": null, ""6"": null, ""7"": null}","{""0"": 158, ""1"": 158}",158,1,0,0,0,0.302,ultrasonic-not-close,KEEP,left,right,,0
459,2026-08-01T22:38:08.512+09:00,51.775,458,8.87,1,DRIVING,,0,1,0,-0.350868,UNKNOWN,UNKNOWN,0,0,0.669171,0.669171,255,791,green,0,unknown,0.000000,null,0.000000,0.323,,"{""0"": 250, ""1"": 94, ""2"": null, ""3"": null, ""4"": null, ""5"": null, ""6"": null, ""7"": null}","{""0"": 0.0, ""1"": 0.0, ""2"": null, ""3"": null, ""4"": null, ""5"": null, ""6"": null, ""7"": null}","{""0"": 250, ""1"": 94}",94,1,1,0,0,0.323,car-not-detected-or-stale,KEEP,left,right,,0
460,2026-08-01T22:38:08.628+09:00,51.891,459,8.87,1,DRIVING,,0,1,0,-0.357391,UNKNOWN,UNKNOWN,0,0,0.681373,0.681373,255,791,green,1,obstacle-car,0.469985,"[0, 0, 615, 310]",0.207193,0.203,,"{""0"": 250, ""1"": 113, ""2"": null, ""3"": null, ""4"": null, ""5"": null, ""6"": null, ""7"": null}","{""0"": 0.0, ""1"": 0.0, ""2"": null, ""3"": null, ""4"": null, ""5"": null, ""6"": null, ""7"": null}","{""0"": 250, ""1"": 113}",113,1,1,1,1,0.203,car+ultrasonic,KEEP,left,right,,0
461,2026-08-01T22:38:08.743+09:00,52.008,460,8.87,1,DRIVING,,0,1,0,-0.364517,UNKNOWN,UNKNOWN,0,0,0.695606,0.695606,255,791,green,1,obstacle-car,0.469985,"[0, 0, 615, 310]",0.207193,0.320,,"{""0"": 250, ""1"": 181, ""2"": null, ""3"": null, ""4"": null, ""5"": null, ""6"": null, ""7"": null}","{""0"": 0.0, ""1"": 0.0, ""2"": null, ""3"": null, ""4"": null, ""5"": null, ""6"": null, ""7"": null}","{""0"": 250, ""1"": 181}",181,1,0,0,0,0.320,ultrasonic-not-close,KEEP,left,right,,0
462,2026-08-01T22:38:08.844+09:00,52.108,461,8.87,1,DRIVING,,0,1,0,-0.370000,UNKNOWN,UNKNOWN,0,0,0.703501,0.703501,100,792,green,1,obstacle-car,0.729449,"[6, 2, 664, 332]",0.235631,0.297,,"{""0"": 250, ""1"": 64, ""2"": null, ""3"": null, ""4"": null, ""5"": null, ""6"": null, ""7"": null}","{""0"": 0.0, ""1"": 0.0, ""2"": null, ""3"": null, ""4"": null, ""5"": null, ""6"": null, ""7"": null}","{""0"": 250, ""1"": 64}",64,1,1,1,1,0.297,car+ultrasonic,KEEP,left,right,,0
463,2026-08-01T22:38:08.951+09:00,52.216,462,8.87,1,DRIVING,,0,1,0,-0.380304,UNKNOWN,UNKNOWN,0,0,0.729346,0.729346,255,797,green,0,unknown,0.000000,null,0.000000,0.292,,"{""0"": 250, ""1"": 250, ""2"": null, ""3"": null, ""4"": null, ""5"": null, ""6"": null, ""7"": null}","{""0"": 0.0, ""1"": 0.0, ""2"": null, ""3"": null, ""4"": null, ""5"": null, ""6"": null, ""7"": null}","{""0"": 250, ""1"": 250}",250,1,0,0,0,0.292,ultrasonic-not-close,KEEP,left,right,,0
464,2026-08-01T22:38:09.064+09:00,52.326,463,8.87,1,DRIVING,,0,1,0,-0.381537,UNKNOWN,UNKNOWN,0,0,0.720346,0.720346,255,815,green,0,unknown,0.000000,null,0.000000,0.400,,"{""0"": 214, ""1"": 165, ""2"": null, ""3"": null, ""4"": null, ""5"": null, ""6"": null, ""7"": null}","{""0"": 0.0, ""1"": 0.0, ""2"": null, ""3"": null, ""4"": null, ""5"": null, ""6"": null, ""7"": null}","{""0"": 214, ""1"": 165}",165,1,0,0,0,0.400,ultrasonic-not-close,KEEP,left,right,,0
465,2026-08-01T22:38:09.179+09:00,52.443,464,8.87,1,DRIVING,,0,1,0,-0.384361,UNKNOWN,UNKNOWN,0,0,0.720438,0.720438,255,797,green,0,unknown,0.000000,null,0.000000,0.300,,"{""0"": 154, ""1"": 124, ""2"": null, ""3"": null, ""4"": null, ""5"": null, ""6"": null, ""7"": null}","{""0"": 0.0, ""1"": 0.0, ""2"": null, ""3"": null, ""4"": null, ""5"": null, ""6"": null, ""7"": null}","{""0"": 154, ""1"": 124}",124,1,1,0,0,0.300,car-not-detected-or-stale,KEEP,left,right,,0
466,2026-08-01T22:38:09.287+09:00,52.552,465,8.87,1,DRIVING,,0,1,0,-0.383348,UNKNOWN,UNKNOWN,0,0,0.708215,0.708215,255,797,green,0,unknown,0.000000,null,0.000000,0.303,,"{""0"": 146, ""1"": 100, ""2"": null, ""3"": null, ""4"": null, ""5"": null, ""6"": null, ""7"": null}","{""0"": 0.0, ""1"": 0.0, ""2"": null, ""3"": null, ""4"": null, ""5"": null, ""6"": null, ""7"": null}","{""0"": 146, ""1"": 100}",100,1,1,0,0,0.303,car-not-detected-or-stale,KEEP,left,right,,0
467,2026-08-01T22:38:09.400+09:00,52.664,466,8.87,1,DRIVING,,0,1,0,-0.381705,UNKNOWN,UNKNOWN,0,0,0.696842,0.696842,255,796,green,1,obstacle-car,0.457284,"[0, 1, 830, 296]",0.265823,0.187,,"{""0"": 134, ""1"": 136, ""2"": null, ""3"": null, ""4"": null, ""5"": null, ""6"": null, ""7"": null}","{""0"": 0.0, ""1"": 0.0, ""2"": null, ""3"": null, ""4"": null, ""5"": null, ""6"": null, ""7"": null}","{""0"": 134, ""1"": 136}",134,1,1,1,1,0.187,car+ultrasonic,KEEP,left,right,,0
468,2026-08-01T22:38:09.514+09:00,52.774,467,8.87,1,DRIVING,,0,1,0,-0.377567,UNKNOWN,UNKNOWN,0,0,0.679014,0.679014,255,795,green,1,obstacle-car,0.457284,"[0, 1, 830, 296]",0.265823,0.295,,"{""0"": 125, ""1"": 129, ""2"": null, ""3"": null, ""4"": null, ""5"": null, ""6"": null, ""7"": null}","{""0"": 0.0, ""1"": 0.0, ""2"": null, ""3"": null, ""4"": null, ""5"": null, ""6"": null, ""7"": null}","{""0"": 125, ""1"": 129}",125,1,1,1,2,0.295,car+ultrasonic,KEEP,left,right,,0
469,2026-08-01T22:38:09.618+09:00,52.883,468,8.87,1,DRIVING,,0,1,0,-0.375949,UNKNOWN,UNKNOWN,0,0,0.673370,0.673370,100,795,green,0,unknown,0.000000,null,0.000000,0.298,,"{""0"": 250, ""1"": 78, ""2"": null, ""3"": null, ""4"": null, ""5"": null, ""6"": null, ""7"": null}","{""0"": 0.0, ""1"": 0.0, ""2"": null, ""3"": null, ""4"": null, ""5"": null, ""6"": null, ""7"": null}","{""0"": 250, ""1"": 78}",78,1,1,0,0,0.298,car-not-detected-or-stale,KEEP,left,right,,0
470,2026-08-01T22:38:09.728+09:00,52.991,469,8.87,1,DRIVING,,0,1,0,-0.373345,UNKNOWN,UNKNOWN,0,0,0.665000,0.665000,255,795,green,0,unknown,0.000000,null,0.000000,0.180,,"{""0"": 250, ""1"": 160, ""2"": null, ""3"": null, ""4"": null, ""5"": null, ""6"": null, ""7"": null}","{""0"": 0.0, ""1"": 0.0, ""2"": null, ""3"": null, ""4"": null, ""5"": null, ""6"": null, ""7"": null}","{""0"": 250, ""1"": 160}",160,1,0,0,0,0.180,ultrasonic-not-close,KEEP,left,right,,0
471,2026-08-01T22:38:09.848+09:00,53.111,470,8.87,1,DRIVING,,0,1,0,-0.374249,UNKNOWN,UNKNOWN,0,0,0.670361,0.670361,255,796,green,0,unknown,0.000000,null,0.000000,0.297,,"{""0"": 103, ""1"": 104, ""2"": null, ""3"": null, ""4"": null, ""5"": null, ""6"": null, ""7"": null}","{""0"": 0.0, ""1"": 0.0, ""2"": null, ""3"": null, ""4"": null, ""5"": null, ""6"": null, ""7"": null}","{""0"": 103, ""1"": 104}",103,1,1,0,0,0.297,car-not-detected-or-stale,KEEP,left,right,,0
472,2026-08-01T22:38:09.958+09:00,53.221,471,8.87,1,DRIVING,,0,1,0,-0.371289,UNKNOWN,UNKNOWN,0,0,0.660690,0.660690,255,796,green,0,unknown,0.000000,null,0.000000,0.307,,"{""0"": 250, ""1"": 97, ""2"": null, ""3"": null, ""4"": null, ""5"": null, ""6"": null, ""7"": null}","{""0"": 0.0, ""1"": 0.0, ""2"": null, ""3"": null, ""4"": null, ""5"": null, ""6"": null, ""7"": null}","{""0"": 250, ""1"": 97}",97,1,1,0,0,0.307,car-not-detected-or-stale,KEEP,left,right,,0
473,2026-08-01T22:38:10.068+09:00,53.331,472,8.87,1,DRIVING,,0,1,0,-0.369152,UNKNOWN,UNKNOWN,0,0,0.655285,0.655285,255,797,green,0,unknown,0.000000,null,0.000000,0.307,,"{""0"": 250, ""1"": 91, ""2"": null, ""3"": null, ""4"": null, ""5"": null, ""6"": null, ""7"": null}","{""0"": 0.0, ""1"": 0.0, ""2"": null, ""3"": null, ""4"": null, ""5"": null, ""6"": null, ""7"": null}","{""0"": 250, ""1"": 91}",91,1,1,0,0,0.307,car-not-detected-or-stale,KEEP,left,right,,0
474,2026-08-01T22:38:10.182+09:00,53.446,473,8.87,1,DRIVING,,0,1,0,-0.364930,UNKNOWN,UNKNOWN,0,0,0.642844,0.642844,255,797,green,0,unknown,0.000000,null,0.000000,0.422,,"{""0"": 250, ""1"": 82, ""2"": null, ""3"": null, ""4"": null, ""5"": null, ""6"": null, ""7"": null}","{""0"": 0.0, ""1"": 0.0, ""2"": null, ""3"": null, ""4"": null, ""5"": null, ""6"": null, ""7"": null}","{""0"": 250, ""1"": 82}",82,1,1,0,0,0.422,car-not-detected-or-stale,KEEP,left,right,,0
475,2026-08-01T22:38:10.288+09:00,53.551,474,8.87,1,DRIVING,,0,1,0,-0.361724,UNKNOWN,UNKNOWN,0,0,0.635512,0.635512,255,796,green,0,unknown,0.000000,null,0.000000,0.294,,"{""0"": 250, ""1"": 172, ""2"": null, ""3"": null, ""4"": null, ""5"": null, ""6"": null, ""7"": null}","{""0"": 0.0, ""1"": 0.0, ""2"": null, ""3"": null, ""4"": null, ""5"": null, ""6"": null, ""7"": null}","{""0"": 250, ""1"": 172}",172,1,0,0,0,0.294,ultrasonic-not-close,KEEP,left,right,,0
476,2026-08-01T22:38:10.393+09:00,53.657,475,8.87,1,DRIVING,,0,1,0,-0.357776,UNKNOWN,UNKNOWN,0,0,0.625976,0.625976,255,797,green,0,unknown,0.000000,null,0.000000,0.292,,"{""0"": 161, ""1"": 140, ""2"": null, ""3"": null, ""4"": null, ""5"": null, ""6"": null, ""7"": null}","{""0"": 0.0, ""1"": 0.0, ""2"": null, ""3"": null, ""4"": null, ""5"": null, ""6"": null, ""7"": null}","{""0"": 161, ""1"": 140}",140,1,1,0,0,0.292,car-not-detected-or-stale,KEEP,left,right,,0
477,2026-08-01T22:38:10.499+09:00,53.762,476,8.87,1,DRIVING,,0,1,0,-0.358131,UNKNOWN,UNKNOWN,0,0,0.632658,0.632658,255,797,green,0,unknown,0.000000,null,0.000000,0.397,,"{""0"": 250, ""1"": 157, ""2"": null, ""3"": null, ""4"": null, ""5"": null, ""6"": null, ""7"": null}","{""0"": 0.0, ""1"": 0.0, ""2"": null, ""3"": null, ""4"": null, ""5"": null, ""6"": null, ""7"": null}","{""0"": 250, ""1"": 157}",157,1,0,0,0,0.397,ultrasonic-not-close,KEEP,left,right,,0
478,2026-08-01T22:38:10.607+09:00,53.871,477,8.87,1,DRIVING,,0,1,0,-0.356239,UNKNOWN,UNKNOWN,0,0,0.629441,0.629441,255,797,unknown,0,unknown,0.000000,null,0.000000,0.286,,"{""0"": 250, ""1"": 250, ""2"": null, ""3"": null, ""4"": null, ""5"": null, ""6"": null, ""7"": null}","{""0"": 0.0, ""1"": 0.0, ""2"": null, ""3"": null, ""4"": null, ""5"": null, ""6"": null, ""7"": null}","{""0"": 250, ""1"": 250}",250,1,0,0,0,0.286,ultrasonic-not-close,KEEP,left,right,,0
479,2026-08-01T22:38:10.713+09:00,53.978,478,8.88,1,DRIVING,,0,1,0,-0.350921,UNKNOWN,UNKNOWN,0,0,0.613833,0.613833,255,796,unknown,0,unknown,0.000000,null,0.000000,0.291,,"{""0"": 250, ""1"": 132, ""2"": null, ""3"": null, ""4"": null, ""5"": null, ""6"": null, ""7"": null}","{""0"": 0.0, ""1"": 0.0, ""2"": null, ""3"": null, ""4"": null, ""5"": null, ""6"": null, ""7"": null}","{""0"": 250, ""1"": 132}",132,1,1,0,0,0.291,car-not-detected-or-stale,KEEP,left,right,,0
480,2026-08-01T22:38:10.827+09:00,54.090,479,8.88,1,DRIVING,,0,1,0,-0.349194,UNKNOWN,UNKNOWN,0,0,0.612962,0.612962,255,797,unknown,0,unknown,0.000000,null,0.000000,0.401,,"{""0"": 250, ""1"": 250, ""2"": null, ""3"": null, ""4"": null, ""5"": null, ""6"": null, ""7"": null}","{""0"": 0.0, ""1"": 0.0, ""2"": null, ""3"": null, ""4"": null, ""5"": null, ""6"": null, ""7"": null}","{""0"": 250, ""1"": 250}",250,1,0,0,0,0.401,ultrasonic-not-close,KEEP,left,right,,0
481,2026-08-01T22:38:10.936+09:00,54.198,480,8.88,1,DRIVING,,0,1,0,-0.348864,UNKNOWN,UNKNOWN,0,0,0.616453,0.616453,255,797,unknown,0,unknown,0.000000,null,0.000000,0.292,,"{""0"": 250, ""1"": 137, ""2"": null, ""3"": null, ""4"": null, ""5"": null, ""6"": null, ""7"": null}","{""0"": 0.0, ""1"": 0.0, ""2"": null, ""3"": null, ""4"": null, ""5"": null, ""6"": null, ""7"": null}","{""0"": 250, ""1"": 137}",137,1,1,0,0,0.292,car-not-detected-or-stale,KEEP,left,right,,0
482,2026-08-01T22:38:11.043+09:00,54.304,481,8.88,1,DRIVING,,0,1,0,-0.350262,UNKNOWN,UNKNOWN,0,0,0.624936,0.624936,255,796,unknown,0,unknown,0.000000,null,0.000000,0.295,,"{""0"": 250, ""1"": 131, ""2"": null, ""3"": null, ""4"": null, ""5"": null, ""6"": null, ""7"": null}","{""0"": 0.0, ""1"": 0.0, ""2"": null, ""3"": null, ""4"": null, ""5"": null, ""6"": null, ""7"": null}","{""0"": 250, ""1"": 131}",131,1,1,0,0,0.295,car-not-detected-or-stale,KEEP,left,right,,0
483,2026-08-01T22:38:11.157+09:00,54.421,482,8.88,1,DRIVING,,0,1,0,-0.346342,UNKNOWN,UNKNOWN,0,0,0.612484,0.612484,255,796,unknown,0,unknown,0.000000,null,0.000000,0.411,,"{""0"": 250, ""1"": 125, ""2"": null, ""3"": null, ""4"": null, ""5"": null, ""6"": null, ""7"": null}","{""0"": 0.0, ""1"": 0.0, ""2"": null, ""3"": null, ""4"": null, ""5"": null, ""6"": null, ""7"": null}","{""0"": 250, ""1"": 125}",125,1,1,0,0,0.411,car-not-detected-or-stale,KEEP,left,right,,0
484,2026-08-01T22:38:11.266+09:00,54.529,483,8.88,1,DRIVING,,0,1,0,-0.345273,UNKNOWN,UNKNOWN,0,0,0.611917,0.611917,255,795,unknown,0,unknown,0.000000,null,0.000000,0.295,,"{""0"": 250, ""1"": 122, ""2"": null, ""3"": null, ""4"": null, ""5"": null, ""6"": null, ""7"": null}","{""0"": 0.0, ""1"": 0.0, ""2"": null, ""3"": null, ""4"": null, ""5"": null, ""6"": null, ""7"": null}","{""0"": 250, ""1"": 122}",122,1,1,0,0,0.295,car-not-detected-or-stale,KEEP,left,right,,0
485,2026-08-01T22:38:11.379+09:00,54.642,484,8.88,1,DRIVING,,0,1,0,-0.342723,UNKNOWN,UNKNOWN,0,0,0.605608,0.605608,255,796,red,0,unknown,0.000000,null,0.000000,0.301,,"{""0"": 250, ""1"": 114, ""2"": null, ""3"": null, ""4"": null, ""5"": null, ""6"": null, ""7"": null}","{""0"": 0.0, ""1"": 0.0, ""2"": null, ""3"": null, ""4"": null, ""5"": null, ""6"": null, ""7"": null}","{""0"": 250, ""1"": 114}",114,1,1,0,0,0.301,car-not-detected-or-stale,KEEP,left,right,,0
486,2026-08-01T22:38:11.496+09:00,54.758,485,8.88,1,DRIVING,,0,1,0,-0.339654,UNKNOWN,UNKNOWN,0,0,0.597947,0.597947,100,796,red,0,unknown,0.000000,null,0.000000,0.194,,"{""0"": 250, ""1"": 62, ""2"": null, ""3"": null, ""4"": null, ""5"": null, ""6"": null, ""7"": null}","{""0"": 0.0, ""1"": 0.0, ""2"": null, ""3"": null, ""4"": null, ""5"": null, ""6"": null, ""7"": null}","{""0"": 250, ""1"": 62}",62,1,1,0,0,0.194,car-not-detected-or-stale,KEEP,left,right,,0
487,2026-08-01T22:38:11.610+09:00,54.874,486,8.88,1,DRIVING,,0,1,0,-0.335845,UNKNOWN,UNKNOWN,0,0,0.588265,0.588265,255,796,red,0,unknown,0.000000,null,0.000000,0.311,,"{""0"": 250, ""1"": 109, ""2"": null, ""3"": null, ""4"": null, ""5"": null, ""6"": null, ""7"": null}","{""0"": 0.0, ""1"": 0.0, ""2"": null, ""3"": null, ""4"": null, ""5"": null, ""6"": null, ""7"": null}","{""0"": 250, ""1"": 109}",109,1,1,0,0,0.311,car-not-detected-or-stale,KEEP,left,right,,0
488,2026-08-01T22:38:11.713+09:00,54.977,487,8.88,1,DRIVING,,0,1,0,-0.331680,UNKNOWN,UNKNOWN,0,0,0.578146,0.578146,100,794,unknown,0,unknown,0.000000,null,0.000000,0.301,,"{""0"": 127, ""1"": 57, ""2"": null, ""3"": null, ""4"": null, ""5"": null, ""6"": null, ""7"": null}","{""0"": 0.0, ""1"": 0.0, ""2"": null, ""3"": null, ""4"": null, ""5"": null, ""6"": null, ""7"": null}","{""0"": 127, ""1"": 57}",57,1,1,0,0,0.301,car-not-detected-or-stale,KEEP,left,right,,0
489,2026-08-01T22:38:11.826+09:00,55.091,488,8.88,1,DRIVING,,0,1,0,-0.323181,UNKNOWN,UNKNOWN,0,0,0.553213,0.553213,255,795,unknown,0,unknown,0.000000,null,0.000000,0.298,,"{""0"": 250, ""1"": 103, ""2"": null, ""3"": null, ""4"": null, ""5"": null, ""6"": null, ""7"": null}","{""0"": 0.0, ""1"": 0.0, ""2"": null, ""3"": null, ""4"": null, ""5"": null, ""6"": null, ""7"": null}","{""0"": 250, ""1"": 103}",103,1,1,0,0,0.298,car-not-detected-or-stale,KEEP,left,right,,0
490,2026-08-01T22:38:11.944+09:00,55.208,489,8.88,1,DRIVING,,0,1,0,-0.315508,UNKNOWN,UNKNOWN,0,0,0.534144,0.534144,255,795,unknown,0,unknown,0.000000,null,0.000000,0.413,,"{""0"": 123, ""1"": 99, ""2"": null, ""3"": null, ""4"": null, ""5"": null, ""6"": null, ""7"": null}","{""0"": 0.0, ""1"": 0.0, ""2"": null, ""3"": null, ""4"": null, ""5"": null, ""6"": null, ""7"": null}","{""0"": 123, ""1"": 99}",99,1,1,0,0,0.413,car-not-detected-or-stale,KEEP,left,right,,0
491,2026-08-01T22:38:12.049+09:00,55.313,490,8.88,1,DRIVING,,0,1,0,-0.306900,UNKNOWN,UNKNOWN,0,0,0.513287,0.513287,255,794,unknown,0,unknown,0.000000,null,0.000000,0.304,,"{""0"": 250, ""1"": 97, ""2"": null, ""3"": null, ""4"": null, ""5"": null, ""6"": null, ""7"": null}","{""0"": 0.0, ""1"": 0.0, ""2"": null, ""3"": null, ""4"": null, ""5"": null, ""6"": null, ""7"": null}","{""0"": 250, ""1"": 97}",97,1,1,0,0,0.304,car-not-detected-or-stale,KEEP,left,right,,0
492,2026-08-01T22:38:12.154+09:00,55.418,491,8.88,1,DRIVING,,0,1,0,-0.303610,UNKNOWN,UNKNOWN,0,0,0.513185,0.513185,255,790,unknown,0,unknown,0.000000,null,0.000000,0.297,,"{""0"": 250, ""1"": 133, ""2"": null, ""3"": null, ""4"": null, ""5"": null, ""6"": null, ""7"": null}","{""0"": 0.0, ""1"": 0.0, ""2"": null, ""3"": null, ""4"": null, ""5"": null, ""6"": null, ""7"": null}","{""0"": 250, ""1"": 133}",133,1,1,0,0,0.297,car-not-detected-or-stale,KEEP,left,right,,0
493,2026-08-01T22:38:12.271+09:00,55.535,492,8.88,1,DRIVING,,0,1,0,-0.291769,UNKNOWN,UNKNOWN,0,0,0.480549,0.480549,255,791,unknown,0,unknown,0.000000,null,0.000000,0.411,,"{""0"": 250, ""1"": 250, ""2"": null, ""3"": null, ""4"": null, ""5"": null, ""6"": null, ""7"": null}","{""0"": 0.0, ""1"": 0.0, ""2"": null, ""3"": null, ""4"": null, ""5"": null, ""6"": null, ""7"": null}","{""0"": 250, ""1"": 250}",250,1,0,0,0,0.411,ultrasonic-not-close,KEEP,left,right,,0
494,2026-08-01T22:38:12.368+09:00,55.632,493,8.88,1,DRIVING,,0,1,0,-0.282148,UNKNOWN,UNKNOWN,0,0,0.459306,0.459306,255,790,unknown,0,unknown,0.000000,null,0.000000,0.288,,"{""0"": 250, ""1"": 123, ""2"": null, ""3"": null, ""4"": null, ""5"": null, ""6"": null, ""7"": null}","{""0"": 0.0, ""1"": 0.0, ""2"": null, ""3"": null, ""4"": null, ""5"": null, ""6"": null, ""7"": null}","{""0"": 250, ""1"": 123}",123,1,1,0,0,0.288,car-not-detected-or-stale,KEEP,left,right,,0
495,2026-08-01T22:38:12.477+09:00,55.740,494,8.88,1,DRIVING,,0,1,0,-0.274420,UNKNOWN,UNKNOWN,0,0,0.446051,0.446051,255,791,unknown,0,unknown,0.000000,null,0.000000,0.292,,"{""0"": 250, ""1"": 126, ""2"": null, ""3"": null, ""4"": null, ""5"": null, ""6"": null, ""7"": null}","{""0"": 0.0, ""1"": 0.0, ""2"": null, ""3"": null, ""4"": null, ""5"": null, ""6"": null, ""7"": null}","{""0"": 250, ""1"": 126}",126,1,1,0,0,0.292,car-not-detected-or-stale,KEEP,left,right,,0
496,2026-08-01T22:38:12.594+09:00,55.858,495,8.88,1,DRIVING,,0,1,0,-0.273761,UNKNOWN,UNKNOWN,0,0,0.458051,0.458051,255,785,unknown,0,unknown,0.000000,null,0.000000,0.408,,"{""0"": 250, ""1"": 122, ""2"": null, ""3"": null, ""4"": null, ""5"": null, ""6"": null, ""7"": null}","{""0"": 0.0, ""1"": 0.0, ""2"": null, ""3"": null, ""4"": null, ""5"": null, ""6"": null, ""7"": null}","{""0"": 250, ""1"": 122}",122,1,1,0,0,0.408,car-not-detected-or-stale,KEEP,left,right,,0
497,2026-08-01T22:38:12.692+09:00,55.956,496,8.88,1,DRIVING,,0,1,0,-0.271018,UNKNOWN,UNKNOWN,0,0,0.458593,0.458593,255,785,unknown,0,unknown,0.000000,null,0.000000,0.293,,"{""0"": 104, ""1"": 120, ""2"": null, ""3"": null, ""4"": null, ""5"": null, ""6"": null, ""7"": null}","{""0"": 0.0, ""1"": 0.0, ""2"": null, ""3"": null, ""4"": null, ""5"": null, ""6"": null, ""7"": null}","{""0"": 104, ""1"": 120}",104,1,1,0,0,0.293,car-not-detected-or-stale,KEEP,left,right,,0
498,2026-08-01T22:38:12.808+09:00,56.071,497,8.88,1,DRIVING,,0,1,0,-0.271376,UNKNOWN,UNKNOWN,0,0,0.468651,0.468651,255,785,unknown,0,unknown,0.000000,null,0.000000,0.180,,"{""0"": 102, ""1"": 105, ""2"": null, ""3"": null, ""4"": null, ""5"": null, ""6"": null, ""7"": null}","{""0"": 0.0, ""1"": 0.0, ""2"": null, ""3"": null, ""4"": null, ""5"": null, ""6"": null, ""7"": null}","{""0"": 102, ""1"": 105}",102,1,1,0,0,0.180,car-not-detected-or-stale,KEEP,left,right,,0
499,2026-08-01T22:38:12.922+09:00,56.185,498,8.88,1,DRIVING,,0,1,0,-0.270745,UNKNOWN,UNKNOWN,0,0,0.472328,0.472328,255,785,unknown,0,unknown,0.000000,null,0.000000,0.292,,"{""0"": 250, ""1"": 116, ""2"": null, ""3"": null, ""4"": null, ""5"": null, ""6"": null, ""7"": null}","{""0"": 0.0, ""1"": 0.0, ""2"": null, ""3"": null, ""4"": null, ""5"": null, ""6"": null, ""7"": null}","{""0"": 250, ""1"": 116}",116,1,1,0,0,0.292,car-not-detected-or-stale,KEEP,left,right,,0
500,2026-08-01T22:38:13.028+09:00,56.293,499,8.88,1,DRIVING,,0,1,0,-0.272609,UNKNOWN,UNKNOWN,0,0,0.483542,0.483542,255,784,unknown,0,unknown,0.000000,null,0.000000,0.306,,"{""0"": 250, ""1"": 115, ""2"": null, ""3"": null, ""4"": null, ""5"": null, ""6"": null, ""7"": null}","{""0"": 0.0, ""1"": 0.0, ""2"": null, ""3"": null, ""4"": null, ""5"": null, ""6"": null, ""7"": null}","{""0"": 250, ""1"": 115}",115,1,1,0,0,0.306,car-not-detected-or-stale,KEEP,left,right,,0
501,2026-08-01T22:38:13.135+09:00,56.399,500,8.88,1,DRIVING,,0,1,0,-0.276610,UNKNOWN,UNKNOWN,0,0,0.500092,0.500092,255,784,unknown,0,unknown,0.000000,null,0.000000,0.296,,"{""0"": 250, ""1"": 250, ""2"": null, ""3"": null, ""4"": null, ""5"": null, ""6"": null, ""7"": null}","{""0"": 0.0, ""1"": 0.0, ""2"": null, ""3"": null, ""4"": null, ""5"": null, ""6"": null, ""7"": null}","{""0"": 250, ""1"": 250}",250,1,0,0,0,0.296,ultrasonic-not-close,KEEP,left,right,,0
502,2026-08-01T22:38:13.251+09:00,56.513,501,8.88,1,DRIVING,,0,1,0,-0.275569,UNKNOWN,UNKNOWN,0,0,0.495687,0.495687,255,784,unknown,0,unknown,0.000000,null,0.000000,0.408,,"{""0"": 250, ""1"": 197, ""2"": null, ""3"": null, ""4"": null, ""5"": null, ""6"": null, ""7"": null}","{""0"": 0.0, ""1"": 0.0, ""2"": null, ""3"": null, ""4"": null, ""5"": null, ""6"": null, ""7"": null}","{""0"": 250, ""1"": 197}",197,1,0,0,0,0.408,ultrasonic-not-close,KEEP,left,right,,0
503,2026-08-01T22:38:13.351+09:00,56.616,502,8.89,1,DRIVING,,0,1,0,-0.274665,UNKNOWN,UNKNOWN,0,0,0.492534,0.492534,255,784,unknown,0,unknown,0.000000,null,0.000000,0.292,,"{""0"": 250, ""1"": 250, ""2"": null, ""3"": null, ""4"": null, ""5"": null, ""6"": null, ""7"": null}","{""0"": 0.0, ""1"": 0.0, ""2"": null, ""3"": null, ""4"": null, ""5"": null, ""6"": null, ""7"": null}","{""0"": 250, ""1"": 250}",250,1,0,0,0,0.292,ultrasonic-not-close,KEEP,left,right,,0
504,2026-08-01T22:38:13.460+09:00,56.725,503,8.89,1,DRIVING,,0,1,0,-0.271214,UNKNOWN,UNKNOWN,0,0,0.480668,0.480668,255,784,unknown,0,unknown,0.000000,null,0.000000,0.296,,"{""0"": 250, ""1"": 83, ""2"": null, ""3"": null, ""4"": null, ""5"": null, ""6"": null, ""7"": null}","{""0"": 0.0, ""1"": 0.0, ""2"": null, ""3"": null, ""4"": null, ""5"": null, ""6"": null, ""7"": null}","{""0"": 250, ""1"": 83}",83,1,1,0,0,0.296,car-not-detected-or-stale,KEEP,left,right,,0
505,2026-08-01T22:38:13.582+09:00,56.842,504,8.89,1,DRIVING,,0,1,0,-0.267679,UNKNOWN,UNKNOWN,0,0,0.470196,0.470196,255,784,unknown,0,unknown,0.000000,null,0.000000,0.410,,"{""0"": 250, ""1"": 250, ""2"": null, ""3"": null, ""4"": null, ""5"": null, ""6"": null, ""7"": null}","{""0"": 0.0, ""1"": 0.0, ""2"": null, ""3"": null, ""4"": null, ""5"": null, ""6"": null, ""7"": null}","{""0"": 250, ""1"": 250}",250,1,0,0,0,0.410,ultrasonic-not-close,KEEP,left,right,,0
506,2026-08-01T22:38:13.698+09:00,56.963,505,8.88,1,DRIVING,,0,1,0,-0.262335,UNKNOWN,UNKNOWN,0,0,0.454448,0.454448,255,784,unknown,0,unknown,0.000000,null,0.000000,0.314,,"{""0"": 250, ""1"": 148, ""2"": null, ""3"": null, ""4"": null, ""5"": null, ""6"": null, ""7"": null}","{""0"": 0.0, ""1"": 0.0, ""2"": null, ""3"": null, ""4"": null, ""5"": null, ""6"": null, ""7"": null}","{""0"": 250, ""1"": 148}",148,1,1,0,0,0.314,car-not-detected-or-stale,KEEP,left,right,,0
507,2026-08-01T22:38:13.808+09:00,57.073,506,8.89,1,DRIVING,,0,1,0,-0.252662,UNKNOWN,UNKNOWN,0,0,0.424950,0.424950,255,771,unknown,0,unknown,0.000000,null,0.000000,0.317,,"{""0"": 250, ""1"": 193, ""2"": null, ""3"": null, ""4"": null, ""5"": null, ""6"": null, ""7"": null}","{""0"": 0.0, ""1"": 0.0, ""2"": null, ""3"": null, ""4"": null, ""5"": null, ""6"": null, ""7"": null}","{""0"": 250, ""1"": 193}",193,1,0,0,0,0.317,ultrasonic-not-close,KEEP,left,right,,0
508,2026-08-01T22:38:13.921+09:00,57.186,507,8.88,1,DRIVING,,0,1,0,-0.243125,UNKNOWN,UNKNOWN,0,0,0.399570,0.399570,100,783,unknown,0,unknown,0.000000,null,0.000000,0.190,,"{""0"": 250, ""1"": 74, ""2"": null, ""3"": null, ""4"": null, ""5"": null, ""6"": null, ""7"": null}","{""0"": 0.0, ""1"": 0.0, ""2"": null, ""3"": null, ""4"": null, ""5"": null, ""6"": null, ""7"": null}","{""0"": 250, ""1"": 74}",74,1,1,0,0,0.190,car-not-detected-or-stale,KEEP,left,right,,0
509,2026-08-01T22:38:14.027+09:00,57.291,508,8.89,1,DRIVING,,0,1,0,-0.233616,UNKNOWN,UNKNOWN,0,0,0.376754,0.376754,255,781,unknown,0,unknown,0.000000,null,0.000000,0.296,,"{""0"": 250, ""1"": 250, ""2"": null, ""3"": null, ""4"": null, ""5"": null, ""6"": null, ""7"": null}","{""0"": 0.0, ""1"": 0.0, ""2"": null, ""3"": null, ""4"": null, ""5"": null, ""6"": null, ""7"": null}","{""0"": 250, ""1"": 250}",250,1,0,0,0,0.296,ultrasonic-not-close,KEEP,left,right,,0
510,2026-08-01T22:38:14.129+09:00,57.393,509,8.89,1,DRIVING,,0,1,0,-0.200318,OUTER,UNKNOWN,0,1,0.270007,0.270007,255,783,unknown,0,unknown,0.000000,null,0.000000,0.290,,"{""0"": 250, ""1"": 181, ""2"": null, ""3"": null, ""4"": null, ""5"": null, ""6"": null, ""7"": null}","{""0"": 0.0, ""1"": 0.0, ""2"": null, ""3"": null, ""4"": null, ""5"": null, ""6"": null, ""7"": null}","{""0"": 250, ""1"": 181}",181,1,0,0,0,0.290,ultrasonic-not-close,KEEP,left,right,,0
511,2026-08-01T22:38:14.240+09:00,57.504,510,8.89,1,DRIVING,,0,1,0,-0.185053,OUTER,UNKNOWN,0,2,0.242224,0.242224,255,778,unknown,0,unknown,0.000000,null,0.000000,0.177,,"{""0"": 250, ""1"": 175, ""2"": null, ""3"": null, ""4"": null, ""5"": null, ""6"": null, ""7"": null}","{""0"": 0.0, ""1"": 0.0, ""2"": null, ""3"": null, ""4"": null, ""5"": null, ""6"": null, ""7"": null}","{""0"": 250, ""1"": 175}",175,1,0,0,0,0.177,ultrasonic-not-close,KEEP,left,right,,0
512,2026-08-01T22:38:14.343+09:00,57.607,511,8.89,1,DRIVING,,0,1,0,-0.163471,OUTER,OUTER,0,3,0.191791,0.191791,255,770,unknown,0,unknown,0.000000,null,0.000000,0.281,,"{""0"": 250, ""1"": 181, ""2"": null, ""3"": null, ""4"": null, ""5"": null, ""6"": null, ""7"": null}","{""0"": 0.0, ""1"": 0.0, ""2"": null, ""3"": null, ""4"": null, ""5"": null, ""6"": null, ""7"": null}","{""0"": 250, ""1"": 181}",181,1,0,0,0,0.281,ultrasonic-not-close,KEEP,left,right,,0
513,2026-08-01T22:38:14.447+09:00,57.711,512,8.89,1,DRIVING,,0,1,0,-0.158722,UNKNOWN,OUTER,0,3,0.205431,0.205431,255,771,unknown,0,unknown,0.000000,null,0.000000,0.285,,"{""0"": 250, ""1"": 174, ""2"": null, ""3"": null, ""4"": null, ""5"": null, ""6"": null, ""7"": null}","{""0"": 0.0, ""1"": 0.0, ""2"": null, ""3"": null, ""4"": null, ""5"": null, ""6"": null, ""7"": null}","{""0"": 250, ""1"": 174}",174,1,0,0,0,0.285,ultrasonic-not-close,KEEP,left,right,,0
514,2026-08-01T22:38:14.564+09:00,57.829,513,8.89,1,DRIVING,,0,1,0,-0.167015,OUTER,OUTER,0,4,0.259365,0.259365,255,765,unknown,1,obstacle-car,0.547063,"[457, 458, 671, 646]",0.043634,0.189,,"{""0"": 174, ""1"": 147, ""2"": null, ""3"": null, ""4"": null, ""5"": null, ""6"": null, ""7"": null}","{""0"": 0.0, ""1"": 0.0, ""2"": null, ""3"": null, ""4"": null, ""5"": null, ""6"": null, ""7"": null}","{""0"": 174, ""1"": 147}",147,1,1,1,1,0.189,car+ultrasonic,KEEP,left,right,,0
515,2026-08-01T22:38:14.679+09:00,57.942,514,8.89,1,DRIVING,,0,1,0,-0.152998,OUTER,OUTER,0,5,0.221283,0.221283,255,765,unknown,1,obstacle-car,0.547063,"[457, 458, 671, 646]",0.043634,0.301,,"{""0"": 166, ""1"": 161, ""2"": null, ""3"": null, ""4"": null, ""5"": null, ""6"": null, ""7"": null}","{""0"": 0.0, ""1"": 0.0, ""2"": null, ""3"": null, ""4"": null, ""5"": null, ""6"": null, ""7"": null}","{""0"": 166, ""1"": 161}",161,1,0,0,0,0.301,ultrasonic-not-close,KEEP,left,right,,0
516,2026-08-01T22:38:14.787+09:00,58.050,515,8.89,1,DRIVING,,0,1,0,-0.141829,OUTER,OUTER,0,6,0.197308,0.197308,255,764,unknown,1,obstacle-car,0.623878,"[462, 456, 689, 674]",0.053807,0.308,,"{""0"": 250, ""1"": 150, ""2"": null, ""3"": null, ""4"": null, ""5"": null, ""6"": null, ""7"": null}","{""0"": 0.0, ""1"": 0.0, ""2"": null, ""3"": null, ""4"": null, ""5"": null, ""6"": null, ""7"": null}","{""0"": 250, ""1"": 150}",150,1,0,0,0,0.308,ultrasonic-not-close,KEEP,left,right,,0
517,2026-08-01T22:38:14.894+09:00,58.159,516,8.89,1,DRIVING,,0,1,0,-0.134663,OUTER,OUTER,0,6,0.188907,0.188907,255,765,unknown,1,obstacle-car,0.836078,"[478, 464, 713, 667]",0.051932,0.184,,"{""0"": 250, ""1"": 144, ""2"": null, ""3"": null, ""4"": null, ""5"": null, ""6"": null, ""7"": null}","{""0"": 0.0, ""1"": 0.0, ""2"": null, ""3"": null, ""4"": null, ""5"": null, ""6"": null, ""7"": null}","{""0"": 250, ""1"": 144}",144,1,1,1,1,0.184,car+ultrasonic,KEEP,left,right,,0
518,2026-08-01T22:38:15.001+09:00,58.265,517,8.89,1,DRIVING,,0,1,0,-0.120610,OUTER,OUTER,0,6,0.154361,0.154361,255,761,unknown,1,obstacle-car,0.836078,"[478, 464, 713, 667]",0.051932,0.289,,"{""0"": 250, ""1"": 137, ""2"": null, ""3"": null, ""4"": null, ""5"": null, ""6"": null, ""7"": null}","{""0"": 0.0, ""1"": 0.0, ""2"": null, ""3"": null, ""4"": null, ""5"": null, ""6"": null, ""7"": null}","{""0"": 250, ""1"": 137}",137,1,1,1,2,0.289,car+ultrasonic,KEEP,left,right,,0
519,2026-08-01T22:38:15.112+09:00,58.375,518,8.89,1,AVOIDING_OBSTACLE,state:DRIVING->AVOIDING_OBSTACLE;phase:KEEP->CHANGING,0,1,0,-0.110145,OUTER,OUTER,0,6,0.000000,1.000000,70,761,unknown,1,obstacle-car,0.752037,"[478, 451, 731, 668]",0.059428,0.293,,"{""0"": 250, ""1"": 122, ""2"": null, ""3"": null, ""4"": null, ""5"": null, ""6"": null, ""7"": null}","{""0"": 0.0, ""1"": 0.0, ""2"": null, ""3"": null, ""4"": null, ""5"": null, ""6"": null, ""7"": null}","{""0"": 250, ""1"": 122}",122,1,1,1,0,0.293,car+ultrasonic,CHANGING,left,right,left,0
520,2026-08-01T22:38:15.221+09:00,58.486,519,8.89,1,AVOIDING_OBSTACLE,,0,0,0,,OUTER,OUTER,0,6,0.000000,1.000000,70,765,unknown,1,obstacle-car,0.911574,"[489, 454, 773, 694]",0.074252,0.189,,"{""0"": 250, ""1"": 122, ""2"": null, ""3"": null, ""4"": null, ""5"": null, ""6"": null, ""7"": null}","{""0"": 0.0, ""1"": 0.0, ""2"": null, ""3"": null, ""4"": null, ""5"": null, ""6"": null, ""7"": null}",{},,1,0,1,0,,maneuver-locked,CHANGING,left,right,left,0
521,2026-08-01T22:38:15.331+09:00,58.595,520,8.89,1,AVOIDING_OBSTACLE,,0,0,0,,OUTER,OUTER,0,6,0.000000,1.000000,70,778,unknown,1,obstacle-car,0.911574,"[489, 454, 773, 694]",0.074252,0.297,,"{""0"": 250, ""1"": 115, ""2"": null, ""3"": null, ""4"": null, ""5"": null, ""6"": null, ""7"": null}","{""0"": 0.0, ""1"": 0.0, ""2"": null, ""3"": null, ""4"": null, ""5"": null, ""6"": null, ""7"": null}",{},,1,0,1,0,,maneuver-locked,CHANGING,left,right,left,0
522,2026-08-01T22:38:15.439+09:00,58.702,521,8.89,1,AVOIDING_OBSTACLE,,0,0,0,,OUTER,OUTER,0,6,0.000000,1.000000,70,797,unknown,1,obstacle-car,0.945168,"[491, 449, 784, 706]",0.081778,0.292,,"{""0"": 250, ""1"": 73, ""2"": null, ""3"": null, ""4"": null, ""5"": null, ""6"": null, ""7"": null}","{""0"": 0.0, ""1"": 0.0, ""2"": null, ""3"": null, ""4"": null, ""5"": null, ""6"": null, ""7"": null}",{},,1,0,1,0,,maneuver-locked,CHANGING,left,right,left,0
523,2026-08-01T22:38:15.558+09:00,58.823,522,8.89,1,AVOIDING_OBSTACLE,,0,0,0,,OUTER,OUTER,0,6,0.000000,1.000000,70,806,green,1,obstacle-car,0.984210,"[490, 441, 829, 716]",0.101054,0.195,,"{""0"": 95, ""1"": 97, ""2"": null, ""3"": null, ""4"": null, ""5"": null, ""6"": null, ""7"": null}","{""0"": 0.0, ""1"": 0.0, ""2"": null, ""3"": null, ""4"": null, ""5"": null, ""6"": null, ""7"": null}",{},,1,0,1,0,,maneuver-locked,CHANGING,left,right,left,0
524,2026-08-01T22:38:15.667+09:00,58.931,523,8.89,1,AVOIDING_OBSTACLE,,0,0,0,,OUTER,OUTER,0,6,0.000000,1.000000,70,818,green,1,obstacle-car,0.984210,"[490, 441, 829, 716]",0.101054,0.303,,"{""0"": 250, ""1"": 91, ""2"": null, ""3"": null, ""4"": null, ""5"": null, ""6"": null, ""7"": null}","{""0"": 0.0, ""1"": 0.0, ""2"": null, ""3"": null, ""4"": null, ""5"": null, ""6"": null, ""7"": null}",{},,1,0,1,0,,maneuver-locked,CHANGING,left,right,left,0
525,2026-08-01T22:38:15.764+09:00,59.030,524,8.90,1,AVOIDING_OBSTACLE,,0,0,0,,OUTER,OUTER,0,6,0.000000,1.000000,70,818,green,1,obstacle-car,0.971028,"[511, 434, 851, 718]",0.104991,0.293,,"{""0"": 250, ""1"": 84, ""2"": null, ""3"": null, ""4"": null, ""5"": null, ""6"": null, ""7"": null}","{""0"": 0.0, ""1"": 0.0, ""2"": null, ""3"": null, ""4"": null, ""5"": null, ""6"": null, ""7"": null}",{},,1,0,1,0,,maneuver-locked,CHANGING,left,right,left,0
526,2026-08-01T22:38:15.870+09:00,59.135,525,8.90,1,AVOIDING_OBSTACLE,,0,0,0,,OUTER,OUTER,0,6,0.000000,1.000000,70,818,green,1,obstacle-car,0.981864,"[526, 438, 902, 719]",0.114507,0.281,,"{""0"": 250, ""1"": 79, ""2"": null, ""3"": null, ""4"": null, ""5"": null, ""6"": null, ""7"": null}","{""0"": 0.0, ""1"": 0.0, ""2"": null, ""3"": null, ""4"": null, ""5"": null, ""6"": null, ""7"": null}",{},,1,0,1,0,,maneuver-locked,CHANGING,left,right,left,0
527,2026-08-01T22:38:15.981+09:00,59.245,526,8.90,1,AVOIDING_OBSTACLE,,0,0,0,,OUTER,OUTER,0,6,0.000000,1.000000,70,818,green,1,obstacle-car,0.981864,"[526, 438, 902, 719]",0.114507,0.389,,"{""0"": 250, ""1"": 71, ""2"": null, ""3"": null, ""4"": null, ""5"": null, ""6"": null, ""7"": null}","{""0"": 0.0, ""1"": 0.0, ""2"": null, ""3"": null, ""4"": null, ""5"": null, ""6"": null, ""7"": null}",{},,1,0,1,0,,maneuver-locked,CHANGING,left,right,left,0
528,2026-08-01T22:38:16.097+09:00,59.359,527,8.90,1,AVOIDING_OBSTACLE,,0,0,0,,OUTER,OUTER,0,6,0.000000,1.000000,70,820,green,1,obstacle-car,0.992354,"[600, 418, 1021, 718]",0.137304,0.298,,"{""0"": 250, ""1"": 65, ""2"": null, ""3"": null, ""4"": null, ""5"": null, ""6"": null, ""7"": null}","{""0"": 0.0, ""1"": 0.0, ""2"": null, ""3"": null, ""4"": null, ""5"": null, ""6"": null, ""7"": null}",{},,1,0,1,0,,maneuver-locked,CHANGING,left,right,left,0
529,2026-08-01T22:38:16.213+09:00,59.475,528,8.90,1,AVOIDING_OBSTACLE,,0,0,0,,OUTER,OUTER,0,6,0.000000,1.000000,70,819,green,1,obstacle-car,0.985774,"[648, 406, 1099, 720]",0.153775,0.310,,"{""0"": 250, ""1"": 60, ""2"": null, ""3"": null, ""4"": null, ""5"": null, ""6"": null, ""7"": null}","{""0"": 0.0, ""1"": 0.0, ""2"": null, ""3"": null, ""4"": null, ""5"": null, ""6"": null, ""7"": null}",{},,1,0,1,0,,maneuver-locked,CHANGING,left,right,left,0
530,2026-08-01T22:38:16.334+09:00,59.596,529,8.89,1,AVOIDING_OBSTACLE,,0,0,0,,OUTER,OUTER,0,6,0.000000,1.000000,70,818,green,1,obstacle-car,0.985774,"[648, 406, 1099, 720]",0.153775,0.431,,"{""0"": 250, ""1"": 57, ""2"": null, ""3"": null, ""4"": null, ""5"": null, ""6"": null, ""7"": null}","{""0"": 0.0, ""1"": 0.0, ""2"": null, ""3"": null, ""4"": null, ""5"": null, ""6"": null, ""7"": null}",{},,1,0,1,0,,maneuver-locked,CHANGING,left,right,left,0
531,2026-08-01T22:38:16.436+09:00,59.699,530,8.90,1,AVOIDING_OBSTACLE,,0,0,0,,OUTER,OUTER,0,6,0.000000,1.000000,70,820,green,1,obstacle-car,0.997041,"[733, 390, 1272, 717]",0.191569,0.305,,"{""0"": 250, ""1"": 56, ""2"": null, ""3"": null, ""4"": null, ""5"": null, ""6"": null, ""7"": null}","{""0"": 0.0, ""1"": 0.0, ""2"": null, ""3"": null, ""4"": null, ""5"": null, ""6"": null, ""7"": null}",{},,1,0,1,0,,maneuver-locked,CHANGING,left,right,left,0
532,2026-08-01T22:38:16.544+09:00,59.809,531,8.90,1,AVOIDING_OBSTACLE,,0,0,0,,OUTER,OUTER,0,6,0.000000,1.000000,70,818,unknown,1,obstacle-car,0.993566,"[843, 364, 1264, 719]",0.162392,0.299,,"{""0"": 250, ""1"": 250, ""2"": null, ""3"": null, ""4"": null, ""5"": null, ""6"": null, ""7"": null}","{""0"": 0.0, ""1"": 0.0, ""2"": null, ""3"": null, ""4"": null, ""5"": null, ""6"": null, ""7"": null}",{},,1,0,1,0,,maneuver-locked,CHANGING,left,right,left,0
533,2026-08-01T22:38:16.664+09:00,59.929,532,8.90,1,AVOIDING_OBSTACLE,,0,0,0,,OUTER,OUTER,0,6,0.000000,1.000000,70,817,unknown,1,obstacle-car,0.993566,"[843, 364, 1264, 719]",0.162392,0.418,,"{""0"": 250, ""1"": 250, ""2"": null, ""3"": null, ""4"": null, ""5"": null, ""6"": null, ""7"": null}","{""0"": 0.0, ""1"": 0.0, ""2"": null, ""3"": null, ""4"": null, ""5"": null, ""6"": null, ""7"": null}",{},,1,0,1,0,,maneuver-locked,CHANGING,left,right,left,0
534,2026-08-01T22:38:16.775+09:00,60.036,533,8.90,1,AVOIDING_OBSTACLE,,0,0,0,,OUTER,OUTER,0,6,0.000000,1.000000,70,819,unknown,1,obstacle-car,0.962225,"[987, 353, 1279, 718]",0.115942,0.302,,"{""0"": 250, ""1"": 250, ""2"": null, ""3"": null, ""4"": null, ""5"": null, ""6"": null, ""7"": null}","{""0"": 0.0, ""1"": 0.0, ""2"": null, ""3"": null, ""4"": null, ""5"": null, ""6"": null, ""7"": null}",{},,1,0,1,0,,maneuver-locked,CHANGING,left,right,left,0
535,2026-08-01T22:38:16.880+09:00,60.144,534,8.90,1,AVOIDING_OBSTACLE,,0,0,0,,OUTER,OUTER,0,6,0.000000,1.000000,70,818,unknown,1,obstacle-car,0.939321,"[1040, 437, 1278, 720]",0.073095,0.304,,"{""0"": 250, ""1"": 250, ""2"": null, ""3"": null, ""4"": null, ""5"": null, ""6"": null, ""7"": null}","{""0"": 0.0, ""1"": 0.0, ""2"": null, ""3"": null, ""4"": null, ""5"": null, ""6"": null, ""7"": null}",{},,1,0,1,0,,maneuver-locked,CHANGING,left,right,left,0
536,2026-08-01T22:38:16.991+09:00,60.255,535,8.90,1,AVOIDING_OBSTACLE,,0,0,0,,OUTER,OUTER,0,6,0.000000,1.000000,70,819,unknown,0,unknown,0.000000,null,0.000000,0.184,,"{""0"": 250, ""1"": 250, ""2"": null, ""3"": null, ""4"": null, ""5"": null, ""6"": null, ""7"": null}","{""0"": 0.0, ""1"": 0.0, ""2"": null, ""3"": null, ""4"": null, ""5"": null, ""6"": null, ""7"": null}",{},,1,0,1,0,,maneuver-locked,CHANGING,left,right,left,0
537,2026-08-01T22:38:17.096+09:00,60.360,536,8.90,1,AVOIDING_OBSTACLE,,0,0,0,,OUTER,OUTER,0,6,0.000000,1.000000,70,818,unknown,0,unknown,0.000000,null,0.000000,0.287,,"{""0"": 250, ""1"": 250, ""2"": null, ""3"": null, ""4"": null, ""5"": null, ""6"": null, ""7"": null}","{""0"": 0.0, ""1"": 0.0, ""2"": null, ""3"": null, ""4"": null, ""5"": null, ""6"": null, ""7"": null}",{},,1,0,1,0,,maneuver-locked,CHANGING,left,right,left,0
538,2026-08-01T22:38:17.206+09:00,60.470,537,8.90,1,AVOIDING_OBSTACLE,,0,0,0,,OUTER,OUTER,0,6,0.000000,1.000000,70,820,unknown,0,unknown,0.000000,null,0.000000,0.295,,"{""0"": 250, ""1"": 250, ""2"": null, ""3"": null, ""4"": null, ""5"": null, ""6"": null, ""7"": null}","{""0"": 0.0, ""1"": 0.0, ""2"": null, ""3"": null, ""4"": null, ""5"": null, ""6"": null, ""7"": null}",{},,1,0,1,0,,maneuver-locked,CHANGING,left,right,left,0
539,2026-08-01T22:38:17.318+09:00,60.584,538,8.90,1,AVOIDING_OBSTACLE,phase:CHANGING->COUNTER_STEER,0,0,0,,OUTER,OUTER,0,6,0.000000,-1.000000,70,819,unknown,0,unknown,0.000000,null,0.000000,0.190,,"{""0"": 250, ""1"": 250, ""2"": null, ""3"": null, ""4"": null, ""5"": null, ""6"": null, ""7"": null}","{""0"": 0.0, ""1"": 0.0, ""2"": null, ""3"": null, ""4"": null, ""5"": null, ""6"": null, ""7"": null}",{},,1,0,1,0,,maneuver-locked,COUNTER_STEER,left,right,left,0
540,2026-08-01T22:38:17.422+09:00,60.687,539,8.90,1,AVOIDING_OBSTACLE,,0,0,0,,OUTER,OUTER,0,6,0.000000,-1.000000,70,815,unknown,0,unknown,0.000000,null,0.000000,0.293,,"{""0"": 250, ""1"": 250, ""2"": null, ""3"": null, ""4"": null, ""5"": null, ""6"": null, ""7"": null}","{""0"": 0.0, ""1"": 0.0, ""2"": null, ""3"": null, ""4"": null, ""5"": null, ""6"": null, ""7"": null}",{},,1,0,1,0,,maneuver-locked,COUNTER_STEER,left,right,left,0
541,2026-08-01T22:38:17.527+09:00,60.792,540,8.90,1,AVOIDING_OBSTACLE,,0,0,0,,OUTER,OUTER,0,6,0.000000,-1.000000,70,795,unknown,0,unknown,0.000000,null,0.000000,0.291,,"{""0"": 250, ""1"": 250, ""2"": null, ""3"": null, ""4"": null, ""5"": null, ""6"": null, ""7"": null}","{""0"": 0.0, ""1"": 0.0, ""2"": null, ""3"": null, ""4"": null, ""5"": null, ""6"": null, ""7"": null}",{},,1,0,1,0,,maneuver-locked,COUNTER_STEER,left,right,left,0
542,2026-08-01T22:38:17.642+09:00,60.907,541,8.90,1,AVOIDING_OBSTACLE,,0,0,0,,OUTER,OUTER,0,6,0.000000,-1.000000,70,743,unknown,0,unknown,0.000000,null,0.000000,0.188,,"{""0"": 250, ""1"": 156, ""2"": null, ""3"": null, ""4"": null, ""5"": null, ""6"": null, ""7"": null}","{""0"": 0.0, ""1"": 0.0, ""2"": null, ""3"": null, ""4"": null, ""5"": null, ""6"": null, ""7"": null}",{},,1,0,1,0,,maneuver-locked,COUNTER_STEER,left,right,left,0
543,2026-08-01T22:38:17.747+09:00,61.012,542,8.90,1,AVOIDING_OBSTACLE,,0,0,0,,OUTER,OUTER,0,6,0.000000,-1.000000,70,703,unknown,0,unknown,0.000000,null,0.000000,0.292,,"{""0"": 250, ""1"": 250, ""2"": null, ""3"": null, ""4"": null, ""5"": null, ""6"": null, ""7"": null}","{""0"": 0.0, ""1"": 0.0, ""2"": null, ""3"": null, ""4"": null, ""5"": null, ""6"": null, ""7"": null}",{},,1,0,1,0,,maneuver-locked,COUNTER_STEER,left,right,left,0
544,2026-08-01T22:38:17.851+09:00,61.117,543,8.90,1,AVOIDING_OBSTACLE,,0,0,0,,OUTER,OUTER,0,6,0.000000,-1.000000,70,688,unknown,0,unknown,0.000000,null,0.000000,0.295,,"{""0"": 250, ""1"": 250, ""2"": null, ""3"": null, ""4"": null, ""5"": null, ""6"": null, ""7"": null}","{""0"": 0.0, ""1"": 0.0, ""2"": null, ""3"": null, ""4"": null, ""5"": null, ""6"": null, ""7"": null}",{},,1,0,1,0,,maneuver-locked,COUNTER_STEER,left,right,left,0
545,2026-08-01T22:38:17.963+09:00,61.228,544,8.90,1,AVOIDING_OBSTACLE,,0,0,0,,OUTER,OUTER,0,6,0.000000,-1.000000,70,686,unknown,0,unknown,0.000000,null,0.000000,0.183,,"{""0"": 250, ""1"": 250, ""2"": null, ""3"": null, ""4"": null, ""5"": null, ""6"": null, ""7"": null}","{""0"": 0.0, ""1"": 0.0, ""2"": null, ""3"": null, ""4"": null, ""5"": null, ""6"": null, ""7"": null}",{},,1,0,1,0,,maneuver-locked,COUNTER_STEER,left,right,left,0
546,2026-08-01T22:38:18.075+09:00,61.339,545,8.90,1,AVOIDING_OBSTACLE,,0,0,0,,OUTER,OUTER,0,6,0.000000,-1.000000,70,687,unknown,0,unknown,0.000000,null,0.000000,0.293,,"{""0"": 250, ""1"": 250, ""2"": null, ""3"": null, ""4"": null, ""5"": null, ""6"": null, ""7"": null}","{""0"": 0.0, ""1"": 0.0, ""2"": null, ""3"": null, ""4"": null, ""5"": null, ""6"": null, ""7"": null}",{},,1,0,1,0,,maneuver-locked,COUNTER_STEER,left,right,left,0
547,2026-08-01T22:38:18.185+09:00,61.448,546,8.90,1,AVOIDING_OBSTACLE,,0,0,0,,OUTER,OUTER,0,6,0.000000,-1.000000,70,686,unknown,0,unknown,0.000000,null,0.000000,0.299,,"{""0"": 250, ""1"": 153, ""2"": null, ""3"": null, ""4"": null, ""5"": null, ""6"": null, ""7"": null}","{""0"": 0.0, ""1"": 0.0, ""2"": null, ""3"": null, ""4"": null, ""5"": null, ""6"": null, ""7"": null}",{},,1,0,1,0,,maneuver-locked,COUNTER_STEER,left,right,left,0
548,2026-08-01T22:38:18.303+09:00,61.567,547,8.90,1,AVOIDING_OBSTACLE,,0,0,0,,OUTER,OUTER,0,6,0.000000,-1.000000,70,687,unknown,0,unknown,0.000000,null,0.000000,0.196,,"{""0"": 250, ""1"": 250, ""2"": null, ""3"": null, ""4"": null, ""5"": null, ""6"": null, ""7"": null}","{""0"": 0.0, ""1"": 0.0, ""2"": null, ""3"": null, ""4"": null, ""5"": null, ""6"": null, ""7"": null}",{},,1,0,1,0,,maneuver-locked,COUNTER_STEER,left,right,left,0
549,2026-08-01T22:38:18.416+09:00,61.678,548,8.90,1,DRIVING,state:AVOIDING_OBSTACLE->DRIVING;phase:COUNTER_STEER->KEEP,0,0,0,,UNKNOWN,UNKNOWN,0,0,0.000000,0.000000,70,686,unknown,0,unknown,0.000000,null,0.000000,0.304,,"{""0"": 250, ""1"": 250, ""2"": null, ""3"": null, ""4"": null, ""5"": null, ""6"": null, ""7"": null}","{""0"": 0.0, ""1"": 0.0, ""2"": null, ""3"": null, ""4"": null, ""5"": null, ""6"": null, ""7"": null}",{},,1,0,1,0,,maneuver-locked,KEEP,,,,0
550,2026-08-01T22:38:18.526+09:00,61.791,549,8.90,1,DRIVING,,0,1,0,0.335714,UNKNOWN,UNKNOWN,0,0,-0.604286,-0.604286,255,692,unknown,0,unknown,0.000000,null,0.000000,0.308,,"{""0"": 250, ""1"": 250, ""2"": null, ""3"": null, ""4"": null, ""5"": null, ""6"": null, ""7"": null}","{""0"": 0.0, ""1"": 0.0, ""2"": null, ""3"": null, ""4"": null, ""5"": null, ""6"": null, ""7"": null}","{""0"": 250, ""1"": 250}",250,1,0,0,0,0.308,ultrasonic-not-close,KEEP,right,left,,0
551,2026-08-01T22:38:18.638+09:00,61.904,550,8.90,1,DRIVING,,0,1,0,0.326339,UNKNOWN,UNKNOWN,0,0,-0.570536,-0.570536,255,701,unknown,0,unknown,0.000000,null,0.000000,0.306,,"{""0"": 250, ""1"": 250, ""2"": null, ""3"": null, ""4"": null, ""5"": null, ""6"": null, ""7"": null}","{""0"": 0.0, ""1"": 0.0, ""2"": null, ""3"": null, ""4"": null, ""5"": null, ""6"": null, ""7"": null}","{""0"": 250, ""1"": 250}",250,1,0,0,0,0.306,ultrasonic-not-close,KEEP,right,left,,0
552,2026-08-01T22:38:18.754+09:00,62.018,551,8.90,1,DRIVING,,0,1,0,0.306696,UNKNOWN,UNKNOWN,0,0,-0.504884,-0.504884,255,703,unknown,0,unknown,0.000000,null,0.000000,0.419,,"{""0"": 250, ""1"": 145, ""2"": null, ""3"": null, ""4"": null, ""5"": null, ""6"": null, ""7"": null}","{""0"": 0.0, ""1"": 0.0, ""2"": null, ""3"": null, ""4"": null, ""5"": null, ""6"": null, ""7"": null}","{""0"": 250, ""1"": 145}",145,1,1,0,0,0.419,car-not-detected-or-stale,KEEP,right,left,,0
553,2026-08-01T22:38:18.875+09:00,62.139,552,8.90,1,DRIVING,,0,1,0,0.309199,UNKNOWN,UNKNOWN,0,0,-0.528045,-0.528045,255,702,unknown,0,unknown,0.000000,null,0.000000,0.314,,"{""0"": 250, ""1"": 115, ""2"": null, ""3"": null, ""4"": null, ""5"": null, ""6"": null, ""7"": null}","{""0"": 0.0, ""1"": 0.0, ""2"": null, ""3"": null, ""4"": null, ""5"": null, ""6"": null, ""7"": null}","{""0"": 250, ""1"": 115}",115,1,1,0,0,0.314,car-not-detected-or-stale,KEEP,right,left,,0
554,2026-08-01T22:38:18.989+09:00,62.251,553,8.90,1,DRIVING,,0,1,0,0.283876,UNKNOWN,UNKNOWN,0,0,-0.445434,-0.445434,255,703,unknown,0,unknown,0.000000,null,0.000000,0.316,,"{""0"": 160, ""1"": 162, ""2"": null, ""3"": null, ""4"": null, ""5"": null, ""6"": null, ""7"": null}","{""0"": 0.0, ""1"": 0.0, ""2"": null, ""3"": null, ""4"": null, ""5"": null, ""6"": null, ""7"": null}","{""0"": 160, ""1"": 162}",160,1,0,0,0,0.316,ultrasonic-not-close,KEEP,right,left,,0
555,2026-08-01T22:38:19.109+09:00,62.372,554,8.90,1,DRIVING,,0,1,0,0.262991,UNKNOWN,UNKNOWN,0,0,-0.389912,-0.389912,255,707,unknown,0,unknown,0.000000,null,0.000000,0.199,,"{""0"": 250, ""1"": 144, ""2"": null, ""3"": null, ""4"": null, ""5"": null, ""6"": null, ""7"": null}","{""0"": 0.0, ""1"": 0.0, ""2"": null, ""3"": null, ""4"": null, ""5"": null, ""6"": null, ""7"": null}","{""0"": 250, ""1"": 144}",144,1,1,0,0,0.199,car-not-detected-or-stale,KEEP,,,,0
556,2026-08-01T22:38:19.213+09:00,62.478,555,8.90,1,DRIVING,,0,1,0,0.233117,UNKNOWN,UNKNOWN,0,0,-0.307406,-0.307406,255,708,unknown,0,unknown,0.000000,null,0.000000,0.304,,"{""0"": 142, ""1"": 141, ""2"": null, ""3"": null, ""4"": null, ""5"": null, ""6"": null, ""7"": null}","{""0"": 0.0, ""1"": 0.0, ""2"": null, ""3"": null, ""4"": null, ""5"": null, ""6"": null, ""7"": null}","{""0"": 142, ""1"": 141}",141,1,1,0,0,0.304,car-not-detected-or-stale,KEEP,,,,0
557,2026-08-01T22:38:19.321+09:00,62.586,556,8.90,1,DRIVING,,0,1,0,0.224485,INNER,UNKNOWN,1,0,-0.309993,-0.309993,255,715,green,0,unknown,0.000000,null,0.000000,0.300,,"{""0"": 130, ""1"": 133, ""2"": null, ""3"": null, ""4"": null, ""5"": null, ""6"": null, ""7"": null}","{""0"": 0.0, ""1"": 0.0, ""2"": null, ""3"": null, ""4"": null, ""5"": null, ""6"": null, ""7"": null}","{""0"": 130, ""1"": 133}",130,1,1,0,0,0.300,car-not-detected-or-stale,KEEP,right,left,,0
558,2026-08-01T22:38:19.434+09:00,62.698,557,8.90,1,DRIVING,,0,1,0,0.196665,INNER,UNKNOWN,2,0,-0.238065,-0.238065,255,715,green,0,unknown,0.000000,null,0.000000,0.188,,"{""0"": 121, ""1"": 124, ""2"": null, ""3"": null, ""4"": null, ""5"": null, ""6"": null, ""7"": null}","{""0"": 0.0, ""1"": 0.0, ""2"": null, ""3"": null, ""4"": null, ""5"": null, ""6"": null, ""7"": null}","{""0"": 121, ""1"": 124}",121,1,1,0,0,0.188,car-not-detected-or-stale,KEEP,right,left,,0
559,2026-08-01T22:38:19.548+09:00,62.810,558,8.90,1,DRIVING,,0,1,0,0.159540,INNER,UNKNOWN,3,0,-0.139194,-0.139194,255,715,green,0,unknown,0.000000,null,0.000000,0.299,,"{""0"": 112, ""1"": 112, ""2"": null, ""3"": null, ""4"": null, ""5"": null, ""6"": null, ""7"": null}","{""0"": 0.0, ""1"": 0.0, ""2"": null, ""3"": null, ""4"": null, ""5"": null, ""6"": null, ""7"": null}","{""0"": 112, ""1"": 112}",112,1,1,0,0,0.299,car-not-detected-or-stale,KEEP,right,left,,0
560,2026-08-01T22:38:19.661+09:00,62.925,559,8.90,1,DRIVING,,0,1,0,0.127262,INNER,UNKNOWN,4,0,-0.067387,-0.067387,255,720,green,0,unknown,0.000000,null,0.000000,0.306,,"{""0"": 250, ""1"": 103, ""2"": null, ""3"": null, ""4"": null, ""5"": null, ""6"": null, ""7"": null}","{""0"": 0.0, ""1"": 0.0, ""2"": null, ""3"": null, ""4"": null, ""5"": null, ""6"": null, ""7"": null}","{""0"": 250, ""1"": 103}",103,1,1,0,0,0.306,car-not-detected-or-stale,KEEP,right,left,,0
561,2026-08-01T22:38:19.768+09:00,63.033,560,8.90,1,DRIVING,,0,1,0,0.086838,INNER,INNER,5,0,0.029636,0.029636,255,733,green,1,obstacle-car,0.749468,"[731, 487, 1057, 707]",0.077660,0.303,,"{""0"": 250, ""1"": 95, ""2"": null, ""3"": null, ""4"": null, ""5"": null, ""6"": null, ""7"": null}","{""0"": 0.0, ""1"": 0.0, ""2"": null, ""3"": null, ""4"": null, ""5"": null, ""6"": null, ""7"": null}","{""0"": 250, ""1"": 95}",95,1,1,1,1,0.303,car+ultrasonic,KEEP,right,left,,0
562,2026-08-01T22:38:19.888+09:00,63.152,561,8.90,1,DRIVING,,0,1,0,0.058764,INNER,INNER,6,0,0.074918,0.074918,255,738,green,1,obstacle-car,0.749468,"[731, 487, 1057, 707]",0.077660,0.422,,"{""0"": 250, ""1"": 87, ""2"": null, ""3"": null, ""4"": null, ""5"": null, ""6"": null, ""7"": null}","{""0"": 0.0, ""1"": 0.0, ""2"": null, ""3"": null, ""4"": null, ""5"": null, ""6"": null, ""7"": null}","{""0"": 250, ""1"": 87}",87,1,1,1,2,0.422,car+ultrasonic,KEEP,right,left,,0
563,2026-08-01T22:38:20.003+09:00,63.265,562,8.90,1,AVOIDING_OBSTACLE,state:DRIVING->AVOIDING_OBSTACLE;phase:KEEP->CHANGING,0,1,0,0.038897,INNER,INNER,7,0,0.000000,-1.000000,70,742,green,1,obstacle-car,0.792853,"[660, 428, 1012, 719]",0.111474,0.306,,"{""0"": 250, ""1"": 74, ""2"": null, ""3"": null, ""4"": null, ""5"": null, ""6"": null, ""7"": null}","{""0"": 0.0, ""1"": 0.0, ""2"": null, ""3"": null, ""4"": null, ""5"": null, ""6"": null, ""7"": null}","{""0"": 250, ""1"": 74}",74,1,1,1,0,0.306,car+ultrasonic,CHANGING,right,left,right,0
564,2026-08-01T22:38:20.114+09:00,63.379,563,8.90,1,AVOIDING_OBSTACLE,,0,0,0,,INNER,INNER,7,0,0.000000,-1.000000,70,740,green,1,obstacle-car,0.933060,"[619, 466, 998, 718]",0.103658,0.315,,"{""0"": 68, ""1"": 66, ""2"": null, ""3"": null, ""4"": null, ""5"": null, ""6"": null, ""7"": null}","{""0"": 0.0, ""1"": 0.0, ""2"": null, ""3"": null, ""4"": null, ""5"": null, ""6"": null, ""7"": null}",{},,1,0,1,0,,maneuver-locked,CHANGING,right,left,right,0
565,2026-08-01T22:38:20.233+09:00,63.495,564,8.90,1,AVOIDING_OBSTACLE,,0,0,0,,INNER,INNER,7,0,0.000000,-1.000000,70,721,green,1,obstacle-car,0.942458,"[560, 435, 997, 719]",0.134504,0.193,,"{""0"": 57, ""1"": 59, ""2"": null, ""3"": null, ""4"": null, ""5"": null, ""6"": null, ""7"": null}","{""0"": 0.0, ""1"": 0.0, ""2"": null, ""3"": null, ""4"": null, ""5"": null, ""6"": null, ""7"": null}",{},,1,0,1,0,,maneuver-locked,CHANGING,right,left,right,0
566,2026-08-01T22:38:20.351+09:00,63.614,565,8.90,1,AVOIDING_OBSTACLE,,0,0,0,,INNER,INNER,7,0,0.000000,-1.000000,70,702,green,1,obstacle-car,0.942458,"[560, 435, 997, 719]",0.134504,0.310,,"{""0"": 51, ""1"": 49, ""2"": null, ""3"": null, ""4"": null, ""5"": null, ""6"": null, ""7"": null}","{""0"": 0.0, ""1"": 0.0, ""2"": null, ""3"": null, ""4"": null, ""5"": null, ""6"": null, ""7"": null}",{},,1,0,1,0,,maneuver-locked,CHANGING,right,left,right,0
567,2026-08-01T22:38:20.459+09:00,63.722,566,8.90,1,AVOIDING_OBSTACLE,,0,0,0,,INNER,INNER,7,0,0.000000,-1.000000,70,688,unknown,1,obstacle-car,0.949127,"[495, 403, 1000, 718]",0.172548,0.310,,"{""0"": 45, ""1"": 42, ""2"": null, ""3"": null, ""4"": null, ""5"": null, ""6"": null, ""7"": null}","{""0"": 0.0, ""1"": 0.0, ""2"": null, ""3"": null, ""4"": null, ""5"": null, ""6"": null, ""7"": null}",{},,1,0,1,0,,maneuver-locked,CHANGING,right,left,right,0
568,2026-08-01T22:38:20.577+09:00,63.841,567,8.90,1,AVOIDING_OBSTACLE,,0,0,0,,INNER,INNER,7,0,0.000000,-1.000000,70,686,green,1,obstacle-car,0.954820,"[452, 423, 1012, 719]",0.180183,0.312,,"{""0"": 36, ""1"": 37, ""2"": null, ""3"": null, ""4"": null, ""5"": null, ""6"": null, ""7"": null}","{""0"": 0.0, ""1"": 0.0, ""2"": null, ""3"": null, ""4"": null, ""5"": null, ""6"": null, ""7"": null}",{},,1,0,1,0,,maneuver-locked,CHANGING,right,left,right,0
569,2026-08-01T22:38:20.689+09:00,63.953,568,8.90,1,AVOIDING_OBSTACLE,,0,0,0,,INNER,INNER,7,0,0.000000,-1.000000,70,688,green,1,obstacle-car,0.954820,"[452, 423, 1012, 719]",0.180183,0.421,,"{""0"": 29, ""1"": 32, ""2"": null, ""3"": null, ""4"": null, ""5"": null, ""6"": null, ""7"": null}","{""0"": 0.0, ""1"": 0.0, ""2"": null, ""3"": null, ""4"": null, ""5"": null, ""6"": null, ""7"": null}",{},,1,0,1,0,,maneuver-locked,CHANGING,right,left,right,0
570,2026-08-01T22:38:20.804+09:00,64.067,569,8.90,1,AVOIDING_OBSTACLE,,0,0,0,,INNER,INNER,7,0,0.000000,-1.000000,70,687,green,1,obstacle-car,0.927084,"[326, 441, 990, 719]",0.200424,0.312,,"{""0"": 250, ""1"": 22, ""2"": null, ""3"": null, ""4"": null, ""5"": null, ""6"": null, ""7"": null}","{""0"": 0.0, ""1"": 0.0, ""2"": null, ""3"": null, ""4"": null, ""5"": null, ""6"": null, ""7"": null}",{},,1,0,1,0,,maneuver-locked,CHANGING,right,left,right,0
571,2026-08-01T22:38:20.912+09:00,64.175,570,8.90,1,AVOIDING_OBSTACLE,,0,0,0,,INNER,INNER,7,0,0.000000,-1.000000,70,686,green,0,unknown,0.000000,null,0.000000,0.302,,"{""0"": 21, ""1"": 24, ""2"": null, ""3"": null, ""4"": null, ""5"": null, ""6"": null, ""7"": null}","{""0"": 0.0, ""1"": 0.0, ""2"": null, ""3"": null, ""4"": null, ""5"": null, ""6"": null, ""7"": null}",{},,1,0,1,0,,maneuver-locked,CHANGING,right,left,right,0
572,2026-08-01T22:38:21.021+09:00,64.284,571,8.90,0,AVOIDING_OBSTACLE,phase:CHANGING->CHANGING_PAUSED,0,0,0,,INNER,INNER,7,0,0.000000,0.000000,0,690,green,0,unknown,0.000000,null,0.000000,0.411,,"{""0"": 44, ""1"": 16, ""2"": null, ""3"": null, ""4"": null, ""5"": null, ""6"": null, ""7"": null}","{""0"": 0.0, ""1"": 0.0, ""2"": null, ""3"": null, ""4"": null, ""5"": null, ""6"": null, ""7"": null}",{},,1,0,1,0,,maneuver-locked,CHANGING_PAUSED,right,left,right,0
573,2026-08-01T22:38:21.134+09:00,64.399,572,8.90,0,AVOIDING_OBSTACLE,,0,0,0,,INNER,INNER,7,0,0.000000,0.000000,0,697,green,1,obstacle-car,0.482236,"[3, 536, 807, 720]",0.159760,0.298,,"{""0"": 40, ""1"": 13, ""2"": null, ""3"": null, ""4"": null, ""5"": null, ""6"": null, ""7"": null}","{""0"": 0.0, ""1"": 0.0, ""2"": null, ""3"": null, ""4"": null, ""5"": null, ""6"": null, ""7"": null}",{},,1,0,1,0,,maneuver-locked,CHANGING_PAUSED,right,left,right,0
574,2026-08-01T22:38:21.244+09:00,64.507,573,8.90,0,AVOIDING_OBSTACLE,,0,0,0,,INNER,INNER,7,0,0.000000,0.000000,0,716,green,0,unknown,0.000000,null,0.000000,0.305,,"{""0"": 69, ""1"": 9, ""2"": null, ""3"": null, ""4"": null, ""5"": null, ""6"": null, ""7"": null}","{""0"": 0.0, ""1"": 0.0, ""2"": null, ""3"": null, ""4"": null, ""5"": null, ""6"": null, ""7"": null}",{},,1,0,1,0,,maneuver-locked,CHANGING_PAUSED,right,left,right,0
575,2026-08-01T22:38:21.359+09:00,64.624,574,8.90,0,AVOIDING_OBSTACLE,,0,0,0,,INNER,INNER,7,0,0.000000,0.000000,0,731,green,0,unknown,0.000000,null,0.000000,0.191,,"{""0"": 69, ""1"": 10, ""2"": null, ""3"": null, ""4"": null, ""5"": null, ""6"": null, ""7"": null}","{""0"": 0.0, ""1"": 0.0, ""2"": null, ""3"": null, ""4"": null, ""5"": null, ""6"": null, ""7"": null}",{},,1,0,1,0,,maneuver-locked,CHANGING_PAUSED,right,left,right,0
576,2026-08-01T22:38:21.460+09:00,64.724,575,8.90,0,AVOIDING_OBSTACLE,,0,0,0,,INNER,INNER,7,0,0.000000,0.000000,0,738,green,0,unknown,0.000000,null,0.000000,0.292,,"{""0"": 67, ""1"": 9, ""2"": null, ""3"": null, ""4"": null, ""5"": null, ""6"": null, ""7"": null}","{""0"": 0.0, ""1"": 0.0, ""2"": null, ""3"": null, ""4"": null, ""5"": null, ""6"": null, ""7"": null}",{},,1,0,1,0,,maneuver-locked,CHANGING_PAUSED,right,left,right,0
577,2026-08-01T22:38:21.576+09:00,64.840,576,8.90,0,AVOIDING_OBSTACLE,,0,0,0,,INNER,INNER,7,0,0.000000,0.000000,0,739,green,0,unknown,0.000000,null,0.000000,0.299,,"{""0"": 69, ""1"": 9, ""2"": null, ""3"": null, ""4"": null, ""5"": null, ""6"": null, ""7"": null}","{""0"": 0.0, ""1"": 0.0, ""2"": null, ""3"": null, ""4"": null, ""5"": null, ""6"": null, ""7"": null}",{},,1,0,1,0,,maneuver-locked,CHANGING_PAUSED,right,left,right,0
578,2026-08-01T22:38:21.701+09:00,64.961,577,8.90,0,AVOIDING_OBSTACLE,,0,0,0,,INNER,INNER,7,0,0.000000,0.000000,0,739,green,0,unknown,0.000000,null,0.000000,0.203,,"{""0"": 69, ""1"": 9, ""2"": null, ""3"": null, ""4"": null, ""5"": null, ""6"": null, ""7"": null}","{""0"": 0.0, ""1"": 0.0, ""2"": null, ""3"": null, ""4"": null, ""5"": null, ""6"": null, ""7"": null}",{},,1,0,1,0,,maneuver-locked,CHANGING_PAUSED,right,left,right,0
579,2026-08-01T22:38:21.821+09:00,65.085,578,8.90,0,AVOIDING_OBSTACLE,,0,0,0,,INNER,INNER,7,0,0.000000,0.000000,0,738,green,0,unknown,0.000000,null,0.000000,0.326,,"{""0"": 69, ""1"": 9, ""2"": null, ""3"": null, ""4"": null, ""5"": null, ""6"": null, ""7"": null}","{""0"": 0.0, ""1"": 0.0, ""2"": null, ""3"": null, ""4"": null, ""5"": null, ""6"": null, ""7"": null}",{},,1,0,1,0,,maneuver-locked,CHANGING_PAUSED,right,left,right,0
580,2026-08-01T22:38:21.927+09:00,65.189,579,8.90,0,AVOIDING_OBSTACLE,,0,0,0,,INNER,INNER,7,0,0.000000,0.000000,0,739,green,0,unknown,0.000000,null,0.000000,0.317,,"{""0"": 69, ""1"": 9, ""2"": null, ""3"": null, ""4"": null, ""5"": null, ""6"": null, ""7"": null}","{""0"": 0.0, ""1"": 0.0, ""2"": null, ""3"": null, ""4"": null, ""5"": null, ""6"": null, ""7"": null}",{},,1,0,1,0,,maneuver-locked,CHANGING_PAUSED,right,left,right,0
581,2026-08-01T22:38:22.038+09:00,65.300,580,8.90,0,AVOIDING_OBSTACLE,,0,0,0,,INNER,INNER,7,0,0.000000,0.000000,0,739,green,0,unknown,0.000000,null,0.000000,0.300,,"{""0"": 70, ""1"": 9, ""2"": null, ""3"": null, ""4"": null, ""5"": null, ""6"": null, ""7"": null}","{""0"": 0.0, ""1"": 0.0, ""2"": null, ""3"": null, ""4"": null, ""5"": null, ""6"": null, ""7"": null}",{},,1,0,1,0,,maneuver-locked,CHANGING_PAUSED,right,left,right,0
582,2026-08-01T22:38:22.148+09:00,65.413,581,8.90,0,AVOIDING_OBSTACLE,,0,0,0,,INNER,INNER,7,0,0.000000,0.000000,0,739,green,0,unknown,0.000000,null,0.000000,0.188,,"{""0"": 69, ""1"": 9, ""2"": null, ""3"": null, ""4"": null, ""5"": null, ""6"": null, ""7"": null}","{""0"": 0.0, ""1"": 0.0, ""2"": null, ""3"": null, ""4"": null, ""5"": null, ""6"": null, ""7"": null}",{},,1,0,1,0,,maneuver-locked,CHANGING_PAUSED,right,left,right,0
583,2026-08-01T22:38:22.269+09:00,65.532,582,8.90,0,AVOIDING_OBSTACLE,,0,0,0,,INNER,INNER,7,0,0.000000,0.000000,0,738,green,0,unknown,0.000000,null,0.000000,0.305,,"{""0"": 69, ""1"": 9, ""2"": null, ""3"": null, ""4"": null, ""5"": null, ""6"": null, ""7"": null}","{""0"": 0.0, ""1"": 0.0, ""2"": null, ""3"": null, ""4"": null, ""5"": null, ""6"": null, ""7"": null}",{},,1,0,1,0,,maneuver-locked,CHANGING_PAUSED,right,left,right,0
584,2026-08-01T22:38:22.371+09:00,65.636,583,8.90,0,AVOIDING_OBSTACLE,,0,0,0,,INNER,INNER,7,0,0.000000,0.000000,0,738,green,0,unknown,0.000000,null,0.000000,0.302,,"{""0"": 69, ""1"": 9, ""2"": null, ""3"": null, ""4"": null, ""5"": null, ""6"": null, ""7"": null}","{""0"": 0.0, ""1"": 0.0, ""2"": null, ""3"": null, ""4"": null, ""5"": null, ""6"": null, ""7"": null}",{},,1,0,1,0,,maneuver-locked,CHANGING_PAUSED,right,left,right,0
585,2026-08-01T22:38:22.484+09:00,65.747,584,8.90,0,AVOIDING_OBSTACLE,,0,0,0,,INNER,INNER,7,0,0.000000,0.000000,0,739,green,0,unknown,0.000000,null,0.000000,0.182,,"{""0"": 69, ""1"": 9, ""2"": null, ""3"": null, ""4"": null, ""5"": null, ""6"": null, ""7"": null}","{""0"": 0.0, ""1"": 0.0, ""2"": null, ""3"": null, ""4"": null, ""5"": null, ""6"": null, ""7"": null}",{},,1,0,1,0,,maneuver-locked,CHANGING_PAUSED,right,left,right,0
586,2026-08-01T22:38:22.589+09:00,65.854,585,8.90,0,AVOIDING_OBSTACLE,,0,0,0,,INNER,INNER,7,0,0.000000,0.000000,0,739,green,0,unknown,0.000000,null,0.000000,0.288,,"{""0"": 68, ""1"": 9, ""2"": null, ""3"": null, ""4"": null, ""5"": null, ""6"": null, ""7"": null}","{""0"": 0.0, ""1"": 0.0, ""2"": null, ""3"": null, ""4"": null, ""5"": null, ""6"": null, ""7"": null}",{},,1,0,1,0,,maneuver-locked,CHANGING_PAUSED,right,left,right,0
587,2026-08-01T22:38:22.694+09:00,65.958,586,8.90,0,AVOIDING_OBSTACLE,,0,0,0,,INNER,INNER,7,0,0.000000,0.000000,0,739,green,0,unknown,0.000000,null,0.000000,0.291,,"{""0"": 69, ""1"": 9, ""2"": null, ""3"": null, ""4"": null, ""5"": null, ""6"": null, ""7"": null}","{""0"": 0.0, ""1"": 0.0, ""2"": null, ""3"": null, ""4"": null, ""5"": null, ""6"": null, ""7"": null}",{},,1,0,1,0,,maneuver-locked,CHANGING_PAUSED,right,left,right,0
588,2026-08-01T22:38:22.802+09:00,66.066,587,8.90,0,AVOIDING_OBSTACLE,,0,0,0,,INNER,INNER,7,0,0.000000,0.000000,0,739,green,0,unknown,0.000000,null,0.000000,0.177,,"{""0"": 69, ""1"": 9, ""2"": null, ""3"": null, ""4"": null, ""5"": null, ""6"": null, ""7"": null}","{""0"": 0.0, ""1"": 0.0, ""2"": null, ""3"": null, ""4"": null, ""5"": null, ""6"": null, ""7"": null}",{},,1,0,1,0,,maneuver-locked,CHANGING_PAUSED,right,left,right,0
589,2026-08-01T22:38:22.905+09:00,66.168,588,8.90,0,AVOIDING_OBSTACLE,,0,0,0,,INNER,INNER,7,0,0.000000,0.000000,0,738,green,0,unknown,0.000000,null,0.000000,0.278,,"{""0"": 70, ""1"": 9, ""2"": null, ""3"": null, ""4"": null, ""5"": null, ""6"": null, ""7"": null}","{""0"": 0.0, ""1"": 0.0, ""2"": null, ""3"": null, ""4"": null, ""5"": null, ""6"": null, ""7"": null}",{},,1,0,1,0,,maneuver-locked,CHANGING_PAUSED,right,left,right,0
590,2026-08-01T22:38:23.010+09:00,66.274,589,8.90,0,AVOIDING_OBSTACLE,,0,0,0,,INNER,INNER,7,0,0.000000,0.000000,0,739,green,0,unknown,0.000000,null,0.000000,0.287,,"{""0"": 70, ""1"": 9, ""2"": null, ""3"": null, ""4"": null, ""5"": null, ""6"": null, ""7"": null}","{""0"": 0.0, ""1"": 0.0, ""2"": null, ""3"": null, ""4"": null, ""5"": null, ""6"": null, ""7"": null}",{},,1,0,1,0,,maneuver-locked,CHANGING_PAUSED,right,left,right,0
591,2026-08-01T22:38:23.122+09:00,66.385,590,8.90,0,AVOIDING_OBSTACLE,,0,0,0,,INNER,INNER,7,0,0.000000,0.000000,0,738,green,0,unknown,0.000000,null,0.000000,0.184,,"{""0"": 69, ""1"": 9, ""2"": null, ""3"": null, ""4"": null, ""5"": null, ""6"": null, ""7"": null}","{""0"": 0.0, ""1"": 0.0, ""2"": null, ""3"": null, ""4"": null, ""5"": null, ""6"": null, ""7"": null}",{},,1,0,1,0,,maneuver-locked,CHANGING_PAUSED,right,left,right,0
592,2026-08-01T22:38:23.230+09:00,66.492,591,8.91,0,AVOIDING_OBSTACLE,,0,0,0,,INNER,INNER,7,0,0.000000,0.000000,0,739,green,0,unknown,0.000000,null,0.000000,0.288,,"{""0"": 68, ""1"": 9, ""2"": null, ""3"": null, ""4"": null, ""5"": null, ""6"": null, ""7"": null}","{""0"": 0.0, ""1"": 0.0, ""2"": null, ""3"": null, ""4"": null, ""5"": null, ""6"": null, ""7"": null}",{},,1,0,1,0,,maneuver-locked,CHANGING_PAUSED,right,left,right,0
593,2026-08-01T22:38:23.347+09:00,66.609,592,8.90,0,AVOIDING_OBSTACLE,,0,0,0,,INNER,INNER,7,0,0.000000,0.000000,0,738,green,0,unknown,0.000000,null,0.000000,0.301,,"{""0"": 69, ""1"": 9, ""2"": null, ""3"": null, ""4"": null, ""5"": null, ""6"": null, ""7"": null}","{""0"": 0.0, ""1"": 0.0, ""2"": null, ""3"": null, ""4"": null, ""5"": null, ""6"": null, ""7"": null}",{},,1,0,1,0,,maneuver-locked,CHANGING_PAUSED,right,left,right,0
594,2026-08-01T22:38:23.463+09:00,66.724,593,8.90,0,AVOIDING_OBSTACLE,,0,0,0,,INNER,INNER,7,0,0.000000,0.000000,0,739,green,0,unknown,0.000000,null,0.000000,0.195,,"{""0"": 69, ""1"": 9, ""2"": null, ""3"": null, ""4"": null, ""5"": null, ""6"": null, ""7"": null}","{""0"": 0.0, ""1"": 0.0, ""2"": null, ""3"": null, ""4"": null, ""5"": null, ""6"": null, ""7"": null}",{},,1,0,1,0,,maneuver-locked,CHANGING_PAUSED,right,left,right,0
595,2026-08-01T22:38:23.578+09:00,66.838,594,8.90,0,AVOIDING_OBSTACLE,,0,0,0,,INNER,INNER,7,0,0.000000,0.000000,0,738,green,0,unknown,0.000000,null,0.000000,0.309,,"{""0"": 69, ""1"": 9, ""2"": null, ""3"": null, ""4"": null, ""5"": null, ""6"": null, ""7"": null}","{""0"": 0.0, ""1"": 0.0, ""2"": null, ""3"": null, ""4"": null, ""5"": null, ""6"": null, ""7"": null}",{},,1,0,1,0,,maneuver-locked,CHANGING_PAUSED,right,left,right,0
596,2026-08-01T22:38:23.687+09:00,66.948,595,8.90,0,AVOIDING_OBSTACLE,,0,0,0,,INNER,INNER,7,0,0.000000,0.000000,0,738,green,0,unknown,0.000000,null,0.000000,0.303,,"{""0"": 69, ""1"": 9, ""2"": null, ""3"": null, ""4"": null, ""5"": null, ""6"": null, ""7"": null}","{""0"": 0.0, ""1"": 0.0, ""2"": null, ""3"": null, ""4"": null, ""5"": null, ""6"": null, ""7"": null}",{},,1,0,1,0,,maneuver-locked,CHANGING_PAUSED,right,left,right,0
597,2026-08-01T22:38:23.804+09:00,67.068,596,8.90,0,AVOIDING_OBSTACLE,,0,0,0,,INNER,INNER,7,0,0.000000,0.000000,0,739,green,0,unknown,0.000000,null,0.000000,0.306,,"{""0"": 69, ""1"": 9, ""2"": null, ""3"": null, ""4"": null, ""5"": null, ""6"": null, ""7"": null}","{""0"": 0.0, ""1"": 0.0, ""2"": null, ""3"": null, ""4"": null, ""5"": null, ""6"": null, ""7"": null}",{},,1,0,1,0,,maneuver-locked,CHANGING_PAUSED,right,left,right,0
598,2026-08-01T22:38:23.917+09:00,67.177,597,8.90,0,AVOIDING_OBSTACLE,,0,0,0,,INNER,INNER,7,0,0.000000,0.000000,0,739,green,0,unknown,0.000000,null,0.000000,0.413,,"{""0"": 69, ""1"": 9, ""2"": null, ""3"": null, ""4"": null, ""5"": null, ""6"": null, ""7"": null}","{""0"": 0.0, ""1"": 0.0, ""2"": null, ""3"": null, ""4"": null, ""5"": null, ""6"": null, ""7"": null}",{},,1,0,1,0,,maneuver-locked,CHANGING_PAUSED,right,left,right,0
599,2026-08-01T22:38:24.022+09:00,67.285,598,8.90,0,AVOIDING_OBSTACLE,,0,0,0,,INNER,INNER,7,0,0.000000,0.000000,0,739,green,0,unknown,0.000000,null,0.000000,0.299,,"{""0"": 69, ""1"": 9, ""2"": null, ""3"": null, ""4"": null, ""5"": null, ""6"": null, ""7"": null}","{""0"": 0.0, ""1"": 0.0, ""2"": null, ""3"": null, ""4"": null, ""5"": null, ""6"": null, ""7"": null}",{},,1,0,1,0,,maneuver-locked,CHANGING_PAUSED,right,left,right,0
600,2026-08-01T22:38:24.127+09:00,67.390,599,8.90,0,AVOIDING_OBSTACLE,,0,0,0,,INNER,INNER,7,0,0.000000,0.000000,0,739,green,0,unknown,0.000000,null,0.000000,0.291,,"{""0"": 68, ""1"": 9, ""2"": null, ""3"": null, ""4"": null, ""5"": null, ""6"": null, ""7"": null}","{""0"": 0.0, ""1"": 0.0, ""2"": null, ""3"": null, ""4"": null, ""5"": null, ""6"": null, ""7"": null}",{},,1,0,1,0,,maneuver-locked,CHANGING_PAUSED,right,left,right,0
601,2026-08-01T22:38:24.235+09:00,67.499,600,8.91,0,AVOIDING_OBSTACLE,,0,0,0,,INNER,INNER,7,0,0.000000,0.000000,0,738,green,0,unknown,0.000000,null,0.000000,0.400,,"{""0"": 69, ""1"": 9, ""2"": null, ""3"": null, ""4"": null, ""5"": null, ""6"": null, ""7"": null}","{""0"": 0.0, ""1"": 0.0, ""2"": null, ""3"": null, ""4"": null, ""5"": null, ""6"": null, ""7"": null}",{},,1,0,1,0,,maneuver-locked,CHANGING_PAUSED,right,left,right,0
602,2026-08-01T22:38:24.349+09:00,67.611,601,8.91,0,AVOIDING_OBSTACLE,,0,0,0,,INNER,INNER,7,0,0.000000,0.000000,0,738,green,0,unknown,0.000000,null,0.000000,0.288,,"{""0"": 69, ""1"": 9, ""2"": null, ""3"": null, ""4"": null, ""5"": null, ""6"": null, ""7"": null}","{""0"": 0.0, ""1"": 0.0, ""2"": null, ""3"": null, ""4"": null, ""5"": null, ""6"": null, ""7"": null}",{},,1,0,1,0,,maneuver-locked,CHANGING_PAUSED,right,left,right,0
603,2026-08-01T22:38:24.453+09:00,67.718,602,8.91,0,AVOIDING_OBSTACLE,,0,0,0,,INNER,INNER,7,0,0.000000,0.000000,0,739,green,0,unknown,0.000000,null,0.000000,0.296,,"{""0"": 69, ""1"": 9, ""2"": null, ""3"": null, ""4"": null, ""5"": null, ""6"": null, ""7"": null}","{""0"": 0.0, ""1"": 0.0, ""2"": null, ""3"": null, ""4"": null, ""5"": null, ""6"": null, ""7"": null}",{},,1,0,1,0,,maneuver-locked,CHANGING_PAUSED,right,left,right,0
604,2026-08-01T22:38:24.570+09:00,67.834,603,8.91,0,AVOIDING_OBSTACLE,,0,0,0,,INNER,INNER,7,0,0.000000,0.000000,0,738,green,0,unknown,0.000000,null,0.000000,0.189,,"{""0"": 69, ""1"": 9, ""2"": null, ""3"": null, ""4"": null, ""5"": null, ""6"": null, ""7"": null}","{""0"": 0.0, ""1"": 0.0, ""2"": null, ""3"": null, ""4"": null, ""5"": null, ""6"": null, ""7"": null}",{},,1,0,1,0,,maneuver-locked,CHANGING_PAUSED,right,left,right,0
605,2026-08-01T22:38:24.681+09:00,67.945,604,8.91,0,AVOIDING_OBSTACLE,,0,0,0,,INNER,INNER,7,0,0.000000,0.000000,0,739,green,0,unknown,0.000000,null,0.000000,0.297,,"{""0"": 68, ""1"": 9, ""2"": null, ""3"": null, ""4"": null, ""5"": null, ""6"": null, ""7"": null}","{""0"": 0.0, ""1"": 0.0, ""2"": null, ""3"": null, ""4"": null, ""5"": null, ""6"": null, ""7"": null}",{},,1,0,1,0,,maneuver-locked,CHANGING_PAUSED,right,left,right,0
606,2026-08-01T22:38:24.786+09:00,68.049,605,8.91,0,AVOIDING_OBSTACLE,,0,0,0,,INNER,INNER,7,0,0.000000,0.000000,0,739,green,0,unknown,0.000000,null,0.000000,0.302,,"{""0"": 68, ""1"": 9, ""2"": null, ""3"": null, ""4"": null, ""5"": null, ""6"": null, ""7"": null}","{""0"": 0.0, ""1"": 0.0, ""2"": null, ""3"": null, ""4"": null, ""5"": null, ""6"": null, ""7"": null}",{},,1,0,1,0,,maneuver-locked,CHANGING_PAUSED,right,left,right,0
607,2026-08-01T22:38:24.896+09:00,68.159,606,8.91,0,AVOIDING_OBSTACLE,,0,0,0,,INNER,INNER,7,0,0.000000,0.000000,0,739,green,0,unknown,0.000000,null,0.000000,0.181,,"{""0"": 69, ""1"": 9, ""2"": null, ""3"": null, ""4"": null, ""5"": null, ""6"": null, ""7"": null}","{""0"": 0.0, ""1"": 0.0, ""2"": null, ""3"": null, ""4"": null, ""5"": null, ""6"": null, ""7"": null}",{},,1,0,1,0,,maneuver-locked,CHANGING_PAUSED,right,left,right,0
608,2026-08-01T22:38:24.999+09:00,68.263,607,8.91,0,AVOIDING_OBSTACLE,,0,0,0,,INNER,INNER,7,0,0.000000,0.000000,0,739,green,0,unknown,0.000000,null,0.000000,0.285,,"{""0"": 68, ""1"": 9, ""2"": null, ""3"": null, ""4"": null, ""5"": null, ""6"": null, ""7"": null}","{""0"": 0.0, ""1"": 0.0, ""2"": null, ""3"": null, ""4"": null, ""5"": null, ""6"": null, ""7"": null}",{},,1,0,1,0,,maneuver-locked,CHANGING_PAUSED,right,left,right,0
609,2026-08-01T22:38:25.103+09:00,68.368,608,8.91,0,AVOIDING_OBSTACLE,,0,0,0,,INNER,INNER,7,0,0.000000,0.000000,0,738,green,0,unknown,0.000000,null,0.000000,0.284,,"{""0"": 69, ""1"": 9, ""2"": null, ""3"": null, ""4"": null, ""5"": null, ""6"": null, ""7"": null}","{""0"": 0.0, ""1"": 0.0, ""2"": null, ""3"": null, ""4"": null, ""5"": null, ""6"": null, ""7"": null}",{},,1,0,1,0,,maneuver-locked,CHANGING_PAUSED,right,left,right,0
610,2026-08-01T22:38:25.207+09:00,68.471,609,8.91,0,AVOIDING_OBSTACLE,,0,0,0,,INNER,INNER,7,0,0.000000,0.000000,0,739,green,0,unknown,0.000000,null,0.000000,0.176,,"{""0"": 67, ""1"": 9, ""2"": null, ""3"": null, ""4"": null, ""5"": null, ""6"": null, ""7"": null}","{""0"": 0.0, ""1"": 0.0, ""2"": null, ""3"": null, ""4"": null, ""5"": null, ""6"": null, ""7"": null}",{},,1,0,1,0,,maneuver-locked,CHANGING_PAUSED,right,left,right,0
611,2026-08-01T22:38:25.312+09:00,68.575,610,8.91,0,AVOIDING_OBSTACLE,,0,0,0,,INNER,INNER,7,0,0.000000,0.000000,0,738,green,0,unknown,0.000000,null,0.000000,0.279,,"{""0"": 69, ""1"": 9, ""2"": null, ""3"": null, ""4"": null, ""5"": null, ""6"": null, ""7"": null}","{""0"": 0.0, ""1"": 0.0, ""2"": null, ""3"": null, ""4"": null, ""5"": null, ""6"": null, ""7"": null}",{},,1,0,1,0,,maneuver-locked,CHANGING_PAUSED,right,left,right,0
612,2026-08-01T22:38:25.430+09:00,68.692,611,8.91,0,AVOIDING_OBSTACLE,,0,0,0,,INNER,INNER,7,0,0.000000,0.000000,0,739,green,0,unknown,0.000000,null,0.000000,0.293,,"{""0"": 69, ""1"": 9, ""2"": null, ""3"": null, ""4"": null, ""5"": null, ""6"": null, ""7"": null}","{""0"": 0.0, ""1"": 0.0, ""2"": null, ""3"": null, ""4"": null, ""5"": null, ""6"": null, ""7"": null}",{},,1,0,1,0,,maneuver-locked,CHANGING_PAUSED,right,left,right,0
613,2026-08-01T22:38:25.541+09:00,68.805,612,8.91,0,AVOIDING_OBSTACLE,,0,0,0,,INNER,INNER,7,0,0.000000,0.000000,0,738,green,0,unknown,0.000000,null,0.000000,0.197,,"{""0"": 69, ""1"": 9, ""2"": null, ""3"": null, ""4"": null, ""5"": null, ""6"": null, ""7"": null}","{""0"": 0.0, ""1"": 0.0, ""2"": null, ""3"": null, ""4"": null, ""5"": null, ""6"": null, ""7"": null}",{},,1,0,1,0,,maneuver-locked,CHANGING_PAUSED,right,left,right,0
614,2026-08-01T22:38:25.642+09:00,68.905,613,8.91,0,AVOIDING_OBSTACLE,,0,0,0,,INNER,INNER,7,0,0.000000,0.000000,0,738,green,0,unknown,0.000000,null,0.000000,0.296,,"{""0"": 68, ""1"": 9, ""2"": null, ""3"": null, ""4"": null, ""5"": null, ""6"": null, ""7"": null}","{""0"": 0.0, ""1"": 0.0, ""2"": null, ""3"": null, ""4"": null, ""5"": null, ""6"": null, ""7"": null}",{},,1,0,1,0,,maneuver-locked,CHANGING_PAUSED,right,left,right,0
615,2026-08-01T22:38:25.752+09:00,69.015,614,8.91,0,AVOIDING_OBSTACLE,,0,0,0,,INNER,INNER,7,0,0.000000,0.000000,0,739,green,0,unknown,0.000000,null,0.000000,0.290,,"{""0"": 69, ""1"": 9, ""2"": null, ""3"": null, ""4"": null, ""5"": null, ""6"": null, ""7"": null}","{""0"": 0.0, ""1"": 0.0, ""2"": null, ""3"": null, ""4"": null, ""5"": null, ""6"": null, ""7"": null}",{},,1,0,1,0,,maneuver-locked,CHANGING_PAUSED,right,left,right,0
616,2026-08-01T22:38:25.863+09:00,69.127,615,8.91,0,AVOIDING_OBSTACLE,,0,0,0,,INNER,INNER,7,0,0.000000,0.000000,0,739,green,1,obstacle-car,0.513215,"[18, 511, 476, 719]",0.103409,0.188,,"{""0"": 69, ""1"": 9, ""2"": null, ""3"": null, ""4"": null, ""5"": null, ""6"": null, ""7"": null}","{""0"": 0.0, ""1"": 0.0, ""2"": null, ""3"": null, ""4"": null, ""5"": null, ""6"": null, ""7"": null}",{},,1,0,1,0,,maneuver-locked,CHANGING_PAUSED,right,left,right,0
617,2026-08-01T22:38:25.968+09:00,69.231,616,8.91,0,AVOIDING_OBSTACLE,,0,0,0,,INNER,INNER,7,0,0.000000,0.000000,0,739,green,1,obstacle-car,0.513215,"[18, 511, 476, 719]",0.103409,0.292,,"{""0"": 68, ""1"": 9, ""2"": null, ""3"": null, ""4"": null, ""5"": null, ""6"": null, ""7"": null}","{""0"": 0.0, ""1"": 0.0, ""2"": null, ""3"": null, ""4"": null, ""5"": null, ""6"": null, ""7"": null}",{},,1,0,1,0,,maneuver-locked,CHANGING_PAUSED,right,left,right,0
618,2026-08-01T22:38:26.065+09:00,69.329,617,8.92,0,AVOIDING_OBSTACLE,,0,0,0,,INNER,INNER,7,0,0.000000,0.000000,0,739,green,1,obstacle-car,0.649086,"[15, 511, 476, 719]",0.104104,0.283,,"{""0"": 69, ""1"": 9, ""2"": null, ""3"": null, ""4"": null, ""5"": null, ""6"": null, ""7"": null}","{""0"": 0.0, ""1"": 0.0, ""2"": null, ""3"": null, ""4"": null, ""5"": null, ""6"": null, ""7"": null}",{},,1,0,1,0,,maneuver-locked,CHANGING_PAUSED,right,left,right,0
619,2026-08-01T22:38:26.179+09:00,69.442,618,8.92,0,AVOIDING_OBSTACLE,,0,0,0,,INNER,INNER,7,0,0.000000,0.000000,0,739,green,1,obstacle-car,0.496730,"[18, 512, 478, 719]",0.103597,0.179,,"{""0"": 68, ""1"": 9, ""2"": null, ""3"": null, ""4"": null, ""5"": null, ""6"": null, ""7"": null}","{""0"": 0.0, ""1"": 0.0, ""2"": null, ""3"": null, ""4"": null, ""5"": null, ""6"": null, ""7"": null}",{},,1,0,1,0,,maneuver-locked,CHANGING_PAUSED,right,left,right,0
620,2026-08-01T22:38:26.293+09:00,69.556,619,8.92,0,AVOIDING_OBSTACLE,,0,0,0,,INNER,INNER,7,0,0.000000,0.000000,0,738,green,1,obstacle-car,0.496730,"[18, 512, 478, 719]",0.103597,0.290,,"{""0"": 69, ""1"": 9, ""2"": null, ""3"": null, ""4"": null, ""5"": null, ""6"": null, ""7"": null}","{""0"": 0.0, ""1"": 0.0, ""2"": null, ""3"": null, ""4"": null, ""5"": null, ""6"": null, ""7"": null}",{},,1,0,1,0,,maneuver-locked,CHANGING_PAUSED,right,left,right,0
621,2026-08-01T22:38:26.397+09:00,69.660,620,8.92,0,AVOIDING_OBSTACLE,,0,0,0,,INNER,INNER,7,0,0.000000,0.000000,0,738,green,1,obstacle-car,0.593486,"[16, 512, 478, 719]",0.104082,0.300,,"{""0"": 68, ""1"": 9, ""2"": null, ""3"": null, ""4"": null, ""5"": null, ""6"": null, ""7"": null}","{""0"": 0.0, ""1"": 0.0, ""2"": null, ""3"": null, ""4"": null, ""5"": null, ""6"": null, ""7"": null}",{},,1,0,1,0,,maneuver-locked,CHANGING_PAUSED,right,left,right,0
622,2026-08-01T22:38:26.515+09:00,69.778,621,8.92,0,AVOIDING_OBSTACLE,,0,0,0,,INNER,INNER,7,0,0.000000,0.000000,0,738,green,1,obstacle-car,0.486447,"[17, 512, 477, 719]",0.103598,0.191,,"{""0"": 68, ""1"": 9, ""2"": null, ""3"": null, ""4"": null, ""5"": null, ""6"": null, ""7"": null}","{""0"": 0.0, ""1"": 0.0, ""2"": null, ""3"": null, ""4"": null, ""5"": null, ""6"": null, ""7"": null}",{},,1,0,1,0,,maneuver-locked,CHANGING_PAUSED,right,left,right,0
623,2026-08-01T22:38:26.631+09:00,69.894,622,8.91,0,AVOIDING_OBSTACLE,,0,0,0,,INNER,INNER,7,0,0.000000,0.000000,0,738,green,1,obstacle-car,0.486447,"[17, 512, 477, 719]",0.103598,0.305,,"{""0"": 68, ""1"": 9, ""2"": null, ""3"": null, ""4"": null, ""5"": null, ""6"": null, ""7"": null}","{""0"": 0.0, ""1"": 0.0, ""2"": null, ""3"": null, ""4"": null, ""5"": null, ""6"": null, ""7"": null}",{},,1,0,1,0,,maneuver-locked,CHANGING_PAUSED,right,left,right,0
624,2026-08-01T22:38:26.734+09:00,69.997,623,8.92,0,AVOIDING_OBSTACLE,,0,0,0,,INNER,INNER,7,0,0.000000,0.000000,0,739,green,1,obstacle-car,0.468589,"[17, 512, 477, 719]",0.103762,0.308,,"{""0"": 69, ""1"": 9, ""2"": null, ""3"": null, ""4"": null, ""5"": null, ""6"": null, ""7"": null}","{""0"": 0.0, ""1"": 0.0, ""2"": null, ""3"": null, ""4"": null, ""5"": null, ""6"": null, ""7"": null}",{},,1,0,1,0,,maneuver-locked,CHANGING_PAUSED,right,left,right,0
625,2026-08-01T22:38:26.848+09:00,70.110,624,8.92,0,AVOIDING_OBSTACLE,,0,0,0,,INNER,INNER,7,0,0.000000,0.000000,0,739,green,1,obstacle-car,0.524035,"[19, 511, 476, 719]",0.103277,0.180,,"{""0"": 68, ""1"": 9, ""2"": null, ""3"": null, ""4"": null, ""5"": null, ""6"": null, ""7"": null}","{""0"": 0.0, ""1"": 0.0, ""2"": null, ""3"": null, ""4"": null, ""5"": null, ""6"": null, ""7"": null}",{},,1,0,1,0,,maneuver-locked,CHANGING_PAUSED,right,left,right,0
626,2026-08-01T22:38:26.961+09:00,70.223,625,8.92,0,AVOIDING_OBSTACLE,,0,0,0,,INNER,INNER,7,0,0.000000,0.000000,0,739,green,1,obstacle-car,0.524035,"[19, 511, 476, 719]",0.103277,0.296,,"{""0"": 68, ""1"": 9, ""2"": null, ""3"": null, ""4"": null, ""5"": null, ""6"": null, ""7"": null}","{""0"": 0.0, ""1"": 0.0, ""2"": null, ""3"": null, ""4"": null, ""5"": null, ""6"": null, ""7"": null}",{},,1,0,1,0,,maneuver-locked,CHANGING_PAUSED,right,left,right,0
627,2026-08-01T22:38:27.068+09:00,70.330,626,8.92,0,AVOIDING_OBSTACLE,,0,0,0,,INNER,INNER,7,0,0.000000,0.000000,0,739,green,1,obstacle-car,0.480242,"[17, 512, 477, 719]",0.103565,0.298,,"{""0"": 68, ""1"": 9, ""2"": null, ""3"": null, ""4"": null, ""5"": null, ""6"": null, ""7"": null}","{""0"": 0.0, ""1"": 0.0, ""2"": null, ""3"": null, ""4"": null, ""5"": null, ""6"": null, ""7"": null}",{},,1,0,1,0,,maneuver-locked,CHANGING_PAUSED,right,left,right,0
628,2026-08-01T22:38:27.183+09:00,70.445,627,8.92,0,AVOIDING_OBSTACLE,,0,0,0,,INNER,INNER,7,0,0.000000,0.000000,0,739,green,1,obstacle-car,0.588593,"[15, 512, 476, 719]",0.103847,0.299,,"{""0"": 68, ""1"": 9, ""2"": null, ""3"": null, ""4"": null, ""5"": null, ""6"": null, ""7"": null}","{""0"": 0.0, ""1"": 0.0, ""2"": null, ""3"": null, ""4"": null, ""5"": null, ""6"": null, ""7"": null}",{},,1,0,1,0,,maneuver-locked,CHANGING_PAUSED,right,left,right,0
629,2026-08-01T22:38:27.298+09:00,70.562,628,8.92,0,AVOIDING_OBSTACLE,,0,0,0,,INNER,INNER,7,0,0.000000,0.000000,0,739,green,1,obstacle-car,0.588593,"[15, 512, 476, 719]",0.103847,0.415,,"{""0"": 68, ""1"": 9, ""2"": null, ""3"": null, ""4"": null, ""5"": null, ""6"": null, ""7"": null}","{""0"": 0.0, ""1"": 0.0, ""2"": null, ""3"": null, ""4"": null, ""5"": null, ""6"": null, ""7"": null}",{},,1,0,1,0,,maneuver-locked,CHANGING_PAUSED,right,left,right,0
630,2026-08-01T22:38:27.402+09:00,70.665,629,8.92,0,AVOIDING_OBSTACLE,,0,0,0,,INNER,INNER,7,0,0.000000,0.000000,0,739,green,1,obstacle-car,0.586371,"[16, 512, 478, 719]",0.104127,0.299,,"{""0"": 68, ""1"": 9, ""2"": null, ""3"": null, ""4"": null, ""5"": null, ""6"": null, ""7"": null}","{""0"": 0.0, ""1"": 0.0, ""2"": null, ""3"": null, ""4"": null, ""5"": null, ""6"": null, ""7"": null}",{},,1,0,1,0,,maneuver-locked,CHANGING_PAUSED,right,left,right,0
631,2026-08-01T22:38:27.505+09:00,70.768,630,8.92,0,AVOIDING_OBSTACLE,,0,0,0,,INNER,INNER,7,0,0.000000,0.000000,0,739,green,1,obstacle-car,0.555480,"[17, 512, 478, 719]",0.103813,0.286,,"{""0"": 69, ""1"": 9, ""2"": null, ""3"": null, ""4"": null, ""5"": null, ""6"": null, ""7"": null}","{""0"": 0.0, ""1"": 0.0, ""2"": null, ""3"": null, ""4"": null, ""5"": null, ""6"": null, ""7"": null}",{},,1,0,1,0,,maneuver-locked,CHANGING_PAUSED,right,left,right,0
632,2026-08-01T22:38:27.616+09:00,70.879,631,8.92,0,AVOIDING_OBSTACLE,,0,0,0,,INNER,INNER,7,0,0.000000,0.000000,0,739,green,1,obstacle-car,0.555480,"[17, 512, 478, 719]",0.103813,0.397,,"{""0"": 67, ""1"": 9, ""2"": null, ""3"": null, ""4"": null, ""5"": null, ""6"": null, ""7"": null}","{""0"": 0.0, ""1"": 0.0, ""2"": null, ""3"": null, ""4"": null, ""5"": null, ""6"": null, ""7"": null}",{},,1,0,1,0,,maneuver-locked,CHANGING_PAUSED,right,left,right,0
633,2026-08-01T22:38:27.720+09:00,70.983,632,8.92,0,AVOIDING_OBSTACLE,,0,0,0,,INNER,INNER,7,0,0.000000,0.000000,0,739,green,1,obstacle-car,0.524022,"[18, 512, 477, 719]",0.103404,0.283,,"{""0"": 68, ""1"": 9, ""2"": null, ""3"": null, ""4"": null, ""5"": null, ""6"": null, ""7"": null}","{""0"": 0.0, ""1"": 0.0, ""2"": null, ""3"": null, ""4"": null, ""5"": null, ""6"": null, ""7"": null}",{},,1,0,1,0,,maneuver-locked,CHANGING_PAUSED,right,left,right,0
634,2026-08-01T22:38:27.827+09:00,71.091,633,8.92,0,AVOIDING_OBSTACLE,,0,0,0,,INNER,INNER,7,0,0.000000,0.000000,0,739,green,1,obstacle-car,0.478117,"[17, 512, 476, 719]",0.103294,0.292,,"{""0"": 68, ""1"": 9, ""2"": null, ""3"": null, ""4"": null, ""5"": null, ""6"": null, ""7"": null}","{""0"": 0.0, ""1"": 0.0, ""2"": null, ""3"": null, ""4"": null, ""5"": null, ""6"": null, ""7"": null}",{},,1,0,1,0,,maneuver-locked,CHANGING_PAUSED,right,left,right,0
635,2026-08-01T22:38:27.935+09:00,71.198,634,8.92,0,AVOIDING_OBSTACLE,,0,0,0,,INNER,INNER,7,0,0.000000,0.000000,0,739,green,1,obstacle-car,0.478117,"[17, 512, 476, 719]",0.103294,0.398,,"{""0"": 69, ""1"": 9, ""2"": null, ""3"": null, ""4"": null, ""5"": null, ""6"": null, ""7"": null}","{""0"": 0.0, ""1"": 0.0, ""2"": null, ""3"": null, ""4"": null, ""5"": null, ""6"": null, ""7"": null}",{},,1,0,1,0,,maneuver-locked,CHANGING_PAUSED,right,left,right,0
636,2026-08-01T22:38:28.039+09:00,71.302,635,8.92,0,AVOIDING_OBSTACLE,,0,0,0,,INNER,INNER,7,0,0.000000,0.000000,0,739,green,1,obstacle-car,0.474266,"[18, 512, 477, 719]",0.103275,0.285,,"{""0"": 69, ""1"": 9, ""2"": null, ""3"": null, ""4"": null, ""5"": null, ""6"": null, ""7"": null}","{""0"": 0.0, ""1"": 0.0, ""2"": null, ""3"": null, ""4"": null, ""5"": null, ""6"": null, ""7"": null}",{},,1,0,1,0,,maneuver-locked,CHANGING_PAUSED,right,left,right,0
637,2026-08-01T22:38:28.140+09:00,71.404,636,8.92,0,AVOIDING_OBSTACLE,,0,0,0,,INNER,INNER,7,0,0.000000,0.000000,0,740,green,0,unknown,0.000000,null,0.000000,0.283,,"{""0"": 68, ""1"": 9, ""2"": null, ""3"": null, ""4"": null, ""5"": null, ""6"": null, ""7"": null}","{""0"": 0.0, ""1"": 0.0, ""2"": null, ""3"": null, ""4"": null, ""5"": null, ""6"": null, ""7"": null}",{},,1,0,1,0,,maneuver-locked,CHANGING_PAUSED,right,left,right,0
638,2026-08-01T22:38:28.250+09:00,71.515,637,8.92,0,AVOIDING_OBSTACLE,,0,0,0,,INNER,INNER,7,0,0.000000,0.000000,0,739,green,0,unknown,0.000000,null,0.000000,0.391,,"{""0"": 68, ""1"": 9, ""2"": null, ""3"": null, ""4"": null, ""5"": null, ""6"": null, ""7"": null}","{""0"": 0.0, ""1"": 0.0, ""2"": null, ""3"": null, ""4"": null, ""5"": null, ""6"": null, ""7"": null}",{},,1,0,1,0,,maneuver-locked,CHANGING_PAUSED,right,left,right,0
639,2026-08-01T22:38:28.359+09:00,71.622,638,8.92,0,AVOIDING_OBSTACLE,,0,0,0,,INNER,INNER,7,0,0.000000,0.000000,0,739,green,1,obstacle-car,0.507337,"[18, 512, 477, 719]",0.103352,0.286,,"{""0"": 69, ""1"": 9, ""2"": null, ""3"": null, ""4"": null, ""5"": null, ""6"": null, ""7"": null}","{""0"": 0.0, ""1"": 0.0, ""2"": null, ""3"": null, ""4"": null, ""5"": null, ""6"": null, ""7"": null}",{},,1,0,1,0,,maneuver-locked,CHANGING_PAUSED,right,left,right,0
640,2026-08-01T22:38:28.468+09:00,71.733,639,8.92,0,AVOIDING_OBSTACLE,,0,0,0,,INNER,INNER,7,0,0.000000,0.000000,0,739,green,1,obstacle-car,0.530893,"[18, 512, 477, 719]",0.103437,0.297,,"{""0"": 69, ""1"": 9, ""2"": null, ""3"": null, ""4"": null, ""5"": null, ""6"": null, ""7"": null}","{""0"": 0.0, ""1"": 0.0, ""2"": null, ""3"": null, ""4"": null, ""5"": null, ""6"": null, ""7"": null}",{},,1,0,1,0,,maneuver-locked,CHANGING_PAUSED,right,left,right,0
641,2026-08-01T22:38:28.578+09:00,71.843,640,8.92,0,AVOIDING_OBSTACLE,,0,0,0,,INNER,INNER,7,0,0.000000,0.000000,0,739,green,1,obstacle-car,0.510957,"[17, 512, 477, 719]",0.103498,0.189,,"{""0"": 68, ""1"": 9, ""2"": null, ""3"": null, ""4"": null, ""5"": null, ""6"": null, ""7"": null}","{""0"": 0.0, ""1"": 0.0, ""2"": null, ""3"": null, ""4"": null, ""5"": null, ""6"": null, ""7"": null}",{},,1,0,1,0,,maneuver-locked,CHANGING_PAUSED,right,left,right,0
642,2026-08-01T22:38:28.679+09:00,71.942,641,8.93,0,AVOIDING_OBSTACLE,,0,0,0,,INNER,INNER,7,0,0.000000,0.000000,0,739,green,1,obstacle-car,0.510957,"[17, 512, 477, 719]",0.103498,0.287,,"{""0"": 69, ""1"": 9, ""2"": null, ""3"": null, ""4"": null, ""5"": null, ""6"": null, ""7"": null}","{""0"": 0.0, ""1"": 0.0, ""2"": null, ""3"": null, ""4"": null, ""5"": null, ""6"": null, ""7"": null}",{},,1,0,1,0,,maneuver-locked,CHANGING_PAUSED,right,left,right,0
643,2026-08-01T22:38:28.781+09:00,72.045,642,8.93,0,AVOIDING_OBSTACLE,,0,0,0,,INNER,INNER,7,0,0.000000,0.000000,0,739,green,1,obstacle-car,0.481301,"[17, 512, 477, 719]",0.103553,0.281,,"{""0"": 69, ""1"": 9, ""2"": null, ""3"": null, ""4"": null, ""5"": null, ""6"": null, ""7"": null}","{""0"": 0.0, ""1"": 0.0, ""2"": null, ""3"": null, ""4"": null, ""5"": null, ""6"": null, ""7"": null}",{},,1,0,1,0,,maneuver-locked,CHANGING_PAUSED,right,left,right,0
644,2026-08-01T22:38:28.898+09:00,72.162,643,8.93,0,AVOIDING_OBSTACLE,,0,0,0,,INNER,INNER,7,0,0.000000,0.000000,0,739,green,0,unknown,0.000000,null,0.000000,0.187,,"{""0"": 69, ""1"": 9, ""2"": null, ""3"": null, ""4"": null, ""5"": null, ""6"": null, ""7"": null}","{""0"": 0.0, ""1"": 0.0, ""2"": null, ""3"": null, ""4"": null, ""5"": null, ""6"": null, ""7"": null}",{},,1,0,1,0,,maneuver-locked,CHANGING_PAUSED,right,left,right,0
645,2026-08-01T22:38:29.007+09:00,72.271,644,8.93,0,AVOIDING_OBSTACLE,,0,0,0,,INNER,INNER,7,0,0.000000,0.000000,0,739,green,0,unknown,0.000000,null,0.000000,0.294,,"{""0"": 69, ""1"": 9, ""2"": null, ""3"": null, ""4"": null, ""5"": null, ""6"": null, ""7"": null}","{""0"": 0.0, ""1"": 0.0, ""2"": null, ""3"": null, ""4"": null, ""5"": null, ""6"": null, ""7"": null}",{},,1,0,1,0,,maneuver-locked,CHANGING_PAUSED,right,left,right,0
646,2026-08-01T22:38:29.116+09:00,72.380,645,8.93,0,AVOIDING_OBSTACLE,,0,0,0,,INNER,INNER,7,0,0.000000,0.000000,0,739,green,1,obstacle-car,0.537470,"[16, 512, 477, 719]",0.103786,0.305,,"{""0"": 68, ""1"": 9, ""2"": null, ""3"": null, ""4"": null, ""5"": null, ""6"": null, ""7"": null}","{""0"": 0.0, ""1"": 0.0, ""2"": null, ""3"": null, ""4"": null, ""5"": null, ""6"": null, ""7"": null}",{},,1,0,1,0,,maneuver-locked,CHANGING_PAUSED,right,left,right,0
647,2026-08-01T22:38:29.228+09:00,72.492,646,8.93,0,AVOIDING_OBSTACLE,,0,0,0,,INNER,INNER,7,0,0.000000,0.000000,0,738,green,1,obstacle-car,0.500246,"[18, 512, 477, 719]",0.103405,0.189,,"{""0"": 69, ""1"": 9, ""2"": null, ""3"": null, ""4"": null, ""5"": null, ""6"": null, ""7"": null}","{""0"": 0.0, ""1"": 0.0, ""2"": null, ""3"": null, ""4"": null, ""5"": null, ""6"": null, ""7"": null}",{},,1,0,1,0,,maneuver-locked,CHANGING_PAUSED,right,left,right,0
648,2026-08-01T22:38:29.335+09:00,72.599,647,8.93,0,AVOIDING_OBSTACLE,,0,0,0,,INNER,INNER,7,0,0.000000,0.000000,0,738,green,1,obstacle-car,0.500246,"[18, 512, 477, 719]",0.103405,0.294,,"{""0"": 69, ""1"": 9, ""2"": null, ""3"": null, ""4"": null, ""5"": null, ""6"": null, ""7"": null}","{""0"": 0.0, ""1"": 0.0, ""2"": null, ""3"": null, ""4"": null, ""5"": null, ""6"": null, ""7"": null}",{},,1,0,1,0,,maneuver-locked,CHANGING_PAUSED,right,left,right,0
649,2026-08-01T22:38:29.444+09:00,72.707,648,8.93,0,AVOIDING_OBSTACLE,,0,0,0,,INNER,INNER,7,0,0.000000,0.000000,0,739,green,1,obstacle-car,0.535274,"[18, 511, 477, 719]",0.103481,0.296,,"{""0"": 68, ""1"": 9, ""2"": null, ""3"": null, ""4"": null, ""5"": null, ""6"": null, ""7"": null}","{""0"": 0.0, ""1"": 0.0, ""2"": null, ""3"": null, ""4"": null, ""5"": null, ""6"": null, ""7"": null}",{},,1,0,1,0,,maneuver-locked,CHANGING_PAUSED,right,left,right,0
650,2026-08-01T22:38:29.554+09:00,72.817,649,8.93,0,AVOIDING_OBSTACLE,,0,0,0,,INNER,INNER,7,0,0.000000,0.000000,0,738,green,0,unknown,0.000000,null,0.000000,0.187,,"{""0"": 69, ""1"": 9, ""2"": null, ""3"": null, ""4"": null, ""5"": null, ""6"": null, ""7"": null}","{""0"": 0.0, ""1"": 0.0, ""2"": null, ""3"": null, ""4"": null, ""5"": null, ""6"": null, ""7"": null}",{},,1,0,1,0,,maneuver-locked,CHANGING_PAUSED,right,left,right,0
651,2026-08-01T22:38:29.663+09:00,72.924,650,8.93,0,AVOIDING_OBSTACLE,,0,0,0,,INNER,INNER,7,0,0.000000,0.000000,0,739,green,0,unknown,0.000000,null,0.000000,0.292,,"{""0"": 68, ""1"": 9, ""2"": null, ""3"": null, ""4"": null, ""5"": null, ""6"": null, ""7"": null}","{""0"": 0.0, ""1"": 0.0, ""2"": null, ""3"": null, ""4"": null, ""5"": null, ""6"": null, ""7"": null}",{},,1,0,1,0,,maneuver-locked,CHANGING_PAUSED,right,left,right,0
652,2026-08-01T22:38:29.764+09:00,73.029,651,8.93,0,AVOIDING_OBSTACLE,,0,0,0,,INNER,INNER,7,0,0.000000,0.000000,0,738,green,0,unknown,0.000000,null,0.000000,0.292,,"{""0"": 69, ""1"": 9, ""2"": null, ""3"": null, ""4"": null, ""5"": null, ""6"": null, ""7"": null}","{""0"": 0.0, ""1"": 0.0, ""2"": null, ""3"": null, ""4"": null, ""5"": null, ""6"": null, ""7"": null}",{},,1,0,1,0,,maneuver-locked,CHANGING_PAUSED,right,left,right,0
653,2026-08-01T22:38:29.875+09:00,73.140,652,8.93,0,AVOIDING_OBSTACLE,,0,0,0,,INNER,INNER,7,0,0.000000,0.000000,0,738,green,1,obstacle-car,0.493461,"[17, 512, 476, 719]",0.103339,0.182,,"{""0"": 69, ""1"": 9, ""2"": null, ""3"": null, ""4"": null, ""5"": null, ""6"": null, ""7"": null}","{""0"": 0.0, ""1"": 0.0, ""2"": null, ""3"": null, ""4"": null, ""5"": null, ""6"": null, ""7"": null}",{},,1,0,1,0,,maneuver-locked,CHANGING_PAUSED,right,left,right,0
654,2026-08-01T22:38:29.993+09:00,73.254,653,8.93,0,AVOIDING_OBSTACLE,,0,0,0,,INNER,INNER,7,0,0.000000,0.000000,0,740,green,1,obstacle-car,0.493461,"[17, 512, 476, 719]",0.103339,0.293,,"{""0"": 68, ""1"": 9, ""2"": null, ""3"": null, ""4"": null, ""5"": null, ""6"": null, ""7"": null}","{""0"": 0.0, ""1"": 0.0, ""2"": null, ""3"": null, ""4"": null, ""5"": null, ""6"": null, ""7"": null}",{},,1,0,1,0,,maneuver-locked,CHANGING_PAUSED,right,left,right,0
655,2026-08-01T22:38:30.095+09:00,73.360,654,8.93,0,AVOIDING_OBSTACLE,,0,0,0,,INNER,INNER,7,0,0.000000,0.000000,0,739,green,1,obstacle-car,0.549595,"[16, 512, 476, 719]",0.103673,0.300,,"{""0"": 69, ""1"": 9, ""2"": null, ""3"": null, ""4"": null, ""5"": null, ""6"": null, ""7"": null}","{""0"": 0.0, ""1"": 0.0, ""2"": null, ""3"": null, ""4"": null, ""5"": null, ""6"": null, ""7"": null}",{},,1,0,1,0,,maneuver-locked,CHANGING_PAUSED,right,left,right,0
656,2026-08-01T22:38:30.211+09:00,73.473,655,8.93,0,AVOIDING_OBSTACLE,,0,0,0,,INNER,INNER,7,0,0.000000,0.000000,0,740,green,0,unknown,0.000000,null,0.000000,0.302,,"{""0"": 68, ""1"": 9, ""2"": null, ""3"": null, ""4"": null, ""5"": null, ""6"": null, ""7"": null}","{""0"": 0.0, ""1"": 0.0, ""2"": null, ""3"": null, ""4"": null, ""5"": null, ""6"": null, ""7"": null}",{},,1,0,1,0,,maneuver-locked,CHANGING_PAUSED,right,left,right,0
657,2026-08-01T22:38:30.323+09:00,73.586,656,8.93,0,AVOIDING_OBSTACLE,,0,0,0,,INNER,INNER,7,0,0.000000,0.000000,0,739,green,0,unknown,0.000000,null,0.000000,0.415,,"{""0"": 68, ""1"": 9, ""2"": null, ""3"": null, ""4"": null, ""5"": null, ""6"": null, ""7"": null}","{""0"": 0.0, ""1"": 0.0, ""2"": null, ""3"": null, ""4"": null, ""5"": null, ""6"": null, ""7"": null}",{},,1,0,1,0,,maneuver-locked,CHANGING_PAUSED,right,left,right,0
658,2026-08-01T22:38:30.426+09:00,73.689,657,8.93,0,AVOIDING_OBSTACLE,,0,0,0,,INNER,INNER,7,0,0.000000,0.000000,0,738,green,0,unknown,0.000000,null,0.000000,0.299,,"{""0"": 68, ""1"": 9, ""2"": null, ""3"": null, ""4"": null, ""5"": null, ""6"": null, ""7"": null}","{""0"": 0.0, ""1"": 0.0, ""2"": null, ""3"": null, ""4"": null, ""5"": null, ""6"": null, ""7"": null}",{},,1,0,1,0,,maneuver-locked,CHANGING_PAUSED,right,left,right,0
659,2026-08-01T22:38:30.540+09:00,73.803,658,8.93,0,AVOIDING_OBSTACLE,,0,0,0,,INNER,INNER,7,0,0.000000,0.000000,0,739,green,1,obstacle-car,0.550645,"[18, 512, 477, 719]",0.103335,0.294,,"{""0"": 68, ""1"": 9, ""2"": null, ""3"": null, ""4"": null, ""5"": null, ""6"": null, ""7"": null}","{""0"": 0.0, ""1"": 0.0, ""2"": null, ""3"": null, ""4"": null, ""5"": null, ""6"": null, ""7"": null}",{},,1,0,1,0,,maneuver-locked,CHANGING_PAUSED,right,left,right,0
660,2026-08-01T22:38:30.642+09:00,73.906,659,8.93,0,AVOIDING_OBSTACLE,,0,0,0,,INNER,INNER,7,0,0.000000,0.000000,0,739,green,1,obstacle-car,0.550645,"[18, 512, 477, 719]",0.103335,0.397,,"{""0"": 68, ""1"": 9, ""2"": null, ""3"": null, ""4"": null, ""5"": null, ""6"": null, ""7"": null}","{""0"": 0.0, ""1"": 0.0, ""2"": null, ""3"": null, ""4"": null, ""5"": null, ""6"": null, ""7"": null}",{},,1,0,1,0,,maneuver-locked,CHANGING_PAUSED,right,left,right,0
661,2026-08-01T22:38:30.749+09:00,74.013,660,8.93,0,AVOIDING_OBSTACLE,,0,0,0,,INNER,INNER,7,0,0.000000,0.000000,0,739,green,1,obstacle-car,0.548586,"[19, 511, 477, 719]",0.103543,0.292,,"{""0"": 69, ""1"": 9, ""2"": null, ""3"": null, ""4"": null, ""5"": null, ""6"": null, ""7"": null}","{""0"": 0.0, ""1"": 0.0, ""2"": null, ""3"": null, ""4"": null, ""5"": null, ""6"": null, ""7"": null}",{},,1,0,1,0,,maneuver-locked,CHANGING_PAUSED,right,left,right,0
662,2026-08-01T22:38:30.860+09:00,74.123,661,8.93,0,AVOIDING_OBSTACLE,,0,0,0,,INNER,INNER,7,0,0.000000,0.000000,0,738,green,1,obstacle-car,0.547441,"[17, 512, 476, 719]",0.103475,0.184,,"{""0"": 68, ""1"": 9, ""2"": null, ""3"": null, ""4"": null, ""5"": null, ""6"": null, ""7"": null}","{""0"": 0.0, ""1"": 0.0, ""2"": null, ""3"": null, ""4"": null, ""5"": null, ""6"": null, ""7"": null}",{},,1,0,1,0,,maneuver-locked,CHANGING_PAUSED,right,left,right,0
663,2026-08-01T22:38:30.961+09:00,74.223,662,8.93,0,AVOIDING_OBSTACLE,,0,0,0,,INNER,INNER,7,0,0.000000,0.000000,0,739,green,1,obstacle-car,0.547441,"[17, 512, 476, 719]",0.103475,0.283,,"{""0"": 66, ""1"": 9, ""2"": null, ""3"": null, ""4"": null, ""5"": null, ""6"": null, ""7"": null}","{""0"": 0.0, ""1"": 0.0, ""2"": null, ""3"": null, ""4"": null, ""5"": null, ""6"": null, ""7"": null}",{},,1,0,1,0,,maneuver-locked,CHANGING_PAUSED,right,left,right,0
664,2026-08-01T22:38:31.060+09:00,74.324,663,8.94,0,AVOIDING_OBSTACLE,,0,0,0,,INNER,INNER,7,0,0.000000,0.000000,0,739,green,0,unknown,0.000000,null,0.000000,0.279,,"{""0"": 69, ""1"": 9, ""2"": null, ""3"": null, ""4"": null, ""5"": null, ""6"": null, ""7"": null}","{""0"": 0.0, ""1"": 0.0, ""2"": null, ""3"": null, ""4"": null, ""5"": null, ""6"": null, ""7"": null}",{},,1,0,1,0,,maneuver-locked,CHANGING_PAUSED,right,left,right,0
665,2026-08-01T22:38:31.171+09:00,74.433,664,8.94,0,AVOIDING_OBSTACLE,,0,0,0,,INNER,INNER,7,0,0.000000,0.000000,0,739,green,1,obstacle-car,0.620540,"[14, 512, 478, 719]",0.104320,0.176,,"{""0"": 68, ""1"": 9, ""2"": null, ""3"": null, ""4"": null, ""5"": null, ""6"": null, ""7"": null}","{""0"": 0.0, ""1"": 0.0, ""2"": null, ""3"": null, ""4"": null, ""5"": null, ""6"": null, ""7"": null}",{},,1,0,1,0,,maneuver-locked,CHANGING_PAUSED,right,left,right,0
666,2026-08-01T22:38:31.286+09:00,74.549,665,8.94,0,AVOIDING_OBSTACLE,,0,0,0,,INNER,INNER,7,0,0.000000,0.000000,0,739,green,1,obstacle-car,0.620540,"[14, 512, 478, 719]",0.104320,0.291,,"{""0"": 68, ""1"": 9, ""2"": null, ""3"": null, ""4"": null, ""5"": null, ""6"": null, ""7"": null}","{""0"": 0.0, ""1"": 0.0, ""2"": null, ""3"": null, ""4"": null, ""5"": null, ""6"": null, ""7"": null}",{},,1,0,1,0,,maneuver-locked,CHANGING_PAUSED,right,left,right,0
667,2026-08-01T22:38:31.384+09:00,74.647,666,8.94,0,AVOIDING_OBSTACLE,,0,0,0,,INNER,INNER,7,0,0.000000,0.000000,0,739,green,1,obstacle-car,0.499460,"[18, 512, 477, 719]",0.103382,0.292,,"{""0"": 68, ""1"": 9, ""2"": null, ""3"": null, ""4"": null, ""5"": null, ""6"": null, ""7"": null}","{""0"": 0.0, ""1"": 0.0, ""2"": null, ""3"": null, ""4"": null, ""5"": null, ""6"": null, ""7"": null}",{},,1,0,1,0,,maneuver-locked,CHANGING_PAUSED,right,left,right,0
668,2026-08-01T22:38:31.512+09:00,74.774,667,8.93,0,AVOIDING_OBSTACLE,,0,0,0,,INNER,INNER,7,0,0.000000,0.000000,0,739,green,1,obstacle-car,0.527212,"[17, 512, 478, 719]",0.103668,0.189,,"{""0"": 67, ""1"": 9, ""2"": null, ""3"": null, ""4"": null, ""5"": null, ""6"": null, ""7"": null}","{""0"": 0.0, ""1"": 0.0, ""2"": null, ""3"": null, ""4"": null, ""5"": null, ""6"": null, ""7"": null}",{},,1,0,1,0,,maneuver-locked,CHANGING_PAUSED,right,left,right,0
669,2026-08-01T22:38:31.630+09:00,74.892,668,8.93,0,AVOIDING_OBSTACLE,,0,0,0,,INNER,INNER,7,0,0.000000,0.000000,0,739,green,1,obstacle-car,0.527212,"[17, 512, 478, 719]",0.103668,0.308,,"{""0"": 66, ""1"": 9, ""2"": null, ""3"": null, ""4"": null, ""5"": null, ""6"": null, ""7"": null}","{""0"": 0.0, ""1"": 0.0, ""2"": null, ""3"": null, ""4"": null, ""5"": null, ""6"": null, ""7"": null}",{},,1,0,1,0,,maneuver-locked,CHANGING_PAUSED,right,left,right,0
670,2026-08-01T22:38:31.744+09:00,75.007,669,8.93,0,AVOIDING_OBSTACLE,,0,0,0,,INNER,INNER,7,0,0.000000,0.000000,0,739,green,1,obstacle-car,0.454032,"[17, 512, 478, 719]",0.103493,0.317,,"{""0"": 69, ""1"": 9, ""2"": null, ""3"": null, ""4"": null, ""5"": null, ""6"": null, ""7"": null}","{""0"": 0.0, ""1"": 0.0, ""2"": null, ""3"": null, ""4"": null, ""5"": null, ""6"": null, ""7"": null}",{},,1,0,1,0,,maneuver-locked,CHANGING_PAUSED,right,left,right,0
671,2026-08-01T22:38:31.852+09:00,75.117,670,8.93,0,AVOIDING_OBSTACLE,,0,0,0,,INNER,INNER,7,0,0.000000,0.000000,0,740,green,1,obstacle-car,0.557485,"[17, 512, 477, 719]",0.103636,0.309,,"{""0"": 250, ""1"": 8, ""2"": null, ""3"": null, ""4"": null, ""5"": null, ""6"": null, ""7"": null}","{""0"": 0.0, ""1"": 0.0, ""2"": null, ""3"": null, ""4"": null, ""5"": null, ""6"": null, ""7"": null}",{},,1,0,1,0,,maneuver-locked,CHANGING_PAUSED,right,left,right,0
672,2026-08-01T22:38:31.969+09:00,75.231,671,8.93,0,AVOIDING_OBSTACLE,,0,0,0,,INNER,INNER,7,0,0.000000,0.000000,0,739,green,1,obstacle-car,0.557485,"[17, 512, 477, 719]",0.103636,0.423,,"{""0"": 250, ""1"": 11, ""2"": null, ""3"": null, ""4"": null, ""5"": null, ""6"": null, ""7"": null}","{""0"": 0.0, ""1"": 0.0, ""2"": null, ""3"": null, ""4"": null, ""5"": null, ""6"": null, ""7"": null}",{},,1,0,1,0,,maneuver-locked,CHANGING_PAUSED,right,left,right,0
673,2026-08-01T22:38:32.079+09:00,75.342,672,8.93,0,AVOIDING_OBSTACLE,,0,0,0,,INNER,INNER,7,0,0.000000,0.000000,0,739,green,0,unknown,0.000000,null,0.000000,0.301,,"{""0"": 250, ""1"": 250, ""2"": null, ""3"": null, ""4"": null, ""5"": null, ""6"": null, ""7"": null}","{""0"": 0.0, ""1"": 0.0, ""2"": null, ""3"": null, ""4"": null, ""5"": null, ""6"": null, ""7"": null}",{},,1,0,1,0,,maneuver-locked,CHANGING_PAUSED,right,left,right,0
674,2026-08-01T22:38:32.184+09:00,75.449,673,8.93,0,AVOIDING_OBSTACLE,,0,0,0,,INNER,INNER,7,0,0.000000,0.000000,0,738,green,0,unknown,0.000000,null,0.000000,0.304,,"{""0"": 250, ""1"": 30, ""2"": null, ""3"": null, ""4"": null, ""5"": null, ""6"": null, ""7"": null}","{""0"": 0.0, ""1"": 0.0, ""2"": null, ""3"": null, ""4"": null, ""5"": null, ""6"": null, ""7"": null}",{},,1,0,1,0,,maneuver-locked,CHANGING_PAUSED,right,left,right,0
675,2026-08-01T22:38:32.298+09:00,75.560,674,8.93,0,AVOIDING_OBSTACLE,,0,0,0,,INNER,INNER,7,0,0.000000,0.000000,0,739,green,0,unknown,0.000000,null,0.000000,0.411,,"{""0"": 250, ""1"": 24, ""2"": null, ""3"": null, ""4"": null, ""5"": null, ""6"": null, ""7"": null}","{""0"": 0.0, ""1"": 0.0, ""2"": null, ""3"": null, ""4"": null, ""5"": null, ""6"": null, ""7"": null}",{},,1,0,1,0,,maneuver-locked,CHANGING_PAUSED,right,left,right,0
676,2026-08-01T22:38:32.414+09:00,75.675,675,8.93,0,AVOIDING_OBSTACLE,,0,0,0,,INNER,INNER,7,0,0.000000,0.000000,0,739,unknown,0,unknown,0.000000,null,0.000000,0.298,,"{""0"": 250, ""1"": 29, ""2"": null, ""3"": null, ""4"": null, ""5"": null, ""6"": null, ""7"": null}","{""0"": 0.0, ""1"": 0.0, ""2"": null, ""3"": null, ""4"": null, ""5"": null, ""6"": null, ""7"": null}",{},,1,0,1,0,,maneuver-locked,CHANGING_PAUSED,right,left,right,0
677,2026-08-01T22:38:32.522+09:00,75.787,676,8.93,0,AVOIDING_OBSTACLE,,0,0,0,,INNER,INNER,7,0,0.000000,0.000000,0,739,unknown,0,unknown,0.000000,null,0.000000,0.306,,"{""0"": 250, ""1"": 29, ""2"": null, ""3"": null, ""4"": null, ""5"": null, ""6"": null, ""7"": null}","{""0"": 0.0, ""1"": 0.0, ""2"": null, ""3"": null, ""4"": null, ""5"": null, ""6"": null, ""7"": null}",{},,1,0,1,0,,maneuver-locked,CHANGING_PAUSED,right,left,right,0
678,2026-08-01T22:38:32.632+09:00,75.898,677,8.93,0,AVOIDING_OBSTACLE,,0,0,0,,INNER,INNER,7,0,0.000000,0.000000,0,740,unknown,1,obstacle-car,0.957988,"[0, 271, 557, 716]",0.268719,0.186,,"{""0"": 250, ""1"": 34, ""2"": null, ""3"": null, ""4"": null, ""5"": null, ""6"": null, ""7"": null}","{""0"": 0.0, ""1"": 0.0, ""2"": null, ""3"": null, ""4"": null, ""5"": null, ""6"": null, ""7"": null}",{},,1,0,1,0,,maneuver-locked,CHANGING_PAUSED,right,left,right,0
679,2026-08-01T22:38:32.746+09:00,76.010,678,8.93,0,AVOIDING_OBSTACLE,,0,0,0,,INNER,INNER,7,0,0.000000,0.000000,0,740,unknown,1,obstacle-car,0.957988,"[0, 271, 557, 716]",0.268719,0.298,,"{""0"": 250, ""1"": 40, ""2"": null, ""3"": null, ""4"": null, ""5"": null, ""6"": null, ""7"": null}","{""0"": 0.0, ""1"": 0.0, ""2"": null, ""3"": null, ""4"": null, ""5"": null, ""6"": null, ""7"": null}",{},,1,0,1,0,,maneuver-locked,CHANGING_PAUSED,right,left,right,0
680,2026-08-01T22:38:32.849+09:00,76.113,679,8.94,0,AVOIDING_OBSTACLE,,0,0,0,,INNER,INNER,7,0,0.000000,0.000000,0,739,unknown,1,obstacle-car,0.907549,"[2, 259, 600, 716]",0.296397,0.296,,"{""0"": 250, ""1"": 43, ""2"": null, ""3"": null, ""4"": null, ""5"": null, ""6"": null, ""7"": null}","{""0"": 0.0, ""1"": 0.0, ""2"": null, ""3"": null, ""4"": null, ""5"": null, ""6"": null, ""7"": null}",{},,1,0,1,0,,maneuver-locked,CHANGING_PAUSED,right,left,right,0
681,2026-08-01T22:38:32.962+09:00,76.225,680,8.94,0,AVOIDING_OBSTACLE,,0,0,0,,INNER,INNER,7,0,0.000000,0.000000,0,740,unknown,1,obstacle-car,0.859128,"[2, 228, 682, 716]",0.359917,0.183,,"{""0"": 250, ""1"": 50, ""2"": null, ""3"": null, ""4"": null, ""5"": null, ""6"": null, ""7"": null}","{""0"": 0.0, ""1"": 0.0, ""2"": null, ""3"": null, ""4"": null, ""5"": null, ""6"": null, ""7"": null}",{},,1,0,1,0,,maneuver-locked,CHANGING_PAUSED,right,left,right,0
682,2026-08-01T22:38:33.076+09:00,76.341,681,8.94,0,AVOIDING_OBSTACLE,,0,0,0,,INNER,INNER,7,0,0.000000,0.000000,0,740,unknown,1,obstacle-car,0.859128,"[2, 228, 682, 716]",0.359917,0.297,,"{""0"": 250, ""1"": 58, ""2"": null, ""3"": null, ""4"": null, ""5"": null, ""6"": null, ""7"": null}","{""0"": 0.0, ""1"": 0.0, ""2"": null, ""3"": null, ""4"": null, ""5"": null, ""6"": null, ""7"": null}",{},,1,0,1,0,,maneuver-locked,CHANGING_PAUSED,right,left,right,0
683,2026-08-01T22:38:33.190+09:00,76.454,682,8.93,0,AVOIDING_OBSTACLE,,0,0,0,,INNER,INNER,7,0,0.000000,0.000000,0,740,unknown,1,obstacle-car,0.914845,"[0, 34, 727, 714]",0.536059,0.311,,"{""0"": 250, ""1"": 66, ""2"": null, ""3"": null, ""4"": null, ""5"": null, ""6"": null, ""7"": null}","{""0"": 0.0, ""1"": 0.0, ""2"": null, ""3"": null, ""4"": null, ""5"": null, ""6"": null, ""7"": null}",{},,1,0,1,0,,maneuver-locked,CHANGING_PAUSED,right,left,right,0
684,2026-08-01T22:38:33.304+09:00,76.569,683,8.93,0,AVOIDING_OBSTACLE,,0,0,0,,INNER,INNER,7,0,0.000000,0.000000,0,740,unknown,1,obstacle-car,0.941816,"[90, 203, 784, 715]",0.385559,0.195,,"{""0"": 250, ""1"": 77, ""2"": null, ""3"": null, ""4"": null, ""5"": null, ""6"": null, ""7"": null}","{""0"": 0.0, ""1"": 0.0, ""2"": null, ""3"": null, ""4"": null, ""5"": null, ""6"": null, ""7"": null}",{},,1,0,1,0,,maneuver-locked,CHANGING_PAUSED,right,left,right,0
685,2026-08-01T22:38:33.423+09:00,76.687,684,8.93,0,AVOIDING_OBSTACLE,,0,0,0,,INNER,INNER,7,0,0.000000,0.000000,0,740,unknown,1,obstacle-car,0.941816,"[90, 203, 784, 715]",0.385559,0.311,,"{""0"": 250, ""1"": 86, ""2"": null, ""3"": null, ""4"": null, ""5"": null, ""6"": null, ""7"": null}","{""0"": 0.0, ""1"": 0.0, ""2"": null, ""3"": null, ""4"": null, ""5"": null, ""6"": null, ""7"": null}",{},,1,0,1,0,,maneuver-locked,CHANGING_PAUSED,right,left,right,0
686,2026-08-01T22:38:33.532+09:00,76.795,685,8.93,0,AVOIDING_OBSTACLE,,0,0,0,,INNER,INNER,7,0,0.000000,0.000000,0,740,unknown,1,obstacle-car,0.925976,"[178, 209, 807, 711]",0.342831,0.308,,"{""0"": 250, ""1"": 96, ""2"": null, ""3"": null, ""4"": null, ""5"": null, ""6"": null, ""7"": null}","{""0"": 0.0, ""1"": 0.0, ""2"": null, ""3"": null, ""4"": null, ""5"": null, ""6"": null, ""7"": null}",{},,1,0,1,0,,maneuver-locked,CHANGING_PAUSED,right,left,right,0
687,2026-08-01T22:38:33.646+09:00,76.910,686,8.93,0,AVOIDING_OBSTACLE,,0,0,0,,INNER,INNER,7,0,0.000000,0.000000,0,741,unknown,1,obstacle-car,0.954804,"[345, 250, 847, 627]",0.205264,0.308,,"{""0"": 250, ""1"": 102, ""2"": null, ""3"": null, ""4"": null, ""5"": null, ""6"": null, ""7"": null}","{""0"": 0.0, ""1"": 0.0, ""2"": null, ""3"": null, ""4"": null, ""5"": null, ""6"": null, ""7"": null}",{},,1,0,1,0,,maneuver-locked,CHANGING_PAUSED,right,left,right,0
688,2026-08-01T22:38:33.764+09:00,77.028,687,8.93,0,AVOIDING_OBSTACLE,,0,0,0,,INNER,INNER,7,0,0.000000,0.000000,0,740,unknown,1,obstacle-car,0.954804,"[345, 250, 847, 627]",0.205264,0.428,,"{""0"": 250, ""1"": 110, ""2"": null, ""3"": null, ""4"": null, ""5"": null, ""6"": null, ""7"": null}","{""0"": 0.0, ""1"": 0.0, ""2"": null, ""3"": null, ""4"": null, ""5"": null, ""6"": null, ""7"": null}",{},,1,0,1,0,,maneuver-locked,CHANGING_PAUSED,right,left,right,0
689,2026-08-01T22:38:33.869+09:00,77.130,688,8.93,0,AVOIDING_OBSTACLE,,0,0,0,,INNER,INNER,7,0,0.000000,0.000000,0,740,unknown,1,obstacle-car,0.830741,"[457, 281, 891, 585]",0.143025,0.298,,"{""0"": 250, ""1"": 124, ""2"": null, ""3"": null, ""4"": null, ""5"": null, ""6"": null, ""7"": null}","{""0"": 0.0, ""1"": 0.0, ""2"": null, ""3"": null, ""4"": null, ""5"": null, ""6"": null, ""7"": null}",{},,1,0,1,0,,maneuver-locked,CHANGING_PAUSED,right,left,right,0
690,2026-08-01T22:38:33.976+09:00,77.241,689,8.93,0,AVOIDING_OBSTACLE,,0,0,0,,INNER,INNER,7,0,0.000000,0.000000,0,740,unknown,1,obstacle-car,0.779186,"[509, 264, 906, 570]",0.131720,0.299,,"{""0"": 250, ""1"": 132, ""2"": null, ""3"": null, ""4"": null, ""5"": null, ""6"": null, ""7"": null}","{""0"": 0.0, ""1"": 0.0, ""2"": null, ""3"": null, ""4"": null, ""5"": null, ""6"": null, ""7"": null}",{},,1,0,1,0,,maneuver-locked,CHANGING_PAUSED,right,left,right,0
691,2026-08-01T22:38:34.084+09:00,77.350,690,8.93,0,AVOIDING_OBSTACLE,,0,0,0,,INNER,INNER,7,0,0.000000,0.000000,0,741,unknown,1,obstacle-car,0.779186,"[509, 264, 906, 570]",0.131720,0.408,,"{""0"": 250, ""1"": 139, ""2"": null, ""3"": null, ""4"": null, ""5"": null, ""6"": null, ""7"": null}","{""0"": 0.0, ""1"": 0.0, ""2"": null, ""3"": null, ""4"": null, ""5"": null, ""6"": null, ""7"": null}",{},,1,0,1,0,,maneuver-locked,CHANGING_PAUSED,right,left,right,0
692,2026-08-01T22:38:34.187+09:00,77.449,691,8.94,0,AVOIDING_OBSTACLE,,0,0,0,,INNER,INNER,7,0,0.000000,0.000000,0,742,unknown,1,obstacle-car,0.710398,"[569, 208, 918, 542]",0.126878,0.281,,"{""0"": 250, ""1"": 148, ""2"": null, ""3"": null, ""4"": null, ""5"": null, ""6"": null, ""7"": null}","{""0"": 0.0, ""1"": 0.0, ""2"": null, ""3"": null, ""4"": null, ""5"": null, ""6"": null, ""7"": null}",{},,1,0,1,0,,maneuver-locked,CHANGING_PAUSED,right,left,right,0
693,2026-08-01T22:38:34.291+09:00,77.554,692,8.94,0,AVOIDING_OBSTACLE,,0,0,0,,INNER,INNER,7,0,0.000000,0.000000,0,742,unknown,1,obstacle-car,0.748681,"[601, 259, 931, 505]",0.087978,0.282,,"{""0"": 250, ""1"": 158, ""2"": null, ""3"": null, ""4"": null, ""5"": null, ""6"": null, ""7"": null}","{""0"": 0.0, ""1"": 0.0, ""2"": null, ""3"": null, ""4"": null, ""5"": null, ""6"": null, ""7"": null}",{},,1,0,1,0,,maneuver-locked,CHANGING_PAUSED,right,left,right,0
694,2026-08-01T22:38:34.409+09:00,77.674,693,8.94,0,AVOIDING_OBSTACLE,,0,0,0,,INNER,INNER,7,0,0.000000,0.000000,0,744,unknown,0,unknown,0.000000,null,0.000000,0.190,,"{""0"": 250, ""1"": 250, ""2"": null, ""3"": null, ""4"": null, ""5"": null, ""6"": null, ""7"": null}","{""0"": 0.0, ""1"": 0.0, ""2"": null, ""3"": null, ""4"": null, ""5"": null, ""6"": null, ""7"": null}",{},,1,0,1,0,,maneuver-locked,CHANGING_PAUSED,right,left,right,0
695,2026-08-01T22:38:34.510+09:00,77.775,694,8.94,0,AVOIDING_OBSTACLE,,0,0,0,,INNER,INNER,7,0,0.000000,0.000000,0,744,unknown,0,unknown,0.000000,null,0.000000,0.291,,"{""0"": 250, ""1"": 250, ""2"": null, ""3"": null, ""4"": null, ""5"": null, ""6"": null, ""7"": null}","{""0"": 0.0, ""1"": 0.0, ""2"": null, ""3"": null, ""4"": null, ""5"": null, ""6"": null, ""7"": null}",{},,1,0,1,0,,maneuver-locked,CHANGING_PAUSED,right,left,right,0
696,2026-08-01T22:38:34.613+09:00,77.878,695,8.94,0,AVOIDING_OBSTACLE,,0,0,0,,INNER,INNER,7,0,0.000000,0.000000,0,743,unknown,0,unknown,0.000000,null,0.000000,0.289,,"{""0"": 250, ""1"": 250, ""2"": null, ""3"": null, ""4"": null, ""5"": null, ""6"": null, ""7"": null}","{""0"": 0.0, ""1"": 0.0, ""2"": null, ""3"": null, ""4"": null, ""5"": null, ""6"": null, ""7"": null}",{},,1,0,1,0,,maneuver-locked,CHANGING_PAUSED,right,left,right,0
697,2026-08-01T22:38:34.724+09:00,77.987,696,8.94,0,AVOIDING_OBSTACLE,,0,0,0,,INNER,INNER,7,0,0.000000,0.000000,0,745,unknown,0,unknown,0.000000,null,0.000000,0.396,,"{""0"": 250, ""1"": 250, ""2"": null, ""3"": null, ""4"": null, ""5"": null, ""6"": null, ""7"": null}","{""0"": 0.0, ""1"": 0.0, ""2"": null, ""3"": null, ""4"": null, ""5"": null, ""6"": null, ""7"": null}",{},,1,0,1,0,,maneuver-locked,CHANGING_PAUSED,right,left,right,0
698,2026-08-01T22:38:34.833+09:00,78.098,697,8.94,0,AVOIDING_OBSTACLE,,0,0,0,,INNER,INNER,7,0,0.000000,0.000000,0,744,unknown,0,unknown,0.000000,null,0.000000,0.291,,"{""0"": 250, ""1"": 250, ""2"": null, ""3"": null, ""4"": null, ""5"": null, ""6"": null, ""7"": null}","{""0"": 0.0, ""1"": 0.0, ""2"": null, ""3"": null, ""4"": null, ""5"": null, ""6"": null, ""7"": null}",{},,1,0,1,0,,maneuver-locked,CHANGING_PAUSED,right,left,right,0
699,2026-08-01T22:38:34.954+09:00,78.219,698,8.94,0,AVOIDING_OBSTACLE,,0,0,0,,INNER,INNER,7,0,0.000000,0.000000,0,750,unknown,0,unknown,0.000000,null,0.000000,0.310,,"{""0"": 250, ""1"": 250, ""2"": null, ""3"": null, ""4"": null, ""5"": null, ""6"": null, ""7"": null}","{""0"": 0.0, ""1"": 0.0, ""2"": null, ""3"": null, ""4"": null, ""5"": null, ""6"": null, ""7"": null}",{},,1,0,1,0,,maneuver-locked,CHANGING_PAUSED,right,left,right,0
700,2026-08-01T22:38:35.070+09:00,78.332,699,8.94,0,AVOIDING_OBSTACLE,,0,0,0,,INNER,INNER,7,0,0.000000,0.000000,0,751,green,0,unknown,0.000000,null,0.000000,0.202,,"{""0"": 250, ""1"": 250, ""2"": null, ""3"": null, ""4"": null, ""5"": null, ""6"": null, ""7"": null}","{""0"": 0.0, ""1"": 0.0, ""2"": null, ""3"": null, ""4"": null, ""5"": null, ""6"": null, ""7"": null}",{},,1,0,1,0,,maneuver-locked,CHANGING_PAUSED,right,left,right,0
701,2026-08-01T22:38:35.194+09:00,78.458,700,8.94,0,AVOIDING_OBSTACLE,,0,0,1,,INNER,INNER,7,0,0.000000,0.000000,0,750,red,0,unknown,0.000000,null,0.000000,0.327,,"{""0"": 250, ""1"": 250, ""2"": null, ""3"": null, ""4"": null, ""5"": null, ""6"": null, ""7"": null}","{""0"": 0.0, ""1"": 0.0, ""2"": null, ""3"": null, ""4"": null, ""5"": null, ""6"": null, ""7"": null}",{},,1,0,1,0,,maneuver-locked,CHANGING_PAUSED,right,left,right,0
702,2026-08-01T22:38:35.303+09:00,78.567,701,8.94,0,AVOIDING_OBSTACLE,,0,0,0,,INNER,INNER,7,0,0.000000,0.000000,0,752,green,0,unknown,0.000000,null,0.000000,0.318,,"{""0"": 250, ""1"": 250, ""2"": null, ""3"": null, ""4"": null, ""5"": null, ""6"": null, ""7"": null}","{""0"": 0.0, ""1"": 0.0, ""2"": null, ""3"": null, ""4"": null, ""5"": null, ""6"": null, ""7"": null}",{},,1,0,1,0,,maneuver-locked,CHANGING_PAUSED,right,left,right,0
703,2026-08-01T22:38:35.411+09:00,78.676,702,8.94,0,AVOIDING_OBSTACLE,,0,0,0,,INNER,INNER,7,0,0.000000,0.000000,0,752,green,0,unknown,0.000000,null,0.000000,0.308,,"{""0"": 250, ""1"": 250, ""2"": null, ""3"": null, ""4"": null, ""5"": null, ""6"": null, ""7"": null}","{""0"": 0.0, ""1"": 0.0, ""2"": null, ""3"": null, ""4"": null, ""5"": null, ""6"": null, ""7"": null}",{},,1,0,1,0,,maneuver-locked,CHANGING_PAUSED,right,left,right,0
704,2026-08-01T22:38:35.524+09:00,78.788,703,8.94,0,AVOIDING_OBSTACLE,,0,0,0,,INNER,INNER,7,0,0.000000,0.000000,0,752,green,0,unknown,0.000000,null,0.000000,0.420,,"{""0"": 250, ""1"": 250, ""2"": null, ""3"": null, ""4"": null, ""5"": null, ""6"": null, ""7"": null}","{""0"": 0.0, ""1"": 0.0, ""2"": null, ""3"": null, ""4"": null, ""5"": null, ""6"": null, ""7"": null}",{},,1,0,1,0,,maneuver-locked,CHANGING_PAUSED,right,left,right,0
705,2026-08-01T22:38:35.630+09:00,78.894,704,8.94,0,AVOIDING_OBSTACLE,,0,0,0,,INNER,INNER,7,0,0.000000,0.000000,0,752,green,0,unknown,0.000000,null,0.000000,0.295,,"{""0"": 250, ""1"": 168, ""2"": null, ""3"": null, ""4"": null, ""5"": null, ""6"": null, ""7"": null}","{""0"": 0.0, ""1"": 0.0, ""2"": null, ""3"": null, ""4"": null, ""5"": null, ""6"": null, ""7"": null}",{},,1,0,1,0,,maneuver-locked,CHANGING_PAUSED,right,left,right,0
706,2026-08-01T22:38:35.745+09:00,79.011,705,8.94,0,AVOIDING_OBSTACLE,,0,0,0,,INNER,INNER,7,0,0.000000,0.000000,0,756,green,0,unknown,0.000000,null,0.000000,0.303,,"{""0"": 250, ""1"": 250, ""2"": null, ""3"": null, ""4"": null, ""5"": null, ""6"": null, ""7"": null}","{""0"": 0.0, ""1"": 0.0, ""2"": null, ""3"": null, ""4"": null, ""5"": null, ""6"": null, ""7"": null}",{},,1,0,1,0,,maneuver-locked,CHANGING_PAUSED,right,left,right,0
707,2026-08-01T22:38:35.858+09:00,79.123,706,8.94,0,AVOIDING_OBSTACLE,,0,0,1,,INNER,INNER,7,0,0.000000,0.000000,0,751,green,0,unknown,0.000000,null,0.000000,0.198,,"{""0"": 250, ""1"": 250, ""2"": null, ""3"": null, ""4"": null, ""5"": null, ""6"": null, ""7"": null}","{""0"": 0.0, ""1"": 0.0, ""2"": null, ""3"": null, ""4"": null, ""5"": null, ""6"": null, ""7"": null}",{},,1,0,1,0,,maneuver-locked,CHANGING_PAUSED,right,left,right,0
708,2026-08-01T22:38:35.970+09:00,79.235,707,8.94,0,AVOIDING_OBSTACLE,,0,0,0,,INNER,INNER,7,0,0.000000,0.000000,0,752,green,0,unknown,0.000000,null,0.000000,0.308,,"{""0"": 250, ""1"": 250, ""2"": null, ""3"": null, ""4"": null, ""5"": null, ""6"": null, ""7"": null}","{""0"": 0.0, ""1"": 0.0, ""2"": null, ""3"": null, ""4"": null, ""5"": null, ""6"": null, ""7"": null}",{},,1,0,1,0,,maneuver-locked,CHANGING_PAUSED,right,left,right,0
709,2026-08-01T22:38:36.085+09:00,79.350,708,8.94,0,AVOIDING_OBSTACLE,,0,0,0,,INNER,INNER,7,0,0.000000,0.000000,0,751,red,0,unknown,0.000000,null,0.000000,0.309,,"{""0"": 250, ""1"": 250, ""2"": null, ""3"": null, ""4"": null, ""5"": null, ""6"": null, ""7"": null}","{""0"": 0.0, ""1"": 0.0, ""2"": null, ""3"": null, ""4"": null, ""5"": null, ""6"": null, ""7"": null}",{},,1,0,1,0,,maneuver-locked,CHANGING_PAUSED,right,left,right,0
710,2026-08-01T22:38:36.196+09:00,79.461,709,8.94,0,AVOIDING_OBSTACLE,,0,0,0,,INNER,INNER,7,0,0.000000,0.000000,0,752,unknown,0,unknown,0.000000,null,0.000000,0.192,,"{""0"": 250, ""1"": 250, ""2"": null, ""3"": null, ""4"": null, ""5"": null, ""6"": null, ""7"": null}","{""0"": 0.0, ""1"": 0.0, ""2"": null, ""3"": null, ""4"": null, ""5"": null, ""6"": null, ""7"": null}",{},,1,0,1,0,,maneuver-locked,CHANGING_PAUSED,right,left,right,0
711,2026-08-01T22:38:36.310+09:00,79.574,710,8.94,0,AVOIDING_OBSTACLE,,0,0,0,,INNER,INNER,7,0,0.000000,0.000000,0,752,unknown,0,unknown,0.000000,null,0.000000,0.304,,"{""0"": 250, ""1"": 250, ""2"": null, ""3"": null, ""4"": null, ""5"": null, ""6"": null, ""7"": null}","{""0"": 0.0, ""1"": 0.0, ""2"": null, ""3"": null, ""4"": null, ""5"": null, ""6"": null, ""7"": null}",{},,1,0,1,0,,maneuver-locked,CHANGING_PAUSED,right,left,right,0
712,2026-08-01T22:38:36.408+09:00,79.673,711,8.94,0,AVOIDING_OBSTACLE,,0,0,0,,INNER,INNER,7,0,0.000000,0.000000,0,751,unknown,0,unknown,0.000000,null,0.000000,0.292,,"{""0"": 250, ""1"": 250, ""2"": null, ""3"": null, ""4"": null, ""5"": null, ""6"": null, ""7"": null}","{""0"": 0.0, ""1"": 0.0, ""2"": null, ""3"": null, ""4"": null, ""5"": null, ""6"": null, ""7"": null}",{},,1,0,1,0,,maneuver-locked,CHANGING_PAUSED,right,left,right,0
713,2026-08-01T22:38:36.513+09:00,79.778,712,8.94,0,AVOIDING_OBSTACLE,,0,0,0,,INNER,INNER,7,0,0.000000,0.000000,0,752,unknown,0,unknown,0.000000,null,0.000000,0.287,,"{""0"": 250, ""1"": 250, ""2"": null, ""3"": null, ""4"": null, ""5"": null, ""6"": null, ""7"": null}","{""0"": 0.0, ""1"": 0.0, ""2"": null, ""3"": null, ""4"": null, ""5"": null, ""6"": null, ""7"": null}",{},,1,0,1,0,,maneuver-locked,CHANGING_PAUSED,right,left,right,0
714,2026-08-01T22:38:36.627+09:00,79.889,713,8.94,0,AVOIDING_OBSTACLE,,0,0,0,,INNER,INNER,7,0,0.000000,0.000000,0,752,unknown,0,unknown,0.000000,null,0.000000,0.394,,"{""0"": 250, ""1"": 250, ""2"": null, ""3"": null, ""4"": null, ""5"": null, ""6"": null, ""7"": null}","{""0"": 0.0, ""1"": 0.0, ""2"": null, ""3"": null, ""4"": null, ""5"": null, ""6"": null, ""7"": null}",{},,1,0,1,0,,maneuver-locked,CHANGING_PAUSED,right,left,right,0
715,2026-08-01T22:38:36.726+09:00,79.991,714,8.94,0,AVOIDING_OBSTACLE,,0,0,0,,INNER,INNER,7,0,0.000000,0.000000,0,752,unknown,0,unknown,0.000000,null,0.000000,0.288,,"{""0"": 250, ""1"": 250, ""2"": null, ""3"": null, ""4"": null, ""5"": null, ""6"": null, ""7"": null}","{""0"": 0.0, ""1"": 0.0, ""2"": null, ""3"": null, ""4"": null, ""5"": null, ""6"": null, ""7"": null}",{},,1,0,1,0,,maneuver-locked,CHANGING_PAUSED,right,left,right,0
716,2026-08-01T22:38:36.840+09:00,80.103,715,8.94,0,AVOIDING_OBSTACLE,,0,0,0,,INNER,INNER,7,0,0.000000,0.000000,0,751,unknown,0,unknown,0.000000,null,0.000000,0.293,,"{""0"": 250, ""1"": 35, ""2"": null, ""3"": null, ""4"": null, ""5"": null, ""6"": null, ""7"": null}","{""0"": 0.0, ""1"": 0.0, ""2"": null, ""3"": null, ""4"": null, ""5"": null, ""6"": null, ""7"": null}",{},,1,0,1,0,,maneuver-locked,CHANGING_PAUSED,right,left,right,0
717,2026-08-01T22:38:36.970+09:00,80.232,716,8.94,0,AVOIDING_OBSTACLE,,0,0,0,,INNER,INNER,7,0,0.000000,0.000000,0,751,unknown,0,unknown,0.000000,null,0.000000,0.422,,"{""0"": 250, ""1"": 250, ""2"": null, ""3"": null, ""4"": null, ""5"": null, ""6"": null, ""7"": null}","{""0"": 0.0, ""1"": 0.0, ""2"": null, ""3"": null, ""4"": null, ""5"": null, ""6"": null, ""7"": null}",{},,1,0,1,0,,maneuver-locked,CHANGING_PAUSED,right,left,right,0
718,2026-08-01T22:38:37.095+09:00,80.357,717,8.94,0,AVOIDING_OBSTACLE,,0,0,0,,INNER,INNER,7,0,0.000000,0.000000,0,752,unknown,0,unknown,0.000000,null,0.000000,0.331,,"{""0"": 250, ""1"": 250, ""2"": null, ""3"": null, ""4"": null, ""5"": null, ""6"": null, ""7"": null}","{""0"": 0.0, ""1"": 0.0, ""2"": null, ""3"": null, ""4"": null, ""5"": null, ""6"": null, ""7"": null}",{},,1,0,1,0,,maneuver-locked,CHANGING_PAUSED,right,left,right,0
719,2026-08-01T22:38:37.217+09:00,80.480,718,8.94,0,AVOIDING_OBSTACLE,,0,0,0,,INNER,INNER,7,0,0.000000,0.000000,0,752,unknown,1,obstacle-car,0.473723,"[1090, 172, 1279, 525]",0.072060,0.340,,"{""0"": 250, ""1"": 250, ""2"": null, ""3"": null, ""4"": null, ""5"": null, ""6"": null, ""7"": null}","{""0"": 0.0, ""1"": 0.0, ""2"": null, ""3"": null, ""4"": null, ""5"": null, ""6"": null, ""7"": null}",{},,1,0,1,0,,maneuver-locked,CHANGING_PAUSED,right,left,right,0
720,2026-08-01T22:38:37.331+09:00,80.595,719,8.93,0,AVOIDING_OBSTACLE,,0,0,0,,INNER,INNER,7,0,0.000000,0.000000,0,752,red,0,unknown,0.000000,null,0.000000,0.202,,"{""0"": 250, ""1"": 250, ""2"": null, ""3"": null, ""4"": null, ""5"": null, ""6"": null, ""7"": null}","{""0"": 0.0, ""1"": 0.0, ""2"": null, ""3"": null, ""4"": null, ""5"": null, ""6"": null, ""7"": null}",{},,1,0,1,0,,maneuver-locked,CHANGING_PAUSED,right,left,right,0
721,2026-08-01T22:38:37.451+09:00,80.714,720,8.93,0,AVOIDING_OBSTACLE,,0,0,0,,INNER,INNER,7,0,0.000000,0.000000,0,751,red,0,unknown,0.000000,null,0.000000,0.318,,"{""0"": 250, ""1"": 250, ""2"": null, ""3"": null, ""4"": null, ""5"": null, ""6"": null, ""7"": null}","{""0"": 0.0, ""1"": 0.0, ""2"": null, ""3"": null, ""4"": null, ""5"": null, ""6"": null, ""7"": null}",{},,1,0,1,0,,maneuver-locked,CHANGING_PAUSED,right,left,right,0
722,2026-08-01T22:38:37.552+09:00,80.815,721,8.94,0,AVOIDING_OBSTACLE,,0,0,0,,INNER,INNER,7,0,0.000000,0.000000,0,752,unknown,0,unknown,0.000000,null,0.000000,0.300,,"{""0"": 250, ""1"": 250, ""2"": null, ""3"": null, ""4"": null, ""5"": null, ""6"": null, ""7"": null}","{""0"": 0.0, ""1"": 0.0, ""2"": null, ""3"": null, ""4"": null, ""5"": null, ""6"": null, ""7"": null}",{},,1,0,1,0,,maneuver-locked,CHANGING_PAUSED,right,left,right,0
723,2026-08-01T22:38:37.657+09:00,80.921,722,8.94,0,AVOIDING_OBSTACLE,,0,0,0,,INNER,INNER,7,0,0.000000,0.000000,0,751,unknown,1,obstacle-car,0.456463,"[1045, 136, 1278, 413]",0.070001,0.294,,"{""0"": 250, ""1"": 250, ""2"": null, ""3"": null, ""4"": null, ""5"": null, ""6"": null, ""7"": null}","{""0"": 0.0, ""1"": 0.0, ""2"": null, ""3"": null, ""4"": null, ""5"": null, ""6"": null, ""7"": null}",{},,1,0,1,0,,maneuver-locked,CHANGING_PAUSED,right,left,right,0
724,2026-08-01T22:38:37.768+09:00,81.033,723,8.94,0,AVOIDING_OBSTACLE,,0,0,0,,INNER,INNER,7,0,0.000000,0.000000,0,751,unknown,1,obstacle-car,0.456463,"[1045, 136, 1278, 413]",0.070001,0.403,,"{""0"": 250, ""1"": 250, ""2"": null, ""3"": null, ""4"": null, ""5"": null, ""6"": null, ""7"": null}","{""0"": 0.0, ""1"": 0.0, ""2"": null, ""3"": null, ""4"": null, ""5"": null, ""6"": null, ""7"": null}",{},,1,0,1,0,,maneuver-locked,CHANGING_PAUSED,right,left,right,0
725,2026-08-01T22:38:37.875+09:00,81.140,724,8.94,0,AVOIDING_OBSTACLE,,0,0,0,,INNER,INNER,7,0,0.000000,0.000000,0,751,red,0,unknown,0.000000,null,0.000000,0.290,,"{""0"": 250, ""1"": 250, ""2"": null, ""3"": null, ""4"": null, ""5"": null, ""6"": null, ""7"": null}","{""0"": 0.0, ""1"": 0.0, ""2"": null, ""3"": null, ""4"": null, ""5"": null, ""6"": null, ""7"": null}",{},,1,0,1,0,,maneuver-locked,CHANGING_PAUSED,right,left,right,0
726,2026-08-01T22:38:37.980+09:00,81.245,725,8.94,0,AVOIDING_OBSTACLE,,0,0,0,,INNER,INNER,7,0,0.000000,0.000000,0,751,red,0,unknown,0.000000,null,0.000000,0.292,,"{""0"": 250, ""1"": 250, ""2"": null, ""3"": null, ""4"": null, ""5"": null, ""6"": null, ""7"": null}","{""0"": 0.0, ""1"": 0.0, ""2"": null, ""3"": null, ""4"": null, ""5"": null, ""6"": null, ""7"": null}",{},,1,0,1,0,,maneuver-locked,CHANGING_PAUSED,right,left,right,0
727,2026-08-01T22:38:38.100+09:00,81.366,726,8.94,0,AVOIDING_OBSTACLE,,0,0,0,,INNER,INNER,7,0,0.000000,0.000000,0,753,red,0,unknown,0.000000,null,0.000000,0.414,,"{""0"": 250, ""1"": 250, ""2"": null, ""3"": null, ""4"": null, ""5"": null, ""6"": null, ""7"": null}","{""0"": 0.0, ""1"": 0.0, ""2"": null, ""3"": null, ""4"": null, ""5"": null, ""6"": null, ""7"": null}",{},,1,0,1,0,,maneuver-locked,CHANGING_PAUSED,right,left,right,0
728,2026-08-01T22:38:38.211+09:00,81.474,727,8.94,0,AVOIDING_OBSTACLE,,0,0,0,,INNER,INNER,7,0,0.000000,0.000000,0,751,unknown,1,obstacle-car,0.508411,"[1030, 81, 1277, 371]",0.078135,0.302,,"{""0"": 250, ""1"": 250, ""2"": null, ""3"": null, ""4"": null, ""5"": null, ""6"": null, ""7"": null}","{""0"": 0.0, ""1"": 0.0, ""2"": null, ""3"": null, ""4"": null, ""5"": null, ""6"": null, ""7"": null}",{},,1,0,1,0,,maneuver-locked,CHANGING_PAUSED,right,left,right,0
729,2026-08-01T22:38:38.315+09:00,81.577,728,8.94,0,AVOIDING_OBSTACLE,,0,0,0,,INNER,INNER,7,0,0.000000,0.000000,0,752,red,1,obstacle-car,0.529554,"[684, 270, 985, 717]",0.146238,0.300,,"{""0"": 250, ""1"": 250, ""2"": null, ""3"": null, ""4"": null, ""5"": null, ""6"": null, ""7"": null}","{""0"": 0.0, ""1"": 0.0, ""2"": null, ""3"": null, ""4"": null, ""5"": null, ""6"": null, ""7"": null}",{},,1,0,1,0,,maneuver-locked,CHANGING_PAUSED,right,left,right,0
730,2026-08-01T22:38:38.432+09:00,81.697,729,8.94,0,AVOIDING_OBSTACLE,,0,0,0,,INNER,INNER,7,0,0.000000,0.000000,0,752,unknown,1,obstacle-car,0.529554,"[684, 270, 985, 717]",0.146238,0.418,,"{""0"": 250, ""1"": 250, ""2"": null, ""3"": null, ""4"": null, ""5"": null, ""6"": null, ""7"": null}","{""0"": 0.0, ""1"": 0.0, ""2"": null, ""3"": null, ""4"": null, ""5"": null, ""6"": null, ""7"": null}",{},,1,0,1,0,,maneuver-locked,CHANGING_PAUSED,right,left,right,0
731,2026-08-01T22:38:38.541+09:00,81.804,730,8.94,0,AVOIDING_OBSTACLE,,0,0,0,,INNER,INNER,7,0,0.000000,0.000000,0,751,red,0,unknown,0.000000,null,0.000000,0.296,,"{""0"": 250, ""1"": 250, ""2"": null, ""3"": null, ""4"": null, ""5"": null, ""6"": null, ""7"": null}","{""0"": 0.0, ""1"": 0.0, ""2"": null, ""3"": null, ""4"": null, ""5"": null, ""6"": null, ""7"": null}",{},,1,0,1,0,,maneuver-locked,CHANGING_PAUSED,right,left,right,0
732,2026-08-01T22:38:38.642+09:00,81.908,731,8.94,0,AVOIDING_OBSTACLE,,0,0,0,,INNER,INNER,7,0,0.000000,0.000000,0,750,green,1,obstacle-car,0.517191,"[1055, 91, 1279, 341]",0.060508,0.295,,"{""0"": 250, ""1"": 147, ""2"": null, ""3"": null, ""4"": null, ""5"": null, ""6"": null, ""7"": null}","{""0"": 0.0, ""1"": 0.0, ""2"": null, ""3"": null, ""4"": null, ""5"": null, ""6"": null, ""7"": null}",{},,1,0,1,0,,maneuver-locked,CHANGING_PAUSED,right,left,right,0
733,2026-08-01T22:38:38.758+09:00,82.020,732,8.94,0,AVOIDING_OBSTACLE,,0,0,0,,INNER,INNER,7,0,0.000000,0.000000,0,751,green,1,obstacle-car,0.517191,"[1055, 91, 1279, 341]",0.060508,0.407,,"{""0"": 250, ""1"": 250, ""2"": null, ""3"": null, ""4"": null, ""5"": null, ""6"": null, ""7"": null}","{""0"": 0.0, ""1"": 0.0, ""2"": null, ""3"": null, ""4"": null, ""5"": null, ""6"": null, ""7"": null}",{},,1,0,1,0,,maneuver-locked,CHANGING_PAUSED,right,left,right,0
734,2026-08-01T22:38:38.871+09:00,82.135,733,8.94,0,AVOIDING_OBSTACLE,,0,0,0,,INNER,INNER,7,0,0.000000,0.000000,0,750,unknown,0,unknown,0.000000,null,0.000000,0.295,,"{""0"": 250, ""1"": 250, ""2"": null, ""3"": null, ""4"": null, ""5"": null, ""6"": null, ""7"": null}","{""0"": 0.0, ""1"": 0.0, ""2"": null, ""3"": null, ""4"": null, ""5"": null, ""6"": null, ""7"": null}",{},,1,0,1,0,,maneuver-locked,CHANGING_PAUSED,right,left,right,0
735,2026-08-01T22:38:38.985+09:00,82.248,734,8.94,0,AVOIDING_OBSTACLE,,0,0,0,,INNER,INNER,7,0,0.000000,0.000000,0,751,unknown,0,unknown,0.000000,null,0.000000,0.309,,"{""0"": 250, ""1"": 250, ""2"": null, ""3"": null, ""4"": null, ""5"": null, ""6"": null, ""7"": null}","{""0"": 0.0, ""1"": 0.0, ""2"": null, ""3"": null, ""4"": null, ""5"": null, ""6"": null, ""7"": null}",{},,1,0,1,0,,maneuver-locked,CHANGING_PAUSED,right,left,right,0
736,2026-08-01T22:38:39.102+09:00,82.366,735,8.94,0,AVOIDING_OBSTACLE,,0,0,0,,INNER,INNER,7,0,0.000000,0.000000,0,752,unknown,0,unknown,0.000000,null,0.000000,0.197,,"{""0"": 250, ""1"": 250, ""2"": null, ""3"": null, ""4"": null, ""5"": null, ""6"": null, ""7"": null}","{""0"": 0.0, ""1"": 0.0, ""2"": null, ""3"": null, ""4"": null, ""5"": null, ""6"": null, ""7"": null}",{},,1,0,1,0,,maneuver-locked,CHANGING_PAUSED,right,left,right,0
737,2026-08-01T22:38:39.212+09:00,82.475,736,8.94,0,AVOIDING_OBSTACLE,,0,0,0,,INNER,INNER,7,0,0.000000,0.000000,0,750,green,0,unknown,0.000000,null,0.000000,0.307,,"{""0"": 250, ""1"": 250, ""2"": null, ""3"": null, ""4"": null, ""5"": null, ""6"": null, ""7"": null}","{""0"": 0.0, ""1"": 0.0, ""2"": null, ""3"": null, ""4"": null, ""5"": null, ""6"": null, ""7"": null}",{},,1,0,1,0,,maneuver-locked,CHANGING_PAUSED,right,left,right,0
738,2026-08-01T22:38:39.321+09:00,82.585,737,8.94,0,AVOIDING_OBSTACLE,,0,0,0,,INNER,INNER,7,0,0.000000,0.000000,0,751,green,0,unknown,0.000000,null,0.000000,0.304,,"{""0"": 250, ""1"": 250, ""2"": null, ""3"": null, ""4"": null, ""5"": null, ""6"": null, ""7"": null}","{""0"": 0.0, ""1"": 0.0, ""2"": null, ""3"": null, ""4"": null, ""5"": null, ""6"": null, ""7"": null}",{},,1,0,1,0,,maneuver-locked,CHANGING_PAUSED,right,left,right,0
739,2026-08-01T22:38:39.429+09:00,82.694,738,8.94,0,AVOIDING_OBSTACLE,,0,0,0,,INNER,INNER,7,0,0.000000,0.000000,0,752,unknown,0,unknown,0.000000,null,0.000000,0.296,,"{""0"": 250, ""1"": 250, ""2"": null, ""3"": null, ""4"": null, ""5"": null, ""6"": null, ""7"": null}","{""0"": 0.0, ""1"": 0.0, ""2"": null, ""3"": null, ""4"": null, ""5"": null, ""6"": null, ""7"": null}",{},,1,0,1,0,,maneuver-locked,CHANGING_PAUSED,right,left,right,0
740,2026-08-01T22:38:39.540+09:00,82.805,739,8.94,0,AVOIDING_OBSTACLE,,0,0,0,,INNER,INNER,7,0,0.000000,0.000000,0,751,unknown,0,unknown,0.000000,null,0.000000,0.406,,"{""0"": 250, ""1"": 250, ""2"": null, ""3"": null, ""4"": null, ""5"": null, ""6"": null, ""7"": null}","{""0"": 0.0, ""1"": 0.0, ""2"": null, ""3"": null, ""4"": null, ""5"": null, ""6"": null, ""7"": null}",{},,1,0,1,0,,maneuver-locked,CHANGING_PAUSED,right,left,right,0
741,2026-08-01T22:38:39.649+09:00,82.914,740,8.94,0,AVOIDING_OBSTACLE,,0,0,0,,INNER,INNER,7,0,0.000000,0.000000,0,751,green,0,unknown,0.000000,null,0.000000,0.297,,"{""0"": 250, ""1"": 250, ""2"": null, ""3"": null, ""4"": null, ""5"": null, ""6"": null, ""7"": null}","{""0"": 0.0, ""1"": 0.0, ""2"": null, ""3"": null, ""4"": null, ""5"": null, ""6"": null, ""7"": null}",{},,1,0,1,0,,maneuver-locked,CHANGING_PAUSED,right,left,right,0
742,2026-08-01T22:38:39.756+09:00,83.022,741,8.94,0,AVOIDING_OBSTACLE,,0,0,0,,INNER,INNER,7,0,0.000000,0.000000,0,751,green,0,unknown,0.000000,null,0.000000,0.297,,"{""0"": 250, ""1"": 250, ""2"": null, ""3"": null, ""4"": null, ""5"": null, ""6"": null, ""7"": null}","{""0"": 0.0, ""1"": 0.0, ""2"": null, ""3"": null, ""4"": null, ""5"": null, ""6"": null, ""7"": null}",{},,1,0,1,0,,maneuver-locked,CHANGING_PAUSED,right,left,right,0
743,2026-08-01T22:38:39.867+09:00,83.132,742,8.94,0,AVOIDING_OBSTACLE,,0,0,0,,INNER,INNER,7,0,0.000000,0.000000,0,752,unknown,0,unknown,0.000000,null,0.000000,0.406,,"{""0"": 134, ""1"": 250, ""2"": null, ""3"": null, ""4"": null, ""5"": null, ""6"": null, ""7"": null}","{""0"": 0.0, ""1"": 0.0, ""2"": null, ""3"": null, ""4"": null, ""5"": null, ""6"": null, ""7"": null}",{},,1,0,1,0,,maneuver-locked,CHANGING_PAUSED,right,left,right,0
744,2026-08-01T22:38:39.971+09:00,83.237,743,8.94,0,AVOIDING_OBSTACLE,,0,0,0,,INNER,INNER,7,0,0.000000,0.000000,0,751,green,0,unknown,0.000000,null,0.000000,0.292,,"{""0"": 250, ""1"": 250, ""2"": null, ""3"": null, ""4"": null, ""5"": null, ""6"": null, ""7"": null}","{""0"": 0.0, ""1"": 0.0, ""2"": null, ""3"": null, ""4"": null, ""5"": null, ""6"": null, ""7"": null}",{},,1,0,1,0,,maneuver-locked,CHANGING_PAUSED,right,left,right,0
745,2026-08-01T22:38:40.078+09:00,83.344,744,8.94,0,AVOIDING_OBSTACLE,,0,0,0,,INNER,INNER,7,0,0.000000,0.000000,0,751,unknown,0,unknown,0.000000,null,0.000000,0.291,,"{""0"": 250, ""1"": 250, ""2"": null, ""3"": null, ""4"": null, ""5"": null, ""6"": null, ""7"": null}","{""0"": 0.0, ""1"": 0.0, ""2"": null, ""3"": null, ""4"": null, ""5"": null, ""6"": null, ""7"": null}",{},,1,0,1,0,,maneuver-locked,CHANGING_PAUSED,right,left,right,0
746,2026-08-01T22:38:40.189+09:00,83.453,745,8.94,0,AVOIDING_OBSTACLE,,0,0,0,,INNER,INNER,7,0,0.000000,0.000000,0,750,green,0,unknown,0.000000,null,0.000000,0.399,,"{""0"": 250, ""1"": 250, ""2"": null, ""3"": null, ""4"": null, ""5"": null, ""6"": null, ""7"": null}","{""0"": 0.0, ""1"": 0.0, ""2"": null, ""3"": null, ""4"": null, ""5"": null, ""6"": null, ""7"": null}",{},,1,0,1,0,,maneuver-locked,CHANGING_PAUSED,right,left,right,0
747,2026-08-01T22:38:40.294+09:00,83.559,746,8.94,0,AVOIDING_OBSTACLE,,0,0,0,,INNER,INNER,7,0,0.000000,0.000000,0,752,unknown,0,unknown,0.000000,null,0.000000,0.292,,"{""0"": 250, ""1"": 250, ""2"": null, ""3"": null, ""4"": null, ""5"": null, ""6"": null, ""7"": null}","{""0"": 0.0, ""1"": 0.0, ""2"": null, ""3"": null, ""4"": null, ""5"": null, ""6"": null, ""7"": null}",{},,1,0,1,0,,maneuver-locked,CHANGING_PAUSED,right,left,right,0
748,2026-08-01T22:38:40.404+09:00,83.669,747,8.94,0,AVOIDING_OBSTACLE,,0,0,0,,INNER,INNER,7,0,0.000000,0.000000,0,751,unknown,0,unknown,0.000000,null,0.000000,0.296,,"{""0"": 250, ""1"": 250, ""2"": null, ""3"": null, ""4"": null, ""5"": null, ""6"": null, ""7"": null}","{""0"": 0.0, ""1"": 0.0, ""2"": null, ""3"": null, ""4"": null, ""5"": null, ""6"": null, ""7"": null}",{},,1,0,1,0,,maneuver-locked,CHANGING_PAUSED,right,left,right,0
749,2026-08-01T22:38:40.510+09:00,83.773,748,8.94,0,AVOIDING_OBSTACLE,,0,0,0,,INNER,INNER,7,0,0.000000,0.000000,0,751,red,0,unknown,0.000000,null,0.000000,0.399,,"{""0"": 250, ""1"": 250, ""2"": null, ""3"": null, ""4"": null, ""5"": null, ""6"": null, ""7"": null}","{""0"": 0.0, ""1"": 0.0, ""2"": null, ""3"": null, ""4"": null, ""5"": null, ""6"": null, ""7"": null}",{},,1,0,1,0,,maneuver-locked,CHANGING_PAUSED,right,left,right,0
750,2026-08-01T22:38:40.611+09:00,83.877,749,8.94,0,AVOIDING_OBSTACLE,,0,0,0,,INNER,INNER,7,0,0.000000,0.000000,0,751,unknown,0,unknown,0.000000,null,0.000000,0.286,,"{""0"": 250, ""1"": 63, ""2"": null, ""3"": null, ""4"": null, ""5"": null, ""6"": null, ""7"": null}","{""0"": 0.0, ""1"": 0.0, ""2"": null, ""3"": null, ""4"": null, ""5"": null, ""6"": null, ""7"": null}",{},,1,0,1,0,,maneuver-locked,CHANGING_PAUSED,right,left,right,0
751,2026-08-01T22:38:40.724+09:00,83.988,750,8.94,0,AVOIDING_OBSTACLE,,0,0,0,,INNER,INNER,7,0,0.000000,0.000000,0,751,unknown,0,unknown,0.000000,null,0.000000,0.286,,"{""0"": 250, ""1"": 250, ""2"": null, ""3"": null, ""4"": null, ""5"": null, ""6"": null, ""7"": null}","{""0"": 0.0, ""1"": 0.0, ""2"": null, ""3"": null, ""4"": null, ""5"": null, ""6"": null, ""7"": null}",{},,1,0,1,0,,maneuver-locked,CHANGING_PAUSED,right,left,right,0
752,2026-08-01T22:38:40.840+09:00,84.102,751,8.94,0,AVOIDING_OBSTACLE,,0,0,0,,INNER,INNER,7,0,0.000000,0.000000,0,752,unknown,0,unknown,0.000000,null,0.000000,0.400,,"{""0"": 250, ""1"": 250, ""2"": null, ""3"": null, ""4"": null, ""5"": null, ""6"": null, ""7"": null}","{""0"": 0.0, ""1"": 0.0, ""2"": null, ""3"": null, ""4"": null, ""5"": null, ""6"": null, ""7"": null}",{},,1,0,1,0,,maneuver-locked,CHANGING_PAUSED,right,left,right,0
753,2026-08-01T22:38:40.948+09:00,84.212,752,8.94,0,AVOIDING_OBSTACLE,,0,0,0,,INNER,INNER,7,0,0.000000,0.000000,0,752,unknown,0,unknown,0.000000,null,0.000000,0.305,,"{""0"": 250, ""1"": 250, ""2"": null, ""3"": null, ""4"": null, ""5"": null, ""6"": null, ""7"": null}","{""0"": 0.0, ""1"": 0.0, ""2"": null, ""3"": null, ""4"": null, ""5"": null, ""6"": null, ""7"": null}",{},,1,0,1,0,,maneuver-locked,CHANGING_PAUSED,right,left,right,0
754,2026-08-01T22:38:41.053+09:00,84.316,753,8.94,0,AVOIDING_OBSTACLE,,0,0,0,,INNER,INNER,7,0,0.000000,0.000000,0,752,unknown,0,unknown,0.000000,null,0.000000,0.291,,"{""0"": 250, ""1"": 250, ""2"": null, ""3"": null, ""4"": null, ""5"": null, ""6"": null, ""7"": null}","{""0"": 0.0, ""1"": 0.0, ""2"": null, ""3"": null, ""4"": null, ""5"": null, ""6"": null, ""7"": null}",{},,1,0,1,0,,maneuver-locked,CHANGING_PAUSED,right,left,right,0
755,2026-08-01T22:38:41.166+09:00,84.431,754,8.94,0,AVOIDING_OBSTACLE,,0,0,0,,INNER,INNER,7,0,0.000000,0.000000,0,750,unknown,0,unknown,0.000000,null,0.000000,0.408,,"{""0"": 250, ""1"": 250, ""2"": null, ""3"": null, ""4"": null, ""5"": null, ""6"": null, ""7"": null}","{""0"": 0.0, ""1"": 0.0, ""2"": null, ""3"": null, ""4"": null, ""5"": null, ""6"": null, ""7"": null}",{},,1,0,1,0,,maneuver-locked,CHANGING_PAUSED,right,left,right,0
756,2026-08-01T22:38:41.283+09:00,84.546,755,8.94,0,AVOIDING_OBSTACLE,,0,0,0,,INNER,INNER,7,0,0.000000,0.000000,0,751,unknown,0,unknown,0.000000,null,0.000000,0.301,,"{""0"": 250, ""1"": 250, ""2"": null, ""3"": null, ""4"": null, ""5"": null, ""6"": null, ""7"": null}","{""0"": 0.0, ""1"": 0.0, ""2"": null, ""3"": null, ""4"": null, ""5"": null, ""6"": null, ""7"": null}",{},,1,0,1,0,,maneuver-locked,CHANGING_PAUSED,right,left,right,0
757,2026-08-01T22:38:41.393+09:00,84.657,756,8.94,0,AVOIDING_OBSTACLE,,0,0,0,,INNER,INNER,7,0,0.000000,0.000000,0,751,unknown,0,unknown,0.000000,null,0.000000,0.309,,"{""0"": 250, ""1"": 250, ""2"": null, ""3"": null, ""4"": null, ""5"": null, ""6"": null, ""7"": null}","{""0"": 0.0, ""1"": 0.0, ""2"": null, ""3"": null, ""4"": null, ""5"": null, ""6"": null, ""7"": null}",{},,1,0,1,0,,maneuver-locked,CHANGING_PAUSED,right,left,right,0
758,2026-08-01T22:38:41.513+09:00,84.778,757,8.94,0,AVOIDING_OBSTACLE,,0,0,0,,INNER,INNER,7,0,0.000000,0.000000,0,751,unknown,0,unknown,0.000000,null,0.000000,0.197,,"{""0"": 250, ""1"": 250, ""2"": null, ""3"": null, ""4"": null, ""5"": null, ""6"": null, ""7"": null}","{""0"": 0.0, ""1"": 0.0, ""2"": null, ""3"": null, ""4"": null, ""5"": null, ""6"": null, ""7"": null}",{},,1,0,1,0,,maneuver-locked,CHANGING_PAUSED,right,left,right,0
759,2026-08-01T22:38:41.627+09:00,84.891,758,8.94,0,AVOIDING_OBSTACLE,,0,0,0,,INNER,INNER,7,0,0.000000,0.000000,0,751,unknown,0,unknown,0.000000,null,0.000000,0.311,,"{""0"": 250, ""1"": 250, ""2"": null, ""3"": null, ""4"": null, ""5"": null, ""6"": null, ""7"": null}","{""0"": 0.0, ""1"": 0.0, ""2"": null, ""3"": null, ""4"": null, ""5"": null, ""6"": null, ""7"": null}",{},,1,0,1,0,,maneuver-locked,CHANGING_PAUSED,right,left,right,0
760,2026-08-01T22:38:41.742+09:00,85.005,759,8.94,0,AVOIDING_OBSTACLE,,0,0,0,,INNER,INNER,7,0,0.000000,0.000000,0,750,unknown,0,unknown,0.000000,null,0.000000,0.314,,"{""0"": 250, ""1"": 250, ""2"": null, ""3"": null, ""4"": null, ""5"": null, ""6"": null, ""7"": null}","{""0"": 0.0, ""1"": 0.0, ""2"": null, ""3"": null, ""4"": null, ""5"": null, ""6"": null, ""7"": null}",{},,1,0,1,0,,maneuver-locked,CHANGING_PAUSED,right,left,right,0
761,2026-08-01T22:38:41.869+09:00,85.130,760,8.94,0,AVOIDING_OBSTACLE,,0,0,0,,INNER,INNER,7,0,0.000000,0.000000,0,751,unknown,0,unknown,0.000000,null,0.000000,0.204,,"{""0"": 250, ""1"": 250, ""2"": null, ""3"": null, ""4"": null, ""5"": null, ""6"": null, ""7"": null}","{""0"": 0.0, ""1"": 0.0, ""2"": null, ""3"": null, ""4"": null, ""5"": null, ""6"": null, ""7"": null}",{},,1,0,1,0,,maneuver-locked,CHANGING_PAUSED,right,left,right,0
762,2026-08-01T22:38:41.989+09:00,85.254,761,8.94,0,AVOIDING_OBSTACLE,,0,0,0,,INNER,INNER,7,0,0.000000,0.000000,0,751,unknown,0,unknown,0.000000,null,0.000000,0.329,,"{""0"": 250, ""1"": 250, ""2"": null, ""3"": null, ""4"": null, ""5"": null, ""6"": null, ""7"": null}","{""0"": 0.0, ""1"": 0.0, ""2"": null, ""3"": null, ""4"": null, ""5"": null, ""6"": null, ""7"": null}",{},,1,0,1,0,,maneuver-locked,CHANGING_PAUSED,right,left,right,0
763,2026-08-01T22:38:42.100+09:00,85.364,762,8.94,0,AVOIDING_OBSTACLE,,0,0,0,,INNER,INNER,7,0,0.000000,0.000000,0,751,unknown,0,unknown,0.000000,null,0.000000,0.321,,"{""0"": 250, ""1"": 250, ""2"": null, ""3"": null, ""4"": null, ""5"": null, ""6"": null, ""7"": null}","{""0"": 0.0, ""1"": 0.0, ""2"": null, ""3"": null, ""4"": null, ""5"": null, ""6"": null, ""7"": null}",{},,1,0,1,0,,maneuver-locked,CHANGING_PAUSED,right,left,right,0
764,2026-08-01T22:38:42.211+09:00,85.475,763,8.94,0,AVOIDING_OBSTACLE,,0,0,0,,INNER,INNER,7,0,0.000000,0.000000,0,750,unknown,0,unknown,0.000000,null,0.000000,0.309,,"{""0"": 250, ""1"": 250, ""2"": null, ""3"": null, ""4"": null, ""5"": null, ""6"": null, ""7"": null}","{""0"": 0.0, ""1"": 0.0, ""2"": null, ""3"": null, ""4"": null, ""5"": null, ""6"": null, ""7"": null}",{},,1,0,1,0,,maneuver-locked,CHANGING_PAUSED,right,left,right,0
765,2026-08-01T22:38:42.335+09:00,85.597,764,8.94,0,AVOIDING_OBSTACLE,,0,0,0,,INNER,INNER,7,0,0.000000,0.000000,0,749,unknown,0,unknown,0.000000,null,0.000000,0.431,,"{""0"": 250, ""1"": 250, ""2"": null, ""3"": null, ""4"": null, ""5"": null, ""6"": null, ""7"": null}","{""0"": 0.0, ""1"": 0.0, ""2"": null, ""3"": null, ""4"": null, ""5"": null, ""6"": null, ""7"": null}",{},,1,0,1,0,,maneuver-locked,CHANGING_PAUSED,right,left,right,0
766,2026-08-01T22:38:42.459+09:00,85.720,765,8.94,0,AVOIDING_OBSTACLE,,0,0,0,,INNER,INNER,7,0,0.000000,0.000000,0,749,unknown,0,unknown,0.000000,null,0.000000,0.324,,"{""0"": 250, ""1"": 250, ""2"": null, ""3"": null, ""4"": null, ""5"": null, ""6"": null, ""7"": null}","{""0"": 0.0, ""1"": 0.0, ""2"": null, ""3"": null, ""4"": null, ""5"": null, ""6"": null, ""7"": null}",{},,1,0,1,0,,maneuver-locked,CHANGING_PAUSED,right,left,right,0
767,2026-08-01T22:38:42.563+09:00,85.826,766,8.94,0,AVOIDING_OBSTACLE,,0,0,0,,INNER,INNER,7,0,0.000000,0.000000,0,749,unknown,0,unknown,0.000000,null,0.000000,0.320,,"{""0"": 250, ""1"": 250, ""2"": null, ""3"": null, ""4"": null, ""5"": null, ""6"": null, ""7"": null}","{""0"": 0.0, ""1"": 0.0, ""2"": null, ""3"": null, ""4"": null, ""5"": null, ""6"": null, ""7"": null}",{},,1,0,1,0,,maneuver-locked,CHANGING_PAUSED,right,left,right,0
768,2026-08-01T22:38:42.678+09:00,85.940,767,8.94,0,AVOIDING_OBSTACLE,,0,0,0,,INNER,INNER,7,0,0.000000,0.000000,0,748,unknown,0,unknown,0.000000,null,0.000000,0.183,,"{""0"": 250, ""1"": 250, ""2"": null, ""3"": null, ""4"": null, ""5"": null, ""6"": null, ""7"": null}","{""0"": 0.0, ""1"": 0.0, ""2"": null, ""3"": null, ""4"": null, ""5"": null, ""6"": null, ""7"": null}",{},,1,0,1,0,,maneuver-locked,CHANGING_PAUSED,right,left,right,0
769,2026-08-01T22:38:42.801+09:00,86.061,768,8.94,0,AVOIDING_OBSTACLE,,0,0,0,,INNER,INNER,7,0,0.000000,0.000000,0,748,unknown,0,unknown,0.000000,null,0.000000,0.302,,"{""0"": 250, ""1"": 250, ""2"": null, ""3"": null, ""4"": null, ""5"": null, ""6"": null, ""7"": null}","{""0"": 0.0, ""1"": 0.0, ""2"": null, ""3"": null, ""4"": null, ""5"": null, ""6"": null, ""7"": null}",{},,1,0,1,0,,maneuver-locked,CHANGING_PAUSED,right,left,right,0
770,2026-08-01T22:38:42.906+09:00,86.171,769,8.94,0,AVOIDING_OBSTACLE,,0,0,0,,INNER,INNER,7,0,0.000000,0.000000,0,748,unknown,0,unknown,0.000000,null,0.000000,0.313,,"{""0"": 250, ""1"": 250, ""2"": null, ""3"": null, ""4"": null, ""5"": null, ""6"": null, ""7"": null}","{""0"": 0.0, ""1"": 0.0, ""2"": null, ""3"": null, ""4"": null, ""5"": null, ""6"": null, ""7"": null}",{},,1,0,1,0,,maneuver-locked,CHANGING_PAUSED,right,left,right,0
771,2026-08-01T22:38:43.020+09:00,86.280,770,8.94,0,AVOIDING_OBSTACLE,,0,0,0,,INNER,INNER,7,0,0.000000,0.000000,0,749,unknown,0,unknown,0.000000,null,0.000000,0.305,,"{""0"": 250, ""1"": 250, ""2"": null, ""3"": null, ""4"": null, ""5"": null, ""6"": null, ""7"": null}","{""0"": 0.0, ""1"": 0.0, ""2"": null, ""3"": null, ""4"": null, ""5"": null, ""6"": null, ""7"": null}",{},,1,0,1,0,,maneuver-locked,CHANGING_PAUSED,right,left,right,0
772,2026-08-01T22:38:43.133+09:00,86.397,771,8.94,0,AVOIDING_OBSTACLE,,0,0,0,,INNER,INNER,7,0,0.000000,0.000000,0,749,unknown,0,unknown,0.000000,null,0.000000,0.195,,"{""0"": 250, ""1"": 250, ""2"": null, ""3"": null, ""4"": null, ""5"": null, ""6"": null, ""7"": null}","{""0"": 0.0, ""1"": 0.0, ""2"": null, ""3"": null, ""4"": null, ""5"": null, ""6"": null, ""7"": null}",{},,1,0,1,0,,maneuver-locked,CHANGING_PAUSED,right,left,right,0
773,2026-08-01T22:38:43.249+09:00,86.512,772,8.94,0,AVOIDING_OBSTACLE,,0,0,0,,INNER,INNER,7,0,0.000000,0.000000,0,748,unknown,0,unknown,0.000000,null,0.000000,0.308,,"{""0"": 250, ""1"": 250, ""2"": null, ""3"": null, ""4"": null, ""5"": null, ""6"": null, ""7"": null}","{""0"": 0.0, ""1"": 0.0, ""2"": null, ""3"": null, ""4"": null, ""5"": null, ""6"": null, ""7"": null}",{},,1,0,1,0,,maneuver-locked,CHANGING_PAUSED,right,left,right,0
774,2026-08-01T22:38:43.362+09:00,86.625,773,8.94,0,AVOIDING_OBSTACLE,,0,0,0,,INNER,INNER,7,0,0.000000,0.000000,0,748,unknown,0,unknown,0.000000,null,0.000000,0.311,,"{""0"": 250, ""1"": 250, ""2"": null, ""3"": null, ""4"": null, ""5"": null, ""6"": null, ""7"": null}","{""0"": 0.0, ""1"": 0.0, ""2"": null, ""3"": null, ""4"": null, ""5"": null, ""6"": null, ""7"": null}",{},,1,0,1,0,,maneuver-locked,CHANGING_PAUSED,right,left,right,0
775,2026-08-01T22:38:43.473+09:00,86.737,774,8.94,0,AVOIDING_OBSTACLE,,0,0,0,,INNER,INNER,7,0,0.000000,0.000000,0,749,unknown,0,unknown,0.000000,null,0.000000,0.193,,"{""0"": 250, ""1"": 250, ""2"": null, ""3"": null, ""4"": null, ""5"": null, ""6"": null, ""7"": null}","{""0"": 0.0, ""1"": 0.0, ""2"": null, ""3"": null, ""4"": null, ""5"": null, ""6"": null, ""7"": null}",{},,1,0,1,0,,maneuver-locked,CHANGING_PAUSED,right,left,right,0
776,2026-08-01T22:38:43.580+09:00,86.843,775,8.94,0,AVOIDING_OBSTACLE,,0,0,0,,INNER,INNER,7,0,0.000000,0.000000,0,748,unknown,0,unknown,0.000000,null,0.000000,0.297,,"{""0"": 250, ""1"": 250, ""2"": null, ""3"": null, ""4"": null, ""5"": null, ""6"": null, ""7"": null}","{""0"": 0.0, ""1"": 0.0, ""2"": null, ""3"": null, ""4"": null, ""5"": null, ""6"": null, ""7"": null}",{},,1,0,1,0,,maneuver-locked,CHANGING_PAUSED,right,left,right,0
777,2026-08-01T22:38:43.692+09:00,86.953,776,8.94,0,AVOIDING_OBSTACLE,,0,0,0,,INNER,INNER,7,0,0.000000,0.000000,0,748,unknown,0,unknown,0.000000,null,0.000000,0.294,,"{""0"": 250, ""1"": 250, ""2"": null, ""3"": null, ""4"": null, ""5"": null, ""6"": null, ""7"": null}","{""0"": 0.0, ""1"": 0.0, ""2"": null, ""3"": null, ""4"": null, ""5"": null, ""6"": null, ""7"": null}",{},,1,0,1,0,,maneuver-locked,CHANGING_PAUSED,right,left,right,0
778,2026-08-01T22:38:43.814+09:00,87.078,777,8.94,0,AVOIDING_OBSTACLE,,0,0,0,,INNER,INNER,7,0,0.000000,0.000000,0,749,unknown,0,unknown,0.000000,null,0.000000,0.202,,"{""0"": 250, ""1"": 250, ""2"": null, ""3"": null, ""4"": null, ""5"": null, ""6"": null, ""7"": null}","{""0"": 0.0, ""1"": 0.0, ""2"": null, ""3"": null, ""4"": null, ""5"": null, ""6"": null, ""7"": null}",{},,1,0,1,0,,maneuver-locked,CHANGING_PAUSED,right,left,right,0
779,2026-08-01T22:38:43.923+09:00,87.186,778,8.94,0,AVOIDING_OBSTACLE,,0,0,0,,INNER,INNER,7,0,0.000000,0.000000,0,749,unknown,0,unknown,0.000000,null,0.000000,0.309,,"{""0"": 250, ""1"": 250, ""2"": null, ""3"": null, ""4"": null, ""5"": null, ""6"": null, ""7"": null}","{""0"": 0.0, ""1"": 0.0, ""2"": null, ""3"": null, ""4"": null, ""5"": null, ""6"": null, ""7"": null}",{},,1,0,1,0,,maneuver-locked,CHANGING_PAUSED,right,left,right,0
780,2026-08-01T22:38:44.026+09:00,87.287,779,8.94,0,AVOIDING_OBSTACLE,,0,0,0,,INNER,INNER,7,0,0.000000,0.000000,0,749,unknown,0,unknown,0.000000,null,0.000000,0.297,,"{""0"": 250, ""1"": 250, ""2"": null, ""3"": null, ""4"": null, ""5"": null, ""6"": null, ""7"": null}","{""0"": 0.0, ""1"": 0.0, ""2"": null, ""3"": null, ""4"": null, ""5"": null, ""6"": null, ""7"": null}",{},,1,0,1,0,,maneuver-locked,CHANGING_PAUSED,right,left,right,0
781,2026-08-01T22:38:44.150+09:00,87.411,780,8.94,0,AVOIDING_OBSTACLE,,0,0,0,,INNER,INNER,7,0,0.000000,0.000000,0,750,unknown,0,unknown,0.000000,null,0.000000,0.302,,"{""0"": 250, ""1"": 250, ""2"": null, ""3"": null, ""4"": null, ""5"": null, ""6"": null, ""7"": null}","{""0"": 0.0, ""1"": 0.0, ""2"": null, ""3"": null, ""4"": null, ""5"": null, ""6"": null, ""7"": null}",{},,1,0,1,0,,maneuver-locked,CHANGING_PAUSED,right,left,right,0
782,2026-08-01T22:38:44.263+09:00,87.526,781,8.94,0,AVOIDING_OBSTACLE,,0,0,0,,INNER,INNER,7,0,0.000000,0.000000,0,749,unknown,0,unknown,0.000000,null,0.000000,0.416,,"{""0"": 250, ""1"": 250, ""2"": null, ""3"": null, ""4"": null, ""5"": null, ""6"": null, ""7"": null}","{""0"": 0.0, ""1"": 0.0, ""2"": null, ""3"": null, ""4"": null, ""5"": null, ""6"": null, ""7"": null}",{},,1,0,1,0,,maneuver-locked,CHANGING_PAUSED,right,left,right,0
783,2026-08-01T22:38:44.370+09:00,87.631,782,8.94,0,AVOIDING_OBSTACLE,,0,0,0,,INNER,INNER,7,0,0.000000,0.000000,0,750,unknown,0,unknown,0.000000,null,0.000000,0.304,,"{""0"": 250, ""1"": 250, ""2"": null, ""3"": null, ""4"": null, ""5"": null, ""6"": null, ""7"": null}","{""0"": 0.0, ""1"": 0.0, ""2"": null, ""3"": null, ""4"": null, ""5"": null, ""6"": null, ""7"": null}",{},,1,0,1,0,,maneuver-locked,CHANGING_PAUSED,right,left,right,0
784,2026-08-01T22:38:44.471+09:00,87.735,783,8.94,0,AVOIDING_OBSTACLE,,0,0,0,,INNER,INNER,7,0,0.000000,0.000000,0,748,unknown,0,unknown,0.000000,null,0.000000,0.291,,"{""0"": 250, ""1"": 250, ""2"": null, ""3"": null, ""4"": null, ""5"": null, ""6"": null, ""7"": null}","{""0"": 0.0, ""1"": 0.0, ""2"": null, ""3"": null, ""4"": null, ""5"": null, ""6"": null, ""7"": null}",{},,1,0,1,0,,maneuver-locked,CHANGING_PAUSED,right,left,right,0
785,2026-08-01T22:38:44.584+09:00,87.845,784,8.94,0,AVOIDING_OBSTACLE,,0,0,0,,INNER,INNER,7,0,0.000000,0.000000,0,749,unknown,0,unknown,0.000000,null,0.000000,0.399,,"{""0"": 250, ""1"": 250, ""2"": null, ""3"": null, ""4"": null, ""5"": null, ""6"": null, ""7"": null}","{""0"": 0.0, ""1"": 0.0, ""2"": null, ""3"": null, ""4"": null, ""5"": null, ""6"": null, ""7"": null}",{},,1,0,1,0,,maneuver-locked,CHANGING_PAUSED,right,left,right,0
786,2026-08-01T22:38:44.695+09:00,87.959,785,8.94,0,AVOIDING_OBSTACLE,,0,0,0,,INNER,INNER,7,0,0.000000,0.000000,0,748,unknown,0,unknown,0.000000,null,0.000000,0.292,,"{""0"": 250, ""1"": 250, ""2"": null, ""3"": null, ""4"": null, ""5"": null, ""6"": null, ""7"": null}","{""0"": 0.0, ""1"": 0.0, ""2"": null, ""3"": null, ""4"": null, ""5"": null, ""6"": null, ""7"": null}",{},,1,0,1,0,,maneuver-locked,CHANGING_PAUSED,right,left,right,0
787,2026-08-01T22:38:44.803+09:00,88.067,786,8.94,0,AVOIDING_OBSTACLE,,0,0,0,,INNER,INNER,7,0,0.000000,0.000000,0,749,unknown,0,unknown,0.000000,null,0.000000,0.300,,"{""0"": 250, ""1"": 250, ""2"": null, ""3"": null, ""4"": null, ""5"": null, ""6"": null, ""7"": null}","{""0"": 0.0, ""1"": 0.0, ""2"": null, ""3"": null, ""4"": null, ""5"": null, ""6"": null, ""7"": null}",{},,1,0,1,0,,maneuver-locked,CHANGING_PAUSED,right,left,right,0
788,2026-08-01T22:38:44.921+09:00,88.184,787,8.94,1,AVOIDING_OBSTACLE,phase:CHANGING_PAUSED->CHANGING,0,0,0,,INNER,INNER,7,0,0.000000,-1.000000,70,748,unknown,0,unknown,0.000000,null,0.000000,0.417,,"{""0"": 250, ""1"": 250, ""2"": null, ""3"": null, ""4"": null, ""5"": null, ""6"": null, ""7"": null}","{""0"": 0.0, ""1"": 0.0, ""2"": null, ""3"": null, ""4"": null, ""5"": null, ""6"": null, ""7"": null}",{},,1,0,1,0,,maneuver-locked,CHANGING,right,left,right,0
789,2026-08-01T22:38:45.043+09:00,88.306,788,8.94,1,AVOIDING_OBSTACLE,,0,0,0,,INNER,INNER,7,0,0.000000,-1.000000,70,718,unknown,0,unknown,0.000000,null,0.000000,0.313,,"{""0"": 250, ""1"": 250, ""2"": null, ""3"": null, ""4"": null, ""5"": null, ""6"": null, ""7"": null}","{""0"": 0.0, ""1"": 0.0, ""2"": null, ""3"": null, ""4"": null, ""5"": null, ""6"": null, ""7"": null}",{},,1,0,1,0,,maneuver-locked,CHANGING,right,left,right,0
790,2026-08-01T22:38:45.146+09:00,88.410,789,8.94,1,AVOIDING_OBSTACLE,,0,0,0,,INNER,INNER,7,0,0.000000,-1.000000,70,701,unknown,0,unknown,0.000000,null,0.000000,0.320,,"{""0"": 250, ""1"": 250, ""2"": null, ""3"": null, ""4"": null, ""5"": null, ""6"": null, ""7"": null}","{""0"": 0.0, ""1"": 0.0, ""2"": null, ""3"": null, ""4"": null, ""5"": null, ""6"": null, ""7"": null}",{},,1,0,1,0,,maneuver-locked,CHANGING,right,left,right,0
791,2026-08-01T22:38:45.262+09:00,88.527,790,8.94,1,AVOIDING_OBSTACLE,,0,0,0,,INNER,INNER,7,0,0.000000,-1.000000,70,688,unknown,0,unknown,0.000000,null,0.000000,0.187,,"{""0"": 147, ""1"": 250, ""2"": null, ""3"": null, ""4"": null, ""5"": null, ""6"": null, ""7"": null}","{""0"": 0.0, ""1"": 0.0, ""2"": null, ""3"": null, ""4"": null, ""5"": null, ""6"": null, ""7"": null}",{},,1,0,1,0,,maneuver-locked,CHANGING,right,left,right,0
792,2026-08-01T22:38:45.373+09:00,88.636,791,8.94,1,AVOIDING_OBSTACLE,,0,0,0,,INNER,INNER,7,0,0.000000,-1.000000,70,686,unknown,0,unknown,0.000000,null,0.000000,0.295,,"{""0"": 92, ""1"": 250, ""2"": null, ""3"": null, ""4"": null, ""5"": null, ""6"": null, ""7"": null}","{""0"": 0.0, ""1"": 0.0, ""2"": null, ""3"": null, ""4"": null, ""5"": null, ""6"": null, ""7"": null}",{},,1,0,1,0,,maneuver-locked,CHANGING,right,left,right,0
793,2026-08-01T22:38:45.479+09:00,88.742,792,8.94,1,AVOIDING_OBSTACLE,,0,0,0,,INNER,INNER,7,0,0.000000,-1.000000,70,686,unknown,0,unknown,0.000000,null,0.000000,0.299,,"{""0"": 250, ""1"": 250, ""2"": null, ""3"": null, ""4"": null, ""5"": null, ""6"": null, ""7"": null}","{""0"": 0.0, ""1"": 0.0, ""2"": null, ""3"": null, ""4"": null, ""5"": null, ""6"": null, ""7"": null}",{},,1,0,1,0,,maneuver-locked,CHANGING,right,left,right,0
794,2026-08-01T22:38:45.602+09:00,88.866,793,8.94,1,AVOIDING_OBSTACLE,,0,0,0,,INNER,INNER,7,0,0.000000,-1.000000,70,686,unknown,0,unknown,0.000000,null,0.000000,0.196,,"{""0"": 250, ""1"": 250, ""2"": null, ""3"": null, ""4"": null, ""5"": null, ""6"": null, ""7"": null}","{""0"": 0.0, ""1"": 0.0, ""2"": null, ""3"": null, ""4"": null, ""5"": null, ""6"": null, ""7"": null}",{},,1,0,1,0,,maneuver-locked,CHANGING,right,left,right,0
795,2026-08-01T22:38:45.718+09:00,88.982,794,8.94,1,AVOIDING_OBSTACLE,,0,0,0,,INNER,INNER,7,0,0.000000,-1.000000,70,685,unknown,0,unknown,0.000000,null,0.000000,0.312,,"{""0"": 87, ""1"": 250, ""2"": null, ""3"": null, ""4"": null, ""5"": null, ""6"": null, ""7"": null}","{""0"": 0.0, ""1"": 0.0, ""2"": null, ""3"": null, ""4"": null, ""5"": null, ""6"": null, ""7"": null}",{},,1,0,1,0,,maneuver-locked,CHANGING,right,left,right,0
796,2026-08-01T22:38:45.818+09:00,89.083,795,8.94,0,AVOIDING_OBSTACLE,phase:CHANGING->CHANGING_PAUSED,0,0,0,,INNER,INNER,7,0,0.000000,0.000000,0,686,unknown,0,unknown,0.000000,null,0.000000,0.306,,"{""0"": 86, ""1"": 95, ""2"": null, ""3"": null, ""4"": null, ""5"": null, ""6"": null, ""7"": null}","{""0"": 0.0, ""1"": 0.0, ""2"": null, ""3"": null, ""4"": null, ""5"": null, ""6"": null, ""7"": null}",{},,1,0,1,0,,maneuver-locked,CHANGING_PAUSED,right,left,right,0
797,2026-08-01T22:38:45.929+09:00,89.194,796,8.94,0,AVOIDING_OBSTACLE,,0,0,0,,INNER,INNER,7,0,0.000000,0.000000,0,710,unknown,0,unknown,0.000000,null,0.000000,0.188,,"{""0"": 70, ""1"": 88, ""2"": null, ""3"": null, ""4"": null, ""5"": null, ""6"": null, ""7"": null}","{""0"": 0.0, ""1"": 0.0, ""2"": null, ""3"": null, ""4"": null, ""5"": null, ""6"": null, ""7"": null}",{},,1,0,1,0,,maneuver-locked,CHANGING_PAUSED,right,left,right,0
798,2026-08-01T22:38:46.041+09:00,89.304,797,8.94,0,AVOIDING_OBSTACLE,,0,0,0,,INNER,INNER,7,0,0.000000,0.000000,0,726,unknown,0,unknown,0.000000,null,0.000000,0.297,,"{""0"": 73, ""1"": 250, ""2"": null, ""3"": null, ""4"": null, ""5"": null, ""6"": null, ""7"": null}","{""0"": 0.0, ""1"": 0.0, ""2"": null, ""3"": null, ""4"": null, ""5"": null, ""6"": null, ""7"": null}",{},,1,0,1,0,,maneuver-locked,CHANGING_PAUSED,right,left,right,0
799,2026-08-01T22:38:46.145+09:00,89.410,798,8.94,0,AVOIDING_OBSTACLE,,0,0,0,,INNER,INNER,7,0,0.000000,0.000000,0,736,unknown,0,unknown,0.000000,null,0.000000,0.293,,"{""0"": 73, ""1"": 250, ""2"": null, ""3"": null, ""4"": null, ""5"": null, ""6"": null, ""7"": null}","{""0"": 0.0, ""1"": 0.0, ""2"": null, ""3"": null, ""4"": null, ""5"": null, ""6"": null, ""7"": null}",{},,1,0,1,0,,maneuver-locked,CHANGING_PAUSED,right,left,right,0
800,2026-08-01T22:38:46.258+09:00,89.519,799,8.94,0,AVOIDING_OBSTACLE,,0,0,0,,INNER,INNER,7,0,0.000000,0.000000,0,737,unknown,0,unknown,0.000000,null,0.000000,0.293,,"{""0"": 250, ""1"": 250, ""2"": null, ""3"": null, ""4"": null, ""5"": null, ""6"": null, ""7"": null}","{""0"": 0.0, ""1"": 0.0, ""2"": null, ""3"": null, ""4"": null, ""5"": null, ""6"": null, ""7"": null}",{},,1,0,1,0,,maneuver-locked,CHANGING_PAUSED,right,left,right,0
801,2026-08-01T22:38:46.371+09:00,89.633,800,8.94,0,AVOIDING_OBSTACLE,,0,0,0,,INNER,INNER,7,0,0.000000,0.000000,0,737,unknown,0,unknown,0.000000,null,0.000000,0.408,,"{""0"": 67, ""1"": 250, ""2"": null, ""3"": null, ""4"": null, ""5"": null, ""6"": null, ""7"": null}","{""0"": 0.0, ""1"": 0.0, ""2"": null, ""3"": null, ""4"": null, ""5"": null, ""6"": null, ""7"": null}",{},,1,0,1,0,,maneuver-locked,CHANGING_PAUSED,right,left,right,0
802,2026-08-01T22:38:46.494+09:00,89.754,801,8.94,0,AVOIDING_OBSTACLE,,0,0,0,,INNER,INNER,7,0,0.000000,0.000000,0,737,unknown,0,unknown,0.000000,null,0.000000,0.311,,"{""0"": 67, ""1"": 250, ""2"": null, ""3"": null, ""4"": null, ""5"": null, ""6"": null, ""7"": null}","{""0"": 0.0, ""1"": 0.0, ""2"": null, ""3"": null, ""4"": null, ""5"": null, ""6"": null, ""7"": null}",{},,1,0,1,0,,maneuver-locked,CHANGING_PAUSED,right,left,right,0
803,2026-08-01T22:38:46.607+09:00,89.872,802,8.94,0,AVOIDING_OBSTACLE,,0,0,0,,INNER,INNER,7,0,0.000000,0.000000,0,736,unknown,0,unknown,0.000000,null,0.000000,0.318,,"{""0"": 67, ""1"": 80, ""2"": null, ""3"": null, ""4"": null, ""5"": null, ""6"": null, ""7"": null}","{""0"": 0.0, ""1"": 0.0, ""2"": null, ""3"": null, ""4"": null, ""5"": null, ""6"": null, ""7"": null}",{},,1,0,1,0,,maneuver-locked,CHANGING_PAUSED,right,left,right,0
804,2026-08-01T22:38:46.723+09:00,89.987,803,8.94,0,AVOIDING_OBSTACLE,,0,0,0,,INNER,INNER,7,0,0.000000,0.000000,0,737,unknown,0,unknown,0.000000,null,0.000000,0.197,,"{""0"": 67, ""1"": 80, ""2"": null, ""3"": null, ""4"": null, ""5"": null, ""6"": null, ""7"": null}","{""0"": 0.0, ""1"": 0.0, ""2"": null, ""3"": null, ""4"": null, ""5"": null, ""6"": null, ""7"": null}",{},,1,0,1,0,,maneuver-locked,CHANGING_PAUSED,right,left,right,0
805,2026-08-01T22:38:46.838+09:00,90.101,804,8.94,0,AVOIDING_OBSTACLE,,0,0,0,,INNER,INNER,7,0,0.000000,0.000000,0,737,unknown,0,unknown,0.000000,null,0.000000,0.309,,"{""0"": 67, ""1"": 80, ""2"": null, ""3"": null, ""4"": null, ""5"": null, ""6"": null, ""7"": null}","{""0"": 0.0, ""1"": 0.0, ""2"": null, ""3"": null, ""4"": null, ""5"": null, ""6"": null, ""7"": null}",{},,1,0,1,0,,maneuver-locked,CHANGING_PAUSED,right,left,right,0
806,2026-08-01T22:38:46.942+09:00,90.205,805,8.94,0,AVOIDING_OBSTACLE,,0,0,0,,INNER,INNER,7,0,0.000000,0.000000,0,737,unknown,0,unknown,0.000000,null,0.000000,0.301,,"{""0"": 67, ""1"": 80, ""2"": null, ""3"": null, ""4"": null, ""5"": null, ""6"": null, ""7"": null}","{""0"": 0.0, ""1"": 0.0, ""2"": null, ""3"": null, ""4"": null, ""5"": null, ""6"": null, ""7"": null}",{},,1,0,1,0,,maneuver-locked,CHANGING_PAUSED,right,left,right,0
807,2026-08-01T22:38:47.056+09:00,90.320,806,8.94,0,AVOIDING_OBSTACLE,,0,0,0,,INNER,INNER,7,0,0.000000,0.000000,0,737,unknown,0,unknown,0.000000,null,0.000000,0.186,,"{""0"": 67, ""1"": 80, ""2"": null, ""3"": null, ""4"": null, ""5"": null, ""6"": null, ""7"": null}","{""0"": 0.0, ""1"": 0.0, ""2"": null, ""3"": null, ""4"": null, ""5"": null, ""6"": null, ""7"": null}",{},,1,0,1,0,,maneuver-locked,CHANGING_PAUSED,right,left,right,0
808,2026-08-01T22:38:47.169+09:00,90.430,807,8.94,0,AVOIDING_OBSTACLE,,0,0,0,,INNER,INNER,7,0,0.000000,0.000000,0,737,unknown,0,unknown,0.000000,null,0.000000,0.295,,"{""0"": 73, ""1"": 250, ""2"": null, ""3"": null, ""4"": null, ""5"": null, ""6"": null, ""7"": null}","{""0"": 0.0, ""1"": 0.0, ""2"": null, ""3"": null, ""4"": null, ""5"": null, ""6"": null, ""7"": null}",{},,1,0,1,0,,maneuver-locked,CHANGING_PAUSED,right,left,right,0
809,2026-08-01T22:38:47.269+09:00,90.534,808,8.94,0,AVOIDING_OBSTACLE,,0,0,0,,INNER,INNER,7,0,0.000000,0.000000,0,739,unknown,0,unknown,0.000000,null,0.000000,0.296,,"{""0"": 250, ""1"": 85, ""2"": null, ""3"": null, ""4"": null, ""5"": null, ""6"": null, ""7"": null}","{""0"": 0.0, ""1"": 0.0, ""2"": null, ""3"": null, ""4"": null, ""5"": null, ""6"": null, ""7"": null}",{},,1,0,1,0,,maneuver-locked,CHANGING_PAUSED,right,left,right,0
810,2026-08-01T22:38:47.383+09:00,90.647,809,8.94,0,AVOIDING_OBSTACLE,,0,0,0,,INNER,INNER,7,0,0.000000,0.000000,0,738,unknown,0,unknown,0.000000,null,0.000000,0.295,,"{""0"": 250, ""1"": 88, ""2"": null, ""3"": null, ""4"": null, ""5"": null, ""6"": null, ""7"": null}","{""0"": 0.0, ""1"": 0.0, ""2"": null, ""3"": null, ""4"": null, ""5"": null, ""6"": null, ""7"": null}",{},,1,0,1,0,,maneuver-locked,CHANGING_PAUSED,right,left,right,0
811,2026-08-01T22:38:47.489+09:00,90.753,810,8.94,0,AVOIDING_OBSTACLE,,0,0,0,,INNER,INNER,7,0,0.000000,0.000000,0,739,unknown,0,unknown,0.000000,null,0.000000,0.400,,"{""0"": 250, ""1"": 93, ""2"": null, ""3"": null, ""4"": null, ""5"": null, ""6"": null, ""7"": null}","{""0"": 0.0, ""1"": 0.0, ""2"": null, ""3"": null, ""4"": null, ""5"": null, ""6"": null, ""7"": null}",{},,1,0,1,0,,maneuver-locked,CHANGING_PAUSED,right,left,right,0
812,2026-08-01T22:38:47.592+09:00,90.857,811,8.94,0,AVOIDING_OBSTACLE,,0,0,0,,INNER,INNER,7,0,0.000000,0.000000,0,739,unknown,0,unknown,0.000000,null,0.000000,0.291,,"{""0"": 250, ""1"": 100, ""2"": null, ""3"": null, ""4"": null, ""5"": null, ""6"": null, ""7"": null}","{""0"": 0.0, ""1"": 0.0, ""2"": null, ""3"": null, ""4"": null, ""5"": null, ""6"": null, ""7"": null}",{},,1,0,1,0,,maneuver-locked,CHANGING_PAUSED,right,left,right,0
813,2026-08-01T22:38:47.706+09:00,90.969,812,8.94,0,AVOIDING_OBSTACLE,,0,0,0,,INNER,INNER,7,0,0.000000,0.000000,0,739,unknown,0,unknown,0.000000,null,0.000000,0.183,,"{""0"": 250, ""1"": 250, ""2"": null, ""3"": null, ""4"": null, ""5"": null, ""6"": null, ""7"": null}","{""0"": 0.0, ""1"": 0.0, ""2"": null, ""3"": null, ""4"": null, ""5"": null, ""6"": null, ""7"": null}",{},,1,0,1,0,,maneuver-locked,CHANGING_PAUSED,right,left,right,0
814,2026-08-01T22:38:47.816+09:00,91.080,813,8.94,0,AVOIDING_OBSTACLE,,0,0,0,,INNER,INNER,7,0,0.000000,0.000000,0,739,unknown,0,unknown,0.000000,null,0.000000,0.294,,"{""0"": 250, ""1"": 250, ""2"": null, ""3"": null, ""4"": null, ""5"": null, ""6"": null, ""7"": null}","{""0"": 0.0, ""1"": 0.0, ""2"": null, ""3"": null, ""4"": null, ""5"": null, ""6"": null, ""7"": null}",{},,1,0,1,0,,maneuver-locked,CHANGING_PAUSED,right,left,right,0
815,2026-08-01T22:38:47.920+09:00,91.185,814,8.94,0,AVOIDING_OBSTACLE,,0,0,0,,INNER,INNER,7,0,0.000000,0.000000,0,739,unknown,0,unknown,0.000000,null,0.000000,0.297,,"{""0"": 250, ""1"": 250, ""2"": null, ""3"": null, ""4"": null, ""5"": null, ""6"": null, ""7"": null}","{""0"": 0.0, ""1"": 0.0, ""2"": null, ""3"": null, ""4"": null, ""5"": null, ""6"": null, ""7"": null}",{},,1,0,1,0,,maneuver-locked,CHANGING_PAUSED,right,left,right,0
816,2026-08-01T22:38:48.040+09:00,91.304,815,8.94,0,AVOIDING_OBSTACLE,,0,0,0,,INNER,INNER,7,0,0.000000,0.000000,0,739,unknown,0,unknown,0.000000,null,0.000000,0.301,,"{""0"": 250, ""1"": 250, ""2"": null, ""3"": null, ""4"": null, ""5"": null, ""6"": null, ""7"": null}","{""0"": 0.0, ""1"": 0.0, ""2"": null, ""3"": null, ""4"": null, ""5"": null, ""6"": null, ""7"": null}",{},,1,0,1,0,,maneuver-locked,CHANGING_PAUSED,right,left,right,0
817,2026-08-01T22:38:48.148+09:00,91.413,816,8.94,0,AVOIDING_OBSTACLE,,0,0,0,,INNER,INNER,7,0,0.000000,0.000000,0,738,unknown,0,unknown,0.000000,null,0.000000,0.411,,"{""0"": 250, ""1"": 250, ""2"": null, ""3"": null, ""4"": null, ""5"": null, ""6"": null, ""7"": null}","{""0"": 0.0, ""1"": 0.0, ""2"": null, ""3"": null, ""4"": null, ""5"": null, ""6"": null, ""7"": null}",{},,1,0,1,0,,maneuver-locked,CHANGING_PAUSED,right,left,right,0
818,2026-08-01T22:38:48.252+09:00,91.517,817,8.94,0,AVOIDING_OBSTACLE,,0,0,0,,INNER,INNER,7,0,0.000000,0.000000,0,739,unknown,0,unknown,0.000000,null,0.000000,0.304,,"{""0"": 250, ""1"": 250, ""2"": null, ""3"": null, ""4"": null, ""5"": null, ""6"": null, ""7"": null}","{""0"": 0.0, ""1"": 0.0, ""2"": null, ""3"": null, ""4"": null, ""5"": null, ""6"": null, ""7"": null}",{},,1,0,1,0,,maneuver-locked,CHANGING_PAUSED,right,left,right,0
819,2026-08-01T22:38:48.354+09:00,91.620,818,8.94,0,AVOIDING_OBSTACLE,,0,0,0,,INNER,INNER,7,0,0.000000,0.000000,0,738,green,0,unknown,0.000000,null,0.000000,0.282,,"{""0"": 250, ""1"": 250, ""2"": null, ""3"": null, ""4"": null, ""5"": null, ""6"": null, ""7"": null}","{""0"": 0.0, ""1"": 0.0, ""2"": null, ""3"": null, ""4"": null, ""5"": null, ""6"": null, ""7"": null}",{},,1,0,1,0,,maneuver-locked,CHANGING_PAUSED,right,left,right,0
820,2026-08-01T22:38:48.477+09:00,91.741,819,8.94,0,AVOIDING_OBSTACLE,,0,0,0,,INNER,INNER,7,0,0.000000,0.000000,0,740,unknown,0,unknown,0.000000,null,0.000000,0.401,,"{""0"": 250, ""1"": 250, ""2"": null, ""3"": null, ""4"": null, ""5"": null, ""6"": null, ""7"": null}","{""0"": 0.0, ""1"": 0.0, ""2"": null, ""3"": null, ""4"": null, ""5"": null, ""6"": null, ""7"": null}",{},,1,0,1,0,,maneuver-locked,CHANGING_PAUSED,right,left,right,0
821,2026-08-01T22:38:48.577+09:00,91.841,820,8.94,0,AVOIDING_OBSTACLE,,0,0,0,,INNER,INNER,7,0,0.000000,0.000000,0,738,unknown,0,unknown,0.000000,null,0.000000,0.292,,"{""0"": 250, ""1"": 250, ""2"": null, ""3"": null, ""4"": null, ""5"": null, ""6"": null, ""7"": null}","{""0"": 0.0, ""1"": 0.0, ""2"": null, ""3"": null, ""4"": null, ""5"": null, ""6"": null, ""7"": null}",{},,1,0,1,0,,maneuver-locked,CHANGING_PAUSED,right,left,right,0
822,2026-08-01T22:38:48.685+09:00,91.950,821,8.94,0,AVOIDING_OBSTACLE,,0,0,0,,INNER,INNER,7,0,0.000000,0.000000,0,738,unknown,0,unknown,0.000000,null,0.000000,0.300,,"{""0"": 250, ""1"": 250, ""2"": null, ""3"": null, ""4"": null, ""5"": null, ""6"": null, ""7"": null}","{""0"": 0.0, ""1"": 0.0, ""2"": null, ""3"": null, ""4"": null, ""5"": null, ""6"": null, ""7"": null}",{},,1,0,1,0,,maneuver-locked,CHANGING_PAUSED,right,left,right,0
823,2026-08-01T22:38:48.801+09:00,92.063,822,8.94,0,AVOIDING_OBSTACLE,,0,0,0,,INNER,INNER,7,0,0.000000,0.000000,0,738,unknown,0,unknown,0.000000,null,0.000000,0.410,,"{""0"": 250, ""1"": 250, ""2"": null, ""3"": null, ""4"": null, ""5"": null, ""6"": null, ""7"": null}","{""0"": 0.0, ""1"": 0.0, ""2"": null, ""3"": null, ""4"": null, ""5"": null, ""6"": null, ""7"": null}",{},,1,0,1,0,,maneuver-locked,CHANGING_PAUSED,right,left,right,0
824,2026-08-01T22:38:48.910+09:00,92.175,823,8.94,0,AVOIDING_OBSTACLE,,0,0,0,,INNER,INNER,7,0,0.000000,0.000000,0,739,unknown,0,unknown,0.000000,null,0.000000,0.301,,"{""0"": 250, ""1"": 250, ""2"": null, ""3"": null, ""4"": null, ""5"": null, ""6"": null, ""7"": null}","{""0"": 0.0, ""1"": 0.0, ""2"": null, ""3"": null, ""4"": null, ""5"": null, ""6"": null, ""7"": null}",{},,1,0,1,0,,maneuver-locked,CHANGING_PAUSED,right,left,right,0
825,2026-08-01T22:38:49.023+09:00,92.288,824,8.94,0,AVOIDING_OBSTACLE,,0,0,0,,INNER,INNER,7,0,0.000000,0.000000,0,738,unknown,0,unknown,0.000000,null,0.000000,0.307,,"{""0"": 250, ""1"": 250, ""2"": null, ""3"": null, ""4"": null, ""5"": null, ""6"": null, ""7"": null}","{""0"": 0.0, ""1"": 0.0, ""2"": null, ""3"": null, ""4"": null, ""5"": null, ""6"": null, ""7"": null}",{},,1,0,1,0,,maneuver-locked,CHANGING_PAUSED,right,left,right,0
826,2026-08-01T22:38:49.148+09:00,92.412,825,8.94,0,AVOIDING_OBSTACLE,,0,0,0,,INNER,INNER,7,0,0.000000,0.000000,0,738,red,0,unknown,0.000000,null,0.000000,0.204,,"{""0"": 250, ""1"": 250, ""2"": null, ""3"": null, ""4"": null, ""5"": null, ""6"": null, ""7"": null}","{""0"": 0.0, ""1"": 0.0, ""2"": null, ""3"": null, ""4"": null, ""5"": null, ""6"": null, ""7"": null}",{},,1,0,1,0,,maneuver-locked,CHANGING_PAUSED,right,left,right,0
827,2026-08-01T22:38:49.259+09:00,92.523,826,8.94,0,AVOIDING_OBSTACLE,,0,0,0,,INNER,INNER,7,0,0.000000,0.000000,0,739,red,0,unknown,0.000000,null,0.000000,0.314,,"{""0"": 250, ""1"": 250, ""2"": null, ""3"": null, ""4"": null, ""5"": null, ""6"": null, ""7"": null}","{""0"": 0.0, ""1"": 0.0, ""2"": null, ""3"": null, ""4"": null, ""5"": null, ""6"": null, ""7"": null}",{},,1,0,1,0,,maneuver-locked,CHANGING_PAUSED,right,left,right,0
828,2026-08-01T22:38:49.369+09:00,92.634,827,8.94,0,AVOIDING_OBSTACLE,,0,0,0,,INNER,INNER,7,0,0.000000,0.000000,0,738,green,0,unknown,0.000000,null,0.000000,0.312,,"{""0"": 250, ""1"": 250, ""2"": null, ""3"": null, ""4"": null, ""5"": null, ""6"": null, ""7"": null}","{""0"": 0.0, ""1"": 0.0, ""2"": null, ""3"": null, ""4"": null, ""5"": null, ""6"": null, ""7"": null}",{},,1,0,1,0,,maneuver-locked,CHANGING_PAUSED,right,left,right,0
829,2026-08-01T22:38:49.482+09:00,92.746,828,8.94,0,AVOIDING_OBSTACLE,,0,0,0,,INNER,INNER,7,0,0.000000,0.000000,0,738,green,0,unknown,0.000000,null,0.000000,0.192,,"{""0"": 250, ""1"": 250, ""2"": null, ""3"": null, ""4"": null, ""5"": null, ""6"": null, ""7"": null}","{""0"": 0.0, ""1"": 0.0, ""2"": null, ""3"": null, ""4"": null, ""5"": null, ""6"": null, ""7"": null}",{},,1,0,1,0,,maneuver-locked,CHANGING_PAUSED,right,left,right,0
830,2026-08-01T22:38:49.604+09:00,92.866,829,8.94,0,AVOIDING_OBSTACLE,,0,0,0,,INNER,INNER,7,0,0.000000,0.000000,0,738,red,0,unknown,0.000000,null,0.000000,0.309,,"{""0"": 250, ""1"": 250, ""2"": null, ""3"": null, ""4"": null, ""5"": null, ""6"": null, ""7"": null}","{""0"": 0.0, ""1"": 0.0, ""2"": null, ""3"": null, ""4"": null, ""5"": null, ""6"": null, ""7"": null}",{},,1,0,1,0,,maneuver-locked,CHANGING_PAUSED,right,left,right,0
831,2026-08-01T22:38:49.712+09:00,92.975,830,8.94,0,AVOIDING_OBSTACLE,,0,0,0,,INNER,INNER,7,0,0.000000,0.000000,0,739,green,0,unknown,0.000000,null,0.000000,0.310,,"{""0"": 250, ""1"": 250, ""2"": null, ""3"": null, ""4"": null, ""5"": null, ""6"": null, ""7"": null}","{""0"": 0.0, ""1"": 0.0, ""2"": null, ""3"": null, ""4"": null, ""5"": null, ""6"": null, ""7"": null}",{},,1,0,1,0,,maneuver-locked,CHANGING_PAUSED,right,left,right,0
832,2026-08-01T22:38:49.816+09:00,93.081,831,8.94,0,AVOIDING_OBSTACLE,,0,0,0,,INNER,INNER,7,0,0.000000,0.000000,0,739,green,0,unknown,0.000000,null,0.000000,0.303,,"{""0"": 250, ""1"": 250, ""2"": null, ""3"": null, ""4"": null, ""5"": null, ""6"": null, ""7"": null}","{""0"": 0.0, ""1"": 0.0, ""2"": null, ""3"": null, ""4"": null, ""5"": null, ""6"": null, ""7"": null}",{},,1,0,1,0,,maneuver-locked,CHANGING_PAUSED,right,left,right,0
833,2026-08-01T22:38:49.928+09:00,93.192,832,8.94,0,AVOIDING_OBSTACLE,,0,0,0,,INNER,INNER,7,0,0.000000,0.000000,0,739,green,0,unknown,0.000000,null,0.000000,0.413,,"{""0"": 250, ""1"": 250, ""2"": null, ""3"": null, ""4"": null, ""5"": null, ""6"": null, ""7"": null}","{""0"": 0.0, ""1"": 0.0, ""2"": null, ""3"": null, ""4"": null, ""5"": null, ""6"": null, ""7"": null}",{},,1,0,1,0,,maneuver-locked,CHANGING_PAUSED,right,left,right,0
834,2026-08-01T22:38:50.031+09:00,93.295,833,8.94,0,AVOIDING_OBSTACLE,,0,0,0,,INNER,INNER,7,0,0.000000,0.000000,0,739,green,0,unknown,0.000000,null,0.000000,0.285,,"{""0"": 250, ""1"": 250, ""2"": null, ""3"": null, ""4"": null, ""5"": null, ""6"": null, ""7"": null}","{""0"": 0.0, ""1"": 0.0, ""2"": null, ""3"": null, ""4"": null, ""5"": null, ""6"": null, ""7"": null}",{},,1,0,1,0,,maneuver-locked,CHANGING_PAUSED,right,left,right,0
835,2026-08-01T22:38:50.149+09:00,93.411,834,8.94,0,AVOIDING_OBSTACLE,,0,0,0,,INNER,INNER,7,0,0.000000,0.000000,0,737,green,0,unknown,0.000000,null,0.000000,0.300,,"{""0"": 250, ""1"": 250, ""2"": null, ""3"": null, ""4"": null, ""5"": null, ""6"": null, ""7"": null}","{""0"": 0.0, ""1"": 0.0, ""2"": null, ""3"": null, ""4"": null, ""5"": null, ""6"": null, ""7"": null}",{},,1,0,1,0,,maneuver-locked,CHANGING_PAUSED,right,left,right,0
836,2026-08-01T22:38:50.264+09:00,93.526,835,8.94,0,AVOIDING_OBSTACLE,,0,0,0,,INNER,INNER,7,0,0.000000,0.000000,0,739,green,0,unknown,0.000000,null,0.000000,0.413,,"{""0"": 250, ""1"": 250, ""2"": null, ""3"": null, ""4"": null, ""5"": null, ""6"": null, ""7"": null}","{""0"": 0.0, ""1"": 0.0, ""2"": null, ""3"": null, ""4"": null, ""5"": null, ""6"": null, ""7"": null}",{},,1,0,1,0,,maneuver-locked,CHANGING_PAUSED,right,left,right,0
837,2026-08-01T22:38:50.382+09:00,93.645,836,8.94,0,AVOIDING_OBSTACLE,,0,0,0,,INNER,INNER,7,0,0.000000,0.000000,0,738,green,0,unknown,0.000000,null,0.000000,0.315,,"{""0"": 250, ""1"": 250, ""2"": null, ""3"": null, ""4"": null, ""5"": null, ""6"": null, ""7"": null}","{""0"": 0.0, ""1"": 0.0, ""2"": null, ""3"": null, ""4"": null, ""5"": null, ""6"": null, ""7"": null}",{},,1,0,1,0,,maneuver-locked,CHANGING_PAUSED,right,left,right,0
838,2026-08-01T22:38:50.494+09:00,93.758,837,8.94,1,AVOIDING_OBSTACLE,phase:CHANGING_PAUSED->CHANGING,0,0,0,,INNER,INNER,7,0,0.000000,-1.000000,70,739,green,0,unknown,0.000000,null,0.000000,0.311,,"{""0"": 250, ""1"": 250, ""2"": null, ""3"": null, ""4"": null, ""5"": null, ""6"": null, ""7"": null}","{""0"": 0.0, ""1"": 0.0, ""2"": null, ""3"": null, ""4"": null, ""5"": null, ""6"": null, ""7"": null}",{},,1,0,1,0,,maneuver-locked,CHANGING,right,left,right,0
839,2026-08-01T22:38:50.609+09:00,93.874,838,8.94,1,AVOIDING_OBSTACLE,,0,0,0,,INNER,INNER,7,0,0.000000,-1.000000,70,737,green,0,unknown,0.000000,null,0.000000,0.203,,"{""0"": 250, ""1"": 250, ""2"": null, ""3"": null, ""4"": null, ""5"": null, ""6"": null, ""7"": null}","{""0"": 0.0, ""1"": 0.0, ""2"": null, ""3"": null, ""4"": null, ""5"": null, ""6"": null, ""7"": null}",{},,1,0,1,0,,maneuver-locked,CHANGING,right,left,right,0
840,2026-08-01T22:38:50.726+09:00,93.989,839,8.94,1,AVOIDING_OBSTACLE,,0,0,0,,INNER,INNER,7,0,0.000000,-1.000000,70,728,green,0,unknown,0.000000,null,0.000000,0.317,,"{""0"": 250, ""1"": 250, ""2"": null, ""3"": null, ""4"": null, ""5"": null, ""6"": null, ""7"": null}","{""0"": 0.0, ""1"": 0.0, ""2"": null, ""3"": null, ""4"": null, ""5"": null, ""6"": null, ""7"": null}",{},,1,0,1,0,,maneuver-locked,CHANGING,right,left,right,0
841,2026-08-01T22:38:50.842+09:00,94.105,840,8.94,1,AVOIDING_OBSTACLE,phase:CHANGING->COUNTER_STEER,0,0,0,,INNER,INNER,7,0,0.000000,1.000000,70,694,unknown,0,unknown,0.000000,null,0.000000,0.312,,"{""0"": 250, ""1"": 250, ""2"": null, ""3"": null, ""4"": null, ""5"": null, ""6"": null, ""7"": null}","{""0"": 0.0, ""1"": 0.0, ""2"": null, ""3"": null, ""4"": null, ""5"": null, ""6"": null, ""7"": null}",{},,1,0,1,0,,maneuver-locked,COUNTER_STEER,right,left,right,0
842,2026-08-01T22:38:50.957+09:00,94.221,841,8.94,1,AVOIDING_OBSTACLE,,0,0,0,,INNER,INNER,7,0,0.000000,1.000000,70,705,green,0,unknown,0.000000,null,0.000000,0.200,,"{""0"": 250, ""1"": 250, ""2"": null, ""3"": null, ""4"": null, ""5"": null, ""6"": null, ""7"": null}","{""0"": 0.0, ""1"": 0.0, ""2"": null, ""3"": null, ""4"": null, ""5"": null, ""6"": null, ""7"": null}",{},,1,0,1,0,,maneuver-locked,COUNTER_STEER,right,left,right,0
843,2026-08-01T22:38:51.073+09:00,94.335,842,8.94,1,AVOIDING_OBSTACLE,,0,0,0,,INNER,INNER,7,0,0.000000,1.000000,70,740,unknown,0,unknown,0.000000,null,0.000000,0.310,,"{""0"": 250, ""1"": 250, ""2"": null, ""3"": null, ""4"": null, ""5"": null, ""6"": null, ""7"": null}","{""0"": 0.0, ""1"": 0.0, ""2"": null, ""3"": null, ""4"": null, ""5"": null, ""6"": null, ""7"": null}",{},,1,0,1,0,,maneuver-locked,COUNTER_STEER,right,left,right,0
844,2026-08-01T22:38:51.177+09:00,94.441,843,8.94,1,AVOIDING_OBSTACLE,,0,0,0,,INNER,INNER,7,0,0.000000,1.000000,70,782,red,0,unknown,0.000000,null,0.000000,0.303,,"{""0"": 250, ""1"": 250, ""2"": null, ""3"": null, ""4"": null, ""5"": null, ""6"": null, ""7"": null}","{""0"": 0.0, ""1"": 0.0, ""2"": null, ""3"": null, ""4"": null, ""5"": null, ""6"": null, ""7"": null}",{},,1,0,1,0,,maneuver-locked,COUNTER_STEER,right,left,right,0
845,2026-08-01T22:38:51.293+09:00,94.556,844,8.94,1,AVOIDING_OBSTACLE,,0,0,0,,INNER,INNER,7,0,0.000000,1.000000,70,800,green,0,unknown,0.000000,null,0.000000,0.305,,"{""0"": 250, ""1"": 250, ""2"": null, ""3"": null, ""4"": null, ""5"": null, ""6"": null, ""7"": null}","{""0"": 0.0, ""1"": 0.0, ""2"": null, ""3"": null, ""4"": null, ""5"": null, ""6"": null, ""7"": null}",{},,1,0,1,0,,maneuver-locked,COUNTER_STEER,right,left,right,0
846,2026-08-01T22:38:51.404+09:00,94.669,845,8.94,1,AVOIDING_OBSTACLE,,0,0,0,,INNER,INNER,7,0,0.000000,1.000000,70,805,green,0,unknown,0.000000,null,0.000000,0.417,,"{""0"": 250, ""1"": 250, ""2"": null, ""3"": null, ""4"": null, ""5"": null, ""6"": null, ""7"": null}","{""0"": 0.0, ""1"": 0.0, ""2"": null, ""3"": null, ""4"": null, ""5"": null, ""6"": null, ""7"": null}",{},,1,0,1,0,,maneuver-locked,COUNTER_STEER,right,left,right,0
847,2026-08-01T22:38:51.505+09:00,94.769,846,8.94,1,AVOIDING_OBSTACLE,,0,0,0,,INNER,INNER,7,0,0.000000,1.000000,70,810,green,0,unknown,0.000000,null,0.000000,0.287,,"{""0"": 250, ""1"": 250, ""2"": null, ""3"": null, ""4"": null, ""5"": null, ""6"": null, ""7"": null}","{""0"": 0.0, ""1"": 0.0, ""2"": null, ""3"": null, ""4"": null, ""5"": null, ""6"": null, ""7"": null}",{},,1,0,1,0,,maneuver-locked,COUNTER_STEER,right,left,right,0
848,2026-08-01T22:38:51.613+09:00,94.878,847,8.94,1,AVOIDING_OBSTACLE,,0,0,0,,INNER,INNER,7,0,0.000000,1.000000,70,817,green,0,unknown,0.000000,null,0.000000,0.290,,"{""0"": 250, ""1"": 250, ""2"": null, ""3"": null, ""4"": null, ""5"": null, ""6"": null, ""7"": null}","{""0"": 0.0, ""1"": 0.0, ""2"": null, ""3"": null, ""4"": null, ""5"": null, ""6"": null, ""7"": null}",{},,1,0,1,0,,maneuver-locked,COUNTER_STEER,right,left,right,0
849,2026-08-01T22:38:51.718+09:00,94.982,848,8.94,1,AVOIDING_OBSTACLE,,0,0,0,,INNER,INNER,7,0,0.000000,1.000000,70,818,green,0,unknown,0.000000,null,0.000000,0.393,,"{""0"": 250, ""1"": 250, ""2"": null, ""3"": null, ""4"": null, ""5"": null, ""6"": null, ""7"": null}","{""0"": 0.0, ""1"": 0.0, ""2"": null, ""3"": null, ""4"": null, ""5"": null, ""6"": null, ""7"": null}",{},,1,0,1,0,,maneuver-locked,COUNTER_STEER,right,left,right,0
850,2026-08-01T22:38:51.820+09:00,95.082,849,8.94,1,AVOIDING_OBSTACLE,,0,0,0,,INNER,INNER,7,0,0.000000,1.000000,70,820,green,0,unknown,0.000000,null,0.000000,0.280,,"{""0"": 250, ""1"": 250, ""2"": null, ""3"": null, ""4"": null, ""5"": null, ""6"": null, ""7"": null}","{""0"": 0.0, ""1"": 0.0, ""2"": null, ""3"": null, ""4"": null, ""5"": null, ""6"": null, ""7"": null}",{},,1,0,1,0,,maneuver-locked,COUNTER_STEER,right,left,right,0
851,2026-08-01T22:38:51.932+09:00,95.197,850,8.94,1,DRIVING,state:AVOIDING_OBSTACLE->DRIVING;phase:COUNTER_STEER->KEEP,0,0,0,,UNKNOWN,UNKNOWN,0,0,0.000000,0.000000,70,819,green,0,unknown,0.000000,null,0.000000,0.288,,"{""0"": 250, ""1"": 250, ""2"": null, ""3"": null, ""4"": null, ""5"": null, ""6"": null, ""7"": null}","{""0"": 0.0, ""1"": 0.0, ""2"": null, ""3"": null, ""4"": null, ""5"": null, ""6"": null, ""7"": null}",{},,1,0,1,0,,maneuver-locked,KEEP,,,,0
852,2026-08-01T22:38:52.040+09:00,95.304,851,8.94,1,DRIVING,,0,1,0,0.319815,OUTER,UNKNOWN,0,1,-0.575668,-0.575668,255,810,unknown,0,unknown,0.000000,null,0.000000,0.395,,"{""0"": 250, ""1"": 158, ""2"": null, ""3"": null, ""4"": null, ""5"": null, ""6"": null, ""7"": null}","{""0"": 0.0, ""1"": 0.0, ""2"": null, ""3"": null, ""4"": null, ""5"": null, ""6"": null, ""7"": null}","{""0"": 250, ""1"": 158}",158,1,0,0,0,0.395,ultrasonic-not-close,KEEP,left,right,,0
853,2026-08-01T22:38:52.140+09:00,95.403,852,8.94,1,DRIVING,,0,1,0,0.358259,UNKNOWN,UNKNOWN,0,1,-0.714065,-0.714065,255,769,green,0,unknown,0.000000,null,0.000000,0.288,,"{""0"": 250, ""1"": 250, ""2"": null, ""3"": null, ""4"": null, ""5"": null, ""6"": null, ""7"": null}","{""0"": 0.0, ""1"": 0.0, ""2"": null, ""3"": null, ""4"": null, ""5"": null, ""6"": null, ""7"": null}","{""0"": 250, ""1"": 250}",250,1,0,0,0,0.288,ultrasonic-not-close,KEEP,left,,,0
854,2026-08-01T22:38:52.249+09:00,95.514,853,8.94,1,DRIVING,,0,1,0,0.418080,UNKNOWN,UNKNOWN,0,1,-0.908662,-0.908662,255,726,green,0,unknown,0.000000,null,0.000000,0.287,,"{""0"": 250, ""1"": 250, ""2"": null, ""3"": null, ""4"": null, ""5"": null, ""6"": null, ""7"": null}","{""0"": 0.0, ""1"": 0.0, ""2"": null, ""3"": null, ""4"": null, ""5"": null, ""6"": null, ""7"": null}","{""0"": 250, ""1"": 250}",250,1,0,0,0,0.287,ultrasonic-not-close,KEEP,left,,,0
855,2026-08-01T22:38:52.357+09:00,95.621,854,8.94,1,DRIVING,,0,1,0,0.495835,UNKNOWN,UNKNOWN,0,1,-1.000000,-1.000000,255,710,unknown,0,unknown,0.000000,null,0.000000,0.393,,"{""0"": 250, ""1"": 250, ""2"": null, ""3"": null, ""4"": null, ""5"": null, ""6"": null, ""7"": null}","{""0"": 0.0, ""1"": 0.0, ""2"": null, ""3"": null, ""4"": null, ""5"": null, ""6"": null, ""7"": null}","{""0"": 250, ""1"": 250}",250,1,0,0,0,0.393,ultrasonic-not-close,KEEP,left,,,0
856,2026-08-01T22:38:52.451+09:00,95.714,855,8.94,1,DRIVING,,0,1,0,0.527897,UNKNOWN,UNKNOWN,0,1,-1.000000,-1.000000,255,701,unknown,0,unknown,0.000000,null,0.000000,0.279,,"{""0"": 250, ""1"": 250, ""2"": null, ""3"": null, ""4"": null, ""5"": null, ""6"": null, ""7"": null}","{""0"": 0.0, ""1"": 0.0, ""2"": null, ""3"": null, ""4"": null, ""5"": null, ""6"": null, ""7"": null}","{""0"": 250, ""1"": 250}",250,1,0,0,0,0.279,ultrasonic-not-close,KEEP,left,,,0
857,2026-08-01T22:38:52.561+09:00,95.826,856,8.94,1,DRIVING,,0,1,0,0.536717,UNKNOWN,UNKNOWN,0,1,-1.000000,-1.000000,255,687,unknown,0,unknown,0.000000,null,0.000000,0.280,,"{""0"": 250, ""1"": 250, ""2"": null, ""3"": null, ""4"": null, ""5"": null, ""6"": null, ""7"": null}","{""0"": 0.0, ""1"": 0.0, ""2"": null, ""3"": null, ""4"": null, ""5"": null, ""6"": null, ""7"": null}","{""0"": 250, ""1"": 250}",250,1,0,0,0,0.280,ultrasonic-not-close,KEEP,left,,,0
858,2026-08-01T22:38:52.672+09:00,95.937,857,8.94,1,DRIVING,,0,1,0,0.526183,UNKNOWN,UNKNOWN,0,1,-1.000000,-1.000000,255,687,unknown,0,unknown,0.000000,null,0.000000,0.390,,"{""0"": 250, ""1"": 250, ""2"": null, ""3"": null, ""4"": null, ""5"": null, ""6"": null, ""7"": null}","{""0"": 0.0, ""1"": 0.0, ""2"": null, ""3"": null, ""4"": null, ""5"": null, ""6"": null, ""7"": null}","{""0"": 250, ""1"": 250}",250,1,0,0,0,0.390,ultrasonic-not-close,KEEP,left,,,0
859,2026-08-01T22:38:52.786+09:00,96.050,858,8.94,1,DRIVING,,0,1,0,0.501719,UNKNOWN,UNKNOWN,0,0,-0.933202,-0.933202,255,686,green,0,unknown,0.000000,null,0.000000,0.302,,"{""0"": 250, ""1"": 250, ""2"": null, ""3"": null, ""4"": null, ""5"": null, ""6"": null, ""7"": null}","{""0"": 0.0, ""1"": 0.0, ""2"": null, ""3"": null, ""4"": null, ""5"": null, ""6"": null, ""7"": null}","{""0"": 250, ""1"": 250}",250,1,0,0,0,0.302,ultrasonic-not-close,KEEP,left,,,0
860,2026-08-01T22:38:52.889+09:00,96.154,859,8.94,1,DRIVING,,0,1,0,0.500986,UNKNOWN,UNKNOWN,0,0,-0.921532,-0.921532,255,685,green,1,obstacle-car,0.776271,"[1004, 450, 1266, 719]",0.076474,0.298,,"{""0"": 250, ""1"": 250, ""2"": null, ""3"": null, ""4"": null, ""5"": null, ""6"": null, ""7"": null}","{""0"": 0.0, ""1"": 0.0, ""2"": null, ""3"": null, ""4"": null, ""5"": null, ""6"": null, ""7"": null}","{""0"": 250, ""1"": 250}",250,1,0,0,0,0.298,ultrasonic-not-close,KEEP,left,,,0
861,2026-08-01T22:38:53.002+09:00,96.266,860,8.94,1,DRIVING,,0,1,0,0.232344,UNKNOWN,UNKNOWN,0,0,0.051508,0.051508,255,688,green,1,obstacle-car,0.776271,"[1004, 450, 1266, 719]",0.076474,0.409,,"{""0"": 250, ""1"": 250, ""2"": null, ""3"": null, ""4"": null, ""5"": null, ""6"": null, ""7"": null}","{""0"": 0.0, ""1"": 0.0, ""2"": null, ""3"": null, ""4"": null, ""5"": null, ""6"": null, ""7"": null}","{""0"": 250, ""1"": 250}",250,1,0,0,0,0.409,ultrasonic-not-close,KEEP,left,right,,0
862,2026-08-01T22:38:53.107+09:00,96.371,861,8.95,1,DRIVING,,0,1,0,0.332580,UNKNOWN,UNKNOWN,0,0,-0.450259,-0.450259,255,689,green,1,obstacle-car,0.673662,"[940, 465, 1221, 710]",0.074617,0.288,,"{""0"": 250, ""1"": 250, ""2"": null, ""3"": null, ""4"": null, ""5"": null, ""6"": null, ""7"": null}","{""0"": 0.0, ""1"": 0.0, ""2"": null, ""3"": null, ""4"": null, ""5"": null, ""6"": null, ""7"": null}","{""0"": 250, ""1"": 250}",250,1,0,0,0,0.288,ultrasonic-not-close,KEEP,left,,,0
863,2026-08-01T22:38:53.210+09:00,96.474,862,8.95,1,DRIVING,,0,1,0,0.298385,UNKNOWN,UNKNOWN,0,0,-0.371676,-0.371676,255,701,green,1,obstacle-car,0.863365,"[868, 447, 1150, 681]",0.071333,0.290,,"{""0"": 250, ""1"": 250, ""2"": null, ""3"": null, ""4"": null, ""5"": null, ""6"": null, ""7"": null}","{""0"": 0.0, ""1"": 0.0, ""2"": null, ""3"": null, ""4"": null, ""5"": null, ""6"": null, ""7"": null}","{""0"": 250, ""1"": 250}",250,1,0,0,0,0.290,ultrasonic-not-close,KEEP,left,,,0
864,2026-08-01T22:38:53.321+09:00,96.586,863,8.95,1,DRIVING,,0,1,0,0.255648,UNKNOWN,UNKNOWN,0,0,-0.267447,-0.267447,255,707,green,1,obstacle-car,0.863365,"[868, 447, 1150, 681]",0.071333,0.400,,"{""0"": 250, ""1"": 250, ""2"": null, ""3"": null, ""4"": null, ""5"": null, ""6"": null, ""7"": null}","{""0"": 0.0, ""1"": 0.0, ""2"": null, ""3"": null, ""4"": null, ""5"": null, ""6"": null, ""7"": null}","{""0"": 250, ""1"": 250}",250,1,0,0,0,0.400,ultrasonic-not-close,KEEP,left,,,0
865,2026-08-01T22:38:53.432+09:00,96.695,864,8.95,1,DRIVING,,0,1,0,0.259805,OUTER,UNKNOWN,0,1,-0.340227,-0.340227,255,709,green,1,obstacle-car,0.906861,"[797, 447, 1091, 673]",0.072054,0.291,,"{""0"": 250, ""1"": 125, ""2"": null, ""3"": null, ""4"": null, ""5"": null, ""6"": null, ""7"": null}","{""0"": 0.0, ""1"": 0.0, ""2"": null, ""3"": null, ""4"": null, ""5"": null, ""6"": null, ""7"": null}","{""0"": 250, ""1"": 125}",125,1,1,1,1,0.291,car+ultrasonic,KEEP,left,right,,0
866,2026-08-01T22:38:53.548+09:00,96.811,865,8.95,1,DRIVING,,0,1,0,0.234554,OUTER,UNKNOWN,0,2,-0.287551,-0.287551,255,721,green,1,obstacle-car,0.929430,"[766, 448, 1057, 691]",0.076426,0.304,,"{""0"": 250, ""1"": 116, ""2"": null, ""3"": null, ""4"": null, ""5"": null, ""6"": null, ""7"": null}","{""0"": 0.0, ""1"": 0.0, ""2"": null, ""3"": null, ""4"": null, ""5"": null, ""6"": null, ""7"": null}","{""0"": 250, ""1"": 116}",116,1,1,1,2,0.304,car+ultrasonic,KEEP,left,right,,0
867,2026-08-01T22:38:53.664+09:00,96.928,866,8.95,1,AVOIDING_OBSTACLE,state:DRIVING->AVOIDING_OBSTACLE;phase:KEEP->CHANGING,0,1,0,0.198843,OUTER,OUTER,0,3,0.000000,1.000000,70,720,green,1,obstacle-car,0.981606,"[686, 442, 1011, 713]",0.095540,0.199,,"{""0"": 250, ""1"": 103, ""2"": null, ""3"": null, ""4"": null, ""5"": null, ""6"": null, ""7"": null}","{""0"": 0.0, ""1"": 0.0, ""2"": null, ""3"": null, ""4"": null, ""5"": null, ""6"": null, ""7"": null}","{""0"": 250, ""1"": 103}",103,1,1,1,0,0.199,car+ultrasonic,CHANGING,left,right,left,0
868,2026-08-01T22:38:53.775+09:00,97.038,867,8.95,1,AVOIDING_OBSTACLE,,0,0,0,,OUTER,OUTER,0,3,0.000000,1.000000,70,744,green,1,obstacle-car,0.981606,"[686, 442, 1011, 713]",0.095540,0.308,,"{""0"": 250, ""1"": 95, ""2"": null, ""3"": null, ""4"": null, ""5"": null, ""6"": null, ""7"": null}","{""0"": 0.0, ""1"": 0.0, ""2"": null, ""3"": null, ""4"": null, ""5"": null, ""6"": null, ""7"": null}",{},,1,0,1,0,,maneuver-locked,CHANGING,left,right,left,0
869,2026-08-01T22:38:53.879+09:00,97.145,868,8.95,1,AVOIDING_OBSTACLE,,0,0,0,,OUTER,OUTER,0,3,0.000000,1.000000,70,785,green,1,obstacle-car,0.990116,"[659, 445, 996, 716]",0.098888,0.301,,"{""0"": 250, ""1"": 87, ""2"": null, ""3"": null, ""4"": null, ""5"": null, ""6"": null, ""7"": null}","{""0"": 0.0, ""1"": 0.0, ""2"": null, ""3"": null, ""4"": null, ""5"": null, ""6"": null, ""7"": null}",{},,1,0,1,0,,maneuver-locked,CHANGING,left,right,left,0
870,2026-08-01T22:38:53.985+09:00,97.250,869,8.95,1,AVOIDING_OBSTACLE,,0,0,0,,OUTER,OUTER,0,3,0.000000,1.000000,70,801,green,1,obstacle-car,0.964868,"[584, 434, 946, 717]",0.111256,0.178,,"{""0"": 250, ""1"": 80, ""2"": null, ""3"": null, ""4"": null, ""5"": null, ""6"": null, ""7"": null}","{""0"": 0.0, ""1"": 0.0, ""2"": null, ""3"": null, ""4"": null, ""5"": null, ""6"": null, ""7"": null}",{},,1,0,1,0,,maneuver-locked,CHANGING,left,right,left,0
871,2026-08-01T22:38:54.103+09:00,97.367,870,8.95,1,AVOIDING_OBSTACLE,,0,0,0,,OUTER,OUTER,0,3,0.000000,1.000000,70,807,green,1,obstacle-car,0.964868,"[584, 434, 946, 717]",0.111256,0.295,,"{""0"": 250, ""1"": 74, ""2"": null, ""3"": null, ""4"": null, ""5"": null, ""6"": null, ""7"": null}","{""0"": 0.0, ""1"": 0.0, ""2"": null, ""3"": null, ""4"": null, ""5"": null, ""6"": null, ""7"": null}",{},,1,0,1,0,,maneuver-locked,CHANGING,left,right,left,0
872,2026-08-01T22:38:54.209+09:00,97.473,871,8.95,1,AVOIDING_OBSTACLE,,0,0,0,,OUTER,OUTER,0,3,0.000000,1.000000,70,820,green,1,obstacle-car,0.998072,"[537, 430, 921, 718]",0.119922,0.299,,"{""0"": 250, ""1"": 64, ""2"": null, ""3"": null, ""4"": null, ""5"": null, ""6"": null, ""7"": null}","{""0"": 0.0, ""1"": 0.0, ""2"": null, ""3"": null, ""4"": null, ""5"": null, ""6"": null, ""7"": null}",{},,1,0,1,0,,maneuver-locked,CHANGING,left,right,left,0
873,2026-08-01T22:38:54.319+09:00,97.584,872,8.95,1,AVOIDING_OBSTACLE,,0,0,0,,OUTER,OUTER,0,3,0.000000,1.000000,70,819,green,1,obstacle-car,0.992235,"[579, 413, 1053, 718]",0.156683,0.184,,"{""0"": 250, ""1"": 58, ""2"": null, ""3"": null, ""4"": null, ""5"": null, ""6"": null, ""7"": null}","{""0"": 0.0, ""1"": 0.0, ""2"": null, ""3"": null, ""4"": null, ""5"": null, ""6"": null, ""7"": null}",{},,1,0,1,0,,maneuver-locked,CHANGING,left,right,left,0
874,2026-08-01T22:38:54.437+09:00,97.699,873,8.95,1,AVOIDING_OBSTACLE,,0,0,0,,OUTER,OUTER,0,3,0.000000,1.000000,70,819,green,1,obstacle-car,0.992235,"[579, 413, 1053, 718]",0.156683,0.296,,"{""0"": 250, ""1"": 53, ""2"": null, ""3"": null, ""4"": null, ""5"": null, ""6"": null, ""7"": null}","{""0"": 0.0, ""1"": 0.0, ""2"": null, ""3"": null, ""4"": null, ""5"": null, ""6"": null, ""7"": null}",{},,1,0,1,0,,maneuver-locked,CHANGING,left,right,left,0
875,2026-08-01T22:38:54.544+09:00,97.809,874,8.95,1,AVOIDING_OBSTACLE,,0,0,0,,OUTER,OUTER,0,3,0.000000,1.000000,70,820,green,1,obstacle-car,0.991257,"[615, 391, 1132, 717]",0.182982,0.305,,"{""0"": 250, ""1"": 51, ""2"": null, ""3"": null, ""4"": null, ""5"": null, ""6"": null, ""7"": null}","{""0"": 0.0, ""1"": 0.0, ""2"": null, ""3"": null, ""4"": null, ""5"": null, ""6"": null, ""7"": null}",{},,1,0,1,0,,maneuver-locked,CHANGING,left,right,left,0
876,2026-08-01T22:38:54.657+09:00,97.922,875,8.95,1,AVOIDING_OBSTACLE,,0,0,0,,OUTER,OUTER,0,3,0.000000,1.000000,70,821,green,1,obstacle-car,0.989748,"[665, 373, 1224, 720]",0.210249,0.308,,"{""0"": 250, ""1"": 46, ""2"": null, ""3"": null, ""4"": null, ""5"": null, ""6"": null, ""7"": null}","{""0"": 0.0, ""1"": 0.0, ""2"": null, ""3"": null, ""4"": null, ""5"": null, ""6"": null, ""7"": null}",{},,1,0,1,0,,maneuver-locked,CHANGING,left,right,left,0
877,2026-08-01T22:38:54.774+09:00,98.036,876,8.95,1,AVOIDING_OBSTACLE,,0,0,0,,OUTER,OUTER,0,3,0.000000,1.000000,70,821,green,1,obstacle-car,0.989748,"[665, 373, 1224, 720]",0.210249,0.421,,"{""0"": 250, ""1"": 57, ""2"": null, ""3"": null, ""4"": null, ""5"": null, ""6"": null, ""7"": null}","{""0"": 0.0, ""1"": 0.0, ""2"": null, ""3"": null, ""4"": null, ""5"": null, ""6"": null, ""7"": null}",{},,1,0,1,0,,maneuver-locked,CHANGING,left,right,left,0
878,2026-08-01T22:38:54.896+09:00,98.159,877,8.95,1,AVOIDING_OBSTACLE,,0,0,0,,OUTER,OUTER,0,3,0.000000,1.000000,70,821,green,1,obstacle-car,0.992931,"[760, 360, 1279, 716]",0.200634,0.316,,"{""0"": 250, ""1"": 250, ""2"": null, ""3"": null, ""4"": null, ""5"": null, ""6"": null, ""7"": null}","{""0"": 0.0, ""1"": 0.0, ""2"": null, ""3"": null, ""4"": null, ""5"": null, ""6"": null, ""7"": null}",{},,1,0,1,0,,maneuver-locked,CHANGING,left,right,left,0
879,2026-08-01T22:38:55.003+09:00,98.268,878,8.95,1,AVOIDING_OBSTACLE,,0,0,0,,OUTER,OUTER,0,3,0.000000,1.000000,70,820,green,1,obstacle-car,0.990993,"[822, 349, 1273, 719]",0.180578,0.315,,"{""0"": 250, ""1"": 250, ""2"": null, ""3"": null, ""4"": null, ""5"": null, ""6"": null, ""7"": null}","{""0"": 0.0, ""1"": 0.0, ""2"": null, ""3"": null, ""4"": null, ""5"": null, ""6"": null, ""7"": null}",{},,1,0,1,0,,maneuver-locked,CHANGING,left,right,left,0
880,2026-08-01T22:38:55.116+09:00,98.381,879,8.95,1,AVOIDING_OBSTACLE,,0,0,0,,OUTER,OUTER,0,3,0.000000,1.000000,70,820,green,1,obstacle-car,0.990993,"[822, 349, 1273, 719]",0.180578,0.426,,"{""0"": 250, ""1"": 250, ""2"": null, ""3"": null, ""4"": null, ""5"": null, ""6"": null, ""7"": null}","{""0"": 0.0, ""1"": 0.0, ""2"": null, ""3"": null, ""4"": null, ""5"": null, ""6"": null, ""7"": null}",{},,1,0,1,0,,maneuver-locked,CHANGING,left,right,left,0
881,2026-08-01T22:38:55.220+09:00,98.485,880,8.95,1,AVOIDING_OBSTACLE,,0,0,0,,OUTER,OUTER,0,3,0.000000,1.000000,70,822,unknown,1,obstacle-car,0.842181,"[919, 410, 1275, 719]",0.119202,0.289,,"{""0"": 250, ""1"": 250, ""2"": null, ""3"": null, ""4"": null, ""5"": null, ""6"": null, ""7"": null}","{""0"": 0.0, ""1"": 0.0, ""2"": null, ""3"": null, ""4"": null, ""5"": null, ""6"": null, ""7"": null}",{},,1,0,1,0,,maneuver-locked,CHANGING,left,right,left,0
882,2026-08-01T22:38:55.331+09:00,98.596,881,8.95,1,AVOIDING_OBSTACLE,,0,0,0,,OUTER,OUTER,0,3,0.000000,1.000000,70,821,unknown,1,obstacle-car,0.872356,"[1029, 449, 1277, 719]",0.072582,0.297,,"{""0"": 250, ""1"": 250, ""2"": null, ""3"": null, ""4"": null, ""5"": null, ""6"": null, ""7"": null}","{""0"": 0.0, ""1"": 0.0, ""2"": null, ""3"": null, ""4"": null, ""5"": null, ""6"": null, ""7"": null}",{},,1,0,1,0,,maneuver-locked,CHANGING,left,right,left,0
883,2026-08-01T22:38:55.447+09:00,98.712,882,8.95,1,AVOIDING_OBSTACLE,,0,0,0,,OUTER,OUTER,0,3,0.000000,1.000000,70,821,unknown,0,unknown,0.000000,null,0.000000,0.195,,"{""0"": 250, ""1"": 250, ""2"": null, ""3"": null, ""4"": null, ""5"": null, ""6"": null, ""7"": null}","{""0"": 0.0, ""1"": 0.0, ""2"": null, ""3"": null, ""4"": null, ""5"": null, ""6"": null, ""7"": null}",{},,1,0,1,0,,maneuver-locked,CHANGING,left,right,left,0
884,2026-08-01T22:38:55.558+09:00,98.822,883,8.95,1,AVOIDING_OBSTACLE,,0,0,0,,OUTER,OUTER,0,3,0.000000,1.000000,70,822,unknown,0,unknown,0.000000,null,0.000000,0.304,,"{""0"": 250, ""1"": 250, ""2"": null, ""3"": null, ""4"": null, ""5"": null, ""6"": null, ""7"": null}","{""0"": 0.0, ""1"": 0.0, ""2"": null, ""3"": null, ""4"": null, ""5"": null, ""6"": null, ""7"": null}",{},,1,0,1,0,,maneuver-locked,CHANGING,left,right,left,0
885,2026-08-01T22:38:55.672+09:00,98.935,884,8.95,1,AVOIDING_OBSTACLE,,0,0,0,,OUTER,OUTER,0,3,0.000000,1.000000,70,818,unknown,0,unknown,0.000000,null,0.000000,0.308,,"{""0"": 250, ""1"": 250, ""2"": null, ""3"": null, ""4"": null, ""5"": null, ""6"": null, ""7"": null}","{""0"": 0.0, ""1"": 0.0, ""2"": null, ""3"": null, ""4"": null, ""5"": null, ""6"": null, ""7"": null}",{},,1,0,1,0,,maneuver-locked,CHANGING,left,right,left,0
886,2026-08-01T22:38:55.793+09:00,99.057,885,8.95,1,AVOIDING_OBSTACLE,,0,0,0,,OUTER,OUTER,0,3,0.000000,1.000000,70,817,unknown,0,unknown,0.000000,null,0.000000,0.201,,"{""0"": 250, ""1"": 250, ""2"": null, ""3"": null, ""4"": null, ""5"": null, ""6"": null, ""7"": null}","{""0"": 0.0, ""1"": 0.0, ""2"": null, ""3"": null, ""4"": null, ""5"": null, ""6"": null, ""7"": null}",{},,1,0,1,0,,maneuver-locked,CHANGING,left,right,left,0
887,2026-08-01T22:38:55.921+09:00,99.183,886,8.94,1,AVOIDING_OBSTACLE,phase:CHANGING->COUNTER_STEER,0,0,0,,OUTER,OUTER,0,3,0.000000,-1.000000,70,818,unknown,0,unknown,0.000000,null,0.000000,0.325,,"{""0"": 250, ""1"": 250, ""2"": null, ""3"": null, ""4"": null, ""5"": null, ""6"": null, ""7"": null}","{""0"": 0.0, ""1"": 0.0, ""2"": null, ""3"": null, ""4"": null, ""5"": null, ""6"": null, ""7"": null}",{},,1,0,1,0,,maneuver-locked,COUNTER_STEER,left,right,left,0
888,2026-08-01T22:38:56.041+09:00,99.304,887,8.94,1,AVOIDING_OBSTACLE,,0,0,0,,OUTER,OUTER,0,3,0.000000,-1.000000,70,818,unknown,0,unknown,0.000000,null,0.000000,0.335,,"{""0"": 250, ""1"": 250, ""2"": null, ""3"": null, ""4"": null, ""5"": null, ""6"": null, ""7"": null}","{""0"": 0.0, ""1"": 0.0, ""2"": null, ""3"": null, ""4"": null, ""5"": null, ""6"": null, ""7"": null}",{},,1,0,1,0,,maneuver-locked,COUNTER_STEER,left,right,left,0
889,2026-08-01T22:38:56.150+09:00,99.415,888,8.94,1,AVOIDING_OBSTACLE,,0,0,0,,OUTER,OUTER,0,3,0.000000,-1.000000,70,716,unknown,0,unknown,0.000000,null,0.000000,0.328,,"{""0"": 250, ""1"": 250, ""2"": null, ""3"": null, ""4"": null, ""5"": null, ""6"": null, ""7"": null}","{""0"": 0.0, ""1"": 0.0, ""2"": null, ""3"": null, ""4"": null, ""5"": null, ""6"": null, ""7"": null}",{},,1,0,1,0,,maneuver-locked,COUNTER_STEER,left,right,left,0
890,2026-08-01T22:38:56.264+09:00,99.530,889,8.94,1,AVOIDING_OBSTACLE,,0,0,0,,OUTER,OUTER,0,3,0.000000,-1.000000,70,712,unknown,0,unknown,0.000000,null,0.000000,0.192,,"{""0"": 250, ""1"": 250, ""2"": null, ""3"": null, ""4"": null, ""5"": null, ""6"": null, ""7"": null}","{""0"": 0.0, ""1"": 0.0, ""2"": null, ""3"": null, ""4"": null, ""5"": null, ""6"": null, ""7"": null}",{},,1,0,1,0,,maneuver-locked,COUNTER_STEER,left,right,left,0
891,2026-08-01T22:38:56.371+09:00,99.635,890,8.94,1,AVOIDING_OBSTACLE,,0,0,0,,OUTER,OUTER,0,3,0.000000,-1.000000,70,697,unknown,0,unknown,0.000000,null,0.000000,0.296,,"{""0"": 250, ""1"": 250, ""2"": null, ""3"": null, ""4"": null, ""5"": null, ""6"": null, ""7"": null}","{""0"": 0.0, ""1"": 0.0, ""2"": null, ""3"": null, ""4"": null, ""5"": null, ""6"": null, ""7"": null}",{},,1,0,1,0,,maneuver-locked,COUNTER_STEER,left,right,left,0
892,2026-08-01T22:38:56.483+09:00,99.746,891,8.94,1,AVOIDING_OBSTACLE,,0,0,0,,OUTER,OUTER,0,3,0.000000,-1.000000,70,689,unknown,0,unknown,0.000000,null,0.000000,0.299,,"{""0"": 250, ""1"": 250, ""2"": null, ""3"": null, ""4"": null, ""5"": null, ""6"": null, ""7"": null}","{""0"": 0.0, ""1"": 0.0, ""2"": null, ""3"": null, ""4"": null, ""5"": null, ""6"": null, ""7"": null}",{},,1,0,1,0,,maneuver-locked,COUNTER_STEER,left,right,left,0
893,2026-08-01T22:38:56.598+09:00,99.863,892,8.94,1,AVOIDING_OBSTACLE,,0,0,0,,OUTER,OUTER,0,3,0.000000,-1.000000,70,688,unknown,0,unknown,0.000000,null,0.000000,0.194,,"{""0"": 250, ""1"": 250, ""2"": null, ""3"": null, ""4"": null, ""5"": null, ""6"": null, ""7"": null}","{""0"": 0.0, ""1"": 0.0, ""2"": null, ""3"": null, ""4"": null, ""5"": null, ""6"": null, ""7"": null}",{},,1,0,1,0,,maneuver-locked,COUNTER_STEER,left,right,left,0
894,2026-08-01T22:38:56.721+09:00,99.986,893,8.94,1,AVOIDING_OBSTACLE,,0,0,0,,OUTER,OUTER,0,3,0.000000,-1.000000,70,687,unknown,0,unknown,0.000000,null,0.000000,0.316,,"{""0"": 250, ""1"": 250, ""2"": null, ""3"": null, ""4"": null, ""5"": null, ""6"": null, ""7"": null}","{""0"": 0.0, ""1"": 0.0, ""2"": null, ""3"": null, ""4"": null, ""5"": null, ""6"": null, ""7"": null}",{},,1,0,1,0,,maneuver-locked,COUNTER_STEER,left,right,left,0
895,2026-08-01T22:38:56.843+09:00,100.106,894,8.94,1,AVOIDING_OBSTACLE,,0,0,0,,OUTER,OUTER,0,3,0.000000,-1.000000,70,686,unknown,0,unknown,0.000000,null,0.000000,0.324,,"{""0"": 250, ""1"": 250, ""2"": null, ""3"": null, ""4"": null, ""5"": null, ""6"": null, ""7"": null}","{""0"": 0.0, ""1"": 0.0, ""2"": null, ""3"": null, ""4"": null, ""5"": null, ""6"": null, ""7"": null}",{},,1,0,1,0,,maneuver-locked,COUNTER_STEER,left,right,left,0
896,2026-08-01T22:38:56.956+09:00,100.219,895,8.94,1,DRIVING,state:AVOIDING_OBSTACLE->DRIVING;phase:COUNTER_STEER->KEEP,0,0,0,,UNKNOWN,UNKNOWN,0,0,0.000000,0.000000,70,686,unknown,0,unknown,0.000000,null,0.000000,0.324,,"{""0"": 250, ""1"": 250, ""2"": null, ""3"": null, ""4"": null, ""5"": null, ""6"": null, ""7"": null}","{""0"": 0.0, ""1"": 0.0, ""2"": null, ""3"": null, ""4"": null, ""5"": null, ""6"": null, ""7"": null}",{},,1,0,1,0,,maneuver-locked,KEEP,,,,0
897,2026-08-01T22:38:57.077+09:00,100.342,896,8.94,1,DRIVING,,0,1,0,0.378125,UNKNOWN,UNKNOWN,0,0,-0.680625,-0.680625,255,697,unknown,0,unknown,0.000000,null,0.000000,0.201,,"{""0"": 250, ""1"": 166, ""2"": null, ""3"": null, ""4"": null, ""5"": null, ""6"": null, ""7"": null}","{""0"": 0.0, ""1"": 0.0, ""2"": null, ""3"": null, ""4"": null, ""5"": null, ""6"": null, ""7"": null}","{""0"": 250, ""1"": 166}",166,1,0,0,0,0.201,ultrasonic-not-close,KEEP,,,,0
898,2026-08-01T22:38:57.187+09:00,100.450,897,8.94,1,DRIVING,,0,1,0,0.362500,UNKNOWN,UNKNOWN,0,0,-0.624375,-0.624375,255,703,unknown,0,unknown,0.000000,null,0.000000,0.310,,"{""0"": 250, ""1"": 250, ""2"": null, ""3"": null, ""4"": null, ""5"": null, ""6"": null, ""7"": null}","{""0"": 0.0, ""1"": 0.0, ""2"": null, ""3"": null, ""4"": null, ""5"": null, ""6"": null, ""7"": null}","{""0"": 250, ""1"": 250}",250,1,0,0,0,0.310,ultrasonic-not-close,KEEP,right,left,,0
899,2026-08-01T22:38:57.292+09:00,100.556,898,8.94,1,DRIVING,,0,1,0,0.349777,UNKNOWN,UNKNOWN,0,0,-0.587009,-0.587009,255,703,unknown,0,unknown,0.000000,null,0.000000,0.304,,"{""0"": 250, ""1"": 250, ""2"": null, ""3"": null, ""4"": null, ""5"": null, ""6"": null, ""7"": null}","{""0"": 0.0, ""1"": 0.0, ""2"": null, ""3"": null, ""4"": null, ""5"": null, ""6"": null, ""7"": null}","{""0"": 250, ""1"": 250}",250,1,0,0,0,0.304,ultrasonic-not-close,KEEP,right,left,,0
900,2026-08-01T22:38:57.401+09:00,100.666,899,8.94,1,DRIVING,,0,1,0,0.347693,UNKNOWN,UNKNOWN,0,0,-0.592282,-0.592282,255,702,unknown,0,unknown,0.000000,null,0.000000,0.181,,"{""0"": 147, ""1"": 250, ""2"": null, ""3"": null, ""4"": null, ""5"": null, ""6"": null, ""7"": null}","{""0"": 0.0, ""1"": 0.0, ""2"": null, ""3"": null, ""4"": null, ""5"": null, ""6"": null, ""7"": null}","{""0"": 147, ""1"": 250}",147,1,1,0,0,0.181,car-not-detected-or-stale,KEEP,right,left,,0
901,2026-08-01T22:38:57.506+09:00,100.769,900,8.94,1,DRIVING,,0,1,0,0.317104,UNKNOWN,UNKNOWN,0,0,-0.492232,-0.492232,255,703,unknown,0,unknown,0.000000,null,0.000000,0.286,,"{""0"": 250, ""1"": 250, ""2"": null, ""3"": null, ""4"": null, ""5"": null, ""6"": null, ""7"": null}","{""0"": 0.0, ""1"": 0.0, ""2"": null, ""3"": null, ""4"": null, ""5"": null, ""6"": null, ""7"": null}","{""0"": 250, ""1"": 250}",250,1,0,0,0,0.286,ultrasonic-not-close,KEEP,right,left,,0
902,2026-08-01T22:38:57.613+09:00,100.877,901,8.94,1,DRIVING,,0,1,0,0.291532,UNKNOWN,UNKNOWN,0,0,-0.423739,-0.423739,255,703,green,0,unknown,0.000000,null,0.000000,0.291,,"{""0"": 250, ""1"": 250, ""2"": null, ""3"": null, ""4"": null, ""5"": null, ""6"": null, ""7"": null}","{""0"": 0.0, ""1"": 0.0, ""2"": null, ""3"": null, ""4"": null, ""5"": null, ""6"": null, ""7"": null}","{""0"": 250, ""1"": 250}",250,1,0,0,0,0.291,ultrasonic-not-close,KEEP,right,left,,0
903,2026-08-01T22:38:57.723+09:00,100.988,902,8.94,1,DRIVING,,0,1,0,0.264261,UNKNOWN,UNKNOWN,0,0,-0.355868,-0.355868,255,705,green,1,obstacle-car,0.855142,"[857, 454, 1176, 703]",0.086105,0.185,,"{""0"": 250, ""1"": 250, ""2"": null, ""3"": null, ""4"": null, ""5"": null, ""6"": null, ""7"": null}","{""0"": 0.0, ""1"": 0.0, ""2"": null, ""3"": null, ""4"": null, ""5"": null, ""6"": null, ""7"": null}","{""0"": 250, ""1"": 250}",250,1,0,0,0,0.185,ultrasonic-not-close,KEEP,right,left,,0
904,2026-08-01T22:38:57.833+09:00,101.097,903,8.94,1,DRIVING,,0,1,0,0.236670,INNER,UNKNOWN,1,0,-0.292482,-0.292482,255,709,green,1,obstacle-car,0.855142,"[857, 454, 1176, 703]",0.086105,0.294,,"{""0"": 250, ""1"": 250, ""2"": null, ""3"": null, ""4"": null, ""5"": null, ""6"": null, ""7"": null}","{""0"": 0.0, ""1"": 0.0, ""2"": null, ""3"": null, ""4"": null, ""5"": null, ""6"": null, ""7"": null}","{""0"": 250, ""1"": 250}",250,1,0,0,0,0.294,ultrasonic-not-close,KEEP,right,left,,0
905,2026-08-01T22:38:57.936+09:00,101.199,904,8.94,1,DRIVING,,0,1,0,0.209075,INNER,UNKNOWN,2,0,-0.233196,-0.233196,255,713,green,1,obstacle-car,0.707384,"[820, 445, 1158, 708]",0.096721,0.289,,"{""0"": 250, ""1"": 97, ""2"": null, ""3"": null, ""4"": null, ""5"": null, ""6"": null, ""7"": null}","{""0"": 0.0, ""1"": 0.0, ""2"": null, ""3"": null, ""4"": null, ""5"": null, ""6"": null, ""7"": null}","{""0"": 250, ""1"": 97}",97,1,1,1,1,0.289,car+ultrasonic,KEEP,right,left,,0
906,2026-08-01T22:38:58.055+09:00,101.318,905,8.94,1,DRIVING,,0,1,0,0.176211,INNER,UNKNOWN,3,0,-0.157829,-0.157829,255,720,green,1,obstacle-car,0.752248,"[752, 433, 1117, 718]",0.112704,0.187,,"{""0"": 250, ""1"": 88, ""2"": null, ""3"": null, ""4"": null, ""5"": null, ""6"": null, ""7"": null}","{""0"": 0.0, ""1"": 0.0, ""2"": null, ""3"": null, ""4"": null, ""5"": null, ""6"": null, ""7"": null}","{""0"": 250, ""1"": 88}",88,1,1,1,2,0.187,car+ultrasonic,KEEP,right,left,,0
907,2026-08-01T22:38:58.167+09:00,101.430,906,8.94,1,AVOIDING_OBSTACLE,state:DRIVING->AVOIDING_OBSTACLE;phase:KEEP->CHANGING,0,1,0,0.138370,INNER,UNKNOWN,4,0,0.000000,-1.000000,70,766,green,1,obstacle-car,0.752248,"[752, 433, 1117, 718]",0.112704,0.300,,"{""0"": 250, ""1"": 80, ""2"": null, ""3"": null, ""4"": null, ""5"": null, ""6"": null, ""7"": null}","{""0"": 0.0, ""1"": 0.0, ""2"": null, ""3"": null, ""4"": null, ""5"": null, ""6"": null, ""7"": null}","{""0"": 250, ""1"": 80}",80,1,1,1,0,0.300,car+ultrasonic,CHANGING,right,left,right,0
908,2026-08-01T22:38:58.270+09:00,101.534,907,8.94,1,AVOIDING_OBSTACLE,,0,0,0,,INNER,UNKNOWN,4,0,0.000000,-1.000000,70,722,green,1,obstacle-car,0.768806,"[703, 496, 1100, 718]",0.095694,0.301,,"{""0"": 250, ""1"": 68, ""2"": null, ""3"": null, ""4"": null, ""5"": null, ""6"": null, ""7"": null}","{""0"": 0.0, ""1"": 0.0, ""2"": null, ""3"": null, ""4"": null, ""5"": null, ""6"": null, ""7"": null}",{},,1,0,1,0,,maneuver-locked,CHANGING,right,left,right,0
909,2026-08-01T22:38:58.382+09:00,101.647,908,8.94,1,AVOIDING_OBSTACLE,,0,0,0,,INNER,UNKNOWN,4,0,0.000000,-1.000000,70,709,green,1,obstacle-car,0.919088,"[675, 439, 1079, 719]",0.122798,0.294,,"{""0"": 250, ""1"": 60, ""2"": null, ""3"": null, ""4"": null, ""5"": null, ""6"": null, ""7"": null}","{""0"": 0.0, ""1"": 0.0, ""2"": null, ""3"": null, ""4"": null, ""5"": null, ""6"": null, ""7"": null}",{},,1,0,1,0,,maneuver-locked,CHANGING,right,left,right,0
910,2026-08-01T22:38:58.495+09:00,101.758,909,8.94,1,AVOIDING_OBSTACLE,,0,0,0,,INNER,UNKNOWN,4,0,0.000000,-1.000000,70,694,green,1,obstacle-car,0.919088,"[675, 439, 1079, 719]",0.122798,0.405,,"{""0"": 250, ""1"": 53, ""2"": null, ""3"": null, ""4"": null, ""5"": null, ""6"": null, ""7"": null}","{""0"": 0.0, ""1"": 0.0, ""2"": null, ""3"": null, ""4"": null, ""5"": null, ""6"": null, ""7"": null}",{},,1,0,1,0,,maneuver-locked,CHANGING,right,left,right,0
911,2026-08-01T22:38:58.598+09:00,101.860,910,8.94,1,AVOIDING_OBSTACLE,,0,0,0,,INNER,UNKNOWN,4,0,0.000000,-1.000000,70,687,unknown,1,obstacle-car,0.930486,"[593, 458, 1067, 719]",0.134235,0.292,,"{""0"": 49, ""1"": 47, ""2"": null, ""3"": null, ""4"": null, ""5"": null, ""6"": null, ""7"": null}","{""0"": 0.0, ""1"": 0.0, ""2"": null, ""3"": null, ""4"": null, ""5"": null, ""6"": null, ""7"": null}",{},,1,0,1,0,,maneuver-locked,CHANGING,right,left,right,0
912,2026-08-01T22:38:58.704+09:00,101.968,911,8.94,0,AVOIDING_OBSTACLE,phase:CHANGING->CHANGING_PAUSED,0,0,0,,INNER,UNKNOWN,4,0,0.000000,0.000000,0,690,green,1,obstacle-car,0.948354,"[541, 443, 1063, 719]",0.156241,0.290,,"{""0"": 41, ""1"": 40, ""2"": null, ""3"": null, ""4"": null, ""5"": null, ""6"": null, ""7"": null}","{""0"": 0.0, ""1"": 0.0, ""2"": null, ""3"": null, ""4"": null, ""5"": null, ""6"": null, ""7"": null}",{},,1,0,1,0,,maneuver-locked,CHANGING_PAUSED,right,left,right,0
913,2026-08-01T22:38:58.818+09:00,102.082,912,8.94,0,AVOIDING_OBSTACLE,,0,0,0,,INNER,UNKNOWN,4,0,0.000000,0.000000,0,697,green,1,obstacle-car,0.948354,"[541, 443, 1063, 719]",0.156241,0.404,,"{""0"": 38, ""1"": 34, ""2"": null, ""3"": null, ""4"": null, ""5"": null, ""6"": null, ""7"": null}","{""0"": 0.0, ""1"": 0.0, ""2"": null, ""3"": null, ""4"": null, ""5"": null, ""6"": null, ""7"": null}",{},,1,0,1,0,,maneuver-locked,CHANGING_PAUSED,right,left,right,0
914,2026-08-01T22:38:58.915+09:00,102.179,913,8.95,0,AVOIDING_OBSTACLE,,0,0,0,,INNER,UNKNOWN,4,0,0.000000,0.000000,0,718,green,1,obstacle-car,0.820357,"[339, 501, 999, 720]",0.156058,0.293,,"{""0"": 250, ""1"": 32, ""2"": null, ""3"": null, ""4"": null, ""5"": null, ""6"": null, ""7"": null}","{""0"": 0.0, ""1"": 0.0, ""2"": null, ""3"": null, ""4"": null, ""5"": null, ""6"": null, ""7"": null}",{},,1,0,1,0,,maneuver-locked,CHANGING_PAUSED,right,left,right,0
915,2026-08-01T22:38:59.026+09:00,102.290,914,8.95,0,AVOIDING_OBSTACLE,,0,0,0,,INNER,UNKNOWN,4,0,0.000000,0.000000,0,731,green,0,unknown,0.000000,null,0.000000,0.290,,"{""0"": 250, ""1"": 31, ""2"": null, ""3"": null, ""4"": null, ""5"": null, ""6"": null, ""7"": null}","{""0"": 0.0, ""1"": 0.0, ""2"": null, ""3"": null, ""4"": null, ""5"": null, ""6"": null, ""7"": null}",{},,1,0,1,0,,maneuver-locked,CHANGING_PAUSED,right,left,right,0
916,2026-08-01T22:38:59.135+09:00,102.398,915,8.95,0,AVOIDING_OBSTACLE,,0,0,0,,INNER,UNKNOWN,4,0,0.000000,0.000000,0,739,green,0,unknown,0.000000,null,0.000000,0.397,,"{""0"": 250, ""1"": 31, ""2"": null, ""3"": null, ""4"": null, ""5"": null, ""6"": null, ""7"": null}","{""0"": 0.0, ""1"": 0.0, ""2"": null, ""3"": null, ""4"": null, ""5"": null, ""6"": null, ""7"": null}",{},,1,0,1,0,,maneuver-locked,CHANGING_PAUSED,right,left,right,0
917,2026-08-01T22:38:59.239+09:00,102.503,916,8.95,0,AVOIDING_OBSTACLE,,0,0,0,,INNER,UNKNOWN,4,0,0.000000,0.000000,0,740,green,0,unknown,0.000000,null,0.000000,0.290,,"{""0"": 250, ""1"": 31, ""2"": null, ""3"": null, ""4"": null, ""5"": null, ""6"": null, ""7"": null}","{""0"": 0.0, ""1"": 0.0, ""2"": null, ""3"": null, ""4"": null, ""5"": null, ""6"": null, ""7"": null}",{},,1,0,1,0,,maneuver-locked,CHANGING_PAUSED,right,left,right,0
918,2026-08-01T22:38:59.351+09:00,102.614,917,8.95,0,AVOIDING_OBSTACLE,,0,0,0,,INNER,UNKNOWN,4,0,0.000000,0.000000,0,739,green,0,unknown,0.000000,null,0.000000,0.293,,"{""0"": 250, ""1"": 31, ""2"": null, ""3"": null, ""4"": null, ""5"": null, ""6"": null, ""7"": null}","{""0"": 0.0, ""1"": 0.0, ""2"": null, ""3"": null, ""4"": null, ""5"": null, ""6"": null, ""7"": null}",{},,1,0,1,0,,maneuver-locked,CHANGING_PAUSED,right,left,right,0
919,2026-08-01T22:38:59.474+09:00,102.736,918,8.95,0,AVOIDING_OBSTACLE,,0,0,0,,INNER,UNKNOWN,4,0,0.000000,0.000000,0,739,green,0,unknown,0.000000,null,0.000000,0.413,,"{""0"": 250, ""1"": 32, ""2"": null, ""3"": null, ""4"": null, ""5"": null, ""6"": null, ""7"": null}","{""0"": 0.0, ""1"": 0.0, ""2"": null, ""3"": null, ""4"": null, ""5"": null, ""6"": null, ""7"": null}",{},,1,0,1,0,,maneuver-locked,CHANGING_PAUSED,right,left,right,0
920,2026-08-01T22:38:59.581+09:00,102.842,919,8.95,0,AVOIDING_OBSTACLE,,0,0,0,,INNER,UNKNOWN,4,0,0.000000,0.000000,0,740,green,1,obstacle-car,0.892323,"[9, 489, 911, 719]",0.224947,0.305,,"{""0"": 250, ""1"": 32, ""2"": null, ""3"": null, ""4"": null, ""5"": null, ""6"": null, ""7"": null}","{""0"": 0.0, ""1"": 0.0, ""2"": null, ""3"": null, ""4"": null, ""5"": null, ""6"": null, ""7"": null}",{},,1,0,1,0,,maneuver-locked,CHANGING_PAUSED,right,left,right,0
921,2026-08-01T22:38:59.691+09:00,102.955,920,8.95,0,AVOIDING_OBSTACLE,,0,0,0,,INNER,UNKNOWN,4,0,0.000000,0.000000,0,739,green,1,obstacle-car,0.890735,"[5, 500, 911, 719]",0.215494,0.307,,"{""0"": 250, ""1"": 32, ""2"": null, ""3"": null, ""4"": null, ""5"": null, ""6"": null, ""7"": null}","{""0"": 0.0, ""1"": 0.0, ""2"": null, ""3"": null, ""4"": null, ""5"": null, ""6"": null, ""7"": null}",{},,1,0,1,0,,maneuver-locked,CHANGING_PAUSED,right,left,right,0
922,2026-08-01T22:38:59.808+09:00,103.072,921,8.95,0,AVOIDING_OBSTACLE,,0,0,0,,INNER,UNKNOWN,4,0,0.000000,0.000000,0,739,green,1,obstacle-car,0.890735,"[5, 500, 911, 719]",0.215494,0.423,,"{""0"": 250, ""1"": 32, ""2"": null, ""3"": null, ""4"": null, ""5"": null, ""6"": null, ""7"": null}","{""0"": 0.0, ""1"": 0.0, ""2"": null, ""3"": null, ""4"": null, ""5"": null, ""6"": null, ""7"": null}",{},,1,0,1,0,,maneuver-locked,CHANGING_PAUSED,right,left,right,0
923,2026-08-01T22:38:59.917+09:00,103.180,922,8.95,0,AVOIDING_OBSTACLE,,0,0,0,,INNER,UNKNOWN,4,0,0.000000,0.000000,0,739,green,1,obstacle-car,0.878795,"[7, 495, 910, 719]",0.219567,0.300,,"{""0"": 250, ""1"": 32, ""2"": null, ""3"": null, ""4"": null, ""5"": null, ""6"": null, ""7"": null}","{""0"": 0.0, ""1"": 0.0, ""2"": null, ""3"": null, ""4"": null, ""5"": null, ""6"": null, ""7"": null}",{},,1,0,1,0,,maneuver-locked,CHANGING_PAUSED,right,left,right,0
924,2026-08-01T22:39:00.024+09:00,103.288,923,8.95,0,AVOIDING_OBSTACLE,,0,0,0,,INNER,UNKNOWN,4,0,0.000000,0.000000,0,739,green,1,obstacle-car,0.901778,"[3, 491, 911, 718]",0.224734,0.301,,"{""0"": 250, ""1"": 32, ""2"": null, ""3"": null, ""4"": null, ""5"": null, ""6"": null, ""7"": null}","{""0"": 0.0, ""1"": 0.0, ""2"": null, ""3"": null, ""4"": null, ""5"": null, ""6"": null, ""7"": null}",{},,1,0,1,0,,maneuver-locked,CHANGING_PAUSED,right,left,right,0
925,2026-08-01T22:39:00.141+09:00,103.404,924,8.95,0,AVOIDING_OBSTACLE,,0,0,0,,INNER,UNKNOWN,4,0,0.000000,0.000000,0,740,green,1,obstacle-car,0.884978,"[2, 491, 911, 719]",0.224352,0.190,,"{""0"": 250, ""1"": 32, ""2"": null, ""3"": null, ""4"": null, ""5"": null, ""6"": null, ""7"": null}","{""0"": 0.0, ""1"": 0.0, ""2"": null, ""3"": null, ""4"": null, ""5"": null, ""6"": null, ""7"": null}",{},,1,0,1,0,,maneuver-locked,CHANGING_PAUSED,right,left,right,0
926,2026-08-01T22:39:00.256+09:00,103.517,925,8.95,0,AVOIDING_OBSTACLE,,0,0,0,,INNER,UNKNOWN,4,0,0.000000,0.000000,0,740,green,1,obstacle-car,0.884978,"[2, 491, 911, 719]",0.224352,0.302,,"{""0"": 250, ""1"": 32, ""2"": null, ""3"": null, ""4"": null, ""5"": null, ""6"": null, ""7"": null}","{""0"": 0.0, ""1"": 0.0, ""2"": null, ""3"": null, ""4"": null, ""5"": null, ""6"": null, ""7"": null}",{},,1,0,1,0,,maneuver-locked,CHANGING_PAUSED,right,left,right,0
927,2026-08-01T22:39:00.366+09:00,103.628,926,8.95,0,AVOIDING_OBSTACLE,,0,0,0,,INNER,UNKNOWN,4,0,0.000000,0.000000,0,740,green,1,obstacle-car,0.895802,"[1, 483, 911, 718]",0.232367,0.306,,"{""0"": 250, ""1"": 32, ""2"": null, ""3"": null, ""4"": null, ""5"": null, ""6"": null, ""7"": null}","{""0"": 0.0, ""1"": 0.0, ""2"": null, ""3"": null, ""4"": null, ""5"": null, ""6"": null, ""7"": null}",{},,1,0,1,0,,maneuver-locked,CHANGING_PAUSED,right,left,right,0
928,2026-08-01T22:39:00.490+09:00,103.752,927,8.95,0,AVOIDING_OBSTACLE,,0,0,0,,INNER,UNKNOWN,4,0,0.000000,0.000000,0,739,green,1,obstacle-car,0.889715,"[0, 478, 912, 719]",0.238041,0.197,,"{""0"": 250, ""1"": 32, ""2"": null, ""3"": null, ""4"": null, ""5"": null, ""6"": null, ""7"": null}","{""0"": 0.0, ""1"": 0.0, ""2"": null, ""3"": null, ""4"": null, ""5"": null, ""6"": null, ""7"": null}",{},,1,0,1,0,,maneuver-locked,CHANGING_PAUSED,right,left,right,0
929,2026-08-01T22:39:00.601+09:00,103.864,928,8.95,0,AVOIDING_OBSTACLE,,0,0,0,,INNER,UNKNOWN,4,0,0.000000,0.000000,0,739,green,1,obstacle-car,0.889715,"[0, 478, 912, 719]",0.238041,0.310,,"{""0"": 250, ""1"": 32, ""2"": null, ""3"": null, ""4"": null, ""5"": null, ""6"": null, ""7"": null}","{""0"": 0.0, ""1"": 0.0, ""2"": null, ""3"": null, ""4"": null, ""5"": null, ""6"": null, ""7"": null}",{},,1,0,1,0,,maneuver-locked,CHANGING_PAUSED,right,left,right,0
930,2026-08-01T22:39:00.714+09:00,103.976,929,8.95,0,AVOIDING_OBSTACLE,,0,0,0,,INNER,UNKNOWN,4,0,0.000000,0.000000,0,739,green,1,obstacle-car,0.872604,"[0, 485, 911, 718]",0.231281,0.310,,"{""0"": 250, ""1"": 32, ""2"": null, ""3"": null, ""4"": null, ""5"": null, ""6"": null, ""7"": null}","{""0"": 0.0, ""1"": 0.0, ""2"": null, ""3"": null, ""4"": null, ""5"": null, ""6"": null, ""7"": null}",{},,1,0,1,0,,maneuver-locked,CHANGING_PAUSED,right,left,right,0
931,2026-08-01T22:39:00.831+09:00,104.093,930,8.95,0,AVOIDING_OBSTACLE,,0,0,0,,INNER,UNKNOWN,4,0,0.000000,0.000000,0,739,green,1,obstacle-car,0.849330,"[0, 491, 912, 719]",0.225273,0.303,,"{""0"": 250, ""1"": 32, ""2"": null, ""3"": null, ""4"": null, ""5"": null, ""6"": null, ""7"": null}","{""0"": 0.0, ""1"": 0.0, ""2"": null, ""3"": null, ""4"": null, ""5"": null, ""6"": null, ""7"": null}",{},,1,0,1,0,,maneuver-locked,CHANGING_PAUSED,right,left,right,0
932,2026-08-01T22:39:00.949+09:00,104.210,931,8.94,0,AVOIDING_OBSTACLE,,0,0,0,,INNER,UNKNOWN,4,0,0.000000,0.000000,0,739,green,1,obstacle-car,0.857802,"[0, 488, 911, 719]",0.228419,0.197,,"{""0"": 250, ""1"": 32, ""2"": null, ""3"": null, ""4"": null, ""5"": null, ""6"": null, ""7"": null}","{""0"": 0.0, ""1"": 0.0, ""2"": null, ""3"": null, ""4"": null, ""5"": null, ""6"": null, ""7"": null}",{},,1,0,1,0,,maneuver-locked,CHANGING_PAUSED,right,left,right,0
933,2026-08-01T22:39:01.056+09:00,104.318,932,8.94,0,AVOIDING_OBSTACLE,,0,0,0,,INNER,UNKNOWN,4,0,0.000000,0.000000,0,739,green,1,obstacle-car,0.857802,"[0, 488, 911, 719]",0.228419,0.305,,"{""0"": 250, ""1"": 32, ""2"": null, ""3"": null, ""4"": null, ""5"": null, ""6"": null, ""7"": null}","{""0"": 0.0, ""1"": 0.0, ""2"": null, ""3"": null, ""4"": null, ""5"": null, ""6"": null, ""7"": null}",{},,1,0,1,0,,maneuver-locked,CHANGING_PAUSED,right,left,right,0
934,2026-08-01T22:39:01.162+09:00,104.424,933,8.95,0,AVOIDING_OBSTACLE,,0,0,0,,INNER,UNKNOWN,4,0,0.000000,0.000000,0,739,green,1,obstacle-car,0.866670,"[0, 487, 912, 719]",0.229553,0.295,,"{""0"": 250, ""1"": 32, ""2"": null, ""3"": null, ""4"": null, ""5"": null, ""6"": null, ""7"": null}","{""0"": 0.0, ""1"": 0.0, ""2"": null, ""3"": null, ""4"": null, ""5"": null, ""6"": null, ""7"": null}",{},,1,0,1,0,,maneuver-locked,CHANGING_PAUSED,right,left,right,0
935,2026-08-01T22:39:01.275+09:00,104.536,934,8.95,0,AVOIDING_OBSTACLE,,0,0,0,,INNER,UNKNOWN,4,0,0.000000,0.000000,0,739,green,1,obstacle-car,0.868982,"[0, 485, 911, 719]",0.230855,0.180,,"{""0"": 250, ""1"": 31, ""2"": null, ""3"": null, ""4"": null, ""5"": null, ""6"": null, ""7"": null}","{""0"": 0.0, ""1"": 0.0, ""2"": null, ""3"": null, ""4"": null, ""5"": null, ""6"": null, ""7"": null}",{},,1,0,1,0,,maneuver-locked,CHANGING_PAUSED,right,left,right,0
936,2026-08-01T22:39:01.387+09:00,104.648,935,8.95,0,AVOIDING_OBSTACLE,,0,0,0,,INNER,UNKNOWN,4,0,0.000000,0.000000,0,739,green,1,obstacle-car,0.868982,"[0, 485, 911, 719]",0.230855,0.292,,"{""0"": 250, ""1"": 31, ""2"": null, ""3"": null, ""4"": null, ""5"": null, ""6"": null, ""7"": null}","{""0"": 0.0, ""1"": 0.0, ""2"": null, ""3"": null, ""4"": null, ""5"": null, ""6"": null, ""7"": null}",{},,1,0,1,0,,maneuver-locked,CHANGING_PAUSED,right,left,right,0
937,2026-08-01T22:39:01.492+09:00,104.754,936,8.95,0,AVOIDING_OBSTACLE,,0,0,0,,INNER,UNKNOWN,4,0,0.000000,0.000000,0,739,green,1,obstacle-car,0.847245,"[0, 492, 911, 719]",0.224138,0.294,,"{""0"": 250, ""1"": 31, ""2"": null, ""3"": null, ""4"": null, ""5"": null, ""6"": null, ""7"": null}","{""0"": 0.0, ""1"": 0.0, ""2"": null, ""3"": null, ""4"": null, ""5"": null, ""6"": null, ""7"": null}",{},,1,0,1,0,,maneuver-locked,CHANGING_PAUSED,right,left,right,0
938,2026-08-01T22:39:01.601+09:00,104.864,937,8.95,0,AVOIDING_OBSTACLE,,0,0,0,,INNER,UNKNOWN,4,0,0.000000,0.000000,0,739,green,1,obstacle-car,0.848950,"[0, 491, 911, 719]",0.225319,0.292,,"{""0"": 250, ""1"": 30, ""2"": null, ""3"": null, ""4"": null, ""5"": null, ""6"": null, ""7"": null}","{""0"": 0.0, ""1"": 0.0, ""2"": null, ""3"": null, ""4"": null, ""5"": null, ""6"": null, ""7"": null}",{},,1,0,1,0,,maneuver-locked,CHANGING_PAUSED,right,left,right,0
939,2026-08-01T22:39:01.703+09:00,104.966,938,8.95,0,AVOIDING_OBSTACLE,,0,0,0,,INNER,UNKNOWN,4,0,0.000000,0.000000,0,739,green,1,obstacle-car,0.848950,"[0, 491, 911, 719]",0.225319,0.394,,"{""0"": 250, ""1"": 31, ""2"": null, ""3"": null, ""4"": null, ""5"": null, ""6"": null, ""7"": null}","{""0"": 0.0, ""1"": 0.0, ""2"": null, ""3"": null, ""4"": null, ""5"": null, ""6"": null, ""7"": null}",{},,1,0,1,0,,maneuver-locked,CHANGING_PAUSED,right,left,right,0
940,2026-08-01T22:39:01.803+09:00,105.068,939,8.95,0,AVOIDING_OBSTACLE,,0,0,0,,INNER,UNKNOWN,4,0,0.000000,0.000000,0,738,green,1,obstacle-car,0.866823,"[2, 501, 911, 719]",0.214897,0.280,,"{""0"": 250, ""1"": 31, ""2"": null, ""3"": null, ""4"": null, ""5"": null, ""6"": null, ""7"": null}","{""0"": 0.0, ""1"": 0.0, ""2"": null, ""3"": null, ""4"": null, ""5"": null, ""6"": null, ""7"": null}",{},,1,0,1,0,,maneuver-locked,CHANGING_PAUSED,right,left,right,0
941,2026-08-01T22:39:01.920+09:00,105.184,940,8.95,0,AVOIDING_OBSTACLE,,0,0,0,,INNER,UNKNOWN,4,0,0.000000,0.000000,0,740,green,1,obstacle-car,0.644548,"[2, 528, 912, 719]",0.188259,0.185,,"{""0"": 250, ""1"": 30, ""2"": null, ""3"": null, ""4"": null, ""5"": null, ""6"": null, ""7"": null}","{""0"": 0.0, ""1"": 0.0, ""2"": null, ""3"": null, ""4"": null, ""5"": null, ""6"": null, ""7"": null}",{},,1,0,1,0,,maneuver-locked,CHANGING_PAUSED,right,left,right,0
942,2026-08-01T22:39:02.036+09:00,105.299,941,8.95,0,AVOIDING_OBSTACLE,,0,0,0,,INNER,UNKNOWN,4,0,0.000000,0.000000,0,739,green,1,obstacle-car,0.644548,"[2, 528, 912, 719]",0.188259,0.296,,"{""0"": 250, ""1"": 31, ""2"": null, ""3"": null, ""4"": null, ""5"": null, ""6"": null, ""7"": null}","{""0"": 0.0, ""1"": 0.0, ""2"": null, ""3"": null, ""4"": null, ""5"": null, ""6"": null, ""7"": null}",{},,1,0,1,0,,maneuver-locked,CHANGING_PAUSED,right,left,right,0
943,2026-08-01T22:39:02.142+09:00,105.406,942,8.95,0,AVOIDING_OBSTACLE,,0,0,0,,INNER,UNKNOWN,4,0,0.000000,0.000000,0,739,green,0,unknown,0.000000,null,0.000000,0.309,,"{""0"": 250, ""1"": 31, ""2"": null, ""3"": null, ""4"": null, ""5"": null, ""6"": null, ""7"": null}","{""0"": 0.0, ""1"": 0.0, ""2"": null, ""3"": null, ""4"": null, ""5"": null, ""6"": null, ""7"": null}",{},,1,0,1,0,,maneuver-locked,CHANGING_PAUSED,right,left,right,0
944,2026-08-01T22:39:02.252+09:00,105.517,943,8.95,0,AVOIDING_OBSTACLE,,0,0,0,,INNER,UNKNOWN,4,0,0.000000,0.000000,0,739,green,1,obstacle-car,0.510447,"[8, 539, 912, 719]",0.175790,0.302,,"{""0"": 250, ""1"": 31, ""2"": null, ""3"": null, ""4"": null, ""5"": null, ""6"": null, ""7"": null}","{""0"": 0.0, ""1"": 0.0, ""2"": null, ""3"": null, ""4"": null, ""5"": null, ""6"": null, ""7"": null}",{},,1,0,1,0,,maneuver-locked,CHANGING_PAUSED,right,left,right,0
945,2026-08-01T22:39:02.371+09:00,105.635,944,8.95,0,AVOIDING_OBSTACLE,,0,0,0,,INNER,UNKNOWN,4,0,0.000000,0.000000,0,739,green,1,obstacle-car,0.510447,"[8, 539, 912, 719]",0.175790,0.418,,"{""0"": 250, ""1"": 31, ""2"": null, ""3"": null, ""4"": null, ""5"": null, ""6"": null, ""7"": null}","{""0"": 0.0, ""1"": 0.0, ""2"": null, ""3"": null, ""4"": null, ""5"": null, ""6"": null, ""7"": null}",{},,1,0,1,0,,maneuver-locked,CHANGING_PAUSED,right,left,right,0
946,2026-08-01T22:39:02.474+09:00,105.738,945,8.95,0,AVOIDING_OBSTACLE,,0,0,0,,INNER,UNKNOWN,4,0,0.000000,0.000000,0,739,green,0,unknown,0.000000,null,0.000000,0.298,,"{""0"": 250, ""1"": 31, ""2"": null, ""3"": null, ""4"": null, ""5"": null, ""6"": null, ""7"": null}","{""0"": 0.0, ""1"": 0.0, ""2"": null, ""3"": null, ""4"": null, ""5"": null, ""6"": null, ""7"": null}",{},,1,0,1,0,,maneuver-locked,CHANGING_PAUSED,right,left,right,0
947,2026-08-01T22:39:02.588+09:00,105.852,946,8.95,0,AVOIDING_OBSTACLE,,0,0,0,,INNER,UNKNOWN,4,0,0.000000,0.000000,0,740,green,1,obstacle-car,0.657023,"[7, 530, 912, 719]",0.185233,0.304,,"{""0"": 250, ""1"": 31, ""2"": null, ""3"": null, ""4"": null, ""5"": null, ""6"": null, ""7"": null}","{""0"": 0.0, ""1"": 0.0, ""2"": null, ""3"": null, ""4"": null, ""5"": null, ""6"": null, ""7"": null}",{},,1,0,1,0,,maneuver-locked,CHANGING_PAUSED,right,left,right,0
948,2026-08-01T22:39:02.705+09:00,105.969,947,8.95,0,AVOIDING_OBSTACLE,,0,0,0,,INNER,UNKNOWN,4,0,0.000000,0.000000,0,740,green,1,obstacle-car,0.874195,"[0, 494, 911, 719]",0.222552,0.192,,"{""0"": 250, ""1"": 31, ""2"": null, ""3"": null, ""4"": null, ""5"": null, ""6"": null, ""7"": null}","{""0"": 0.0, ""1"": 0.0, ""2"": null, ""3"": null, ""4"": null, ""5"": null, ""6"": null, ""7"": null}",{},,1,0,1,0,,maneuver-locked,CHANGING_PAUSED,right,left,right,0
949,2026-08-01T22:39:02.824+09:00,106.084,948,8.95,0,AVOIDING_OBSTACLE,,0,0,0,,INNER,UNKNOWN,4,0,0.000000,0.000000,0,739,green,1,obstacle-car,0.874195,"[0, 494, 911, 719]",0.222552,0.306,,"{""0"": 250, ""1"": 30, ""2"": null, ""3"": null, ""4"": null, ""5"": null, ""6"": null, ""7"": null}","{""0"": 0.0, ""1"": 0.0, ""2"": null, ""3"": null, ""4"": null, ""5"": null, ""6"": null, ""7"": null}",{},,1,0,1,0,,maneuver-locked,CHANGING_PAUSED,right,left,right,0
950,2026-08-01T22:39:02.936+09:00,106.197,949,8.95,0,AVOIDING_OBSTACLE,,0,0,0,,INNER,UNKNOWN,4,0,0.000000,0.000000,0,739,green,1,obstacle-car,0.857304,"[0, 494, 911, 719]",0.221850,0.314,,"{""0"": 250, ""1"": 31, ""2"": null, ""3"": null, ""4"": null, ""5"": null, ""6"": null, ""7"": null}","{""0"": 0.0, ""1"": 0.0, ""2"": null, ""3"": null, ""4"": null, ""5"": null, ""6"": null, ""7"": null}",{},,1,0,1,0,,maneuver-locked,CHANGING_PAUSED,right,left,right,0
951,2026-08-01T22:39:03.047+09:00,106.311,950,8.95,0,AVOIDING_OBSTACLE,,0,0,0,,INNER,UNKNOWN,4,0,0.000000,0.000000,0,739,green,1,obstacle-car,0.869865,"[0, 489, 911, 719]",0.227176,0.189,,"{""0"": 250, ""1"": 30, ""2"": null, ""3"": null, ""4"": null, ""5"": null, ""6"": null, ""7"": null}","{""0"": 0.0, ""1"": 0.0, ""2"": null, ""3"": null, ""4"": null, ""5"": null, ""6"": null, ""7"": null}",{},,1,0,1,0,,maneuver-locked,CHANGING_PAUSED,right,left,right,0
952,2026-08-01T22:39:03.155+09:00,106.419,951,8.95,0,AVOIDING_OBSTACLE,,0,0,0,,INNER,UNKNOWN,4,0,0.000000,0.000000,0,739,green,1,obstacle-car,0.869865,"[0, 489, 911, 719]",0.227176,0.295,,"{""0"": 250, ""1"": 30, ""2"": null, ""3"": null, ""4"": null, ""5"": null, ""6"": null, ""7"": null}","{""0"": 0.0, ""1"": 0.0, ""2"": null, ""3"": null, ""4"": null, ""5"": null, ""6"": null, ""7"": null}",{},,1,0,1,0,,maneuver-locked,CHANGING_PAUSED,right,left,right,0
953,2026-08-01T22:39:03.258+09:00,106.522,952,8.95,0,AVOIDING_OBSTACLE,,0,0,0,,INNER,UNKNOWN,4,0,0.000000,0.000000,0,739,green,1,obstacle-car,0.855948,"[0, 493, 911, 719]",0.223004,0.290,,"{""0"": 250, ""1"": 30, ""2"": null, ""3"": null, ""4"": null, ""5"": null, ""6"": null, ""7"": null}","{""0"": 0.0, ""1"": 0.0, ""2"": null, ""3"": null, ""4"": null, ""5"": null, ""6"": null, ""7"": null}",{},,1,0,1,0,,maneuver-locked,CHANGING_PAUSED,right,left,right,0
954,2026-08-01T22:39:03.368+09:00,106.632,953,8.95,0,AVOIDING_OBSTACLE,,0,0,0,,INNER,UNKNOWN,4,0,0.000000,0.000000,0,740,green,1,obstacle-car,0.844004,"[0, 498, 910, 719]",0.218527,0.289,,"{""0"": 250, ""1"": 30, ""2"": null, ""3"": null, ""4"": null, ""5"": null, ""6"": null, ""7"": null}","{""0"": 0.0, ""1"": 0.0, ""2"": null, ""3"": null, ""4"": null, ""5"": null, ""6"": null, ""7"": null}",{},,1,0,1,0,,maneuver-locked,CHANGING_PAUSED,right,left,right,0
955,2026-08-01T22:39:03.488+09:00,106.750,954,8.95,0,AVOIDING_OBSTACLE,,0,0,0,,INNER,UNKNOWN,4,0,0.000000,0.000000,0,739,green,1,obstacle-car,0.844004,"[0, 498, 910, 719]",0.218527,0.407,,"{""0"": 250, ""1"": 30, ""2"": null, ""3"": null, ""4"": null, ""5"": null, ""6"": null, ""7"": null}","{""0"": 0.0, ""1"": 0.0, ""2"": null, ""3"": null, ""4"": null, ""5"": null, ""6"": null, ""7"": null}",{},,1,0,1,0,,maneuver-locked,CHANGING_PAUSED,right,left,right,0
956,2026-08-01T22:39:03.595+09:00,106.858,955,8.95,0,AVOIDING_OBSTACLE,,0,0,0,,INNER,UNKNOWN,4,0,0.000000,0.000000,0,740,green,1,obstacle-car,0.851620,"[0, 493, 910, 719]",0.222844,0.306,,"{""0"": 250, ""1"": 30, ""2"": null, ""3"": null, ""4"": null, ""5"": null, ""6"": null, ""7"": null}","{""0"": 0.0, ""1"": 0.0, ""2"": null, ""3"": null, ""4"": null, ""5"": null, ""6"": null, ""7"": null}",{},,1,0,1,0,,maneuver-locked,CHANGING_PAUSED,right,left,right,0
957,2026-08-01T22:39:03.703+09:00,106.967,956,8.95,0,AVOIDING_OBSTACLE,,0,0,0,,INNER,UNKNOWN,4,0,0.000000,0.000000,0,739,green,1,obstacle-car,0.871000,"[0, 492, 910, 719]",0.223734,0.302,,"{""0"": 250, ""1"": 31, ""2"": null, ""3"": null, ""4"": null, ""5"": null, ""6"": null, ""7"": null}","{""0"": 0.0, ""1"": 0.0, ""2"": null, ""3"": null, ""4"": null, ""5"": null, ""6"": null, ""7"": null}",{},,1,0,1,0,,maneuver-locked,CHANGING_PAUSED,right,left,right,0
958,2026-08-01T22:39:03.813+09:00,107.074,957,8.95,0,AVOIDING_OBSTACLE,,0,0,0,,INNER,UNKNOWN,4,0,0.000000,0.000000,0,740,green,1,obstacle-car,0.871000,"[0, 492, 910, 719]",0.223734,0.410,,"{""0"": 250, ""1"": 31, ""2"": null, ""3"": null, ""4"": null, ""5"": null, ""6"": null, ""7"": null}","{""0"": 0.0, ""1"": 0.0, ""2"": null, ""3"": null, ""4"": null, ""5"": null, ""6"": null, ""7"": null}",{},,1,0,1,0,,maneuver-locked,CHANGING_PAUSED,right,left,right,0
959,2026-08-01T22:39:03.919+09:00,107.184,958,8.95,0,AVOIDING_OBSTACLE,,0,0,0,,INNER,UNKNOWN,4,0,0.000000,0.000000,0,739,green,1,obstacle-car,0.848262,"[0, 491, 911, 719]",0.225000,0.292,,"{""0"": 250, ""1"": 31, ""2"": null, ""3"": null, ""4"": null, ""5"": null, ""6"": null, ""7"": null}","{""0"": 0.0, ""1"": 0.0, ""2"": null, ""3"": null, ""4"": null, ""5"": null, ""6"": null, ""7"": null}",{},,1,0,1,0,,maneuver-locked,CHANGING_PAUSED,right,left,right,0
960,2026-08-01T22:39:04.024+09:00,107.287,959,8.95,0,AVOIDING_OBSTACLE,,0,0,0,,INNER,UNKNOWN,4,0,0.000000,0.000000,0,740,green,1,obstacle-car,0.862296,"[0, 491, 911, 719]",0.224986,0.289,,"{""0"": 250, ""1"": 30, ""2"": null, ""3"": null, ""4"": null, ""5"": null, ""6"": null, ""7"": null}","{""0"": 0.0, ""1"": 0.0, ""2"": null, ""3"": null, ""4"": null, ""5"": null, ""6"": null, ""7"": null}",{},,1,0,1,0,,maneuver-locked,CHANGING_PAUSED,right,left,right,0
961,2026-08-01T22:39:04.134+09:00,107.397,960,8.95,0,AVOIDING_OBSTACLE,,0,0,0,,INNER,UNKNOWN,4,0,0.000000,0.000000,0,739,green,1,obstacle-car,0.862296,"[0, 491, 911, 719]",0.224986,0.397,,"{""0"": 250, ""1"": 30, ""2"": null, ""3"": null, ""4"": null, ""5"": null, ""6"": null, ""7"": null}","{""0"": 0.0, ""1"": 0.0, ""2"": null, ""3"": null, ""4"": null, ""5"": null, ""6"": null, ""7"": null}",{},,1,0,1,0,,maneuver-locked,CHANGING_PAUSED,right,left,right,0
962,2026-08-01T22:39:04.234+09:00,107.497,961,8.95,0,AVOIDING_OBSTACLE,,0,0,0,,INNER,UNKNOWN,4,0,0.000000,0.000000,0,740,green,1,obstacle-car,0.809621,"[0, 502, 911, 719]",0.214788,0.283,,"{""0"": 250, ""1"": 30, ""2"": null, ""3"": null, ""4"": null, ""5"": null, ""6"": null, ""7"": null}","{""0"": 0.0, ""1"": 0.0, ""2"": null, ""3"": null, ""4"": null, ""5"": null, ""6"": null, ""7"": null}",{},,1,0,1,0,,maneuver-locked,CHANGING_PAUSED,right,left,right,0
963,2026-08-01T22:39:04.342+09:00,107.606,962,8.95,0,AVOIDING_OBSTACLE,,0,0,0,,INNER,UNKNOWN,4,0,0.000000,0.000000,0,738,green,1,obstacle-car,0.817342,"[0, 495, 911, 719]",0.220793,0.288,,"{""0"": 250, ""1"": 30, ""2"": null, ""3"": null, ""4"": null, ""5"": null, ""6"": null, ""7"": null}","{""0"": 0.001, ""1"": 0.001, ""2"": null, ""3"": null, ""4"": null, ""5"": null, ""6"": null, ""7"": null}",{},,1,0,1,0,,maneuver-locked,CHANGING_PAUSED,right,left,right,0
964,2026-08-01T22:39:04.454+09:00,107.715,963,8.95,0,AVOIDING_OBSTACLE,,0,0,0,,INNER,UNKNOWN,4,0,0.000000,0.000000,0,739,green,1,obstacle-car,0.817342,"[0, 495, 911, 719]",0.220793,0.394,,"{""0"": 250, ""1"": 30, ""2"": null, ""3"": null, ""4"": null, ""5"": null, ""6"": null, ""7"": null}","{""0"": 0.0, ""1"": 0.0, ""2"": null, ""3"": null, ""4"": null, ""5"": null, ""6"": null, ""7"": null}",{},,1,0,1,0,,maneuver-locked,CHANGING_PAUSED,right,left,right,0
965,2026-08-01T22:39:04.555+09:00,107.817,964,8.95,0,AVOIDING_OBSTACLE,,0,0,0,,INNER,UNKNOWN,4,0,0.000000,0.000000,0,740,green,1,obstacle-car,0.832151,"[0, 492, 912, 719]",0.223981,0.287,,"{""0"": 250, ""1"": 30, ""2"": null, ""3"": null, ""4"": null, ""5"": null, ""6"": null, ""7"": null}","{""0"": 0.0, ""1"": 0.0, ""2"": null, ""3"": null, ""4"": null, ""5"": null, ""6"": null, ""7"": null}",{},,1,0,1,0,,maneuver-locked,CHANGING_PAUSED,right,left,right,0
966,2026-08-01T22:39:04.660+09:00,107.923,965,8.95,0,AVOIDING_OBSTACLE,,0,0,0,,INNER,UNKNOWN,4,0,0.000000,0.000000,0,739,green,1,obstacle-car,0.823240,"[0, 492, 911, 719]",0.224660,0.286,,"{""0"": 250, ""1"": 30, ""2"": null, ""3"": null, ""4"": null, ""5"": null, ""6"": null, ""7"": null}","{""0"": 0.0, ""1"": 0.0, ""2"": null, ""3"": null, ""4"": null, ""5"": null, ""6"": null, ""7"": null}",{},,1,0,1,0,,maneuver-locked,CHANGING_PAUSED,right,left,right,0
967,2026-08-01T22:39:04.779+09:00,108.039,966,8.95,0,AVOIDING_OBSTACLE,,0,0,0,,INNER,UNKNOWN,4,0,0.000000,0.000000,0,740,green,1,obstacle-car,0.823240,"[0, 492, 911, 719]",0.224660,0.401,,"{""0"": 250, ""1"": 30, ""2"": null, ""3"": null, ""4"": null, ""5"": null, ""6"": null, ""7"": null}","{""0"": 0.0, ""1"": 0.0, ""2"": null, ""3"": null, ""4"": null, ""5"": null, ""6"": null, ""7"": null}",{},,1,0,1,0,,maneuver-locked,CHANGING_PAUSED,right,left,right,0
968,2026-08-01T22:39:04.888+09:00,108.150,967,8.95,0,AVOIDING_OBSTACLE,,0,0,0,,INNER,UNKNOWN,4,0,0.000000,0.000000,0,740,green,1,obstacle-car,0.744562,"[0, 503, 912, 719]",0.213200,0.299,,"{""0"": 250, ""1"": 30, ""2"": null, ""3"": null, ""4"": null, ""5"": null, ""6"": null, ""7"": null}","{""0"": 0.0, ""1"": 0.0, ""2"": null, ""3"": null, ""4"": null, ""5"": null, ""6"": null, ""7"": null}",{},,1,0,1,0,,maneuver-locked,CHANGING_PAUSED,right,left,right,0
969,2026-08-01T22:39:05.004+09:00,108.267,968,8.95,0,AVOIDING_OBSTACLE,,0,0,0,,INNER,UNKNOWN,4,0,0.000000,0.000000,0,739,green,1,obstacle-car,0.823725,"[0, 493, 911, 719]",0.223286,0.313,,"{""0"": 250, ""1"": 30, ""2"": null, ""3"": null, ""4"": null, ""5"": null, ""6"": null, ""7"": null}","{""0"": 0.0, ""1"": 0.0, ""2"": null, ""3"": null, ""4"": null, ""5"": null, ""6"": null, ""7"": null}",{},,1,0,1,0,,maneuver-locked,CHANGING_PAUSED,right,left,right,0
970,2026-08-01T22:39:05.119+09:00,108.381,969,8.95,0,AVOIDING_OBSTACLE,,0,0,0,,INNER,UNKNOWN,4,0,0.000000,0.000000,0,738,green,1,obstacle-car,0.837495,"[0, 493, 911, 719]",0.223241,0.195,,"{""0"": 32, ""1"": 30, ""2"": null, ""3"": null, ""4"": null, ""5"": null, ""6"": null, ""7"": null}","{""0"": 0.0, ""1"": 0.0, ""2"": null, ""3"": null, ""4"": null, ""5"": null, ""6"": null, ""7"": null}",{},,1,0,1,0,,maneuver-locked,CHANGING_PAUSED,right,left,right,0
971,2026-08-01T22:39:05.222+09:00,108.486,970,8.95,0,AVOIDING_OBSTACLE,,0,0,0,,INNER,UNKNOWN,4,0,0.000000,0.000000,0,738,green,1,obstacle-car,0.837495,"[0, 493, 911, 719]",0.223241,0.300,,"{""0"": 31, ""1"": 30, ""2"": null, ""3"": null, ""4"": null, ""5"": null, ""6"": null, ""7"": null}","{""0"": 0.0, ""1"": 0.0, ""2"": null, ""3"": null, ""4"": null, ""5"": null, ""6"": null, ""7"": null}",{},,1,0,1,0,,maneuver-locked,CHANGING_PAUSED,right,left,right,0
972,2026-08-01T22:39:05.325+09:00,108.589,971,8.95,0,AVOIDING_OBSTACLE,,0,0,0,,INNER,UNKNOWN,4,0,0.000000,0.000000,0,738,green,1,obstacle-car,0.822105,"[0, 504, 912, 719]",0.212233,0.289,,"{""0"": 32, ""1"": 30, ""2"": null, ""3"": null, ""4"": null, ""5"": null, ""6"": null, ""7"": null}","{""0"": 0.0, ""1"": 0.0, ""2"": null, ""3"": null, ""4"": null, ""5"": null, ""6"": null, ""7"": null}",{},,1,0,1,0,,maneuver-locked,CHANGING_PAUSED,right,left,right,0
973,2026-08-01T22:39:05.433+09:00,108.697,972,8.95,0,AVOIDING_OBSTACLE,,0,0,0,,INNER,UNKNOWN,4,0,0.000000,0.000000,0,738,green,1,obstacle-car,0.846553,"[0, 495, 911, 719]",0.221465,0.179,,"{""0"": 31, ""1"": 30, ""2"": null, ""3"": null, ""4"": null, ""5"": null, ""6"": null, ""7"": null}","{""0"": 0.0, ""1"": 0.0, ""2"": null, ""3"": null, ""4"": null, ""5"": null, ""6"": null, ""7"": null}",{},,1,0,1,0,,maneuver-locked,CHANGING_PAUSED,right,left,right,0
974,2026-08-01T22:39:05.557+09:00,108.821,973,8.95,0,AVOIDING_OBSTACLE,,0,0,0,,INNER,UNKNOWN,4,0,0.000000,0.000000,0,738,green,1,obstacle-car,0.846553,"[0, 495, 911, 719]",0.221465,0.300,,"{""0"": 31, ""1"": 31, ""2"": null, ""3"": null, ""4"": null, ""5"": null, ""6"": null, ""7"": null}","{""0"": 0.0, ""1"": 0.0, ""2"": null, ""3"": null, ""4"": null, ""5"": null, ""6"": null, ""7"": null}",{},,1,0,1,0,,maneuver-locked,CHANGING_PAUSED,right,left,right,0
975,2026-08-01T22:39:05.667+09:00,108.930,974,8.95,0,AVOIDING_OBSTACLE,,0,0,0,,INNER,UNKNOWN,4,0,0.000000,0.000000,0,739,green,1,obstacle-car,0.855547,"[0, 498, 911, 719]",0.218018,0.309,,"{""0"": 250, ""1"": 31, ""2"": null, ""3"": null, ""4"": null, ""5"": null, ""6"": null, ""7"": null}","{""0"": 0.0, ""1"": 0.0, ""2"": null, ""3"": null, ""4"": null, ""5"": null, ""6"": null, ""7"": null}",{},,1,0,1,0,,maneuver-locked,CHANGING_PAUSED,right,left,right,0
976,2026-08-01T22:39:05.777+09:00,109.040,975,8.95,0,AVOIDING_OBSTACLE,,0,0,0,,INNER,UNKNOWN,4,0,0.000000,0.000000,0,738,green,1,obstacle-car,0.862299,"[0, 493, 911, 719]",0.223124,0.310,,"{""0"": 250, ""1"": 32, ""2"": null, ""3"": null, ""4"": null, ""5"": null, ""6"": null, ""7"": null}","{""0"": 0.0, ""1"": 0.0, ""2"": null, ""3"": null, ""4"": null, ""5"": null, ""6"": null, ""7"": null}",{},,1,0,1,0,,maneuver-locked,CHANGING_PAUSED,right,left,right,0
977,2026-08-01T22:39:05.891+09:00,109.155,976,8.95,0,AVOIDING_OBSTACLE,,0,0,0,,INNER,UNKNOWN,4,0,0.000000,0.000000,0,738,green,1,obstacle-car,0.862299,"[0, 493, 911, 719]",0.223124,0.426,,"{""0"": 250, ""1"": 35, ""2"": null, ""3"": null, ""4"": null, ""5"": null, ""6"": null, ""7"": null}","{""0"": 0.0, ""1"": 0.0, ""2"": null, ""3"": null, ""4"": null, ""5"": null, ""6"": null, ""7"": null}",{},,1,0,1,0,,maneuver-locked,CHANGING_PAUSED,right,left,right,0
978,2026-08-01T22:39:05.991+09:00,109.254,977,8.95,0,AVOIDING_OBSTACLE,,0,0,0,,INNER,UNKNOWN,4,0,0.000000,0.000000,0,738,green,1,obstacle-car,0.819656,"[0, 507, 911, 719]",0.209394,0.292,,"{""0"": 250, ""1"": 38, ""2"": null, ""3"": null, ""4"": null, ""5"": null, ""6"": null, ""7"": null}","{""0"": 0.0, ""1"": 0.0, ""2"": null, ""3"": null, ""4"": null, ""5"": null, ""6"": null, ""7"": null}",{},,1,0,1,0,,maneuver-locked,CHANGING_PAUSED,right,left,right,0
979,2026-08-01T22:39:06.095+09:00,109.360,978,8.95,0,AVOIDING_OBSTACLE,,0,0,0,,INNER,UNKNOWN,4,0,0.000000,0.000000,0,738,green,0,unknown,0.000000,null,0.000000,0.287,,"{""0"": 250, ""1"": 42, ""2"": null, ""3"": null, ""4"": null, ""5"": null, ""6"": null, ""7"": null}","{""0"": 0.0, ""1"": 0.0, ""2"": null, ""3"": null, ""4"": null, ""5"": null, ""6"": null, ""7"": null}",{},,1,0,1,0,,maneuver-locked,CHANGING_PAUSED,right,left,right,0
980,2026-08-01T22:39:06.216+09:00,109.480,979,8.95,0,AVOIDING_OBSTACLE,,0,0,0,,INNER,UNKNOWN,4,0,0.000000,0.000000,0,738,green,0,unknown,0.000000,null,0.000000,0.405,,"{""0"": 250, ""1"": 44, ""2"": null, ""3"": null, ""4"": null, ""5"": null, ""6"": null, ""7"": null}","{""0"": 0.0, ""1"": 0.0, ""2"": null, ""3"": null, ""4"": null, ""5"": null, ""6"": null, ""7"": null}",{},,1,0,1,0,,maneuver-locked,CHANGING_PAUSED,right,left,right,0
981,2026-08-01T22:39:06.320+09:00,109.584,980,8.95,0,AVOIDING_OBSTACLE,,0,0,0,,INNER,UNKNOWN,4,0,0.000000,0.000000,0,738,green,1,obstacle-car,0.654055,"[0, 284, 788, 720]",0.372998,0.297,,"{""0"": 250, ""1"": 47, ""2"": null, ""3"": null, ""4"": null, ""5"": null, ""6"": null, ""7"": null}","{""0"": 0.0, ""1"": 0.0, ""2"": null, ""3"": null, ""4"": null, ""5"": null, ""6"": null, ""7"": null}",{},,1,0,1,0,,maneuver-locked,CHANGING_PAUSED,right,left,right,0
982,2026-08-01T22:39:06.427+09:00,109.693,981,8.95,0,AVOIDING_OBSTACLE,,0,0,0,,INNER,UNKNOWN,4,0,0.000000,0.000000,0,737,green,0,unknown,0.000000,null,0.000000,0.302,,"{""0"": 250, ""1"": 50, ""2"": null, ""3"": null, ""4"": null, ""5"": null, ""6"": null, ""7"": null}","{""0"": 0.0, ""1"": 0.0, ""2"": null, ""3"": null, ""4"": null, ""5"": null, ""6"": null, ""7"": null}",{},,1,0,1,0,,maneuver-locked,CHANGING_PAUSED,right,left,right,0
983,2026-08-01T22:39:06.544+09:00,109.808,982,8.95,0,AVOIDING_OBSTACLE,,0,0,0,,INNER,UNKNOWN,4,0,0.000000,0.000000,0,738,green,0,unknown,0.000000,null,0.000000,0.416,,"{""0"": 250, ""1"": 56, ""2"": null, ""3"": null, ""4"": null, ""5"": null, ""6"": null, ""7"": null}","{""0"": 0.0, ""1"": 0.0, ""2"": null, ""3"": null, ""4"": null, ""5"": null, ""6"": null, ""7"": null}",{},,1,0,1,0,,maneuver-locked,CHANGING_PAUSED,right,left,right,0
984,2026-08-01T22:39:06.652+09:00,109.916,983,8.95,0,AVOIDING_OBSTACLE,,0,0,0,,INNER,UNKNOWN,4,0,0.000000,0.000000,0,738,green,1,obstacle-car,0.782745,"[0, 464, 713, 720]",0.197534,0.299,,"{""0"": 250, ""1"": 59, ""2"": null, ""3"": null, ""4"": null, ""5"": null, ""6"": null, ""7"": null}","{""0"": 0.0, ""1"": 0.0, ""2"": null, ""3"": null, ""4"": null, ""5"": null, ""6"": null, ""7"": null}",{},,1,0,1,0,,maneuver-locked,CHANGING_PAUSED,right,left,right,0
985,2026-08-01T22:39:06.758+09:00,110.024,984,8.95,0,AVOIDING_OBSTACLE,,0,0,0,,INNER,UNKNOWN,4,0,0.000000,0.000000,0,737,green,1,obstacle-car,0.952816,"[9, 511, 726, 720]",0.162084,0.300,,"{""0"": 250, ""1"": 63, ""2"": null, ""3"": null, ""4"": null, ""5"": null, ""6"": null, ""7"": null}","{""0"": 0.0, ""1"": 0.0, ""2"": null, ""3"": null, ""4"": null, ""5"": null, ""6"": null, ""7"": null}",{},,1,0,1,0,,maneuver-locked,CHANGING_PAUSED,right,left,right,0
986,2026-08-01T22:39:06.872+09:00,110.136,985,8.95,0,AVOIDING_OBSTACLE,,0,0,0,,INNER,UNKNOWN,4,0,0.000000,0.000000,0,738,green,1,obstacle-car,0.952816,"[9, 511, 726, 720]",0.162084,0.414,,"{""0"": 250, ""1"": 66, ""2"": null, ""3"": null, ""4"": null, ""5"": null, ""6"": null, ""7"": null}","{""0"": 0.0, ""1"": 0.0, ""2"": null, ""3"": null, ""4"": null, ""5"": null, ""6"": null, ""7"": null}",{},,1,0,1,0,,maneuver-locked,CHANGING_PAUSED,right,left,right,0
987,2026-08-01T22:39:06.977+09:00,110.241,986,8.95,0,AVOIDING_OBSTACLE,,0,0,0,,INNER,UNKNOWN,4,0,0.000000,0.000000,0,738,green,1,obstacle-car,0.955422,"[133, 373, 759, 719]",0.235119,0.292,,"{""0"": 250, ""1"": 69, ""2"": null, ""3"": null, ""4"": null, ""5"": null, ""6"": null, ""7"": null}","{""0"": 0.0, ""1"": 0.0, ""2"": null, ""3"": null, ""4"": null, ""5"": null, ""6"": null, ""7"": null}",{},,1,0,1,0,,maneuver-locked,CHANGING_PAUSED,right,left,right,0
988,2026-08-01T22:39:07.080+09:00,110.345,987,8.95,0,AVOIDING_OBSTACLE,,0,0,0,,INNER,UNKNOWN,4,0,0.000000,0.000000,0,737,green,1,obstacle-car,0.948518,"[197, 420, 784, 719]",0.190204,0.291,,"{""0"": 72, ""1"": 63, ""2"": null, ""3"": null, ""4"": null, ""5"": null, ""6"": null, ""7"": null}","{""0"": 0.0, ""1"": 0.0, ""2"": null, ""3"": null, ""4"": null, ""5"": null, ""6"": null, ""7"": null}",{},,1,0,1,0,,maneuver-locked,CHANGING_PAUSED,right,left,right,0
989,2026-08-01T22:39:07.189+09:00,110.451,988,8.96,0,AVOIDING_OBSTACLE,,0,0,0,,INNER,UNKNOWN,4,0,0.000000,0.000000,0,738,green,1,obstacle-car,0.948518,"[197, 420, 784, 719]",0.190204,0.397,,"{""0"": 250, ""1"": 71, ""2"": null, ""3"": null, ""4"": null, ""5"": null, ""6"": null, ""7"": null}","{""0"": 0.0, ""1"": 0.0, ""2"": null, ""3"": null, ""4"": null, ""5"": null, ""6"": null, ""7"": null}",{},,1,0,1,0,,maneuver-locked,CHANGING_PAUSED,right,left,right,0
990,2026-08-01T22:39:07.297+09:00,110.562,989,8.96,0,AVOIDING_OBSTACLE,,0,0,0,,INNER,UNKNOWN,4,0,0.000000,0.000000,0,738,green,1,obstacle-car,0.952165,"[282, 445, 823, 718]",0.160316,0.286,,"{""0"": 73, ""1"": 71, ""2"": null, ""3"": null, ""4"": null, ""5"": null, ""6"": null, ""7"": null}","{""0"": 0.0, ""1"": 0.0, ""2"": null, ""3"": null, ""4"": null, ""5"": null, ""6"": null, ""7"": null}",{},,1,0,1,0,,maneuver-locked,CHANGING_PAUSED,right,left,right,0
991,2026-08-01T22:39:07.401+09:00,110.665,990,8.96,0,AVOIDING_OBSTACLE,,0,0,0,,INNER,UNKNOWN,4,0,0.000000,0.000000,0,738,green,1,obstacle-car,0.935343,"[332, 432, 830, 718]",0.154725,0.290,,"{""0"": 73, ""1"": 71, ""2"": null, ""3"": null, ""4"": null, ""5"": null, ""6"": null, ""7"": null}","{""0"": 0.0, ""1"": 0.0, ""2"": null, ""3"": null, ""4"": null, ""5"": null, ""6"": null, ""7"": null}",{},,1,0,1,0,,maneuver-locked,CHANGING_PAUSED,right,left,right,0
992,2026-08-01T22:39:07.515+09:00,110.780,991,8.96,0,AVOIDING_OBSTACLE,,0,0,0,,INNER,UNKNOWN,4,0,0.000000,0.000000,0,737,green,1,obstacle-car,0.938643,"[333, 428, 831, 718]",0.156705,0.185,,"{""0"": 72, ""1"": 71, ""2"": null, ""3"": null, ""4"": null, ""5"": null, ""6"": null, ""7"": null}","{""0"": 0.0, ""1"": 0.0, ""2"": null, ""3"": null, ""4"": null, ""5"": null, ""6"": null, ""7"": null}",{},,1,0,1,0,,maneuver-locked,CHANGING_PAUSED,right,left,right,0
993,2026-08-01T22:39:07.628+09:00,110.891,992,8.96,0,AVOIDING_OBSTACLE,,0,0,0,,INNER,UNKNOWN,4,0,0.000000,0.000000,0,738,green,1,obstacle-car,0.938643,"[333, 428, 831, 718]",0.156705,0.296,,"{""0"": 73, ""1"": 71, ""2"": null, ""3"": null, ""4"": null, ""5"": null, ""6"": null, ""7"": null}","{""0"": 0.0, ""1"": 0.0, ""2"": null, ""3"": null, ""4"": null, ""5"": null, ""6"": null, ""7"": null}",{},,1,0,1,0,,maneuver-locked,CHANGING_PAUSED,right,left,right,0
994,2026-08-01T22:39:07.746+09:00,111.011,993,8.95,0,AVOIDING_OBSTACLE,,0,0,0,,INNER,UNKNOWN,4,0,0.000000,0.000000,0,738,green,1,obstacle-car,0.945534,"[333, 433, 830, 718]",0.154057,0.314,,"{""0"": 73, ""1"": 71, ""2"": null, ""3"": null, ""4"": null, ""5"": null, ""6"": null, ""7"": null}","{""0"": 0.0, ""1"": 0.0, ""2"": null, ""3"": null, ""4"": null, ""5"": null, ""6"": null, ""7"": null}",{},,1,0,1,0,,maneuver-locked,CHANGING_PAUSED,right,left,right,0
995,2026-08-01T22:39:07.865+09:00,111.126,994,8.95,0,AVOIDING_OBSTACLE,,0,0,0,,INNER,UNKNOWN,4,0,0.000000,0.000000,0,738,green,1,obstacle-car,0.951252,"[334, 435, 830, 718]",0.152389,0.199,,"{""0"": 73, ""1"": 71, ""2"": null, ""3"": null, ""4"": null, ""5"": null, ""6"": null, ""7"": null}","{""0"": 0.0, ""1"": 0.0, ""2"": null, ""3"": null, ""4"": null, ""5"": null, ""6"": null, ""7"": null}",{},,1,0,1,0,,maneuver-locked,CHANGING_PAUSED,right,left,right,0
996,2026-08-01T22:39:07.976+09:00,111.239,995,8.95,0,AVOIDING_OBSTACLE,,0,0,0,,INNER,UNKNOWN,4,0,0.000000,0.000000,0,738,green,1,obstacle-car,0.951252,"[334, 435, 830, 718]",0.152389,0.312,,"{""0"": 73, ""1"": 71, ""2"": null, ""3"": null, ""4"": null, ""5"": null, ""6"": null, ""7"": null}","{""0"": 0.0, ""1"": 0.0, ""2"": null, ""3"": null, ""4"": null, ""5"": null, ""6"": null, ""7"": null}",{},,1,0,1,0,,maneuver-locked,CHANGING_PAUSED,right,left,right,0
997,2026-08-01T22:39:08.081+09:00,111.345,996,8.96,0,AVOIDING_OBSTACLE,,0,0,0,,INNER,UNKNOWN,4,0,0.000000,0.000000,0,738,green,1,obstacle-car,0.948137,"[334, 433, 830, 718]",0.153673,0.302,,"{""0"": 73, ""1"": 71, ""2"": null, ""3"": null, ""4"": null, ""5"": null, ""6"": null, ""7"": null}","{""0"": 0.0, ""1"": 0.0, ""2"": null, ""3"": null, ""4"": null, ""5"": null, ""6"": null, ""7"": null}",{},,1,0,1,0,,maneuver-locked,CHANGING_PAUSED,right,left,right,0
998,2026-08-01T22:39:08.188+09:00,111.453,997,8.96,0,AVOIDING_OBSTACLE,,0,0,0,,INNER,UNKNOWN,4,0,0.000000,0.000000,0,738,green,1,obstacle-car,0.946717,"[334, 433, 830, 718]",0.153434,0.290,,"{""0"": 72, ""1"": 71, ""2"": null, ""3"": null, ""4"": null, ""5"": null, ""6"": null, ""7"": null}","{""0"": 0.0, ""1"": 0.0, ""2"": null, ""3"": null, ""4"": null, ""5"": null, ""6"": null, ""7"": null}",{},,1,0,1,0,,maneuver-locked,CHANGING_PAUSED,right,left,right,0
999,2026-08-01T22:39:08.303+09:00,111.567,998,8.96,0,AVOIDING_OBSTACLE,,0,0,0,,INNER,UNKNOWN,4,0,0.000000,0.000000,0,738,green,1,obstacle-car,0.946717,"[334, 433, 830, 718]",0.153434,0.403,,"{""0"": 72, ""1"": 71, ""2"": null, ""3"": null, ""4"": null, ""5"": null, ""6"": null, ""7"": null}","{""0"": 0.0, ""1"": 0.0, ""2"": null, ""3"": null, ""4"": null, ""5"": null, ""6"": null, ""7"": null}",{},,1,0,1,0,,maneuver-locked,CHANGING_PAUSED,right,left,right,0
1000,2026-08-01T22:39:08.397+09:00,111.662,999,8.96,1,AVOIDING_OBSTACLE,phase:CHANGING_PAUSED->CHANGING,0,0,0,,INNER,UNKNOWN,4,0,0.000000,-1.000000,70,738,green,1,obstacle-car,0.955888,"[334, 436, 830, 718]",0.151998,0.284,,"{""0"": 73, ""1"": 71, ""2"": null, ""3"": null, ""4"": null, ""5"": null, ""6"": null, ""7"": null}","{""0"": 0.0, ""1"": 0.0, ""2"": null, ""3"": null, ""4"": null, ""5"": null, ""6"": null, ""7"": null}",{},,1,0,1,0,,maneuver-locked,CHANGING,right,left,right,0
1001,2026-08-01T22:39:08.523+09:00,111.787,1000,8.96,1,AVOIDING_OBSTACLE,,0,0,0,,INNER,UNKNOWN,4,0,0.000000,-1.000000,70,737,green,1,obstacle-car,0.953341,"[334, 435, 830, 719]",0.152897,0.303,,"{""0"": 250, ""1"": 250, ""2"": null, ""3"": null, ""4"": null, ""5"": null, ""6"": null, ""7"": null}","{""0"": 0.0, ""1"": 0.0, ""2"": null, ""3"": null, ""4"": null, ""5"": null, ""6"": null, ""7"": null}",{},,1,0,1,0,,maneuver-locked,CHANGING,right,left,right,0
1002,2026-08-01T22:39:08.643+09:00,111.904,1001,8.96,1,AVOIDING_OBSTACLE,,0,0,0,,INNER,UNKNOWN,4,0,0.000000,-1.000000,70,715,green,1,obstacle-car,0.953341,"[334, 435, 830, 719]",0.152897,0.419,,"{""0"": 250, ""1"": 67, ""2"": null, ""3"": null, ""4"": null, ""5"": null, ""6"": null, ""7"": null}","{""0"": 0.0, ""1"": 0.0, ""2"": null, ""3"": null, ""4"": null, ""5"": null, ""6"": null, ""7"": null}",{},,1,0,1,0,,maneuver-locked,CHANGING,right,left,right,0
1003,2026-08-01T22:39:08.752+09:00,112.016,1002,8.96,1,AVOIDING_OBSTACLE,,0,0,0,,INNER,UNKNOWN,4,0,0.000000,-1.000000,70,700,green,1,obstacle-car,0.953608,"[334, 436, 830, 719]",0.152389,0.321,,"{""0"": 67, ""1"": 29, ""2"": null, ""3"": null, ""4"": null, ""5"": null, ""6"": null, ""7"": null}","{""0"": 0.0, ""1"": 0.0, ""2"": null, ""3"": null, ""4"": null, ""5"": null, ""6"": null, ""7"": null}",{},,1,0,1,0,,maneuver-locked,CHANGING,right,left,right,0
1004,2026-08-01T22:39:08.872+09:00,112.137,1003,8.95,1,AVOIDING_OBSTACLE,,0,0,0,,INNER,UNKNOWN,4,0,0.000000,-1.000000,70,686,green,1,obstacle-car,0.955132,"[334, 436, 830, 718]",0.151984,0.316,,"{""0"": 62, ""1"": 36, ""2"": null, ""3"": null, ""4"": null, ""5"": null, ""6"": null, ""7"": null}","{""0"": 0.0, ""1"": 0.0, ""2"": null, ""3"": null, ""4"": null, ""5"": null, ""6"": null, ""7"": null}",{},,1,0,1,0,,maneuver-locked,CHANGING,right,left,right,0
1005,2026-08-01T22:39:08.991+09:00,112.256,1004,8.95,1,AVOIDING_OBSTACLE,,0,0,0,,INNER,UNKNOWN,4,0,0.000000,-1.000000,70,687,green,1,obstacle-car,0.937828,"[296, 461, 826, 719]",0.148222,0.206,,"{""0"": 58, ""1"": 55, ""2"": null, ""3"": null, ""4"": null, ""5"": null, ""6"": null, ""7"": null}","{""0"": 0.0, ""1"": 0.0, ""2"": null, ""3"": null, ""4"": null, ""5"": null, ""6"": null, ""7"": null}",{},,1,0,1,0,,maneuver-locked,CHANGING,right,left,right,0
1006,2026-08-01T22:39:09.115+09:00,112.379,1005,8.95,1,AVOIDING_OBSTACLE,,0,0,0,,INNER,UNKNOWN,4,0,0.000000,-1.000000,70,687,green,1,obstacle-car,0.937828,"[296, 461, 826, 719]",0.148222,0.328,,"{""0"": 54, ""1"": 51, ""2"": null, ""3"": null, ""4"": null, ""5"": null, ""6"": null, ""7"": null}","{""0"": 0.0, ""1"": 0.0, ""2"": null, ""3"": null, ""4"": null, ""5"": null, ""6"": null, ""7"": null}",{},,1,0,1,0,,maneuver-locked,CHANGING,right,left,right,0
1007,2026-08-01T22:39:09.226+09:00,112.491,1006,8.95,1,AVOIDING_OBSTACLE,,0,0,0,,INNER,UNKNOWN,4,0,0.000000,-1.000000,70,686,green,1,obstacle-car,0.904409,"[256, 433, 795, 720]",0.167274,0.321,,"{""0"": 49, ""1"": 50, ""2"": null, ""3"": null, ""4"": null, ""5"": null, ""6"": null, ""7"": null}","{""0"": 0.0, ""1"": 0.0, ""2"": null, ""3"": null, ""4"": null, ""5"": null, ""6"": null, ""7"": null}",{},,1,0,1,0,,maneuver-locked,CHANGING,right,left,right,0
1008,2026-08-01T22:39:09.339+09:00,112.604,1007,8.95,1,AVOIDING_OBSTACLE,,0,0,0,,INNER,UNKNOWN,4,0,0.000000,-1.000000,70,687,green,1,obstacle-car,0.924044,"[200, 456, 778, 719]",0.164777,0.317,,"{""0"": 46, ""1"": 47, ""2"": null, ""3"": null, ""4"": null, ""5"": null, ""6"": null, ""7"": null}","{""0"": 0.0, ""1"": 0.0, ""2"": null, ""3"": null, ""4"": null, ""5"": null, ""6"": null, ""7"": null}",{},,1,0,1,0,,maneuver-locked,CHANGING,right,left,right,0
1009,2026-08-01T22:39:09.464+09:00,112.728,1008,8.95,1,AVOIDING_OBSTACLE,,0,0,0,,INNER,UNKNOWN,4,0,0.000000,-1.000000,70,686,green,1,obstacle-car,0.924044,"[200, 456, 778, 719]",0.164777,0.441,,"{""0"": 44, ""1"": 38, ""2"": null, ""3"": null, ""4"": null, ""5"": null, ""6"": null, ""7"": null}","{""0"": 0.0, ""1"": 0.0, ""2"": null, ""3"": null, ""4"": null, ""5"": null, ""6"": null, ""7"": null}",{},,1,0,1,0,,maneuver-locked,CHANGING,right,left,right,0
1010,2026-08-01T22:39:09.576+09:00,112.839,1009,8.95,1,AVOIDING_OBSTACLE,,0,0,0,,INNER,UNKNOWN,4,0,0.000000,-1.000000,70,686,green,1,obstacle-car,0.757200,"[9, 414, 671, 719]",0.219503,0.314,,"{""0"": 42, ""1"": 50, ""2"": null, ""3"": null, ""4"": null, ""5"": null, ""6"": null, ""7"": null}","{""0"": 0.0, ""1"": 0.0, ""2"": null, ""3"": null, ""4"": null, ""5"": null, ""6"": null, ""7"": null}",{},,1,0,1,0,,maneuver-locked,CHANGING,right,left,right,0
1011,2026-08-01T22:39:09.687+09:00,112.948,1010,8.95,1,AVOIDING_OBSTACLE,,0,0,0,,INNER,UNKNOWN,4,0,0.000000,-1.000000,70,686,green,0,unknown,0.000000,null,0.000000,0.314,,"{""0"": 250, ""1"": 37, ""2"": null, ""3"": null, ""4"": null, ""5"": null, ""6"": null, ""7"": null}","{""0"": 0.0, ""1"": 0.0, ""2"": null, ""3"": null, ""4"": null, ""5"": null, ""6"": null, ""7"": null}",{},,1,0,1,0,,maneuver-locked,CHANGING,right,left,right,0
1012,2026-08-01T22:39:09.805+09:00,113.069,1011,8.95,1,AVOIDING_OBSTACLE,,0,0,0,,INNER,UNKNOWN,4,0,0.000000,-1.000000,70,686,green,1,obstacle-car,0.532797,"[0, 451, 501, 719]",0.146028,0.199,,"{""0"": 250, ""1"": 250, ""2"": null, ""3"": null, ""4"": null, ""5"": null, ""6"": null, ""7"": null}","{""0"": 0.0, ""1"": 0.0, ""2"": null, ""3"": null, ""4"": null, ""5"": null, ""6"": null, ""7"": null}",{},,1,0,1,0,,maneuver-locked,CHANGING,right,left,right,0
1013,2026-08-01T22:39:09.915+09:00,113.177,1012,8.95,1,AVOIDING_OBSTACLE,,0,0,0,,INNER,UNKNOWN,4,0,0.000000,-1.000000,70,686,green,1,obstacle-car,0.532797,"[0, 451, 501, 719]",0.146028,0.304,,"{""0"": 250, ""1"": 250, ""2"": null, ""3"": null, ""4"": null, ""5"": null, ""6"": null, ""7"": null}","{""0"": 0.0, ""1"": 0.0, ""2"": null, ""3"": null, ""4"": null, ""5"": null, ""6"": null, ""7"": null}",{},,1,0,1,0,,maneuver-locked,CHANGING,right,left,right,0
1014,2026-08-01T22:39:10.021+09:00,113.287,1013,8.95,1,AVOIDING_OBSTACLE,,0,0,0,,INNER,UNKNOWN,4,0,0.000000,-1.000000,70,686,green,0,unknown,0.000000,null,0.000000,0.305,,"{""0"": 250, ""1"": 153, ""2"": null, ""3"": null, ""4"": null, ""5"": null, ""6"": null, ""7"": null}","{""0"": 0.0, ""1"": 0.0, ""2"": null, ""3"": null, ""4"": null, ""5"": null, ""6"": null, ""7"": null}",{},,1,0,1,0,,maneuver-locked,CHANGING,right,left,right,0
1015,2026-08-01T22:39:10.138+09:00,113.403,1014,8.95,1,AVOIDING_OBSTACLE,phase:CHANGING->COUNTER_STEER,0,0,0,,INNER,UNKNOWN,4,0,0.000000,1.000000,70,684,green,0,unknown,0.000000,null,0.000000,0.192,,"{""0"": 250, ""1"": 115, ""2"": null, ""3"": null, ""4"": null, ""5"": null, ""6"": null, ""7"": null}","{""0"": 0.0, ""1"": 0.0, ""2"": null, ""3"": null, ""4"": null, ""5"": null, ""6"": null, ""7"": null}",{},,1,0,1,0,,maneuver-locked,COUNTER_STEER,right,left,right,0
1016,2026-08-01T22:39:10.251+09:00,113.514,1015,8.95,1,AVOIDING_OBSTACLE,,0,0,0,,INNER,UNKNOWN,4,0,0.000000,1.000000,70,688,green,0,unknown,0.000000,null,0.000000,0.301,,"{""0"": 250, ""1"": 62, ""2"": null, ""3"": null, ""4"": null, ""5"": null, ""6"": null, ""7"": null}","{""0"": 0.0, ""1"": 0.0, ""2"": null, ""3"": null, ""4"": null, ""5"": null, ""6"": null, ""7"": null}",{},,1,0,1,0,,maneuver-locked,COUNTER_STEER,right,left,right,0
1017,2026-08-01T22:39:10.359+09:00,113.623,1016,8.95,1,AVOIDING_OBSTACLE,,0,0,0,,INNER,UNKNOWN,4,0,0.000000,1.000000,70,703,green,0,unknown,0.000000,null,0.000000,0.306,,"{""0"": 250, ""1"": 250, ""2"": null, ""3"": null, ""4"": null, ""5"": null, ""6"": null, ""7"": null}","{""0"": 0.0, ""1"": 0.0, ""2"": null, ""3"": null, ""4"": null, ""5"": null, ""6"": null, ""7"": null}",{},,1,0,1,0,,maneuver-locked,COUNTER_STEER,right,left,right,0
1018,2026-08-01T22:39:10.472+09:00,113.736,1017,8.95,1,AVOIDING_OBSTACLE,,0,0,0,,INNER,UNKNOWN,4,0,0.000000,1.000000,70,750,green,0,unknown,0.000000,null,0.000000,0.188,,"{""0"": 250, ""1"": 250, ""2"": null, ""3"": null, ""4"": null, ""5"": null, ""6"": null, ""7"": null}","{""0"": 0.0, ""1"": 0.0, ""2"": null, ""3"": null, ""4"": null, ""5"": null, ""6"": null, ""7"": null}",{},,1,0,1,0,,maneuver-locked,COUNTER_STEER,right,left,right,0
1019,2026-08-01T22:39:10.581+09:00,113.846,1018,8.95,1,AVOIDING_OBSTACLE,,0,0,0,,INNER,UNKNOWN,4,0,0.000000,1.000000,70,805,green,0,unknown,0.000000,null,0.000000,0.297,,"{""0"": 250, ""1"": 250, ""2"": null, ""3"": null, ""4"": null, ""5"": null, ""6"": null, ""7"": null}","{""0"": 0.0, ""1"": 0.0, ""2"": null, ""3"": null, ""4"": null, ""5"": null, ""6"": null, ""7"": null}",{},,1,0,1,0,,maneuver-locked,COUNTER_STEER,right,left,right,0
1020,2026-08-01T22:39:10.701+09:00,113.963,1019,8.95,1,AVOIDING_OBSTACLE,,0,0,0,,INNER,UNKNOWN,4,0,0.000000,1.000000,70,813,green,0,unknown,0.000000,null,0.000000,0.307,,"{""0"": 250, ""1"": 250, ""2"": null, ""3"": null, ""4"": null, ""5"": null, ""6"": null, ""7"": null}","{""0"": 0.0, ""1"": 0.0, ""2"": null, ""3"": null, ""4"": null, ""5"": null, ""6"": null, ""7"": null}",{},,1,0,1,0,,maneuver-locked,COUNTER_STEER,right,left,right,0
1021,2026-08-01T22:39:10.815+09:00,114.080,1020,8.95,1,AVOIDING_OBSTACLE,,0,0,0,,INNER,UNKNOWN,4,0,0.000000,1.000000,70,818,green,0,unknown,0.000000,null,0.000000,0.311,,"{""0"": 250, ""1"": 250, ""2"": null, ""3"": null, ""4"": null, ""5"": null, ""6"": null, ""7"": null}","{""0"": 0.0, ""1"": 0.0, ""2"": null, ""3"": null, ""4"": null, ""5"": null, ""6"": null, ""7"": null}",{},,1,0,1,0,,maneuver-locked,COUNTER_STEER,right,left,right,0
1022,2026-08-01T22:39:10.928+09:00,114.193,1021,8.95,1,AVOIDING_OBSTACLE,,0,0,0,,INNER,UNKNOWN,4,0,0.000000,1.000000,70,818,green,0,unknown,0.000000,null,0.000000,0.196,,"{""0"": 250, ""1"": 250, ""2"": null, ""3"": null, ""4"": null, ""5"": null, ""6"": null, ""7"": null}","{""0"": 0.0, ""1"": 0.0, ""2"": null, ""3"": null, ""4"": null, ""5"": null, ""6"": null, ""7"": null}",{},,1,0,1,0,,maneuver-locked,COUNTER_STEER,right,left,right,0
1023,2026-08-01T22:39:11.038+09:00,114.301,1022,8.95,1,AVOIDING_OBSTACLE,,0,0,0,,INNER,UNKNOWN,4,0,0.000000,1.000000,70,817,green,0,unknown,0.000000,null,0.000000,0.303,,"{""0"": 250, ""1"": 250, ""2"": null, ""3"": null, ""4"": null, ""5"": null, ""6"": null, ""7"": null}","{""0"": 0.0, ""1"": 0.0, ""2"": null, ""3"": null, ""4"": null, ""5"": null, ""6"": null, ""7"": null}",{},,1,0,1,0,,maneuver-locked,COUNTER_STEER,right,left,right,0
1024,2026-08-01T22:39:11.151+09:00,114.414,1023,8.95,1,DRIVING,state:AVOIDING_OBSTACLE->DRIVING;phase:COUNTER_STEER->KEEP,0,0,0,,UNKNOWN,UNKNOWN,0,0,0.000000,0.000000,70,820,green,0,unknown,0.000000,null,0.000000,0.302,,"{""0"": 250, ""1"": 250, ""2"": null, ""3"": null, ""4"": null, ""5"": null, ""6"": null, ""7"": null}","{""0"": 0.0, ""1"": 0.0, ""2"": null, ""3"": null, ""4"": null, ""5"": null, ""6"": null, ""7"": null}",{},,1,0,1,0,,maneuver-locked,KEEP,,,,0
1025,2026-08-01T22:39:11.270+09:00,114.531,1024,8.95,1,DRIVING,,0,1,0,-0.093973,UNKNOWN,UNKNOWN,0,0,0.169152,0.169152,255,818,green,0,unknown,0.000000,null,0.000000,0.195,,"{""0"": 250, ""1"": 250, ""2"": null, ""3"": null, ""4"": null, ""5"": null, ""6"": null, ""7"": null}","{""0"": 0.0, ""1"": 0.0, ""2"": null, ""3"": null, ""4"": null, ""5"": null, ""6"": null, ""7"": null}","{""0"": 250, ""1"": 250}",250,1,0,0,0,0.195,ultrasonic-not-close,KEEP,left,right,,0
1026,2026-08-01T22:39:11.383+09:00,114.647,1025,8.95,1,DRIVING,,0,1,0,-0.102038,OUTER,UNKNOWN,0,1,0.198185,0.198185,255,777,green,0,unknown,0.000000,null,0.000000,0.312,,"{""0"": 250, ""1"": 250, ""2"": null, ""3"": null, ""4"": null, ""5"": null, ""6"": null, ""7"": null}","{""0"": 0.0, ""1"": 0.0, ""2"": null, ""3"": null, ""4"": null, ""5"": null, ""6"": null, ""7"": null}","{""0"": 250, ""1"": 250}",250,1,0,0,0,0.312,ultrasonic-not-close,KEEP,left,right,,0
1027,2026-08-01T22:39:11.497+09:00,114.761,1026,8.95,1,DRIVING,,0,1,0,-0.125260,OUTER,UNKNOWN,0,2,0.277431,0.277431,255,764,green,0,unknown,0.000000,null,0.000000,0.312,,"{""0"": 250, ""1"": 250, ""2"": null, ""3"": null, ""4"": null, ""5"": null, ""6"": null, ""7"": null}","{""0"": 0.0, ""1"": 0.0, ""2"": null, ""3"": null, ""4"": null, ""5"": null, ""6"": null, ""7"": null}","{""0"": 250, ""1"": 250}",250,1,0,0,0,0.312,ultrasonic-not-close,KEEP,left,right,,0
1028,2026-08-01T22:39:11.610+09:00,114.875,1027,8.95,1,DRIVING,,0,1,0,-0.182693,OUTER,OUTER,0,3,0.468601,0.468601,255,764,green,0,unknown,0.000000,null,0.000000,0.309,,"{""0"": 250, ""1"": 250, ""2"": null, ""3"": null, ""4"": null, ""5"": null, ""6"": null, ""7"": null}","{""0"": 0.0, ""1"": 0.0, ""2"": null, ""3"": null, ""4"": null, ""5"": null, ""6"": null, ""7"": null}","{""0"": 250, ""1"": 250}",250,1,0,0,0,0.309,ultrasonic-not-close,KEEP,left,right,,0
1029,2026-08-01T22:39:11.716+09:00,114.981,1028,8.95,1,DRIVING,,0,1,0,-0.187454,OUTER,OUTER,0,4,0.443812,0.443812,255,765,green,0,unknown,0.000000,null,0.000000,0.415,,"{""0"": 250, ""1"": 250, ""2"": null, ""3"": null, ""4"": null, ""5"": null, ""6"": null, ""7"": null}","{""0"": 0.0, ""1"": 0.0, ""2"": null, ""3"": null, ""4"": null, ""5"": null, ""6"": null, ""7"": null}","{""0"": 250, ""1"": 250}",250,1,0,0,0,0.415,ultrasonic-not-close,KEEP,left,right,,0
1030,2026-08-01T22:39:11.826+09:00,115.091,1029,8.95,1,DRIVING,,0,1,0,-0.202609,OUTER,OUTER,0,5,0.466452,0.466452,255,767,green,0,unknown,0.000000,null,0.000000,0.299,,"{""0"": 250, ""1"": 250, ""2"": null, ""3"": null, ""4"": null, ""5"": null, ""6"": null, ""7"": null}","{""0"": 0.0, ""1"": 0.0, ""2"": null, ""3"": null, ""4"": null, ""5"": null, ""6"": null, ""7"": null}","{""0"": 250, ""1"": 250}",250,1,0,0,0,0.299,ultrasonic-not-close,KEEP,left,right,,0
1031,2026-08-01T22:39:11.942+09:00,115.206,1030,8.95,1,DRIVING,,0,1,0,-0.211315,OUTER,OUTER,0,6,0.467266,0.467266,255,775,green,0,unknown,0.000000,null,0.000000,0.301,,"{""0"": 250, ""1"": 250, ""2"": null, ""3"": null, ""4"": null, ""5"": null, ""6"": null, ""7"": null}","{""0"": 0.0, ""1"": 0.0, ""2"": null, ""3"": null, ""4"": null, ""5"": null, ""6"": null, ""7"": null}","{""0"": 250, ""1"": 250}",250,1,0,0,0,0.301,ultrasonic-not-close,KEEP,left,right,,0
1032,2026-08-01T22:39:12.053+09:00,115.317,1031,8.95,1,DRIVING,,0,1,0,-0.206983,OUTER,OUTER,0,7,0.425601,0.425601,255,776,green,0,unknown,0.000000,null,0.000000,0.413,,"{""0"": 250, ""1"": 250, ""2"": null, ""3"": null, ""4"": null, ""5"": null, ""6"": null, ""7"": null}","{""0"": 0.0, ""1"": 0.0, ""2"": null, ""3"": null, ""4"": null, ""5"": null, ""6"": null, ""7"": null}","{""0"": 250, ""1"": 250}",250,1,0,0,0,0.413,ultrasonic-not-close,KEEP,left,right,,0
1033,2026-08-01T22:39:12.176+09:00,115.440,1032,8.95,1,DRIVING,,0,1,0,-0.207124,OUTER,OUTER,0,7,0.410201,0.410201,255,777,green,1,obstacle-car,0.458157,"[3, 4, 429, 448]",0.205193,0.316,,"{""0"": 250, ""1"": 95, ""2"": null, ""3"": null, ""4"": null, ""5"": null, ""6"": null, ""7"": null}","{""0"": 0.0, ""1"": 0.0, ""2"": null, ""3"": null, ""4"": null, ""5"": null, ""6"": null, ""7"": null}","{""0"": 250, ""1"": 95}",95,1,1,1,1,0.316,car+ultrasonic,KEEP,left,right,,0
1034,2026-08-01T22:39:12.283+09:00,115.546,1033,8.95,1,DRIVING,,0,1,0,-0.168965,OUTER,OUTER,0,7,0.261615,0.261615,255,778,green,0,unknown,0.000000,null,0.000000,0.308,,"{""0"": 250, ""1"": 250, ""2"": null, ""3"": null, ""4"": null, ""5"": null, ""6"": null, ""7"": null}","{""0"": 0.0, ""1"": 0.0, ""2"": null, ""3"": null, ""4"": null, ""5"": null, ""6"": null, ""7"": null}","{""0"": 250, ""1"": 250}",250,1,0,0,0,0.308,ultrasonic-not-close,KEEP,left,right,,0
1035,2026-08-01T22:39:12.401+09:00,115.667,1034,8.95,1,DRIVING,,0,1,0,-0.162897,OUTER,OUTER,0,7,0.252525,0.252525,255,775,green,0,unknown,0.000000,null,0.000000,0.195,,"{""0"": 250, ""1"": 250, ""2"": null, ""3"": null, ""4"": null, ""5"": null, ""6"": null, ""7"": null}","{""0"": 0.0, ""1"": 0.0, ""2"": null, ""3"": null, ""4"": null, ""5"": null, ""6"": null, ""7"": null}","{""0"": 250, ""1"": 250}",250,1,0,0,0,0.195,ultrasonic-not-close,KEEP,left,right,,0
1036,2026-08-01T22:39:12.512+09:00,115.774,1035,8.95,1,DRIVING,,0,1,0,-0.180695,UNKNOWN,OUTER,0,6,0.328805,0.328805,255,771,green,0,unknown,0.000000,null,0.000000,0.301,,"{""0"": 250, ""1"": 250, ""2"": null, ""3"": null, ""4"": null, ""5"": null, ""6"": null, ""7"": null}","{""0"": 0.0, ""1"": 0.0, ""2"": null, ""3"": null, ""4"": null, ""5"": null, ""6"": null, ""7"": null}","{""0"": 250, ""1"": 250}",250,1,0,0,0,0.301,ultrasonic-not-close,KEEP,left,right,,0
1037,2026-08-01T22:39:12.618+09:00,115.883,1036,8.95,1,DRIVING,,0,1,0,-0.174501,UNKNOWN,OUTER,0,5,0.305440,0.305440,255,770,green,0,unknown,0.000000,null,0.000000,0.305,,"{""0"": 250, ""1"": 250, ""2"": null, ""3"": null, ""4"": null, ""5"": null, ""6"": null, ""7"": null}","{""0"": 0.0, ""1"": 0.0, ""2"": null, ""3"": null, ""4"": null, ""5"": null, ""6"": null, ""7"": null}","{""0"": 250, ""1"": 250}",250,1,0,0,0,0.305,ultrasonic-not-close,KEEP,left,right,,0
1038,2026-08-01T22:39:12.728+09:00,115.993,1037,8.95,1,DRIVING,,0,1,0,-0.220051,OUTER,OUTER,0,5,0.472020,0.472020,255,769,green,0,unknown,0.000000,null,0.000000,0.295,,"{""0"": 250, ""1"": 250, ""2"": null, ""3"": null, ""4"": null, ""5"": null, ""6"": null, ""7"": null}","{""0"": 0.0, ""1"": 0.0, ""2"": null, ""3"": null, ""4"": null, ""5"": null, ""6"": null, ""7"": null}","{""0"": 250, ""1"": 250}",250,1,0,0,0,0.295,ultrasonic-not-close,KEEP,left,right,,0
1039,2026-08-01T22:39:12.844+09:00,116.107,1038,8.95,1,DRIVING,,0,1,0,-0.218194,OUTER,OUTER,0,5,0.442557,0.442557,255,770,green,0,unknown,0.000000,null,0.000000,0.409,,"{""0"": 250, ""1"": 250, ""2"": null, ""3"": null, ""4"": null, ""5"": null, ""6"": null, ""7"": null}","{""0"": 0.0, ""1"": 0.0, ""2"": null, ""3"": null, ""4"": null, ""5"": null, ""6"": null, ""7"": null}","{""0"": 250, ""1"": 250}",250,1,0,0,0,0.409,ultrasonic-not-close,KEEP,left,right,,0
1040,2026-08-01T22:39:12.956+09:00,116.220,1039,8.95,1,DRIVING,,0,1,0,-0.201083,OUTER,OUTER,0,5,0.366013,0.366013,255,770,green,0,unknown,0.000000,null,0.000000,0.306,,"{""0"": 250, ""1"": 176, ""2"": null, ""3"": null, ""4"": null, ""5"": null, ""6"": null, ""7"": null}","{""0"": 0.0, ""1"": 0.0, ""2"": null, ""3"": null, ""4"": null, ""5"": null, ""6"": null, ""7"": null}","{""0"": 250, ""1"": 176}",176,1,0,0,0,0.306,ultrasonic-not-close,KEEP,left,right,,0
1041,2026-08-01T22:39:13.067+09:00,116.332,1040,8.95,1,DRIVING,,0,1,0,-0.207661,OUTER,OUTER,0,5,0.388477,0.388477,255,772,green,0,unknown,0.000000,null,0.000000,0.310,,"{""0"": 250, ""1"": 171, ""2"": null, ""3"": null, ""4"": null, ""5"": null, ""6"": null, ""7"": null}","{""0"": 0.0, ""1"": 0.0, ""2"": null, ""3"": null, ""4"": null, ""5"": null, ""6"": null, ""7"": null}","{""0"": 250, ""1"": 171}",171,1,0,0,0,0.310,ultrasonic-not-close,KEEP,left,right,,0
1042,2026-08-01T22:39:13.187+09:00,116.451,1041,8.95,1,DRIVING,,0,1,0,-0.198742,OUTER,OUTER,0,5,0.351963,0.351963,255,772,green,0,unknown,0.000000,null,0.000000,0.429,,"{""0"": 250, ""1"": 250, ""2"": null, ""3"": null, ""4"": null, ""5"": null, ""6"": null, ""7"": null}","{""0"": 0.0, ""1"": 0.0, ""2"": null, ""3"": null, ""4"": null, ""5"": null, ""6"": null, ""7"": null}","{""0"": 250, ""1"": 250}",250,1,0,0,0,0.429,ultrasonic-not-close,KEEP,left,right,,0
1043,2026-08-01T22:39:13.298+09:00,116.562,1042,8.95,1,DRIVING,,0,1,0,-0.208694,OUTER,OUTER,0,6,0.389520,0.389520,255,772,unknown,0,unknown,0.000000,null,0.000000,0.308,,"{""0"": 250, ""1"": 152, ""2"": null, ""3"": null, ""4"": null, ""5"": null, ""6"": null, ""7"": null}","{""0"": 0.0, ""1"": 0.0, ""2"": null, ""3"": null, ""4"": null, ""5"": null, ""6"": null, ""7"": null}","{""0"": 250, ""1"": 152}",152,1,0,0,0,0.308,ultrasonic-not-close,KEEP,left,right,,0
1044,2026-08-01T22:39:13.411+09:00,116.675,1043,8.95,1,DRIVING,,0,1,0,-0.197694,OUTER,OUTER,0,7,0.345758,0.345758,255,773,unknown,0,unknown,0.000000,null,0.000000,0.313,,"{""0"": 250, ""1"": 140, ""2"": null, ""3"": null, ""4"": null, ""5"": null, ""6"": null, ""7"": null}","{""0"": 0.0, ""1"": 0.0, ""2"": null, ""3"": null, ""4"": null, ""5"": null, ""6"": null, ""7"": null}","{""0"": 250, ""1"": 140}",140,1,1,0,0,0.313,car-not-detected-or-stale,KEEP,left,right,,0
1045,2026-08-01T22:39:13.523+09:00,116.787,1044,8.95,1,DRIVING,,0,1,0,-0.225326,UNKNOWN,OUTER,0,6,0.448263,0.448263,255,773,unknown,0,unknown,0.000000,null,0.000000,0.192,,"{""0"": 250, ""1"": 98, ""2"": null, ""3"": null, ""4"": null, ""5"": null, ""6"": null, ""7"": null}","{""0"": 0.0, ""1"": 0.0, ""2"": null, ""3"": null, ""4"": null, ""5"": null, ""6"": null, ""7"": null}","{""0"": 250, ""1"": 98}",98,1,1,0,0,0.192,car-not-detected-or-stale,KEEP,left,right,,0
1046,2026-08-01T22:39:13.651+09:00,116.911,1045,8.95,1,DRIVING,,0,1,0,-0.234674,UNKNOWN,OUTER,0,5,0.469110,0.469110,255,773,unknown,0,unknown,0.000000,null,0.000000,0.315,,"{""0"": 250, ""1"": 125, ""2"": null, ""3"": null, ""4"": null, ""5"": null, ""6"": null, ""7"": null}","{""0"": 0.0, ""1"": 0.0, ""2"": null, ""3"": null, ""4"": null, ""5"": null, ""6"": null, ""7"": null}","{""0"": 250, ""1"": 125}",125,1,1,0,0,0.315,car-not-detected-or-stale,KEEP,left,right,,0
1047,2026-08-01T22:39:13.763+09:00,117.027,1046,8.95,1,DRIVING,,0,1,0,-0.251557,UNKNOWN,OUTER,0,4,0.515881,0.515881,255,773,unknown,0,unknown,0.000000,null,0.000000,0.322,,"{""0"": 250, ""1"": 115, ""2"": null, ""3"": null, ""4"": null, ""5"": null, ""6"": null, ""7"": null}","{""0"": 0.0, ""1"": 0.0, ""2"": null, ""3"": null, ""4"": null, ""5"": null, ""6"": null, ""7"": null}","{""0"": 250, ""1"": 115}",115,1,1,0,0,0.322,car-not-detected-or-stale,KEEP,left,right,,0
1048,2026-08-01T22:39:13.873+09:00,117.136,1047,8.95,1,DRIVING,,0,1,0,-0.268577,UNKNOWN,OUTER,0,3,0.558230,0.558230,255,774,unknown,0,unknown,0.000000,null,0.000000,0.317,,"{""0"": 250, ""1"": 107, ""2"": null, ""3"": null, ""4"": null, ""5"": null, ""6"": null, ""7"": null}","{""0"": 0.0, ""1"": 0.0, ""2"": null, ""3"": null, ""4"": null, ""5"": null, ""6"": null, ""7"": null}","{""0"": 250, ""1"": 107}",107,1,1,0,0,0.317,car-not-detected-or-stale,KEEP,left,right,,0
1049,2026-08-01T22:39:13.993+09:00,117.258,1048,8.95,1,DRIVING,,0,1,0,-0.284858,UNKNOWN,UNKNOWN,0,2,0.594403,0.594403,255,778,unknown,0,unknown,0.000000,null,0.000000,0.439,,"{""0"": 250, ""1"": 101, ""2"": null, ""3"": null, ""4"": null, ""5"": null, ""6"": null, ""7"": null}","{""0"": 0.0, ""1"": 0.0, ""2"": null, ""3"": null, ""4"": null, ""5"": null, ""6"": null, ""7"": null}","{""0"": 250, ""1"": 101}",101,1,1,0,0,0.439,car-not-detected-or-stale,KEEP,left,right,,0
1050,2026-08-01T22:39:14.106+09:00,117.369,1049,8.95,1,DRIVING,,0,1,0,-0.302508,UNKNOWN,UNKNOWN,0,1,0.633448,0.633448,255,783,unknown,0,unknown,0.000000,null,0.000000,0.309,,"{""0"": 250, ""1"": 195, ""2"": null, ""3"": null, ""4"": null, ""5"": null, ""6"": null, ""7"": null}","{""0"": 0.0, ""1"": 0.0, ""2"": null, ""3"": null, ""4"": null, ""5"": null, ""6"": null, ""7"": null}","{""0"": 250, ""1"": 195}",195,1,0,0,0,0.309,ultrasonic-not-close,KEEP,left,right,,0
1051,2026-08-01T22:39:14.220+09:00,117.484,1050,8.95,1,DRIVING,,0,1,0,-0.325120,UNKNOWN,UNKNOWN,0,0,0.688170,0.688170,255,787,unknown,0,unknown,0.000000,null,0.000000,0.314,,"{""0"": 250, ""1"": 250, ""2"": null, ""3"": null, ""4"": null, ""5"": null, ""6"": null, ""7"": null}","{""0"": 0.0, ""1"": 0.0, ""2"": null, ""3"": null, ""4"": null, ""5"": null, ""6"": null, ""7"": null}","{""0"": 250, ""1"": 250}",250,1,0,0,0,0.314,ultrasonic-not-close,KEEP,left,right,,0
1052,2026-08-01T22:39:14.333+09:00,117.596,1051,8.95,1,DRIVING,,0,1,0,-0.348474,UNKNOWN,UNKNOWN,0,0,0.741357,0.741357,255,786,unknown,1,obstacle-car,0.684350,"[14, 2, 692, 417]",0.305959,0.194,,"{""0"": 250, ""1"": 250, ""2"": null, ""3"": null, ""4"": null, ""5"": null, ""6"": null, ""7"": null}","{""0"": 0.0, ""1"": 0.0, ""2"": null, ""3"": null, ""4"": null, ""5"": null, ""6"": null, ""7"": null}","{""0"": 250, ""1"": 250}",250,1,0,0,0,0.194,ultrasonic-not-close,KEEP,left,right,,0
1053,2026-08-01T22:39:14.446+09:00,117.710,1052,8.95,1,DRIVING,,0,1,0,-0.360564,UNKNOWN,UNKNOWN,0,0,0.750649,0.750649,255,792,unknown,1,obstacle-car,0.684350,"[14, 2, 692, 417]",0.305959,0.306,,"{""0"": 250, ""1"": 250, ""2"": null, ""3"": null, ""4"": null, ""5"": null, ""6"": null, ""7"": null}","{""0"": 0.0, ""1"": 0.0, ""2"": null, ""3"": null, ""4"": null, ""5"": null, ""6"": null, ""7"": null}","{""0"": 250, ""1"": 250}",250,1,0,0,0,0.306,ultrasonic-not-close,KEEP,left,right,,0
1054,2026-08-01T22:39:14.562+09:00,117.825,1053,8.95,1,DRIVING,,0,1,0,-0.371883,UNKNOWN,UNKNOWN,0,0,0.760910,0.760910,255,797,unknown,1,obstacle-car,0.785121,"[24, 1, 677, 424]",0.299433,0.308,,"{""0"": 250, ""1"": 250, ""2"": null, ""3"": null, ""4"": null, ""5"": null, ""6"": null, ""7"": null}","{""0"": 0.0, ""1"": 0.0, ""2"": null, ""3"": null, ""4"": null, ""5"": null, ""6"": null, ""7"": null}","{""0"": 250, ""1"": 250}",250,1,0,0,0,0.308,ultrasonic-not-close,KEEP,left,right,,0
1055,2026-08-01T22:39:14.671+09:00,117.936,1054,8.95,1,DRIVING,,0,1,0,-0.380491,UNKNOWN,UNKNOWN,0,0,0.764442,0.764442,255,797,unknown,1,obstacle-car,0.705459,"[0, 1, 745, 425]",0.342477,0.192,,"{""0"": 250, ""1"": 151, ""2"": null, ""3"": null, ""4"": null, ""5"": null, ""6"": null, ""7"": null}","{""0"": 0.0, ""1"": 0.0, ""2"": null, ""3"": null, ""4"": null, ""5"": null, ""6"": null, ""7"": null}","{""0"": 250, ""1"": 151}",151,1,0,0,0,0.192,ultrasonic-not-close,KEEP,left,right,,0
1056,2026-08-01T22:39:14.799+09:00,118.063,1055,8.95,1,DRIVING,,0,1,0,-0.379752,UNKNOWN,UNKNOWN,0,0,0.737913,0.737913,100,799,unknown,1,obstacle-car,0.705459,"[0, 1, 745, 425]",0.342477,0.320,,"{""0"": 250, ""1"": 64, ""2"": null, ""3"": null, ""4"": null, ""5"": null, ""6"": null, ""7"": null}","{""0"": 0.0, ""1"": 0.0, ""2"": null, ""3"": null, ""4"": null, ""5"": null, ""6"": null, ""7"": null}","{""0"": 250, ""1"": 64}",64,1,1,1,1,0.320,car+ultrasonic,KEEP,left,right,,0
1057,2026-08-01T22:39:14.915+09:00,118.177,1056,8.95,1,DRIVING,,0,1,0,-0.384026,UNKNOWN,UNKNOWN,0,0,0.736993,0.736993,255,798,unknown,1,obstacle-car,0.588849,"[27, 1, 748, 410]",0.319583,0.315,,"{""0"": 250, ""1"": 200, ""2"": null, ""3"": null, ""4"": null, ""5"": null, ""6"": null, ""7"": null}","{""0"": 0.0, ""1"": 0.0, ""2"": null, ""3"": null, ""4"": null, ""5"": null, ""6"": null, ""7"": null}","{""0"": 250, ""1"": 200}",200,1,0,0,0,0.315,ultrasonic-not-close,KEEP,left,right,,0
1058,2026-08-01T22:39:15.038+09:00,118.301,1057,8.94,1,DRIVING,,0,1,0,-0.386546,UNKNOWN,UNKNOWN,0,0,0.732340,0.732340,255,799,unknown,0,unknown,0.000000,null,0.000000,0.332,,"{""0"": 250, ""1"": 193, ""2"": null, ""3"": null, ""4"": null, ""5"": null, ""6"": null, ""7"": null}","{""0"": 0.0, ""1"": 0.0, ""2"": null, ""3"": null, ""4"": null, ""5"": null, ""6"": null, ""7"": null}","{""0"": 250, ""1"": 193}",193,1,0,0,0,0.332,ultrasonic-not-close,KEEP,left,right,,0
1059,2026-08-01T22:39:15.148+09:00,118.412,1058,8.94,1,DRIVING,,0,1,0,-0.389615,UNKNOWN,UNKNOWN,0,0,0.732422,0.732422,255,799,unknown,0,unknown,0.000000,null,0.000000,0.200,,"{""0"": 250, ""1"": 186, ""2"": null, ""3"": null, ""4"": null, ""5"": null, ""6"": null, ""7"": null}","{""0"": 0.0, ""1"": 0.0, ""2"": null, ""3"": null, ""4"": null, ""5"": null, ""6"": null, ""7"": null}","{""0"": 250, ""1"": 186}",186,1,0,0,0,0.200,ultrasonic-not-close,KEEP,left,right,,0
1060,2026-08-01T22:39:15.266+09:00,118.531,1059,8.94,1,DRIVING,,0,1,0,-0.396660,UNKNOWN,UNKNOWN,0,0,0.748450,0.748450,255,799,unknown,0,unknown,0.000000,null,0.000000,0.316,,"{""0"": 250, ""1"": 176, ""2"": null, ""3"": null, ""4"": null, ""5"": null, ""6"": null, ""7"": null}","{""0"": 0.0, ""1"": 0.0, ""2"": null, ""3"": null, ""4"": null, ""5"": null, ""6"": null, ""7"": null}","{""0"": 250, ""1"": 176}",176,1,0,0,0,0.316,ultrasonic-not-close,KEEP,left,right,,0
1061,2026-08-01T22:39:15.379+09:00,118.642,1060,8.94,1,DRIVING,,0,1,0,-0.407815,UNKNOWN,UNKNOWN,0,0,0.778270,0.778270,100,799,unknown,0,unknown,0.000000,null,0.000000,0.304,,"{""0"": 250, ""1"": 55, ""2"": null, ""3"": null, ""4"": null, ""5"": null, ""6"": null, ""7"": null}","{""0"": 0.0, ""1"": 0.0, ""2"": null, ""3"": null, ""4"": null, ""5"": null, ""6"": null, ""7"": null}","{""0"": 250, ""1"": 55}",55,1,1,0,0,0.304,car-not-detected-or-stale,KEEP,left,right,,0
1062,2026-08-01T22:39:15.483+09:00,118.748,1061,8.94,1,DRIVING,,0,1,0,-0.410804,UNKNOWN,UNKNOWN,0,0,0.775767,0.775767,255,800,unknown,0,unknown,0.000000,null,0.000000,0.185,,"{""0"": 250, ""1"": 164, ""2"": null, ""3"": null, ""4"": null, ""5"": null, ""6"": null, ""7"": null}","{""0"": 0.0, ""1"": 0.0, ""2"": null, ""3"": null, ""4"": null, ""5"": null, ""6"": null, ""7"": null}","{""0"": 250, ""1"": 164}",164,1,0,0,0,0.185,ultrasonic-not-close,KEEP,left,right,,0
1063,2026-08-01T22:39:15.594+09:00,118.859,1062,8.94,1,DRIVING,,0,1,0,-0.419135,UNKNOWN,UNKNOWN,0,0,0.794864,0.794864,255,799,unknown,0,unknown,0.000000,null,0.000000,0.293,,"{""0"": 250, ""1"": 158, ""2"": null, ""3"": null, ""4"": null, ""5"": null, ""6"": null, ""7"": null}","{""0"": 0.0, ""1"": 0.0, ""2"": null, ""3"": null, ""4"": null, ""5"": null, ""6"": null, ""7"": null}","{""0"": 250, ""1"": 158}",158,1,0,0,0,0.293,ultrasonic-not-close,KEEP,left,right,,0
1064,2026-08-01T22:39:15.695+09:00,118.960,1063,8.94,1,DRIVING,,0,1,0,-0.423493,UNKNOWN,UNKNOWN,0,0,0.798428,0.798428,255,800,unknown,0,unknown,0.000000,null,0.000000,0.285,,"{""0"": 250, ""1"": 152, ""2"": null, ""3"": null, ""4"": null, ""5"": null, ""6"": null, ""7"": null}","{""0"": 0.0, ""1"": 0.0, ""2"": null, ""3"": null, ""4"": null, ""5"": null, ""6"": null, ""7"": null}","{""0"": 250, ""1"": 152}",152,1,0,0,0,0.285,ultrasonic-not-close,KEEP,left,right,,0
1065,2026-08-01T22:39:15.803+09:00,119.068,1064,8.95,1,DRIVING,,0,1,0,-0.429414,UNKNOWN,UNKNOWN,0,0,0.808900,0.808900,255,801,unknown,0,unknown,0.000000,null,0.000000,0.289,,"{""0"": 250, ""1"": 145, ""2"": null, ""3"": null, ""4"": null, ""5"": null, ""6"": null, ""7"": null}","{""0"": 0.0, ""1"": 0.0, ""2"": null, ""3"": null, ""4"": null, ""5"": null, ""6"": null, ""7"": null}","{""0"": 250, ""1"": 145}",145,1,1,0,0,0.289,car-not-detected-or-stale,KEEP,left,right,,0
1066,2026-08-01T22:39:15.919+09:00,119.180,1065,8.95,1,DRIVING,,0,1,0,-0.435444,UNKNOWN,UNKNOWN,0,0,0.819820,0.819820,100,801,unknown,0,unknown,0.000000,null,0.000000,0.399,,"{""0"": 250, ""1"": 67, ""2"": null, ""3"": null, ""4"": null, ""5"": null, ""6"": null, ""7"": null}","{""0"": 0.0, ""1"": 0.0, ""2"": null, ""3"": null, ""4"": null, ""5"": null, ""6"": null, ""7"": null}","{""0"": 250, ""1"": 67}",67,1,1,0,0,0.399,car-not-detected-or-stale,KEEP,left,right,,0
1067,2026-08-01T22:39:16.023+09:00,119.288,1066,8.95,1,DRIVING,,0,1,0,-0.441610,UNKNOWN,UNKNOWN,0,0,0.831212,0.831212,255,802,unknown,0,unknown,0.000000,null,0.000000,0.297,,"{""0"": 130, ""1"": 84, ""2"": null, ""3"": null, ""4"": null, ""5"": null, ""6"": null, ""7"": null}","{""0"": 0.0, ""1"": 0.0, ""2"": null, ""3"": null, ""4"": null, ""5"": null, ""6"": null, ""7"": null}","{""0"": 130, ""1"": 84}",84,1,1,0,0,0.297,car-not-detected-or-stale,KEEP,left,right,,0
1068,2026-08-01T22:39:16.136+09:00,119.400,1067,8.95,1,DRIVING,,0,1,0,-0.455589,UNKNOWN,UNKNOWN,0,0,0.870642,0.870642,255,802,unknown,0,unknown,0.000000,null,0.000000,0.301,,"{""0"": 250, ""1"": 128, ""2"": null, ""3"": null, ""4"": null, ""5"": null, ""6"": null, ""7"": null}","{""0"": 0.0, ""1"": 0.0, ""2"": null, ""3"": null, ""4"": null, ""5"": null, ""6"": null, ""7"": null}","{""0"": 250, ""1"": 128}",128,1,1,0,0,0.301,car-not-detected-or-stale,KEEP,left,right,,0
1069,2026-08-01T22:39:16.252+09:00,119.516,1068,8.95,1,DRIVING,,0,1,0,-0.461537,UNKNOWN,UNKNOWN,0,0,0.876882,0.876882,255,804,unknown,0,unknown,0.000000,null,0.000000,0.416,,"{""0"": 250, ""1"": 122, ""2"": null, ""3"": null, ""4"": null, ""5"": null, ""6"": null, ""7"": null}","{""0"": 0.0, ""1"": 0.0, ""2"": null, ""3"": null, ""4"": null, ""5"": null, ""6"": null, ""7"": null}","{""0"": 250, ""1"": 122}",122,1,1,0,0,0.416,car-not-detected-or-stale,KEEP,left,right,,0
1070,2026-08-01T22:39:16.359+09:00,119.622,1069,8.95,1,DRIVING,,0,1,0,-0.469238,UNKNOWN,UNKNOWN,0,0,0.890771,0.890771,255,807,unknown,0,unknown,0.000000,null,0.000000,0.303,,"{""0"": 250, ""1"": 120, ""2"": null, ""3"": null, ""4"": null, ""5"": null, ""6"": null, ""7"": null}","{""0"": 0.0, ""1"": 0.0, ""2"": null, ""3"": null, ""4"": null, ""5"": null, ""6"": null, ""7"": null}","{""0"": 250, ""1"": 120}",120,1,1,0,0,0.303,car-not-detected-or-stale,KEEP,left,right,,0
1071,2026-08-01T22:39:16.464+09:00,119.729,1070,8.95,1,DRIVING,,0,1,0,-0.477324,UNKNOWN,UNKNOWN,0,0,0.906038,0.906038,255,809,red,1,obstacle-car,0.566164,"[910, 0, 1272, 327]",0.128477,0.298,,"{""0"": 250, ""1"": 133, ""2"": null, ""3"": null, ""4"": null, ""5"": null, ""6"": null, ""7"": null}","{""0"": 0.0, ""1"": 0.0, ""2"": null, ""3"": null, ""4"": null, ""5"": null, ""6"": null, ""7"": null}","{""0"": 250, ""1"": 133}",133,1,1,1,1,0.298,car+ultrasonic,KEEP,left,right,,0
1072,2026-08-01T22:39:16.575+09:00,119.839,1071,8.95,1,DRIVING,,0,1,0,-0.470776,UNKNOWN,UNKNOWN,0,0,0.868407,0.868407,255,810,green,1,obstacle-car,0.566164,"[910, 0, 1272, 327]",0.128477,0.405,,"{""0"": 250, ""1"": 111, ""2"": null, ""3"": null, ""4"": null, ""5"": null, ""6"": null, ""7"": null}","{""0"": 0.0, ""1"": 0.0, ""2"": null, ""3"": null, ""4"": null, ""5"": null, ""6"": null, ""7"": null}","{""0"": 250, ""1"": 111}",111,1,1,1,2,0.405,car+ultrasonic,KEEP,left,right,,0
1073,2026-08-01T22:39:16.690+09:00,119.952,1072,8.95,1,DRIVING,,0,1,0,-0.470502,UNKNOWN,UNKNOWN,0,0,0.861119,0.861119,255,809,unknown,0,unknown,0.000000,null,0.000000,0.294,,"{""0"": 250, ""1"": 107, ""2"": null, ""3"": null, ""4"": null, ""5"": null, ""6"": null, ""7"": null}","{""0"": 0.0, ""1"": 0.0, ""2"": null, ""3"": null, ""4"": null, ""5"": null, ""6"": null, ""7"": null}","{""0"": 250, ""1"": 107}",107,1,1,0,0,0.294,car-not-detected-or-stale,KEEP,left,right,,0
1074,2026-08-01T22:39:16.803+09:00,120.067,1073,8.95,1,DRIVING,,0,1,0,-0.470393,UNKNOWN,UNKNOWN,0,0,0.856463,0.856463,255,809,unknown,0,unknown,0.000000,null,0.000000,0.307,,"{""0"": 250, ""1"": 103, ""2"": null, ""3"": null, ""4"": null, ""5"": null, ""6"": null, ""7"": null}","{""0"": 0.0, ""1"": 0.0, ""2"": null, ""3"": null, ""4"": null, ""5"": null, ""6"": null, ""7"": null}","{""0"": 250, ""1"": 103}",103,1,1,0,0,0.307,car-not-detected-or-stale,KEEP,left,right,,0
1075,2026-08-01T22:39:16.909+09:00,120.174,1074,8.95,1,DRIVING,,0,1,0,-0.467955,UNKNOWN,UNKNOWN,0,0,0.844757,0.844757,255,810,unknown,0,unknown,0.000000,null,0.000000,0.188,,"{""0"": 250, ""1"": 112, ""2"": null, ""3"": null, ""4"": null, ""5"": null, ""6"": null, ""7"": null}","{""0"": 0.0, ""1"": 0.0, ""2"": null, ""3"": null, ""4"": null, ""5"": null, ""6"": null, ""7"": null}","{""0"": 250, ""1"": 112}",112,1,1,0,0,0.188,car-not-detected-or-stale,KEEP,left,right,,0
1076,2026-08-01T22:39:17.016+09:00,120.280,1075,8.95,1,DRIVING,,0,1,0,-0.460254,UNKNOWN,UNKNOWN,0,0,0.816303,0.816303,255,810,unknown,0,unknown,0.000000,null,0.000000,0.293,,"{""0"": 250, ""1"": 108, ""2"": null, ""3"": null, ""4"": null, ""5"": null, ""6"": null, ""7"": null}","{""0"": 0.0, ""1"": 0.0, ""2"": null, ""3"": null, ""4"": null, ""5"": null, ""6"": null, ""7"": null}","{""0"": 250, ""1"": 108}",108,1,1,0,0,0.293,car-not-detected-or-stale,KEEP,left,right,,0
1077,2026-08-01T22:39:17.127+09:00,120.391,1076,8.95,1,DRIVING,,0,1,0,-0.455293,UNKNOWN,UNKNOWN,0,0,0.802090,0.802090,255,810,unknown,0,unknown,0.000000,null,0.000000,0.295,,"{""0"": 250, ""1"": 104, ""2"": null, ""3"": null, ""4"": null, ""5"": null, ""6"": null, ""7"": null}","{""0"": 0.0, ""1"": 0.0, ""2"": null, ""3"": null, ""4"": null, ""5"": null, ""6"": null, ""7"": null}","{""0"": 250, ""1"": 104}",104,1,1,0,0,0.295,car-not-detected-or-stale,KEEP,left,right,,0
1078,2026-08-01T22:39:17.239+09:00,120.502,1077,8.95,1,DRIVING,,0,1,0,-0.450304,UNKNOWN,UNKNOWN,0,0,0.789361,0.789361,255,810,unknown,0,unknown,0.000000,null,0.000000,0.190,,"{""0"": 250, ""1"": 102, ""2"": null, ""3"": null, ""4"": null, ""5"": null, ""6"": null, ""7"": null}","{""0"": 0.0, ""1"": 0.0, ""2"": null, ""3"": null, ""4"": null, ""5"": null, ""6"": null, ""7"": null}","{""0"": 250, ""1"": 102}",102,1,1,0,0,0.190,car-not-detected-or-stale,KEEP,left,right,,0
1079,2026-08-01T22:39:17.358+09:00,120.621,1078,8.95,1,DRIVING,,0,1,0,-0.445424,UNKNOWN,UNKNOWN,0,0,0.778149,0.778149,100,808,unknown,0,unknown,0.000000,null,0.000000,0.305,,"{""0"": 250, ""1"": 42, ""2"": null, ""3"": null, ""4"": null, ""5"": null, ""6"": null, ""7"": null}","{""0"": 0.0, ""1"": 0.0, ""2"": null, ""3"": null, ""4"": null, ""5"": null, ""6"": null, ""7"": null}","{""0"": 250, ""1"": 42}",42,1,1,0,0,0.305,car-not-detected-or-stale,KEEP,left,right,,0
1080,2026-08-01T22:39:17.476+09:00,120.741,1079,8.95,1,DRIVING,,0,1,0,-0.435008,UNKNOWN,UNKNOWN,0,0,0.747737,0.747737,255,809,unknown,0,unknown,0.000000,null,0.000000,0.318,,"{""0"": 108, ""1"": 98, ""2"": null, ""3"": null, ""4"": null, ""5"": null, ""6"": null, ""7"": null}","{""0"": 0.0, ""1"": 0.0, ""2"": null, ""3"": null, ""4"": null, ""5"": null, ""6"": null, ""7"": null}","{""0"": 108, ""1"": 98}",98,1,1,0,0,0.318,car-not-detected-or-stale,KEEP,left,right,,0
1081,2026-08-01T22:39:17.584+09:00,120.848,1080,8.95,1,DRIVING,,0,1,0,-0.430156,UNKNOWN,UNKNOWN,0,0,0.740853,0.740853,255,810,unknown,0,unknown,0.000000,null,0.000000,0.311,,"{""0"": 250, ""1"": 118, ""2"": null, ""3"": null, ""4"": null, ""5"": null, ""6"": null, ""7"": null}","{""0"": 0.0, ""1"": 0.0, ""2"": null, ""3"": null, ""4"": null, ""5"": null, ""6"": null, ""7"": null}","{""0"": 250, ""1"": 118}",118,1,1,0,0,0.311,car-not-detected-or-stale,KEEP,left,right,,0
1082,2026-08-01T22:39:17.703+09:00,120.966,1081,8.95,1,DRIVING,,0,1,0,-0.423934,UNKNOWN,UNKNOWN,0,0,0.728482,0.728482,255,810,green,0,unknown,0.000000,null,0.000000,0.428,,"{""0"": 250, ""1"": 115, ""2"": null, ""3"": null, ""4"": null, ""5"": null, ""6"": null, ""7"": null}","{""0"": 0.0, ""1"": 0.0, ""2"": null, ""3"": null, ""4"": null, ""5"": null, ""6"": null, ""7"": null}","{""0"": 250, ""1"": 115}",115,1,1,0,0,0.428,car-not-detected-or-stale,KEEP,left,right,,0
1083,2026-08-01T22:39:17.812+09:00,121.076,1082,8.95,1,DRIVING,,0,1,0,-0.103715,UNKNOWN,UNKNOWN,0,0,-0.413926,-0.413926,255,809,green,0,unknown,0.000000,null,0.000000,0.302,,"{""0"": 250, ""1"": 116, ""2"": null, ""3"": null, ""4"": null, ""5"": null, ""6"": null, ""7"": null}","{""0"": 0.0, ""1"": 0.0, ""2"": null, ""3"": null, ""4"": null, ""5"": null, ""6"": null, ""7"": null}","{""0"": 250, ""1"": 116}",116,1,1,0,0,0.302,car-not-detected-or-stale,KEEP,,,,0
1084,2026-08-01T22:39:17.922+09:00,121.187,1083,8.95,1,DRIVING,,0,1,0,0.138281,UNKNOWN,UNKNOWN,0,0,-1.000000,-1.000000,255,804,green,0,unknown,0.000000,null,0.000000,0.309,,"{""0"": 250, ""1"": 125, ""2"": null, ""3"": null, ""4"": null, ""5"": null, ""6"": null, ""7"": null}","{""0"": 0.0, ""1"": 0.0, ""2"": null, ""3"": null, ""4"": null, ""5"": null, ""6"": null, ""7"": null}","{""0"": 250, ""1"": 125}",125,1,1,0,0,0.309,car-not-detected-or-stale,KEEP,,,,0
1085,2026-08-01T22:39:18.042+09:00,121.306,1084,8.95,1,DRIVING,,0,1,0,-0.105516,UNKNOWN,UNKNOWN,0,0,0.029548,0.029548,255,773,green,0,unknown,0.000000,null,0.000000,0.199,,"{""0"": 250, ""1"": 122, ""2"": null, ""3"": null, ""4"": null, ""5"": null, ""6"": null, ""7"": null}","{""0"": 0.0, ""1"": 0.0, ""2"": null, ""3"": null, ""4"": null, ""5"": null, ""6"": null, ""7"": null}","{""0"": 250, ""1"": 122}",122,1,1,0,0,0.199,car-not-detected-or-stale,KEEP,left,right,,0
1086,2026-08-01T22:39:18.153+09:00,121.416,1085,8.95,1,DRIVING,,0,1,0,-0.090335,UNKNOWN,UNKNOWN,0,0,0.023009,0.023009,255,733,green,0,unknown,0.000000,null,0.000000,0.309,,"{""0"": 250, ""1"": 118, ""2"": null, ""3"": null, ""4"": null, ""5"": null, ""6"": null, ""7"": null}","{""0"": 0.0, ""1"": 0.0, ""2"": null, ""3"": null, ""4"": null, ""5"": null, ""6"": null, ""7"": null}","{""0"": 250, ""1"": 118}",118,1,1,0,0,0.309,car-not-detected-or-stale,KEEP,left,right,,0
1087,2026-08-01T22:39:18.264+09:00,121.529,1086,8.95,1,DRIVING,,0,1,0,-0.108267,UNKNOWN,UNKNOWN,0,0,0.129444,0.129444,255,739,green,0,unknown,0.000000,null,0.000000,0.311,,"{""0"": 250, ""1"": 93, ""2"": null, ""3"": null, ""4"": null, ""5"": null, ""6"": null, ""7"": null}","{""0"": 0.0, ""1"": 0.0, ""2"": null, ""3"": null, ""4"": null, ""5"": null, ""6"": null, ""7"": null}","{""0"": 250, ""1"": 93}",93,1,1,0,0,0.311,car-not-detected-or-stale,KEEP,left,right,,0
1088,2026-08-01T22:39:18.377+09:00,121.640,1087,8.95,1,DRIVING,,0,1,0,-0.160871,UNKNOWN,UNKNOWN,0,0,0.338447,0.338447,255,737,green,0,unknown,0.000000,null,0.000000,0.188,,"{""0"": 250, ""1"": 99, ""2"": null, ""3"": null, ""4"": null, ""5"": null, ""6"": null, ""7"": null}","{""0"": 0.0, ""1"": 0.0, ""2"": null, ""3"": null, ""4"": null, ""5"": null, ""6"": null, ""7"": null}","{""0"": 250, ""1"": 99}",99,1,1,0,0,0.188,car-not-detected-or-stale,KEEP,left,right,,0
1089,2026-08-01T22:39:18.491+09:00,121.754,1088,8.95,1,DRIVING,,0,1,0,-0.210815,UNKNOWN,UNKNOWN,0,0,0.503582,0.503582,255,750,green,0,unknown,0.000000,null,0.000000,0.303,,"{""0"": 250, ""1"": 92, ""2"": null, ""3"": null, ""4"": null, ""5"": null, ""6"": null, ""7"": null}","{""0"": 0.0, ""1"": 0.0, ""2"": null, ""3"": null, ""4"": null, ""5"": null, ""6"": null, ""7"": null}","{""0"": 250, ""1"": 92}",92,1,1,0,0,0.303,car-not-detected-or-stale,KEEP,left,right,,0
1090,2026-08-01T22:39:18.603+09:00,121.868,1089,8.94,1,DRIVING,,0,1,0,-0.279838,UNKNOWN,UNKNOWN,0,0,0.714832,0.714832,100,761,green,0,unknown,0.000000,null,0.000000,0.308,,"{""0"": 250, ""1"": 65, ""2"": null, ""3"": null, ""4"": null, ""5"": null, ""6"": null, ""7"": null}","{""0"": 0.0, ""1"": 0.0, ""2"": null, ""3"": null, ""4"": null, ""5"": null, ""6"": null, ""7"": null}","{""0"": 250, ""1"": 65}",65,1,1,0,0,0.308,car-not-detected-or-stale,KEEP,left,right,,0
1091,2026-08-01T22:39:18.709+09:00,121.974,1090,8.95,1,DRIVING,,0,1,0,-0.326987,UNKNOWN,UNKNOWN,0,0,0.821229,0.821229,100,776,green,0,unknown,0.000000,null,0.000000,0.187,,"{""0"": 250, ""1"": 72, ""2"": null, ""3"": null, ""4"": null, ""5"": null, ""6"": null, ""7"": null}","{""0"": 0.0, ""1"": 0.0, ""2"": null, ""3"": null, ""4"": null, ""5"": null, ""6"": null, ""7"": null}","{""0"": 250, ""1"": 72}",72,1,1,0,0,0.187,car-not-detected-or-stale,KEEP,left,right,,0
1092,2026-08-01T22:39:18.829+09:00,122.092,1091,8.95,1,DRIVING,,0,1,0,-0.365527,UNKNOWN,UNKNOWN,0,0,0.890180,0.890180,100,786,unknown,0,unknown,0.000000,null,0.000000,0.302,,"{""0"": 250, ""1"": 71, ""2"": null, ""3"": null, ""4"": null, ""5"": null, ""6"": null, ""7"": null}","{""0"": 0.0, ""1"": 0.0, ""2"": null, ""3"": null, ""4"": null, ""5"": null, ""6"": null, ""7"": null}","{""0"": 250, ""1"": 71}",71,1,1,0,0,0.302,car-not-detected-or-stale,KEEP,left,right,,0
1093,2026-08-01T22:39:18.938+09:00,122.199,1092,8.95,1,DRIVING,,0,1,0,-0.389431,UNKNOWN,UNKNOWN,0,0,0.906563,0.906563,100,797,unknown,0,unknown,0.000000,null,0.000000,0.299,,"{""0"": 250, ""1"": 73, ""2"": null, ""3"": null, ""4"": null, ""5"": null, ""6"": null, ""7"": null}","{""0"": 0.0, ""1"": 0.0, ""2"": null, ""3"": null, ""4"": null, ""5"": null, ""6"": null, ""7"": null}","{""0"": 250, ""1"": 73}",73,1,1,0,0,0.299,car-not-detected-or-stale,KEEP,left,right,,0
1094,2026-08-01T22:39:19.043+09:00,122.307,1093,8.95,1,DRIVING,,0,0,0,,UNKNOWN,UNKNOWN,0,0,0.906563,0.906563,100,805,green,0,unknown,0.000000,null,0.000000,0.303,,"{""0"": 250, ""1"": 68, ""2"": null, ""3"": null, ""4"": null, ""5"": null, ""6"": null, ""7"": null}","{""0"": 0.0, ""1"": 0.0, ""2"": null, ""3"": null, ""4"": null, ""5"": null, ""6"": null, ""7"": null}","{""0"": 250, ""1"": 68}",68,1,1,0,0,0.303,car-not-detected-or-stale,KEEP,,,,1
1095,2026-08-01T22:39:19.156+09:00,122.420,1094,8.95,1,DRIVING,,0,1,0,0.111942,UNKNOWN,UNKNOWN,0,0,-0.960055,-0.960055,100,808,unknown,0,unknown,0.000000,null,0.000000,0.414,,"{""0"": 250, ""1"": 72, ""2"": null, ""3"": null, ""4"": null, ""5"": null, ""6"": null, ""7"": null}","{""0"": 0.0, ""1"": 0.0, ""2"": null, ""3"": null, ""4"": null, ""5"": null, ""6"": null, ""7"": null}","{""0"": 250, ""1"": 72}",72,1,1,0,0,0.414,car-not-detected-or-stale,KEEP,right,left,,0
1096,2026-08-01T22:39:19.271+09:00,122.536,1095,8.95,1,DRIVING,,0,1,1,0.124442,UNKNOWN,UNKNOWN,0,0,-0.777487,-0.777487,100,809,green,0,unknown,0.000000,null,0.000000,0.300,,"{""0"": 250, ""1"": 71, ""2"": null, ""3"": null, ""4"": null, ""5"": null, ""6"": null, ""7"": null}","{""0"": 0.0, ""1"": 0.0, ""2"": null, ""3"": null, ""4"": null, ""5"": null, ""6"": null, ""7"": null}","{""0"": 250, ""1"": 71}",71,1,1,0,0,0.300,car-not-detected-or-stale,KEEP,right,left,,0
1097,2026-08-01T22:39:19.373+09:00,122.638,1096,8.95,1,STOPPED_RED,state:DRIVING->STOPPED_RED;phase:KEEP->KEEP_PAUSED,1,1,1,0.154576,UNKNOWN,UNKNOWN,0,0,0.000000,0.000000,0,796,green,0,unknown,0.000000,null,0.000000,0.298,,"{""0"": 250, ""1"": 75, ""2"": null, ""3"": null, ""4"": null, ""5"": null, ""6"": null, ""7"": null}","{""0"": 0.0, ""1"": 0.0, ""2"": null, ""3"": null, ""4"": null, ""5"": null, ""6"": null, ""7"": null}","{""0"": 250, ""1"": 75}",75,1,1,0,0,0.298,car-not-detected-or-stale,KEEP_PAUSED,right,left,,0
1098,2026-08-01T22:39:19.491+09:00,122.756,1097,8.95,1,STOPPED_RED,,1,1,1,0.167681,UNKNOWN,UNKNOWN,0,0,0.000000,0.000000,0,746,green,0,unknown,0.000000,null,0.000000,0.188,,"{""0"": 57, ""1"": 73, ""2"": null, ""3"": null, ""4"": null, ""5"": null, ""6"": null, ""7"": null}","{""0"": 0.0, ""1"": 0.0, ""2"": null, ""3"": null, ""4"": null, ""5"": null, ""6"": null, ""7"": null}","{""0"": 57, ""1"": 73}",57,1,1,0,0,0.188,car-not-detected-or-stale,KEEP_PAUSED,right,left,,0
1099,2026-08-01T22:39:19.599+09:00,122.863,1098,8.95,1,STOPPED_RED,,1,0,1,,UNKNOWN,UNKNOWN,0,0,0.000000,0.000000,0,743,green,0,unknown,0.000000,null,0.000000,0.294,,"{""0"": 250, ""1"": 65, ""2"": null, ""3"": null, ""4"": null, ""5"": null, ""6"": null, ""7"": null}","{""0"": 0.0, ""1"": 0.0, ""2"": null, ""3"": null, ""4"": null, ""5"": null, ""6"": null, ""7"": null}","{""0"": 250, ""1"": 65}",65,1,1,0,0,0.294,car-not-detected-or-stale,KEEP_PAUSED,,,,0
1100,2026-08-01T22:39:19.712+09:00,122.974,1099,8.95,1,STOPPED_RED,,1,0,1,,UNKNOWN,UNKNOWN,0,0,0.000000,0.000000,0,743,green,0,unknown,0.000000,null,0.000000,0.299,,"{""0"": 250, ""1"": 71, ""2"": null, ""3"": null, ""4"": null, ""5"": null, ""6"": null, ""7"": null}","{""0"": 0.0, ""1"": 0.0, ""2"": null, ""3"": null, ""4"": null, ""5"": null, ""6"": null, ""7"": null}","{""0"": 250, ""1"": 71}",71,1,1,0,0,0.299,car-not-detected-or-stale,KEEP_PAUSED,,,,0
1101,2026-08-01T22:39:19.824+09:00,123.089,1100,8.95,1,STOPPED_RED,,1,0,1,,UNKNOWN,UNKNOWN,0,0,0.000000,0.000000,0,743,green,0,unknown,0.000000,null,0.000000,0.195,,"{""0"": 56, ""1"": 67, ""2"": null, ""3"": null, ""4"": null, ""5"": null, ""6"": null, ""7"": null}","{""0"": 0.0, ""1"": 0.0, ""2"": null, ""3"": null, ""4"": null, ""5"": null, ""6"": null, ""7"": null}","{""0"": 56, ""1"": 67}",56,1,1,0,0,0.195,car-not-detected-or-stale,KEEP_PAUSED,,,,0
1102,2026-08-01T22:39:19.931+09:00,123.195,1101,8.95,1,DRIVING,state:STOPPED_RED->DRIVING,0,0,1,,UNKNOWN,UNKNOWN,0,0,0.000000,0.000000,255,743,unknown,0,unknown,0.000000,null,0.000000,0.300,,"{""0"": 250, ""1"": 66, ""2"": null, ""3"": null, ""4"": null, ""5"": null, ""6"": null, ""7"": null}","{""0"": 0.0, ""1"": 0.0, ""2"": null, ""3"": null, ""4"": null, ""5"": null, ""6"": null, ""7"": null}","{""0"": 250, ""1"": 66}",66,1,1,0,0,0.300,car-not-detected-or-stale,KEEP_PAUSED,,,,0
1103,2026-08-01T22:39:20.032+09:00,123.295,1102,8.95,1,DRIVING,phase:KEEP_PAUSED->KEEP,0,0,1,,UNKNOWN,UNKNOWN,0,0,0.000000,0.000000,100,744,unknown,0,unknown,0.000000,null,0.000000,0.289,,"{""0"": 250, ""1"": 67, ""2"": null, ""3"": null, ""4"": null, ""5"": null, ""6"": null, ""7"": null}","{""0"": 0.0, ""1"": 0.0, ""2"": null, ""3"": null, ""4"": null, ""5"": null, ""6"": null, ""7"": null}","{""0"": 250, ""1"": 67}",67,1,1,0,0,0.289,car-not-detected-or-stale,KEEP,,,,1
1104,2026-08-01T22:39:20.144+09:00,123.409,1103,8.95,1,DRIVING,,0,1,1,-0.374609,UNKNOWN,UNKNOWN,0,0,0.674297,0.674297,100,743,unknown,0,unknown,0.000000,null,0.000000,0.183,,"{""0"": 250, ""1"": 63, ""2"": null, ""3"": null, ""4"": null, ""5"": null, ""6"": null, ""7"": null}","{""0"": 0.0, ""1"": 0.0, ""2"": null, ""3"": null, ""4"": null, ""5"": null, ""6"": null, ""7"": null}","{""0"": 250, ""1"": 63}",63,1,1,0,0,0.183,car-not-detected-or-stale,KEEP,left,right,,0
1105,2026-08-01T22:39:20.252+09:00,123.515,1104,8.95,1,DRIVING,,0,0,1,,UNKNOWN,UNKNOWN,0,0,0.674297,0.674297,100,745,unknown,0,unknown,0.000000,null,0.000000,0.289,,"{""0"": 250, ""1"": 67, ""2"": null, ""3"": null, ""4"": null, ""5"": null, ""6"": null, ""7"": null}","{""0"": 0.0, ""1"": 0.0, ""2"": null, ""3"": null, ""4"": null, ""5"": null, ""6"": null, ""7"": null}","{""0"": 250, ""1"": 67}",67,1,1,0,0,0.289,car-not-detected-or-stale,KEEP,,,,1
1106,2026-08-01T22:39:20.352+09:00,123.617,1105,8.95,1,DRIVING,,0,0,1,,UNKNOWN,UNKNOWN,0,0,0.674297,0.674297,100,757,unknown,0,unknown,0.000000,null,0.000000,0.290,,"{""0"": 250, ""1"": 62, ""2"": null, ""3"": null, ""4"": null, ""5"": null, ""6"": null, ""7"": null}","{""0"": 0.0, ""1"": 0.0, ""2"": null, ""3"": null, ""4"": null, ""5"": null, ""6"": null, ""7"": null}","{""0"": 250, ""1"": 62}",62,1,1,0,0,0.290,car-not-detected-or-stale,KEEP,,,,2
1107,2026-08-01T22:39:20.463+09:00,123.728,1106,8.95,1,DRIVING,,0,0,1,,UNKNOWN,UNKNOWN,0,0,0.674297,0.674297,100,776,green,0,unknown,0.000000,null,0.000000,0.181,,"{""0"": 250, ""1"": 58, ""2"": null, ""3"": null, ""4"": null, ""5"": null, ""6"": null, ""7"": null}","{""0"": 0.0, ""1"": 0.0, ""2"": null, ""3"": null, ""4"": null, ""5"": null, ""6"": null, ""7"": null}","{""0"": 250, ""1"": 58}",58,1,1,0,0,0.181,car-not-detected-or-stale,KEEP,,,,3
1108,2026-08-01T22:39:20.567+09:00,123.831,1107,8.95,0,STOPPED_RED,state:DRIVING->STOPPED_RED;phase:KEEP->KEEP_PAUSED,1,1,1,-0.396615,UNKNOWN,UNKNOWN,0,0,0.000000,0.000000,0,784,green,0,unknown,0.000000,null,0.000000,0.283,,"{""0"": 250, ""1"": 55, ""2"": null, ""3"": null, ""4"": null, ""5"": null, ""6"": null, ""7"": null}","{""0"": 0.0, ""1"": 0.0, ""2"": null, ""3"": null, ""4"": null, ""5"": null, ""6"": null, ""7"": null}","{""0"": 250, ""1"": 55}",55,1,1,0,0,0.283,car-not-detected-or-stale,KEEP_PAUSED,left,,,3
1109,2026-08-01T22:39:20.669+09:00,123.934,1108,8.95,0,STOPPED_RED,,1,0,1,,UNKNOWN,UNKNOWN,0,0,0.000000,0.000000,0,783,green,0,unknown,0.000000,null,0.000000,0.288,,"{""0"": 250, ""1"": 54, ""2"": null, ""3"": null, ""4"": null, ""5"": null, ""6"": null, ""7"": null}","{""0"": 0.0, ""1"": 0.0, ""2"": null, ""3"": null, ""4"": null, ""5"": null, ""6"": null, ""7"": null}","{""0"": 250, ""1"": 54}",54,1,1,0,0,0.288,car-not-detected-or-stale,KEEP_PAUSED,,,,3
1110,2026-08-01T22:39:20.778+09:00,124.043,1109,8.95,0,STOPPED_RED,,1,1,1,0.171224,UNKNOWN,UNKNOWN,0,0,0.000000,0.000000,0,768,green,0,unknown,0.000000,null,0.000000,0.181,,"{""0"": 250, ""1"": 50, ""2"": null, ""3"": null, ""4"": null, ""5"": null, ""6"": null, ""7"": null}","{""0"": 0.0, ""1"": 0.0, ""2"": null, ""3"": null, ""4"": null, ""5"": null, ""6"": null, ""7"": null}","{""0"": 250, ""1"": 50}",50,1,1,0,0,0.181,car-not-detected-or-stale,KEEP_PAUSED,right,left,,3
1111,2026-08-01T22:39:20.893+09:00,124.157,1110,8.95,0,STOPPED_RED,,1,1,1,0.119321,UNKNOWN,UNKNOWN,0,0,0.000000,0.000000,0,754,green,0,unknown,0.000000,null,0.000000,0.293,,"{""0"": 250, ""1"": 49, ""2"": null, ""3"": null, ""4"": null, ""5"": null, ""6"": null, ""7"": null}","{""0"": 0.0, ""1"": 0.0, ""2"": null, ""3"": null, ""4"": null, ""5"": null, ""6"": null, ""7"": null}","{""0"": 250, ""1"": 49}",49,1,1,0,0,0.293,car-not-detected-or-stale,KEEP_PAUSED,right,left,,3
1112,2026-08-01T22:39:20.996+09:00,124.260,1111,8.95,0,STOPPED_RED,,1,1,1,0.109040,UNKNOWN,UNKNOWN,0,0,0.000000,0.000000,0,751,green,0,unknown,0.000000,null,0.000000,0.297,,"{""0"": 250, ""1"": 50, ""2"": null, ""3"": null, ""4"": null, ""5"": null, ""6"": null, ""7"": null}","{""0"": 0.0, ""1"": 0.0, ""2"": null, ""3"": null, ""4"": null, ""5"": null, ""6"": null, ""7"": null}","{""0"": 250, ""1"": 50}",50,1,1,0,0,0.297,car-not-detected-or-stale,KEEP_PAUSED,right,left,,3
1113,2026-08-01T22:39:21.110+09:00,124.374,1112,8.95,0,STOPPED_RED,,1,1,1,0.225017,UNKNOWN,UNKNOWN,0,0,0.000000,0.000000,0,751,green,0,unknown,0.000000,null,0.000000,0.186,,"{""0"": 250, ""1"": 50, ""2"": null, ""3"": null, ""4"": null, ""5"": null, ""6"": null, ""7"": null}","{""0"": 0.0, ""1"": 0.0, ""2"": null, ""3"": null, ""4"": null, ""5"": null, ""6"": null, ""7"": null}","{""0"": 250, ""1"": 50}",50,1,1,0,0,0.186,car-not-detected-or-stale,KEEP_PAUSED,right,left,,3
1114,2026-08-01T22:39:21.222+09:00,124.485,1113,8.95,0,STOPPED_RED,,1,1,1,0.093334,UNKNOWN,UNKNOWN,0,0,0.000000,0.000000,0,751,green,0,unknown,0.000000,null,0.000000,0.296,,"{""0"": 250, ""1"": 50, ""2"": null, ""3"": null, ""4"": null, ""5"": null, ""6"": null, ""7"": null}","{""0"": 0.0, ""1"": 0.0, ""2"": null, ""3"": null, ""4"": null, ""5"": null, ""6"": null, ""7"": null}","{""0"": 250, ""1"": 50}",50,1,1,0,0,0.296,car-not-detected-or-stale,KEEP_PAUSED,right,left,,3
1115,2026-08-01T22:39:21.334+09:00,124.597,1114,8.95,0,STOPPED_RED,,1,1,1,0.224135,UNKNOWN,UNKNOWN,0,0,0.000000,0.000000,0,750,green,0,unknown,0.000000,null,0.000000,0.306,,"{""0"": 250, ""1"": 50, ""2"": null, ""3"": null, ""4"": null, ""5"": null, ""6"": null, ""7"": null}","{""0"": 0.0, ""1"": 0.0, ""2"": null, ""3"": null, ""4"": null, ""5"": null, ""6"": null, ""7"": null}","{""0"": 250, ""1"": 50}",50,1,1,0,0,0.306,car-not-detected-or-stale,KEEP_PAUSED,right,left,,3
1116,2026-08-01T22:39:21.445+09:00,124.708,1115,8.95,0,STOPPED_RED,,1,1,1,0.224135,UNKNOWN,UNKNOWN,0,0,0.000000,0.000000,0,751,green,0,unknown,0.000000,null,0.000000,0.190,,"{""0"": 250, ""1"": 50, ""2"": null, ""3"": null, ""4"": null, ""5"": null, ""6"": null, ""7"": null}","{""0"": 0.0, ""1"": 0.0, ""2"": null, ""3"": null, ""4"": null, ""5"": null, ""6"": null, ""7"": null}","{""0"": 250, ""1"": 50}",50,1,1,0,0,0.190,car-not-detected-or-stale,KEEP_PAUSED,right,left,,3
1117,2026-08-01T22:39:21.559+09:00,124.821,1116,8.95,0,STOPPED_RED,,1,1,1,0.224135,UNKNOWN,UNKNOWN,0,0,0.000000,0.000000,0,750,green,0,unknown,0.000000,null,0.000000,0.302,,"{""0"": 250, ""1"": 50, ""2"": null, ""3"": null, ""4"": null, ""5"": null, ""6"": null, ""7"": null}","{""0"": 0.0, ""1"": 0.0, ""2"": null, ""3"": null, ""4"": null, ""5"": null, ""6"": null, ""7"": null}","{""0"": 250, ""1"": 50}",50,1,1,0,0,0.302,car-not-detected-or-stale,KEEP_PAUSED,right,left,,3
1118,2026-08-01T22:39:21.673+09:00,124.937,1117,8.95,0,STOPPED_RED,,1,1,1,0.097312,UNKNOWN,UNKNOWN,0,0,0.000000,0.000000,0,750,green,0,unknown,0.000000,null,0.000000,0.310,,"{""0"": 250, ""1"": 50, ""2"": null, ""3"": null, ""4"": null, ""5"": null, ""6"": null, ""7"": null}","{""0"": 0.0, ""1"": 0.0, ""2"": null, ""3"": null, ""4"": null, ""5"": null, ""6"": null, ""7"": null}","{""0"": 250, ""1"": 50}",50,1,1,0,0,0.310,car-not-detected-or-stale,KEEP_PAUSED,right,left,,3
1119,2026-08-01T22:39:21.786+09:00,125.051,1118,8.95,0,STOPPED_RED,,1,1,1,0.039609,UNKNOWN,UNKNOWN,0,0,0.000000,0.000000,0,750,green,0,unknown,0.000000,null,0.000000,0.197,,"{""0"": 250, ""1"": 50, ""2"": null, ""3"": null, ""4"": null, ""5"": null, ""6"": null, ""7"": null}","{""0"": 0.0, ""1"": 0.0, ""2"": null, ""3"": null, ""4"": null, ""5"": null, ""6"": null, ""7"": null}","{""0"": 250, ""1"": 50}",50,1,1,0,0,0.197,car-not-detected-or-stale,KEEP_PAUSED,right,left,,3
1120,2026-08-01T22:39:21.906+09:00,125.169,1119,8.95,0,STOPPED_RED,,1,1,1,0.039062,UNKNOWN,UNKNOWN,0,0,0.000000,0.000000,0,751,green,0,unknown,0.000000,null,0.000000,0.315,,"{""0"": 250, ""1"": 50, ""2"": null, ""3"": null, ""4"": null, ""5"": null, ""6"": null, ""7"": null}","{""0"": 0.0, ""1"": 0.0, ""2"": null, ""3"": null, ""4"": null, ""5"": null, ""6"": null, ""7"": null}","{""0"": 250, ""1"": 50}",50,1,1,0,0,0.315,car-not-detected-or-stale,KEEP_PAUSED,right,left,,3
1121,2026-08-01T22:39:22.015+09:00,125.278,1120,8.95,0,STOPPED_RED,,1,1,1,0.039062,UNKNOWN,UNKNOWN,0,0,0.000000,0.000000,0,750,green,0,unknown,0.000000,null,0.000000,0.310,,"{""0"": 250, ""1"": 50, ""2"": null, ""3"": null, ""4"": null, ""5"": null, ""6"": null, ""7"": null}","{""0"": 0.0, ""1"": 0.0, ""2"": null, ""3"": null, ""4"": null, ""5"": null, ""6"": null, ""7"": null}","{""0"": 250, ""1"": 50}",50,1,1,0,0,0.310,car-not-detected-or-stale,KEEP_PAUSED,right,left,,3
1122,2026-08-01T22:39:22.128+09:00,125.392,1121,8.95,0,STOPPED_RED,,1,1,1,0.039062,UNKNOWN,UNKNOWN,0,0,0.000000,0.000000,0,750,green,0,unknown,0.000000,null,0.000000,0.311,,"{""0"": 250, ""1"": 50, ""2"": null, ""3"": null, ""4"": null, ""5"": null, ""6"": null, ""7"": null}","{""0"": 0.0, ""1"": 0.0, ""2"": null, ""3"": null, ""4"": null, ""5"": null, ""6"": null, ""7"": null}","{""0"": 250, ""1"": 50}",50,1,1,0,0,0.311,car-not-detected-or-stale,KEEP_PAUSED,right,left,,3
1123,2026-08-01T22:39:22.244+09:00,125.507,1122,8.95,0,STOPPED_RED,,1,1,1,0.039062,UNKNOWN,UNKNOWN,0,0,0.000000,0.000000,0,751,green,0,unknown,0.000000,null,0.000000,0.425,,"{""0"": 250, ""1"": 50, ""2"": null, ""3"": null, ""4"": null, ""5"": null, ""6"": null, ""7"": null}","{""0"": 0.0, ""1"": 0.0, ""2"": null, ""3"": null, ""4"": null, ""5"": null, ""6"": null, ""7"": null}","{""0"": 250, ""1"": 50}",50,1,1,0,0,0.425,car-not-detected-or-stale,KEEP_PAUSED,right,left,,3
1124,2026-08-01T22:39:22.354+09:00,125.615,1123,8.95,0,STOPPED_RED,,1,1,1,0.039062,UNKNOWN,UNKNOWN,0,0,0.000000,0.000000,0,751,green,0,unknown,0.000000,null,0.000000,0.304,,"{""0"": 250, ""1"": 50, ""2"": null, ""3"": null, ""4"": null, ""5"": null, ""6"": null, ""7"": null}","{""0"": 0.0, ""1"": 0.0, ""2"": null, ""3"": null, ""4"": null, ""5"": null, ""6"": null, ""7"": null}","{""0"": 250, ""1"": 50}",50,1,1,0,0,0.304,car-not-detected-or-stale,KEEP_PAUSED,right,left,,3
1125,2026-08-01T22:39:22.461+09:00,125.724,1124,8.95,0,STOPPED_RED,,1,1,1,0.041641,UNKNOWN,UNKNOWN,0,0,0.000000,0.000000,0,750,green,0,unknown,0.000000,null,0.000000,0.300,,"{""0"": 250, ""1"": 50, ""2"": null, ""3"": null, ""4"": null, ""5"": null, ""6"": null, ""7"": null}","{""0"": 0.0, ""1"": 0.0, ""2"": null, ""3"": null, ""4"": null, ""5"": null, ""6"": null, ""7"": null}","{""0"": 250, ""1"": 50}",50,1,1,0,0,0.300,car-not-detected-or-stale,KEEP_PAUSED,right,left,,3
1126,2026-08-01T22:39:22.568+09:00,125.830,1125,8.95,0,STOPPED_RED,,1,1,1,0.039062,UNKNOWN,UNKNOWN,0,0,0.000000,0.000000,0,750,green,0,unknown,0.000000,null,0.000000,0.179,,"{""0"": 250, ""1"": 50, ""2"": null, ""3"": null, ""4"": null, ""5"": null, ""6"": null, ""7"": null}","{""0"": 0.0, ""1"": 0.0, ""2"": null, ""3"": null, ""4"": null, ""5"": null, ""6"": null, ""7"": null}","{""0"": 250, ""1"": 50}",50,1,1,0,0,0.179,car-not-detected-or-stale,KEEP_PAUSED,right,left,,3
1127,2026-08-01T22:39:22.673+09:00,125.933,1126,8.95,0,STOPPED_RED,,1,1,1,0.041641,UNKNOWN,UNKNOWN,0,0,0.000000,0.000000,0,751,green,0,unknown,0.000000,null,0.000000,0.279,,"{""0"": 250, ""1"": 50, ""2"": null, ""3"": null, ""4"": null, ""5"": null, ""6"": null, ""7"": null}","{""0"": 0.0, ""1"": 0.0, ""2"": null, ""3"": null, ""4"": null, ""5"": null, ""6"": null, ""7"": null}","{""0"": 250, ""1"": 50}",50,1,1,0,0,0.279,car-not-detected-or-stale,KEEP_PAUSED,right,left,,3
1128,2026-08-01T22:39:22.779+09:00,126.042,1127,8.95,0,STOPPED_RED,,1,1,1,0.039062,UNKNOWN,UNKNOWN,0,0,0.000000,0.000000,0,751,green,0,unknown,0.000000,null,0.000000,0.287,,"{""0"": 250, ""1"": 50, ""2"": null, ""3"": null, ""4"": null, ""5"": null, ""6"": null, ""7"": null}","{""0"": 0.0, ""1"": 0.0, ""2"": null, ""3"": null, ""4"": null, ""5"": null, ""6"": null, ""7"": null}","{""0"": 250, ""1"": 50}",50,1,1,0,0,0.287,car-not-detected-or-stale,KEEP_PAUSED,right,left,,3
1129,2026-08-01T22:39:22.893+09:00,126.156,1128,8.95,0,STOPPED_RED,,1,1,1,0.039609,UNKNOWN,UNKNOWN,0,0,0.000000,0.000000,0,751,green,0,unknown,0.000000,null,0.000000,0.186,,"{""0"": 250, ""1"": 50, ""2"": null, ""3"": null, ""4"": null, ""5"": null, ""6"": null, ""7"": null}","{""0"": 0.0, ""1"": 0.0, ""2"": null, ""3"": null, ""4"": null, ""5"": null, ""6"": null, ""7"": null}","{""0"": 250, ""1"": 50}",50,1,1,0,0,0.186,car-not-detected-or-stale,KEEP_PAUSED,right,left,,3
1130,2026-08-01T22:39:23.010+09:00,126.269,1129,8.95,0,STOPPED_RED,,1,1,1,0.041641,UNKNOWN,UNKNOWN,0,0,0.000000,0.000000,0,751,green,0,unknown,0.000000,null,0.000000,0.297,,"{""0"": 250, ""1"": 50, ""2"": null, ""3"": null, ""4"": null, ""5"": null, ""6"": null, ""7"": null}","{""0"": 0.0, ""1"": 0.0, ""2"": null, ""3"": null, ""4"": null, ""5"": null, ""6"": null, ""7"": null}","{""0"": 250, ""1"": 50}",50,1,1,0,0,0.297,car-not-detected-or-stale,KEEP_PAUSED,right,left,,3
1131,2026-08-01T22:39:23.119+09:00,126.382,1130,8.95,0,STOPPED_RED,,1,1,1,0.039062,UNKNOWN,UNKNOWN,0,0,0.000000,0.000000,0,751,green,0,unknown,0.000000,null,0.000000,0.307,,"{""0"": 250, ""1"": 50, ""2"": null, ""3"": null, ""4"": null, ""5"": null, ""6"": null, ""7"": null}","{""0"": 0.0, ""1"": 0.0, ""2"": null, ""3"": null, ""4"": null, ""5"": null, ""6"": null, ""7"": null}","{""0"": 250, ""1"": 50}",50,1,1,0,0,0.307,car-not-detected-or-stale,KEEP_PAUSED,right,left,,3
1132,2026-08-01T22:39:23.234+09:00,126.495,1131,8.95,0,STOPPED_RED,,1,1,1,0.039062,UNKNOWN,UNKNOWN,0,0,0.000000,0.000000,0,751,green,0,unknown,0.000000,null,0.000000,0.306,,"{""0"": 250, ""1"": 50, ""2"": null, ""3"": null, ""4"": null, ""5"": null, ""6"": null, ""7"": null}","{""0"": 0.0, ""1"": 0.0, ""2"": null, ""3"": null, ""4"": null, ""5"": null, ""6"": null, ""7"": null}","{""0"": 250, ""1"": 50}",50,1,1,0,0,0.306,car-not-detected-or-stale,KEEP_PAUSED,right,left,,3
1133,2026-08-01T22:39:23.347+09:00,126.610,1132,8.95,0,STOPPED_RED,,1,1,1,0.039609,UNKNOWN,UNKNOWN,0,0,0.000000,0.000000,0,751,green,0,unknown,0.000000,null,0.000000,0.422,,"{""0"": 250, ""1"": 50, ""2"": null, ""3"": null, ""4"": null, ""5"": null, ""6"": null, ""7"": null}","{""0"": 0.0, ""1"": 0.0, ""2"": null, ""3"": null, ""4"": null, ""5"": null, ""6"": null, ""7"": null}","{""0"": 250, ""1"": 50}",50,1,1,0,0,0.422,car-not-detected-or-stale,KEEP_PAUSED,right,left,,3
1134,2026-08-01T22:39:23.464+09:00,126.728,1133,8.95,0,STOPPED_RED,,1,1,1,0.039062,UNKNOWN,UNKNOWN,0,0,0.000000,0.000000,0,752,green,0,unknown,0.000000,null,0.000000,0.313,,"{""0"": 250, ""1"": 50, ""2"": null, ""3"": null, ""4"": null, ""5"": null, ""6"": null, ""7"": null}","{""0"": 0.0, ""1"": 0.0, ""2"": null, ""3"": null, ""4"": null, ""5"": null, ""6"": null, ""7"": null}","{""0"": 250, ""1"": 50}",50,1,1,0,0,0.313,car-not-detected-or-stale,KEEP_PAUSED,right,left,,3
1135,2026-08-01T22:39:23.592+09:00,126.854,1134,8.95,0,STOPPED_RED,,1,1,1,0.039062,UNKNOWN,UNKNOWN,0,0,0.000000,0.000000,0,750,green,0,unknown,0.000000,null,0.000000,0.321,,"{""0"": 250, ""1"": 50, ""2"": null, ""3"": null, ""4"": null, ""5"": null, ""6"": null, ""7"": null}","{""0"": 0.0, ""1"": 0.0, ""2"": null, ""3"": null, ""4"": null, ""5"": null, ""6"": null, ""7"": null}","{""0"": 250, ""1"": 50}",50,1,1,0,0,0.321,car-not-detected-or-stale,KEEP_PAUSED,right,left,,3
1136,2026-08-01T22:39:23.706+09:00,126.969,1135,8.95,0,STOPPED_RED,,1,1,1,0.039609,UNKNOWN,UNKNOWN,0,0,0.000000,0.000000,0,752,green,0,unknown,0.000000,null,0.000000,0.208,,"{""0"": 250, ""1"": 50, ""2"": null, ""3"": null, ""4"": null, ""5"": null, ""6"": null, ""7"": null}","{""0"": 0.0, ""1"": 0.0, ""2"": null, ""3"": null, ""4"": null, ""5"": null, ""6"": null, ""7"": null}","{""0"": 250, ""1"": 50}",50,1,1,0,0,0.208,car-not-detected-or-stale,KEEP_PAUSED,right,left,,3
1137,2026-08-01T22:39:23.821+09:00,127.082,1136,8.95,0,STOPPED_RED,,1,1,1,0.039609,UNKNOWN,UNKNOWN,0,0,0.000000,0.000000,0,751,green,0,unknown,0.000000,null,0.000000,0.319,,"{""0"": 250, ""1"": 50, ""2"": null, ""3"": null, ""4"": null, ""5"": null, ""6"": null, ""7"": null}","{""0"": 0.0, ""1"": 0.0, ""2"": null, ""3"": null, ""4"": null, ""5"": null, ""6"": null, ""7"": null}","{""0"": 250, ""1"": 50}",50,1,1,0,0,0.319,car-not-detected-or-stale,KEEP_PAUSED,right,left,,3
1138,2026-08-01T22:39:23.929+09:00,127.192,1137,8.95,0,STOPPED_RED,,1,1,1,0.039062,UNKNOWN,UNKNOWN,0,0,0.000000,0.000000,0,752,green,0,unknown,0.000000,null,0.000000,0.304,,"{""0"": 250, ""1"": 49, ""2"": null, ""3"": null, ""4"": null, ""5"": null, ""6"": null, ""7"": null}","{""0"": 0.0, ""1"": 0.0, ""2"": null, ""3"": null, ""4"": null, ""5"": null, ""6"": null, ""7"": null}","{""0"": 250, ""1"": 49}",49,1,1,0,0,0.304,car-not-detected-or-stale,KEEP_PAUSED,right,left,,3
1139,2026-08-01T22:39:24.049+09:00,127.313,1138,8.95,0,STOPPED_RED,,1,1,1,0.039609,UNKNOWN,UNKNOWN,0,0,0.000000,0.000000,0,751,green,0,unknown,0.000000,null,0.000000,0.312,,"{""0"": 250, ""1"": 50, ""2"": null, ""3"": null, ""4"": null, ""5"": null, ""6"": null, ""7"": null}","{""0"": 0.0, ""1"": 0.0, ""2"": null, ""3"": null, ""4"": null, ""5"": null, ""6"": null, ""7"": null}","{""0"": 250, ""1"": 50}",50,1,1,0,0,0.312,car-not-detected-or-stale,KEEP_PAUSED,right,left,,3
1140,2026-08-01T22:39:24.173+09:00,127.436,1139,8.95,0,STOPPED_RED,,1,1,1,0.039062,UNKNOWN,UNKNOWN,0,0,0.000000,0.000000,0,751,green,0,unknown,0.000000,null,0.000000,0.435,,"{""0"": 250, ""1"": 50, ""2"": null, ""3"": null, ""4"": null, ""5"": null, ""6"": null, ""7"": null}","{""0"": 0.0, ""1"": 0.0, ""2"": null, ""3"": null, ""4"": null, ""5"": null, ""6"": null, ""7"": null}","{""0"": 250, ""1"": 50}",50,1,1,0,0,0.435,car-not-detected-or-stale,KEEP_PAUSED,right,left,,3
1141,2026-08-01T22:39:24.281+09:00,127.544,1140,8.95,0,STOPPED_RED,,1,1,1,0.039609,UNKNOWN,UNKNOWN,0,0,0.000000,0.000000,0,751,green,0,unknown,0.000000,null,0.000000,0.315,,"{""0"": 250, ""1"": 50, ""2"": null, ""3"": null, ""4"": null, ""5"": null, ""6"": null, ""7"": null}","{""0"": 0.0, ""1"": 0.0, ""2"": null, ""3"": null, ""4"": null, ""5"": null, ""6"": null, ""7"": null}","{""0"": 250, ""1"": 50}",50,1,1,0,0,0.315,car-not-detected-or-stale,KEEP_PAUSED,right,left,,3
1142,2026-08-01T22:39:24.387+09:00,127.650,1141,8.95,0,STOPPED_RED,,1,1,1,0.039062,UNKNOWN,UNKNOWN,0,0,0.000000,0.000000,0,750,green,0,unknown,0.000000,null,0.000000,0.304,,"{""0"": 250, ""1"": 50, ""2"": null, ""3"": null, ""4"": null, ""5"": null, ""6"": null, ""7"": null}","{""0"": 0.0, ""1"": 0.0, ""2"": null, ""3"": null, ""4"": null, ""5"": null, ""6"": null, ""7"": null}","{""0"": 250, ""1"": 50}",50,1,1,0,0,0.304,car-not-detected-or-stale,KEEP_PAUSED,right,left,,3
1143,2026-08-01T22:39:24.498+09:00,127.761,1142,8.95,0,STOPPED_RED,,1,1,1,0.039062,UNKNOWN,UNKNOWN,0,0,0.000000,0.000000,0,751,green,0,unknown,0.000000,null,0.000000,0.184,,"{""0"": 250, ""1"": 50, ""2"": null, ""3"": null, ""4"": null, ""5"": null, ""6"": null, ""7"": null}","{""0"": 0.0, ""1"": 0.0, ""2"": null, ""3"": null, ""4"": null, ""5"": null, ""6"": null, ""7"": null}","{""0"": 250, ""1"": 50}",50,1,1,0,0,0.184,car-not-detected-or-stale,KEEP_PAUSED,right,left,,3
1144,2026-08-01T22:39:24.611+09:00,127.874,1143,8.95,0,STOPPED_RED,,1,1,1,0.039062,UNKNOWN,UNKNOWN,0,0,0.000000,0.000000,0,751,green,0,unknown,0.000000,null,0.000000,0.296,,"{""0"": 250, ""1"": 50, ""2"": null, ""3"": null, ""4"": null, ""5"": null, ""6"": null, ""7"": null}","{""0"": 0.0, ""1"": 0.0, ""2"": null, ""3"": null, ""4"": null, ""5"": null, ""6"": null, ""7"": null}","{""0"": 250, ""1"": 50}",50,1,1,0,0,0.296,car-not-detected-or-stale,KEEP_PAUSED,right,left,,3
1145,2026-08-01T22:39:24.732+09:00,127.996,1144,8.95,0,STOPPED_RED,,1,1,1,0.039062,UNKNOWN,UNKNOWN,0,0,0.000000,0.000000,0,751,green,0,unknown,0.000000,null,0.000000,0.313,,"{""0"": 250, ""1"": 50, ""2"": null, ""3"": null, ""4"": null, ""5"": null, ""6"": null, ""7"": null}","{""0"": 0.0, ""1"": 0.0, ""2"": null, ""3"": null, ""4"": null, ""5"": null, ""6"": null, ""7"": null}","{""0"": 250, ""1"": 50}",50,1,1,0,0,0.313,car-not-detected-or-stale,KEEP_PAUSED,right,left,,3
1146,2026-08-01T22:39:24.848+09:00,128.109,1145,8.95,0,STOPPED_RED,,1,1,1,0.039062,UNKNOWN,UNKNOWN,0,0,0.000000,0.000000,0,751,green,0,unknown,0.000000,null,0.000000,0.198,,"{""0"": 250, ""1"": 50, ""2"": null, ""3"": null, ""4"": null, ""5"": null, ""6"": null, ""7"": null}","{""0"": 0.0, ""1"": 0.0, ""2"": null, ""3"": null, ""4"": null, ""5"": null, ""6"": null, ""7"": null}","{""0"": 250, ""1"": 50}",50,1,1,0,0,0.198,car-not-detected-or-stale,KEEP_PAUSED,right,left,,3
1147,2026-08-01T22:39:24.973+09:00,128.234,1146,8.95,0,STOPPED_RED,,1,1,1,0.039609,UNKNOWN,UNKNOWN,0,0,0.000000,0.000000,0,751,green,0,unknown,0.000000,null,0.000000,0.323,,"{""0"": 250, ""1"": 50, ""2"": null, ""3"": null, ""4"": null, ""5"": null, ""6"": null, ""7"": null}","{""0"": 0.0, ""1"": 0.0, ""2"": null, ""3"": null, ""4"": null, ""5"": null, ""6"": null, ""7"": null}","{""0"": 250, ""1"": 50}",50,1,1,0,0,0.323,car-not-detected-or-stale,KEEP_PAUSED,right,left,,3
1148,2026-08-01T22:39:25.085+09:00,128.347,1147,8.95,0,STOPPED_RED,,1,1,1,0.039062,UNKNOWN,UNKNOWN,0,0,0.000000,0.000000,0,751,green,0,unknown,0.000000,null,0.000000,0.316,,"{""0"": 250, ""1"": 50, ""2"": null, ""3"": null, ""4"": null, ""5"": null, ""6"": null, ""7"": null}","{""0"": 0.0, ""1"": 0.0, ""2"": null, ""3"": null, ""4"": null, ""5"": null, ""6"": null, ""7"": null}","{""0"": 250, ""1"": 50}",50,1,1,0,0,0.316,car-not-detected-or-stale,KEEP_PAUSED,right,left,,3
1149,2026-08-01T22:39:25.201+09:00,128.462,1148,8.95,0,STOPPED_RED,,1,1,1,0.039062,UNKNOWN,UNKNOWN,0,0,0.000000,0.000000,0,751,green,0,unknown,0.000000,null,0.000000,0.316,,"{""0"": 250, ""1"": 50, ""2"": null, ""3"": null, ""4"": null, ""5"": null, ""6"": null, ""7"": null}","{""0"": 0.0, ""1"": 0.0, ""2"": null, ""3"": null, ""4"": null, ""5"": null, ""6"": null, ""7"": null}","{""0"": 250, ""1"": 50}",50,1,1,0,0,0.316,car-not-detected-or-stale,KEEP_PAUSED,right,left,,3
1150,2026-08-01T22:39:25.323+09:00,128.587,1149,8.94,0,STOPPED_RED,,1,1,1,0.041641,UNKNOWN,UNKNOWN,0,0,0.000000,0.000000,0,750,green,0,unknown,0.000000,null,0.000000,0.204,,"{""0"": 250, ""1"": 50, ""2"": null, ""3"": null, ""4"": null, ""5"": null, ""6"": null, ""7"": null}","{""0"": 0.0, ""1"": 0.0, ""2"": null, ""3"": null, ""4"": null, ""5"": null, ""6"": null, ""7"": null}","{""0"": 250, ""1"": 50}",50,1,1,0,0,0.204,car-not-detected-or-stale,KEEP_PAUSED,right,left,,3
1151,2026-08-01T22:39:25.439+09:00,128.703,1150,8.94,0,STOPPED_RED,,1,1,1,0.041641,UNKNOWN,UNKNOWN,0,0,0.000000,0.000000,0,751,green,0,unknown,0.000000,null,0.000000,0.319,,"{""0"": 250, ""1"": 50, ""2"": null, ""3"": null, ""4"": null, ""5"": null, ""6"": null, ""7"": null}","{""0"": 0.0, ""1"": 0.0, ""2"": null, ""3"": null, ""4"": null, ""5"": null, ""6"": null, ""7"": null}","{""0"": 250, ""1"": 50}",50,1,1,0,0,0.319,car-not-detected-or-stale,KEEP_PAUSED,right,left,,3
1152,2026-08-01T22:39:25.540+09:00,128.804,1151,8.94,0,STOPPED_RED,,1,1,1,0.042188,UNKNOWN,UNKNOWN,0,0,0.000000,0.000000,0,751,green,0,unknown,0.000000,null,0.000000,0.306,,"{""0"": 250, ""1"": 50, ""2"": null, ""3"": null, ""4"": null, ""5"": null, ""6"": null, ""7"": null}","{""0"": 0.0, ""1"": 0.0, ""2"": null, ""3"": null, ""4"": null, ""5"": null, ""6"": null, ""7"": null}","{""0"": 250, ""1"": 50}",50,1,1,0,0,0.306,car-not-detected-or-stale,KEEP_PAUSED,right,left,,3
1153,2026-08-01T22:39:25.650+09:00,128.913,1152,8.94,0,STOPPED_RED,,1,1,1,0.039609,UNKNOWN,UNKNOWN,0,0,0.000000,0.000000,0,751,green,0,unknown,0.000000,null,0.000000,0.296,,"{""0"": 250, ""1"": 50, ""2"": null, ""3"": null, ""4"": null, ""5"": null, ""6"": null, ""7"": null}","{""0"": 0.0, ""1"": 0.0, ""2"": null, ""3"": null, ""4"": null, ""5"": null, ""6"": null, ""7"": null}","{""0"": 250, ""1"": 50}",50,1,1,0,0,0.296,car-not-detected-or-stale,KEEP_PAUSED,right,left,,3
1154,2026-08-01T22:39:25.765+09:00,129.027,1153,8.94,0,STOPPED_RED,,1,1,1,0.039062,UNKNOWN,UNKNOWN,0,0,0.000000,0.000000,0,752,green,0,unknown,0.000000,null,0.000000,0.408,,"{""0"": 250, ""1"": 50, ""2"": null, ""3"": null, ""4"": null, ""5"": null, ""6"": null, ""7"": null}","{""0"": 0.0, ""1"": 0.0, ""2"": null, ""3"": null, ""4"": null, ""5"": null, ""6"": null, ""7"": null}","{""0"": 250, ""1"": 50}",50,1,1,0,0,0.408,car-not-detected-or-stale,KEEP_PAUSED,right,left,,3
1155,2026-08-01T22:39:25.872+09:00,129.133,1154,8.95,0,STOPPED_RED,,1,1,1,0.039609,UNKNOWN,UNKNOWN,0,0,0.000000,0.000000,0,750,green,0,unknown,0.000000,null,0.000000,0.297,,"{""0"": 250, ""1"": 50, ""2"": null, ""3"": null, ""4"": null, ""5"": null, ""6"": null, ""7"": null}","{""0"": 0.0, ""1"": 0.0, ""2"": null, ""3"": null, ""4"": null, ""5"": null, ""6"": null, ""7"": null}","{""0"": 250, ""1"": 50}",50,1,1,0,0,0.297,car-not-detected-or-stale,KEEP_PAUSED,right,left,,3
1156,2026-08-01T22:39:25.986+09:00,129.250,1155,8.94,0,STOPPED_RED,,1,1,1,0.041641,UNKNOWN,UNKNOWN,0,0,0.000000,0.000000,0,751,green,0,unknown,0.000000,null,0.000000,0.304,,"{""0"": 250, ""1"": 50, ""2"": null, ""3"": null, ""4"": null, ""5"": null, ""6"": null, ""7"": null}","{""0"": 0.0, ""1"": 0.0, ""2"": null, ""3"": null, ""4"": null, ""5"": null, ""6"": null, ""7"": null}","{""0"": 250, ""1"": 50}",50,1,1,0,0,0.304,car-not-detected-or-stale,KEEP_PAUSED,right,left,,3
1157,2026-08-01T22:39:26.107+09:00,129.369,1156,8.94,0,STOPPED_RED,,1,1,1,0.039609,UNKNOWN,UNKNOWN,0,0,0.000000,0.000000,0,751,green,0,unknown,0.000000,null,0.000000,0.423,,"{""0"": 250, ""1"": 50, ""2"": null, ""3"": null, ""4"": null, ""5"": null, ""6"": null, ""7"": null}","{""0"": 0.0, ""1"": 0.0, ""2"": null, ""3"": null, ""4"": null, ""5"": null, ""6"": null, ""7"": null}","{""0"": 250, ""1"": 50}",50,1,1,0,0,0.423,car-not-detected-or-stale,KEEP_PAUSED,right,left,,3
1158,2026-08-01T22:39:26.225+09:00,129.484,1157,8.94,0,STOPPED_RED,,1,1,1,0.039609,UNKNOWN,UNKNOWN,0,0,0.000000,0.000000,0,751,green,0,unknown,0.000000,null,0.000000,0.313,,"{""0"": 250, ""1"": 50, ""2"": null, ""3"": null, ""4"": null, ""5"": null, ""6"": null, ""7"": null}","{""0"": 0.0, ""1"": 0.0, ""2"": null, ""3"": null, ""4"": null, ""5"": null, ""6"": null, ""7"": null}","{""0"": 250, ""1"": 50}",50,1,1,0,0,0.313,car-not-detected-or-stale,KEEP_PAUSED,right,left,,3
1159,2026-08-01T22:39:26.336+09:00,129.598,1158,8.94,0,STOPPED_RED,,1,1,1,0.039609,UNKNOWN,UNKNOWN,0,0,0.000000,0.000000,0,751,green,0,unknown,0.000000,null,0.000000,0.315,,"{""0"": 250, ""1"": 50, ""2"": null, ""3"": null, ""4"": null, ""5"": null, ""6"": null, ""7"": null}","{""0"": 0.0, ""1"": 0.0, ""2"": null, ""3"": null, ""4"": null, ""5"": null, ""6"": null, ""7"": null}","{""0"": 250, ""1"": 50}",50,1,1,0,0,0.315,car-not-detected-or-stale,KEEP_PAUSED,right,left,,3
1160,2026-08-01T22:39:26.452+09:00,129.715,1159,8.94,0,STOPPED_RED,,1,1,1,0.042188,UNKNOWN,UNKNOWN,0,0,0.000000,0.000000,0,751,green,0,unknown,0.000000,null,0.000000,0.192,,"{""0"": 250, ""1"": 50, ""2"": null, ""3"": null, ""4"": null, ""5"": null, ""6"": null, ""7"": null}","{""0"": 0.0, ""1"": 0.0, ""2"": null, ""3"": null, ""4"": null, ""5"": null, ""6"": null, ""7"": null}","{""0"": 250, ""1"": 50}",50,1,1,0,0,0.192,car-not-detected-or-stale,KEEP_PAUSED,right,left,,3
1161,2026-08-01T22:39:26.564+09:00,129.826,1160,8.94,0,STOPPED_RED,,1,1,1,0.040156,UNKNOWN,UNKNOWN,0,0,0.000000,0.000000,0,751,green,0,unknown,0.000000,null,0.000000,0.302,,"{""0"": 250, ""1"": 50, ""2"": null, ""3"": null, ""4"": null, ""5"": null, ""6"": null, ""7"": null}","{""0"": 0.0, ""1"": 0.0, ""2"": null, ""3"": null, ""4"": null, ""5"": null, ""6"": null, ""7"": null}","{""0"": 250, ""1"": 50}",50,1,1,0,0,0.302,car-not-detected-or-stale,KEEP_PAUSED,right,left,,3
1162,2026-08-01T22:39:26.668+09:00,129.932,1161,8.94,0,STOPPED_RED,,1,1,1,0.039609,UNKNOWN,UNKNOWN,0,0,0.000000,0.000000,0,751,green,0,unknown,0.000000,null,0.000000,0.299,,"{""0"": 250, ""1"": 50, ""2"": null, ""3"": null, ""4"": null, ""5"": null, ""6"": null, ""7"": null}","{""0"": 0.0, ""1"": 0.0, ""2"": null, ""3"": null, ""4"": null, ""5"": null, ""6"": null, ""7"": null}","{""0"": 250, ""1"": 50}",50,1,1,0,0,0.299,car-not-detected-or-stale,KEEP_PAUSED,right,left,,3
1163,2026-08-01T22:39:26.778+09:00,130.041,1162,8.94,0,STOPPED_RED,,1,1,1,0.039609,UNKNOWN,UNKNOWN,0,0,0.000000,0.000000,0,752,green,0,unknown,0.000000,null,0.000000,0.295,,"{""0"": 250, ""1"": 50, ""2"": null, ""3"": null, ""4"": null, ""5"": null, ""6"": null, ""7"": null}","{""0"": 0.0, ""1"": 0.0, ""2"": null, ""3"": null, ""4"": null, ""5"": null, ""6"": null, ""7"": null}","{""0"": 250, ""1"": 50}",50,1,1,0,0,0.295,car-not-detected-or-stale,KEEP_PAUSED,right,left,,3
1164,2026-08-01T22:39:26.887+09:00,130.150,1163,8.94,0,STOPPED_RED,,1,1,1,0.039062,UNKNOWN,UNKNOWN,0,0,0.000000,0.000000,0,751,green,0,unknown,0.000000,null,0.000000,0.402,,"{""0"": 250, ""1"": 50, ""2"": null, ""3"": null, ""4"": null, ""5"": null, ""6"": null, ""7"": null}","{""0"": 0.0, ""1"": 0.0, ""2"": null, ""3"": null, ""4"": null, ""5"": null, ""6"": null, ""7"": null}","{""0"": 250, ""1"": 50}",50,1,1,0,0,0.402,car-not-detected-or-stale,KEEP_PAUSED,right,left,,3
1165,2026-08-01T22:39:26.997+09:00,130.257,1164,8.94,0,STOPPED_RED,,1,1,1,0.042188,UNKNOWN,UNKNOWN,0,0,0.000000,0.000000,0,750,green,0,unknown,0.000000,null,0.000000,0.286,,"{""0"": 250, ""1"": 50, ""2"": null, ""3"": null, ""4"": null, ""5"": null, ""6"": null, ""7"": null}","{""0"": 0.0, ""1"": 0.0, ""2"": null, ""3"": null, ""4"": null, ""5"": null, ""6"": null, ""7"": null}","{""0"": 250, ""1"": 50}",50,1,1,0,0,0.286,car-not-detected-or-stale,KEEP_PAUSED,right,left,,3
1166,2026-08-01T22:39:27.105+09:00,130.367,1165,8.94,0,STOPPED_RED,,1,1,1,0.042188,UNKNOWN,UNKNOWN,0,0,0.000000,0.000000,0,751,green,0,unknown,0.000000,null,0.000000,0.292,,"{""0"": 250, ""1"": 50, ""2"": null, ""3"": null, ""4"": null, ""5"": null, ""6"": null, ""7"": null}","{""0"": 0.0, ""1"": 0.0, ""2"": null, ""3"": null, ""4"": null, ""5"": null, ""6"": null, ""7"": null}","{""0"": 250, ""1"": 50}",50,1,1,0,0,0.292,car-not-detected-or-stale,KEEP_PAUSED,right,left,,3
1167,2026-08-01T22:39:27.218+09:00,130.480,1166,8.94,0,STOPPED_RED,,1,1,1,0.039609,UNKNOWN,UNKNOWN,0,0,0.000000,0.000000,0,751,green,0,unknown,0.000000,null,0.000000,0.408,,"{""0"": 250, ""1"": 50, ""2"": null, ""3"": null, ""4"": null, ""5"": null, ""6"": null, ""7"": null}","{""0"": 0.0, ""1"": 0.0, ""2"": null, ""3"": null, ""4"": null, ""5"": null, ""6"": null, ""7"": null}","{""0"": 250, ""1"": 50}",50,1,1,0,0,0.408,car-not-detected-or-stale,KEEP_PAUSED,right,left,,3
1168,2026-08-01T22:39:27.321+09:00,130.583,1167,8.95,0,STOPPED_RED,,1,1,1,0.039609,UNKNOWN,UNKNOWN,0,0,0.000000,0.000000,0,751,green,0,unknown,0.000000,null,0.000000,0.288,,"{""0"": 250, ""1"": 50, ""2"": null, ""3"": null, ""4"": null, ""5"": null, ""6"": null, ""7"": null}","{""0"": 0.0, ""1"": 0.0, ""2"": null, ""3"": null, ""4"": null, ""5"": null, ""6"": null, ""7"": null}","{""0"": 250, ""1"": 50}",50,1,1,0,0,0.288,car-not-detected-or-stale,KEEP_PAUSED,right,left,,3
1169,2026-08-01T22:39:27.425+09:00,130.689,1168,8.95,0,STOPPED_RED,,1,1,1,0.042188,UNKNOWN,UNKNOWN,0,0,0.000000,0.000000,0,750,green,0,unknown,0.000000,null,0.000000,0.286,,"{""0"": 250, ""1"": 50, ""2"": null, ""3"": null, ""4"": null, ""5"": null, ""6"": null, ""7"": null}","{""0"": 0.0, ""1"": 0.0, ""2"": null, ""3"": null, ""4"": null, ""5"": null, ""6"": null, ""7"": null}","{""0"": 250, ""1"": 50}",50,1,1,0,0,0.286,car-not-detected-or-stale,KEEP_PAUSED,right,left,,3
1170,2026-08-01T22:39:27.543+09:00,130.804,1169,8.95,0,STOPPED_RED,,1,1,1,0.039062,UNKNOWN,UNKNOWN,0,0,0.000000,0.000000,0,751,green,0,unknown,0.000000,null,0.000000,0.188,,"{""0"": 250, ""1"": 50, ""2"": null, ""3"": null, ""4"": null, ""5"": null, ""6"": null, ""7"": null}","{""0"": 0.0, ""1"": 0.0, ""2"": null, ""3"": null, ""4"": null, ""5"": null, ""6"": null, ""7"": null}","{""0"": 250, ""1"": 50}",50,1,1,0,0,0.188,car-not-detected-or-stale,KEEP_PAUSED,right,left,,3
1171,2026-08-01T22:39:27.660+09:00,130.921,1170,8.95,0,STOPPED_RED,,1,1,1,0.042188,UNKNOWN,UNKNOWN,0,0,0.000000,0.000000,0,751,green,0,unknown,0.000000,null,0.000000,0.301,,"{""0"": 250, ""1"": 50, ""2"": null, ""3"": null, ""4"": null, ""5"": null, ""6"": null, ""7"": null}","{""0"": 0.0, ""1"": 0.0, ""2"": null, ""3"": null, ""4"": null, ""5"": null, ""6"": null, ""7"": null}","{""0"": 250, ""1"": 50}",50,1,1,0,0,0.301,car-not-detected-or-stale,KEEP_PAUSED,right,left,,3
1172,2026-08-01T22:39:27.765+09:00,131.028,1171,8.95,0,STOPPED_RED,,1,1,1,0.039062,UNKNOWN,UNKNOWN,0,0,0.000000,0.000000,0,751,green,0,unknown,0.000000,null,0.000000,0.308,,"{""0"": 250, ""1"": 50, ""2"": null, ""3"": null, ""4"": null, ""5"": null, ""6"": null, ""7"": null}","{""0"": 0.0, ""1"": 0.0, ""2"": null, ""3"": null, ""4"": null, ""5"": null, ""6"": null, ""7"": null}","{""0"": 250, ""1"": 50}",50,1,1,0,0,0.308,car-not-detected-or-stale,KEEP_PAUSED,right,left,,3
1173,2026-08-01T22:39:27.875+09:00,131.139,1172,8.95,0,STOPPED_RED,,1,1,1,0.039062,UNKNOWN,UNKNOWN,0,0,0.000000,0.000000,0,751,green,0,unknown,0.000000,null,0.000000,0.182,,"{""0"": 250, ""1"": 50, ""2"": null, ""3"": null, ""4"": null, ""5"": null, ""6"": null, ""7"": null}","{""0"": 0.0, ""1"": 0.0, ""2"": null, ""3"": null, ""4"": null, ""5"": null, ""6"": null, ""7"": null}","{""0"": 250, ""1"": 50}",50,1,1,0,0,0.182,car-not-detected-or-stale,KEEP_PAUSED,right,left,,3
1174,2026-08-01T22:39:27.988+09:00,131.250,1173,8.95,0,STOPPED_RED,,1,1,1,0.040156,UNKNOWN,UNKNOWN,0,0,0.000000,0.000000,0,750,green,0,unknown,0.000000,null,0.000000,0.294,,"{""0"": 250, ""1"": 50, ""2"": null, ""3"": null, ""4"": null, ""5"": null, ""6"": null, ""7"": null}","{""0"": 0.0, ""1"": 0.0, ""2"": null, ""3"": null, ""4"": null, ""5"": null, ""6"": null, ""7"": null}","{""0"": 250, ""1"": 50}",50,1,1,0,0,0.294,car-not-detected-or-stale,KEEP_PAUSED,right,left,,3
1175,2026-08-01T22:39:28.089+09:00,131.353,1174,8.95,0,STOPPED_RED,,1,1,1,0.039062,UNKNOWN,UNKNOWN,0,0,0.000000,0.000000,0,751,green,0,unknown,0.000000,null,0.000000,0.292,,"{""0"": 250, ""1"": 50, ""2"": null, ""3"": null, ""4"": null, ""5"": null, ""6"": null, ""7"": null}","{""0"": 0.0, ""1"": 0.0, ""2"": null, ""3"": null, ""4"": null, ""5"": null, ""6"": null, ""7"": null}","{""0"": 250, ""1"": 50}",50,1,1,0,0,0.292,car-not-detected-or-stale,KEEP_PAUSED,right,left,,3
1176,2026-08-01T22:39:28.197+09:00,131.460,1175,8.95,0,STOPPED_RED,,1,1,1,0.042188,UNKNOWN,UNKNOWN,0,0,0.000000,0.000000,0,751,green,0,unknown,0.000000,null,0.000000,0.291,,"{""0"": 250, ""1"": 50, ""2"": null, ""3"": null, ""4"": null, ""5"": null, ""6"": null, ""7"": null}","{""0"": 0.0, ""1"": 0.0, ""2"": null, ""3"": null, ""4"": null, ""5"": null, ""6"": null, ""7"": null}","{""0"": 250, ""1"": 50}",50,1,1,0,0,0.291,car-not-detected-or-stale,KEEP_PAUSED,right,left,,3
1177,2026-08-01T22:39:28.308+09:00,131.571,1176,8.95,0,STOPPED_RED,,1,1,1,0.042188,UNKNOWN,UNKNOWN,0,0,0.000000,0.000000,0,751,green,0,unknown,0.000000,null,0.000000,0.398,,"{""0"": 250, ""1"": 50, ""2"": null, ""3"": null, ""4"": null, ""5"": null, ""6"": null, ""7"": null}","{""0"": 0.0, ""1"": 0.0, ""2"": null, ""3"": null, ""4"": null, ""5"": null, ""6"": null, ""7"": null}","{""0"": 250, ""1"": 50}",50,1,1,0,0,0.398,car-not-detected-or-stale,KEEP_PAUSED,right,left,,3
1178,2026-08-01T22:39:28.412+09:00,131.672,1177,8.95,0,STOPPED_RED,,1,1,1,0.039062,UNKNOWN,UNKNOWN,0,0,0.000000,0.000000,0,752,green,0,unknown,0.000000,null,0.000000,0.287,,"{""0"": 250, ""1"": 50, ""2"": null, ""3"": null, ""4"": null, ""5"": null, ""6"": null, ""7"": null}","{""0"": 0.0, ""1"": 0.0, ""2"": null, ""3"": null, ""4"": null, ""5"": null, ""6"": null, ""7"": null}","{""0"": 250, ""1"": 50}",50,1,1,0,0,0.287,car-not-detected-or-stale,KEEP_PAUSED,right,left,,3
1179,2026-08-01T22:39:28.520+09:00,131.784,1178,8.95,0,STOPPED_RED,,1,1,1,0.039609,UNKNOWN,UNKNOWN,0,0,0.000000,0.000000,0,751,green,0,unknown,0.000000,null,0.000000,0.291,,"{""0"": 250, ""1"": 50, ""2"": null, ""3"": null, ""4"": null, ""5"": null, ""6"": null, ""7"": null}","{""0"": 0.0, ""1"": 0.0, ""2"": null, ""3"": null, ""4"": null, ""5"": null, ""6"": null, ""7"": null}","{""0"": 250, ""1"": 50}",50,1,1,0,0,0.291,car-not-detected-or-stale,KEEP_PAUSED,right,left,,3
1180,2026-08-01T22:39:28.635+09:00,131.895,1179,8.95,0,STOPPED_RED,,1,1,1,0.039609,UNKNOWN,UNKNOWN,0,0,0.000000,0.000000,0,751,green,0,unknown,0.000000,null,0.000000,0.401,,"{""0"": 250, ""1"": 50, ""2"": null, ""3"": null, ""4"": null, ""5"": null, ""6"": null, ""7"": null}","{""0"": 0.0, ""1"": 0.0, ""2"": null, ""3"": null, ""4"": null, ""5"": null, ""6"": null, ""7"": null}","{""0"": 250, ""1"": 50}",50,1,1,0,0,0.401,car-not-detected-or-stale,KEEP_PAUSED,right,left,,3
1181,2026-08-01T22:39:28.739+09:00,132.003,1180,8.95,0,STOPPED_RED,,1,1,1,0.039062,UNKNOWN,UNKNOWN,0,0,0.000000,0.000000,0,751,green,0,unknown,0.000000,null,0.000000,0.294,,"{""0"": 250, ""1"": 50, ""2"": null, ""3"": null, ""4"": null, ""5"": null, ""6"": null, ""7"": null}","{""0"": 0.0, ""1"": 0.0, ""2"": null, ""3"": null, ""4"": null, ""5"": null, ""6"": null, ""7"": null}","{""0"": 250, ""1"": 50}",50,1,1,0,0,0.294,car-not-detected-or-stale,KEEP_PAUSED,right,left,,3
1182,2026-08-01T22:39:28.846+09:00,132.109,1181,8.95,0,STOPPED_RED,,1,1,1,0.039609,UNKNOWN,UNKNOWN,0,0,0.000000,0.000000,0,751,green,0,unknown,0.000000,null,0.000000,0.293,,"{""0"": 250, ""1"": 50, ""2"": null, ""3"": null, ""4"": null, ""5"": null, ""6"": null, ""7"": null}","{""0"": 0.0, ""1"": 0.0, ""2"": null, ""3"": null, ""4"": null, ""5"": null, ""6"": null, ""7"": null}","{""0"": 250, ""1"": 50}",50,1,1,0,0,0.293,car-not-detected-or-stale,KEEP_PAUSED,right,left,,3
1183,2026-08-01T22:39:28.951+09:00,132.215,1182,8.95,0,STOPPED_RED,,1,1,1,0.039062,UNKNOWN,UNKNOWN,0,0,0.000000,0.000000,0,751,green,0,unknown,0.000000,null,0.000000,0.397,,"{""0"": 250, ""1"": 50, ""2"": null, ""3"": null, ""4"": null, ""5"": null, ""6"": null, ""7"": null}","{""0"": 0.0, ""1"": 0.0, ""2"": null, ""3"": null, ""4"": null, ""5"": null, ""6"": null, ""7"": null}","{""0"": 250, ""1"": 50}",50,1,1,0,0,0.397,car-not-detected-or-stale,KEEP_PAUSED,right,left,,3
1184,2026-08-01T22:39:29.053+09:00,132.316,1183,8.95,0,STOPPED_RED,,1,1,1,0.039062,UNKNOWN,UNKNOWN,0,0,0.000000,0.000000,0,751,green,0,unknown,0.000000,null,0.000000,0.282,,"{""0"": 250, ""1"": 50, ""2"": null, ""3"": null, ""4"": null, ""5"": null, ""6"": null, ""7"": null}","{""0"": 0.0, ""1"": 0.0, ""2"": null, ""3"": null, ""4"": null, ""5"": null, ""6"": null, ""7"": null}","{""0"": 250, ""1"": 50}",50,1,1,0,0,0.282,car-not-detected-or-stale,KEEP_PAUSED,right,left,,3
1185,2026-08-01T22:39:29.163+09:00,132.423,1184,8.95,0,STOPPED_RED,,1,1,1,0.042188,UNKNOWN,UNKNOWN,0,0,0.000000,0.000000,0,752,green,0,unknown,0.000000,null,0.000000,0.281,,"{""0"": 250, ""1"": 50, ""2"": null, ""3"": null, ""4"": null, ""5"": null, ""6"": null, ""7"": null}","{""0"": 0.0, ""1"": 0.0, ""2"": null, ""3"": null, ""4"": null, ""5"": null, ""6"": null, ""7"": null}","{""0"": 250, ""1"": 50}",50,1,1,0,0,0.281,car-not-detected-or-stale,KEEP_PAUSED,right,left,,3
1186,2026-08-01T22:39:29.287+09:00,132.549,1185,8.95,0,STOPPED_RED,,1,1,1,0.039062,UNKNOWN,UNKNOWN,0,0,0.000000,0.000000,0,751,green,0,unknown,0.000000,null,0.000000,0.404,,"{""0"": 250, ""1"": 49, ""2"": null, ""3"": null, ""4"": null, ""5"": null, ""6"": null, ""7"": null}","{""0"": 0.0, ""1"": 0.0, ""2"": null, ""3"": null, ""4"": null, ""5"": null, ""6"": null, ""7"": null}","{""0"": 250, ""1"": 49}",49,1,1,0,0,0.404,car-not-detected-or-stale,KEEP_PAUSED,right,left,,3
1187,2026-08-01T22:39:29.394+09:00,132.657,1186,8.95,0,STOPPED_RED,,1,1,1,0.039062,UNKNOWN,UNKNOWN,0,0,0.000000,0.000000,0,751,green,0,unknown,0.000000,null,0.000000,0.309,,"{""0"": 250, ""1"": 50, ""2"": null, ""3"": null, ""4"": null, ""5"": null, ""6"": null, ""7"": null}","{""0"": 0.0, ""1"": 0.0, ""2"": null, ""3"": null, ""4"": null, ""5"": null, ""6"": null, ""7"": null}","{""0"": 250, ""1"": 50}",50,1,1,0,0,0.309,car-not-detected-or-stale,KEEP_PAUSED,right,left,,3
1188,2026-08-01T22:39:29.506+09:00,132.770,1187,8.95,0,STOPPED_RED,,1,1,1,0.039609,UNKNOWN,UNKNOWN,0,0,0.000000,0.000000,0,751,green,0,unknown,0.000000,null,0.000000,0.308,,"{""0"": 250, ""1"": 49, ""2"": null, ""3"": null, ""4"": null, ""5"": null, ""6"": null, ""7"": null}","{""0"": 0.0, ""1"": 0.0, ""2"": null, ""3"": null, ""4"": null, ""5"": null, ""6"": null, ""7"": null}","{""0"": 250, ""1"": 49}",49,1,1,0,0,0.308,car-not-detected-or-stale,KEEP_PAUSED,right,left,,3
1189,2026-08-01T22:39:29.623+09:00,132.885,1188,8.95,0,STOPPED_RED,,1,1,1,0.039062,UNKNOWN,UNKNOWN,0,0,0.000000,0.000000,0,751,green,0,unknown,0.000000,null,0.000000,0.423,,"{""0"": 250, ""1"": 49, ""2"": null, ""3"": null, ""4"": null, ""5"": null, ""6"": null, ""7"": null}","{""0"": 0.0, ""1"": 0.0, ""2"": null, ""3"": null, ""4"": null, ""5"": null, ""6"": null, ""7"": null}","{""0"": 250, ""1"": 49}",49,1,1,0,0,0.423,car-not-detected-or-stale,KEEP_PAUSED,right,left,,3
1190,2026-08-01T22:39:29.730+09:00,132.992,1189,8.95,0,STOPPED_RED,,1,1,1,0.039609,UNKNOWN,UNKNOWN,0,0,0.000000,0.000000,0,751,green,0,unknown,0.000000,null,0.000000,0.300,,"{""0"": 250, ""1"": 49, ""2"": null, ""3"": null, ""4"": null, ""5"": null, ""6"": null, ""7"": null}","{""0"": 0.0, ""1"": 0.0, ""2"": null, ""3"": null, ""4"": null, ""5"": null, ""6"": null, ""7"": null}","{""0"": 250, ""1"": 49}",49,1,1,0,0,0.300,car-not-detected-or-stale,KEEP_PAUSED,right,left,,3
1191,2026-08-01T22:39:29.833+09:00,133.096,1190,8.95,0,STOPPED_RED,,1,1,1,0.039609,UNKNOWN,UNKNOWN,0,0,0.000000,0.000000,0,751,green,0,unknown,0.000000,null,0.000000,0.295,,"{""0"": 250, ""1"": 49, ""2"": null, ""3"": null, ""4"": null, ""5"": null, ""6"": null, ""7"": null}","{""0"": 0.0, ""1"": 0.0, ""2"": null, ""3"": null, ""4"": null, ""5"": null, ""6"": null, ""7"": null}","{""0"": 250, ""1"": 49}",49,1,1,0,0,0.295,car-not-detected-or-stale,KEEP_PAUSED,right,left,,3
1192,2026-08-01T22:39:29.948+09:00,133.211,1191,8.95,0,STOPPED_RED,,1,1,1,0.041641,UNKNOWN,UNKNOWN,0,0,0.000000,0.000000,0,751,green,0,unknown,0.000000,null,0.000000,0.185,,"{""0"": 250, ""1"": 49, ""2"": null, ""3"": null, ""4"": null, ""5"": null, ""6"": null, ""7"": null}","{""0"": 0.0, ""1"": 0.0, ""2"": null, ""3"": null, ""4"": null, ""5"": null, ""6"": null, ""7"": null}","{""0"": 250, ""1"": 49}",49,1,1,0,0,0.185,car-not-detected-or-stale,KEEP_PAUSED,right,left,,3
1193,2026-08-01T22:39:30.047+09:00,133.310,1192,8.95,0,STOPPED_RED,,1,1,1,0.039609,UNKNOWN,UNKNOWN,0,0,0.000000,0.000000,0,751,green,0,unknown,0.000000,null,0.000000,0.282,,"{""0"": 250, ""1"": 50, ""2"": null, ""3"": null, ""4"": null, ""5"": null, ""6"": null, ""7"": null}","{""0"": 0.0, ""1"": 0.0, ""2"": null, ""3"": null, ""4"": null, ""5"": null, ""6"": null, ""7"": null}","{""0"": 250, ""1"": 50}",50,1,1,0,0,0.282,car-not-detected-or-stale,KEEP_PAUSED,right,left,,3
1194,2026-08-01T22:39:30.152+09:00,133.416,1193,8.95,0,STOPPED_RED,,1,1,1,0.039609,UNKNOWN,UNKNOWN,0,0,0.000000,0.000000,0,751,green,0,unknown,0.000000,null,0.000000,0.286,,"{""0"": 250, ""1"": 49, ""2"": null, ""3"": null, ""4"": null, ""5"": null, ""6"": null, ""7"": null}","{""0"": 0.0, ""1"": 0.0, ""2"": null, ""3"": null, ""4"": null, ""5"": null, ""6"": null, ""7"": null}","{""0"": 250, ""1"": 49}",49,1,1,0,0,0.286,car-not-detected-or-stale,KEEP_PAUSED,right,left,,3
1195,2026-08-01T22:39:30.277+09:00,133.540,1194,8.95,0,STOPPED_RED,,1,1,1,0.039062,UNKNOWN,UNKNOWN,0,0,0.000000,0.000000,0,751,green,0,unknown,0.000000,null,0.000000,0.193,,"{""0"": 250, ""1"": 50, ""2"": null, ""3"": null, ""4"": null, ""5"": null, ""6"": null, ""7"": null}","{""0"": 0.0, ""1"": 0.0, ""2"": null, ""3"": null, ""4"": null, ""5"": null, ""6"": null, ""7"": null}","{""0"": 250, ""1"": 50}",50,1,1,0,0,0.193,car-not-detected-or-stale,KEEP_PAUSED,right,left,,3
1196,2026-08-01T22:39:30.389+09:00,133.652,1195,8.95,0,STOPPED_RED,,1,1,1,0.040156,UNKNOWN,UNKNOWN,0,0,0.000000,0.000000,0,751,green,0,unknown,0.000000,null,0.000000,0.307,,"{""0"": 250, ""1"": 49, ""2"": null, ""3"": null, ""4"": null, ""5"": null, ""6"": null, ""7"": null}","{""0"": 0.0, ""1"": 0.0, ""2"": null, ""3"": null, ""4"": null, ""5"": null, ""6"": null, ""7"": null}","{""0"": 250, ""1"": 49}",49,1,1,0,0,0.307,car-not-detected-or-stale,KEEP_PAUSED,right,left,,3
1197,2026-08-01T22:39:30.499+09:00,133.762,1196,8.95,0,STOPPED_RED,,1,1,1,0.042188,UNKNOWN,UNKNOWN,0,0,0.000000,0.000000,0,751,green,0,unknown,0.000000,null,0.000000,0.316,,"{""0"": 250, ""1"": 50, ""2"": null, ""3"": null, ""4"": null, ""5"": null, ""6"": null, ""7"": null}","{""0"": 0.0, ""1"": 0.0, ""2"": null, ""3"": null, ""4"": null, ""5"": null, ""6"": null, ""7"": null}","{""0"": 250, ""1"": 50}",50,1,1,0,0,0.316,car-not-detected-or-stale,KEEP_PAUSED,right,left,,3
1198,2026-08-01T22:39:30.612+09:00,133.873,1197,8.95,0,STOPPED_RED,,1,1,1,0.042188,UNKNOWN,UNKNOWN,0,0,0.000000,0.000000,0,751,green,0,unknown,0.000000,null,0.000000,0.188,,"{""0"": 250, ""1"": 50, ""2"": null, ""3"": null, ""4"": null, ""5"": null, ""6"": null, ""7"": null}","{""0"": 0.0, ""1"": 0.0, ""2"": null, ""3"": null, ""4"": null, ""5"": null, ""6"": null, ""7"": null}","{""0"": 250, ""1"": 50}",50,1,1,0,0,0.188,car-not-detected-or-stale,KEEP_PAUSED,right,left,,3
1199,2026-08-01T22:39:30.717+09:00,133.979,1198,8.95,0,STOPPED_RED,,1,1,1,0.039609,UNKNOWN,UNKNOWN,0,0,0.000000,0.000000,0,750,green,0,unknown,0.000000,null,0.000000,0.291,,"{""0"": 250, ""1"": 50, ""2"": null, ""3"": null, ""4"": null, ""5"": null, ""6"": null, ""7"": null}","{""0"": 0.0, ""1"": 0.0, ""2"": null, ""3"": null, ""4"": null, ""5"": null, ""6"": null, ""7"": null}","{""0"": 250, ""1"": 50}",50,1,1,0,0,0.291,car-not-detected-or-stale,KEEP_PAUSED,right,left,,3
1200,2026-08-01T22:39:30.826+09:00,134.088,1199,8.95,0,STOPPED_RED,,1,1,1,0.039609,UNKNOWN,UNKNOWN,0,0,0.000000,0.000000,0,751,green,0,unknown,0.000000,null,0.000000,0.295,,"{""0"": 250, ""1"": 49, ""2"": null, ""3"": null, ""4"": null, ""5"": null, ""6"": null, ""7"": null}","{""0"": 0.0, ""1"": 0.0, ""2"": null, ""3"": null, ""4"": null, ""5"": null, ""6"": null, ""7"": null}","{""0"": 250, ""1"": 49}",49,1,1,0,0,0.295,car-not-detected-or-stale,KEEP_PAUSED,right,left,,3
1201,2026-08-01T22:39:30.942+09:00,134.204,1200,8.95,0,STOPPED_RED,,1,1,1,0.039609,UNKNOWN,UNKNOWN,0,0,0.000000,0.000000,0,751,green,0,unknown,0.000000,null,0.000000,0.192,,"{""0"": 250, ""1"": 49, ""2"": null, ""3"": null, ""4"": null, ""5"": null, ""6"": null, ""7"": null}","{""0"": 0.0, ""1"": 0.0, ""2"": null, ""3"": null, ""4"": null, ""5"": null, ""6"": null, ""7"": null}","{""0"": 250, ""1"": 49}",49,1,1,0,0,0.192,car-not-detected-or-stale,KEEP_PAUSED,right,left,,3
1202,2026-08-01T22:39:31.051+09:00,134.313,1201,8.95,0,STOPPED_RED,,1,1,1,0.039609,UNKNOWN,UNKNOWN,0,0,0.000000,0.000000,0,751,green,0,unknown,0.000000,null,0.000000,0.299,,"{""0"": 250, ""1"": 49, ""2"": null, ""3"": null, ""4"": null, ""5"": null, ""6"": null, ""7"": null}","{""0"": 0.0, ""1"": 0.0, ""2"": null, ""3"": null, ""4"": null, ""5"": null, ""6"": null, ""7"": null}","{""0"": 250, ""1"": 49}",49,1,1,0,0,0.299,car-not-detected-or-stale,KEEP_PAUSED,right,left,,3
1203,2026-08-01T22:39:31.148+09:00,134.411,1202,8.95,0,STOPPED_RED,,1,1,1,0.042188,UNKNOWN,UNKNOWN,0,0,0.000000,0.000000,0,751,green,0,unknown,0.000000,null,0.000000,0.289,,"{""0"": 250, ""1"": 49, ""2"": null, ""3"": null, ""4"": null, ""5"": null, ""6"": null, ""7"": null}","{""0"": 0.0, ""1"": 0.0, ""2"": null, ""3"": null, ""4"": null, ""5"": null, ""6"": null, ""7"": null}","{""0"": 250, ""1"": 49}",49,1,1,0,0,0.289,car-not-detected-or-stale,KEEP_PAUSED,right,left,,3
1204,2026-08-01T22:39:31.258+09:00,134.521,1203,8.95,0,STOPPED_RED,,1,1,1,0.042188,UNKNOWN,UNKNOWN,0,0,0.000000,0.000000,0,751,green,0,unknown,0.000000,null,0.000000,0.285,,"{""0"": 250, ""1"": 49, ""2"": null, ""3"": null, ""4"": null, ""5"": null, ""6"": null, ""7"": null}","{""0"": 0.0, ""1"": 0.0, ""2"": null, ""3"": null, ""4"": null, ""5"": null, ""6"": null, ""7"": null}","{""0"": 250, ""1"": 49}",49,1,1,0,0,0.285,car-not-detected-or-stale,KEEP_PAUSED,right,left,,3
1205,2026-08-01T22:39:31.369+09:00,134.631,1204,8.95,0,STOPPED_RED,,1,1,1,0.039609,UNKNOWN,UNKNOWN,0,0,0.000000,0.000000,0,751,green,0,unknown,0.000000,null,0.000000,0.394,,"{""0"": 250, ""1"": 49, ""2"": null, ""3"": null, ""4"": null, ""5"": null, ""6"": null, ""7"": null}","{""0"": 0.0, ""1"": 0.0, ""2"": null, ""3"": null, ""4"": null, ""5"": null, ""6"": null, ""7"": null}","{""0"": 250, ""1"": 49}",49,1,1,0,0,0.394,car-not-detected-or-stale,KEEP_PAUSED,right,left,,3
1206,2026-08-01T22:39:31.477+09:00,134.740,1205,8.95,0,STOPPED_RED,,1,1,1,0.042188,UNKNOWN,UNKNOWN,0,0,0.000000,0.000000,0,751,green,0,unknown,0.000000,null,0.000000,0.296,,"{""0"": 250, ""1"": 49, ""2"": null, ""3"": null, ""4"": null, ""5"": null, ""6"": null, ""7"": null}","{""0"": 0.0, ""1"": 0.0, ""2"": null, ""3"": null, ""4"": null, ""5"": null, ""6"": null, ""7"": null}","{""0"": 250, ""1"": 49}",49,1,1,0,0,0.296,car-not-detected-or-stale,KEEP_PAUSED,right,left,,3
1207,2026-08-01T22:39:31.594+09:00,134.856,1206,8.95,0,STOPPED_RED,,1,1,1,0.039062,UNKNOWN,UNKNOWN,0,0,0.000000,0.000000,0,752,green,0,unknown,0.000000,null,0.000000,0.191,,"{""0"": 250, ""1"": 49, ""2"": null, ""3"": null, ""4"": null, ""5"": null, ""6"": null, ""7"": null}","{""0"": 0.0, ""1"": 0.0, ""2"": null, ""3"": null, ""4"": null, ""5"": null, ""6"": null, ""7"": null}","{""0"": 250, ""1"": 49}",49,1,1,0,0,0.191,car-not-detected-or-stale,KEEP_PAUSED,right,left,,3
1208,2026-08-01T22:39:31.715+09:00,134.977,1207,8.95,0,STOPPED_RED,,1,1,1,0.039609,UNKNOWN,UNKNOWN,0,0,0.000000,0.000000,0,751,green,0,unknown,0.000000,null,0.000000,0.311,,"{""0"": 250, ""1"": 50, ""2"": null, ""3"": null, ""4"": null, ""5"": null, ""6"": null, ""7"": null}","{""0"": 0.0, ""1"": 0.0, ""2"": null, ""3"": null, ""4"": null, ""5"": null, ""6"": null, ""7"": null}","{""0"": 250, ""1"": 50}",50,1,1,0,0,0.311,car-not-detected-or-stale,KEEP_PAUSED,right,left,,3
1209,2026-08-01T22:39:31.825+09:00,135.087,1208,8.95,0,STOPPED_RED,,1,1,1,0.039062,UNKNOWN,UNKNOWN,0,0,0.000000,0.000000,0,752,green,0,unknown,0.000000,null,0.000000,0.314,,"{""0"": 250, ""1"": 49, ""2"": null, ""3"": null, ""4"": null, ""5"": null, ""6"": null, ""7"": null}","{""0"": 0.0, ""1"": 0.0, ""2"": null, ""3"": null, ""4"": null, ""5"": null, ""6"": null, ""7"": null}","{""0"": 250, ""1"": 49}",49,1,1,0,0,0.314,car-not-detected-or-stale,KEEP_PAUSED,right,left,,3
1210,2026-08-01T22:39:31.936+09:00,135.200,1209,8.95,0,STOPPED_RED,,1,1,1,0.039062,UNKNOWN,UNKNOWN,0,0,0.000000,0.000000,0,751,green,0,unknown,0.000000,null,0.000000,0.310,,"{""0"": 250, ""1"": 49, ""2"": null, ""3"": null, ""4"": null, ""5"": null, ""6"": null, ""7"": null}","{""0"": 0.0, ""1"": 0.0, ""2"": null, ""3"": null, ""4"": null, ""5"": null, ""6"": null, ""7"": null}","{""0"": 250, ""1"": 49}",49,1,1,0,0,0.310,car-not-detected-or-stale,KEEP_PAUSED,right,left,,3
1211,2026-08-01T22:39:32.049+09:00,135.312,1210,8.95,0,STOPPED_RED,,1,1,1,0.039062,UNKNOWN,UNKNOWN,0,0,0.000000,0.000000,0,751,green,0,unknown,0.000000,null,0.000000,0.420,,"{""0"": 250, ""1"": 50, ""2"": null, ""3"": null, ""4"": null, ""5"": null, ""6"": null, ""7"": null}","{""0"": 0.0, ""1"": 0.0, ""2"": null, ""3"": null, ""4"": null, ""5"": null, ""6"": null, ""7"": null}","{""0"": 250, ""1"": 50}",50,1,1,0,0,0.420,car-not-detected-or-stale,KEEP_PAUSED,right,left,,3
1212,2026-08-01T22:39:32.160+09:00,135.424,1211,8.95,0,STOPPED_RED,,1,1,1,0.039062,UNKNOWN,UNKNOWN,0,0,0.000000,0.000000,0,751,green,0,unknown,0.000000,null,0.000000,0.302,,"{""0"": 250, ""1"": 49, ""2"": null, ""3"": null, ""4"": null, ""5"": null, ""6"": null, ""7"": null}","{""0"": 0.0, ""1"": 0.0, ""2"": null, ""3"": null, ""4"": null, ""5"": null, ""6"": null, ""7"": null}","{""0"": 250, ""1"": 49}",49,1,1,0,0,0.302,car-not-detected-or-stale,KEEP_PAUSED,right,left,,3
1213,2026-08-01T22:39:32.277+09:00,135.537,1212,8.95,0,STOPPED_RED,,1,1,1,0.040156,UNKNOWN,UNKNOWN,0,0,0.000000,0.000000,0,751,green,0,unknown,0.000000,null,0.000000,0.304,,"{""0"": 250, ""1"": 50, ""2"": null, ""3"": null, ""4"": null, ""5"": null, ""6"": null, ""7"": null}","{""0"": 0.0, ""1"": 0.0, ""2"": null, ""3"": null, ""4"": null, ""5"": null, ""6"": null, ""7"": null}","{""0"": 250, ""1"": 50}",50,1,1,0,0,0.304,car-not-detected-or-stale,KEEP_PAUSED,right,left,,3
1214,2026-08-01T22:39:32.391+09:00,135.654,1213,8.95,0,STOPPED_RED,,1,1,1,0.039609,UNKNOWN,UNKNOWN,0,0,0.000000,0.000000,0,751,green,0,unknown,0.000000,null,0.000000,0.194,,"{""0"": 250, ""1"": 49, ""2"": null, ""3"": null, ""4"": null, ""5"": null, ""6"": null, ""7"": null}","{""0"": 0.0, ""1"": 0.0, ""2"": null, ""3"": null, ""4"": null, ""5"": null, ""6"": null, ""7"": null}","{""0"": 250, ""1"": 49}",49,1,1,0,0,0.194,car-not-detected-or-stale,KEEP_PAUSED,right,left,,3
1215,2026-08-01T22:39:32.504+09:00,135.767,1214,8.95,0,STOPPED_RED,,1,1,1,0.039609,UNKNOWN,UNKNOWN,0,0,0.000000,0.000000,0,751,green,0,unknown,0.000000,null,0.000000,0.307,,"{""0"": 250, ""1"": 49, ""2"": null, ""3"": null, ""4"": null, ""5"": null, ""6"": null, ""7"": null}","{""0"": 0.0, ""1"": 0.0, ""2"": null, ""3"": null, ""4"": null, ""5"": null, ""6"": null, ""7"": null}","{""0"": 250, ""1"": 49}",49,1,1,0,0,0.307,car-not-detected-or-stale,KEEP_PAUSED,right,left,,3
1216,2026-08-01T22:39:32.611+09:00,135.875,1215,8.95,0,STOPPED_RED,,1,1,1,0.039062,UNKNOWN,UNKNOWN,0,0,0.000000,0.000000,0,751,green,0,unknown,0.000000,null,0.000000,0.301,,"{""0"": 250, ""1"": 49, ""2"": null, ""3"": null, ""4"": null, ""5"": null, ""6"": null, ""7"": null}","{""0"": 0.0, ""1"": 0.0, ""2"": null, ""3"": null, ""4"": null, ""5"": null, ""6"": null, ""7"": null}","{""0"": 250, ""1"": 49}",49,1,1,0,0,0.301,car-not-detected-or-stale,KEEP_PAUSED,right,left,,3
1217,2026-08-01T22:39:32.723+09:00,135.986,1216,8.95,0,STOPPED_RED,,1,1,1,0.039062,UNKNOWN,UNKNOWN,0,0,0.000000,0.000000,0,750,green,0,unknown,0.000000,null,0.000000,0.188,,"{""0"": 250, ""1"": 49, ""2"": null, ""3"": null, ""4"": null, ""5"": null, ""6"": null, ""7"": null}","{""0"": 0.0, ""1"": 0.0, ""2"": null, ""3"": null, ""4"": null, ""5"": null, ""6"": null, ""7"": null}","{""0"": 250, ""1"": 49}",49,1,1,0,0,0.188,car-not-detected-or-stale,KEEP_PAUSED,right,left,,3
1218,2026-08-01T22:39:32.840+09:00,136.103,1217,8.95,0,STOPPED_RED,,1,1,1,0.039609,UNKNOWN,UNKNOWN,0,0,0.000000,0.000000,0,750,green,0,unknown,0.000000,null,0.000000,0.301,,"{""0"": 250, ""1"": 49, ""2"": null, ""3"": null, ""4"": null, ""5"": null, ""6"": null, ""7"": null}","{""0"": 0.0, ""1"": 0.0, ""2"": null, ""3"": null, ""4"": null, ""5"": null, ""6"": null, ""7"": null}","{""0"": 250, ""1"": 49}",49,1,1,0,0,0.301,car-not-detected-or-stale,KEEP_PAUSED,right,left,,3
1219,2026-08-01T22:39:32.953+09:00,136.216,1218,8.95,0,STOPPED_RED,,1,1,1,0.039609,UNKNOWN,UNKNOWN,0,0,0.000000,0.000000,0,752,green,0,unknown,0.000000,null,0.000000,0.308,,"{""0"": 250, ""1"": 49, ""2"": null, ""3"": null, ""4"": null, ""5"": null, ""6"": null, ""7"": null}","{""0"": 0.0, ""1"": 0.0, ""2"": null, ""3"": null, ""4"": null, ""5"": null, ""6"": null, ""7"": null}","{""0"": 250, ""1"": 49}",49,1,1,0,0,0.308,car-not-detected-or-stale,KEEP_PAUSED,right,left,,3
1220,2026-08-01T22:39:33.066+09:00,136.329,1219,8.95,0,STOPPED_RED,,1,1,1,0.039609,UNKNOWN,UNKNOWN,0,0,0.000000,0.000000,0,750,green,0,unknown,0.000000,null,0.000000,0.310,,"{""0"": 250, ""1"": 49, ""2"": null, ""3"": null, ""4"": null, ""5"": null, ""6"": null, ""7"": null}","{""0"": 0.0, ""1"": 0.0, ""2"": null, ""3"": null, ""4"": null, ""5"": null, ""6"": null, ""7"": null}","{""0"": 250, ""1"": 49}",49,1,1,0,0,0.310,car-not-detected-or-stale,KEEP_PAUSED,right,left,,3
1221,2026-08-01T22:39:33.190+09:00,136.453,1220,8.95,0,STOPPED_RED,,1,1,1,0.042188,UNKNOWN,UNKNOWN,0,0,0.000000,0.000000,0,751,green,0,unknown,0.000000,null,0.000000,0.202,,"{""0"": 250, ""1"": 49, ""2"": null, ""3"": null, ""4"": null, ""5"": null, ""6"": null, ""7"": null}","{""0"": 0.0, ""1"": 0.0, ""2"": null, ""3"": null, ""4"": null, ""5"": null, ""6"": null, ""7"": null}","{""0"": 250, ""1"": 49}",49,1,1,0,0,0.202,car-not-detected-or-stale,KEEP_PAUSED,right,left,,3
1222,2026-08-01T22:39:33.308+09:00,136.567,1221,8.95,0,STOPPED_RED,,1,1,1,0.041641,UNKNOWN,UNKNOWN,0,0,0.000000,0.000000,0,751,green,0,unknown,0.000000,null,0.000000,0.315,,"{""0"": 250, ""1"": 49, ""2"": null, ""3"": null, ""4"": null, ""5"": null, ""6"": null, ""7"": null}","{""0"": 0.0, ""1"": 0.0, ""2"": null, ""3"": null, ""4"": null, ""5"": null, ""6"": null, ""7"": null}","{""0"": 250, ""1"": 49}",49,1,1,0,0,0.315,car-not-detected-or-stale,KEEP_PAUSED,right,left,,3
1223,2026-08-01T22:39:33.411+09:00,136.674,1222,8.95,0,STOPPED_RED,,1,1,1,0.039609,UNKNOWN,UNKNOWN,0,0,0.000000,0.000000,0,752,green,0,unknown,0.000000,null,0.000000,0.314,,"{""0"": 250, ""1"": 49, ""2"": null, ""3"": null, ""4"": null, ""5"": null, ""6"": null, ""7"": null}","{""0"": 0.0, ""1"": 0.0, ""2"": null, ""3"": null, ""4"": null, ""5"": null, ""6"": null, ""7"": null}","{""0"": 250, ""1"": 49}",49,1,1,0,0,0.314,car-not-detected-or-stale,KEEP_PAUSED,right,left,,3
1224,2026-08-01T22:39:33.526+09:00,136.789,1223,8.95,0,STOPPED_RED,,1,1,1,0.039062,UNKNOWN,UNKNOWN,0,0,0.000000,0.000000,0,752,green,0,unknown,0.000000,null,0.000000,0.185,,"{""0"": 250, ""1"": 49, ""2"": null, ""3"": null, ""4"": null, ""5"": null, ""6"": null, ""7"": null}","{""0"": 0.0, ""1"": 0.0, ""2"": null, ""3"": null, ""4"": null, ""5"": null, ""6"": null, ""7"": null}","{""0"": 250, ""1"": 49}",49,1,1,0,0,0.185,car-not-detected-or-stale,KEEP_PAUSED,right,left,,3
1225,2026-08-01T22:39:33.639+09:00,136.900,1224,8.95,0,STOPPED_RED,,1,1,1,0.039609,UNKNOWN,UNKNOWN,0,0,0.000000,0.000000,0,751,green,0,unknown,0.000000,null,0.000000,0.296,,"{""0"": 250, ""1"": 49, ""2"": null, ""3"": null, ""4"": null, ""5"": null, ""6"": null, ""7"": null}","{""0"": 0.0, ""1"": 0.0, ""2"": null, ""3"": null, ""4"": null, ""5"": null, ""6"": null, ""7"": null}","{""0"": 250, ""1"": 49}",49,1,1,0,0,0.296,car-not-detected-or-stale,KEEP_PAUSED,right,left,,3
1226,2026-08-01T22:39:33.747+09:00,137.011,1225,8.95,0,STOPPED_RED,,1,1,1,0.042188,UNKNOWN,UNKNOWN,0,0,0.000000,0.000000,0,751,green,0,unknown,0.000000,null,0.000000,0.305,,"{""0"": 250, ""1"": 49, ""2"": null, ""3"": null, ""4"": null, ""5"": null, ""6"": null, ""7"": null}","{""0"": 0.0, ""1"": 0.0, ""2"": null, ""3"": null, ""4"": null, ""5"": null, ""6"": null, ""7"": null}","{""0"": 250, ""1"": 49}",49,1,1,0,0,0.305,car-not-detected-or-stale,KEEP_PAUSED,right,left,,3
1227,2026-08-01T22:39:33.857+09:00,137.121,1226,8.95,0,STOPPED_RED,,1,1,1,0.039609,UNKNOWN,UNKNOWN,0,0,0.000000,0.000000,0,750,green,0,unknown,0.000000,null,0.000000,0.187,,"{""0"": 250, ""1"": 49, ""2"": null, ""3"": null, ""4"": null, ""5"": null, ""6"": null, ""7"": null}","{""0"": 0.0, ""1"": 0.0, ""2"": null, ""3"": null, ""4"": null, ""5"": null, ""6"": null, ""7"": null}","{""0"": 250, ""1"": 49}",49,1,1,0,0,0.187,car-not-detected-or-stale,KEEP_PAUSED,right,left,,3
1228,2026-08-01T22:39:33.969+09:00,137.231,1227,8.95,0,STOPPED_RED,,1,1,1,0.039609,UNKNOWN,UNKNOWN,0,0,0.000000,0.000000,0,751,green,0,unknown,0.000000,null,0.000000,0.294,,"{""0"": 250, ""1"": 49, ""2"": null, ""3"": null, ""4"": null, ""5"": null, ""6"": null, ""7"": null}","{""0"": 0.0, ""1"": 0.0, ""2"": null, ""3"": null, ""4"": null, ""5"": null, ""6"": null, ""7"": null}","{""0"": 250, ""1"": 49}",49,1,1,0,0,0.294,car-not-detected-or-stale,KEEP_PAUSED,right,left,,3
1229,2026-08-01T22:39:34.080+09:00,137.341,1228,8.95,0,STOPPED_RED,,1,1,1,0.039062,UNKNOWN,UNKNOWN,0,0,0.000000,0.000000,0,751,green,0,unknown,0.000000,null,0.000000,0.298,,"{""0"": 250, ""1"": 49, ""2"": null, ""3"": null, ""4"": null, ""5"": null, ""6"": null, ""7"": null}","{""0"": 0.0, ""1"": 0.0, ""2"": null, ""3"": null, ""4"": null, ""5"": null, ""6"": null, ""7"": null}","{""0"": 250, ""1"": 49}",49,1,1,0,0,0.298,car-not-detected-or-stale,KEEP_PAUSED,right,left,,3
1230,2026-08-01T22:39:34.199+09:00,137.462,1229,8.95,0,STOPPED_RED,,1,1,1,0.039062,UNKNOWN,UNKNOWN,0,0,0.000000,0.000000,0,751,green,0,unknown,0.000000,null,0.000000,0.311,,"{""0"": 250, ""1"": 50, ""2"": null, ""3"": null, ""4"": null, ""5"": null, ""6"": null, ""7"": null}","{""0"": 0.0, ""1"": 0.0, ""2"": null, ""3"": null, ""4"": null, ""5"": null, ""6"": null, ""7"": null}","{""0"": 250, ""1"": 50}",50,1,1,0,0,0.311,car-not-detected-or-stale,KEEP_PAUSED,right,left,,3
1231,2026-08-01T22:39:34.317+09:00,137.579,1230,8.95,0,STOPPED_RED,,1,1,1,0.039062,UNKNOWN,UNKNOWN,0,0,0.000000,0.000000,0,751,green,0,unknown,0.000000,null,0.000000,0.204,,"{""0"": 250, ""1"": 50, ""2"": null, ""3"": null, ""4"": null, ""5"": null, ""6"": null, ""7"": null}","{""0"": 0.0, ""1"": 0.0, ""2"": null, ""3"": null, ""4"": null, ""5"": null, ""6"": null, ""7"": null}","{""0"": 250, ""1"": 50}",50,1,1,0,0,0.204,car-not-detected-or-stale,KEEP_PAUSED,right,left,,3
1232,2026-08-01T22:39:34.419+09:00,137.682,1231,8.95,0,STOPPED_RED,,1,1,1,0.039609,UNKNOWN,UNKNOWN,0,0,0.000000,0.000000,0,751,green,0,unknown,0.000000,null,0.000000,0.304,,"{""0"": 250, ""1"": 50, ""2"": null, ""3"": null, ""4"": null, ""5"": null, ""6"": null, ""7"": null}","{""0"": 0.0, ""1"": 0.0, ""2"": null, ""3"": null, ""4"": null, ""5"": null, ""6"": null, ""7"": null}","{""0"": 250, ""1"": 50}",50,1,1,0,0,0.304,car-not-detected-or-stale,KEEP_PAUSED,right,left,,3
1233,2026-08-01T22:39:34.524+09:00,137.788,1232,8.95,0,STOPPED_RED,,1,1,1,0.039609,UNKNOWN,UNKNOWN,0,0,0.000000,0.000000,0,751,green,0,unknown,0.000000,null,0.000000,0.293,,"{""0"": 250, ""1"": 50, ""2"": null, ""3"": null, ""4"": null, ""5"": null, ""6"": null, ""7"": null}","{""0"": 0.0, ""1"": 0.0, ""2"": null, ""3"": null, ""4"": null, ""5"": null, ""6"": null, ""7"": null}","{""0"": 250, ""1"": 50}",50,1,1,0,0,0.293,car-not-detected-or-stale,KEEP_PAUSED,right,left,,3
1234,2026-08-01T22:39:34.637+09:00,137.900,1233,8.95,0,STOPPED_RED,,1,1,1,0.039609,UNKNOWN,UNKNOWN,0,0,0.000000,0.000000,0,751,green,0,unknown,0.000000,null,0.000000,0.185,,"{""0"": 250, ""1"": 49, ""2"": null, ""3"": null, ""4"": null, ""5"": null, ""6"": null, ""7"": null}","{""0"": 0.0, ""1"": 0.0, ""2"": null, ""3"": null, ""4"": null, ""5"": null, ""6"": null, ""7"": null}","{""0"": 250, ""1"": 49}",49,1,1,0,0,0.185,car-not-detected-or-stale,KEEP_PAUSED,right,left,,3
1235,2026-08-01T22:39:34.743+09:00,138.006,1234,8.95,0,STOPPED_RED,,1,1,1,0.039062,UNKNOWN,UNKNOWN,0,0,0.000000,0.000000,0,751,green,0,unknown,0.000000,null,0.000000,0.289,,"{""0"": 250, ""1"": 49, ""2"": null, ""3"": null, ""4"": null, ""5"": null, ""6"": null, ""7"": null}","{""0"": 0.0, ""1"": 0.0, ""2"": null, ""3"": null, ""4"": null, ""5"": null, ""6"": null, ""7"": null}","{""0"": 250, ""1"": 49}",49,1,1,0,0,0.289,car-not-detected-or-stale,KEEP_PAUSED,right,left,,3
1236,2026-08-01T22:39:34.843+09:00,138.106,1235,8.95,0,STOPPED_RED,,1,1,1,0.039062,UNKNOWN,UNKNOWN,0,0,0.000000,0.000000,0,751,green,0,unknown,0.000000,null,0.000000,0.288,,"{""0"": 250, ""1"": 49, ""2"": null, ""3"": null, ""4"": null, ""5"": null, ""6"": null, ""7"": null}","{""0"": 0.0, ""1"": 0.0, ""2"": null, ""3"": null, ""4"": null, ""5"": null, ""6"": null, ""7"": null}","{""0"": 250, ""1"": 49}",49,1,1,0,0,0.288,car-not-detected-or-stale,KEEP_PAUSED,right,left,,3
1237,2026-08-01T22:39:34.954+09:00,138.216,1236,8.95,0,STOPPED_RED,,1,1,1,0.041641,UNKNOWN,UNKNOWN,0,0,0.000000,0.000000,0,751,green,0,unknown,0.000000,null,0.000000,0.175,,"{""0"": 250, ""1"": 49, ""2"": null, ""3"": null, ""4"": null, ""5"": null, ""6"": null, ""7"": null}","{""0"": 0.0, ""1"": 0.0, ""2"": null, ""3"": null, ""4"": null, ""5"": null, ""6"": null, ""7"": null}","{""0"": 250, ""1"": 49}",49,1,1,0,0,0.175,car-not-detected-or-stale,KEEP_PAUSED,right,left,,3
1238,2026-08-01T22:39:35.061+09:00,138.322,1237,8.95,0,STOPPED_RED,,1,1,1,0.039609,UNKNOWN,UNKNOWN,0,0,0.000000,0.000000,0,751,green,0,unknown,0.000000,null,0.000000,0.282,,"{""0"": 250, ""1"": 49, ""2"": null, ""3"": null, ""4"": null, ""5"": null, ""6"": null, ""7"": null}","{""0"": 0.0, ""1"": 0.0, ""2"": null, ""3"": null, ""4"": null, ""5"": null, ""6"": null, ""7"": null}","{""0"": 250, ""1"": 49}",49,1,1,0,0,0.282,car-not-detected-or-stale,KEEP_PAUSED,right,left,,3
1239,2026-08-01T22:39:35.185+09:00,138.445,1238,8.95,0,STOPPED_RED,,1,1,1,0.041641,UNKNOWN,UNKNOWN,0,0,0.000000,0.000000,0,751,green,0,unknown,0.000000,null,0.000000,0.307,,"{""0"": 250, ""1"": 49, ""2"": null, ""3"": null, ""4"": null, ""5"": null, ""6"": null, ""7"": null}","{""0"": 0.0, ""1"": 0.0, ""2"": null, ""3"": null, ""4"": null, ""5"": null, ""6"": null, ""7"": null}","{""0"": 250, ""1"": 49}",49,1,1,0,0,0.307,car-not-detected-or-stale,KEEP_PAUSED,right,left,,3
1240,2026-08-01T22:39:35.308+09:00,138.569,1239,8.95,0,STOPPED_RED,,1,1,1,0.039609,UNKNOWN,UNKNOWN,0,0,0.000000,0.000000,0,751,green,0,unknown,0.000000,null,0.000000,0.209,,"{""0"": 250, ""1"": 49, ""2"": null, ""3"": null, ""4"": null, ""5"": null, ""6"": null, ""7"": null}","{""0"": 0.0, ""1"": 0.0, ""2"": null, ""3"": null, ""4"": null, ""5"": null, ""6"": null, ""7"": null}","{""0"": 250, ""1"": 49}",49,1,1,0,0,0.209,car-not-detected-or-stale,KEEP_PAUSED,right,left,,3
1241,2026-08-01T22:39:35.430+09:00,138.691,1240,8.95,0,STOPPED_RED,,1,1,1,0.039609,UNKNOWN,UNKNOWN,0,0,0.000000,0.000000,0,751,green,0,unknown,0.000000,null,0.000000,0.331,,"{""0"": 250, ""1"": 49, ""2"": null, ""3"": null, ""4"": null, ""5"": null, ""6"": null, ""7"": null}","{""0"": 0.0, ""1"": 0.0, ""2"": null, ""3"": null, ""4"": null, ""5"": null, ""6"": null, ""7"": null}","{""0"": 250, ""1"": 49}",49,1,1,0,0,0.331,car-not-detected-or-stale,KEEP_PAUSED,right,left,,3
1242,2026-08-01T22:39:35.547+09:00,138.807,1241,8.95,0,STOPPED_RED,,1,1,1,0.039062,UNKNOWN,UNKNOWN,0,0,0.000000,0.000000,0,751,green,0,unknown,0.000000,null,0.000000,0.323,,"{""0"": 250, ""1"": 50, ""2"": null, ""3"": null, ""4"": null, ""5"": null, ""6"": null, ""7"": null}","{""0"": 0.0, ""1"": 0.0, ""2"": null, ""3"": null, ""4"": null, ""5"": null, ""6"": null, ""7"": null}","{""0"": 250, ""1"": 50}",50,1,1,0,0,0.323,car-not-detected-or-stale,KEEP_PAUSED,right,left,,3
1243,2026-08-01T22:39:35.665+09:00,138.928,1242,8.95,0,STOPPED_RED,,1,1,1,0.039609,UNKNOWN,UNKNOWN,0,0,0.000000,0.000000,0,751,green,0,unknown,0.000000,null,0.000000,0.323,,"{""0"": 250, ""1"": 50, ""2"": null, ""3"": null, ""4"": null, ""5"": null, ""6"": null, ""7"": null}","{""0"": 0.0, ""1"": 0.0, ""2"": null, ""3"": null, ""4"": null, ""5"": null, ""6"": null, ""7"": null}","{""0"": 250, ""1"": 50}",50,1,1,0,0,0.323,car-not-detected-or-stale,KEEP_PAUSED,right,left,,3
1244,2026-08-01T22:39:35.780+09:00,139.044,1243,8.95,0,STOPPED_RED,,1,1,1,0.039609,UNKNOWN,UNKNOWN,0,0,0.000000,0.000000,0,751,green,0,unknown,0.000000,null,0.000000,0.200,,"{""0"": 250, ""1"": 49, ""2"": null, ""3"": null, ""4"": null, ""5"": null, ""6"": null, ""7"": null}","{""0"": 0.0, ""1"": 0.0, ""2"": null, ""3"": null, ""4"": null, ""5"": null, ""6"": null, ""7"": null}","{""0"": 250, ""1"": 49}",49,1,1,0,0,0.200,car-not-detected-or-stale,KEEP_PAUSED,right,left,,3
1245,2026-08-01T22:39:35.907+09:00,139.167,1244,8.95,0,STOPPED_RED,,1,1,1,0.039062,UNKNOWN,UNKNOWN,0,0,0.000000,0.000000,0,751,green,0,unknown,0.000000,null,0.000000,0.321,,"{""0"": 250, ""1"": 50, ""2"": null, ""3"": null, ""4"": null, ""5"": null, ""6"": null, ""7"": null}","{""0"": 0.0, ""1"": 0.0, ""2"": null, ""3"": null, ""4"": null, ""5"": null, ""6"": null, ""7"": null}","{""0"": 250, ""1"": 50}",50,1,1,0,0,0.321,car-not-detected-or-stale,KEEP_PAUSED,right,left,,3
1246,2026-08-01T22:39:36.027+09:00,139.286,1245,8.95,0,STOPPED_RED,,1,1,1,0.042188,UNKNOWN,UNKNOWN,0,0,0.000000,0.000000,0,750,green,0,unknown,0.000000,null,0.000000,0.323,,"{""0"": 250, ""1"": 50, ""2"": null, ""3"": null, ""4"": null, ""5"": null, ""6"": null, ""7"": null}","{""0"": 0.0, ""1"": 0.0, ""2"": null, ""3"": null, ""4"": null, ""5"": null, ""6"": null, ""7"": null}","{""0"": 250, ""1"": 50}",50,1,1,0,0,0.323,car-not-detected-or-stale,KEEP_PAUSED,right,left,,3
1247,2026-08-01T22:39:36.132+09:00,139.396,1246,8.95,0,STOPPED_RED,,1,1,1,0.039062,UNKNOWN,UNKNOWN,0,0,0.000000,0.000000,0,752,green,0,unknown,0.000000,null,0.000000,0.320,,"{""0"": 250, ""1"": 50, ""2"": null, ""3"": null, ""4"": null, ""5"": null, ""6"": null, ""7"": null}","{""0"": 0.0, ""1"": 0.0, ""2"": null, ""3"": null, ""4"": null, ""5"": null, ""6"": null, ""7"": null}","{""0"": 250, ""1"": 50}",50,1,1,0,0,0.320,car-not-detected-or-stale,KEEP_PAUSED,right,left,,3
1248,2026-08-01T22:39:36.251+09:00,139.512,1247,8.95,0,STOPPED_RED,,1,1,1,0.042188,UNKNOWN,UNKNOWN,0,0,0.000000,0.000000,0,751,green,0,unknown,0.000000,null,0.000000,0.185,,"{""0"": 250, ""1"": 50, ""2"": null, ""3"": null, ""4"": null, ""5"": null, ""6"": null, ""7"": null}","{""0"": 0.0, ""1"": 0.0, ""2"": null, ""3"": null, ""4"": null, ""5"": null, ""6"": null, ""7"": null}","{""0"": 250, ""1"": 50}",50,1,1,0,0,0.185,car-not-detected-or-stale,KEEP_PAUSED,right,left,,3
1249,2026-08-01T22:39:36.363+09:00,139.626,1248,8.95,0,STOPPED_RED,,1,1,1,0.040156,UNKNOWN,UNKNOWN,0,0,0.000000,0.000000,0,751,green,0,unknown,0.000000,null,0.000000,0.302,,"{""0"": 250, ""1"": 50, ""2"": null, ""3"": null, ""4"": null, ""5"": null, ""6"": null, ""7"": null}","{""0"": 0.0, ""1"": 0.0, ""2"": null, ""3"": null, ""4"": null, ""5"": null, ""6"": null, ""7"": null}","{""0"": 250, ""1"": 50}",50,1,1,0,0,0.302,car-not-detected-or-stale,KEEP_PAUSED,right,left,,3
1250,2026-08-01T22:39:36.475+09:00,139.737,1249,8.95,0,STOPPED_RED,,1,1,1,0.042188,UNKNOWN,UNKNOWN,0,0,0.000000,0.000000,0,751,green,0,unknown,0.000000,null,0.000000,0.309,,"{""0"": 250, ""1"": 49, ""2"": null, ""3"": null, ""4"": null, ""5"": null, ""6"": null, ""7"": null}","{""0"": 0.0, ""1"": 0.0, ""2"": null, ""3"": null, ""4"": null, ""5"": null, ""6"": null, ""7"": null}","{""0"": 250, ""1"": 49}",49,1,1,0,0,0.309,car-not-detected-or-stale,KEEP_PAUSED,right,left,,3
1251,2026-08-01T22:39:36.588+09:00,139.849,1250,8.95,0,STOPPED_RED,,1,1,1,0.039609,UNKNOWN,UNKNOWN,0,0,0.000000,0.000000,0,752,green,0,unknown,0.000000,null,0.000000,0.302,,"{""0"": 250, ""1"": 49, ""2"": null, ""3"": null, ""4"": null, ""5"": null, ""6"": null, ""7"": null}","{""0"": 0.0, ""1"": 0.0, ""2"": null, ""3"": null, ""4"": null, ""5"": null, ""6"": null, ""7"": null}","{""0"": 250, ""1"": 49}",49,1,1,0,0,0.302,car-not-detected-or-stale,KEEP_PAUSED,right,left,,3
1252,2026-08-01T22:39:36.698+09:00,139.961,1251,8.95,0,STOPPED_RED,,1,1,1,0.039062,UNKNOWN,UNKNOWN,0,0,0.000000,0.000000,0,751,green,0,unknown,0.000000,null,0.000000,0.413,,"{""0"": 250, ""1"": 49, ""2"": null, ""3"": null, ""4"": null, ""5"": null, ""6"": null, ""7"": null}","{""0"": 0.0, ""1"": 0.0, ""2"": null, ""3"": null, ""4"": null, ""5"": null, ""6"": null, ""7"": null}","{""0"": 250, ""1"": 49}",49,1,1,0,0,0.413,car-not-detected-or-stale,KEEP_PAUSED,right,left,,3
1253,2026-08-01T22:39:36.813+09:00,140.075,1252,8.95,0,STOPPED_RED,,1,1,1,0.042188,UNKNOWN,UNKNOWN,0,0,0.000000,0.000000,0,751,green,0,unknown,0.000000,null,0.000000,0.303,,"{""0"": 250, ""1"": 50, ""2"": null, ""3"": null, ""4"": null, ""5"": null, ""6"": null, ""7"": null}","{""0"": 0.0, ""1"": 0.0, ""2"": null, ""3"": null, ""4"": null, ""5"": null, ""6"": null, ""7"": null}","{""0"": 250, ""1"": 50}",50,1,1,0,0,0.303,car-not-detected-or-stale,KEEP_PAUSED,right,left,,3
1254,2026-08-01T22:39:36.929+09:00,140.192,1253,8.95,0,STOPPED_RED,,1,1,1,0.042188,UNKNOWN,UNKNOWN,0,0,0.000000,0.000000,0,751,green,0,unknown,0.000000,null,0.000000,0.307,,"{""0"": 250, ""1"": 49, ""2"": null, ""3"": null, ""4"": null, ""5"": null, ""6"": null, ""7"": null}","{""0"": 0.0, ""1"": 0.0, ""2"": null, ""3"": null, ""4"": null, ""5"": null, ""6"": null, ""7"": null}","{""0"": 250, ""1"": 49}",49,1,1,0,0,0.307,car-not-detected-or-stale,KEEP_PAUSED,right,left,,3
1255,2026-08-01T22:39:37.040+09:00,140.303,1254,8.95,0,STOPPED_RED,,1,1,1,0.039062,UNKNOWN,UNKNOWN,0,0,0.000000,0.000000,0,751,green,0,unknown,0.000000,null,0.000000,0.193,,"{""0"": 250, ""1"": 49, ""2"": null, ""3"": null, ""4"": null, ""5"": null, ""6"": null, ""7"": null}","{""0"": 0.0, ""1"": 0.0, ""2"": null, ""3"": null, ""4"": null, ""5"": null, ""6"": null, ""7"": null}","{""0"": 250, ""1"": 49}",49,1,1,0,0,0.193,car-not-detected-or-stale,KEEP_PAUSED,right,left,,3
1256,2026-08-01T22:39:37.157+09:00,140.417,1255,8.95,0,STOPPED_RED,,1,1,1,0.039609,UNKNOWN,UNKNOWN,0,0,0.000000,0.000000,0,751,green,0,unknown,0.000000,null,0.000000,0.305,,"{""0"": 250, ""1"": 49, ""2"": null, ""3"": null, ""4"": null, ""5"": null, ""6"": null, ""7"": null}","{""0"": 0.0, ""1"": 0.0, ""2"": null, ""3"": null, ""4"": null, ""5"": null, ""6"": null, ""7"": null}","{""0"": 250, ""1"": 49}",49,1,1,0,0,0.305,car-not-detected-or-stale,KEEP_PAUSED,right,left,,3
1257,2026-08-01T22:39:37.270+09:00,140.530,1256,8.95,0,STOPPED_RED,,1,1,1,0.039609,UNKNOWN,UNKNOWN,0,0,0.000000,0.000000,0,751,green,0,unknown,0.000000,null,0.000000,0.305,,"{""0"": 250, ""1"": 50, ""2"": null, ""3"": null, ""4"": null, ""5"": null, ""6"": null, ""7"": null}","{""0"": 0.0, ""1"": 0.0, ""2"": null, ""3"": null, ""4"": null, ""5"": null, ""6"": null, ""7"": null}","{""0"": 250, ""1"": 50}",50,1,1,0,0,0.305,car-not-detected-or-stale,KEEP_PAUSED,right,left,,3
1258,2026-08-01T22:39:37.392+09:00,140.652,1257,8.94,0,STOPPED_RED,,1,1,1,0.039609,UNKNOWN,UNKNOWN,0,0,0.000000,0.000000,0,750,green,0,unknown,0.000000,null,0.000000,0.317,,"{""0"": 250, ""1"": 50, ""2"": null, ""3"": null, ""4"": null, ""5"": null, ""6"": null, ""7"": null}","{""0"": 0.0, ""1"": 0.0, ""2"": null, ""3"": null, ""4"": null, ""5"": null, ""6"": null, ""7"": null}","{""0"": 250, ""1"": 50}",50,1,1,0,0,0.317,car-not-detected-or-stale,KEEP_PAUSED,right,left,,3
1259,2026-08-01T22:39:37.515+09:00,140.776,1258,8.94,0,STOPPED_RED,,1,1,1,0.039062,UNKNOWN,UNKNOWN,0,0,0.000000,0.000000,0,750,green,0,unknown,0.000000,null,0.000000,0.440,,"{""0"": 250, ""1"": 49, ""2"": null, ""3"": null, ""4"": null, ""5"": null, ""6"": null, ""7"": null}","{""0"": 0.0, ""1"": 0.0, ""2"": null, ""3"": null, ""4"": null, ""5"": null, ""6"": null, ""7"": null}","{""0"": 250, ""1"": 49}",49,1,1,0,0,0.440,car-not-detected-or-stale,KEEP_PAUSED,right,left,,3
1260,2026-08-01T22:39:37.635+09:00,140.897,1259,8.94,0,STOPPED_RED,,1,1,1,0.039062,UNKNOWN,UNKNOWN,0,0,0.000000,0.000000,0,750,green,0,unknown,0.000000,null,0.000000,0.329,,"{""0"": 250, ""1"": 50, ""2"": null, ""3"": null, ""4"": null, ""5"": null, ""6"": null, ""7"": null}","{""0"": 0.0, ""1"": 0.0, ""2"": null, ""3"": null, ""4"": null, ""5"": null, ""6"": null, ""7"": null}","{""0"": 250, ""1"": 50}",50,1,1,0,0,0.329,car-not-detected-or-stale,KEEP_PAUSED,right,left,,3
1261,2026-08-01T22:39:37.749+09:00,141.013,1260,8.94,0,STOPPED_RED,,1,1,1,0.039062,UNKNOWN,UNKNOWN,0,0,0.000000,0.000000,0,750,green,0,unknown,0.000000,null,0.000000,0.324,,"{""0"": 250, ""1"": 49, ""2"": null, ""3"": null, ""4"": null, ""5"": null, ""6"": null, ""7"": null}","{""0"": 0.0, ""1"": 0.0, ""2"": null, ""3"": null, ""4"": null, ""5"": null, ""6"": null, ""7"": null}","{""0"": 250, ""1"": 49}",49,1,1,0,0,0.324,car-not-detected-or-stale,KEEP_PAUSED,right,left,,3
1262,2026-08-01T22:39:37.870+09:00,141.132,1261,8.94,0,STOPPED_RED,,1,1,1,0.039062,UNKNOWN,UNKNOWN,0,0,0.000000,0.000000,0,751,green,0,unknown,0.000000,null,0.000000,0.199,,"{""0"": 250, ""1"": 50, ""2"": null, ""3"": null, ""4"": null, ""5"": null, ""6"": null, ""7"": null}","{""0"": 0.0, ""1"": 0.0, ""2"": null, ""3"": null, ""4"": null, ""5"": null, ""6"": null, ""7"": null}","{""0"": 250, ""1"": 50}",50,1,1,0,0,0.199,car-not-detected-or-stale,KEEP_PAUSED,right,left,,3
