frame_index,wall_time,elapsed_s,video_frame_index,fps,running,vehicle_state,event,stop_condition,lane_found,traffic_mission_enabled,signal_stop_latched,avoidance_blocked_by_signal,stop_line_detected,lane_error,solid_filter_angle_deg,solid_filter_kept_pixels,solid_filter_rejected_pixels,raw_steer,final_steer,final_speed,steering_pot,traffic_signal,car_detected,car_label,car_confidence,car_bbox,car_area_ratio,car_result_age_s,car_model_fault,ultrasonic_json,ultrasonic_age_json,front_sensor_values,front_distance_cm,sensor_ok,ultrasonic_close,fusion_confirmed,fusion_hits,fusion_skew_s,fusion_reason,obstacle_phase,dash_side,solid_side,locked_dash_side,lost_frames
1,2026-08-02T01:59:18.150+09:00,0.225,0,4.92,0,DRIVING,state:None->DRIVING;phase:None->KEEP_PAUSED,0,1,1,0,0,0,0.052658,0.487,7394,45,-0.094784,-0.094784,0,749,unknown,0,unknown,0.000000,null,0.000000,0.202,,"{""0"": 250, ""1"": 250, ""2"": null, ""3"": null, ""4"": null, ""5"": null, ""6"": null, ""7"": null}","{""0"": 0.0, ""1"": 0.0, ""2"": null, ""3"": null, ""4"": null, ""5"": null, ""6"": null, ""7"": null}","{""0"": 250, ""1"": 250}",250,1,0,0,0,0.202,ultrasonic-not-close,KEEP_PAUSED,right,left,,0
2,2026-08-02T01:59:18.317+09:00,0.399,1,5.31,0,DRIVING,,0,1,1,0,0,0,0.152718,-0.251,10559,0,-0.454999,-0.454999,0,757,green,0,unknown,0.000000,null,0.000000,0.121,,"{""0"": 250, ""1"": 250, ""2"": null, ""3"": null, ""4"": null, ""5"": null, ""6"": null, ""7"": null}","{""0"": 0.0, ""1"": 0.0, ""2"": null, ""3"": null, ""4"": null, ""5"": null, ""6"": null, ""7"": null}","{""0"": 250, ""1"": 250}",250,1,0,0,0,0.121,ultrasonic-not-close,KEEP_PAUSED,right,left,,0
3,2026-08-02T01:59:18.472+09:00,0.554,2,5.64,0,DRIVING,,0,1,1,0,0,0,0.160304,-1.358,10687,0,-0.428278,-0.428278,0,752,green,0,unknown,0.000000,null,0.000000,0.277,,"{""0"": 250, ""1"": 250, ""2"": null, ""3"": null, ""4"": null, ""5"": null, ""6"": null, ""7"": null}","{""0"": 0.0, ""1"": 0.0, ""2"": null, ""3"": null, ""4"": null, ""5"": null, ""6"": null, ""7"": null}","{""0"": 250, ""1"": 250}",250,1,0,0,0,0.277,ultrasonic-not-close,KEEP_PAUSED,right,left,,0
4,2026-08-02T01:59:18.591+09:00,0.674,3,6.12,0,DRIVING,,0,1,1,0,0,0,0.142430,-2.275,10962,0,-0.322013,-0.322013,0,751,green,0,unknown,0.000000,null,0.000000,0.242,,"{""0"": 250, ""1"": 250, ""2"": null, ""3"": null, ""4"": null, ""5"": null, ""6"": null, ""7"": null}","{""0"": 0.0, ""1"": 0.0, ""2"": null, ""3"": null, ""4"": null, ""5"": null, ""6"": null, ""7"": null}","{""0"": 250, ""1"": 250}",250,1,0,0,0,0.242,ultrasonic-not-close,KEEP_PAUSED,right,left,,0
5,2026-08-02T01:59:18.702+09:00,0.783,4,6.56,0,DRIVING,,0,1,1,0,0,0,0.109015,-2.940,10885,0,-0.182027,-0.182027,0,750,green,0,unknown,0.000000,null,0.000000,0.195,,"{""0"": 250, ""1"": 250, ""2"": null, ""3"": null, ""4"": null, ""5"": null, ""6"": null, ""7"": null}","{""0"": 0.0, ""1"": 0.0, ""2"": null, ""3"": null, ""4"": null, ""5"": null, ""6"": null, ""7"": null}","{""0"": 250, ""1"": 250}",250,1,0,0,0,0.195,ultrasonic-not-close,KEEP_PAUSED,,,,0
6,2026-08-02T01:59:18.868+09:00,0.951,5,6.45,0,DRIVING,,0,1,1,0,0,0,0.078834,-3.389,10920,0,-0.077634,-0.077634,0,750,green,0,unknown,0.000000,null,0.000000,0.244,,"{""0"": 250, ""1"": 250, ""2"": null, ""3"": null, ""4"": null, ""5"": null, ""6"": null, ""7"": null}","{""0"": 0.0, ""1"": 0.0, ""2"": null, ""3"": null, ""4"": null, ""5"": null, ""6"": null, ""7"": null}","{""0"": 250, ""1"": 250}",250,1,0,0,0,0.244,ultrasonic-not-close,KEEP_PAUSED,,,,0
7,2026-08-02T01:59:19.096+09:00,1.178,6,6.05,0,DRIVING,,0,1,1,0,0,0,0.064060,-3.684,10851,0,-0.043728,-0.043728,0,751,green,0,unknown,0.000000,null,0.000000,0.360,,"{""0"": 250, ""1"": 250, ""2"": null, ""3"": null, ""4"": null, ""5"": null, ""6"": null, ""7"": null}","{""0"": 0.0, ""1"": 0.0, ""2"": null, ""3"": null, ""4"": null, ""5"": null, ""6"": null, ""7"": null}","{""0"": 250, ""1"": 250}",250,1,0,0,0,0.360,ultrasonic-not-close,KEEP_PAUSED,,,,0
8,2026-08-02T01:59:19.245+09:00,1.328,7,6.12,0,DRIVING,,0,1,1,0,0,0,0.022148,-3.664,10518,0,0.085679,0.085679,0,749,green,0,unknown,0.000000,null,0.000000,0.511,,"{""0"": 250, ""1"": 250, ""2"": null, ""3"": null, ""4"": null, ""5"": null, ""6"": null, ""7"": null}","{""0"": 0.0, ""1"": 0.0, ""2"": null, ""3"": null, ""4"": null, ""5"": null, ""6"": null, ""7"": null}","{""0"": 250, ""1"": 250}",250,1,0,0,0,0.511,ultrasonic-not-close,KEEP_PAUSED,right,left,,0
9,2026-08-02T01:59:19.477+09:00,1.559,8,5.85,0,DRIVING,,0,1,1,0,0,0,-0.003044,-3.497,9942,0,0.138708,0.138708,0,751,green,0,unknown,0.000000,null,0.000000,0.347,,"{""0"": 250, ""1"": 250, ""2"": null, ""3"": null, ""4"": null, ""5"": null, ""6"": null, ""7"": null}","{""0"": 0.0, ""1"": 0.0, ""2"": null, ""3"": null, ""4"": null, ""5"": null, ""6"": null, ""7"": null}","{""0"": 250, ""1"": 250}",250,1,0,0,0,0.347,ultrasonic-not-close,KEEP_PAUSED,right,left,,0
10,2026-08-02T01:59:19.699+09:00,1.781,9,5.68,0,DRIVING,,0,1,1,0,0,0,-0.009626,-3.404,9936,9,0.122435,0.122435,0,751,green,0,unknown,0.000000,null,0.000000,0.421,,"{""0"": 250, ""1"": 250, ""2"": null, ""3"": null, ""4"": null, ""5"": null, ""6"": null, ""7"": null}","{""0"": 0.0, ""1"": 0.0, ""2"": null, ""3"": null, ""4"": null, ""5"": null, ""6"": null, ""7"": null}","{""0"": 250, ""1"": 250}",250,1,0,0,0,0.421,ultrasonic-not-close,KEEP_PAUSED,right,left,,0
11,2026-08-02T01:59:19.920+09:00,2.002,10,5.55,0,DRIVING,,0,1,1,0,0,0,-0.073410,-3.020,9402,89,0.320523,0.320523,0,750,green,0,unknown,0.000000,null,0.000000,0.408,,"{""0"": 250, ""1"": 250, ""2"": null, ""3"": null, ""4"": null, ""5"": null, ""6"": null, ""7"": null}","{""0"": 0.0, ""1"": 0.0, ""2"": null, ""3"": null, ""4"": null, ""5"": null, ""6"": null, ""7"": null}","{""0"": 250, ""1"": 250}",250,1,0,0,0,0.408,ultrasonic-not-close,KEEP_PAUSED,right,left,,0
12,2026-08-02T01:59:20.110+09:00,2.192,11,5.53,0,DRIVING,,0,1,1,0,0,0,-0.167305,-1.852,7056,211,0.602030,0.602030,0,751,green,0,unknown,0.000000,null,0.000000,0.598,,"{""0"": 250, ""1"": 250, ""2"": null, ""3"": null, ""4"": null, ""5"": null, ""6"": null, ""7"": null}","{""0"": 0.0, ""1"": 0.0, ""2"": null, ""3"": null, ""4"": null, ""5"": null, ""6"": null, ""7"": null}","{""0"": 250, ""1"": 250}",250,1,0,0,0,0.598,ultrasonic-not-close,KEEP_PAUSED,,,,0
13,2026-08-02T01:59:20.212+09:00,2.295,12,5.72,0,DRIVING,,0,1,1,0,0,0,-0.214258,-1.196,2730,2,0.680797,0.680797,0,751,green,0,unknown,0.000000,null,0.000000,0.480,,"{""0"": 250, ""1"": 250, ""2"": null, ""3"": null, ""4"": null, ""5"": null, ""6"": null, ""7"": null}","{""0"": 0.0, ""1"": 0.0, ""2"": null, ""3"": null, ""4"": null, ""5"": null, ""6"": null, ""7"": null}","{""0"": 250, ""1"": 250}",250,1,0,0,0,0.480,ultrasonic-not-close,KEEP_PAUSED,,,,0
14,2026-08-02T01:59:20.437+09:00,2.519,13,5.61,0,DRIVING,,0,1,1,0,0,0,0.188489,-1.196,0,31,-0.857633,-0.857633,0,751,green,0,unknown,0.000000,null,0.000000,0.482,,"{""0"": 250, ""1"": 250, ""2"": null, ""3"": null, ""4"": null, ""5"": null, ""6"": null, ""7"": null}","{""0"": 0.0, ""1"": 0.0, ""2"": null, ""3"": null, ""4"": null, ""5"": null, ""6"": null, ""7"": null}","{""0"": 250, ""1"": 250}",250,1,0,0,0,0.482,ultrasonic-not-close,KEEP_PAUSED,right,,,0
15,2026-08-02T01:59:20.542+09:00,2.624,14,5.77,0,DRIVING,,0,1,1,0,0,0,0.190612,-1.196,0,0,-0.709769,-0.709769,0,751,green,0,unknown,0.000000,null,0.000000,0.295,,"{""0"": 250, ""1"": 250, ""2"": null, ""3"": null, ""4"": null, ""5"": null, ""6"": null, ""7"": null}","{""0"": 0.0, ""1"": 0.0, ""2"": null, ""3"": null, ""4"": null, ""5"": null, ""6"": null, ""7"": null}","{""0"": 250, ""1"": 250}",250,1,0,0,0,0.295,ultrasonic-not-close,KEEP_PAUSED,right,,,0
16,2026-08-02T01:59:20.744+09:00,2.827,15,5.70,0,DRIVING,,0,1,1,0,0,0,0.192180,-1.196,0,0,-0.605412,-0.605412,0,751,green,0,unknown,0.000000,null,0.000000,0.274,,"{""0"": 250, ""1"": 250, ""2"": null, ""3"": null, ""4"": null, ""5"": null, ""6"": null, ""7"": null}","{""0"": 0.0, ""1"": 0.0, ""2"": null, ""3"": null, ""4"": null, ""5"": null, ""6"": null, ""7"": null}","{""0"": 250, ""1"": 250}",250,1,0,0,0,0.274,ultrasonic-not-close,KEEP_PAUSED,right,,,0
17,2026-08-02T01:59:20.963+09:00,3.046,16,5.62,0,DRIVING,,0,1,1,0,0,0,0.193164,-1.196,0,0,-0.531109,-0.531109,0,751,green,0,unknown,0.000000,null,0.000000,0.388,,"{""0"": 250, ""1"": 250, ""2"": null, ""3"": null, ""4"": null, ""5"": null, ""6"": null, ""7"": null}","{""0"": 0.0, ""1"": 0.0, ""2"": null, ""3"": null, ""4"": null, ""5"": null, ""6"": null, ""7"": null}","{""0"": 250, ""1"": 250}",250,1,0,0,0,0.388,ultrasonic-not-close,KEEP_PAUSED,right,,,0
18,2026-08-02T01:59:21.157+09:00,3.239,17,5.59,0,DRIVING,,0,0,1,0,0,0,,,0,0,-0.531109,-0.531109,0,751,green,0,unknown,0.000000,null,0.000000,0.581,,"{""0"": 250, ""1"": 250, ""2"": null, ""3"": null, ""4"": null, ""5"": null, ""6"": null, ""7"": null}","{""0"": 0.0, ""1"": 0.0, ""2"": null, ""3"": null, ""4"": null, ""5"": null, ""6"": null, ""7"": null}","{""0"": 250, ""1"": 250}",250,1,0,0,0,0.581,ultrasonic-not-close,KEEP_PAUSED,,,,1
19,2026-08-02T01:59:21.326+09:00,3.409,18,5.61,0,DRIVING,,0,0,1,0,0,0,,,0,0,-0.531109,-0.531109,0,751,green,0,unknown,0.000000,null,0.000000,0.549,,"{""0"": 250, ""1"": 250, ""2"": null, ""3"": null, ""4"": null, ""5"": null, ""6"": null, ""7"": null}","{""0"": 0.0, ""1"": 0.0, ""2"": null, ""3"": null, ""4"": null, ""5"": null, ""6"": null, ""7"": null}","{""0"": 250, ""1"": 250}",250,1,0,0,0,0.549,ultrasonic-not-close,KEEP_PAUSED,,,,2
20,2026-08-02T01:59:21.499+09:00,3.582,19,5.62,0,DRIVING,,0,0,1,0,0,0,,,0,0,-0.531109,-0.531109,0,751,green,0,unknown,0.000000,null,0.000000,0.502,,"{""0"": 250, ""1"": 250, ""2"": null, ""3"": null, ""4"": null, ""5"": null, ""6"": null, ""7"": null}","{""0"": 0.0, ""1"": 0.0, ""2"": null, ""3"": null, ""4"": null, ""5"": null, ""6"": null, ""7"": null}","{""0"": 250, ""1"": 250}",250,1,0,0,0,0.502,ultrasonic-not-close,KEEP_PAUSED,,,,3
21,2026-08-02T01:59:21.637+09:00,3.719,20,5.68,0,DRIVING,,0,1,1,0,0,0,-0.108681,,0,0,0.610555,0.610555,0,751,green,0,unknown,0.000000,null,0.000000,0.278,,"{""0"": 250, ""1"": 250, ""2"": null, ""3"": null, ""4"": null, ""5"": null, ""6"": null, ""7"": null}","{""0"": 0.0, ""1"": 0.0, ""2"": null, ""3"": null, ""4"": null, ""5"": null, ""6"": null, ""7"": null}","{""0"": 250, ""1"": 250}",250,1,0,0,0,0.278,ultrasonic-not-close,KEEP_PAUSED,right,,,0
22,2026-08-02T01:59:21.749+09:00,3.831,21,5.78,0,DRIVING,,0,1,1,0,0,0,-0.113906,,0,0,0.504889,0.504889,0,752,green,0,unknown,0.000000,null,0.000000,0.215,,"{""0"": 250, ""1"": 250, ""2"": null, ""3"": null, ""4"": null, ""5"": null, ""6"": null, ""7"": null}","{""0"": 0.0, ""1"": 0.0, ""2"": null, ""3"": null, ""4"": null, ""5"": null, ""6"": null, ""7"": null}","{""0"": 250, ""1"": 250}",250,1,0,0,0,0.215,ultrasonic-not-close,KEEP_PAUSED,right,,,0
23,2026-08-02T01:59:21.948+09:00,4.030,22,5.74,0,DRIVING,,0,1,1,0,0,0,-0.135085,,0,0,0.491176,0.491176,0,751,green,0,unknown,0.000000,null,0.000000,0.276,,"{""0"": 250, ""1"": 250, ""2"": null, ""3"": null, ""4"": null, ""5"": null, ""6"": null, ""7"": null}","{""0"": 0.0, ""1"": 0.0, ""2"": null, ""3"": null, ""4"": null, ""5"": null, ""6"": null, ""7"": null}","{""0"": 250, ""1"": 250}",250,1,0,0,0,0.276,ultrasonic-not-close,KEEP_PAUSED,right,,,0
24,2026-08-02T01:59:22.149+09:00,4.230,23,5.70,0,DRIVING,,0,1,1,0,0,0,-0.132090,,0,0,0.405986,0.405986,0,751,green,0,unknown,0.000000,null,0.000000,0.365,,"{""0"": 250, ""1"": 250, ""2"": null, ""3"": null, ""4"": null, ""5"": null, ""6"": null, ""7"": null}","{""0"": 0.0, ""1"": 0.0, ""2"": null, ""3"": null, ""4"": null, ""5"": null, ""6"": null, ""7"": null}","{""0"": 250, ""1"": 250}",250,1,0,0,0,0.365,ultrasonic-not-close,KEEP_PAUSED,right,,,0
25,2026-08-02T01:59:22.266+09:00,4.348,24,5.78,0,DRIVING,,0,1,1,0,0,0,-0.147051,,0,0,0.409378,0.409378,0,751,green,0,unknown,0.000000,null,0.000000,0.481,,"{""0"": 250, ""1"": 250, ""2"": null, ""3"": null, ""4"": null, ""5"": null, ""6"": null, ""7"": null}","{""0"": 0.0, ""1"": 0.0, ""2"": null, ""3"": null, ""4"": null, ""5"": null, ""6"": null, ""7"": null}","{""0"": 250, ""1"": 250}",250,1,0,0,0,0.481,ultrasonic-not-close,KEEP_PAUSED,right,,,0
26,2026-08-02T01:59:22.448+09:00,4.530,25,5.77,0,DRIVING,,0,1,1,0,0,0,-0.206975,,0,0,0.581701,0.581701,0,752,green,0,unknown,0.000000,null,0.000000,0.468,,"{""0"": 250, ""1"": 250, ""2"": null, ""3"": null, ""4"": null, ""5"": null, ""6"": null, ""7"": null}","{""0"": 0.0, ""1"": 0.0, ""2"": null, ""3"": null, ""4"": null, ""5"": null, ""6"": null, ""7"": null}","{""0"": 250, ""1"": 250}",250,1,0,0,0,0.468,ultrasonic-not-close,KEEP_PAUSED,right,,,0
27,2026-08-02T01:59:22.632+09:00,4.714,26,5.75,0,DRIVING,,0,1,1,0,0,0,-0.251353,,0,0,0.678717,0.678717,0,751,green,0,unknown,0.000000,null,0.000000,0.332,,"{""0"": 250, ""1"": 250, ""2"": null, ""3"": null, ""4"": null, ""5"": null, ""6"": null, ""7"": null}","{""0"": 0.0, ""1"": 0.0, ""2"": null, ""3"": null, ""4"": null, ""5"": null, ""6"": null, ""7"": null}","{""0"": 250, ""1"": 250}",250,1,0,0,0,0.332,ultrasonic-not-close,KEEP_PAUSED,right,,,0
28,2026-08-02T01:59:22.804+09:00,4.886,27,5.76,0,DRIVING,,0,1,1,0,0,0,-0.345452,,0,0,0.949588,0.949588,0,751,green,0,unknown,0.000000,null,0.000000,0.321,,"{""0"": 250, ""1"": 250, ""2"": null, ""3"": null, ""4"": null, ""5"": null, ""6"": null, ""7"": null}","{""0"": 0.0, ""1"": 0.0, ""2"": null, ""3"": null, ""4"": null, ""5"": null, ""6"": null, ""7"": null}","{""0"": 250, ""1"": 250}",250,1,0,0,0,0.321,ultrasonic-not-close,KEEP_PAUSED,right,,,0
29,2026-08-02T01:59:22.909+09:00,4.991,28,5.83,0,DRIVING,,0,1,1,0,0,0,-0.409531,,0,0,1.000000,1.000000,0,752,green,0,unknown,0.000000,null,0.000000,0.243,,"{""0"": 250, ""1"": 250, ""2"": null, ""3"": null, ""4"": null, ""5"": null, ""6"": null, ""7"": null}","{""0"": 0.0, ""1"": 0.0, ""2"": null, ""3"": null, ""4"": null, ""5"": null, ""6"": null, ""7"": null}","{""0"": 250, ""1"": 250}",250,1,0,0,0,0.243,ultrasonic-not-close,KEEP_PAUSED,right,,,0
30,2026-08-02T01:59:23.093+09:00,5.175,29,5.82,0,DRIVING,,0,1,1,0,0,0,-0.458633,,0,0,1.000000,1.000000,0,753,green,0,unknown,0.000000,null,0.000000,0.255,,"{""0"": 250, ""1"": 250, ""2"": null, ""3"": null, ""4"": null, ""5"": null, ""6"": null, ""7"": null}","{""0"": 0.0, ""1"": 0.0, ""2"": null, ""3"": null, ""4"": null, ""5"": null, ""6"": null, ""7"": null}","{""0"": 250, ""1"": 250}",250,1,0,0,0,0.255,ultrasonic-not-close,KEEP_PAUSED,right,,,0
31,2026-08-02T01:59:23.221+09:00,5.302,30,5.87,0,DRIVING,,0,1,1,0,0,0,-0.471484,,0,0,1.000000,1.000000,0,751,green,0,unknown,0.000000,null,0.000000,0.277,,"{""0"": 250, ""1"": 250, ""2"": null, ""3"": null, ""4"": null, ""5"": null, ""6"": null, ""7"": null}","{""0"": 0.0, ""1"": 0.0, ""2"": null, ""3"": null, ""4"": null, ""5"": null, ""6"": null, ""7"": null}","{""0"": 250, ""1"": 250}",250,1,0,0,0,0.277,ultrasonic-not-close,KEEP_PAUSED,right,,,0
32,2026-08-02T01:59:23.392+09:00,5.475,31,5.87,0,DRIVING,,0,0,1,0,0,0,,,0,0,1.000000,1.000000,0,752,green,0,unknown,0.000000,null,0.000000,0.451,,"{""0"": 250, ""1"": 250, ""2"": null, ""3"": null, ""4"": null, ""5"": null, ""6"": null, ""7"": null}","{""0"": 0.0, ""1"": 0.0, ""2"": null, ""3"": null, ""4"": null, ""5"": null, ""6"": null, ""7"": null}","{""0"": 250, ""1"": 250}",250,1,0,0,0,0.451,ultrasonic-not-close,KEEP_PAUSED,,,,1
33,2026-08-02T01:59:23.565+09:00,5.648,32,5.87,0,DRIVING,,0,1,1,0,0,0,0.424219,,0,0,-1.000000,-1.000000,0,749,green,0,unknown,0.000000,null,0.000000,0.438,,"{""0"": 250, ""1"": 250, ""2"": null, ""3"": null, ""4"": null, ""5"": null, ""6"": null, ""7"": null}","{""0"": 0.0, ""1"": 0.0, ""2"": null, ""3"": null, ""4"": null, ""5"": null, ""6"": null, ""7"": null}","{""0"": 250, ""1"": 250}",250,1,0,0,0,0.438,ultrasonic-not-close,KEEP_PAUSED,left,,,0
34,2026-08-02T01:59:23.730+09:00,5.812,33,5.87,0,DRIVING,,0,1,1,0,0,0,0.410352,,0,0,-1.000000,-1.000000,0,748,green,0,unknown,0.000000,null,0.000000,0.472,,"{""0"": 250, ""1"": 250, ""2"": null, ""3"": null, ""4"": null, ""5"": null, ""6"": null, ""7"": null}","{""0"": 0.0, ""1"": 0.0, ""2"": null, ""3"": null, ""4"": null, ""5"": null, ""6"": null, ""7"": null}","{""0"": 250, ""1"": 250}",250,1,0,0,0,0.472,ultrasonic-not-close,KEEP_PAUSED,left,,,0
35,2026-08-02T01:59:23.866+09:00,5.949,34,5.90,0,DRIVING,,0,0,1,0,0,0,,,0,0,-1.000000,-1.000000,0,749,green,0,unknown,0.000000,null,0.000000,0.439,,"{""0"": 250, ""1"": 250, ""2"": null, ""3"": null, ""4"": null, ""5"": null, ""6"": null, ""7"": null}","{""0"": 0.0, ""1"": 0.0, ""2"": null, ""3"": null, ""4"": null, ""5"": null, ""6"": null, ""7"": null}","{""0"": 250, ""1"": 250}",250,1,0,0,0,0.439,ultrasonic-not-close,KEEP_PAUSED,,,,1
36,2026-08-02T01:59:24.006+09:00,6.088,35,5.93,0,DRIVING,,0,0,1,0,0,0,,,0,0,-1.000000,-1.000000,0,748,green,0,unknown,0.000000,null,0.000000,0.244,,"{""0"": 250, ""1"": 250, ""2"": null, ""3"": null, ""4"": null, ""5"": null, ""6"": null, ""7"": null}","{""0"": 0.0, ""1"": 0.0, ""2"": null, ""3"": null, ""4"": null, ""5"": null, ""6"": null, ""7"": null}","{""0"": 250, ""1"": 250}",250,1,0,0,0,0.244,ultrasonic-not-close,KEEP_PAUSED,,,,2
37,2026-08-02T01:59:24.155+09:00,6.237,36,5.95,0,DRIVING,,0,0,1,0,0,0,,,0,0,-1.000000,-1.000000,0,748,unknown,0,unknown,0.000000,null,0.000000,0.393,,"{""0"": 250, ""1"": 250, ""2"": null, ""3"": null, ""4"": null, ""5"": null, ""6"": null, ""7"": null}","{""0"": 0.0, ""1"": 0.0, ""2"": null, ""3"": null, ""4"": null, ""5"": null, ""6"": null, ""7"": null}","{""0"": 250, ""1"": 250}",250,1,0,0,0,0.393,ultrasonic-not-close,KEEP_PAUSED,,,,3
38,2026-08-02T01:59:24.255+09:00,6.338,37,6.02,0,DRIVING,,0,0,1,0,0,0,,,0,0,-1.000000,-1.000000,0,748,unknown,0,unknown,0.000000,null,0.000000,0.356,,"{""0"": 250, ""1"": 250, ""2"": null, ""3"": null, ""4"": null, ""5"": null, ""6"": null, ""7"": null}","{""0"": 0.0, ""1"": 0.0, ""2"": null, ""3"": null, ""4"": null, ""5"": null, ""6"": null, ""7"": null}","{""0"": 250, ""1"": 250}",250,1,0,0,0,0.356,ultrasonic-not-close,KEEP_PAUSED,,,,4
39,2026-08-02T01:59:24.360+09:00,6.442,38,6.07,0,DRIVING,,0,0,1,0,0,0,,,0,0,-1.000000,-1.000000,0,748,unknown,0,unknown,0.000000,null,0.000000,0.322,,"{""0"": 250, ""1"": 250, ""2"": null, ""3"": null, ""4"": null, ""5"": null, ""6"": null, ""7"": null}","{""0"": 0.0, ""1"": 0.0, ""2"": null, ""3"": null, ""4"": null, ""5"": null, ""6"": null, ""7"": null}","{""0"": 250, ""1"": 250}",250,1,0,0,0,0.322,ultrasonic-not-close,KEEP_PAUSED,,,,5
40,2026-08-02T01:59:24.605+09:00,6.688,39,6.00,0,DRIVING,,0,1,1,0,0,0,0.188393,-14.242,260,1,-0.625016,-0.625016,0,749,unknown,0,unknown,0.000000,null,0.000000,0.567,,"{""0"": 250, ""1"": 250, ""2"": null, ""3"": null, ""4"": null, ""5"": null, ""6"": null, ""7"": null}","{""0"": 0.0, ""1"": 0.0, ""2"": null, ""3"": null, ""4"": null, ""5"": null, ""6"": null, ""7"": null}","{""0"": 250, ""1"": 250}",250,1,0,0,0,0.567,ultrasonic-not-close,KEEP_PAUSED,left,right,,0
41,2026-08-02T01:59:24.766+09:00,6.847,40,6.01,0,DRIVING,,0,1,1,0,0,0,0.148906,-14.283,183,1,-0.397091,-0.397091,0,748,unknown,0,unknown,0.000000,null,0.000000,0.478,,"{""0"": 250, ""1"": 250, ""2"": null, ""3"": null, ""4"": null, ""5"": null, ""6"": null, ""7"": null}","{""0"": 0.0, ""1"": 0.0, ""2"": null, ""3"": null, ""4"": null, ""5"": null, ""6"": null, ""7"": null}","{""0"": 250, ""1"": 250}",250,1,0,0,0,0.478,ultrasonic-not-close,KEEP_PAUSED,left,right,,0
42,2026-08-02T01:59:24.937+09:00,7.019,41,6.00,0,DRIVING,,0,1,1,0,0,0,0.108239,-14.288,299,1,-0.211970,-0.211970,0,749,unknown,0,unknown,0.000000,null,0.000000,0.544,,"{""0"": 250, ""1"": 250, ""2"": null, ""3"": null, ""4"": null, ""5"": null, ""6"": null, ""7"": null}","{""0"": 0.0, ""1"": 0.0, ""2"": null, ""3"": null, ""4"": null, ""5"": null, ""6"": null, ""7"": null}","{""0"": 250, ""1"": 250}",250,1,0,0,0,0.544,ultrasonic-not-close,KEEP_PAUSED,left,right,,0
43,2026-08-02T01:59:25.056+09:00,7.138,42,6.04,0,DRIVING,,0,1,1,0,0,0,0.067941,-14.197,208,1,-0.061756,-0.061756,0,749,unknown,0,unknown,0.000000,null,0.000000,0.257,,"{""0"": 250, ""1"": 250, ""2"": null, ""3"": null, ""4"": null, ""5"": null, ""6"": null, ""7"": null}","{""0"": 0.0, ""1"": 0.0, ""2"": null, ""3"": null, ""4"": null, ""5"": null, ""6"": null, ""7"": null}","{""0"": 250, ""1"": 250}",250,1,0,0,0,0.257,ultrasonic-not-close,KEEP_PAUSED,left,right,,0
44,2026-08-02T01:59:25.247+09:00,7.330,43,6.02,0,DRIVING,,0,1,1,0,0,0,0.005384,-14.453,217,3,0.145288,0.145288,0,749,unknown,0,unknown,0.000000,null,0.000000,0.278,,"{""0"": 250, ""1"": 250, ""2"": null, ""3"": null, ""4"": null, ""5"": null, ""6"": null, ""7"": null}","{""0"": 0.0, ""1"": 0.0, ""2"": null, ""3"": null, ""4"": null, ""5"": null, ""6"": null, ""7"": null}","{""0"": 250, ""1"": 250}",250,1,0,0,0,0.278,ultrasonic-not-close,KEEP_PAUSED,left,right,,0
45,2026-08-02T01:59:25.368+09:00,7.450,44,6.06,0,DRIVING,,0,1,1,0,0,0,0.031172,-12.224,2397,0,0.005958,0.005958,0,749,unknown,0,unknown,0.000000,null,0.000000,0.279,,"{""0"": 250, ""1"": 250, ""2"": null, ""3"": null, ""4"": null, ""5"": null, ""6"": null, ""7"": null}","{""0"": 0.0, ""1"": 0.0, ""2"": null, ""3"": null, ""4"": null, ""5"": null, ""6"": null, ""7"": null}","{""0"": 250, ""1"": 250}",250,1,0,0,0,0.279,ultrasonic-not-close,KEEP_PAUSED,left,right,,0
46,2026-08-02T01:59:25.509+09:00,7.591,45,6.08,0,DRIVING,,0,1,1,0,0,0,0.003953,-10.895,6608,0,0.085327,0.085327,0,749,unknown,0,unknown,0.000000,null,0.000000,0.419,,"{""0"": 250, ""1"": 250, ""2"": null, ""3"": null, ""4"": null, ""5"": null, ""6"": null, ""7"": null}","{""0"": 0.0, ""1"": 0.0, ""2"": null, ""3"": null, ""4"": null, ""5"": null, ""6"": null, ""7"": null}","{""0"": 250, ""1"": 250}",250,1,0,0,0,0.419,ultrasonic-not-close,KEEP_PAUSED,left,right,,0
47,2026-08-02T01:59:25.707+09:00,7.789,46,6.05,0,DRIVING,,0,1,1,0,0,0,-0.023421,-9.559,7642,1,0.156139,0.156139,0,749,unknown,0,unknown,0.000000,null,0.000000,0.424,,"{""0"": 250, ""1"": 250, ""2"": null, ""3"": null, ""4"": null, ""5"": null, ""6"": null, ""7"": null}","{""0"": 0.0, ""1"": 0.0, ""2"": null, ""3"": null, ""4"": null, ""5"": null, ""6"": null, ""7"": null}","{""0"": 250, ""1"": 250}",250,1,0,0,0,0.424,ultrasonic-not-close,KEEP_PAUSED,left,right,,0
48,2026-08-02T01:59:25.887+09:00,7.969,47,6.04,0,DRIVING,,0,1,1,0,0,0,-0.068340,-7.953,8746,3,0.283653,0.283653,0,749,unknown,0,unknown,0.000000,null,0.000000,0.487,,"{""0"": 250, ""1"": 250, ""2"": null, ""3"": null, ""4"": null, ""5"": null, ""6"": null, ""7"": null}","{""0"": 0.0, ""1"": 0.0, ""2"": null, ""3"": null, ""4"": null, ""5"": null, ""6"": null, ""7"": null}","{""0"": 250, ""1"": 250}",250,1,0,0,0,0.487,ultrasonic-not-close,KEEP_PAUSED,left,right,,0
49,2026-08-02T01:59:25.984+09:00,8.068,48,6.09,0,DRIVING,,0,1,1,0,0,0,-0.082070,-6.478,8367,0,0.284890,0.284890,0,749,unknown,0,unknown,0.000000,null,0.000000,0.445,,"{""0"": 250, ""1"": 250, ""2"": null, ""3"": null, ""4"": null, ""5"": null, ""6"": null, ""7"": null}","{""0"": 0.0, ""1"": 0.0, ""2"": null, ""3"": null, ""4"": null, ""5"": null, ""6"": null, ""7"": null}","{""0"": 250, ""1"": 250}",250,1,0,0,0,0.445,ultrasonic-not-close,KEEP_PAUSED,left,right,,0
50,2026-08-02T01:59:26.146+09:00,8.230,49,6.09,0,DRIVING,,0,1,1,0,0,0,-0.081551,-5.392,8207,0,0.241873,0.241873,0,748,unknown,0,unknown,0.000000,null,0.000000,0.408,,"{""0"": 250, ""1"": 250, ""2"": null, ""3"": null, ""4"": null, ""5"": null, ""6"": null, ""7"": null}","{""0"": 0.0, ""1"": 0.0, ""2"": null, ""3"": null, ""4"": null, ""5"": null, ""6"": null, ""7"": null}","{""0"": 250, ""1"": 250}",250,1,0,0,0,0.408,ultrasonic-not-close,KEEP_PAUSED,left,right,,0
51,2026-08-02T01:59:26.271+09:00,8.354,50,6.12,0,DRIVING,,0,1,1,0,0,0,-0.080117,-4.438,8083,0,0.208186,0.208186,0,748,unknown,0,unknown,0.000000,null,0.000000,0.533,,"{""0"": 250, ""1"": 250, ""2"": null, ""3"": null, ""4"": null, ""5"": null, ""6"": null, ""7"": null}","{""0"": 0.0, ""1"": 0.0, ""2"": null, ""3"": null, ""4"": null, ""5"": null, ""6"": null, ""7"": null}","{""0"": 250, ""1"": 250}",250,1,0,0,0,0.533,ultrasonic-not-close,KEEP_PAUSED,left,right,,0
52,2026-08-02T01:59:26.444+09:00,8.527,51,6.11,0,DRIVING,,0,1,1,0,0,0,-0.016562,-3.362,7738,1,-0.039807,-0.039807,0,747,unknown,0,unknown,0.000000,null,0.000000,0.429,,"{""0"": 250, ""1"": 250, ""2"": null, ""3"": null, ""4"": null, ""5"": null, ""6"": null, ""7"": null}","{""0"": 0.0, ""1"": 0.0, ""2"": null, ""3"": null, ""4"": null, ""5"": null, ""6"": null, ""7"": null}","{""0"": 250, ""1"": 250}",250,1,0,0,0,0.429,ultrasonic-not-close,KEEP_PAUSED,left,right,,0
53,2026-08-02T01:59:26.544+09:00,8.627,52,6.16,0,DRIVING,,0,1,1,0,0,0,-0.005542,-2.329,7743,0,-0.058591,-0.058591,0,747,unknown,0,unknown,0.000000,null,0.000000,0.367,,"{""0"": 250, ""1"": 250, ""2"": null, ""3"": null, ""4"": null, ""5"": null, ""6"": null, ""7"": null}","{""0"": 0.0, ""1"": 0.0, ""2"": null, ""3"": null, ""4"": null, ""5"": null, ""6"": null, ""7"": null}","{""0"": 250, ""1"": 250}",250,1,0,0,0,0.367,ultrasonic-not-close,KEEP_PAUSED,left,right,,0
54,2026-08-02T01:59:26.780+09:00,8.862,53,6.11,0,DRIVING,,0,1,1,0,0,0,-0.026404,-1.014,7459,40,0.037082,0.037082,0,746,unknown,0,unknown,0.000000,null,0.000000,0.304,,"{""0"": 250, ""1"": 250, ""2"": null, ""3"": null, ""4"": null, ""5"": null, ""6"": null, ""7"": null}","{""0"": 0.0, ""1"": 0.0, ""2"": null, ""3"": null, ""4"": null, ""5"": null, ""6"": null, ""7"": null}","{""0"": 250, ""1"": 250}",250,1,0,0,0,0.304,ultrasonic-not-close,KEEP_PAUSED,left,right,,0
55,2026-08-02T01:59:26.921+09:00,9.003,54,6.12,0,DRIVING,,0,1,1,0,0,0,-0.024566,-0.018,7360,57,0.033600,0.033600,0,746,unknown,0,unknown,0.000000,null,0.000000,0.340,,"{""0"": 250, ""1"": 250, ""2"": null, ""3"": null, ""4"": null, ""5"": null, ""6"": null, ""7"": null}","{""0"": 0.0, ""1"": 0.0, ""2"": null, ""3"": null, ""4"": null, ""5"": null, ""6"": null, ""7"": null}","{""0"": 250, ""1"": 250}",250,1,0,0,0,0.340,ultrasonic-not-close,KEEP_PAUSED,left,right,,0
56,2026-08-02T01:59:27.036+09:00,9.118,55,6.16,0,DRIVING,,0,1,1,0,0,0,-0.016446,0.661,7399,18,0.007552,0.007552,0,746,unknown,1,obstacle-car,0.565097,"[593, 461, 768, 643]",0.034499,0.223,,"{""0"": 250, ""1"": 250, ""2"": null, ""3"": null, ""4"": null, ""5"": null, ""6"": null, ""7"": null}","{""0"": 0.0, ""1"": 0.0, ""2"": null, ""3"": null, ""4"": null, ""5"": null, ""6"": null, ""7"": null}","{""0"": 250, ""1"": 250}",250,1,0,0,0,0.223,ultrasonic-not-close,KEEP_PAUSED,left,right,,0
57,2026-08-02T01:59:27.252+09:00,9.335,56,6.12,0,DRIVING,,0,1,1,0,0,0,-0.016120,1.138,7325,29,0.012994,0.012994,0,747,unknown,1,obstacle-car,0.546402,"[606, 468, 780, 624]",0.029505,0.299,,"{""0"": 250, ""1"": 250, ""2"": null, ""3"": null, ""4"": null, ""5"": null, ""6"": null, ""7"": null}","{""0"": 0.0, ""1"": 0.0, ""2"": null, ""3"": null, ""4"": null, ""5"": null, ""6"": null, ""7"": null}","{""0"": 250, ""1"": 250}",250,1,0,0,0,0.299,ultrasonic-not-close,KEEP_PAUSED,left,right,,0
58,2026-08-02T01:59:27.443+09:00,9.525,57,6.10,0,DRIVING,,0,1,1,0,0,0,-0.016432,1.507,7340,29,0.018924,0.018924,0,747,unknown,1,obstacle-car,0.546402,"[606, 468, 780, 624]",0.029505,0.489,,"{""0"": 250, ""1"": 250, ""2"": null, ""3"": null, ""4"": null, ""5"": null, ""6"": null, ""7"": null}","{""0"": 0.0, ""1"": 0.0, ""2"": null, ""3"": null, ""4"": null, ""5"": null, ""6"": null, ""7"": null}","{""0"": 250, ""1"": 250}",250,1,0,0,0,0.489,ultrasonic-not-close,KEEP_PAUSED,left,right,,0
59,2026-08-02T01:59:27.577+09:00,9.659,58,6.12,0,DRIVING,,0,1,1,0,0,0,-0.017223,1.810,7277,18,0.024968,0.024968,0,747,unknown,1,obstacle-car,0.480073,"[607, 468, 780, 624]",0.029247,0.510,,"{""0"": 250, ""1"": 250, ""2"": null, ""3"": null, ""4"": null, ""5"": null, ""6"": null, ""7"": null}","{""0"": 0.0, ""1"": 0.0, ""2"": null, ""3"": null, ""4"": null, ""5"": null, ""6"": null, ""7"": null}","{""0"": 250, ""1"": 250}",250,1,0,0,0,0.510,ultrasonic-not-close,KEEP_PAUSED,left,right,,0
60,2026-08-02T01:59:27.690+09:00,9.772,59,6.15,0,DRIVING,,0,1,1,0,0,0,-0.017231,2.023,7279,18,0.026807,0.026807,0,746,unknown,0,unknown,0.000000,null,0.000000,0.214,,"{""0"": 250, ""1"": 250, ""2"": null, ""3"": null, ""4"": null, ""5"": null, ""6"": null, ""7"": null}","{""0"": 0.0, ""1"": 0.0, ""2"": null, ""3"": null, ""4"": null, ""5"": null, ""6"": null, ""7"": null}","{""0"": 250, ""1"": 250}",250,1,0,0,0,0.214,ultrasonic-not-close,KEEP_PAUSED,left,right,,0
61,2026-08-02T01:59:27.877+09:00,9.959,60,6.14,0,DRIVING,,0,1,1,0,0,0,-0.017629,2.191,7309,34,0.029503,0.029503,0,747,unknown,1,obstacle-car,0.455256,"[609, 453, 779, 627]",0.032242,0.266,,"{""0"": 250, ""1"": 250, ""2"": null, ""3"": null, ""4"": null, ""5"": null, ""6"": null, ""7"": null}","{""0"": 0.0, ""1"": 0.0, ""2"": null, ""3"": null, ""4"": null, ""5"": null, ""6"": null, ""7"": null}","{""0"": 250, ""1"": 250}",250,1,0,0,0,0.266,ultrasonic-not-close,KEEP_PAUSED,left,right,,0
62,2026-08-02T01:59:28.031+09:00,10.113,61,6.14,0,DRIVING,,0,1,1,0,0,0,-0.017760,2.307,7302,20,0.030643,0.030643,0,747,unknown,1,obstacle-car,0.455256,"[609, 453, 779, 627]",0.032242,0.421,,"{""0"": 250, ""1"": 250, ""2"": null, ""3"": null, ""4"": null, ""5"": null, ""6"": null, ""7"": null}","{""0"": 0.0, ""1"": 0.0, ""2"": null, ""3"": null, ""4"": null, ""5"": null, ""6"": null, ""7"": null}","{""0"": 250, ""1"": 250}",250,1,0,0,0,0.421,ultrasonic-not-close,KEEP_PAUSED,left,right,,0
63,2026-08-02T01:59:28.212+09:00,10.294,62,6.13,0,DRIVING,,0,1,1,0,0,0,-0.017599,2.404,7294,18,0.030461,0.030461,0,747,unknown,1,obstacle-car,0.467454,"[608, 454, 780, 628]",0.032167,0.490,,"{""0"": 250, ""1"": 250, ""2"": null, ""3"": null, ""4"": null, ""5"": null, ""6"": null, ""7"": null}","{""0"": 0.0, ""1"": 0.0, ""2"": null, ""3"": null, ""4"": null, ""5"": null, ""6"": null, ""7"": null}","{""0"": 250, ""1"": 250}",250,1,0,0,0,0.490,ultrasonic-not-close,KEEP_PAUSED,left,right,,0
64,2026-08-02T01:59:28.356+09:00,10.438,63,6.14,0,DRIVING,,0,1,1,0,0,0,-0.018428,2.469,7337,46,0.033808,0.033808,0,747,unknown,1,obstacle-car,0.502573,"[606, 468, 780, 624]",0.029360,0.446,,"{""0"": 250, ""1"": 250, ""2"": null, ""3"": null, ""4"": null, ""5"": null, ""6"": null, ""7"": null}","{""0"": 0.0, ""1"": 0.0, ""2"": null, ""3"": null, ""4"": null, ""5"": null, ""6"": null, ""7"": null}","{""0"": 250, ""1"": 250}",250,1,0,0,0,0.446,ultrasonic-not-close,KEEP_PAUSED,left,right,,0
65,2026-08-02T01:59:28.526+09:00,10.607,64,6.14,0,DRIVING,,0,1,1,0,0,0,-0.018945,2.509,7355,56,0.035481,0.035481,0,746,unknown,1,obstacle-car,0.534404,"[606, 468, 779, 625]",0.029453,0.461,,"{""0"": 250, ""1"": 250, ""2"": null, ""3"": null, ""4"": null, ""5"": null, ""6"": null, ""7"": null}","{""0"": 0.0, ""1"": 0.0, ""2"": null, ""3"": null, ""4"": null, ""5"": null, ""6"": null, ""7"": null}","{""0"": 250, ""1"": 250}",250,1,0,0,0,0.461,ultrasonic-not-close,KEEP_PAUSED,left,right,,0
66,2026-08-02T01:59:28.663+09:00,10.744,65,6.15,0,DRIVING,,0,1,1,0,0,0,-0.017984,2.548,7292,18,0.031605,0.031605,0,747,unknown,1,obstacle-car,0.471090,"[609, 453, 779, 627]",0.032042,0.274,,"{""0"": 250, ""1"": 250, ""2"": null, ""3"": null, ""4"": null, ""5"": null, ""6"": null, ""7"": null}","{""0"": 0.0, ""1"": 0.0, ""2"": null, ""3"": null, ""4"": null, ""5"": null, ""6"": null, ""7"": null}","{""0"": 250, ""1"": 250}",250,1,0,0,0,0.274,ultrasonic-not-close,KEEP_PAUSED,left,right,,0
67,2026-08-02T01:59:28.775+09:00,10.857,66,6.18,0,DRIVING,,0,1,1,0,0,0,-0.018026,2.578,7288,18,0.031985,0.031985,0,747,unknown,1,obstacle-car,0.457959,"[609, 454, 779, 627]",0.031978,0.218,,"{""0"": 250, ""1"": 250, ""2"": null, ""3"": null, ""4"": null, ""5"": null, ""6"": null, ""7"": null}","{""0"": 0.0, ""1"": 0.0, ""2"": null, ""3"": null, ""4"": null, ""5"": null, ""6"": null, ""7"": null}","{""0"": 250, ""1"": 250}",250,1,0,0,0,0.218,ultrasonic-not-close,KEEP_PAUSED,left,right,,0
68,2026-08-02T01:59:28.967+09:00,11.049,67,6.17,0,DRIVING,,0,1,1,0,0,0,-0.018057,2.606,7274,18,0.032238,0.032238,0,747,unknown,1,obstacle-car,0.486913,"[609, 455, 778, 628]",0.031788,0.271,,"{""0"": 250, ""1"": 250, ""2"": null, ""3"": null, ""4"": null, ""5"": null, ""6"": null, ""7"": null}","{""0"": 0.0, ""1"": 0.0, ""2"": null, ""3"": null, ""4"": null, ""5"": null, ""6"": null, ""7"": null}","{""0"": 250, ""1"": 250}",250,1,0,0,0,0.271,ultrasonic-not-close,KEEP_PAUSED,left,right,,0
69,2026-08-02T01:59:29.121+09:00,11.202,68,6.17,0,DRIVING,,0,1,1,0,0,0,-0.018081,2.627,7274,18,0.032403,0.032403,0,746,unknown,1,obstacle-car,0.486913,"[609, 455, 778, 628]",0.031788,0.425,,"{""0"": 250, ""1"": 250, ""2"": null, ""3"": null, ""4"": null, ""5"": null, ""6"": null, ""7"": null}","{""0"": 0.0, ""1"": 0.0, ""2"": null, ""3"": null, ""4"": null, ""5"": null, ""6"": null, ""7"": null}","{""0"": 250, ""1"": 250}",250,1,0,0,0,0.425,ultrasonic-not-close,KEEP_PAUSED,left,right,,0
70,2026-08-02T01:59:29.293+09:00,11.375,69,6.16,0,DRIVING,,0,1,1,0,0,0,-0.018321,2.641,7262,18,0.033308,0.033308,0,747,unknown,1,obstacle-car,0.510668,"[609, 457, 779, 628]",0.031590,0.486,,"{""0"": 250, ""1"": 250, ""2"": null, ""3"": null, ""4"": null, ""5"": null, ""6"": null, ""7"": null}","{""0"": 0.0, ""1"": 0.0, ""2"": null, ""3"": null, ""4"": null, ""5"": null, ""6"": null, ""7"": null}","{""0"": 250, ""1"": 250}",250,1,0,0,0,0.486,ultrasonic-not-close,KEEP_PAUSED,left,right,,0
71,2026-08-02T01:59:29.471+09:00,11.552,70,6.16,0,DRIVING,,0,1,1,0,0,0,-0.018128,2.645,7285,18,0.032515,0.032515,0,747,unknown,1,obstacle-car,0.473538,"[609, 458, 779, 628]",0.031396,0.472,,"{""0"": 250, ""1"": 250, ""2"": null, ""3"": null, ""4"": null, ""5"": null, ""6"": null, ""7"": null}","{""0"": 0.0, ""1"": 0.0, ""2"": null, ""3"": null, ""4"": null, ""5"": null, ""6"": null, ""7"": null}","{""0"": 250, ""1"": 250}",250,1,0,0,0,0.472,ultrasonic-not-close,KEEP_PAUSED,left,right,,0
72,2026-08-02T01:59:29.577+09:00,11.659,71,6.19,0,DRIVING,,0,1,1,0,0,0,-0.018356,2.649,7272,18,0.033370,0.033370,0,747,unknown,1,obstacle-car,0.546825,"[606, 468, 779, 625]",0.029496,0.252,,"{""0"": 250, ""1"": 250, ""2"": null, ""3"": null, ""4"": null, ""5"": null, ""6"": null, ""7"": null}","{""0"": 0.0, ""1"": 0.0, ""2"": null, ""3"": null, ""4"": null, ""5"": null, ""6"": null, ""7"": null}","{""0"": 250, ""1"": 250}",250,1,0,0,0,0.252,ultrasonic-not-close,KEEP_PAUSED,left,right,,0
73,2026-08-02T01:59:29.798+09:00,11.879,72,6.15,0,DRIVING,,0,1,1,0,0,0,-0.018376,2.655,7265,18,0.033344,0.033344,0,747,unknown,1,obstacle-car,0.536984,"[606, 468, 779, 625]",0.029511,0.294,,"{""0"": 250, ""1"": 250, ""2"": null, ""3"": null, ""4"": null, ""5"": null, ""6"": null, ""7"": null}","{""0"": 0.0, ""1"": 0.0, ""2"": null, ""3"": null, ""4"": null, ""5"": null, ""6"": null, ""7"": null}","{""0"": 250, ""1"": 250}",250,1,0,0,0,0.294,ultrasonic-not-close,KEEP_PAUSED,left,right,,0
74,2026-08-02T01:59:29.963+09:00,12.045,73,6.15,0,DRIVING,,0,1,1,0,0,0,-0.018391,2.657,7272,18,0.033319,0.033319,0,747,unknown,1,obstacle-car,0.528113,"[606, 468, 779, 625]",0.029586,0.353,,"{""0"": 250, ""1"": 250, ""2"": null, ""3"": null, ""4"": null, ""5"": null, ""6"": null, ""7"": null}","{""0"": 0.0, ""1"": 0.0, ""2"": null, ""3"": null, ""4"": null, ""5"": null, ""6"": null, ""7"": null}","{""0"": 250, ""1"": 250}",250,1,0,0,0,0.353,ultrasonic-not-close,KEEP_PAUSED,left,right,,0
75,2026-08-02T01:59:30.189+09:00,12.271,74,6.12,0,DRIVING,,0,1,1,0,0,0,-0.018403,2.658,7272,18,0.033296,0.033296,0,747,unknown,1,obstacle-car,0.547201,"[606, 467, 779, 625]",0.029749,0.359,,"{""0"": 250, ""1"": 250, ""2"": null, ""3"": null, ""4"": null, ""5"": null, ""6"": null, ""7"": null}","{""0"": 0.0, ""1"": 0.0, ""2"": null, ""3"": null, ""4"": null, ""5"": null, ""6"": null, ""7"": null}","{""0"": 250, ""1"": 250}",250,1,0,0,0,0.359,ultrasonic-not-close,KEEP_PAUSED,left,right,,0
76,2026-08-02T01:59:30.377+09:00,12.459,75,6.11,0,DRIVING,,0,1,1,0,0,0,-0.019533,2.658,7284,21,0.037314,0.037314,0,746,green,1,obstacle-car,0.547201,"[606, 467, 779, 625]",0.029749,0.546,,"{""0"": 250, ""1"": 250, ""2"": null, ""3"": null, ""4"": null, ""5"": null, ""6"": null, ""7"": null}","{""0"": 0.0, ""1"": 0.0, ""2"": null, ""3"": null, ""4"": null, ""5"": null, ""6"": null, ""7"": null}","{""0"": 250, ""1"": 250}",250,1,0,0,0,0.546,ultrasonic-not-close,KEEP_PAUSED,left,right,,0
77,2026-08-02T01:59:30.474+09:00,12.557,76,6.14,0,DRIVING,,0,1,1,0,0,0,0.001175,2.670,7527,2,-0.037881,-0.037881,0,747,green,1,obstacle-car,0.523870,"[606, 468, 779, 625]",0.029555,0.479,,"{""0"": 250, ""1"": 250, ""2"": null, ""3"": null, ""4"": null, ""5"": null, ""6"": null, ""7"": null}","{""0"": 0.0, ""1"": 0.0, ""2"": null, ""3"": null, ""4"": null, ""5"": null, ""6"": null, ""7"": null}","{""0"": 250, ""1"": 250}",250,1,0,0,0,0.479,ultrasonic-not-close,KEEP_PAUSED,left,right,,0
78,2026-08-02T01:59:30.652+09:00,12.735,77,6.13,0,DRIVING,,0,1,1,0,0,0,0.001175,2.685,7517,2,-0.027151,-0.027151,0,747,unknown,0,unknown,0.000000,null,0.000000,0.245,,"{""0"": 250, ""1"": 250, ""2"": null, ""3"": null, ""4"": null, ""5"": null, ""6"": null, ""7"": null}","{""0"": 0.0, ""1"": 0.0, ""2"": null, ""3"": null, ""4"": null, ""5"": null, ""6"": null, ""7"": null}","{""0"": 250, ""1"": 250}",250,1,0,0,0,0.245,ultrasonic-not-close,KEEP_PAUSED,left,right,,0
79,2026-08-02T01:59:30.830+09:00,12.913,78,6.13,0,DRIVING,,0,1,1,0,0,0,0.001175,2.696,7538,2,-0.019640,-0.019640,0,746,unknown,0,unknown,0.000000,null,0.000000,0.423,,"{""0"": 250, ""1"": 250, ""2"": null, ""3"": null, ""4"": null, ""5"": null, ""6"": null, ""7"": null}","{""0"": 0.0, ""1"": 0.0, ""2"": null, ""3"": null, ""4"": null, ""5"": null, ""6"": null, ""7"": null}","{""0"": 250, ""1"": 250}",250,1,0,0,0,0.423,ultrasonic-not-close,KEEP_PAUSED,left,right,,0
80,2026-08-02T01:59:30.997+09:00,13.080,79,6.13,0,DRIVING,,0,1,1,0,0,0,0.001175,2.702,7498,2,-0.014382,-0.014382,0,747,unknown,0,unknown,0.000000,null,0.000000,0.493,,"{""0"": 250, ""1"": 250, ""2"": null, ""3"": null, ""4"": null, ""5"": null, ""6"": null, ""7"": null}","{""0"": 0.0, ""1"": 0.0, ""2"": null, ""3"": null, ""4"": null, ""5"": null, ""6"": null, ""7"": null}","{""0"": 250, ""1"": 250}",250,1,0,0,0,0.493,ultrasonic-not-close,KEEP_PAUSED,left,right,,0
81,2026-08-02T01:59:31.094+09:00,13.178,80,6.16,0,DRIVING,,0,1,1,0,0,0,0.002902,2.694,7552,2,-0.016919,-0.016919,0,746,unknown,0,unknown,0.000000,null,0.000000,0.411,,"{""0"": 250, ""1"": 250, ""2"": null, ""3"": null, ""4"": null, ""5"": null, ""6"": null, ""7"": null}","{""0"": 0.0, ""1"": 0.0, ""2"": null, ""3"": null, ""4"": null, ""5"": null, ""6"": null, ""7"": null}","{""0"": 250, ""1"": 250}",250,1,0,0,0,0.411,ultrasonic-not-close,KEEP_PAUSED,left,right,,0
82,2026-08-02T01:59:31.258+09:00,13.341,81,6.16,0,DRIVING,,0,1,1,0,0,0,0.003560,2.671,7620,0,-0.015781,-0.015781,0,747,unknown,0,unknown,0.000000,null,0.000000,0.397,,"{""0"": 250, ""1"": 250, ""2"": null, ""3"": null, ""4"": null, ""5"": null, ""6"": null, ""7"": null}","{""0"": 0.0, ""1"": 0.0, ""2"": null, ""3"": null, ""4"": null, ""5"": null, ""6"": null, ""7"": null}","{""0"": 250, ""1"": 250}",250,1,0,0,0,0.397,ultrasonic-not-close,KEEP_PAUSED,left,right,,0
83,2026-08-02T01:59:31.487+09:00,13.570,82,6.13,0,DRIVING,,0,1,1,0,0,0,0.003396,2.649,7579,0,-0.012377,-0.012377,0,747,unknown,0,unknown,0.000000,null,0.000000,0.362,,"{""0"": 250, ""1"": 250, ""2"": null, ""3"": null, ""4"": null, ""5"": null, ""6"": null, ""7"": null}","{""0"": 0.0, ""1"": 0.0, ""2"": null, ""3"": null, ""4"": null, ""5"": null, ""6"": null, ""7"": null}","{""0"": 250, ""1"": 250}",250,1,0,0,0,0.362,ultrasonic-not-close,KEEP_PAUSED,left,right,,0
84,2026-08-02T01:59:31.664+09:00,13.746,83,6.12,0,DRIVING,,0,1,1,0,0,0,0.001175,2.664,7443,0,-0.002502,-0.002502,0,746,unknown,0,unknown,0.000000,null,0.000000,0.538,,"{""0"": 250, ""1"": 250, ""2"": null, ""3"": null, ""4"": null, ""5"": null, ""6"": null, ""7"": null}","{""0"": 0.0, ""1"": 0.0, ""2"": null, ""3"": null, ""4"": null, ""5"": null, ""6"": null, ""7"": null}","{""0"": 250, ""1"": 250}",250,1,0,0,0,0.538,ultrasonic-not-close,KEEP_PAUSED,left,right,,0
85,2026-08-02T01:59:31.828+09:00,13.911,84,6.12,0,DRIVING,,0,1,1,0,0,0,0.001175,2.679,7596,2,-0.002386,-0.002386,0,747,unknown,0,unknown,0.000000,null,0.000000,0.536,,"{""0"": 250, ""1"": 250, ""2"": null, ""3"": null, ""4"": null, ""5"": null, ""6"": null, ""7"": null}","{""0"": 0.0, ""1"": 0.0, ""2"": null, ""3"": null, ""4"": null, ""5"": null, ""6"": null, ""7"": null}","{""0"": 250, ""1"": 250}",250,1,0,0,0,0.536,ultrasonic-not-close,KEEP_PAUSED,left,right,,0
86,2026-08-02T01:59:31.956+09:00,14.038,85,6.13,0,DRIVING,,0,1,1,0,0,0,0.001175,2.692,7521,0,-0.002304,-0.002304,0,746,unknown,0,unknown,0.000000,null,0.000000,0.438,,"{""0"": 250, ""1"": 250, ""2"": null, ""3"": null, ""4"": null, ""5"": null, ""6"": null, ""7"": null}","{""0"": 0.0, ""1"": 0.0, ""2"": null, ""3"": null, ""4"": null, ""5"": null, ""6"": null, ""7"": null}","{""0"": 250, ""1"": 250}",250,1,0,0,0,0.438,ultrasonic-not-close,KEEP_PAUSED,left,right,,0
87,2026-08-02T01:59:32.065+09:00,14.148,86,6.16,0,DRIVING,,0,1,1,0,0,0,0.001175,2.696,7388,0,-0.002247,-0.002247,0,747,unknown,0,unknown,0.000000,null,0.000000,0.208,,"{""0"": 250, ""1"": 250, ""2"": null, ""3"": null, ""4"": null, ""5"": null, ""6"": null, ""7"": null}","{""0"": 0.0, ""1"": 0.0, ""2"": null, ""3"": null, ""4"": null, ""5"": null, ""6"": null, ""7"": null}","{""0"": 250, ""1"": 250}",250,1,0,0,0,0.208,ultrasonic-not-close,KEEP_PAUSED,left,right,,0
88,2026-08-02T01:59:32.291+09:00,14.374,87,6.13,0,DRIVING,,0,1,1,0,0,0,0.001476,2.696,7419,0,-0.003292,-0.003292,0,746,unknown,0,unknown,0.000000,null,0.000000,0.434,,"{""0"": 250, ""1"": 250, ""2"": null, ""3"": null, ""4"": null, ""5"": null, ""6"": null, ""7"": null}","{""0"": 0.0, ""1"": 0.0, ""2"": null, ""3"": null, ""4"": null, ""5"": null, ""6"": null, ""7"": null}","{""0"": 250, ""1"": 250}",250,1,0,0,0,0.434,ultrasonic-not-close,KEEP_PAUSED,left,right,,0
89,2026-08-02T01:59:32.457+09:00,14.539,88,6.13,0,DRIVING,,0,1,1,0,0,0,-0.010530,2.695,7415,0,0.040121,0.040121,0,747,unknown,1,obstacle-car,0.623788,"[607, 438, 780, 624]",0.034808,0.469,,"{""0"": 250, ""1"": 250, ""2"": null, ""3"": null, ""4"": null, ""5"": null, ""6"": null, ""7"": null}","{""0"": 0.0, ""1"": 0.0, ""2"": null, ""3"": null, ""4"": null, ""5"": null, ""6"": null, ""7"": null}","{""0"": 250, ""1"": 250}",250,1,0,0,0,0.469,ultrasonic-not-close,KEEP_PAUSED,left,right,,0
90,2026-08-02T01:59:32.558+09:00,14.640,89,6.16,0,DRIVING,,0,1,1,0,0,0,0.004121,2.696,7389,0,-0.018974,-0.018974,0,747,unknown,1,obstacle-car,0.575540,"[605, 457, 781, 624]",0.031902,0.458,,"{""0"": 250, ""1"": 250, ""2"": null, ""3"": null, ""4"": null, ""5"": null, ""6"": null, ""7"": null}","{""0"": 0.0, ""1"": 0.0, ""2"": null, ""3"": null, ""4"": null, ""5"": null, ""6"": null, ""7"": null}","{""0"": 250, ""1"": 250}",250,1,0,0,0,0.458,ultrasonic-not-close,KEEP_PAUSED,left,right,,0
91,2026-08-02T01:59:32.726+09:00,14.808,90,6.15,0,DRIVING,,0,1,1,0,0,0,-0.011410,2.697,7374,0,0.040404,0.040404,0,747,unknown,1,obstacle-car,0.586039,"[606, 454, 781, 625]",0.032617,0.236,,"{""0"": 250, ""1"": 250, ""2"": null, ""3"": null, ""4"": null, ""5"": null, ""6"": null, ""7"": null}","{""0"": 0.0, ""1"": 0.0, ""2"": null, ""3"": null, ""4"": null, ""5"": null, ""6"": null, ""7"": null}","{""0"": 250, ""1"": 250}",250,1,0,0,0,0.236,ultrasonic-not-close,KEEP_PAUSED,left,right,,0
92,2026-08-02T01:59:32.953+09:00,15.035,91,6.13,0,DRIVING,,0,1,1,0,0,0,-0.013329,2.696,7403,0,0.041353,0.041353,0,746,unknown,1,obstacle-car,0.557607,"[607, 465, 780, 627]",0.030364,0.365,,"{""0"": 250, ""1"": 250, ""2"": null, ""3"": null, ""4"": null, ""5"": null, ""6"": null, ""7"": null}","{""0"": 0.0, ""1"": 0.0, ""2"": null, ""3"": null, ""4"": null, ""5"": null, ""6"": null, ""7"": null}","{""0"": 250, ""1"": 250}",250,1,0,0,0,0.365,ultrasonic-not-close,KEEP_PAUSED,left,right,,0
93,2026-08-02T01:59:33.133+09:00,15.215,92,6.12,0,DRIVING,,0,1,1,0,0,0,-0.014197,2.699,7282,67,0.039268,0.039268,0,747,unknown,1,obstacle-car,0.557607,"[607, 465, 780, 627]",0.030364,0.544,,"{""0"": 250, ""1"": 250, ""2"": null, ""3"": null, ""4"": null, ""5"": null, ""6"": null, ""7"": null}","{""0"": 0.0, ""1"": 0.0, ""2"": null, ""3"": null, ""4"": null, ""5"": null, ""6"": null, ""7"": null}","{""0"": 250, ""1"": 250}",250,1,0,0,0,0.544,ultrasonic-not-close,KEEP_PAUSED,left,right,,0
94,2026-08-02T01:59:33.302+09:00,15.383,93,6.12,0,DRIVING,,0,1,1,0,0,0,-0.015337,2.694,7286,29,0.039258,0.039258,0,747,green,1,obstacle-car,0.609800,"[607, 466, 780, 627]",0.030417,0.542,,"{""0"": 250, ""1"": 250, ""2"": null, ""3"": null, ""4"": null, ""5"": null, ""6"": null, ""7"": null}","{""0"": 0.0, ""1"": 0.0, ""2"": null, ""3"": null, ""4"": null, ""5"": null, ""6"": null, ""7"": null}","{""0"": 250, ""1"": 250}",250,1,0,0,0,0.542,ultrasonic-not-close,KEEP_PAUSED,left,right,,0
95,2026-08-02T01:59:33.412+09:00,15.494,94,6.14,0,DRIVING,,0,1,1,0,0,0,-0.016517,2.690,7353,20,0.040012,0.040012,0,746,green,1,obstacle-car,0.603004,"[607, 467, 780, 627]",0.030163,0.426,,"{""0"": 250, ""1"": 250, ""2"": null, ""3"": null, ""4"": null, ""5"": null, ""6"": null, ""7"": null}","{""0"": 0.0, ""1"": 0.0, ""2"": null, ""3"": null, ""4"": null, ""5"": null, ""6"": null, ""7"": null}","{""0"": 250, ""1"": 250}",250,1,0,0,0,0.426,ultrasonic-not-close,KEEP_PAUSED,left,right,,0
96,2026-08-02T01:59:33.555+09:00,15.637,95,6.15,0,DRIVING,,0,1,1,0,0,0,-0.019586,2.686,7313,56,0.047977,0.047977,0,747,unknown,1,obstacle-car,0.743936,"[0, 131, 638, 719]",0.406985,0.389,,"{""0"": 250, ""1"": 250, ""2"": null, ""3"": null, ""4"": null, ""5"": null, ""6"": null, ""7"": null}","{""0"": 0.0, ""1"": 0.0, ""2"": null, ""3"": null, ""4"": null, ""5"": null, ""6"": null, ""7"": null}","{""0"": 250, ""1"": 250}",250,1,0,0,0,0.389,ultrasonic-not-close,KEEP_PAUSED,left,right,,0
97,2026-08-02T01:59:33.711+09:00,15.793,96,6.15,0,DRIVING,,0,1,1,0,0,0,-0.020040,2.688,7335,56,0.045795,0.045795,0,746,unknown,1,obstacle-car,0.743936,"[0, 131, 638, 719]",0.406985,0.546,,"{""0"": 250, ""1"": 250, ""2"": null, ""3"": null, ""4"": null, ""5"": null, ""6"": null, ""7"": null}","{""0"": 0.0, ""1"": 0.0, ""2"": null, ""3"": null, ""4"": null, ""5"": null, ""6"": null, ""7"": null}","{""0"": 250, ""1"": 250}",250,1,0,0,0,0.546,ultrasonic-not-close,KEEP_PAUSED,left,right,,0
98,2026-08-02T01:59:33.912+09:00,15.994,97,6.13,0,DRIVING,,0,1,1,0,0,0,-0.020593,2.694,7302,88,0.044869,0.044869,0,747,unknown,0,unknown,0.000000,null,0.000000,0.466,,"{""0"": 250, ""1"": 250, ""2"": null, ""3"": null, ""4"": null, ""5"": null, ""6"": null, ""7"": null}","{""0"": 0.0, ""1"": 0.0, ""2"": null, ""3"": null, ""4"": null, ""5"": null, ""6"": null, ""7"": null}","{""0"": 250, ""1"": 250}",250,1,0,0,0,0.466,ultrasonic-not-close,KEEP_PAUSED,left,right,,0
99,2026-08-02T01:59:34.053+09:00,16.135,98,6.14,0,DRIVING,,0,1,1,0,0,0,-0.020942,2.692,7324,83,0.043785,0.043785,0,747,unknown,0,unknown,0.000000,null,0.000000,0.466,,"{""0"": 250, ""1"": 250, ""2"": null, ""3"": null, ""4"": null, ""5"": null, ""6"": null, ""7"": null}","{""0"": 0.0, ""1"": 0.0, ""2"": null, ""3"": null, ""4"": null, ""5"": null, ""6"": null, ""7"": null}","{""0"": 250, ""1"": 250}",250,1,0,0,0,0.466,ultrasonic-not-close,KEEP_PAUSED,left,right,,0
100,2026-08-02T01:59:34.206+09:00,16.289,99,6.15,0,DRIVING,,0,1,1,0,0,0,-0.018012,2.686,7339,39,0.031408,0.031408,0,747,unknown,1,obstacle-car,0.513221,"[0, 0, 865, 713]",0.669428,0.464,,"{""0"": 250, ""1"": 250, ""2"": null, ""3"": null, ""4"": null, ""5"": null, ""6"": null, ""7"": null}","{""0"": 0.0, ""1"": 0.0, ""2"": null, ""3"": null, ""4"": null, ""5"": null, ""6"": null, ""7"": null}","{""0"": 250, ""1"": 250}",250,1,0,0,0,0.464,ultrasonic-not-close,KEEP_PAUSED,left,right,,0
101,2026-08-02T01:59:34.312+09:00,16.395,100,6.17,0,DRIVING,,0,1,1,0,0,0,-0.018181,2.679,7316,29,0.032320,0.032320,0,747,green,0,unknown,0.000000,null,0.000000,0.227,,"{""0"": 250, ""1"": 250, ""2"": null, ""3"": null, ""4"": null, ""5"": null, ""6"": null, ""7"": null}","{""0"": 0.0, ""1"": 0.0, ""2"": null, ""3"": null, ""4"": null, ""5"": null, ""6"": null, ""7"": null}","{""0"": 250, ""1"": 250}",250,1,0,0,0,0.227,ultrasonic-not-close,KEEP_PAUSED,left,right,,0
102,2026-08-02T01:59:34.512+09:00,16.594,101,6.15,0,DRIVING,,0,1,1,0,0,0,-0.018174,2.675,7294,29,0.032416,0.032416,0,746,unknown,0,unknown,0.000000,null,0.000000,0.274,,"{""0"": 250, ""1"": 250, ""2"": null, ""3"": null, ""4"": null, ""5"": null, ""6"": null, ""7"": null}","{""0"": 0.0, ""1"": 0.0, ""2"": null, ""3"": null, ""4"": null, ""5"": null, ""6"": null, ""7"": null}","{""0"": 250, ""1"": 250}",250,1,0,0,0,0.274,ultrasonic-not-close,KEEP_PAUSED,left,right,,0
103,2026-08-02T01:59:34.680+09:00,16.761,102,6.15,0,DRIVING,,0,1,1,0,0,0,-0.018168,2.672,7294,29,0.032486,0.032486,0,747,unknown,0,unknown,0.000000,null,0.000000,0.441,,"{""0"": 250, ""1"": 250, ""2"": null, ""3"": null, ""4"": null, ""5"": null, ""6"": null, ""7"": null}","{""0"": 0.0, ""1"": 0.0, ""2"": null, ""3"": null, ""4"": null, ""5"": null, ""6"": null, ""7"": null}","{""0"": 250, ""1"": 250}",250,1,0,0,0,0.441,ultrasonic-not-close,KEEP_PAUSED,left,right,,0
104,2026-08-02T01:59:34.783+09:00,16.866,103,6.17,0,DRIVING,,0,1,1,0,0,0,-0.018203,2.667,7298,23,0.032676,0.032676,0,747,unknown,0,unknown,0.000000,null,0.000000,0.440,,"{""0"": 250, ""1"": 250, ""2"": null, ""3"": null, ""4"": null, ""5"": null, ""6"": null, ""7"": null}","{""0"": 0.0, ""1"": 0.0, ""2"": null, ""3"": null, ""4"": null, ""5"": null, ""6"": null, ""7"": null}","{""0"": 250, ""1"": 250}",250,1,0,0,0,0.440,ultrasonic-not-close,KEEP_PAUSED,left,right,,0
105,2026-08-02T01:59:34.950+09:00,17.032,104,6.17,0,DRIVING,,0,1,1,0,0,0,-0.018184,2.660,7310,23,0.032635,0.032635,0,746,unknown,1,obstacle-car,0.476068,"[606, 464, 780, 627]",0.030625,0.406,,"{""0"": 250, ""1"": 250, ""2"": null, ""3"": null, ""4"": null, ""5"": null, ""6"": null, ""7"": null}","{""0"": 0.0, ""1"": 0.0, ""2"": null, ""3"": null, ""4"": null, ""5"": null, ""6"": null, ""7"": null}","{""0"": 250, ""1"": 250}",250,1,0,0,0,0.406,ultrasonic-not-close,KEEP_PAUSED,left,right,,0
106,2026-08-02T01:59:35.129+09:00,17.211,105,6.17,0,DRIVING,,0,1,1,0,0,0,-0.018392,2.657,7292,34,0.033412,0.033412,0,746,unknown,1,obstacle-car,0.476068,"[606, 464, 780, 627]",0.030625,0.585,,"{""0"": 250, ""1"": 250, ""2"": null, ""3"": null, ""4"": null, ""5"": null, ""6"": null, ""7"": null}","{""0"": 0.0, ""1"": 0.0, ""2"": null, ""3"": null, ""4"": null, ""5"": null, ""6"": null, ""7"": null}","{""0"": 250, ""1"": 250}",250,1,0,0,0,0.585,ultrasonic-not-close,KEEP_PAUSED,left,right,,0
107,2026-08-02T01:59:35.308+09:00,17.390,106,6.16,0,DRIVING,,0,1,1,0,0,0,-0.018397,2.657,7279,18,0.033339,0.033339,0,746,unknown,1,obstacle-car,0.554402,"[607, 466, 780, 627]",0.030251,0.492,,"{""0"": 250, ""1"": 250, ""2"": null, ""3"": null, ""4"": null, ""5"": null, ""6"": null, ""7"": null}","{""0"": 0.0, ""1"": 0.0, ""2"": null, ""3"": null, ""4"": null, ""5"": null, ""6"": null, ""7"": null}","{""0"": 250, ""1"": 250}",250,1,0,0,0,0.492,ultrasonic-not-close,KEEP_PAUSED,left,right,,0
108,2026-08-02T01:59:35.490+09:00,17.571,107,6.15,0,DRIVING,,0,1,1,0,0,0,-0.018401,2.655,7288,29,0.033286,0.033286,0,747,unknown,1,obstacle-car,0.603675,"[607, 467, 780, 627]",0.030173,0.506,,"{""0"": 250, ""1"": 250, ""2"": null, ""3"": null, ""4"": null, ""5"": null, ""6"": null, ""7"": null}","{""0"": 0.0, ""1"": 0.0, ""2"": null, ""3"": null, ""4"": null, ""5"": null, ""6"": null, ""7"": null}","{""0"": 250, ""1"": 250}",250,1,0,0,0,0.506,ultrasonic-not-close,KEEP_PAUSED,left,right,,0
109,2026-08-02T01:59:35.681+09:00,17.763,108,6.14,0,DRIVING,,0,1,1,0,0,0,-0.018404,2.652,7277,29,0.033247,0.033247,0,747,unknown,1,obstacle-car,0.586718,"[607, 467, 780, 626]",0.029960,0.519,,"{""0"": 250, ""1"": 250, ""2"": null, ""3"": null, ""4"": null, ""5"": null, ""6"": null, ""7"": null}","{""0"": 0.0, ""1"": 0.0, ""2"": null, ""3"": null, ""4"": null, ""5"": null, ""6"": null, ""7"": null}","{""0"": 250, ""1"": 250}",250,1,0,0,0,0.519,ultrasonic-not-close,KEEP_PAUSED,left,right,,0
110,2026-08-02T01:59:35.780+09:00,17.862,109,6.16,0,DRIVING,,0,1,1,0,0,0,-0.017927,2.656,7244,20,0.031494,0.031494,0,747,unknown,1,obstacle-car,0.560552,"[607, 468, 780, 626]",0.029781,0.441,,"{""0"": 250, ""1"": 250, ""2"": null, ""3"": null, ""4"": null, ""5"": null, ""6"": null, ""7"": null}","{""0"": 0.0, ""1"": 0.0, ""2"": null, ""3"": null, ""4"": null, ""5"": null, ""6"": null, ""7"": null}","{""0"": 250, ""1"": 250}",250,1,0,0,0,0.441,ultrasonic-not-close,KEEP_PAUSED,left,right,,0
111,2026-08-02T01:59:35.979+09:00,18.061,110,6.15,0,DRIVING,,0,1,1,0,0,0,-0.018341,2.663,7239,39,0.033217,0.033217,0,747,unknown,1,obstacle-car,0.539835,"[606, 468, 780, 625]",0.029644,0.458,,"{""0"": 250, ""1"": 250, ""2"": null, ""3"": null, ""4"": null, ""5"": null, ""6"": null, ""7"": null}","{""0"": 0.0, ""1"": 0.0, ""2"": null, ""3"": null, ""4"": null, ""5"": null, ""6"": null, ""7"": null}","{""0"": 250, ""1"": 250}",250,1,0,0,0,0.458,ultrasonic-not-close,KEEP_PAUSED,left,right,,0
112,2026-08-02T01:59:36.149+09:00,18.230,111,6.15,0,DRIVING,,0,1,1,0,0,0,-0.018333,2.668,7239,34,0.033127,0.033127,0,747,unknown,1,obstacle-car,0.543368,"[606, 468, 780, 625]",0.029602,0.335,,"{""0"": 250, ""1"": 250, ""2"": null, ""3"": null, ""4"": null, ""5"": null, ""6"": null, ""7"": null}","{""0"": 0.0, ""1"": 0.0, ""2"": null, ""3"": null, ""4"": null, ""5"": null, ""6"": null, ""7"": null}","{""0"": 250, ""1"": 250}",250,1,0,0,0,0.335,ultrasonic-not-close,KEEP_PAUSED,left,right,,0
113,2026-08-02T01:59:36.341+09:00,18.423,112,6.14,0,DRIVING,,0,1,1,0,0,0,-0.017845,2.672,7227,23,0.031332,0.031332,0,747,unknown,1,obstacle-car,0.543368,"[606, 468, 780, 625]",0.029602,0.527,,"{""0"": 250, ""1"": 250, ""2"": null, ""3"": null, ""4"": null, ""5"": null, ""6"": null, ""7"": null}","{""0"": 0.0, ""1"": 0.0, ""2"": null, ""3"": null, ""4"": null, ""5"": null, ""6"": null, ""7"": null}","{""0"": 250, ""1"": 250}",250,1,0,0,0,0.527,ultrasonic-not-close,KEEP_PAUSED,left,right,,0
114,2026-08-02T01:59:36.599+09:00,18.680,113,6.11,0,DRIVING,,0,1,1,0,0,0,-0.017826,2.675,7227,20,0.031501,0.031501,0,746,unknown,1,obstacle-car,0.508060,"[606, 468, 779, 625]",0.029526,0.416,,"{""0"": 250, ""1"": 250, ""2"": null, ""3"": null, ""4"": null, ""5"": null, ""6"": null, ""7"": null}","{""0"": 0.0, ""1"": 0.0, ""2"": null, ""3"": null, ""4"": null, ""5"": null, ""6"": null, ""7"": null}","{""0"": 250, ""1"": 250}",250,1,0,0,0,0.416,ultrasonic-not-close,KEEP_PAUSED,left,right,,0
115,2026-08-02T01:59:36.821+09:00,18.902,114,6.09,0,DRIVING,,0,1,1,0,0,0,-0.017785,2.677,7227,23,0.031528,0.031528,0,747,unknown,1,obstacle-car,0.498678,"[606, 468, 779, 625]",0.029393,0.448,,"{""0"": 250, ""1"": 250, ""2"": null, ""3"": null, ""4"": null, ""5"": null, ""6"": null, ""7"": null}","{""0"": 0.0, ""1"": 0.0, ""2"": null, ""3"": null, ""4"": null, ""5"": null, ""6"": null, ""7"": null}","{""0"": 250, ""1"": 250}",250,1,0,0,0,0.448,ultrasonic-not-close,KEEP_PAUSED,left,right,,0
116,2026-08-02T01:59:37.001+09:00,19.083,115,6.08,0,DRIVING,,0,1,1,0,0,0,-0.018233,2.679,7239,39,0.033287,0.033287,0,747,unknown,1,obstacle-car,0.498678,"[606, 468, 779, 625]",0.029393,0.628,,"{""0"": 250, ""1"": 250, ""2"": null, ""3"": null, ""4"": null, ""5"": null, ""6"": null, ""7"": null}","{""0"": 0.0, ""1"": 0.0, ""2"": null, ""3"": null, ""4"": null, ""5"": null, ""6"": null, ""7"": null}","{""0"": 250, ""1"": 250}",250,1,0,0,0,0.628,ultrasonic-not-close,KEEP_PAUSED,left,right,,0
117,2026-08-02T01:59:37.116+09:00,19.198,116,6.10,0,DRIVING,,0,1,1,0,0,0,-0.018278,2.680,7239,39,0.033308,0.033308,0,747,unknown,1,obstacle-car,0.506269,"[606, 468, 779, 625]",0.029549,0.486,,"{""0"": 250, ""1"": 250, ""2"": null, ""3"": null, ""4"": null, ""5"": null, ""6"": null, ""7"": null}","{""0"": 0.0, ""1"": 0.0, ""2"": null, ""3"": null, ""4"": null, ""5"": null, ""6"": null, ""7"": null}","{""0"": 250, ""1"": 250}",250,1,0,0,0,0.486,ultrasonic-not-close,KEEP_PAUSED,left,right,,0
118,2026-08-02T01:59:37.280+09:00,19.361,117,6.10,0,DRIVING,,0,1,1,0,0,0,-0.017831,2.681,7227,23,0.031577,0.031577,0,747,unknown,1,obstacle-car,0.518846,"[606, 468, 779, 626]",0.029600,0.426,,"{""0"": 250, ""1"": 250, ""2"": null, ""3"": null, ""4"": null, ""5"": null, ""6"": null, ""7"": null}","{""0"": 0.0, ""1"": 0.0, ""2"": null, ""3"": null, ""4"": null, ""5"": null, ""6"": null, ""7"": null}","{""0"": 250, ""1"": 250}",250,1,0,0,0,0.426,ultrasonic-not-close,KEEP_PAUSED,left,right,,0
119,2026-08-02T01:59:37.404+09:00,19.487,118,6.11,0,DRIVING,,0,1,1,0,0,0,-0.018295,2.681,7244,56,0.033403,0.033403,0,747,unknown,1,obstacle-car,0.504851,"[606, 468, 779, 625]",0.029472,0.256,,"{""0"": 250, ""1"": 250, ""2"": null, ""3"": null, ""4"": null, ""5"": null, ""6"": null, ""7"": null}","{""0"": 0.0, ""1"": 0.0, ""2"": null, ""3"": null, ""4"": null, ""5"": null, ""6"": null, ""7"": null}","{""0"": 250, ""1"": 250}",250,1,0,0,0,0.256,ultrasonic-not-close,KEEP_PAUSED,left,right,,0
120,2026-08-02T01:59:37.614+09:00,19.696,119,6.10,0,DRIVING,,0,1,1,0,0,0,-0.017844,2.681,7227,20,0.031637,0.031637,0,747,unknown,1,obstacle-car,0.499375,"[606, 468, 779, 625]",0.029422,0.304,,"{""0"": 250, ""1"": 250, ""2"": null, ""3"": null, ""4"": null, ""5"": null, ""6"": null, ""7"": null}","{""0"": 0.0, ""1"": 0.0, ""2"": null, ""3"": null, ""4"": null, ""5"": null, ""6"": null, ""7"": null}","{""0"": 250, ""1"": 250}",250,1,0,0,0,0.304,ultrasonic-not-close,KEEP_PAUSED,left,right,,0
121,2026-08-02T01:59:37.795+09:00,19.877,120,6.09,0,DRIVING,,0,1,1,0,0,0,-0.018306,2.682,7239,67,0.033445,0.033445,0,747,unknown,1,obstacle-car,0.498945,"[606, 468, 779, 625]",0.029467,0.358,,"{""0"": 250, ""1"": 250, ""2"": null, ""3"": null, ""4"": null, ""5"": null, ""6"": null, ""7"": null}","{""0"": 0.0, ""1"": 0.0, ""2"": null, ""3"": null, ""4"": null, ""5"": null, ""6"": null, ""7"": null}","{""0"": 250, ""1"": 250}",250,1,0,0,0,0.358,ultrasonic-not-close,KEEP_PAUSED,left,right,,0
122,2026-08-02T01:59:38.001+09:00,20.083,121,6.08,0,DRIVING,,0,1,1,0,0,0,-0.018305,2.681,7244,42,0.033295,0.033295,0,746,unknown,1,obstacle-car,0.498945,"[606, 468, 779, 625]",0.029467,0.564,,"{""0"": 250, ""1"": 250, ""2"": null, ""3"": null, ""4"": null, ""5"": null, ""6"": null, ""7"": null}","{""0"": 0.0, ""1"": 0.0, ""2"": null, ""3"": null, ""4"": null, ""5"": null, ""6"": null, ""7"": null}","{""0"": 250, ""1"": 250}",250,1,0,0,0,0.564,ultrasonic-not-close,KEEP_PAUSED,left,right,,0
123,2026-08-02T01:59:38.171+09:00,20.252,122,6.08,0,DRIVING,,0,1,1,0,0,0,-0.018332,2.682,7239,39,0.033288,0.033288,0,747,unknown,1,obstacle-car,0.512507,"[606, 468, 779, 625]",0.029444,0.524,,"{""0"": 250, ""1"": 250, ""2"": null, ""3"": null, ""4"": null, ""5"": null, ""6"": null, ""7"": null}","{""0"": 0.0, ""1"": 0.0, ""2"": null, ""3"": null, ""4"": null, ""5"": null, ""6"": null, ""7"": null}","{""0"": 250, ""1"": 250}",250,1,0,0,0,0.524,ultrasonic-not-close,KEEP_PAUSED,left,right,,0
124,2026-08-02T01:59:38.273+09:00,20.355,123,6.10,0,DRIVING,,0,1,1,0,0,0,-0.018352,2.681,7244,61,0.033273,0.033273,0,747,unknown,1,obstacle-car,0.511579,"[606, 468, 779, 625]",0.029526,0.446,,"{""0"": 250, ""1"": 250, ""2"": null, ""3"": null, ""4"": null, ""5"": null, ""6"": null, ""7"": null}","{""0"": 0.0, ""1"": 0.0, ""2"": null, ""3"": null, ""4"": null, ""5"": null, ""6"": null, ""7"": null}","{""0"": 250, ""1"": 250}",250,1,0,0,0,0.446,ultrasonic-not-close,KEEP_PAUSED,left,right,,0
125,2026-08-02T01:59:38.444+09:00,20.526,124,6.10,0,DRIVING,,0,1,1,0,0,0,-0.018367,2.680,7244,67,0.033256,0.033256,0,747,unknown,1,obstacle-car,0.538627,"[606, 467, 779, 626]",0.029757,0.411,,"{""0"": 250, ""1"": 250, ""2"": null, ""3"": null, ""4"": null, ""5"": null, ""6"": null, ""7"": null}","{""0"": 0.0, ""1"": 0.0, ""2"": null, ""3"": null, ""4"": null, ""5"": null, ""6"": null, ""7"": null}","{""0"": 250, ""1"": 250}",250,1,0,0,0,0.411,ultrasonic-not-close,KEEP_PAUSED,left,right,,0
126,2026-08-02T01:59:38.650+09:00,20.732,125,6.08,0,DRIVING,,0,1,1,0,0,0,-0.018379,2.681,7239,67,0.033238,0.033238,0,747,unknown,1,obstacle-car,0.526381,"[606, 468, 779, 625]",0.029524,0.344,,"{""0"": 250, ""1"": 250, ""2"": null, ""3"": null, ""4"": null, ""5"": null, ""6"": null, ""7"": null}","{""0"": 0.0, ""1"": 0.0, ""2"": null, ""3"": null, ""4"": null, ""5"": null, ""6"": null, ""7"": null}","{""0"": 250, ""1"": 250}",250,1,0,0,0,0.344,ultrasonic-not-close,KEEP_PAUSED,left,right,,0
127,2026-08-02T01:59:38.843+09:00,20.915,126,6.08,0,DRIVING,,0,1,1,0,0,0,-0.018389,2.681,7244,61,0.033227,0.033227,0,746,unknown,1,obstacle-car,0.526381,"[606, 468, 779, 625]",0.029524,0.527,,"{""0"": 250, ""1"": 250, ""2"": null, ""3"": null, ""4"": null, ""5"": null, ""6"": null, ""7"": null}","{""0"": 0.0, ""1"": 0.0, ""2"": null, ""3"": null, ""4"": null, ""5"": null, ""6"": null, ""7"": null}","{""0"": 250, ""1"": 250}",250,1,0,0,0,0.527,ultrasonic-not-close,KEEP_PAUSED,left,right,,0
128,2026-08-02T01:59:39.014+09:00,21.096,127,6.07,0,DRIVING,,0,1,1,0,0,0,-0.017887,2.684,7220,20,0.031382,0.031382,0,747,unknown,1,obstacle-car,0.531116,"[606, 468, 779, 626]",0.029530,0.538,,"{""0"": 250, ""1"": 250, ""2"": null, ""3"": null, ""4"": null, ""5"": null, ""6"": null, ""7"": null}","{""0"": 0.0, ""1"": 0.0, ""2"": null, ""3"": null, ""4"": null, ""5"": null, ""6"": null, ""7"": null}","{""0"": 250, ""1"": 250}",250,1,0,0,0,0.538,ultrasonic-not-close,KEEP_PAUSED,left,right,,0
129,2026-08-02T01:59:39.170+09:00,21.252,128,6.08,0,DRIVING,,0,1,1,0,0,0,-0.018337,2.683,7244,39,0.033246,0.033246,0,747,unknown,1,obstacle-car,0.551207,"[606, 467, 779, 625]",0.029719,0.489,,"{""0"": 250, ""1"": 250, ""2"": null, ""3"": null, ""4"": null, ""5"": null, ""6"": null, ""7"": null}","{""0"": 0.0, ""1"": 0.0, ""2"": null, ""3"": null, ""4"": null, ""5"": null, ""6"": null, ""7"": null}","{""0"": 250, ""1"": 250}",250,1,0,0,0,0.489,ultrasonic-not-close,KEEP_PAUSED,left,right,,0
130,2026-08-02T01:59:39.276+09:00,21.357,129,6.09,0,DRIVING,,0,1,1,0,0,0,-0.018356,2.682,7244,39,0.033242,0.033242,0,747,unknown,1,obstacle-car,0.559744,"[606, 467, 779, 626]",0.029849,0.401,,"{""0"": 250, ""1"": 250, ""2"": null, ""3"": null, ""4"": null, ""5"": null, ""6"": null, ""7"": null}","{""0"": 0.0, ""1"": 0.0, ""2"": null, ""3"": null, ""4"": null, ""5"": null, ""6"": null, ""7"": null}","{""0"": 250, ""1"": 250}",250,1,0,0,0,0.401,ultrasonic-not-close,KEEP_PAUSED,left,right,,0
131,2026-08-02T01:59:39.506+09:00,21.587,130,6.07,0,DRIVING,,0,1,1,0,0,0,-0.018370,2.680,7240,47,0.033233,0.033233,0,746,unknown,1,obstacle-car,0.490569,"[606, 468, 779, 626]",0.029547,0.302,,"{""0"": 250, ""1"": 250, ""2"": null, ""3"": null, ""4"": null, ""5"": null, ""6"": null, ""7"": null}","{""0"": 0.0, ""1"": 0.0, ""2"": null, ""3"": null, ""4"": null, ""5"": null, ""6"": null, ""7"": null}","{""0"": 250, ""1"": 250}",250,1,0,0,0,0.302,ultrasonic-not-close,KEEP_PAUSED,left,right,,0
132,2026-08-02T01:59:39.666+09:00,21.748,131,6.08,0,DRIVING,,0,1,1,0,0,0,-0.018382,2.680,7244,55,0.033227,0.033227,0,746,unknown,1,obstacle-car,0.516870,"[606, 468, 779, 626]",0.029597,0.356,,"{""0"": 250, ""1"": 250, ""2"": null, ""3"": null, ""4"": null, ""5"": null, ""6"": null, ""7"": null}","{""0"": 0.0, ""1"": 0.0, ""2"": null, ""3"": null, ""4"": null, ""5"": null, ""6"": null, ""7"": null}","{""0"": 250, ""1"": 250}",250,1,0,0,0,0.356,ultrasonic-not-close,KEEP_PAUSED,left,right,,0
133,2026-08-02T01:59:39.773+09:00,21.856,132,6.09,0,DRIVING,,0,1,1,0,0,0,-0.017401,2.673,7297,56,0.029654,0.029654,0,747,unknown,1,obstacle-car,0.499776,"[606, 468, 779, 625]",0.029483,0.236,,"{""0"": 250, ""1"": 250, ""2"": null, ""3"": null, ""4"": null, ""5"": null, ""6"": null, ""7"": null}","{""0"": 0.0, ""1"": 0.0, ""2"": null, ""3"": null, ""4"": null, ""5"": null, ""6"": null, ""7"": null}","{""0"": 250, ""1"": 250}",250,1,0,0,0,0.236,ultrasonic-not-close,KEEP_PAUSED,left,right,,0
134,2026-08-02T01:59:39.891+09:00,21.973,133,6.10,0,DRIVING,,0,1,1,0,0,0,-0.017589,2.663,7293,56,0.030829,0.030829,0,747,unknown,1,obstacle-car,0.469488,"[607, 468, 780, 625]",0.029373,0.192,,"{""0"": 250, ""1"": 250, ""2"": null, ""3"": null, ""4"": null, ""5"": null, ""6"": null, ""7"": null}","{""0"": 0.0, ""1"": 0.0, ""2"": null, ""3"": null, ""4"": null, ""5"": null, ""6"": null, ""7"": null}","{""0"": 250, ""1"": 250}",250,1,0,0,0,0.192,ultrasonic-not-close,KEEP_PAUSED,left,right,,0
135,2026-08-02T01:59:40.146+09:00,22.228,134,6.08,0,DRIVING,,0,1,1,0,0,0,-0.017783,2.663,7276,29,0.031778,0.031778,0,747,unknown,1,obstacle-car,0.541242,"[607, 467, 780, 625]",0.029729,0.342,,"{""0"": 250, ""1"": 250, ""2"": null, ""3"": null, ""4"": null, ""5"": null, ""6"": null, ""7"": null}","{""0"": 0.0, ""1"": 0.0, ""2"": null, ""3"": null, ""4"": null, ""5"": null, ""6"": null, ""7"": null}","{""0"": 250, ""1"": 250}",250,1,0,0,0,0.342,ultrasonic-not-close,KEEP_PAUSED,left,right,,0
136,2026-08-02T01:59:40.372+09:00,22.453,135,6.06,0,DRIVING,,0,1,1,0,0,0,-0.018296,2.660,7307,39,0.033694,0.033694,0,747,unknown,1,obstacle-car,0.541242,"[607, 467, 780, 625]",0.029729,0.567,,"{""0"": 250, ""1"": 250, ""2"": null, ""3"": null, ""4"": null, ""5"": null, ""6"": null, ""7"": null}","{""0"": 0.0, ""1"": 0.0, ""2"": null, ""3"": null, ""4"": null, ""5"": null, ""6"": null, ""7"": null}","{""0"": 250, ""1"": 250}",250,1,0,0,0,0.567,ultrasonic-not-close,KEEP_PAUSED,left,right,,0
137,2026-08-02T01:59:40.550+09:00,22.631,136,6.06,0,DRIVING,,0,1,1,0,0,0,-0.018086,2.654,7291,34,0.032710,0.032710,0,746,unknown,1,obstacle-car,0.502789,"[607, 468, 780, 625]",0.029502,0.627,,"{""0"": 250, ""1"": 250, ""2"": null, ""3"": null, ""4"": null, ""5"": null, ""6"": null, ""7"": null}","{""0"": 0.0, ""1"": 0.0, ""2"": null, ""3"": null, ""4"": null, ""5"": null, ""6"": null, ""7"": null}","{""0"": 250, ""1"": 250}",250,1,0,0,0,0.627,ultrasonic-not-close,KEEP_PAUSED,left,right,,0
138,2026-08-02T01:59:40.698+09:00,22.780,137,6.06,0,DRIVING,,0,1,1,0,0,0,-0.018097,2.651,7277,34,0.032701,0.032701,0,747,unknown,1,obstacle-car,0.481247,"[607, 467, 780, 626]",0.029732,0.518,,"{""0"": 250, ""1"": 250, ""2"": null, ""3"": null, ""4"": null, ""5"": null, ""6"": null, ""7"": null}","{""0"": 0.0, ""1"": 0.0, ""2"": null, ""3"": null, ""4"": null, ""5"": null, ""6"": null, ""7"": null}","{""0"": 250, ""1"": 250}",250,1,0,0,0,0.518,ultrasonic-not-close,KEEP_PAUSED,left,right,,0
139,2026-08-02T01:59:40.802+09:00,22.883,138,6.08,0,DRIVING,,0,1,1,0,0,0,-0.018104,2.651,7272,67,0.032691,0.032691,0,746,unknown,1,obstacle-car,0.551940,"[606, 467, 780, 625]",0.029758,0.397,,"{""0"": 250, ""1"": 250, ""2"": null, ""3"": null, ""4"": null, ""5"": null, ""6"": null, ""7"": null}","{""0"": 0.0, ""1"": 0.0, ""2"": null, ""3"": null, ""4"": null, ""5"": null, ""6"": null, ""7"": null}","{""0"": 250, ""1"": 250}",250,1,0,0,0,0.397,ultrasonic-not-close,KEEP_PAUSED,left,right,,0
140,2026-08-02T01:59:41.018+09:00,23.100,139,6.07,0,DRIVING,,0,1,1,0,0,0,-0.018110,2.650,7277,67,0.032681,0.032681,0,746,unknown,1,obstacle-car,0.528393,"[606, 468, 779, 625]",0.029584,0.287,,"{""0"": 250, ""1"": 250, ""2"": null, ""3"": null, ""4"": null, ""5"": null, ""6"": null, ""7"": null}","{""0"": 0.0, ""1"": 0.0, ""2"": null, ""3"": null, ""4"": null, ""5"": null, ""6"": null, ""7"": null}","{""0"": 250, ""1"": 250}",250,1,0,0,0,0.287,ultrasonic-not-close,KEEP_PAUSED,left,right,,0
141,2026-08-02T01:59:41.152+09:00,23.234,140,6.07,0,DRIVING,,0,1,1,0,0,0,-0.018115,2.650,7268,67,0.032672,0.032672,0,747,unknown,1,obstacle-car,0.496943,"[606, 468, 779, 625]",0.029512,0.317,,"{""0"": 250, ""1"": 250, ""2"": null, ""3"": null, ""4"": null, ""5"": null, ""6"": null, ""7"": null}","{""0"": 0.0, ""1"": 0.0, ""2"": null, ""3"": null, ""4"": null, ""5"": null, ""6"": null, ""7"": null}","{""0"": 250, ""1"": 250}",250,1,0,0,0,0.317,ultrasonic-not-close,KEEP_PAUSED,left,right,,0
142,2026-08-02T01:59:41.340+09:00,23.422,141,6.07,0,DRIVING,,0,1,1,0,0,0,-0.018118,2.651,7270,42,0.032665,0.032665,0,747,unknown,1,obstacle-car,0.530096,"[606, 468, 779, 625]",0.029562,0.289,,"{""0"": 250, ""1"": 250, ""2"": null, ""3"": null, ""4"": null, ""5"": null, ""6"": null, ""7"": null}","{""0"": 0.0, ""1"": 0.0, ""2"": null, ""3"": null, ""4"": null, ""5"": null, ""6"": null, ""7"": null}","{""0"": 250, ""1"": 250}",250,1,0,0,0,0.289,ultrasonic-not-close,KEEP_PAUSED,left,right,,0
143,2026-08-02T01:59:41.531+09:00,23.613,142,6.06,0,DRIVING,,0,1,1,0,0,0,-0.018121,2.656,7253,47,0.032658,0.032658,0,746,unknown,1,obstacle-car,0.530096,"[606, 468, 779, 625]",0.029562,0.480,,"{""0"": 250, ""1"": 250, ""2"": null, ""3"": null, ""4"": null, ""5"": null, ""6"": null, ""7"": null}","{""0"": 0.0, ""1"": 0.0, ""2"": null, ""3"": null, ""4"": null, ""5"": null, ""6"": null, ""7"": null}","{""0"": 250, ""1"": 250}",250,1,0,0,0,0.480,ultrasonic-not-close,KEEP_PAUSED,left,right,,0
144,2026-08-02T01:59:41.715+09:00,23.796,143,6.06,0,DRIVING,,0,1,1,0,0,0,-0.018344,2.663,7239,55,0.033451,0.033451,0,747,unknown,1,obstacle-car,0.534324,"[606, 468, 779, 625]",0.029598,0.530,,"{""0"": 250, ""1"": 250, ""2"": null, ""3"": null, ""4"": null, ""5"": null, ""6"": null, ""7"": null}","{""0"": 0.0, ""1"": 0.0, ""2"": null, ""3"": null, ""4"": null, ""5"": null, ""6"": null, ""7"": null}","{""0"": 250, ""1"": 250}",250,1,0,0,0,0.530,ultrasonic-not-close,KEEP_PAUSED,left,right,,0
145,2026-08-02T01:59:41.889+09:00,23.970,144,6.05,0,DRIVING,,0,1,1,0,0,0,-0.018140,2.665,7248,55,0.032585,0.032585,0,747,unknown,1,obstacle-car,0.535746,"[606, 468, 779, 625]",0.029613,0.515,,"{""0"": 250, ""1"": 250, ""2"": null, ""3"": null, ""4"": null, ""5"": null, ""6"": null, ""7"": null}","{""0"": 0.0, ""1"": 0.0, ""2"": null, ""3"": null, ""4"": null, ""5"": null, ""6"": null, ""7"": null}","{""0"": 250, ""1"": 250}",250,1,0,0,0,0.515,ultrasonic-not-close,KEEP_PAUSED,left,right,,0
146,2026-08-02T01:59:42.040+09:00,24.122,145,8.36,0,DRIVING,full-reset;state:None->DRIVING;phase:None->KEEP_PAUSED,0,1,1,0,0,0,-0.011189,2.684,7227,20,0.020140,0.020140,0,747,unknown,0,obstacle-car,0.527381,null,0.000000,,,"{""0"": 250, ""1"": 250, ""2"": null, ""3"": null, ""4"": null, ""5"": null, ""6"": null, ""7"": null}","{""0"": 0.0, ""1"": 0.0, ""2"": null, ""3"": null, ""4"": null, ""5"": null, ""6"": null, ""7"": null}","{""0"": 250, ""1"": 250}",250,1,0,0,0,,ultrasonic-not-close,KEEP_PAUSED,left,right,,0
147,2026-08-02T01:59:42.149+09:00,24.232,146,8.70,0,DRIVING,,0,1,1,0,0,0,-0.013065,2.680,7253,55,0.026894,0.026894,0,747,unknown,1,obstacle-car,0.511451,"[606, 468, 779, 626]",0.029632,0.218,,"{""0"": 250, ""1"": 250, ""2"": null, ""3"": null, ""4"": null, ""5"": null, ""6"": null, ""7"": null}","{""0"": 0.0, ""1"": 0.0, ""2"": null, ""3"": null, ""4"": null, ""5"": null, ""6"": null, ""7"": null}","{""0"": 250, ""1"": 250}",250,1,0,0,0,0.218,ultrasonic-not-close,KEEP_PAUSED,left,right,,0
148,2026-08-02T01:59:42.354+09:00,24.435,147,6.93,0,DRIVING,,0,1,1,0,0,0,-0.014811,2.680,7244,42,0.032168,0.032168,0,747,unknown,1,obstacle-car,0.509675,"[606, 468, 779, 625]",0.029553,0.280,,"{""0"": 250, ""1"": 250, ""2"": null, ""3"": null, ""4"": null, ""5"": null, ""6"": null, ""7"": null}","{""0"": 0.0, ""1"": 0.0, ""2"": null, ""3"": null, ""4"": null, ""5"": null, ""6"": null, ""7"": null}","{""0"": 250, ""1"": 250}",250,1,0,0,0,0.280,ultrasonic-not-close,KEEP_PAUSED,left,right,,0
149,2026-08-02T01:59:42.539+09:00,24.621,148,6.47,0,DRIVING,,0,1,1,0,0,0,-0.015322,2.677,7253,67,0.032354,0.032354,0,746,unknown,1,obstacle-car,0.504410,"[606, 468, 779, 626]",0.029629,0.355,,"{""0"": 250, ""1"": 250, ""2"": null, ""3"": null, ""4"": null, ""5"": null, ""6"": null, ""7"": null}","{""0"": 0.0, ""1"": 0.0, ""2"": null, ""3"": null, ""4"": null, ""5"": null, ""6"": null, ""7"": null}","{""0"": 250, ""1"": 250}",250,1,0,0,0,0.355,ultrasonic-not-close,KEEP_PAUSED,left,right,,0
150,2026-08-02T01:59:42.711+09:00,24.793,149,6.33,0,DRIVING,,0,1,1,0,0,0,-0.016504,2.678,7244,39,0.035177,0.035177,0,747,unknown,1,obstacle-car,0.504410,"[606, 468, 779, 626]",0.029629,0.527,,"{""0"": 250, ""1"": 250, ""2"": null, ""3"": null, ""4"": null, ""5"": null, ""6"": null, ""7"": null}","{""0"": 0.0, ""1"": 0.0, ""2"": null, ""3"": null, ""4"": null, ""5"": null, ""6"": null, ""7"": null}","{""0"": 250, ""1"": 250}",250,1,0,0,0,0.527,ultrasonic-not-close,KEEP_PAUSED,left,right,,0
151,2026-08-02T01:59:42.872+09:00,24.954,150,6.30,0,DRIVING,,0,1,1,0,0,0,-0.016592,2.677,7248,67,0.033851,0.033851,0,747,unknown,1,obstacle-car,0.501442,"[606, 468, 779, 626]",0.029657,0.485,,"{""0"": 250, ""1"": 250, ""2"": null, ""3"": null, ""4"": null, ""5"": null, ""6"": null, ""7"": null}","{""0"": 0.0, ""1"": 0.0, ""2"": null, ""3"": null, ""4"": null, ""5"": null, ""6"": null, ""7"": null}","{""0"": 250, ""1"": 250}",250,1,0,0,0,0.485,ultrasonic-not-close,KEEP_PAUSED,left,right,,0
152,2026-08-02T01:59:43.004+09:00,25.086,151,6.46,0,DRIVING,,0,1,1,0,0,0,-0.017197,2.678,7239,67,0.034836,0.034836,0,746,unknown,1,obstacle-car,0.532855,"[606, 467, 779, 626]",0.029662,0.434,,"{""0"": 250, ""1"": 250, ""2"": null, ""3"": null, ""4"": null, ""5"": null, ""6"": null, ""7"": null}","{""0"": 0.0, ""1"": 0.0, ""2"": null, ""3"": null, ""4"": null, ""5"": null, ""6"": null, ""7"": null}","{""0"": 250, ""1"": 250}",250,1,0,0,0,0.434,ultrasonic-not-close,KEEP_PAUSED,left,right,,0
153,2026-08-02T01:59:43.109+09:00,25.189,152,6.74,0,DRIVING,,0,1,1,0,0,0,-0.017021,2.679,7237,23,0.033035,0.033035,0,746,unknown,1,obstacle-car,0.521862,"[606, 468, 779, 625]",0.029597,0.365,,"{""0"": 250, ""1"": 250, ""2"": null, ""3"": null, ""4"": null, ""5"": null, ""6"": null, ""7"": null}","{""0"": 0.0, ""1"": 0.0, ""2"": null, ""3"": null, ""4"": null, ""5"": null, ""6"": null, ""7"": null}","{""0"": 250, ""1"": 250}",250,1,0,0,0,0.365,ultrasonic-not-close,KEEP_PAUSED,left,right,,0
154,2026-08-02T01:59:43.353+09:00,25.435,153,6.28,0,DRIVING,,0,1,1,0,0,0,-0.017206,2.679,7237,23,0.032985,0.032985,0,747,unknown,1,obstacle-car,0.557823,"[606, 467, 779, 626]",0.029733,0.318,,"{""0"": 250, ""1"": 250, ""2"": null, ""3"": null, ""4"": null, ""5"": null, ""6"": null, ""7"": null}","{""0"": 0.0, ""1"": 0.0, ""2"": null, ""3"": null, ""4"": null, ""5"": null, ""6"": null, ""7"": null}","{""0"": 250, ""1"": 250}",250,1,0,0,0,0.318,ultrasonic-not-close,KEEP_PAUSED,left,right,,0
155,2026-08-02T01:59:43.474+09:00,25.556,154,6.44,0,DRIVING,,0,1,1,0,0,0,-0.017605,2.678,7248,39,0.033815,0.033815,0,747,unknown,1,obstacle-car,0.557823,"[606, 467, 779, 626]",0.029733,0.439,,"{""0"": 250, ""1"": 250, ""2"": null, ""3"": null, ""4"": null, ""5"": null, ""6"": null, ""7"": null}","{""0"": 0.0, ""1"": 0.0, ""2"": null, ""3"": null, ""4"": null, ""5"": null, ""6"": null, ""7"": null}","{""0"": 250, ""1"": 250}",250,1,0,0,0,0.439,ultrasonic-not-close,KEEP_PAUSED,left,right,,0
156,2026-08-02T01:59:43.601+09:00,25.683,155,6.55,0,DRIVING,,0,1,1,0,0,0,-0.017736,2.679,7227,20,0.033648,0.033648,0,746,unknown,1,obstacle-car,0.549838,"[606, 468, 779, 626]",0.029681,0.457,,"{""0"": 250, ""1"": 250, ""2"": null, ""3"": null, ""4"": null, ""5"": null, ""6"": null, ""7"": null}","{""0"": 0.0, ""1"": 0.0, ""2"": null, ""3"": null, ""4"": null, ""5"": null, ""6"": null, ""7"": null}","{""0"": 250, ""1"": 250}",250,1,0,0,0,0.457,ultrasonic-not-close,KEEP_PAUSED,left,right,,0
157,2026-08-02T01:59:43.716+09:00,25.799,156,6.68,0,DRIVING,,0,1,1,0,0,0,-0.018055,2.679,7244,39,0.034282,0.034282,0,747,unknown,1,obstacle-car,0.518082,"[606, 468, 779, 625]",0.029560,0.210,,"{""0"": 250, ""1"": 250, ""2"": null, ""3"": null, ""4"": null, ""5"": null, ""6"": null, ""7"": null}","{""0"": 0.0, ""1"": 0.0, ""2"": null, ""3"": null, ""4"": null, ""5"": null, ""6"": null, ""7"": null}","{""0"": 250, ""1"": 250}",250,1,0,0,0,0.210,ultrasonic-not-close,KEEP_PAUSED,left,right,,0
158,2026-08-02T01:59:43.917+09:00,25.999,157,6.51,0,DRIVING,,0,1,1,0,0,0,-0.018183,2.678,7248,47,0.034208,0.034208,0,747,unknown,1,obstacle-car,0.507576,"[606, 468, 779, 626]",0.029571,0.284,,"{""0"": 250, ""1"": 250, ""2"": null, ""3"": null, ""4"": null, ""5"": null, ""6"": null, ""7"": null}","{""0"": 0.0, ""1"": 0.0, ""2"": null, ""3"": null, ""4"": null, ""5"": null, ""6"": null, ""7"": null}","{""0"": 250, ""1"": 250}",250,1,0,0,0,0.284,ultrasonic-not-close,KEEP_PAUSED,left,right,,0
159,2026-08-02T01:59:44.096+09:00,26.178,158,6.43,0,DRIVING,,0,1,1,0,0,0,-0.018198,2.679,7239,55,0.033816,0.033816,0,746,unknown,1,obstacle-car,0.507576,"[606, 468, 779, 626]",0.029571,0.463,,"{""0"": 250, ""1"": 250, ""2"": null, ""3"": null, ""4"": null, ""5"": null, ""6"": null, ""7"": null}","{""0"": 0.0, ""1"": 0.0, ""2"": null, ""3"": null, ""4"": null, ""5"": null, ""6"": null, ""7"": null}","{""0"": 250, ""1"": 250}",250,1,0,0,0,0.463,ultrasonic-not-close,KEEP_PAUSED,left,right,,0
160,2026-08-02T01:59:44.278+09:00,26.360,159,6.36,0,DRIVING,,0,1,1,0,0,0,-0.018004,2.677,7253,67,0.032800,0.032800,0,747,unknown,1,obstacle-car,0.512950,"[606, 468, 779, 626]",0.029590,0.529,,"{""0"": 250, ""1"": 250, ""2"": null, ""3"": null, ""4"": null, ""5"": null, ""6"": null, ""7"": null}","{""0"": 0.0, ""1"": 0.0, ""2"": null, ""3"": null, ""4"": null, ""5"": null, ""6"": null, ""7"": null}","{""0"": 250, ""1"": 250}",250,1,0,0,0,0.529,ultrasonic-not-close,KEEP_PAUSED,left,right,,0
161,2026-08-02T01:59:44.450+09:00,26.532,160,6.32,0,DRIVING,,0,1,1,0,0,0,-0.018229,2.678,7239,47,0.033494,0.033494,0,747,unknown,1,obstacle-car,0.530096,"[606, 468, 779, 626]",0.029645,0.501,,"{""0"": 250, ""1"": 250, ""2"": null, ""3"": null, ""4"": null, ""5"": null, ""6"": null, ""7"": null}","{""0"": 0.0, ""1"": 0.0, ""2"": null, ""3"": null, ""4"": null, ""5"": null, ""6"": null, ""7"": null}","{""0"": 250, ""1"": 250}",250,1,0,0,0,0.501,ultrasonic-not-close,KEEP_PAUSED,left,right,,0
162,2026-08-02T01:59:44.633+09:00,26.715,161,6.27,0,DRIVING,,0,1,1,0,0,0,-0.018055,2.680,7227,23,0.032661,0.032661,0,746,unknown,1,obstacle-car,0.531857,"[606, 468, 779, 626]",0.029639,0.505,,"{""0"": 250, ""1"": 250, ""2"": null, ""3"": null, ""4"": null, ""5"": null, ""6"": null, ""7"": null}","{""0"": 0.0, ""1"": 0.0, ""2"": null, ""3"": null, ""4"": null, ""5"": null, ""6"": null, ""7"": null}","{""0"": 250, ""1"": 250}",250,1,0,0,0,0.505,ultrasonic-not-close,KEEP_PAUSED,left,right,,0
163,2026-08-02T01:59:44.812+09:00,26.893,162,6.22,0,DRIVING,,0,1,1,0,0,0,-0.018268,2.680,7244,39,0.033378,0.033378,0,747,unknown,1,obstacle-car,0.536409,"[606, 468, 779, 626]",0.029699,0.329,,"{""0"": 250, ""1"": 250, ""2"": null, ""3"": null, ""4"": null, ""5"": null, ""6"": null, ""7"": null}","{""0"": 0.0, ""1"": 0.0, ""2"": null, ""3"": null, ""4"": null, ""5"": null, ""6"": null, ""7"": null}","{""0"": 250, ""1"": 250}",250,1,0,0,0,0.329,ultrasonic-not-close,KEEP_PAUSED,left,right,,0
164,2026-08-02T01:59:44.912+09:00,26.995,163,6.35,0,DRIVING,,0,1,1,0,0,0,-0.018304,2.679,7244,67,0.033360,0.033360,0,747,unknown,1,obstacle-car,0.550023,"[606, 467, 779, 626]",0.029894,0.248,,"{""0"": 250, ""1"": 250, ""2"": null, ""3"": null, ""4"": null, ""5"": null, ""6"": null, ""7"": null}","{""0"": 0.0, ""1"": 0.0, ""2"": null, ""3"": null, ""4"": null, ""5"": null, ""6"": null, ""7"": null}","{""0"": 250, ""1"": 250}",250,1,0,0,0,0.248,ultrasonic-not-close,KEEP_PAUSED,left,right,,0
165,2026-08-02T01:59:45.127+09:00,27.209,164,6.24,0,DRIVING,,0,1,1,0,0,0,-0.018332,2.680,7239,67,0.033339,0.033339,0,747,unknown,1,obstacle-car,0.520665,"[606, 468, 779, 626]",0.029702,0.283,,"{""0"": 250, ""1"": 250, ""2"": null, ""3"": null, ""4"": null, ""5"": null, ""6"": null, ""7"": null}","{""0"": 0.0, ""1"": 0.0, ""2"": null, ""3"": null, ""4"": null, ""5"": null, ""6"": null, ""7"": null}","{""0"": 250, ""1"": 250}",250,1,0,0,0,0.283,ultrasonic-not-close,KEEP_PAUSED,left,right,,0
166,2026-08-02T01:59:45.259+09:00,27.341,165,6.29,0,DRIVING,,0,1,1,0,0,0,-0.018327,2.680,7244,42,0.033216,0.033216,0,747,unknown,1,obstacle-car,0.526003,"[606, 467, 779, 626]",0.029867,0.312,,"{""0"": 250, ""1"": 250, ""2"": null, ""3"": null, ""4"": null, ""5"": null, ""6"": null, ""7"": null}","{""0"": 0.0, ""1"": 0.0, ""2"": null, ""3"": null, ""4"": null, ""5"": null, ""6"": null, ""7"": null}","{""0"": 250, ""1"": 250}",250,1,0,0,0,0.312,ultrasonic-not-close,KEEP_PAUSED,left,right,,0
167,2026-08-02T01:59:45.449+09:00,27.531,166,6.23,0,DRIVING,,0,1,1,0,0,0,-0.018581,2.680,7244,39,0.034064,0.034064,0,747,unknown,1,obstacle-car,0.529567,"[606, 467, 779, 626]",0.029762,0.290,,"{""0"": 250, ""1"": 250, ""2"": null, ""3"": null, ""4"": null, ""5"": null, ""6"": null, ""7"": null}","{""0"": 0.0, ""1"": 0.0, ""2"": null, ""3"": null, ""4"": null, ""5"": null, ""6"": null, ""7"": null}","{""0"": 250, ""1"": 250}",250,1,0,0,0,0.290,ultrasonic-not-close,KEEP_PAUSED,left,right,,0
168,2026-08-02T01:59:45.640+09:00,27.722,167,6.18,0,DRIVING,,0,1,1,0,0,0,-0.018604,2.681,7239,47,0.033962,0.033962,0,748,unknown,1,obstacle-car,0.529567,"[606, 467, 779, 626]",0.029762,0.481,,"{""0"": 250, ""1"": 250, ""2"": null, ""3"": null, ""4"": null, ""5"": null, ""6"": null, ""7"": null}","{""0"": 0.0, ""1"": 0.0, ""2"": null, ""3"": null, ""4"": null, ""5"": null, ""6"": null, ""7"": null}","{""0"": 250, ""1"": 250}",250,1,0,0,0,0.481,ultrasonic-not-close,KEEP_PAUSED,left,right,,0
169,2026-08-02T01:59:45.821+09:00,27.902,168,6.15,0,DRIVING,,0,1,1,0,0,0,-0.018363,2.680,7240,55,0.032949,0.032949,0,746,unknown,1,obstacle-car,0.523127,"[606, 468, 779, 626]",0.029610,0.530,,"{""0"": 250, ""1"": 250, ""2"": null, ""3"": null, ""4"": null, ""5"": null, ""6"": null, ""7"": null}","{""0"": 0.0, ""1"": 0.0, ""2"": null, ""3"": null, ""4"": null, ""5"": null, ""6"": null, ""7"": null}","{""0"": 250, ""1"": 250}",250,1,0,0,0,0.530,ultrasonic-not-close,KEEP_PAUSED,left,right,,0
170,2026-08-02T01:59:45.928+09:00,28.010,169,6.24,0,DRIVING,,0,1,1,0,0,0,-0.017867,2.681,7227,18,0.031197,0.031197,0,747,unknown,1,obstacle-car,0.542386,"[606, 467, 779, 626]",0.029804,0.447,,"{""0"": 250, ""1"": 250, ""2"": null, ""3"": null, ""4"": null, ""5"": null, ""6"": null, ""7"": null}","{""0"": 0.0, ""1"": 0.0, ""2"": null, ""3"": null, ""4"": null, ""5"": null, ""6"": null, ""7"": null}","{""0"": 250, ""1"": 250}",250,1,0,0,0,0.447,ultrasonic-not-close,KEEP_PAUSED,left,right,,0
171,2026-08-02T01:59:46.051+09:00,28.134,170,6.29,0,DRIVING,,0,1,1,0,0,0,-0.017843,2.682,7227,20,0.031398,0.031398,0,747,unknown,1,obstacle-car,0.477510,"[606, 468, 779, 626]",0.029550,0.378,,"{""0"": 250, ""1"": 250, ""2"": null, ""3"": null, ""4"": null, ""5"": null, ""6"": null, ""7"": null}","{""0"": 0.0, ""1"": 0.0, ""2"": null, ""3"": null, ""4"": null, ""5"": null, ""6"": null, ""7"": null}","{""0"": 250, ""1"": 250}",250,1,0,0,0,0.378,ultrasonic-not-close,KEEP_PAUSED,left,right,,0
172,2026-08-02T01:59:46.272+09:00,28.353,171,6.20,0,DRIVING,,0,1,1,0,0,0,-0.018537,2.682,7239,39,0.034113,0.034113,0,746,unknown,1,obstacle-car,0.551503,"[606, 467, 779, 626]",0.029747,0.309,,"{""0"": 250, ""1"": 250, ""2"": null, ""3"": null, ""4"": null, ""5"": null, ""6"": null, ""7"": null}","{""0"": 0.0, ""1"": 0.0, ""2"": null, ""3"": null, ""4"": null, ""5"": null, ""6"": null, ""7"": null}","{""0"": 250, ""1"": 250}",250,1,0,0,0,0.309,ultrasonic-not-close,KEEP_PAUSED,left,right,,0
173,2026-08-02T01:59:46.460+09:00,28.541,172,6.17,0,DRIVING,,0,1,1,0,0,0,-0.018312,2.687,7211,20,0.033079,0.033079,0,746,unknown,1,obstacle-car,0.551503,"[606, 467, 779, 626]",0.029747,0.496,,"{""0"": 250, ""1"": 250, ""2"": null, ""3"": null, ""4"": null, ""5"": null, ""6"": null, ""7"": null}","{""0"": 0.0, ""1"": 0.0, ""2"": null, ""3"": null, ""4"": null, ""5"": null, ""6"": null, ""7"": null}","{""0"": 250, ""1"": 250}",250,1,0,0,0,0.496,ultrasonic-not-close,KEEP_PAUSED,left,right,,0
174,2026-08-02T01:59:46.558+09:00,28.640,173,6.25,0,DRIVING,,0,1,1,0,0,0,-0.018311,2.685,7244,67,0.033042,0.033042,0,747,unknown,1,obstacle-car,0.537761,"[606, 468, 779, 626]",0.029633,0.475,,"{""0"": 250, ""1"": 250, ""2"": null, ""3"": null, ""4"": null, ""5"": null, ""6"": null, ""7"": null}","{""0"": 0.0, ""1"": 0.0, ""2"": null, ""3"": null, ""4"": null, ""5"": null, ""6"": null, ""7"": null}","{""0"": 250, ""1"": 250}",250,1,0,0,0,0.475,ultrasonic-not-close,KEEP_PAUSED,left,right,,0
175,2026-08-02T01:59:46.748+09:00,28.830,174,6.21,0,DRIVING,,0,1,1,0,0,0,-0.018089,2.681,7253,42,0.032217,0.032217,0,747,unknown,1,obstacle-car,0.534648,"[606, 468, 779, 626]",0.029650,0.257,,"{""0"": 250, ""1"": 250, ""2"": null, ""3"": null, ""4"": null, ""5"": null, ""6"": null, ""7"": null}","{""0"": 0.0, ""1"": 0.0, ""2"": null, ""3"": null, ""4"": null, ""5"": null, ""6"": null, ""7"": null}","{""0"": 250, ""1"": 250}",250,1,0,0,0,0.257,ultrasonic-not-close,KEEP_PAUSED,left,right,,0
176,2026-08-02T01:59:46.883+09:00,28.965,175,6.25,0,DRIVING,,0,1,1,0,0,0,-0.017814,2.681,7237,20,0.031330,0.031330,0,746,unknown,1,obstacle-car,0.543346,"[606, 467, 779, 625]",0.029603,0.292,,"{""0"": 250, ""1"": 250, ""2"": null, ""3"": null, ""4"": null, ""5"": null, ""6"": null, ""7"": null}","{""0"": 0.0, ""1"": 0.0, ""2"": null, ""3"": null, ""4"": null, ""5"": null, ""6"": null, ""7"": null}","{""0"": 250, ""1"": 250}",250,1,0,0,0,0.292,ultrasonic-not-close,KEEP_PAUSED,left,right,,0
177,2026-08-02T01:59:47.082+09:00,29.165,176,6.20,0,DRIVING,,0,1,1,0,0,0,-0.018256,2.684,7246,55,0.033143,0.033143,0,747,unknown,1,obstacle-car,0.514551,"[606, 467, 779, 625]",0.029653,0.301,,"{""0"": 250, ""1"": 250, ""2"": null, ""3"": null, ""4"": null, ""5"": null, ""6"": null, ""7"": null}","{""0"": 0.0, ""1"": 0.0, ""2"": null, ""3"": null, ""4"": null, ""5"": null, ""6"": null, ""7"": null}","{""0"": 250, ""1"": 250}",250,1,0,0,0,0.301,ultrasonic-not-close,KEEP_PAUSED,left,right,,0
178,2026-08-02T01:59:47.265+09:00,29.347,177,6.17,0,DRIVING,,0,1,1,0,0,0,-0.018270,2.685,7251,39,0.033106,0.033106,0,746,unknown,1,obstacle-car,0.514551,"[606, 467, 779, 625]",0.029653,0.484,,"{""0"": 250, ""1"": 250, ""2"": null, ""3"": null, ""4"": null, ""5"": null, ""6"": null, ""7"": null}","{""0"": 0.0, ""1"": 0.0, ""2"": null, ""3"": null, ""4"": null, ""5"": null, ""6"": null, ""7"": null}","{""0"": 250, ""1"": 250}",250,1,0,0,0,0.484,ultrasonic-not-close,KEEP_PAUSED,left,right,,0
179,2026-08-02T01:59:47.369+09:00,29.451,178,6.24,0,DRIVING,,0,1,1,0,0,0,-0.018058,2.681,7253,39,0.032277,0.032277,0,747,unknown,1,obstacle-car,0.520875,"[606, 468, 779, 626]",0.029603,0.455,,"{""0"": 250, ""1"": 250, ""2"": null, ""3"": null, ""4"": null, ""5"": null, ""6"": null, ""7"": null}","{""0"": 0.0, ""1"": 0.0, ""2"": null, ""3"": null, ""4"": null, ""5"": null, ""6"": null, ""7"": null}","{""0"": 250, ""1"": 250}",250,1,0,0,0,0.455,ultrasonic-not-close,KEEP_PAUSED,left,right,,0
180,2026-08-02T01:59:47.588+09:00,29.670,179,6.17,0,DRIVING,,0,1,1,0,0,0,-0.018530,2.681,7244,55,0.034046,0.034046,0,746,unknown,1,obstacle-car,0.507810,"[606, 468, 779, 625]",0.029564,0.475,,"{""0"": 250, ""1"": 250, ""2"": null, ""3"": null, ""4"": null, ""5"": null, ""6"": null, ""7"": null}","{""0"": 0.0, ""1"": 0.0, ""2"": null, ""3"": null, ""4"": null, ""5"": null, ""6"": null, ""7"": null}","{""0"": 250, ""1"": 250}",250,1,0,0,0,0.475,ultrasonic-not-close,KEEP_PAUSED,left,right,,0
181,2026-08-02T01:59:47.708+09:00,29.790,180,6.22,0,DRIVING,,0,1,1,0,0,0,-0.018085,2.679,7248,39,0.032237,0.032237,0,746,unknown,1,obstacle-car,0.530059,"[606, 468, 779, 626]",0.029625,0.303,,"{""0"": 250, ""1"": 250, ""2"": null, ""3"": null, ""4"": null, ""5"": null, ""6"": null, ""7"": null}","{""0"": 0.0, ""1"": 0.0, ""2"": null, ""3"": null, ""4"": null, ""5"": null, ""6"": null, ""7"": null}","{""0"": 250, ""1"": 250}",250,1,0,0,0,0.303,ultrasonic-not-close,KEEP_PAUSED,left,right,,0
182,2026-08-02T01:59:47.921+09:00,30.003,181,6.17,0,DRIVING,,0,1,1,0,0,0,-0.018070,2.676,7253,67,0.032277,0.032277,0,747,unknown,1,obstacle-car,0.553792,"[606, 468, 779, 626]",0.029629,0.299,,"{""0"": 250, ""1"": 250, ""2"": null, ""3"": null, ""4"": null, ""5"": null, ""6"": null, ""7"": null}","{""0"": 0.0, ""1"": 0.0, ""2"": null, ""3"": null, ""4"": null, ""5"": null, ""6"": null, ""7"": null}","{""0"": 250, ""1"": 250}",250,1,0,0,0,0.299,ultrasonic-not-close,KEEP_PAUSED,left,right,,0
183,2026-08-02T01:59:48.097+09:00,30.179,182,6.15,0,DRIVING,,0,1,1,0,0,0,-0.018059,2.676,7248,34,0.032311,0.032311,0,747,unknown,1,obstacle-car,0.553792,"[606, 468, 779, 626]",0.029629,0.474,,"{""0"": 250, ""1"": 250, ""2"": null, ""3"": null, ""4"": null, ""5"": null, ""6"": null, ""7"": null}","{""0"": 0.0, ""1"": 0.0, ""2"": null, ""3"": null, ""4"": null, ""5"": null, ""6"": null, ""7"": null}","{""0"": 250, ""1"": 250}",250,1,0,0,0,0.474,ultrasonic-not-close,KEEP_PAUSED,left,right,,0
184,2026-08-02T01:59:48.234+09:00,30.317,183,6.18,0,DRIVING,,0,1,1,0,0,0,-0.018049,2.672,7274,67,0.032333,0.032333,0,747,unknown,1,obstacle-car,0.521779,"[606, 468, 779, 625]",0.029568,0.492,,"{""0"": 250, ""1"": 250, ""2"": null, ""3"": null, ""4"": null, ""5"": null, ""6"": null, ""7"": null}","{""0"": 0.0, ""1"": 0.0, ""2"": null, ""3"": null, ""4"": null, ""5"": null, ""6"": null, ""7"": null}","{""0"": 250, ""1"": 250}",250,1,0,0,0,0.492,ultrasonic-not-close,KEEP_PAUSED,left,right,,0
185,2026-08-02T01:59:48.418+09:00,30.500,184,6.16,0,DRIVING,,0,1,1,0,0,0,-0.017809,2.675,7227,23,0.031518,0.031518,0,747,unknown,1,obstacle-car,0.482510,"[606, 468, 779, 625]",0.029401,0.464,,"{""0"": 250, ""1"": 250, ""2"": null, ""3"": null, ""4"": null, ""5"": null, ""6"": null, ""7"": null}","{""0"": 0.0, ""1"": 0.0, ""2"": null, ""3"": null, ""4"": null, ""5"": null, ""6"": null, ""7"": null}","{""0"": 250, ""1"": 250}",250,1,0,0,0,0.464,ultrasonic-not-close,KEEP_PAUSED,left,right,,0
186,2026-08-02T01:59:48.522+09:00,30.604,185,6.21,0,DRIVING,,0,1,1,0,0,0,-0.018319,2.669,7263,67,0.033514,0.033514,0,747,unknown,1,obstacle-car,0.556563,"[606, 467, 779, 626]",0.029784,0.256,,"{""0"": 250, ""1"": 250, ""2"": null, ""3"": null, ""4"": null, ""5"": null, ""6"": null, ""7"": null}","{""0"": 0.0, ""1"": 0.0, ""2"": null, ""3"": null, ""4"": null, ""5"": null, ""6"": null, ""7"": null}","{""0"": 250, ""1"": 250}",250,1,0,0,0,0.256,ultrasonic-not-close,KEEP_PAUSED,left,right,,0
187,2026-08-02T01:59:48.697+09:00,30.779,186,6.20,0,DRIVING,,0,1,1,0,0,0,-0.018311,2.667,7297,43,0.033322,0.033322,0,747,unknown,1,obstacle-car,0.546210,"[606, 468, 779, 626]",0.029615,0.246,,"{""0"": 250, ""1"": 250, ""2"": null, ""3"": null, ""4"": null, ""5"": null, ""6"": null, ""7"": null}","{""0"": 0.0, ""1"": 0.0, ""2"": null, ""3"": null, ""4"": null, ""5"": null, ""6"": null, ""7"": null}","{""0"": 250, ""1"": 250}",250,1,0,0,0,0.246,ultrasonic-not-close,KEEP_PAUSED,left,right,,0
188,2026-08-02T01:59:48.820+09:00,30.902,187,6.23,0,DRIVING,,0,1,1,0,0,0,-0.018304,2.661,7297,67,0.033190,0.033190,0,747,unknown,1,obstacle-car,0.523506,"[606, 468, 780, 626]",0.029788,0.267,,"{""0"": 250, ""1"": 250, ""2"": null, ""3"": null, ""4"": null, ""5"": null, ""6"": null, ""7"": null}","{""0"": 0.0, ""1"": 0.0, ""2"": null, ""3"": null, ""4"": null, ""5"": null, ""6"": null, ""7"": null}","{""0"": 250, ""1"": 250}",250,1,0,0,0,0.267,ultrasonic-not-close,KEEP_PAUSED,left,right,,0
189,2026-08-02T01:59:49.060+09:00,31.142,188,6.16,0,DRIVING,,0,1,1,0,0,0,-0.018299,2.658,7306,61,0.033100,0.033100,0,747,unknown,1,obstacle-car,0.527060,"[606, 468, 780, 626]",0.029769,0.331,,"{""0"": 250, ""1"": 250, ""2"": null, ""3"": null, ""4"": null, ""5"": null, ""6"": null, ""7"": null}","{""0"": 0.0, ""1"": 0.0, ""2"": null, ""3"": null, ""4"": null, ""5"": null, ""6"": null, ""7"": null}","{""0"": 250, ""1"": 250}",250,1,0,0,0,0.331,ultrasonic-not-close,KEEP_PAUSED,left,right,,0
190,2026-08-02T01:59:49.213+09:00,31.294,189,6.17,0,DRIVING,,0,1,1,0,0,0,-0.018296,2.656,7272,67,0.033039,0.033039,0,747,unknown,1,obstacle-car,0.527060,"[606, 468, 780, 626]",0.029769,0.483,,"{""0"": 250, ""1"": 250, ""2"": null, ""3"": null, ""4"": null, ""5"": null, ""6"": null, ""7"": null}","{""0"": 0.0, ""1"": 0.0, ""2"": null, ""3"": null, ""4"": null, ""5"": null, ""6"": null, ""7"": null}","{""0"": 250, ""1"": 250}",250,1,0,0,0,0.483,ultrasonic-not-close,KEEP_PAUSED,left,right,,0
191,2026-08-02T01:59:49.373+09:00,31.455,190,6.17,0,DRIVING,,0,1,1,0,0,0,-0.018292,2.655,7272,67,0.032992,0.032992,0,747,unknown,1,obstacle-car,0.531812,"[606, 468, 780, 626]",0.029727,0.521,,"{""0"": 250, ""1"": 250, ""2"": null, ""3"": null, ""4"": null, ""5"": null, ""6"": null, ""7"": null}","{""0"": 0.0, ""1"": 0.0, ""2"": null, ""3"": null, ""4"": null, ""5"": null, ""6"": null, ""7"": null}","{""0"": 250, ""1"": 250}",250,1,0,0,0,0.521,ultrasonic-not-close,KEEP_PAUSED,left,right,,0
192,2026-08-02T01:59:49.499+09:00,31.581,191,6.20,1,DRIVING,phase:KEEP_PAUSED->KEEP,0,1,1,0,0,0,-0.018057,2.657,7258,67,0.032127,0.032127,255,747,unknown,1,obstacle-car,0.506321,"[606, 468, 780, 626]",0.029789,0.407,,"{""0"": 250, ""1"": 250, ""2"": null, ""3"": null, ""4"": null, ""5"": null, ""6"": null, ""7"": null}","{""0"": 0.0, ""1"": 0.0, ""2"": null, ""3"": null, ""4"": null, ""5"": null, ""6"": null, ""7"": null}","{""0"": 250, ""1"": 250}",250,1,0,0,0,0.407,ultrasonic-not-close,KEEP,left,right,,0
193,2026-08-02T01:59:49.610+09:00,31.691,192,6.24,1,DRIVING,,0,1,1,0,0,0,-0.018308,2.655,7272,39,0.033142,0.033142,255,745,unknown,1,obstacle-car,0.536809,"[606, 468, 779, 626]",0.029730,0.211,,"{""0"": 250, ""1"": 250, ""2"": null, ""3"": null, ""4"": null, ""5"": null, ""6"": null, ""7"": null}","{""0"": 0.0, ""1"": 0.0, ""2"": null, ""3"": null, ""4"": null, ""5"": null, ""6"": null, ""7"": null}","{""0"": 250, ""1"": 250}",250,1,0,0,0,0.211,ultrasonic-not-close,KEEP,left,right,,0
194,2026-08-02T01:59:49.759+09:00,31.843,193,6.25,1,DRIVING,,0,1,1,0,0,0,-0.018069,2.657,7254,39,0.032226,0.032226,255,749,unknown,1,obstacle-car,0.530219,"[606, 468, 779, 626]",0.029711,0.228,,"{""0"": 250, ""1"": 250, ""2"": null, ""3"": null, ""4"": null, ""5"": null, ""6"": null, ""7"": null}","{""0"": 0.0, ""1"": 0.0, ""2"": null, ""3"": null, ""4"": null, ""5"": null, ""6"": null, ""7"": null}","{""0"": 250, ""1"": 250}",250,1,0,0,0,0.228,ultrasonic-not-close,KEEP,left,right,,0
195,2026-08-02T01:59:50.008+09:00,32.089,194,6.18,1,DRIVING,,0,1,1,0,0,0,-0.021183,2.680,7353,27,0.043526,0.043526,255,747,unknown,1,obstacle-car,0.523710,"[606, 468, 779, 626]",0.029643,0.363,,"{""0"": 250, ""1"": 250, ""2"": null, ""3"": null, ""4"": null, ""5"": null, ""6"": null, ""7"": null}","{""0"": 0.0, ""1"": 0.0, ""2"": null, ""3"": null, ""4"": null, ""5"": null, ""6"": null, ""7"": null}","{""0"": 250, ""1"": 250}",250,1,0,0,0,0.363,ultrasonic-not-close,KEEP,left,right,,0
196,2026-08-02T01:59:50.190+09:00,32.272,195,6.17,1,DRIVING,,0,1,1,0,0,0,-0.035996,2.760,7670,0,0.095234,0.095234,255,748,unknown,1,obstacle-car,0.523710,"[606, 468, 779, 626]",0.029643,0.546,,"{""0"": 250, ""1"": 250, ""2"": null, ""3"": null, ""4"": null, ""5"": null, ""6"": null, ""7"": null}","{""0"": 0.0, ""1"": 0.0, ""2"": null, ""3"": null, ""4"": null, ""5"": null, ""6"": null, ""7"": null}","{""0"": 250, ""1"": 250}",250,1,0,0,0,0.546,ultrasonic-not-close,KEEP,left,right,,0
197,2026-08-02T01:59:50.317+09:00,32.399,196,6.19,1,DRIVING,,0,1,1,0,0,0,-0.050416,2.916,7303,53,0.138015,0.138015,255,747,unknown,0,unknown,0.000000,null,0.000000,0.524,,"{""0"": 250, ""1"": 194, ""2"": null, ""3"": null, ""4"": null, ""5"": null, ""6"": null, ""7"": null}","{""0"": 0.0, ""1"": 0.0, ""2"": null, ""3"": null, ""4"": null, ""5"": null, ""6"": null, ""7"": null}","{""0"": 250, ""1"": 194}",194,1,0,0,0,0.524,ultrasonic-not-close,KEEP,left,right,,0
198,2026-08-02T01:59:50.423+09:00,32.505,197,6.23,1,DRIVING,,0,1,1,0,0,0,-0.054085,3.023,7440,34,0.137043,0.137043,255,745,green,1,obstacle-car,0.602477,"[585, 466, 765, 624]",0.030994,0.384,,"{""0"": 250, ""1"": 200, ""2"": null, ""3"": null, ""4"": null, ""5"": null, ""6"": null, ""7"": null}","{""0"": 0.0, ""1"": 0.0, ""2"": null, ""3"": null, ""4"": null, ""5"": null, ""6"": null, ""7"": null}","{""0"": 250, ""1"": 200}",200,1,0,0,0,0.384,ultrasonic-not-close,KEEP,left,right,,0
199,2026-08-02T01:59:50.626+09:00,32.708,198,6.20,1,DRIVING,,0,1,1,0,0,0,-0.050368,3.143,7358,10,0.111753,0.111753,255,744,green,0,unknown,0.000000,null,0.000000,0.278,,"{""0"": 250, ""1"": 183, ""2"": null, ""3"": null, ""4"": null, ""5"": null, ""6"": null, ""7"": null}","{""0"": 0.0, ""1"": 0.0, ""2"": null, ""3"": null, ""4"": null, ""5"": null, ""6"": null, ""7"": null}","{""0"": 250, ""1"": 183}",183,1,0,0,0,0.278,ultrasonic-not-close,KEEP,left,right,,0
200,2026-08-02T01:59:50.788+09:00,32.870,199,6.20,1,DRIVING,,0,1,1,0,0,0,-0.057884,3.272,7308,0,0.132485,0.132485,255,751,green,0,unknown,0.000000,null,0.000000,0.440,,"{""0"": 250, ""1"": 169, ""2"": null, ""3"": null, ""4"": null, ""5"": null, ""6"": null, ""7"": null}","{""0"": 0.0, ""1"": 0.0, ""2"": null, ""3"": null, ""4"": null, ""5"": null, ""6"": null, ""7"": null}","{""0"": 250, ""1"": 169}",169,1,1,0,0,0.440,car-not-detected-or-stale,KEEP,left,right,,0
201,2026-08-02T01:59:50.916+09:00,32.998,200,6.23,1,DRIVING,,0,1,1,0,0,0,-0.093198,3.400,7355,0,0.251126,0.251126,255,752,green,1,obstacle-car,0.814251,"[548, 455, 761, 650]",0.045173,0.461,,"{""0"": 250, ""1"": 156, ""2"": null, ""3"": null, ""4"": null, ""5"": null, ""6"": null, ""7"": null}","{""0"": 0.0, ""1"": 0.0, ""2"": null, ""3"": null, ""4"": null, ""5"": null, ""6"": null, ""7"": null}","{""0"": 250, ""1"": 156}",156,1,1,1,1,0.461,car+ultrasonic,KEEP,left,right,,0
202,2026-08-02T01:59:51.022+09:00,33.104,201,6.26,1,DRIVING,,0,1,1,0,0,0,-0.098934,3.481,7437,0,0.246766,0.246766,255,753,red,1,obstacle-car,0.871714,"[544, 461, 763, 665]",0.048493,0.363,,"{""0"": 250, ""1"": 148, ""2"": null, ""3"": null, ""4"": null, ""5"": null, ""6"": null, ""7"": null}","{""0"": 0.0, ""1"": 0.0, ""2"": null, ""3"": null, ""4"": null, ""5"": null, ""6"": null, ""7"": null}","{""0"": 250, ""1"": 148}",148,1,1,1,2,0.363,car+ultrasonic,KEEP,left,right,,0
203,2026-08-02T01:59:51.247+09:00,33.329,202,6.22,1,AVOIDING_OBSTACLE,state:DRIVING->AVOIDING_OBSTACLE;phase:KEEP->CHANGING,0,1,1,0,0,0,-0.105851,3.519,7433,0,0.000000,1.000000,70,758,red,1,obstacle-car,0.853382,"[521, 463, 766, 703]",0.063653,0.299,,"{""0"": 250, ""1"": 129, ""2"": null, ""3"": null, ""4"": null, ""5"": null, ""6"": null, ""7"": null}","{""0"": 0.0, ""1"": 0.0, ""2"": null, ""3"": null, ""4"": null, ""5"": null, ""6"": null, ""7"": null}","{""0"": 250, ""1"": 129}",129,1,1,1,0,0.299,car+ultrasonic,CHANGING,left,right,left,0
204,2026-08-02T01:59:51.442+09:00,33.525,203,6.20,1,AVOIDING_OBSTACLE,,0,0,1,0,0,0,,3.519,7696,0,0.000000,1.000000,70,782,unknown,1,obstacle-car,0.853382,"[521, 463, 766, 703]",0.063653,0.494,,"{""0"": 250, ""1"": 114, ""2"": null, ""3"": null, ""4"": null, ""5"": null, ""6"": null, ""7"": null}","{""0"": 0.0, ""1"": 0.0, ""2"": null, ""3"": null, ""4"": null, ""5"": null, ""6"": null, ""7"": null}",{},,1,0,1,0,,maneuver-locked,CHANGING,left,right,left,0
205,2026-08-02T01:59:51.617+09:00,33.699,204,6.19,1,AVOIDING_OBSTACLE,,0,0,1,0,0,0,,3.519,7663,0,0.000000,1.000000,70,815,unknown,1,obstacle-car,0.824963,"[508, 447, 774, 669]",0.063911,0.562,,"{""0"": 250, ""1"": 103, ""2"": null, ""3"": null, ""4"": null, ""5"": null, ""6"": null, ""7"": null}","{""0"": 0.0, ""1"": 0.0, ""2"": null, ""3"": null, ""4"": null, ""5"": null, ""6"": null, ""7"": null}",{},,1,0,1,0,,maneuver-locked,CHANGING,left,right,left,0
206,2026-08-02T01:59:51.770+09:00,33.852,205,6.19,1,AVOIDING_OBSTACLE,,0,0,1,0,0,0,,3.519,8108,0,0.000000,1.000000,70,820,green,1,obstacle-car,0.993167,"[476, 444, 784, 705]",0.087251,0.297,,"{""0"": 250, ""1"": 93, ""2"": null, ""3"": null, ""4"": null, ""5"": null, ""6"": null, ""7"": null}","{""0"": 0.0, ""1"": 0.0, ""2"": null, ""3"": null, ""4"": null, ""5"": null, ""6"": null, ""7"": null}",{},,1,0,1,0,,maneuver-locked,CHANGING,left,right,left,0
207,2026-08-02T01:59:51.907+09:00,33.988,206,6.21,1,AVOIDING_OBSTACLE,,0,0,1,0,0,0,,3.519,8052,0,0.000000,1.000000,70,818,green,1,obstacle-car,0.993355,"[486, 439, 839, 718]",0.106665,0.256,,"{""0"": 250, ""1"": 84, ""2"": null, ""3"": null, ""4"": null, ""5"": null, ""6"": null, ""7"": null}","{""0"": 0.0, ""1"": 0.0, ""2"": null, ""3"": null, ""4"": null, ""5"": null, ""6"": null, ""7"": null}",{},,1,0,1,0,,maneuver-locked,CHANGING,left,right,left,0
208,2026-08-02T01:59:52.025+09:00,34.108,207,6.23,1,AVOIDING_OBSTACLE,,0,0,1,0,0,0,,3.519,7175,0,0.000000,1.000000,70,819,green,1,obstacle-car,0.995979,"[539, 429, 939, 718]",0.125476,0.223,,"{""0"": 250, ""1"": 78, ""2"": null, ""3"": null, ""4"": null, ""5"": null, ""6"": null, ""7"": null}","{""0"": 0.0, ""1"": 0.0, ""2"": null, ""3"": null, ""4"": null, ""5"": null, ""6"": null, ""7"": null}",{},,1,0,1,0,,maneuver-locked,CHANGING,left,right,left,0
209,2026-08-02T01:59:52.170+09:00,34.253,208,6.24,1,AVOIDING_OBSTACLE,,0,0,1,0,0,0,,3.519,4895,0,0.000000,1.000000,70,817,green,1,obstacle-car,0.988890,"[592, 428, 999, 720]",0.128868,0.229,,"{""0"": 250, ""1"": 70, ""2"": null, ""3"": null, ""4"": null, ""5"": null, ""6"": null, ""7"": null}","{""0"": 0.0, ""1"": 0.0, ""2"": null, ""3"": null, ""4"": null, ""5"": null, ""6"": null, ""7"": null}",{},,1,0,1,0,,maneuver-locked,CHANGING,left,right,left,0
210,2026-08-02T01:59:52.364+09:00,34.446,209,6.22,1,AVOIDING_OBSTACLE,,0,0,1,0,0,0,,3.519,2855,0,0.000000,1.000000,70,817,green,1,obstacle-car,0.988890,"[592, 428, 999, 720]",0.128868,0.424,,"{""0"": 250, ""1"": 32, ""2"": null, ""3"": null, ""4"": null, ""5"": null, ""6"": null, ""7"": null}","{""0"": 0.0, ""1"": 0.0, ""2"": null, ""3"": null, ""4"": null, ""5"": null, ""6"": null, ""7"": null}",{},,1,0,1,0,,maneuver-locked,CHANGING,left,right,left,0
211,2026-08-02T01:59:52.536+09:00,34.619,210,6.22,1,AVOIDING_OBSTACLE,,0,0,1,0,0,0,,3.519,0,0,0.000000,1.000000,70,820,green,1,obstacle-car,0.991555,"[661, 411, 1138, 718]",0.158920,0.479,,"{""0"": 250, ""1"": 57, ""2"": null, ""3"": null, ""4"": null, ""5"": null, ""6"": null, ""7"": null}","{""0"": 0.0, ""1"": 0.0, ""2"": null, ""3"": null, ""4"": null, ""5"": null, ""6"": null, ""7"": null}",{},,1,0,1,0,,maneuver-locked,CHANGING,left,right,left,0
212,2026-08-02T01:59:52.638+09:00,34.721,211,6.25,1,AVOIDING_OBSTACLE,,0,0,1,0,0,0,,3.519,0,0,0.000000,1.000000,70,820,green,1,obstacle-car,0.986726,"[692, 395, 1224, 720]",0.187573,0.438,,"{""0"": 250, ""1"": 54, ""2"": null, ""3"": null, ""4"": null, ""5"": null, ""6"": null, ""7"": null}","{""0"": 0.0, ""1"": 0.0, ""2"": null, ""3"": null, ""4"": null, ""5"": null, ""6"": null, ""7"": null}",{},,1,0,1,0,,maneuver-locked,CHANGING,left,right,left,0
213,2026-08-02T01:59:52.852+09:00,34.934,212,6.22,1,AVOIDING_OBSTACLE,,0,0,1,0,0,0,,3.519,0,0,0.000000,1.000000,70,821,unknown,1,obstacle-car,0.992130,"[849, 366, 1269, 717]",0.160016,0.284,,"{""0"": 250, ""1"": 250, ""2"": null, ""3"": null, ""4"": null, ""5"": null, ""6"": null, ""7"": null}","{""0"": 0.0, ""1"": 0.0, ""2"": null, ""3"": null, ""4"": null, ""5"": null, ""6"": null, ""7"": null}",{},,1,0,1,0,,maneuver-locked,CHANGING,left,right,left,0
214,2026-08-02T01:59:52.987+09:00,35.070,213,6.23,1,AVOIDING_OBSTACLE,,0,0,1,0,0,0,,3.519,0,0,0.000000,1.000000,70,819,unknown,1,obstacle-car,0.968511,"[982, 340, 1278, 718]",0.121360,0.317,,"{""0"": 250, ""1"": 250, ""2"": null, ""3"": null, ""4"": null, ""5"": null, ""6"": null, ""7"": null}","{""0"": 0.0, ""1"": 0.0, ""2"": null, ""3"": null, ""4"": null, ""5"": null, ""6"": null, ""7"": null}",{},,1,0,1,0,,maneuver-locked,CHANGING,left,right,left,0
215,2026-08-02T01:59:53.194+09:00,35.276,214,6.21,1,AVOIDING_OBSTACLE,,0,0,1,0,0,0,,3.519,0,0,0.000000,1.000000,70,821,unknown,1,obstacle-car,0.968511,"[982, 340, 1278, 718]",0.121360,0.522,,"{""0"": 250, ""1"": 250, ""2"": null, ""3"": null, ""4"": null, ""5"": null, ""6"": null, ""7"": null}","{""0"": 0.0, ""1"": 0.0, ""2"": null, ""3"": null, ""4"": null, ""5"": null, ""6"": null, ""7"": null}",{},,1,0,1,0,,maneuver-locked,CHANGING,left,right,left,0
216,2026-08-02T01:59:53.380+09:00,35.463,215,6.20,1,AVOIDING_OBSTACLE,,0,0,1,0,0,0,,3.519,1764,0,0.000000,1.000000,70,822,unknown,1,obstacle-car,0.917360,"[1020, 433, 1277, 720]",0.079789,0.497,,"{""0"": 250, ""1"": 250, ""2"": null, ""3"": null, ""4"": null, ""5"": null, ""6"": null, ""7"": null}","{""0"": 0.0, ""1"": 0.0, ""2"": null, ""3"": null, ""4"": null, ""5"": null, ""6"": null, ""7"": null}",{},,1,0,1,0,,maneuver-locked,CHANGING,left,right,left,0
217,2026-08-02T01:59:53.525+09:00,35.607,216,6.20,1,AVOIDING_OBSTACLE,phase:CHANGING->COUNTER_STEER,0,0,1,0,0,0,,3.519,6008,3,0.000000,-1.000000,70,823,unknown,0,unknown,0.000000,null,0.000000,0.506,,"{""0"": 250, ""1"": 250, ""2"": null, ""3"": null, ""4"": null, ""5"": null, ""6"": null, ""7"": null}","{""0"": 0.0, ""1"": 0.0, ""2"": null, ""3"": null, ""4"": null, ""5"": null, ""6"": null, ""7"": null}",{},,1,0,1,0,,maneuver-locked,COUNTER_STEER,left,right,left,0
218,2026-08-02T01:59:53.633+09:00,35.715,217,6.23,1,AVOIDING_OBSTACLE,,0,0,1,0,0,0,,3.519,7504,0,0.000000,-1.000000,70,815,unknown,0,unknown,0.000000,null,0.000000,0.221,,"{""0"": 250, ""1"": 250, ""2"": null, ""3"": null, ""4"": null, ""5"": null, ""6"": null, ""7"": null}","{""0"": 0.0, ""1"": 0.0, ""2"": null, ""3"": null, ""4"": null, ""5"": null, ""6"": null, ""7"": null}",{},,1,0,1,0,,maneuver-locked,COUNTER_STEER,left,right,left,0
219,2026-08-02T01:59:53.804+09:00,35.887,218,6.23,1,AVOIDING_OBSTACLE,,0,0,1,0,0,0,,3.519,9708,17,0.000000,-1.000000,70,757,unknown,0,unknown,0.000000,null,0.000000,0.249,,"{""0"": 250, ""1"": 250, ""2"": null, ""3"": null, ""4"": null, ""5"": null, ""6"": null, ""7"": null}","{""0"": 0.0, ""1"": 0.0, ""2"": null, ""3"": null, ""4"": null, ""5"": null, ""6"": null, ""7"": null}",{},,1,0,1,0,,maneuver-locked,COUNTER_STEER,left,right,left,0
220,2026-08-02T01:59:53.996+09:00,36.080,219,6.21,1,AVOIDING_OBSTACLE,,0,0,1,0,0,0,,3.519,10055,0,0.000000,-1.000000,70,695,unknown,0,unknown,0.000000,null,0.000000,0.328,,"{""0"": 250, ""1"": 250, ""2"": null, ""3"": null, ""4"": null, ""5"": null, ""6"": null, ""7"": null}","{""0"": 0.0, ""1"": 0.0, ""2"": null, ""3"": null, ""4"": null, ""5"": null, ""6"": null, ""7"": null}",{},,1,0,1,0,,maneuver-locked,COUNTER_STEER,left,right,left,0
221,2026-08-02T01:59:54.226+09:00,36.308,220,6.18,1,AVOIDING_OBSTACLE,,0,0,1,0,0,0,,3.519,9830,0,0.000000,-1.000000,70,686,unknown,0,unknown,0.000000,null,0.000000,0.389,,"{""0"": 250, ""1"": 250, ""2"": null, ""3"": null, ""4"": null, ""5"": null, ""6"": null, ""7"": null}","{""0"": 0.0, ""1"": 0.0, ""2"": null, ""3"": null, ""4"": null, ""5"": null, ""6"": null, ""7"": null}",{},,1,0,1,0,,maneuver-locked,COUNTER_STEER,left,right,left,0
222,2026-08-02T01:59:54.443+09:00,36.527,221,6.15,1,AVOIDING_OBSTACLE,,0,0,1,0,0,0,,3.519,8880,0,0.000000,-1.000000,70,685,unknown,0,unknown,0.000000,null,0.000000,0.417,,"{""0"": 250, ""1"": 250, ""2"": null, ""3"": null, ""4"": null, ""5"": null, ""6"": null, ""7"": null}","{""0"": 0.0, ""1"": 0.0, ""2"": null, ""3"": null, ""4"": null, ""5"": null, ""6"": null, ""7"": null}",{},,1,0,1,0,,maneuver-locked,COUNTER_STEER,left,right,left,0
223,2026-08-02T01:59:54.634+09:00,36.718,222,6.13,1,DRIVING,state:AVOIDING_OBSTACLE->DRIVING;phase:COUNTER_STEER->KEEP,0,0,1,0,0,0,,,0,0,0.000000,0.000000,70,686,unknown,0,unknown,0.000000,null,0.000000,0.608,,"{""0"": 250, ""1"": 250, ""2"": null, ""3"": null, ""4"": null, ""5"": null, ""6"": null, ""7"": null}","{""0"": 0.0, ""1"": 0.0, ""2"": null, ""3"": null, ""4"": null, ""5"": null, ""6"": null, ""7"": null}",{},,1,0,1,0,,maneuver-locked,KEEP,,,,0
224,2026-08-02T01:59:54.735+09:00,36.817,223,6.17,1,DRIVING,,0,1,1,0,0,0,0.264732,-13.067,8215,0,-0.476518,-0.476518,255,685,unknown,0,unknown,0.000000,null,0.000000,0.477,,"{""0"": 250, ""1"": 250, ""2"": null, ""3"": null, ""4"": null, ""5"": null, ""6"": null, ""7"": null}","{""0"": 0.0, ""1"": 0.0, ""2"": null, ""3"": null, ""4"": null, ""5"": null, ""6"": null, ""7"": null}","{""0"": 250, ""1"": 250}",250,1,0,0,0,0.477,ultrasonic-not-close,KEEP,right,left,,0
225,2026-08-02T01:59:54.850+09:00,36.932,224,6.19,1,DRIVING,,0,1,1,0,0,0,0.248661,-12.644,8065,0,-0.418661,-0.418661,255,704,unknown,0,unknown,0.000000,null,0.000000,0.374,,"{""0"": 250, ""1"": 250, ""2"": null, ""3"": null, ""4"": null, ""5"": null, ""6"": null, ""7"": null}","{""0"": 0.0, ""1"": 0.0, ""2"": null, ""3"": null, ""4"": null, ""5"": null, ""6"": null, ""7"": null}","{""0"": 250, ""1"": 250}",250,1,0,0,0,0.374,ultrasonic-not-close,KEEP,right,left,,0
226,2026-08-02T01:59:55.081+09:00,37.163,225,6.15,1,DRIVING,,0,1,1,0,0,0,0.237946,-12.078,8135,0,-0.388768,-0.388768,255,708,unknown,0,unknown,0.000000,null,0.000000,0.315,,"{""0"": 250, ""1"": 172, ""2"": null, ""3"": null, ""4"": null, ""5"": null, ""6"": null, ""7"": null}","{""0"": 0.0, ""1"": 0.0, ""2"": null, ""3"": null, ""4"": null, ""5"": null, ""6"": null, ""7"": null}","{""0"": 250, ""1"": 172}",172,1,1,0,0,0.315,car-not-detected-or-stale,KEEP,right,left,,0
227,2026-08-02T01:59:55.249+09:00,37.332,226,6.15,1,DRIVING,,0,1,1,0,0,0,0.238451,-11.440,8294,0,-0.402447,-0.402447,255,710,unknown,0,unknown,0.000000,null,0.000000,0.484,,"{""0"": 250, ""1"": 159, ""2"": null, ""3"": null, ""4"": null, ""5"": null, ""6"": null, ""7"": null}","{""0"": 0.0, ""1"": 0.0, ""2"": null, ""3"": null, ""4"": null, ""5"": null, ""6"": null, ""7"": null}","{""0"": 250, ""1"": 159}",159,1,1,0,0,0.484,car-not-detected-or-stale,KEEP,right,left,,0
228,2026-08-02T01:59:55.395+09:00,37.478,227,6.16,1,DRIVING,,0,1,1,0,0,0,0.229395,-10.424,8053,0,-0.377873,-0.377873,255,712,unknown,0,unknown,0.000000,null,0.000000,0.512,,"{""0"": 250, ""1"": 147, ""2"": null, ""3"": null, ""4"": null, ""5"": null, ""6"": null, ""7"": null}","{""0"": 0.0, ""1"": 0.0, ""2"": null, ""3"": null, ""4"": null, ""5"": null, ""6"": null, ""7"": null}","{""0"": 250, ""1"": 147}",147,1,1,0,0,0.512,car-not-detected-or-stale,KEEP,right,left,,0
229,2026-08-02T01:59:55.507+09:00,37.590,228,6.18,1,DRIVING,,0,1,1,0,0,0,0.184741,-9.284,8180,0,-0.227630,-0.227630,255,712,green,0,unknown,0.000000,null,0.000000,0.394,,"{""0"": 250, ""1"": 134, ""2"": null, ""3"": null, ""4"": null, ""5"": null, ""6"": null, ""7"": null}","{""0"": 0.0, ""1"": 0.0, ""2"": null, ""3"": null, ""4"": null, ""5"": null, ""6"": null, ""7"": null}","{""0"": 250, ""1"": 134}",134,1,1,0,0,0.394,car-not-detected-or-stale,KEEP,right,left,,0
230,2026-08-02T01:59:55.692+09:00,37.775,229,6.17,1,DRIVING,,0,1,1,0,0,0,0.147034,-8.153,8029,0,-0.123355,-0.123355,255,725,green,0,unknown,0.000000,null,0.000000,0.266,,"{""0"": 250, ""1"": 121, ""2"": null, ""3"": null, ""4"": null, ""5"": null, ""6"": null, ""7"": null}","{""0"": 0.0, ""1"": 0.0, ""2"": null, ""3"": null, ""4"": null, ""5"": null, ""6"": null, ""7"": null}","{""0"": 250, ""1"": 121}",121,1,1,0,0,0.266,car-not-detected-or-stale,KEEP,right,left,,0
231,2026-08-02T01:59:55.823+09:00,37.906,230,6.19,1,DRIVING,,0,1,1,0,0,0,0.106118,-7.138,7974,0,-0.018452,-0.018452,255,729,green,0,unknown,0.000000,null,0.000000,0.285,,"{""0"": 250, ""1"": 109, ""2"": null, ""3"": null, ""4"": null, ""5"": null, ""6"": null, ""7"": null}","{""0"": 0.0, ""1"": 0.0, ""2"": null, ""3"": null, ""4"": null, ""5"": null, ""6"": null, ""7"": null}","{""0"": 250, ""1"": 109}",109,1,1,0,0,0.285,car-not-detected-or-stale,KEEP,right,,,0
232,2026-08-02T01:59:56.023+09:00,38.105,231,6.17,1,DRIVING,,0,1,1,0,0,0,0.056570,-6.022,7931,0,0.108155,0.108155,255,735,green,1,obstacle-car,0.750101,"[667, 468, 984, 712]",0.083679,0.298,,"{""0"": 250, ""1"": 93, ""2"": null, ""3"": null, ""4"": null, ""5"": null, ""6"": null, ""7"": null}","{""0"": 0.0, ""1"": 0.0, ""2"": null, ""3"": null, ""4"": null, ""5"": null, ""6"": null, ""7"": null}","{""0"": 250, ""1"": 93}",93,1,1,1,1,0.298,car+ultrasonic,KEEP,right,left,,0
233,2026-08-02T01:59:56.212+09:00,38.295,232,6.16,1,DRIVING,,0,1,1,0,0,0,0.025290,-4.962,7755,0,0.157767,0.157767,100,745,green,1,obstacle-car,0.750101,"[667, 468, 984, 712]",0.083679,0.487,,"{""0"": 250, ""1"": 77, ""2"": null, ""3"": null, ""4"": null, ""5"": null, ""6"": null, ""7"": null}","{""0"": 0.0, ""1"": 0.0, ""2"": null, ""3"": null, ""4"": null, ""5"": null, ""6"": null, ""7"": null}","{""0"": 250, ""1"": 77}",77,1,1,1,2,0.487,car+ultrasonic,KEEP,right,left,,0
234,2026-08-02T01:59:56.352+09:00,38.433,233,6.17,1,AVOIDING_OBSTACLE,state:DRIVING->AVOIDING_OBSTACLE;phase:KEEP->CHANGING,0,1,1,0,0,0,-0.019131,-3.793,7704,0,0.000000,-1.000000,70,750,green,1,obstacle-car,0.793157,"[633, 472, 956, 713]",0.084462,0.494,,"{""0"": 250, ""1"": 65, ""2"": null, ""3"": null, ""4"": null, ""5"": null, ""6"": null, ""7"": null}","{""0"": 0.0, ""1"": 0.0, ""2"": null, ""3"": null, ""4"": null, ""5"": null, ""6"": null, ""7"": null}","{""0"": 250, ""1"": 65}",65,1,1,1,0,0.494,car+ultrasonic,CHANGING,right,left,right,0
235,2026-08-02T01:59:56.460+09:00,38.541,234,6.19,1,AVOIDING_OBSTACLE,,0,0,1,0,0,0,,-3.793,7222,0,0.000000,-1.000000,70,741,green,1,obstacle-car,0.899885,"[496, 424, 917, 719]",0.134755,0.216,,"{""0"": 250, ""1"": 57, ""2"": null, ""3"": null, ""4"": null, ""5"": null, ""6"": null, ""7"": null}","{""0"": 0.0, ""1"": 0.0, ""2"": null, ""3"": null, ""4"": null, ""5"": null, ""6"": null, ""7"": null}",{},,1,0,1,0,,maneuver-locked,CHANGING,right,left,right,0
236,2026-08-02T01:59:56.681+09:00,38.764,235,6.16,1,AVOIDING_OBSTACLE,,0,0,1,0,0,0,,-3.793,0,0,0.000000,-1.000000,70,695,green,1,obstacle-car,0.823450,"[417, 402, 917, 719]",0.171625,0.299,,"{""0"": 250, ""1"": 46, ""2"": null, ""3"": null, ""4"": null, ""5"": null, ""6"": null, ""7"": null}","{""0"": 0.0, ""1"": 0.0, ""2"": null, ""3"": null, ""4"": null, ""5"": null, ""6"": null, ""7"": null}",{},,1,0,1,0,,maneuver-locked,CHANGING,right,left,right,0
237,2026-08-02T01:59:56.870+09:00,38.953,236,6.15,1,AVOIDING_OBSTACLE,,0,0,1,0,0,0,,-3.793,6576,0,0.000000,-1.000000,70,687,green,1,obstacle-car,0.823450,"[417, 402, 917, 719]",0.171625,0.487,,"{""0"": 250, ""1"": 33, ""2"": null, ""3"": null, ""4"": null, ""5"": null, ""6"": null, ""7"": null}","{""0"": 0.0, ""1"": 0.0, ""2"": null, ""3"": null, ""4"": null, ""5"": null, ""6"": null, ""7"": null}",{},,1,0,1,0,,maneuver-locked,CHANGING,right,left,right,0
238,2026-08-02T01:59:56.969+09:00,39.052,237,6.18,1,AVOIDING_OBSTACLE,,0,0,1,0,0,0,,-3.793,5243,0,0.000000,-1.000000,70,686,red,1,obstacle-car,0.906319,"[373, 327, 919, 719]",0.231890,0.465,,"{""0"": 250, ""1"": 25, ""2"": null, ""3"": null, ""4"": null, ""5"": null, ""6"": null, ""7"": null}","{""0"": 0.0, ""1"": 0.0, ""2"": null, ""3"": null, ""4"": null, ""5"": null, ""6"": null, ""7"": null}",{},,1,0,1,0,,maneuver-locked,CHANGING,right,left,right,0
239,2026-08-02T01:59:57.092+09:00,39.175,238,6.20,1,AVOIDING_OBSTACLE,,0,0,1,0,0,0,,-3.793,0,0,0.000000,-1.000000,70,687,green,1,obstacle-car,0.928596,"[338, 385, 921, 719]",0.211376,0.378,,"{""0"": 250, ""1"": 21, ""2"": null, ""3"": null, ""4"": null, ""5"": null, ""6"": null, ""7"": null}","{""0"": 0.0, ""1"": 0.0, ""2"": null, ""3"": null, ""4"": null, ""5"": null, ""6"": null, ""7"": null}",{},,1,0,1,0,,maneuver-locked,CHANGING,right,left,right,0
240,2026-08-02T01:59:57.230+09:00,39.313,239,6.21,0,AVOIDING_OBSTACLE,phase:CHANGING->CHANGING_PAUSED,0,0,1,0,0,0,,-3.793,0,0,0.000000,0.000000,0,693,green,1,obstacle-car,0.928596,"[338, 385, 921, 719]",0.211376,0.516,,"{""0"": 250, ""1"": 16, ""2"": null, ""3"": null, ""4"": null, ""5"": null, ""6"": null, ""7"": null}","{""0"": 0.0, ""1"": 0.0, ""2"": null, ""3"": null, ""4"": null, ""5"": null, ""6"": null, ""7"": null}",{},,1,0,1,0,,maneuver-locked,CHANGING_PAUSED,right,left,right,0
241,2026-08-02T01:59:57.327+09:00,39.411,240,6.23,0,AVOIDING_OBSTACLE,,0,0,1,0,0,0,,-3.793,0,0,0.000000,0.000000,0,697,green,0,unknown,0.000000,null,0.000000,0.326,,"{""0"": 250, ""1"": 14, ""2"": null, ""3"": null, ""4"": null, ""5"": null, ""6"": null, ""7"": null}","{""0"": 0.0, ""1"": 0.0, ""2"": null, ""3"": null, ""4"": null, ""5"": null, ""6"": null, ""7"": null}",{},,1,0,1,0,,maneuver-locked,CHANGING_PAUSED,right,left,right,0
242,2026-08-02T01:59:57.539+09:00,39.621,241,6.21,0,AVOIDING_OBSTACLE,,0,0,1,0,0,0,,-3.793,0,0,0.000000,0.000000,0,734,green,0,unknown,0.000000,null,0.000000,0.277,,"{""0"": 250, ""1"": 11, ""2"": null, ""3"": null, ""4"": null, ""5"": null, ""6"": null, ""7"": null}","{""0"": 0.0, ""1"": 0.0, ""2"": null, ""3"": null, ""4"": null, ""5"": null, ""6"": null, ""7"": null}",{},,1,0,1,0,,maneuver-locked,CHANGING_PAUSED,right,left,right,0
243,2026-08-02T01:59:57.675+09:00,39.758,242,6.22,0,AVOIDING_OBSTACLE,,0,0,1,0,0,0,,-3.793,0,0,0.000000,0.000000,0,737,green,0,unknown,0.000000,null,0.000000,0.314,,"{""0"": 250, ""1"": 11, ""2"": null, ""3"": null, ""4"": null, ""5"": null, ""6"": null, ""7"": null}","{""0"": 0.0, ""1"": 0.0, ""2"": null, ""3"": null, ""4"": null, ""5"": null, ""6"": null, ""7"": null}",{},,1,0,1,0,,maneuver-locked,CHANGING_PAUSED,right,left,right,0
244,2026-08-02T01:59:57.875+09:00,39.957,243,6.21,0,AVOIDING_OBSTACLE,,0,0,1,0,0,0,,-3.793,0,41,0.000000,0.000000,0,736,green,0,unknown,0.000000,null,0.000000,0.513,,"{""0"": 250, ""1"": 11, ""2"": null, ""3"": null, ""4"": null, ""5"": null, ""6"": null, ""7"": null}","{""0"": 0.0, ""1"": 0.0, ""2"": null, ""3"": null, ""4"": null, ""5"": null, ""6"": null, ""7"": null}",{},,1,0,1,0,,maneuver-locked,CHANGING_PAUSED,right,left,right,0
245,2026-08-02T01:59:58.047+09:00,40.130,244,6.20,0,AVOIDING_OBSTACLE,,0,0,1,0,0,0,,-3.793,0,58,0.000000,0.000000,0,736,green,0,unknown,0.000000,null,0.000000,0.476,,"{""0"": 250, ""1"": 11, ""2"": null, ""3"": null, ""4"": null, ""5"": null, ""6"": null, ""7"": null}","{""0"": 0.0, ""1"": 0.0, ""2"": null, ""3"": null, ""4"": null, ""5"": null, ""6"": null, ""7"": null}",{},,1,0,1,0,,maneuver-locked,CHANGING_PAUSED,right,left,right,0
246,2026-08-02T01:59:58.178+09:00,40.260,245,6.21,0,AVOIDING_OBSTACLE,,0,0,1,0,0,0,,-3.793,0,29,0.000000,0.000000,0,737,green,0,unknown,0.000000,null,0.000000,0.471,,"{""0"": 250, ""1"": 11, ""2"": null, ""3"": null, ""4"": null, ""5"": null, ""6"": null, ""7"": null}","{""0"": 0.0, ""1"": 0.0, ""2"": null, ""3"": null, ""4"": null, ""5"": null, ""6"": null, ""7"": null}",{},,1,0,1,0,,maneuver-locked,CHANGING_PAUSED,right,left,right,0
247,2026-08-02T01:59:58.284+09:00,40.366,246,6.23,0,AVOIDING_OBSTACLE,,0,0,1,0,0,0,,-3.793,0,0,0.000000,0.000000,0,737,green,0,unknown,0.000000,null,0.000000,0.205,,"{""0"": 250, ""1"": 11, ""2"": null, ""3"": null, ""4"": null, ""5"": null, ""6"": null, ""7"": null}","{""0"": 0.0, ""1"": 0.0, ""2"": null, ""3"": null, ""4"": null, ""5"": null, ""6"": null, ""7"": null}",{},,1,0,1,0,,maneuver-locked,CHANGING_PAUSED,right,left,right,0
248,2026-08-02T01:59:58.475+09:00,40.557,247,6.22,0,AVOIDING_OBSTACLE,,0,0,1,0,0,0,,-3.793,0,40,0.000000,0.000000,0,737,green,1,obstacle-car,0.458244,"[38, 511, 473, 718]",0.097540,0.265,,"{""0"": 250, ""1"": 11, ""2"": null, ""3"": null, ""4"": null, ""5"": null, ""6"": null, ""7"": null}","{""0"": 0.0, ""1"": 0.0, ""2"": null, ""3"": null, ""4"": null, ""5"": null, ""6"": null, ""7"": null}",{},,1,0,1,0,,maneuver-locked,CHANGING_PAUSED,right,left,right,0
249,2026-08-02T01:59:58.634+09:00,40.717,248,6.22,0,AVOIDING_OBSTACLE,,0,0,1,0,0,0,,-3.793,0,52,0.000000,0.000000,0,738,green,1,obstacle-car,0.458244,"[38, 511, 473, 718]",0.097540,0.424,,"{""0"": 250, ""1"": 11, ""2"": null, ""3"": null, ""4"": null, ""5"": null, ""6"": null, ""7"": null}","{""0"": 0.0, ""1"": 0.0, ""2"": null, ""3"": null, ""4"": null, ""5"": null, ""6"": null, ""7"": null}",{},,1,0,1,0,,maneuver-locked,CHANGING_PAUSED,right,left,right,0
250,2026-08-02T01:59:58.730+09:00,40.811,249,6.25,0,AVOIDING_OBSTACLE,,0,0,1,0,0,0,,-3.793,0,0,0.000000,0.000000,0,737,green,0,unknown,0.000000,null,0.000000,0.415,,"{""0"": 250, ""1"": 11, ""2"": null, ""3"": null, ""4"": null, ""5"": null, ""6"": null, ""7"": null}","{""0"": 0.0, ""1"": 0.0, ""2"": null, ""3"": null, ""4"": null, ""5"": null, ""6"": null, ""7"": null}",{},,1,0,1,0,,maneuver-locked,CHANGING_PAUSED,right,left,right,0
251,2026-08-02T01:59:58.930+09:00,41.011,250,6.23,0,AVOIDING_OBSTACLE,,0,0,1,0,0,0,,-3.793,0,0,0.000000,0.000000,0,737,green,0,unknown,0.000000,null,0.000000,0.263,,"{""0"": 250, ""1"": 12, ""2"": null, ""3"": null, ""4"": null, ""5"": null, ""6"": null, ""7"": null}","{""0"": 0.0, ""1"": 0.0, ""2"": null, ""3"": null, ""4"": null, ""5"": null, ""6"": null, ""7"": null}",{},,1,0,1,0,,maneuver-locked,CHANGING_PAUSED,right,left,right,0
252,2026-08-02T01:59:59.098+09:00,41.180,251,6.23,0,AVOIDING_OBSTACLE,,0,0,1,0,0,0,,-3.793,0,0,0.000000,0.000000,0,737,green,0,unknown,0.000000,null,0.000000,0.432,,"{""0"": 250, ""1"": 11, ""2"": null, ""3"": null, ""4"": null, ""5"": null, ""6"": null, ""7"": null}","{""0"": 0.0, ""1"": 0.0, ""2"": null, ""3"": null, ""4"": null, ""5"": null, ""6"": null, ""7"": null}",{},,1,0,1,0,,maneuver-locked,CHANGING_PAUSED,right,left,right,0
253,2026-08-02T01:59:59.192+09:00,41.274,252,6.25,0,AVOIDING_OBSTACLE,,0,0,1,0,0,0,,-3.793,0,0,0.000000,0.000000,0,735,green,1,obstacle-car,0.474181,"[38, 511, 474, 718]",0.097889,0.430,,"{""0"": 250, ""1"": 12, ""2"": null, ""3"": null, ""4"": null, ""5"": null, ""6"": null, ""7"": null}","{""0"": 0.0, ""1"": 0.0, ""2"": null, ""3"": null, ""4"": null, ""5"": null, ""6"": null, ""7"": null}",{},,1,0,1,0,,maneuver-locked,CHANGING_PAUSED,right,left,right,0
254,2026-08-02T01:59:59.394+09:00,41.475,253,6.24,0,AVOIDING_OBSTACLE,,0,0,1,0,0,0,,-3.793,0,0,0.000000,0.000000,0,736,green,1,obstacle-car,0.458946,"[38, 511, 474, 718]",0.097828,0.432,,"{""0"": 250, ""1"": 12, ""2"": null, ""3"": null, ""4"": null, ""5"": null, ""6"": null, ""7"": null}","{""0"": 0.0, ""1"": 0.0, ""2"": null, ""3"": null, ""4"": null, ""5"": null, ""6"": null, ""7"": null}",{},,1,0,1,0,,maneuver-locked,CHANGING_PAUSED,right,left,right,0
255,2026-08-02T01:59:59.582+09:00,41.664,254,6.23,0,AVOIDING_OBSTACLE,,0,0,1,0,0,0,,-3.793,0,0,0.000000,0.000000,0,736,green,1,obstacle-car,0.465364,"[34, 511, 474, 718]",0.098804,0.359,,"{""0"": 250, ""1"": 11, ""2"": null, ""3"": null, ""4"": null, ""5"": null, ""6"": null, ""7"": null}","{""0"": 0.0, ""1"": 0.0, ""2"": null, ""3"": null, ""4"": null, ""5"": null, ""6"": null, ""7"": null}",{},,1,0,1,0,,maneuver-locked,CHANGING_PAUSED,right,left,right,0
256,2026-08-02T01:59:59.717+09:00,41.799,255,6.24,0,AVOIDING_OBSTACLE,,0,0,1,0,0,0,,-3.793,0,29,0.000000,0.000000,0,736,green,1,obstacle-car,0.469957,"[36, 511, 475, 718]",0.098779,0.291,,"{""0"": 250, ""1"": 11, ""2"": null, ""3"": null, ""4"": null, ""5"": null, ""6"": null, ""7"": null}","{""0"": 0.0, ""1"": 0.0, ""2"": null, ""3"": null, ""4"": null, ""5"": null, ""6"": null, ""7"": null}",{},,1,0,1,0,,maneuver-locked,CHANGING_PAUSED,right,left,right,0
257,2026-08-02T01:59:59.945+09:00,42.027,256,6.21,0,AVOIDING_OBSTACLE,,0,0,1,0,0,0,,-3.793,0,0,0.000000,0.000000,0,736,green,1,obstacle-car,0.469957,"[36, 511, 475, 718]",0.098779,0.518,,"{""0"": 250, ""1"": 11, ""2"": null, ""3"": null, ""4"": null, ""5"": null, ""6"": null, ""7"": null}","{""0"": 0.0, ""1"": 0.0, ""2"": null, ""3"": null, ""4"": null, ""5"": null, ""6"": null, ""7"": null}",{},,1,0,1,0,,maneuver-locked,CHANGING_PAUSED,right,left,right,0
258,2026-08-02T02:00:00.134+09:00,42.216,257,6.20,0,AVOIDING_OBSTACLE,,0,0,1,0,0,0,,-3.793,0,0,0.000000,0.000000,0,737,green,1,obstacle-car,0.505346,"[37, 511, 478, 718]",0.098927,0.519,,"{""0"": 250, ""1"": 11, ""2"": null, ""3"": null, ""4"": null, ""5"": null, ""6"": null, ""7"": null}","{""0"": 0.0, ""1"": 0.0, ""2"": null, ""3"": null, ""4"": null, ""5"": null, ""6"": null, ""7"": null}",{},,1,0,1,0,,maneuver-locked,CHANGING_PAUSED,right,left,right,0
259,2026-08-02T02:00:00.278+09:00,42.360,258,6.21,0,AVOIDING_OBSTACLE,,0,0,1,0,0,0,,-3.793,0,0,0.000000,0.000000,0,737,green,0,unknown,0.000000,null,0.000000,0.530,,"{""0"": 250, ""1"": 11, ""2"": null, ""3"": null, ""4"": null, ""5"": null, ""6"": null, ""7"": null}","{""0"": 0.0, ""1"": 0.0, ""2"": null, ""3"": null, ""4"": null, ""5"": null, ""6"": null, ""7"": null}",{},,1,0,1,0,,maneuver-locked,CHANGING_PAUSED,right,left,right,0
260,2026-08-02T02:00:00.382+09:00,42.464,259,6.23,0,AVOIDING_OBSTACLE,,0,0,1,0,0,0,,-3.793,0,0,0.000000,0.000000,0,741,green,0,unknown,0.000000,null,0.000000,0.405,,"{""0"": 250, ""1"": 39, ""2"": null, ""3"": null, ""4"": null, ""5"": null, ""6"": null, ""7"": null}","{""0"": 0.0, ""1"": 0.0, ""2"": null, ""3"": null, ""4"": null, ""5"": null, ""6"": null, ""7"": null}",{},,1,0,1,0,,maneuver-locked,CHANGING_PAUSED,right,left,right,0
261,2026-08-02T02:00:00.549+09:00,42.632,260,6.23,0,AVOIDING_OBSTACLE,,0,0,1,0,0,0,,-3.793,0,0,0.000000,0.000000,0,741,green,0,unknown,0.000000,null,0.000000,0.385,,"{""0"": 250, ""1"": 23, ""2"": null, ""3"": null, ""4"": null, ""5"": null, ""6"": null, ""7"": null}","{""0"": 0.0, ""1"": 0.0, ""2"": null, ""3"": null, ""4"": null, ""5"": null, ""6"": null, ""7"": null}",{},,1,0,1,0,,maneuver-locked,CHANGING_PAUSED,right,left,right,0
262,2026-08-02T02:00:00.707+09:00,42.790,261,6.23,0,AVOIDING_OBSTACLE,,0,0,1,0,0,0,,-3.793,0,0,0.000000,0.000000,0,740,green,0,unknown,0.000000,null,0.000000,0.294,,"{""0"": 250, ""1"": 50, ""2"": null, ""3"": null, ""4"": null, ""5"": null, ""6"": null, ""7"": null}","{""0"": 0.0, ""1"": 0.0, ""2"": null, ""3"": null, ""4"": null, ""5"": null, ""6"": null, ""7"": null}",{},,1,0,1,0,,maneuver-locked,CHANGING_PAUSED,right,left,right,0
263,2026-08-02T02:00:00.874+09:00,42.956,262,6.23,0,AVOIDING_OBSTACLE,,0,0,1,0,0,0,,-3.793,0,0,0.000000,0.000000,0,738,green,0,unknown,0.000000,null,0.000000,0.461,,"{""0"": 250, ""1"": 21, ""2"": null, ""3"": null, ""4"": null, ""5"": null, ""6"": null, ""7"": null}","{""0"": 0.0, ""1"": 0.0, ""2"": null, ""3"": null, ""4"": null, ""5"": null, ""6"": null, ""7"": null}",{},,1,0,1,0,,maneuver-locked,CHANGING_PAUSED,right,left,right,0
264,2026-08-02T02:00:00.972+09:00,43.055,263,6.25,0,AVOIDING_OBSTACLE,,0,0,1,0,0,0,,-3.793,182,1,0.000000,0.000000,0,739,green,0,unknown,0.000000,null,0.000000,0.391,,"{""0"": 250, ""1"": 23, ""2"": null, ""3"": null, ""4"": null, ""5"": null, ""6"": null, ""7"": null}","{""0"": 0.0, ""1"": 0.0, ""2"": null, ""3"": null, ""4"": null, ""5"": null, ""6"": null, ""7"": null}",{},,1,0,1,0,,maneuver-locked,CHANGING_PAUSED,right,left,right,0
265,2026-08-02T02:00:01.086+09:00,43.169,264,6.26,0,AVOIDING_OBSTACLE,,0,0,1,0,0,0,,-3.793,0,41,0.000000,0.000000,0,739,unknown,1,obstacle-car,0.637772,"[1, 433, 551, 719]",0.170305,0.347,,"{""0"": 250, ""1"": 25, ""2"": null, ""3"": null, ""4"": null, ""5"": null, ""6"": null, ""7"": null}","{""0"": 0.0, ""1"": 0.0, ""2"": null, ""3"": null, ""4"": null, ""5"": null, ""6"": null, ""7"": null}",{},,1,0,1,0,,maneuver-locked,CHANGING_PAUSED,right,left,right,0
266,2026-08-02T02:00:01.281+09:00,43.364,265,6.25,0,AVOIDING_OBSTACLE,,0,0,1,0,0,0,,-3.793,0,0,0.000000,0.000000,0,740,unknown,1,obstacle-car,0.935036,"[4, 324, 654, 719]",0.278618,0.278,,"{""0"": 250, ""1"": 36, ""2"": null, ""3"": null, ""4"": null, ""5"": null, ""6"": null, ""7"": null}","{""0"": 0.0, ""1"": 0.0, ""2"": null, ""3"": null, ""4"": null, ""5"": null, ""6"": null, ""7"": null}",{},,1,0,1,0,,maneuver-locked,CHANGING_PAUSED,right,left,right,0
267,2026-08-02T02:00:01.473+09:00,43.556,266,6.24,0,AVOIDING_OBSTACLE,,0,0,1,0,0,0,,-3.793,165,1,0.000000,0.000000,0,740,unknown,1,obstacle-car,0.935036,"[4, 324, 654, 719]",0.278618,0.469,,"{""0"": 250, ""1"": 45, ""2"": null, ""3"": null, ""4"": null, ""5"": null, ""6"": null, ""7"": null}","{""0"": 0.0, ""1"": 0.0, ""2"": null, ""3"": null, ""4"": null, ""5"": null, ""6"": null, ""7"": null}",{},,1,0,1,0,,maneuver-locked,CHANGING_PAUSED,right,left,right,0
268,2026-08-02T02:00:01.603+09:00,43.686,267,6.25,0,AVOIDING_OBSTACLE,,0,0,1,0,0,0,,-3.793,0,0,0.000000,0.000000,0,740,unknown,1,obstacle-car,0.888403,"[7, 310, 680, 719]",0.298176,0.485,,"{""0"": 250, ""1"": 51, ""2"": null, ""3"": null, ""4"": null, ""5"": null, ""6"": null, ""7"": null}","{""0"": 0.0, ""1"": 0.0, ""2"": null, ""3"": null, ""4"": null, ""5"": null, ""6"": null, ""7"": null}",{},,1,0,1,0,,maneuver-locked,CHANGING_PAUSED,right,left,right,0
269,2026-08-02T02:00:01.743+09:00,43.826,268,6.26,0,AVOIDING_OBSTACLE,,0,0,1,0,0,0,,-3.793,0,0,0.000000,0.000000,0,741,green,1,obstacle-car,0.850109,"[2, 264, 703, 720]",0.346617,0.430,,"{""0"": 250, ""1"": 57, ""2"": null, ""3"": null, ""4"": null, ""5"": null, ""6"": null, ""7"": null}","{""0"": 0.0, ""1"": 0.0, ""2"": null, ""3"": null, ""4"": null, ""5"": null, ""6"": null, ""7"": null}",{},,1,0,1,0,,maneuver-locked,CHANGING_PAUSED,right,left,right,0
270,2026-08-02T02:00:01.843+09:00,43.925,269,6.27,0,AVOIDING_OBSTACLE,,0,0,1,0,0,0,,-3.793,0,0,0.000000,0.000000,0,742,green,1,obstacle-car,0.955083,"[44, 330, 754, 720]",0.300491,0.207,,"{""0"": 250, ""1"": 62, ""2"": null, ""3"": null, ""4"": null, ""5"": null, ""6"": null, ""7"": null}","{""0"": 0.0, ""1"": 0.0, ""2"": null, ""3"": null, ""4"": null, ""5"": null, ""6"": null, ""7"": null}",{},,1,0,1,0,,maneuver-locked,CHANGING_PAUSED,right,left,right,0
271,2026-08-02T02:00:02.037+09:00,44.119,270,6.26,0,AVOIDING_OBSTACLE,,0,0,1,0,0,0,,-3.793,0,0,0.000000,0.000000,0,741,green,1,obstacle-car,0.955083,"[44, 330, 754, 720]",0.300491,0.402,,"{""0"": 250, ""1"": 70, ""2"": null, ""3"": null, ""4"": null, ""5"": null, ""6"": null, ""7"": null}","{""0"": 0.0, ""1"": 0.0, ""2"": null, ""3"": null, ""4"": null, ""5"": null, ""6"": null, ""7"": null}",{},,1,0,1,0,,maneuver-locked,CHANGING_PAUSED,right,left,right,0
272,2026-08-02T02:00:02.196+09:00,44.278,271,6.26,0,AVOIDING_OBSTACLE,,0,0,1,0,0,0,,-3.793,0,0,0.000000,0.000000,0,742,green,1,obstacle-car,0.964062,"[137, 310, 757, 719]",0.274601,0.421,,"{""0"": 250, ""1"": 71, ""2"": null, ""3"": null, ""4"": null, ""5"": null, ""6"": null, ""7"": null}","{""0"": 0.0, ""1"": 0.0, ""2"": null, ""3"": null, ""4"": null, ""5"": null, ""6"": null, ""7"": null}",{},,1,0,1,0,,maneuver-locked,CHANGING_PAUSED,right,left,right,0
273,2026-08-02T02:00:02.318+09:00,44.401,272,6.28,0,AVOIDING_OBSTACLE,,0,0,1,0,0,0,,-3.793,0,0,0.000000,0.000000,0,742,green,1,obstacle-car,0.950287,"[189, 404, 758, 718]",0.194119,0.441,,"{""0"": 250, ""1"": 72, ""2"": null, ""3"": null, ""4"": null, ""5"": null, ""6"": null, ""7"": null}","{""0"": 0.0, ""1"": 0.0, ""2"": null, ""3"": null, ""4"": null, ""5"": null, ""6"": null, ""7"": null}",{},,1,0,1,0,,maneuver-locked,CHANGING_PAUSED,right,left,right,0
274,2026-08-02T02:00:02.418+09:00,44.500,273,6.29,0,AVOIDING_OBSTACLE,,0,0,1,0,0,0,,-3.793,0,0,0.000000,0.000000,0,741,green,1,obstacle-car,0.976109,"[212, 405, 759, 718]",0.186320,0.349,,"{""0"": 250, ""1"": 72, ""2"": null, ""3"": null, ""4"": null, ""5"": null, ""6"": null, ""7"": null}","{""0"": 0.0, ""1"": 0.0, ""2"": null, ""3"": null, ""4"": null, ""5"": null, ""6"": null, ""7"": null}",{},,1,0,1,0,,maneuver-locked,CHANGING_PAUSED,right,left,right,0
275,2026-08-02T02:00:02.550+09:00,44.632,274,6.30,0,AVOIDING_OBSTACLE,,0,0,1,0,0,0,,-3.793,0,0,0.000000,0.000000,0,741,green,1,obstacle-car,0.976109,"[212, 405, 759, 718]",0.186320,0.480,,"{""0"": 250, ""1"": 71, ""2"": null, ""3"": null, ""4"": null, ""5"": null, ""6"": null, ""7"": null}","{""0"": 0.0, ""1"": 0.0, ""2"": null, ""3"": null, ""4"": null, ""5"": null, ""6"": null, ""7"": null}",{},,1,0,1,0,,maneuver-locked,CHANGING_PAUSED,right,left,right,0
276,2026-08-02T02:00:02.736+09:00,44.817,275,6.29,0,AVOIDING_OBSTACLE,,0,0,1,0,0,0,,-3.793,0,0,0.000000,0.000000,0,741,green,1,obstacle-car,0.905277,"[248, 436, 760, 719]",0.157610,0.386,,"{""0"": 250, ""1"": 72, ""2"": null, ""3"": null, ""4"": null, ""5"": null, ""6"": null, ""7"": null}","{""0"": 0.0, ""1"": 0.0, ""2"": null, ""3"": null, ""4"": null, ""5"": null, ""6"": null, ""7"": null}",{},,1,0,1,0,,maneuver-locked,CHANGING_PAUSED,right,left,right,0
277,2026-08-02T02:00:02.907+09:00,44.989,276,6.29,0,AVOIDING_OBSTACLE,,0,0,1,0,0,0,,-3.793,0,0,0.000000,0.000000,0,741,green,1,obstacle-car,0.806015,"[257, 488, 757, 720]",0.125504,0.456,,"{""0"": 250, ""1"": 72, ""2"": null, ""3"": null, ""4"": null, ""5"": null, ""6"": null, ""7"": null}","{""0"": 0.0, ""1"": 0.0, ""2"": null, ""3"": null, ""4"": null, ""5"": null, ""6"": null, ""7"": null}",{},,1,0,1,0,,maneuver-locked,CHANGING_PAUSED,right,left,right,0
278,2026-08-02T02:00:03.007+09:00,45.089,277,6.31,0,AVOIDING_OBSTACLE,,0,0,1,0,0,0,,-3.793,0,0,0.000000,0.000000,0,741,green,1,obstacle-car,0.876030,"[248, 427, 759, 719]",0.161771,0.425,,"{""0"": 250, ""1"": 72, ""2"": null, ""3"": null, ""4"": null, ""5"": null, ""6"": null, ""7"": null}","{""0"": 0.0, ""1"": 0.0, ""2"": null, ""3"": null, ""4"": null, ""5"": null, ""6"": null, ""7"": null}",{},,1,0,1,0,,maneuver-locked,CHANGING_PAUSED,right,left,right,0
279,2026-08-02T02:00:03.174+09:00,45.257,278,6.30,0,AVOIDING_OBSTACLE,,0,0,1,0,0,0,,-3.793,0,0,0.000000,0.000000,0,742,green,1,obstacle-car,0.885923,"[249, 424, 759, 719]",0.162921,0.235,,"{""0"": 250, ""1"": 72, ""2"": null, ""3"": null, ""4"": null, ""5"": null, ""6"": null, ""7"": null}","{""0"": 0.0, ""1"": 0.0, ""2"": null, ""3"": null, ""4"": null, ""5"": null, ""6"": null, ""7"": null}",{},,1,0,1,0,,maneuver-locked,CHANGING_PAUSED,right,left,right,0
280,2026-08-02T02:00:03.357+09:00,45.439,279,6.30,0,AVOIDING_OBSTACLE,,0,0,1,0,0,0,,-3.793,0,0,0.000000,0.000000,0,741,green,1,obstacle-car,0.883188,"[250, 418, 758, 719]",0.165959,0.316,,"{""0"": 250, ""1"": 72, ""2"": null, ""3"": null, ""4"": null, ""5"": null, ""6"": null, ""7"": null}","{""0"": 0.0, ""1"": 0.0, ""2"": null, ""3"": null, ""4"": null, ""5"": null, ""6"": null, ""7"": null}",{},,1,0,1,0,,maneuver-locked,CHANGING_PAUSED,right,left,right,0
281,2026-08-02T02:00:03.555+09:00,45.637,280,6.29,0,AVOIDING_OBSTACLE,,0,0,1,0,0,0,,-3.793,0,0,0.000000,0.000000,0,742,green,1,obstacle-car,0.883188,"[250, 418, 758, 719]",0.165959,0.514,,"{""0"": 250, ""1"": 72, ""2"": null, ""3"": null, ""4"": null, ""5"": null, ""6"": null, ""7"": null}","{""0"": 0.0, ""1"": 0.0, ""2"": null, ""3"": null, ""4"": null, ""5"": null, ""6"": null, ""7"": null}",{},,1,0,1,0,,maneuver-locked,CHANGING_PAUSED,right,left,right,0
282,2026-08-02T02:00:03.790+09:00,45.872,281,6.26,0,AVOIDING_OBSTACLE,,0,0,1,0,0,0,,-3.793,0,0,0.000000,0.000000,0,742,green,1,obstacle-car,0.885717,"[250, 422, 758, 719]",0.164010,0.401,,"{""0"": 250, ""1"": 72, ""2"": null, ""3"": null, ""4"": null, ""5"": null, ""6"": null, ""7"": null}","{""0"": 0.0, ""1"": 0.0, ""2"": null, ""3"": null, ""4"": null, ""5"": null, ""6"": null, ""7"": null}",{},,1,0,1,0,,maneuver-locked,CHANGING_PAUSED,right,left,right,0
283,2026-08-02T02:00:03.898+09:00,45.980,282,6.28,0,AVOIDING_OBSTACLE,,0,0,1,0,0,0,,-3.793,0,0,0.000000,0.000000,0,742,green,1,obstacle-car,0.885717,"[250, 422, 758, 719]",0.164010,0.507,,"{""0"": 250, ""1"": 72, ""2"": null, ""3"": null, ""4"": null, ""5"": null, ""6"": null, ""7"": null}","{""0"": 0.0, ""1"": 0.0, ""2"": null, ""3"": null, ""4"": null, ""5"": null, ""6"": null, ""7"": null}",{},,1,0,1,0,,maneuver-locked,CHANGING_PAUSED,right,left,right,0
284,2026-08-02T02:00:04.085+09:00,46.167,283,6.27,0,AVOIDING_OBSTACLE,,0,0,1,0,0,0,,-3.793,0,0,0.000000,0.000000,0,740,green,1,obstacle-car,0.885726,"[249, 425, 758, 719]",0.162248,0.498,,"{""0"": 250, ""1"": 72, ""2"": null, ""3"": null, ""4"": null, ""5"": null, ""6"": null, ""7"": null}","{""0"": 0.0, ""1"": 0.0, ""2"": null, ""3"": null, ""4"": null, ""5"": null, ""6"": null, ""7"": null}",{},,1,0,1,0,,maneuver-locked,CHANGING_PAUSED,right,left,right,0
