frame_index,wall_time,elapsed_s,video_frame_index,fps,running,vehicle_state,event,stop_condition,lane_found,traffic_mission_enabled,signal_stop_latched,avoidance_blocked_by_signal,stop_line_detected,lane_error,solid_filter_angle_deg,solid_filter_kept_pixels,solid_filter_rejected_pixels,raw_steer,final_steer,final_speed,recovery_ramp_active,recovery_ramp_elapsed_s,recovery_ramp_pwm,steering_pot,traffic_signal,traffic_result_age_s,traffic_model_fault,car_detected,car_label,car_confidence,car_bbox,car_area_ratio,car_result_age_s,car_roi_normalized,car_roi_pixels,car_model_fault,ultrasonic_json,ultrasonic_age_json,front_sensor_values,front_distance_cm,sensor_ok,ultrasonic_close,fusion_confirmed,fusion_hits,fusion_skew_s,fusion_reason,obstacle_phase,dash_side,solid_side,locked_dash_side,lost_frames
1,2026-08-02T03:32:15.636+09:00,0.121,0,0.00,0,DRIVING,state:None->DRIVING;phase:None->KEEP_PAUSED,0,0,1,0,0,0,,,0,0,0.000000,0.000000,0,0,0.000,255,739,unknown,,,0,unknown,0.000000,null,0.000000,,"[0.2, 0.2, 0.8, 1.0]","[256, 144, 1024, 720]",,"{""0"": 250, ""1"": 58, ""2"": null, ""3"": null, ""4"": null, ""5"": null, ""6"": null, ""7"": null}","{""0"": 0.0, ""1"": 0.0, ""2"": null, ""3"": null, ""4"": null, ""5"": null, ""6"": null, ""7"": null}","{""0"": 250, ""1"": 58}",58,1,1,0,0,,car-not-detected-or-stale,KEEP_PAUSED,,,,1
2,2026-08-02T03:32:15.762+09:00,0.257,1,7.22,0,DRIVING,,0,0,1,0,0,0,,,0,0,0.000000,0.000000,0,0,0.000,255,739,green,0.159,,0,unknown,0.000000,null,0.000000,0.237,"[0.2, 0.2, 0.8, 1.0]","[256, 144, 1024, 720]",,"{""0"": 250, ""1"": 58, ""2"": null, ""3"": null, ""4"": null, ""5"": null, ""6"": null, ""7"": null}","{""0"": 0.0, ""1"": 0.0, ""2"": null, ""3"": null, ""4"": null, ""5"": null, ""6"": null, ""7"": null}","{""0"": 250, ""1"": 58}",58,1,1,0,0,0.237,car-not-detected-or-stale,KEEP_PAUSED,,,,2
3,2026-08-02T03:32:15.836+09:00,0.327,2,9.52,0,DRIVING,,0,0,1,0,0,0,,,0,0,0.000000,0.000000,0,0,0.000,255,738,unknown,0.117,,0,unknown,0.000000,null,0.000000,0.152,"[0.2, 0.2, 0.8, 1.0]","[256, 144, 1024, 720]",,"{""0"": 250, ""1"": 58, ""2"": null, ""3"": null, ""4"": null, ""5"": null, ""6"": null, ""7"": null}","{""0"": 0.0, ""1"": 0.0, ""2"": null, ""3"": null, ""4"": null, ""5"": null, ""6"": null, ""7"": null}","{""0"": 250, ""1"": 58}",58,1,1,0,0,0.152,car-not-detected-or-stale,KEEP_PAUSED,,,,3
4,2026-08-02T03:32:15.923+09:00,0.418,3,10.03,0,DRIVING,,0,0,1,0,0,0,,,0,0,0.000000,0.000000,0,0,0.000,255,739,unknown,0.189,,0,unknown,0.000000,null,0.000000,0.241,"[0.2, 0.2, 0.8, 1.0]","[256, 144, 1024, 720]",,"{""0"": 250, ""1"": 58, ""2"": null, ""3"": null, ""4"": null, ""5"": null, ""6"": null, ""7"": null}","{""0"": 0.0, ""1"": 0.0, ""2"": null, ""3"": null, ""4"": null, ""5"": null, ""6"": null, ""7"": null}","{""0"": 250, ""1"": 58}",58,1,1,0,0,0.241,car-not-detected-or-stale,KEEP_PAUSED,,,,4
5,2026-08-02T03:32:16.000+09:00,0.495,4,10.63,0,DRIVING,,0,0,1,0,0,0,,,0,0,0.000000,0.000000,0,0,0.000,255,739,green,0.164,,0,unknown,0.000000,null,0.000000,0.205,"[0.2, 0.2, 0.8, 1.0]","[256, 144, 1024, 720]",,"{""0"": 250, ""1"": 58, ""2"": null, ""3"": null, ""4"": null, ""5"": null, ""6"": null, ""7"": null}","{""0"": 0.0, ""1"": 0.0, ""2"": null, ""3"": null, ""4"": null, ""5"": null, ""6"": null, ""7"": null}","{""0"": 250, ""1"": 58}",58,1,1,0,0,0.205,car-not-detected-or-stale,KEEP_PAUSED,,,,5
6,2026-08-02T03:32:16.091+09:00,0.586,5,10.72,0,DRIVING,,0,0,1,0,0,0,,,0,0,0.000000,0.000000,0,0,0.000,255,739,green,0.176,,0,unknown,0.000000,null,0.000000,0.222,"[0.2, 0.2, 0.8, 1.0]","[256, 144, 1024, 720]",,"{""0"": 250, ""1"": 58, ""2"": null, ""3"": null, ""4"": null, ""5"": null, ""6"": null, ""7"": null}","{""0"": 0.0, ""1"": 0.0, ""2"": null, ""3"": null, ""4"": null, ""5"": null, ""6"": null, ""7"": null}","{""0"": 250, ""1"": 58}",58,1,1,0,0,0.222,car-not-detected-or-stale,KEEP_PAUSED,,,,6
7,2026-08-02T03:32:16.208+09:00,0.703,6,10.26,0,DRIVING,,0,0,1,0,0,0,,,0,0,0.000000,0.000000,0,0,0.000,255,739,green,0.182,,0,unknown,0.000000,null,0.000000,0.340,"[0.2, 0.2, 0.8, 1.0]","[256, 144, 1024, 720]",,"{""0"": 250, ""1"": 58, ""2"": null, ""3"": null, ""4"": null, ""5"": null, ""6"": null, ""7"": null}","{""0"": 0.0, ""1"": 0.0, ""2"": null, ""3"": null, ""4"": null, ""5"": null, ""6"": null, ""7"": null}","{""0"": 250, ""1"": 58}",58,1,1,0,0,0.340,car-not-detected-or-stale,KEEP_PAUSED,,,,7
8,2026-08-02T03:32:16.278+09:00,0.773,7,10.71,0,DRIVING,,0,0,1,0,0,0,,,0,0,0.000000,0.000000,0,0,0.000,255,739,green,0.204,,0,unknown,0.000000,null,0.000000,0.238,"[0.2, 0.2, 0.8, 1.0]","[256, 144, 1024, 720]",,"{""0"": 250, ""1"": 58, ""2"": null, ""3"": null, ""4"": null, ""5"": null, ""6"": null, ""7"": null}","{""0"": 0.0, ""1"": 0.0, ""2"": null, ""3"": null, ""4"": null, ""5"": null, ""6"": null, ""7"": null}","{""0"": 250, ""1"": 58}",58,1,1,0,0,0.238,car-not-detected-or-stale,KEEP_PAUSED,,,,8
9,2026-08-02T03:32:16.381+09:00,0.876,8,10.58,0,DRIVING,,0,0,1,0,0,0,,,0,0,0.000000,0.000000,0,0,0.000,255,738,green,0.291,,0,unknown,0.000000,null,0.000000,0.245,"[0.2, 0.2, 0.8, 1.0]","[256, 144, 1024, 720]",,"{""0"": 250, ""1"": 58, ""2"": null, ""3"": null, ""4"": null, ""5"": null, ""6"": null, ""7"": null}","{""0"": 0.0, ""1"": 0.0, ""2"": null, ""3"": null, ""4"": null, ""5"": null, ""6"": null, ""7"": null}","{""0"": 250, ""1"": 58}",58,1,1,0,0,0.245,car-not-detected-or-stale,KEEP_PAUSED,,,,9
10,2026-08-02T03:32:16.506+09:00,1.000,9,10.21,0,DRIVING,,0,0,1,0,0,0,,,0,0,0.000000,0.000000,0,0,0.000,255,739,green,0.307,,0,unknown,0.000000,null,0.000000,0.178,"[0.2, 0.2, 0.8, 1.0]","[256, 144, 1024, 720]",,"{""0"": 250, ""1"": 58, ""2"": null, ""3"": null, ""4"": null, ""5"": null, ""6"": null, ""7"": null}","{""0"": 0.0, ""1"": 0.0, ""2"": null, ""3"": null, ""4"": null, ""5"": null, ""6"": null, ""7"": null}","{""0"": 250, ""1"": 58}",58,1,1,0,0,0.178,car-not-detected-or-stale,KEEP_PAUSED,,,,10
11,2026-08-02T03:32:16.634+09:00,1.129,10,9.89,0,DRIVING,,0,0,1,0,0,0,,,0,0,0.000000,0.000000,0,0,0.000,255,739,green,0.214,,0,unknown,0.000000,null,0.000000,0.308,"[0.2, 0.2, 0.8, 1.0]","[256, 144, 1024, 720]",,"{""0"": 250, ""1"": 58, ""2"": null, ""3"": null, ""4"": null, ""5"": null, ""6"": null, ""7"": null}","{""0"": 0.0, ""1"": 0.0, ""2"": null, ""3"": null, ""4"": null, ""5"": null, ""6"": null, ""7"": null}","{""0"": 250, ""1"": 58}",58,1,1,0,0,0.308,car-not-detected-or-stale,KEEP_PAUSED,,,,11
12,2026-08-02T03:32:16.708+09:00,1.202,11,10.15,0,DRIVING,,0,0,1,0,0,0,,,0,0,0.000000,0.000000,0,0,0.000,255,739,green,0.231,,0,unknown,0.000000,null,0.000000,0.268,"[0.2, 0.2, 0.8, 1.0]","[256, 144, 1024, 720]",,"{""0"": 250, ""1"": 58, ""2"": null, ""3"": null, ""4"": null, ""5"": null, ""6"": null, ""7"": null}","{""0"": 0.0, ""1"": 0.0, ""2"": null, ""3"": null, ""4"": null, ""5"": null, ""6"": null, ""7"": null}","{""0"": 250, ""1"": 58}",58,1,1,0,0,0.268,car-not-detected-or-stale,KEEP_PAUSED,,,,12
13,2026-08-02T03:32:16.803+09:00,1.298,12,10.18,0,DRIVING,,0,0,1,0,0,0,,,0,0,0.000000,0.000000,0,0,0.000,255,739,green,0.304,,0,unknown,0.000000,null,0.000000,0.264,"[0.2, 0.2, 0.8, 1.0]","[256, 144, 1024, 720]",,"{""0"": 250, ""1"": 58, ""2"": null, ""3"": null, ""4"": null, ""5"": null, ""6"": null, ""7"": null}","{""0"": 0.0, ""1"": 0.0, ""2"": null, ""3"": null, ""4"": null, ""5"": null, ""6"": null, ""7"": null}","{""0"": 250, ""1"": 58}",58,1,1,0,0,0.264,car-not-detected-or-stale,KEEP_PAUSED,,,,13
14,2026-08-02T03:32:16.924+09:00,1.419,13,10.00,0,DRIVING,,0,0,1,0,0,0,,,0,0,0.000000,0.000000,0,0,0.000,255,739,green,0.304,,0,unknown,0.000000,null,0.000000,0.385,"[0.2, 0.2, 0.8, 1.0]","[256, 144, 1024, 720]",,"{""0"": 250, ""1"": 58, ""2"": null, ""3"": null, ""4"": null, ""5"": null, ""6"": null, ""7"": null}","{""0"": 0.0, ""1"": 0.0, ""2"": null, ""3"": null, ""4"": null, ""5"": null, ""6"": null, ""7"": null}","{""0"": 250, ""1"": 58}",58,1,1,0,0,0.385,car-not-detected-or-stale,KEEP_PAUSED,,,,14
15,2026-08-02T03:32:16.998+09:00,1.493,14,10.18,0,DRIVING,,0,0,1,0,0,0,,,0,0,0.000000,0.000000,0,0,0.000,255,739,green,0.220,,0,unknown,0.000000,null,0.000000,0.258,"[0.2, 0.2, 0.8, 1.0]","[256, 144, 1024, 720]",,"{""0"": 250, ""1"": 58, ""2"": null, ""3"": null, ""4"": null, ""5"": null, ""6"": null, ""7"": null}","{""0"": 0.0, ""1"": 0.0, ""2"": null, ""3"": null, ""4"": null, ""5"": null, ""6"": null, ""7"": null}","{""0"": 250, ""1"": 58}",58,1,1,0,0,0.258,car-not-detected-or-stale,KEEP_PAUSED,,,,15
16,2026-08-02T03:32:17.087+09:00,1.582,15,10.25,0,DRIVING,,0,0,1,0,0,0,,,0,0,0.000000,0.000000,0,0,0.000,255,739,green,0.194,,0,unknown,0.000000,null,0.000000,0.248,"[0.2, 0.2, 0.8, 1.0]","[256, 144, 1024, 720]",,"{""0"": 250, ""1"": 58, ""2"": null, ""3"": null, ""4"": null, ""5"": null, ""6"": null, ""7"": null}","{""0"": 0.0, ""1"": 0.0, ""2"": null, ""3"": null, ""4"": null, ""5"": null, ""6"": null, ""7"": null}","{""0"": 250, ""1"": 58}",58,1,1,0,0,0.248,car-not-detected-or-stale,KEEP_PAUSED,,,,16
17,2026-08-02T03:32:17.225+09:00,1.720,16,9.99,0,DRIVING,,0,0,1,0,0,0,,,0,0,0.000000,0.000000,0,0,0.000,255,739,green,0.301,,0,unknown,0.000000,null,0.000000,0.385,"[0.2, 0.2, 0.8, 1.0]","[256, 144, 1024, 720]",,"{""0"": 250, ""1"": 58, ""2"": null, ""3"": null, ""4"": null, ""5"": null, ""6"": null, ""7"": null}","{""0"": 0.0, ""1"": 0.0, ""2"": null, ""3"": null, ""4"": null, ""5"": null, ""6"": null, ""7"": null}","{""0"": 250, ""1"": 58}",58,1,1,0,0,0.385,car-not-detected-or-stale,KEEP_PAUSED,,,,17
18,2026-08-02T03:32:17.299+09:00,1.794,17,10.15,0,DRIVING,,0,0,1,0,0,0,,,0,0,0.000000,0.000000,0,0,0.000,255,739,green,0.123,,0,unknown,0.000000,null,0.000000,0.267,"[0.2, 0.2, 0.8, 1.0]","[256, 144, 1024, 720]",,"{""0"": 250, ""1"": 58, ""2"": null, ""3"": null, ""4"": null, ""5"": null, ""6"": null, ""7"": null}","{""0"": 0.0, ""1"": 0.0, ""2"": null, ""3"": null, ""4"": null, ""5"": null, ""6"": null, ""7"": null}","{""0"": 250, ""1"": 58}",58,1,1,0,0,0.267,car-not-detected-or-stale,KEEP_PAUSED,,,,18
19,2026-08-02T03:32:17.384+09:00,1.878,18,10.23,0,DRIVING,,0,0,1,0,0,0,,,0,0,0.000000,0.000000,0,0,0.000,255,739,green,0.201,,0,unknown,0.000000,null,0.000000,0.246,"[0.2, 0.2, 0.8, 1.0]","[256, 144, 1024, 720]",,"{""0"": 250, ""1"": 58, ""2"": null, ""3"": null, ""4"": null, ""5"": null, ""6"": null, ""7"": null}","{""0"": 0.0, ""1"": 0.0, ""2"": null, ""3"": null, ""4"": null, ""5"": null, ""6"": null, ""7"": null}","{""0"": 250, ""1"": 58}",58,1,1,0,0,0.246,car-not-detected-or-stale,KEEP_PAUSED,,,,19
20,2026-08-02T03:32:17.565+09:00,2.060,19,9.79,0,DRIVING,,0,0,1,0,0,0,,,0,0,0.000000,0.000000,0,0,0.000,255,739,green,0.178,,0,unknown,0.000000,null,0.000000,0.427,"[0.2, 0.2, 0.8, 1.0]","[256, 144, 1024, 720]",,"{""0"": 250, ""1"": 58, ""2"": null, ""3"": null, ""4"": null, ""5"": null, ""6"": null, ""7"": null}","{""0"": 0.0, ""1"": 0.0, ""2"": null, ""3"": null, ""4"": null, ""5"": null, ""6"": null, ""7"": null}","{""0"": 250, ""1"": 58}",58,1,1,0,0,0.427,car-not-detected-or-stale,KEEP_PAUSED,,,,20
21,2026-08-02T03:32:17.677+09:00,2.172,20,9.74,0,DRIVING,,0,0,1,0,0,0,,,0,0,0.000000,0.000000,0,0,0.000,255,739,green,0.267,,0,unknown,0.000000,null,0.000000,0.342,"[0.2, 0.2, 0.8, 1.0]","[256, 144, 1024, 720]",,"{""0"": 250, ""1"": 58, ""2"": null, ""3"": null, ""4"": null, ""5"": null, ""6"": null, ""7"": null}","{""0"": 0.0, ""1"": 0.0, ""2"": null, ""3"": null, ""4"": null, ""5"": null, ""6"": null, ""7"": null}","{""0"": 250, ""1"": 58}",58,1,1,0,0,0.342,car-not-detected-or-stale,KEEP_PAUSED,,,,21
22,2026-08-02T03:32:17.751+09:00,2.245,21,9.87,0,DRIVING,,0,0,1,0,0,0,,,0,0,0.000000,0.000000,0,0,0.000,255,739,green,0.279,,0,unknown,0.000000,null,0.000000,0.316,"[0.2, 0.2, 0.8, 1.0]","[256, 144, 1024, 720]",,"{""0"": 250, ""1"": 58, ""2"": null, ""3"": null, ""4"": null, ""5"": null, ""6"": null, ""7"": null}","{""0"": 0.0, ""1"": 0.0, ""2"": null, ""3"": null, ""4"": null, ""5"": null, ""6"": null, ""7"": null}","{""0"": 250, ""1"": 58}",58,1,1,0,0,0.316,car-not-detected-or-stale,KEEP_PAUSED,,,,22
23,2026-08-02T03:32:17.837+09:00,2.332,22,9.94,0,DRIVING,,0,0,1,0,0,0,,,0,0,0.000000,0.000000,0,0,0.000,255,739,green,0.189,,0,unknown,0.000000,null,0.000000,0.238,"[0.2, 0.2, 0.8, 1.0]","[256, 144, 1024, 720]",,"{""0"": 250, ""1"": 58, ""2"": null, ""3"": null, ""4"": null, ""5"": null, ""6"": null, ""7"": null}","{""0"": 0.0, ""1"": 0.0, ""2"": null, ""3"": null, ""4"": null, ""5"": null, ""6"": null, ""7"": null}","{""0"": 250, ""1"": 58}",58,1,1,0,0,0.238,car-not-detected-or-stale,KEEP_PAUSED,,,,23
24,2026-08-02T03:32:18.002+09:00,2.497,23,9.67,0,DRIVING,,0,0,1,0,0,0,,,0,0,0.000000,0.000000,0,0,0.000,255,739,green,0.276,,0,unknown,0.000000,null,0.000000,0.404,"[0.2, 0.2, 0.8, 1.0]","[256, 144, 1024, 720]",,"{""0"": 250, ""1"": 58, ""2"": null, ""3"": null, ""4"": null, ""5"": null, ""6"": null, ""7"": null}","{""0"": 0.0, ""1"": 0.0, ""2"": null, ""3"": null, ""4"": null, ""5"": null, ""6"": null, ""7"": null}","{""0"": 250, ""1"": 58}",58,1,1,0,0,0.404,car-not-detected-or-stale,KEEP_PAUSED,,,,24
25,2026-08-02T03:32:18.075+09:00,2.570,24,9.79,0,DRIVING,,0,0,1,0,0,0,,,0,0,0.000000,0.000000,0,0,0.000,255,739,green,0.168,,0,unknown,0.000000,null,0.000000,0.290,"[0.2, 0.2, 0.8, 1.0]","[256, 144, 1024, 720]",,"{""0"": 250, ""1"": 58, ""2"": null, ""3"": null, ""4"": null, ""5"": null, ""6"": null, ""7"": null}","{""0"": 0.0, ""1"": 0.0, ""2"": null, ""3"": null, ""4"": null, ""5"": null, ""6"": null, ""7"": null}","{""0"": 250, ""1"": 58}",58,1,1,0,0,0.290,car-not-detected-or-stale,KEEP_PAUSED,,,,25
26,2026-08-02T03:32:18.171+09:00,2.666,25,9.81,0,DRIVING,,0,0,1,0,0,0,,,0,0,0.000000,0.000000,0,0,0.000,255,739,green,0.241,,0,unknown,0.000000,null,0.000000,0.300,"[0.2, 0.2, 0.8, 1.0]","[256, 144, 1024, 720]",,"{""0"": 250, ""1"": 58, ""2"": null, ""3"": null, ""4"": null, ""5"": null, ""6"": null, ""7"": null}","{""0"": 0.0, ""1"": 0.0, ""2"": null, ""3"": null, ""4"": null, ""5"": null, ""6"": null, ""7"": null}","{""0"": 250, ""1"": 58}",58,1,1,0,0,0.300,car-not-detected-or-stale,KEEP_PAUSED,,,,26
27,2026-08-02T03:32:18.303+09:00,2.798,26,9.70,0,DRIVING,,0,0,1,0,0,0,,,0,0,0.000000,0.000000,0,0,0.000,255,739,green,0.174,,0,unknown,0.000000,null,0.000000,0.433,"[0.2, 0.2, 0.8, 1.0]","[256, 144, 1024, 720]",,"{""0"": 250, ""1"": 58, ""2"": null, ""3"": null, ""4"": null, ""5"": null, ""6"": null, ""7"": null}","{""0"": 0.0, ""1"": 0.0, ""2"": null, ""3"": null, ""4"": null, ""5"": null, ""6"": null, ""7"": null}","{""0"": 250, ""1"": 58}",58,1,1,0,0,0.433,car-not-detected-or-stale,KEEP_PAUSED,,,,27
28,2026-08-02T03:32:18.377+09:00,2.872,27,9.81,0,DRIVING,,0,0,1,0,0,0,,,0,0,0.000000,0.000000,0,0,0.000,255,739,green,0.232,,0,unknown,0.000000,null,0.000000,0.268,"[0.2, 0.2, 0.8, 1.0]","[256, 144, 1024, 720]",,"{""0"": 250, ""1"": 58, ""2"": null, ""3"": null, ""4"": null, ""5"": null, ""6"": null, ""7"": null}","{""0"": 0.0, ""1"": 0.0, ""2"": null, ""3"": null, ""4"": null, ""5"": null, ""6"": null, ""7"": null}","{""0"": 250, ""1"": 58}",58,1,1,0,0,0.268,car-not-detected-or-stale,KEEP_PAUSED,,,,28
29,2026-08-02T03:32:18.550+09:00,3.045,28,9.57,0,DRIVING,,0,0,1,0,0,0,,,0,0,0.000000,0.000000,0,0,0.000,255,739,green,0.359,,0,unknown,0.000000,null,0.000000,0.213,"[0.2, 0.2, 0.8, 1.0]","[256, 144, 1024, 720]",,"{""0"": 250, ""1"": 58, ""2"": null, ""3"": null, ""4"": null, ""5"": null, ""6"": null, ""7"": null}","{""0"": 0.0, ""1"": 0.0, ""2"": null, ""3"": null, ""4"": null, ""5"": null, ""6"": null, ""7"": null}","{""0"": 250, ""1"": 58}",58,1,1,0,0,0.213,car-not-detected-or-stale,KEEP_PAUSED,,,,29
30,2026-08-02T03:32:18.639+09:00,3.133,29,9.62,0,DRIVING,,0,0,1,0,0,0,,,0,0,0.000000,0.000000,0,0,0.000,255,739,green,0.382,,0,unknown,0.000000,null,0.000000,0.300,"[0.2, 0.2, 0.8, 1.0]","[256, 144, 1024, 720]",,"{""0"": 250, ""1"": 58, ""2"": null, ""3"": null, ""4"": null, ""5"": null, ""6"": null, ""7"": null}","{""0"": 0.0, ""1"": 0.0, ""2"": null, ""3"": null, ""4"": null, ""5"": null, ""6"": null, ""7"": null}","{""0"": 250, ""1"": 58}",58,1,1,0,0,0.300,car-not-detected-or-stale,KEEP_PAUSED,,,,30
31,2026-08-02T03:32:18.723+09:00,3.217,30,9.68,0,DRIVING,,0,0,1,0,0,0,,,0,0,0.000000,0.000000,0,0,0.000,255,739,green,0.211,,0,unknown,0.000000,null,0.000000,0.257,"[0.2, 0.2, 0.8, 1.0]","[256, 144, 1024, 720]",,"{""0"": 250, ""1"": 59, ""2"": null, ""3"": null, ""4"": null, ""5"": null, ""6"": null, ""7"": null}","{""0"": 0.0, ""1"": 0.0, ""2"": null, ""3"": null, ""4"": null, ""5"": null, ""6"": null, ""7"": null}","{""0"": 250, ""1"": 59}",59,1,1,0,0,0.257,car-not-detected-or-stale,KEEP_PAUSED,,,,31
32,2026-08-02T03:32:18.802+09:00,3.298,31,9.87,0,DRIVING,,0,0,1,0,0,0,,,0,0,0.000000,0.000000,0,0,0.000,255,739,green,0.176,,0,unknown,0.000000,null,0.000000,0.218,"[0.2, 0.2, 0.8, 1.0]","[256, 144, 1024, 720]",,"{""0"": 250, ""1"": 58, ""2"": null, ""3"": null, ""4"": null, ""5"": null, ""6"": null, ""7"": null}","{""0"": 0.0, ""1"": 0.0, ""2"": null, ""3"": null, ""4"": null, ""5"": null, ""6"": null, ""7"": null}","{""0"": 250, ""1"": 58}",58,1,1,0,0,0.218,car-not-detected-or-stale,KEEP_PAUSED,,,,32
33,2026-08-02T03:32:18.903+09:00,3.398,32,9.78,0,DRIVING,,0,0,1,0,0,0,,,0,0,0.000000,0.000000,0,0,0.000,255,739,green,0.172,,0,unknown,0.000000,null,0.000000,0.318,"[0.2, 0.2, 0.8, 1.0]","[256, 144, 1024, 720]",,"{""0"": 250, ""1"": 58, ""2"": null, ""3"": null, ""4"": null, ""5"": null, ""6"": null, ""7"": null}","{""0"": 0.0, ""1"": 0.0, ""2"": null, ""3"": null, ""4"": null, ""5"": null, ""6"": null, ""7"": null}","{""0"": 250, ""1"": 58}",58,1,1,0,0,0.318,car-not-detected-or-stale,KEEP_PAUSED,,,,33
34,2026-08-02T03:32:19.034+09:00,3.528,33,9.65,0,DRIVING,,0,0,1,0,0,0,,,0,0,0.000000,0.000000,0,0,0.000,255,739,green,0.182,,0,unknown,0.000000,null,0.000000,0.276,"[0.2, 0.2, 0.8, 1.0]","[256, 144, 1024, 720]",,"{""0"": 250, ""1"": 58, ""2"": null, ""3"": null, ""4"": null, ""5"": null, ""6"": null, ""7"": null}","{""0"": 0.0, ""1"": 0.0, ""2"": null, ""3"": null, ""4"": null, ""5"": null, ""6"": null, ""7"": null}","{""0"": 250, ""1"": 58}",58,1,1,0,0,0.276,car-not-detected-or-stale,KEEP_PAUSED,,,,34
35,2026-08-02T03:32:19.109+09:00,3.604,34,9.65,0,DRIVING,,0,0,1,0,0,0,,,0,0,0.000000,0.000000,0,0,0.000,255,739,green,0.230,,0,unknown,0.000000,null,0.000000,0.269,"[0.2, 0.2, 0.8, 1.0]","[256, 144, 1024, 720]",,"{""0"": 250, ""1"": 58, ""2"": null, ""3"": null, ""4"": null, ""5"": null, ""6"": null, ""7"": null}","{""0"": 0.0, ""1"": 0.0, ""2"": null, ""3"": null, ""4"": null, ""5"": null, ""6"": null, ""7"": null}","{""0"": 250, ""1"": 58}",58,1,1,0,0,0.269,car-not-detected-or-stale,KEEP_PAUSED,,,,35
36,2026-08-02T03:32:19.239+09:00,3.734,35,9.53,0,DRIVING,,0,0,1,0,0,0,,,0,0,0.000000,0.000000,0,0,0.000,255,739,green,0.306,,0,unknown,0.000000,null,0.000000,0.398,"[0.2, 0.2, 0.8, 1.0]","[256, 144, 1024, 720]",,"{""0"": 250, ""1"": 58, ""2"": null, ""3"": null, ""4"": null, ""5"": null, ""6"": null, ""7"": null}","{""0"": 0.0, ""1"": 0.0, ""2"": null, ""3"": null, ""4"": null, ""5"": null, ""6"": null, ""7"": null}","{""0"": 250, ""1"": 58}",58,1,1,0,0,0.398,car-not-detected-or-stale,KEEP_PAUSED,,,,36
37,2026-08-02T03:32:19.320+09:00,3.814,36,9.64,0,DRIVING,,0,0,1,0,0,0,,,0,0,0.000000,0.000000,0,0,0.000,255,738,green,0.339,,0,unknown,0.000000,null,0.000000,0.254,"[0.2, 0.2, 0.8, 1.0]","[256, 144, 1024, 720]",,"{""0"": 250, ""1"": 58, ""2"": null, ""3"": null, ""4"": null, ""5"": null, ""6"": null, ""7"": null}","{""0"": 0.0, ""1"": 0.0, ""2"": null, ""3"": null, ""4"": null, ""5"": null, ""6"": null, ""7"": null}","{""0"": 250, ""1"": 58}",58,1,1,0,0,0.254,car-not-detected-or-stale,KEEP_PAUSED,,,,37
38,2026-08-02T03:32:19.402+09:00,3.897,37,9.60,0,DRIVING,,0,0,1,0,0,0,,,0,0,0.000000,0.000000,0,0,0.000,255,738,green,0.214,,0,unknown,0.000000,null,0.000000,0.259,"[0.2, 0.2, 0.8, 1.0]","[256, 144, 1024, 720]",,"{""0"": 250, ""1"": 58, ""2"": null, ""3"": null, ""4"": null, ""5"": null, ""6"": null, ""7"": null}","{""0"": 0.0, ""1"": 0.0, ""2"": null, ""3"": null, ""4"": null, ""5"": null, ""6"": null, ""7"": null}","{""0"": 250, ""1"": 58}",58,1,1,0,0,0.259,car-not-detected-or-stale,KEEP_PAUSED,,,,38
39,2026-08-02T03:32:19.525+09:00,4.019,38,9.54,0,DRIVING,,0,0,1,0,0,0,,,0,0,0.000000,0.000000,0,0,0.000,255,740,green,0.295,,0,unknown,0.000000,null,0.000000,0.382,"[0.2, 0.2, 0.8, 1.0]","[256, 144, 1024, 720]",,"{""0"": 250, ""1"": 58, ""2"": null, ""3"": null, ""4"": null, ""5"": null, ""6"": null, ""7"": null}","{""0"": 0.0, ""1"": 0.0, ""2"": null, ""3"": null, ""4"": null, ""5"": null, ""6"": null, ""7"": null}","{""0"": 250, ""1"": 58}",58,1,1,0,0,0.382,car-not-detected-or-stale,KEEP_PAUSED,,,,39
40,2026-08-02T03:32:19.654+09:00,4.149,39,9.53,0,DRIVING,,0,0,1,0,0,0,,,0,0,0.000000,0.000000,0,0,0.000,255,739,green,0.289,,0,unknown,0.000000,null,0.000000,0.301,"[0.2, 0.2, 0.8, 1.0]","[256, 144, 1024, 720]",,"{""0"": 250, ""1"": 58, ""2"": null, ""3"": null, ""4"": null, ""5"": null, ""6"": null, ""7"": null}","{""0"": 0.0, ""1"": 0.0, ""2"": null, ""3"": null, ""4"": null, ""5"": null, ""6"": null, ""7"": null}","{""0"": 250, ""1"": 58}",58,1,1,0,0,0.301,car-not-detected-or-stale,KEEP_PAUSED,,,,40
41,2026-08-02T03:32:19.734+09:00,4.228,40,9.68,0,DRIVING,,0,0,1,0,0,0,,,0,0,0.000000,0.000000,0,0,0.000,255,739,green,0.256,,0,unknown,0.000000,null,0.000000,0.298,"[0.2, 0.2, 0.8, 1.0]","[256, 144, 1024, 720]",,"{""0"": 250, ""1"": 58, ""2"": null, ""3"": null, ""4"": null, ""5"": null, ""6"": null, ""7"": null}","{""0"": 0.0, ""1"": 0.0, ""2"": null, ""3"": null, ""4"": null, ""5"": null, ""6"": null, ""7"": null}","{""0"": 250, ""1"": 58}",58,1,1,0,0,0.298,car-not-detected-or-stale,KEEP_PAUSED,,,,41
42,2026-08-02T03:32:19.822+09:00,4.317,41,9.63,0,DRIVING,,0,0,1,0,0,0,,,0,0,0.000000,0.000000,0,0,0.000,255,739,green,0.212,,0,unknown,0.000000,null,0.000000,0.387,"[0.2, 0.2, 0.8, 1.0]","[256, 144, 1024, 720]",,"{""0"": 250, ""1"": 58, ""2"": null, ""3"": null, ""4"": null, ""5"": null, ""6"": null, ""7"": null}","{""0"": 0.0, ""1"": 0.0, ""2"": null, ""3"": null, ""4"": null, ""5"": null, ""6"": null, ""7"": null}","{""0"": 250, ""1"": 58}",58,1,1,0,0,0.387,car-not-detected-or-stale,KEEP_PAUSED,,,,42
43,2026-08-02T03:32:19.900+09:00,4.395,42,9.69,0,DRIVING,,0,0,1,0,0,0,,,0,0,0.000000,0.000000,0,0,0.000,255,739,green,0.300,,0,unknown,0.000000,null,0.000000,0.213,"[0.2, 0.2, 0.8, 1.0]","[256, 144, 1024, 720]",,"{""0"": 250, ""1"": 58, ""2"": null, ""3"": null, ""4"": null, ""5"": null, ""6"": null, ""7"": null}","{""0"": 0.0, ""1"": 0.0, ""2"": null, ""3"": null, ""4"": null, ""5"": null, ""6"": null, ""7"": null}","{""0"": 250, ""1"": 58}",58,1,1,0,0,0.213,car-not-detected-or-stale,KEEP_PAUSED,,,,43
44,2026-08-02T03:32:19.984+09:00,4.479,43,9.80,0,DRIVING,,0,0,1,0,0,0,,,0,0,0.000000,0.000000,0,0,0.000,255,738,green,0.249,,0,unknown,0.000000,null,0.000000,0.217,"[0.2, 0.2, 0.8, 1.0]","[256, 144, 1024, 720]",,"{""0"": 250, ""1"": 58, ""2"": null, ""3"": null, ""4"": null, ""5"": null, ""6"": null, ""7"": null}","{""0"": 0.0, ""1"": 0.0, ""2"": null, ""3"": null, ""4"": null, ""5"": null, ""6"": null, ""7"": null}","{""0"": 250, ""1"": 58}",58,1,1,0,0,0.217,car-not-detected-or-stale,KEEP_PAUSED,,,,44
45,2026-08-02T03:32:20.111+09:00,4.605,44,9.64,0,DRIVING,,0,0,1,0,0,0,,,0,0,0.000000,0.000000,0,0,0.000,255,739,green,0.187,,0,unknown,0.000000,null,0.000000,0.178,"[0.2, 0.2, 0.8, 1.0]","[256, 144, 1024, 720]",,"{""0"": 250, ""1"": 58, ""2"": null, ""3"": null, ""4"": null, ""5"": null, ""6"": null, ""7"": null}","{""0"": 0.0, ""1"": 0.0, ""2"": null, ""3"": null, ""4"": null, ""5"": null, ""6"": null, ""7"": null}","{""0"": 250, ""1"": 58}",58,1,1,0,0,0.178,car-not-detected-or-stale,KEEP_PAUSED,,,,45
46,2026-08-02T03:32:20.210+09:00,4.706,45,9.61,0,DRIVING,,0,0,1,0,0,0,,,0,0,0.000000,0.000000,0,0,0.000,255,739,green,0.214,,0,unknown,0.000000,null,0.000000,0.277,"[0.2, 0.2, 0.8, 1.0]","[256, 144, 1024, 720]",,"{""0"": 250, ""1"": 58, ""2"": null, ""3"": null, ""4"": null, ""5"": null, ""6"": null, ""7"": null}","{""0"": 0.0, ""1"": 0.0, ""2"": null, ""3"": null, ""4"": null, ""5"": null, ""6"": null, ""7"": null}","{""0"": 250, ""1"": 58}",58,1,1,0,0,0.277,car-not-detected-or-stale,KEEP_PAUSED,,,,46
47,2026-08-02T03:32:20.291+09:00,4.786,46,9.79,0,DRIVING,,0,0,1,0,0,0,,,0,0,0.000000,0.000000,0,0,0.000,255,739,green,0.210,,0,unknown,0.000000,null,0.000000,0.250,"[0.2, 0.2, 0.8, 1.0]","[256, 144, 1024, 720]",,"{""0"": 250, ""1"": 58, ""2"": null, ""3"": null, ""4"": null, ""5"": null, ""6"": null, ""7"": null}","{""0"": 0.0, ""1"": 0.0, ""2"": null, ""3"": null, ""4"": null, ""5"": null, ""6"": null, ""7"": null}","{""0"": 250, ""1"": 58}",58,1,1,0,0,0.250,car-not-detected-or-stale,KEEP_PAUSED,,,,47
48,2026-08-02T03:32:20.392+09:00,4.887,47,9.70,0,DRIVING,,0,0,1,0,0,0,,,0,0,0.000000,0.000000,0,0,0.000,255,739,green,0.290,,0,unknown,0.000000,null,0.000000,0.249,"[0.2, 0.2, 0.8, 1.0]","[256, 144, 1024, 720]",,"{""0"": 250, ""1"": 58, ""2"": null, ""3"": null, ""4"": null, ""5"": null, ""6"": null, ""7"": null}","{""0"": 0.0, ""1"": 0.0, ""2"": null, ""3"": null, ""4"": null, ""5"": null, ""6"": null, ""7"": null}","{""0"": 250, ""1"": 58}",58,1,1,0,0,0.249,car-not-detected-or-stale,KEEP_PAUSED,,,,48
49,2026-08-02T03:32:20.558+09:00,5.053,48,9.45,0,DRIVING,,0,0,1,0,0,0,,,0,0,0.000000,0.000000,0,0,0.000,255,739,green,0.285,,0,unknown,0.000000,null,0.000000,0.415,"[0.2, 0.2, 0.8, 1.0]","[256, 144, 1024, 720]",,"{""0"": 250, ""1"": 58, ""2"": null, ""3"": null, ""4"": null, ""5"": null, ""6"": null, ""7"": null}","{""0"": 0.0, ""1"": 0.0, ""2"": null, ""3"": null, ""4"": null, ""5"": null, ""6"": null, ""7"": null}","{""0"": 250, ""1"": 58}",58,1,1,0,0,0.415,car-not-detected-or-stale,KEEP_PAUSED,,,,49
50,2026-08-02T03:32:20.633+09:00,5.127,49,9.78,0,DRIVING,,0,0,1,0,0,0,,,0,0,0.000000,0.000000,0,0,0.000,255,739,green,0.266,,0,unknown,0.000000,null,0.000000,0.304,"[0.2, 0.2, 0.8, 1.0]","[256, 144, 1024, 720]",,"{""0"": 250, ""1"": 58, ""2"": null, ""3"": null, ""4"": null, ""5"": null, ""6"": null, ""7"": null}","{""0"": 0.0, ""1"": 0.0, ""2"": null, ""3"": null, ""4"": null, ""5"": null, ""6"": null, ""7"": null}","{""0"": 250, ""1"": 58}",58,1,1,0,0,0.304,car-not-detected-or-stale,KEEP_PAUSED,,,,50
51,2026-08-02T03:32:20.750+09:00,5.244,50,9.76,0,DRIVING,,0,0,1,0,0,0,,,0,0,0.000000,0.000000,0,0,0.000,255,739,green,0.342,,0,unknown,0.000000,null,0.000000,0.323,"[0.2, 0.2, 0.8, 1.0]","[256, 144, 1024, 720]",,"{""0"": 250, ""1"": 58, ""2"": null, ""3"": null, ""4"": null, ""5"": null, ""6"": null, ""7"": null}","{""0"": 0.0, ""1"": 0.0, ""2"": null, ""3"": null, ""4"": null, ""5"": null, ""6"": null, ""7"": null}","{""0"": 250, ""1"": 58}",58,1,1,0,0,0.323,car-not-detected-or-stale,KEEP_PAUSED,,,,51
52,2026-08-02T03:32:20.892+09:00,5.386,51,9.55,0,DRIVING,,0,0,1,0,0,0,,,0,0,0.000000,0.000000,0,0,0.000,255,740,green,0.361,,0,unknown,0.000000,null,0.000000,0.465,"[0.2, 0.2, 0.8, 1.0]","[256, 144, 1024, 720]",,"{""0"": 250, ""1"": 58, ""2"": null, ""3"": null, ""4"": null, ""5"": null, ""6"": null, ""7"": null}","{""0"": 0.0, ""1"": 0.0, ""2"": null, ""3"": null, ""4"": null, ""5"": null, ""6"": null, ""7"": null}","{""0"": 250, ""1"": 58}",58,1,1,0,0,0.465,car-not-detected-or-stale,KEEP_PAUSED,,,,52
53,2026-08-02T03:32:20.970+09:00,5.463,52,9.58,0,DRIVING,,0,0,1,0,0,0,,,0,0,0.000000,0.000000,0,0,0.000,255,739,green,0.260,,0,unknown,0.000000,null,0.000000,0.301,"[0.2, 0.2, 0.8, 1.0]","[256, 144, 1024, 720]",,"{""0"": 250, ""1"": 58, ""2"": null, ""3"": null, ""4"": null, ""5"": null, ""6"": null, ""7"": null}","{""0"": 0.0, ""1"": 0.0, ""2"": null, ""3"": null, ""4"": null, ""5"": null, ""6"": null, ""7"": null}","{""0"": 250, ""1"": 58}",58,1,1,0,0,0.301,car-not-detected-or-stale,KEEP_PAUSED,,,,53
54,2026-08-02T03:32:21.064+09:00,5.559,53,9.80,0,DRIVING,,0,0,1,0,0,0,,,0,0,0.000000,0.000000,0,0,0.000,255,739,green,0.223,,0,unknown,0.000000,null,0.000000,0.280,"[0.2, 0.2, 0.8, 1.0]","[256, 144, 1024, 720]",,"{""0"": 250, ""1"": 58, ""2"": null, ""3"": null, ""4"": null, ""5"": null, ""6"": null, ""7"": null}","{""0"": 0.0, ""1"": 0.0, ""2"": null, ""3"": null, ""4"": null, ""5"": null, ""6"": null, ""7"": null}","{""0"": 250, ""1"": 58}",58,1,1,0,0,0.280,car-not-detected-or-stale,KEEP_PAUSED,,,,54
55,2026-08-02T03:32:21.142+09:00,5.636,54,9.78,0,DRIVING,,0,0,1,0,0,0,,,0,0,0.000000,0.000000,0,0,0.000,255,739,green,0.176,,0,unknown,0.000000,null,0.000000,0.358,"[0.2, 0.2, 0.8, 1.0]","[256, 144, 1024, 720]",,"{""0"": 250, ""1"": 58, ""2"": null, ""3"": null, ""4"": null, ""5"": null, ""6"": null, ""7"": null}","{""0"": 0.0, ""1"": 0.0, ""2"": null, ""3"": null, ""4"": null, ""5"": null, ""6"": null, ""7"": null}","{""0"": 250, ""1"": 58}",58,1,1,0,0,0.358,car-not-detected-or-stale,KEEP_PAUSED,,,,55
56,2026-08-02T03:32:21.219+09:00,5.713,55,9.84,0,DRIVING,,0,0,1,0,0,0,,,0,0,0.000000,0.000000,0,0,0.000,255,739,green,0.255,,0,unknown,0.000000,null,0.000000,0.215,"[0.2, 0.2, 0.8, 1.0]","[256, 144, 1024, 720]",,"{""0"": 250, ""1"": 58, ""2"": null, ""3"": null, ""4"": null, ""5"": null, ""6"": null, ""7"": null}","{""0"": 0.0, ""1"": 0.0, ""2"": null, ""3"": null, ""4"": null, ""5"": null, ""6"": null, ""7"": null}","{""0"": 250, ""1"": 58}",58,1,1,0,0,0.215,car-not-detected-or-stale,KEEP_PAUSED,,,,56
57,2026-08-02T03:32:21.316+09:00,5.812,56,9.96,0,DRIVING,,0,0,1,0,0,0,,,0,0,0.000000,0.000000,0,0,0.000,255,738,green,0.253,,0,unknown,0.000000,null,0.000000,0.141,"[0.2, 0.2, 0.8, 1.0]","[256, 144, 1024, 720]",,"{""0"": 250, ""1"": 58, ""2"": null, ""3"": null, ""4"": null, ""5"": null, ""6"": null, ""7"": null}","{""0"": 0.0, ""1"": 0.0, ""2"": null, ""3"": null, ""4"": null, ""5"": null, ""6"": null, ""7"": null}","{""0"": 250, ""1"": 58}",58,1,1,0,0,0.141,car-not-detected-or-stale,KEEP_PAUSED,,,,57
58,2026-08-02T03:32:21.439+09:00,5.933,57,9.80,0,DRIVING,,0,0,1,0,0,0,,,0,0,0.000000,0.000000,0,0,0.000,255,739,green,0.177,,0,unknown,0.000000,null,0.000000,0.262,"[0.2, 0.2, 0.8, 1.0]","[256, 144, 1024, 720]",,"{""0"": 250, ""1"": 58, ""2"": null, ""3"": null, ""4"": null, ""5"": null, ""6"": null, ""7"": null}","{""0"": 0.0, ""1"": 0.0, ""2"": null, ""3"": null, ""4"": null, ""5"": null, ""6"": null, ""7"": null}","{""0"": 250, ""1"": 58}",58,1,1,0,0,0.262,car-not-detected-or-stale,KEEP_PAUSED,,,,58
59,2026-08-02T03:32:21.514+09:00,6.008,58,10.12,0,DRIVING,,0,0,1,0,0,0,,,0,0,0.000000,0.000000,0,0,0.000,255,739,green,0.223,,0,unknown,0.000000,null,0.000000,0.261,"[0.2, 0.2, 0.8, 1.0]","[256, 144, 1024, 720]",,"{""0"": 250, ""1"": 58, ""2"": null, ""3"": null, ""4"": null, ""5"": null, ""6"": null, ""7"": null}","{""0"": 0.0, ""1"": 0.0, ""2"": null, ""3"": null, ""4"": null, ""5"": null, ""6"": null, ""7"": null}","{""0"": 250, ""1"": 58}",58,1,1,0,0,0.261,car-not-detected-or-stale,KEEP_PAUSED,,,,59
60,2026-08-02T03:32:21.625+09:00,6.118,59,10.05,0,DRIVING,,0,0,1,0,0,0,,,0,0,0.000000,0.000000,0,0,0.000,255,739,green,0.298,,0,unknown,0.000000,null,0.000000,0.371,"[0.2, 0.2, 0.8, 1.0]","[256, 144, 1024, 720]",,"{""0"": 250, ""1"": 58, ""2"": null, ""3"": null, ""4"": null, ""5"": null, ""6"": null, ""7"": null}","{""0"": 0.0, ""1"": 0.0, ""2"": null, ""3"": null, ""4"": null, ""5"": null, ""6"": null, ""7"": null}","{""0"": 250, ""1"": 58}",58,1,1,0,0,0.371,car-not-detected-or-stale,KEEP_PAUSED,,,,60
61,2026-08-02T03:32:21.751+09:00,6.246,60,9.90,0,DRIVING,,0,0,1,0,0,0,,,0,0,0.000000,0.000000,0,0,0.000,255,739,green,0.312,,0,unknown,0.000000,null,0.000000,0.280,"[0.2, 0.2, 0.8, 1.0]","[256, 144, 1024, 720]",,"{""0"": 250, ""1"": 58, ""2"": null, ""3"": null, ""4"": null, ""5"": null, ""6"": null, ""7"": null}","{""0"": 0.0, ""1"": 0.0, ""2"": null, ""3"": null, ""4"": null, ""5"": null, ""6"": null, ""7"": null}","{""0"": 250, ""1"": 58}",58,1,1,0,0,0.280,car-not-detected-or-stale,KEEP_PAUSED,,,,61
62,2026-08-02T03:32:21.826+09:00,6.321,61,9.92,0,DRIVING,,0,0,1,0,0,0,,,0,0,0.000000,0.000000,0,0,0.000,255,739,green,0.240,,0,unknown,0.000000,null,0.000000,0.279,"[0.2, 0.2, 0.8, 1.0]","[256, 144, 1024, 720]",,"{""0"": 250, ""1"": 58, ""2"": null, ""3"": null, ""4"": null, ""5"": null, ""6"": null, ""7"": null}","{""0"": 0.0, ""1"": 0.0, ""2"": null, ""3"": null, ""4"": null, ""5"": null, ""6"": null, ""7"": null}","{""0"": 250, ""1"": 58}",58,1,1,0,0,0.279,car-not-detected-or-stale,KEEP_PAUSED,,,,62
63,2026-08-02T03:32:21.911+09:00,6.406,62,9.97,0,DRIVING,,0,0,1,0,0,0,,,0,0,0.000000,0.000000,0,0,0.000,255,739,green,0.204,,0,unknown,0.000000,null,0.000000,0.363,"[0.2, 0.2, 0.8, 1.0]","[256, 144, 1024, 720]",,"{""0"": 250, ""1"": 58, ""2"": null, ""3"": null, ""4"": null, ""5"": null, ""6"": null, ""7"": null}","{""0"": 0.0, ""1"": 0.0, ""2"": null, ""3"": null, ""4"": null, ""5"": null, ""6"": null, ""7"": null}","{""0"": 250, ""1"": 58}",58,1,1,0,0,0.363,car-not-detected-or-stale,KEEP_PAUSED,,,,63
64,2026-08-02T03:32:21.985+09:00,6.479,63,10.16,0,DRIVING,,0,0,1,0,0,0,,,0,0,0.000000,0.000000,0,0,0.000,255,739,green,0.290,,0,unknown,0.000000,null,0.000000,0.200,"[0.2, 0.2, 0.8, 1.0]","[256, 144, 1024, 720]",,"{""0"": 250, ""1"": 58, ""2"": null, ""3"": null, ""4"": null, ""5"": null, ""6"": null, ""7"": null}","{""0"": 0.0, ""1"": 0.0, ""2"": null, ""3"": null, ""4"": null, ""5"": null, ""6"": null, ""7"": null}","{""0"": 250, ""1"": 58}",58,1,1,0,0,0.200,car-not-detected-or-stale,KEEP_PAUSED,,,,64
65,2026-08-02T03:32:22.071+09:00,6.566,64,10.13,0,DRIVING,,0,0,1,0,0,0,,,0,0,0.000000,0.000000,0,0,0.000,255,739,green,0.243,,0,unknown,0.000000,null,0.000000,0.212,"[0.2, 0.2, 0.8, 1.0]","[256, 144, 1024, 720]",,"{""0"": 250, ""1"": 58, ""2"": null, ""3"": null, ""4"": null, ""5"": null, ""6"": null, ""7"": null}","{""0"": 0.0, ""1"": 0.0, ""2"": null, ""3"": null, ""4"": null, ""5"": null, ""6"": null, ""7"": null}","{""0"": 250, ""1"": 58}",58,1,1,0,0,0.212,car-not-detected-or-stale,KEEP_PAUSED,,,,65
66,2026-08-02T03:32:22.266+09:00,6.760,65,9.91,0,DRIVING,,0,0,1,0,0,0,,,0,0,0.000000,0.000000,0,0,0.000,255,740,green,0.194,,0,unknown,0.000000,null,0.000000,0.241,"[0.2, 0.2, 0.8, 1.0]","[256, 144, 1024, 720]",,"{""0"": 250, ""1"": 58, ""2"": null, ""3"": null, ""4"": null, ""5"": null, ""6"": null, ""7"": null}","{""0"": 0.0, ""1"": 0.0, ""2"": null, ""3"": null, ""4"": null, ""5"": null, ""6"": null, ""7"": null}","{""0"": 250, ""1"": 58}",58,1,1,0,0,0.241,car-not-detected-or-stale,KEEP_PAUSED,,,,66
67,2026-08-02T03:32:22.363+09:00,6.858,66,9.86,0,DRIVING,,0,0,1,0,0,0,,,0,0,0.000000,0.000000,0,0,0.000,255,739,green,0.279,,0,unknown,0.000000,null,0.000000,0.339,"[0.2, 0.2, 0.8, 1.0]","[256, 144, 1024, 720]",,"{""0"": 250, ""1"": 58, ""2"": null, ""3"": null, ""4"": null, ""5"": null, ""6"": null, ""7"": null}","{""0"": 0.0, ""1"": 0.0, ""2"": null, ""3"": null, ""4"": null, ""5"": null, ""6"": null, ""7"": null}","{""0"": 250, ""1"": 58}",58,1,1,0,0,0.339,car-not-detected-or-stale,KEEP_PAUSED,,,,67
68,2026-08-02T03:32:22.473+09:00,6.968,67,9.77,0,DRIVING,,0,0,1,0,0,0,,,0,0,0.000000,0.000000,0,0,0.000,255,739,green,0.263,,0,unknown,0.000000,null,0.000000,0.337,"[0.2, 0.2, 0.8, 1.0]","[256, 144, 1024, 720]",,"{""0"": 250, ""1"": 58, ""2"": null, ""3"": null, ""4"": null, ""5"": null, ""6"": null, ""7"": null}","{""0"": 0.0, ""1"": 0.0, ""2"": null, ""3"": null, ""4"": null, ""5"": null, ""6"": null, ""7"": null}","{""0"": 250, ""1"": 58}",58,1,1,0,0,0.337,car-not-detected-or-stale,KEEP_PAUSED,,,,68
69,2026-08-02T03:32:22.553+09:00,7.048,68,9.90,0,DRIVING,,0,0,1,0,0,0,,,0,0,0.000000,0.000000,0,0,0.000,255,739,green,0.212,,0,unknown,0.000000,null,0.000000,0.254,"[0.2, 0.2, 0.8, 1.0]","[256, 144, 1024, 720]",,"{""0"": 250, ""1"": 58, ""2"": null, ""3"": null, ""4"": null, ""5"": null, ""6"": null, ""7"": null}","{""0"": 0.0, ""1"": 0.0, ""2"": null, ""3"": null, ""4"": null, ""5"": null, ""6"": null, ""7"": null}","{""0"": 250, ""1"": 58}",58,1,1,0,0,0.254,car-not-detected-or-stale,KEEP_PAUSED,,,,69
70,2026-08-02T03:32:22.674+09:00,7.169,69,9.94,0,DRIVING,,0,0,1,0,0,0,,,0,0,0.000000,0.000000,0,0,0.000,255,739,green,0.290,,0,unknown,0.000000,null,0.000000,0.375,"[0.2, 0.2, 0.8, 1.0]","[256, 144, 1024, 720]",,"{""0"": 250, ""1"": 58, ""2"": null, ""3"": null, ""4"": null, ""5"": null, ""6"": null, ""7"": null}","{""0"": 0.0, ""1"": 0.0, ""2"": null, ""3"": null, ""4"": null, ""5"": null, ""6"": null, ""7"": null}","{""0"": 250, ""1"": 58}",58,1,1,0,0,0.375,car-not-detected-or-stale,KEEP_PAUSED,,,,70
71,2026-08-02T03:32:22.778+09:00,7.273,70,9.85,0,DRIVING,,0,0,1,0,0,0,,,0,0,0.000000,0.000000,0,0,0.000,255,739,green,0.315,,0,unknown,0.000000,null,0.000000,0.272,"[0.2, 0.2, 0.8, 1.0]","[256, 144, 1024, 720]",,"{""0"": 250, ""1"": 58, ""2"": null, ""3"": null, ""4"": null, ""5"": null, ""6"": null, ""7"": null}","{""0"": 0.0, ""1"": 0.0, ""2"": null, ""3"": null, ""4"": null, ""5"": null, ""6"": null, ""7"": null}","{""0"": 250, ""1"": 58}",58,1,1,0,0,0.272,car-not-detected-or-stale,KEEP_PAUSED,,,,71
72,2026-08-02T03:32:22.892+09:00,7.386,71,9.78,0,DRIVING,,0,0,1,0,0,0,,,0,0,0.000000,0.000000,0,0,0.000,255,739,green,0.229,,0,unknown,0.000000,null,0.000000,0.305,"[0.2, 0.2, 0.8, 1.0]","[256, 144, 1024, 720]",,"{""0"": 250, ""1"": 58, ""2"": null, ""3"": null, ""4"": null, ""5"": null, ""6"": null, ""7"": null}","{""0"": 0.0, ""1"": 0.0, ""2"": null, ""3"": null, ""4"": null, ""5"": null, ""6"": null, ""7"": null}","{""0"": 250, ""1"": 58}",58,1,1,0,0,0.305,car-not-detected-or-stale,KEEP_PAUSED,,,,72
73,2026-08-02T03:32:22.975+09:00,7.469,72,9.76,0,DRIVING,,0,0,1,0,0,0,,,0,0,0.000000,0.000000,0,0,0.000,255,739,green,0.221,,0,unknown,0.000000,null,0.000000,0.162,"[0.2, 0.2, 0.8, 1.0]","[256, 144, 1024, 720]",,"{""0"": 250, ""1"": 58, ""2"": null, ""3"": null, ""4"": null, ""5"": null, ""6"": null, ""7"": null}","{""0"": 0.0, ""1"": 0.0, ""2"": null, ""3"": null, ""4"": null, ""5"": null, ""6"": null, ""7"": null}","{""0"": 250, ""1"": 58}",58,1,1,0,0,0.162,car-not-detected-or-stale,KEEP_PAUSED,,,,73
74,2026-08-02T03:32:23.098+09:00,7.592,73,9.64,0,DRIVING,,0,0,1,0,0,0,,,0,0,0.000000,0.000000,0,0,0.000,255,739,green,0.304,,0,unknown,0.000000,null,0.000000,0.285,"[0.2, 0.2, 0.8, 1.0]","[256, 144, 1024, 720]",,"{""0"": 250, ""1"": 58, ""2"": null, ""3"": null, ""4"": null, ""5"": null, ""6"": null, ""7"": null}","{""0"": 0.0, ""1"": 0.0, ""2"": null, ""3"": null, ""4"": null, ""5"": null, ""6"": null, ""7"": null}","{""0"": 250, ""1"": 58}",58,1,1,0,0,0.285,car-not-detected-or-stale,KEEP_PAUSED,,,,74
75,2026-08-02T03:32:23.177+09:00,7.672,74,9.78,0,DRIVING,,0,0,1,0,0,0,,,0,0,0.000000,0.000000,0,0,0.000,255,739,green,0.321,,0,unknown,0.000000,null,0.000000,0.252,"[0.2, 0.2, 0.8, 1.0]","[256, 144, 1024, 720]",,"{""0"": 250, ""1"": 58, ""2"": null, ""3"": null, ""4"": null, ""5"": null, ""6"": null, ""7"": null}","{""0"": 0.0, ""1"": 0.0, ""2"": null, ""3"": null, ""4"": null, ""5"": null, ""6"": null, ""7"": null}","{""0"": 250, ""1"": 58}",58,1,1,0,0,0.252,car-not-detected-or-stale,KEEP_PAUSED,,,,75
76,2026-08-02T03:32:23.278+09:00,7.772,75,9.78,0,DRIVING,,0,0,1,0,0,0,,,0,0,0.000000,0.000000,0,0,0.000,255,739,green,0.220,,0,unknown,0.000000,null,0.000000,0.270,"[0.2, 0.2, 0.8, 1.0]","[256, 144, 1024, 720]",,"{""0"": 250, ""1"": 58, ""2"": null, ""3"": null, ""4"": null, ""5"": null, ""6"": null, ""7"": null}","{""0"": 0.0, ""1"": 0.0, ""2"": null, ""3"": null, ""4"": null, ""5"": null, ""6"": null, ""7"": null}","{""0"": 250, ""1"": 58}",58,1,1,0,0,0.270,car-not-detected-or-stale,KEEP_PAUSED,,,,76
77,2026-08-02T03:32:23.448+09:00,7.942,76,9.50,0,DRIVING,,0,0,1,0,0,0,,,0,0,0.000000,0.000000,0,0,0.000,255,739,green,0.208,,0,unknown,0.000000,null,0.000000,0.224,"[0.2, 0.2, 0.8, 1.0]","[256, 144, 1024, 720]",,"{""0"": 250, ""1"": 58, ""2"": null, ""3"": null, ""4"": null, ""5"": null, ""6"": null, ""7"": null}","{""0"": 0.0, ""1"": 0.0, ""2"": null, ""3"": null, ""4"": null, ""5"": null, ""6"": null, ""7"": null}","{""0"": 250, ""1"": 58}",58,1,1,0,0,0.224,car-not-detected-or-stale,KEEP_PAUSED,,,,77
78,2026-08-02T03:32:23.551+09:00,8.045,77,9.50,0,DRIVING,,0,0,1,0,0,0,,,0,0,0.000000,0.000000,0,0,0.000,255,739,green,0.261,,0,unknown,0.000000,null,0.000000,0.326,"[0.2, 0.2, 0.8, 1.0]","[256, 144, 1024, 720]",,"{""0"": 250, ""1"": 58, ""2"": null, ""3"": null, ""4"": null, ""5"": null, ""6"": null, ""7"": null}","{""0"": 0.0, ""1"": 0.0, ""2"": null, ""3"": null, ""4"": null, ""5"": null, ""6"": null, ""7"": null}","{""0"": 250, ""1"": 58}",58,1,1,0,0,0.326,car-not-detected-or-stale,KEEP_PAUSED,,,,78
79,2026-08-02T03:32:23.636+09:00,8.131,78,9.75,0,DRIVING,,0,0,1,0,0,0,,,0,0,0.000000,0.000000,0,0,0.000,255,739,green,0.253,,0,unknown,0.000000,null,0.000000,0.301,"[0.2, 0.2, 0.8, 1.0]","[256, 144, 1024, 720]",,"{""0"": 250, ""1"": 58, ""2"": null, ""3"": null, ""4"": null, ""5"": null, ""6"": null, ""7"": null}","{""0"": 0.0, ""1"": 0.0, ""2"": null, ""3"": null, ""4"": null, ""5"": null, ""6"": null, ""7"": null}","{""0"": 250, ""1"": 58}",58,1,1,0,0,0.301,car-not-detected-or-stale,KEEP_PAUSED,,,,79
80,2026-08-02T03:32:23.721+09:00,8.215,79,9.72,0,DRIVING,,0,0,1,0,0,0,,,0,0,0.000000,0.000000,0,0,0.000,255,739,green,0.192,,0,unknown,0.000000,null,0.000000,0.238,"[0.2, 0.2, 0.8, 1.0]","[256, 144, 1024, 720]",,"{""0"": 250, ""1"": 58, ""2"": null, ""3"": null, ""4"": null, ""5"": null, ""6"": null, ""7"": null}","{""0"": 0.0, ""1"": 0.0, ""2"": null, ""3"": null, ""4"": null, ""5"": null, ""6"": null, ""7"": null}","{""0"": 250, ""1"": 58}",58,1,1,0,0,0.238,car-not-detected-or-stale,KEEP_PAUSED,,,,80
81,2026-08-02T03:32:23.805+09:00,8.300,80,9.82,0,DRIVING,,0,0,1,0,0,0,,,0,0,0.000000,0.000000,0,0,0.000,255,739,green,0.173,,0,unknown,0.000000,null,0.000000,0.324,"[0.2, 0.2, 0.8, 1.0]","[256, 144, 1024, 720]",,"{""0"": 250, ""1"": 58, ""2"": null, ""3"": null, ""4"": null, ""5"": null, ""6"": null, ""7"": null}","{""0"": 0.0, ""1"": 0.0, ""2"": null, ""3"": null, ""4"": null, ""5"": null, ""6"": null, ""7"": null}","{""0"": 250, ""1"": 58}",58,1,1,0,0,0.324,car-not-detected-or-stale,KEEP_PAUSED,,,,81
82,2026-08-02T03:32:23.912+09:00,8.406,81,9.93,0,DRIVING,,0,0,1,0,0,0,,,0,0,0.000000,0.000000,0,0,0.000,255,739,green,0.258,,0,unknown,0.000000,null,0.000000,0.240,"[0.2, 0.2, 0.8, 1.0]","[256, 144, 1024, 720]",,"{""0"": 250, ""1"": 58, ""2"": null, ""3"": null, ""4"": null, ""5"": null, ""6"": null, ""7"": null}","{""0"": 0.0, ""1"": 0.0, ""2"": null, ""3"": null, ""4"": null, ""5"": null, ""6"": null, ""7"": null}","{""0"": 250, ""1"": 58}",58,1,1,0,0,0.240,car-not-detected-or-stale,KEEP_PAUSED,,,,82
83,2026-08-02T03:32:23.994+09:00,8.487,82,9.92,0,DRIVING,,0,0,1,0,0,0,,,0,0,0.000000,0.000000,0,0,0.000,255,739,green,0.279,,0,unknown,0.000000,null,0.000000,0.237,"[0.2, 0.2, 0.8, 1.0]","[256, 144, 1024, 720]",,"{""0"": 250, ""1"": 58, ""2"": null, ""3"": null, ""4"": null, ""5"": null, ""6"": null, ""7"": null}","{""0"": 0.0, ""1"": 0.0, ""2"": null, ""3"": null, ""4"": null, ""5"": null, ""6"": null, ""7"": null}","{""0"": 250, ""1"": 58}",58,1,1,0,0,0.237,car-not-detected-or-stale,KEEP_PAUSED,,,,83
84,2026-08-02T03:32:24.136+09:00,8.631,83,9.76,0,DRIVING,,0,0,1,0,0,0,,,0,0,0.000000,0.000000,0,0,0.000,255,739,green,0.193,,0,unknown,0.000000,null,0.000000,0.381,"[0.2, 0.2, 0.8, 1.0]","[256, 144, 1024, 720]",,"{""0"": 250, ""1"": 58, ""2"": null, ""3"": null, ""4"": null, ""5"": null, ""6"": null, ""7"": null}","{""0"": 0.0, ""1"": 0.0, ""2"": null, ""3"": null, ""4"": null, ""5"": null, ""6"": null, ""7"": null}","{""0"": 250, ""1"": 58}",58,1,1,0,0,0.381,car-not-detected-or-stale,KEEP_PAUSED,,,,84
85,2026-08-02T03:32:24.224+09:00,8.718,84,9.74,0,DRIVING,,0,0,1,0,0,0,,,0,0,0.000000,0.000000,0,0,0.000,255,739,green,0.227,,0,unknown,0.000000,null,0.000000,0.276,"[0.2, 0.2, 0.8, 1.0]","[256, 144, 1024, 720]",,"{""0"": 250, ""1"": 58, ""2"": null, ""3"": null, ""4"": null, ""5"": null, ""6"": null, ""7"": null}","{""0"": 0.0, ""1"": 0.0, ""2"": null, ""3"": null, ""4"": null, ""5"": null, ""6"": null, ""7"": null}","{""0"": 250, ""1"": 58}",58,1,1,0,0,0.276,car-not-detected-or-stale,KEEP_PAUSED,,,,85
86,2026-08-02T03:32:24.309+09:00,8.804,85,9.71,0,DRIVING,,0,0,1,0,0,0,,,0,0,0.000000,0.000000,0,0,0.000,255,739,green,0.233,,0,unknown,0.000000,null,0.000000,0.280,"[0.2, 0.2, 0.8, 1.0]","[256, 144, 1024, 720]",,"{""0"": 250, ""1"": 58, ""2"": null, ""3"": null, ""4"": null, ""5"": null, ""6"": null, ""7"": null}","{""0"": 0.0, ""1"": 0.0, ""2"": null, ""3"": null, ""4"": null, ""5"": null, ""6"": null, ""7"": null}","{""0"": 250, ""1"": 58}",58,1,1,0,0,0.280,car-not-detected-or-stale,KEEP_PAUSED,,,,86
87,2026-08-02T03:32:24.433+09:00,8.927,86,9.63,0,DRIVING,,0,0,1,0,0,0,,,0,0,0.000000,0.000000,0,0,0.000,255,739,green,0.319,,0,unknown,0.000000,null,0.000000,0.403,"[0.2, 0.2, 0.8, 1.0]","[256, 144, 1024, 720]",,"{""0"": 250, ""1"": 58, ""2"": null, ""3"": null, ""4"": null, ""5"": null, ""6"": null, ""7"": null}","{""0"": 0.0, ""1"": 0.0, ""2"": null, ""3"": null, ""4"": null, ""5"": null, ""6"": null, ""7"": null}","{""0"": 250, ""1"": 58}",58,1,1,0,0,0.403,car-not-detected-or-stale,KEEP_PAUSED,,,,87
88,2026-08-02T03:32:24.546+09:00,9.040,87,9.65,0,DRIVING,,0,0,1,0,0,0,,,0,0,0.000000,0.000000,0,0,0.000,255,739,green,0.125,,0,unknown,0.000000,null,0.000000,0.288,"[0.2, 0.2, 0.8, 1.0]","[256, 144, 1024, 720]",,"{""0"": 250, ""1"": 59, ""2"": null, ""3"": null, ""4"": null, ""5"": null, ""6"": null, ""7"": null}","{""0"": 0.0, ""1"": 0.0, ""2"": null, ""3"": null, ""4"": null, ""5"": null, ""6"": null, ""7"": null}","{""0"": 250, ""1"": 59}",59,1,1,0,0,0.288,car-not-detected-or-stale,KEEP_PAUSED,,,,88
89,2026-08-02T03:32:24.628+09:00,9.122,88,9.63,0,DRIVING,,0,0,1,0,0,0,,,0,0,0.000000,0.000000,0,0,0.000,255,739,green,0.118,,0,unknown,0.000000,null,0.000000,,"[0.2, 0.22, 0.8, 1.0]","[256, 158, 1024, 720]",,"{""0"": 250, ""1"": 58, ""2"": null, ""3"": null, ""4"": null, ""5"": null, ""6"": null, ""7"": null}","{""0"": 0.0, ""1"": 0.0, ""2"": null, ""3"": null, ""4"": null, ""5"": null, ""6"": null, ""7"": null}","{""0"": 250, ""1"": 58}",58,1,1,0,0,,car-not-detected-or-stale,KEEP_PAUSED,,,,89
90,2026-08-02T03:32:24.720+09:00,9.214,89,9.69,0,DRIVING,,0,0,1,0,0,0,,,0,0,0.000000,0.000000,0,0,0.000,255,739,green,0.197,,0,unknown,0.000000,null,0.000000,,"[0.2, 0.22, 0.8, 1.0]","[256, 158, 1024, 720]",,"{""0"": 250, ""1"": 58, ""2"": null, ""3"": null, ""4"": null, ""5"": null, ""6"": null, ""7"": null}","{""0"": 0.001, ""1"": 0.001, ""2"": null, ""3"": null, ""4"": null, ""5"": null, ""6"": null, ""7"": null}","{""0"": 250, ""1"": 58}",58,1,1,0,0,,car-not-detected-or-stale,KEEP_PAUSED,,,,90
91,2026-08-02T03:32:24.798+09:00,9.292,90,9.85,0,DRIVING,,0,0,1,0,0,0,,,0,0,0.000000,0.000000,0,0,0.000,255,739,green,0.174,,0,unknown,0.000000,null,0.000000,,"[0.2, 0.23, 0.8, 1.0]","[256, 166, 1024, 720]",,"{""0"": 250, ""1"": 58, ""2"": null, ""3"": null, ""4"": null, ""5"": null, ""6"": null, ""7"": null}","{""0"": 0.0, ""1"": 0.0, ""2"": null, ""3"": null, ""4"": null, ""5"": null, ""6"": null, ""7"": null}","{""0"": 250, ""1"": 58}",58,1,1,0,0,,car-not-detected-or-stale,KEEP_PAUSED,,,,91
92,2026-08-02T03:32:24.888+09:00,9.382,91,9.80,0,DRIVING,,0,0,1,0,0,0,,,0,0,0.000000,0.000000,0,0,0.000,255,739,green,0.174,,0,unknown,0.000000,null,0.000000,,"[0.2, 0.23, 0.8, 1.0]","[256, 166, 1024, 720]",,"{""0"": 250, ""1"": 58, ""2"": null, ""3"": null, ""4"": null, ""5"": null, ""6"": null, ""7"": null}","{""0"": 0.0, ""1"": 0.0, ""2"": null, ""3"": null, ""4"": null, ""5"": null, ""6"": null, ""7"": null}","{""0"": 250, ""1"": 58}",58,1,1,0,0,,car-not-detected-or-stale,KEEP_PAUSED,,,,92
93,2026-08-02T03:32:25.000+09:00,9.494,92,9.72,0,DRIVING,,0,0,1,0,0,0,,,0,0,0.000000,0.000000,0,0,0.000,255,739,green,0.186,,0,unknown,0.000000,null,0.000000,,"[0.2, 0.24, 0.8, 1.0]","[256, 173, 1024, 720]",,"{""0"": 250, ""1"": 58, ""2"": null, ""3"": null, ""4"": null, ""5"": null, ""6"": null, ""7"": null}","{""0"": 0.0, ""1"": 0.0, ""2"": null, ""3"": null, ""4"": null, ""5"": null, ""6"": null, ""7"": null}","{""0"": 250, ""1"": 58}",58,1,1,0,0,,car-not-detected-or-stale,KEEP_PAUSED,,,,93
94,2026-08-02T03:32:25.075+09:00,9.570,93,9.71,0,DRIVING,,0,0,1,0,0,0,,,0,0,0.000000,0.000000,0,0,0.000,255,739,green,0.204,,0,unknown,0.000000,null,0.000000,,"[0.2, 0.27, 0.8, 1.0]","[256, 194, 1024, 720]",,"{""0"": 250, ""1"": 58, ""2"": null, ""3"": null, ""4"": null, ""5"": null, ""6"": null, ""7"": null}","{""0"": 0.0, ""1"": 0.0, ""2"": null, ""3"": null, ""4"": null, ""5"": null, ""6"": null, ""7"": null}","{""0"": 250, ""1"": 58}",58,1,1,0,0,,car-not-detected-or-stale,KEEP_PAUSED,,,,94
95,2026-08-02T03:32:25.212+09:00,9.707,94,9.55,0,DRIVING,,0,0,1,0,0,0,,,0,0,0.000000,0.000000,0,0,0.000,255,739,green,0.300,,0,unknown,0.000000,null,0.000000,,"[0.2, 0.27, 0.8, 1.0]","[256, 194, 1024, 720]",,"{""0"": 250, ""1"": 58, ""2"": null, ""3"": null, ""4"": null, ""5"": null, ""6"": null, ""7"": null}","{""0"": 0.0, ""1"": 0.0, ""2"": null, ""3"": null, ""4"": null, ""5"": null, ""6"": null, ""7"": null}","{""0"": 250, ""1"": 58}",58,1,1,0,0,,car-not-detected-or-stale,KEEP_PAUSED,,,,95
96,2026-08-02T03:32:25.315+09:00,9.809,95,9.84,0,DRIVING,,0,0,1,0,0,0,,,0,0,0.000000,0.000000,0,0,0.000,255,739,green,0.313,,0,unknown,0.000000,null,0.000000,,"[0.2, 0.29, 0.8, 1.0]","[256, 209, 1024, 720]",,"{""0"": 250, ""1"": 58, ""2"": null, ""3"": null, ""4"": null, ""5"": null, ""6"": null, ""7"": null}","{""0"": 0.0, ""1"": 0.0, ""2"": null, ""3"": null, ""4"": null, ""5"": null, ""6"": null, ""7"": null}","{""0"": 250, ""1"": 58}",58,1,1,0,0,,car-not-detected-or-stale,KEEP_PAUSED,,,,96
97,2026-08-02T03:32:25.471+09:00,9.965,96,9.65,0,DRIVING,,0,0,1,0,0,0,,,0,0,0.000000,0.000000,0,0,0.000,255,739,green,0.224,,0,unknown,0.000000,null,0.000000,,"[0.2, 0.29, 0.8, 1.0]","[256, 209, 1024, 720]",,"{""0"": 250, ""1"": 59, ""2"": null, ""3"": null, ""4"": null, ""5"": null, ""6"": null, ""7"": null}","{""0"": 0.0, ""1"": 0.0, ""2"": null, ""3"": null, ""4"": null, ""5"": null, ""6"": null, ""7"": null}","{""0"": 250, ""1"": 59}",59,1,1,0,0,,car-not-detected-or-stale,KEEP_PAUSED,,,,97
98,2026-08-02T03:32:25.547+09:00,10.041,97,9.76,0,DRIVING,,0,0,1,0,0,0,,,0,0,0.000000,0.000000,0,0,0.000,255,739,green,0.261,,0,unknown,0.000000,null,0.000000,0.301,"[0.2, 0.29, 0.8, 1.0]","[256, 209, 1024, 720]",,"{""0"": 250, ""1"": 59, ""2"": null, ""3"": null, ""4"": null, ""5"": null, ""6"": null, ""7"": null}","{""0"": 0.0, ""1"": 0.0, ""2"": null, ""3"": null, ""4"": null, ""5"": null, ""6"": null, ""7"": null}","{""0"": 250, ""1"": 59}",59,1,1,0,0,0.301,car-not-detected-or-stale,KEEP_PAUSED,,,,98
99,2026-08-02T03:32:25.671+09:00,10.165,98,9.63,0,DRIVING,,0,0,1,0,0,0,,,0,0,0.000000,0.000000,0,0,0.000,255,739,green,0.340,,0,unknown,0.000000,null,0.000000,0.423,"[0.2, 0.29, 0.8, 1.0]","[256, 209, 1024, 720]",,"{""0"": 250, ""1"": 58, ""2"": null, ""3"": null, ""4"": null, ""5"": null, ""6"": null, ""7"": null}","{""0"": 0.0, ""1"": 0.0, ""2"": null, ""3"": null, ""4"": null, ""5"": null, ""6"": null, ""7"": null}","{""0"": 250, ""1"": 58}",58,1,1,0,0,0.423,car-not-detected-or-stale,KEEP_PAUSED,,,,99
100,2026-08-02T03:32:25.818+09:00,10.313,99,9.54,0,DRIVING,,0,0,1,0,0,0,,,0,0,0.000000,0.000000,0,0,0.000,255,739,green,0.360,,0,unknown,0.000000,null,0.000000,0.314,"[0.2, 0.29, 0.8, 1.0]","[256, 209, 1024, 720]",,"{""0"": 250, ""1"": 58, ""2"": null, ""3"": null, ""4"": null, ""5"": null, ""6"": null, ""7"": null}","{""0"": 0.0, ""1"": 0.0, ""2"": null, ""3"": null, ""4"": null, ""5"": null, ""6"": null, ""7"": null}","{""0"": 250, ""1"": 58}",58,1,1,0,0,0.314,car-not-detected-or-stale,KEEP_PAUSED,,,,100
101,2026-08-02T03:32:25.923+09:00,10.417,100,9.55,0,DRIVING,,0,0,1,0,0,0,,,0,0,0.000000,0.000000,0,0,0.000,255,739,green,0.272,,0,unknown,0.000000,null,0.000000,0.340,"[0.2, 0.29, 0.8, 1.0]","[256, 209, 1024, 720]",,"{""0"": 250, ""1"": 58, ""2"": null, ""3"": null, ""4"": null, ""5"": null, ""6"": null, ""7"": null}","{""0"": 0.0, ""1"": 0.0, ""2"": null, ""3"": null, ""4"": null, ""5"": null, ""6"": null, ""7"": null}","{""0"": 250, ""1"": 58}",58,1,1,0,0,0.340,car-not-detected-or-stale,KEEP_PAUSED,,,,101
102,2026-08-02T03:32:26.005+09:00,10.500,101,9.64,0,DRIVING,,0,0,1,0,0,0,,,0,0,0.000000,0.000000,0,0,0.000,255,739,green,0.255,,0,unknown,0.000000,null,0.000000,0.300,"[0.2, 0.29, 0.8, 1.0]","[256, 209, 1024, 720]",,"{""0"": 250, ""1"": 58, ""2"": null, ""3"": null, ""4"": null, ""5"": null, ""6"": null, ""7"": null}","{""0"": 0.0, ""1"": 0.0, ""2"": null, ""3"": null, ""4"": null, ""5"": null, ""6"": null, ""7"": null}","{""0"": 250, ""1"": 58}",58,1,1,0,0,0.300,car-not-detected-or-stale,KEEP_PAUSED,,,,102
103,2026-08-02T03:32:26.178+09:00,10.672,102,9.37,0,DRIVING,,0,0,1,0,0,0,,,0,0,0.000000,0.000000,0,0,0.000,255,739,green,0.338,,0,unknown,0.000000,null,0.000000,0.219,"[0.2, 0.29, 0.8, 1.0]","[256, 209, 1024, 720]",,"{""0"": 250, ""1"": 58, ""2"": null, ""3"": null, ""4"": null, ""5"": null, ""6"": null, ""7"": null}","{""0"": 0.0, ""1"": 0.0, ""2"": null, ""3"": null, ""4"": null, ""5"": null, ""6"": null, ""7"": null}","{""0"": 250, ""1"": 58}",58,1,1,0,0,0.219,car-not-detected-or-stale,KEEP_PAUSED,,,,103
104,2026-08-02T03:32:26.267+09:00,10.761,103,9.47,0,DRIVING,,0,0,1,0,0,0,,,0,0,0.000000,0.000000,0,0,0.000,255,739,green,0.364,,0,unknown,0.000000,null,0.000000,0.309,"[0.2, 0.29, 0.8, 1.0]","[256, 209, 1024, 720]",,"{""0"": 250, ""1"": 58, ""2"": null, ""3"": null, ""4"": null, ""5"": null, ""6"": null, ""7"": null}","{""0"": 0.0, ""1"": 0.0, ""2"": null, ""3"": null, ""4"": null, ""5"": null, ""6"": null, ""7"": null}","{""0"": 250, ""1"": 58}",58,1,1,0,0,0.309,car-not-detected-or-stale,KEEP_PAUSED,,,,104
105,2026-08-02T03:32:26.409+09:00,10.903,104,9.29,0,DRIVING,,0,0,1,0,0,0,,,0,0,0.000000,0.000000,0,0,0.000,255,739,green,0.265,,0,unknown,0.000000,null,0.000000,0.368,"[0.2, 0.29, 0.8, 1.0]","[256, 209, 1024, 720]",,"{""0"": 250, ""1"": 59, ""2"": null, ""3"": null, ""4"": null, ""5"": null, ""6"": null, ""7"": null}","{""0"": 0.0, ""1"": 0.0, ""2"": null, ""3"": null, ""4"": null, ""5"": null, ""6"": null, ""7"": null}","{""0"": 250, ""1"": 59}",59,1,1,0,0,0.368,car-not-detected-or-stale,KEEP_PAUSED,,,,105
106,2026-08-02T03:32:26.485+09:00,10.980,105,9.35,0,DRIVING,,0,0,1,0,0,0,,,0,0,0.000000,0.000000,0,0,0.000,255,739,green,0.233,,0,unknown,0.000000,null,0.000000,0.271,"[0.2, 0.29, 0.8, 1.0]","[256, 209, 1024, 720]",,"{""0"": 250, ""1"": 58, ""2"": null, ""3"": null, ""4"": null, ""5"": null, ""6"": null, ""7"": null}","{""0"": 0.0, ""1"": 0.0, ""2"": null, ""3"": null, ""4"": null, ""5"": null, ""6"": null, ""7"": null}","{""0"": 250, ""1"": 58}",58,1,1,0,0,0.271,car-not-detected-or-stale,KEEP_PAUSED,,,,106
107,2026-08-02T03:32:26.586+09:00,11.080,106,9.56,0,DRIVING,,0,0,1,0,0,0,,,0,0,0.000000,0.000000,0,0,0.000,255,739,green,0.238,,0,unknown,0.000000,null,0.000000,0.143,"[0.2, 0.29, 0.8, 1.0]","[256, 209, 1024, 720]",,"{""0"": 250, ""1"": 58, ""2"": null, ""3"": null, ""4"": null, ""5"": null, ""6"": null, ""7"": null}","{""0"": 0.0, ""1"": 0.0, ""2"": null, ""3"": null, ""4"": null, ""5"": null, ""6"": null, ""7"": null}","{""0"": 250, ""1"": 58}",58,1,1,0,0,0.143,car-not-detected-or-stale,KEEP_PAUSED,,,,107
108,2026-08-02T03:32:26.733+09:00,11.227,107,9.43,0,DRIVING,,0,0,1,0,0,0,,,0,0,0.000000,0.000000,0,0,0.000,255,739,green,0.193,,0,unknown,0.000000,null,0.000000,0.290,"[0.2, 0.29, 0.8, 1.0]","[256, 209, 1024, 720]",,"{""0"": 250, ""1"": 58, ""2"": null, ""3"": null, ""4"": null, ""5"": null, ""6"": null, ""7"": null}","{""0"": 0.0, ""1"": 0.0, ""2"": null, ""3"": null, ""4"": null, ""5"": null, ""6"": null, ""7"": null}","{""0"": 250, ""1"": 58}",58,1,1,0,0,0.290,car-not-detected-or-stale,KEEP_PAUSED,,,,108
109,2026-08-02T03:32:26.810+09:00,11.304,108,9.45,0,DRIVING,,0,0,1,0,0,0,,,0,0,0.000000,0.000000,0,0,0.000,255,739,green,0.234,,0,unknown,0.000000,null,0.000000,0.273,"[0.2, 0.29, 0.8, 1.0]","[256, 209, 1024, 720]",,"{""0"": 250, ""1"": 58, ""2"": null, ""3"": null, ""4"": null, ""5"": null, ""6"": null, ""7"": null}","{""0"": 0.0, ""1"": 0.0, ""2"": null, ""3"": null, ""4"": null, ""5"": null, ""6"": null, ""7"": null}","{""0"": 250, ""1"": 58}",58,1,1,0,0,0.273,car-not-detected-or-stale,KEEP_PAUSED,,,,109
110,2026-08-02T03:32:26.894+09:00,11.388,109,9.45,0,DRIVING,,0,0,1,0,0,0,,,0,0,0.000000,0.000000,0,0,0.000,255,739,green,0.312,,0,unknown,0.000000,null,0.000000,0.262,"[0.2, 0.29, 0.8, 1.0]","[256, 209, 1024, 720]",,"{""0"": 250, ""1"": 58, ""2"": null, ""3"": null, ""4"": null, ""5"": null, ""6"": null, ""7"": null}","{""0"": 0.0, ""1"": 0.0, ""2"": null, ""3"": null, ""4"": null, ""5"": null, ""6"": null, ""7"": null}","{""0"": 250, ""1"": 58}",58,1,1,0,0,0.262,car-not-detected-or-stale,KEEP_PAUSED,,,,110
111,2026-08-02T03:32:27.009+09:00,11.504,110,9.36,0,DRIVING,,0,0,1,0,0,0,,,0,0,0.000000,0.000000,0,0,0.000,255,739,green,0.309,,0,unknown,0.000000,null,0.000000,0.378,"[0.2, 0.29, 0.8, 1.0]","[256, 209, 1024, 720]",,"{""0"": 250, ""1"": 58, ""2"": null, ""3"": null, ""4"": null, ""5"": null, ""6"": null, ""7"": null}","{""0"": 0.0, ""1"": 0.0, ""2"": null, ""3"": null, ""4"": null, ""5"": null, ""6"": null, ""7"": null}","{""0"": 250, ""1"": 58}",58,1,1,0,0,0.378,car-not-detected-or-stale,KEEP_PAUSED,,,,111
112,2026-08-02T03:32:27.089+09:00,11.583,111,9.44,0,DRIVING,,0,0,1,0,0,0,,,0,0,0.000000,0.000000,0,0,0.000,255,739,green,0.201,,0,unknown,0.000000,null,0.000000,0.243,"[0.2, 0.29, 0.8, 1.0]","[256, 209, 1024, 720]",,"{""0"": 250, ""1"": 59, ""2"": null, ""3"": null, ""4"": null, ""5"": null, ""6"": null, ""7"": null}","{""0"": 0.0, ""1"": 0.0, ""2"": null, ""3"": null, ""4"": null, ""5"": null, ""6"": null, ""7"": null}","{""0"": 250, ""1"": 59}",59,1,1,0,0,0.243,car-not-detected-or-stale,KEEP_PAUSED,,,,112
113,2026-08-02T03:32:27.172+09:00,11.667,112,9.44,0,DRIVING,,0,0,1,0,0,0,,,0,0,0.000000,0.000000,0,0,0.000,255,738,green,0.193,,0,unknown,0.000000,null,0.000000,0.235,"[0.2, 0.29, 0.8, 1.0]","[256, 209, 1024, 720]",,"{""0"": 250, ""1"": 59, ""2"": null, ""3"": null, ""4"": null, ""5"": null, ""6"": null, ""7"": null}","{""0"": 0.0, ""1"": 0.0, ""2"": null, ""3"": null, ""4"": null, ""5"": null, ""6"": null, ""7"": null}","{""0"": 250, ""1"": 59}",59,1,1,0,0,0.235,car-not-detected-or-stale,KEEP_PAUSED,,,,113
114,2026-08-02T03:32:27.352+09:00,11.846,113,9.33,0,DRIVING,,0,0,1,0,0,0,,,0,0,0.000000,0.000000,0,0,0.000,255,739,green,0.291,,0,unknown,0.000000,null,0.000000,0.414,"[0.2, 0.29, 0.8, 1.0]","[256, 209, 1024, 720]",,"{""0"": 250, ""1"": 59, ""2"": null, ""3"": null, ""4"": null, ""5"": null, ""6"": null, ""7"": null}","{""0"": 0.0, ""1"": 0.0, ""2"": null, ""3"": null, ""4"": null, ""5"": null, ""6"": null, ""7"": null}","{""0"": 250, ""1"": 59}",59,1,1,0,0,0.414,car-not-detected-or-stale,KEEP_PAUSED,,,,114
115,2026-08-02T03:32:27.432+09:00,11.927,114,9.35,0,DRIVING,,0,0,1,0,0,0,,,0,0,0.000000,0.000000,0,0,0.000,255,739,green,0.166,,0,unknown,0.000000,null,0.000000,0.304,"[0.2, 0.29, 0.8, 1.0]","[256, 209, 1024, 720]",,"{""0"": 250, ""1"": 58, ""2"": null, ""3"": null, ""4"": null, ""5"": null, ""6"": null, ""7"": null}","{""0"": 0.001, ""1"": 0.001, ""2"": null, ""3"": null, ""4"": null, ""5"": null, ""6"": null, ""7"": null}","{""0"": 250, ""1"": 58}",58,1,1,0,0,0.303,car-not-detected-or-stale,KEEP_PAUSED,,,,115
116,2026-08-02T03:32:27.512+09:00,12.007,115,9.37,0,DRIVING,,0,0,1,0,0,0,,,0,0,0.000000,0.000000,0,0,0.000,255,739,green,0.246,,0,unknown,0.000000,null,0.000000,0.288,"[0.2, 0.29, 0.8, 1.0]","[256, 209, 1024, 720]",,"{""0"": 250, ""1"": 58, ""2"": null, ""3"": null, ""4"": null, ""5"": null, ""6"": null, ""7"": null}","{""0"": 0.0, ""1"": 0.0, ""2"": null, ""3"": null, ""4"": null, ""5"": null, ""6"": null, ""7"": null}","{""0"": 250, ""1"": 58}",58,1,1,0,0,0.288,car-not-detected-or-stale,KEEP_PAUSED,,,,116
117,2026-08-02T03:32:27.681+09:00,12.175,116,9.23,0,DRIVING,,0,0,1,0,0,0,,,0,0,0.000000,0.000000,0,0,0.000,255,739,green,0.163,,0,unknown,0.000000,null,0.000000,0.216,"[0.2, 0.29, 0.8, 1.0]","[256, 209, 1024, 720]",,"{""0"": 250, ""1"": 59, ""2"": null, ""3"": null, ""4"": null, ""5"": null, ""6"": null, ""7"": null}","{""0"": 0.0, ""1"": 0.0, ""2"": null, ""3"": null, ""4"": null, ""5"": null, ""6"": null, ""7"": null}","{""0"": 250, ""1"": 59}",59,1,1,0,0,0.216,car-not-detected-or-stale,KEEP_PAUSED,,,,117
118,2026-08-02T03:32:27.812+09:00,12.305,117,9.19,0,DRIVING,,0,0,1,0,0,0,,,0,0,0.000000,0.000000,0,0,0.000,255,739,green,0.252,,0,unknown,0.000000,null,0.000000,0.344,"[0.2, 0.29, 0.8, 1.0]","[256, 209, 1024, 720]",,"{""0"": 250, ""1"": 59, ""2"": null, ""3"": null, ""4"": null, ""5"": null, ""6"": null, ""7"": null}","{""0"": 0.0, ""1"": 0.0, ""2"": null, ""3"": null, ""4"": null, ""5"": null, ""6"": null, ""7"": null}","{""0"": 250, ""1"": 59}",59,1,1,0,0,0.344,car-not-detected-or-stale,KEEP_PAUSED,,,,118
119,2026-08-02T03:32:27.889+09:00,12.383,118,9.20,0,DRIVING,,0,0,1,0,0,0,,,0,0,0.000000,0.000000,0,0,0.000,255,739,green,0.301,,0,unknown,0.000000,null,0.000000,0.340,"[0.2, 0.29, 0.8, 1.0]","[256, 209, 1024, 720]",,"{""0"": 250, ""1"": 58, ""2"": null, ""3"": null, ""4"": null, ""5"": null, ""6"": null, ""7"": null}","{""0"": 0.0, ""1"": 0.0, ""2"": null, ""3"": null, ""4"": null, ""5"": null, ""6"": null, ""7"": null}","{""0"": 250, ""1"": 58}",58,1,1,0,0,0.340,car-not-detected-or-stale,KEEP_PAUSED,,,,119
120,2026-08-02T03:32:28.009+09:00,12.503,119,9.12,0,DRIVING,,0,0,1,0,0,0,,,0,0,0.000000,0.000000,0,0,0.000,255,738,green,0.384,,0,unknown,0.000000,null,0.000000,0.164,"[0.2, 0.29, 0.8, 1.0]","[256, 209, 1024, 720]",,"{""0"": 250, ""1"": 59, ""2"": null, ""3"": null, ""4"": null, ""5"": null, ""6"": null, ""7"": null}","{""0"": 0.0, ""1"": 0.0, ""2"": null, ""3"": null, ""4"": null, ""5"": null, ""6"": null, ""7"": null}","{""0"": 250, ""1"": 59}",59,1,1,0,0,0.164,car-not-detected-or-stale,KEEP_PAUSED,,,,120
121,2026-08-02T03:32:28.101+09:00,12.595,120,9.08,0,DRIVING,,0,0,1,0,0,0,,,0,0,0.000000,0.000000,0,0,0.000,255,739,green,0.331,,0,unknown,0.000000,null,0.000000,0.256,"[0.2, 0.29, 0.8, 1.0]","[256, 209, 1024, 720]",,"{""0"": 250, ""1"": 59, ""2"": null, ""3"": null, ""4"": null, ""5"": null, ""6"": null, ""7"": null}","{""0"": 0.0, ""1"": 0.0, ""2"": null, ""3"": null, ""4"": null, ""5"": null, ""6"": null, ""7"": null}","{""0"": 250, ""1"": 59}",59,1,1,0,0,0.256,car-not-detected-or-stale,KEEP_PAUSED,,,,121
122,2026-08-02T03:32:28.231+09:00,12.726,121,8.97,0,DRIVING,,0,0,1,0,0,0,,,0,0,0.000000,0.000000,0,0,0.000,255,739,green,0.211,,0,unknown,0.000000,null,0.000000,0.304,"[0.2, 0.29, 0.8, 1.0]","[256, 209, 1024, 720]",,"{""0"": 250, ""1"": 58, ""2"": null, ""3"": null, ""4"": null, ""5"": null, ""6"": null, ""7"": null}","{""0"": 0.0, ""1"": 0.0, ""2"": null, ""3"": null, ""4"": null, ""5"": null, ""6"": null, ""7"": null}","{""0"": 250, ""1"": 58}",58,1,1,0,0,0.304,car-not-detected-or-stale,KEEP_PAUSED,,,,122
123,2026-08-02T03:32:28.309+09:00,12.803,122,9.07,0,DRIVING,,0,0,1,0,0,0,,,0,0,0.000000,0.000000,0,0,0.000,255,739,green,0.225,,0,unknown,0.000000,null,0.000000,0.265,"[0.2, 0.29, 0.8, 1.0]","[256, 209, 1024, 720]",,"{""0"": 250, ""1"": 59, ""2"": null, ""3"": null, ""4"": null, ""5"": null, ""6"": null, ""7"": null}","{""0"": 0.0, ""1"": 0.0, ""2"": null, ""3"": null, ""4"": null, ""5"": null, ""6"": null, ""7"": null}","{""0"": 250, ""1"": 59}",59,1,1,0,0,0.265,car-not-detected-or-stale,KEEP_PAUSED,,,,123
124,2026-08-02T03:32:28.431+09:00,12.926,123,8.94,0,DRIVING,,0,0,1,0,0,0,,,0,0,0.000000,0.000000,0,0,0.000,255,740,green,0.303,,0,unknown,0.000000,null,0.000000,0.388,"[0.2, 0.29, 0.8, 1.0]","[256, 209, 1024, 720]",,"{""0"": 250, ""1"": 59, ""2"": null, ""3"": null, ""4"": null, ""5"": null, ""6"": null, ""7"": null}","{""0"": 0.0, ""1"": 0.0, ""2"": null, ""3"": null, ""4"": null, ""5"": null, ""6"": null, ""7"": null}","{""0"": 250, ""1"": 59}",59,1,1,0,0,0.388,car-not-detected-or-stale,KEEP_PAUSED,,,,124
125,2026-08-02T03:32:28.565+09:00,13.060,124,8.95,0,DRIVING,,0,0,1,0,0,0,,,0,0,0.000000,0.000000,0,0,0.000,255,739,green,0.332,,0,unknown,0.000000,null,0.000000,0.299,"[0.2, 0.29, 0.8, 1.0]","[256, 209, 1024, 720]",,"{""0"": 250, ""1"": 58, ""2"": null, ""3"": null, ""4"": null, ""5"": null, ""6"": null, ""7"": null}","{""0"": 0.0, ""1"": 0.0, ""2"": null, ""3"": null, ""4"": null, ""5"": null, ""6"": null, ""7"": null}","{""0"": 250, ""1"": 58}",58,1,1,0,0,0.299,car-not-detected-or-stale,KEEP_PAUSED,,,,125
126,2026-08-02T03:32:28.650+09:00,13.145,125,8.99,0,DRIVING,,0,0,1,0,0,0,,,0,0,0.000000,0.000000,0,0,0.000,255,740,green,0.258,,0,unknown,0.000000,null,0.000000,0.306,"[0.2, 0.29, 0.8, 1.0]","[256, 209, 1024, 720]",,"{""0"": 250, ""1"": 59, ""2"": null, ""3"": null, ""4"": null, ""5"": null, ""6"": null, ""7"": null}","{""0"": 0.0, ""1"": 0.0, ""2"": null, ""3"": null, ""4"": null, ""5"": null, ""6"": null, ""7"": null}","{""0"": 250, ""1"": 59}",59,1,1,0,0,0.306,car-not-detected-or-stale,KEEP_PAUSED,,,,126
127,2026-08-02T03:32:28.745+09:00,13.238,126,9.17,0,DRIVING,,0,0,1,0,0,0,,,0,0,0.000000,0.000000,0,0,0.000,255,740,green,0.222,,0,unknown,0.000000,null,0.000000,0.400,"[0.2, 0.29, 0.8, 1.0]","[256, 209, 1024, 720]",,"{""0"": 250, ""1"": 58, ""2"": null, ""3"": null, ""4"": null, ""5"": null, ""6"": null, ""7"": null}","{""0"": 0.0, ""1"": 0.0, ""2"": null, ""3"": null, ""4"": null, ""5"": null, ""6"": null, ""7"": null}","{""0"": 250, ""1"": 58}",58,1,1,0,0,0.400,car-not-detected-or-stale,KEEP_PAUSED,,,,127
128,2026-08-02T03:32:28.825+09:00,13.320,127,9.15,0,DRIVING,,0,0,1,0,0,0,,,0,0,0.000000,0.000000,0,0,0.000,255,740,green,0.316,,0,unknown,0.000000,null,0.000000,0.228,"[0.2, 0.29, 0.8, 1.0]","[256, 209, 1024, 720]",,"{""0"": 250, ""1"": 58, ""2"": null, ""3"": null, ""4"": null, ""5"": null, ""6"": null, ""7"": null}","{""0"": 0.0, ""1"": 0.0, ""2"": null, ""3"": null, ""4"": null, ""5"": null, ""6"": null, ""7"": null}","{""0"": 250, ""1"": 58}",58,1,1,0,0,0.228,car-not-detected-or-stale,KEEP_PAUSED,,,,128
129,2026-08-02T03:32:28.909+09:00,13.403,128,9.26,0,DRIVING,,0,0,1,0,0,0,,,0,0,0.000000,0.000000,0,0,0.000,255,740,green,0.263,,0,unknown,0.000000,null,0.000000,0.225,"[0.2, 0.29, 0.8, 1.0]","[256, 209, 1024, 720]",,"{""0"": 250, ""1"": 58, ""2"": null, ""3"": null, ""4"": null, ""5"": null, ""6"": null, ""7"": null}","{""0"": 0.0, ""1"": 0.0, ""2"": null, ""3"": null, ""4"": null, ""5"": null, ""6"": null, ""7"": null}","{""0"": 250, ""1"": 58}",58,1,1,0,0,0.225,car-not-detected-or-stale,KEEP_PAUSED,,,,129
130,2026-08-02T03:32:29.073+09:00,13.567,129,9.22,0,DRIVING,,0,0,1,0,0,0,,,0,0,0.000000,0.000000,0,0,0.000,255,740,green,0.168,,0,unknown,0.000000,null,0.000000,0.390,"[0.2, 0.29, 0.8, 1.0]","[256, 209, 1024, 720]",,"{""0"": 250, ""1"": 58, ""2"": null, ""3"": null, ""4"": null, ""5"": null, ""6"": null, ""7"": null}","{""0"": 0.0, ""1"": 0.0, ""2"": null, ""3"": null, ""4"": null, ""5"": null, ""6"": null, ""7"": null}","{""0"": 250, ""1"": 58}",58,1,1,0,0,0.390,car-not-detected-or-stale,KEEP_PAUSED,,,,130
131,2026-08-02T03:32:29.153+09:00,13.646,130,9.29,0,DRIVING,,0,0,1,0,0,0,,,0,0,0.000000,0.000000,0,0,0.000,255,740,green,0.250,,0,unknown,0.000000,null,0.000000,0.292,"[0.2, 0.29, 0.8, 1.0]","[256, 209, 1024, 720]",,"{""0"": 250, ""1"": 58, ""2"": null, ""3"": null, ""4"": null, ""5"": null, ""6"": null, ""7"": null}","{""0"": 0.0, ""1"": 0.0, ""2"": null, ""3"": null, ""4"": null, ""5"": null, ""6"": null, ""7"": null}","{""0"": 250, ""1"": 58}",58,1,1,0,0,0.292,car-not-detected-or-stale,KEEP_PAUSED,,,,131
132,2026-08-02T03:32:29.243+09:00,13.737,131,9.27,0,DRIVING,,0,0,1,0,0,0,,,0,0,0.000000,0.000000,0,0,0.000,255,739,green,0.257,,0,unknown,0.000000,null,0.000000,0.300,"[0.2, 0.29, 0.8, 1.0]","[256, 209, 1024, 720]",,"{""0"": 250, ""1"": 58, ""2"": null, ""3"": null, ""4"": null, ""5"": null, ""6"": null, ""7"": null}","{""0"": 0.0, ""1"": 0.0, ""2"": null, ""3"": null, ""4"": null, ""5"": null, ""6"": null, ""7"": null}","{""0"": 250, ""1"": 58}",58,1,1,0,0,0.300,car-not-detected-or-stale,KEEP_PAUSED,,,,132
133,2026-08-02T03:32:29.382+09:00,13.877,132,9.36,0,DRIVING,,0,0,1,0,0,0,,,0,0,0.000000,0.000000,0,0,0.000,255,739,green,0.339,,0,unknown,0.000000,null,0.000000,0.440,"[0.2, 0.29, 0.8, 1.0]","[256, 209, 1024, 720]",,"{""0"": 250, ""1"": 58, ""2"": null, ""3"": null, ""4"": null, ""5"": null, ""6"": null, ""7"": null}","{""0"": 0.0, ""1"": 0.0, ""2"": null, ""3"": null, ""4"": null, ""5"": null, ""6"": null, ""7"": null}","{""0"": 250, ""1"": 58}",58,1,1,0,0,0.440,car-not-detected-or-stale,KEEP_PAUSED,,,,133
134,2026-08-02T03:32:29.482+09:00,13.977,133,9.33,0,DRIVING,,0,0,1,0,0,0,,,0,0,0.000000,0.000000,0,0,0.000,255,739,green,0.312,,0,unknown,0.000000,null,0.000000,0.285,"[0.2, 0.29, 0.8, 1.0]","[256, 209, 1024, 720]",,"{""0"": 250, ""1"": 58, ""2"": null, ""3"": null, ""4"": null, ""5"": null, ""6"": null, ""7"": null}","{""0"": 0.0, ""1"": 0.0, ""2"": null, ""3"": null, ""4"": null, ""5"": null, ""6"": null, ""7"": null}","{""0"": 250, ""1"": 58}",58,1,1,0,0,0.285,car-not-detected-or-stale,KEEP_PAUSED,,,,134
135,2026-08-02T03:32:29.634+09:00,14.128,134,9.30,0,DRIVING,,0,0,1,0,0,0,,,0,0,0.000000,0.000000,0,0,0.000,255,738,green,0.242,,0,unknown,0.000000,null,0.000000,0.356,"[0.2, 0.29, 0.8, 1.0]","[256, 209, 1024, 720]",,"{""0"": 250, ""1"": 58, ""2"": null, ""3"": null, ""4"": null, ""5"": null, ""6"": null, ""7"": null}","{""0"": 0.0, ""1"": 0.0, ""2"": null, ""3"": null, ""4"": null, ""5"": null, ""6"": null, ""7"": null}","{""0"": 250, ""1"": 58}",58,1,1,0,0,0.356,car-not-detected-or-stale,KEEP_PAUSED,,,,135
136,2026-08-02T03:32:29.717+09:00,14.212,135,9.28,0,DRIVING,,0,0,1,0,0,0,,,0,0,0.000000,0.000000,0,0,0.000,255,738,green,0.257,,0,unknown,0.000000,null,0.000000,0.201,"[0.2, 0.29, 0.8, 1.0]","[256, 209, 1024, 720]",,"{""0"": 250, ""1"": 58, ""2"": null, ""3"": null, ""4"": null, ""5"": null, ""6"": null, ""7"": null}","{""0"": 0.0, ""1"": 0.0, ""2"": null, ""3"": null, ""4"": null, ""5"": null, ""6"": null, ""7"": null}","{""0"": 250, ""1"": 58}",58,1,1,0,0,0.201,car-not-detected-or-stale,KEEP_PAUSED,,,,136
137,2026-08-02T03:32:29.807+09:00,14.302,136,9.31,0,DRIVING,,0,0,1,0,0,0,,,0,0,0.000000,0.000000,0,0,0.000,255,739,green,0.338,,0,unknown,0.000000,null,0.000000,0.292,"[0.2, 0.29, 0.8, 1.0]","[256, 209, 1024, 720]",,"{""0"": 250, ""1"": 58, ""2"": null, ""3"": null, ""4"": null, ""5"": null, ""6"": null, ""7"": null}","{""0"": 0.0, ""1"": 0.0, ""2"": null, ""3"": null, ""4"": null, ""5"": null, ""6"": null, ""7"": null}","{""0"": 250, ""1"": 58}",58,1,1,0,0,0.292,car-not-detected-or-stale,KEEP_PAUSED,,,,137
138,2026-08-02T03:32:29.891+09:00,14.386,137,9.50,0,DRIVING,,0,0,1,0,0,0,,,0,0,0.000000,0.000000,0,0,0.000,255,739,green,0.329,,0,unknown,0.000000,null,0.000000,0.223,"[0.2, 0.29, 0.8, 1.0]","[256, 209, 1024, 720]",,"{""0"": 250, ""1"": 58, ""2"": null, ""3"": null, ""4"": null, ""5"": null, ""6"": null, ""7"": null}","{""0"": 0.0, ""1"": 0.0, ""2"": null, ""3"": null, ""4"": null, ""5"": null, ""6"": null, ""7"": null}","{""0"": 250, ""1"": 58}",58,1,1,0,0,0.223,car-not-detected-or-stale,KEEP_PAUSED,,,,138
139,2026-08-02T03:32:29.973+09:00,14.466,138,9.49,0,DRIVING,,0,0,1,0,0,0,,,0,0,0.000000,0.000000,0,0,0.000,255,739,green,0.180,,0,unknown,0.000000,null,0.000000,0.221,"[0.2, 0.29, 0.8, 1.0]","[256, 209, 1024, 720]",,"{""0"": 250, ""1"": 58, ""2"": null, ""3"": null, ""4"": null, ""5"": null, ""6"": null, ""7"": null}","{""0"": 0.0, ""1"": 0.0, ""2"": null, ""3"": null, ""4"": null, ""5"": null, ""6"": null, ""7"": null}","{""0"": 250, ""1"": 58}",58,1,1,0,0,0.221,car-not-detected-or-stale,KEEP_PAUSED,,,,139
140,2026-08-02T03:32:30.111+09:00,14.605,139,9.33,0,DRIVING,,0,0,1,0,0,0,,,0,0,0.000000,0.000000,0,0,0.000,255,739,green,0.186,,0,unknown,0.000000,null,0.000000,0.181,"[0.2, 0.29, 0.8, 1.0]","[256, 209, 1024, 720]",,"{""0"": 250, ""1"": 58, ""2"": null, ""3"": null, ""4"": null, ""5"": null, ""6"": null, ""7"": null}","{""0"": 0.0, ""1"": 0.0, ""2"": null, ""3"": null, ""4"": null, ""5"": null, ""6"": null, ""7"": null}","{""0"": 250, ""1"": 58}",58,1,1,0,0,0.181,car-not-detected-or-stale,KEEP_PAUSED,,,,140
141,2026-08-02T03:32:30.229+09:00,14.723,140,9.32,0,DRIVING,,0,0,1,0,0,0,,,0,0,0.000000,0.000000,0,0,0.000,255,739,green,0.220,,0,unknown,0.000000,null,0.000000,0.300,"[0.2, 0.29, 0.8, 1.0]","[256, 209, 1024, 720]",,"{""0"": 250, ""1"": 58, ""2"": null, ""3"": null, ""4"": null, ""5"": null, ""6"": null, ""7"": null}","{""0"": 0.0, ""1"": 0.0, ""2"": null, ""3"": null, ""4"": null, ""5"": null, ""6"": null, ""7"": null}","{""0"": 250, ""1"": 58}",58,1,1,0,0,0.300,car-not-detected-or-stale,KEEP_PAUSED,,,,141
142,2026-08-02T03:32:30.304+09:00,14.798,141,9.34,0,DRIVING,,0,0,1,0,0,0,,,0,0,0.000000,0.000000,0,0,0.000,255,739,green,0.241,,0,unknown,0.000000,null,0.000000,0.278,"[0.2, 0.29, 0.8, 1.0]","[256, 209, 1024, 720]",,"{""0"": 250, ""1"": 58, ""2"": null, ""3"": null, ""4"": null, ""5"": null, ""6"": null, ""7"": null}","{""0"": 0.0, ""1"": 0.0, ""2"": null, ""3"": null, ""4"": null, ""5"": null, ""6"": null, ""7"": null}","{""0"": 250, ""1"": 58}",58,1,1,0,0,0.278,car-not-detected-or-stale,KEEP_PAUSED,,,,142
143,2026-08-02T03:32:30.428+09:00,14.922,142,9.22,0,DRIVING,,0,0,1,0,0,0,,,0,0,0.000000,0.000000,0,0,0.000,255,739,green,0.318,,0,unknown,0.000000,null,0.000000,0.283,"[0.2, 0.29, 0.8, 1.0]","[256, 209, 1024, 720]",,"{""0"": 250, ""1"": 58, ""2"": null, ""3"": null, ""4"": null, ""5"": null, ""6"": null, ""7"": null}","{""0"": 0.0, ""1"": 0.0, ""2"": null, ""3"": null, ""4"": null, ""5"": null, ""6"": null, ""7"": null}","{""0"": 250, ""1"": 58}",58,1,1,0,0,0.283,car-not-detected-or-stale,KEEP_PAUSED,,,,143
144,2026-08-02T03:32:30.514+09:00,15.008,143,9.49,0,DRIVING,,0,0,1,0,0,0,,,0,0,0.000000,0.000000,0,0,0.000,255,739,green,0.318,,0,unknown,0.000000,null,0.000000,0.368,"[0.2, 0.29, 0.8, 1.0]","[256, 209, 1024, 720]",,"{""0"": 250, ""1"": 58, ""2"": null, ""3"": null, ""4"": null, ""5"": null, ""6"": null, ""7"": null}","{""0"": 0.0, ""1"": 0.0, ""2"": null, ""3"": null, ""4"": null, ""5"": null, ""6"": null, ""7"": null}","{""0"": 250, ""1"": 58}",58,1,1,0,0,0.368,car-not-detected-or-stale,KEEP_PAUSED,,,,144
145,2026-08-02T03:32:30.593+09:00,15.087,144,9.49,0,DRIVING,,0,0,1,0,0,0,,,0,0,0.000000,0.000000,0,0,0.000,255,738,green,0.213,,0,unknown,0.000000,null,0.000000,0.255,"[0.2, 0.29, 0.8, 1.0]","[256, 209, 1024, 720]",,"{""0"": 250, ""1"": 58, ""2"": null, ""3"": null, ""4"": null, ""5"": null, ""6"": null, ""7"": null}","{""0"": 0.0, ""1"": 0.0, ""2"": null, ""3"": null, ""4"": null, ""5"": null, ""6"": null, ""7"": null}","{""0"": 250, ""1"": 58}",58,1,1,0,0,0.255,car-not-detected-or-stale,KEEP_PAUSED,,,,145
146,2026-08-02T03:32:30.771+09:00,15.265,145,9.21,0,DRIVING,,0,0,1,0,0,0,,,0,0,0.000000,0.000000,0,0,0.000,255,739,green,0.175,,0,unknown,0.000000,null,0.000000,0.311,"[0.2, 0.29, 0.8, 1.0]","[256, 209, 1024, 720]",,"{""0"": 250, ""1"": 58, ""2"": null, ""3"": null, ""4"": null, ""5"": null, ""6"": null, ""7"": null}","{""0"": 0.0, ""1"": 0.0, ""2"": null, ""3"": null, ""4"": null, ""5"": null, ""6"": null, ""7"": null}","{""0"": 250, ""1"": 58}",58,1,1,0,0,0.311,car-not-detected-or-stale,KEEP_PAUSED,,,,146
147,2026-08-02T03:32:30.867+09:00,15.362,146,9.42,0,DRIVING,,0,0,1,0,0,0,,,0,0,0.000000,0.000000,0,0,0.000,255,738,green,0.261,,0,unknown,0.000000,null,0.000000,0.405,"[0.2, 0.29, 0.8, 1.0]","[256, 209, 1024, 720]",,"{""0"": 250, ""1"": 58, ""2"": null, ""3"": null, ""4"": null, ""5"": null, ""6"": null, ""7"": null}","{""0"": 0.0, ""1"": 0.0, ""2"": null, ""3"": null, ""4"": null, ""5"": null, ""6"": null, ""7"": null}","{""0"": 250, ""1"": 58}",58,1,1,0,0,0.405,car-not-detected-or-stale,KEEP_PAUSED,,,,147
148,2026-08-02T03:32:30.945+09:00,15.439,147,9.58,0,DRIVING,,0,0,1,0,0,0,,,0,0,0.000000,0.000000,0,0,0.000,255,738,green,0.273,,0,unknown,0.000000,null,0.000000,0.312,"[0.2, 0.29, 0.8, 1.0]","[256, 209, 1024, 720]",,"{""0"": 250, ""1"": 58, ""2"": null, ""3"": null, ""4"": null, ""5"": null, ""6"": null, ""7"": null}","{""0"": 0.0, ""1"": 0.0, ""2"": null, ""3"": null, ""4"": null, ""5"": null, ""6"": null, ""7"": null}","{""0"": 250, ""1"": 58}",58,1,1,0,0,0.312,car-not-detected-or-stale,KEEP_PAUSED,,,,148
149,2026-08-02T03:32:31.045+09:00,15.540,148,9.50,0,DRIVING,,0,0,1,0,0,0,,,0,0,0.000000,0.000000,0,0,0.000,255,739,green,0.350,,0,unknown,0.000000,null,0.000000,0.414,"[0.2, 0.29, 0.8, 1.0]","[256, 209, 1024, 720]",,"{""0"": 250, ""1"": 58, ""2"": null, ""3"": null, ""4"": null, ""5"": null, ""6"": null, ""7"": null}","{""0"": 0.0, ""1"": 0.0, ""2"": null, ""3"": null, ""4"": null, ""5"": null, ""6"": null, ""7"": null}","{""0"": 250, ""1"": 58}",58,1,1,0,0,0.414,car-not-detected-or-stale,KEEP_PAUSED,,,,149
150,2026-08-02T03:32:31.226+09:00,15.721,149,9.33,0,DRIVING,,0,0,1,0,0,0,,,0,0,0.000000,0.000000,0,0,0.000,255,739,green,0.279,,0,unknown,0.000000,null,0.000000,0.325,"[0.2, 0.29, 0.8, 1.0]","[256, 209, 1024, 720]",,"{""0"": 250, ""1"": 58, ""2"": null, ""3"": null, ""4"": null, ""5"": null, ""6"": null, ""7"": null}","{""0"": 0.0, ""1"": 0.0, ""2"": null, ""3"": null, ""4"": null, ""5"": null, ""6"": null, ""7"": null}","{""0"": 250, ""1"": 58}",58,1,1,0,0,0.325,car-not-detected-or-stale,KEEP_PAUSED,,,,150
151,2026-08-02T03:32:31.309+09:00,15.803,150,9.35,0,DRIVING,,0,0,1,0,0,0,,,0,0,0.000000,0.000000,0,0,0.000,255,739,green,0.286,,0,unknown,0.000000,null,0.000000,0.330,"[0.2, 0.29, 0.8, 1.0]","[256, 209, 1024, 720]",,"{""0"": 250, ""1"": 58, ""2"": null, ""3"": null, ""4"": null, ""5"": null, ""6"": null, ""7"": null}","{""0"": 0.0, ""1"": 0.0, ""2"": null, ""3"": null, ""4"": null, ""5"": null, ""6"": null, ""7"": null}","{""0"": 250, ""1"": 58}",58,1,1,0,0,0.330,car-not-detected-or-stale,KEEP_PAUSED,,,,151
152,2026-08-02T03:32:31.422+09:00,15.916,151,9.41,0,DRIVING,,0,0,1,0,0,0,,,0,0,0.000000,0.000000,0,0,0.000,255,739,green,0.285,,0,unknown,0.000000,null,0.000000,0.442,"[0.2, 0.29, 0.8, 1.0]","[256, 209, 1024, 720]",,"{""0"": 250, ""1"": 58, ""2"": null, ""3"": null, ""4"": null, ""5"": null, ""6"": null, ""7"": null}","{""0"": 0.0, ""1"": 0.0, ""2"": null, ""3"": null, ""4"": null, ""5"": null, ""6"": null, ""7"": null}","{""0"": 250, ""1"": 58}",58,1,1,0,0,0.442,car-not-detected-or-stale,KEEP_PAUSED,,,,152
153,2026-08-02T03:32:31.586+09:00,16.081,152,9.15,0,DRIVING,,0,0,1,0,0,0,,,0,0,0.000000,0.000000,0,0,0.000,255,739,green,0.381,,0,unknown,0.000000,null,0.000000,0.324,"[0.2, 0.29, 0.8, 1.0]","[256, 209, 1024, 720]",,"{""0"": 250, ""1"": 58, ""2"": null, ""3"": null, ""4"": null, ""5"": null, ""6"": null, ""7"": null}","{""0"": 0.0, ""1"": 0.0, ""2"": null, ""3"": null, ""4"": null, ""5"": null, ""6"": null, ""7"": null}","{""0"": 250, ""1"": 58}",58,1,1,0,0,0.324,car-not-detected-or-stale,KEEP_PAUSED,,,,153
154,2026-08-02T03:32:31.664+09:00,16.159,153,9.28,0,DRIVING,,0,0,1,0,0,0,,,0,0,0.000000,0.000000,0,0,0.000,255,739,green,0.362,,0,unknown,0.000000,null,0.000000,0.303,"[0.2, 0.29, 0.8, 1.0]","[256, 209, 1024, 720]",,"{""0"": 250, ""1"": 58, ""2"": null, ""3"": null, ""4"": null, ""5"": null, ""6"": null, ""7"": null}","{""0"": 0.0, ""1"": 0.0, ""2"": null, ""3"": null, ""4"": null, ""5"": null, ""6"": null, ""7"": null}","{""0"": 250, ""1"": 58}",58,1,1,0,0,0.303,car-not-detected-or-stale,KEEP_PAUSED,,,,154
155,2026-08-02T03:32:31.755+09:00,16.250,154,9.40,0,DRIVING,,0,0,1,0,0,0,,,0,0,0.000000,0.000000,0,0,0.000,255,739,green,0.246,,0,unknown,0.000000,null,0.000000,0.298,"[0.2, 0.29, 0.8, 1.0]","[256, 209, 1024, 720]",,"{""0"": 250, ""1"": 58, ""2"": null, ""3"": null, ""4"": null, ""5"": null, ""6"": null, ""7"": null}","{""0"": 0.0, ""1"": 0.0, ""2"": null, ""3"": null, ""4"": null, ""5"": null, ""6"": null, ""7"": null}","{""0"": 250, ""1"": 58}",58,1,1,0,0,0.298,car-not-detected-or-stale,KEEP_PAUSED,,,,155
156,2026-08-02T03:32:31.923+09:00,16.417,155,9.17,0,DRIVING,,0,0,1,0,0,0,,,0,0,0.000000,0.000000,0,0,0.000,255,739,green,0.173,,0,unknown,0.000000,null,0.000000,0.466,"[0.2, 0.29, 0.8, 1.0]","[256, 209, 1024, 720]",,"{""0"": 250, ""1"": 58, ""2"": null, ""3"": null, ""4"": null, ""5"": null, ""6"": null, ""7"": null}","{""0"": 0.0, ""1"": 0.0, ""2"": null, ""3"": null, ""4"": null, ""5"": null, ""6"": null, ""7"": null}","{""0"": 250, ""1"": 58}",58,1,1,0,0,0.466,car-not-detected-or-stale,KEEP_PAUSED,,,,156
157,2026-08-02T03:32:32.008+09:00,16.503,156,9.19,0,DRIVING,,0,0,1,0,0,0,,,0,0,0.000000,0.000000,0,0,0.000,255,739,green,0.260,,0,unknown,0.000000,null,0.000000,0.307,"[0.2, 0.29, 0.8, 1.0]","[256, 209, 1024, 720]",,"{""0"": 250, ""1"": 58, ""2"": null, ""3"": null, ""4"": null, ""5"": null, ""6"": null, ""7"": null}","{""0"": 0.0, ""1"": 0.0, ""2"": null, ""3"": null, ""4"": null, ""5"": null, ""6"": null, ""7"": null}","{""0"": 250, ""1"": 58}",58,1,1,0,0,0.307,car-not-detected-or-stale,KEEP_PAUSED,,,,157
158,2026-08-02T03:32:32.093+09:00,16.588,157,9.18,0,DRIVING,,0,0,1,0,0,0,,,0,0,0.000000,0.000000,0,0,0.000,255,739,green,0.257,,0,unknown,0.000000,null,0.000000,0.304,"[0.2, 0.29, 0.8, 1.0]","[256, 209, 1024, 720]",,"{""0"": 250, ""1"": 58, ""2"": null, ""3"": null, ""4"": null, ""5"": null, ""6"": null, ""7"": null}","{""0"": 0.0, ""1"": 0.0, ""2"": null, ""3"": null, ""4"": null, ""5"": null, ""6"": null, ""7"": null}","{""0"": 250, ""1"": 58}",58,1,1,0,0,0.304,car-not-detected-or-stale,KEEP_PAUSED,,,,158
159,2026-08-02T03:32:32.273+09:00,16.767,158,8.92,0,DRIVING,,0,0,1,0,0,0,,,0,0,0.000000,0.000000,0,0,0.000,255,739,green,0.342,,0,unknown,0.000000,null,0.000000,0.484,"[0.2, 0.29, 0.8, 1.0]","[256, 209, 1024, 720]",,"{""0"": 250, ""1"": 59, ""2"": null, ""3"": null, ""4"": null, ""5"": null, ""6"": null, ""7"": null}","{""0"": 0.0, ""1"": 0.0, ""2"": null, ""3"": null, ""4"": null, ""5"": null, ""6"": null, ""7"": null}","{""0"": 250, ""1"": 59}",59,1,1,0,0,0.484,car-not-detected-or-stale,KEEP_PAUSED,,,,159
160,2026-08-02T03:32:32.351+09:00,16.846,159,9.15,0,DRIVING,,0,0,1,0,0,0,,,0,0,0.000000,0.000000,0,0,0.000,255,739,green,0.353,,0,unknown,0.000000,null,0.000000,0.308,"[0.2, 0.29, 0.8, 1.0]","[256, 209, 1024, 720]",,"{""0"": 250, ""1"": 58, ""2"": null, ""3"": null, ""4"": null, ""5"": null, ""6"": null, ""7"": null}","{""0"": 0.0, ""1"": 0.0, ""2"": null, ""3"": null, ""4"": null, ""5"": null, ""6"": null, ""7"": null}","{""0"": 250, ""1"": 58}",58,1,1,0,0,0.308,car-not-detected-or-stale,KEEP_PAUSED,,,,160
161,2026-08-02T03:32:32.437+09:00,16.932,160,9.13,0,DRIVING,,0,0,1,0,0,0,,,0,0,0.000000,0.000000,0,0,0.000,255,739,green,0.259,,0,unknown,0.000000,null,0.000000,0.308,"[0.2, 0.29, 0.8, 1.0]","[256, 209, 1024, 720]",,"{""0"": 250, ""1"": 58, ""2"": null, ""3"": null, ""4"": null, ""5"": null, ""6"": null, ""7"": null}","{""0"": 0.0, ""1"": 0.0, ""2"": null, ""3"": null, ""4"": null, ""5"": null, ""6"": null, ""7"": null}","{""0"": 250, ""1"": 58}",58,1,1,0,0,0.308,car-not-detected-or-stale,KEEP_PAUSED,,,,161
162,2026-08-02T03:32:32.607+09:00,17.100,161,8.92,0,DRIVING,,0,0,1,0,0,0,,,0,0,0.000000,0.000000,0,0,0.000,255,739,green,0.168,,0,unknown,0.000000,null,0.000000,0.478,"[0.2, 0.29, 0.8, 1.0]","[256, 209, 1024, 720]",,"{""0"": 250, ""1"": 58, ""2"": null, ""3"": null, ""4"": null, ""5"": null, ""6"": null, ""7"": null}","{""0"": 0.0, ""1"": 0.0, ""2"": null, ""3"": null, ""4"": null, ""5"": null, ""6"": null, ""7"": null}","{""0"": 250, ""1"": 58}",58,1,1,0,0,0.478,car-not-detected-or-stale,KEEP_PAUSED,,,,162
163,2026-08-02T03:32:32.685+09:00,17.179,162,9.08,0,DRIVING,,0,0,1,0,0,0,,,0,0,0.000000,0.000000,0,0,0.000,255,739,green,0.260,,0,unknown,0.000000,null,0.000000,0.300,"[0.2, 0.29, 0.8, 1.0]","[256, 209, 1024, 720]",,"{""0"": 250, ""1"": 58, ""2"": null, ""3"": null, ""4"": null, ""5"": null, ""6"": null, ""7"": null}","{""0"": 0.0, ""1"": 0.0, ""2"": null, ""3"": null, ""4"": null, ""5"": null, ""6"": null, ""7"": null}","{""0"": 250, ""1"": 58}",58,1,1,0,0,0.300,car-not-detected-or-stale,KEEP_PAUSED,,,,163
164,2026-08-02T03:32:32.781+09:00,17.276,163,9.09,0,DRIVING,,0,0,1,0,0,0,,,0,0,0.000000,0.000000,0,0,0.000,255,739,green,0.346,,0,unknown,0.000000,null,0.000000,0.310,"[0.2, 0.29, 0.8, 1.0]","[256, 209, 1024, 720]",,"{""0"": 250, ""1"": 58, ""2"": null, ""3"": null, ""4"": null, ""5"": null, ""6"": null, ""7"": null}","{""0"": 0.0, ""1"": 0.0, ""2"": null, ""3"": null, ""4"": null, ""5"": null, ""6"": null, ""7"": null}","{""0"": 250, ""1"": 58}",58,1,1,0,0,0.310,car-not-detected-or-stale,KEEP_PAUSED,,,,164
165,2026-08-02T03:32:32.897+09:00,17.390,164,9.20,0,DRIVING,,0,0,1,0,0,0,,,0,0,0.000000,0.000000,0,0,0.000,255,739,green,0.356,,0,unknown,0.000000,null,0.000000,0.424,"[0.2, 0.29, 0.8, 1.0]","[256, 209, 1024, 720]",,"{""0"": 250, ""1"": 59, ""2"": null, ""3"": null, ""4"": null, ""5"": null, ""6"": null, ""7"": null}","{""0"": 0.0, ""1"": 0.0, ""2"": null, ""3"": null, ""4"": null, ""5"": null, ""6"": null, ""7"": null}","{""0"": 250, ""1"": 59}",59,1,1,0,0,0.424,car-not-detected-or-stale,KEEP_PAUSED,,,,165
166,2026-08-02T03:32:33.032+09:00,17.527,165,9.05,0,DRIVING,,0,0,1,0,0,0,,,0,0,0.000000,0.000000,0,0,0.000,255,739,green,0.211,,0,unknown,0.000000,null,0.000000,0.305,"[0.2, 0.29, 0.8, 1.0]","[256, 209, 1024, 720]",,"{""0"": 250, ""1"": 58, ""2"": null, ""3"": null, ""4"": null, ""5"": null, ""6"": null, ""7"": null}","{""0"": 0.0, ""1"": 0.0, ""2"": null, ""3"": null, ""4"": null, ""5"": null, ""6"": null, ""7"": null}","{""0"": 250, ""1"": 58}",58,1,1,0,0,0.305,car-not-detected-or-stale,KEEP_PAUSED,,,,166
167,2026-08-02T03:32:33.113+09:00,17.604,166,9.08,0,DRIVING,,0,0,1,0,0,0,,,0,0,0.000000,0.000000,0,0,0.000,255,739,green,0.245,,0,unknown,0.000000,null,0.000000,0.285,"[0.2, 0.29, 0.8, 1.0]","[256, 209, 1024, 720]",,"{""0"": 250, ""1"": 58, ""2"": null, ""3"": null, ""4"": null, ""5"": null, ""6"": null, ""7"": null}","{""0"": 0.0, ""1"": 0.0, ""2"": null, ""3"": null, ""4"": null, ""5"": null, ""6"": null, ""7"": null}","{""0"": 250, ""1"": 58}",58,1,1,0,0,0.285,car-not-detected-or-stale,KEEP_PAUSED,,,,167
168,2026-08-02T03:32:33.239+09:00,17.733,167,8.96,0,DRIVING,,0,0,1,0,0,0,,,0,0,0.000000,0.000000,0,0,0.000,255,739,green,0.214,,0,unknown,0.000000,null,0.000000,0.415,"[0.2, 0.29, 0.8, 1.0]","[256, 209, 1024, 720]",,"{""0"": 250, ""1"": 58, ""2"": null, ""3"": null, ""4"": null, ""5"": null, ""6"": null, ""7"": null}","{""0"": 0.0, ""1"": 0.0, ""2"": null, ""3"": null, ""4"": null, ""5"": null, ""6"": null, ""7"": null}","{""0"": 250, ""1"": 58}",58,1,1,0,0,0.415,car-not-detected-or-stale,KEEP_PAUSED,,,,168
169,2026-08-02T03:32:33.322+09:00,17.816,168,8.96,0,DRIVING,,0,0,1,0,0,0,,,0,0,0.000000,0.000000,0,0,0.000,255,739,green,0.341,,0,unknown,0.000000,null,0.000000,0.255,"[0.2, 0.29, 0.8, 1.0]","[256, 209, 1024, 720]",,"{""0"": 250, ""1"": 58, ""2"": null, ""3"": null, ""4"": null, ""5"": null, ""6"": null, ""7"": null}","{""0"": 0.0, ""1"": 0.0, ""2"": null, ""3"": null, ""4"": null, ""5"": null, ""6"": null, ""7"": null}","{""0"": 250, ""1"": 58}",58,1,1,0,0,0.255,car-not-detected-or-stale,KEEP_PAUSED,,,,169
170,2026-08-02T03:32:33.408+09:00,17.902,169,9.10,0,DRIVING,,0,0,1,0,0,0,,,0,0,0.000000,0.000000,0,0,0.000,255,739,green,0.293,,0,unknown,0.000000,null,0.000000,0.260,"[0.2, 0.29, 0.8, 1.0]","[256, 209, 1024, 720]",,"{""0"": 250, ""1"": 58, ""2"": null, ""3"": null, ""4"": null, ""5"": null, ""6"": null, ""7"": null}","{""0"": 0.0, ""1"": 0.0, ""2"": null, ""3"": null, ""4"": null, ""5"": null, ""6"": null, ""7"": null}","{""0"": 250, ""1"": 58}",58,1,1,0,0,0.260,car-not-detected-or-stale,KEEP_PAUSED,,,,170
171,2026-08-02T03:32:33.576+09:00,18.071,170,8.96,0,DRIVING,,0,0,1,0,0,0,,,0,0,0.000000,0.000000,0,0,0.000,255,739,green,0.175,,0,unknown,0.000000,null,0.000000,0.220,"[0.2, 0.29, 0.8, 1.0]","[256, 209, 1024, 720]",,"{""0"": 250, ""1"": 58, ""2"": null, ""3"": null, ""4"": null, ""5"": null, ""6"": null, ""7"": null}","{""0"": 0.0, ""1"": 0.0, ""2"": null, ""3"": null, ""4"": null, ""5"": null, ""6"": null, ""7"": null}","{""0"": 250, ""1"": 58}",58,1,1,0,0,0.220,car-not-detected-or-stale,KEEP_PAUSED,,,,171
172,2026-08-02T03:32:33.663+09:00,18.157,171,8.93,0,DRIVING,,0,0,1,0,0,0,,,0,0,0.000000,0.000000,0,0,0.000,255,739,green,0.258,,0,unknown,0.000000,null,0.000000,0.307,"[0.2, 0.29, 0.8, 1.0]","[256, 209, 1024, 720]",,"{""0"": 250, ""1"": 58, ""2"": null, ""3"": null, ""4"": null, ""5"": null, ""6"": null, ""7"": null}","{""0"": 0.0, ""1"": 0.0, ""2"": null, ""3"": null, ""4"": null, ""5"": null, ""6"": null, ""7"": null}","{""0"": 250, ""1"": 58}",58,1,1,0,0,0.307,car-not-detected-or-stale,KEEP_PAUSED,,,,172
173,2026-08-02T03:32:33.742+09:00,18.236,172,9.05,0,DRIVING,,0,0,1,0,0,0,,,0,0,0.000000,0.000000,0,0,0.000,255,739,green,0.256,,0,unknown,0.000000,null,0.000000,0.297,"[0.2, 0.29, 0.8, 1.0]","[256, 209, 1024, 720]",,"{""0"": 250, ""1"": 58, ""2"": null, ""3"": null, ""4"": null, ""5"": null, ""6"": null, ""7"": null}","{""0"": 0.0, ""1"": 0.0, ""2"": null, ""3"": null, ""4"": null, ""5"": null, ""6"": null, ""7"": null}","{""0"": 250, ""1"": 58}",58,1,1,0,0,0.297,car-not-detected-or-stale,KEEP_PAUSED,,,,173
174,2026-08-02T03:32:33.850+09:00,18.345,173,8.99,0,DRIVING,,0,0,1,0,0,0,,,0,0,0.000000,0.000000,0,0,0.000,255,739,green,0.334,,0,unknown,0.000000,null,0.000000,0.406,"[0.2, 0.29, 0.8, 1.0]","[256, 209, 1024, 720]",,"{""0"": 250, ""1"": 58, ""2"": null, ""3"": null, ""4"": null, ""5"": null, ""6"": null, ""7"": null}","{""0"": 0.0, ""1"": 0.0, ""2"": null, ""3"": null, ""4"": null, ""5"": null, ""6"": null, ""7"": null}","{""0"": 250, ""1"": 58}",58,1,1,0,0,0.406,car-not-detected-or-stale,KEEP_PAUSED,,,,174
175,2026-08-02T03:32:33.984+09:00,18.479,174,8.85,0,DRIVING,,0,0,1,0,0,0,,,0,0,0.000000,0.000000,0,0,0.000,255,739,green,0.276,,0,unknown,0.000000,null,0.000000,0.288,"[0.2, 0.29, 0.8, 1.0]","[256, 209, 1024, 720]",,"{""0"": 250, ""1"": 58, ""2"": null, ""3"": null, ""4"": null, ""5"": null, ""6"": null, ""7"": null}","{""0"": 0.001, ""1"": 0.001, ""2"": null, ""3"": null, ""4"": null, ""5"": null, ""6"": null, ""7"": null}","{""0"": 250, ""1"": 58}",58,1,1,0,0,0.287,car-not-detected-or-stale,KEEP_PAUSED,,,,175
176,2026-08-02T03:32:34.059+09:00,18.553,175,9.13,0,DRIVING,,0,0,1,0,0,0,,,0,0,0.000000,0.000000,0,0,0.000,255,739,green,0.245,,0,unknown,0.000000,null,0.000000,0.283,"[0.2, 0.29, 0.8, 1.0]","[256, 209, 1024, 720]",,"{""0"": 250, ""1"": 58, ""2"": null, ""3"": null, ""4"": null, ""5"": null, ""6"": null, ""7"": null}","{""0"": 0.0, ""1"": 0.0, ""2"": null, ""3"": null, ""4"": null, ""5"": null, ""6"": null, ""7"": null}","{""0"": 250, ""1"": 58}",58,1,1,0,0,0.283,car-not-detected-or-stale,KEEP_PAUSED,,,,176
177,2026-08-02T03:32:34.143+09:00,18.638,176,9.15,0,DRIVING,,0,0,1,0,0,0,,,0,0,0.000000,0.000000,0,0,0.000,255,739,green,0.320,,0,unknown,0.000000,null,0.000000,0.367,"[0.2, 0.29, 0.8, 1.0]","[256, 209, 1024, 720]",,"{""0"": 250, ""1"": 58, ""2"": null, ""3"": null, ""4"": null, ""5"": null, ""6"": null, ""7"": null}","{""0"": 0.0, ""1"": 0.0, ""2"": null, ""3"": null, ""4"": null, ""5"": null, ""6"": null, ""7"": null}","{""0"": 250, ""1"": 58}",58,1,1,0,0,0.367,car-not-detected-or-stale,KEEP_PAUSED,,,,177
178,2026-08-02T03:32:34.227+09:00,18.722,177,9.14,0,DRIVING,,0,0,1,0,0,0,,,0,0,0.000000,0.000000,0,0,0.000,255,739,green,0.298,,0,unknown,0.000000,null,0.000000,0.210,"[0.2, 0.29, 0.8, 1.0]","[256, 209, 1024, 720]",,"{""0"": 250, ""1"": 58, ""2"": null, ""3"": null, ""4"": null, ""5"": null, ""6"": null, ""7"": null}","{""0"": 0.0, ""1"": 0.0, ""2"": null, ""3"": null, ""4"": null, ""5"": null, ""6"": null, ""7"": null}","{""0"": 250, ""1"": 58}",58,1,1,0,0,0.210,car-not-detected-or-stale,KEEP_PAUSED,,,,178
179,2026-08-02T03:32:34.311+09:00,18.805,178,9.19,0,DRIVING,,0,0,1,0,0,0,,,0,0,0.000000,0.000000,0,0,0.000,255,739,green,0.172,,0,unknown,0.000000,null,0.000000,0.217,"[0.2, 0.29, 0.8, 1.0]","[256, 209, 1024, 720]",,"{""0"": 250, ""1"": 58, ""2"": null, ""3"": null, ""4"": null, ""5"": null, ""6"": null, ""7"": null}","{""0"": 0.0, ""1"": 0.0, ""2"": null, ""3"": null, ""4"": null, ""5"": null, ""6"": null, ""7"": null}","{""0"": 250, ""1"": 58}",58,1,1,0,0,0.217,car-not-detected-or-stale,KEEP_PAUSED,,,,179
180,2026-08-02T03:32:34.451+09:00,18.944,179,9.30,0,DRIVING,,0,0,1,0,0,0,,,0,0,0.000000,0.000000,0,0,0.000,255,739,green,0.170,,0,unknown,0.000000,null,0.000000,0.356,"[0.2, 0.29, 0.8, 1.0]","[256, 209, 1024, 720]",,"{""0"": 250, ""1"": 58, ""2"": null, ""3"": null, ""4"": null, ""5"": null, ""6"": null, ""7"": null}","{""0"": 0.0, ""1"": 0.0, ""2"": null, ""3"": null, ""4"": null, ""5"": null, ""6"": null, ""7"": null}","{""0"": 250, ""1"": 58}",58,1,1,0,0,0.356,car-not-detected-or-stale,KEEP_PAUSED,,,,180
181,2026-08-02T03:32:34.567+09:00,19.062,180,9.21,0,DRIVING,,0,0,1,0,0,0,,,0,0,0.000000,0.000000,0,0,0.000,255,739,green,0.226,,0,unknown,0.000000,null,0.000000,0.305,"[0.2, 0.29, 0.8, 1.0]","[256, 209, 1024, 720]",,"{""0"": 250, ""1"": 58, ""2"": null, ""3"": null, ""4"": null, ""5"": null, ""6"": null, ""7"": null}","{""0"": 0.0, ""1"": 0.0, ""2"": null, ""3"": null, ""4"": null, ""5"": null, ""6"": null, ""7"": null}","{""0"": 250, ""1"": 58}",58,1,1,0,0,0.305,car-not-detected-or-stale,KEEP_PAUSED,,,,181
182,2026-08-02T03:32:34.648+09:00,19.142,181,9.30,0,DRIVING,,0,0,1,0,0,0,,,0,0,0.000000,0.000000,0,0,0.000,255,739,green,0.261,,0,unknown,0.000000,null,0.000000,0.303,"[0.2, 0.29, 0.8, 1.0]","[256, 209, 1024, 720]",,"{""0"": 250, ""1"": 58, ""2"": null, ""3"": null, ""4"": null, ""5"": null, ""6"": null, ""7"": null}","{""0"": 0.0, ""1"": 0.0, ""2"": null, ""3"": null, ""4"": null, ""5"": null, ""6"": null, ""7"": null}","{""0"": 250, ""1"": 58}",58,1,1,0,0,0.303,car-not-detected-or-stale,KEEP_PAUSED,,,,182
183,2026-08-02T03:32:34.749+09:00,19.244,182,9.49,0,DRIVING,,0,0,1,0,0,0,,,0,0,0.000000,0.000000,0,0,0.000,255,739,green,0.341,,0,unknown,0.000000,null,0.000000,0.403,"[0.2, 0.29, 0.8, 1.0]","[256, 209, 1024, 720]",,"{""0"": 250, ""1"": 58, ""2"": null, ""3"": null, ""4"": null, ""5"": null, ""6"": null, ""7"": null}","{""0"": 0.0, ""1"": 0.0, ""2"": null, ""3"": null, ""4"": null, ""5"": null, ""6"": null, ""7"": null}","{""0"": 250, ""1"": 58}",58,1,1,0,0,0.403,car-not-detected-or-stale,KEEP_PAUSED,,,,183
184,2026-08-02T03:32:34.847+09:00,19.341,183,9.43,0,DRIVING,,0,0,1,0,0,0,,,0,0,0.000000,0.000000,0,0,0.000,255,739,green,0.303,,0,unknown,0.000000,null,0.000000,0.246,"[0.2, 0.29, 0.8, 1.0]","[256, 209, 1024, 720]",,"{""0"": 250, ""1"": 58, ""2"": null, ""3"": null, ""4"": null, ""5"": null, ""6"": null, ""7"": null}","{""0"": 0.0, ""1"": 0.0, ""2"": null, ""3"": null, ""4"": null, ""5"": null, ""6"": null, ""7"": null}","{""0"": 250, ""1"": 58}",58,1,1,0,0,0.246,car-not-detected-or-stale,KEEP_PAUSED,,,,184
185,2026-08-02T03:32:34.938+09:00,19.432,184,9.43,0,DRIVING,,0,0,1,0,0,0,,,0,0,0.000000,0.000000,0,0,0.000,255,739,green,0.400,,0,unknown,0.000000,null,0.000000,0.255,"[0.2, 0.29, 0.8, 1.0]","[256, 209, 1024, 720]",,"{""0"": 250, ""1"": 58, ""2"": null, ""3"": null, ""4"": null, ""5"": null, ""6"": null, ""7"": null}","{""0"": 0.0, ""1"": 0.0, ""2"": null, ""3"": null, ""4"": null, ""5"": null, ""6"": null, ""7"": null}","{""0"": 250, ""1"": 58}",58,1,1,0,0,0.255,car-not-detected-or-stale,KEEP_PAUSED,,,,185
186,2026-08-02T03:32:35.049+09:00,19.543,185,9.60,0,DRIVING,,0,0,1,0,0,0,,,0,0,0.000000,0.000000,0,0,0.000,255,740,green,0.297,,0,unknown,0.000000,null,0.000000,0.366,"[0.2, 0.29, 0.8, 1.0]","[256, 209, 1024, 720]",,"{""0"": 250, ""1"": 58, ""2"": null, ""3"": null, ""4"": null, ""5"": null, ""6"": null, ""7"": null}","{""0"": 0.0, ""1"": 0.0, ""2"": null, ""3"": null, ""4"": null, ""5"": null, ""6"": null, ""7"": null}","{""0"": 250, ""1"": 58}",58,1,1,0,0,0.366,car-not-detected-or-stale,KEEP_PAUSED,,,,186
187,2026-08-02T03:32:35.129+09:00,19.623,186,9.61,0,DRIVING,,0,0,1,0,0,0,,,0,0,0.000000,0.000000,0,0,0.000,255,740,green,0.207,,0,unknown,0.000000,null,0.000000,0.249,"[0.2, 0.29, 0.8, 1.0]","[256, 209, 1024, 720]",,"{""0"": 250, ""1"": 58, ""2"": null, ""3"": null, ""4"": null, ""5"": null, ""6"": null, ""7"": null}","{""0"": 0.0, ""1"": 0.0, ""2"": null, ""3"": null, ""4"": null, ""5"": null, ""6"": null, ""7"": null}","{""0"": 250, ""1"": 58}",58,1,1,0,0,0.249,car-not-detected-or-stale,KEEP_PAUSED,,,,187
188,2026-08-02T03:32:35.216+09:00,19.710,187,9.61,0,DRIVING,,0,0,1,0,0,0,,,0,0,0.000000,0.000000,0,0,0.000,255,739,green,0.197,,0,unknown,0.000000,null,0.000000,0.243,"[0.2, 0.29, 0.8, 1.0]","[256, 209, 1024, 720]",,"{""0"": 250, ""1"": 58, ""2"": null, ""3"": null, ""4"": null, ""5"": null, ""6"": null, ""7"": null}","{""0"": 0.0, ""1"": 0.0, ""2"": null, ""3"": null, ""4"": null, ""5"": null, ""6"": null, ""7"": null}","{""0"": 250, ""1"": 58}",58,1,1,0,0,0.243,car-not-detected-or-stale,KEEP_PAUSED,,,,188
189,2026-08-02T03:32:35.306+09:00,19.800,188,9.89,0,DRIVING,,0,0,1,0,0,0,,,0,0,0.000000,0.000000,0,0,0.000,255,738,green,0.282,,0,unknown,0.000000,null,0.000000,0.332,"[0.2, 0.29, 0.8, 1.0]","[256, 209, 1024, 720]",,"{""0"": 250, ""1"": 58, ""2"": null, ""3"": null, ""4"": null, ""5"": null, ""6"": null, ""7"": null}","{""0"": 0.0, ""1"": 0.0, ""2"": null, ""3"": null, ""4"": null, ""5"": null, ""6"": null, ""7"": null}","{""0"": 250, ""1"": 58}",58,1,1,0,0,0.332,car-not-detected-or-stale,KEEP_PAUSED,,,,189
190,2026-08-02T03:32:35.460+09:00,19.954,189,9.65,0,DRIVING,,0,0,1,0,0,0,,,0,0,0.000000,0.000000,0,0,0.000,255,739,green,0.259,,0,unknown,0.000000,null,0.000000,0.296,"[0.2, 0.29, 0.8, 1.0]","[256, 209, 1024, 720]",,"{""0"": 250, ""1"": 58, ""2"": null, ""3"": null, ""4"": null, ""5"": null, ""6"": null, ""7"": null}","{""0"": 0.0, ""1"": 0.0, ""2"": null, ""3"": null, ""4"": null, ""5"": null, ""6"": null, ""7"": null}","{""0"": 250, ""1"": 58}",58,1,1,0,0,0.296,car-not-detected-or-stale,KEEP_PAUSED,,,,190
191,2026-08-02T03:32:35.539+09:00,20.033,190,9.67,0,DRIVING,,0,0,1,0,0,0,,,0,0,0.000000,0.000000,0,0,0.000,255,739,green,0.247,,0,unknown,0.000000,null,0.000000,0.288,"[0.2, 0.29, 0.8, 1.0]","[256, 209, 1024, 720]",,"{""0"": 250, ""1"": 58, ""2"": null, ""3"": null, ""4"": null, ""5"": null, ""6"": null, ""7"": null}","{""0"": 0.0, ""1"": 0.0, ""2"": null, ""3"": null, ""4"": null, ""5"": null, ""6"": null, ""7"": null}","{""0"": 250, ""1"": 58}",58,1,1,0,0,0.288,car-not-detected-or-stale,KEEP_PAUSED,,,,191
192,2026-08-02T03:32:35.705+09:00,20.198,191,9.68,0,DRIVING,,0,0,1,0,0,0,,,0,0,0.000000,0.000000,0,0,0.000,255,739,green,0.238,,0,unknown,0.000000,null,0.000000,0.210,"[0.2, 0.29, 0.8, 1.0]","[256, 209, 1024, 720]",,"{""0"": 250, ""1"": 58, ""2"": null, ""3"": null, ""4"": null, ""5"": null, ""6"": null, ""7"": null}","{""0"": 0.0, ""1"": 0.0, ""2"": null, ""3"": null, ""4"": null, ""5"": null, ""6"": null, ""7"": null}","{""0"": 250, ""1"": 58}",58,1,1,0,0,0.210,car-not-detected-or-stale,KEEP_PAUSED,,,,192
193,2026-08-02T03:32:35.796+09:00,20.290,192,9.65,0,DRIVING,,0,0,1,0,0,0,,,0,0,0.000000,0.000000,0,0,0.000,255,739,green,0.248,,0,unknown,0.000000,null,0.000000,0.301,"[0.2, 0.29, 0.8, 1.0]","[256, 209, 1024, 720]",,"{""0"": 250, ""1"": 58, ""2"": null, ""3"": null, ""4"": null, ""5"": null, ""6"": null, ""7"": null}","{""0"": 0.0, ""1"": 0.0, ""2"": null, ""3"": null, ""4"": null, ""5"": null, ""6"": null, ""7"": null}","{""0"": 250, ""1"": 58}",58,1,1,0,0,0.301,car-not-detected-or-stale,KEEP_PAUSED,,,,193
194,2026-08-02T03:32:35.876+09:00,20.370,193,9.70,0,DRIVING,,0,0,1,0,0,0,,,0,0,0.000000,0.000000,0,0,0.000,255,739,green,0.261,,0,unknown,0.000000,null,0.000000,0.300,"[0.2, 0.29, 0.8, 1.0]","[256, 209, 1024, 720]",,"{""0"": 250, ""1"": 58, ""2"": null, ""3"": null, ""4"": null, ""5"": null, ""6"": null, ""7"": null}","{""0"": 0.0, ""1"": 0.0, ""2"": null, ""3"": null, ""4"": null, ""5"": null, ""6"": null, ""7"": null}","{""0"": 250, ""1"": 58}",58,1,1,0,0,0.300,car-not-detected-or-stale,KEEP_PAUSED,,,,194
195,2026-08-02T03:32:35.991+09:00,20.485,194,9.69,0,DRIVING,,0,0,1,0,0,0,,,0,0,0.000000,0.000000,0,0,0.000,255,739,green,0.356,,0,unknown,0.000000,null,0.000000,0.158,"[0.2, 0.29, 0.8, 1.0]","[256, 209, 1024, 720]",,"{""0"": 250, ""1"": 58, ""2"": null, ""3"": null, ""4"": null, ""5"": null, ""6"": null, ""7"": null}","{""0"": 0.0, ""1"": 0.0, ""2"": null, ""3"": null, ""4"": null, ""5"": null, ""6"": null, ""7"": null}","{""0"": 250, ""1"": 58}",58,1,1,0,0,0.158,car-not-detected-or-stale,KEEP_PAUSED,,,,195
196,2026-08-02T03:32:36.126+09:00,20.620,195,9.70,0,DRIVING,,0,0,1,0,0,0,,,0,0,0.000000,0.000000,0,0,0.000,255,739,green,0.290,,0,unknown,0.000000,null,0.000000,0.292,"[0.2, 0.29, 0.8, 1.0]","[256, 209, 1024, 720]",,"{""0"": 250, ""1"": 58, ""2"": null, ""3"": null, ""4"": null, ""5"": null, ""6"": null, ""7"": null}","{""0"": 0.0, ""1"": 0.0, ""2"": null, ""3"": null, ""4"": null, ""5"": null, ""6"": null, ""7"": null}","{""0"": 250, ""1"": 58}",58,1,1,0,0,0.292,car-not-detected-or-stale,KEEP_PAUSED,,,,196
197,2026-08-02T03:32:36.206+09:00,20.699,196,9.70,0,DRIVING,,0,0,1,0,0,0,,,0,0,0.000000,0.000000,0,0,0.000,255,739,green,0.235,,0,unknown,0.000000,null,0.000000,0.276,"[0.2, 0.29, 0.8, 1.0]","[256, 209, 1024, 720]",,"{""0"": 250, ""1"": 58, ""2"": null, ""3"": null, ""4"": null, ""5"": null, ""6"": null, ""7"": null}","{""0"": 0.0, ""1"": 0.0, ""2"": null, ""3"": null, ""4"": null, ""5"": null, ""6"": null, ""7"": null}","{""0"": 250, ""1"": 58}",58,1,1,0,0,0.276,car-not-detected-or-stale,KEEP_PAUSED,,,,197
198,2026-08-02T03:32:36.312+09:00,20.806,197,9.76,0,DRIVING,,0,0,1,0,0,0,,,0,0,0.000000,0.000000,0,0,0.000,255,739,green,0.334,,0,unknown,0.000000,null,0.000000,0.285,"[0.2, 0.29, 0.8, 1.0]","[256, 209, 1024, 720]",,"{""0"": 250, ""1"": 59, ""2"": null, ""3"": null, ""4"": null, ""5"": null, ""6"": null, ""7"": null}","{""0"": 0.0, ""1"": 0.0, ""2"": null, ""3"": null, ""4"": null, ""5"": null, ""6"": null, ""7"": null}","{""0"": 250, ""1"": 59}",59,1,1,0,0,0.285,car-not-detected-or-stale,KEEP_PAUSED,,,,198
199,2026-08-02T03:32:36.439+09:00,20.934,198,9.62,0,DRIVING,,0,0,1,0,0,0,,,0,0,0.000000,0.000000,0,0,0.000,255,739,green,0.324,,0,unknown,0.000000,null,0.000000,0.413,"[0.2, 0.29, 0.8, 1.0]","[256, 209, 1024, 720]",,"{""0"": 250, ""1"": 58, ""2"": null, ""3"": null, ""4"": null, ""5"": null, ""6"": null, ""7"": null}","{""0"": 0.0, ""1"": 0.0, ""2"": null, ""3"": null, ""4"": null, ""5"": null, ""6"": null, ""7"": null}","{""0"": 250, ""1"": 58}",58,1,1,0,0,0.413,car-not-detected-or-stale,KEEP_PAUSED,,,,199
200,2026-08-02T03:32:36.518+09:00,21.010,199,9.65,0,DRIVING,,0,0,1,0,0,0,,,0,0,0.000000,0.000000,0,0,0.000,255,739,green,0.219,,0,unknown,0.000000,null,0.000000,0.257,"[0.2, 0.29, 0.8, 1.0]","[256, 209, 1024, 720]",,"{""0"": 250, ""1"": 58, ""2"": null, ""3"": null, ""4"": null, ""5"": null, ""6"": null, ""7"": null}","{""0"": 0.0, ""1"": 0.0, ""2"": null, ""3"": null, ""4"": null, ""5"": null, ""6"": null, ""7"": null}","{""0"": 250, ""1"": 58}",58,1,1,0,0,0.257,car-not-detected-or-stale,KEEP_PAUSED,,,,200
201,2026-08-02T03:32:36.606+09:00,21.100,200,9.90,0,DRIVING,,0,0,1,0,0,0,,,0,0,0.000000,0.000000,0,0,0.000,255,739,green,0.208,,0,unknown,0.000000,null,0.000000,0.257,"[0.2, 0.29, 0.8, 1.0]","[256, 209, 1024, 720]",,"{""0"": 250, ""1"": 58, ""2"": null, ""3"": null, ""4"": null, ""5"": null, ""6"": null, ""7"": null}","{""0"": 0.0, ""1"": 0.0, ""2"": null, ""3"": null, ""4"": null, ""5"": null, ""6"": null, ""7"": null}","{""0"": 250, ""1"": 58}",58,1,1,0,0,0.257,car-not-detected-or-stale,KEEP_PAUSED,,,,201
202,2026-08-02T03:32:36.688+09:00,21.182,201,9.92,0,DRIVING,,0,0,1,0,0,0,,,0,0,0.000000,0.000000,0,0,0.000,255,739,green,0.297,,0,unknown,0.000000,null,0.000000,0.338,"[0.2, 0.29, 0.8, 1.0]","[256, 209, 1024, 720]",,"{""0"": 250, ""1"": 58, ""2"": null, ""3"": null, ""4"": null, ""5"": null, ""6"": null, ""7"": null}","{""0"": 0.0, ""1"": 0.0, ""2"": null, ""3"": null, ""4"": null, ""5"": null, ""6"": null, ""7"": null}","{""0"": 250, ""1"": 58}",58,1,1,0,0,0.338,car-not-detected-or-stale,KEEP_PAUSED,,,,202
203,2026-08-02T03:32:36.772+09:00,21.265,202,9.91,0,DRIVING,,0,0,1,0,0,0,,,0,0,0.000000,0.000000,0,0,0.000,255,739,green,0.257,,0,unknown,0.000000,null,0.000000,0.219,"[0.2, 0.29, 0.8, 1.0]","[256, 209, 1024, 720]",,"{""0"": 250, ""1"": 58, ""2"": null, ""3"": null, ""4"": null, ""5"": null, ""6"": null, ""7"": null}","{""0"": 0.0, ""1"": 0.0, ""2"": null, ""3"": null, ""4"": null, ""5"": null, ""6"": null, ""7"": null}","{""0"": 250, ""1"": 58}",58,1,1,0,0,0.219,car-not-detected-or-stale,KEEP_PAUSED,,,,203
204,2026-08-02T03:32:36.881+09:00,21.375,203,9.90,0,DRIVING,,0,0,1,0,0,0,,,0,0,0.000000,0.000000,0,0,0.000,255,739,green,0.188,,0,unknown,0.000000,null,0.000000,0.240,"[0.2, 0.29, 0.8, 1.0]","[256, 209, 1024, 720]",,"{""0"": 250, ""1"": 58, ""2"": null, ""3"": null, ""4"": null, ""5"": null, ""6"": null, ""7"": null}","{""0"": 0.0, ""1"": 0.0, ""2"": null, ""3"": null, ""4"": null, ""5"": null, ""6"": null, ""7"": null}","{""0"": 250, ""1"": 58}",58,1,1,0,0,0.240,car-not-detected-or-stale,KEEP_PAUSED,,,,204
205,2026-08-02T03:32:36.982+09:00,21.475,204,10.01,0,DRIVING,,0,0,1,0,0,0,,,0,0,0.000000,0.000000,0,0,0.000,255,739,green,0.198,,0,unknown,0.000000,null,0.000000,0.342,"[0.2, 0.29, 0.8, 1.0]","[256, 209, 1024, 720]",,"{""0"": 250, ""1"": 58, ""2"": null, ""3"": null, ""4"": null, ""5"": null, ""6"": null, ""7"": null}","{""0"": 0.0, ""1"": 0.0, ""2"": null, ""3"": null, ""4"": null, ""5"": null, ""6"": null, ""7"": null}","{""0"": 250, ""1"": 58}",58,1,1,0,0,0.342,car-not-detected-or-stale,KEEP_PAUSED,,,,205
206,2026-08-02T03:32:37.141+09:00,21.636,205,9.73,0,DRIVING,,0,0,1,0,0,0,,,0,0,0.000000,0.000000,0,0,0.000,255,739,green,0.213,,0,unknown,0.000000,null,0.000000,0.318,"[0.2, 0.29, 0.8, 1.0]","[256, 209, 1024, 720]",,"{""0"": 250, ""1"": 58, ""2"": null, ""3"": null, ""4"": null, ""5"": null, ""6"": null, ""7"": null}","{""0"": 0.0, ""1"": 0.0, ""2"": null, ""3"": null, ""4"": null, ""5"": null, ""6"": null, ""7"": null}","{""0"": 250, ""1"": 58}",58,1,1,0,0,0.318,car-not-detected-or-stale,KEEP_PAUSED,,,,206
207,2026-08-02T03:32:37.217+09:00,21.712,206,9.76,0,DRIVING,,0,0,1,0,0,0,,,0,0,0.000000,0.000000,0,0,0.000,255,739,green,0.258,,0,unknown,0.000000,null,0.000000,0.297,"[0.2, 0.29, 0.8, 1.0]","[256, 209, 1024, 720]",,"{""0"": 250, ""1"": 58, ""2"": null, ""3"": null, ""4"": null, ""5"": null, ""6"": null, ""7"": null}","{""0"": 0.0, ""1"": 0.0, ""2"": null, ""3"": null, ""4"": null, ""5"": null, ""6"": null, ""7"": null}","{""0"": 250, ""1"": 58}",58,1,1,0,0,0.297,car-not-detected-or-stale,KEEP_PAUSED,,,,207
208,2026-08-02T03:32:37.311+09:00,21.805,207,9.73,0,DRIVING,,0,0,1,0,0,0,,,0,0,0.000000,0.000000,0,0,0.000,255,739,green,0.333,,0,unknown,0.000000,null,0.000000,0.278,"[0.2, 0.29, 0.8, 1.0]","[256, 209, 1024, 720]",,"{""0"": 250, ""1"": 58, ""2"": null, ""3"": null, ""4"": null, ""5"": null, ""6"": null, ""7"": null}","{""0"": 0.0, ""1"": 0.0, ""2"": null, ""3"": null, ""4"": null, ""5"": null, ""6"": null, ""7"": null}","{""0"": 250, ""1"": 58}",58,1,1,0,0,0.278,car-not-detected-or-stale,KEEP_PAUSED,,,,208
209,2026-08-02T03:32:37.466+09:00,21.959,208,9.51,0,DRIVING,,0,0,1,0,0,0,,,0,0,0.000000,0.000000,0,0,0.000,255,738,green,0.315,,0,unknown,0.000000,null,0.000000,0.433,"[0.2, 0.29, 0.8, 1.0]","[256, 209, 1024, 720]",,"{""0"": 250, ""1"": 59, ""2"": null, ""3"": null, ""4"": null, ""5"": null, ""6"": null, ""7"": null}","{""0"": 0.0, ""1"": 0.0, ""2"": null, ""3"": null, ""4"": null, ""5"": null, ""6"": null, ""7"": null}","{""0"": 250, ""1"": 59}",59,1,1,0,0,0.433,car-not-detected-or-stale,KEEP_PAUSED,,,,209
210,2026-08-02T03:32:37.543+09:00,22.037,209,9.70,0,DRIVING,,0,0,1,0,0,0,,,0,0,0.000000,0.000000,0,0,0.000,255,738,green,0.252,,0,unknown,0.000000,null,0.000000,0.291,"[0.2, 0.29, 0.8, 1.0]","[256, 209, 1024, 720]",,"{""0"": 250, ""1"": 58, ""2"": null, ""3"": null, ""4"": null, ""5"": null, ""6"": null, ""7"": null}","{""0"": 0.0, ""1"": 0.0, ""2"": null, ""3"": null, ""4"": null, ""5"": null, ""6"": null, ""7"": null}","{""0"": 250, ""1"": 58}",58,1,1,0,0,0.291,car-not-detected-or-stale,KEEP_PAUSED,,,,210
211,2026-08-02T03:32:37.628+09:00,22.122,210,9.80,0,DRIVING,,0,0,1,0,0,0,,,0,0,0.000000,0.000000,0,0,0.000,255,739,green,0.235,,0,unknown,0.000000,null,0.000000,0.283,"[0.2, 0.29, 0.8, 1.0]","[256, 209, 1024, 720]",,"{""0"": 250, ""1"": 58, ""2"": null, ""3"": null, ""4"": null, ""5"": null, ""6"": null, ""7"": null}","{""0"": 0.0, ""1"": 0.0, ""2"": null, ""3"": null, ""4"": null, ""5"": null, ""6"": null, ""7"": null}","{""0"": 250, ""1"": 58}",58,1,1,0,0,0.283,car-not-detected-or-stale,KEEP_PAUSED,,,,211
212,2026-08-02T03:32:37.793+09:00,22.287,211,9.54,0,DRIVING,,0,0,1,0,0,0,,,0,0,0.000000,0.000000,0,0,0.000,255,739,green,0.322,,0,unknown,0.000000,null,0.000000,0.447,"[0.2, 0.29, 0.8, 1.0]","[256, 209, 1024, 720]",,"{""0"": 250, ""1"": 58, ""2"": null, ""3"": null, ""4"": null, ""5"": null, ""6"": null, ""7"": null}","{""0"": 0.0, ""1"": 0.0, ""2"": null, ""3"": null, ""4"": null, ""5"": null, ""6"": null, ""7"": null}","{""0"": 250, ""1"": 58}",58,1,1,0,0,0.447,car-not-detected-or-stale,KEEP_PAUSED,,,,212
213,2026-08-02T03:32:37.871+09:00,22.364,212,9.61,0,DRIVING,,0,0,1,0,0,0,,,0,0,0.000000,0.000000,0,0,0.000,255,738,green,0.168,,0,unknown,0.000000,null,0.000000,0.292,"[0.2, 0.29, 0.8, 1.0]","[256, 209, 1024, 720]",,"{""0"": 250, ""1"": 58, ""2"": null, ""3"": null, ""4"": null, ""5"": null, ""6"": null, ""7"": null}","{""0"": 0.0, ""1"": 0.0, ""2"": null, ""3"": null, ""4"": null, ""5"": null, ""6"": null, ""7"": null}","{""0"": 250, ""1"": 58}",58,1,1,0,0,0.292,car-not-detected-or-stale,KEEP_PAUSED,,,,213
214,2026-08-02T03:32:37.964+09:00,22.457,213,9.63,0,DRIVING,,0,0,1,0,0,0,,,0,0,0.000000,0.000000,0,0,0.000,255,739,green,0.246,,0,unknown,0.000000,null,0.000000,0.300,"[0.2, 0.29, 0.8, 1.0]","[256, 209, 1024, 720]",,"{""0"": 250, ""1"": 58, ""2"": null, ""3"": null, ""4"": null, ""5"": null, ""6"": null, ""7"": null}","{""0"": 0.0, ""1"": 0.0, ""2"": null, ""3"": null, ""4"": null, ""5"": null, ""6"": null, ""7"": null}","{""0"": 250, ""1"": 58}",58,1,1,0,0,0.300,car-not-detected-or-stale,KEEP_PAUSED,,,,214
215,2026-08-02T03:32:38.102+09:00,22.597,214,9.48,0,DRIVING,,0,0,1,0,0,0,,,0,0,0.000000,0.000000,0,0,0.000,255,739,green,0.174,,0,unknown,0.000000,null,0.000000,0.440,"[0.2, 0.29, 0.8, 1.0]","[256, 209, 1024, 720]",,"{""0"": 250, ""1"": 58, ""2"": null, ""3"": null, ""4"": null, ""5"": null, ""6"": null, ""7"": null}","{""0"": 0.0, ""1"": 0.0, ""2"": null, ""3"": null, ""4"": null, ""5"": null, ""6"": null, ""7"": null}","{""0"": 250, ""1"": 58}",58,1,1,0,0,0.440,car-not-detected-or-stale,KEEP_PAUSED,,,,215
216,2026-08-02T03:32:38.178+09:00,22.672,215,9.58,0,DRIVING,,0,0,1,0,0,0,,,0,0,0.000000,0.000000,0,0,0.000,255,739,green,0.235,,0,unknown,0.000000,null,0.000000,0.272,"[0.2, 0.29, 0.8, 1.0]","[256, 209, 1024, 720]",,"{""0"": 250, ""1"": 58, ""2"": null, ""3"": null, ""4"": null, ""5"": null, ""6"": null, ""7"": null}","{""0"": 0.0, ""1"": 0.0, ""2"": null, ""3"": null, ""4"": null, ""5"": null, ""6"": null, ""7"": null}","{""0"": 250, ""1"": 58}",58,1,1,0,0,0.272,car-not-detected-or-stale,KEEP_PAUSED,,,,216
217,2026-08-02T03:32:38.283+09:00,22.778,216,9.51,0,DRIVING,,0,0,1,0,0,0,,,0,0,0.000000,0.000000,0,0,0.000,255,739,green,0.237,,0,unknown,0.000000,null,0.000000,0.286,"[0.2, 0.29, 0.8, 1.0]","[256, 209, 1024, 720]",,"{""0"": 250, ""1"": 58, ""2"": null, ""3"": null, ""4"": null, ""5"": null, ""6"": null, ""7"": null}","{""0"": 0.0, ""1"": 0.0, ""2"": null, ""3"": null, ""4"": null, ""5"": null, ""6"": null, ""7"": null}","{""0"": 250, ""1"": 58}",58,1,1,0,0,0.286,car-not-detected-or-stale,KEEP_PAUSED,,,,217
218,2026-08-02T03:32:38.409+09:00,22.903,217,9.39,0,DRIVING,,0,0,1,0,0,0,,,0,0,0.000000,0.000000,0,0,0.000,255,739,green,0.334,,0,unknown,0.000000,null,0.000000,0.411,"[0.2, 0.29, 0.8, 1.0]","[256, 209, 1024, 720]",,"{""0"": 250, ""1"": 58, ""2"": null, ""3"": null, ""4"": null, ""5"": null, ""6"": null, ""7"": null}","{""0"": 0.0, ""1"": 0.0, ""2"": null, ""3"": null, ""4"": null, ""5"": null, ""6"": null, ""7"": null}","{""0"": 250, ""1"": 58}",58,1,1,0,0,0.411,car-not-detected-or-stale,KEEP_PAUSED,,,,218
219,2026-08-02T03:32:38.491+09:00,22.985,218,9.42,0,DRIVING,,0,0,1,0,0,0,,,0,0,0.000000,0.000000,0,0,0.000,255,739,green,0.310,,0,unknown,0.000000,null,0.000000,0.258,"[0.2, 0.29, 0.8, 1.0]","[256, 209, 1024, 720]",,"{""0"": 250, ""1"": 58, ""2"": null, ""3"": null, ""4"": null, ""5"": null, ""6"": null, ""7"": null}","{""0"": 0.0, ""1"": 0.0, ""2"": null, ""3"": null, ""4"": null, ""5"": null, ""6"": null, ""7"": null}","{""0"": 250, ""1"": 58}",58,1,1,0,0,0.258,car-not-detected-or-stale,KEEP_PAUSED,,,,219
220,2026-08-02T03:32:38.571+09:00,23.064,219,9.64,0,DRIVING,,0,0,1,0,0,0,,,0,0,0.000000,0.000000,0,0,0.000,255,739,green,0.200,,0,unknown,0.000000,null,0.000000,0.242,"[0.2, 0.29, 0.8, 1.0]","[256, 209, 1024, 720]",,"{""0"": 250, ""1"": 58, ""2"": null, ""3"": null, ""4"": null, ""5"": null, ""6"": null, ""7"": null}","{""0"": 0.0, ""1"": 0.0, ""2"": null, ""3"": null, ""4"": null, ""5"": null, ""6"": null, ""7"": null}","{""0"": 250, ""1"": 58}",58,1,1,0,0,0.242,car-not-detected-or-stale,KEEP_PAUSED,,,,220
221,2026-08-02T03:32:38.684+09:00,23.179,220,9.54,0,DRIVING,,0,0,1,0,0,0,,,0,0,0.000000,0.000000,0,0,0.000,255,739,green,0.193,,0,unknown,0.000000,null,0.000000,0.158,"[0.2, 0.29, 0.8, 1.0]","[256, 209, 1024, 720]",,"{""0"": 250, ""1"": 58, ""2"": null, ""3"": null, ""4"": null, ""5"": null, ""6"": null, ""7"": null}","{""0"": 0.0, ""1"": 0.0, ""2"": null, ""3"": null, ""4"": null, ""5"": null, ""6"": null, ""7"": null}","{""0"": 250, ""1"": 58}",58,1,1,0,0,0.158,car-not-detected-or-stale,KEEP_PAUSED,,,,221
222,2026-08-02T03:32:38.785+09:00,23.277,221,9.75,0,DRIVING,,0,0,1,0,0,0,,,0,0,0.000000,0.000000,0,0,0.000,255,740,green,0.207,,0,unknown,0.000000,null,0.000000,0.258,"[0.2, 0.29, 0.8, 1.0]","[256, 209, 1024, 720]",,"{""0"": 250, ""1"": 58, ""2"": null, ""3"": null, ""4"": null, ""5"": null, ""6"": null, ""7"": null}","{""0"": 0.0, ""1"": 0.0, ""2"": null, ""3"": null, ""4"": null, ""5"": null, ""6"": null, ""7"": null}","{""0"": 250, ""1"": 58}",58,1,1,0,0,0.258,car-not-detected-or-stale,KEEP_PAUSED,,,,222
223,2026-08-02T03:32:38.874+09:00,23.368,222,9.74,0,DRIVING,,0,0,1,0,0,0,,,0,0,0.000000,0.000000,0,0,0.000,255,738,green,0.195,,0,unknown,0.000000,null,0.000000,0.241,"[0.2, 0.29, 0.8, 1.0]","[256, 209, 1024, 720]",,"{""0"": 250, ""1"": 58, ""2"": null, ""3"": null, ""4"": null, ""5"": null, ""6"": null, ""7"": null}","{""0"": 0.0, ""1"": 0.0, ""2"": null, ""3"": null, ""4"": null, ""5"": null, ""6"": null, ""7"": null}","{""0"": 250, ""1"": 58}",58,1,1,0,0,0.241,car-not-detected-or-stale,KEEP_PAUSED,,,,223
224,2026-08-02T03:32:38.964+09:00,23.458,223,9.71,0,DRIVING,,0,0,1,0,0,0,,,0,0,0.000000,0.000000,0,0,0.000,255,739,green,0.291,,0,unknown,0.000000,null,0.000000,0.235,"[0.2, 0.29, 0.8, 1.0]","[256, 209, 1024, 720]",,"{""0"": 250, ""1"": 58, ""2"": null, ""3"": null, ""4"": null, ""5"": null, ""6"": null, ""7"": null}","{""0"": 0.0, ""1"": 0.0, ""2"": null, ""3"": null, ""4"": null, ""5"": null, ""6"": null, ""7"": null}","{""0"": 250, ""1"": 58}",58,1,1,0,0,0.235,car-not-detected-or-stale,KEEP_PAUSED,,,,224
225,2026-08-02T03:32:39.097+09:00,23.591,224,9.66,0,DRIVING,,0,0,1,0,0,0,,,0,0,0.000000,0.000000,0,0,0.000,255,739,green,0.307,,0,unknown,0.000000,null,0.000000,0.176,"[0.2, 0.29, 0.8, 1.0]","[256, 209, 1024, 720]",,"{""0"": 250, ""1"": 58, ""2"": null, ""3"": null, ""4"": null, ""5"": null, ""6"": null, ""7"": null}","{""0"": 0.0, ""1"": 0.0, ""2"": null, ""3"": null, ""4"": null, ""5"": null, ""6"": null, ""7"": null}","{""0"": 250, ""1"": 58}",58,1,1,0,0,0.176,car-not-detected-or-stale,KEEP_PAUSED,,,,225
226,2026-08-02T03:32:39.279+09:00,23.773,225,9.51,0,DRIVING,,0,0,1,0,0,0,,,0,0,0.000000,0.000000,0,0,0.000,255,739,green,0.215,,0,unknown,0.000000,null,0.000000,0.358,"[0.2, 0.29, 0.8, 1.0]","[256, 209, 1024, 720]",,"{""0"": 250, ""1"": 58, ""2"": null, ""3"": null, ""4"": null, ""5"": null, ""6"": null, ""7"": null}","{""0"": 0.0, ""1"": 0.0, ""2"": null, ""3"": null, ""4"": null, ""5"": null, ""6"": null, ""7"": null}","{""0"": 250, ""1"": 58}",58,1,1,0,0,0.358,car-not-detected-or-stale,KEEP_PAUSED,,,,226
227,2026-08-02T03:32:39.385+09:00,23.880,226,9.43,0,DRIVING,,0,0,1,0,0,0,,,0,0,0.000000,0.000000,0,0,0.000,255,739,green,0.284,,0,unknown,0.000000,null,0.000000,0.353,"[0.2, 0.29, 0.8, 1.0]","[256, 209, 1024, 720]",,"{""0"": 250, ""1"": 58, ""2"": null, ""3"": null, ""4"": null, ""5"": null, ""6"": null, ""7"": null}","{""0"": 0.0, ""1"": 0.0, ""2"": null, ""3"": null, ""4"": null, ""5"": null, ""6"": null, ""7"": null}","{""0"": 250, ""1"": 58}",58,1,1,0,0,0.353,car-not-detected-or-stale,KEEP_PAUSED,,,,227
228,2026-08-02T03:32:39.468+09:00,23.961,227,9.51,0,DRIVING,,0,0,1,0,0,0,,,0,0,0.000000,0.000000,0,0,0.000,255,739,green,0.291,,0,unknown,0.000000,null,0.000000,0.335,"[0.2, 0.29, 0.8, 1.0]","[256, 209, 1024, 720]",,"{""0"": 250, ""1"": 58, ""2"": null, ""3"": null, ""4"": null, ""5"": null, ""6"": null, ""7"": null}","{""0"": 0.0, ""1"": 0.0, ""2"": null, ""3"": null, ""4"": null, ""5"": null, ""6"": null, ""7"": null}","{""0"": 250, ""1"": 58}",58,1,1,0,0,0.335,car-not-detected-or-stale,KEEP_PAUSED,,,,228
229,2026-08-02T03:32:39.601+09:00,24.096,228,9.49,0,DRIVING,,0,0,1,0,0,0,,,0,0,0.000000,0.000000,0,0,0.000,255,739,green,0.376,,0,unknown,0.000000,null,0.000000,0.182,"[0.2, 0.29, 0.8, 1.0]","[256, 209, 1024, 720]",,"{""0"": 250, ""1"": 58, ""2"": null, ""3"": null, ""4"": null, ""5"": null, ""6"": null, ""7"": null}","{""0"": 0.0, ""1"": 0.0, ""2"": null, ""3"": null, ""4"": null, ""5"": null, ""6"": null, ""7"": null}","{""0"": 250, ""1"": 58}",58,1,1,0,0,0.182,car-not-detected-or-stale,KEEP_PAUSED,,,,229
230,2026-08-02T03:32:39.687+09:00,24.181,229,9.46,0,DRIVING,,0,0,1,0,0,0,,,0,0,0.000000,0.000000,0,0,0.000,255,739,green,0.325,,0,unknown,0.000000,null,0.000000,0.266,"[0.2, 0.29, 0.8, 1.0]","[256, 209, 1024, 720]",,"{""0"": 250, ""1"": 58, ""2"": null, ""3"": null, ""4"": null, ""5"": null, ""6"": null, ""7"": null}","{""0"": 0.0, ""1"": 0.0, ""2"": null, ""3"": null, ""4"": null, ""5"": null, ""6"": null, ""7"": null}","{""0"": 250, ""1"": 58}",58,1,1,0,0,0.266,car-not-detected-or-stale,KEEP_PAUSED,,,,230
231,2026-08-02T03:32:39.763+09:00,24.257,230,9.51,0,DRIVING,,0,0,1,0,0,0,,,0,0,0.000000,0.000000,0,0,0.000,255,739,green,0.221,,0,unknown,0.000000,null,0.000000,0.257,"[0.2, 0.29, 0.8, 1.0]","[256, 209, 1024, 720]",,"{""0"": 250, ""1"": 58, ""2"": null, ""3"": null, ""4"": null, ""5"": null, ""6"": null, ""7"": null}","{""0"": 0.0, ""1"": 0.0, ""2"": null, ""3"": null, ""4"": null, ""5"": null, ""6"": null, ""7"": null}","{""0"": 250, ""1"": 58}",58,1,1,0,0,0.257,car-not-detected-or-stale,KEEP_PAUSED,,,,231
232,2026-08-02T03:32:39.881+09:00,24.375,231,9.39,0,DRIVING,,0,0,1,0,0,0,,,0,0,0.000000,0.000000,0,0,0.000,255,739,green,0.201,,0,unknown,0.000000,null,0.000000,0.158,"[0.2, 0.29, 0.8, 1.0]","[256, 209, 1024, 720]",,"{""0"": 250, ""1"": 58, ""2"": null, ""3"": null, ""4"": null, ""5"": null, ""6"": null, ""7"": null}","{""0"": 0.0, ""1"": 0.0, ""2"": null, ""3"": null, ""4"": null, ""5"": null, ""6"": null, ""7"": null}","{""0"": 250, ""1"": 58}",58,1,1,0,0,0.158,car-not-detected-or-stale,KEEP_PAUSED,,,,232
233,2026-08-02T03:32:39.980+09:00,24.474,232,9.35,0,DRIVING,,0,0,1,0,0,0,,,0,0,0.000000,0.000000,0,0,0.000,255,738,green,0.208,,0,unknown,0.000000,null,0.000000,0.148,"[0.2, 0.29, 0.8, 1.0]","[256, 209, 1024, 720]",,"{""0"": 250, ""1"": 58, ""2"": null, ""3"": null, ""4"": null, ""5"": null, ""6"": null, ""7"": null}","{""0"": 0.0, ""1"": 0.0, ""2"": null, ""3"": null, ""4"": null, ""5"": null, ""6"": null, ""7"": null}","{""0"": 250, ""1"": 58}",58,1,1,0,0,0.148,car-not-detected-or-stale,KEEP_PAUSED,,,,233
234,2026-08-02T03:32:40.132+09:00,24.627,233,9.23,0,DRIVING,,0,0,1,0,0,0,,,0,0,0.000000,0.000000,0,0,0.000,255,739,green,0.194,,0,unknown,0.000000,null,0.000000,0.299,"[0.2, 0.29, 0.8, 1.0]","[256, 209, 1024, 720]",,"{""0"": 250, ""1"": 59, ""2"": null, ""3"": null, ""4"": null, ""5"": null, ""6"": null, ""7"": null}","{""0"": 0.0, ""1"": 0.0, ""2"": null, ""3"": null, ""4"": null, ""5"": null, ""6"": null, ""7"": null}","{""0"": 250, ""1"": 59}",59,1,1,0,0,0.299,car-not-detected-or-stale,KEEP_PAUSED,,,,234
235,2026-08-02T03:32:40.218+09:00,24.712,234,9.27,0,DRIVING,,0,0,1,0,0,0,,,0,0,0.000000,0.000000,0,0,0.000,255,738,green,0.337,,0,unknown,0.000000,null,0.000000,0.290,"[0.2, 0.29, 0.8, 1.0]","[256, 209, 1024, 720]",,"{""0"": 250, ""1"": 58, ""2"": null, ""3"": null, ""4"": null, ""5"": null, ""6"": null, ""7"": null}","{""0"": 0.0, ""1"": 0.0, ""2"": null, ""3"": null, ""4"": null, ""5"": null, ""6"": null, ""7"": null}","{""0"": 250, ""1"": 58}",58,1,1,0,0,0.290,car-not-detected-or-stale,KEEP_PAUSED,,,,235
236,2026-08-02T03:32:40.308+09:00,24.802,235,9.48,0,DRIVING,,0,0,1,0,0,0,,,0,0,0.000000,0.000000,0,0,0.000,255,739,green,0.328,,0,unknown,0.000000,null,0.000000,0.380,"[0.2, 0.29, 0.8, 1.0]","[256, 209, 1024, 720]",,"{""0"": 250, ""1"": 58, ""2"": null, ""3"": null, ""4"": null, ""5"": null, ""6"": null, ""7"": null}","{""0"": 0.0, ""1"": 0.0, ""2"": null, ""3"": null, ""4"": null, ""5"": null, ""6"": null, ""7"": null}","{""0"": 250, ""1"": 58}",58,1,1,0,0,0.380,car-not-detected-or-stale,KEEP_PAUSED,,,,236
237,2026-08-02T03:32:40.424+09:00,24.918,236,9.36,0,DRIVING,,0,0,1,0,0,0,,,0,0,0.000000,0.000000,0,0,0.000,255,739,green,0.179,,0,unknown,0.000000,null,0.000000,0.257,"[0.2, 0.29, 0.8, 1.0]","[256, 209, 1024, 720]",,"{""0"": 250, ""1"": 58, ""2"": null, ""3"": null, ""4"": null, ""5"": null, ""6"": null, ""7"": null}","{""0"": 0.0, ""1"": 0.0, ""2"": null, ""3"": null, ""4"": null, ""5"": null, ""6"": null, ""7"": null}","{""0"": 250, ""1"": 58}",58,1,1,0,0,0.257,car-not-detected-or-stale,KEEP_PAUSED,,,,237
238,2026-08-02T03:32:40.504+09:00,24.998,237,9.40,0,DRIVING,,0,0,1,0,0,0,,,0,0,0.000000,0.000000,0,0,0.000,255,739,green,0.211,,0,unknown,0.000000,null,0.000000,0.252,"[0.2, 0.29, 0.8, 1.0]","[256, 209, 1024, 720]",,"{""0"": 250, ""1"": 58, ""2"": null, ""3"": null, ""4"": null, ""5"": null, ""6"": null, ""7"": null}","{""0"": 0.0, ""1"": 0.0, ""2"": null, ""3"": null, ""4"": null, ""5"": null, ""6"": null, ""7"": null}","{""0"": 250, ""1"": 58}",58,1,1,0,0,0.252,car-not-detected-or-stale,KEEP_PAUSED,,,,238
239,2026-08-02T03:32:40.597+09:00,25.092,238,9.58,0,DRIVING,,0,0,1,0,0,0,,,0,0,0.000000,0.000000,0,0,0.000,255,739,green,0.289,,0,unknown,0.000000,null,0.000000,0.344,"[0.2, 0.29, 0.8, 1.0]","[256, 209, 1024, 720]",,"{""0"": 250, ""1"": 59, ""2"": null, ""3"": null, ""4"": null, ""5"": null, ""6"": null, ""7"": null}","{""0"": 0.0, ""1"": 0.0, ""2"": null, ""3"": null, ""4"": null, ""5"": null, ""6"": null, ""7"": null}","{""0"": 250, ""1"": 59}",59,1,1,0,0,0.344,car-not-detected-or-stale,KEEP_PAUSED,,,,239
240,2026-08-02T03:32:40.778+09:00,25.273,239,9.27,0,DRIVING,,0,0,1,0,0,0,,,0,0,0.000000,0.000000,0,0,0.000,255,739,green,0.293,,0,unknown,0.000000,null,0.000000,0.319,"[0.2, 0.29, 0.8, 1.0]","[256, 209, 1024, 720]",,"{""0"": 250, ""1"": 58, ""2"": null, ""3"": null, ""4"": null, ""5"": null, ""6"": null, ""7"": null}","{""0"": 0.0, ""1"": 0.0, ""2"": null, ""3"": null, ""4"": null, ""5"": null, ""6"": null, ""7"": null}","{""0"": 250, ""1"": 58}",58,1,1,0,0,0.319,car-not-detected-or-stale,KEEP_PAUSED,,,,240
241,2026-08-02T03:32:40.931+09:00,25.426,240,9.08,0,DRIVING,,0,0,1,0,0,0,,,0,0,0.000000,0.000000,0,0,0.000,255,739,green,0.278,,0,unknown,0.000000,null,0.000000,0.393,"[0.2, 0.29, 0.8, 1.0]","[256, 209, 1024, 720]",,"{""0"": 250, ""1"": 58, ""2"": null, ""3"": null, ""4"": null, ""5"": null, ""6"": null, ""7"": null}","{""0"": 0.0, ""1"": 0.0, ""2"": null, ""3"": null, ""4"": null, ""5"": null, ""6"": null, ""7"": null}","{""0"": 250, ""1"": 58}",58,1,1,0,0,0.393,car-not-detected-or-stale,KEEP_PAUSED,,,,241
242,2026-08-02T03:32:41.010+09:00,25.504,241,9.33,0,DRIVING,,0,0,1,0,0,0,,,0,0,0.000000,0.000000,0,0,0.000,255,739,green,0.336,,0,unknown,0.000000,null,0.000000,0.196,"[0.2, 0.29, 0.8, 1.0]","[256, 209, 1024, 720]",,"{""0"": 250, ""1"": 58, ""2"": null, ""3"": null, ""4"": null, ""5"": null, ""6"": null, ""7"": null}","{""0"": 0.0, ""1"": 0.0, ""2"": null, ""3"": null, ""4"": null, ""5"": null, ""6"": null, ""7"": null}","{""0"": 250, ""1"": 58}",58,1,1,0,0,0.196,car-not-detected-or-stale,KEEP_PAUSED,,,,242
243,2026-08-02T03:32:41.153+09:00,25.647,242,9.14,0,DRIVING,,0,0,1,0,0,0,,,0,0,0.000000,0.000000,0,0,0.000,255,739,green,0.235,,0,unknown,0.000000,null,0.000000,0.187,"[0.2, 0.29, 0.8, 1.0]","[256, 209, 1024, 720]",,"{""0"": 250, ""1"": 58, ""2"": null, ""3"": null, ""4"": null, ""5"": null, ""6"": null, ""7"": null}","{""0"": 0.0, ""1"": 0.0, ""2"": null, ""3"": null, ""4"": null, ""5"": null, ""6"": null, ""7"": null}","{""0"": 250, ""1"": 58}",58,1,1,0,0,0.187,car-not-detected-or-stale,KEEP_PAUSED,,,,243
244,2026-08-02T03:32:41.240+09:00,25.733,243,9.16,0,DRIVING,,0,0,1,0,0,0,,,0,0,0.000000,0.000000,0,0,0.000,255,739,green,0.225,,0,unknown,0.000000,null,0.000000,0.273,"[0.2, 0.29, 0.8, 1.0]","[256, 209, 1024, 720]",,"{""0"": 250, ""1"": 58, ""2"": null, ""3"": null, ""4"": null, ""5"": null, ""6"": null, ""7"": null}","{""0"": 0.0, ""1"": 0.0, ""2"": null, ""3"": null, ""4"": null, ""5"": null, ""6"": null, ""7"": null}","{""0"": 250, ""1"": 58}",58,1,1,0,0,0.273,car-not-detected-or-stale,KEEP_PAUSED,,,,244
245,2026-08-02T03:32:41.314+09:00,25.809,244,9.34,0,DRIVING,,0,0,1,0,0,0,,,0,0,0.000000,0.000000,0,0,0.000,255,738,green,0.232,,0,unknown,0.000000,null,0.000000,0.269,"[0.2, 0.29, 0.8, 1.0]","[256, 209, 1024, 720]",,"{""0"": 250, ""1"": 58, ""2"": null, ""3"": null, ""4"": null, ""5"": null, ""6"": null, ""7"": null}","{""0"": 0.0, ""1"": 0.0, ""2"": null, ""3"": null, ""4"": null, ""5"": null, ""6"": null, ""7"": null}","{""0"": 250, ""1"": 58}",58,1,1,0,0,0.269,car-not-detected-or-stale,KEEP_PAUSED,,,,245
246,2026-08-02T03:32:41.408+09:00,25.902,245,9.29,0,DRIVING,,0,0,1,0,0,0,,,0,0,0.000000,0.000000,0,0,0.000,255,739,green,0.308,,0,unknown,0.000000,null,0.000000,0.362,"[0.2, 0.29, 0.8, 1.0]","[256, 209, 1024, 720]",,"{""0"": 250, ""1"": 58, ""2"": null, ""3"": null, ""4"": null, ""5"": null, ""6"": null, ""7"": null}","{""0"": 0.0, ""1"": 0.0, ""2"": null, ""3"": null, ""4"": null, ""5"": null, ""6"": null, ""7"": null}","{""0"": 250, ""1"": 58}",58,1,1,0,0,0.362,car-not-detected-or-stale,KEEP_PAUSED,,,,246
247,2026-08-02T03:32:41.549+09:00,26.043,246,9.19,0,DRIVING,,0,0,1,0,0,0,,,0,0,0.000000,0.000000,0,0,0.000,255,739,green,0.257,,0,unknown,0.000000,null,0.000000,0.275,"[0.2, 0.29, 0.8, 1.0]","[256, 209, 1024, 720]",,"{""0"": 250, ""1"": 58, ""2"": null, ""3"": null, ""4"": null, ""5"": null, ""6"": null, ""7"": null}","{""0"": 0.0, ""1"": 0.0, ""2"": null, ""3"": null, ""4"": null, ""5"": null, ""6"": null, ""7"": null}","{""0"": 250, ""1"": 58}",58,1,1,0,0,0.275,car-not-detected-or-stale,KEEP_PAUSED,,,,247
248,2026-08-02T03:32:41.629+09:00,26.123,247,9.32,0,DRIVING,,0,0,1,0,0,0,,,0,0,0.000000,0.000000,0,0,0.000,255,739,green,0.237,,0,unknown,0.000000,null,0.000000,0.278,"[0.2, 0.29, 0.8, 1.0]","[256, 209, 1024, 720]",,"{""0"": 250, ""1"": 58, ""2"": null, ""3"": null, ""4"": null, ""5"": null, ""6"": null, ""7"": null}","{""0"": 0.0, ""1"": 0.0, ""2"": null, ""3"": null, ""4"": null, ""5"": null, ""6"": null, ""7"": null}","{""0"": 250, ""1"": 58}",58,1,1,0,0,0.278,car-not-detected-or-stale,KEEP_PAUSED,,,,248
249,2026-08-02T03:32:41.719+09:00,26.213,248,9.29,0,DRIVING,,0,0,1,0,0,0,,,0,0,0.000000,0.000000,0,0,0.000,255,739,green,0.225,,0,unknown,0.000000,null,0.000000,0.134,"[0.2, 0.29, 0.8, 1.0]","[256, 209, 1024, 720]",,"{""0"": 250, ""1"": 58, ""2"": null, ""3"": null, ""4"": null, ""5"": null, ""6"": null, ""7"": null}","{""0"": 0.0, ""1"": 0.0, ""2"": null, ""3"": null, ""4"": null, ""5"": null, ""6"": null, ""7"": null}","{""0"": 250, ""1"": 58}",58,1,1,0,0,0.134,car-not-detected-or-stale,KEEP_PAUSED,,,,249
250,2026-08-02T03:32:41.865+09:00,26.359,249,9.11,0,DRIVING,,0,0,1,0,0,0,,,0,0,0.000000,0.000000,0,0,0.000,255,738,green,0.314,,0,unknown,0.000000,null,0.000000,0.280,"[0.2, 0.29, 0.8, 1.0]","[256, 209, 1024, 720]",,"{""0"": 250, ""1"": 58, ""2"": null, ""3"": null, ""4"": null, ""5"": null, ""6"": null, ""7"": null}","{""0"": 0.0, ""1"": 0.0, ""2"": null, ""3"": null, ""4"": null, ""5"": null, ""6"": null, ""7"": null}","{""0"": 250, ""1"": 58}",58,1,1,0,0,0.280,car-not-detected-or-stale,KEEP_PAUSED,,,,250
251,2026-08-02T03:32:41.944+09:00,26.439,250,9.20,0,DRIVING,,0,0,1,0,0,0,,,0,0,0.000000,0.000000,0,0,0.000,255,738,green,0.150,,0,unknown,0.000000,null,0.000000,0.281,"[0.2, 0.29, 0.8, 1.0]","[256, 209, 1024, 720]",,"{""0"": 250, ""1"": 58, ""2"": null, ""3"": null, ""4"": null, ""5"": null, ""6"": null, ""7"": null}","{""0"": 0.0, ""1"": 0.0, ""2"": null, ""3"": null, ""4"": null, ""5"": null, ""6"": null, ""7"": null}","{""0"": 250, ""1"": 58}",58,1,1,0,0,0.281,car-not-detected-or-stale,KEEP_PAUSED,,,,251
252,2026-08-02T03:32:42.069+09:00,26.562,251,9.13,0,DRIVING,,0,0,1,0,0,0,,,0,0,0.000000,0.000000,0,0,0.000,255,738,green,0.229,,0,unknown,0.000000,null,0.000000,0.169,"[0.2, 0.29, 0.8, 1.0]","[256, 209, 1024, 720]",,"{""0"": 250, ""1"": 58, ""2"": null, ""3"": null, ""4"": null, ""5"": null, ""6"": null, ""7"": null}","{""0"": 0.0, ""1"": 0.0, ""2"": null, ""3"": null, ""4"": null, ""5"": null, ""6"": null, ""7"": null}","{""0"": 250, ""1"": 58}",58,1,1,0,0,0.169,car-not-detected-or-stale,KEEP_PAUSED,,,,252
253,2026-08-02T03:32:42.204+09:00,26.696,252,9.01,0,DRIVING,,0,0,1,0,0,0,,,0,0,0.000000,0.000000,0,0,0.000,255,738,green,0.207,,0,unknown,0.000000,null,0.000000,0.303,"[0.2, 0.29, 0.8, 1.0]","[256, 209, 1024, 720]",,"{""0"": 250, ""1"": 58, ""2"": null, ""3"": null, ""4"": null, ""5"": null, ""6"": null, ""7"": null}","{""0"": 0.0, ""1"": 0.0, ""2"": null, ""3"": null, ""4"": null, ""5"": null, ""6"": null, ""7"": null}","{""0"": 250, ""1"": 58}",58,1,1,0,0,0.303,car-not-detected-or-stale,KEEP_PAUSED,,,,253
254,2026-08-02T03:32:42.282+09:00,26.776,253,9.04,0,DRIVING,,0,0,1,0,0,0,,,0,0,0.000000,0.000000,0,0,0.000,255,738,green,0.262,,0,unknown,0.000000,null,0.000000,0.302,"[0.2, 0.29, 0.8, 1.0]","[256, 209, 1024, 720]",,"{""0"": 250, ""1"": 58, ""2"": null, ""3"": null, ""4"": null, ""5"": null, ""6"": null, ""7"": null}","{""0"": 0.0, ""1"": 0.0, ""2"": null, ""3"": null, ""4"": null, ""5"": null, ""6"": null, ""7"": null}","{""0"": 250, ""1"": 58}",58,1,1,0,0,0.302,car-not-detected-or-stale,KEEP_PAUSED,,,,254
255,2026-08-02T03:32:42.383+09:00,26.877,254,9.13,0,DRIVING,,0,0,1,0,0,0,,,0,0,0.000000,0.000000,0,0,0.000,255,738,green,0.230,,0,unknown,0.000000,null,0.000000,0.280,"[0.2, 0.29, 0.8, 1.0]","[256, 209, 1024, 720]",,"{""0"": 250, ""1"": 58, ""2"": null, ""3"": null, ""4"": null, ""5"": null, ""6"": null, ""7"": null}","{""0"": 0.0, ""1"": 0.0, ""2"": null, ""3"": null, ""4"": null, ""5"": null, ""6"": null, ""7"": null}","{""0"": 250, ""1"": 58}",58,1,1,0,0,0.280,car-not-detected-or-stale,KEEP_PAUSED,,,,255
256,2026-08-02T03:32:42.510+09:00,27.004,255,9.29,0,DRIVING,,0,0,1,0,0,0,,,0,0,0.000000,0.000000,0,0,0.000,255,738,green,0.191,,0,unknown,0.000000,null,0.000000,0.407,"[0.2, 0.29, 0.8, 1.0]","[256, 209, 1024, 720]",,"{""0"": 250, ""1"": 59, ""2"": null, ""3"": null, ""4"": null, ""5"": null, ""6"": null, ""7"": null}","{""0"": 0.0, ""1"": 0.0, ""2"": null, ""3"": null, ""4"": null, ""5"": null, ""6"": null, ""7"": null}","{""0"": 250, ""1"": 59}",59,1,1,0,0,0.407,car-not-detected-or-stale,KEEP_PAUSED,,,,256
257,2026-08-02T03:32:42.588+09:00,27.082,256,9.37,0,DRIVING,,0,0,1,0,0,0,,,0,0,0.000000,0.000000,0,0,0.000,255,739,green,0.219,,0,unknown,0.000000,null,0.000000,0.259,"[0.2, 0.29, 0.8, 1.0]","[256, 209, 1024, 720]",,"{""0"": 250, ""1"": 58, ""2"": null, ""3"": null, ""4"": null, ""5"": null, ""6"": null, ""7"": null}","{""0"": 0.0, ""1"": 0.0, ""2"": null, ""3"": null, ""4"": null, ""5"": null, ""6"": null, ""7"": null}","{""0"": 250, ""1"": 58}",58,1,1,0,0,0.259,car-not-detected-or-stale,KEEP_PAUSED,,,,257
258,2026-08-02T03:32:42.681+09:00,27.176,257,9.33,0,DRIVING,,0,0,1,0,0,0,,,0,0,0.000000,0.000000,0,0,0.000,255,740,green,0.306,,0,unknown,0.000000,null,0.000000,0.255,"[0.2, 0.29, 0.8, 1.0]","[256, 209, 1024, 720]",,"{""0"": 250, ""1"": 58, ""2"": null, ""3"": null, ""4"": null, ""5"": null, ""6"": null, ""7"": null}","{""0"": 0.0, ""1"": 0.0, ""2"": null, ""3"": null, ""4"": null, ""5"": null, ""6"": null, ""7"": null}","{""0"": 250, ""1"": 58}",58,1,1,0,0,0.255,car-not-detected-or-stale,KEEP_PAUSED,,,,258
259,2026-08-02T03:32:42.850+09:00,27.345,258,9.23,0,DRIVING,,0,0,1,0,0,0,,,0,0,0.000000,0.000000,0,0,0.000,255,739,green,0.306,,0,unknown,0.000000,null,0.000000,0.219,"[0.2, 0.29, 0.8, 1.0]","[256, 209, 1024, 720]",,"{""0"": 250, ""1"": 58, ""2"": null, ""3"": null, ""4"": null, ""5"": null, ""6"": null, ""7"": null}","{""0"": 0.0, ""1"": 0.0, ""2"": null, ""3"": null, ""4"": null, ""5"": null, ""6"": null, ""7"": null}","{""0"": 250, ""1"": 58}",58,1,1,0,0,0.219,car-not-detected-or-stale,KEEP_PAUSED,,,,259
260,2026-08-02T03:32:42.963+09:00,27.458,259,9.15,0,DRIVING,,0,0,1,0,0,0,,,0,0,0.000000,0.000000,0,0,0.000,255,740,green,0.256,,0,unknown,0.000000,null,0.000000,0.331,"[0.2, 0.29, 0.8, 1.0]","[256, 209, 1024, 720]",,"{""0"": 250, ""1"": 58, ""2"": null, ""3"": null, ""4"": null, ""5"": null, ""6"": null, ""7"": null}","{""0"": 0.0, ""1"": 0.0, ""2"": null, ""3"": null, ""4"": null, ""5"": null, ""6"": null, ""7"": null}","{""0"": 250, ""1"": 58}",58,1,1,0,0,0.331,car-not-detected-or-stale,KEEP_PAUSED,,,,260
261,2026-08-02T03:32:43.043+09:00,27.537,260,9.15,0,DRIVING,,0,0,1,0,0,0,,,0,0,0.000000,0.000000,0,0,0.000,255,740,green,0.273,,0,unknown,0.000000,null,0.000000,0.313,"[0.2, 0.29, 0.8, 1.0]","[256, 209, 1024, 720]",,"{""0"": 250, ""1"": 58, ""2"": null, ""3"": null, ""4"": null, ""5"": null, ""6"": null, ""7"": null}","{""0"": 0.0, ""1"": 0.0, ""2"": null, ""3"": null, ""4"": null, ""5"": null, ""6"": null, ""7"": null}","{""0"": 250, ""1"": 58}",58,1,1,0,0,0.313,car-not-detected-or-stale,KEEP_PAUSED,,,,261
262,2026-08-02T03:32:43.129+09:00,27.624,261,9.23,0,DRIVING,,0,0,1,0,0,0,,,0,0,0.000000,0.000000,0,0,0.000,255,739,green,0.196,,0,unknown,0.000000,null,0.000000,0.246,"[0.2, 0.29, 0.8, 1.0]","[256, 209, 1024, 720]",,"{""0"": 250, ""1"": 58, ""2"": null, ""3"": null, ""4"": null, ""5"": null, ""6"": null, ""7"": null}","{""0"": 0.0, ""1"": 0.0, ""2"": null, ""3"": null, ""4"": null, ""5"": null, ""6"": null, ""7"": null}","{""0"": 250, ""1"": 58}",58,1,1,0,0,0.246,car-not-detected-or-stale,KEEP_PAUSED,,,,262
263,2026-08-02T03:32:43.274+09:00,27.768,262,9.11,0,DRIVING,,0,0,1,0,0,0,,,0,0,0.000000,0.000000,0,0,0.000,255,739,green,0.283,,0,unknown,0.000000,null,0.000000,0.390,"[0.2, 0.29, 0.8, 1.0]","[256, 209, 1024, 720]",,"{""0"": 250, ""1"": 58, ""2"": null, ""3"": null, ""4"": null, ""5"": null, ""6"": null, ""7"": null}","{""0"": 0.0, ""1"": 0.0, ""2"": null, ""3"": null, ""4"": null, ""5"": null, ""6"": null, ""7"": null}","{""0"": 250, ""1"": 58}",58,1,1,0,0,0.390,car-not-detected-or-stale,KEEP_PAUSED,,,,263
264,2026-08-02T03:32:43.355+09:00,27.849,263,9.31,0,DRIVING,,0,0,1,0,0,0,,,0,0,0.000000,0.000000,0,0,0.000,255,739,green,0.314,,0,unknown,0.000000,null,0.000000,0.279,"[0.2, 0.29, 0.8, 1.0]","[256, 209, 1024, 720]",,"{""0"": 250, ""1"": 58, ""2"": null, ""3"": null, ""4"": null, ""5"": null, ""6"": null, ""7"": null}","{""0"": 0.0, ""1"": 0.0, ""2"": null, ""3"": null, ""4"": null, ""5"": null, ""6"": null, ""7"": null}","{""0"": 250, ""1"": 58}",58,1,1,0,0,0.279,car-not-detected-or-stale,KEEP_PAUSED,,,,264
265,2026-08-02T03:32:43.443+09:00,27.937,264,9.30,0,DRIVING,,0,0,1,0,0,0,,,0,0,0.000000,0.000000,0,0,0.000,255,739,green,0.229,,0,unknown,0.000000,null,0.000000,0.279,"[0.2, 0.29, 0.8, 1.0]","[256, 209, 1024, 720]",,"{""0"": 250, ""1"": 58, ""2"": null, ""3"": null, ""4"": null, ""5"": null, ""6"": null, ""7"": null}","{""0"": 0.0, ""1"": 0.0, ""2"": null, ""3"": null, ""4"": null, ""5"": null, ""6"": null, ""7"": null}","{""0"": 250, ""1"": 58}",58,1,1,0,0,0.279,car-not-detected-or-stale,KEEP_PAUSED,,,,265
266,2026-08-02T03:32:43.532+09:00,28.026,265,9.30,0,DRIVING,,0,0,1,0,0,0,,,0,0,0.000000,0.000000,0,0,0.000,255,739,green,0.173,,0,unknown,0.000000,null,0.000000,0.368,"[0.2, 0.29, 0.8, 1.0]","[256, 209, 1024, 720]",,"{""0"": 250, ""1"": 58, ""2"": null, ""3"": null, ""4"": null, ""5"": null, ""6"": null, ""7"": null}","{""0"": 0.0, ""1"": 0.0, ""2"": null, ""3"": null, ""4"": null, ""5"": null, ""6"": null, ""7"": null}","{""0"": 250, ""1"": 58}",58,1,1,0,0,0.368,car-not-detected-or-stale,KEEP_PAUSED,,,,266
267,2026-08-02T03:32:43.653+09:00,28.147,266,9.29,0,DRIVING,,0,0,1,0,0,0,,,0,0,0.000000,0.000000,0,0,0.000,255,738,green,0.180,,0,unknown,0.000000,null,0.000000,0.262,"[0.2, 0.29, 0.8, 1.0]","[256, 209, 1024, 720]",,"{""0"": 250, ""1"": 58, ""2"": null, ""3"": null, ""4"": null, ""5"": null, ""6"": null, ""7"": null}","{""0"": 0.0, ""1"": 0.0, ""2"": null, ""3"": null, ""4"": null, ""5"": null, ""6"": null, ""7"": null}","{""0"": 250, ""1"": 58}",58,1,1,0,0,0.262,car-not-detected-or-stale,KEEP_PAUSED,,,,267
268,2026-08-02T03:32:43.735+09:00,28.228,267,9.29,0,DRIVING,,0,0,1,0,0,0,,,0,0,0.000000,0.000000,0,0,0.000,255,739,green,0.212,,0,unknown,0.000000,null,0.000000,0.256,"[0.2, 0.29, 0.8, 1.0]","[256, 209, 1024, 720]",,"{""0"": 250, ""1"": 58, ""2"": null, ""3"": null, ""4"": null, ""5"": null, ""6"": null, ""7"": null}","{""0"": 0.0, ""1"": 0.0, ""2"": null, ""3"": null, ""4"": null, ""5"": null, ""6"": null, ""7"": null}","{""0"": 250, ""1"": 58}",58,1,1,0,0,0.256,car-not-detected-or-stale,KEEP_PAUSED,,,,268
269,2026-08-02T03:32:43.854+09:00,28.348,268,9.21,0,DRIVING,,0,0,1,0,0,0,,,0,0,0.000000,0.000000,0,0,0.000,255,739,green,0.295,,0,unknown,0.000000,null,0.000000,0.375,"[0.2, 0.29, 0.8, 1.0]","[256, 209, 1024, 720]",,"{""0"": 250, ""1"": 58, ""2"": null, ""3"": null, ""4"": null, ""5"": null, ""6"": null, ""7"": null}","{""0"": 0.0, ""1"": 0.0, ""2"": null, ""3"": null, ""4"": null, ""5"": null, ""6"": null, ""7"": null}","{""0"": 250, ""1"": 58}",58,1,1,0,0,0.375,car-not-detected-or-stale,KEEP_PAUSED,,,,269
270,2026-08-02T03:32:43.937+09:00,28.431,269,9.50,0,DRIVING,,0,0,1,0,0,0,,,0,0,0.000000,0.000000,0,0,0.000,255,739,green,0.323,,0,unknown,0.000000,null,0.000000,0.250,"[0.2, 0.29, 0.8, 1.0]","[256, 209, 1024, 720]",,"{""0"": 250, ""1"": 58, ""2"": null, ""3"": null, ""4"": null, ""5"": null, ""6"": null, ""7"": null}","{""0"": 0.0, ""1"": 0.0, ""2"": null, ""3"": null, ""4"": null, ""5"": null, ""6"": null, ""7"": null}","{""0"": 250, ""1"": 58}",58,1,1,0,0,0.250,car-not-detected-or-stale,KEEP_PAUSED,,,,270
271,2026-08-02T03:32:44.022+09:00,28.515,270,9.71,0,DRIVING,,0,0,1,0,0,0,,,0,0,0.000000,0.000000,0,0,0.000,255,739,green,0.206,,0,unknown,0.000000,null,0.000000,0.252,"[0.2, 0.29, 0.8, 1.0]","[256, 209, 1024, 720]",,"{""0"": 250, ""1"": 58, ""2"": null, ""3"": null, ""4"": null, ""5"": null, ""6"": null, ""7"": null}","{""0"": 0.0, ""1"": 0.0, ""2"": null, ""3"": null, ""4"": null, ""5"": null, ""6"": null, ""7"": null}","{""0"": 250, ""1"": 58}",58,1,1,0,0,0.252,car-not-detected-or-stale,KEEP_PAUSED,,,,271
272,2026-08-02T03:32:44.210+09:00,28.705,271,9.37,0,DRIVING,,0,0,1,0,0,0,,,0,0,0.000000,0.000000,0,0,0.000,255,739,green,0.172,,0,unknown,0.000000,null,0.000000,0.441,"[0.2, 0.29, 0.8, 1.0]","[256, 209, 1024, 720]",,"{""0"": 250, ""1"": 58, ""2"": null, ""3"": null, ""4"": null, ""5"": null, ""6"": null, ""7"": null}","{""0"": 0.0, ""1"": 0.0, ""2"": null, ""3"": null, ""4"": null, ""5"": null, ""6"": null, ""7"": null}","{""0"": 250, ""1"": 58}",58,1,1,0,0,0.441,car-not-detected-or-stale,KEEP_PAUSED,,,,272
273,2026-08-02T03:32:44.315+09:00,28.809,272,9.48,0,DRIVING,,0,0,1,0,0,0,,,0,0,0.000000,0.000000,0,0,0.000,255,739,green,0.276,,0,unknown,0.000000,null,0.000000,0.342,"[0.2, 0.29, 0.8, 1.0]","[256, 209, 1024, 720]",,"{""0"": 250, ""1"": 58, ""2"": null, ""3"": null, ""4"": null, ""5"": null, ""6"": null, ""7"": null}","{""0"": 0.0, ""1"": 0.0, ""2"": null, ""3"": null, ""4"": null, ""5"": null, ""6"": null, ""7"": null}","{""0"": 250, ""1"": 58}",58,1,1,0,0,0.342,car-not-detected-or-stale,KEEP_PAUSED,,,,273
274,2026-08-02T03:32:44.399+09:00,28.893,273,9.49,0,DRIVING,,0,0,1,0,0,0,,,0,0,0.000000,0.000000,0,0,0.000,255,739,green,0.383,,0,unknown,0.000000,null,0.000000,0.342,"[0.2, 0.29, 0.8, 1.0]","[256, 209, 1024, 720]",,"{""0"": 250, ""1"": 58, ""2"": null, ""3"": null, ""4"": null, ""5"": null, ""6"": null, ""7"": null}","{""0"": 0.0, ""1"": 0.0, ""2"": null, ""3"": null, ""4"": null, ""5"": null, ""6"": null, ""7"": null}","{""0"": 250, ""1"": 58}",58,1,1,0,0,0.342,car-not-detected-or-stale,KEEP_PAUSED,,,,274
275,2026-08-02T03:32:44.554+09:00,29.048,274,9.26,0,DRIVING,,0,0,1,0,0,0,,,0,0,0.000000,0.000000,0,0,0.000,255,739,green,0.381,,0,unknown,0.000000,null,0.000000,0.497,"[0.2, 0.29, 0.8, 1.0]","[256, 209, 1024, 720]",,"{""0"": 250, ""1"": 58, ""2"": null, ""3"": null, ""4"": null, ""5"": null, ""6"": null, ""7"": null}","{""0"": 0.0, ""1"": 0.0, ""2"": null, ""3"": null, ""4"": null, ""5"": null, ""6"": null, ""7"": null}","{""0"": 250, ""1"": 58}",58,1,1,0,0,0.497,car-not-detected-or-stale,KEEP_PAUSED,,,,275
276,2026-08-02T03:32:44.640+09:00,29.134,275,9.28,0,DRIVING,,0,0,1,0,0,0,,,0,0,0.000000,0.000000,0,0,0.000,255,739,green,0.242,,0,unknown,0.000000,null,0.000000,0.289,"[0.2, 0.29, 0.8, 1.0]","[256, 209, 1024, 720]",,"{""0"": 250, ""1"": 58, ""2"": null, ""3"": null, ""4"": null, ""5"": null, ""6"": null, ""7"": null}","{""0"": 0.0, ""1"": 0.0, ""2"": null, ""3"": null, ""4"": null, ""5"": null, ""6"": null, ""7"": null}","{""0"": 250, ""1"": 58}",58,1,1,0,0,0.289,car-not-detected-or-stale,KEEP_PAUSED,,,,276
277,2026-08-02T03:32:44.727+09:00,29.220,276,9.44,0,DRIVING,,0,0,1,0,0,0,,,0,0,0.000000,0.000000,0,0,0.000,255,739,green,0.243,,0,unknown,0.000000,null,0.000000,0.291,"[0.2, 0.29, 0.8, 1.0]","[256, 209, 1024, 720]",,"{""0"": 250, ""1"": 58, ""2"": null, ""3"": null, ""4"": null, ""5"": null, ""6"": null, ""7"": null}","{""0"": 0.0, ""1"": 0.0, ""2"": null, ""3"": null, ""4"": null, ""5"": null, ""6"": null, ""7"": null}","{""0"": 250, ""1"": 58}",58,1,1,0,0,0.291,car-not-detected-or-stale,KEEP_PAUSED,,,,277
278,2026-08-02T03:32:44.864+09:00,29.359,277,9.27,0,DRIVING,,0,0,1,0,0,0,,,0,0,0.000000,0.000000,0,0,0.000,255,739,green,0.176,,0,unknown,0.000000,null,0.000000,0.429,"[0.2, 0.29, 0.8, 1.0]","[256, 209, 1024, 720]",,"{""0"": 250, ""1"": 58, ""2"": null, ""3"": null, ""4"": null, ""5"": null, ""6"": null, ""7"": null}","{""0"": 0.0, ""1"": 0.0, ""2"": null, ""3"": null, ""4"": null, ""5"": null, ""6"": null, ""7"": null}","{""0"": 250, ""1"": 58}",58,1,1,0,0,0.429,car-not-detected-or-stale,KEEP_PAUSED,,,,278
279,2026-08-02T03:32:44.947+09:00,29.441,278,9.29,0,DRIVING,,0,0,1,0,0,0,,,0,0,0.000000,0.000000,0,0,0.000,255,739,green,0.226,,0,unknown,0.000000,null,0.000000,0.270,"[0.2, 0.29, 0.8, 1.0]","[256, 209, 1024, 720]",,"{""0"": 250, ""1"": 58, ""2"": null, ""3"": null, ""4"": null, ""5"": null, ""6"": null, ""7"": null}","{""0"": 0.0, ""1"": 0.0, ""2"": null, ""3"": null, ""4"": null, ""5"": null, ""6"": null, ""7"": null}","{""0"": 250, ""1"": 58}",58,1,1,0,0,0.270,car-not-detected-or-stale,KEEP_PAUSED,,,,279
280,2026-08-02T03:32:45.027+09:00,29.521,279,9.48,0,DRIVING,,0,0,1,0,0,0,,,0,0,0.000000,0.000000,0,0,0.000,255,739,green,0.310,,0,unknown,0.000000,null,0.000000,0.265,"[0.2, 0.29, 0.8, 1.0]","[256, 209, 1024, 720]",,"{""0"": 250, ""1"": 58, ""2"": null, ""3"": null, ""4"": null, ""5"": null, ""6"": null, ""7"": null}","{""0"": 0.0, ""1"": 0.0, ""2"": null, ""3"": null, ""4"": null, ""5"": null, ""6"": null, ""7"": null}","{""0"": 250, ""1"": 58}",58,1,1,0,0,0.265,car-not-detected-or-stale,KEEP_PAUSED,,,,280
281,2026-08-02T03:32:45.133+09:00,29.627,280,9.41,0,DRIVING,,0,0,1,0,0,0,,,0,0,0.000000,0.000000,0,0,0.000,255,739,green,0.303,,0,unknown,0.000000,null,0.000000,0.372,"[0.2, 0.29, 0.8, 1.0]","[256, 209, 1024, 720]",,"{""0"": 250, ""1"": 58, ""2"": null, ""3"": null, ""4"": null, ""5"": null, ""6"": null, ""7"": null}","{""0"": 0.0, ""1"": 0.0, ""2"": null, ""3"": null, ""4"": null, ""5"": null, ""6"": null, ""7"": null}","{""0"": 250, ""1"": 58}",58,1,1,0,0,0.372,car-not-detected-or-stale,KEEP_PAUSED,,,,281
282,2026-08-02T03:32:45.219+09:00,29.714,281,9.52,0,DRIVING,,0,0,1,0,0,0,,,0,0,0.000000,0.000000,0,0,0.000,255,739,green,0.190,,0,unknown,0.000000,null,0.000000,0.238,"[0.2, 0.29, 0.8, 1.0]","[256, 209, 1024, 720]",,"{""0"": 250, ""1"": 58, ""2"": null, ""3"": null, ""4"": null, ""5"": null, ""6"": null, ""7"": null}","{""0"": 0.0, ""1"": 0.0, ""2"": null, ""3"": null, ""4"": null, ""5"": null, ""6"": null, ""7"": null}","{""0"": 250, ""1"": 58}",58,1,1,0,0,0.238,car-not-detected-or-stale,KEEP_PAUSED,,,,282
283,2026-08-02T03:32:45.299+09:00,29.793,282,9.69,0,DRIVING,,0,0,1,0,0,0,,,0,0,0.000000,0.000000,0,0,0.000,255,739,green,0.197,,0,unknown,0.000000,null,0.000000,0.237,"[0.2, 0.29, 0.8, 1.0]","[256, 209, 1024, 720]",,"{""0"": 250, ""1"": 58, ""2"": null, ""3"": null, ""4"": null, ""5"": null, ""6"": null, ""7"": null}","{""0"": 0.0, ""1"": 0.0, ""2"": null, ""3"": null, ""4"": null, ""5"": null, ""6"": null, ""7"": null}","{""0"": 250, ""1"": 58}",58,1,1,0,0,0.237,car-not-detected-or-stale,KEEP_PAUSED,,,,283
284,2026-08-02T03:32:45.394+09:00,29.889,283,9.64,0,DRIVING,,0,0,1,0,0,0,,,0,0,0.000000,0.000000,0,0,0.000,255,739,green,0.276,,0,unknown,0.000000,null,0.000000,0.331,"[0.2, 0.29, 0.8, 1.0]","[256, 209, 1024, 720]",,"{""0"": 250, ""1"": 58, ""2"": null, ""3"": null, ""4"": null, ""5"": null, ""6"": null, ""7"": null}","{""0"": 0.0, ""1"": 0.0, ""2"": null, ""3"": null, ""4"": null, ""5"": null, ""6"": null, ""7"": null}","{""0"": 250, ""1"": 58}",58,1,1,0,0,0.331,car-not-detected-or-stale,KEEP_PAUSED,,,,284
285,2026-08-02T03:32:45.519+09:00,30.014,284,9.56,0,DRIVING,,0,0,1,0,0,0,,,0,0,0.000000,0.000000,0,0,0.000,255,739,green,0.264,,0,unknown,0.000000,null,0.000000,0.264,"[0.2, 0.29, 0.8, 1.0]","[256, 209, 1024, 720]",,"{""0"": 250, ""1"": 58, ""2"": null, ""3"": null, ""4"": null, ""5"": null, ""6"": null, ""7"": null}","{""0"": 0.0, ""1"": 0.0, ""2"": null, ""3"": null, ""4"": null, ""5"": null, ""6"": null, ""7"": null}","{""0"": 250, ""1"": 58}",58,1,1,0,0,0.264,car-not-detected-or-stale,KEEP_PAUSED,,,,285
286,2026-08-02T03:32:45.597+09:00,30.090,285,9.72,0,DRIVING,,0,0,1,0,0,0,,,0,0,0.000000,0.000000,0,0,0.000,255,739,green,0.224,,0,unknown,0.000000,null,0.000000,0.261,"[0.2, 0.29, 0.8, 1.0]","[256, 209, 1024, 720]",,"{""0"": 250, ""1"": 58, ""2"": null, ""3"": null, ""4"": null, ""5"": null, ""6"": null, ""7"": null}","{""0"": 0.0, ""1"": 0.0, ""2"": null, ""3"": null, ""4"": null, ""5"": null, ""6"": null, ""7"": null}","{""0"": 250, ""1"": 58}",58,1,1,0,0,0.261,car-not-detected-or-stale,KEEP_PAUSED,,,,286
287,2026-08-02T03:32:45.681+09:00,30.176,286,9.69,0,DRIVING,,0,0,1,0,0,0,,,0,0,0.000000,0.000000,0,0,0.000,255,739,green,0.205,,0,unknown,0.000000,null,0.000000,0.253,"[0.2, 0.29, 0.8, 1.0]","[256, 209, 1024, 720]",,"{""0"": 250, ""1"": 58, ""2"": null, ""3"": null, ""4"": null, ""5"": null, ""6"": null, ""7"": null}","{""0"": 0.0, ""1"": 0.0, ""2"": null, ""3"": null, ""4"": null, ""5"": null, ""6"": null, ""7"": null}","{""0"": 250, ""1"": 58}",58,1,1,0,0,0.253,car-not-detected-or-stale,KEEP_PAUSED,,,,287
288,2026-08-02T03:32:45.835+09:00,30.320,287,9.54,0,DRIVING,,0,0,1,0,0,0,,,0,0,0.000000,0.000000,0,0,0.000,255,739,green,0.297,,0,unknown,0.000000,null,0.000000,0.398,"[0.2, 0.29, 0.8, 1.0]","[256, 209, 1024, 720]",,"{""0"": 250, ""1"": 58, ""2"": null, ""3"": null, ""4"": null, ""5"": null, ""6"": null, ""7"": null}","{""0"": 0.0, ""1"": 0.0, ""2"": null, ""3"": null, ""4"": null, ""5"": null, ""6"": null, ""7"": null}","{""0"": 250, ""1"": 58}",58,1,1,0,0,0.398,car-not-detected-or-stale,KEEP_PAUSED,,,,288
289,2026-08-02T03:32:45.958+09:00,30.453,288,9.66,0,DRIVING,,0,0,1,0,0,0,,,0,0,0.000000,0.000000,0,0,0.000,255,739,green,0.318,,0,unknown,0.000000,null,0.000000,0.327,"[0.2, 0.29, 0.8, 1.0]","[256, 209, 1024, 720]",,"{""0"": 250, ""1"": 58, ""2"": null, ""3"": null, ""4"": null, ""5"": null, ""6"": null, ""7"": null}","{""0"": 0.0, ""1"": 0.0, ""2"": null, ""3"": null, ""4"": null, ""5"": null, ""6"": null, ""7"": null}","{""0"": 250, ""1"": 58}",58,1,1,0,0,0.327,car-not-detected-or-stale,KEEP_PAUSED,,,,289
290,2026-08-02T03:32:46.082+09:00,30.577,289,9.62,0,DRIVING,,0,0,1,0,0,0,,,0,0,0.000000,0.000000,0,0,0.000,255,739,green,0.275,,0,unknown,0.000000,null,0.000000,0.361,"[0.2, 0.29, 0.8, 1.0]","[256, 209, 1024, 720]",,"{""0"": 250, ""1"": 58, ""2"": null, ""3"": null, ""4"": null, ""5"": null, ""6"": null, ""7"": null}","{""0"": 0.0, ""1"": 0.0, ""2"": null, ""3"": null, ""4"": null, ""5"": null, ""6"": null, ""7"": null}","{""0"": 250, ""1"": 58}",58,1,1,0,0,0.361,car-not-detected-or-stale,KEEP_PAUSED,,,,290
291,2026-08-02T03:32:46.167+09:00,30.660,290,9.60,0,DRIVING,,0,0,1,0,0,0,,,0,0,0.000000,0.000000,0,0,0.000,255,739,green,0.251,,0,unknown,0.000000,null,0.000000,0.173,"[0.2, 0.29, 0.8, 1.0]","[256, 209, 1024, 720]",,"{""0"": 250, ""1"": 61, ""2"": null, ""3"": null, ""4"": null, ""5"": null, ""6"": null, ""7"": null}","{""0"": 0.0, ""1"": 0.0, ""2"": null, ""3"": null, ""4"": null, ""5"": null, ""6"": null, ""7"": null}","{""0"": 250, ""1"": 61}",61,1,1,0,0,0.173,car-not-detected-or-stale,KEEP_PAUSED,,,,291
292,2026-08-02T03:32:46.259+09:00,30.754,291,9.58,0,DRIVING,,0,0,1,0,0,0,,,0,0,0.000000,0.000000,0,0,0.000,255,739,green,0.335,,0,unknown,0.000000,null,0.000000,0.267,"[0.2, 0.29, 0.8, 1.0]","[256, 209, 1024, 720]",,"{""0"": 250, ""1"": 58, ""2"": null, ""3"": null, ""4"": null, ""5"": null, ""6"": null, ""7"": null}","{""0"": 0.0, ""1"": 0.0, ""2"": null, ""3"": null, ""4"": null, ""5"": null, ""6"": null, ""7"": null}","{""0"": 250, ""1"": 58}",58,1,1,0,0,0.267,car-not-detected-or-stale,KEEP_PAUSED,,,,292
293,2026-08-02T03:32:46.361+09:00,30.855,292,9.72,0,DRIVING,,0,0,1,0,0,0,,,0,0,0.000000,0.000000,0,0,0.000,255,739,green,0.305,,0,unknown,0.000000,null,0.000000,0.242,"[0.2, 0.29, 0.8, 1.0]","[256, 209, 1024, 720]",,"{""0"": 250, ""1"": 58, ""2"": null, ""3"": null, ""4"": null, ""5"": null, ""6"": null, ""7"": null}","{""0"": 0.0, ""1"": 0.0, ""2"": null, ""3"": null, ""4"": null, ""5"": null, ""6"": null, ""7"": null}","{""0"": 250, ""1"": 58}",58,1,1,0,0,0.242,car-not-detected-or-stale,KEEP_PAUSED,,,,293
294,2026-08-02T03:32:46.528+09:00,31.021,293,9.46,0,DRIVING,,0,0,1,0,0,0,,,0,0,0.000000,0.000000,0,0,0.000,255,739,green,0.197,,0,unknown,0.000000,null,0.000000,0.325,"[0.2, 0.29, 0.8, 1.0]","[256, 209, 1024, 720]",,"{""0"": 250, ""1"": 58, ""2"": null, ""3"": null, ""4"": null, ""5"": null, ""6"": null, ""7"": null}","{""0"": 0.0, ""1"": 0.0, ""2"": null, ""3"": null, ""4"": null, ""5"": null, ""6"": null, ""7"": null}","{""0"": 250, ""1"": 58}",58,1,1,0,0,0.325,car-not-detected-or-stale,KEEP_PAUSED,,,,294
295,2026-08-02T03:32:46.608+09:00,31.102,294,9.48,0,DRIVING,,0,0,1,0,0,0,,,0,0,0.000000,0.000000,0,0,0.000,255,739,green,0.271,,0,unknown,0.000000,null,0.000000,0.211,"[0.2, 0.29, 0.8, 1.0]","[256, 209, 1024, 720]",,"{""0"": 250, ""1"": 58, ""2"": null, ""3"": null, ""4"": null, ""5"": null, ""6"": null, ""7"": null}","{""0"": 0.0, ""1"": 0.0, ""2"": null, ""3"": null, ""4"": null, ""5"": null, ""6"": null, ""7"": null}","{""0"": 250, ""1"": 58}",58,1,1,0,0,0.211,car-not-detected-or-stale,KEEP_PAUSED,,,,295
296,2026-08-02T03:32:46.699+09:00,31.194,295,9.48,0,DRIVING,,0,0,1,0,0,0,,,0,0,0.000000,0.000000,0,0,0.000,255,738,green,0.250,,0,unknown,0.000000,null,0.000000,0.302,"[0.2, 0.29, 0.8, 1.0]","[256, 209, 1024, 720]",,"{""0"": 250, ""1"": 58, ""2"": null, ""3"": null, ""4"": null, ""5"": null, ""6"": null, ""7"": null}","{""0"": 0.0, ""1"": 0.0, ""2"": null, ""3"": null, ""4"": null, ""5"": null, ""6"": null, ""7"": null}","{""0"": 250, ""1"": 58}",58,1,1,0,0,0.302,car-not-detected-or-stale,KEEP_PAUSED,,,,296
297,2026-08-02T03:32:46.825+09:00,31.319,296,9.46,0,DRIVING,,0,0,1,0,0,0,,,0,0,0.000000,0.000000,0,0,0.000,255,738,green,0.175,,0,unknown,0.000000,null,0.000000,0.262,"[0.2, 0.29, 0.8, 1.0]","[256, 209, 1024, 720]",,"{""0"": 250, ""1"": 58, ""2"": null, ""3"": null, ""4"": null, ""5"": null, ""6"": null, ""7"": null}","{""0"": 0.0, ""1"": 0.0, ""2"": null, ""3"": null, ""4"": null, ""5"": null, ""6"": null, ""7"": null}","{""0"": 250, ""1"": 58}",58,1,1,0,0,0.262,car-not-detected-or-stale,KEEP_PAUSED,,,,297
298,2026-08-02T03:32:46.898+09:00,31.393,297,9.48,0,DRIVING,,0,0,1,0,0,0,,,0,0,0.000000,0.000000,0,0,0.000,255,738,green,0.219,,0,unknown,0.000000,null,0.000000,0.255,"[0.2, 0.29, 0.8, 1.0]","[256, 209, 1024, 720]",,"{""0"": 250, ""1"": 58, ""2"": null, ""3"": null, ""4"": null, ""5"": null, ""6"": null, ""7"": null}","{""0"": 0.0, ""1"": 0.0, ""2"": null, ""3"": null, ""4"": null, ""5"": null, ""6"": null, ""7"": null}","{""0"": 250, ""1"": 58}",58,1,1,0,0,0.255,car-not-detected-or-stale,KEEP_PAUSED,,,,298
299,2026-08-02T03:32:47.018+09:00,31.512,298,9.48,0,DRIVING,,0,0,1,0,0,0,,,0,0,0.000000,0.000000,0,0,0.000,255,739,green,0.293,,0,unknown,0.000000,null,0.000000,0.375,"[0.2, 0.29, 0.8, 1.0]","[256, 209, 1024, 720]",,"{""0"": 250, ""1"": 58, ""2"": null, ""3"": null, ""4"": null, ""5"": null, ""6"": null, ""7"": null}","{""0"": 0.0, ""1"": 0.0, ""2"": null, ""3"": null, ""4"": null, ""5"": null, ""6"": null, ""7"": null}","{""0"": 250, ""1"": 58}",58,1,1,0,0,0.375,car-not-detected-or-stale,KEEP_PAUSED,,,,299
300,2026-08-02T03:32:47.110+09:00,31.604,299,9.45,0,DRIVING,,0,0,1,0,0,0,,,0,0,0.000000,0.000000,0,0,0.000,255,739,green,0.321,,0,unknown,0.000000,null,0.000000,0.251,"[0.2, 0.29, 0.8, 1.0]","[256, 209, 1024, 720]",,"{""0"": 250, ""1"": 58, ""2"": null, ""3"": null, ""4"": null, ""5"": null, ""6"": null, ""7"": null}","{""0"": 0.0, ""1"": 0.0, ""2"": null, ""3"": null, ""4"": null, ""5"": null, ""6"": null, ""7"": null}","{""0"": 250, ""1"": 58}",58,1,1,0,0,0.251,car-not-detected-or-stale,KEEP_PAUSED,,,,300
301,2026-08-02T03:32:47.189+09:00,31.683,300,9.47,0,DRIVING,,0,0,1,0,0,0,,,0,0,0.000000,0.000000,0,0,0.000,255,739,green,0.214,,0,unknown,0.000000,null,0.000000,0.256,"[0.2, 0.29, 0.8, 1.0]","[256, 209, 1024, 720]",,"{""0"": 250, ""1"": 58, ""2"": null, ""3"": null, ""4"": null, ""5"": null, ""6"": null, ""7"": null}","{""0"": 0.0, ""1"": 0.0, ""2"": null, ""3"": null, ""4"": null, ""5"": null, ""6"": null, ""7"": null}","{""0"": 250, ""1"": 58}",58,1,1,0,0,0.256,car-not-detected-or-stale,KEEP_PAUSED,,,,301
302,2026-08-02T03:32:47.284+09:00,31.778,301,9.76,0,DRIVING,,0,0,1,0,0,0,,,0,0,0.000000,0.000000,0,0,0.000,255,739,green,0.177,,0,unknown,0.000000,null,0.000000,0.139,"[0.2, 0.29, 0.8, 1.0]","[256, 209, 1024, 720]",,"{""0"": 250, ""1"": 58, ""2"": null, ""3"": null, ""4"": null, ""5"": null, ""6"": null, ""7"": null}","{""0"": 0.0, ""1"": 0.0, ""2"": null, ""3"": null, ""4"": null, ""5"": null, ""6"": null, ""7"": null}","{""0"": 250, ""1"": 58}",58,1,1,0,0,0.139,car-not-detected-or-stale,KEEP_PAUSED,,,,302
303,2026-08-02T03:32:47.374+09:00,31.868,302,9.81,0,DRIVING,,0,0,1,0,0,0,,,0,0,0.000000,0.000000,0,0,0.000,255,740,green,0.272,,0,unknown,0.000000,null,0.000000,0.229,"[0.2, 0.29, 0.8, 1.0]","[256, 209, 1024, 720]",,"{""0"": 250, ""1"": 58, ""2"": null, ""3"": null, ""4"": null, ""5"": null, ""6"": null, ""7"": null}","{""0"": 0.0, ""1"": 0.0, ""2"": null, ""3"": null, ""4"": null, ""5"": null, ""6"": null, ""7"": null}","{""0"": 250, ""1"": 58}",58,1,1,0,0,0.229,car-not-detected-or-stale,KEEP_PAUSED,,,,303
304,2026-08-02T03:32:47.505+09:00,31.999,303,9.66,0,DRIVING,,0,0,1,0,0,0,,,0,0,0.000000,0.000000,0,0,0.000,255,739,green,0.275,,0,unknown,0.000000,null,0.000000,0.280,"[0.2, 0.29, 0.8, 1.0]","[256, 209, 1024, 720]",,"{""0"": 250, ""1"": 58, ""2"": null, ""3"": null, ""4"": null, ""5"": null, ""6"": null, ""7"": null}","{""0"": 0.0, ""1"": 0.0, ""2"": null, ""3"": null, ""4"": null, ""5"": null, ""6"": null, ""7"": null}","{""0"": 250, ""1"": 58}",58,1,1,0,0,0.280,car-not-detected-or-stale,KEEP_PAUSED,,,,304
305,2026-08-02T03:32:47.587+09:00,32.080,304,9.90,0,DRIVING,,0,0,1,0,0,0,,,0,0,0.000000,0.000000,0,0,0.000,255,739,green,0.223,,0,unknown,0.000000,null,0.000000,0.266,"[0.2, 0.29, 0.8, 1.0]","[256, 209, 1024, 720]",,"{""0"": 250, ""1"": 58, ""2"": null, ""3"": null, ""4"": null, ""5"": null, ""6"": null, ""7"": null}","{""0"": 0.0, ""1"": 0.0, ""2"": null, ""3"": null, ""4"": null, ""5"": null, ""6"": null, ""7"": null}","{""0"": 250, ""1"": 58}",58,1,1,0,0,0.266,car-not-detected-or-stale,KEEP_PAUSED,,,,305
306,2026-08-02T03:32:47.679+09:00,32.173,305,9.87,0,DRIVING,,0,0,1,0,0,0,,,0,0,0.000000,0.000000,0,0,0.000,255,739,green,0.211,,0,unknown,0.000000,null,0.000000,0.261,"[0.2, 0.29, 0.8, 1.0]","[256, 209, 1024, 720]",,"{""0"": 250, ""1"": 58, ""2"": null, ""3"": null, ""4"": null, ""5"": null, ""6"": null, ""7"": null}","{""0"": 0.0, ""1"": 0.0, ""2"": null, ""3"": null, ""4"": null, ""5"": null, ""6"": null, ""7"": null}","{""0"": 250, ""1"": 58}",58,1,1,0,0,0.261,car-not-detected-or-stale,KEEP_PAUSED,,,,306
307,2026-08-02T03:32:47.771+09:00,32.265,306,9.85,0,DRIVING,,0,0,1,0,0,0,,,0,0,0.000000,0.000000,0,0,0.000,255,739,green,0.182,,0,unknown,0.000000,null,0.000000,0.355,"[0.2, 0.29, 0.8, 1.0]","[256, 209, 1024, 720]",,"{""0"": 250, ""1"": 58, ""2"": null, ""3"": null, ""4"": null, ""5"": null, ""6"": null, ""7"": null}","{""0"": 0.0, ""1"": 0.0, ""2"": null, ""3"": null, ""4"": null, ""5"": null, ""6"": null, ""7"": null}","{""0"": 250, ""1"": 58}",58,1,1,0,0,0.355,car-not-detected-or-stale,KEEP_PAUSED,,,,307
308,2026-08-02T03:32:47.897+09:00,32.391,307,9.89,0,DRIVING,,0,0,1,0,0,0,,,0,0,0.000000,0.000000,0,0,0.000,255,739,green,0.195,,0,unknown,0.000000,null,0.000000,0.272,"[0.2, 0.29, 0.8, 1.0]","[256, 209, 1024, 720]",,"{""0"": 250, ""1"": 58, ""2"": null, ""3"": null, ""4"": null, ""5"": null, ""6"": null, ""7"": null}","{""0"": 0.0, ""1"": 0.0, ""2"": null, ""3"": null, ""4"": null, ""5"": null, ""6"": null, ""7"": null}","{""0"": 250, ""1"": 58}",58,1,1,0,0,0.272,car-not-detected-or-stale,KEEP_PAUSED,,,,308
309,2026-08-02T03:32:47.988+09:00,32.482,308,9.86,0,DRIVING,,0,0,1,0,0,0,,,0,0,0.000000,0.000000,0,0,0.000,255,739,green,0.310,,0,unknown,0.000000,null,0.000000,0.268,"[0.2, 0.29, 0.8, 1.0]","[256, 209, 1024, 720]",,"{""0"": 250, ""1"": 58, ""2"": null, ""3"": null, ""4"": null, ""5"": null, ""6"": null, ""7"": null}","{""0"": 0.0, ""1"": 0.0, ""2"": null, ""3"": null, ""4"": null, ""5"": null, ""6"": null, ""7"": null}","{""0"": 250, ""1"": 58}",58,1,1,0,0,0.268,car-not-detected-or-stale,KEEP_PAUSED,,,,309
310,2026-08-02T03:32:48.085+09:00,32.578,309,9.81,0,DRIVING,,0,0,1,0,0,0,,,0,0,0.000000,0.000000,0,0,0.000,255,739,green,0.309,,0,unknown,0.000000,null,0.000000,0.153,"[0.2, 0.29, 0.8, 1.0]","[256, 209, 1024, 720]",,"{""0"": 250, ""1"": 58, ""2"": null, ""3"": null, ""4"": null, ""5"": null, ""6"": null, ""7"": null}","{""0"": 0.0, ""1"": 0.0, ""2"": null, ""3"": null, ""4"": null, ""5"": null, ""6"": null, ""7"": null}","{""0"": 250, ""1"": 58}",58,1,1,0,0,0.153,car-not-detected-or-stale,KEEP_PAUSED,,,,310
311,2026-08-02T03:32:48.236+09:00,32.730,310,9.69,0,DRIVING,,0,0,1,0,0,0,,,0,0,0.000000,0.000000,0,0,0.000,255,739,green,0.192,,0,unknown,0.000000,null,0.000000,0.299,"[0.2, 0.29, 0.8, 1.0]","[256, 209, 1024, 720]",,"{""0"": 250, ""1"": 58, ""2"": null, ""3"": null, ""4"": null, ""5"": null, ""6"": null, ""7"": null}","{""0"": 0.0, ""1"": 0.0, ""2"": null, ""3"": null, ""4"": null, ""5"": null, ""6"": null, ""7"": null}","{""0"": 250, ""1"": 58}",58,1,1,0,0,0.299,car-not-detected-or-stale,KEEP_PAUSED,,,,311
312,2026-08-02T03:32:48.321+09:00,32.815,311,9.67,0,DRIVING,,0,0,1,0,0,0,,,0,0,0.000000,0.000000,0,0,0.000,255,739,green,0.250,,0,unknown,0.000000,null,0.000000,0.295,"[0.2, 0.29, 0.8, 1.0]","[256, 209, 1024, 720]",,"{""0"": 250, ""1"": 58, ""2"": null, ""3"": null, ""4"": null, ""5"": null, ""6"": null, ""7"": null}","{""0"": 0.0, ""1"": 0.0, ""2"": null, ""3"": null, ""4"": null, ""5"": null, ""6"": null, ""7"": null}","{""0"": 250, ""1"": 58}",58,1,1,0,0,0.295,car-not-detected-or-stale,KEEP_PAUSED,,,,312
313,2026-08-02T03:32:48.411+09:00,32.903,312,9.65,0,DRIVING,,0,0,1,0,0,0,,,0,0,0.000000,0.000000,0,0,0.000,255,739,green,0.239,,0,unknown,0.000000,null,0.000000,0.137,"[0.2, 0.29, 0.8, 1.0]","[256, 209, 1024, 720]",,"{""0"": 250, ""1"": 58, ""2"": null, ""3"": null, ""4"": null, ""5"": null, ""6"": null, ""7"": null}","{""0"": 0.0, ""1"": 0.0, ""2"": null, ""3"": null, ""4"": null, ""5"": null, ""6"": null, ""7"": null}","{""0"": 250, ""1"": 58}",58,1,1,0,0,0.137,car-not-detected-or-stale,KEEP_PAUSED,,,,313
314,2026-08-02T03:32:48.658+09:00,33.145,313,9.22,0,DRIVING,,0,0,1,0,0,0,,,0,0,0.000000,0.000000,0,0,0.000,255,739,green,0.355,,0,unknown,0.000000,null,0.000000,0.375,"[0.2, 0.29, 0.8, 1.0]","[256, 209, 1024, 720]",,"{""0"": 250, ""1"": 58, ""2"": null, ""3"": null, ""4"": null, ""5"": null, ""6"": null, ""7"": null}","{""0"": 0.0, ""1"": 0.0, ""2"": null, ""3"": null, ""4"": null, ""5"": null, ""6"": null, ""7"": null}","{""0"": 250, ""1"": 58}",58,1,1,0,0,0.375,car-not-detected-or-stale,KEEP_PAUSED,,,,314
315,2026-08-02T03:32:48.803+09:00,33.285,314,9.19,0,DRIVING,,0,0,1,0,0,0,,,0,0,0.000000,0.000000,0,0,0.000,255,739,green,0.237,,0,unknown,0.000000,null,0.000000,0.427,"[0.2, 0.29, 0.8, 1.0]","[256, 209, 1024, 720]",,"{""0"": 250, ""1"": 58, ""2"": null, ""3"": null, ""4"": null, ""5"": null, ""6"": null, ""7"": null}","{""0"": 0.0, ""1"": 0.0, ""2"": null, ""3"": null, ""4"": null, ""5"": null, ""6"": null, ""7"": null}","{""0"": 250, ""1"": 58}",58,1,1,0,0,0.427,car-not-detected-or-stale,KEEP_PAUSED,,,,315
316,2026-08-02T03:32:48.919+09:00,33.413,315,9.03,0,DRIVING,,0,0,1,0,0,0,,,0,0,0.000000,0.000000,0,0,0.000,255,739,green,0.161,,0,unknown,0.000000,null,0.000000,0.452,"[0.2, 0.29, 0.8, 1.0]","[256, 209, 1024, 720]",,"{""0"": 250, ""1"": 58, ""2"": null, ""3"": null, ""4"": null, ""5"": null, ""6"": null, ""7"": null}","{""0"": 0.0, ""1"": 0.0, ""2"": null, ""3"": null, ""4"": null, ""5"": null, ""6"": null, ""7"": null}","{""0"": 250, ""1"": 58}",58,1,1,0,0,0.452,car-not-detected-or-stale,KEEP_PAUSED,,,,316
317,2026-08-02T03:32:49.017+09:00,33.511,316,8.99,0,DRIVING,,0,0,1,0,0,0,,,0,0,0.000000,0.000000,0,0,0.000,255,739,green,0.255,,0,unknown,0.000000,null,0.000000,0.549,"[0.2, 0.29, 0.8, 1.0]","[256, 209, 1024, 720]",,"{""0"": 250, ""1"": 58, ""2"": null, ""3"": null, ""4"": null, ""5"": null, ""6"": null, ""7"": null}","{""0"": 0.0, ""1"": 0.0, ""2"": null, ""3"": null, ""4"": null, ""5"": null, ""6"": null, ""7"": null}","{""0"": 250, ""1"": 58}",58,1,1,0,0,0.549,car-not-detected-or-stale,KEEP_PAUSED,,,,317
318,2026-08-02T03:32:49.103+09:00,33.597,317,9.15,0,DRIVING,,0,0,1,0,0,0,,,0,0,0.000000,0.000000,0,0,0.000,255,739,green,0.197,,0,unknown,0.000000,null,0.000000,0.247,"[0.2, 0.29, 0.8, 1.0]","[256, 209, 1024, 720]",,"{""0"": 250, ""1"": 58, ""2"": null, ""3"": null, ""4"": null, ""5"": null, ""6"": null, ""7"": null}","{""0"": 0.0, ""1"": 0.0, ""2"": null, ""3"": null, ""4"": null, ""5"": null, ""6"": null, ""7"": null}","{""0"": 250, ""1"": 58}",58,1,1,0,0,0.247,car-not-detected-or-stale,KEEP_PAUSED,,,,318
319,2026-08-02T03:32:49.184+09:00,33.679,318,9.30,0,DRIVING,,0,0,1,0,0,0,,,0,0,0.000000,0.000000,0,0,0.000,255,739,green,0.188,,0,unknown,0.000000,null,0.000000,0.232,"[0.2, 0.29, 0.8, 1.0]","[256, 209, 1024, 720]",,"{""0"": 250, ""1"": 58, ""2"": null, ""3"": null, ""4"": null, ""5"": null, ""6"": null, ""7"": null}","{""0"": 0.0, ""1"": 0.0, ""2"": null, ""3"": null, ""4"": null, ""5"": null, ""6"": null, ""7"": null}","{""0"": 250, ""1"": 58}",58,1,1,0,0,0.232,car-not-detected-or-stale,KEEP_PAUSED,,,,319
320,2026-08-02T03:32:49.280+09:00,33.774,319,9.39,0,DRIVING,,0,0,1,0,0,0,,,0,0,0.000000,0.000000,0,0,0.000,255,739,green,0.178,,0,unknown,0.000000,null,0.000000,0.326,"[0.2, 0.29, 0.8, 1.0]","[256, 209, 1024, 720]",,"{""0"": 250, ""1"": 58, ""2"": null, ""3"": null, ""4"": null, ""5"": null, ""6"": null, ""7"": null}","{""0"": 0.0, ""1"": 0.0, ""2"": null, ""3"": null, ""4"": null, ""5"": null, ""6"": null, ""7"": null}","{""0"": 250, ""1"": 58}",58,1,1,0,0,0.326,car-not-detected-or-stale,KEEP_PAUSED,,,,320
321,2026-08-02T03:32:49.357+09:00,33.851,320,9.40,0,DRIVING,,0,0,1,0,0,0,,,0,0,0.000000,0.000000,0,0,0.000,255,739,green,0.186,,0,unknown,0.000000,null,0.000000,0.219,"[0.2, 0.29, 0.8, 1.0]","[256, 209, 1024, 720]",,"{""0"": 250, ""1"": 58, ""2"": null, ""3"": null, ""4"": null, ""5"": null, ""6"": null, ""7"": null}","{""0"": 0.0, ""1"": 0.0, ""2"": null, ""3"": null, ""4"": null, ""5"": null, ""6"": null, ""7"": null}","{""0"": 250, ""1"": 58}",58,1,1,0,0,0.219,car-not-detected-or-stale,KEEP_PAUSED,,,,321
322,2026-08-02T03:32:49.584+09:00,34.072,321,9.05,0,DRIVING,,0,0,1,0,0,0,,,0,0,0.000000,0.000000,0,0,0.000,255,739,green,0.312,,0,unknown,0.000000,null,0.000000,0.349,"[0.2, 0.29, 0.8, 1.0]","[256, 209, 1024, 720]",,"{""0"": 250, ""1"": 58, ""2"": null, ""3"": null, ""4"": null, ""5"": null, ""6"": null, ""7"": null}","{""0"": 0.0, ""1"": 0.0, ""2"": null, ""3"": null, ""4"": null, ""5"": null, ""6"": null, ""7"": null}","{""0"": 250, ""1"": 58}",58,1,1,0,0,0.349,car-not-detected-or-stale,KEEP_PAUSED,,,,322
323,2026-08-02T03:32:49.789+09:00,34.277,322,8.77,0,DRIVING,,0,0,1,0,0,0,,,0,0,0.000000,0.000000,0,0,0.000,255,739,green,0.408,,0,unknown,0.000000,null,0.000000,0.335,"[0.2, 0.29, 0.8, 1.0]","[256, 209, 1024, 720]",,"{""0"": 250, ""1"": 58, ""2"": null, ""3"": null, ""4"": null, ""5"": null, ""6"": null, ""7"": null}","{""0"": 0.0, ""1"": 0.0, ""2"": null, ""3"": null, ""4"": null, ""5"": null, ""6"": null, ""7"": null}","{""0"": 250, ""1"": 58}",58,1,1,0,0,0.335,car-not-detected-or-stale,KEEP_PAUSED,,,,323
324,2026-08-02T03:32:49.986+09:00,34.472,323,8.70,0,DRIVING,,0,0,1,0,0,0,,,0,0,0.000000,0.000000,0,0,0.000,255,740,green,0.389,,0,unknown,0.000000,null,0.000000,0.352,"[0.2, 0.29, 0.8, 1.0]","[256, 209, 1024, 720]",,"{""0"": 250, ""1"": 58, ""2"": null, ""3"": null, ""4"": null, ""5"": null, ""6"": null, ""7"": null}","{""0"": 0.0, ""1"": 0.0, ""2"": null, ""3"": null, ""4"": null, ""5"": null, ""6"": null, ""7"": null}","{""0"": 250, ""1"": 58}",58,1,1,0,0,0.352,car-not-detected-or-stale,KEEP_PAUSED,,,,324
325,2026-08-02T03:32:50.129+09:00,34.613,324,8.55,0,DRIVING,,0,0,1,0,0,0,,,0,0,0.000000,0.000000,0,0,0.000,255,739,green,0.202,,0,unknown,0.000000,null,0.000000,0.492,"[0.2, 0.29, 0.8, 1.0]","[256, 209, 1024, 720]",,"{""0"": 250, ""1"": 58, ""2"": null, ""3"": null, ""4"": null, ""5"": null, ""6"": null, ""7"": null}","{""0"": 0.0, ""1"": 0.0, ""2"": null, ""3"": null, ""4"": null, ""5"": null, ""6"": null, ""7"": null}","{""0"": 250, ""1"": 58}",58,1,1,0,0,0.492,car-not-detected-or-stale,KEEP_PAUSED,,,,325
326,2026-08-02T03:32:50.484+09:00,34.967,325,7.96,0,DRIVING,,0,0,1,0,0,0,,,0,0,0.000000,0.000000,0,0,0.000,255,739,green,0.148,,0,unknown,0.000000,null,0.000000,0.637,"[0.2, 0.29, 0.8, 1.0]","[256, 209, 1024, 720]",,"{""0"": 250, ""1"": 58, ""2"": null, ""3"": null, ""4"": null, ""5"": null, ""6"": null, ""7"": null}","{""0"": 0.0, ""1"": 0.0, ""2"": null, ""3"": null, ""4"": null, ""5"": null, ""6"": null, ""7"": null}","{""0"": 250, ""1"": 58}",58,1,1,0,0,0.637,car-not-detected-or-stale,KEEP_PAUSED,,,,326
327,2026-08-02T03:32:50.832+09:00,35.316,326,7.52,0,DRIVING,,0,0,1,0,0,0,,,0,0,0.000000,0.000000,0,0,0.000,255,739,green,0.365,,0,unknown,0.000000,null,0.000000,0.789,"[0.2, 0.29, 0.8, 1.0]","[256, 209, 1024, 720]",,"{""0"": 250, ""1"": 58, ""2"": null, ""3"": null, ""4"": null, ""5"": null, ""6"": null, ""7"": null}","{""0"": 0.0, ""1"": 0.0, ""2"": null, ""3"": null, ""4"": null, ""5"": null, ""6"": null, ""7"": null}","{""0"": 250, ""1"": 58}",58,1,1,0,0,0.789,car-not-detected-or-stale,KEEP_PAUSED,,,,327
328,2026-08-02T03:32:51.167+09:00,35.651,327,7.05,0,DRIVING,,0,0,1,0,0,0,,,0,0,0.000000,0.000000,0,0,0.000,255,739,green,0.355,,0,unknown,0.000000,null,0.000000,0.621,"[0.2, 0.29, 0.8, 1.0]","[256, 209, 1024, 720]",,"{""0"": 250, ""1"": 58, ""2"": null, ""3"": null, ""4"": null, ""5"": null, ""6"": null, ""7"": null}","{""0"": 0.0, ""1"": 0.0, ""2"": null, ""3"": null, ""4"": null, ""5"": null, ""6"": null, ""7"": null}","{""0"": 250, ""1"": 58}",58,1,1,0,0,0.621,car-not-detected-or-stale,KEEP_PAUSED,,,,328
329,2026-08-02T03:32:51.602+09:00,36.083,328,6.57,0,DRIVING,,0,0,1,0,0,0,,,0,0,0.000000,0.000000,0,0,0.000,255,738,green,0.351,,0,unknown,0.000000,null,0.000000,0.706,"[0.2, 0.29, 0.8, 1.0]","[256, 209, 1024, 720]",,"{""0"": 250, ""1"": 58, ""2"": null, ""3"": null, ""4"": null, ""5"": null, ""6"": null, ""7"": null}","{""0"": 0.0, ""1"": 0.0, ""2"": null, ""3"": null, ""4"": null, ""5"": null, ""6"": null, ""7"": null}","{""0"": 250, ""1"": 58}",58,1,1,0,0,0.706,car-not-detected-or-stale,KEEP_PAUSED,,,,329
330,2026-08-02T03:32:51.971+09:00,36.452,329,6.19,0,DRIVING,,0,0,1,0,0,0,,,0,0,0.000000,0.000000,0,0,0.000,255,739,green,0.450,,0,unknown,0.000000,null,0.000000,0.731,"[0.2, 0.29, 0.8, 1.0]","[256, 209, 1024, 720]",,"{""0"": 250, ""1"": 58, ""2"": null, ""3"": null, ""4"": null, ""5"": null, ""6"": null, ""7"": null}","{""0"": 0.0, ""1"": 0.0, ""2"": null, ""3"": null, ""4"": null, ""5"": null, ""6"": null, ""7"": null}","{""0"": 250, ""1"": 58}",58,1,1,0,0,0.731,car-not-detected-or-stale,KEEP_PAUSED,,,,330
331,2026-08-02T03:32:52.330+09:00,36.813,330,5.85,0,DRIVING,,0,0,1,0,0,0,,,0,0,0.000000,0.000000,0,0,0.000,255,739,green,0.377,,0,unknown,0.000000,null,0.000000,0.652,"[0.2, 0.29, 0.8, 1.0]","[256, 209, 1024, 720]",,"{""0"": 250, ""1"": 58, ""2"": null, ""3"": null, ""4"": null, ""5"": null, ""6"": null, ""7"": null}","{""0"": 0.0, ""1"": 0.0, ""2"": null, ""3"": null, ""4"": null, ""5"": null, ""6"": null, ""7"": null}","{""0"": 250, ""1"": 58}",58,1,1,0,0,0.652,car-not-detected-or-stale,KEEP_PAUSED,,,,331
332,2026-08-02T03:32:52.845+09:00,37.329,331,5.41,0,DRIVING,,0,0,1,0,0,0,,,0,0,0.000000,0.000000,0,0,0.000,255,739,green,0.363,,0,unknown,0.000000,null,0.000000,0.801,"[0.2, 0.29, 0.8, 1.0]","[256, 209, 1024, 720]",,"{""0"": 250, ""1"": 58, ""2"": null, ""3"": null, ""4"": null, ""5"": null, ""6"": null, ""7"": null}","{""0"": 0.0, ""1"": 0.0, ""2"": null, ""3"": null, ""4"": null, ""5"": null, ""6"": null, ""7"": null}","{""0"": 250, ""1"": 58}",58,1,1,0,0,0.801,car-not-detected-or-stale,KEEP_PAUSED,,,,332
333,2026-08-02T03:32:53.186+09:00,37.670,332,5.17,0,DRIVING,,0,0,1,0,0,0,,,0,0,0.000000,0.000000,0,0,0.000,255,739,unknown,0.525,,0,unknown,0.000000,null,0.000000,0.789,"[0.2, 0.29, 0.8, 1.0]","[256, 209, 1024, 720]",,"{""0"": 250, ""1"": 58, ""2"": null, ""3"": null, ""4"": null, ""5"": null, ""6"": null, ""7"": null}","{""0"": 0.0, ""1"": 0.0, ""2"": null, ""3"": null, ""4"": null, ""5"": null, ""6"": null, ""7"": null}","{""0"": 250, ""1"": 58}",58,1,1,0,0,0.789,car-not-detected-or-stale,KEEP_PAUSED,,,,333
334,2026-08-02T03:32:53.503+09:00,37.985,333,5.02,0,DRIVING,,0,0,1,0,0,0,,,0,0,0.000000,0.000000,0,0,0.000,255,739,green,0.341,,0,unknown,0.000000,null,0.000000,0.584,"[0.2, 0.29, 0.8, 1.0]","[256, 209, 1024, 720]",,"{""0"": 250, ""1"": 58, ""2"": null, ""3"": null, ""4"": null, ""5"": null, ""6"": null, ""7"": null}","{""0"": 0.0, ""1"": 0.0, ""2"": null, ""3"": null, ""4"": null, ""5"": null, ""6"": null, ""7"": null}","{""0"": 250, ""1"": 58}",58,1,1,0,0,0.584,car-not-detected-or-stale,KEEP_PAUSED,,,,334
335,2026-08-02T03:32:53.887+09:00,38.374,334,4.77,0,DRIVING,,0,0,1,0,0,0,,,0,0,0.000000,0.000000,0,0,0.000,255,739,green,0.330,,0,unknown,0.000000,null,0.000000,0.641,"[0.2, 0.29, 0.8, 1.0]","[256, 209, 1024, 720]",,"{""0"": 250, ""1"": 58, ""2"": null, ""3"": null, ""4"": null, ""5"": null, ""6"": null, ""7"": null}","{""0"": 0.0, ""1"": 0.0, ""2"": null, ""3"": null, ""4"": null, ""5"": null, ""6"": null, ""7"": null}","{""0"": 250, ""1"": 58}",58,1,1,0,0,0.641,car-not-detected-or-stale,KEEP_PAUSED,,,,335
336,2026-08-02T03:32:54.167+09:00,38.652,335,4.63,0,DRIVING,,0,0,1,0,0,0,,,0,0,0.000000,0.000000,0,0,0.000,255,739,green,0.381,,0,unknown,0.000000,null,0.000000,0.596,"[0.2, 0.29, 0.8, 1.0]","[256, 209, 1024, 720]",,"{""0"": 250, ""1"": 58, ""2"": null, ""3"": null, ""4"": null, ""5"": null, ""6"": null, ""7"": null}","{""0"": 0.0, ""1"": 0.0, ""2"": null, ""3"": null, ""4"": null, ""5"": null, ""6"": null, ""7"": null}","{""0"": 250, ""1"": 58}",58,1,1,0,0,0.596,car-not-detected-or-stale,KEEP_PAUSED,,,,336
337,2026-08-02T03:32:54.434+09:00,38.918,336,4.51,0,DRIVING,,0,0,1,0,0,0,,,0,0,0.000000,0.000000,0,0,0.000,255,739,green,0.285,,0,unknown,0.000000,null,0.000000,0.487,"[0.2, 0.29, 0.8, 1.0]","[256, 209, 1024, 720]",,"{""0"": 250, ""1"": 58, ""2"": null, ""3"": null, ""4"": null, ""5"": null, ""6"": null, ""7"": null}","{""0"": 0.0, ""1"": 0.0, ""2"": null, ""3"": null, ""4"": null, ""5"": null, ""6"": null, ""7"": null}","{""0"": 250, ""1"": 58}",58,1,1,0,0,0.487,car-not-detected-or-stale,KEEP_PAUSED,,,,337
338,2026-08-02T03:32:54.591+09:00,39.074,337,4.49,0,DRIVING,,0,0,1,0,0,0,,,0,0,0.000000,0.000000,0,0,0.000,255,739,green,0.277,,0,unknown,0.000000,null,0.000000,0.361,"[0.2, 0.29, 0.8, 1.0]","[256, 209, 1024, 720]",,"{""0"": 250, ""1"": 58, ""2"": null, ""3"": null, ""4"": null, ""5"": null, ""6"": null, ""7"": null}","{""0"": 0.0, ""1"": 0.0, ""2"": null, ""3"": null, ""4"": null, ""5"": null, ""6"": null, ""7"": null}","{""0"": 250, ""1"": 58}",58,1,1,0,0,0.361,car-not-detected-or-stale,KEEP_PAUSED,,,,338
339,2026-08-02T03:32:54.764+09:00,39.246,338,4.44,0,DRIVING,,0,0,1,0,0,0,,,0,0,0.000000,0.000000,0,0,0.000,255,739,green,0.166,,0,unknown,0.000000,null,0.000000,0.264,"[0.2, 0.29, 0.8, 1.0]","[256, 209, 1024, 720]",,"{""0"": 250, ""1"": 58, ""2"": null, ""3"": null, ""4"": null, ""5"": null, ""6"": null, ""7"": null}","{""0"": 0.0, ""1"": 0.0, ""2"": null, ""3"": null, ""4"": null, ""5"": null, ""6"": null, ""7"": null}","{""0"": 250, ""1"": 58}",58,1,1,0,0,0.264,car-not-detected-or-stale,KEEP_PAUSED,,,,339
340,2026-08-02T03:32:55.062+09:00,39.541,339,4.31,0,DRIVING,,0,0,1,0,0,0,,,0,0,0.000000,0.000000,0,0,0.000,255,739,green,0.186,,0,unknown,0.000000,null,0.000000,0.400,"[0.2, 0.29, 0.8, 1.0]","[256, 209, 1024, 720]",,"{""0"": 250, ""1"": 58, ""2"": null, ""3"": null, ""4"": null, ""5"": null, ""6"": null, ""7"": null}","{""0"": 0.0, ""1"": 0.0, ""2"": null, ""3"": null, ""4"": null, ""5"": null, ""6"": null, ""7"": null}","{""0"": 250, ""1"": 58}",58,1,1,0,0,0.400,car-not-detected-or-stale,KEEP_PAUSED,,,,340
341,2026-08-02T03:32:55.244+09:00,39.726,340,4.29,0,DRIVING,,0,0,1,0,0,0,,,0,0,0.000000,0.000000,0,0,0.000,255,739,green,0.302,,0,unknown,0.000000,null,0.000000,0.407,"[0.2, 0.29, 0.8, 1.0]","[256, 209, 1024, 720]",,"{""0"": 250, ""1"": 58, ""2"": null, ""3"": null, ""4"": null, ""5"": null, ""6"": null, ""7"": null}","{""0"": 0.0, ""1"": 0.0, ""2"": null, ""3"": null, ""4"": null, ""5"": null, ""6"": null, ""7"": null}","{""0"": 250, ""1"": 58}",58,1,1,0,0,0.407,car-not-detected-or-stale,KEEP_PAUSED,,,,341
342,2026-08-02T03:32:55.452+09:00,39.936,341,4.22,0,DRIVING,,0,0,1,0,0,0,,,0,0,0.000000,0.000000,0,0,0.000,255,739,green,0.188,,0,unknown,0.000000,null,0.000000,0.324,"[0.2, 0.29, 0.8, 1.0]","[256, 209, 1024, 720]",,"{""0"": 250, ""1"": 58, ""2"": null, ""3"": null, ""4"": null, ""5"": null, ""6"": null, ""7"": null}","{""0"": 0.0, ""1"": 0.0, ""2"": null, ""3"": null, ""4"": null, ""5"": null, ""6"": null, ""7"": null}","{""0"": 250, ""1"": 58}",58,1,1,0,0,0.324,car-not-detected-or-stale,KEEP_PAUSED,,,,342
343,2026-08-02T03:32:55.608+09:00,40.089,342,4.18,0,DRIVING,,0,0,1,0,0,0,,,0,0,0.000000,0.000000,0,0,0.000,255,739,green,0.210,,0,unknown,0.000000,null,0.000000,0.295,"[0.2, 0.29, 0.8, 1.0]","[256, 209, 1024, 720]",,"{""0"": 250, ""1"": 58, ""2"": null, ""3"": null, ""4"": null, ""5"": null, ""6"": null, ""7"": null}","{""0"": 0.0, ""1"": 0.0, ""2"": null, ""3"": null, ""4"": null, ""5"": null, ""6"": null, ""7"": null}","{""0"": 250, ""1"": 58}",58,1,1,0,0,0.295,car-not-detected-or-stale,KEEP_PAUSED,,,,343
344,2026-08-02T03:32:56.019+09:00,40.502,343,4.08,0,DRIVING,,0,0,1,0,0,0,,,0,0,0.000000,0.000000,0,0,0.000,255,739,green,0.183,,0,unknown,0.000000,null,0.000000,0.503,"[0.2, 0.29, 0.8, 1.0]","[256, 209, 1024, 720]",,"{""0"": 250, ""1"": 58, ""2"": null, ""3"": null, ""4"": null, ""5"": null, ""6"": null, ""7"": null}","{""0"": 0.0, ""1"": 0.0, ""2"": null, ""3"": null, ""4"": null, ""5"": null, ""6"": null, ""7"": null}","{""0"": 250, ""1"": 58}",58,1,1,0,0,0.503,car-not-detected-or-stale,KEEP_PAUSED,,,,344
345,2026-08-02T03:32:56.198+09:00,40.680,344,4.06,0,DRIVING,,0,0,1,0,0,0,,,0,0,0.000000,0.000000,0,0,0.000,255,739,green,0.406,,0,unknown,0.000000,null,0.000000,0.509,"[0.2, 0.29, 0.8, 1.0]","[256, 209, 1024, 720]",,"{""0"": 250, ""1"": 58, ""2"": null, ""3"": null, ""4"": null, ""5"": null, ""6"": null, ""7"": null}","{""0"": 0.0, ""1"": 0.0, ""2"": null, ""3"": null, ""4"": null, ""5"": null, ""6"": null, ""7"": null}","{""0"": 250, ""1"": 58}",58,1,1,0,0,0.509,car-not-detected-or-stale,KEEP_PAUSED,,,,345
346,2026-08-02T03:32:56.401+09:00,40.885,345,4.02,0,DRIVING,,0,0,1,0,0,0,,,0,0,0.000000,0.000000,0,0,0.000,255,739,green,0.184,,0,unknown,0.000000,null,0.000000,0.318,"[0.2, 0.29, 0.8, 1.0]","[256, 209, 1024, 720]",,"{""0"": 250, ""1"": 58, ""2"": null, ""3"": null, ""4"": null, ""5"": null, ""6"": null, ""7"": null}","{""0"": 0.0, ""1"": 0.0, ""2"": null, ""3"": null, ""4"": null, ""5"": null, ""6"": null, ""7"": null}","{""0"": 250, ""1"": 58}",58,1,1,0,0,0.318,car-not-detected-or-stale,KEEP_PAUSED,,,,346
347,2026-08-02T03:32:56.550+09:00,41.032,346,3.99,0,DRIVING,,0,0,1,0,0,0,,,0,0,0.000000,0.000000,0,0,0.000,255,739,green,0.208,,0,unknown,0.000000,null,0.000000,0.284,"[0.2, 0.29, 0.8, 1.0]","[256, 209, 1024, 720]",,"{""0"": 250, ""1"": 58, ""2"": null, ""3"": null, ""4"": null, ""5"": null, ""6"": null, ""7"": null}","{""0"": 0.0, ""1"": 0.0, ""2"": null, ""3"": null, ""4"": null, ""5"": null, ""6"": null, ""7"": null}","{""0"": 250, ""1"": 58}",58,1,1,0,0,0.284,car-not-detected-or-stale,KEEP_PAUSED,,,,347
348,2026-08-02T03:32:56.786+09:00,41.268,347,3.91,0,DRIVING,,0,0,1,0,0,0,,,0,0,0.000000,0.000000,0,0,0.000,255,738,green,0.157,,0,unknown,0.000000,null,0.000000,0.322,"[0.2, 0.29, 0.8, 1.0]","[256, 209, 1024, 720]",,"{""0"": 250, ""1"": 58, ""2"": null, ""3"": null, ""4"": null, ""5"": null, ""6"": null, ""7"": null}","{""0"": 0.0, ""1"": 0.0, ""2"": null, ""3"": null, ""4"": null, ""5"": null, ""6"": null, ""7"": null}","{""0"": 250, ""1"": 58}",58,1,1,0,0,0.322,car-not-detected-or-stale,KEEP_PAUSED,,,,348
349,2026-08-02T03:32:56.926+09:00,41.408,348,3.88,0,DRIVING,,0,0,1,0,0,0,,,0,0,0.000000,0.000000,0,0,0.000,255,740,green,0.237,,0,unknown,0.000000,null,0.000000,0.307,"[0.2, 0.29, 0.8, 1.0]","[256, 209, 1024, 720]",,"{""0"": 250, ""1"": 58, ""2"": null, ""3"": null, ""4"": null, ""5"": null, ""6"": null, ""7"": null}","{""0"": 0.0, ""1"": 0.0, ""2"": null, ""3"": null, ""4"": null, ""5"": null, ""6"": null, ""7"": null}","{""0"": 250, ""1"": 58}",58,1,1,0,0,0.307,car-not-detected-or-stale,KEEP_PAUSED,,,,349
350,2026-08-02T03:32:57.160+09:00,41.645,349,3.81,0,DRIVING,,0,0,1,0,0,0,,,0,0,0.000000,0.000000,0,0,0.000,255,739,green,0.154,,0,unknown,0.000000,null,0.000000,0.315,"[0.2, 0.29, 0.8, 1.0]","[256, 209, 1024, 720]",,"{""0"": 250, ""1"": 58, ""2"": null, ""3"": null, ""4"": null, ""5"": null, ""6"": null, ""7"": null}","{""0"": 0.0, ""1"": 0.0, ""2"": null, ""3"": null, ""4"": null, ""5"": null, ""6"": null, ""7"": null}","{""0"": 250, ""1"": 58}",58,1,1,0,0,0.315,car-not-detected-or-stale,KEEP_PAUSED,,,,350
351,2026-08-02T03:32:57.300+09:00,41.782,350,3.79,0,DRIVING,,0,0,1,0,0,0,,,0,0,0.000000,0.000000,0,0,0.000,255,739,green,0.232,,0,unknown,0.000000,null,0.000000,0.304,"[0.2, 0.29, 0.8, 1.0]","[256, 209, 1024, 720]",,"{""0"": 250, ""1"": 58, ""2"": null, ""3"": null, ""4"": null, ""5"": null, ""6"": null, ""7"": null}","{""0"": 0.0, ""1"": 0.0, ""2"": null, ""3"": null, ""4"": null, ""5"": null, ""6"": null, ""7"": null}","{""0"": 250, ""1"": 58}",58,1,1,0,0,0.304,car-not-detected-or-stale,KEEP_PAUSED,,,,351
352,2026-08-02T03:32:57.541+09:00,42.020,351,3.78,0,DRIVING,,0,0,1,0,0,0,,,0,0,0.000000,0.000000,0,0,0.000,255,740,green,0.157,,0,unknown,0.000000,null,0.000000,0.315,"[0.2, 0.29, 0.8, 1.0]","[256, 209, 1024, 720]",,"{""0"": 250, ""1"": 58, ""2"": null, ""3"": null, ""4"": null, ""5"": null, ""6"": null, ""7"": null}","{""0"": 0.0, ""1"": 0.0, ""2"": null, ""3"": null, ""4"": null, ""5"": null, ""6"": null, ""7"": null}","{""0"": 250, ""1"": 58}",58,1,1,0,0,0.315,car-not-detected-or-stale,KEEP_PAUSED,,,,352
353,2026-08-02T03:32:57.763+09:00,42.247,352,3.76,0,DRIVING,,0,0,1,0,0,0,,,0,0,0.000000,0.000000,0,0,0.000,255,739,green,0.243,,0,unknown,0.000000,null,0.000000,0.394,"[0.2, 0.29, 0.8, 1.0]","[256, 209, 1024, 720]",,"{""0"": 250, ""1"": 58, ""2"": null, ""3"": null, ""4"": null, ""5"": null, ""6"": null, ""7"": null}","{""0"": 0.0, ""1"": 0.0, ""2"": null, ""3"": null, ""4"": null, ""5"": null, ""6"": null, ""7"": null}","{""0"": 250, ""1"": 58}",58,1,1,0,0,0.394,car-not-detected-or-stale,KEEP_PAUSED,,,,353
354,2026-08-02T03:32:57.946+09:00,42.429,353,3.77,0,DRIVING,,0,0,1,0,0,0,,,0,0,0.000000,0.000000,0,0,0.000,255,739,green,0.220,,0,unknown,0.000000,null,0.000000,0.339,"[0.2, 0.29, 0.8, 1.0]","[256, 209, 1024, 720]",,"{""0"": 250, ""1"": 59, ""2"": null, ""3"": null, ""4"": null, ""5"": null, ""6"": null, ""7"": null}","{""0"": 0.0, ""1"": 0.0, ""2"": null, ""3"": null, ""4"": null, ""5"": null, ""6"": null, ""7"": null}","{""0"": 250, ""1"": 59}",59,1,1,0,0,0.339,car-not-detected-or-stale,KEEP_PAUSED,,,,354
355,2026-08-02T03:32:58.100+09:00,42.580,354,3.77,0,DRIVING,,0,0,1,0,0,0,,,0,0,0.000000,0.000000,0,0,0.000,255,740,green,0.195,,0,unknown,0.000000,null,0.000000,0.275,"[0.2, 0.29, 0.8, 1.0]","[256, 209, 1024, 720]",,"{""0"": 250, ""1"": 58, ""2"": null, ""3"": null, ""4"": null, ""5"": null, ""6"": null, ""7"": null}","{""0"": 0.0, ""1"": 0.0, ""2"": null, ""3"": null, ""4"": null, ""5"": null, ""6"": null, ""7"": null}","{""0"": 250, ""1"": 58}",58,1,1,0,0,0.275,car-not-detected-or-stale,KEEP_PAUSED,,,,355
356,2026-08-02T03:32:58.257+09:00,42.734,355,3.86,0,DRIVING,,0,0,1,0,0,0,,,0,0,0.000000,0.000000,0,0,0.000,255,739,green,0.160,,0,unknown,0.000000,null,0.000000,0.239,"[0.2, 0.29, 0.8, 1.0]","[256, 209, 1024, 720]",,"{""0"": 250, ""1"": 58, ""2"": null, ""3"": null, ""4"": null, ""5"": null, ""6"": null, ""7"": null}","{""0"": 0.0, ""1"": 0.0, ""2"": null, ""3"": null, ""4"": null, ""5"": null, ""6"": null, ""7"": null}","{""0"": 250, ""1"": 58}",58,1,1,0,0,0.239,car-not-detected-or-stale,KEEP_PAUSED,,,,356
357,2026-08-02T03:32:58.653+09:00,43.138,356,3.83,0,DRIVING,,0,0,1,0,0,0,,,0,0,0.000000,0.000000,0,0,0.000,255,739,green,0.182,,0,unknown,0.000000,null,0.000000,0.490,"[0.2, 0.29, 0.8, 1.0]","[256, 209, 1024, 720]",,"{""0"": 250, ""1"": 58, ""2"": null, ""3"": null, ""4"": null, ""5"": null, ""6"": null, ""7"": null}","{""0"": 0.0, ""1"": 0.0, ""2"": null, ""3"": null, ""4"": null, ""5"": null, ""6"": null, ""7"": null}","{""0"": 250, ""1"": 58}",58,1,1,0,0,0.490,car-not-detected-or-stale,KEEP_PAUSED,,,,357
358,2026-08-02T03:32:58.935+09:00,43.417,357,3.86,0,DRIVING,,0,0,1,0,0,0,,,0,0,0.000000,0.000000,0,0,0.000,255,740,green,0.382,,0,unknown,0.000000,null,0.000000,0.592,"[0.2, 0.29, 0.8, 1.0]","[256, 209, 1024, 720]",,"{""0"": 250, ""1"": 58, ""2"": null, ""3"": null, ""4"": null, ""5"": null, ""6"": null, ""7"": null}","{""0"": 0.0, ""1"": 0.0, ""2"": null, ""3"": null, ""4"": null, ""5"": null, ""6"": null, ""7"": null}","{""0"": 250, ""1"": 58}",58,1,1,0,0,0.592,car-not-detected-or-stale,KEEP_PAUSED,,,,358
359,2026-08-02T03:32:59.113+09:00,43.596,358,3.99,0,DRIVING,,0,0,1,0,0,0,,,0,0,0.000000,0.000000,0,0,0.000,255,739,green,0.292,,0,unknown,0.000000,null,0.000000,0.397,"[0.2, 0.29, 0.8, 1.0]","[256, 209, 1024, 720]",,"{""0"": 250, ""1"": 58, ""2"": null, ""3"": null, ""4"": null, ""5"": null, ""6"": null, ""7"": null}","{""0"": 0.0, ""1"": 0.0, ""2"": null, ""3"": null, ""4"": null, ""5"": null, ""6"": null, ""7"": null}","{""0"": 250, ""1"": 58}",58,1,1,0,0,0.397,car-not-detected-or-stale,KEEP_PAUSED,,,,359
360,2026-08-02T03:32:59.294+09:00,43.776,359,4.10,0,DRIVING,,0,0,1,0,0,0,,,0,0,0.000000,0.000000,0,0,0.000,255,738,green,0.185,,0,unknown,0.000000,null,0.000000,0.290,"[0.2, 0.29, 0.8, 1.0]","[256, 209, 1024, 720]",,"{""0"": 250, ""1"": 58, ""2"": null, ""3"": null, ""4"": null, ""5"": null, ""6"": null, ""7"": null}","{""0"": 0.0, ""1"": 0.0, ""2"": null, ""3"": null, ""4"": null, ""5"": null, ""6"": null, ""7"": null}","{""0"": 250, ""1"": 58}",58,1,1,0,0,0.290,car-not-detected-or-stale,KEEP_PAUSED,,,,360
361,2026-08-02T03:32:59.445+09:00,43.926,360,4.22,0,DRIVING,,0,0,1,0,0,0,,,0,0,0.000000,0.000000,0,0,0.000,255,738,green,0.184,,0,unknown,0.000000,null,0.000000,0.263,"[0.2, 0.29, 0.8, 1.0]","[256, 209, 1024, 720]",,"{""0"": 250, ""1"": 58, ""2"": null, ""3"": null, ""4"": null, ""5"": null, ""6"": null, ""7"": null}","{""0"": 0.0, ""1"": 0.0, ""2"": null, ""3"": null, ""4"": null, ""5"": null, ""6"": null, ""7"": null}","{""0"": 250, ""1"": 58}",58,1,1,0,0,0.263,car-not-detected-or-stale,KEEP_PAUSED,,,,361
362,2026-08-02T03:32:59.599+09:00,44.077,361,4.45,0,DRIVING,,0,0,1,0,0,0,,,0,0,0.000000,0.000000,0,0,0.000,255,739,green,0.157,,0,unknown,0.000000,null,0.000000,0.234,"[0.2, 0.29, 0.8, 1.0]","[256, 209, 1024, 720]",,"{""0"": 250, ""1"": 58, ""2"": null, ""3"": null, ""4"": null, ""5"": null, ""6"": null, ""7"": null}","{""0"": 0.0, ""1"": 0.0, ""2"": null, ""3"": null, ""4"": null, ""5"": null, ""6"": null, ""7"": null}","{""0"": 250, ""1"": 58}",58,1,1,0,0,0.234,car-not-detected-or-stale,KEEP_PAUSED,,,,362
363,2026-08-02T03:32:59.939+09:00,44.423,362,4.44,0,DRIVING,,0,0,1,0,0,0,,,0,0,0.000000,0.000000,0,0,0.000,255,739,green,0.183,,0,unknown,0.000000,null,0.000000,0.432,"[0.2, 0.29, 0.8, 1.0]","[256, 209, 1024, 720]",,"{""0"": 250, ""1"": 58, ""2"": null, ""3"": null, ""4"": null, ""5"": null, ""6"": null, ""7"": null}","{""0"": 0.0, ""1"": 0.0, ""2"": null, ""3"": null, ""4"": null, ""5"": null, ""6"": null, ""7"": null}","{""0"": 250, ""1"": 58}",58,1,1,0,0,0.432,car-not-detected-or-stale,KEEP_PAUSED,,,,363
364,2026-08-02T03:33:00.094+09:00,44.577,363,4.55,0,DRIVING,,0,0,1,0,0,0,,,0,0,0.000000,0.000000,0,0,0.000,255,739,green,0.324,,0,unknown,0.000000,null,0.000000,0.410,"[0.2, 0.29, 0.8, 1.0]","[256, 209, 1024, 720]",,"{""0"": 250, ""1"": 58, ""2"": null, ""3"": null, ""4"": null, ""5"": null, ""6"": null, ""7"": null}","{""0"": 0.0, ""1"": 0.0, ""2"": null, ""3"": null, ""4"": null, ""5"": null, ""6"": null, ""7"": null}","{""0"": 250, ""1"": 58}",58,1,1,0,0,0.410,car-not-detected-or-stale,KEEP_PAUSED,,,,364
365,2026-08-02T03:33:00.331+09:00,44.815,364,4.66,0,DRIVING,,0,0,1,0,0,0,,,0,0,0.000000,0.000000,0,0,0.000,255,739,green,0.168,,0,unknown,0.000000,null,0.000000,0.333,"[0.2, 0.29, 0.8, 1.0]","[256, 209, 1024, 720]",,"{""0"": 250, ""1"": 58, ""2"": null, ""3"": null, ""4"": null, ""5"": null, ""6"": null, ""7"": null}","{""0"": 0.0, ""1"": 0.0, ""2"": null, ""3"": null, ""4"": null, ""5"": null, ""6"": null, ""7"": null}","{""0"": 250, ""1"": 58}",58,1,1,0,0,0.333,car-not-detected-or-stale,KEEP_PAUSED,,,,365
366,2026-08-02T03:33:00.470+09:00,44.953,365,4.76,0,DRIVING,,0,0,1,0,0,0,,,0,0,0.000000,0.000000,0,0,0.000,255,739,green,0.238,,0,unknown,0.000000,null,0.000000,0.307,"[0.2, 0.29, 0.8, 1.0]","[256, 209, 1024, 720]",,"{""0"": 250, ""1"": 58, ""2"": null, ""3"": null, ""4"": null, ""5"": null, ""6"": null, ""7"": null}","{""0"": 0.0, ""1"": 0.0, ""2"": null, ""3"": null, ""4"": null, ""5"": null, ""6"": null, ""7"": null}","{""0"": 250, ""1"": 58}",58,1,1,0,0,0.307,car-not-detected-or-stale,KEEP_PAUSED,,,,366
367,2026-08-02T03:33:00.637+09:00,45.108,366,4.85,0,DRIVING,,0,0,1,0,0,0,,,0,0,0.000000,0.000000,0,0,0.000,255,739,green,0.147,,0,unknown,0.000000,null,0.000000,0.228,"[0.2, 0.29, 0.8, 1.0]","[256, 209, 1024, 720]",,"{""0"": 250, ""1"": 58, ""2"": null, ""3"": null, ""4"": null, ""5"": null, ""6"": null, ""7"": null}","{""0"": 0.0, ""1"": 0.0, ""2"": null, ""3"": null, ""4"": null, ""5"": null, ""6"": null, ""7"": null}","{""0"": 250, ""1"": 58}",58,1,1,0,0,0.228,car-not-detected-or-stale,KEEP_PAUSED,,,,367
368,2026-08-02T03:33:00.875+09:00,45.356,367,4.77,0,DRIVING,,0,0,1,0,0,0,,,0,0,0.000000,0.000000,0,0,0.000,255,739,green,0.192,,0,unknown,0.000000,null,0.000000,0.338,"[0.2, 0.29, 0.8, 1.0]","[256, 209, 1024, 720]",,"{""0"": 250, ""1"": 58, ""2"": null, ""3"": null, ""4"": null, ""5"": null, ""6"": null, ""7"": null}","{""0"": 0.0, ""1"": 0.0, ""2"": null, ""3"": null, ""4"": null, ""5"": null, ""6"": null, ""7"": null}","{""0"": 250, ""1"": 58}",58,1,1,0,0,0.338,car-not-detected-or-stale,KEEP_PAUSED,,,,368
369,2026-08-02T03:33:01.175+09:00,45.657,368,4.68,0,DRIVING,,0,0,1,0,0,0,,,0,0,0.000000,0.000000,0,0,0.000,255,739,green,0.245,,0,unknown,0.000000,null,0.000000,0.455,"[0.2, 0.29, 0.8, 1.0]","[256, 209, 1024, 720]",,"{""0"": 250, ""1"": 58, ""2"": null, ""3"": null, ""4"": null, ""5"": null, ""6"": null, ""7"": null}","{""0"": 0.0, ""1"": 0.0, ""2"": null, ""3"": null, ""4"": null, ""5"": null, ""6"": null, ""7"": null}","{""0"": 250, ""1"": 58}",58,1,1,0,0,0.455,car-not-detected-or-stale,KEEP_PAUSED,,,,369
370,2026-08-02T03:33:01.364+09:00,45.845,369,4.76,0,DRIVING,,0,0,1,0,0,0,,,0,0,0.000000,0.000000,0,0,0.000,255,740,green,0.296,,0,unknown,0.000000,null,0.000000,0.406,"[0.2, 0.29, 0.8, 1.0]","[256, 209, 1024, 720]",,"{""0"": 250, ""1"": 58, ""2"": null, ""3"": null, ""4"": null, ""5"": null, ""6"": null, ""7"": null}","{""0"": 0.0, ""1"": 0.0, ""2"": null, ""3"": null, ""4"": null, ""5"": null, ""6"": null, ""7"": null}","{""0"": 250, ""1"": 58}",58,1,1,0,0,0.406,car-not-detected-or-stale,KEEP_PAUSED,,,,370
371,2026-08-02T03:33:01.526+09:00,46.004,370,4.78,0,DRIVING,,0,0,1,0,0,0,,,0,0,0.000000,0.000000,0,0,0.000,255,739,green,0.190,,0,unknown,0.000000,null,0.000000,0.275,"[0.2, 0.29, 0.8, 1.0]","[256, 209, 1024, 720]",,"{""0"": 250, ""1"": 58, ""2"": null, ""3"": null, ""4"": null, ""5"": null, ""6"": null, ""7"": null}","{""0"": 0.0, ""1"": 0.0, ""2"": null, ""3"": null, ""4"": null, ""5"": null, ""6"": null, ""7"": null}","{""0"": 250, ""1"": 58}",58,1,1,0,0,0.275,car-not-detected-or-stale,KEEP_PAUSED,,,,371
372,2026-08-02T03:33:01.904+09:00,46.389,371,4.65,0,DRIVING,,0,0,1,0,0,0,,,0,0,0.000000,0.000000,0,0,0.000,255,739,green,0.192,,0,unknown,0.000000,null,0.000000,0.478,"[0.2, 0.29, 0.8, 1.0]","[256, 209, 1024, 720]",,"{""0"": 250, ""1"": 58, ""2"": null, ""3"": null, ""4"": null, ""5"": null, ""6"": null, ""7"": null}","{""0"": 0.0, ""1"": 0.0, ""2"": null, ""3"": null, ""4"": null, ""5"": null, ""6"": null, ""7"": null}","{""0"": 250, ""1"": 58}",58,1,1,0,0,0.478,car-not-detected-or-stale,KEEP_PAUSED,,,,372
373,2026-08-02T03:33:02.154+09:00,46.639,372,4.58,0,DRIVING,,0,0,1,0,0,0,,,0,0,0.000000,0.000000,0,0,0.000,255,739,green,0.364,,0,unknown,0.000000,null,0.000000,0.551,"[0.2, 0.29, 0.8, 1.0]","[256, 209, 1024, 720]",,"{""0"": 250, ""1"": 58, ""2"": null, ""3"": null, ""4"": null, ""5"": null, ""6"": null, ""7"": null}","{""0"": 0.0, ""1"": 0.0, ""2"": null, ""3"": null, ""4"": null, ""5"": null, ""6"": null, ""7"": null}","{""0"": 250, ""1"": 58}",58,1,1,0,0,0.551,car-not-detected-or-stale,KEEP_PAUSED,,,,373
374,2026-08-02T03:33:02.397+09:00,46.881,373,4.70,0,DRIVING,,0,0,1,0,0,0,,,0,0,0.000000,0.000000,0,0,0.000,255,739,green,0.253,,0,unknown,0.000000,null,0.000000,0.434,"[0.2, 0.29, 0.8, 1.0]","[256, 209, 1024, 720]",,"{""0"": 250, ""1"": 58, ""2"": null, ""3"": null, ""4"": null, ""5"": null, ""6"": null, ""7"": null}","{""0"": 0.0, ""1"": 0.0, ""2"": null, ""3"": null, ""4"": null, ""5"": null, ""6"": null, ""7"": null}","{""0"": 250, ""1"": 58}",58,1,1,0,0,0.434,car-not-detected-or-stale,KEEP_PAUSED,,,,374
375,2026-08-02T03:33:02.536+09:00,47.018,374,4.73,0,DRIVING,,0,0,1,0,0,0,,,0,0,0.000000,0.000000,0,0,0.000,255,739,green,0.250,,0,unknown,0.000000,null,0.000000,0.319,"[0.2, 0.29, 0.8, 1.0]","[256, 209, 1024, 720]",,"{""0"": 250, ""1"": 58, ""2"": null, ""3"": null, ""4"": null, ""5"": null, ""6"": null, ""7"": null}","{""0"": 0.0, ""1"": 0.0, ""2"": null, ""3"": null, ""4"": null, ""5"": null, ""6"": null, ""7"": null}","{""0"": 250, ""1"": 58}",58,1,1,0,0,0.319,car-not-detected-or-stale,KEEP_PAUSED,,,,375
376,2026-08-02T03:33:02.706+09:00,47.175,375,4.77,0,DRIVING,,0,0,1,0,0,0,,,0,0,0.000000,0.000000,0,0,0.000,255,739,green,0.150,,0,unknown,0.000000,null,0.000000,0.234,"[0.2, 0.29, 0.8, 1.0]","[256, 209, 1024, 720]",,"{""0"": 250, ""1"": 58, ""2"": null, ""3"": null, ""4"": null, ""5"": null, ""6"": null, ""7"": null}","{""0"": 0.0, ""1"": 0.0, ""2"": null, ""3"": null, ""4"": null, ""5"": null, ""6"": null, ""7"": null}","{""0"": 250, ""1"": 58}",58,1,1,0,0,0.234,car-not-detected-or-stale,KEEP_PAUSED,,,,376
377,2026-08-02T03:33:02.989+09:00,47.476,376,4.65,0,DRIVING,,0,0,1,0,0,0,,,0,0,0.000000,0.000000,0,0,0.000,255,739,green,0.185,,0,unknown,0.000000,null,0.000000,0.393,"[0.2, 0.29, 0.8, 1.0]","[256, 209, 1024, 720]",,"{""0"": 250, ""1"": 58, ""2"": null, ""3"": null, ""4"": null, ""5"": null, ""6"": null, ""7"": null}","{""0"": 0.0, ""1"": 0.0, ""2"": null, ""3"": null, ""4"": null, ""5"": null, ""6"": null, ""7"": null}","{""0"": 250, ""1"": 58}",58,1,1,0,0,0.393,car-not-detected-or-stale,KEEP_PAUSED,,,,377
378,2026-08-02T03:33:03.232+09:00,47.719,377,4.65,0,DRIVING,,0,0,1,0,0,0,,,0,0,0.000000,0.000000,0,0,0.000,255,739,green,0.279,,0,unknown,0.000000,null,0.000000,0.461,"[0.2, 0.29, 0.8, 1.0]","[256, 209, 1024, 720]",,"{""0"": 250, ""1"": 58, ""2"": null, ""3"": null, ""4"": null, ""5"": null, ""6"": null, ""7"": null}","{""0"": 0.0, ""1"": 0.0, ""2"": null, ""3"": null, ""4"": null, ""5"": null, ""6"": null, ""7"": null}","{""0"": 250, ""1"": 58}",58,1,1,0,0,0.461,car-not-detected-or-stale,KEEP_PAUSED,,,,378
379,2026-08-02T03:33:03.753+09:00,48.236,378,4.39,0,DRIVING,,0,0,1,0,0,0,,,0,0,0.000000,0.000000,0,0,0.000,255,739,green,0.264,,0,unknown,0.000000,null,0.000000,0.704,"[0.2, 0.29, 0.8, 1.0]","[256, 209, 1024, 720]",,"{""0"": 250, ""1"": 58, ""2"": null, ""3"": null, ""4"": null, ""5"": null, ""6"": null, ""7"": null}","{""0"": 0.0, ""1"": 0.0, ""2"": null, ""3"": null, ""4"": null, ""5"": null, ""6"": null, ""7"": null}","{""0"": 250, ""1"": 58}",58,1,1,0,0,0.704,car-not-detected-or-stale,KEEP_PAUSED,,,,379
380,2026-08-02T03:33:04.145+09:00,48.628,379,4.30,0,DRIVING,,0,0,1,0,0,0,,,0,0,0.000000,0.000000,0,0,0.000,255,739,unknown,0.528,,0,unknown,0.000000,null,0.000000,0.839,"[0.2, 0.29, 0.8, 1.0]","[256, 209, 1024, 720]",,"{""0"": 250, ""1"": 58, ""2"": null, ""3"": null, ""4"": null, ""5"": null, ""6"": null, ""7"": null}","{""0"": 0.0, ""1"": 0.0, ""2"": null, ""3"": null, ""4"": null, ""5"": null, ""6"": null, ""7"": null}","{""0"": 250, ""1"": 58}",58,1,1,0,0,0.839,car-not-detected-or-stale,KEEP_PAUSED,,,,380
381,2026-08-02T03:33:04.348+09:00,48.834,380,4.25,0,DRIVING,,0,0,1,0,0,0,,,0,0,0.000000,0.000000,0,0,0.000,255,738,green,0.392,,0,unknown,0.000000,null,0.000000,0.525,"[0.2, 0.29, 0.8, 1.0]","[256, 209, 1024, 720]",,"{""0"": 250, ""1"": 58, ""2"": null, ""3"": null, ""4"": null, ""5"": null, ""6"": null, ""7"": null}","{""0"": 0.0, ""1"": 0.0, ""2"": null, ""3"": null, ""4"": null, ""5"": null, ""6"": null, ""7"": null}","{""0"": 250, ""1"": 58}",58,1,1,0,0,0.525,car-not-detected-or-stale,KEEP_PAUSED,,,,381
382,2026-08-02T03:33:04.638+09:00,49.125,381,4.22,0,DRIVING,,0,0,1,0,0,0,,,0,0,0.000000,0.000000,0,0,0.000,255,739,green,0.203,,0,unknown,0.000000,null,0.000000,0.433,"[0.2, 0.29, 0.8, 1.0]","[256, 209, 1024, 720]",,"{""0"": 250, ""1"": 58, ""2"": null, ""3"": null, ""4"": null, ""5"": null, ""6"": null, ""7"": null}","{""0"": 0.0, ""1"": 0.0, ""2"": null, ""3"": null, ""4"": null, ""5"": null, ""6"": null, ""7"": null}","{""0"": 250, ""1"": 58}",58,1,1,0,0,0.433,car-not-detected-or-stale,KEEP_PAUSED,,,,382
383,2026-08-02T03:33:05.104+09:00,49.586,382,4.09,0,DRIVING,,0,0,1,0,0,0,,,0,0,0.000000,0.000000,0,0,0.000,255,739,green,0.302,,0,unknown,0.000000,null,0.000000,0.696,"[0.2, 0.29, 0.8, 1.0]","[256, 209, 1024, 720]",,"{""0"": 250, ""1"": 59, ""2"": null, ""3"": null, ""4"": null, ""5"": null, ""6"": null, ""7"": null}","{""0"": 0.0, ""1"": 0.0, ""2"": null, ""3"": null, ""4"": null, ""5"": null, ""6"": null, ""7"": null}","{""0"": 250, ""1"": 59}",59,1,1,0,0,0.696,car-not-detected-or-stale,KEEP_PAUSED,,,,383
384,2026-08-02T03:33:05.408+09:00,49.895,383,4.02,0,DRIVING,,0,0,1,0,0,0,,,0,0,0.000000,0.000000,0,0,0.000,255,740,green,0.474,,0,unknown,0.000000,null,0.000000,0.713,"[0.2, 0.29, 0.8, 1.0]","[256, 209, 1024, 720]",,"{""0"": 250, ""1"": 59, ""2"": null, ""3"": null, ""4"": null, ""5"": null, ""6"": null, ""7"": null}","{""0"": 0.0, ""1"": 0.0, ""2"": null, ""3"": null, ""4"": null, ""5"": null, ""6"": null, ""7"": null}","{""0"": 250, ""1"": 59}",59,1,1,0,0,0.713,car-not-detected-or-stale,KEEP_PAUSED,,,,384
385,2026-08-02T03:33:05.753+09:00,50.239,384,3.92,0,DRIVING,,0,0,1,0,0,0,,,0,0,0.000000,0.000000,0,0,0.000,255,739,green,0.311,,0,unknown,0.000000,null,0.000000,1.056,"[0.2, 0.29, 0.8, 1.0]","[256, 209, 1024, 720]",,"{""0"": 250, ""1"": 59, ""2"": null, ""3"": null, ""4"": null, ""5"": null, ""6"": null, ""7"": null}","{""0"": 0.0, ""1"": 0.0, ""2"": null, ""3"": null, ""4"": null, ""5"": null, ""6"": null, ""7"": null}","{""0"": 250, ""1"": 59}",59,1,1,0,0,1.056,car-not-detected-or-stale,KEEP_PAUSED,,,,385
386,2026-08-02T03:33:06.048+09:00,50.535,385,3.85,0,DRIVING,,0,0,1,0,0,0,,,0,0,0.000000,0.000000,0,0,0.000,255,739,green,0.352,,0,unknown,0.000000,null,0.000000,0.882,"[0.2, 0.29, 0.8, 1.0]","[256, 209, 1024, 720]",,"{""0"": 250, ""1"": 59, ""2"": null, ""3"": null, ""4"": null, ""5"": null, ""6"": null, ""7"": null}","{""0"": 0.0, ""1"": 0.0, ""2"": null, ""3"": null, ""4"": null, ""5"": null, ""6"": null, ""7"": null}","{""0"": 250, ""1"": 59}",59,1,1,0,0,0.882,car-not-detected-or-stale,KEEP_PAUSED,,,,386
387,2026-08-02T03:33:06.342+09:00,50.825,386,3.90,0,DRIVING,,0,0,1,0,0,0,,,0,0,0.000000,0.000000,0,0,0.000,255,739,green,0.310,,0,unknown,0.000000,null,0.000000,0.870,"[0.2, 0.29, 0.8, 1.0]","[256, 209, 1024, 720]",,"{""0"": 250, ""1"": 59, ""2"": null, ""3"": null, ""4"": null, ""5"": null, ""6"": null, ""7"": null}","{""0"": 0.0, ""1"": 0.0, ""2"": null, ""3"": null, ""4"": null, ""5"": null, ""6"": null, ""7"": null}","{""0"": 250, ""1"": 59}",59,1,1,0,0,0.870,car-not-detected-or-stale,KEEP_PAUSED,,,,387
388,2026-08-02T03:33:06.611+09:00,51.098,387,3.90,0,DRIVING,,0,0,1,0,0,0,,,0,0,0.000000,0.000000,0,0,0.000,255,738,green,0.294,,0,unknown,0.000000,null,0.000000,0.802,"[0.2, 0.29, 0.8, 1.0]","[256, 209, 1024, 720]",,"{""0"": 250, ""1"": 59, ""2"": null, ""3"": null, ""4"": null, ""5"": null, ""6"": null, ""7"": null}","{""0"": 0.0, ""1"": 0.0, ""2"": null, ""3"": null, ""4"": null, ""5"": null, ""6"": null, ""7"": null}","{""0"": 250, ""1"": 59}",59,1,1,0,0,0.802,car-not-detected-or-stale,KEEP_PAUSED,,,,388
389,2026-08-02T03:33:07.013+09:00,51.497,388,3.80,0,DRIVING,,0,0,1,0,0,0,,,0,0,0.000000,0.000000,0,0,0.000,255,739,green,0.270,,0,unknown,0.000000,null,0.000000,0.897,"[0.2, 0.29, 0.8, 1.0]","[256, 209, 1024, 720]",,"{""0"": 250, ""1"": 59, ""2"": null, ""3"": null, ""4"": null, ""5"": null, ""6"": null, ""7"": null}","{""0"": 0.0, ""1"": 0.0, ""2"": null, ""3"": null, ""4"": null, ""5"": null, ""6"": null, ""7"": null}","{""0"": 250, ""1"": 59}",59,1,1,0,0,0.897,car-not-detected-or-stale,KEEP_PAUSED,,,,389
390,2026-08-02T03:33:07.443+09:00,51.929,389,3.68,0,DRIVING,,0,0,1,0,0,0,,,0,0,0.000000,0.000000,0,0,0.000,255,739,green,0.411,,0,unknown,0.000000,null,0.000000,0.777,"[0.2, 0.29, 0.8, 1.0]","[256, 209, 1024, 720]",,"{""0"": 250, ""1"": 59, ""2"": null, ""3"": null, ""4"": null, ""5"": null, ""6"": null, ""7"": null}","{""0"": 0.0, ""1"": 0.0, ""2"": null, ""3"": null, ""4"": null, ""5"": null, ""6"": null, ""7"": null}","{""0"": 250, ""1"": 59}",59,1,1,0,0,0.777,car-not-detected-or-stale,KEEP_PAUSED,,,,390
391,2026-08-02T03:33:07.788+09:00,52.274,390,3.59,0,DRIVING,,0,0,1,0,0,0,,,0,0,0.000000,0.000000,0,0,0.000,255,739,green,0.439,,0,unknown,0.000000,null,0.000000,1.121,"[0.2, 0.29, 0.8, 1.0]","[256, 209, 1024, 720]",,"{""0"": 250, ""1"": 58, ""2"": null, ""3"": null, ""4"": null, ""5"": null, ""6"": null, ""7"": null}","{""0"": 0.0, ""1"": 0.0, ""2"": null, ""3"": null, ""4"": null, ""5"": null, ""6"": null, ""7"": null}","{""0"": 250, ""1"": 58}",58,1,1,0,0,1.121,car-not-detected-or-stale,KEEP_PAUSED,,,,391
392,2026-08-02T03:33:07.982+09:00,52.463,391,3.58,0,DRIVING,,0,0,1,0,0,0,,,0,0,0.000000,0.000000,0,0,0.000,255,739,green,0.342,,0,unknown,0.000000,null,0.000000,0.903,"[0.2, 0.29, 0.8, 1.0]","[256, 209, 1024, 720]",,"{""0"": 250, ""1"": 59, ""2"": null, ""3"": null, ""4"": null, ""5"": null, ""6"": null, ""7"": null}","{""0"": 0.0, ""1"": 0.0, ""2"": null, ""3"": null, ""4"": null, ""5"": null, ""6"": null, ""7"": null}","{""0"": 250, ""1"": 59}",59,1,1,0,0,0.903,car-not-detected-or-stale,KEEP_PAUSED,,,,392
393,2026-08-02T03:33:08.408+09:00,52.891,392,3.54,0,DRIVING,,0,0,1,0,0,0,,,0,0,0.000000,0.000000,0,0,0.000,255,739,green,0.208,,0,unknown,0.000000,null,0.000000,0.562,"[0.2, 0.29, 0.8, 1.0]","[256, 209, 1024, 720]",,"{""0"": 250, ""1"": 59, ""2"": null, ""3"": null, ""4"": null, ""5"": null, ""6"": null, ""7"": null}","{""0"": 0.0, ""1"": 0.0, ""2"": null, ""3"": null, ""4"": null, ""5"": null, ""6"": null, ""7"": null}","{""0"": 250, ""1"": 59}",59,1,1,0,0,0.562,car-not-detected-or-stale,KEEP_PAUSED,,,,393
394,2026-08-02T03:33:08.787+09:00,53.270,393,3.45,0,DRIVING,,0,0,1,0,0,0,,,0,0,0.000000,0.000000,0,0,0.000,255,739,green,0.444,,0,unknown,0.000000,null,0.000000,0.744,"[0.2, 0.29, 0.8, 1.0]","[256, 209, 1024, 720]",,"{""0"": 250, ""1"": 59, ""2"": null, ""3"": null, ""4"": null, ""5"": null, ""6"": null, ""7"": null}","{""0"": 0.0, ""1"": 0.0, ""2"": null, ""3"": null, ""4"": null, ""5"": null, ""6"": null, ""7"": null}","{""0"": 250, ""1"": 59}",59,1,1,0,0,0.744,car-not-detected-or-stale,KEEP_PAUSED,,,,394
395,2026-08-02T03:33:08.971+09:00,53.453,394,3.47,0,DRIVING,,0,0,1,0,0,0,,,0,0,0.000000,0.000000,0,0,0.000,255,739,green,0.381,,0,unknown,0.000000,null,0.000000,0.928,"[0.2, 0.29, 0.8, 1.0]","[256, 209, 1024, 720]",,"{""0"": 250, ""1"": 59, ""2"": null, ""3"": null, ""4"": null, ""5"": null, ""6"": null, ""7"": null}","{""0"": 0.0, ""1"": 0.0, ""2"": null, ""3"": null, ""4"": null, ""5"": null, ""6"": null, ""7"": null}","{""0"": 250, ""1"": 59}",59,1,1,0,0,0.928,car-not-detected-or-stale,KEEP_PAUSED,,,,395
396,2026-08-02T03:33:09.308+09:00,53.790,395,3.39,0,DRIVING,,0,0,1,0,0,0,,,0,0,0.000000,0.000000,0,0,0.000,255,739,green,0.187,,0,unknown,0.000000,null,0.000000,0.454,"[0.2, 0.29, 0.8, 1.0]","[256, 209, 1024, 720]",,"{""0"": 250, ""1"": 59, ""2"": null, ""3"": null, ""4"": null, ""5"": null, ""6"": null, ""7"": null}","{""0"": 0.0, ""1"": 0.0, ""2"": null, ""3"": null, ""4"": null, ""5"": null, ""6"": null, ""7"": null}","{""0"": 250, ""1"": 59}",59,1,1,0,0,0.454,car-not-detected-or-stale,KEEP_PAUSED,,,,396
397,2026-08-02T03:33:09.562+09:00,54.046,396,3.36,0,DRIVING,,0,0,1,0,0,0,,,0,0,0.000000,0.000000,0,0,0.000,255,738,green,0.351,,0,unknown,0.000000,null,0.000000,0.529,"[0.2, 0.29, 0.8, 1.0]","[256, 209, 1024, 720]",,"{""0"": 250, ""1"": 59, ""2"": null, ""3"": null, ""4"": null, ""5"": null, ""6"": null, ""7"": null}","{""0"": 0.0, ""1"": 0.0, ""2"": null, ""3"": null, ""4"": null, ""5"": null, ""6"": null, ""7"": null}","{""0"": 250, ""1"": 59}",59,1,1,0,0,0.529,car-not-detected-or-stale,KEEP_PAUSED,,,,397
398,2026-08-02T03:33:09.960+09:00,54.444,397,3.30,0,DRIVING,,0,0,1,0,0,0,,,0,0,0.000000,0.000000,0,0,0.000,255,739,green,0.269,,0,unknown,0.000000,null,0.000000,0.585,"[0.2, 0.29, 0.8, 1.0]","[256, 209, 1024, 720]",,"{""0"": 250, ""1"": 59, ""2"": null, ""3"": null, ""4"": null, ""5"": null, ""6"": null, ""7"": null}","{""0"": 0.0, ""1"": 0.0, ""2"": null, ""3"": null, ""4"": null, ""5"": null, ""6"": null, ""7"": null}","{""0"": 250, ""1"": 59}",59,1,1,0,0,0.585,car-not-detected-or-stale,KEEP_PAUSED,,,,398
399,2026-08-02T03:33:10.253+09:00,54.737,398,3.30,0,DRIVING,,0,0,1,0,0,0,,,0,0,0.000000,0.000000,0,0,0.000,255,738,green,0.407,,0,unknown,0.000000,null,0.000000,0.614,"[0.2, 0.29, 0.8, 1.0]","[256, 209, 1024, 720]",,"{""0"": 250, ""1"": 59, ""2"": null, ""3"": null, ""4"": null, ""5"": null, ""6"": null, ""7"": null}","{""0"": 0.0, ""1"": 0.0, ""2"": null, ""3"": null, ""4"": null, ""5"": null, ""6"": null, ""7"": null}","{""0"": 250, ""1"": 59}",59,1,1,0,0,0.614,car-not-detected-or-stale,KEEP_PAUSED,,,,399
400,2026-08-02T03:33:10.647+09:00,55.131,399,3.23,0,DRIVING,,0,0,1,0,0,0,,,0,0,0.000000,0.000000,0,0,0.000,255,739,green,0.305,,0,unknown,0.000000,null,0.000000,0.611,"[0.2, 0.29, 0.8, 1.0]","[256, 209, 1024, 720]",,"{""0"": 250, ""1"": 59, ""2"": null, ""3"": null, ""4"": null, ""5"": null, ""6"": null, ""7"": null}","{""0"": 0.0, ""1"": 0.0, ""2"": null, ""3"": null, ""4"": null, ""5"": null, ""6"": null, ""7"": null}","{""0"": 250, ""1"": 59}",59,1,1,0,0,0.611,car-not-detected-or-stale,KEEP_PAUSED,,,,400
401,2026-08-02T03:33:11.037+09:00,55.523,400,3.15,0,DRIVING,,0,0,1,0,0,0,,,0,0,0.000000,0.000000,0,0,0.000,255,739,green,0.401,,0,unknown,0.000000,null,0.000000,0.710,"[0.2, 0.29, 0.8, 1.0]","[256, 209, 1024, 720]",,"{""0"": 250, ""1"": 59, ""2"": null, ""3"": null, ""4"": null, ""5"": null, ""6"": null, ""7"": null}","{""0"": 0.0, ""1"": 0.0, ""2"": null, ""3"": null, ""4"": null, ""5"": null, ""6"": null, ""7"": null}","{""0"": 250, ""1"": 59}",59,1,1,0,0,0.710,car-not-detected-or-stale,KEEP_PAUSED,,,,401
402,2026-08-02T03:33:11.331+09:00,55.816,401,3.18,0,DRIVING,,0,0,1,0,0,0,,,0,0,0.000000,0.000000,0,0,0.000,255,739,green,0.377,,0,unknown,0.000000,null,0.000000,0.607,"[0.2, 0.29, 0.8, 1.0]","[256, 209, 1024, 720]",,"{""0"": 250, ""1"": 59, ""2"": null, ""3"": null, ""4"": null, ""5"": null, ""6"": null, ""7"": null}","{""0"": 0.0, ""1"": 0.0, ""2"": null, ""3"": null, ""4"": null, ""5"": null, ""6"": null, ""7"": null}","{""0"": 250, ""1"": 59}",59,1,1,0,0,0.607,car-not-detected-or-stale,KEEP_PAUSED,,,,402
403,2026-08-02T03:33:11.524+09:00,56.007,402,3.20,0,DRIVING,,0,0,1,0,0,0,,,0,0,0.000000,0.000000,0,0,0.000,255,740,green,0.299,,0,unknown,0.000000,null,0.000000,0.425,"[0.2, 0.29, 0.8, 1.0]","[256, 209, 1024, 720]",,"{""0"": 250, ""1"": 59, ""2"": null, ""3"": null, ""4"": null, ""5"": null, ""6"": null, ""7"": null}","{""0"": 0.0, ""1"": 0.0, ""2"": null, ""3"": null, ""4"": null, ""5"": null, ""6"": null, ""7"": null}","{""0"": 250, ""1"": 59}",59,1,1,0,0,0.425,car-not-detected-or-stale,KEEP_PAUSED,,,,403
404,2026-08-02T03:33:11.726+09:00,56.209,403,3.22,0,DRIVING,,0,0,1,0,0,0,,,0,0,0.000000,0.000000,0,0,0.000,255,741,green,0.209,,0,unknown,0.000000,null,0.000000,0.336,"[0.2, 0.29, 0.8, 1.0]","[256, 209, 1024, 720]",,"{""0"": 250, ""1"": 59, ""2"": null, ""3"": null, ""4"": null, ""5"": null, ""6"": null, ""7"": null}","{""0"": 0.0, ""1"": 0.0, ""2"": null, ""3"": null, ""4"": null, ""5"": null, ""6"": null, ""7"": null}","{""0"": 250, ""1"": 59}",59,1,1,0,0,0.336,car-not-detected-or-stale,KEEP_PAUSED,,,,404
405,2026-08-02T03:33:11.883+09:00,56.359,404,3.21,0,DRIVING,,0,0,1,0,0,0,,,0,0,0.000000,0.000000,0,0,0.000,255,740,green,0.205,,0,unknown,0.000000,null,0.000000,0.282,"[0.2, 0.29, 0.8, 1.0]","[256, 209, 1024, 720]",,"{""0"": 250, ""1"": 59, ""2"": null, ""3"": null, ""4"": null, ""5"": null, ""6"": null, ""7"": null}","{""0"": 0.0, ""1"": 0.0, ""2"": null, ""3"": null, ""4"": null, ""5"": null, ""6"": null, ""7"": null}","{""0"": 250, ""1"": 59}",59,1,1,0,0,0.282,car-not-detected-or-stale,KEEP_PAUSED,,,,405
406,2026-08-02T03:33:12.138+09:00,56.622,405,3.18,0,DRIVING,,0,0,1,0,0,0,,,0,0,0.000000,0.000000,0,0,0.000,255,739,green,0.176,,0,unknown,0.000000,null,0.000000,0.351,"[0.2, 0.29, 0.8, 1.0]","[256, 209, 1024, 720]",,"{""0"": 250, ""1"": 9, ""2"": null, ""3"": null, ""4"": null, ""5"": null, ""6"": null, ""7"": null}","{""0"": 0.0, ""1"": 0.0, ""2"": null, ""3"": null, ""4"": null, ""5"": null, ""6"": null, ""7"": null}","{""0"": 250, ""1"": 9}",9,1,1,0,0,0.351,car-not-detected-or-stale,KEEP_PAUSED,,,,406
407,2026-08-02T03:33:12.422+09:00,56.904,406,3.18,0,DRIVING,,0,0,1,0,0,0,,,0,0,0.000000,0.000000,0,0,0.000,255,739,green,0.261,,0,unknown,0.000000,null,0.000000,0.462,"[0.2, 0.29, 0.8, 1.0]","[256, 209, 1024, 720]",,"{""0"": 250, ""1"": 58, ""2"": null, ""3"": null, ""4"": null, ""5"": null, ""6"": null, ""7"": null}","{""0"": 0.0, ""1"": 0.0, ""2"": null, ""3"": null, ""4"": null, ""5"": null, ""6"": null, ""7"": null}","{""0"": 250, ""1"": 58}",58,1,1,0,0,0.462,car-not-detected-or-stale,KEEP_PAUSED,,,,407
408,2026-08-02T03:33:12.705+09:00,57.189,407,3.17,0,DRIVING,,0,0,1,0,0,0,,,0,0,0.000000,0.000000,0,0,0.000,255,739,red,0.287,,0,unknown,0.000000,null,0.000000,0.493,"[0.2, 0.29, 0.8, 1.0]","[256, 209, 1024, 720]",,"{""0"": 250, ""1"": 16, ""2"": null, ""3"": null, ""4"": null, ""5"": null, ""6"": null, ""7"": null}","{""0"": 0.0, ""1"": 0.0, ""2"": null, ""3"": null, ""4"": null, ""5"": null, ""6"": null, ""7"": null}","{""0"": 250, ""1"": 16}",16,1,1,0,0,0.493,car-not-detected-or-stale,KEEP_PAUSED,,,,408
409,2026-08-02T03:33:12.970+09:00,57.456,408,3.25,0,DRIVING,,0,1,1,0,0,1,-0.116335,,0,0,0.209403,0.209403,0,0,0.000,255,739,red,0.287,,0,unknown,0.000000,null,0.000000,0.482,"[0.2, 0.29, 0.8, 1.0]","[256, 209, 1024, 720]",,"{""0"": 250, ""1"": 7, ""2"": null, ""3"": null, ""4"": null, ""5"": null, ""6"": null, ""7"": null}","{""0"": 0.0, ""1"": 0.0, ""2"": null, ""3"": null, ""4"": null, ""5"": null, ""6"": null, ""7"": null}","{""0"": 250, ""1"": 7}",7,1,1,0,0,0.482,car-not-detected-or-stale,KEEP_PAUSED,left,,,0
410,2026-08-02T03:33:13.236+09:00,57.720,409,3.30,0,DRIVING,,0,1,1,0,0,0,-0.081611,,0,0,0.084395,0.084395,0,0,0.000,255,739,unknown,0.263,,0,unknown,0.000000,null,0.000000,0.746,"[0.2, 0.29, 0.8, 1.0]","[256, 209, 1024, 720]",,"{""0"": 250, ""1"": 16, ""2"": null, ""3"": null, ""4"": null, ""5"": null, ""6"": null, ""7"": null}","{""0"": 0.0, ""1"": 0.0, ""2"": null, ""3"": null, ""4"": null, ""5"": null, ""6"": null, ""7"": null}","{""0"": 250, ""1"": 16}",16,1,1,0,0,0.746,car-not-detected-or-stale,KEEP_PAUSED,left,,,0
411,2026-08-02T03:33:13.583+09:00,58.066,410,3.25,0,DRIVING,,0,0,1,0,0,1,,,0,0,0.084395,0.084395,0,0,0.000,255,738,unknown,0.275,,0,unknown,0.000000,null,0.000000,0.554,"[0.2, 0.29, 0.8, 1.0]","[256, 209, 1024, 720]",,"{""0"": 250, ""1"": 14, ""2"": null, ""3"": null, ""4"": null, ""5"": null, ""6"": null, ""7"": null}","{""0"": 0.0, ""1"": 0.0, ""2"": null, ""3"": null, ""4"": null, ""5"": null, ""6"": null, ""7"": null}","{""0"": 250, ""1"": 14}",14,1,1,0,0,0.554,car-not-detected-or-stale,KEEP_PAUSED,,,,1
412,2026-08-02T03:33:13.771+09:00,58.255,411,3.29,0,DRIVING,,0,0,1,0,0,0,,,0,0,0.084395,0.084395,0,0,0.000,255,739,unknown,0.356,,0,unknown,0.000000,null,0.000000,0.741,"[0.2, 0.29, 0.8, 1.0]","[256, 209, 1024, 720]",,"{""0"": 250, ""1"": 15, ""2"": null, ""3"": null, ""4"": null, ""5"": null, ""6"": null, ""7"": null}","{""0"": 0.0, ""1"": 0.0, ""2"": null, ""3"": null, ""4"": null, ""5"": null, ""6"": null, ""7"": null}","{""0"": 250, ""1"": 15}",15,1,1,0,0,0.741,car-not-detected-or-stale,KEEP_PAUSED,,,,2
413,2026-08-02T03:33:13.950+09:00,58.433,412,3.39,0,DRIVING,,0,0,1,0,0,0,,,0,0,0.084395,0.084395,0,0,0.000,255,739,unknown,0.192,,0,unknown,0.000000,null,0.000000,0.651,"[0.2, 0.29, 0.8, 1.0]","[256, 209, 1024, 720]",,"{""0"": 250, ""1"": 12, ""2"": null, ""3"": null, ""4"": null, ""5"": null, ""6"": null, ""7"": null}","{""0"": 0.0, ""1"": 0.0, ""2"": null, ""3"": null, ""4"": null, ""5"": null, ""6"": null, ""7"": null}","{""0"": 250, ""1"": 12}",12,1,1,0,0,0.651,car-not-detected-or-stale,KEEP_PAUSED,,,,3
414,2026-08-02T03:33:14.299+09:00,58.788,413,3.37,0,DRIVING,,0,0,1,0,0,0,,,0,0,0.084395,0.084395,0,0,0.000,255,741,unknown,0.186,,0,unknown,0.000000,null,0.000000,0.658,"[0.2, 0.29, 0.8, 1.0]","[256, 209, 1024, 720]",,"{""0"": 250, ""1"": 12, ""2"": null, ""3"": null, ""4"": null, ""5"": null, ""6"": null, ""7"": null}","{""0"": 0.0, ""1"": 0.0, ""2"": null, ""3"": null, ""4"": null, ""5"": null, ""6"": null, ""7"": null}","{""0"": 250, ""1"": 12}",12,1,1,0,0,0.658,car-not-detected-or-stale,KEEP_PAUSED,,,,4
415,2026-08-02T03:33:14.560+09:00,59.045,414,3.41,0,DRIVING,,0,1,1,0,0,1,-0.186719,,0,0,0.481535,0.481535,0,0,0.000,255,739,unknown,0.351,,0,unknown,0.000000,null,0.000000,0.724,"[0.2, 0.29, 0.8, 1.0]","[256, 209, 1024, 720]",,"{""0"": 250, ""1"": 14, ""2"": null, ""3"": null, ""4"": null, ""5"": null, ""6"": null, ""7"": null}","{""0"": 0.0, ""1"": 0.0, ""2"": null, ""3"": null, ""4"": null, ""5"": null, ""6"": null, ""7"": null}","{""0"": 250, ""1"": 14}",14,1,1,0,0,0.724,car-not-detected-or-stale,KEEP_PAUSED,left,,,0
416,2026-08-02T03:33:14.810+09:00,59.297,415,3.42,0,DRIVING,,0,0,1,0,0,0,,,0,0,0.481535,0.481535,0,0,0.000,255,739,green,0.267,,0,unknown,0.000000,null,0.000000,0.803,"[0.2, 0.29, 0.8, 1.0]","[256, 209, 1024, 720]",,"{""0"": 250, ""1"": 16, ""2"": null, ""3"": null, ""4"": null, ""5"": null, ""6"": null, ""7"": null}","{""0"": 0.0, ""1"": 0.0, ""2"": null, ""3"": null, ""4"": null, ""5"": null, ""6"": null, ""7"": null}","{""0"": 250, ""1"": 16}",16,1,1,0,0,0.803,car-not-detected-or-stale,KEEP_PAUSED,,,,1
417,2026-08-02T03:33:14.969+09:00,59.453,416,3.48,0,DRIVING,,0,1,1,0,0,0,0.219965,,0,0,-1.000000,-1.000000,0,0,0.000,255,739,unknown,0.257,,0,unknown,0.000000,null,0.000000,0.611,"[0.2, 0.29, 0.8, 1.0]","[256, 209, 1024, 720]",,"{""0"": 250, ""1"": 11, ""2"": null, ""3"": null, ""4"": null, ""5"": null, ""6"": null, ""7"": null}","{""0"": 0.0, ""1"": 0.0, ""2"": null, ""3"": null, ""4"": null, ""5"": null, ""6"": null, ""7"": null}","{""0"": 250, ""1"": 11}",11,1,1,0,0,0.611,car-not-detected-or-stale,KEEP_PAUSED,left,,,0
418,2026-08-02T03:33:15.109+09:00,59.593,417,3.53,0,DRIVING,,0,0,1,0,0,0,,,0,0,-1.000000,-1.000000,0,0,0.000,255,739,unknown,0.170,,0,unknown,0.000000,null,0.000000,0.488,"[0.2, 0.29, 0.8, 1.0]","[256, 209, 1024, 720]",,"{""0"": 250, ""1"": 9, ""2"": null, ""3"": null, ""4"": null, ""5"": null, ""6"": null, ""7"": null}","{""0"": 0.0, ""1"": 0.0, ""2"": null, ""3"": null, ""4"": null, ""5"": null, ""6"": null, ""7"": null}","{""0"": 250, ""1"": 9}",9,1,1,0,0,0.488,car-not-detected-or-stale,KEEP_PAUSED,,,,1
419,2026-08-02T03:33:15.273+09:00,59.756,418,3.63,0,DRIVING,,0,1,1,0,0,0,0.228750,,0,0,-0.868718,-0.868718,0,0,0.000,255,739,unknown,0.148,,0,unknown,0.000000,null,0.000000,0.237,"[0.2, 0.29, 0.8, 1.0]","[256, 209, 1024, 720]",,"{""0"": 250, ""1"": 250, ""2"": null, ""3"": null, ""4"": null, ""5"": null, ""6"": null, ""7"": null}","{""0"": 0.0, ""1"": 0.0, ""2"": null, ""3"": null, ""4"": null, ""5"": null, ""6"": null, ""7"": null}","{""0"": 250, ""1"": 250}",250,1,0,0,0,0.237,ultrasonic-not-close,KEEP_PAUSED,left,,,0
420,2026-08-02T03:33:15.533+09:00,60.020,419,3.71,0,DRIVING,,0,1,1,0,0,0,0.213542,,0,0,-0.676878,-0.676878,0,0,0.000,255,740,unknown,0.178,,0,unknown,0.000000,null,0.000000,0.361,"[0.2, 0.29, 0.8, 1.0]","[256, 209, 1024, 720]",,"{""0"": 250, ""1"": 250, ""2"": null, ""3"": null, ""4"": null, ""5"": null, ""6"": null, ""7"": null}","{""0"": 0.0, ""1"": 0.0, ""2"": null, ""3"": null, ""4"": null, ""5"": null, ""6"": null, ""7"": null}","{""0"": 250, ""1"": 250}",250,1,0,0,0,0.361,ultrasonic-not-close,KEEP_PAUSED,left,,,0
421,2026-08-02T03:33:15.933+09:00,60.420,420,3.68,0,DRIVING,,0,0,1,0,0,0,,,0,0,-0.676878,-0.676878,0,0,0.000,255,739,unknown,0.275,,0,unknown,0.000000,null,0.000000,0.590,"[0.2, 0.29, 0.8, 1.0]","[256, 209, 1024, 720]",,"{""0"": 250, ""1"": 250, ""2"": null, ""3"": null, ""4"": null, ""5"": null, ""6"": null, ""7"": null}","{""0"": 0.0, ""1"": 0.0, ""2"": null, ""3"": null, ""4"": null, ""5"": null, ""6"": null, ""7"": null}","{""0"": 250, ""1"": 250}",250,1,0,0,0,0.590,ultrasonic-not-close,KEEP_PAUSED,,,,1
422,2026-08-02T03:33:16.196+09:00,60.685,421,3.65,0,DRIVING,,0,1,1,0,0,0,0.086719,,0,0,-0.132564,-0.132564,0,0,0.000,255,740,red,0.402,,0,unknown,0.000000,null,0.000000,0.596,"[0.2, 0.29, 0.8, 1.0]","[256, 209, 1024, 720]",,"{""0"": 250, ""1"": 250, ""2"": null, ""3"": null, ""4"": null, ""5"": null, ""6"": null, ""7"": null}","{""0"": 0.0, ""1"": 0.0, ""2"": null, ""3"": null, ""4"": null, ""5"": null, ""6"": null, ""7"": null}","{""0"": 250, ""1"": 250}",250,1,0,0,0,0.596,ultrasonic-not-close,KEEP_PAUSED,left,,,0
423,2026-08-02T03:33:16.480+09:00,60.968,422,3.71,0,DRIVING,,0,0,1,0,0,0,,,0,0,-0.132564,-0.132564,0,0,0.000,255,740,red,0.267,,0,unknown,0.000000,null,0.000000,0.487,"[0.2, 0.29, 0.8, 1.0]","[256, 209, 1024, 720]",,"{""0"": 250, ""1"": 250, ""2"": null, ""3"": null, ""4"": null, ""5"": null, ""6"": null, ""7"": null}","{""0"": 0.0, ""1"": 0.0, ""2"": null, ""3"": null, ""4"": null, ""5"": null, ""6"": null, ""7"": null}","{""0"": 250, ""1"": 250}",250,1,0,0,0,0.487,ultrasonic-not-close,KEEP_PAUSED,,,,1
424,2026-08-02T03:33:16.806+09:00,61.291,423,3.74,0,DRIVING,,0,0,1,0,0,0,,,0,0,-0.132564,-0.132564,0,0,0.000,255,740,red,0.284,,0,unknown,0.000000,null,0.000000,0.808,"[0.2, 0.29, 0.8, 1.0]","[256, 209, 1024, 720]",,"{""0"": 250, ""1"": 250, ""2"": null, ""3"": null, ""4"": null, ""5"": null, ""6"": null, ""7"": null}","{""0"": 0.0, ""1"": 0.0, ""2"": null, ""3"": null, ""4"": null, ""5"": null, ""6"": null, ""7"": null}","{""0"": 250, ""1"": 250}",250,1,0,0,0,0.808,ultrasonic-not-close,KEEP_PAUSED,,,,2
425,2026-08-02T03:33:17.124+09:00,61.611,424,3.68,0,DRIVING,,0,0,1,0,0,0,,,0,0,-0.132564,-0.132564,0,0,0.000,255,739,red,0.338,,0,unknown,0.000000,null,0.000000,0.869,"[0.2, 0.29, 0.8, 1.0]","[256, 209, 1024, 720]",,"{""0"": 250, ""1"": 250, ""2"": null, ""3"": null, ""4"": null, ""5"": null, ""6"": null, ""7"": null}","{""0"": 0.0, ""1"": 0.0, ""2"": null, ""3"": null, ""4"": null, ""5"": null, ""6"": null, ""7"": null}","{""0"": 250, ""1"": 250}",250,1,0,0,0,0.869,ultrasonic-not-close,KEEP_PAUSED,,,,3
426,2026-08-02T03:33:17.454+09:00,61.940,425,3.68,0,DRIVING,,0,1,1,0,0,0,0.125223,,0,0,-0.278239,-0.278239,0,0,0.000,255,740,red,0.322,,0,unknown,0.000000,null,0.000000,0.920,"[0.2, 0.29, 0.8, 1.0]","[256, 209, 1024, 720]",,"{""0"": 250, ""1"": 250, ""2"": null, ""3"": null, ""4"": null, ""5"": null, ""6"": null, ""7"": null}","{""0"": 0.0, ""1"": 0.0, ""2"": null, ""3"": null, ""4"": null, ""5"": null, ""6"": null, ""7"": null}","{""0"": 250, ""1"": 250}",250,1,0,0,0,0.920,ultrasonic-not-close,KEEP_PAUSED,right,,,0
427,2026-08-02T03:33:17.700+09:00,62.184,426,3.69,0,DRIVING,,0,0,1,0,0,0,,,0,0,-0.278239,-0.278239,0,0,0.000,255,740,red,0.335,,0,unknown,0.000000,null,0.000000,0.830,"[0.2, 0.29, 0.8, 1.0]","[256, 209, 1024, 720]",,"{""0"": 250, ""1"": 250, ""2"": null, ""3"": null, ""4"": null, ""5"": null, ""6"": null, ""7"": null}","{""0"": 0.0, ""1"": 0.0, ""2"": null, ""3"": null, ""4"": null, ""5"": null, ""6"": null, ""7"": null}","{""0"": 250, ""1"": 250}",250,1,0,0,0,0.830,ultrasonic-not-close,KEEP_PAUSED,,,,1
428,2026-08-02T03:33:17.946+09:00,62.434,427,3.76,0,DRIVING,,0,0,1,0,0,0,,,0,0,-0.278239,-0.278239,0,0,0.000,255,739,red,0.251,,0,unknown,0.000000,null,0.000000,0.767,"[0.2, 0.29, 0.8, 1.0]","[256, 209, 1024, 720]",,"{""0"": 250, ""1"": 250, ""2"": null, ""3"": null, ""4"": null, ""5"": null, ""6"": null, ""7"": null}","{""0"": 0.0, ""1"": 0.0, ""2"": null, ""3"": null, ""4"": null, ""5"": null, ""6"": null, ""7"": null}","{""0"": 250, ""1"": 250}",250,1,0,0,0,0.767,ultrasonic-not-close,KEEP_PAUSED,,,,2
429,2026-08-02T03:33:18.116+09:00,62.602,428,3.81,0,DRIVING,,0,0,1,0,0,0,,,0,0,-0.278239,-0.278239,0,0,0.000,255,739,green,0.251,,0,unknown,0.000000,null,0.000000,0.604,"[0.2, 0.29, 0.8, 1.0]","[256, 209, 1024, 720]",,"{""0"": 250, ""1"": 250, ""2"": null, ""3"": null, ""4"": null, ""5"": null, ""6"": null, ""7"": null}","{""0"": 0.0, ""1"": 0.0, ""2"": null, ""3"": null, ""4"": null, ""5"": null, ""6"": null, ""7"": null}","{""0"": 250, ""1"": 250}",250,1,0,0,0,0.604,ultrasonic-not-close,KEEP_PAUSED,,,,3
430,2026-08-02T03:33:18.264+09:00,62.748,429,3.94,0,DRIVING,,0,0,1,0,0,0,,,0,0,-0.278239,-0.278239,0,0,0.000,255,739,green,0.181,,0,unknown,0.000000,null,0.000000,0.259,"[0.2, 0.29, 0.8, 1.0]","[256, 209, 1024, 720]",,"{""0"": 250, ""1"": 250, ""2"": null, ""3"": null, ""4"": null, ""5"": null, ""6"": null, ""7"": null}","{""0"": 0.0, ""1"": 0.0, ""2"": null, ""3"": null, ""4"": null, ""5"": null, ""6"": null, ""7"": null}","{""0"": 250, ""1"": 250}",250,1,0,0,0,0.259,ultrasonic-not-close,KEEP_PAUSED,,,,4
431,2026-08-02T03:33:18.498+09:00,62.984,430,4.02,0,DRIVING,,0,0,1,0,0,0,,,0,0,-0.278239,-0.278239,0,0,0.000,255,740,green,0.159,,0,unknown,0.000000,null,0.000000,0.322,"[0.2, 0.29, 0.8, 1.0]","[256, 209, 1024, 720]",,"{""0"": 250, ""1"": 250, ""2"": null, ""3"": null, ""4"": null, ""5"": null, ""6"": null, ""7"": null}","{""0"": 0.0, ""1"": 0.0, ""2"": null, ""3"": null, ""4"": null, ""5"": null, ""6"": null, ""7"": null}","{""0"": 250, ""1"": 250}",250,1,0,0,0,0.322,ultrasonic-not-close,KEEP_PAUSED,,,,5
432,2026-08-02T03:33:18.636+09:00,63.118,431,4.11,0,DRIVING,,0,0,1,0,0,0,,,0,0,-0.278239,-0.278239,0,0,0.000,255,739,green,0.235,,0,unknown,0.000000,null,0.000000,0.302,"[0.2, 0.29, 0.8, 1.0]","[256, 209, 1024, 720]",,"{""0"": 250, ""1"": 250, ""2"": null, ""3"": null, ""4"": null, ""5"": null, ""6"": null, ""7"": null}","{""0"": 0.0, ""1"": 0.0, ""2"": null, ""3"": null, ""4"": null, ""5"": null, ""6"": null, ""7"": null}","{""0"": 250, ""1"": 250}",250,1,0,0,0,0.302,ultrasonic-not-close,KEEP_PAUSED,,,,6
433,2026-08-02T03:33:18.856+09:00,63.340,432,4.09,0,DRIVING,,0,0,1,0,0,0,,,0,0,-0.278239,-0.278239,0,0,0.000,255,739,green,0.148,,0,unknown,0.000000,null,0.000000,0.297,"[0.2, 0.29, 0.8, 1.0]","[256, 209, 1024, 720]",,"{""0"": 250, ""1"": 250, ""2"": null, ""3"": null, ""4"": null, ""5"": null, ""6"": null, ""7"": null}","{""0"": 0.0, ""1"": 0.0, ""2"": null, ""3"": null, ""4"": null, ""5"": null, ""6"": null, ""7"": null}","{""0"": 250, ""1"": 250}",250,1,0,0,0,0.297,ultrasonic-not-close,KEEP_PAUSED,,,,7
434,2026-08-02T03:33:19.111+09:00,63.596,433,4.06,0,DRIVING,,0,1,1,0,0,0,0.341964,4.621,10226,20,-1.000000,-1.000000,0,0,0.000,255,738,green,0.222,,0,unknown,0.000000,null,0.000000,0.409,"[0.2, 0.29, 0.8, 1.0]","[256, 209, 1024, 720]",,"{""0"": 250, ""1"": 5, ""2"": null, ""3"": null, ""4"": null, ""5"": null, ""6"": null, ""7"": null}","{""0"": 0.0, ""1"": 0.0, ""2"": null, ""3"": null, ""4"": null, ""5"": null, ""6"": null, ""7"": null}","{""0"": 250, ""1"": 5}",5,1,1,0,0,0.409,car-not-detected-or-stale,KEEP_PAUSED,right,left,,0
435,2026-08-02T03:33:19.421+09:00,63.908,434,3.97,0,DRIVING,,0,1,1,0,0,0,0.336384,3.546,17799,42,-0.894431,-0.894431,0,0,0.000,255,738,green,0.271,,0,unknown,0.000000,null,0.000000,0.507,"[0.2, 0.29, 0.8, 1.0]","[256, 209, 1024, 720]",,"{""0"": 250, ""1"": 250, ""2"": null, ""3"": null, ""4"": null, ""5"": null, ""6"": null, ""7"": null}","{""0"": 0.0, ""1"": 0.0, ""2"": null, ""3"": null, ""4"": null, ""5"": null, ""6"": null, ""7"": null}","{""0"": 250, ""1"": 250}",250,1,0,0,0,0.507,ultrasonic-not-close,KEEP_PAUSED,right,left,,0
436,2026-08-02T03:33:19.613+09:00,64.100,435,4.01,0,DRIVING,,0,0,1,0,0,0,,,0,0,-0.894431,-0.894431,0,0,0.000,255,739,red,0.306,,0,unknown,0.000000,null,0.000000,0.434,"[0.2, 0.29, 0.8, 1.0]","[256, 209, 1024, 720]",,"{""0"": 250, ""1"": 191, ""2"": null, ""3"": null, ""4"": null, ""5"": null, ""6"": null, ""7"": null}","{""0"": 0.0, ""1"": 0.0, ""2"": null, ""3"": null, ""4"": null, ""5"": null, ""6"": null, ""7"": null}","{""0"": 250, ""1"": 191}",191,1,0,0,0,0.434,ultrasonic-not-close,KEEP_PAUSED,,,,1
437,2026-08-02T03:33:19.755+09:00,64.239,436,4.09,0,DRIVING,,0,1,1,0,0,0,-0.048798,,0,0,0.578907,0.578907,0,0,0.000,255,739,unknown,0.199,,0,unknown,0.000000,null,0.000000,0.273,"[0.2, 0.29, 0.8, 1.0]","[256, 209, 1024, 720]",,"{""0"": 250, ""1"": 190, ""2"": null, ""3"": null, ""4"": null, ""5"": null, ""6"": null, ""7"": null}","{""0"": 0.0, ""1"": 0.0, ""2"": null, ""3"": null, ""4"": null, ""5"": null, ""6"": null, ""7"": null}","{""0"": 250, ""1"": 190}",190,1,0,0,0,0.273,ultrasonic-not-close,KEEP_PAUSED,left,,,0
438,2026-08-02T03:33:19.918+09:00,64.400,437,4.16,0,DRIVING,,0,1,1,0,0,0,0.094866,,0,0,-0.085605,-0.085605,0,0,0.000,255,739,green,0.149,,0,unknown,0.000000,null,0.000000,0.242,"[0.2, 0.29, 0.8, 1.0]","[256, 209, 1024, 720]",,"{""0"": 250, ""1"": 194, ""2"": null, ""3"": null, ""4"": null, ""5"": null, ""6"": null, ""7"": null}","{""0"": 0.0, ""1"": 0.0, ""2"": null, ""3"": null, ""4"": null, ""5"": null, ""6"": null, ""7"": null}","{""0"": 250, ""1"": 194}",194,1,0,0,0,0.242,ultrasonic-not-close,KEEP_PAUSED,left,,,0
439,2026-08-02T03:33:20.200+09:00,64.685,438,4.15,0,DRIVING,,0,1,1,0,0,0,0.163839,,0,0,-0.359455,-0.359455,0,0,0.000,255,738,unknown,0.177,,0,unknown,0.000000,null,0.000000,0.385,"[0.2, 0.29, 0.8, 1.0]","[256, 209, 1024, 720]",,"{""0"": 250, ""1"": 190, ""2"": null, ""3"": null, ""4"": null, ""5"": null, ""6"": null, ""7"": null}","{""0"": 0.0, ""1"": 0.0, ""2"": null, ""3"": null, ""4"": null, ""5"": null, ""6"": null, ""7"": null}","{""0"": 250, ""1"": 190}",190,1,0,0,0,0.385,ultrasonic-not-close,KEEP_PAUSED,left,,,0
440,2026-08-02T03:33:20.386+09:00,64.868,439,4.20,0,DRIVING,,0,1,1,0,0,0,0.127587,,0,0,-0.209582,-0.209582,0,0,0.000,255,739,unknown,0.282,,0,unknown,0.000000,null,0.000000,0.399,"[0.2, 0.29, 0.8, 1.0]","[256, 209, 1024, 720]",,"{""0"": 250, ""1"": 190, ""2"": null, ""3"": null, ""4"": null, ""5"": null, ""6"": null, ""7"": null}","{""0"": 0.0, ""1"": 0.0, ""2"": null, ""3"": null, ""4"": null, ""5"": null, ""6"": null, ""7"": null}","{""0"": 250, ""1"": 190}",190,1,0,0,0,0.399,ultrasonic-not-close,KEEP_PAUSED,left,,,0
441,2026-08-02T03:33:20.540+09:00,65.021,440,4.31,0,DRIVING,,0,1,1,0,0,0,0.121567,,0,0,-0.193933,-0.193933,0,0,0.000,255,738,green,0.199,,0,unknown,0.000000,null,0.000000,0.275,"[0.2, 0.29, 0.8, 1.0]","[256, 209, 1024, 720]",,"{""0"": 250, ""1"": 191, ""2"": null, ""3"": null, ""4"": null, ""5"": null, ""6"": null, ""7"": null}","{""0"": 0.0, ""1"": 0.0, ""2"": null, ""3"": null, ""4"": null, ""5"": null, ""6"": null, ""7"": null}","{""0"": 250, ""1"": 191}",191,1,0,0,0,0.275,ultrasonic-not-close,KEEP_PAUSED,left,,,0
442,2026-08-02T03:33:20.705+09:00,65.186,441,4.33,0,DRIVING,,0,1,1,0,0,0,0.029106,,0,0,0.131461,0.131461,0,0,0.000,255,740,green,0.163,,0,unknown,0.000000,null,0.000000,0.252,"[0.2, 0.29, 0.8, 1.0]","[256, 209, 1024, 720]",,"{""0"": 250, ""1"": 190, ""2"": null, ""3"": null, ""4"": null, ""5"": null, ""6"": null, ""7"": null}","{""0"": 0.0, ""1"": 0.0, ""2"": null, ""3"": null, ""4"": null, ""5"": null, ""6"": null, ""7"": null}","{""0"": 250, ""1"": 190}",190,1,0,0,0,0.252,ultrasonic-not-close,KEEP_PAUSED,,,,0
443,2026-08-02T03:33:20.966+09:00,65.449,442,4.28,0,DRIVING,,0,1,1,0,0,0,0.023783,,0,0,0.095466,0.095466,0,0,0.000,255,740,green,0.170,,0,unknown,0.000000,null,0.000000,0.358,"[0.2, 0.29, 0.8, 1.0]","[256, 209, 1024, 720]",,"{""0"": 250, ""1"": 190, ""2"": null, ""3"": null, ""4"": null, ""5"": null, ""6"": null, ""7"": null}","{""0"": 0.0, ""1"": 0.0, ""2"": null, ""3"": null, ""4"": null, ""5"": null, ""6"": null, ""7"": null}","{""0"": 250, ""1"": 190}",190,1,0,0,0,0.358,ultrasonic-not-close,KEEP_PAUSED,left,,,0
444,2026-08-02T03:33:21.195+09:00,65.679,443,4.35,0,DRIVING,,0,1,1,0,0,0,-0.019545,,0,0,0.209964,0.209964,0,0,0.000,255,739,green,0.265,,0,unknown,0.000000,null,0.000000,0.426,"[0.2, 0.29, 0.8, 1.0]","[256, 209, 1024, 720]",,"{""0"": 250, ""1"": 190, ""2"": null, ""3"": null, ""4"": null, ""5"": null, ""6"": null, ""7"": null}","{""0"": 0.0, ""1"": 0.0, ""2"": null, ""3"": null, ""4"": null, ""5"": null, ""6"": null, ""7"": null}","{""0"": 250, ""1"": 190}",190,1,0,0,0,0.426,ultrasonic-not-close,KEEP_PAUSED,left,,,0
445,2026-08-02T03:33:21.351+09:00,65.834,444,4.42,0,DRIVING,,0,1,1,0,0,0,-0.020210,,0,0,0.159924,0.159924,0,0,0.000,255,740,green,0.234,,0,unknown,0.000000,null,0.000000,0.319,"[0.2, 0.29, 0.8, 1.0]","[256, 209, 1024, 720]",,"{""0"": 250, ""1"": 190, ""2"": null, ""3"": null, ""4"": null, ""5"": null, ""6"": null, ""7"": null}","{""0"": 0.0, ""1"": 0.0, ""2"": null, ""3"": null, ""4"": null, ""5"": null, ""6"": null, ""7"": null}","{""0"": 250, ""1"": 190}",190,1,0,0,0,0.319,ultrasonic-not-close,KEEP_PAUSED,left,,,0
446,2026-08-02T03:33:21.525+09:00,66.007,445,4.47,0,DRIVING,,0,1,1,0,0,0,0.116866,-14.587,2025,0,-0.370613,-0.370613,0,0,0.000,255,739,green,0.164,,0,unknown,0.000000,null,0.000000,0.266,"[0.2, 0.29, 0.8, 1.0]","[256, 209, 1024, 720]",,"{""0"": 250, ""1"": 190, ""2"": null, ""3"": null, ""4"": null, ""5"": null, ""6"": null, ""7"": null}","{""0"": 0.0, ""1"": 0.0, ""2"": null, ""3"": null, ""4"": null, ""5"": null, ""6"": null, ""7"": null}","{""0"": 250, ""1"": 190}",190,1,0,0,0,0.266,ultrasonic-not-close,KEEP_PAUSED,left,right,,0
447,2026-08-02T03:33:21.862+09:00,66.347,446,4.35,0,DRIVING,,0,1,1,0,0,0,0.149844,-13.977,3920,0,-0.441259,-0.441259,0,0,0.000,255,740,red,0.187,,0,unknown,0.000000,null,0.000000,0.449,"[0.2, 0.29, 0.8, 1.0]","[256, 209, 1024, 720]",,"{""0"": 250, ""1"": 191, ""2"": null, ""3"": null, ""4"": null, ""5"": null, ""6"": null, ""7"": null}","{""0"": 0.0, ""1"": 0.0, ""2"": null, ""3"": null, ""4"": null, ""5"": null, ""6"": null, ""7"": null}","{""0"": 250, ""1"": 191}",191,1,0,0,0,0.449,ultrasonic-not-close,KEEP_PAUSED,left,right,,0
448,2026-08-02T03:33:22.082+09:00,66.566,447,4.30,0,DRIVING,,0,1,1,0,0,0,0.151457,-13.174,5589,1,-0.395604,-0.395604,0,0,0.000,255,740,green,0.340,,0,unknown,0.000000,null,0.000000,0.485,"[0.2, 0.29, 0.8, 1.0]","[256, 209, 1024, 720]",,"{""0"": 250, ""1"": 250, ""2"": null, ""3"": null, ""4"": null, ""5"": null, ""6"": null, ""7"": null}","{""0"": 0.0, ""1"": 0.0, ""2"": null, ""3"": null, ""4"": null, ""5"": null, ""6"": null, ""7"": null}","{""0"": 250, ""1"": 250}",250,1,0,0,0,0.485,ultrasonic-not-close,KEEP_PAUSED,left,right,,0
449,2026-08-02T03:33:22.342+09:00,66.828,448,4.24,0,DRIVING,,0,1,1,0,0,0,0.075727,-11.563,1571,0,-0.086080,-0.086080,0,0,0.000,255,740,red,0.226,,0,unknown,0.000000,null,0.000000,0.418,"[0.2, 0.29, 0.8, 1.0]","[256, 209, 1024, 720]",,"{""0"": 250, ""1"": 250, ""2"": null, ""3"": null, ""4"": null, ""5"": null, ""6"": null, ""7"": null}","{""0"": 0.0, ""1"": 0.0, ""2"": null, ""3"": null, ""4"": null, ""5"": null, ""6"": null, ""7"": null}","{""0"": 250, ""1"": 250}",250,1,0,0,0,0.418,ultrasonic-not-close,KEEP_PAUSED,left,right,,0
450,2026-08-02T03:33:22.526+09:00,67.010,449,4.29,0,DRIVING,,0,1,1,0,0,0,0.153118,-10.587,2983,0,-0.379757,-0.379757,0,0,0.000,255,740,unknown,0.262,,0,unknown,0.000000,null,0.000000,0.378,"[0.2, 0.29, 0.8, 1.0]","[256, 209, 1024, 720]",,"{""0"": 250, ""1"": 23, ""2"": null, ""3"": null, ""4"": null, ""5"": null, ""6"": null, ""7"": null}","{""0"": 0.0, ""1"": 0.0, ""2"": null, ""3"": null, ""4"": null, ""5"": null, ""6"": null, ""7"": null}","{""0"": 250, ""1"": 23}",23,1,1,0,0,0.378,car-not-detected-or-stale,KEEP_PAUSED,left,right,,0
451,2026-08-02T03:33:22.680+09:00,67.163,450,4.45,0,DRIVING,,0,1,1,0,0,0,0.124410,-9.738,4275,0,-0.245164,-0.245164,0,0,0.000,255,739,unknown,0.191,,0,unknown,0.000000,null,0.000000,0.274,"[0.2, 0.29, 0.8, 1.0]","[256, 209, 1024, 720]",,"{""0"": 250, ""1"": 191, ""2"": null, ""3"": null, ""4"": null, ""5"": null, ""6"": null, ""7"": null}","{""0"": 0.0, ""1"": 0.0, ""2"": null, ""3"": null, ""4"": null, ""5"": null, ""6"": null, ""7"": null}","{""0"": 250, ""1"": 191}",191,1,0,0,0,0.274,ultrasonic-not-close,KEEP_PAUSED,left,right,,0
452,2026-08-02T03:33:22.845+09:00,67.329,451,4.52,0,DRIVING,,0,1,1,0,0,0,0.121842,-8.924,4251,0,-0.229551,-0.229551,0,0,0.000,255,739,unknown,0.164,,0,unknown,0.000000,null,0.000000,0.254,"[0.2, 0.29, 0.8, 1.0]","[256, 209, 1024, 720]",,"{""0"": 250, ""1"": 190, ""2"": null, ""3"": null, ""4"": null, ""5"": null, ""6"": null, ""7"": null}","{""0"": 0.0, ""1"": 0.0, ""2"": null, ""3"": null, ""4"": null, ""5"": null, ""6"": null, ""7"": null}","{""0"": 250, ""1"": 190}",190,1,0,0,0,0.254,ultrasonic-not-close,KEEP_PAUSED,left,right,,0
453,2026-08-02T03:33:23.140+09:00,67.626,452,4.51,0,DRIVING,,0,1,1,0,0,0,0.122072,-8.311,4274,0,-0.227309,-0.227309,0,0,0.000,255,740,unknown,0.171,,0,unknown,0.000000,null,0.000000,0.397,"[0.2, 0.29, 0.8, 1.0]","[256, 209, 1024, 720]",,"{""0"": 250, ""1"": 191, ""2"": null, ""3"": null, ""4"": null, ""5"": null, ""6"": null, ""7"": null}","{""0"": 0.0, ""1"": 0.0, ""2"": null, ""3"": null, ""4"": null, ""5"": null, ""6"": null, ""7"": null}","{""0"": 250, ""1"": 191}",191,1,0,0,0,0.397,ultrasonic-not-close,KEEP_PAUSED,left,right,,0
454,2026-08-02T03:33:23.334+09:00,67.817,453,4.60,0,DRIVING,,0,1,1,0,0,0,0.124061,-7.891,4297,0,-0.232196,-0.232196,0,0,0.000,255,740,green,0.296,,0,unknown,0.000000,null,0.000000,0.420,"[0.2, 0.29, 0.8, 1.0]","[256, 209, 1024, 720]",,"{""0"": 250, ""1"": 190, ""2"": null, ""3"": null, ""4"": null, ""5"": null, ""6"": null, ""7"": null}","{""0"": 0.0, ""1"": 0.0, ""2"": null, ""3"": null, ""4"": null, ""5"": null, ""6"": null, ""7"": null}","{""0"": 250, ""1"": 190}",190,1,0,0,0,0.420,ultrasonic-not-close,KEEP_PAUSED,left,right,,0
455,2026-08-02T03:33:23.495+09:00,67.978,454,4.71,0,DRIVING,,0,1,1,0,0,0,0.125734,-7.591,4571,0,-0.235552,-0.235552,0,0,0.000,255,739,green,0.201,,0,unknown,0.000000,null,0.000000,0.290,"[0.2, 0.29, 0.8, 1.0]","[256, 209, 1024, 720]",,"{""0"": 250, ""1"": 191, ""2"": null, ""3"": null, ""4"": null, ""5"": null, ""6"": null, ""7"": null}","{""0"": 0.0, ""1"": 0.0, ""2"": null, ""3"": null, ""4"": null, ""5"": null, ""6"": null, ""7"": null}","{""0"": 250, ""1"": 191}",191,1,0,0,0,0.290,ultrasonic-not-close,KEEP_PAUSED,left,right,,0
456,2026-08-02T03:33:23.660+09:00,68.141,455,4.84,0,DRIVING,,0,1,1,0,0,0,0.126936,-7.366,4514,0,-0.237111,-0.237111,0,0,0.000,255,740,green,0.166,,0,unknown,0.000000,null,0.000000,0.256,"[0.2, 0.29, 0.8, 1.0]","[256, 209, 1024, 720]",,"{""0"": 250, ""1"": 190, ""2"": null, ""3"": null, ""4"": null, ""5"": null, ""6"": null, ""7"": null}","{""0"": 0.0, ""1"": 0.0, ""2"": null, ""3"": null, ""4"": null, ""5"": null, ""6"": null, ""7"": null}","{""0"": 250, ""1"": 190}",190,1,0,0,0,0.256,ultrasonic-not-close,KEEP_PAUSED,left,right,,0
457,2026-08-02T03:33:23.873+09:00,68.355,456,4.86,0,DRIVING,,0,1,1,0,0,0,0.127827,-7.197,4522,0,-0.237732,-0.237732,0,0,0.000,255,739,unknown,0.185,,0,unknown,0.000000,null,0.000000,0.313,"[0.2, 0.29, 0.8, 1.0]","[256, 209, 1024, 720]",,"{""0"": 250, ""1"": 190, ""2"": null, ""3"": null, ""4"": null, ""5"": null, ""6"": null, ""7"": null}","{""0"": 0.0, ""1"": 0.0, ""2"": null, ""3"": null, ""4"": null, ""5"": null, ""6"": null, ""7"": null}","{""0"": 250, ""1"": 190}",190,1,0,0,0,0.313,ultrasonic-not-close,KEEP_PAUSED,left,right,,0
458,2026-08-02T03:33:24.056+09:00,68.539,457,4.92,0,DRIVING,,0,1,1,0,0,0,0.128495,-7.071,4486,0,-0.237841,-0.237841,0,0,0.000,255,740,green,0.208,,0,unknown,0.000000,null,0.000000,0.320,"[0.2, 0.29, 0.8, 1.0]","[256, 209, 1024, 720]",,"{""0"": 250, ""1"": 191, ""2"": null, ""3"": null, ""4"": null, ""5"": null, ""6"": null, ""7"": null}","{""0"": 0.0, ""1"": 0.0, ""2"": null, ""3"": null, ""4"": null, ""5"": null, ""6"": null, ""7"": null}","{""0"": 250, ""1"": 191}",191,1,0,0,0,0.320,ultrasonic-not-close,KEEP_PAUSED,left,right,,0
459,2026-08-02T03:33:24.237+09:00,68.713,458,4.91,0,DRIVING,,0,1,1,0,0,0,0.129023,-6.976,4473,0,-0.237777,-0.237777,0,0,0.000,255,740,green,0.189,,0,unknown,0.000000,null,0.000000,0.288,"[0.2, 0.29, 0.8, 1.0]","[256, 209, 1024, 720]",,"{""0"": 250, ""1"": 190, ""2"": null, ""3"": null, ""4"": null, ""5"": null, ""6"": null, ""7"": null}","{""0"": 0.0, ""1"": 0.0, ""2"": null, ""3"": null, ""4"": null, ""5"": null, ""6"": null, ""7"": null}","{""0"": 250, ""1"": 190}",190,1,0,0,0,0.288,ultrasonic-not-close,KEEP_PAUSED,left,right,,0
460,2026-08-02T03:33:24.596+09:00,69.082,459,4.74,0,DRIVING,,0,1,1,0,0,0,0.129417,-6.904,4544,0,-0.237535,-0.237535,0,0,0.000,255,739,green,0.210,,0,unknown,0.000000,null,0.000000,0.479,"[0.2, 0.29, 0.8, 1.0]","[256, 209, 1024, 720]",,"{""0"": 250, ""1"": 190, ""2"": null, ""3"": null, ""4"": null, ""5"": null, ""6"": null, ""7"": null}","{""0"": 0.0, ""1"": 0.0, ""2"": null, ""3"": null, ""4"": null, ""5"": null, ""6"": null, ""7"": null}","{""0"": 250, ""1"": 190}",190,1,0,0,0,0.479,ultrasonic-not-close,KEEP_PAUSED,left,right,,0
461,2026-08-02T03:33:24.818+09:00,69.301,460,4.75,0,DRIVING,,0,1,1,0,0,0,0.129741,-6.851,4480,0,-0.237328,-0.237328,0,0,0.000,255,739,green,0.344,,0,unknown,0.000000,null,0.000000,0.493,"[0.2, 0.29, 0.8, 1.0]","[256, 209, 1024, 720]",,"{""0"": 250, ""1"": 190, ""2"": null, ""3"": null, ""4"": null, ""5"": null, ""6"": null, ""7"": null}","{""0"": 0.0, ""1"": 0.0, ""2"": null, ""3"": null, ""4"": null, ""5"": null, ""6"": null, ""7"": null}","{""0"": 250, ""1"": 190}",190,1,0,0,0,0.493,ultrasonic-not-close,KEEP_PAUSED,left,right,,0
462,2026-08-02T03:33:24.993+09:00,69.474,461,4.72,0,DRIVING,,0,1,1,0,0,0,0.129957,-6.811,4506,0,-0.236968,-0.236968,0,0,0.000,255,740,green,0.228,,0,unknown,0.000000,null,0.000000,0.328,"[0.2, 0.29, 0.8, 1.0]","[256, 209, 1024, 720]",,"{""0"": 250, ""1"": 190, ""2"": null, ""3"": null, ""4"": null, ""5"": null, ""6"": null, ""7"": null}","{""0"": 0.0, ""1"": 0.0, ""2"": null, ""3"": null, ""4"": null, ""5"": null, ""6"": null, ""7"": null}","{""0"": 250, ""1"": 190}",190,1,0,0,0,0.328,ultrasonic-not-close,KEEP_PAUSED,left,right,,0
463,2026-08-02T03:33:25.161+09:00,69.642,462,4.76,0,DRIVING,,0,1,1,0,0,0,0.130119,-6.781,4499,0,-0.236638,-0.236638,0,0,0.000,255,739,green,0.181,,0,unknown,0.000000,null,0.000000,0.274,"[0.2, 0.29, 0.8, 1.0]","[256, 209, 1024, 720]",,"{""0"": 250, ""1"": 190, ""2"": null, ""3"": null, ""4"": null, ""5"": null, ""6"": null, ""7"": null}","{""0"": 0.0, ""1"": 0.0, ""2"": null, ""3"": null, ""4"": null, ""5"": null, ""6"": null, ""7"": null}","{""0"": 250, ""1"": 190}",190,1,0,0,0,0.274,ultrasonic-not-close,KEEP_PAUSED,left,right,,0
464,2026-08-02T03:33:25.338+09:00,69.819,463,4.82,0,DRIVING,,0,1,1,0,0,0,0.130242,-6.758,4520,0,-0.236354,-0.236354,0,0,0.000,255,739,green,0.176,,0,unknown,0.000000,null,0.000000,0.275,"[0.2, 0.29, 0.8, 1.0]","[256, 209, 1024, 720]",,"{""0"": 250, ""1"": 190, ""2"": null, ""3"": null, ""4"": null, ""5"": null, ""6"": null, ""7"": null}","{""0"": 0.0, ""1"": 0.0, ""2"": null, ""3"": null, ""4"": null, ""5"": null, ""6"": null, ""7"": null}","{""0"": 250, ""1"": 190}",190,1,0,0,0,0.275,ultrasonic-not-close,KEEP_PAUSED,left,right,,0
465,2026-08-02T03:33:25.576+09:00,70.058,464,4.88,0,DRIVING,,0,1,1,0,0,0,0.130307,-6.742,4513,0,-0.236012,-0.236012,0,0,0.000,255,739,green,0.179,,0,unknown,0.000000,null,0.000000,0.348,"[0.2, 0.29, 0.8, 1.0]","[256, 209, 1024, 720]",,"{""0"": 250, ""1"": 189, ""2"": null, ""3"": null, ""4"": null, ""5"": null, ""6"": null, ""7"": null}","{""0"": 0.0, ""1"": 0.0, ""2"": null, ""3"": null, ""4"": null, ""5"": null, ""6"": null, ""7"": null}","{""0"": 250, ""1"": 189}",189,1,0,0,0,0.348,ultrasonic-not-close,KEEP_PAUSED,left,right,,0
466,2026-08-02T03:33:25.758+09:00,70.241,465,4.89,0,DRIVING,,0,1,1,0,0,0,0.130354,-6.729,4499,0,-0.235744,-0.235744,0,0,0.000,255,740,green,0.248,,0,unknown,0.000000,null,0.000000,0.355,"[0.2, 0.29, 0.8, 1.0]","[256, 209, 1024, 720]",,"{""0"": 250, ""1"": 191, ""2"": null, ""3"": null, ""4"": null, ""5"": null, ""6"": null, ""7"": null}","{""0"": 0.0, ""1"": 0.0, ""2"": null, ""3"": null, ""4"": null, ""5"": null, ""6"": null, ""7"": null}","{""0"": 250, ""1"": 191}",191,1,0,0,0,0.355,ultrasonic-not-close,KEEP_PAUSED,left,right,,0
467,2026-08-02T03:33:25.927+09:00,70.408,466,4.86,0,DRIVING,,0,1,1,0,0,0,0.130418,-6.719,4474,0,-0.235639,-0.235639,0,0,0.000,255,739,green,0.187,,0,unknown,0.000000,null,0.000000,0.281,"[0.2, 0.29, 0.8, 1.0]","[256, 209, 1024, 720]",,"{""0"": 250, ""1"": 190, ""2"": null, ""3"": null, ""4"": null, ""5"": null, ""6"": null, ""7"": null}","{""0"": 0.0, ""1"": 0.0, ""2"": null, ""3"": null, ""4"": null, ""5"": null, ""6"": null, ""7"": null}","{""0"": 250, ""1"": 190}",190,1,0,0,0,0.281,ultrasonic-not-close,KEEP_PAUSED,left,right,,0
468,2026-08-02T03:33:26.097+09:00,70.580,467,4.86,0,DRIVING,,0,1,1,0,0,0,0.130465,-6.712,4490,0,-0.235542,-0.235542,0,0,0.000,255,740,green,0.173,,0,unknown,0.000000,null,0.000000,0.274,"[0.2, 0.29, 0.8, 1.0]","[256, 209, 1024, 720]",,"{""0"": 250, ""1"": 190, ""2"": null, ""3"": null, ""4"": null, ""5"": null, ""6"": null, ""7"": null}","{""0"": 0.0, ""1"": 0.0, ""2"": null, ""3"": null, ""4"": null, ""5"": null, ""6"": null, ""7"": null}","{""0"": 250, ""1"": 190}",190,1,0,0,0,0.274,ultrasonic-not-close,KEEP_PAUSED,left,right,,0
469,2026-08-02T03:33:26.398+09:00,70.884,468,4.84,0,DRIVING,,0,1,1,0,0,0,0.130501,-6.707,4513,0,-0.235462,-0.235462,0,0,0.000,255,739,green,0.183,,0,unknown,0.000000,null,0.000000,0.410,"[0.2, 0.29, 0.8, 1.0]","[256, 209, 1024, 720]",,"{""0"": 250, ""1"": 190, ""2"": null, ""3"": null, ""4"": null, ""5"": null, ""6"": null, ""7"": null}","{""0"": 0.0, ""1"": 0.0, ""2"": null, ""3"": null, ""4"": null, ""5"": null, ""6"": null, ""7"": null}","{""0"": 250, ""1"": 190}",190,1,0,0,0,0.410,ultrasonic-not-close,KEEP_PAUSED,left,right,,0
470,2026-08-02T03:33:26.579+09:00,71.061,469,4.85,0,DRIVING,,0,1,1,0,0,0,0.130500,-6.703,4492,0,-0.235290,-0.235290,0,0,0.000,255,740,green,0.301,,0,unknown,0.000000,null,0.000000,0.408,"[0.2, 0.29, 0.8, 1.0]","[256, 209, 1024, 720]",,"{""0"": 250, ""1"": 190, ""2"": null, ""3"": null, ""4"": null, ""5"": null, ""6"": null, ""7"": null}","{""0"": 0.0, ""1"": 0.0, ""2"": null, ""3"": null, ""4"": null, ""5"": null, ""6"": null, ""7"": null}","{""0"": 250, ""1"": 190}",190,1,0,0,0,0.408,ultrasonic-not-close,KEEP_PAUSED,left,right,,0
471,2026-08-02T03:33:26.760+09:00,71.241,470,4.82,0,DRIVING,,0,1,1,0,0,0,0.130528,-6.700,4513,0,-0.235273,-0.235273,0,0,0.000,255,740,green,0.190,,0,unknown,0.000000,null,0.000000,0.292,"[0.2, 0.29, 0.8, 1.0]","[256, 209, 1024, 720]",,"{""0"": 250, ""1"": 191, ""2"": null, ""3"": null, ""4"": null, ""5"": null, ""6"": null, ""7"": null}","{""0"": 0.0, ""1"": 0.0, ""2"": null, ""3"": null, ""4"": null, ""5"": null, ""6"": null, ""7"": null}","{""0"": 250, ""1"": 191}",191,1,0,0,0,0.292,ultrasonic-not-close,KEEP_PAUSED,left,right,,0
472,2026-08-02T03:33:26.918+09:00,71.402,471,4.83,0,DRIVING,,0,1,1,0,0,0,0.130518,-6.698,4548,0,-0.235142,-0.235142,0,0,0.000,255,739,green,0.180,,0,unknown,0.000000,null,0.000000,0.269,"[0.2, 0.29, 0.8, 1.0]","[256, 209, 1024, 720]",,"{""0"": 250, ""1"": 190, ""2"": null, ""3"": null, ""4"": null, ""5"": null, ""6"": null, ""7"": null}","{""0"": 0.0, ""1"": 0.0, ""2"": null, ""3"": null, ""4"": null, ""5"": null, ""6"": null, ""7"": null}","{""0"": 250, ""1"": 190}",190,1,0,0,0,0.269,ultrasonic-not-close,KEEP_PAUSED,left,right,,0
473,2026-08-02T03:33:27.095+09:00,71.573,472,4.90,0,DRIVING,,0,1,1,0,0,0,0.130932,-6.825,4556,0,-0.236570,-0.236570,0,0,0.000,255,739,green,0.166,,0,unknown,0.000000,null,0.000000,0.262,"[0.2, 0.29, 0.8, 1.0]","[256, 209, 1024, 720]",,"{""0"": 250, ""1"": 189, ""2"": null, ""3"": null, ""4"": null, ""5"": null, ""6"": null, ""7"": null}","{""0"": 0.0, ""1"": 0.0, ""2"": null, ""3"": null, ""4"": null, ""5"": null, ""6"": null, ""7"": null}","{""0"": 250, ""1"": 189}",189,1,0,0,0,0.262,ultrasonic-not-close,KEEP_PAUSED,left,right,,0
474,2026-08-02T03:33:27.431+09:00,71.917,473,4.81,0,DRIVING,,0,1,1,0,0,0,0.127871,-6.872,4580,7,-0.225281,-0.225281,0,0,0.000,255,738,green,0.199,,0,unknown,0.000000,null,0.000000,0.453,"[0.2, 0.29, 0.8, 1.0]","[256, 209, 1024, 720]",,"{""0"": 250, ""1"": 189, ""2"": null, ""3"": null, ""4"": null, ""5"": null, ""6"": null, ""7"": null}","{""0"": 0.0, ""1"": 0.0, ""2"": null, ""3"": null, ""4"": null, ""5"": null, ""6"": null, ""7"": null}","{""0"": 250, ""1"": 189}",189,1,0,0,0,0.453,ultrasonic-not-close,KEEP_PAUSED,left,right,,0
475,2026-08-02T03:33:27.646+09:00,72.131,474,4.76,0,DRIVING,,0,1,1,0,0,0,0.126145,-6.715,4751,0,-0.220534,-0.220534,0,0,0.000,255,739,green,0.335,,0,unknown,0.000000,null,0.000000,0.479,"[0.2, 0.29, 0.8, 1.0]","[256, 209, 1024, 720]",,"{""0"": 250, ""1"": 191, ""2"": null, ""3"": null, ""4"": null, ""5"": null, ""6"": null, ""7"": null}","{""0"": 0.0, ""1"": 0.0, ""2"": null, ""3"": null, ""4"": null, ""5"": null, ""6"": null, ""7"": null}","{""0"": 250, ""1"": 191}",191,1,0,0,0,0.479,ultrasonic-not-close,KEEP_PAUSED,left,right,,0
476,2026-08-02T03:33:27.809+09:00,72.292,475,4.77,0,DRIVING,,0,1,1,0,0,0,0.127932,-6.521,5170,0,-0.228924,-0.228924,0,0,0.000,255,739,green,0.220,,0,unknown,0.000000,null,0.000000,0.309,"[0.2, 0.29, 0.8, 1.0]","[256, 209, 1024, 720]",,"{""0"": 250, ""1"": 250, ""2"": null, ""3"": null, ""4"": null, ""5"": null, ""6"": null, ""7"": null}","{""0"": 0.0, ""1"": 0.0, ""2"": null, ""3"": null, ""4"": null, ""5"": null, ""6"": null, ""7"": null}","{""0"": 250, ""1"": 250}",250,1,0,0,0,0.309,ultrasonic-not-close,KEEP_PAUSED,left,right,,0
477,2026-08-02T03:33:27.980+09:00,72.464,476,4.91,0,DRIVING,,0,1,1,0,0,0,0.146535,-6.390,5605,0,-0.296303,-0.296303,0,0,0.000,255,739,green,0.168,,0,unknown,0.000000,null,0.000000,0.268,"[0.2, 0.29, 0.8, 1.0]","[256, 209, 1024, 720]",,"{""0"": 250, ""1"": 186, ""2"": null, ""3"": null, ""4"": null, ""5"": null, ""6"": null, ""7"": null}","{""0"": 0.0, ""1"": 0.0, ""2"": null, ""3"": null, ""4"": null, ""5"": null, ""6"": null, ""7"": null}","{""0"": 250, ""1"": 186}",186,1,0,0,0,0.268,ultrasonic-not-close,KEEP_PAUSED,left,right,,0
478,2026-08-02T03:33:28.209+09:00,72.693,477,4.89,0,DRIVING,,0,1,1,0,0,0,0.166135,-6.349,5028,123,-0.357099,-0.357099,0,0,0.000,255,738,red,0.180,,0,unknown,0.000000,null,0.000000,0.338,"[0.2, 0.29, 0.8, 1.0]","[256, 209, 1024, 720]",,"{""0"": 250, ""1"": 181, ""2"": null, ""3"": null, ""4"": null, ""5"": null, ""6"": null, ""7"": null}","{""0"": 0.0, ""1"": 0.0, ""2"": null, ""3"": null, ""4"": null, ""5"": null, ""6"": null, ""7"": null}","{""0"": 250, ""1"": 181}",181,1,0,0,0,0.338,ultrasonic-not-close,KEEP_PAUSED,left,right,,0
479,2026-08-02T03:33:28.367+09:00,72.851,478,4.98,0,DRIVING,,0,1,1,0,0,0,0.183039,-6.124,5474,0,-0.400537,-0.400537,0,0,0.000,255,739,red,0.237,,0,unknown,0.000000,null,0.000000,0.324,"[0.2, 0.29, 0.8, 1.0]","[256, 209, 1024, 720]",,"{""0"": 250, ""1"": 184, ""2"": null, ""3"": null, ""4"": null, ""5"": null, ""6"": null, ""7"": null}","{""0"": 0.0, ""1"": 0.001, ""2"": null, ""3"": null, ""4"": null, ""5"": null, ""6"": null, ""7"": null}","{""0"": 250, ""1"": 184}",184,1,0,0,0,0.323,ultrasonic-not-close,KEEP_PAUSED,left,right,,0
480,2026-08-02T03:33:28.540+09:00,73.022,479,4.99,0,DRIVING,,0,1,1,0,0,0,0.184357,-5.955,5526,0,-0.383963,-0.383963,0,0,0.000,255,739,red,0.164,,0,unknown,0.000000,null,0.000000,0.264,"[0.2, 0.29, 0.8, 1.0]","[256, 209, 1024, 720]",,"{""0"": 250, ""1"": 185, ""2"": null, ""3"": null, ""4"": null, ""5"": null, ""6"": null, ""7"": null}","{""0"": 0.0, ""1"": 0.0, ""2"": null, ""3"": null, ""4"": null, ""5"": null, ""6"": null, ""7"": null}","{""0"": 250, ""1"": 185}",185,1,0,0,0,0.264,ultrasonic-not-close,KEEP_PAUSED,left,right,,0
481,2026-08-02T03:33:28.767+09:00,73.250,480,4.93,0,DRIVING,,0,1,1,0,0,0,0.184172,-5.778,5404,0,-0.367660,-0.367660,0,0,0.000,255,739,red,0.190,,0,unknown,0.000000,null,0.000000,0.337,"[0.2, 0.29, 0.8, 1.0]","[256, 209, 1024, 720]",,"{""0"": 250, ""1"": 185, ""2"": null, ""3"": null, ""4"": null, ""5"": null, ""6"": null, ""7"": null}","{""0"": 0.0, ""1"": 0.0, ""2"": null, ""3"": null, ""4"": null, ""5"": null, ""6"": null, ""7"": null}","{""0"": 250, ""1"": 185}",185,1,0,0,0,0.337,ultrasonic-not-close,KEEP_PAUSED,left,right,,0
482,2026-08-02T03:33:28.932+09:00,73.414,481,4.93,0,DRIVING,,0,1,1,0,0,0,0.183900,-5.640,5402,0,-0.355836,-0.355836,0,0,0.000,255,739,red,0.231,,0,unknown,0.000000,null,0.000000,0.318,"[0.2, 0.29, 0.8, 1.0]","[256, 209, 1024, 720]",,"{""0"": 250, ""1"": 185, ""2"": null, ""3"": null, ""4"": null, ""5"": null, ""6"": null, ""7"": null}","{""0"": 0.0, ""1"": 0.0, ""2"": null, ""3"": null, ""4"": null, ""5"": null, ""6"": null, ""7"": null}","{""0"": 250, ""1"": 185}",185,1,0,0,0,0.318,ultrasonic-not-close,KEEP_PAUSED,left,right,,0
483,2026-08-02T03:33:29.106+09:00,73.587,482,5.04,0,DRIVING,,0,1,1,0,0,0,0.183955,-5.543,5464,0,-0.348589,-0.348589,0,0,0.000,255,739,red,0.164,,0,unknown,0.000000,null,0.000000,0.262,"[0.2, 0.29, 0.8, 1.0]","[256, 209, 1024, 720]",,"{""0"": 250, ""1"": 250, ""2"": null, ""3"": null, ""4"": null, ""5"": null, ""6"": null, ""7"": null}","{""0"": 0.0, ""1"": 0.0, ""2"": null, ""3"": null, ""4"": null, ""5"": null, ""6"": null, ""7"": null}","{""0"": 250, ""1"": 250}",250,1,0,0,0,0.262,ultrasonic-not-close,KEEP_PAUSED,left,right,,0
484,2026-08-02T03:33:29.428+09:00,73.913,483,4.92,0,DRIVING,,0,1,1,0,0,0,0.184722,-5.554,5353,0,-0.346110,-0.346110,0,0,0.000,255,739,red,0.205,,0,unknown,0.000000,null,0.000000,0.436,"[0.2, 0.29, 0.8, 1.0]","[256, 209, 1024, 720]",,"{""0"": 250, ""1"": 250, ""2"": null, ""3"": null, ""4"": null, ""5"": null, ""6"": null, ""7"": null}","{""0"": 0.0, ""1"": 0.0, ""2"": null, ""3"": null, ""4"": null, ""5"": null, ""6"": null, ""7"": null}","{""0"": 250, ""1"": 250}",250,1,0,0,0,0.436,ultrasonic-not-close,KEEP_PAUSED,left,right,,0
485,2026-08-02T03:33:29.641+09:00,74.125,484,4.88,0,DRIVING,,0,1,1,0,0,0,0.197057,-5.612,4199,0,-0.386434,-0.386434,0,0,0.000,255,739,unknown,0.318,,0,unknown,0.000000,null,0.000000,0.449,"[0.2, 0.29, 0.8, 1.0]","[256, 209, 1024, 720]",,"{""0"": 250, ""1"": 250, ""2"": null, ""3"": null, ""4"": null, ""5"": null, ""6"": null, ""7"": null}","{""0"": 0.0, ""1"": 0.0, ""2"": null, ""3"": null, ""4"": null, ""5"": null, ""6"": null, ""7"": null}","{""0"": 250, ""1"": 250}",250,1,0,0,0,0.449,ultrasonic-not-close,KEEP_PAUSED,left,right,,0
486,2026-08-02T03:33:29.810+09:00,74.293,485,4.88,0,DRIVING,,0,1,1,0,0,0,0.174574,-5.188,1117,0,-0.295974,-0.295974,0,0,0.000,255,739,red,0.212,,0,unknown,0.000000,null,0.000000,0.307,"[0.2, 0.29, 0.8, 1.0]","[256, 209, 1024, 720]",,"{""0"": 250, ""1"": 250, ""2"": null, ""3"": null, ""4"": null, ""5"": null, ""6"": null, ""7"": null}","{""0"": 0.0, ""1"": 0.0, ""2"": null, ""3"": null, ""4"": null, ""5"": null, ""6"": null, ""7"": null}","{""0"": 250, ""1"": 250}",250,1,0,0,0,0.307,ultrasonic-not-close,KEEP_PAUSED,left,right,,0
487,2026-08-02T03:33:29.975+09:00,74.456,486,4.92,0,DRIVING,,0,1,1,0,0,0,0.139332,-5.338,2745,0,-0.174580,-0.174580,0,0,0.000,255,739,green,0.178,,0,unknown,0.000000,null,0.000000,0.265,"[0.2, 0.29, 0.8, 1.0]","[256, 209, 1024, 720]",,"{""0"": 250, ""1"": 250, ""2"": null, ""3"": null, ""4"": null, ""5"": null, ""6"": null, ""7"": null}","{""0"": 0.0, ""1"": 0.0, ""2"": null, ""3"": null, ""4"": null, ""5"": null, ""6"": null, ""7"": null}","{""0"": 250, ""1"": 250}",250,1,0,0,0,0.265,ultrasonic-not-close,KEEP_PAUSED,left,right,,0
488,2026-08-02T03:33:30.148+09:00,74.627,487,4.93,0,DRIVING,,0,1,1,0,0,0,0.133004,-5.565,1215,6,-0.174664,-0.174664,0,0,0.000,255,739,green,0.170,,0,unknown,0.000000,null,0.000000,0.260,"[0.2, 0.29, 0.8, 1.0]","[256, 209, 1024, 720]",,"{""0"": 250, ""1"": 250, ""2"": null, ""3"": null, ""4"": null, ""5"": null, ""6"": null, ""7"": null}","{""0"": 0.0, ""1"": 0.0, ""2"": null, ""3"": null, ""4"": null, ""5"": null, ""6"": null, ""7"": null}","{""0"": 250, ""1"": 250}",250,1,0,0,0,0.260,ultrasonic-not-close,KEEP_PAUSED,left,right,,0
489,2026-08-02T03:33:30.381+09:00,74.864,488,4.87,0,DRIVING,,0,1,1,0,0,1,0.080234,-5.565,0,0,-0.004117,-0.004117,0,0,0.000,255,739,green,0.185,,0,unknown,0.000000,null,0.000000,0.341,"[0.2, 0.29, 0.8, 1.0]","[256, 209, 1024, 720]",,"{""0"": 250, ""1"": 250, ""2"": null, ""3"": null, ""4"": null, ""5"": null, ""6"": null, ""7"": null}","{""0"": 0.0, ""1"": 0.0, ""2"": null, ""3"": null, ""4"": null, ""5"": null, ""6"": null, ""7"": null}","{""0"": 250, ""1"": 250}",250,1,0,0,0,0.341,ultrasonic-not-close,KEEP_PAUSED,left,,,0
490,2026-08-02T03:33:30.540+09:00,75.024,489,5.05,0,DRIVING,,0,1,1,0,0,1,0.048225,-5.565,0,0,0.069023,0.069023,0,0,0.000,255,739,green,0.234,,0,unknown,0.000000,null,0.000000,0.319,"[0.2, 0.29, 0.8, 1.0]","[256, 209, 1024, 720]",,"{""0"": 250, ""1"": 250, ""2"": null, ""3"": null, ""4"": null, ""5"": null, ""6"": null, ""7"": null}","{""0"": 0.0, ""1"": 0.0, ""2"": null, ""3"": null, ""4"": null, ""5"": null, ""6"": null, ""7"": null}","{""0"": 250, ""1"": 250}",250,1,0,0,0,0.319,ultrasonic-not-close,KEEP_PAUSED,left,,,0
491,2026-08-02T03:33:30.747+09:00,75.230,490,5.06,0,DRIVING,,0,1,1,0,0,1,0.122227,-5.170,3134,0,-0.244129,-0.244129,0,0,0.000,255,739,green,0.164,,0,unknown,0.000000,null,0.000000,0.297,"[0.2, 0.29, 0.8, 1.0]","[256, 209, 1024, 720]",,"{""0"": 250, ""1"": 97, ""2"": null, ""3"": null, ""4"": null, ""5"": null, ""6"": null, ""7"": null}","{""0"": 0.0, ""1"": 0.0, ""2"": null, ""3"": null, ""4"": null, ""5"": null, ""6"": null, ""7"": null}","{""0"": 250, ""1"": 97}",97,1,1,0,0,0.297,car-not-detected-or-stale,KEEP_PAUSED,left,right,,0
492,2026-08-02T03:33:30.908+09:00,75.391,491,5.07,0,DRIVING,,0,1,1,0,0,1,0.104648,-5.288,5146,0,-0.173612,-0.173612,0,0,0.000,255,739,green,0.215,,0,unknown,0.000000,null,0.000000,0.300,"[0.2, 0.29, 0.8, 1.0]","[256, 209, 1024, 720]",,"{""0"": 250, ""1"": 91, ""2"": null, ""3"": null, ""4"": null, ""5"": null, ""6"": null, ""7"": null}","{""0"": 0.0, ""1"": 0.0, ""2"": null, ""3"": null, ""4"": null, ""5"": null, ""6"": null, ""7"": null}","{""0"": 250, ""1"": 91}",91,1,1,0,0,0.300,car-not-detected-or-stale,KEEP_PAUSED,left,right,,0
493,2026-08-02T03:33:31.085+09:00,75.566,492,5.07,0,DRIVING,,0,1,1,0,0,1,0.050831,-4.613,5876,0,0.015703,0.015703,0,0,0.000,255,739,green,0.168,,0,unknown,0.000000,null,0.000000,0.261,"[0.2, 0.29, 0.8, 1.0]","[256, 209, 1024, 720]",,"{""0"": 250, ""1"": 90, ""2"": null, ""3"": null, ""4"": null, ""5"": null, ""6"": null, ""7"": null}","{""0"": 0.0, ""1"": 0.0, ""2"": null, ""3"": null, ""4"": null, ""5"": null, ""6"": null, ""7"": null}","{""0"": 250, ""1"": 90}",90,1,1,0,0,0.261,car-not-detected-or-stale,KEEP_PAUSED,left,right,,0
494,2026-08-02T03:33:31.265+09:00,75.742,493,5.07,0,DRIVING,,0,1,1,0,0,1,0.027863,-3.883,6001,0,0.066230,0.066230,0,0,0.000,255,739,green,0.182,,0,unknown,0.000000,null,0.000000,0.277,"[0.2, 0.29, 0.8, 1.0]","[256, 209, 1024, 720]",,"{""0"": 250, ""1"": 91, ""2"": null, ""3"": null, ""4"": null, ""5"": null, ""6"": null, ""7"": null}","{""0"": 0.0, ""1"": 0.0, ""2"": null, ""3"": null, ""4"": null, ""5"": null, ""6"": null, ""7"": null}","{""0"": 250, ""1"": 91}",91,1,1,0,0,0.277,car-not-detected-or-stale,KEEP_PAUSED,left,right,,0
495,2026-08-02T03:33:31.598+09:00,76.083,494,4.98,0,DRIVING,,0,1,1,0,0,1,0.007609,-2.976,6179,0,0.104229,0.104229,0,0,0.000,255,738,green,0.205,,0,unknown,0.000000,null,0.000000,0.450,"[0.2, 0.29, 0.8, 1.0]","[256, 209, 1024, 720]",,"{""0"": 250, ""1"": 250, ""2"": null, ""3"": null, ""4"": null, ""5"": null, ""6"": null, ""7"": null}","{""0"": 0.0, ""1"": 0.0, ""2"": null, ""3"": null, ""4"": null, ""5"": null, ""6"": null, ""7"": null}","{""0"": 250, ""1"": 250}",250,1,0,0,0,0.450,ultrasonic-not-close,KEEP_PAUSED,left,right,,0
496,2026-08-02T03:33:31.836+09:00,76.320,495,4.93,0,DRIVING,,0,1,1,0,0,1,0.008569,-2.324,6154,0,0.065397,0.065397,0,0,0.000,255,739,green,0.335,,0,unknown,0.000000,null,0.000000,0.493,"[0.2, 0.29, 0.8, 1.0]","[256, 209, 1024, 720]",,"{""0"": 250, ""1"": 250, ""2"": null, ""3"": null, ""4"": null, ""5"": null, ""6"": null, ""7"": null}","{""0"": 0.0, ""1"": 0.0, ""2"": null, ""3"": null, ""4"": null, ""5"": null, ""6"": null, ""7"": null}","{""0"": 250, ""1"": 250}",250,1,0,0,0,0.493,ultrasonic-not-close,KEEP_PAUSED,left,right,,0
497,2026-08-02T03:33:32.100+09:00,76.584,496,4.86,0,DRIVING,,0,1,1,0,0,1,0.002263,-1.822,6606,0,0.063851,0.063851,0,0,0.000,255,738,green,0.234,,0,unknown,0.000000,null,0.000000,0.425,"[0.2, 0.29, 0.8, 1.0]","[256, 209, 1024, 720]",,"{""0"": 250, ""1"": 250, ""2"": null, ""3"": null, ""4"": null, ""5"": null, ""6"": null, ""7"": null}","{""0"": 0.0, ""1"": 0.0, ""2"": null, ""3"": null, ""4"": null, ""5"": null, ""6"": null, ""7"": null}","{""0"": 250, ""1"": 250}",250,1,0,0,0,0.425,ultrasonic-not-close,KEEP_PAUSED,left,right,,0
498,2026-08-02T03:33:32.318+09:00,76.800,497,4.83,0,DRIVING,,0,1,1,0,0,1,-0.047017,-0.802,6845,0,0.220883,0.220883,0,0,0.000,255,738,green,0.267,,0,unknown,0.000000,null,0.000000,0.410,"[0.2, 0.29, 0.8, 1.0]","[256, 209, 1024, 720]",,"{""0"": 250, ""1"": 250, ""2"": null, ""3"": null, ""4"": null, ""5"": null, ""6"": null, ""7"": null}","{""0"": 0.0, ""1"": 0.0, ""2"": null, ""3"": null, ""4"": null, ""5"": null, ""6"": null, ""7"": null}","{""0"": 250, ""1"": 250}",250,1,0,0,0,0.410,ultrasonic-not-close,KEEP_PAUSED,left,right,,0
499,2026-08-02T03:33:32.598+09:00,77.082,498,4.84,0,DRIVING,,0,1,1,0,0,1,-0.078814,0.055,6492,0,0.294476,0.294476,0,0,0.000,255,739,green,0.226,,0,unknown,0.000000,null,0.000000,0.437,"[0.2, 0.29, 0.8, 1.0]","[256, 209, 1024, 720]",,"{""0"": 250, ""1"": 250, ""2"": null, ""3"": null, ""4"": null, ""5"": null, ""6"": null, ""7"": null}","{""0"": 0.0, ""1"": 0.0, ""2"": null, ""3"": null, ""4"": null, ""5"": null, ""6"": null, ""7"": null}","{""0"": 250, ""1"": 250}",250,1,0,0,0,0.437,ultrasonic-not-close,KEEP_PAUSED,left,right,,0
500,2026-08-02T03:33:32.837+09:00,77.319,499,4.79,0,DRIVING,,0,1,1,0,0,1,-0.090547,0.749,6194,0,0.290930,0.290930,0,0,0.000,255,738,green,0.283,,0,unknown,0.000000,null,0.000000,0.450,"[0.2, 0.29, 0.8, 1.0]","[256, 209, 1024, 720]",,"{""0"": 250, ""1"": 250, ""2"": null, ""3"": null, ""4"": null, ""5"": null, ""6"": null, ""7"": null}","{""0"": 0.0, ""1"": 0.0, ""2"": null, ""3"": null, ""4"": null, ""5"": null, ""6"": null, ""7"": null}","{""0"": 250, ""1"": 250}",250,1,0,0,0,0.450,ultrasonic-not-close,KEEP_PAUSED,left,right,,0
501,2026-08-02T03:33:33.015+09:00,77.494,500,4.80,0,DRIVING,,0,1,1,0,0,1,-0.073661,1.146,6759,0,0.191756,0.191756,0,0,0.000,255,739,green,0.250,,0,unknown,0.000000,null,0.000000,0.348,"[0.2, 0.29, 0.8, 1.0]","[256, 209, 1024, 720]",,"{""0"": 250, ""1"": 92, ""2"": null, ""3"": null, ""4"": null, ""5"": null, ""6"": null, ""7"": null}","{""0"": 0.0, ""1"": 0.0, ""2"": null, ""3"": null, ""4"": null, ""5"": null, ""6"": null, ""7"": null}","{""0"": 250, ""1"": 92}",92,1,1,0,0,0.348,car-not-detected-or-stale,KEEP_PAUSED,left,right,,0
502,2026-08-02T03:33:33.194+09:00,77.677,501,4.78,0,DRIVING,,0,1,1,0,0,1,-0.090134,1.619,6403,0,0.233310,0.233310,0,0,0.000,255,739,green,0.185,,0,unknown,0.000000,null,0.000000,0.285,"[0.2, 0.29, 0.8, 1.0]","[256, 209, 1024, 720]",,"{""0"": 250, ""1"": 93, ""2"": null, ""3"": null, ""4"": null, ""5"": null, ""6"": null, ""7"": null}","{""0"": 0.0, ""1"": 0.0, ""2"": null, ""3"": null, ""4"": null, ""5"": null, ""6"": null, ""7"": null}","{""0"": 250, ""1"": 93}",93,1,1,0,0,0.285,car-not-detected-or-stale,KEEP_PAUSED,left,right,,0
503,2026-08-02T03:33:33.362+09:00,77.840,502,4.78,0,DRIVING,,0,1,1,0,0,1,-0.093231,2.002,6357,0,0.223139,0.223139,0,0,0.000,255,739,green,0.180,,0,unknown,0.000000,null,0.000000,0.270,"[0.2, 0.29, 0.8, 1.0]","[256, 209, 1024, 720]",,"{""0"": 250, ""1"": 250, ""2"": null, ""3"": null, ""4"": null, ""5"": null, ""6"": null, ""7"": null}","{""0"": 0.0, ""1"": 0.0, ""2"": null, ""3"": null, ""4"": null, ""5"": null, ""6"": null, ""7"": null}","{""0"": 250, ""1"": 250}",250,1,0,0,0,0.270,ultrasonic-not-close,KEEP_PAUSED,left,right,,0
504,2026-08-02T03:33:33.595+09:00,78.076,503,4.87,0,DRIVING,,0,1,1,0,0,1,-0.080815,2.213,6429,0,0.161843,0.161843,0,0,0.000,255,739,green,0.188,,0,unknown,0.000000,null,0.000000,0.336,"[0.2, 0.29, 0.8, 1.0]","[256, 209, 1024, 720]",,"{""0"": 250, ""1"": 250, ""2"": null, ""3"": null, ""4"": null, ""5"": null, ""6"": null, ""7"": null}","{""0"": 0.0, ""1"": 0.0, ""2"": null, ""3"": null, ""4"": null, ""5"": null, ""6"": null, ""7"": null}","{""0"": 250, ""1"": 250}",250,1,0,0,0,0.336,ultrasonic-not-close,KEEP_PAUSED,left,right,,0
505,2026-08-02T03:33:33.766+09:00,78.248,504,4.90,0,DRIVING,,0,1,1,0,0,1,-0.061819,2.272,6449,0,0.088546,0.088546,0,0,0.000,255,740,green,0.233,,0,unknown,0.000000,null,0.000000,0.327,"[0.2, 0.29, 0.8, 1.0]","[256, 209, 1024, 720]",,"{""0"": 250, ""1"": 250, ""2"": null, ""3"": null, ""4"": null, ""5"": null, ""6"": null, ""7"": null}","{""0"": 0.0, ""1"": 0.0, ""2"": null, ""3"": null, ""4"": null, ""5"": null, ""6"": null, ""7"": null}","{""0"": 250, ""1"": 250}",250,1,0,0,0,0.327,ultrasonic-not-close,KEEP_PAUSED,left,right,,0
506,2026-08-02T03:33:33.951+09:00,78.434,505,4.88,0,DRIVING,,0,1,1,0,0,1,-0.037946,2.084,6380,0,0.009423,0.009423,0,0,0.000,255,739,green,0.172,,0,unknown,0.000000,null,0.000000,0.285,"[0.2, 0.29, 0.8, 1.0]","[256, 209, 1024, 720]",,"{""0"": 250, ""1"": 250, ""2"": null, ""3"": null, ""4"": null, ""5"": null, ""6"": null, ""7"": null}","{""0"": 0.0, ""1"": 0.0, ""2"": null, ""3"": null, ""4"": null, ""5"": null, ""6"": null, ""7"": null}","{""0"": 250, ""1"": 250}",250,1,0,0,0,0.285,ultrasonic-not-close,KEEP_PAUSED,left,right,,0
507,2026-08-02T03:33:34.118+09:00,78.601,506,4.89,0,DRIVING,,0,1,1,0,0,1,-0.045402,2.026,6348,0,0.053926,0.053926,0,0,0.000,255,739,green,0.189,,0,unknown,0.000000,null,0.000000,0.285,"[0.2, 0.29, 0.8, 1.0]","[256, 209, 1024, 720]",,"{""0"": 250, ""1"": 250, ""2"": null, ""3"": null, ""4"": null, ""5"": null, ""6"": null, ""7"": null}","{""0"": 0.0, ""1"": 0.0, ""2"": null, ""3"": null, ""4"": null, ""5"": null, ""6"": null, ""7"": null}","{""0"": 250, ""1"": 250}",250,1,0,0,0,0.285,ultrasonic-not-close,KEEP_PAUSED,left,right,,0
508,2026-08-02T03:33:34.298+09:00,78.778,507,4.93,0,DRIVING,,0,1,1,0,0,1,-0.048608,2.023,6339,0,0.073807,0.073807,0,0,0.000,255,739,green,0.174,,0,unknown,0.000000,null,0.000000,0.281,"[0.2, 0.29, 0.8, 1.0]","[256, 209, 1024, 720]",,"{""0"": 250, ""1"": 250, ""2"": null, ""3"": null, ""4"": null, ""5"": null, ""6"": null, ""7"": null}","{""0"": 0.0, ""1"": 0.0, ""2"": null, ""3"": null, ""4"": null, ""5"": null, ""6"": null, ""7"": null}","{""0"": 250, ""1"": 250}",250,1,0,0,0,0.281,ultrasonic-not-close,KEEP_PAUSED,left,right,,0
509,2026-08-02T03:33:34.578+09:00,79.065,508,4.83,0,DRIVING,,0,1,1,0,0,1,-0.047704,2.004,6395,0,0.074658,0.074658,0,0,0.000,255,740,green,0.200,,0,unknown,0.000000,null,0.000000,0.402,"[0.2, 0.29, 0.8, 1.0]","[256, 209, 1024, 720]",,"{""0"": 250, ""1"": 250, ""2"": null, ""3"": null, ""4"": null, ""5"": null, ""6"": null, ""7"": null}","{""0"": 0.0, ""1"": 0.0, ""2"": null, ""3"": null, ""4"": null, ""5"": null, ""6"": null, ""7"": null}","{""0"": 250, ""1"": 250}",250,1,0,0,0,0.402,ultrasonic-not-close,KEEP_PAUSED,left,right,,0
510,2026-08-02T03:33:34.782+09:00,79.262,509,4.81,0,DRIVING,,0,1,1,0,0,1,-0.049841,2.025,6357,0,0.085715,0.085715,0,0,0.000,255,739,green,0.280,,0,unknown,0.000000,null,0.000000,0.404,"[0.2, 0.29, 0.8, 1.0]","[256, 209, 1024, 720]",,"{""0"": 250, ""1"": 250, ""2"": null, ""3"": null, ""4"": null, ""5"": null, ""6"": null, ""7"": null}","{""0"": 0.0, ""1"": 0.0, ""2"": null, ""3"": null, ""4"": null, ""5"": null, ""6"": null, ""7"": null}","{""0"": 250, ""1"": 250}",250,1,0,0,0,0.404,ultrasonic-not-close,KEEP_PAUSED,left,right,,0
511,2026-08-02T03:33:34.976+09:00,79.459,510,4.83,0,DRIVING,,0,1,1,0,0,1,-0.050307,2.068,6379,0,0.088592,0.088592,0,0,0.000,255,739,green,0.205,,0,unknown,0.000000,null,0.000000,0.329,"[0.2, 0.29, 0.8, 1.0]","[256, 209, 1024, 720]",,"{""0"": 250, ""1"": 250, ""2"": null, ""3"": null, ""4"": null, ""5"": null, ""6"": null, ""7"": null}","{""0"": 0.0, ""1"": 0.0, ""2"": null, ""3"": null, ""4"": null, ""5"": null, ""6"": null, ""7"": null}","{""0"": 250, ""1"": 250}",250,1,0,0,0,0.329,ultrasonic-not-close,KEEP_PAUSED,left,right,,0
512,2026-08-02T03:33:35.173+09:00,79.653,511,4.81,0,DRIVING,,0,1,1,0,0,1,-0.049704,2.061,6349,0,0.087011,0.087011,0,0,0.000,255,739,green,0.204,,0,unknown,0.000000,null,0.000000,0.321,"[0.2, 0.29, 0.8, 1.0]","[256, 209, 1024, 720]",,"{""0"": 250, ""1"": 250, ""2"": null, ""3"": null, ""4"": null, ""5"": null, ""6"": null, ""7"": null}","{""0"": 0.0, ""1"": 0.0, ""2"": null, ""3"": null, ""4"": null, ""5"": null, ""6"": null, ""7"": null}","{""0"": 250, ""1"": 250}",250,1,0,0,0,0.321,ultrasonic-not-close,KEEP_PAUSED,left,right,,0
513,2026-08-02T03:33:35.342+09:00,79.823,512,4.81,0,DRIVING,,0,1,1,0,0,1,-0.049869,2.058,6275,0,0.088340,0.088340,0,0,0.000,255,739,green,0.197,,0,unknown,0.000000,null,0.000000,0.293,"[0.2, 0.29, 0.8, 1.0]","[256, 209, 1024, 720]",,"{""0"": 250, ""1"": 250, ""2"": null, ""3"": null, ""4"": null, ""5"": null, ""6"": null, ""7"": null}","{""0"": 0.0, ""1"": 0.0, ""2"": null, ""3"": null, ""4"": null, ""5"": null, ""6"": null, ""7"": null}","{""0"": 250, ""1"": 250}",250,1,0,0,0,0.293,ultrasonic-not-close,KEEP_PAUSED,left,right,,0
514,2026-08-02T03:33:35.504+09:00,79.985,513,4.94,0,DRIVING,,0,1,1,0,0,1,-0.049869,2.057,6250,0,0.088767,0.088767,0,0,0.000,255,739,green,0.174,,0,unknown,0.000000,null,0.000000,0.263,"[0.2, 0.29, 0.8, 1.0]","[256, 209, 1024, 720]",,"{""0"": 250, ""1"": 250, ""2"": null, ""3"": null, ""4"": null, ""5"": null, ""6"": null, ""7"": null}","{""0"": 0.0, ""1"": 0.0, ""2"": null, ""3"": null, ""4"": null, ""5"": null, ""6"": null, ""7"": null}","{""0"": 250, ""1"": 250}",250,1,0,0,0,0.263,ultrasonic-not-close,KEEP_PAUSED,left,right,,0
515,2026-08-02T03:33:35.664+09:00,80.146,514,4.98,0,DRIVING,,0,1,1,0,0,1,-0.050170,2.057,6214,0,0.090151,0.090151,0,0,0.000,255,739,green,0.167,,0,unknown,0.000000,null,0.000000,0.256,"[0.2, 0.29, 0.8, 1.0]","[256, 209, 1024, 720]",,"{""0"": 250, ""1"": 250, ""2"": null, ""3"": null, ""4"": null, ""5"": null, ""6"": null, ""7"": null}","{""0"": 0.0, ""1"": 0.0, ""2"": null, ""3"": null, ""4"": null, ""5"": null, ""6"": null, ""7"": null}","{""0"": 250, ""1"": 250}",250,1,0,0,0,0.256,ultrasonic-not-close,KEEP_PAUSED,left,right,,0
516,2026-08-02T03:33:35.839+09:00,80.319,515,4.98,0,DRIVING,,0,1,1,0,0,1,-0.050335,2.057,6226,0,0.090790,0.090790,0,0,0.000,255,739,green,0.167,,0,unknown,0.000000,null,0.000000,0.264,"[0.2, 0.29, 0.8, 1.0]","[256, 209, 1024, 720]",,"{""0"": 250, ""1"": 250, ""2"": null, ""3"": null, ""4"": null, ""5"": null, ""6"": null, ""7"": null}","{""0"": 0.0, ""1"": 0.0, ""2"": null, ""3"": null, ""4"": null, ""5"": null, ""6"": null, ""7"": null}","{""0"": 250, ""1"": 250}",250,1,0,0,0,0.264,ultrasonic-not-close,KEEP_PAUSED,left,right,,0
517,2026-08-02T03:33:36.163+09:00,80.647,516,4.85,0,DRIVING,,0,1,1,0,0,1,-0.050335,2.062,6197,0,0.090734,0.090734,0,0,0.000,255,739,green,0.186,,0,unknown,0.000000,null,0.000000,0.438,"[0.2, 0.29, 0.8, 1.0]","[256, 209, 1024, 720]",,"{""0"": 250, ""1"": 250, ""2"": null, ""3"": null, ""4"": null, ""5"": null, ""6"": null, ""7"": null}","{""0"": 0.0, ""1"": 0.0, ""2"": null, ""3"": null, ""4"": null, ""5"": null, ""6"": null, ""7"": null}","{""0"": 250, ""1"": 250}",250,1,0,0,0,0.438,ultrasonic-not-close,KEEP_PAUSED,left,right,,0
518,2026-08-02T03:33:36.367+09:00,80.846,517,4.82,0,DRIVING,,0,1,1,0,0,1,-0.050472,2.083,6258,0,0.091187,0.091187,0,0,0.000,255,740,green,0.323,,0,unknown,0.000000,null,0.000000,0.456,"[0.2, 0.29, 0.8, 1.0]","[256, 209, 1024, 720]",,"{""0"": 250, ""1"": 250, ""2"": null, ""3"": null, ""4"": null, ""5"": null, ""6"": null, ""7"": null}","{""0"": 0.0, ""1"": 0.0, ""2"": null, ""3"": null, ""4"": null, ""5"": null, ""6"": null, ""7"": null}","{""0"": 250, ""1"": 250}",250,1,0,0,0,0.456,ultrasonic-not-close,KEEP_PAUSED,left,right,,0
519,2026-08-02T03:33:36.602+09:00,81.088,518,4.82,0,DRIVING,,0,1,1,0,0,1,-0.050608,2.118,6243,0,0.091578,0.091578,0,0,0.000,255,739,green,0.210,,0,unknown,0.000000,null,0.000000,0.382,"[0.2, 0.29, 0.8, 1.0]","[256, 209, 1024, 720]",,"{""0"": 250, ""1"": 250, ""2"": null, ""3"": null, ""4"": null, ""5"": null, ""6"": null, ""7"": null}","{""0"": 0.0, ""1"": 0.0, ""2"": null, ""3"": null, ""4"": null, ""5"": null, ""6"": null, ""7"": null}","{""0"": 250, ""1"": 250}",250,1,0,0,0,0.382,ultrasonic-not-close,KEEP_PAUSED,left,right,,0
520,2026-08-02T03:33:36.788+09:00,81.268,519,4.80,0,DRIVING,,0,1,1,0,0,1,-0.050472,2.153,6325,0,0.090941,0.090941,0,0,0.000,255,740,green,0.241,,0,unknown,0.000000,null,0.000000,0.355,"[0.2, 0.29, 0.8, 1.0]","[256, 209, 1024, 720]",,"{""0"": 250, ""1"": 120, ""2"": null, ""3"": null, ""4"": null, ""5"": null, ""6"": null, ""7"": null}","{""0"": 0.0, ""1"": 0.0, ""2"": null, ""3"": null, ""4"": null, ""5"": null, ""6"": null, ""7"": null}","{""0"": 250, ""1"": 120}",120,1,1,0,0,0.355,car-not-detected-or-stale,KEEP_PAUSED,left,right,,0
521,2026-08-02T03:33:36.986+09:00,81.467,520,4.81,0,DRIVING,,0,1,1,0,0,1,-0.050142,2.164,6323,0,0.089728,0.089728,0,0,0.000,255,740,green,0.197,,0,unknown,0.000000,null,0.000000,0.319,"[0.2, 0.29, 0.8, 1.0]","[256, 209, 1024, 720]",,"{""0"": 250, ""1"": 250, ""2"": null, ""3"": null, ""4"": null, ""5"": null, ""6"": null, ""7"": null}","{""0"": 0.0, ""1"": 0.0, ""2"": null, ""3"": null, ""4"": null, ""5"": null, ""6"": null, ""7"": null}","{""0"": 250, ""1"": 250}",250,1,0,0,0,0.319,ultrasonic-not-close,KEEP_PAUSED,left,right,,0
522,2026-08-02T03:33:37.228+09:00,81.713,521,4.74,0,DRIVING,,0,1,1,0,0,1,-0.050006,2.167,6343,0,0.089394,0.089394,0,0,0.000,255,739,green,0.199,,0,unknown,0.000000,null,0.000000,0.377,"[0.2, 0.29, 0.8, 1.0]","[256, 209, 1024, 720]",,"{""0"": 250, ""1"": 250, ""2"": null, ""3"": null, ""4"": null, ""5"": null, ""6"": null, ""7"": null}","{""0"": 0.0, ""1"": 0.0, ""2"": null, ""3"": null, ""4"": null, ""5"": null, ""6"": null, ""7"": null}","{""0"": 250, ""1"": 250}",250,1,0,0,0,0.377,ultrasonic-not-close,KEEP_PAUSED,left,right,,0
523,2026-08-02T03:33:37.425+09:00,81.906,522,4.73,0,DRIVING,,0,1,1,0,0,1,-0.050142,2.172,6327,0,0.090071,0.090071,0,0,0.000,255,740,green,0.244,,0,unknown,0.000000,null,0.000000,0.374,"[0.2, 0.29, 0.8, 1.0]","[256, 209, 1024, 720]",,"{""0"": 250, ""1"": 250, ""2"": null, ""3"": null, ""4"": null, ""5"": null, ""6"": null, ""7"": null}","{""0"": 0.0, ""1"": 0.0, ""2"": null, ""3"": null, ""4"": null, ""5"": null, ""6"": null, ""7"": null}","{""0"": 250, ""1"": 250}",250,1,0,0,0,0.374,ultrasonic-not-close,KEEP_PAUSED,left,right,,0
524,2026-08-02T03:33:37.748+09:00,82.234,523,4.62,0,DRIVING,,0,1,1,0,0,1,-0.050307,2.182,6322,0,0.090719,0.090719,0,0,0.000,255,739,green,0.206,,0,unknown,0.000000,null,0.000000,0.464,"[0.2, 0.29, 0.8, 1.0]","[256, 209, 1024, 720]",,"{""0"": 250, ""1"": 250, ""2"": null, ""3"": null, ""4"": null, ""5"": null, ""6"": null, ""7"": null}","{""0"": 0.0, ""1"": 0.0, ""2"": null, ""3"": null, ""4"": null, ""5"": null, ""6"": null, ""7"": null}","{""0"": 250, ""1"": 250}",250,1,0,0,0,0.464,ultrasonic-not-close,KEEP_PAUSED,left,right,,0
525,2026-08-02T03:33:38.051+09:00,82.534,524,4.65,0,DRIVING,,0,1,1,0,0,1,-0.050307,2.186,6340,0,0.090669,0.090669,0,0,0.000,255,739,green,0.324,,0,unknown,0.000000,null,0.000000,0.562,"[0.2, 0.29, 0.8, 1.0]","[256, 209, 1024, 720]",,"{""0"": 250, ""1"": 250, ""2"": null, ""3"": null, ""4"": null, ""5"": null, ""6"": null, ""7"": null}","{""0"": 0.0, ""1"": 0.0, ""2"": null, ""3"": null, ""4"": null, ""5"": null, ""6"": null, ""7"": null}","{""0"": 250, ""1"": 250}",250,1,0,0,0,0.562,ultrasonic-not-close,KEEP_PAUSED,left,right,,0
526,2026-08-02T03:33:38.378+09:00,82.861,525,4.59,0,DRIVING,,0,1,1,0,0,1,-0.050472,2.192,6351,0,0.091227,0.091227,0,0,0.000,255,740,green,0.313,,0,unknown,0.000000,null,0.000000,0.265,"[0.2, 0.29, 0.8, 1.0]","[256, 209, 1024, 720]",,"{""0"": 250, ""1"": 129, ""2"": null, ""3"": null, ""4"": null, ""5"": null, ""6"": null, ""7"": null}","{""0"": 0.0, ""1"": 0.0, ""2"": null, ""3"": null, ""4"": null, ""5"": null, ""6"": null, ""7"": null}","{""0"": 250, ""1"": 129}",129,1,1,0,0,0.265,car-not-detected-or-stale,KEEP_PAUSED,left,right,,0
527,2026-08-02T03:33:38.684+09:00,83.167,526,4.56,0,DRIVING,,0,1,1,0,0,1,-0.051624,2.125,5486,0,0.095262,0.095262,0,0,0.000,255,739,green,0.333,,0,unknown,0.000000,null,0.000000,0.242,"[0.2, 0.29, 0.8, 1.0]","[256, 209, 1024, 720]",,"{""0"": 250, ""1"": 121, ""2"": null, ""3"": null, ""4"": null, ""5"": null, ""6"": null, ""7"": null}","{""0"": 0.0, ""1"": 0.0, ""2"": null, ""3"": null, ""4"": null, ""5"": null, ""6"": null, ""7"": null}","{""0"": 250, ""1"": 121}",121,1,1,0,0,0.242,car-not-detected-or-stale,KEEP_PAUSED,left,right,,0
528,2026-08-02T03:33:38.988+09:00,83.470,527,4.49,0,DRIVING,,0,1,1,0,0,1,-0.049648,2.354,5806,4,0.087449,0.087449,0,0,0.000,255,739,green,0.311,,0,unknown,0.000000,null,0.000000,0.241,"[0.2, 0.29, 0.8, 1.0]","[256, 209, 1024, 720]",,"{""0"": 250, ""1"": 250, ""2"": null, ""3"": null, ""4"": null, ""5"": null, ""6"": null, ""7"": null}","{""0"": 0.0, ""1"": 0.0, ""2"": null, ""3"": null, ""4"": null, ""5"": null, ""6"": null, ""7"": null}","{""0"": 250, ""1"": 250}",250,1,0,0,0,0.241,ultrasonic-not-close,KEEP_PAUSED,left,right,,0
529,2026-08-02T03:33:39.335+09:00,83.819,528,4.45,0,DRIVING,,0,1,1,0,0,1,-0.052941,1.830,6465,0,0.099877,0.099877,0,0,0.000,255,740,green,0.313,,0,unknown,0.000000,null,0.000000,0.286,"[0.2, 0.29, 0.8, 1.0]","[256, 209, 1024, 720]",,"{""0"": 250, ""1"": 250, ""2"": null, ""3"": null, ""4"": null, ""5"": null, ""6"": null, ""7"": null}","{""0"": 0.0, ""1"": 0.0, ""2"": null, ""3"": null, ""4"": null, ""5"": null, ""6"": null, ""7"": null}","{""0"": 250, ""1"": 250}",250,1,0,0,0,0.286,ultrasonic-not-close,KEEP_PAUSED,left,right,,0
530,2026-08-02T03:33:39.695+09:00,84.177,529,4.37,0,DRIVING,,0,1,1,0,0,1,-0.052941,1.358,6350,23,0.098502,0.098502,0,0,0.000,255,739,green,0.351,,0,unknown,0.000000,null,0.000000,0.299,"[0.2, 0.29, 0.8, 1.0]","[256, 209, 1024, 720]",,"{""0"": 250, ""1"": 120, ""2"": null, ""3"": null, ""4"": null, ""5"": null, ""6"": null, ""7"": null}","{""0"": 0.0, ""1"": 0.0, ""2"": null, ""3"": null, ""4"": null, ""5"": null, ""6"": null, ""7"": null}","{""0"": 250, ""1"": 120}",120,1,1,0,0,0.299,car-not-detected-or-stale,KEEP_PAUSED,left,right,,0
531,2026-08-02T03:33:39.971+09:00,84.453,530,4.31,0,DRIVING,,0,1,1,0,0,1,-0.052748,1.362,6421,0,0.096846,0.096846,0,0,0.000,255,739,green,0.367,,0,unknown,0.000000,null,0.000000,0.212,"[0.2, 0.29, 0.8, 1.0]","[256, 209, 1024, 720]",,"{""0"": 250, ""1"": 120, ""2"": null, ""3"": null, ""4"": null, ""5"": null, ""6"": null, ""7"": null}","{""0"": 0.0, ""1"": 0.0, ""2"": null, ""3"": null, ""4"": null, ""5"": null, ""6"": null, ""7"": null}","{""0"": 250, ""1"": 120}",120,1,1,0,0,0.212,car-not-detected-or-stale,KEEP_PAUSED,left,right,,0
532,2026-08-02T03:33:40.337+09:00,84.819,531,4.20,0,DRIVING,,0,1,1,0,0,1,-0.050965,1.589,6303,0,0.089858,0.089858,0,0,0.000,255,739,green,0.288,,0,unknown,0.000000,null,0.000000,0.297,"[0.2, 0.29, 0.8, 1.0]","[256, 209, 1024, 720]",,"{""0"": 250, ""1"": 120, ""2"": null, ""3"": null, ""4"": null, ""5"": null, ""6"": null, ""7"": null}","{""0"": 0.0, ""1"": 0.0, ""2"": null, ""3"": null, ""4"": null, ""5"": null, ""6"": null, ""7"": null}","{""0"": 250, ""1"": 120}",120,1,1,0,0,0.297,car-not-detected-or-stale,KEEP_PAUSED,left,right,,0
533,2026-08-02T03:33:40.664+09:00,85.150,532,4.10,0,DRIVING,,0,1,1,0,0,1,-0.050965,1.760,6309,0,0.090422,0.090422,0,0,0.000,255,739,green,0.370,,0,unknown,0.000000,null,0.000000,0.630,"[0.2, 0.29, 0.8, 1.0]","[256, 209, 1024, 720]",,"{""0"": 250, ""1"": 250, ""2"": null, ""3"": null, ""4"": null, ""5"": null, ""6"": null, ""7"": null}","{""0"": 0.0, ""1"": 0.0, ""2"": null, ""3"": null, ""4"": null, ""5"": null, ""6"": null, ""7"": null}","{""0"": 250, ""1"": 250}",250,1,0,0,0,0.630,ultrasonic-not-close,KEEP_PAUSED,left,right,,0
534,2026-08-02T03:33:40.931+09:00,85.417,533,4.08,0,DRIVING,,0,1,1,0,0,1,-0.050965,1.892,6285,0,0.090817,0.090817,0,0,0.000,255,739,green,0.326,,0,unknown,0.000000,null,0.000000,0.214,"[0.2, 0.29, 0.8, 1.0]","[256, 209, 1024, 720]",,"{""0"": 250, ""1"": 250, ""2"": null, ""3"": null, ""4"": null, ""5"": null, ""6"": null, ""7"": null}","{""0"": 0.0, ""1"": 0.0, ""2"": null, ""3"": null, ""4"": null, ""5"": null, ""6"": null, ""7"": null}","{""0"": 250, ""1"": 250}",250,1,0,0,0,0.214,ultrasonic-not-close,KEEP_PAUSED,left,right,,0
535,2026-08-02T03:33:41.472+09:00,85.956,534,3.89,0,DRIVING,,0,1,1,0,0,1,-0.051568,2.003,6243,0,0.093263,0.093263,0,0,0.000,255,740,green,0.272,,0,unknown,0.000000,null,0.000000,0.750,"[0.2, 0.29, 0.8, 1.0]","[256, 209, 1024, 720]",,"{""0"": 250, ""1"": 250, ""2"": null, ""3"": null, ""4"": null, ""5"": null, ""6"": null, ""7"": null}","{""0"": 0.0, ""1"": 0.0, ""2"": null, ""3"": null, ""4"": null, ""5"": null, ""6"": null, ""7"": null}","{""0"": 250, ""1"": 250}",250,1,0,0,0,0.750,ultrasonic-not-close,KEEP_PAUSED,left,right,,0
536,2026-08-02T03:33:41.822+09:00,86.291,535,3.82,0,DRIVING,,0,1,1,0,0,1,-0.051596,2.079,6246,0,0.093231,0.093231,0,0,0.000,255,739,unknown,0.551,,0,unknown,0.000000,null,0.000000,0.273,"[0.2, 0.29, 0.8, 1.0]","[256, 209, 1024, 720]",,"{""0"": 250, ""1"": 250, ""2"": null, ""3"": null, ""4"": null, ""5"": null, ""6"": null, ""7"": null}","{""0"": 0.0, ""1"": 0.0, ""2"": null, ""3"": null, ""4"": null, ""5"": null, ""6"": null, ""7"": null}","{""0"": 250, ""1"": 250}",250,1,0,0,0,0.273,ultrasonic-not-close,KEEP_PAUSED,left,right,,0
537,2026-08-02T03:33:42.125+09:00,86.606,536,3.75,0,DRIVING,,0,1,1,0,0,1,-0.051267,2.126,6310,0,0.091938,0.091938,0,0,0.000,255,739,green,0.360,,0,unknown,0.000000,null,0.000000,0.235,"[0.2, 0.29, 0.8, 1.0]","[256, 209, 1024, 720]",,"{""0"": 250, ""1"": 250, ""2"": null, ""3"": null, ""4"": null, ""5"": null, ""6"": null, ""7"": null}","{""0"": 0.0, ""1"": 0.0, ""2"": null, ""3"": null, ""4"": null, ""5"": null, ""6"": null, ""7"": null}","{""0"": 250, ""1"": 250}",250,1,0,0,0,0.235,ultrasonic-not-close,KEEP_PAUSED,left,right,,0
538,2026-08-02T03:33:42.410+09:00,86.896,537,3.69,0,DRIVING,,0,1,1,0,0,1,-0.051568,2.181,6290,0,0.093126,0.093126,0,0,0.000,255,739,green,0.306,,0,unknown,0.000000,null,0.000000,0.226,"[0.2, 0.29, 0.8, 1.0]","[256, 209, 1024, 720]",,"{""0"": 250, ""1"": 250, ""2"": null, ""3"": null, ""4"": null, ""5"": null, ""6"": null, ""7"": null}","{""0"": 0.0, ""1"": 0.0, ""2"": null, ""3"": null, ""4"": null, ""5"": null, ""6"": null, ""7"": null}","{""0"": 250, ""1"": 250}",250,1,0,0,0,0.226,ultrasonic-not-close,KEEP_PAUSED,left,right,,0
539,2026-08-02T03:33:42.804+09:00,87.287,538,3.65,0,DRIVING,,0,1,1,0,0,1,-0.051568,2.230,6283,0,0.093035,0.093035,0,0,0.000,255,740,green,0.287,,0,unknown,0.000000,null,0.000000,0.335,"[0.2, 0.29, 0.8, 1.0]","[256, 209, 1024, 720]",,"{""0"": 250, ""1"": 250, ""2"": null, ""3"": null, ""4"": null, ""5"": null, ""6"": null, ""7"": null}","{""0"": 0.0, ""1"": 0.0, ""2"": null, ""3"": null, ""4"": null, ""5"": null, ""6"": null, ""7"": null}","{""0"": 250, ""1"": 250}",250,1,0,0,0,0.335,ultrasonic-not-close,KEEP_PAUSED,left,right,,0
540,2026-08-02T03:33:43.131+09:00,87.614,539,3.59,0,DRIVING,,0,1,1,0,0,1,-0.051568,2.264,6287,0,0.092971,0.092971,0,0,0.000,255,739,green,0.404,,0,unknown,0.000000,null,0.000000,0.263,"[0.2, 0.29, 0.8, 1.0]","[256, 209, 1024, 720]",,"{""0"": 250, ""1"": 250, ""2"": null, ""3"": null, ""4"": null, ""5"": null, ""6"": null, ""7"": null}","{""0"": 0.0, ""1"": 0.0, ""2"": null, ""3"": null, ""4"": null, ""5"": null, ""6"": null, ""7"": null}","{""0"": 250, ""1"": 250}",250,1,0,0,0,0.263,ultrasonic-not-close,KEEP_PAUSED,left,right,,0
541,2026-08-02T03:33:43.475+09:00,87.956,540,3.53,0,DRIVING,,0,1,1,0,0,1,-0.051568,2.278,6285,0,0.092927,0.092927,0,0,0.000,255,739,green,0.341,,0,unknown,0.000000,null,0.000000,0.272,"[0.2, 0.29, 0.8, 1.0]","[256, 209, 1024, 720]",,"{""0"": 250, ""1"": 250, ""2"": null, ""3"": null, ""4"": null, ""5"": null, ""6"": null, ""7"": null}","{""0"": 0.0, ""1"": 0.0, ""2"": null, ""3"": null, ""4"": null, ""5"": null, ""6"": null, ""7"": null}","{""0"": 250, ""1"": 250}",250,1,0,0,0,0.272,ultrasonic-not-close,KEEP_PAUSED,left,right,,0
542,2026-08-02T03:33:43.867+09:00,88.353,541,3.45,0,DRIVING,,0,1,1,0,0,1,-0.051869,2.294,6247,0,0.093980,0.093980,0,0,0.000,255,739,green,0.349,,0,unknown,0.000000,null,0.000000,0.328,"[0.2, 0.29, 0.8, 1.0]","[256, 209, 1024, 720]",,"{""0"": 250, ""1"": 250, ""2"": null, ""3"": null, ""4"": null, ""5"": null, ""6"": null, ""7"": null}","{""0"": 0.0, ""1"": 0.0, ""2"": null, ""3"": null, ""4"": null, ""5"": null, ""6"": null, ""7"": null}","{""0"": 250, ""1"": 250}",250,1,0,0,0,0.328,ultrasonic-not-close,KEEP_PAUSED,left,right,,0
543,2026-08-02T03:33:44.205+09:00,88.691,542,3.38,0,DRIVING,,0,1,1,0,0,1,-0.051568,2.302,6298,0,0.092711,0.092711,0,0,0.000,255,740,green,0.398,,0,unknown,0.000000,null,0.000000,0.664,"[0.2, 0.29, 0.8, 1.0]","[256, 209, 1024, 720]",,"{""0"": 250, ""1"": 250, ""2"": null, ""3"": null, ""4"": null, ""5"": null, ""6"": null, ""7"": null}","{""0"": 0.0, ""1"": 0.0, ""2"": null, ""3"": null, ""4"": null, ""5"": null, ""6"": null, ""7"": null}","{""0"": 250, ""1"": 250}",250,1,0,0,0,0.664,ultrasonic-not-close,KEEP_PAUSED,left,right,,0
544,2026-08-02T03:33:44.432+09:00,88.913,543,3.36,0,DRIVING,,0,1,1,0,0,1,-0.051869,2.307,6269,0,0.093829,0.093829,0,0,0.000,255,739,green,0.342,,0,unknown,0.000000,null,0.000000,0.495,"[0.2, 0.29, 0.8, 1.0]","[256, 209, 1024, 720]",,"{""0"": 250, ""1"": 250, ""2"": null, ""3"": null, ""4"": null, ""5"": null, ""6"": null, ""7"": null}","{""0"": 0.0, ""1"": 0.0, ""2"": null, ""3"": null, ""4"": null, ""5"": null, ""6"": null, ""7"": null}","{""0"": 250, ""1"": 250}",250,1,0,0,0,0.495,ultrasonic-not-close,KEEP_PAUSED,left,right,,0
545,2026-08-02T03:33:44.838+09:00,89.325,544,3.27,0,DRIVING,,0,1,1,0,0,1,-0.051568,2.317,6301,0,0.092605,0.092605,0,0,0.000,255,739,green,0.235,,0,unknown,0.000000,null,0.000000,0.574,"[0.2, 0.29, 0.8, 1.0]","[256, 209, 1024, 720]",,"{""0"": 250, ""1"": 250, ""2"": null, ""3"": null, ""4"": null, ""5"": null, ""6"": null, ""7"": null}","{""0"": 0.0, ""1"": 0.0, ""2"": null, ""3"": null, ""4"": null, ""5"": null, ""6"": null, ""7"": null}","{""0"": 250, ""1"": 250}",250,1,0,0,0,0.574,ultrasonic-not-close,KEEP_PAUSED,left,right,,0
546,2026-08-02T03:33:45.251+09:00,89.736,545,3.18,0,DRIVING,,0,1,1,0,0,1,-0.051869,2.324,6296,0,0.093755,0.093755,0,0,0.000,255,740,green,0.413,,0,unknown,0.000000,null,0.000000,0.756,"[0.2, 0.29, 0.8, 1.0]","[256, 209, 1024, 720]",,"{""0"": 250, ""1"": 250, ""2"": null, ""3"": null, ""4"": null, ""5"": null, ""6"": null, ""7"": null}","{""0"": 0.0, ""1"": 0.0, ""2"": null, ""3"": null, ""4"": null, ""5"": null, ""6"": null, ""7"": null}","{""0"": 250, ""1"": 250}",250,1,0,0,0,0.756,ultrasonic-not-close,KEEP_PAUSED,left,right,,0
547,2026-08-02T03:33:45.695+09:00,90.180,546,3.15,0,DRIVING,,0,1,1,0,0,1,-0.051869,2.330,6282,0,0.093638,0.093638,0,0,0.000,255,739,green,0.414,,0,unknown,0.000000,null,0.000000,0.795,"[0.2, 0.29, 0.8, 1.0]","[256, 209, 1024, 720]",,"{""0"": 250, ""1"": 250, ""2"": null, ""3"": null, ""4"": null, ""5"": null, ""6"": null, ""7"": null}","{""0"": 0.0, ""1"": 0.0, ""2"": null, ""3"": null, ""4"": null, ""5"": null, ""6"": null, ""7"": null}","{""0"": 250, ""1"": 250}",250,1,0,0,0,0.795,ultrasonic-not-close,KEEP_PAUSED,left,right,,0
548,2026-08-02T03:33:46.040+09:00,90.522,547,3.10,0,DRIVING,,0,1,1,0,0,1,-0.050801,2.321,6386,0,0.089709,0.089709,0,0,0.000,255,740,green,0.459,,0,unknown,0.000000,null,0.000000,0.730,"[0.2, 0.29, 0.8, 1.0]","[256, 209, 1024, 720]",,"{""0"": 250, ""1"": 250, ""2"": null, ""3"": null, ""4"": null, ""5"": null, ""6"": null, ""7"": null}","{""0"": 0.001, ""1"": 0.001, ""2"": null, ""3"": null, ""4"": null, ""5"": null, ""6"": null, ""7"": null}","{""0"": 250, ""1"": 250}",250,1,0,0,0,0.729,ultrasonic-not-close,KEEP_PAUSED,left,right,,0
549,2026-08-02T03:33:46.504+09:00,90.986,548,3.03,0,DRIVING,,0,1,1,0,0,1,-0.052034,2.332,6317,0,0.094668,0.094668,0,0,0.000,255,740,green,0.350,,0,unknown,0.000000,null,0.000000,0.399,"[0.2, 0.29, 0.8, 1.0]","[256, 209, 1024, 720]",,"{""0"": 250, ""1"": 250, ""2"": null, ""3"": null, ""4"": null, ""5"": null, ""6"": null, ""7"": null}","{""0"": 0.0, ""1"": 0.0, ""2"": null, ""3"": null, ""4"": null, ""5"": null, ""6"": null, ""7"": null}","{""0"": 250, ""1"": 250}",250,1,0,0,0,0.399,ultrasonic-not-close,KEEP_PAUSED,left,right,,0
550,2026-08-02T03:33:46.921+09:00,91.404,549,2.96,0,DRIVING,,0,1,1,0,0,1,-0.052171,2.336,6305,0,0.094859,0.094859,0,0,0.000,255,739,green,0.469,,0,unknown,0.000000,null,0.000000,0.818,"[0.2, 0.29, 0.8, 1.0]","[256, 209, 1024, 720]",,"{""0"": 250, ""1"": 250, ""2"": null, ""3"": null, ""4"": null, ""5"": null, ""6"": null, ""7"": null}","{""0"": 0.0, ""1"": 0.0, ""2"": null, ""3"": null, ""4"": null, ""5"": null, ""6"": null, ""7"": null}","{""0"": 250, ""1"": 250}",250,1,0,0,0,0.818,ultrasonic-not-close,KEEP_PAUSED,left,right,,0
551,2026-08-02T03:33:47.284+09:00,91.767,550,2.91,0,DRIVING,,0,1,1,0,0,1,-0.051869,2.345,6314,0,0.093488,0.093488,0,0,0.000,255,740,green,0.422,,0,unknown,0.000000,null,0.000000,0.303,"[0.2, 0.29, 0.8, 1.0]","[256, 209, 1024, 720]",,"{""0"": 250, ""1"": 250, ""2"": null, ""3"": null, ""4"": null, ""5"": null, ""6"": null, ""7"": null}","{""0"": 0.0, ""1"": 0.0, ""2"": null, ""3"": null, ""4"": null, ""5"": null, ""6"": null, ""7"": null}","{""0"": 250, ""1"": 250}",250,1,0,0,0,0.303,ultrasonic-not-close,KEEP_PAUSED,left,right,,0
552,2026-08-02T03:33:47.750+09:00,92.237,551,2.85,0,DRIVING,,0,1,1,0,0,1,-0.052171,2.344,6298,0,0.094536,0.094536,0,0,0.000,255,739,green,0.374,,0,unknown,0.000000,null,0.000000,0.772,"[0.2, 0.29, 0.8, 1.0]","[256, 209, 1024, 720]",,"{""0"": 250, ""1"": 250, ""2"": null, ""3"": null, ""4"": null, ""5"": null, ""6"": null, ""7"": null}","{""0"": 0.0, ""1"": 0.0, ""2"": null, ""3"": null, ""4"": null, ""5"": null, ""6"": null, ""7"": null}","{""0"": 250, ""1"": 250}",250,1,0,0,0,0.772,ultrasonic-not-close,KEEP_PAUSED,left,right,,0
553,2026-08-02T03:33:48.154+09:00,92.638,552,2.80,0,DRIVING,,0,1,1,0,0,1,-0.052171,2.345,6296,0,0.094348,0.094348,0,0,0.000,255,739,green,0.466,,0,unknown,0.000000,null,0.000000,0.806,"[0.2, 0.29, 0.8, 1.0]","[256, 209, 1024, 720]",,"{""0"": 250, ""1"": 250, ""2"": null, ""3"": null, ""4"": null, ""5"": null, ""6"": null, ""7"": null}","{""0"": 0.0, ""1"": 0.0, ""2"": null, ""3"": null, ""4"": null, ""5"": null, ""6"": null, ""7"": null}","{""0"": 250, ""1"": 250}",250,1,0,0,0,0.806,ultrasonic-not-close,KEEP_PAUSED,left,right,,0
554,2026-08-02T03:33:48.481+09:00,92.964,553,2.80,0,DRIVING,,0,1,1,0,0,1,-0.052171,2.349,6300,0,0.094215,0.094215,0,0,0.000,255,740,green,0.412,,0,unknown,0.000000,null,0.000000,0.670,"[0.2, 0.29, 0.8, 1.0]","[256, 209, 1024, 720]",,"{""0"": 250, ""1"": 250, ""2"": null, ""3"": null, ""4"": null, ""5"": null, ""6"": null, ""7"": null}","{""0"": 0.0, ""1"": 0.0, ""2"": null, ""3"": null, ""4"": null, ""5"": null, ""6"": null, ""7"": null}","{""0"": 250, ""1"": 250}",250,1,0,0,0,0.670,ultrasonic-not-close,KEEP_PAUSED,left,right,,0
555,2026-08-02T03:33:48.856+09:00,93.343,554,2.77,0,DRIVING,,0,1,1,0,0,1,-0.051869,2.356,6321,0,0.093038,0.093038,0,0,0.000,255,739,green,0.338,,0,unknown,0.000000,null,0.000000,0.318,"[0.2, 0.29, 0.8, 1.0]","[256, 209, 1024, 720]",,"{""0"": 250, ""1"": 250, ""2"": null, ""3"": null, ""4"": null, ""5"": null, ""6"": null, ""7"": null}","{""0"": 0.0, ""1"": 0.0, ""2"": null, ""3"": null, ""4"": null, ""5"": null, ""6"": null, ""7"": null}","{""0"": 250, ""1"": 250}",250,1,0,0,0,0.318,ultrasonic-not-close,KEEP_PAUSED,left,right,,0
556,2026-08-02T03:33:49.266+09:00,93.750,555,2.75,0,DRIVING,,0,1,1,0,0,1,-0.052171,2.358,6317,0,0.094221,0.094221,0,0,0.000,255,739,green,0.377,,0,unknown,0.000000,null,0.000000,0.724,"[0.2, 0.29, 0.8, 1.0]","[256, 209, 1024, 720]",,"{""0"": 250, ""1"": 250, ""2"": null, ""3"": null, ""4"": null, ""5"": null, ""6"": null, ""7"": null}","{""0"": 0.0, ""1"": 0.0, ""2"": null, ""3"": null, ""4"": null, ""5"": null, ""6"": null, ""7"": null}","{""0"": 250, ""1"": 250}",250,1,0,0,0,0.724,ultrasonic-not-close,KEEP_PAUSED,left,right,,0
557,2026-08-02T03:33:49.672+09:00,94.156,556,2.73,0,DRIVING,,0,1,1,0,0,1,-0.052171,2.358,6303,0,0.094127,0.094127,0,0,0.000,255,739,green,0.422,,0,unknown,0.000000,null,0.000000,0.345,"[0.2, 0.29, 0.8, 1.0]","[256, 209, 1024, 720]",,"{""0"": 250, ""1"": 250, ""2"": null, ""3"": null, ""4"": null, ""5"": null, ""6"": null, ""7"": null}","{""0"": 0.0, ""1"": 0.0, ""2"": null, ""3"": null, ""4"": null, ""5"": null, ""6"": null, ""7"": null}","{""0"": 250, ""1"": 250}",250,1,0,0,0,0.345,ultrasonic-not-close,KEEP_PAUSED,left,right,,0
558,2026-08-02T03:33:49.894+09:00,94.375,557,2.75,0,DRIVING,,0,1,1,0,0,1,-0.052171,2.358,6303,0,0.094061,0.094061,0,0,0.000,255,739,green,0.419,,0,unknown,0.000000,null,0.000000,0.564,"[0.2, 0.29, 0.8, 1.0]","[256, 209, 1024, 720]",,"{""0"": 250, ""1"": 250, ""2"": null, ""3"": null, ""4"": null, ""5"": null, ""6"": null, ""7"": null}","{""0"": 0.0, ""1"": 0.0, ""2"": null, ""3"": null, ""4"": null, ""5"": null, ""6"": null, ""7"": null}","{""0"": 250, ""1"": 250}",250,1,0,0,0,0.564,ultrasonic-not-close,KEEP_PAUSED,left,right,,0
559,2026-08-02T03:33:50.149+09:00,94.632,558,2.78,0,DRIVING,,0,1,1,0,0,1,-0.052171,2.360,6310,0,0.094015,0.094015,0,0,0.000,255,739,green,0.223,,0,unknown,0.000000,null,0.000000,0.407,"[0.2, 0.29, 0.8, 1.0]","[256, 209, 1024, 720]",,"{""0"": 250, ""1"": 250, ""2"": null, ""3"": null, ""4"": null, ""5"": null, ""6"": null, ""7"": null}","{""0"": 0.0, ""1"": 0.0, ""2"": null, ""3"": null, ""4"": null, ""5"": null, ""6"": null, ""7"": null}","{""0"": 250, ""1"": 250}",250,1,0,0,0,0.407,ultrasonic-not-close,KEEP_PAUSED,left,right,,0
560,2026-08-02T03:33:50.550+09:00,95.037,559,2.76,0,DRIVING,,0,1,1,0,0,1,-0.052171,2.364,6319,0,0.093983,0.093983,0,0,0.000,255,739,green,0.263,,0,unknown,0.000000,null,0.000000,0.598,"[0.2, 0.29, 0.8, 1.0]","[256, 209, 1024, 720]",,"{""0"": 250, ""1"": 250, ""2"": null, ""3"": null, ""4"": null, ""5"": null, ""6"": null, ""7"": null}","{""0"": 0.0, ""1"": 0.0, ""2"": null, ""3"": null, ""4"": null, ""5"": null, ""6"": null, ""7"": null}","{""0"": 250, ""1"": 250}",250,1,0,0,0,0.598,ultrasonic-not-close,KEEP_PAUSED,left,right,,0
561,2026-08-02T03:33:50.919+09:00,95.402,560,2.74,0,DRIVING,,0,1,1,0,0,1,-0.052171,2.365,6310,0,0.093960,0.093960,0,0,0.000,255,739,green,0.400,,0,unknown,0.000000,null,0.000000,0.704,"[0.2, 0.29, 0.8, 1.0]","[256, 209, 1024, 720]",,"{""0"": 250, ""1"": 250, ""2"": null, ""3"": null, ""4"": null, ""5"": null, ""6"": null, ""7"": null}","{""0"": 0.0, ""1"": 0.0, ""2"": null, ""3"": null, ""4"": null, ""5"": null, ""6"": null, ""7"": null}","{""0"": 250, ""1"": 250}",250,1,0,0,0,0.704,ultrasonic-not-close,KEEP_PAUSED,left,right,,0
562,2026-08-02T03:33:51.309+09:00,95.795,561,2.73,0,DRIVING,,0,1,1,0,0,1,-0.051869,2.368,6312,0,0.092859,0.092859,0,0,0.000,255,739,green,0.381,,0,unknown,0.000000,null,0.000000,0.705,"[0.2, 0.29, 0.8, 1.0]","[256, 209, 1024, 720]",,"{""0"": 250, ""1"": 250, ""2"": null, ""3"": null, ""4"": null, ""5"": null, ""6"": null, ""7"": null}","{""0"": 0.0, ""1"": 0.0, ""2"": null, ""3"": null, ""4"": null, ""5"": null, ""6"": null, ""7"": null}","{""0"": 250, ""1"": 250}",250,1,0,0,0,0.705,ultrasonic-not-close,KEEP_PAUSED,left,right,,0
563,2026-08-02T03:33:51.676+09:00,96.156,562,2.73,0,DRIVING,,0,1,1,0,0,1,-0.052171,2.369,6308,0,0.094096,0.094096,0,0,0.000,255,739,green,0.395,,0,unknown,0.000000,null,0.000000,0.300,"[0.2, 0.29, 0.8, 1.0]","[256, 209, 1024, 720]",,"{""0"": 250, ""1"": 250, ""2"": null, ""3"": null, ""4"": null, ""5"": null, ""6"": null, ""7"": null}","{""0"": 0.0, ""1"": 0.0, ""2"": null, ""3"": null, ""4"": null, ""5"": null, ""6"": null, ""7"": null}","{""0"": 250, ""1"": 250}",250,1,0,0,0,0.300,ultrasonic-not-close,KEEP_PAUSED,left,right,,0
564,2026-08-02T03:33:52.144+09:00,96.627,563,2.68,0,DRIVING,,0,1,1,0,0,1,-0.052171,2.371,6319,0,0.094039,0.094039,0,0,0.000,255,739,green,0.374,,0,unknown,0.000000,null,0.000000,0.406,"[0.2, 0.29, 0.8, 1.0]","[256, 209, 1024, 720]",,"{""0"": 250, ""1"": 250, ""2"": null, ""3"": null, ""4"": null, ""5"": null, ""6"": null, ""7"": null}","{""0"": 0.0, ""1"": 0.0, ""2"": null, ""3"": null, ""4"": null, ""5"": null, ""6"": null, ""7"": null}","{""0"": 250, ""1"": 250}",250,1,0,0,0,0.406,ultrasonic-not-close,KEEP_PAUSED,left,right,,0
565,2026-08-02T03:33:52.697+09:00,97.183,564,2.67,0,DRIVING,,0,1,1,0,0,1,-0.052171,2.375,6294,0,0.094000,0.094000,0,0,0.000,255,739,green,0.473,,0,unknown,0.000000,null,0.000000,0.496,"[0.2, 0.29, 0.8, 1.0]","[256, 209, 1024, 720]",,"{""0"": 250, ""1"": 250, ""2"": null, ""3"": null, ""4"": null, ""5"": null, ""6"": null, ""7"": null}","{""0"": 0.0, ""1"": 0.0, ""2"": null, ""3"": null, ""4"": null, ""5"": null, ""6"": null, ""7"": null}","{""0"": 250, ""1"": 250}",250,1,0,0,0,0.496,ultrasonic-not-close,KEEP_PAUSED,left,right,,0
566,2026-08-02T03:33:53.048+09:00,97.534,565,2.67,0,DRIVING,,0,1,1,0,0,1,-0.052171,2.377,6284,0,0.093972,0.093972,0,0,0.000,255,739,unknown,0.559,,0,unknown,0.000000,null,0.000000,0.294,"[0.2, 0.29, 0.8, 1.0]","[256, 209, 1024, 720]",,"{""0"": 250, ""1"": 250, ""2"": null, ""3"": null, ""4"": null, ""5"": null, ""6"": null, ""7"": null}","{""0"": 0.0, ""1"": 0.0, ""2"": null, ""3"": null, ""4"": null, ""5"": null, ""6"": null, ""7"": null}","{""0"": 250, ""1"": 250}",250,1,0,0,0,0.294,ultrasonic-not-close,KEEP_PAUSED,left,right,,0
567,2026-08-02T03:33:53.284+09:00,97.770,566,2.69,0,DRIVING,,0,1,1,0,0,1,-0.052171,2.380,6291,0,0.093953,0.093953,0,0,0.000,255,739,green,0.352,,0,unknown,0.000000,null,0.000000,0.181,"[0.2, 0.29, 0.8, 1.0]","[256, 209, 1024, 720]",,"{""0"": 250, ""1"": 250, ""2"": null, ""3"": null, ""4"": null, ""5"": null, ""6"": null, ""7"": null}","{""0"": 0.0, ""1"": 0.0, ""2"": null, ""3"": null, ""4"": null, ""5"": null, ""6"": null, ""7"": null}","{""0"": 250, ""1"": 250}",250,1,0,0,0,0.181,ultrasonic-not-close,KEEP_PAUSED,left,right,,0
568,2026-08-02T03:33:53.668+09:00,98.154,567,2.66,0,DRIVING,,0,1,1,0,0,1,-0.052171,2.384,6293,0,0.093939,0.093939,0,0,0.000,255,739,green,0.242,,0,unknown,0.000000,null,0.000000,0.566,"[0.2, 0.29, 0.8, 1.0]","[256, 209, 1024, 720]",,"{""0"": 250, ""1"": 250, ""2"": null, ""3"": null, ""4"": null, ""5"": null, ""6"": null, ""7"": null}","{""0"": 0.0, ""1"": 0.0, ""2"": null, ""3"": null, ""4"": null, ""5"": null, ""6"": null, ""7"": null}","{""0"": 250, ""1"": 250}",250,1,0,0,0,0.566,ultrasonic-not-close,KEEP_PAUSED,left,right,,0
569,2026-08-02T03:33:54.015+09:00,98.497,568,2.68,0,DRIVING,,0,1,1,0,0,1,-0.052171,2.382,6287,0,0.093930,0.093930,0,0,0.000,255,739,green,0.387,,0,unknown,0.000000,null,0.000000,0.667,"[0.2, 0.29, 0.8, 1.0]","[256, 209, 1024, 720]",,"{""0"": 250, ""1"": 250, ""2"": null, ""3"": null, ""4"": null, ""5"": null, ""6"": null, ""7"": null}","{""0"": 0.0, ""1"": 0.0, ""2"": null, ""3"": null, ""4"": null, ""5"": null, ""6"": null, ""7"": null}","{""0"": 250, ""1"": 250}",250,1,0,0,0,0.667,ultrasonic-not-close,KEEP_PAUSED,left,right,,0
570,2026-08-02T03:33:54.312+09:00,98.798,569,2.68,0,DRIVING,,0,1,1,0,0,1,-0.052171,2.384,6291,0,0.093923,0.093923,0,0,0.000,255,739,green,0.357,,0,unknown,0.000000,null,0.000000,0.589,"[0.2, 0.29, 0.8, 1.0]","[256, 209, 1024, 720]",,"{""0"": 250, ""1"": 250, ""2"": null, ""3"": null, ""4"": null, ""5"": null, ""6"": null, ""7"": null}","{""0"": 0.0, ""1"": 0.0, ""2"": null, ""3"": null, ""4"": null, ""5"": null, ""6"": null, ""7"": null}","{""0"": 250, ""1"": 250}",250,1,0,0,0,0.589,ultrasonic-not-close,KEEP_PAUSED,left,right,,0
571,2026-08-02T03:33:54.618+09:00,99.103,570,2.69,0,DRIVING,,0,1,1,0,0,1,-0.052171,2.387,6293,0,0.093918,0.093918,0,0,0.000,255,740,green,0.306,,0,unknown,0.000000,null,0.000000,0.242,"[0.2, 0.29, 0.8, 1.0]","[256, 209, 1024, 720]",,"{""0"": 250, ""1"": 250, ""2"": null, ""3"": null, ""4"": null, ""5"": null, ""6"": null, ""7"": null}","{""0"": 0.0, ""1"": 0.0, ""2"": null, ""3"": null, ""4"": null, ""5"": null, ""6"": null, ""7"": null}","{""0"": 250, ""1"": 250}",250,1,0,0,0,0.242,ultrasonic-not-close,KEEP_PAUSED,left,right,,0
572,2026-08-02T03:33:54.978+09:00,99.461,571,2.70,0,DRIVING,,0,1,1,0,0,1,-0.052171,2.385,6289,0,0.093915,0.093915,0,0,0.000,255,740,green,0.314,,0,unknown,0.000000,null,0.000000,0.601,"[0.2, 0.29, 0.8, 1.0]","[256, 209, 1024, 720]",,"{""0"": 250, ""1"": 250, ""2"": null, ""3"": null, ""4"": null, ""5"": null, ""6"": null, ""7"": null}","{""0"": 0.0, ""1"": 0.0, ""2"": null, ""3"": null, ""4"": null, ""5"": null, ""6"": null, ""7"": null}","{""0"": 250, ""1"": 250}",250,1,0,0,0,0.601,ultrasonic-not-close,KEEP_PAUSED,left,right,,0
573,2026-08-02T03:33:55.452+09:00,99.937,572,2.67,0,DRIVING,,0,1,1,0,0,1,-0.052171,2.385,6284,0,0.093913,0.093913,0,0,0.000,255,740,green,0.364,,0,unknown,0.000000,null,0.000000,0.771,"[0.2, 0.29, 0.8, 1.0]","[256, 209, 1024, 720]",,"{""0"": 250, ""1"": 250, ""2"": null, ""3"": null, ""4"": null, ""5"": null, ""6"": null, ""7"": null}","{""0"": 0.0, ""1"": 0.0, ""2"": null, ""3"": null, ""4"": null, ""5"": null, ""6"": null, ""7"": null}","{""0"": 250, ""1"": 250}",250,1,0,0,0,0.771,ultrasonic-not-close,KEEP_PAUSED,left,right,,0
574,2026-08-02T03:33:55.843+09:00,100.330,573,2.63,0,DRIVING,,0,1,1,0,0,1,-0.052171,2.387,6293,0,0.093911,0.093911,0,0,0.000,255,739,green,0.476,,0,unknown,0.000000,null,0.000000,0.805,"[0.2, 0.29, 0.8, 1.0]","[256, 209, 1024, 720]",,"{""0"": 250, ""1"": 250, ""2"": null, ""3"": null, ""4"": null, ""5"": null, ""6"": null, ""7"": null}","{""0"": 0.0, ""1"": 0.0, ""2"": null, ""3"": null, ""4"": null, ""5"": null, ""6"": null, ""7"": null}","{""0"": 250, ""1"": 250}",250,1,0,0,0,0.805,ultrasonic-not-close,KEEP_PAUSED,left,right,,0
575,2026-08-02T03:33:56.136+09:00,100.620,574,2.66,0,DRIVING,,0,1,1,0,0,1,-0.052171,2.387,6294,0,0.093910,0.093910,0,0,0.000,255,739,green,0.401,,0,unknown,0.000000,null,0.000000,0.627,"[0.2, 0.29, 0.8, 1.0]","[256, 209, 1024, 720]",,"{""0"": 250, ""1"": 120, ""2"": null, ""3"": null, ""4"": null, ""5"": null, ""6"": null, ""7"": null}","{""0"": 0.0, ""1"": 0.0, ""2"": null, ""3"": null, ""4"": null, ""5"": null, ""6"": null, ""7"": null}","{""0"": 250, ""1"": 120}",120,1,1,0,0,0.627,car-not-detected-or-stale,KEEP_PAUSED,left,right,,0
576,2026-08-02T03:33:56.440+09:00,100.921,575,2.68,0,DRIVING,,0,1,1,0,0,1,-0.052171,2.391,6286,0,0.093909,0.093909,0,0,0.000,255,740,green,0.297,,0,unknown,0.000000,null,0.000000,0.242,"[0.2, 0.29, 0.8, 1.0]","[256, 209, 1024, 720]",,"{""0"": 250, ""1"": 250, ""2"": null, ""3"": null, ""4"": null, ""5"": null, ""6"": null, ""7"": null}","{""0"": 0.0, ""1"": 0.0, ""2"": null, ""3"": null, ""4"": null, ""5"": null, ""6"": null, ""7"": null}","{""0"": 250, ""1"": 250}",250,1,0,0,0,0.242,ultrasonic-not-close,KEEP_PAUSED,left,right,,0
577,2026-08-02T03:33:56.777+09:00,101.260,576,2.71,0,DRIVING,,0,1,1,0,0,1,-0.052171,2.391,6293,0,0.093909,0.093909,0,0,0.000,255,740,green,0.313,,0,unknown,0.000000,null,0.000000,0.582,"[0.2, 0.29, 0.8, 1.0]","[256, 209, 1024, 720]",,"{""0"": 250, ""1"": 250, ""2"": null, ""3"": null, ""4"": null, ""5"": null, ""6"": null, ""7"": null}","{""0"": 0.0, ""1"": 0.0, ""2"": null, ""3"": null, ""4"": null, ""5"": null, ""6"": null, ""7"": null}","{""0"": 250, ""1"": 250}",250,1,0,0,0,0.582,ultrasonic-not-close,KEEP_PAUSED,left,right,,0
578,2026-08-02T03:33:57.199+09:00,101.680,577,2.69,0,DRIVING,,0,1,1,0,0,1,-0.051869,2.391,6298,0,0.092823,0.092823,0,0,0.000,255,740,green,0.345,,0,unknown,0.000000,null,0.000000,0.353,"[0.2, 0.29, 0.8, 1.0]","[256, 209, 1024, 720]",,"{""0"": 250, ""1"": 250, ""2"": null, ""3"": null, ""4"": null, ""5"": null, ""6"": null, ""7"": null}","{""0"": 0.0, ""1"": 0.0, ""2"": null, ""3"": null, ""4"": null, ""5"": null, ""6"": null, ""7"": null}","{""0"": 250, ""1"": 250}",250,1,0,0,0,0.353,ultrasonic-not-close,KEEP_PAUSED,left,right,,0
579,2026-08-02T03:33:57.664+09:00,102.145,578,2.69,0,DRIVING,,0,1,1,0,0,1,-0.052171,2.388,6287,0,0.094071,0.094071,0,0,0.000,255,739,green,0.429,,0,unknown,0.000000,null,0.000000,0.399,"[0.2, 0.29, 0.8, 1.0]","[256, 209, 1024, 720]",,"{""0"": 250, ""1"": 250, ""2"": null, ""3"": null, ""4"": null, ""5"": null, ""6"": null, ""7"": null}","{""0"": 0.0, ""1"": 0.0, ""2"": null, ""3"": null, ""4"": null, ""5"": null, ""6"": null, ""7"": null}","{""0"": 250, ""1"": 250}",250,1,0,0,0,0.399,ultrasonic-not-close,KEEP_PAUSED,left,right,,0
580,2026-08-02T03:33:58.052+09:00,102.539,579,2.69,0,DRIVING,,0,1,1,0,0,1,-0.052171,2.387,6284,0,0.094022,0.094022,0,0,0.000,255,739,green,0.474,,0,unknown,0.000000,null,0.000000,0.792,"[0.2, 0.29, 0.8, 1.0]","[256, 209, 1024, 720]",,"{""0"": 250, ""1"": 250, ""2"": null, ""3"": null, ""4"": null, ""5"": null, ""6"": null, ""7"": null}","{""0"": 0.0, ""1"": 0.0, ""2"": null, ""3"": null, ""4"": null, ""5"": null, ""6"": null, ""7"": null}","{""0"": 250, ""1"": 250}",250,1,0,0,0,0.792,ultrasonic-not-close,KEEP_PAUSED,left,right,,0
581,2026-08-02T03:33:58.514+09:00,103.001,580,2.67,0,DRIVING,,0,1,1,0,0,1,-0.052171,2.387,6296,0,0.093987,0.093987,0,0,0.000,255,739,green,0.386,,0,unknown,0.000000,null,0.000000,0.787,"[0.2, 0.29, 0.8, 1.0]","[256, 209, 1024, 720]",,"{""0"": 250, ""1"": 250, ""2"": null, ""3"": null, ""4"": null, ""5"": null, ""6"": null, ""7"": null}","{""0"": 0.0, ""1"": 0.0, ""2"": null, ""3"": null, ""4"": null, ""5"": null, ""6"": null, ""7"": null}","{""0"": 250, ""1"": 250}",250,1,0,0,0,0.787,ultrasonic-not-close,KEEP_PAUSED,left,right,,0
582,2026-08-02T03:33:58.867+09:00,103.350,581,2.70,0,DRIVING,,0,1,1,0,0,1,-0.052171,2.388,6296,0,0.093963,0.093963,0,0,0.000,255,739,green,0.474,,0,unknown,0.000000,null,0.000000,0.289,"[0.2, 0.29, 0.8, 1.0]","[256, 209, 1024, 720]",,"{""0"": 250, ""1"": 250, ""2"": null, ""3"": null, ""4"": null, ""5"": null, ""6"": null, ""7"": null}","{""0"": 0.0, ""1"": 0.0, ""2"": null, ""3"": null, ""4"": null, ""5"": null, ""6"": null, ""7"": null}","{""0"": 250, ""1"": 250}",250,1,0,0,0,0.289,ultrasonic-not-close,KEEP_PAUSED,left,right,,0
583,2026-08-02T03:33:59.195+09:00,103.681,582,2.72,0,DRIVING,,0,1,1,0,0,1,-0.052171,2.388,6294,0,0.093947,0.093947,0,0,0.000,255,739,green,0.358,,0,unknown,0.000000,null,0.000000,0.620,"[0.2, 0.29, 0.8, 1.0]","[256, 209, 1024, 720]",,"{""0"": 250, ""1"": 250, ""2"": null, ""3"": null, ""4"": null, ""5"": null, ""6"": null, ""7"": null}","{""0"": 0.0, ""1"": 0.0, ""2"": null, ""3"": null, ""4"": null, ""5"": null, ""6"": null, ""7"": null}","{""0"": 250, ""1"": 250}",250,1,0,0,0,0.620,ultrasonic-not-close,KEEP_PAUSED,left,right,,0
584,2026-08-02T03:33:59.587+09:00,104.073,583,2.70,0,DRIVING,,0,1,1,0,0,1,-0.052171,2.388,6291,0,0.093935,0.093935,0,0,0.000,255,739,green,0.331,,0,unknown,0.000000,null,0.000000,0.660,"[0.2, 0.29, 0.8, 1.0]","[256, 209, 1024, 720]",,"{""0"": 250, ""1"": 250, ""2"": null, ""3"": null, ""4"": null, ""5"": null, ""6"": null, ""7"": null}","{""0"": 0.0, ""1"": 0.0, ""2"": null, ""3"": null, ""4"": null, ""5"": null, ""6"": null, ""7"": null}","{""0"": 250, ""1"": 250}",250,1,0,0,0,0.660,ultrasonic-not-close,KEEP_PAUSED,left,right,,0
585,2026-08-02T03:33:59.974+09:00,104.459,584,2.70,0,DRIVING,,0,1,1,0,0,1,-0.052171,2.389,6296,0,0.093927,0.093927,0,0,0.000,255,739,green,0.402,,0,unknown,0.000000,null,0.000000,0.328,"[0.2, 0.29, 0.8, 1.0]","[256, 209, 1024, 720]",,"{""0"": 250, ""1"": 250, ""2"": null, ""3"": null, ""4"": null, ""5"": null, ""6"": null, ""7"": null}","{""0"": 0.0, ""1"": 0.0, ""2"": null, ""3"": null, ""4"": null, ""5"": null, ""6"": null, ""7"": null}","{""0"": 250, ""1"": 250}",250,1,0,0,0,0.328,ultrasonic-not-close,KEEP_PAUSED,left,right,,0
586,2026-08-02T03:34:00.324+09:00,104.810,585,2.71,0,DRIVING,,0,1,1,0,0,1,-0.052171,2.388,6294,0,0.093921,0.093921,0,0,0.000,255,740,green,0.391,,0,unknown,0.000000,null,0.000000,0.296,"[0.2, 0.29, 0.8, 1.0]","[256, 209, 1024, 720]",,"{""0"": 250, ""1"": 250, ""2"": null, ""3"": null, ""4"": null, ""5"": null, ""6"": null, ""7"": null}","{""0"": 0.0, ""1"": 0.0, ""2"": null, ""3"": null, ""4"": null, ""5"": null, ""6"": null, ""7"": null}","{""0"": 250, ""1"": 250}",250,1,0,0,0,0.296,ultrasonic-not-close,KEEP_PAUSED,left,right,,0
587,2026-08-02T03:34:00.765+09:00,105.245,586,2.71,0,DRIVING,,0,1,1,0,0,1,-0.052171,2.389,6291,0,0.093917,0.093917,0,0,0.000,255,739,green,0.359,,0,unknown,0.000000,null,0.000000,0.375,"[0.2, 0.29, 0.8, 1.0]","[256, 209, 1024, 720]",,"{""0"": 250, ""1"": 250, ""2"": null, ""3"": null, ""4"": null, ""5"": null, ""6"": null, ""7"": null}","{""0"": 0.0, ""1"": 0.0, ""2"": null, ""3"": null, ""4"": null, ""5"": null, ""6"": null, ""7"": null}","{""0"": 250, ""1"": 250}",250,1,0,0,0,0.375,ultrasonic-not-close,KEEP_PAUSED,left,right,,0
588,2026-08-02T03:34:01.221+09:00,105.707,587,2.65,0,DRIVING,,0,1,1,0,0,1,-0.052171,2.388,6294,0,0.093914,0.093914,0,0,0.000,255,740,green,0.447,,0,unknown,0.000000,null,0.000000,0.397,"[0.2, 0.29, 0.8, 1.0]","[256, 209, 1024, 720]",,"{""0"": 250, ""1"": 250, ""2"": null, ""3"": null, ""4"": null, ""5"": null, ""6"": null, ""7"": null}","{""0"": 0.0, ""1"": 0.0, ""2"": null, ""3"": null, ""4"": null, ""5"": null, ""6"": null, ""7"": null}","{""0"": 250, ""1"": 250}",250,1,0,0,0,0.397,ultrasonic-not-close,KEEP_PAUSED,left,right,,0
589,2026-08-02T03:34:01.678+09:00,106.164,588,2.60,0,DRIVING,,0,1,1,0,0,1,-0.052171,2.388,6294,0,0.093912,0.093912,0,0,0.000,255,739,green,0.465,,0,unknown,0.000000,null,0.000000,0.855,"[0.2, 0.29, 0.8, 1.0]","[256, 209, 1024, 720]",,"{""0"": 250, ""1"": 250, ""2"": null, ""3"": null, ""4"": null, ""5"": null, ""6"": null, ""7"": null}","{""0"": 0.0, ""1"": 0.0, ""2"": null, ""3"": null, ""4"": null, ""5"": null, ""6"": null, ""7"": null}","{""0"": 250, ""1"": 250}",250,1,0,0,0,0.855,ultrasonic-not-close,KEEP_PAUSED,left,right,,0
590,2026-08-02T03:34:01.869+09:00,106.353,589,2.65,0,DRIVING,,0,1,1,0,0,1,-0.052171,2.388,6294,0,0.093911,0.093911,0,0,0.000,255,740,green,0.457,,0,unknown,0.000000,null,0.000000,0.583,"[0.2, 0.29, 0.8, 1.0]","[256, 209, 1024, 720]",,"{""0"": 250, ""1"": 250, ""2"": null, ""3"": null, ""4"": null, ""5"": null, ""6"": null, ""7"": null}","{""0"": 0.0, ""1"": 0.0, ""2"": null, ""3"": null, ""4"": null, ""5"": null, ""6"": null, ""7"": null}","{""0"": 250, ""1"": 250}",250,1,0,0,0,0.583,ultrasonic-not-close,KEEP_PAUSED,left,right,,0
591,2026-08-02T03:34:02.090+09:00,106.572,590,2.69,0,DRIVING,,0,1,1,0,0,1,-0.052171,2.387,6294,0,0.093910,0.093910,0,0,0.000,255,740,green,0.193,,0,unknown,0.000000,null,0.000000,0.349,"[0.2, 0.29, 0.8, 1.0]","[256, 209, 1024, 720]",,"{""0"": 250, ""1"": 250, ""2"": null, ""3"": null, ""4"": null, ""5"": null, ""6"": null, ""7"": null}","{""0"": 0.0, ""1"": 0.0, ""2"": null, ""3"": null, ""4"": null, ""5"": null, ""6"": null, ""7"": null}","{""0"": 250, ""1"": 250}",250,1,0,0,0,0.349,ultrasonic-not-close,KEEP_PAUSED,left,right,,0
592,2026-08-02T03:34:02.365+09:00,106.851,591,2.71,0,DRIVING,,0,1,1,0,0,1,-0.052171,2.388,6296,0,0.093909,0.093909,0,0,0.000,255,739,green,0.231,,0,unknown,0.000000,null,0.000000,0.442,"[0.2, 0.29, 0.8, 1.0]","[256, 209, 1024, 720]",,"{""0"": 250, ""1"": 250, ""2"": null, ""3"": null, ""4"": null, ""5"": null, ""6"": null, ""7"": null}","{""0"": 0.0, ""1"": 0.0, ""2"": null, ""3"": null, ""4"": null, ""5"": null, ""6"": null, ""7"": null}","{""0"": 250, ""1"": 250}",250,1,0,0,0,0.442,ultrasonic-not-close,KEEP_PAUSED,left,right,,0
593,2026-08-02T03:34:02.593+09:00,107.075,592,2.75,0,DRIVING,,0,1,1,0,0,1,-0.052171,2.388,6294,0,0.093908,0.093908,0,0,0.000,255,739,green,0.278,,0,unknown,0.000000,null,0.000000,0.439,"[0.2, 0.29, 0.8, 1.0]","[256, 209, 1024, 720]",,"{""0"": 250, ""1"": 250, ""2"": null, ""3"": null, ""4"": null, ""5"": null, ""6"": null, ""7"": null}","{""0"": 0.0, ""1"": 0.0, ""2"": null, ""3"": null, ""4"": null, ""5"": null, ""6"": null, ""7"": null}","{""0"": 250, ""1"": 250}",250,1,0,0,0,0.439,ultrasonic-not-close,KEEP_PAUSED,left,right,,0
594,2026-08-02T03:34:02.794+09:00,107.275,593,2.82,0,DRIVING,,0,1,1,0,0,1,-0.052171,2.387,6286,0,0.093908,0.093908,0,0,0.000,255,739,green,0.236,,0,unknown,0.000000,null,0.000000,0.366,"[0.2, 0.29, 0.8, 1.0]","[256, 209, 1024, 720]",,"{""0"": 250, ""1"": 250, ""2"": null, ""3"": null, ""4"": null, ""5"": null, ""6"": null, ""7"": null}","{""0"": 0.0, ""1"": 0.0, ""2"": null, ""3"": null, ""4"": null, ""5"": null, ""6"": null, ""7"": null}","{""0"": 250, ""1"": 250}",250,1,0,0,0,0.366,ultrasonic-not-close,KEEP_PAUSED,left,right,,0
595,2026-08-02T03:34:03.080+09:00,107.563,594,2.89,0,DRIVING,,0,1,1,0,0,1,-0.052171,2.387,6294,0,0.093908,0.093908,0,0,0.000,255,739,green,0.207,,0,unknown,0.000000,null,0.000000,0.426,"[0.2, 0.29, 0.8, 1.0]","[256, 209, 1024, 720]",,"{""0"": 250, ""1"": 250, ""2"": null, ""3"": null, ""4"": null, ""5"": null, ""6"": null, ""7"": null}","{""0"": 0.0, ""1"": 0.0, ""2"": null, ""3"": null, ""4"": null, ""5"": null, ""6"": null, ""7"": null}","{""0"": 250, ""1"": 250}",250,1,0,0,0,0.426,ultrasonic-not-close,KEEP_PAUSED,left,right,,0
596,2026-08-02T03:34:03.352+09:00,107.837,595,2.91,0,DRIVING,,0,1,1,0,0,1,-0.052171,2.387,6294,0,0.093908,0.093908,0,0,0.000,255,740,green,0.289,,0,unknown,0.000000,null,0.000000,0.500,"[0.2, 0.29, 0.8, 1.0]","[256, 209, 1024, 720]",,"{""0"": 250, ""1"": 250, ""2"": null, ""3"": null, ""4"": null, ""5"": null, ""6"": null, ""7"": null}","{""0"": 0.0, ""1"": 0.0, ""2"": null, ""3"": null, ""4"": null, ""5"": null, ""6"": null, ""7"": null}","{""0"": 250, ""1"": 250}",250,1,0,0,0,0.500,ultrasonic-not-close,KEEP_PAUSED,left,right,,0
597,2026-08-02T03:34:03.591+09:00,108.076,596,2.91,0,DRIVING,,0,1,1,0,0,1,-0.052171,2.386,6299,0,0.093908,0.093908,0,0,0.000,255,740,green,0.277,,0,unknown,0.000000,null,0.000000,0.452,"[0.2, 0.29, 0.8, 1.0]","[256, 209, 1024, 720]",,"{""0"": 250, ""1"": 250, ""2"": null, ""3"": null, ""4"": null, ""5"": null, ""6"": null, ""7"": null}","{""0"": 0.0, ""1"": 0.0, ""2"": null, ""3"": null, ""4"": null, ""5"": null, ""6"": null, ""7"": null}","{""0"": 250, ""1"": 250}",250,1,0,0,0,0.452,ultrasonic-not-close,KEEP_PAUSED,left,right,,0
598,2026-08-02T03:34:03.828+09:00,108.312,597,2.95,0,DRIVING,,0,1,1,0,0,1,-0.052171,2.386,6294,0,0.093908,0.093908,0,0,0.000,255,741,green,0.249,,0,unknown,0.000000,null,0.000000,0.417,"[0.2, 0.29, 0.8, 1.0]","[256, 209, 1024, 720]",,"{""0"": 250, ""1"": 250, ""2"": null, ""3"": null, ""4"": null, ""5"": null, ""6"": null, ""7"": null}","{""0"": 0.0, ""1"": 0.0, ""2"": null, ""3"": null, ""4"": null, ""5"": null, ""6"": null, ""7"": null}","{""0"": 250, ""1"": 250}",250,1,0,0,0,0.417,ultrasonic-not-close,KEEP_PAUSED,left,right,,0
599,2026-08-02T03:34:04.098+09:00,108.584,598,2.97,0,DRIVING,,0,1,1,0,0,1,-0.052171,2.386,6294,0,0.093907,0.093907,0,0,0.000,255,740,green,0.240,,0,unknown,0.000000,null,0.000000,0.446,"[0.2, 0.29, 0.8, 1.0]","[256, 209, 1024, 720]",,"{""0"": 250, ""1"": 250, ""2"": null, ""3"": null, ""4"": null, ""5"": null, ""6"": null, ""7"": null}","{""0"": 0.0, ""1"": 0.0, ""2"": null, ""3"": null, ""4"": null, ""5"": null, ""6"": null, ""7"": null}","{""0"": 250, ""1"": 250}",250,1,0,0,0,0.446,ultrasonic-not-close,KEEP_PAUSED,left,right,,0
600,2026-08-02T03:34:04.386+09:00,108.872,599,2.98,0,DRIVING,,0,1,1,0,0,1,-0.052171,2.386,6294,0,0.093907,0.093907,0,0,0.000,255,740,green,0.275,,0,unknown,0.000000,null,0.000000,0.498,"[0.2, 0.29, 0.8, 1.0]","[256, 209, 1024, 720]",,"{""0"": 250, ""1"": 250, ""2"": null, ""3"": null, ""4"": null, ""5"": null, ""6"": null, ""7"": null}","{""0"": 0.0, ""1"": 0.0, ""2"": null, ""3"": null, ""4"": null, ""5"": null, ""6"": null, ""7"": null}","{""0"": 250, ""1"": 250}",250,1,0,0,0,0.498,ultrasonic-not-close,KEEP_PAUSED,left,right,,0
601,2026-08-02T03:34:04.613+09:00,109.095,600,3.00,0,DRIVING,,0,1,1,0,0,1,-0.052171,2.384,6287,0,0.093907,0.093907,0,0,0.000,255,739,green,0.290,,0,unknown,0.000000,null,0.000000,0.451,"[0.2, 0.29, 0.8, 1.0]","[256, 209, 1024, 720]",,"{""0"": 250, ""1"": 250, ""2"": null, ""3"": null, ""4"": null, ""5"": null, ""6"": null, ""7"": null}","{""0"": 0.0, ""1"": 0.0, ""2"": null, ""3"": null, ""4"": null, ""5"": null, ""6"": null, ""7"": null}","{""0"": 250, ""1"": 250}",250,1,0,0,0,0.451,ultrasonic-not-close,KEEP_PAUSED,left,right,,0
602,2026-08-02T03:34:04.779+09:00,109.261,601,3.06,0,DRIVING,,0,1,1,0,0,1,-0.052171,2.386,6291,0,0.093907,0.093907,0,0,0.000,255,738,green,0.237,,0,unknown,0.000000,null,0.000000,0.331,"[0.2, 0.29, 0.8, 1.0]","[256, 209, 1024, 720]",,"{""0"": 250, ""1"": 250, ""2"": null, ""3"": null, ""4"": null, ""5"": null, ""6"": null, ""7"": null}","{""0"": 0.0, ""1"": 0.0, ""2"": null, ""3"": null, ""4"": null, ""5"": null, ""6"": null, ""7"": null}","{""0"": 250, ""1"": 250}",250,1,0,0,0,0.331,ultrasonic-not-close,KEEP_PAUSED,left,right,,0
603,2026-08-02T03:34:04.945+09:00,109.426,602,3.16,0,DRIVING,,0,1,1,0,0,1,-0.052171,2.386,6294,0,0.093907,0.093907,0,0,0.000,255,740,green,0.177,,0,unknown,0.000000,null,0.000000,0.265,"[0.2, 0.29, 0.8, 1.0]","[256, 209, 1024, 720]",,"{""0"": 250, ""1"": 250, ""2"": null, ""3"": null, ""4"": null, ""5"": null, ""6"": null, ""7"": null}","{""0"": 0.0, ""1"": 0.0, ""2"": null, ""3"": null, ""4"": null, ""5"": null, ""6"": null, ""7"": null}","{""0"": 250, ""1"": 250}",250,1,0,0,0,0.265,ultrasonic-not-close,KEEP_PAUSED,left,right,,0
604,2026-08-02T03:34:05.115+09:00,109.594,603,3.24,0,DRIVING,,0,1,1,0,0,1,-0.052171,2.385,6289,0,0.093907,0.093907,0,0,0.000,255,740,green,0.165,,0,unknown,0.000000,null,0.000000,0.258,"[0.2, 0.29, 0.8, 1.0]","[256, 209, 1024, 720]",,"{""0"": 250, ""1"": 250, ""2"": null, ""3"": null, ""4"": null, ""5"": null, ""6"": null, ""7"": null}","{""0"": 0.0, ""1"": 0.0, ""2"": null, ""3"": null, ""4"": null, ""5"": null, ""6"": null, ""7"": null}","{""0"": 250, ""1"": 250}",250,1,0,0,0,0.258,ultrasonic-not-close,KEEP_PAUSED,left,right,,0
605,2026-08-02T03:34:05.431+09:00,109.916,604,3.23,0,DRIVING,,0,1,1,0,0,1,-0.052171,2.385,6294,0,0.093907,0.093907,0,0,0.000,255,739,green,0.192,,0,unknown,0.000000,null,0.000000,0.428,"[0.2, 0.29, 0.8, 1.0]","[256, 209, 1024, 720]",,"{""0"": 250, ""1"": 250, ""2"": null, ""3"": null, ""4"": null, ""5"": null, ""6"": null, ""7"": null}","{""0"": 0.0, ""1"": 0.0, ""2"": null, ""3"": null, ""4"": null, ""5"": null, ""6"": null, ""7"": null}","{""0"": 250, ""1"": 250}",250,1,0,0,0,0.428,ultrasonic-not-close,KEEP_PAUSED,left,right,,0
606,2026-08-02T03:34:05.627+09:00,110.110,605,3.26,0,DRIVING,,0,1,1,0,0,1,-0.052171,2.386,6294,0,0.093907,0.093907,0,0,0.000,255,741,green,0.313,,0,unknown,0.000000,null,0.000000,0.438,"[0.2, 0.29, 0.8, 1.0]","[256, 209, 1024, 720]",,"{""0"": 250, ""1"": 250, ""2"": null, ""3"": null, ""4"": null, ""5"": null, ""6"": null, ""7"": null}","{""0"": 0.0, ""1"": 0.0, ""2"": null, ""3"": null, ""4"": null, ""5"": null, ""6"": null, ""7"": null}","{""0"": 250, ""1"": 250}",250,1,0,0,0,0.438,ultrasonic-not-close,KEEP_PAUSED,left,right,,0
607,2026-08-02T03:34:05.899+09:00,110.386,606,3.29,0,DRIVING,,0,1,1,0,0,1,-0.052171,2.388,6293,0,0.093907,0.093907,0,0,0.000,255,739,green,0.198,,0,unknown,0.000000,null,0.000000,0.404,"[0.2, 0.29, 0.8, 1.0]","[256, 209, 1024, 720]",,"{""0"": 250, ""1"": 250, ""2"": null, ""3"": null, ""4"": null, ""5"": null, ""6"": null, ""7"": null}","{""0"": 0.0, ""1"": 0.0, ""2"": null, ""3"": null, ""4"": null, ""5"": null, ""6"": null, ""7"": null}","{""0"": 250, ""1"": 250}",250,1,0,0,0,0.404,ultrasonic-not-close,KEEP_PAUSED,left,right,,0
608,2026-08-02T03:34:06.112+09:00,110.595,607,3.37,0,DRIVING,,0,1,1,0,0,1,-0.052171,2.388,6296,0,0.093907,0.093907,0,0,0.000,255,740,green,0.275,,0,unknown,0.000000,null,0.000000,0.421,"[0.2, 0.29, 0.8, 1.0]","[256, 209, 1024, 720]",,"{""0"": 250, ""1"": 250, ""2"": null, ""3"": null, ""4"": null, ""5"": null, ""6"": null, ""7"": null}","{""0"": 0.0, ""1"": 0.0, ""2"": null, ""3"": null, ""4"": null, ""5"": null, ""6"": null, ""7"": null}","{""0"": 250, ""1"": 250}",250,1,0,0,0,0.421,ultrasonic-not-close,KEEP_PAUSED,left,right,,0
609,2026-08-02T03:34:06.481+09:00,110.968,608,3.40,0,DRIVING,,0,1,1,0,0,1,-0.052171,2.388,6294,0,0.093907,0.093907,0,0,0.000,255,739,green,0.215,,0,unknown,0.000000,null,0.000000,0.524,"[0.2, 0.29, 0.8, 1.0]","[256, 209, 1024, 720]",,"{""0"": 250, ""1"": 250, ""2"": null, ""3"": null, ""4"": null, ""5"": null, ""6"": null, ""7"": null}","{""0"": 0.0, ""1"": 0.0, ""2"": null, ""3"": null, ""4"": null, ""5"": null, ""6"": null, ""7"": null}","{""0"": 250, ""1"": 250}",250,1,0,0,0,0.524,ultrasonic-not-close,KEEP_PAUSED,left,right,,0
610,2026-08-02T03:34:07.004+09:00,111.487,609,3.35,0,DRIVING,,0,1,1,0,0,1,-0.052171,2.384,6290,0,0.093907,0.093907,0,0,0.000,255,740,green,0.377,,0,unknown,0.000000,null,0.000000,0.461,"[0.2, 0.29, 0.8, 1.0]","[256, 209, 1024, 720]",,"{""0"": 250, ""1"": 250, ""2"": null, ""3"": null, ""4"": null, ""5"": null, ""6"": null, ""7"": null}","{""0"": 0.0, ""1"": 0.0, ""2"": null, ""3"": null, ""4"": null, ""5"": null, ""6"": null, ""7"": null}","{""0"": 250, ""1"": 250}",250,1,0,0,0,0.461,ultrasonic-not-close,KEEP_PAUSED,left,right,,0
611,2026-08-02T03:34:07.342+09:00,111.822,610,3.40,0,DRIVING,,0,1,1,0,0,1,-0.052171,2.384,6294,0,0.093907,0.093907,0,0,0.000,255,740,unknown,0.529,,0,unknown,0.000000,null,0.000000,0.272,"[0.2, 0.29, 0.8, 1.0]","[256, 209, 1024, 720]",,"{""0"": 250, ""1"": 250, ""2"": null, ""3"": null, ""4"": null, ""5"": null, ""6"": null, ""7"": null}","{""0"": 0.0, ""1"": 0.0, ""2"": null, ""3"": null, ""4"": null, ""5"": null, ""6"": null, ""7"": null}","{""0"": 250, ""1"": 250}",250,1,0,0,0,0.272,ultrasonic-not-close,KEEP_PAUSED,left,right,,0
612,2026-08-02T03:34:07.665+09:00,112.150,611,3.41,0,DRIVING,,0,1,1,0,0,1,-0.052171,2.382,6295,0,0.093907,0.093907,0,0,0.000,255,739,green,0.349,,0,unknown,0.000000,null,0.000000,0.601,"[0.2, 0.29, 0.8, 1.0]","[256, 209, 1024, 720]",,"{""0"": 250, ""1"": 250, ""2"": null, ""3"": null, ""4"": null, ""5"": null, ""6"": null, ""7"": null}","{""0"": 0.0, ""1"": 0.0, ""2"": null, ""3"": null, ""4"": null, ""5"": null, ""6"": null, ""7"": null}","{""0"": 250, ""1"": 250}",250,1,0,0,0,0.601,ultrasonic-not-close,KEEP_PAUSED,left,right,,0
613,2026-08-02T03:34:08.000+09:00,112.486,612,3.41,0,DRIVING,,0,1,1,0,0,1,-0.052171,2.380,6298,0,0.093907,0.093907,0,0,0.000,255,739,green,0.327,,0,unknown,0.000000,null,0.000000,0.277,"[0.2, 0.29, 0.8, 1.0]","[256, 209, 1024, 720]",,"{""0"": 250, ""1"": 250, ""2"": null, ""3"": null, ""4"": null, ""5"": null, ""6"": null, ""7"": null}","{""0"": 0.0, ""1"": 0.0, ""2"": null, ""3"": null, ""4"": null, ""5"": null, ""6"": null, ""7"": null}","{""0"": 250, ""1"": 250}",250,1,0,0,0,0.277,ultrasonic-not-close,KEEP_PAUSED,left,right,,0
614,2026-08-02T03:34:08.345+09:00,112.828,613,3.43,0,DRIVING,,0,1,1,0,0,1,-0.052171,2.380,6297,0,0.093907,0.093907,0,0,0.000,255,739,green,0.351,,0,unknown,0.000000,null,0.000000,0.616,"[0.2, 0.29, 0.8, 1.0]","[256, 209, 1024, 720]",,"{""0"": 250, ""1"": 250, ""2"": null, ""3"": null, ""4"": null, ""5"": null, ""6"": null, ""7"": null}","{""0"": 0.0, ""1"": 0.0, ""2"": null, ""3"": null, ""4"": null, ""5"": null, ""6"": null, ""7"": null}","{""0"": 250, ""1"": 250}",250,1,0,0,0,0.616,ultrasonic-not-close,KEEP_PAUSED,left,right,,0
615,2026-08-02T03:34:08.702+09:00,113.185,614,3.44,0,DRIVING,,0,1,1,0,0,1,-0.052171,2.382,6296,0,0.093907,0.093907,0,0,0.000,255,739,green,0.347,,0,unknown,0.000000,null,0.000000,0.291,"[0.2, 0.29, 0.8, 1.0]","[256, 209, 1024, 720]",,"{""0"": 250, ""1"": 120, ""2"": null, ""3"": null, ""4"": null, ""5"": null, ""6"": null, ""7"": null}","{""0"": 0.0, ""1"": 0.0, ""2"": null, ""3"": null, ""4"": null, ""5"": null, ""6"": null, ""7"": null}","{""0"": 250, ""1"": 120}",120,1,1,0,0,0.291,car-not-detected-or-stale,KEEP_PAUSED,left,right,,0
616,2026-08-02T03:34:09.004+09:00,113.490,615,3.46,0,DRIVING,,0,1,1,0,0,1,-0.052171,2.384,6296,0,0.093907,0.093907,0,0,0.000,255,739,green,0.359,,0,unknown,0.000000,null,0.000000,0.248,"[0.2, 0.29, 0.8, 1.0]","[256, 209, 1024, 720]",,"{""0"": 250, ""1"": 250, ""2"": null, ""3"": null, ""4"": null, ""5"": null, ""6"": null, ""7"": null}","{""0"": 0.0, ""1"": 0.0, ""2"": null, ""3"": null, ""4"": null, ""5"": null, ""6"": null, ""7"": null}","{""0"": 250, ""1"": 250}",250,1,0,0,0,0.248,ultrasonic-not-close,KEEP_PAUSED,left,right,,0
617,2026-08-02T03:34:09.358+09:00,113.843,616,3.49,0,DRIVING,,0,1,1,0,0,1,-0.051869,2.388,6305,0,0.092823,0.092823,0,0,0.000,255,739,green,0.316,,0,unknown,0.000000,null,0.000000,0.601,"[0.2, 0.29, 0.8, 1.0]","[256, 209, 1024, 720]",,"{""0"": 250, ""1"": 250, ""2"": null, ""3"": null, ""4"": null, ""5"": null, ""6"": null, ""7"": null}","{""0"": 0.0, ""1"": 0.0, ""2"": null, ""3"": null, ""4"": null, ""5"": null, ""6"": null, ""7"": null}","{""0"": 250, ""1"": 250}",250,1,0,0,0,0.601,ultrasonic-not-close,KEEP_PAUSED,left,right,,0
618,2026-08-02T03:34:09.622+09:00,114.103,617,3.57,0,DRIVING,,0,1,1,0,0,1,-0.052171,2.389,6293,0,0.094070,0.094070,0,0,0.000,255,739,green,0.363,,0,unknown,0.000000,null,0.000000,0.547,"[0.2, 0.29, 0.8, 1.0]","[256, 209, 1024, 720]",,"{""0"": 250, ""1"": 250, ""2"": null, ""3"": null, ""4"": null, ""5"": null, ""6"": null, ""7"": null}","{""0"": 0.0, ""1"": 0.0, ""2"": null, ""3"": null, ""4"": null, ""5"": null, ""6"": null, ""7"": null}","{""0"": 250, ""1"": 250}",250,1,0,0,0,0.547,ultrasonic-not-close,KEEP_PAUSED,left,right,,0
619,2026-08-02T03:34:09.837+09:00,114.322,618,3.68,0,DRIVING,,0,1,1,0,0,1,-0.052171,2.389,6296,0,0.094021,0.094021,0,0,0.000,255,740,green,0.270,,0,unknown,0.000000,null,0.000000,0.415,"[0.2, 0.29, 0.8, 1.0]","[256, 209, 1024, 720]",,"{""0"": 250, ""1"": 121, ""2"": null, ""3"": null, ""4"": null, ""5"": null, ""6"": null, ""7"": null}","{""0"": 0.0, ""1"": 0.0, ""2"": null, ""3"": null, ""4"": null, ""5"": null, ""6"": null, ""7"": null}","{""0"": 250, ""1"": 121}",121,1,1,0,0,0.415,car-not-detected-or-stale,KEEP_PAUSED,left,right,,0
620,2026-08-02T03:34:10.024+09:00,114.507,619,3.68,0,DRIVING,,0,1,1,0,0,1,-0.052171,2.387,6299,0,0.093987,0.093987,0,0,0.000,255,739,green,0.219,,0,unknown,0.000000,null,0.000000,0.335,"[0.2, 0.29, 0.8, 1.0]","[256, 209, 1024, 720]",,"{""0"": 250, ""1"": 120, ""2"": null, ""3"": null, ""4"": null, ""5"": null, ""6"": null, ""7"": null}","{""0"": 0.0, ""1"": 0.0, ""2"": null, ""3"": null, ""4"": null, ""5"": null, ""6"": null, ""7"": null}","{""0"": 250, ""1"": 120}",120,1,1,0,0,0.335,car-not-detected-or-stale,KEEP_PAUSED,left,right,,0
621,2026-08-02T03:34:10.381+09:00,114.867,620,3.62,0,DRIVING,,0,1,1,0,0,1,-0.052171,2.389,6293,0,0.093963,0.093963,0,0,0.000,255,739,green,0.191,,0,unknown,0.000000,null,0.000000,0.484,"[0.2, 0.29, 0.8, 1.0]","[256, 209, 1024, 720]",,"{""0"": 250, ""1"": 120, ""2"": null, ""3"": null, ""4"": null, ""5"": null, ""6"": null, ""7"": null}","{""0"": 0.0, ""1"": 0.0, ""2"": null, ""3"": null, ""4"": null, ""5"": null, ""6"": null, ""7"": null}","{""0"": 250, ""1"": 120}",120,1,1,0,0,0.484,car-not-detected-or-stale,KEEP_PAUSED,left,right,,0
622,2026-08-02T03:34:10.775+09:00,115.258,621,3.57,0,DRIVING,,0,1,1,0,0,1,-0.052171,2.390,6293,0,0.093946,0.093946,0,0,0.000,255,739,green,0.362,,0,unknown,0.000000,null,0.000000,0.690,"[0.2, 0.29, 0.8, 1.0]","[256, 209, 1024, 720]",,"{""0"": 250, ""1"": 250, ""2"": null, ""3"": null, ""4"": null, ""5"": null, ""6"": null, ""7"": null}","{""0"": 0.0, ""1"": 0.0, ""2"": null, ""3"": null, ""4"": null, ""5"": null, ""6"": null, ""7"": null}","{""0"": 250, ""1"": 250}",250,1,0,0,0,0.690,ultrasonic-not-close,KEEP_PAUSED,left,right,,0
623,2026-08-02T03:34:11.051+09:00,115.532,622,3.55,0,DRIVING,,0,1,1,0,0,1,-0.052171,2.386,6305,0,0.093935,0.093935,0,0,0.000,255,739,green,0.401,,0,unknown,0.000000,null,0.000000,0.213,"[0.2, 0.29, 0.8, 1.0]","[256, 209, 1024, 720]",,"{""0"": 250, ""1"": 121, ""2"": null, ""3"": null, ""4"": null, ""5"": null, ""6"": null, ""7"": null}","{""0"": 0.0, ""1"": 0.0, ""2"": null, ""3"": null, ""4"": null, ""5"": null, ""6"": null, ""7"": null}","{""0"": 250, ""1"": 121}",121,1,1,0,0,0.213,car-not-detected-or-stale,KEEP_PAUSED,left,right,,0
624,2026-08-02T03:34:11.427+09:00,115.911,623,3.47,0,DRIVING,,0,1,1,0,0,1,-0.051869,2.387,6298,0,0.092842,0.092842,0,0,0.000,255,740,green,0.284,,0,unknown,0.000000,null,0.000000,0.593,"[0.2, 0.29, 0.8, 1.0]","[256, 209, 1024, 720]",,"{""0"": 250, ""1"": 121, ""2"": null, ""3"": null, ""4"": null, ""5"": null, ""6"": null, ""7"": null}","{""0"": 0.0, ""1"": 0.0, ""2"": null, ""3"": null, ""4"": null, ""5"": null, ""6"": null, ""7"": null}","{""0"": 250, ""1"": 121}",121,1,1,0,0,0.593,car-not-detected-or-stale,KEEP_PAUSED,left,right,,0
625,2026-08-02T03:34:11.806+09:00,116.289,624,3.44,0,DRIVING,,0,1,1,0,0,1,-0.052171,2.389,6293,0,0.094083,0.094083,0,0,0.000,255,740,green,0.381,,0,unknown,0.000000,null,0.000000,0.316,"[0.2, 0.29, 0.8, 1.0]","[256, 209, 1024, 720]",,"{""0"": 250, ""1"": 250, ""2"": null, ""3"": null, ""4"": null, ""5"": null, ""6"": null, ""7"": null}","{""0"": 0.0, ""1"": 0.0, ""2"": null, ""3"": null, ""4"": null, ""5"": null, ""6"": null, ""7"": null}","{""0"": 250, ""1"": 250}",250,1,0,0,0,0.316,ultrasonic-not-close,KEEP_PAUSED,left,right,,0
626,2026-08-02T03:34:12.141+09:00,116.627,625,3.41,0,DRIVING,,0,1,1,0,0,1,-0.052171,2.388,6294,0,0.094031,0.094031,0,0,0.000,255,739,green,0.390,,0,unknown,0.000000,null,0.000000,0.274,"[0.2, 0.29, 0.8, 1.0]","[256, 209, 1024, 720]",,"{""0"": 250, ""1"": 250, ""2"": null, ""3"": null, ""4"": null, ""5"": null, ""6"": null, ""7"": null}","{""0"": 0.0, ""1"": 0.0, ""2"": null, ""3"": null, ""4"": null, ""5"": null, ""6"": null, ""7"": null}","{""0"": 250, ""1"": 250}",250,1,0,0,0,0.274,ultrasonic-not-close,KEEP_PAUSED,left,right,,0
627,2026-08-02T03:34:12.576+09:00,117.058,626,3.34,0,DRIVING,,0,1,1,0,0,1,-0.052171,2.389,6291,0,0.093994,0.093994,0,0,0.000,255,739,green,0.336,,0,unknown,0.000000,null,0.000000,0.702,"[0.2, 0.29, 0.8, 1.0]","[256, 209, 1024, 720]",,"{""0"": 250, ""1"": 250, ""2"": null, ""3"": null, ""4"": null, ""5"": null, ""6"": null, ""7"": null}","{""0"": 0.0, ""1"": 0.0, ""2"": null, ""3"": null, ""4"": null, ""5"": null, ""6"": null, ""7"": null}","{""0"": 250, ""1"": 250}",250,1,0,0,0,0.702,ultrasonic-not-close,KEEP_PAUSED,left,right,,0
628,2026-08-02T03:34:12.837+09:00,117.320,627,3.33,0,DRIVING,,0,1,1,0,0,1,-0.052335,2.380,6308,0,0.094560,0.094560,0,0,0.000,255,739,green,0.444,,0,unknown,0.000000,null,0.000000,0.637,"[0.2, 0.29, 0.8, 1.0]","[256, 209, 1024, 720]",,"{""0"": 250, ""1"": 250, ""2"": null, ""3"": null, ""4"": null, ""5"": null, ""6"": null, ""7"": null}","{""0"": 0.0, ""1"": 0.0, ""2"": null, ""3"": null, ""4"": null, ""5"": null, ""6"": null, ""7"": null}","{""0"": 250, ""1"": 250}",250,1,0,0,0,0.637,ultrasonic-not-close,KEEP_PAUSED,left,right,,0
629,2026-08-02T03:34:13.104+09:00,117.588,628,3.33,0,DRIVING,,0,1,1,0,0,1,-0.052171,2.381,6289,0,0.093861,0.093861,0,0,0.000,255,739,green,0.267,,0,unknown,0.000000,null,0.000000,0.466,"[0.2, 0.29, 0.8, 1.0]","[256, 209, 1024, 720]",,"{""0"": 250, ""1"": 250, ""2"": null, ""3"": null, ""4"": null, ""5"": null, ""6"": null, ""7"": null}","{""0"": 0.0, ""1"": 0.0, ""2"": null, ""3"": null, ""4"": null, ""5"": null, ""6"": null, ""7"": null}","{""0"": 250, ""1"": 250}",250,1,0,0,0,0.466,ultrasonic-not-close,KEEP_PAUSED,left,right,,0
630,2026-08-02T03:34:13.302+09:00,117.789,629,3.36,0,DRIVING,,0,1,1,0,0,1,-0.052171,2.382,6286,0,0.093875,0.093875,0,0,0.000,255,739,green,0.274,,0,unknown,0.000000,null,0.000000,0.407,"[0.2, 0.29, 0.8, 1.0]","[256, 209, 1024, 720]",,"{""0"": 250, ""1"": 250, ""2"": null, ""3"": null, ""4"": null, ""5"": null, ""6"": null, ""7"": null}","{""0"": 0.0, ""1"": 0.0, ""2"": null, ""3"": null, ""4"": null, ""5"": null, ""6"": null, ""7"": null}","{""0"": 250, ""1"": 250}",250,1,0,0,0,0.407,ultrasonic-not-close,KEEP_PAUSED,left,right,,0
631,2026-08-02T03:34:13.726+09:00,118.212,630,3.29,0,DRIVING,,0,1,1,0,0,1,-0.052171,2.383,6286,0,0.093885,0.093885,0,0,0.000,255,739,green,0.204,,0,unknown,0.000000,null,0.000000,0.564,"[0.2, 0.29, 0.8, 1.0]","[256, 209, 1024, 720]",,"{""0"": 250, ""1"": 250, ""2"": null, ""3"": null, ""4"": null, ""5"": null, ""6"": null, ""7"": null}","{""0"": 0.0, ""1"": 0.0, ""2"": null, ""3"": null, ""4"": null, ""5"": null, ""6"": null, ""7"": null}","{""0"": 250, ""1"": 250}",250,1,0,0,0,0.564,ultrasonic-not-close,KEEP_PAUSED,left,right,,0
632,2026-08-02T03:34:14.047+09:00,118.531,631,3.24,0,DRIVING,,0,1,1,0,0,1,-0.052171,2.383,6286,0,0.093891,0.093891,0,0,0.000,255,739,green,0.430,,0,unknown,0.000000,null,0.000000,0.684,"[0.2, 0.29, 0.8, 1.0]","[256, 209, 1024, 720]",,"{""0"": 250, ""1"": 250, ""2"": null, ""3"": null, ""4"": null, ""5"": null, ""6"": null, ""7"": null}","{""0"": 0.0, ""1"": 0.0, ""2"": null, ""3"": null, ""4"": null, ""5"": null, ""6"": null, ""7"": null}","{""0"": 250, ""1"": 250}",250,1,0,0,0,0.684,ultrasonic-not-close,KEEP_PAUSED,left,right,,0
633,2026-08-02T03:34:14.345+09:00,118.831,632,3.19,0,DRIVING,,0,1,1,0,0,1,-0.052171,2.384,6286,0,0.093896,0.093896,0,0,0.000,255,739,green,0.328,,0,unknown,0.000000,null,0.000000,0.560,"[0.2, 0.29, 0.8, 1.0]","[256, 209, 1024, 720]",,"{""0"": 250, ""1"": 250, ""2"": null, ""3"": null, ""4"": null, ""5"": null, ""6"": null, ""7"": null}","{""0"": 0.0, ""1"": 0.0, ""2"": null, ""3"": null, ""4"": null, ""5"": null, ""6"": null, ""7"": null}","{""0"": 250, ""1"": 250}",250,1,0,0,0,0.560,ultrasonic-not-close,KEEP_PAUSED,left,right,,0
634,2026-08-02T03:34:14.667+09:00,119.153,633,3.14,0,DRIVING,,0,1,1,0,0,1,-0.052171,2.384,6286,0,0.093900,0.093900,0,0,0.000,255,739,green,0.302,,0,unknown,0.000000,null,0.000000,0.564,"[0.2, 0.29, 0.8, 1.0]","[256, 209, 1024, 720]",,"{""0"": 250, ""1"": 250, ""2"": null, ""3"": null, ""4"": null, ""5"": null, ""6"": null, ""7"": null}","{""0"": 0.0, ""1"": 0.0, ""2"": null, ""3"": null, ""4"": null, ""5"": null, ""6"": null, ""7"": null}","{""0"": 250, ""1"": 250}",250,1,0,0,0,0.564,ultrasonic-not-close,KEEP_PAUSED,left,right,,0
635,2026-08-02T03:34:14.987+09:00,119.470,634,3.14,0,DRIVING,,0,1,1,0,0,1,-0.052171,2.386,6293,0,0.093902,0.093902,0,0,0.000,255,739,green,0.325,,0,unknown,0.000000,null,0.000000,0.581,"[0.2, 0.29, 0.8, 1.0]","[256, 209, 1024, 720]",,"{""0"": 250, ""1"": 250, ""2"": null, ""3"": null, ""4"": null, ""5"": null, ""6"": null, ""7"": null}","{""0"": 0.0, ""1"": 0.0, ""2"": null, ""3"": null, ""4"": null, ""5"": null, ""6"": null, ""7"": null}","{""0"": 250, ""1"": 250}",250,1,0,0,0,0.581,ultrasonic-not-close,KEEP_PAUSED,left,right,,0
636,2026-08-02T03:34:15.262+09:00,119.747,635,3.11,0,DRIVING,,0,1,1,0,0,1,-0.052171,2.388,6293,0,0.093904,0.093904,0,0,0.000,255,740,green,0.336,,0,unknown,0.000000,null,0.000000,0.208,"[0.2, 0.29, 0.8, 1.0]","[256, 209, 1024, 720]",,"{""0"": 250, ""1"": 250, ""2"": null, ""3"": null, ""4"": null, ""5"": null, ""6"": null, ""7"": null}","{""0"": 0.0, ""1"": 0.0, ""2"": null, ""3"": null, ""4"": null, ""5"": null, ""6"": null, ""7"": null}","{""0"": 250, ""1"": 250}",250,1,0,0,0,0.208,ultrasonic-not-close,KEEP_PAUSED,left,right,,0
637,2026-08-02T03:34:15.695+09:00,120.179,636,3.06,0,DRIVING,,0,1,1,0,0,1,-0.052171,2.389,6293,0,0.093905,0.093905,0,0,0.000,255,739,green,0.282,,0,unknown,0.000000,null,0.000000,0.642,"[0.2, 0.29, 0.8, 1.0]","[256, 209, 1024, 720]",,"{""0"": 250, ""1"": 250, ""2"": null, ""3"": null, ""4"": null, ""5"": null, ""6"": null, ""7"": null}","{""0"": 0.0, ""1"": 0.0, ""2"": null, ""3"": null, ""4"": null, ""5"": null, ""6"": null, ""7"": null}","{""0"": 250, ""1"": 250}",250,1,0,0,0,0.642,ultrasonic-not-close,KEEP_PAUSED,left,right,,0
638,2026-08-02T03:34:16.152+09:00,120.638,637,2.99,0,DRIVING,,0,1,1,0,0,1,-0.052171,2.388,6286,0,0.093905,0.093905,0,0,0.000,255,739,green,0.436,,0,unknown,0.000000,null,0.000000,0.829,"[0.2, 0.29, 0.8, 1.0]","[256, 209, 1024, 720]",,"{""0"": 250, ""1"": 250, ""2"": null, ""3"": null, ""4"": null, ""5"": null, ""6"": null, ""7"": null}","{""0"": 0.0, ""1"": 0.0, ""2"": null, ""3"": null, ""4"": null, ""5"": null, ""6"": null, ""7"": null}","{""0"": 250, ""1"": 250}",250,1,0,0,0,0.829,ultrasonic-not-close,KEEP_PAUSED,left,right,,0
639,2026-08-02T03:34:16.536+09:00,121.018,638,2.98,0,DRIVING,,0,1,1,0,0,1,-0.051733,2.391,6207,0,0.092329,0.092329,0,0,0.000,255,740,green,0.464,,0,unknown,0.000000,null,0.000000,0.322,"[0.2, 0.29, 0.8, 1.0]","[256, 209, 1024, 720]",,"{""0"": 250, ""1"": 250, ""2"": null, ""3"": null, ""4"": null, ""5"": null, ""6"": null, ""7"": null}","{""0"": 0.0, ""1"": 0.0, ""2"": null, ""3"": null, ""4"": null, ""5"": null, ""6"": null, ""7"": null}","{""0"": 250, ""1"": 250}",250,1,0,0,0,0.322,ultrasonic-not-close,KEEP_PAUSED,left,right,,0
640,2026-08-02T03:34:16.984+09:00,121.470,639,3.00,0,DRIVING,,0,1,1,0,0,1,-0.051568,2.382,6268,0,0.091973,0.091973,0,0,0.000,255,740,green,0.390,,0,unknown,0.000000,null,0.000000,0.390,"[0.2, 0.29, 0.8, 1.0]","[256, 209, 1024, 720]",,"{""0"": 250, ""1"": 250, ""2"": null, ""3"": null, ""4"": null, ""5"": null, ""6"": null, ""7"": null}","{""0"": 0.0, ""1"": 0.0, ""2"": null, ""3"": null, ""4"": null, ""5"": null, ""6"": null, ""7"": null}","{""0"": 250, ""1"": 250}",250,1,0,0,0,0.390,ultrasonic-not-close,KEEP_PAUSED,left,right,,0
641,2026-08-02T03:34:17.384+09:00,121.870,640,2.98,0,DRIVING,,0,1,1,0,0,1,-0.051568,2.383,6249,0,0.092228,0.092228,0,0,0.000,255,739,green,0.453,,0,unknown,0.000000,null,0.000000,0.343,"[0.2, 0.29, 0.8, 1.0]","[256, 209, 1024, 720]",,"{""0"": 250, ""1"": 250, ""2"": null, ""3"": null, ""4"": null, ""5"": null, ""6"": null, ""7"": null}","{""0"": 0.0, ""1"": 0.0, ""2"": null, ""3"": null, ""4"": null, ""5"": null, ""6"": null, ""7"": null}","{""0"": 250, ""1"": 250}",250,1,0,0,0,0.343,ultrasonic-not-close,KEEP_PAUSED,left,right,,0
642,2026-08-02T03:34:17.678+09:00,122.164,641,3.00,0,DRIVING,,0,1,1,0,0,1,-0.051897,2.388,6017,0,0.093592,0.093592,0,0,0.000,255,739,green,0.411,,0,unknown,0.000000,null,0.000000,0.233,"[0.2, 0.29, 0.8, 1.0]","[256, 209, 1024, 720]",,"{""0"": 250, ""1"": 250, ""2"": null, ""3"": null, ""4"": null, ""5"": null, ""6"": null, ""7"": null}","{""0"": 0.0, ""1"": 0.0, ""2"": null, ""3"": null, ""4"": null, ""5"": null, ""6"": null, ""7"": null}","{""0"": 250, ""1"": 250}",250,1,0,0,0,0.233,ultrasonic-not-close,KEEP_PAUSED,left,right,,0
643,2026-08-02T03:34:18.042+09:00,122.528,642,2.99,0,DRIVING,,0,1,1,0,0,1,-0.050495,2.373,4122,0,0.088490,0.088490,0,0,0.000,255,739,green,0.296,,0,unknown,0.000000,null,0.000000,0.597,"[0.2, 0.29, 0.8, 1.0]","[256, 209, 1024, 720]",,"{""0"": 250, ""1"": 250, ""2"": null, ""3"": null, ""4"": null, ""5"": null, ""6"": null, ""7"": null}","{""0"": 0.0, ""1"": 0.0, ""2"": null, ""3"": null, ""4"": null, ""5"": null, ""6"": null, ""7"": null}","{""0"": 250, ""1"": 250}",250,1,0,0,0,0.597,ultrasonic-not-close,KEEP_PAUSED,left,right,,0
644,2026-08-02T03:34:18.464+09:00,122.944,643,2.97,0,DRIVING,,0,1,1,0,0,1,-0.055195,2.098,3625,0,0.106132,0.106132,0,0,0.000,255,740,green,0.376,,0,unknown,0.000000,null,0.000000,0.357,"[0.2, 0.29, 0.8, 1.0]","[256, 209, 1024, 720]",,"{""0"": 250, ""1"": 250, ""2"": null, ""3"": null, ""4"": null, ""5"": null, ""6"": null, ""7"": null}","{""0"": 0.0, ""1"": 0.0, ""2"": null, ""3"": null, ""4"": null, ""5"": null, ""6"": null, ""7"": null}","{""0"": 250, ""1"": 250}",250,1,0,0,0,0.357,ultrasonic-not-close,KEEP_PAUSED,left,right,,0
645,2026-08-02T03:34:18.791+09:00,123.278,644,2.97,0,DRIVING,,0,1,1,0,0,1,-0.196719,1.320,2621,16,0.613582,0.613582,0,0,0.000,255,739,green,0.428,,0,unknown,0.000000,null,0.000000,0.691,"[0.2, 0.29, 0.8, 1.0]","[256, 209, 1024, 720]",,"{""0"": 250, ""1"": 250, ""2"": null, ""3"": null, ""4"": null, ""5"": null, ""6"": null, ""7"": null}","{""0"": 0.0, ""1"": 0.0, ""2"": null, ""3"": null, ""4"": null, ""5"": null, ""6"": null, ""7"": null}","{""0"": 250, ""1"": 250}",250,1,0,0,0,0.691,ultrasonic-not-close,KEEP_PAUSED,left,right,,0
646,2026-08-02T03:34:19.169+09:00,123.654,645,2.95,0,DRIVING,,0,1,1,0,0,1,-0.240968,1.171,1427,6,0.695032,0.695032,0,0,0.000,255,739,green,0.326,,0,unknown,0.000000,null,0.000000,0.643,"[0.2, 0.29, 0.8, 1.0]","[256, 209, 1024, 720]",,"{""0"": 250, ""1"": 45, ""2"": null, ""3"": null, ""4"": null, ""5"": null, ""6"": null, ""7"": null}","{""0"": 0.0, ""1"": 0.0, ""2"": null, ""3"": null, ""4"": null, ""5"": null, ""6"": null, ""7"": null}","{""0"": 250, ""1"": 45}",45,1,1,0,0,0.643,car-not-detected-or-stale,KEEP_PAUSED,left,right,,0
647,2026-08-02T03:34:19.413+09:00,123.899,646,2.98,0,DRIVING,,0,1,1,0,0,1,0.054505,-0.685,1118,0,-0.447058,-0.447058,0,0,0.000,255,739,green,0.387,,0,unknown,0.000000,null,0.000000,0.566,"[0.2, 0.29, 0.8, 1.0]","[256, 209, 1024, 720]",,"{""0"": 250, ""1"": 44, ""2"": null, ""3"": null, ""4"": null, ""5"": null, ""6"": null, ""7"": null}","{""0"": 0.0, ""1"": 0.0, ""2"": null, ""3"": null, ""4"": null, ""5"": null, ""6"": null, ""7"": null}","{""0"": 250, ""1"": 44}",44,1,1,0,0,0.566,car-not-detected-or-stale,KEEP_PAUSED,left,right,,0
648,2026-08-02T03:34:19.629+09:00,124.108,647,3.00,0,DRIVING,,0,1,1,0,0,1,-0.048909,0.119,5671,0,0.029918,0.029918,0,0,0.000,255,740,red,0.249,,0,unknown,0.000000,null,0.000000,0.394,"[0.2, 0.29, 0.8, 1.0]","[256, 209, 1024, 720]",,"{""0"": 250, ""1"": 45, ""2"": null, ""3"": null, ""4"": null, ""5"": null, ""6"": null, ""7"": null}","{""0"": 0.0, ""1"": 0.0, ""2"": null, ""3"": null, ""4"": null, ""5"": null, ""6"": null, ""7"": null}","{""0"": 250, ""1"": 45}",45,1,1,0,0,0.394,car-not-detected-or-stale,KEEP_PAUSED,left,right,,0
649,2026-08-02T03:34:19.857+09:00,124.343,648,2.99,0,DRIVING,,0,1,1,0,0,1,-0.048142,0.681,5481,0,0.044591,0.044591,0,0,0.000,255,739,green,0.222,,0,unknown,0.000000,null,0.000000,0.386,"[0.2, 0.29, 0.8, 1.0]","[256, 209, 1024, 720]",,"{""0"": 250, ""1"": 47, ""2"": null, ""3"": null, ""4"": null, ""5"": null, ""6"": null, ""7"": null}","{""0"": 0.0, ""1"": 0.0, ""2"": null, ""3"": null, ""4"": null, ""5"": null, ""6"": null, ""7"": null}","{""0"": 250, ""1"": 47}",47,1,1,0,0,0.386,car-not-detected-or-stale,KEEP_PAUSED,left,right,,0
650,2026-08-02T03:34:20.030+09:00,124.510,649,3.00,0,DRIVING,,0,1,1,0,0,1,-0.047977,1.099,5493,0,0.056618,0.056618,0,0,0.000,255,739,green,0.236,,0,unknown,0.000000,null,0.000000,0.335,"[0.2, 0.29, 0.8, 1.0]","[256, 209, 1024, 720]",,"{""0"": 250, ""1"": 50, ""2"": null, ""3"": null, ""4"": null, ""5"": null, ""6"": null, ""7"": null}","{""0"": 0.0, ""1"": 0.0, ""2"": null, ""3"": null, ""4"": null, ""5"": null, ""6"": null, ""7"": null}","{""0"": 250, ""1"": 50}",50,1,1,0,0,0.335,car-not-detected-or-stale,KEEP_PAUSED,left,right,,0
651,2026-08-02T03:34:20.207+09:00,124.680,650,3.06,0,DRIVING,,0,1,1,0,0,1,-0.052525,1.495,5666,0,0.081913,0.081913,0,0,0.000,255,739,green,0.182,,0,unknown,0.000000,null,0.000000,0.275,"[0.2, 0.29, 0.8, 1.0]","[256, 209, 1024, 720]",,"{""0"": 250, ""1"": 54, ""2"": null, ""3"": null, ""4"": null, ""5"": null, ""6"": null, ""7"": null}","{""0"": 0.0, ""1"": 0.0, ""2"": null, ""3"": null, ""4"": null, ""5"": null, ""6"": null, ""7"": null}","{""0"": 250, ""1"": 54}",54,1,1,0,0,0.275,car-not-detected-or-stale,KEEP_PAUSED,left,right,,0
652,2026-08-02T03:34:20.427+09:00,124.909,651,3.11,0,DRIVING,,0,1,1,0,0,1,-0.048306,1.802,5129,0,0.070515,0.070515,0,0,0.000,255,740,green,0.204,,0,unknown,0.000000,null,0.000000,0.327,"[0.2, 0.29, 0.8, 1.0]","[256, 209, 1024, 720]",,"{""0"": 250, ""1"": 50, ""2"": null, ""3"": null, ""4"": null, ""5"": null, ""6"": null, ""7"": null}","{""0"": 0.0, ""1"": 0.0, ""2"": null, ""3"": null, ""4"": null, ""5"": null, ""6"": null, ""7"": null}","{""0"": 250, ""1"": 50}",50,1,1,0,0,0.327,car-not-detected-or-stale,KEEP_PAUSED,left,right,,0
653,2026-08-02T03:34:20.605+09:00,125.085,652,3.14,0,DRIVING,,0,1,1,0,0,1,-0.038291,2.022,4139,0,0.039391,0.039391,0,0,0.000,255,740,green,0.211,,0,unknown,0.000000,null,0.000000,0.305,"[0.2, 0.29, 0.8, 1.0]","[256, 209, 1024, 720]",,"{""0"": 250, ""1"": 68, ""2"": null, ""3"": null, ""4"": null, ""5"": null, ""6"": null, ""7"": null}","{""0"": 0.0, ""1"": 0.0, ""2"": null, ""3"": null, ""4"": null, ""5"": null, ""6"": null, ""7"": null}","{""0"": 250, ""1"": 68}",68,1,1,0,0,0.305,car-not-detected-or-stale,KEEP_PAUSED,left,right,,0
654,2026-08-02T03:34:20.843+09:00,125.329,653,3.19,0,DRIVING,,0,1,1,0,0,1,-0.027441,2.183,3546,0,0.009192,0.009192,0,0,0.000,255,740,green,0.194,,0,unknown,0.000000,null,0.000000,0.351,"[0.2, 0.29, 0.8, 1.0]","[256, 209, 1024, 720]",,"{""0"": 250, ""1"": 63, ""2"": null, ""3"": null, ""4"": null, ""5"": null, ""6"": null, ""7"": null}","{""0"": 0.0, ""1"": 0.0, ""2"": null, ""3"": null, ""4"": null, ""5"": null, ""6"": null, ""7"": null}","{""0"": 250, ""1"": 63}",63,1,1,0,0,0.351,car-not-detected-or-stale,KEEP_PAUSED,left,right,,0
655,2026-08-02T03:34:21.061+09:00,125.546,654,3.24,0,DRIVING,,0,1,1,0,0,1,0.015434,1.750,1239,0,-0.133099,-0.133099,0,0,0.000,255,740,green,0.234,,0,unknown,0.000000,null,0.000000,0.380,"[0.2, 0.29, 0.8, 1.0]","[256, 209, 1024, 720]",,"{""0"": 250, ""1"": 61, ""2"": null, ""3"": null, ""4"": null, ""5"": null, ""6"": null, ""7"": null}","{""0"": 0.0, ""1"": 0.0, ""2"": null, ""3"": null, ""4"": null, ""5"": null, ""6"": null, ""7"": null}","{""0"": 250, ""1"": 61}",61,1,1,0,0,0.380,car-not-detected-or-stale,KEEP_PAUSED,left,right,,0
656,2026-08-02T03:34:21.219+09:00,125.702,655,3.31,0,DRIVING,,0,1,1,0,0,1,-0.105876,0.494,1724,63,0.335212,0.335212,0,0,0.000,255,739,green,0.222,,0,unknown,0.000000,null,0.000000,0.307,"[0.2, 0.29, 0.8, 1.0]","[256, 209, 1024, 720]",,"{""0"": 250, ""1"": 250, ""2"": null, ""3"": null, ""4"": null, ""5"": null, ""6"": null, ""7"": null}","{""0"": 0.0, ""1"": 0.0, ""2"": null, ""3"": null, ""4"": null, ""5"": null, ""6"": null, ""7"": null}","{""0"": 250, ""1"": 250}",250,1,0,0,0,0.307,ultrasonic-not-close,KEEP_PAUSED,left,right,,0
657,2026-08-02T03:34:21.390+09:00,125.871,656,3.41,0,DRIVING,,0,1,1,0,0,1,-0.038750,0.163,2926,139,0.050168,0.050168,0,0,0.000,255,739,green,0.162,,0,unknown,0.000000,null,0.000000,0.256,"[0.2, 0.29, 0.8, 1.0]","[256, 209, 1024, 720]",,"{""0"": 250, ""1"": 250, ""2"": null, ""3"": null, ""4"": null, ""5"": null, ""6"": null, ""7"": null}","{""0"": 0.0, ""1"": 0.0, ""2"": null, ""3"": null, ""4"": null, ""5"": null, ""6"": null, ""7"": null}","{""0"": 250, ""1"": 250}",250,1,0,0,0,0.256,ultrasonic-not-close,KEEP_PAUSED,left,right,,0
658,2026-08-02T03:34:21.638+09:00,126.125,657,3.41,0,DRIVING,,0,0,1,0,0,1,,,0,0,0.050168,0.050168,0,0,0.000,255,740,green,0.185,,0,unknown,0.000000,null,0.000000,0.362,"[0.2, 0.29, 0.8, 1.0]","[256, 209, 1024, 720]",,"{""0"": 250, ""1"": 250, ""2"": null, ""3"": null, ""4"": null, ""5"": null, ""6"": null, ""7"": null}","{""0"": 0.0, ""1"": 0.0, ""2"": null, ""3"": null, ""4"": null, ""5"": null, ""6"": null, ""7"": null}","{""0"": 250, ""1"": 250}",250,1,0,0,0,0.362,ultrasonic-not-close,KEEP_PAUSED,,,,1
659,2026-08-02T03:34:21.879+09:00,126.361,658,3.42,0,DRIVING,,0,1,1,0,0,1,-0.056250,-0.040,2897,64,0.119043,0.119043,0,0,0.000,255,740,green,0.250,,0,unknown,0.000000,null,0.000000,0.418,"[0.2, 0.29, 0.8, 1.0]","[256, 209, 1024, 720]",,"{""0"": 250, ""1"": 250, ""2"": null, ""3"": null, ""4"": null, ""5"": null, ""6"": null, ""7"": null}","{""0"": 0.0, ""1"": 0.0, ""2"": null, ""3"": null, ""4"": null, ""5"": null, ""6"": null, ""7"": null}","{""0"": 250, ""1"": 250}",250,1,0,0,0,0.418,ultrasonic-not-close,KEEP_PAUSED,left,right,,0
660,2026-08-02T03:34:22.055+09:00,126.534,659,3.43,0,DRIVING,,0,1,1,0,0,1,-0.043620,0.280,2965,17,0.068236,0.068236,0,0,0.000,255,740,green,0.246,,0,unknown,0.000000,null,0.000000,0.344,"[0.2, 0.29, 0.8, 1.0]","[256, 209, 1024, 720]",,"{""0"": 250, ""1"": 121, ""2"": null, ""3"": null, ""4"": null, ""5"": null, ""6"": null, ""7"": null}","{""0"": 0.0, ""1"": 0.0, ""2"": null, ""3"": null, ""4"": null, ""5"": null, ""6"": null, ""7"": null}","{""0"": 250, ""1"": 121}",121,1,1,0,0,0.344,car-not-detected-or-stale,KEEP_PAUSED,left,right,,0
661,2026-08-02T03:34:22.226+09:00,126.704,660,3.54,0,DRIVING,,0,1,1,0,0,1,-0.044978,0.834,5166,0,0.076208,0.076208,0,0,0.000,255,739,green,0.183,,0,unknown,0.000000,null,0.000000,0.275,"[0.2, 0.29, 0.8, 1.0]","[256, 209, 1024, 720]",,"{""0"": 250, ""1"": 120, ""2"": null, ""3"": null, ""4"": null, ""5"": null, ""6"": null, ""7"": null}","{""0"": 0.0, ""1"": 0.0, ""2"": null, ""3"": null, ""4"": null, ""5"": null, ""6"": null, ""7"": null}","{""0"": 250, ""1"": 120}",120,1,1,0,0,0.275,car-not-detected-or-stale,KEEP_PAUSED,left,right,,0
662,2026-08-02T03:34:22.522+09:00,127.005,661,3.54,0,DRIVING,,0,1,1,0,0,1,-0.049155,1.310,5162,0,0.092671,0.092671,0,0,0.000,255,740,green,0.190,,0,unknown,0.000000,null,0.000000,0.402,"[0.2, 0.29, 0.8, 1.0]","[256, 209, 1024, 720]",,"{""0"": 250, ""1"": 120, ""2"": null, ""3"": null, ""4"": null, ""5"": null, ""6"": null, ""7"": null}","{""0"": 0.0, ""1"": 0.0, ""2"": null, ""3"": null, ""4"": null, ""5"": null, ""6"": null, ""7"": null}","{""0"": 250, ""1"": 120}",120,1,1,0,0,0.402,car-not-detected-or-stale,KEEP_PAUSED,left,right,,0
663,2026-08-02T03:34:22.742+09:00,127.223,662,3.58,0,DRIVING,,0,1,1,0,0,1,-0.049484,1.676,5209,0,0.092598,0.092598,0,0,0.000,255,739,green,0.292,,0,unknown,0.000000,null,0.000000,0.439,"[0.2, 0.29, 0.8, 1.0]","[256, 209, 1024, 720]",,"{""0"": 250, ""1"": 121, ""2"": null, ""3"": null, ""4"": null, ""5"": null, ""6"": null, ""7"": null}","{""0"": 0.0, ""1"": 0.0, ""2"": null, ""3"": null, ""4"": null, ""5"": null, ""6"": null, ""7"": null}","{""0"": 250, ""1"": 121}",121,1,1,0,0,0.439,car-not-detected-or-stale,KEEP_PAUSED,left,right,,0
664,2026-08-02T03:34:22.926+09:00,127.404,663,3.64,0,DRIVING,,0,1,1,0,0,1,-0.049319,1.939,5178,0,0.090947,0.090947,0,0,0.000,255,740,green,0.225,,0,unknown,0.000000,null,0.000000,0.331,"[0.2, 0.29, 0.8, 1.0]","[256, 209, 1024, 720]",,"{""0"": 250, ""1"": 120, ""2"": null, ""3"": null, ""4"": null, ""5"": null, ""6"": null, ""7"": null}","{""0"": 0.0, ""1"": 0.0, ""2"": null, ""3"": null, ""4"": null, ""5"": null, ""6"": null, ""7"": null}","{""0"": 250, ""1"": 120}",120,1,1,0,0,0.331,car-not-detected-or-stale,KEEP_PAUSED,left,right,,0
665,2026-08-02T03:34:23.170+09:00,127.650,664,3.67,0,DRIVING,,0,1,1,0,0,1,-0.049484,2.144,5197,0,0.090888,0.090888,0,0,0.000,255,739,green,0.186,,0,unknown,0.000000,null,0.000000,0.358,"[0.2, 0.29, 0.8, 1.0]","[256, 209, 1024, 720]",,"{""0"": 250, ""1"": 250, ""2"": null, ""3"": null, ""4"": null, ""5"": null, ""6"": null, ""7"": null}","{""0"": 0.0, ""1"": 0.0, ""2"": null, ""3"": null, ""4"": null, ""5"": null, ""6"": null, ""7"": null}","{""0"": 250, ""1"": 250}",250,1,0,0,0,0.358,ultrasonic-not-close,KEEP_PAUSED,left,right,,0
666,2026-08-02T03:34:23.385+09:00,127.865,665,3.70,0,DRIVING,,0,1,1,0,0,1,-0.049621,2.289,5201,0,0.090835,0.090835,0,0,0.000,255,739,green,0.250,,0,unknown,0.000000,null,0.000000,0.391,"[0.2, 0.29, 0.8, 1.0]","[256, 209, 1024, 720]",,"{""0"": 250, ""1"": 120, ""2"": null, ""3"": null, ""4"": null, ""5"": null, ""6"": null, ""7"": null}","{""0"": 0.0, ""1"": 0.0, ""2"": null, ""3"": null, ""4"": null, ""5"": null, ""6"": null, ""7"": null}","{""0"": 250, ""1"": 120}",120,1,1,0,0,0.391,car-not-detected-or-stale,KEEP_PAUSED,left,right,,0
667,2026-08-02T03:34:23.655+09:00,128.141,666,3.77,0,DRIVING,,0,1,1,0,0,1,-0.049621,2.396,5181,0,0.090380,0.090380,0,0,0.000,255,739,green,0.222,,0,unknown,0.000000,null,0.000000,0.426,"[0.2, 0.29, 0.8, 1.0]","[256, 209, 1024, 720]",,"{""0"": 250, ""1"": 120, ""2"": null, ""3"": null, ""4"": null, ""5"": null, ""6"": null, ""7"": null}","{""0"": 0.0, ""1"": 0.0, ""2"": null, ""3"": null, ""4"": null, ""5"": null, ""6"": null, ""7"": null}","{""0"": 250, ""1"": 120}",120,1,1,0,0,0.426,car-not-detected-or-stale,KEEP_PAUSED,left,right,,0
668,2026-08-02T03:34:24.011+09:00,128.492,667,3.82,0,DRIVING,,0,1,1,0,0,1,-0.049621,2.472,5193,0,0.090061,0.090061,0,0,0.000,255,740,green,0.278,,0,unknown,0.000000,null,0.000000,0.560,"[0.2, 0.29, 0.8, 1.0]","[256, 209, 1024, 720]",,"{""0"": 250, ""1"": 250, ""2"": null, ""3"": null, ""4"": null, ""5"": null, ""6"": null, ""7"": null}","{""0"": 0.0, ""1"": 0.0, ""2"": null, ""3"": null, ""4"": null, ""5"": null, ""6"": null, ""7"": null}","{""0"": 250, ""1"": 250}",250,1,0,0,0,0.560,ultrasonic-not-close,KEEP_PAUSED,left,right,,0
669,2026-08-02T03:34:24.346+09:00,128.828,668,3.84,0,DRIVING,,0,1,1,0,0,1,-0.049621,2.529,5198,0,0.089838,0.089838,0,0,0.000,255,739,green,0.360,,0,unknown,0.000000,null,0.000000,0.623,"[0.2, 0.29, 0.8, 1.0]","[256, 209, 1024, 720]",,"{""0"": 250, ""1"": 120, ""2"": null, ""3"": null, ""4"": null, ""5"": null, ""6"": null, ""7"": null}","{""0"": 0.0, ""1"": 0.0, ""2"": null, ""3"": null, ""4"": null, ""5"": null, ""6"": null, ""7"": null}","{""0"": 250, ""1"": 120}",120,1,1,0,0,0.623,car-not-detected-or-stale,KEEP_PAUSED,left,right,,0
670,2026-08-02T03:34:24.681+09:00,129.162,669,3.90,0,DRIVING,,0,1,1,0,0,1,-0.049621,2.571,5198,0,0.089681,0.089681,0,0,0.000,255,739,green,0.340,,0,unknown,0.000000,null,0.000000,0.269,"[0.2, 0.29, 0.8, 1.0]","[256, 209, 1024, 720]",,"{""0"": 250, ""1"": 250, ""2"": null, ""3"": null, ""4"": null, ""5"": null, ""6"": null, ""7"": null}","{""0"": 0.0, ""1"": 0.0, ""2"": null, ""3"": null, ""4"": null, ""5"": null, ""6"": null, ""7"": null}","{""0"": 250, ""1"": 250}",250,1,0,0,0,0.269,ultrasonic-not-close,KEEP_PAUSED,left,right,,0
671,2026-08-02T03:34:24.985+09:00,129.471,670,3.95,0,DRIVING,,0,1,1,0,0,1,-0.049621,2.603,5198,0,0.089572,0.089572,0,0,0.000,255,739,green,0.342,,0,unknown,0.000000,null,0.000000,0.580,"[0.2, 0.29, 0.8, 1.0]","[256, 209, 1024, 720]",,"{""0"": 250, ""1"": 250, ""2"": null, ""3"": null, ""4"": null, ""5"": null, ""6"": null, ""7"": null}","{""0"": 0.0, ""1"": 0.0, ""2"": null, ""3"": null, ""4"": null, ""5"": null, ""6"": null, ""7"": null}","{""0"": 250, ""1"": 250}",250,1,0,0,0,0.580,ultrasonic-not-close,KEEP_PAUSED,left,right,,0
672,2026-08-02T03:34:25.305+09:00,129.791,671,3.94,0,DRIVING,,0,1,1,0,0,1,-0.049621,2.623,5203,0,0.089496,0.089496,0,0,0.000,255,739,green,0.315,,0,unknown,0.000000,null,0.000000,0.562,"[0.2, 0.29, 0.8, 1.0]","[256, 209, 1024, 720]",,"{""0"": 250, ""1"": 250, ""2"": null, ""3"": null, ""4"": null, ""5"": null, ""6"": null, ""7"": null}","{""0"": 0.0, ""1"": 0.0, ""2"": null, ""3"": null, ""4"": null, ""5"": null, ""6"": null, ""7"": null}","{""0"": 250, ""1"": 250}",250,1,0,0,0,0.562,ultrasonic-not-close,KEEP_PAUSED,left,right,,0
673,2026-08-02T03:34:25.648+09:00,130.130,672,3.95,0,DRIVING,,0,1,1,0,0,1,-0.049621,2.638,5208,0,0.089442,0.089442,0,0,0.000,255,739,green,0.322,,0,unknown,0.000000,null,0.000000,0.276,"[0.2, 0.29, 0.8, 1.0]","[256, 209, 1024, 720]",,"{""0"": 250, ""1"": 250, ""2"": null, ""3"": null, ""4"": null, ""5"": null, ""6"": null, ""7"": null}","{""0"": 0.0, ""1"": 0.0, ""2"": null, ""3"": null, ""4"": null, ""5"": null, ""6"": null, ""7"": null}","{""0"": 250, ""1"": 250}",250,1,0,0,0,0.276,ultrasonic-not-close,KEEP_PAUSED,left,right,,0
674,2026-08-02T03:34:26.035+09:00,130.518,673,3.96,0,DRIVING,,0,1,1,0,0,1,-0.049456,2.649,5213,0,0.088812,0.088812,0,0,0.000,255,739,green,0.352,,0,unknown,0.000000,null,0.000000,0.322,"[0.2, 0.29, 0.8, 1.0]","[256, 209, 1024, 720]",,"{""0"": 250, ""1"": 250, ""2"": null, ""3"": null, ""4"": null, ""5"": null, ""6"": null, ""7"": null}","{""0"": 0.0, ""1"": 0.0, ""2"": null, ""3"": null, ""4"": null, ""5"": null, ""6"": null, ""7"": null}","{""0"": 250, ""1"": 250}",250,1,0,0,0,0.322,ultrasonic-not-close,KEEP_PAUSED,left,right,,0
675,2026-08-02T03:34:26.371+09:00,130.855,674,3.96,0,DRIVING,,0,1,1,0,0,1,-0.049785,2.651,5218,0,0.090060,0.090060,0,0,0.000,255,740,green,0.396,,0,unknown,0.000000,null,0.000000,0.272,"[0.2, 0.29, 0.8, 1.0]","[256, 209, 1024, 720]",,"{""0"": 250, ""1"": 250, ""2"": null, ""3"": null, ""4"": null, ""5"": null, ""6"": null, ""7"": null}","{""0"": 0.0, ""1"": 0.0, ""2"": null, ""3"": null, ""4"": null, ""5"": null, ""6"": null, ""7"": null}","{""0"": 250, ""1"": 250}",250,1,0,0,0,0.272,ultrasonic-not-close,KEEP_PAUSED,left,right,,0
676,2026-08-02T03:34:26.799+09:00,131.284,675,3.93,0,DRIVING,,0,1,1,0,0,1,-0.049785,2.650,5222,0,0.089926,0.089926,0,0,0.000,255,740,green,0.341,,0,unknown,0.000000,null,0.000000,0.366,"[0.2, 0.29, 0.8, 1.0]","[256, 209, 1024, 720]",,"{""0"": 250, ""1"": 250, ""2"": null, ""3"": null, ""4"": null, ""5"": null, ""6"": null, ""7"": null}","{""0"": 0.0, ""1"": 0.0, ""2"": null, ""3"": null, ""4"": null, ""5"": null, ""6"": null, ""7"": null}","{""0"": 250, ""1"": 250}",250,1,0,0,0,0.366,ultrasonic-not-close,KEEP_PAUSED,left,right,,0
677,2026-08-02T03:34:27.178+09:00,131.664,676,3.86,0,DRIVING,,0,1,1,0,0,1,-0.049785,2.650,5230,0,0.089832,0.089832,0,0,0.000,255,740,green,0.434,,0,unknown,0.000000,null,0.000000,0.747,"[0.2, 0.29, 0.8, 1.0]","[256, 209, 1024, 720]",,"{""0"": 250, ""1"": 250, ""2"": null, ""3"": null, ""4"": null, ""5"": null, ""6"": null, ""7"": null}","{""0"": 0.0, ""1"": 0.0, ""2"": null, ""3"": null, ""4"": null, ""5"": null, ""6"": null, ""7"": null}","{""0"": 250, ""1"": 250}",250,1,0,0,0,0.747,ultrasonic-not-close,KEEP_PAUSED,left,right,,0
678,2026-08-02T03:34:27.497+09:00,131.977,677,3.81,0,DRIVING,,0,1,1,0,0,1,-0.049785,2.650,5238,0,0.089766,0.089766,0,0,0.000,255,739,green,0.384,,0,unknown,0.000000,null,0.000000,0.253,"[0.2, 0.29, 0.8, 1.0]","[256, 209, 1024, 720]",,"{""0"": 250, ""1"": 250, ""2"": null, ""3"": null, ""4"": null, ""5"": null, ""6"": null, ""7"": null}","{""0"": 0.0, ""1"": 0.0, ""2"": null, ""3"": null, ""4"": null, ""5"": null, ""6"": null, ""7"": null}","{""0"": 250, ""1"": 250}",250,1,0,0,0,0.253,ultrasonic-not-close,KEEP_PAUSED,left,right,,0
679,2026-08-02T03:34:27.924+09:00,132.402,678,3.72,0,DRIVING,,0,1,1,0,0,1,-0.049785,2.649,5233,0,0.089720,0.089720,0,0,0.000,255,739,green,0.325,,0,unknown,0.000000,null,0.000000,0.359,"[0.2, 0.29, 0.8, 1.0]","[256, 209, 1024, 720]",,"{""0"": 250, ""1"": 250, ""2"": null, ""3"": null, ""4"": null, ""5"": null, ""6"": null, ""7"": null}","{""0"": 0.0, ""1"": 0.0, ""2"": null, ""3"": null, ""4"": null, ""5"": null, ""6"": null, ""7"": null}","{""0"": 250, ""1"": 250}",250,1,0,0,0,0.359,ultrasonic-not-close,KEEP_PAUSED,left,right,,0
680,2026-08-02T03:34:28.333+09:00,132.819,679,3.61,0,DRIVING,,0,1,1,0,0,1,-0.049785,2.646,5234,0,0.089688,0.089688,0,0,0.000,255,739,green,0.439,,0,unknown,0.000000,null,0.000000,0.777,"[0.2, 0.29, 0.8, 1.0]","[256, 209, 1024, 720]",,"{""0"": 250, ""1"": 250, ""2"": null, ""3"": null, ""4"": null, ""5"": null, ""6"": null, ""7"": null}","{""0"": 0.0, ""1"": 0.0, ""2"": null, ""3"": null, ""4"": null, ""5"": null, ""6"": null, ""7"": null}","{""0"": 250, ""1"": 250}",250,1,0,0,0,0.777,ultrasonic-not-close,KEEP_PAUSED,left,right,,0
681,2026-08-02T03:34:28.700+09:00,133.183,680,3.53,0,DRIVING,,0,1,1,0,0,1,-0.049785,2.640,5238,0,0.089666,0.089666,0,0,0.000,255,739,green,0.414,,0,unknown,0.000000,null,0.000000,0.301,"[0.2, 0.29, 0.8, 1.0]","[256, 209, 1024, 720]",,"{""0"": 250, ""1"": 121, ""2"": null, ""3"": null, ""4"": null, ""5"": null, ""6"": null, ""7"": null}","{""0"": 0.0, ""1"": 0.0, ""2"": null, ""3"": null, ""4"": null, ""5"": null, ""6"": null, ""7"": null}","{""0"": 250, ""1"": 121}",121,1,1,0,0,0.301,car-not-detected-or-stale,KEEP_PAUSED,left,right,,0
682,2026-08-02T03:34:29.031+09:00,133.514,681,3.48,0,DRIVING,,0,1,1,0,0,1,-0.049785,2.635,5242,0,0.089650,0.089650,0,0,0.000,255,739,green,0.369,,0,unknown,0.000000,null,0.000000,0.270,"[0.2, 0.29, 0.8, 1.0]","[256, 209, 1024, 720]",,"{""0"": 250, ""1"": 250, ""2"": null, ""3"": null, ""4"": null, ""5"": null, ""6"": null, ""7"": null}","{""0"": 0.0, ""1"": 0.0, ""2"": null, ""3"": null, ""4"": null, ""5"": null, ""6"": null, ""7"": null}","{""0"": 250, ""1"": 250}",250,1,0,0,0,0.270,ultrasonic-not-close,KEEP_PAUSED,left,right,,0
683,2026-08-02T03:34:29.333+09:00,133.813,682,3.43,0,DRIVING,,0,1,1,0,0,1,-0.049785,2.630,5242,0,0.089639,0.089639,0,0,0.000,255,739,green,0.336,,0,unknown,0.000000,null,0.000000,0.238,"[0.2, 0.29, 0.8, 1.0]","[256, 209, 1024, 720]",,"{""0"": 250, ""1"": 250, ""2"": null, ""3"": null, ""4"": null, ""5"": null, ""6"": null, ""7"": null}","{""0"": 0.0, ""1"": 0.0, ""2"": null, ""3"": null, ""4"": null, ""5"": null, ""6"": null, ""7"": null}","{""0"": 250, ""1"": 250}",250,1,0,0,0,0.238,ultrasonic-not-close,KEEP_PAUSED,left,right,,0
684,2026-08-02T03:34:29.722+09:00,134.206,683,3.38,0,DRIVING,,0,1,1,0,0,1,-0.049785,2.627,5245,0,0.089631,0.089631,0,0,0.000,255,739,green,0.312,,0,unknown,0.000000,null,0.000000,0.326,"[0.2, 0.29, 0.8, 1.0]","[256, 209, 1024, 720]",,"{""0"": 250, ""1"": 250, ""2"": null, ""3"": null, ""4"": null, ""5"": null, ""6"": null, ""7"": null}","{""0"": 0.0, ""1"": 0.0, ""2"": null, ""3"": null, ""4"": null, ""5"": null, ""6"": null, ""7"": null}","{""0"": 250, ""1"": 250}",250,1,0,0,0,0.326,ultrasonic-not-close,KEEP_PAUSED,left,right,,0
685,2026-08-02T03:34:30.109+09:00,134.591,684,3.32,0,DRIVING,,0,1,1,0,0,1,-0.049785,2.625,5245,0,0.089626,0.089626,0,0,0.000,255,739,green,0.397,,0,unknown,0.000000,null,0.000000,0.320,"[0.2, 0.29, 0.8, 1.0]","[256, 209, 1024, 720]",,"{""0"": 250, ""1"": 250, ""2"": null, ""3"": null, ""4"": null, ""5"": null, ""6"": null, ""7"": null}","{""0"": 0.0, ""1"": 0.0, ""2"": null, ""3"": null, ""4"": null, ""5"": null, ""6"": null, ""7"": null}","{""0"": 250, ""1"": 250}",250,1,0,0,0,0.320,ultrasonic-not-close,KEEP_PAUSED,left,right,,0
686,2026-08-02T03:34:30.460+09:00,134.943,685,3.25,0,DRIVING,,0,1,1,0,0,1,-0.049785,2.624,5245,0,0.089622,0.089622,0,0,0.000,255,739,green,0.394,,0,unknown,0.000000,null,0.000000,0.285,"[0.2, 0.29, 0.8, 1.0]","[256, 209, 1024, 720]",,"{""0"": 250, ""1"": 250, ""2"": null, ""3"": null, ""4"": null, ""5"": null, ""6"": null, ""7"": null}","{""0"": 0.0, ""1"": 0.0, ""2"": null, ""3"": null, ""4"": null, ""5"": null, ""6"": null, ""7"": null}","{""0"": 250, ""1"": 250}",250,1,0,0,0,0.285,ultrasonic-not-close,KEEP_PAUSED,left,right,,0
687,2026-08-02T03:34:30.919+09:00,135.405,686,3.14,0,DRIVING,,0,1,1,0,0,1,-0.049785,2.620,5242,0,0.089619,0.089619,0,0,0.000,255,739,green,0.358,,0,unknown,0.000000,null,0.000000,0.396,"[0.2, 0.29, 0.8, 1.0]","[256, 209, 1024, 720]",,"{""0"": 250, ""1"": 250, ""2"": null, ""3"": null, ""4"": null, ""5"": null, ""6"": null, ""7"": null}","{""0"": 0.0, ""1"": 0.0, ""2"": null, ""3"": null, ""4"": null, ""5"": null, ""6"": null, ""7"": null}","{""0"": 250, ""1"": 250}",250,1,0,0,0,0.396,ultrasonic-not-close,KEEP_PAUSED,left,right,,0
688,2026-08-02T03:34:31.387+09:00,135.874,687,3.08,0,DRIVING,,0,1,1,0,0,1,-0.049950,2.617,5245,0,0.090210,0.090210,0,0,0.000,255,740,green,0.461,,0,unknown,0.000000,null,0.000000,0.865,"[0.2, 0.29, 0.8, 1.0]","[256, 209, 1024, 720]",,"{""0"": 250, ""1"": 250, ""2"": null, ""3"": null, ""4"": null, ""5"": null, ""6"": null, ""7"": null}","{""0"": 0.0, ""1"": 0.0, ""2"": null, ""3"": null, ""4"": null, ""5"": null, ""6"": null, ""7"": null}","{""0"": 250, ""1"": 250}",250,1,0,0,0,0.865,ultrasonic-not-close,KEEP_PAUSED,left,right,,0
689,2026-08-02T03:34:31.754+09:00,136.240,688,3.04,0,DRIVING,,0,1,1,0,0,1,-0.049950,2.614,5245,0,0.090120,0.090120,0,0,0.000,255,739,green,0.468,,0,unknown,0.000000,null,0.000000,0.775,"[0.2, 0.29, 0.8, 1.0]","[256, 209, 1024, 720]",,"{""0"": 250, ""1"": 250, ""2"": null, ""3"": null, ""4"": null, ""5"": null, ""6"": null, ""7"": null}","{""0"": 0.0, ""1"": 0.0, ""2"": null, ""3"": null, ""4"": null, ""5"": null, ""6"": null, ""7"": null}","{""0"": 250, ""1"": 250}",250,1,0,0,0,0.775,ultrasonic-not-close,KEEP_PAUSED,left,right,,0
690,2026-08-02T03:34:32.142+09:00,136.621,689,2.97,0,DRIVING,,0,1,1,0,0,1,-0.050114,2.614,5251,0,0.090650,0.090650,0,0,0.000,255,739,green,0.378,,0,unknown,0.000000,null,0.000000,0.320,"[0.2, 0.29, 0.8, 1.0]","[256, 209, 1024, 720]",,"{""0"": 250, ""1"": 250, ""2"": null, ""3"": null, ""4"": null, ""5"": null, ""6"": null, ""7"": null}","{""0"": 0.0, ""1"": 0.0, ""2"": null, ""3"": null, ""4"": null, ""5"": null, ""6"": null, ""7"": null}","{""0"": 250, ""1"": 250}",250,1,0,0,0,0.320,ultrasonic-not-close,KEEP_PAUSED,left,right,,0
691,2026-08-02T03:34:32.567+09:00,137.054,690,2.90,0,DRIVING,,0,1,1,0,0,1,-0.050114,2.613,5253,0,0.090516,0.090516,0,0,0.000,255,739,green,0.396,,0,unknown,0.000000,null,0.000000,0.365,"[0.2, 0.29, 0.8, 1.0]","[256, 209, 1024, 720]",,"{""0"": 250, ""1"": 250, ""2"": null, ""3"": null, ""4"": null, ""5"": null, ""6"": null, ""7"": null}","{""0"": 0.0, ""1"": 0.0, ""2"": null, ""3"": null, ""4"": null, ""5"": null, ""6"": null, ""7"": null}","{""0"": 250, ""1"": 250}",250,1,0,0,0,0.365,ultrasonic-not-close,KEEP_PAUSED,left,right,,0
692,2026-08-02T03:34:33.019+09:00,137.499,691,2.86,0,DRIVING,,0,1,1,0,0,1,-0.050114,2.613,5246,0,0.090423,0.090423,0,0,0.000,255,740,green,0.437,,0,unknown,0.000000,null,0.000000,0.381,"[0.2, 0.29, 0.8, 1.0]","[256, 209, 1024, 720]",,"{""0"": 250, ""1"": 250, ""2"": null, ""3"": null, ""4"": null, ""5"": null, ""6"": null, ""7"": null}","{""0"": 0.0, ""1"": 0.0, ""2"": null, ""3"": null, ""4"": null, ""5"": null, ""6"": null, ""7"": null}","{""0"": 250, ""1"": 250}",250,1,0,0,0,0.381,ultrasonic-not-close,KEEP_PAUSED,left,right,,0
693,2026-08-02T03:34:33.350+09:00,137.837,692,2.83,0,DRIVING,,0,1,1,0,0,1,-0.050114,2.612,5253,0,0.090358,0.090358,0,0,0.000,255,739,green,0.455,,0,unknown,0.000000,null,0.000000,0.720,"[0.2, 0.29, 0.8, 1.0]","[256, 209, 1024, 720]",,"{""0"": 250, ""1"": 250, ""2"": null, ""3"": null, ""4"": null, ""5"": null, ""6"": null, ""7"": null}","{""0"": 0.0, ""1"": 0.0, ""2"": null, ""3"": null, ""4"": null, ""5"": null, ""6"": null, ""7"": null}","{""0"": 250, ""1"": 250}",250,1,0,0,0,0.720,ultrasonic-not-close,KEEP_PAUSED,left,right,,0
694,2026-08-02T03:34:33.802+09:00,138.287,693,2.76,0,DRIVING,,0,1,1,0,0,1,-0.050114,2.612,5248,0,0.090312,0.090312,0,0,0.000,255,739,green,0.340,,0,unknown,0.000000,null,0.000000,0.388,"[0.2, 0.29, 0.8, 1.0]","[256, 209, 1024, 720]",,"{""0"": 250, ""1"": 120, ""2"": null, ""3"": null, ""4"": null, ""5"": null, ""6"": null, ""7"": null}","{""0"": 0.0, ""1"": 0.0, ""2"": null, ""3"": null, ""4"": null, ""5"": null, ""6"": null, ""7"": null}","{""0"": 250, ""1"": 120}",120,1,1,0,0,0.388,car-not-detected-or-stale,KEEP_PAUSED,left,right,,0
695,2026-08-02T03:34:34.064+09:00,138.547,694,2.75,0,DRIVING,,0,1,1,0,0,1,-0.050114,2.613,5254,0,0.090280,0.090280,0,0,0.000,255,740,green,0.462,,0,unknown,0.000000,null,0.000000,0.648,"[0.2, 0.29, 0.8, 1.0]","[256, 209, 1024, 720]",,"{""0"": 250, ""1"": 250, ""2"": null, ""3"": null, ""4"": null, ""5"": null, ""6"": null, ""7"": null}","{""0"": 0.0, ""1"": 0.0, ""2"": null, ""3"": null, ""4"": null, ""5"": null, ""6"": null, ""7"": null}","{""0"": 250, ""1"": 250}",250,1,0,0,0,0.648,ultrasonic-not-close,KEEP_PAUSED,left,right,,0
696,2026-08-02T03:34:34.263+09:00,138.747,695,2.76,0,DRIVING,,0,1,1,0,0,1,-0.050114,2.614,5254,0,0.090258,0.090258,0,0,0.000,255,739,green,0.260,,0,unknown,0.000000,null,0.000000,0.391,"[0.2, 0.29, 0.8, 1.0]","[256, 209, 1024, 720]",,"{""0"": 250, ""1"": 120, ""2"": null, ""3"": null, ""4"": null, ""5"": null, ""6"": null, ""7"": null}","{""0"": 0.0, ""1"": 0.0, ""2"": null, ""3"": null, ""4"": null, ""5"": null, ""6"": null, ""7"": null}","{""0"": 250, ""1"": 120}",120,1,1,0,0,0.391,car-not-detected-or-stale,KEEP_PAUSED,left,right,,0
697,2026-08-02T03:34:34.587+09:00,139.072,696,2.74,0,DRIVING,,0,1,1,0,0,1,-0.050114,2.614,5254,0,0.090242,0.090242,0,0,0.000,255,740,green,0.203,,0,unknown,0.000000,null,0.000000,0.270,"[0.2, 0.29, 0.8, 1.0]","[256, 209, 1024, 720]",,"{""0"": 250, ""1"": 120, ""2"": null, ""3"": null, ""4"": null, ""5"": null, ""6"": null, ""7"": null}","{""0"": 0.0, ""1"": 0.0, ""2"": null, ""3"": null, ""4"": null, ""5"": null, ""6"": null, ""7"": null}","{""0"": 250, ""1"": 120}",120,1,1,0,0,0.270,car-not-detected-or-stale,KEEP_PAUSED,left,right,,0
698,2026-08-02T03:34:34.984+09:00,139.467,697,2.73,0,DRIVING,,0,1,1,0,0,1,-0.050114,2.614,5254,0,0.090231,0.090231,0,0,0.000,255,740,green,0.336,,0,unknown,0.000000,null,0.000000,0.332,"[0.2, 0.29, 0.8, 1.0]","[256, 209, 1024, 720]",,"{""0"": 250, ""1"": 250, ""2"": null, ""3"": null, ""4"": null, ""5"": null, ""6"": null, ""7"": null}","{""0"": 0.0, ""1"": 0.0, ""2"": null, ""3"": null, ""4"": null, ""5"": null, ""6"": null, ""7"": null}","{""0"": 250, ""1"": 250}",250,1,0,0,0,0.332,ultrasonic-not-close,KEEP_PAUSED,left,right,,0
699,2026-08-02T03:34:35.271+09:00,139.757,698,2.74,0,DRIVING,,0,1,1,0,0,1,-0.050114,2.614,5248,0,0.090224,0.090224,0,0,0.000,255,739,green,0.402,,0,unknown,0.000000,null,0.000000,0.230,"[0.2, 0.29, 0.8, 1.0]","[256, 209, 1024, 720]",,"{""0"": 250, ""1"": 250, ""2"": null, ""3"": null, ""4"": null, ""5"": null, ""6"": null, ""7"": null}","{""0"": 0.0, ""1"": 0.0, ""2"": null, ""3"": null, ""4"": null, ""5"": null, ""6"": null, ""7"": null}","{""0"": 250, ""1"": 250}",250,1,0,0,0,0.230,ultrasonic-not-close,KEEP_PAUSED,left,right,,0
700,2026-08-02T03:34:35.675+09:00,140.157,699,2.73,0,DRIVING,,0,1,1,0,0,1,-0.050114,2.614,5254,0,0.090218,0.090218,0,0,0.000,255,740,green,0.299,,0,unknown,0.000000,null,0.000000,0.335,"[0.2, 0.29, 0.8, 1.0]","[256, 209, 1024, 720]",,"{""0"": 250, ""1"": 250, ""2"": null, ""3"": null, ""4"": null, ""5"": null, ""6"": null, ""7"": null}","{""0"": 0.0, ""1"": 0.0, ""2"": null, ""3"": null, ""4"": null, ""5"": null, ""6"": null, ""7"": null}","{""0"": 250, ""1"": 250}",250,1,0,0,0,0.335,ultrasonic-not-close,KEEP_PAUSED,left,right,,0
701,2026-08-02T03:34:36.036+09:00,140.514,700,2.72,0,DRIVING,,0,1,1,0,0,1,-0.050114,2.614,5254,0,0.090215,0.090215,0,0,0.000,255,739,green,0.409,,0,unknown,0.000000,null,0.000000,0.287,"[0.2, 0.29, 0.8, 1.0]","[256, 209, 1024, 720]",,"{""0"": 250, ""1"": 250, ""2"": null, ""3"": null, ""4"": null, ""5"": null, ""6"": null, ""7"": null}","{""0"": 0.0, ""1"": 0.0, ""2"": null, ""3"": null, ""4"": null, ""5"": null, ""6"": null, ""7"": null}","{""0"": 250, ""1"": 250}",250,1,0,0,0,0.287,ultrasonic-not-close,KEEP_PAUSED,left,right,,0
702,2026-08-02T03:34:36.367+09:00,140.847,701,2.71,0,DRIVING,,0,1,1,0,0,1,-0.050114,2.614,5254,0,0.090212,0.090212,0,0,0.000,255,739,green,0.367,,0,unknown,0.000000,null,0.000000,0.264,"[0.2, 0.29, 0.8, 1.0]","[256, 209, 1024, 720]",,"{""0"": 250, ""1"": 250, ""2"": null, ""3"": null, ""4"": null, ""5"": null, ""6"": null, ""7"": null}","{""0"": 0.0, ""1"": 0.0, ""2"": null, ""3"": null, ""4"": null, ""5"": null, ""6"": null, ""7"": null}","{""0"": 250, ""1"": 250}",250,1,0,0,0,0.264,ultrasonic-not-close,KEEP_PAUSED,left,right,,0
703,2026-08-02T03:34:36.768+09:00,141.251,702,2.70,0,DRIVING,,0,1,1,0,0,1,-0.050114,2.615,5254,0,0.090210,0.090210,0,0,0.000,255,739,green,0.342,,0,unknown,0.000000,null,0.000000,0.333,"[0.2, 0.29, 0.8, 1.0]","[256, 209, 1024, 720]",,"{""0"": 250, ""1"": 250, ""2"": null, ""3"": null, ""4"": null, ""5"": null, ""6"": null, ""7"": null}","{""0"": 0.0, ""1"": 0.0, ""2"": null, ""3"": null, ""4"": null, ""5"": null, ""6"": null, ""7"": null}","{""0"": 250, ""1"": 250}",250,1,0,0,0,0.333,ultrasonic-not-close,KEEP_PAUSED,left,right,,0
704,2026-08-02T03:34:37.182+09:00,141.665,703,2.69,0,DRIVING,,0,1,1,0,0,1,-0.050114,2.615,5254,0,0.090209,0.090209,0,0,0.000,255,740,green,0.412,,0,unknown,0.000000,null,0.000000,0.343,"[0.2, 0.29, 0.8, 1.0]","[256, 209, 1024, 720]",,"{""0"": 250, ""1"": 250, ""2"": null, ""3"": null, ""4"": null, ""5"": null, ""6"": null, ""7"": null}","{""0"": 0.0, ""1"": 0.0, ""2"": null, ""3"": null, ""4"": null, ""5"": null, ""6"": null, ""7"": null}","{""0"": 250, ""1"": 250}",250,1,0,0,0,0.343,ultrasonic-not-close,KEEP_PAUSED,left,right,,0
705,2026-08-02T03:34:37.480+09:00,141.962,704,2.70,0,DRIVING,,0,1,1,0,0,1,-0.050114,2.614,5251,0,0.090208,0.090208,0,0,0.000,255,740,green,0.413,,0,unknown,0.000000,null,0.000000,0.234,"[0.2, 0.29, 0.8, 1.0]","[256, 209, 1024, 720]",,"{""0"": 250, ""1"": 250, ""2"": null, ""3"": null, ""4"": null, ""5"": null, ""6"": null, ""7"": null}","{""0"": 0.0, ""1"": 0.0, ""2"": null, ""3"": null, ""4"": null, ""5"": null, ""6"": null, ""7"": null}","{""0"": 250, ""1"": 250}",250,1,0,0,0,0.234,ultrasonic-not-close,KEEP_PAUSED,left,right,,0
706,2026-08-02T03:34:37.875+09:00,142.362,705,2.71,0,DRIVING,,0,1,1,0,0,1,-0.050114,2.614,5254,0,0.090207,0.090207,0,0,0.000,255,740,green,0.305,,0,unknown,0.000000,null,0.000000,0.634,"[0.2, 0.29, 0.8, 1.0]","[256, 209, 1024, 720]",,"{""0"": 250, ""1"": 250, ""2"": null, ""3"": null, ""4"": null, ""5"": null, ""6"": null, ""7"": null}","{""0"": 0.0, ""1"": 0.0, ""2"": null, ""3"": null, ""4"": null, ""5"": null, ""6"": null, ""7"": null}","{""0"": 250, ""1"": 250}",250,1,0,0,0,0.634,ultrasonic-not-close,KEEP_PAUSED,left,right,,0
707,2026-08-02T03:34:38.284+09:00,142.766,706,2.70,0,DRIVING,,0,1,1,0,0,1,-0.050114,2.614,5254,0,0.090207,0.090207,0,0,0.000,255,740,green,0.399,,0,unknown,0.000000,null,0.000000,0.741,"[0.2, 0.29, 0.8, 1.0]","[256, 209, 1024, 720]",,"{""0"": 250, ""1"": 250, ""2"": null, ""3"": null, ""4"": null, ""5"": null, ""6"": null, ""7"": null}","{""0"": 0.0, ""1"": 0.0, ""2"": null, ""3"": null, ""4"": null, ""5"": null, ""6"": null, ""7"": null}","{""0"": 250, ""1"": 250}",250,1,0,0,0,0.741,ultrasonic-not-close,KEEP_PAUSED,left,right,,0
708,2026-08-02T03:34:38.695+09:00,143.176,707,2.68,0,DRIVING,,0,1,1,0,0,1,-0.050114,2.612,5257,0,0.090207,0.090207,0,0,0.000,255,739,green,0.420,,0,unknown,0.000000,null,0.000000,0.346,"[0.2, 0.29, 0.8, 1.0]","[256, 209, 1024, 720]",,"{""0"": 250, ""1"": 250, ""2"": null, ""3"": null, ""4"": null, ""5"": null, ""6"": null, ""7"": null}","{""0"": 0.0, ""1"": 0.0, ""2"": null, ""3"": null, ""4"": null, ""5"": null, ""6"": null, ""7"": null}","{""0"": 250, ""1"": 250}",250,1,0,0,0,0.346,ultrasonic-not-close,KEEP_PAUSED,left,right,,0
709,2026-08-02T03:34:38.981+09:00,143.465,708,2.71,0,DRIVING,,0,1,1,0,0,1,-0.050114,2.613,5254,0,0.090206,0.090206,0,0,0.000,255,739,green,0.419,,0,unknown,0.000000,null,0.000000,0.635,"[0.2, 0.29, 0.8, 1.0]","[256, 209, 1024, 720]",,"{""0"": 250, ""1"": 250, ""2"": null, ""3"": null, ""4"": null, ""5"": null, ""6"": null, ""7"": null}","{""0"": 0.0, ""1"": 0.0, ""2"": null, ""3"": null, ""4"": null, ""5"": null, ""6"": null, ""7"": null}","{""0"": 250, ""1"": 250}",250,1,0,0,0,0.635,ultrasonic-not-close,KEEP_PAUSED,left,right,,0
710,2026-08-02T03:34:39.293+09:00,143.777,709,2.74,0,DRIVING,,0,1,1,0,0,1,-0.050114,2.613,5251,0,0.090206,0.090206,0,0,0.000,255,739,green,0.290,,0,unknown,0.000000,null,0.000000,0.254,"[0.2, 0.29, 0.8, 1.0]","[256, 209, 1024, 720]",,"{""0"": 250, ""1"": 250, ""2"": null, ""3"": null, ""4"": null, ""5"": null, ""6"": null, ""7"": null}","{""0"": 0.0, ""1"": 0.0, ""2"": null, ""3"": null, ""4"": null, ""5"": null, ""6"": null, ""7"": null}","{""0"": 250, ""1"": 250}",250,1,0,0,0,0.254,ultrasonic-not-close,KEEP_PAUSED,left,right,,0
711,2026-08-02T03:34:39.711+09:00,144.194,710,2.72,0,DRIVING,,0,1,1,0,0,1,-0.050114,2.613,5254,0,0.090206,0.090206,0,0,0.000,255,739,green,0.330,,0,unknown,0.000000,null,0.000000,0.351,"[0.2, 0.29, 0.8, 1.0]","[256, 209, 1024, 720]",,"{""0"": 250, ""1"": 250, ""2"": null, ""3"": null, ""4"": null, ""5"": null, ""6"": null, ""7"": null}","{""0"": 0.0, ""1"": 0.0, ""2"": null, ""3"": null, ""4"": null, ""5"": null, ""6"": null, ""7"": null}","{""0"": 250, ""1"": 250}",250,1,0,0,0,0.351,ultrasonic-not-close,KEEP_PAUSED,left,right,,0
712,2026-08-02T03:34:40.243+09:00,144.729,711,2.67,0,DRIVING,,0,1,1,0,0,1,-0.050114,2.613,5246,0,0.090206,0.090206,0,0,0.000,255,739,green,0.420,,0,unknown,0.000000,null,0.000000,0.473,"[0.2, 0.29, 0.8, 1.0]","[256, 209, 1024, 720]",,"{""0"": 250, ""1"": 250, ""2"": null, ""3"": null, ""4"": null, ""5"": null, ""6"": null, ""7"": null}","{""0"": 0.0, ""1"": 0.0, ""2"": null, ""3"": null, ""4"": null, ""5"": null, ""6"": null, ""7"": null}","{""0"": 250, ""1"": 250}",250,1,0,0,0,0.473,ultrasonic-not-close,KEEP_PAUSED,left,right,,0
713,2026-08-02T03:34:40.665+09:00,145.143,712,2.65,0,DRIVING,,0,1,1,0,0,1,-0.050114,2.614,5254,0,0.090206,0.090206,0,0,0.000,255,739,unknown,0.538,,0,unknown,0.000000,null,0.000000,0.357,"[0.2, 0.29, 0.8, 1.0]","[256, 209, 1024, 720]",,"{""0"": 250, ""1"": 250, ""2"": null, ""3"": null, ""4"": null, ""5"": null, ""6"": null, ""7"": null}","{""0"": 0.0, ""1"": 0.0, ""2"": null, ""3"": null, ""4"": null, ""5"": null, ""6"": null, ""7"": null}","{""0"": 250, ""1"": 250}",250,1,0,0,0,0.357,ultrasonic-not-close,KEEP_PAUSED,left,right,,0
714,2026-08-02T03:34:41.073+09:00,145.554,713,2.64,0,DRIVING,,0,1,1,0,0,1,-0.050114,2.612,5257,0,0.090206,0.090206,0,0,0.000,255,739,green,0.435,,0,unknown,0.000000,null,0.000000,0.339,"[0.2, 0.29, 0.8, 1.0]","[256, 209, 1024, 720]",,"{""0"": 250, ""1"": 250, ""2"": null, ""3"": null, ""4"": null, ""5"": null, ""6"": null, ""7"": null}","{""0"": 0.0, ""1"": 0.0, ""2"": null, ""3"": null, ""4"": null, ""5"": null, ""6"": null, ""7"": null}","{""0"": 250, ""1"": 250}",250,1,0,0,0,0.339,ultrasonic-not-close,KEEP_PAUSED,left,right,,0
715,2026-08-02T03:34:41.381+09:00,145.865,714,2.66,0,DRIVING,,0,1,1,0,0,1,-0.050114,2.610,5257,0,0.090206,0.090206,0,0,0.000,255,739,green,0.412,,0,unknown,0.000000,null,0.000000,0.244,"[0.2, 0.29, 0.8, 1.0]","[256, 209, 1024, 720]",,"{""0"": 250, ""1"": 250, ""2"": null, ""3"": null, ""4"": null, ""5"": null, ""6"": null, ""7"": null}","{""0"": 0.0, ""1"": 0.0, ""2"": null, ""3"": null, ""4"": null, ""5"": null, ""6"": null, ""7"": null}","{""0"": 250, ""1"": 250}",250,1,0,0,0,0.244,ultrasonic-not-close,KEEP_PAUSED,left,right,,0
716,2026-08-02T03:34:41.730+09:00,146.210,715,2.66,0,DRIVING,,0,1,1,0,0,1,-0.050114,2.611,5251,0,0.090206,0.090206,0,0,0.000,255,739,green,0.315,,0,unknown,0.000000,null,0.000000,0.281,"[0.2, 0.29, 0.8, 1.0]","[256, 209, 1024, 720]",,"{""0"": 250, ""1"": 250, ""2"": null, ""3"": null, ""4"": null, ""5"": null, ""6"": null, ""7"": null}","{""0"": 0.0, ""1"": 0.0, ""2"": null, ""3"": null, ""4"": null, ""5"": null, ""6"": null, ""7"": null}","{""0"": 250, ""1"": 250}",250,1,0,0,0,0.281,ultrasonic-not-close,KEEP_PAUSED,left,right,,0
717,2026-08-02T03:34:42.021+09:00,146.502,716,2.70,0,DRIVING,,0,1,1,0,0,1,-0.050114,2.611,5246,0,0.090206,0.090206,0,0,0.000,255,739,green,0.352,,0,unknown,0.000000,null,0.000000,0.226,"[0.2, 0.29, 0.8, 1.0]","[256, 209, 1024, 720]",,"{""0"": 250, ""1"": 250, ""2"": null, ""3"": null, ""4"": null, ""5"": null, ""6"": null, ""7"": null}","{""0"": 0.0, ""1"": 0.0, ""2"": null, ""3"": null, ""4"": null, ""5"": null, ""6"": null, ""7"": null}","{""0"": 250, ""1"": 250}",250,1,0,0,0,0.226,ultrasonic-not-close,KEEP_PAUSED,left,right,,0
718,2026-08-02T03:34:42.368+09:00,146.849,717,2.73,0,DRIVING,,0,1,1,0,0,1,-0.050114,2.610,5257,0,0.090206,0.090206,0,0,0.000,255,739,green,0.302,,0,unknown,0.000000,null,0.000000,0.279,"[0.2, 0.29, 0.8, 1.0]","[256, 209, 1024, 720]",,"{""0"": 250, ""1"": 250, ""2"": null, ""3"": null, ""4"": null, ""5"": null, ""6"": null, ""7"": null}","{""0"": 0.0, ""1"": 0.0, ""2"": null, ""3"": null, ""4"": null, ""5"": null, ""6"": null, ""7"": null}","{""0"": 250, ""1"": 250}",250,1,0,0,0,0.279,ultrasonic-not-close,KEEP_PAUSED,left,right,,0
719,2026-08-02T03:34:42.736+09:00,147.218,718,2.73,0,DRIVING,,0,1,1,0,0,1,-0.050114,2.602,5286,0,0.090206,0.090206,0,0,0.000,255,739,green,0.359,,0,unknown,0.000000,null,0.000000,0.300,"[0.2, 0.29, 0.8, 1.0]","[256, 209, 1024, 720]",,"{""0"": 250, ""1"": 250, ""2"": null, ""3"": null, ""4"": null, ""5"": null, ""6"": null, ""7"": null}","{""0"": 0.0, ""1"": 0.0, ""2"": null, ""3"": null, ""4"": null, ""5"": null, ""6"": null, ""7"": null}","{""0"": 250, ""1"": 250}",250,1,0,0,0,0.300,ultrasonic-not-close,KEEP_PAUSED,left,right,,0
720,2026-08-02T03:34:43.125+09:00,147.607,719,2.73,0,DRIVING,,0,1,1,0,0,1,-0.050114,2.599,5283,0,0.090206,0.090206,0,0,0.000,255,739,green,0.377,,0,unknown,0.000000,null,0.000000,0.324,"[0.2, 0.29, 0.8, 1.0]","[256, 209, 1024, 720]",,"{""0"": 250, ""1"": 250, ""2"": null, ""3"": null, ""4"": null, ""5"": null, ""6"": null, ""7"": null}","{""0"": 0.0, ""1"": 0.0, ""2"": null, ""3"": null, ""4"": null, ""5"": null, ""6"": null, ""7"": null}","{""0"": 250, ""1"": 250}",250,1,0,0,0,0.324,ultrasonic-not-close,KEEP_PAUSED,left,right,,0
721,2026-08-02T03:34:43.528+09:00,148.010,720,2.74,0,DRIVING,,0,1,1,0,0,1,-0.050114,2.597,5284,0,0.090206,0.090206,0,0,0.000,255,739,green,0.394,,0,unknown,0.000000,null,0.000000,0.337,"[0.2, 0.29, 0.8, 1.0]","[256, 209, 1024, 720]",,"{""0"": 250, ""1"": 250, ""2"": null, ""3"": null, ""4"": null, ""5"": null, ""6"": null, ""7"": null}","{""0"": 0.0, ""1"": 0.0, ""2"": null, ""3"": null, ""4"": null, ""5"": null, ""6"": null, ""7"": null}","{""0"": 250, ""1"": 250}",250,1,0,0,0,0.337,ultrasonic-not-close,KEEP_PAUSED,left,right,,0
722,2026-08-02T03:34:43.940+09:00,148.425,721,2.75,0,DRIVING,,0,1,1,0,0,1,-0.050114,2.594,5266,0,0.090206,0.090206,0,0,0.000,255,739,green,0.414,,0,unknown,0.000000,null,0.000000,0.755,"[0.2, 0.29, 0.8, 1.0]","[256, 209, 1024, 720]",,"{""0"": 250, ""1"": 250, ""2"": null, ""3"": null, ""4"": null, ""5"": null, ""6"": null, ""7"": null}","{""0"": 0.0, ""1"": 0.0, ""2"": null, ""3"": null, ""4"": null, ""5"": null, ""6"": null, ""7"": null}","{""0"": 250, ""1"": 250}",250,1,0,0,0,0.755,ultrasonic-not-close,KEEP_PAUSED,left,right,,0
723,2026-08-02T03:34:44.356+09:00,148.841,722,2.73,0,DRIVING,,0,1,1,0,0,1,-0.050114,2.593,5271,0,0.090206,0.090206,0,0,0.000,255,739,green,0.408,,0,unknown,0.000000,null,0.000000,0.361,"[0.2, 0.29, 0.8, 1.0]","[256, 209, 1024, 720]",,"{""0"": 250, ""1"": 250, ""2"": null, ""3"": null, ""4"": null, ""5"": null, ""6"": null, ""7"": null}","{""0"": 0.0, ""1"": 0.0, ""2"": null, ""3"": null, ""4"": null, ""5"": null, ""6"": null, ""7"": null}","{""0"": 250, ""1"": 250}",250,1,0,0,0,0.361,ultrasonic-not-close,KEEP_PAUSED,left,right,,0
724,2026-08-02T03:34:44.648+09:00,149.132,723,2.77,0,DRIVING,,0,1,1,0,0,1,-0.050114,2.591,5282,0,0.090206,0.090206,0,0,0.000,255,739,green,0.435,,0,unknown,0.000000,null,0.000000,0.648,"[0.2, 0.29, 0.8, 1.0]","[256, 209, 1024, 720]",,"{""0"": 250, ""1"": 250, ""2"": null, ""3"": null, ""4"": null, ""5"": null, ""6"": null, ""7"": null}","{""0"": 0.0, ""1"": 0.0, ""2"": null, ""3"": null, ""4"": null, ""5"": null, ""6"": null, ""7"": null}","{""0"": 250, ""1"": 250}",250,1,0,0,0,0.648,ultrasonic-not-close,KEEP_PAUSED,left,right,,0
725,2026-08-02T03:34:44.976+09:00,149.459,724,2.75,0,DRIVING,,0,1,1,0,0,1,-0.050114,2.590,5278,0,0.090206,0.090206,0,0,0.000,255,739,green,0.305,,0,unknown,0.000000,null,0.000000,0.557,"[0.2, 0.29, 0.8, 1.0]","[256, 209, 1024, 720]",,"{""0"": 250, ""1"": 250, ""2"": null, ""3"": null, ""4"": null, ""5"": null, ""6"": null, ""7"": null}","{""0"": 0.0, ""1"": 0.0, ""2"": null, ""3"": null, ""4"": null, ""5"": null, ""6"": null, ""7"": null}","{""0"": 250, ""1"": 250}",250,1,0,0,0,0.557,ultrasonic-not-close,KEEP_PAUSED,left,right,,0
726,2026-08-02T03:34:45.418+09:00,149.902,725,2.69,0,DRIVING,,0,1,1,0,0,1,-0.050114,2.590,5278,0,0.090206,0.090206,0,0,0.000,255,739,green,0.334,,0,unknown,0.000000,null,0.000000,0.378,"[0.2, 0.29, 0.8, 1.0]","[256, 209, 1024, 720]",,"{""0"": 250, ""1"": 250, ""2"": null, ""3"": null, ""4"": null, ""5"": null, ""6"": null, ""7"": null}","{""0"": 0.0, ""1"": 0.0, ""2"": null, ""3"": null, ""4"": null, ""5"": null, ""6"": null, ""7"": null}","{""0"": 250, ""1"": 250}",250,1,0,0,0,0.378,ultrasonic-not-close,KEEP_PAUSED,left,right,,0
727,2026-08-02T03:34:45.914+09:00,150.397,726,2.65,0,DRIVING,,0,1,1,0,0,1,-0.050114,2.590,5278,0,0.090206,0.090206,0,0,0.000,255,739,green,0.450,,0,unknown,0.000000,null,0.000000,0.430,"[0.2, 0.29, 0.8, 1.0]","[256, 209, 1024, 720]",,"{""0"": 250, ""1"": 250, ""2"": null, ""3"": null, ""4"": null, ""5"": null, ""6"": null, ""7"": null}","{""0"": 0.0, ""1"": 0.0, ""2"": null, ""3"": null, ""4"": null, ""5"": null, ""6"": null, ""7"": null}","{""0"": 250, ""1"": 250}",250,1,0,0,0,0.430,ultrasonic-not-close,KEEP_PAUSED,left,right,,0
728,2026-08-02T03:34:46.218+09:00,150.701,727,2.67,0,DRIVING,,0,1,1,0,0,1,-0.050114,2.590,5278,0,0.090206,0.090206,0,0,0.000,255,739,unknown,0.506,,0,unknown,0.000000,null,0.000000,0.735,"[0.2, 0.29, 0.8, 1.0]","[256, 209, 1024, 720]",,"{""0"": 250, ""1"": 250, ""2"": null, ""3"": null, ""4"": null, ""5"": null, ""6"": null, ""7"": null}","{""0"": 0.0, ""1"": 0.0, ""2"": null, ""3"": null, ""4"": null, ""5"": null, ""6"": null, ""7"": null}","{""0"": 250, ""1"": 250}",250,1,0,0,0,0.735,ultrasonic-not-close,KEEP_PAUSED,left,right,,0
729,2026-08-02T03:34:46.565+09:00,151.047,728,2.66,0,DRIVING,,0,1,1,0,0,1,-0.050279,2.592,5286,0,0.090799,0.090799,0,0,0.000,255,739,green,0.308,,0,unknown,0.000000,null,0.000000,0.280,"[0.2, 0.29, 0.8, 1.0]","[256, 209, 1024, 720]",,"{""0"": 250, ""1"": 250, ""2"": null, ""3"": null, ""4"": null, ""5"": null, ""6"": null, ""7"": null}","{""0"": 0.0, ""1"": 0.0, ""2"": null, ""3"": null, ""4"": null, ""5"": null, ""6"": null, ""7"": null}","{""0"": 250, ""1"": 250}",250,1,0,0,0,0.280,ultrasonic-not-close,KEEP_PAUSED,left,right,,0
730,2026-08-02T03:34:46.989+09:00,151.472,729,2.65,0,DRIVING,,0,1,1,0,0,1,-0.050114,2.592,5278,0,0.090117,0.090117,0,0,0.000,255,739,green,0.350,,0,unknown,0.000000,null,0.000000,0.364,"[0.2, 0.29, 0.8, 1.0]","[256, 209, 1024, 720]",,"{""0"": 250, ""1"": 250, ""2"": null, ""3"": null, ""4"": null, ""5"": null, ""6"": null, ""7"": null}","{""0"": 0.0, ""1"": 0.0, ""2"": null, ""3"": null, ""4"": null, ""5"": null, ""6"": null, ""7"": null}","{""0"": 250, ""1"": 250}",250,1,0,0,0,0.364,ultrasonic-not-close,KEEP_PAUSED,left,right,,0
731,2026-08-02T03:34:47.294+09:00,151.777,730,2.66,0,DRIVING,,0,1,1,0,0,1,-0.050279,2.594,5286,0,0.090736,0.090736,0,0,0.000,255,739,green,0.436,,0,unknown,0.000000,null,0.000000,0.239,"[0.2, 0.29, 0.8, 1.0]","[256, 209, 1024, 720]",,"{""0"": 250, ""1"": 250, ""2"": null, ""3"": null, ""4"": null, ""5"": null, ""6"": null, ""7"": null}","{""0"": 0.0, ""1"": 0.0, ""2"": null, ""3"": null, ""4"": null, ""5"": null, ""6"": null, ""7"": null}","{""0"": 250, ""1"": 250}",250,1,0,0,0,0.239,ultrasonic-not-close,KEEP_PAUSED,left,right,,0
732,2026-08-02T03:34:47.609+09:00,152.094,731,2.67,0,DRIVING,,0,1,1,0,0,1,-0.050114,2.591,5289,0,0.090073,0.090073,0,0,0.000,255,739,green,0.310,,0,unknown,0.000000,null,0.000000,0.254,"[0.2, 0.29, 0.8, 1.0]","[256, 209, 1024, 720]",,"{""0"": 250, ""1"": 250, ""2"": null, ""3"": null, ""4"": null, ""5"": null, ""6"": null, ""7"": null}","{""0"": 0.0, ""1"": 0.0, ""2"": null, ""3"": null, ""4"": null, ""5"": null, ""6"": null, ""7"": null}","{""0"": 250, ""1"": 250}",250,1,0,0,0,0.254,ultrasonic-not-close,KEEP_PAUSED,left,right,,0
733,2026-08-02T03:34:47.959+09:00,152.444,732,2.68,0,DRIVING,,0,1,1,0,0,1,-0.050114,2.581,5298,0,0.090113,0.090113,0,0,0.000,255,739,green,0.319,,0,unknown,0.000000,null,0.000000,0.293,"[0.2, 0.29, 0.8, 1.0]","[256, 209, 1024, 720]",,"{""0"": 250, ""1"": 250, ""2"": null, ""3"": null, ""4"": null, ""5"": null, ""6"": null, ""7"": null}","{""0"": 0.0, ""1"": 0.0, ""2"": null, ""3"": null, ""4"": null, ""5"": null, ""6"": null, ""7"": null}","{""0"": 250, ""1"": 250}",250,1,0,0,0,0.293,ultrasonic-not-close,KEEP_PAUSED,left,right,,0
734,2026-08-02T03:34:48.326+09:00,152.812,733,2.69,0,DRIVING,,0,1,1,0,0,1,-0.050279,2.586,5281,0,0.090734,0.090734,0,0,0.000,255,740,green,0.364,,0,unknown,0.000000,null,0.000000,0.306,"[0.2, 0.29, 0.8, 1.0]","[256, 209, 1024, 720]",,"{""0"": 250, ""1"": 250, ""2"": null, ""3"": null, ""4"": null, ""5"": null, ""6"": null, ""7"": null}","{""0"": 0.0, ""1"": 0.0, ""2"": null, ""3"": null, ""4"": null, ""5"": null, ""6"": null, ""7"": null}","{""0"": 250, ""1"": 250}",250,1,0,0,0,0.306,ultrasonic-not-close,KEEP_PAUSED,left,right,,0
735,2026-08-02T03:34:48.727+09:00,153.209,734,2.67,0,DRIVING,,0,1,1,0,0,1,-0.050279,2.588,5297,0,0.090664,0.090664,0,0,0.000,255,739,green,0.368,,0,unknown,0.000000,null,0.000000,0.339,"[0.2, 0.29, 0.8, 1.0]","[256, 209, 1024, 720]",,"{""0"": 250, ""1"": 250, ""2"": null, ""3"": null, ""4"": null, ""5"": null, ""6"": null, ""7"": null}","{""0"": 0.0, ""1"": 0.0, ""2"": null, ""3"": null, ""4"": null, ""5"": null, ""6"": null, ""7"": null}","{""0"": 250, ""1"": 250}",250,1,0,0,0,0.339,ultrasonic-not-close,KEEP_PAUSED,left,right,,0
736,2026-08-02T03:34:49.154+09:00,153.634,735,2.66,0,DRIVING,,0,1,1,0,0,1,-0.050279,2.590,5287,0,0.090616,0.090616,0,0,0.000,255,739,green,0.418,,0,unknown,0.000000,null,0.000000,0.354,"[0.2, 0.29, 0.8, 1.0]","[256, 209, 1024, 720]",,"{""0"": 250, ""1"": 250, ""2"": null, ""3"": null, ""4"": null, ""5"": null, ""6"": null, ""7"": null}","{""0"": 0.0, ""1"": 0.0, ""2"": null, ""3"": null, ""4"": null, ""5"": null, ""6"": null, ""7"": null}","{""0"": 250, ""1"": 250}",250,1,0,0,0,0.354,ultrasonic-not-close,KEEP_PAUSED,left,right,,0
737,2026-08-02T03:34:49.517+09:00,153.999,736,2.67,0,DRIVING,,0,1,1,0,0,1,-0.050279,2.591,5297,0,0.090582,0.090582,0,0,0.000,255,739,green,0.428,,0,unknown,0.000000,null,0.000000,0.296,"[0.2, 0.29, 0.8, 1.0]","[256, 209, 1024, 720]",,"{""0"": 250, ""1"": 250, ""2"": null, ""3"": null, ""4"": null, ""5"": null, ""6"": null, ""7"": null}","{""0"": 0.0, ""1"": 0.0, ""2"": null, ""3"": null, ""4"": null, ""5"": null, ""6"": null, ""7"": null}","{""0"": 250, ""1"": 250}",250,1,0,0,0,0.296,ultrasonic-not-close,KEEP_PAUSED,left,right,,0
738,2026-08-02T03:34:49.862+09:00,154.333,737,2.69,0,DRIVING,,0,1,1,0,0,1,-0.050114,2.589,5289,0,0.089965,0.089965,0,0,0.000,255,739,green,0.365,,0,unknown,0.000000,null,0.000000,0.271,"[0.2, 0.29, 0.8, 1.0]","[256, 209, 1024, 720]",,"{""0"": 250, ""1"": 250, ""2"": null, ""3"": null, ""4"": null, ""5"": null, ""6"": null, ""7"": null}","{""0"": 0.0, ""1"": 0.0, ""2"": null, ""3"": null, ""4"": null, ""5"": null, ""6"": null, ""7"": null}","{""0"": 250, ""1"": 250}",250,1,0,0,0,0.271,ultrasonic-not-close,KEEP_PAUSED,left,right,,0
739,2026-08-02T03:34:50.175+09:00,154.657,738,2.68,0,DRIVING,,0,1,1,0,0,1,-0.050279,2.592,5286,0,0.090630,0.090630,0,0,0.000,255,740,green,0.352,,0,unknown,0.000000,null,0.000000,0.249,"[0.2, 0.29, 0.8, 1.0]","[256, 209, 1024, 720]",,"{""0"": 250, ""1"": 250, ""2"": null, ""3"": null, ""4"": null, ""5"": null, ""6"": null, ""7"": null}","{""0"": 0.0, ""1"": 0.0, ""2"": null, ""3"": null, ""4"": null, ""5"": null, ""6"": null, ""7"": null}","{""0"": 250, ""1"": 250}",250,1,0,0,0,0.249,ultrasonic-not-close,KEEP_PAUSED,left,right,,0
740,2026-08-02T03:34:50.536+09:00,155.022,739,2.67,0,DRIVING,,0,1,1,0,0,1,-0.050279,2.594,5286,0,0.090592,0.090592,0,0,0.000,255,739,green,0.319,,0,unknown,0.000000,null,0.000000,0.302,"[0.2, 0.29, 0.8, 1.0]","[256, 209, 1024, 720]",,"{""0"": 250, ""1"": 250, ""2"": null, ""3"": null, ""4"": null, ""5"": null, ""6"": null, ""7"": null}","{""0"": 0.0, ""1"": 0.0, ""2"": null, ""3"": null, ""4"": null, ""5"": null, ""6"": null, ""7"": null}","{""0"": 250, ""1"": 250}",250,1,0,0,0,0.302,ultrasonic-not-close,KEEP_PAUSED,left,right,,0
741,2026-08-02T03:34:50.934+09:00,155.417,740,2.67,0,DRIVING,,0,1,1,0,0,1,-0.050279,2.588,5290,0,0.090565,0.090565,0,0,0.000,255,739,green,0.366,,0,unknown,0.000000,null,0.000000,0.334,"[0.2, 0.29, 0.8, 1.0]","[256, 209, 1024, 720]",,"{""0"": 250, ""1"": 250, ""2"": null, ""3"": null, ""4"": null, ""5"": null, ""6"": null, ""7"": null}","{""0"": 0.0, ""1"": 0.0, ""2"": null, ""3"": null, ""4"": null, ""5"": null, ""6"": null, ""7"": null}","{""0"": 250, ""1"": 250}",250,1,0,0,0,0.334,ultrasonic-not-close,KEEP_PAUSED,left,right,,0
742,2026-08-02T03:34:51.324+09:00,155.808,741,2.71,0,DRIVING,,0,1,1,0,0,1,-0.050279,2.584,5290,0,0.090546,0.090546,0,0,0.000,255,739,green,0.401,,0,unknown,0.000000,null,0.000000,0.332,"[0.2, 0.29, 0.8, 1.0]","[256, 209, 1024, 720]",,"{""0"": 250, ""1"": 250, ""2"": null, ""3"": null, ""4"": null, ""5"": null, ""6"": null, ""7"": null}","{""0"": 0.0, ""1"": 0.0, ""2"": null, ""3"": null, ""4"": null, ""5"": null, ""6"": null, ""7"": null}","{""0"": 250, ""1"": 250}",250,1,0,0,0,0.332,ultrasonic-not-close,KEEP_PAUSED,left,right,,0
743,2026-08-02T03:34:51.738+09:00,156.223,742,2.71,0,DRIVING,,0,1,1,0,0,1,-0.050279,2.584,5291,0,0.090533,0.090533,0,0,0.000,255,739,green,0.404,,0,unknown,0.000000,null,0.000000,0.350,"[0.2, 0.29, 0.8, 1.0]","[256, 209, 1024, 720]",,"{""0"": 250, ""1"": 250, ""2"": null, ""3"": null, ""4"": null, ""5"": null, ""6"": null, ""7"": null}","{""0"": 0.0, ""1"": 0.0, ""2"": null, ""3"": null, ""4"": null, ""5"": null, ""6"": null, ""7"": null}","{""0"": 250, ""1"": 250}",250,1,0,0,0,0.350,ultrasonic-not-close,KEEP_PAUSED,left,right,,0
744,2026-08-02T03:34:52.063+09:00,156.547,743,2.73,0,DRIVING,,0,1,1,0,0,1,-0.050279,2.585,5303,0,0.090524,0.090524,0,0,0.000,255,740,green,0.419,,0,unknown,0.000000,null,0.000000,0.261,"[0.2, 0.29, 0.8, 1.0]","[256, 209, 1024, 720]",,"{""0"": 250, ""1"": 250, ""2"": null, ""3"": null, ""4"": null, ""5"": null, ""6"": null, ""7"": null}","{""0"": 0.0, ""1"": 0.0, ""2"": null, ""3"": null, ""4"": null, ""5"": null, ""6"": null, ""7"": null}","{""0"": 250, ""1"": 250}",250,1,0,0,0,0.261,ultrasonic-not-close,KEEP_PAUSED,left,right,,0
745,2026-08-02T03:34:52.427+09:00,156.910,744,2.72,0,DRIVING,,0,1,1,0,0,1,-0.050279,2.588,5292,0,0.090517,0.090517,0,0,0.000,255,739,green,0.335,,0,unknown,0.000000,null,0.000000,0.297,"[0.2, 0.29, 0.8, 1.0]","[256, 209, 1024, 720]",,"{""0"": 250, ""1"": 250, ""2"": null, ""3"": null, ""4"": null, ""5"": null, ""6"": null, ""7"": null}","{""0"": 0.0, ""1"": 0.0, ""2"": null, ""3"": null, ""4"": null, ""5"": null, ""6"": null, ""7"": null}","{""0"": 250, ""1"": 250}",250,1,0,0,0,0.297,ultrasonic-not-close,KEEP_PAUSED,left,right,,0
746,2026-08-02T03:34:52.823+09:00,157.306,745,2.70,0,DRIVING,,0,1,1,0,0,1,-0.050114,2.581,5282,0,0.089920,0.089920,0,0,0.000,255,740,green,0.364,,0,unknown,0.000000,null,0.000000,0.333,"[0.2, 0.29, 0.8, 1.0]","[256, 209, 1024, 720]",,"{""0"": 250, ""1"": 250, ""2"": null, ""3"": null, ""4"": null, ""5"": null, ""6"": null, ""7"": null}","{""0"": 0.0, ""1"": 0.0, ""2"": null, ""3"": null, ""4"": null, ""5"": null, ""6"": null, ""7"": null}","{""0"": 250, ""1"": 250}",250,1,0,0,0,0.333,ultrasonic-not-close,KEEP_PAUSED,left,right,,0
747,2026-08-02T03:34:53.352+09:00,157.839,746,2.65,0,DRIVING,,0,1,1,0,0,1,-0.050279,2.578,5295,0,0.090598,0.090598,0,0,0.000,255,739,green,0.414,,0,unknown,0.000000,null,0.000000,0.463,"[0.2, 0.29, 0.8, 1.0]","[256, 209, 1024, 720]",,"{""0"": 250, ""1"": 250, ""2"": null, ""3"": null, ""4"": null, ""5"": null, ""6"": null, ""7"": null}","{""0"": 0.0, ""1"": 0.0, ""2"": null, ""3"": null, ""4"": null, ""5"": null, ""6"": null, ""7"": null}","{""0"": 250, ""1"": 250}",250,1,0,0,0,0.463,ultrasonic-not-close,KEEP_PAUSED,left,right,,0
748,2026-08-02T03:34:53.744+09:00,158.229,747,2.64,0,DRIVING,,0,1,1,0,0,1,-0.050279,2.574,5311,0,0.090570,0.090570,0,0,0.000,255,740,unknown,0.523,,0,unknown,0.000000,null,0.000000,0.853,"[0.2, 0.29, 0.8, 1.0]","[256, 209, 1024, 720]",,"{""0"": 250, ""1"": 250, ""2"": null, ""3"": null, ""4"": null, ""5"": null, ""6"": null, ""7"": null}","{""0"": 0.0, ""1"": 0.0, ""2"": null, ""3"": null, ""4"": null, ""5"": null, ""6"": null, ""7"": null}","{""0"": 250, ""1"": 250}",250,1,0,0,0,0.853,ultrasonic-not-close,KEEP_PAUSED,left,right,,0
749,2026-08-02T03:34:53.978+09:00,158.463,748,2.67,0,DRIVING,,0,1,1,0,0,1,-0.050279,2.572,5300,0,0.090549,0.090549,0,0,0.000,255,740,green,0.396,,0,unknown,0.000000,null,0.000000,0.569,"[0.2, 0.29, 0.8, 1.0]","[256, 209, 1024, 720]",,"{""0"": 250, ""1"": 250, ""2"": null, ""3"": null, ""4"": null, ""5"": null, ""6"": null, ""7"": null}","{""0"": 0.0, ""1"": 0.0, ""2"": null, ""3"": null, ""4"": null, ""5"": null, ""6"": null, ""7"": null}","{""0"": 250, ""1"": 250}",250,1,0,0,0,0.569,ultrasonic-not-close,KEEP_PAUSED,left,right,,0
750,2026-08-02T03:34:54.339+09:00,158.818,749,2.68,0,DRIVING,,0,1,1,0,0,1,-0.050279,2.570,5306,0,0.090535,0.090535,0,0,0.000,255,739,green,0.244,,0,unknown,0.000000,null,0.000000,0.296,"[0.2, 0.29, 0.8, 1.0]","[256, 209, 1024, 720]",,"{""0"": 250, ""1"": 250, ""2"": null, ""3"": null, ""4"": null, ""5"": null, ""6"": null, ""7"": null}","{""0"": 0.0, ""1"": 0.0, ""2"": null, ""3"": null, ""4"": null, ""5"": null, ""6"": null, ""7"": null}","{""0"": 250, ""1"": 250}",250,1,0,0,0,0.296,ultrasonic-not-close,KEEP_PAUSED,left,right,,0
751,2026-08-02T03:34:54.769+09:00,159.252,750,2.67,0,DRIVING,,0,1,1,0,0,1,-0.050279,2.568,5306,0,0.090525,0.090525,0,0,0.000,255,740,green,0.368,,0,unknown,0.000000,null,0.000000,0.730,"[0.2, 0.29, 0.8, 1.0]","[256, 209, 1024, 720]",,"{""0"": 250, ""1"": 250, ""2"": null, ""3"": null, ""4"": null, ""5"": null, ""6"": null, ""7"": null}","{""0"": 0.0, ""1"": 0.0, ""2"": null, ""3"": null, ""4"": null, ""5"": null, ""6"": null, ""7"": null}","{""0"": 250, ""1"": 250}",250,1,0,0,0,0.730,ultrasonic-not-close,KEEP_PAUSED,left,right,,0
752,2026-08-02T03:34:55.070+09:00,159.551,751,2.70,0,DRIVING,,0,1,1,0,0,1,-0.050279,2.568,5308,0,0.090518,0.090518,0,0,0.000,255,740,green,0.437,,0,unknown,0.000000,null,0.000000,0.235,"[0.2, 0.29, 0.8, 1.0]","[256, 209, 1024, 720]",,"{""0"": 250, ""1"": 250, ""2"": null, ""3"": null, ""4"": null, ""5"": null, ""6"": null, ""7"": null}","{""0"": 0.0, ""1"": 0.0, ""2"": null, ""3"": null, ""4"": null, ""5"": null, ""6"": null, ""7"": null}","{""0"": 250, ""1"": 250}",250,1,0,0,0,0.235,ultrasonic-not-close,KEEP_PAUSED,left,right,,0
753,2026-08-02T03:34:55.390+09:00,159.876,752,2.72,0,DRIVING,,0,1,1,0,0,1,-0.050279,2.567,5313,0,0.090514,0.090514,0,0,0.000,255,740,green,0.312,,0,unknown,0.000000,null,0.000000,0.259,"[0.2, 0.29, 0.8, 1.0]","[256, 209, 1024, 720]",,"{""0"": 250, ""1"": 250, ""2"": null, ""3"": null, ""4"": null, ""5"": null, ""6"": null, ""7"": null}","{""0"": 0.0, ""1"": 0.0, ""2"": null, ""3"": null, ""4"": null, ""5"": null, ""6"": null, ""7"": null}","{""0"": 250, ""1"": 250}",250,1,0,0,0,0.259,ultrasonic-not-close,KEEP_PAUSED,left,right,,0
754,2026-08-02T03:34:55.822+09:00,160.309,753,2.68,0,DRIVING,,0,1,1,0,0,1,-0.050279,2.565,5308,0,0.090510,0.090510,0,0,0.000,255,739,green,0.328,,0,unknown,0.000000,null,0.000000,0.367,"[0.2, 0.29, 0.8, 1.0]","[256, 209, 1024, 720]",,"{""0"": 250, ""1"": 250, ""2"": null, ""3"": null, ""4"": null, ""5"": null, ""6"": null, ""7"": null}","{""0"": 0.0, ""1"": 0.0, ""2"": null, ""3"": null, ""4"": null, ""5"": null, ""6"": null, ""7"": null}","{""0"": 250, ""1"": 250}",250,1,0,0,0,0.367,ultrasonic-not-close,KEEP_PAUSED,left,right,,0
755,2026-08-02T03:34:56.225+09:00,160.709,754,2.67,0,DRIVING,,0,1,1,0,0,1,-0.050279,2.565,5303,0,0.090508,0.090508,0,0,0.000,255,739,green,0.433,,0,unknown,0.000000,null,0.000000,0.343,"[0.2, 0.29, 0.8, 1.0]","[256, 209, 1024, 720]",,"{""0"": 250, ""1"": 250, ""2"": null, ""3"": null, ""4"": null, ""5"": null, ""6"": null, ""7"": null}","{""0"": 0.0, ""1"": 0.0, ""2"": null, ""3"": null, ""4"": null, ""5"": null, ""6"": null, ""7"": null}","{""0"": 250, ""1"": 250}",250,1,0,0,0,0.343,ultrasonic-not-close,KEEP_PAUSED,left,right,,0
756,2026-08-02T03:34:56.594+09:00,161.078,755,2.68,0,DRIVING,,0,1,1,0,0,1,-0.050279,2.565,5316,0,0.090506,0.090506,0,0,0.000,255,739,green,0.408,,0,unknown,0.000000,null,0.000000,0.710,"[0.2, 0.29, 0.8, 1.0]","[256, 209, 1024, 720]",,"{""0"": 250, ""1"": 250, ""2"": null, ""3"": null, ""4"": null, ""5"": null, ""6"": null, ""7"": null}","{""0"": 0.0, ""1"": 0.0, ""2"": null, ""3"": null, ""4"": null, ""5"": null, ""6"": null, ""7"": null}","{""0"": 250, ""1"": 250}",250,1,0,0,0,0.710,ultrasonic-not-close,KEEP_PAUSED,left,right,,0
757,2026-08-02T03:34:57.029+09:00,161.510,756,2.70,0,DRIVING,,0,1,1,0,0,1,-0.050279,2.565,5333,0,0.090505,0.090505,0,0,0.000,255,739,green,0.377,,0,unknown,0.000000,null,0.000000,0.371,"[0.2, 0.29, 0.8, 1.0]","[256, 209, 1024, 720]",,"{""0"": 250, ""1"": 250, ""2"": null, ""3"": null, ""4"": null, ""5"": null, ""6"": null, ""7"": null}","{""0"": 0.0, ""1"": 0.0, ""2"": null, ""3"": null, ""4"": null, ""5"": null, ""6"": null, ""7"": null}","{""0"": 250, ""1"": 250}",250,1,0,0,0,0.371,ultrasonic-not-close,KEEP_PAUSED,left,right,,0
758,2026-08-02T03:34:57.418+09:00,161.901,757,2.68,0,DRIVING,,0,1,1,0,0,1,-0.050279,2.564,5339,0,0.090504,0.090504,0,0,0.000,255,739,green,0.443,,0,unknown,0.000000,null,0.000000,0.324,"[0.2, 0.29, 0.8, 1.0]","[256, 209, 1024, 720]",,"{""0"": 250, ""1"": 250, ""2"": null, ""3"": null, ""4"": null, ""5"": null, ""6"": null, ""7"": null}","{""0"": 0.0, ""1"": 0.0, ""2"": null, ""3"": null, ""4"": null, ""5"": null, ""6"": null, ""7"": null}","{""0"": 250, ""1"": 250}",250,1,0,0,0,0.324,ultrasonic-not-close,KEEP_PAUSED,left,right,,0
759,2026-08-02T03:34:57.811+09:00,162.292,758,2.67,0,DRIVING,,0,1,1,0,0,1,-0.050279,2.566,5321,0,0.090504,0.090504,0,0,0.000,255,739,green,0.396,,0,unknown,0.000000,null,0.000000,0.325,"[0.2, 0.29, 0.8, 1.0]","[256, 209, 1024, 720]",,"{""0"": 250, ""1"": 250, ""2"": null, ""3"": null, ""4"": null, ""5"": null, ""6"": null, ""7"": null}","{""0"": 0.0, ""1"": 0.0, ""2"": null, ""3"": null, ""4"": null, ""5"": null, ""6"": null, ""7"": null}","{""0"": 250, ""1"": 250}",250,1,0,0,0,0.325,ultrasonic-not-close,KEEP_PAUSED,left,right,,0
760,2026-08-02T03:34:58.183+09:00,162.667,759,2.68,0,DRIVING,,0,1,1,0,0,1,-0.050279,2.568,5326,0,0.090503,0.090503,0,0,0.000,255,739,green,0.395,,0,unknown,0.000000,null,0.000000,0.312,"[0.2, 0.29, 0.8, 1.0]","[256, 209, 1024, 720]",,"{""0"": 250, ""1"": 250, ""2"": null, ""3"": null, ""4"": null, ""5"": null, ""6"": null, ""7"": null}","{""0"": 0.0, ""1"": 0.0, ""2"": null, ""3"": null, ""4"": null, ""5"": null, ""6"": null, ""7"": null}","{""0"": 250, ""1"": 250}",250,1,0,0,0,0.312,ultrasonic-not-close,KEEP_PAUSED,left,right,,0
761,2026-08-02T03:34:58.598+09:00,163.084,760,2.65,0,DRIVING,,0,1,1,0,0,1,-0.050279,2.568,5337,0,0.090503,0.090503,0,0,0.000,255,739,green,0.380,,0,unknown,0.000000,null,0.000000,0.356,"[0.2, 0.29, 0.8, 1.0]","[256, 209, 1024, 720]",,"{""0"": 250, ""1"": 250, ""2"": null, ""3"": null, ""4"": null, ""5"": null, ""6"": null, ""7"": null}","{""0"": 0.0, ""1"": 0.0, ""2"": null, ""3"": null, ""4"": null, ""5"": null, ""6"": null, ""7"": null}","{""0"": 250, ""1"": 250}",250,1,0,0,0,0.356,ultrasonic-not-close,KEEP_PAUSED,left,right,,0
762,2026-08-02T03:34:59.019+09:00,163.505,761,2.63,0,DRIVING,,0,1,1,0,0,1,-0.050279,2.568,5328,0,0.090503,0.090503,0,0,0.000,255,739,green,0.416,,0,unknown,0.000000,null,0.000000,0.368,"[0.2, 0.29, 0.8, 1.0]","[256, 209, 1024, 720]",,"{""0"": 250, ""1"": 250, ""2"": null, ""3"": null, ""4"": null, ""5"": null, ""6"": null, ""7"": null}","{""0"": 0.0, ""1"": 0.0, ""2"": null, ""3"": null, ""4"": null, ""5"": null, ""6"": null, ""7"": null}","{""0"": 250, ""1"": 250}",250,1,0,0,0,0.368,ultrasonic-not-close,KEEP_PAUSED,left,right,,0
763,2026-08-02T03:34:59.413+09:00,163.896,762,2.62,0,DRIVING,,0,1,1,0,0,1,-0.050279,2.570,5326,0,0.090503,0.090503,0,0,0.000,255,739,green,0.431,,0,unknown,0.000000,null,0.000000,0.333,"[0.2, 0.29, 0.8, 1.0]","[256, 209, 1024, 720]",,"{""0"": 250, ""1"": 250, ""2"": null, ""3"": null, ""4"": null, ""5"": null, ""6"": null, ""7"": null}","{""0"": 0.0, ""1"": 0.0, ""2"": null, ""3"": null, ""4"": null, ""5"": null, ""6"": null, ""7"": null}","{""0"": 250, ""1"": 250}",250,1,0,0,0,0.333,ultrasonic-not-close,KEEP_PAUSED,left,right,,0
764,2026-08-02T03:34:59.759+09:00,164.245,763,2.62,0,DRIVING,,0,1,1,0,0,1,-0.050279,2.571,5326,0,0.090502,0.090502,0,0,0.000,255,739,green,0.402,,0,unknown,0.000000,null,0.000000,0.290,"[0.2, 0.29, 0.8, 1.0]","[256, 209, 1024, 720]",,"{""0"": 250, ""1"": 250, ""2"": null, ""3"": null, ""4"": null, ""5"": null, ""6"": null, ""7"": null}","{""0"": 0.0, ""1"": 0.0, ""2"": null, ""3"": null, ""4"": null, ""5"": null, ""6"": null, ""7"": null}","{""0"": 250, ""1"": 250}",250,1,0,0,0,0.290,ultrasonic-not-close,KEEP_PAUSED,left,right,,0
765,2026-08-02T03:35:00.173+09:00,164.659,764,2.62,0,DRIVING,,0,1,1,0,0,1,-0.050279,2.571,5317,0,0.090502,0.090502,0,0,0.000,255,739,green,0.352,,0,unknown,0.000000,null,0.000000,0.358,"[0.2, 0.29, 0.8, 1.0]","[256, 209, 1024, 720]",,"{""0"": 250, ""1"": 250, ""2"": null, ""3"": null, ""4"": null, ""5"": null, ""6"": null, ""7"": null}","{""0"": 0.0, ""1"": 0.0, ""2"": null, ""3"": null, ""4"": null, ""5"": null, ""6"": null, ""7"": null}","{""0"": 250, ""1"": 250}",250,1,0,0,0,0.358,ultrasonic-not-close,KEEP_PAUSED,left,right,,0
766,2026-08-02T03:35:00.583+09:00,165.069,765,2.62,0,DRIVING,,0,1,1,0,0,1,-0.050279,2.572,5326,0,0.090502,0.090502,0,0,0.000,255,739,green,0.417,,0,unknown,0.000000,null,0.000000,0.357,"[0.2, 0.29, 0.8, 1.0]","[256, 209, 1024, 720]",,"{""0"": 250, ""1"": 250, ""2"": null, ""3"": null, ""4"": null, ""5"": null, ""6"": null, ""7"": null}","{""0"": 0.0, ""1"": 0.0, ""2"": null, ""3"": null, ""4"": null, ""5"": null, ""6"": null, ""7"": null}","{""0"": 250, ""1"": 250}",250,1,0,0,0,0.357,ultrasonic-not-close,KEEP_PAUSED,left,right,,0
767,2026-08-02T03:35:00.962+09:00,165.443,766,2.62,0,DRIVING,,0,1,1,0,0,1,-0.050279,2.573,5326,0,0.090502,0.090502,0,0,0.000,255,740,green,0.415,,0,unknown,0.000000,null,0.000000,0.728,"[0.2, 0.29, 0.8, 1.0]","[256, 209, 1024, 720]",,"{""0"": 250, ""1"": 250, ""2"": null, ""3"": null, ""4"": null, ""5"": null, ""6"": null, ""7"": null}","{""0"": 0.0, ""1"": 0.0, ""2"": null, ""3"": null, ""4"": null, ""5"": null, ""6"": null, ""7"": null}","{""0"": 250, ""1"": 250}",250,1,0,0,0,0.728,ultrasonic-not-close,KEEP_PAUSED,left,right,,0
768,2026-08-02T03:35:01.417+09:00,165.899,767,2.59,0,DRIVING,,0,1,1,0,0,1,-0.050279,2.574,5326,0,0.090502,0.090502,0,0,0.000,255,739,green,0.392,,0,unknown,0.000000,null,0.000000,0.390,"[0.2, 0.29, 0.8, 1.0]","[256, 209, 1024, 720]",,"{""0"": 250, ""1"": 250, ""2"": null, ""3"": null, ""4"": null, ""5"": null, ""6"": null, ""7"": null}","{""0"": 0.0, ""1"": 0.0, ""2"": null, ""3"": null, ""4"": null, ""5"": null, ""6"": null, ""7"": null}","{""0"": 250, ""1"": 250}",250,1,0,0,0,0.390,ultrasonic-not-close,KEEP_PAUSED,left,right,,0
769,2026-08-02T03:35:01.720+09:00,166.206,768,2.60,0,DRIVING,,0,1,1,0,0,1,-0.050279,2.572,5337,0,0.090502,0.090502,0,0,0.000,255,739,green,0.465,,0,unknown,0.000000,null,0.000000,0.699,"[0.2, 0.29, 0.8, 1.0]","[256, 209, 1024, 720]",,"{""0"": 250, ""1"": 120, ""2"": null, ""3"": null, ""4"": null, ""5"": null, ""6"": null, ""7"": null}","{""0"": 0.0, ""1"": 0.0, ""2"": null, ""3"": null, ""4"": null, ""5"": null, ""6"": null, ""7"": null}","{""0"": 250, ""1"": 120}",120,1,1,0,0,0.699,car-not-detected-or-stale,KEEP_PAUSED,left,right,,0
770,2026-08-02T03:35:02.000+09:00,166.479,769,2.62,0,DRIVING,,0,1,1,0,0,1,-0.050279,2.573,5326,0,0.090502,0.090502,0,0,0.000,255,739,green,0.304,,0,unknown,0.000000,null,0.000000,0.214,"[0.2, 0.29, 0.8, 1.0]","[256, 209, 1024, 720]",,"{""0"": 250, ""1"": 121, ""2"": null, ""3"": null, ""4"": null, ""5"": null, ""6"": null, ""7"": null}","{""0"": 0.0, ""1"": 0.0, ""2"": null, ""3"": null, ""4"": null, ""5"": null, ""6"": null, ""7"": null}","{""0"": 250, ""1"": 121}",121,1,1,0,0,0.214,car-not-detected-or-stale,KEEP_PAUSED,left,right,,0
771,2026-08-02T03:35:02.373+09:00,166.855,770,2.62,0,DRIVING,,0,1,1,0,0,1,-0.050279,2.571,5328,0,0.090502,0.090502,0,0,0.000,255,738,green,0.289,,0,unknown,0.000000,null,0.000000,0.309,"[0.2, 0.29, 0.8, 1.0]","[256, 209, 1024, 720]",,"{""0"": 250, ""1"": 120, ""2"": null, ""3"": null, ""4"": null, ""5"": null, ""6"": null, ""7"": null}","{""0"": 0.0, ""1"": 0.0, ""2"": null, ""3"": null, ""4"": null, ""5"": null, ""6"": null, ""7"": null}","{""0"": 250, ""1"": 120}",120,1,1,0,0,0.309,car-not-detected-or-stale,KEEP_PAUSED,left,right,,0
772,2026-08-02T03:35:02.803+09:00,167.283,771,2.61,0,DRIVING,,0,1,1,0,0,1,-0.050279,2.572,5326,0,0.090502,0.090502,0,0,0.000,255,739,green,0.382,,0,unknown,0.000000,null,0.000000,0.363,"[0.2, 0.29, 0.8, 1.0]","[256, 209, 1024, 720]",,"{""0"": 250, ""1"": 120, ""2"": null, ""3"": null, ""4"": null, ""5"": null, ""6"": null, ""7"": null}","{""0"": 0.0, ""1"": 0.0, ""2"": null, ""3"": null, ""4"": null, ""5"": null, ""6"": null, ""7"": null}","{""0"": 250, ""1"": 120}",120,1,1,0,0,0.363,car-not-detected-or-stale,KEEP_PAUSED,left,right,,0
773,2026-08-02T03:35:03.152+09:00,167.634,772,2.63,0,DRIVING,,0,1,1,0,0,1,-0.050279,2.569,5339,0,0.090502,0.090502,0,0,0.000,255,740,green,0.439,,0,unknown,0.000000,null,0.000000,0.281,"[0.2, 0.29, 0.8, 1.0]","[256, 209, 1024, 720]",,"{""0"": 250, ""1"": 250, ""2"": null, ""3"": null, ""4"": null, ""5"": null, ""6"": null, ""7"": null}","{""0"": 0.0, ""1"": 0.0, ""2"": null, ""3"": null, ""4"": null, ""5"": null, ""6"": null, ""7"": null}","{""0"": 250, ""1"": 250}",250,1,0,0,0,0.281,ultrasonic-not-close,KEEP_PAUSED,left,right,,0
774,2026-08-02T03:35:03.479+09:00,167.965,773,2.63,0,DRIVING,,0,1,1,0,0,1,-0.050279,2.567,5339,0,0.090502,0.090502,0,0,0.000,255,739,green,0.356,,0,unknown,0.000000,null,0.000000,0.266,"[0.2, 0.29, 0.8, 1.0]","[256, 209, 1024, 720]",,"{""0"": 250, ""1"": 250, ""2"": null, ""3"": null, ""4"": null, ""5"": null, ""6"": null, ""7"": null}","{""0"": 0.0, ""1"": 0.0, ""2"": null, ""3"": null, ""4"": null, ""5"": null, ""6"": null, ""7"": null}","{""0"": 250, ""1"": 250}",250,1,0,0,0,0.266,ultrasonic-not-close,KEEP_PAUSED,left,right,,0
775,2026-08-02T03:35:03.888+09:00,168.372,774,2.62,0,DRIVING,,0,1,1,0,0,1,-0.050279,2.565,5339,0,0.090502,0.090502,0,0,0.000,255,739,green,0.329,,0,unknown,0.000000,null,0.000000,0.351,"[0.2, 0.29, 0.8, 1.0]","[256, 209, 1024, 720]",,"{""0"": 250, ""1"": 120, ""2"": null, ""3"": null, ""4"": null, ""5"": null, ""6"": null, ""7"": null}","{""0"": 0.0, ""1"": 0.0, ""2"": null, ""3"": null, ""4"": null, ""5"": null, ""6"": null, ""7"": null}","{""0"": 250, ""1"": 120}",120,1,1,0,0,0.351,car-not-detected-or-stale,KEEP_PAUSED,left,right,,0
776,2026-08-02T03:35:04.205+09:00,168.687,775,2.64,0,DRIVING,,0,1,1,0,0,1,-0.050279,2.564,5339,0,0.090502,0.090502,0,0,0.000,255,739,green,0.419,,0,unknown,0.000000,null,0.000000,0.254,"[0.2, 0.29, 0.8, 1.0]","[256, 209, 1024, 720]",,"{""0"": 250, ""1"": 250, ""2"": null, ""3"": null, ""4"": null, ""5"": null, ""6"": null, ""7"": null}","{""0"": 0.0, ""1"": 0.0, ""2"": null, ""3"": null, ""4"": null, ""5"": null, ""6"": null, ""7"": null}","{""0"": 250, ""1"": 250}",250,1,0,0,0,0.254,ultrasonic-not-close,KEEP_PAUSED,left,right,,0
777,2026-08-02T03:35:04.567+09:00,169.049,776,2.68,0,DRIVING,,0,1,1,0,0,1,-0.049978,2.561,5371,0,0.089417,0.089417,0,0,0.000,255,739,green,0.322,,0,unknown,0.000000,null,0.000000,0.294,"[0.2, 0.29, 0.8, 1.0]","[256, 209, 1024, 720]",,"{""0"": 250, ""1"": 250, ""2"": null, ""3"": null, ""4"": null, ""5"": null, ""6"": null, ""7"": null}","{""0"": 0.0, ""1"": 0.0, ""2"": null, ""3"": null, ""4"": null, ""5"": null, ""6"": null, ""7"": null}","{""0"": 250, ""1"": 250}",250,1,0,0,0,0.294,ultrasonic-not-close,KEEP_PAUSED,left,right,,0
778,2026-08-02T03:35:04.937+09:00,169.419,777,2.68,0,DRIVING,,0,1,1,0,0,1,-0.049978,2.561,5363,0,0.089580,0.089580,0,0,0.000,255,739,green,0.369,,0,unknown,0.000000,null,0.000000,0.307,"[0.2, 0.29, 0.8, 1.0]","[256, 209, 1024, 720]",,"{""0"": 250, ""1"": 250, ""2"": null, ""3"": null, ""4"": null, ""5"": null, ""6"": null, ""7"": null}","{""0"": 0.0, ""1"": 0.0, ""2"": null, ""3"": null, ""4"": null, ""5"": null, ""6"": null, ""7"": null}","{""0"": 250, ""1"": 250}",250,1,0,0,0,0.307,ultrasonic-not-close,KEEP_PAUSED,left,right,,0
779,2026-08-02T03:35:05.221+09:00,169.703,778,2.67,0,DRIVING,,0,1,1,0,0,1,-0.049978,2.563,5350,0,0.089694,0.089694,0,0,0.000,255,739,green,0.381,,0,unknown,0.000000,null,0.000000,0.217,"[0.2, 0.29, 0.8, 1.0]","[256, 209, 1024, 720]",,"{""0"": 250, ""1"": 250, ""2"": null, ""3"": null, ""4"": null, ""5"": null, ""6"": null, ""7"": null}","{""0"": 0.0, ""1"": 0.0, ""2"": null, ""3"": null, ""4"": null, ""5"": null, ""6"": null, ""7"": null}","{""0"": 250, ""1"": 250}",250,1,0,0,0,0.217,ultrasonic-not-close,KEEP_PAUSED,left,right,,0
780,2026-08-02T03:35:05.488+09:00,169.974,779,2.69,0,DRIVING,,0,1,1,0,0,1,-0.049978,2.561,5373,0,0.089774,0.089774,0,0,0.000,255,739,green,0.288,,0,unknown,0.000000,null,0.000000,0.210,"[0.2, 0.29, 0.8, 1.0]","[256, 209, 1024, 720]",,"{""0"": 250, ""1"": 250, ""2"": null, ""3"": null, ""4"": null, ""5"": null, ""6"": null, ""7"": null}","{""0"": 0.0, ""1"": 0.0, ""2"": null, ""3"": null, ""4"": null, ""5"": null, ""6"": null, ""7"": null}","{""0"": 250, ""1"": 250}",250,1,0,0,0,0.210,ultrasonic-not-close,KEEP_PAUSED,left,right,,0
781,2026-08-02T03:35:05.836+09:00,170.319,780,2.71,0,DRIVING,,0,1,1,0,0,1,-0.049978,2.562,5375,0,0.089830,0.089830,0,0,0.000,255,739,green,0.279,,0,unknown,0.000000,null,0.000000,0.281,"[0.2, 0.29, 0.8, 1.0]","[256, 209, 1024, 720]",,"{""0"": 250, ""1"": 120, ""2"": null, ""3"": null, ""4"": null, ""5"": null, ""6"": null, ""7"": null}","{""0"": 0.0, ""1"": 0.0, ""2"": null, ""3"": null, ""4"": null, ""5"": null, ""6"": null, ""7"": null}","{""0"": 250, ""1"": 120}",120,1,1,0,0,0.281,car-not-detected-or-stale,KEEP_PAUSED,left,right,,0
782,2026-08-02T03:35:06.111+09:00,170.593,781,2.72,0,DRIVING,,0,1,1,0,0,1,-0.049978,2.558,5395,0,0.089869,0.089869,0,0,0.000,255,739,green,0.350,,0,unknown,0.000000,null,0.000000,0.210,"[0.2, 0.29, 0.8, 1.0]","[256, 209, 1024, 720]",,"{""0"": 250, ""1"": 120, ""2"": null, ""3"": null, ""4"": null, ""5"": null, ""6"": null, ""7"": null}","{""0"": 0.0, ""1"": 0.0, ""2"": null, ""3"": null, ""4"": null, ""5"": null, ""6"": null, ""7"": null}","{""0"": 250, ""1"": 120}",120,1,1,0,0,0.210,car-not-detected-or-stale,KEEP_PAUSED,left,right,,0
783,2026-08-02T03:35:06.437+09:00,170.919,782,2.72,0,DRIVING,,0,1,1,0,0,1,-0.049978,2.564,5383,0,0.089896,0.089896,0,0,0.000,255,739,green,0.285,,0,unknown,0.000000,null,0.000000,0.259,"[0.2, 0.29, 0.8, 1.0]","[256, 209, 1024, 720]",,"{""0"": 250, ""1"": 120, ""2"": null, ""3"": null, ""4"": null, ""5"": null, ""6"": null, ""7"": null}","{""0"": 0.0, ""1"": 0.0, ""2"": null, ""3"": null, ""4"": null, ""5"": null, ""6"": null, ""7"": null}","{""0"": 250, ""1"": 120}",120,1,1,0,0,0.259,car-not-detected-or-stale,KEEP_PAUSED,left,right,,0
784,2026-08-02T03:35:06.770+09:00,171.249,783,2.74,0,DRIVING,,0,1,1,0,0,1,-0.049978,2.563,5363,0,0.089915,0.089915,0,0,0.000,255,739,green,0.337,,0,unknown,0.000000,null,0.000000,0.260,"[0.2, 0.29, 0.8, 1.0]","[256, 209, 1024, 720]",,"{""0"": 250, ""1"": 120, ""2"": null, ""3"": null, ""4"": null, ""5"": null, ""6"": null, ""7"": null}","{""0"": 0.0, ""1"": 0.0, ""2"": null, ""3"": null, ""4"": null, ""5"": null, ""6"": null, ""7"": null}","{""0"": 250, ""1"": 120}",120,1,1,0,0,0.260,car-not-detected-or-stale,KEEP_PAUSED,left,right,,0
785,2026-08-02T03:35:07.180+09:00,171.665,784,2.74,0,DRIVING,,0,1,1,0,0,1,-0.050279,2.560,5342,0,0.091013,0.091013,0,0,0.000,255,739,green,0.344,,0,unknown,0.000000,null,0.000000,,"[0.2, 0.26, 0.8, 1.0]","[256, 187, 1024, 720]",,"{""0"": 250, ""1"": 250, ""2"": null, ""3"": null, ""4"": null, ""5"": null, ""6"": null, ""7"": null}","{""0"": 0.0, ""1"": 0.0, ""2"": null, ""3"": null, ""4"": null, ""5"": null, ""6"": null, ""7"": null}","{""0"": 250, ""1"": 250}",250,1,0,0,0,,ultrasonic-not-close,KEEP_PAUSED,left,right,,0
786,2026-08-02T03:35:07.437+09:00,171.923,785,2.77,0,DRIVING,,0,1,1,0,0,1,-0.050279,2.560,5339,0,0.090860,0.090860,0,0,0.000,255,739,green,0.401,,0,unknown,0.000000,null,0.000000,,"[0.2, 0.25, 0.8, 1.0]","[256, 180, 1024, 720]",,"{""0"": 250, ""1"": 120, ""2"": null, ""3"": null, ""4"": null, ""5"": null, ""6"": null, ""7"": null}","{""0"": 0.0, ""1"": 0.0, ""2"": null, ""3"": null, ""4"": null, ""5"": null, ""6"": null, ""7"": null}","{""0"": 250, ""1"": 120}",120,1,1,0,0,,car-not-detected-or-stale,KEEP_PAUSED,left,right,,0
787,2026-08-02T03:35:07.792+09:00,172.277,786,2.79,0,DRIVING,,0,1,1,0,0,1,-0.050279,2.561,5334,0,0.090753,0.090753,0,0,0.000,255,739,green,0.260,,0,unknown,0.000000,null,0.000000,0.299,"[0.2, 0.25, 0.8, 1.0]","[256, 180, 1024, 720]",,"{""0"": 250, ""1"": 250, ""2"": null, ""3"": null, ""4"": null, ""5"": null, ""6"": null, ""7"": null}","{""0"": 0.0, ""1"": 0.0, ""2"": null, ""3"": null, ""4"": null, ""5"": null, ""6"": null, ""7"": null}","{""0"": 250, ""1"": 250}",250,1,0,0,0,0.299,ultrasonic-not-close,KEEP_PAUSED,left,right,,0
788,2026-08-02T03:35:08.145+09:00,172.628,787,2.80,0,DRIVING,,0,1,1,0,0,1,-0.050279,2.561,5334,0,0.090678,0.090678,0,0,0.000,255,739,green,0.368,,0,unknown,0.000000,null,0.000000,,"[0.2, 0.31, 0.8, 1.0]","[256, 223, 1024, 720]",,"{""0"": 250, ""1"": 250, ""2"": null, ""3"": null, ""4"": null, ""5"": null, ""6"": null, ""7"": null}","{""0"": 0.0, ""1"": 0.0, ""2"": null, ""3"": null, ""4"": null, ""5"": null, ""6"": null, ""7"": null}","{""0"": 250, ""1"": 250}",250,1,0,0,0,,ultrasonic-not-close,KEEP_PAUSED,left,right,,0
789,2026-08-02T03:35:08.523+09:00,173.008,788,2.80,0,DRIVING,,0,1,1,0,0,1,-0.050279,2.559,5342,0,0.090625,0.090625,0,0,0.000,255,739,green,0.364,,0,unknown,0.000000,null,0.000000,0.312,"[0.2, 0.34, 0.8, 1.0]","[256, 245, 1024, 720]",,"{""0"": 250, ""1"": 120, ""2"": null, ""3"": null, ""4"": null, ""5"": null, ""6"": null, ""7"": null}","{""0"": 0.0, ""1"": 0.0, ""2"": null, ""3"": null, ""4"": null, ""5"": null, ""6"": null, ""7"": null}","{""0"": 250, ""1"": 120}",120,1,1,0,0,0.312,car-not-detected-or-stale,KEEP_PAUSED,left,right,,0
790,2026-08-02T03:35:08.826+09:00,173.311,789,2.82,0,DRIVING,,0,1,1,0,0,1,-0.050279,2.558,5337,0,0.090588,0.090588,0,0,0.000,255,739,green,0.380,,0,unknown,0.000000,null,0.000000,0.242,"[0.2, 0.36, 0.8, 1.0]","[256, 259, 1024, 720]",,"{""0"": 250, ""1"": 250, ""2"": null, ""3"": null, ""4"": null, ""5"": null, ""6"": null, ""7"": null}","{""0"": 0.0, ""1"": 0.0, ""2"": null, ""3"": null, ""4"": null, ""5"": null, ""6"": null, ""7"": null}","{""0"": 250, ""1"": 250}",250,1,0,0,0,0.242,ultrasonic-not-close,KEEP_PAUSED,left,right,,0
791,2026-08-02T03:35:09.204+09:00,173.686,790,2.83,0,DRIVING,,0,1,1,0,0,1,-0.050279,2.557,5337,0,0.090562,0.090562,0,0,0.000,255,739,green,0.308,,0,unknown,0.000000,null,0.000000,0.318,"[0.2, 0.36, 0.8, 1.0]","[256, 259, 1024, 720]",,"{""0"": 250, ""1"": 250, ""2"": null, ""3"": null, ""4"": null, ""5"": null, ""6"": null, ""7"": null}","{""0"": 0.0, ""1"": 0.0, ""2"": null, ""3"": null, ""4"": null, ""5"": null, ""6"": null, ""7"": null}","{""0"": 250, ""1"": 250}",250,1,0,0,0,0.318,ultrasonic-not-close,KEEP_PAUSED,left,right,,0
792,2026-08-02T03:35:09.542+09:00,174.025,791,2.85,0,DRIVING,,0,1,1,0,0,1,-0.050279,2.559,5334,0,0.090544,0.090544,0,0,0.000,255,739,green,0.391,,0,unknown,0.000000,null,0.000000,0.273,"[0.2, 0.36, 0.8, 1.0]","[256, 259, 1024, 720]",,"{""0"": 250, ""1"": 250, ""2"": null, ""3"": null, ""4"": null, ""5"": null, ""6"": null, ""7"": null}","{""0"": 0.0, ""1"": 0.0, ""2"": null, ""3"": null, ""4"": null, ""5"": null, ""6"": null, ""7"": null}","{""0"": 250, ""1"": 250}",250,1,0,0,0,0.273,ultrasonic-not-close,KEEP_PAUSED,left,right,,0
793,2026-08-02T03:35:09.863+09:00,174.340,792,2.87,0,DRIVING,,0,1,1,0,0,1,-0.050279,2.559,5326,0,0.090532,0.090532,0,0,0.000,255,739,green,0.345,,0,unknown,0.000000,null,0.000000,0.251,"[0.2, 0.36, 0.8, 1.0]","[256, 259, 1024, 720]",,"{""0"": 250, ""1"": 250, ""2"": null, ""3"": null, ""4"": null, ""5"": null, ""6"": null, ""7"": null}","{""0"": 0.0, ""1"": 0.0, ""2"": null, ""3"": null, ""4"": null, ""5"": null, ""6"": null, ""7"": null}","{""0"": 250, ""1"": 250}",250,1,0,0,0,0.251,ultrasonic-not-close,KEEP_PAUSED,left,right,,0
794,2026-08-02T03:35:10.191+09:00,174.673,793,2.88,0,DRIVING,,0,1,1,0,0,1,-0.050279,2.558,5337,0,0.090523,0.090523,0,0,0.000,255,739,green,0.331,,0,unknown,0.000000,null,0.000000,0.256,"[0.2, 0.37, 0.8, 1.0]","[256, 266, 1024, 720]",,"{""0"": 250, ""1"": 250, ""2"": null, ""3"": null, ""4"": null, ""5"": null, ""6"": null, ""7"": null}","{""0"": 0.0, ""1"": 0.0, ""2"": null, ""3"": null, ""4"": null, ""5"": null, ""6"": null, ""7"": null}","{""0"": 250, ""1"": 250}",250,1,0,0,0,0.256,ultrasonic-not-close,KEEP_PAUSED,left,right,,0
795,2026-08-02T03:35:10.653+09:00,175.136,794,2.86,0,DRIVING,,0,1,1,0,0,1,-0.050279,2.557,5342,0,0.090517,0.090517,0,0,0.000,255,739,green,0.340,,0,unknown,0.000000,null,0.000000,0.389,"[0.2, 0.38, 0.8, 1.0]","[256, 274, 1024, 720]",,"{""0"": 250, ""1"": 250, ""2"": null, ""3"": null, ""4"": null, ""5"": null, ""6"": null, ""7"": null}","{""0"": 0.0, ""1"": 0.0, ""2"": null, ""3"": null, ""4"": null, ""5"": null, ""6"": null, ""7"": null}","{""0"": 250, ""1"": 250}",250,1,0,0,0,0.389,ultrasonic-not-close,KEEP_PAUSED,left,right,,0
796,2026-08-02T03:35:11.030+09:00,175.510,795,2.87,0,DRIVING,,0,1,1,0,0,1,-0.050279,2.558,5326,0,0.090512,0.090512,0,0,0.000,255,739,green,0.462,,0,unknown,0.000000,null,0.000000,0.308,"[0.2, 0.38, 0.8, 1.0]","[256, 274, 1024, 720]",,"{""0"": 250, ""1"": 250, ""2"": null, ""3"": null, ""4"": null, ""5"": null, ""6"": null, ""7"": null}","{""0"": 0.0, ""1"": 0.0, ""2"": null, ""3"": null, ""4"": null, ""5"": null, ""6"": null, ""7"": null}","{""0"": 250, ""1"": 250}",250,1,0,0,0,0.308,ultrasonic-not-close,KEEP_PAUSED,left,right,,0
797,2026-08-02T03:35:11.437+09:00,175.917,796,2.86,0,DRIVING,,0,1,1,0,0,1,-0.050279,2.557,5342,0,0.090509,0.090509,0,0,0.000,255,739,green,0.383,,0,unknown,0.000000,null,0.000000,0.340,"[0.2, 0.38, 0.8, 1.0]","[256, 274, 1024, 720]",,"{""0"": 250, ""1"": 250, ""2"": null, ""3"": null, ""4"": null, ""5"": null, ""6"": null, ""7"": null}","{""0"": 0.0, ""1"": 0.0, ""2"": null, ""3"": null, ""4"": null, ""5"": null, ""6"": null, ""7"": null}","{""0"": 250, ""1"": 250}",250,1,0,0,0,0.340,ultrasonic-not-close,KEEP_PAUSED,left,right,,0
798,2026-08-02T03:35:11.936+09:00,176.419,797,2.85,0,DRIVING,,0,1,1,0,0,1,-0.050279,2.558,5326,0,0.090507,0.090507,0,0,0.000,255,739,green,0.415,,0,unknown,0.000000,null,0.000000,0.432,"[0.2, 0.39, 0.8, 1.0]","[256, 281, 1024, 720]",,"{""0"": 250, ""1"": 250, ""2"": null, ""3"": null, ""4"": null, ""5"": null, ""6"": null, ""7"": null}","{""0"": 0.0, ""1"": 0.0, ""2"": null, ""3"": null, ""4"": null, ""5"": null, ""6"": null, ""7"": null}","{""0"": 250, ""1"": 250}",250,1,0,0,0,0.432,ultrasonic-not-close,KEEP_PAUSED,left,right,,0
799,2026-08-02T03:35:12.420+09:00,176.901,798,2.81,0,DRIVING,,0,1,1,0,0,1,-0.050279,2.557,5337,0,0.090506,0.090506,0,0,0.000,255,739,green,0.500,,0,unknown,0.000000,null,0.000000,0.419,"[0.2, 0.39, 0.8, 1.0]","[256, 281, 1024, 720]",,"{""0"": 250, ""1"": 250, ""2"": null, ""3"": null, ""4"": null, ""5"": null, ""6"": null, ""7"": null}","{""0"": 0.0, ""1"": 0.0, ""2"": null, ""3"": null, ""4"": null, ""5"": null, ""6"": null, ""7"": null}","{""0"": 250, ""1"": 250}",250,1,0,0,0,0.419,ultrasonic-not-close,KEEP_PAUSED,left,right,,0
800,2026-08-02T03:35:12.842+09:00,177.313,799,2.77,0,DRIVING,,0,1,1,0,0,1,-0.050279,2.557,5337,0,0.090505,0.090505,0,0,0.000,255,739,green,0.499,,0,unknown,0.000000,null,0.000000,0.340,"[0.2, 0.4, 0.8, 1.0]","[256, 288, 1024, 720]",,"{""0"": 250, ""1"": 120, ""2"": null, ""3"": null, ""4"": null, ""5"": null, ""6"": null, ""7"": null}","{""0"": 0.0, ""1"": 0.0, ""2"": null, ""3"": null, ""4"": null, ""5"": null, ""6"": null, ""7"": null}","{""0"": 250, ""1"": 120}",120,1,1,0,0,0.340,car-not-detected-or-stale,KEEP_PAUSED,left,right,,0
801,2026-08-02T03:35:13.072+09:00,177.554,800,2.80,0,DRIVING,,0,1,1,0,0,1,-0.050279,2.558,5339,0,0.090504,0.090504,0,0,0.000,255,739,green,0.432,,0,unknown,0.000000,null,0.000000,0.159,"[0.2, 0.4, 0.8, 1.0]","[256, 288, 1024, 720]",,"{""0"": 250, ""1"": 250, ""2"": null, ""3"": null, ""4"": null, ""5"": null, ""6"": null, ""7"": null}","{""0"": 0.0, ""1"": 0.0, ""2"": null, ""3"": null, ""4"": null, ""5"": null, ""6"": null, ""7"": null}","{""0"": 250, ""1"": 250}",250,1,0,0,0,0.159,ultrasonic-not-close,KEEP_PAUSED,left,right,,0
802,2026-08-02T03:35:13.311+09:00,177.791,801,2.85,0,DRIVING,,0,1,1,0,0,1,-0.050279,2.559,5334,0,0.090503,0.090503,0,0,0.000,255,739,green,0.229,,0,unknown,0.000000,null,0.000000,0.175,"[0.2, 0.4, 0.8, 1.0]","[256, 288, 1024, 720]",,"{""0"": 250, ""1"": 250, ""2"": null, ""3"": null, ""4"": null, ""5"": null, ""6"": null, ""7"": null}","{""0"": 0.0, ""1"": 0.0, ""2"": null, ""3"": null, ""4"": null, ""5"": null, ""6"": null, ""7"": null}","{""0"": 250, ""1"": 250}",250,1,0,0,0,0.175,ultrasonic-not-close,KEEP_PAUSED,left,right,,0
803,2026-08-02T03:35:13.630+09:00,178.111,802,2.86,0,DRIVING,,0,1,1,0,0,1,-0.050279,2.560,5326,0,0.090503,0.090503,0,0,0.000,255,739,green,0.253,,0,unknown,0.000000,null,0.000000,0.493,"[0.2, 0.4, 0.8, 1.0]","[256, 288, 1024, 720]",,"{""0"": 250, ""1"": 250, ""2"": null, ""3"": null, ""4"": null, ""5"": null, ""6"": null, ""7"": null}","{""0"": 0.0, ""1"": 0.0, ""2"": null, ""3"": null, ""4"": null, ""5"": null, ""6"": null, ""7"": null}","{""0"": 250, ""1"": 250}",250,1,0,0,0,0.493,ultrasonic-not-close,KEEP_PAUSED,left,right,,0
804,2026-08-02T03:35:13.995+09:00,178.473,803,2.86,0,DRIVING,,0,1,1,0,0,1,-0.050279,2.558,5337,0,0.090503,0.090503,0,0,0.000,255,740,green,0.327,,0,unknown,0.000000,null,0.000000,0.289,"[0.2, 0.4, 0.8, 1.0]","[256, 288, 1024, 720]",,"{""0"": 250, ""1"": 120, ""2"": null, ""3"": null, ""4"": null, ""5"": null, ""6"": null, ""7"": null}","{""0"": 0.0, ""1"": 0.0, ""2"": null, ""3"": null, ""4"": null, ""5"": null, ""6"": null, ""7"": null}","{""0"": 250, ""1"": 120}",120,1,1,0,0,0.289,car-not-detected-or-stale,KEEP_PAUSED,left,right,,0
805,2026-08-02T03:35:14.198+09:00,178.678,804,2.91,0,DRIVING,,0,1,1,0,0,1,-0.050279,2.559,5326,0,0.090503,0.090503,0,0,0.000,255,739,green,0.366,,0,unknown,0.000000,null,0.000000,0.138,"[0.2, 0.4, 0.8, 1.0]","[256, 288, 1024, 720]",,"{""0"": 250, ""1"": 120, ""2"": null, ""3"": null, ""4"": null, ""5"": null, ""6"": null, ""7"": null}","{""0"": 0.0, ""1"": 0.0, ""2"": null, ""3"": null, ""4"": null, ""5"": null, ""6"": null, ""7"": null}","{""0"": 250, ""1"": 120}",120,1,1,0,0,0.138,car-not-detected-or-stale,KEEP_PAUSED,left,right,,0
806,2026-08-02T03:35:14.687+09:00,179.164,805,2.86,0,DRIVING,,0,1,1,0,0,1,-0.050279,2.560,5334,0,0.090503,0.090503,0,0,0.000,255,739,green,0.216,,0,unknown,0.000000,null,0.000000,0.417,"[0.2, 0.4, 0.8, 1.0]","[256, 288, 1024, 720]",,"{""0"": 250, ""1"": 250, ""2"": null, ""3"": null, ""4"": null, ""5"": null, ""6"": null, ""7"": null}","{""0"": 0.0, ""1"": 0.0, ""2"": null, ""3"": null, ""4"": null, ""5"": null, ""6"": null, ""7"": null}","{""0"": 250, ""1"": 250}",250,1,0,0,0,0.417,ultrasonic-not-close,KEEP_PAUSED,left,right,,0
807,2026-08-02T03:35:14.914+09:00,179.395,806,2.90,0,DRIVING,,0,1,1,0,0,1,-0.050279,2.560,5326,0,0.090502,0.090502,0,0,0.000,255,740,green,0.493,,0,unknown,0.000000,null,0.000000,0.161,"[0.2, 0.4, 0.8, 1.0]","[256, 288, 1024, 720]",,"{""0"": 250, ""1"": 250, ""2"": null, ""3"": null, ""4"": null, ""5"": null, ""6"": null, ""7"": null}","{""0"": 0.0, ""1"": 0.0, ""2"": null, ""3"": null, ""4"": null, ""5"": null, ""6"": null, ""7"": null}","{""0"": 250, ""1"": 250}",250,1,0,0,0,0.161,ultrasonic-not-close,KEEP_PAUSED,left,right,,0
808,2026-08-02T03:35:15.185+09:00,179.672,807,2.93,0,DRIVING,,0,1,1,0,0,1,-0.050279,2.561,5326,0,0.090502,0.090502,0,0,0.000,255,740,green,0.237,,0,unknown,0.000000,null,0.000000,0.438,"[0.2, 0.4, 0.8, 1.0]","[256, 288, 1024, 720]",,"{""0"": 250, ""1"": 250, ""2"": null, ""3"": null, ""4"": null, ""5"": null, ""6"": null, ""7"": null}","{""0"": 0.0, ""1"": 0.0, ""2"": null, ""3"": null, ""4"": null, ""5"": null, ""6"": null, ""7"": null}","{""0"": 250, ""1"": 250}",250,1,0,0,0,0.438,ultrasonic-not-close,KEEP_PAUSED,left,right,,0
809,2026-08-02T03:35:15.498+09:00,179.980,808,2.92,0,DRIVING,,0,1,1,0,0,1,-0.050279,2.561,5326,0,0.090502,0.090502,0,0,0.000,255,739,green,0.277,,0,unknown,0.000000,null,0.000000,0.247,"[0.2, 0.4, 0.8, 1.0]","[256, 288, 1024, 720]",,"{""0"": 250, ""1"": 250, ""2"": null, ""3"": null, ""4"": null, ""5"": null, ""6"": null, ""7"": null}","{""0"": 0.0, ""1"": 0.0, ""2"": null, ""3"": null, ""4"": null, ""5"": null, ""6"": null, ""7"": null}","{""0"": 250, ""1"": 250}",250,1,0,0,0,0.247,ultrasonic-not-close,KEEP_PAUSED,left,right,,0
810,2026-08-02T03:35:15.958+09:00,180.439,809,2.87,0,DRIVING,,0,1,1,0,0,1,-0.050279,2.559,5337,0,0.090502,0.090502,0,0,0.000,255,739,green,0.323,,0,unknown,0.000000,null,0.000000,0.389,"[0.2, 0.4, 0.8, 1.0]","[256, 288, 1024, 720]",,"{""0"": 250, ""1"": 120, ""2"": null, ""3"": null, ""4"": null, ""5"": null, ""6"": null, ""7"": null}","{""0"": 0.0, ""1"": 0.0, ""2"": null, ""3"": null, ""4"": null, ""5"": null, ""6"": null, ""7"": null}","{""0"": 250, ""1"": 120}",120,1,1,0,0,0.389,car-not-detected-or-stale,KEEP_PAUSED,left,right,,0
811,2026-08-02T03:35:16.275+09:00,180.757,810,2.87,0,DRIVING,,0,1,1,0,0,1,-0.050279,2.558,5337,0,0.090502,0.090502,0,0,0.000,255,739,green,0.463,,0,unknown,0.000000,null,0.000000,0.252,"[0.2, 0.4, 0.8, 1.0]","[256, 288, 1024, 720]",,"{""0"": 250, ""1"": 121, ""2"": null, ""3"": null, ""4"": null, ""5"": null, ""6"": null, ""7"": null}","{""0"": 0.0, ""1"": 0.0, ""2"": null, ""3"": null, ""4"": null, ""5"": null, ""6"": null, ""7"": null}","{""0"": 250, ""1"": 121}",121,1,1,0,0,0.252,car-not-detected-or-stale,KEEP_PAUSED,left,right,,0
812,2026-08-02T03:35:16.668+09:00,181.147,811,2.84,0,DRIVING,,0,1,1,0,0,1,-0.050279,2.557,5337,0,0.090502,0.090502,0,0,0.000,255,739,green,0.328,,0,unknown,0.000000,null,0.000000,0.320,"[0.2, 0.4, 0.8, 1.0]","[256, 288, 1024, 720]",,"{""0"": 250, ""1"": 250, ""2"": null, ""3"": null, ""4"": null, ""5"": null, ""6"": null, ""7"": null}","{""0"": 0.0, ""1"": 0.0, ""2"": null, ""3"": null, ""4"": null, ""5"": null, ""6"": null, ""7"": null}","{""0"": 250, ""1"": 250}",250,1,0,0,0,0.320,ultrasonic-not-close,KEEP_PAUSED,left,right,,0
813,2026-08-02T03:35:16.989+09:00,181.475,812,2.84,0,DRIVING,,0,1,1,0,0,1,-0.050279,2.557,5337,0,0.090502,0.090502,0,0,0.000,255,740,green,0.394,,0,unknown,0.000000,null,0.000000,0.261,"[0.2, 0.41, 0.8, 1.0]","[256, 295, 1024, 720]",,"{""0"": 250, ""1"": 250, ""2"": null, ""3"": null, ""4"": null, ""5"": null, ""6"": null, ""7"": null}","{""0"": 0.0, ""1"": 0.0, ""2"": null, ""3"": null, ""4"": null, ""5"": null, ""6"": null, ""7"": null}","{""0"": 250, ""1"": 250}",250,1,0,0,0,0.261,ultrasonic-not-close,KEEP_PAUSED,left,right,,0
814,2026-08-02T03:35:17.405+09:00,181.887,813,2.82,0,DRIVING,,0,1,1,0,0,1,-0.050279,2.556,5337,0,0.090502,0.090502,0,0,0.000,255,740,green,0.329,,0,unknown,0.000000,null,0.000000,0.349,"[0.2, 0.41, 0.8, 1.0]","[256, 295, 1024, 720]",,"{""0"": 250, ""1"": 250, ""2"": null, ""3"": null, ""4"": null, ""5"": null, ""6"": null, ""7"": null}","{""0"": 0.0, ""1"": 0.0, ""2"": null, ""3"": null, ""4"": null, ""5"": null, ""6"": null, ""7"": null}","{""0"": 250, ""1"": 250}",250,1,0,0,0,0.349,ultrasonic-not-close,KEEP_PAUSED,left,right,,0
815,2026-08-02T03:35:17.716+09:00,182.195,814,2.85,0,DRIVING,,0,1,1,0,0,1,-0.050279,2.556,5337,0,0.090502,0.090502,0,0,0.000,255,739,green,0.423,,0,unknown,0.000000,null,0.000000,0.243,"[0.2, 0.41, 0.8, 1.0]","[256, 295, 1024, 720]",,"{""0"": 250, ""1"": 250, ""2"": null, ""3"": null, ""4"": null, ""5"": null, ""6"": null, ""7"": null}","{""0"": 0.0, ""1"": 0.0, ""2"": null, ""3"": null, ""4"": null, ""5"": null, ""6"": null, ""7"": null}","{""0"": 250, ""1"": 250}",250,1,0,0,0,0.243,ultrasonic-not-close,KEEP_PAUSED,left,right,,0
816,2026-08-02T03:35:18.046+09:00,182.528,815,2.83,0,DRIVING,,0,1,1,0,0,1,-0.050279,2.556,5337,0,0.090502,0.090502,0,0,0.000,255,739,green,0.320,,0,unknown,0.000000,null,0.000000,0.263,"[0.2, 0.41, 0.8, 1.0]","[256, 295, 1024, 720]",,"{""0"": 250, ""1"": 250, ""2"": null, ""3"": null, ""4"": null, ""5"": null, ""6"": null, ""7"": null}","{""0"": 0.0, ""1"": 0.0, ""2"": null, ""3"": null, ""4"": null, ""5"": null, ""6"": null, ""7"": null}","{""0"": 250, ""1"": 250}",250,1,0,0,0,0.263,ultrasonic-not-close,KEEP_PAUSED,left,right,,0
817,2026-08-02T03:35:18.439+09:00,182.923,816,2.82,0,DRIVING,,0,1,1,0,0,1,-0.050279,2.555,5337,0,0.090502,0.090502,0,0,0.000,255,740,green,0.339,,0,unknown,0.000000,null,0.000000,0.325,"[0.2, 0.41, 0.8, 1.0]","[256, 295, 1024, 720]",,"{""0"": 250, ""1"": 250, ""2"": null, ""3"": null, ""4"": null, ""5"": null, ""6"": null, ""7"": null}","{""0"": 0.0, ""1"": 0.0, ""2"": null, ""3"": null, ""4"": null, ""5"": null, ""6"": null, ""7"": null}","{""0"": 250, ""1"": 250}",250,1,0,0,0,0.325,ultrasonic-not-close,KEEP_PAUSED,left,right,,0
818,2026-08-02T03:35:18.881+09:00,183.363,817,2.79,0,DRIVING,,0,1,1,0,0,1,-0.050279,2.556,5344,0,0.090502,0.090502,0,0,0.000,255,739,green,0.399,,0,unknown,0.000000,null,0.000000,0.373,"[0.2, 0.41, 0.8, 1.0]","[256, 295, 1024, 720]",,"{""0"": 250, ""1"": 250, ""2"": null, ""3"": null, ""4"": null, ""5"": null, ""6"": null, ""7"": null}","{""0"": 0.0, ""1"": 0.0, ""2"": null, ""3"": null, ""4"": null, ""5"": null, ""6"": null, ""7"": null}","{""0"": 250, ""1"": 250}",250,1,0,0,0,0.373,ultrasonic-not-close,KEEP_PAUSED,left,right,,0
819,2026-08-02T03:35:19.249+09:00,183.730,818,2.80,0,DRIVING,,0,1,1,0,0,1,-0.050279,2.557,5342,0,0.090502,0.090502,0,0,0.000,255,739,green,0.446,,0,unknown,0.000000,null,0.000000,0.301,"[0.2, 0.41, 0.8, 1.0]","[256, 295, 1024, 720]",,"{""0"": 250, ""1"": 250, ""2"": null, ""3"": null, ""4"": null, ""5"": null, ""6"": null, ""7"": null}","{""0"": 0.0, ""1"": 0.0, ""2"": null, ""3"": null, ""4"": null, ""5"": null, ""6"": null, ""7"": null}","{""0"": 250, ""1"": 250}",250,1,0,0,0,0.301,ultrasonic-not-close,KEEP_PAUSED,left,right,,0
820,2026-08-02T03:35:19.652+09:00,184.134,819,2.77,0,DRIVING,,0,1,1,0,0,1,-0.050279,2.558,5342,0,0.090502,0.090502,0,0,0.000,255,739,green,0.372,,0,unknown,0.000000,null,0.000000,0.338,"[0.2, 0.41, 0.8, 1.0]","[256, 295, 1024, 720]",,"{""0"": 250, ""1"": 250, ""2"": null, ""3"": null, ""4"": null, ""5"": null, ""6"": null, ""7"": null}","{""0"": 0.0, ""1"": 0.0, ""2"": null, ""3"": null, ""4"": null, ""5"": null, ""6"": null, ""7"": null}","{""0"": 250, ""1"": 250}",250,1,0,0,0,0.338,ultrasonic-not-close,KEEP_PAUSED,left,right,,0
821,2026-08-02T03:35:19.967+09:00,184.450,820,2.79,0,DRIVING,,0,1,1,0,0,1,-0.050279,2.556,5342,0,0.090502,0.090502,0,0,0.000,255,739,green,0.412,,0,unknown,0.000000,null,0.000000,0.247,"[0.2, 0.41, 0.8, 1.0]","[256, 295, 1024, 720]",,"{""0"": 250, ""1"": 250, ""2"": null, ""3"": null, ""4"": null, ""5"": null, ""6"": null, ""7"": null}","{""0"": 0.0, ""1"": 0.0, ""2"": null, ""3"": null, ""4"": null, ""5"": null, ""6"": null, ""7"": null}","{""0"": 250, ""1"": 250}",250,1,0,0,0,0.247,ultrasonic-not-close,KEEP_PAUSED,left,right,,0
822,2026-08-02T03:35:20.293+09:00,184.774,821,2.79,0,DRIVING,,0,1,1,0,0,1,-0.050279,2.556,5344,0,0.090502,0.090502,0,0,0.000,255,739,green,0.322,,0,unknown,0.000000,null,0.000000,0.252,"[0.2, 0.41, 0.8, 1.0]","[256, 295, 1024, 720]",,"{""0"": 250, ""1"": 250, ""2"": null, ""3"": null, ""4"": null, ""5"": null, ""6"": null, ""7"": null}","{""0"": 0.0, ""1"": 0.0, ""2"": null, ""3"": null, ""4"": null, ""5"": null, ""6"": null, ""7"": null}","{""0"": 250, ""1"": 250}",250,1,0,0,0,0.252,ultrasonic-not-close,KEEP_PAUSED,left,right,,0
823,2026-08-02T03:35:20.607+09:00,185.093,822,2.79,0,DRIVING,,0,1,1,0,0,1,-0.050279,2.556,5337,0,0.090502,0.090502,0,0,0.000,255,739,green,0.329,,0,unknown,0.000000,null,0.000000,0.253,"[0.2, 0.41, 0.8, 1.0]","[256, 295, 1024, 720]",,"{""0"": 250, ""1"": 250, ""2"": null, ""3"": null, ""4"": null, ""5"": null, ""6"": null, ""7"": null}","{""0"": 0.0, ""1"": 0.0, ""2"": null, ""3"": null, ""4"": null, ""5"": null, ""6"": null, ""7"": null}","{""0"": 250, ""1"": 250}",250,1,0,0,0,0.253,ultrasonic-not-close,KEEP_PAUSED,left,right,,0
824,2026-08-02T03:35:20.924+09:00,185.406,823,2.79,0,DRIVING,,0,1,1,0,0,1,-0.050279,2.556,5337,0,0.090502,0.090502,0,0,0.000,255,740,green,0.316,,0,unknown,0.000000,null,0.000000,0.258,"[0.2, 0.41, 0.8, 1.0]","[256, 295, 1024, 720]",,"{""0"": 250, ""1"": 250, ""2"": null, ""3"": null, ""4"": null, ""5"": null, ""6"": null, ""7"": null}","{""0"": 0.0, ""1"": 0.0, ""2"": null, ""3"": null, ""4"": null, ""5"": null, ""6"": null, ""7"": null}","{""0"": 250, ""1"": 250}",250,1,0,0,0,0.258,ultrasonic-not-close,KEEP_PAUSED,left,right,,0
825,2026-08-02T03:35:21.292+09:00,185.779,824,2.82,0,DRIVING,,0,1,1,0,0,1,-0.050279,2.555,5337,0,0.090502,0.090502,0,0,0.000,255,740,green,0.333,,0,unknown,0.000000,null,0.000000,0.304,"[0.2, 0.41, 0.8, 1.0]","[256, 295, 1024, 720]",,"{""0"": 250, ""1"": 250, ""2"": null, ""3"": null, ""4"": null, ""5"": null, ""6"": null, ""7"": null}","{""0"": 0.0, ""1"": 0.0, ""2"": null, ""3"": null, ""4"": null, ""5"": null, ""6"": null, ""7"": null}","{""0"": 250, ""1"": 250}",250,1,0,0,0,0.304,ultrasonic-not-close,KEEP_PAUSED,left,right,,0
826,2026-08-02T03:35:21.628+09:00,186.114,825,2.83,0,DRIVING,,0,1,1,0,0,1,-0.050279,2.557,5334,0,0.090502,0.090502,0,0,0.000,255,740,green,0.367,,0,unknown,0.000000,null,0.000000,0.279,"[0.2, 0.41, 0.8, 1.0]","[256, 295, 1024, 720]",,"{""0"": 250, ""1"": 250, ""2"": null, ""3"": null, ""4"": null, ""5"": null, ""6"": null, ""7"": null}","{""0"": 0.0, ""1"": 0.0, ""2"": null, ""3"": null, ""4"": null, ""5"": null, ""6"": null, ""7"": null}","{""0"": 250, ""1"": 250}",250,1,0,0,0,0.279,ultrasonic-not-close,KEEP_PAUSED,left,right,,0
827,2026-08-02T03:35:21.972+09:00,186.455,826,2.85,0,DRIVING,,0,1,1,0,0,1,-0.050279,2.558,5334,0,0.090502,0.090502,0,0,0.000,255,740,green,0.341,,0,unknown,0.000000,null,0.000000,0.285,"[0.2, 0.41, 0.8, 1.0]","[256, 295, 1024, 720]",,"{""0"": 250, ""1"": 250, ""2"": null, ""3"": null, ""4"": null, ""5"": null, ""6"": null, ""7"": null}","{""0"": 0.0, ""1"": 0.0, ""2"": null, ""3"": null, ""4"": null, ""5"": null, ""6"": null, ""7"": null}","{""0"": 250, ""1"": 250}",250,1,0,0,0,0.285,ultrasonic-not-close,KEEP_PAUSED,left,right,,0
828,2026-08-02T03:35:22.245+09:00,186.728,827,2.91,0,DRIVING,,0,1,1,0,0,1,-0.050279,2.558,5337,0,0.090502,0.090502,0,0,0.000,255,739,green,0.353,,0,unknown,0.000000,null,0.000000,0.209,"[0.2, 0.41, 0.8, 1.0]","[256, 295, 1024, 720]",,"{""0"": 250, ""1"": 250, ""2"": null, ""3"": null, ""4"": null, ""5"": null, ""6"": null, ""7"": null}","{""0"": 0.0, ""1"": 0.0, ""2"": null, ""3"": null, ""4"": null, ""5"": null, ""6"": null, ""7"": null}","{""0"": 250, ""1"": 250}",250,1,0,0,0,0.209,ultrasonic-not-close,KEEP_PAUSED,left,right,,0
829,2026-08-02T03:35:22.523+09:00,187.009,828,2.97,0,DRIVING,,0,1,1,0,0,1,-0.050279,2.557,5344,0,0.090502,0.090502,0,0,0.000,255,739,green,0.279,,0,unknown,0.000000,null,0.000000,0.219,"[0.2, 0.41, 0.8, 1.0]","[256, 295, 1024, 720]",,"{""0"": 250, ""1"": 250, ""2"": null, ""3"": null, ""4"": null, ""5"": null, ""6"": null, ""7"": null}","{""0"": 0.0, ""1"": 0.0, ""2"": null, ""3"": null, ""4"": null, ""5"": null, ""6"": null, ""7"": null}","{""0"": 250, ""1"": 250}",250,1,0,0,0,0.219,ultrasonic-not-close,KEEP_PAUSED,left,right,,0
830,2026-08-02T03:35:22.852+09:00,187.332,829,2.99,0,DRIVING,,0,1,1,0,0,1,-0.050279,2.556,5342,0,0.090502,0.090502,0,0,0.000,255,739,green,0.279,,0,unknown,0.000000,null,0.000000,0.264,"[0.2, 0.41, 0.8, 1.0]","[256, 295, 1024, 720]",,"{""0"": 250, ""1"": 250, ""2"": null, ""3"": null, ""4"": null, ""5"": null, ""6"": null, ""7"": null}","{""0"": 0.0, ""1"": 0.0, ""2"": null, ""3"": null, ""4"": null, ""5"": null, ""6"": null, ""7"": null}","{""0"": 250, ""1"": 250}",250,1,0,0,0,0.264,ultrasonic-not-close,KEEP_PAUSED,left,right,,0
831,2026-08-02T03:35:23.288+09:00,187.769,830,2.94,0,DRIVING,,0,1,1,0,0,1,-0.050279,2.556,5337,0,0.090502,0.090502,0,0,0.000,255,739,green,0.344,,0,unknown,0.000000,null,0.000000,0.369,"[0.2, 0.41, 0.8, 1.0]","[256, 295, 1024, 720]",,"{""0"": 250, ""1"": 250, ""2"": null, ""3"": null, ""4"": null, ""5"": null, ""6"": null, ""7"": null}","{""0"": 0.0, ""1"": 0.0, ""2"": null, ""3"": null, ""4"": null, ""5"": null, ""6"": null, ""7"": null}","{""0"": 250, ""1"": 250}",250,1,0,0,0,0.369,ultrasonic-not-close,KEEP_PAUSED,left,right,,0
832,2026-08-02T03:35:23.658+09:00,188.144,831,2.90,0,DRIVING,,0,1,1,0,0,1,-0.050279,2.555,5337,0,0.090502,0.090502,0,0,0.000,255,739,green,0.438,,0,unknown,0.000000,null,0.000000,0.312,"[0.2, 0.41, 0.8, 1.0]","[256, 295, 1024, 720]",,"{""0"": 250, ""1"": 250, ""2"": null, ""3"": null, ""4"": null, ""5"": null, ""6"": null, ""7"": null}","{""0"": 0.0, ""1"": 0.0, ""2"": null, ""3"": null, ""4"": null, ""5"": null, ""6"": null, ""7"": null}","{""0"": 250, ""1"": 250}",250,1,0,0,0,0.312,ultrasonic-not-close,KEEP_PAUSED,left,right,,0
833,2026-08-02T03:35:24.010+09:00,188.495,832,2.89,0,DRIVING,,0,1,1,0,0,1,-0.050279,2.555,5337,0,0.090502,0.090502,0,0,0.000,255,739,green,0.381,,0,unknown,0.000000,null,0.000000,0.289,"[0.2, 0.41, 0.8, 1.0]","[256, 295, 1024, 720]",,"{""0"": 250, ""1"": 250, ""2"": null, ""3"": null, ""4"": null, ""5"": null, ""6"": null, ""7"": null}","{""0"": 0.0, ""1"": 0.0, ""2"": null, ""3"": null, ""4"": null, ""5"": null, ""6"": null, ""7"": null}","{""0"": 250, ""1"": 250}",250,1,0,0,0,0.289,ultrasonic-not-close,KEEP_PAUSED,left,right,,0
834,2026-08-02T03:35:24.474+09:00,188.954,833,2.86,0,DRIVING,,0,1,1,0,0,1,-0.050580,2.559,5372,0,0.091587,0.091587,0,0,0.000,255,739,green,0.355,,0,unknown,0.000000,null,0.000000,0.397,"[0.2, 0.41, 0.8, 1.0]","[256, 295, 1024, 720]",,"{""0"": 250, ""1"": 250, ""2"": null, ""3"": null, ""4"": null, ""5"": null, ""6"": null, ""7"": null}","{""0"": 0.0, ""1"": 0.0, ""2"": null, ""3"": null, ""4"": null, ""5"": null, ""6"": null, ""7"": null}","{""0"": 250, ""1"": 250}",250,1,0,0,0,0.397,ultrasonic-not-close,KEEP_PAUSED,left,right,,0
835,2026-08-02T03:35:24.850+09:00,189.334,834,2.81,0,DRIVING,,0,1,1,0,0,1,-0.050279,2.562,5443,0,0.090340,0.090340,0,0,0.000,255,739,green,0.475,,0,unknown,0.000000,null,0.000000,0.313,"[0.2, 0.41, 0.8, 1.0]","[256, 295, 1024, 720]",,"{""0"": 250, ""1"": 250, ""2"": null, ""3"": null, ""4"": null, ""5"": null, ""6"": null, ""7"": null}","{""0"": 0.0, ""1"": 0.0, ""2"": null, ""3"": null, ""4"": null, ""5"": null, ""6"": null, ""7"": null}","{""0"": 250, ""1"": 250}",250,1,0,0,0,0.313,ultrasonic-not-close,KEEP_PAUSED,left,right,,0
836,2026-08-02T03:35:25.227+09:00,189.710,835,2.84,0,DRIVING,,0,1,1,0,0,1,-0.050444,2.563,5440,0,0.090981,0.090981,0,0,0.000,255,740,green,0.373,,0,unknown,0.000000,null,0.000000,0.319,"[0.2, 0.41, 0.8, 1.0]","[256, 295, 1024, 720]",,"{""0"": 250, ""1"": 250, ""2"": null, ""3"": null, ""4"": null, ""5"": null, ""6"": null, ""7"": null}","{""0"": 0.0, ""1"": 0.0, ""2"": null, ""3"": null, ""4"": null, ""5"": null, ""6"": null, ""7"": null}","{""0"": 250, ""1"": 250}",250,1,0,0,0,0.319,ultrasonic-not-close,KEEP_PAUSED,left,right,,0
837,2026-08-02T03:35:25.524+09:00,190.009,836,2.83,0,DRIVING,,0,1,1,0,0,1,-0.051211,2.570,5461,0,0.093689,0.093689,0,0,0.000,255,740,green,0.390,,0,unknown,0.000000,null,0.000000,0.235,"[0.2, 0.41, 0.8, 1.0]","[256, 295, 1024, 720]",,"{""0"": 250, ""1"": 250, ""2"": null, ""3"": null, ""4"": null, ""5"": null, ""6"": null, ""7"": null}","{""0"": 0.0, ""1"": 0.0, ""2"": null, ""3"": null, ""4"": null, ""5"": null, ""6"": null, ""7"": null}","{""0"": 250, ""1"": 250}",250,1,0,0,0,0.235,ultrasonic-not-close,KEEP_PAUSED,left,right,,0
838,2026-08-02T03:35:25.858+09:00,190.340,837,2.81,0,DRIVING,,0,1,1,0,0,1,-0.050444,2.572,5472,0,0.090474,0.090474,0,0,0.000,255,739,green,0.305,,0,unknown,0.000000,null,0.000000,0.268,"[0.2, 0.41, 0.8, 1.0]","[256, 295, 1024, 720]",,"{""0"": 250, ""1"": 250, ""2"": null, ""3"": null, ""4"": null, ""5"": null, ""6"": null, ""7"": null}","{""0"": 0.0, ""1"": 0.0, ""2"": null, ""3"": null, ""4"": null, ""5"": null, ""6"": null, ""7"": null}","{""0"": 250, ""1"": 250}",250,1,0,0,0,0.268,ultrasonic-not-close,KEEP_PAUSED,left,right,,0
839,2026-08-02T03:35:26.241+09:00,190.724,838,2.79,0,DRIVING,,0,1,1,0,0,1,-0.050444,2.573,5472,0,0.090571,0.090571,0,0,0.000,255,740,green,0.339,,0,unknown,0.000000,null,0.000000,0.319,"[0.2, 0.41, 0.8, 1.0]","[256, 295, 1024, 720]",,"{""0"": 250, ""1"": 121, ""2"": null, ""3"": null, ""4"": null, ""5"": null, ""6"": null, ""7"": null}","{""0"": 0.0, ""1"": 0.0, ""2"": null, ""3"": null, ""4"": null, ""5"": null, ""6"": null, ""7"": null}","{""0"": 250, ""1"": 121}",121,1,1,0,0,0.319,car-not-detected-or-stale,KEEP_PAUSED,left,right,,0
840,2026-08-02T03:35:26.592+09:00,191.073,839,2.82,0,DRIVING,,0,1,1,0,0,1,-0.050444,2.573,5436,0,0.090639,0.090639,0,0,0.000,255,739,green,0.387,,0,unknown,0.000000,null,0.000000,0.285,"[0.2, 0.41, 0.8, 1.0]","[256, 295, 1024, 720]",,"{""0"": 250, ""1"": 250, ""2"": null, ""3"": null, ""4"": null, ""5"": null, ""6"": null, ""7"": null}","{""0"": 0.0, ""1"": 0.0, ""2"": null, ""3"": null, ""4"": null, ""5"": null, ""6"": null, ""7"": null}","{""0"": 250, ""1"": 250}",250,1,0,0,0,0.285,ultrasonic-not-close,KEEP_PAUSED,left,right,,0
841,2026-08-02T03:35:26.908+09:00,191.394,840,2.82,0,DRIVING,,0,1,1,0,0,1,-0.050444,2.576,5418,0,0.090687,0.090687,0,0,0.000,255,739,green,0.358,,0,unknown,0.000000,null,0.000000,0.259,"[0.2, 0.41, 0.8, 1.0]","[256, 295, 1024, 720]",,"{""0"": 250, ""1"": 250, ""2"": null, ""3"": null, ""4"": null, ""5"": null, ""6"": null, ""7"": null}","{""0"": 0.0, ""1"": 0.0, ""2"": null, ""3"": null, ""4"": null, ""5"": null, ""6"": null, ""7"": null}","{""0"": 250, ""1"": 250}",250,1,0,0,0,0.259,ultrasonic-not-close,KEEP_PAUSED,left,right,,0
842,2026-08-02T03:35:27.293+09:00,191.775,841,2.82,0,DRIVING,,0,1,1,0,0,1,-0.050444,2.577,5418,0,0.090721,0.090721,0,0,0.000,255,739,green,0.318,,0,unknown,0.000000,null,0.000000,0.324,"[0.2, 0.41, 0.8, 1.0]","[256, 295, 1024, 720]",,"{""0"": 250, ""1"": 250, ""2"": null, ""3"": null, ""4"": null, ""5"": null, ""6"": null, ""7"": null}","{""0"": 0.0, ""1"": 0.0, ""2"": null, ""3"": null, ""4"": null, ""5"": null, ""6"": null, ""7"": null}","{""0"": 250, ""1"": 250}",250,1,0,0,0,0.324,ultrasonic-not-close,KEEP_PAUSED,left,right,,0
843,2026-08-02T03:35:27.588+09:00,192.072,842,2.83,0,DRIVING,,0,1,1,0,0,1,-0.050444,2.579,5418,0,0.090744,0.090744,0,0,0.000,255,740,green,0.400,,0,unknown,0.000000,null,0.000000,0.229,"[0.2, 0.41, 0.8, 1.0]","[256, 295, 1024, 720]",,"{""0"": 250, ""1"": 120, ""2"": null, ""3"": null, ""4"": null, ""5"": null, ""6"": null, ""7"": null}","{""0"": 0.0, ""1"": 0.0, ""2"": null, ""3"": null, ""4"": null, ""5"": null, ""6"": null, ""7"": null}","{""0"": 250, ""1"": 120}",120,1,1,0,0,0.229,car-not-detected-or-stale,KEEP_PAUSED,left,right,,0
844,2026-08-02T03:35:27.883+09:00,192.365,843,2.86,0,DRIVING,,0,1,1,0,0,1,-0.050745,2.577,5407,0,0.091845,0.091845,0,0,0.000,255,739,green,0.294,,0,unknown,0.000000,null,0.000000,0.234,"[0.2, 0.41, 0.8, 1.0]","[256, 295, 1024, 720]",,"{""0"": 250, ""1"": 117, ""2"": null, ""3"": null, ""4"": null, ""5"": null, ""6"": null, ""7"": null}","{""0"": 0.0, ""1"": 0.0, ""2"": null, ""3"": null, ""4"": null, ""5"": null, ""6"": null, ""7"": null}","{""0"": 250, ""1"": 117}",117,1,1,0,0,0.234,car-not-detected-or-stale,KEEP_PAUSED,left,right,,0
845,2026-08-02T03:35:28.227+09:00,192.712,844,2.85,0,DRIVING,,0,1,1,0,0,1,-0.050444,2.578,5418,0,0.090609,0.090609,0,0,0.000,255,740,green,0.303,,0,unknown,0.000000,null,0.000000,0.286,"[0.2, 0.41, 0.8, 1.0]","[256, 295, 1024, 720]",,"{""0"": 250, ""1"": 250, ""2"": null, ""3"": null, ""4"": null, ""5"": null, ""6"": null, ""7"": null}","{""0"": 0.0, ""1"": 0.0, ""2"": null, ""3"": null, ""4"": null, ""5"": null, ""6"": null, ""7"": null}","{""0"": 250, ""1"": 250}",250,1,0,0,0,0.286,ultrasonic-not-close,KEEP_PAUSED,left,right,,0
846,2026-08-02T03:35:28.540+09:00,193.026,845,2.86,0,DRIVING,,0,1,1,0,0,1,-0.050444,2.580,5418,0,0.090666,0.090666,0,0,0.000,255,740,green,0.345,,0,unknown,0.000000,null,0.000000,0.259,"[0.2, 0.41, 0.8, 1.0]","[256, 295, 1024, 720]",,"{""0"": 250, ""1"": 250, ""2"": null, ""3"": null, ""4"": null, ""5"": null, ""6"": null, ""7"": null}","{""0"": 0.0, ""1"": 0.0, ""2"": null, ""3"": null, ""4"": null, ""5"": null, ""6"": null, ""7"": null}","{""0"": 250, ""1"": 250}",250,1,0,0,0,0.259,ultrasonic-not-close,KEEP_PAUSED,left,right,,0
847,2026-08-02T03:35:28.853+09:00,193.334,846,2.88,0,DRIVING,,0,1,1,0,0,1,-0.050444,2.580,5418,0,0.090706,0.090706,0,0,0.000,255,740,green,0.325,,0,unknown,0.000000,null,0.000000,0.246,"[0.2, 0.41, 0.8, 1.0]","[256, 295, 1024, 720]",,"{""0"": 250, ""1"": 121, ""2"": null, ""3"": null, ""4"": null, ""5"": null, ""6"": null, ""7"": null}","{""0"": 0.0, ""1"": 0.0, ""2"": null, ""3"": null, ""4"": null, ""5"": null, ""6"": null, ""7"": null}","{""0"": 250, ""1"": 121}",121,1,1,0,0,0.246,car-not-detected-or-stale,KEEP_PAUSED,left,right,,0
848,2026-08-02T03:35:29.192+09:00,193.674,847,2.91,0,DRIVING,,0,1,1,0,0,1,-0.050444,2.581,5418,0,0.090734,0.090734,0,0,0.000,255,739,green,0.314,,0,unknown,0.000000,null,0.000000,0.276,"[0.2, 0.41, 0.8, 1.0]","[256, 295, 1024, 720]",,"{""0"": 250, ""1"": 250, ""2"": null, ""3"": null, ""4"": null, ""5"": null, ""6"": null, ""7"": null}","{""0"": 0.0, ""1"": 0.0, ""2"": null, ""3"": null, ""4"": null, ""5"": null, ""6"": null, ""7"": null}","{""0"": 250, ""1"": 250}",250,1,0,0,0,0.276,ultrasonic-not-close,KEEP_PAUSED,left,right,,0
849,2026-08-02T03:35:29.614+09:00,194.097,848,2.89,0,DRIVING,,0,1,1,0,0,1,-0.050745,2.575,5382,0,0.091838,0.091838,0,0,0.000,255,740,green,0.349,,0,unknown,0.000000,null,0.000000,0.360,"[0.2, 0.41, 0.8, 1.0]","[256, 295, 1024, 720]",,"{""0"": 250, ""1"": 121, ""2"": null, ""3"": null, ""4"": null, ""5"": null, ""6"": null, ""7"": null}","{""0"": 0.0, ""1"": 0.0, ""2"": null, ""3"": null, ""4"": null, ""5"": null, ""6"": null, ""7"": null}","{""0"": 250, ""1"": 121}",121,1,1,0,0,0.360,car-not-detected-or-stale,KEEP_PAUSED,left,right,,0
850,2026-08-02T03:35:30.007+09:00,194.488,849,2.90,0,DRIVING,,0,1,1,0,0,1,-0.050444,2.577,5404,0,0.090604,0.090604,0,0,0.000,255,739,green,0.424,,0,unknown,0.000000,null,0.000000,0.333,"[0.2, 0.41, 0.8, 1.0]","[256, 295, 1024, 720]",,"{""0"": 250, ""1"": 120, ""2"": null, ""3"": null, ""4"": null, ""5"": null, ""6"": null, ""7"": null}","{""0"": 0.0, ""1"": 0.0, ""2"": null, ""3"": null, ""4"": null, ""5"": null, ""6"": null, ""7"": null}","{""0"": 250, ""1"": 120}",120,1,1,0,0,0.333,car-not-detected-or-stale,KEEP_PAUSED,left,right,,0
851,2026-08-02T03:35:30.329+09:00,194.812,850,2.89,0,DRIVING,,0,1,1,0,0,1,-0.050444,2.576,5420,0,0.090662,0.090662,0,0,0.000,255,739,green,0.403,,0,unknown,0.000000,null,0.000000,0.262,"[0.2, 0.41, 0.8, 1.0]","[256, 295, 1024, 720]",,"{""0"": 250, ""1"": 250, ""2"": null, ""3"": null, ""4"": null, ""5"": null, ""6"": null, ""7"": null}","{""0"": 0.0, ""1"": 0.0, ""2"": null, ""3"": null, ""4"": null, ""5"": null, ""6"": null, ""7"": null}","{""0"": 250, ""1"": 250}",250,1,0,0,0,0.262,ultrasonic-not-close,KEEP_PAUSED,left,right,,0
852,2026-08-02T03:35:30.678+09:00,195.163,851,2.89,0,DRIVING,,0,1,1,0,0,1,-0.050444,2.575,5416,0,0.090703,0.090703,0,0,0.000,255,739,green,0.323,,0,unknown,0.000000,null,0.000000,0.294,"[0.2, 0.41, 0.8, 1.0]","[256, 295, 1024, 720]",,"{""0"": 250, ""1"": 120, ""2"": null, ""3"": null, ""4"": null, ""5"": null, ""6"": null, ""7"": null}","{""0"": 0.0, ""1"": 0.0, ""2"": null, ""3"": null, ""4"": null, ""5"": null, ""6"": null, ""7"": null}","{""0"": 250, ""1"": 120}",120,1,1,0,0,0.294,car-not-detected-or-stale,KEEP_PAUSED,left,right,,0
853,2026-08-02T03:35:31.009+09:00,195.493,852,2.88,0,DRIVING,,0,1,1,0,0,1,-0.050444,2.577,5418,0,0.090732,0.090732,0,0,0.000,255,739,green,0.356,,0,unknown,0.000000,null,0.000000,0.272,"[0.2, 0.41, 0.8, 1.0]","[256, 295, 1024, 720]",,"{""0"": 250, ""1"": 120, ""2"": null, ""3"": null, ""4"": null, ""5"": null, ""6"": null, ""7"": null}","{""0"": 0.0, ""1"": 0.0, ""2"": null, ""3"": null, ""4"": null, ""5"": null, ""6"": null, ""7"": null}","{""0"": 250, ""1"": 120}",120,1,1,0,0,0.272,car-not-detected-or-stale,KEEP_PAUSED,left,right,,0
854,2026-08-02T03:35:31.453+09:00,195.936,853,2.85,0,DRIVING,,0,1,1,0,0,1,-0.050444,2.577,5420,0,0.090752,0.090752,0,0,0.000,255,739,green,0.338,,0,unknown,0.000000,null,0.000000,0.381,"[0.2, 0.41, 0.8, 1.0]","[256, 295, 1024, 720]",,"{""0"": 250, ""1"": 120, ""2"": null, ""3"": null, ""4"": null, ""5"": null, ""6"": null, ""7"": null}","{""0"": 0.0, ""1"": 0.0, ""2"": null, ""3"": null, ""4"": null, ""5"": null, ""6"": null, ""7"": null}","{""0"": 250, ""1"": 120}",120,1,1,0,0,0.381,car-not-detected-or-stale,KEEP_PAUSED,left,right,,0
855,2026-08-02T03:35:31.751+09:00,196.234,854,2.87,0,DRIVING,,0,1,1,0,0,1,-0.050444,2.577,5420,0,0.090766,0.090766,0,0,0.000,255,739,green,0.453,,0,unknown,0.000000,null,0.000000,0.235,"[0.2, 0.41, 0.8, 1.0]","[256, 295, 1024, 720]",,"{""0"": 250, ""1"": 250, ""2"": null, ""3"": null, ""4"": null, ""5"": null, ""6"": null, ""7"": null}","{""0"": 0.0, ""1"": 0.0, ""2"": null, ""3"": null, ""4"": null, ""5"": null, ""6"": null, ""7"": null}","{""0"": 250, ""1"": 250}",250,1,0,0,0,0.235,ultrasonic-not-close,KEEP_PAUSED,left,right,,0
856,2026-08-02T03:35:32.067+09:00,196.549,855,2.88,0,DRIVING,,0,1,1,0,0,1,-0.050444,2.575,5435,0,0.090776,0.090776,0,0,0.000,255,740,green,0.303,,0,unknown,0.000000,null,0.000000,0.251,"[0.2, 0.41, 0.8, 1.0]","[256, 295, 1024, 720]",,"{""0"": 250, ""1"": 120, ""2"": null, ""3"": null, ""4"": null, ""5"": null, ""6"": null, ""7"": null}","{""0"": 0.0, ""1"": 0.0, ""2"": null, ""3"": null, ""4"": null, ""5"": null, ""6"": null, ""7"": null}","{""0"": 250, ""1"": 120}",120,1,1,0,0,0.251,car-not-detected-or-stale,KEEP_PAUSED,left,right,,0
857,2026-08-02T03:35:32.528+09:00,197.011,856,2.84,0,DRIVING,,0,1,1,0,0,1,-0.050745,2.570,5410,0,0.091867,0.091867,0,0,0.000,255,740,green,0.325,,0,unknown,0.000000,null,0.000000,0.395,"[0.2, 0.41, 0.8, 1.0]","[256, 295, 1024, 720]",,"{""0"": 250, ""1"": 250, ""2"": null, ""3"": null, ""4"": null, ""5"": null, ""6"": null, ""7"": null}","{""0"": 0.0, ""1"": 0.0, ""2"": null, ""3"": null, ""4"": null, ""5"": null, ""6"": null, ""7"": null}","{""0"": 250, ""1"": 250}",250,1,0,0,0,0.395,ultrasonic-not-close,KEEP_PAUSED,left,right,,0
858,2026-08-02T03:35:32.888+09:00,197.369,857,2.82,0,DRIVING,,0,1,1,0,0,1,-0.050910,2.572,5374,0,0.092302,0.092302,0,0,0.000,255,740,green,0.471,,0,unknown,0.000000,null,0.000000,0.291,"[0.2, 0.41, 0.8, 1.0]","[256, 295, 1024, 720]",,"{""0"": 250, ""1"": 250, ""2"": null, ""3"": null, ""4"": null, ""5"": null, ""6"": null, ""7"": null}","{""0"": 0.0, ""1"": 0.0, ""2"": null, ""3"": null, ""4"": null, ""5"": null, ""6"": null, ""7"": null}","{""0"": 250, ""1"": 250}",250,1,0,0,0,0.291,ultrasonic-not-close,KEEP_PAUSED,left,right,,0
859,2026-08-02T03:35:33.259+09:00,197.742,858,2.80,0,DRIVING,,0,1,1,0,0,1,-0.051074,2.557,5300,0,0.092695,0.092695,0,0,0.000,255,739,green,0.362,,0,unknown,0.000000,null,0.000000,0.307,"[0.2, 0.41, 0.8, 1.0]","[256, 295, 1024, 720]",,"{""0"": 250, ""1"": 121, ""2"": null, ""3"": null, ""4"": null, ""5"": null, ""6"": null, ""7"": null}","{""0"": 0.0, ""1"": 0.0, ""2"": null, ""3"": null, ""4"": null, ""5"": null, ""6"": null, ""7"": null}","{""0"": 250, ""1"": 121}",121,1,1,0,0,0.307,car-not-detected-or-stale,KEEP_PAUSED,left,right,,0
860,2026-08-02T03:35:33.571+09:00,198.046,859,2.80,0,DRIVING,,0,1,1,0,0,1,-0.050745,2.574,5324,0,0.091281,0.091281,0,0,0.000,255,740,green,0.379,,0,unknown,0.000000,null,0.000000,0.238,"[0.2, 0.41, 0.8, 1.0]","[256, 295, 1024, 720]",,"{""0"": 250, ""1"": 250, ""2"": null, ""3"": null, ""4"": null, ""5"": null, ""6"": null, ""7"": null}","{""0"": 0.0, ""1"": 0.0, ""2"": null, ""3"": null, ""4"": null, ""5"": null, ""6"": null, ""7"": null}","{""0"": 250, ""1"": 250}",250,1,0,0,0,0.238,ultrasonic-not-close,KEEP_PAUSED,left,right,,0
861,2026-08-02T03:35:33.910+09:00,198.390,860,2.82,0,DRIVING,,0,1,1,0,0,1,-0.050580,2.583,5323,0,0.090707,0.090707,0,0,0.000,255,739,green,0.324,,0,unknown,0.000000,null,0.000000,0.269,"[0.2, 0.41, 0.8, 1.0]","[256, 295, 1024, 720]",,"{""0"": 250, ""1"": 250, ""2"": null, ""3"": null, ""4"": null, ""5"": null, ""6"": null, ""7"": null}","{""0"": 0.0, ""1"": 0.0, ""2"": null, ""3"": null, ""4"": null, ""5"": null, ""6"": null, ""7"": null}","{""0"": 250, ""1"": 250}",250,1,0,0,0,0.269,ultrasonic-not-close,KEEP_PAUSED,left,right,,0
862,2026-08-02T03:35:34.290+09:00,198.765,861,2.83,0,DRIVING,,0,1,1,0,0,1,-0.050580,2.584,5296,0,0.090808,0.090808,0,0,0.000,255,739,green,0.340,,0,unknown,0.000000,null,0.000000,0.308,"[0.2, 0.41, 0.8, 1.0]","[256, 295, 1024, 720]",,"{""0"": 250, ""1"": 250, ""2"": null, ""3"": null, ""4"": null, ""5"": null, ""6"": null, ""7"": null}","{""0"": 0.0, ""1"": 0.0, ""2"": null, ""3"": null, ""4"": null, ""5"": null, ""6"": null, ""7"": null}","{""0"": 250, ""1"": 250}",250,1,0,0,0,0.308,ultrasonic-not-close,KEEP_PAUSED,left,right,,0
863,2026-08-02T03:35:34.664+09:00,199.145,862,2.82,0,DRIVING,,0,1,1,0,0,1,-0.050910,2.533,5180,0,0.092064,0.092064,0,0,0.000,255,739,green,0.391,,0,unknown,0.000000,null,0.000000,0.307,"[0.2, 0.41, 0.8, 1.0]","[256, 295, 1024, 720]",,"{""0"": 250, ""1"": 250, ""2"": null, ""3"": null, ""4"": null, ""5"": null, ""6"": null, ""7"": null}","{""0"": 0.0, ""1"": 0.0, ""2"": null, ""3"": null, ""4"": null, ""5"": null, ""6"": null, ""7"": null}","{""0"": 250, ""1"": 250}",250,1,0,0,0,0.307,ultrasonic-not-close,KEEP_PAUSED,left,right,,0
864,2026-08-02T03:35:35.022+09:00,199.505,863,2.84,0,DRIVING,,0,1,1,0,0,1,-0.062070,1.402,2028,10,0.132115,0.132115,0,0,0.000,255,739,green,0.377,,0,unknown,0.000000,null,0.000000,0.298,"[0.2, 0.41, 0.8, 1.0]","[256, 295, 1024, 720]",,"{""0"": 250, ""1"": 250, ""2"": null, ""3"": null, ""4"": null, ""5"": null, ""6"": null, ""7"": null}","{""0"": 0.0, ""1"": 0.0, ""2"": null, ""3"": null, ""4"": null, ""5"": null, ""6"": null, ""7"": null}","{""0"": 250, ""1"": 250}",250,1,0,0,0,0.298,ultrasonic-not-close,KEEP_PAUSED,left,right,,0
865,2026-08-02T03:35:35.405+09:00,199.888,864,2.84,0,DRIVING,,0,1,1,0,0,1,-0.259844,0.741,898,0,0.837983,0.837983,0,0,0.000,255,740,green,0.367,,0,unknown,0.000000,null,0.000000,0.681,"[0.2, 0.41, 0.8, 1.0]","[256, 295, 1024, 720]",,"{""0"": 250, ""1"": 250, ""2"": null, ""3"": null, ""4"": null, ""5"": null, ""6"": null, ""7"": null}","{""0"": 0.0, ""1"": 0.0, ""2"": null, ""3"": null, ""4"": null, ""5"": null, ""6"": null, ""7"": null}","{""0"": 250, ""1"": 250}",250,1,0,0,0,0.681,ultrasonic-not-close,KEEP_PAUSED,left,right,,0
866,2026-08-02T03:35:35.795+09:00,200.279,865,2.84,0,DRIVING,,0,0,1,0,0,1,,,0,0,0.837983,0.837983,0,0,0.000,255,740,green,0.389,,0,unknown,0.000000,null,0.000000,0.327,"[0.2, 0.41, 0.8, 1.0]","[256, 295, 1024, 720]",,"{""0"": 250, ""1"": 49, ""2"": null, ""3"": null, ""4"": null, ""5"": null, ""6"": null, ""7"": null}","{""0"": 0.0, ""1"": 0.0, ""2"": null, ""3"": null, ""4"": null, ""5"": null, ""6"": null, ""7"": null}","{""0"": 250, ""1"": 49}",49,1,1,0,0,0.327,car-not-detected-or-stale,KEEP_PAUSED,,,,1
867,2026-08-02T03:35:36.120+09:00,200.605,866,2.83,0,DRIVING,,0,0,1,0,0,1,,,0,0,0.837983,0.837983,0,0,0.000,255,739,green,0.397,,0,unknown,0.000000,null,0.000000,0.263,"[0.2, 0.41, 0.8, 1.0]","[256, 295, 1024, 720]",,"{""0"": 250, ""1"": 50, ""2"": null, ""3"": null, ""4"": null, ""5"": null, ""6"": null, ""7"": null}","{""0"": 0.0, ""1"": 0.0, ""2"": null, ""3"": null, ""4"": null, ""5"": null, ""6"": null, ""7"": null}","{""0"": 250, ""1"": 50}",50,1,1,0,0,0.263,car-not-detected-or-stale,KEEP_PAUSED,,,,2
868,2026-08-02T03:35:36.623+09:00,201.106,867,2.79,0,DRIVING,,0,0,1,0,0,1,,,0,0,0.837983,0.837983,0,0,0.000,255,740,red,0.325,,0,unknown,0.000000,null,0.000000,0.444,"[0.2, 0.41, 0.8, 1.0]","[256, 295, 1024, 720]",,"{""0"": 250, ""1"": 250, ""2"": null, ""3"": null, ""4"": null, ""5"": null, ""6"": null, ""7"": null}","{""0"": 0.0, ""1"": 0.0, ""2"": null, ""3"": null, ""4"": null, ""5"": null, ""6"": null, ""7"": null}","{""0"": 250, ""1"": 250}",250,1,0,0,0,0.444,ultrasonic-not-close,KEEP_PAUSED,,,,3
869,2026-08-02T03:35:37.014+09:00,201.501,868,2.78,0,DRIVING,,0,0,1,0,0,1,,,0,0,0.837983,0.837983,0,0,0.000,255,739,unknown,0.512,,0,unknown,0.000000,null,0.000000,0.335,"[0.2, 0.41, 0.8, 1.0]","[256, 295, 1024, 720]",,"{""0"": 250, ""1"": 51, ""2"": null, ""3"": null, ""4"": null, ""5"": null, ""6"": null, ""7"": null}","{""0"": 0.0, ""1"": 0.0, ""2"": null, ""3"": null, ""4"": null, ""5"": null, ""6"": null, ""7"": null}","{""0"": 250, ""1"": 51}",51,1,1,0,0,0.335,car-not-detected-or-stale,KEEP_PAUSED,,,,4
870,2026-08-02T03:35:37.326+09:00,201.812,869,2.79,0,DRIVING,,0,0,1,0,0,1,,,0,0,0.837983,0.837983,0,0,0.000,255,740,green,0.397,,0,unknown,0.000000,null,0.000000,0.257,"[0.2, 0.41, 0.8, 1.0]","[256, 295, 1024, 720]",,"{""0"": 250, ""1"": 57, ""2"": null, ""3"": null, ""4"": null, ""5"": null, ""6"": null, ""7"": null}","{""0"": 0.0, ""1"": 0.0, ""2"": null, ""3"": null, ""4"": null, ""5"": null, ""6"": null, ""7"": null}","{""0"": 250, ""1"": 57}",57,1,1,0,0,0.257,car-not-detected-or-stale,KEEP_PAUSED,,,,5
871,2026-08-02T03:35:37.745+09:00,202.230,870,2.77,0,DRIVING,,0,0,1,0,0,1,,,0,0,0.837983,0.837983,0,0,0.000,255,740,green,0.328,,0,unknown,0.000000,null,0.000000,0.354,"[0.2, 0.41, 0.8, 1.0]","[256, 295, 1024, 720]",,"{""0"": 250, ""1"": 57, ""2"": null, ""3"": null, ""4"": null, ""5"": null, ""6"": null, ""7"": null}","{""0"": 0.0, ""1"": 0.0, ""2"": null, ""3"": null, ""4"": null, ""5"": null, ""6"": null, ""7"": null}","{""0"": 250, ""1"": 57}",57,1,1,0,0,0.354,car-not-detected-or-stale,KEEP_PAUSED,,,,6
872,2026-08-02T03:35:38.039+09:00,202.523,871,2.79,0,DRIVING,,0,0,1,0,0,1,,,0,0,0.837983,0.837983,0,0,0.000,255,740,red,0.419,,0,unknown,0.000000,null,0.000000,0.232,"[0.2, 0.41, 0.8, 1.0]","[256, 295, 1024, 720]",,"{""0"": 250, ""1"": 54, ""2"": null, ""3"": null, ""4"": null, ""5"": null, ""6"": null, ""7"": null}","{""0"": 0.0, ""1"": 0.0, ""2"": null, ""3"": null, ""4"": null, ""5"": null, ""6"": null, ""7"": null}","{""0"": 250, ""1"": 54}",54,1,1,0,0,0.232,car-not-detected-or-stale,KEEP_PAUSED,,,,7
873,2026-08-02T03:35:38.342+09:00,202.827,872,2.79,0,DRIVING,,0,0,1,0,0,1,,,0,0,0.837983,0.837983,0,0,0.000,255,740,green,0.302,,0,unknown,0.000000,null,0.000000,0.241,"[0.2, 0.41, 0.8, 1.0]","[256, 295, 1024, 720]",,"{""0"": 250, ""1"": 250, ""2"": null, ""3"": null, ""4"": null, ""5"": null, ""6"": null, ""7"": null}","{""0"": 0.0, ""1"": 0.0, ""2"": null, ""3"": null, ""4"": null, ""5"": null, ""6"": null, ""7"": null}","{""0"": 250, ""1"": 250}",250,1,0,0,0,0.241,ultrasonic-not-close,KEEP_PAUSED,,,,8
874,2026-08-02T03:35:38.651+09:00,203.136,873,2.78,0,DRIVING,,0,0,1,0,0,1,,,0,0,0.418991,0.418991,0,0,0.000,255,739,green,0.313,,0,unknown,0.000000,null,0.000000,0.245,"[0.2, 0.41, 0.8, 1.0]","[256, 295, 1024, 720]",,"{""0"": 250, ""1"": 36, ""2"": null, ""3"": null, ""4"": null, ""5"": null, ""6"": null, ""7"": null}","{""0"": 0.0, ""1"": 0.0, ""2"": null, ""3"": null, ""4"": null, ""5"": null, ""6"": null, ""7"": null}","{""0"": 250, ""1"": 36}",36,1,1,0,0,0.245,car-not-detected-or-stale,KEEP_PAUSED,,,,9
875,2026-08-02T03:35:38.867+09:00,203.354,874,2.82,0,DRIVING,,0,0,1,0,0,1,,,0,0,0.418991,0.418991,0,0,0.000,255,740,green,0.310,,0,unknown,0.000000,null,0.000000,0.158,"[0.2, 0.41, 0.8, 1.0]","[256, 295, 1024, 720]",,"{""0"": 250, ""1"": 36, ""2"": null, ""3"": null, ""4"": null, ""5"": null, ""6"": null, ""7"": null}","{""0"": 0.0, ""1"": 0.0, ""2"": null, ""3"": null, ""4"": null, ""5"": null, ""6"": null, ""7"": null}","{""0"": 250, ""1"": 36}",36,1,1,0,0,0.158,car-not-detected-or-stale,KEEP_PAUSED,,,,10
876,2026-08-02T03:35:39.266+09:00,203.750,875,2.80,0,DRIVING,,0,0,1,0,0,1,,,0,0,0.418991,0.418991,0,0,0.000,255,740,red,0.222,,0,unknown,0.000000,null,0.000000,0.337,"[0.2, 0.41, 0.8, 1.0]","[256, 295, 1024, 720]",,"{""0"": 250, ""1"": 250, ""2"": null, ""3"": null, ""4"": null, ""5"": null, ""6"": null, ""7"": null}","{""0"": 0.0, ""1"": 0.0, ""2"": null, ""3"": null, ""4"": null, ""5"": null, ""6"": null, ""7"": null}","{""0"": 250, ""1"": 250}",250,1,0,0,0,0.337,ultrasonic-not-close,KEEP_PAUSED,,,,11
877,2026-08-02T03:35:39.559+09:00,204.040,876,2.80,0,DRIVING,,0,0,1,0,0,1,,,0,0,0.418991,0.418991,0,0,0.000,255,740,red,0.404,,0,unknown,0.000000,null,0.000000,0.231,"[0.2, 0.41, 0.8, 1.0]","[256, 295, 1024, 720]",,"{""0"": 250, ""1"": 37, ""2"": null, ""3"": null, ""4"": null, ""5"": null, ""6"": null, ""7"": null}","{""0"": 0.0, ""1"": 0.0, ""2"": null, ""3"": null, ""4"": null, ""5"": null, ""6"": null, ""7"": null}","{""0"": 250, ""1"": 37}",37,1,1,0,0,0.231,car-not-detected-or-stale,KEEP_PAUSED,,,,12
878,2026-08-02T03:35:39.828+09:00,204.312,877,2.82,0,DRIVING,,0,0,1,0,0,1,,,0,0,0.418991,0.418991,0,0,0.000,255,740,green,0.298,,0,unknown,0.000000,null,0.000000,0.208,"[0.2, 0.41, 0.8, 1.0]","[256, 295, 1024, 720]",,"{""0"": 250, ""1"": 37, ""2"": null, ""3"": null, ""4"": null, ""5"": null, ""6"": null, ""7"": null}","{""0"": 0.0, ""1"": 0.0, ""2"": null, ""3"": null, ""4"": null, ""5"": null, ""6"": null, ""7"": null}","{""0"": 250, ""1"": 37}",37,1,1,0,0,0.208,car-not-detected-or-stale,KEEP_PAUSED,,,,13
879,2026-08-02T03:35:40.137+09:00,204.621,878,2.85,0,DRIVING,,0,0,1,0,0,1,,,0,0,0.418991,0.418991,0,0,0.000,255,740,green,0.275,,0,unknown,0.000000,null,0.000000,0.517,"[0.2, 0.41, 0.8, 1.0]","[256, 295, 1024, 720]",,"{""0"": 250, ""1"": 43, ""2"": null, ""3"": null, ""4"": null, ""5"": null, ""6"": null, ""7"": null}","{""0"": 0.0, ""1"": 0.0, ""2"": null, ""3"": null, ""4"": null, ""5"": null, ""6"": null, ""7"": null}","{""0"": 250, ""1"": 43}",43,1,1,0,0,0.517,car-not-detected-or-stale,KEEP_PAUSED,,,,14
880,2026-08-02T03:35:40.504+09:00,204.984,879,2.86,0,DRIVING,,0,0,1,0,0,1,,,0,0,0.418991,0.418991,0,0,0.000,255,740,green,0.316,,0,unknown,0.000000,null,0.000000,0.301,"[0.2, 0.41, 0.8, 1.0]","[256, 295, 1024, 720]",,"{""0"": 250, ""1"": 250, ""2"": null, ""3"": null, ""4"": null, ""5"": null, ""6"": null, ""7"": null}","{""0"": 0.0, ""1"": 0.0, ""2"": null, ""3"": null, ""4"": null, ""5"": null, ""6"": null, ""7"": null}","{""0"": 250, ""1"": 250}",250,1,0,0,0,0.301,ultrasonic-not-close,KEEP_PAUSED,,,,15
881,2026-08-02T03:35:40.799+09:00,205.286,880,2.86,0,DRIVING,,0,0,1,0,0,1,,,0,0,0.418991,0.418991,0,0,0.000,255,739,green,0.375,,0,unknown,0.000000,null,0.000000,0.604,"[0.2, 0.41, 0.8, 1.0]","[256, 295, 1024, 720]",,"{""0"": 250, ""1"": 120, ""2"": null, ""3"": null, ""4"": null, ""5"": null, ""6"": null, ""7"": null}","{""0"": 0.0, ""1"": 0.0, ""2"": null, ""3"": null, ""4"": null, ""5"": null, ""6"": null, ""7"": null}","{""0"": 250, ""1"": 120}",120,1,1,0,0,0.604,car-not-detected-or-stale,KEEP_PAUSED,,,,16
882,2026-08-02T03:35:41.177+09:00,205.661,881,2.86,0,DRIVING,,0,0,1,0,0,1,,,0,0,0.418991,0.418991,0,0,0.000,255,740,green,0.297,,0,unknown,0.000000,null,0.000000,0.320,"[0.2, 0.41, 0.8, 1.0]","[256, 295, 1024, 720]",,"{""0"": 250, ""1"": 250, ""2"": null, ""3"": null, ""4"": null, ""5"": null, ""6"": null, ""7"": null}","{""0"": 0.0, ""1"": 0.0, ""2"": null, ""3"": null, ""4"": null, ""5"": null, ""6"": null, ""7"": null}","{""0"": 250, ""1"": 250}",250,1,0,0,0,0.320,ultrasonic-not-close,KEEP_PAUSED,,,,17
883,2026-08-02T03:35:41.478+09:00,205.963,882,2.86,0,DRIVING,,0,1,1,0,0,1,-0.209710,-8.367,3561,9,0.546421,0.546421,0,0,0.000,255,740,green,0.388,,0,unknown,0.000000,null,0.000000,0.242,"[0.2, 0.41, 0.8, 1.0]","[256, 295, 1024, 720]",,"{""0"": 250, ""1"": 250, ""2"": null, ""3"": null, ""4"": null, ""5"": null, ""6"": null, ""7"": null}","{""0"": 0.0, ""1"": 0.0, ""2"": null, ""3"": null, ""4"": null, ""5"": null, ""6"": null, ""7"": null}","{""0"": 250, ""1"": 250}",250,1,0,0,0,0.242,ultrasonic-not-close,KEEP_PAUSED,left,right,,0
884,2026-08-02T03:35:41.871+09:00,206.355,883,2.88,0,DRIVING,,0,1,1,0,0,1,-0.086080,-5.887,2878,32,0.050669,0.050669,0,0,0.000,255,740,green,0.306,,0,unknown,0.000000,null,0.000000,0.333,"[0.2, 0.41, 0.8, 1.0]","[256, 295, 1024, 720]",,"{""0"": 250, ""1"": 120, ""2"": null, ""3"": null, ""4"": null, ""5"": null, ""6"": null, ""7"": null}","{""0"": 0.0, ""1"": 0.0, ""2"": null, ""3"": null, ""4"": null, ""5"": null, ""6"": null, ""7"": null}","{""0"": 250, ""1"": 120}",120,1,1,0,0,0.333,car-not-detected-or-stale,KEEP_PAUSED,left,right,,0
885,2026-08-02T03:35:42.164+09:00,206.647,884,2.88,0,DRIVING,,0,1,1,0,0,1,-0.124306,-5.887,0,0,0.219565,0.219565,0,0,0.000,255,740,green,0.403,,0,unknown,0.000000,null,0.000000,0.228,"[0.2, 0.41, 0.8, 1.0]","[256, 295, 1024, 720]",,"{""0"": 250, ""1"": 250, ""2"": null, ""3"": null, ""4"": null, ""5"": null, ""6"": null, ""7"": null}","{""0"": 0.0, ""1"": 0.0, ""2"": null, ""3"": null, ""4"": null, ""5"": null, ""6"": null, ""7"": null}","{""0"": 250, ""1"": 250}",250,1,0,0,0,0.228,ultrasonic-not-close,KEEP_PAUSED,right,,,0
886,2026-08-02T03:35:42.538+09:00,207.022,885,2.86,0,DRIVING,,0,1,1,0,0,1,-0.056961,-4.008,3914,0,-0.021619,-0.021619,0,0,0.000,255,740,green,0.295,,0,unknown,0.000000,null,0.000000,0.313,"[0.2, 0.41, 0.8, 1.0]","[256, 295, 1024, 720]",,"{""0"": 250, ""1"": 250, ""2"": null, ""3"": null, ""4"": null, ""5"": null, ""6"": null, ""7"": null}","{""0"": 0.0, ""1"": 0.0, ""2"": null, ""3"": null, ""4"": null, ""5"": null, ""6"": null, ""7"": null}","{""0"": 250, ""1"": 250}",250,1,0,0,0,0.313,ultrasonic-not-close,KEEP_PAUSED,left,right,,0
887,2026-08-02T03:35:42.866+09:00,207.347,886,2.90,0,DRIVING,,0,1,1,0,0,1,-0.056441,-2.576,3931,0,0.013753,0.013753,0,0,0.000,255,740,green,0.379,,0,unknown,0.000000,null,0.000000,0.262,"[0.2, 0.41, 0.8, 1.0]","[256, 295, 1024, 720]",,"{""0"": 250, ""1"": 250, ""2"": null, ""3"": null, ""4"": null, ""5"": null, ""6"": null, ""7"": null}","{""0"": 0.0, ""1"": 0.0, ""2"": null, ""3"": null, ""4"": null, ""5"": null, ""6"": null, ""7"": null}","{""0"": 250, ""1"": 250}",250,1,0,0,0,0.262,ultrasonic-not-close,KEEP_PAUSED,left,right,,0
888,2026-08-02T03:35:43.206+09:00,207.686,887,2.91,0,DRIVING,,0,1,1,0,0,1,-0.050801,-1.331,4398,0,0.019800,0.019800,0,0,0.000,255,740,green,0.335,,0,unknown,0.000000,null,0.000000,0.274,"[0.2, 0.41, 0.8, 1.0]","[256, 295, 1024, 720]",,"{""0"": 250, ""1"": 250, ""2"": null, ""3"": null, ""4"": null, ""5"": null, ""6"": null, ""7"": null}","{""0"": 0.0, ""1"": 0.0, ""2"": null, ""3"": null, ""4"": null, ""5"": null, ""6"": null, ""7"": null}","{""0"": 250, ""1"": 250}",250,1,0,0,0,0.274,ultrasonic-not-close,KEEP_PAUSED,left,right,,0
889,2026-08-02T03:35:43.547+09:00,208.030,888,2.92,0,DRIVING,,0,1,1,0,0,1,-0.050279,-0.354,5071,0,0.039414,0.039414,0,0,0.000,255,740,green,0.349,,0,unknown,0.000000,null,0.000000,0.280,"[0.2, 0.41, 0.8, 1.0]","[256, 295, 1024, 720]",,"{""0"": 250, ""1"": 250, ""2"": null, ""3"": null, ""4"": null, ""5"": null, ""6"": null, ""7"": null}","{""0"": 0.0, ""1"": 0.0, ""2"": null, ""3"": null, ""4"": null, ""5"": null, ""6"": null, ""7"": null}","{""0"": 250, ""1"": 250}",250,1,0,0,0,0.280,ultrasonic-not-close,KEEP_PAUSED,left,right,,0
890,2026-08-02T03:35:43.968+09:00,208.450,889,2.88,0,DRIVING,,0,1,1,0,0,1,-0.050444,0.396,5121,0,0.055333,0.055333,0,0,0.000,255,740,green,0.347,,0,unknown,0.000000,null,0.000000,0.359,"[0.2, 0.41, 0.8, 1.0]","[256, 295, 1024, 720]",,"{""0"": 250, ""1"": 250, ""2"": null, ""3"": null, ""4"": null, ""5"": null, ""6"": null, ""7"": null}","{""0"": 0.0, ""1"": 0.0, ""2"": null, ""3"": null, ""4"": null, ""5"": null, ""6"": null, ""7"": null}","{""0"": 250, ""1"": 250}",250,1,0,0,0,0.359,ultrasonic-not-close,KEEP_PAUSED,left,right,,0
891,2026-08-02T03:35:44.305+09:00,208.788,890,2.89,0,DRIVING,,0,1,1,0,0,1,-0.050608,0.955,5122,0,0.066566,0.066566,0,0,0.000,255,739,green,0.431,,0,unknown,0.000000,null,0.000000,0.272,"[0.2, 0.41, 0.8, 1.0]","[256, 295, 1024, 720]",,"{""0"": 250, ""1"": 250, ""2"": null, ""3"": null, ""4"": null, ""5"": null, ""6"": null, ""7"": null}","{""0"": 0.0, ""1"": 0.0, ""2"": null, ""3"": null, ""4"": null, ""5"": null, ""6"": null, ""7"": null}","{""0"": 250, ""1"": 250}",250,1,0,0,0,0.272,ultrasonic-not-close,KEEP_PAUSED,left,right,,0
892,2026-08-02T03:35:44.638+09:00,209.120,891,2.90,0,DRIVING,,0,1,1,0,0,1,-0.050444,1.369,5086,0,0.073332,0.073332,0,0,0.000,255,740,green,0.348,,0,unknown,0.000000,null,0.000000,0.267,"[0.2, 0.41, 0.8, 1.0]","[256, 295, 1024, 720]",,"{""0"": 250, ""1"": 250, ""2"": null, ""3"": null, ""4"": null, ""5"": null, ""6"": null, ""7"": null}","{""0"": 0.0, ""1"": 0.0, ""2"": null, ""3"": null, ""4"": null, ""5"": null, ""6"": null, ""7"": null}","{""0"": 250, ""1"": 250}",250,1,0,0,0,0.267,ultrasonic-not-close,KEEP_PAUSED,left,right,,0
893,2026-08-02T03:35:45.038+09:00,209.521,892,2.89,0,DRIVING,,0,1,1,0,0,1,-0.049950,1.677,5076,0,0.076794,0.076794,0,0,0.000,255,740,green,0.338,,0,unknown,0.000000,null,0.000000,0.337,"[0.2, 0.41, 0.8, 1.0]","[256, 295, 1024, 720]",,"{""0"": 250, ""1"": 250, ""2"": null, ""3"": null, ""4"": null, ""5"": null, ""6"": null, ""7"": null}","{""0"": 0.0, ""1"": 0.0, ""2"": null, ""3"": null, ""4"": null, ""5"": null, ""6"": null, ""7"": null}","{""0"": 250, ""1"": 250}",250,1,0,0,0,0.337,ultrasonic-not-close,KEEP_PAUSED,left,right,,0
894,2026-08-02T03:35:45.332+09:00,209.815,893,2.91,0,DRIVING,,0,1,1,0,0,1,-0.050279,1.904,5088,0,0.081914,0.081914,0,0,0.000,255,739,green,0.409,,0,unknown,0.000000,null,0.000000,0.226,"[0.2, 0.41, 0.8, 1.0]","[256, 295, 1024, 720]",,"{""0"": 250, ""1"": 250, ""2"": null, ""3"": null, ""4"": null, ""5"": null, ""6"": null, ""7"": null}","{""0"": 0.0, ""1"": 0.0, ""2"": null, ""3"": null, ""4"": null, ""5"": null, ""6"": null, ""7"": null}","{""0"": 250, ""1"": 250}",250,1,0,0,0,0.226,ultrasonic-not-close,KEEP_PAUSED,left,right,,0
895,2026-08-02T03:35:45.613+09:00,210.096,894,2.94,0,DRIVING,,0,1,1,0,0,1,-0.050279,2.072,5098,0,0.084490,0.084490,0,0,0.000,255,739,green,0.295,,0,unknown,0.000000,null,0.000000,0.219,"[0.2, 0.41, 0.8, 1.0]","[256, 295, 1024, 720]",,"{""0"": 250, ""1"": 250, ""2"": null, ""3"": null, ""4"": null, ""5"": null, ""6"": null, ""7"": null}","{""0"": 0.0, ""1"": 0.0, ""2"": null, ""3"": null, ""4"": null, ""5"": null, ""6"": null, ""7"": null}","{""0"": 250, ""1"": 250}",250,1,0,0,0,0.219,ultrasonic-not-close,KEEP_PAUSED,left,right,,0
896,2026-08-02T03:35:46.019+09:00,210.506,895,2.93,0,DRIVING,,0,1,1,0,0,1,-0.050279,2.190,5098,0,0.086294,0.086294,0,0,0.000,255,739,green,0.290,,0,unknown,0.000000,null,0.000000,0.346,"[0.2, 0.41, 0.8, 1.0]","[256, 295, 1024, 720]",,"{""0"": 250, ""1"": 250, ""2"": null, ""3"": null, ""4"": null, ""5"": null, ""6"": null, ""7"": null}","{""0"": 0.0, ""1"": 0.0, ""2"": null, ""3"": null, ""4"": null, ""5"": null, ""6"": null, ""7"": null}","{""0"": 250, ""1"": 250}",250,1,0,0,0,0.346,ultrasonic-not-close,KEEP_PAUSED,left,right,,0
897,2026-08-02T03:35:46.384+09:00,210.870,896,2.92,0,DRIVING,,0,1,1,0,0,1,-0.050444,2.282,5130,0,0.088149,0.088149,0,0,0.000,255,739,green,0.408,,0,unknown,0.000000,null,0.000000,0.308,"[0.2, 0.41, 0.8, 1.0]","[256, 295, 1024, 720]",,"{""0"": 250, ""1"": 250, ""2"": null, ""3"": null, ""4"": null, ""5"": null, ""6"": null, ""7"": null}","{""0"": 0.0, ""1"": 0.0, ""2"": null, ""3"": null, ""4"": null, ""5"": null, ""6"": null, ""7"": null}","{""0"": 250, ""1"": 250}",250,1,0,0,0,0.308,ultrasonic-not-close,KEEP_PAUSED,left,right,,0
898,2026-08-02T03:35:46.788+09:00,211.273,897,2.95,0,DRIVING,,0,1,1,0,0,1,-0.050773,2.352,5102,0,0.090129,0.090129,0,0,0.000,255,739,green,0.368,,0,unknown,0.000000,null,0.000000,0.348,"[0.2, 0.41, 0.8, 1.0]","[256, 295, 1024, 720]",,"{""0"": 250, ""1"": 250, ""2"": null, ""3"": null, ""4"": null, ""5"": null, ""6"": null, ""7"": null}","{""0"": 0.0, ""1"": 0.0, ""2"": null, ""3"": null, ""4"": null, ""5"": null, ""6"": null, ""7"": null}","{""0"": 250, ""1"": 250}",250,1,0,0,0,0.348,ultrasonic-not-close,KEEP_PAUSED,left,right,,0
899,2026-08-02T03:35:47.177+09:00,211.657,898,2.95,0,DRIVING,,0,1,1,0,0,1,-0.050444,2.403,5093,0,0.089323,0.089323,0,0,0.000,255,740,green,0.413,,0,unknown,0.000000,null,0.000000,0.324,"[0.2, 0.41, 0.8, 1.0]","[256, 295, 1024, 720]",,"{""0"": 250, ""1"": 250, ""2"": null, ""3"": null, ""4"": null, ""5"": null, ""6"": null, ""7"": null}","{""0"": 0.0, ""1"": 0.0, ""2"": null, ""3"": null, ""4"": null, ""5"": null, ""6"": null, ""7"": null}","{""0"": 250, ""1"": 250}",250,1,0,0,0,0.324,ultrasonic-not-close,KEEP_PAUSED,left,right,,0
900,2026-08-02T03:35:47.608+09:00,212.093,899,2.92,0,DRIVING,,0,1,1,0,0,1,-0.050773,2.446,5099,0,0.090951,0.090951,0,0,0.000,255,740,green,0.395,,0,unknown,0.000000,null,0.000000,0.371,"[0.2, 0.41, 0.8, 1.0]","[256, 295, 1024, 720]",,"{""0"": 250, ""1"": 250, ""2"": null, ""3"": null, ""4"": null, ""5"": null, ""6"": null, ""7"": null}","{""0"": 0.0, ""1"": 0.0, ""2"": null, ""3"": null, ""4"": null, ""5"": null, ""6"": null, ""7"": null}","{""0"": 250, ""1"": 250}",250,1,0,0,0,0.371,ultrasonic-not-close,KEEP_PAUSED,left,right,,0
901,2026-08-02T03:35:48.005+09:00,212.492,900,2.92,0,DRIVING,,0,1,1,0,0,1,-0.050773,2.475,5111,0,0.091083,0.091083,0,0,0.000,255,739,green,0.432,,0,unknown,0.000000,null,0.000000,0.343,"[0.2, 0.41, 0.8, 1.0]","[256, 295, 1024, 720]",,"{""0"": 250, ""1"": 250, ""2"": null, ""3"": null, ""4"": null, ""5"": null, ""6"": null, ""7"": null}","{""0"": 0.0, ""1"": 0.0, ""2"": null, ""3"": null, ""4"": null, ""5"": null, ""6"": null, ""7"": null}","{""0"": 250, ""1"": 250}",250,1,0,0,0,0.343,ultrasonic-not-close,KEEP_PAUSED,left,right,,0
902,2026-08-02T03:35:48.398+09:00,212.879,901,2.90,0,DRIVING,,0,1,1,0,0,1,-0.050444,2.486,5154,0,0.089990,0.089990,0,0,0.000,255,740,green,0.407,,0,unknown,0.000000,null,0.000000,0.334,"[0.2, 0.41, 0.8, 1.0]","[256, 295, 1024, 720]",,"{""0"": 250, ""1"": 250, ""2"": null, ""3"": null, ""4"": null, ""5"": null, ""6"": null, ""7"": null}","{""0"": 0.0, ""1"": 0.0, ""2"": null, ""3"": null, ""4"": null, ""5"": null, ""6"": null, ""7"": null}","{""0"": 250, ""1"": 250}",250,1,0,0,0,0.334,ultrasonic-not-close,KEEP_PAUSED,left,right,,0
903,2026-08-02T03:35:48.854+09:00,213.340,902,2.85,0,DRIVING,,0,1,1,0,0,1,-0.050608,2.500,5146,0,0.090825,0.090825,0,0,0.000,255,739,green,0.402,,0,unknown,0.000000,null,0.000000,0.399,"[0.2, 0.41, 0.8, 1.0]","[256, 295, 1024, 720]",,"{""0"": 250, ""1"": 250, ""2"": null, ""3"": null, ""4"": null, ""5"": null, ""6"": null, ""7"": null}","{""0"": 0.0, ""1"": 0.0, ""2"": null, ""3"": null, ""4"": null, ""5"": null, ""6"": null, ""7"": null}","{""0"": 250, ""1"": 250}",250,1,0,0,0,0.399,ultrasonic-not-close,KEEP_PAUSED,left,right,,0
904,2026-08-02T03:35:49.259+09:00,213.739,903,2.83,0,DRIVING,,0,1,1,0,0,1,-0.050773,2.511,5137,0,0.091499,0.091499,0,0,0.000,255,739,green,0.460,,0,unknown,0.000000,null,0.000000,0.342,"[0.2, 0.41, 0.8, 1.0]","[256, 295, 1024, 720]",,"{""0"": 250, ""1"": 250, ""2"": null, ""3"": null, ""4"": null, ""5"": null, ""6"": null, ""7"": null}","{""0"": 0.0, ""1"": 0.0, ""2"": null, ""3"": null, ""4"": null, ""5"": null, ""6"": null, ""7"": null}","{""0"": 250, ""1"": 250}",250,1,0,0,0,0.342,ultrasonic-not-close,KEEP_PAUSED,left,right,,0
905,2026-08-02T03:35:49.649+09:00,214.132,904,2.78,0,DRIVING,,0,1,1,0,0,1,-0.050444,2.514,5156,0,0.090281,0.090281,0,0,0.000,255,740,green,0.420,,0,unknown,0.000000,null,0.000000,0.323,"[0.2, 0.41, 0.8, 1.0]","[256, 295, 1024, 720]",,"{""0"": 250, ""1"": 120, ""2"": null, ""3"": null, ""4"": null, ""5"": null, ""6"": null, ""7"": null}","{""0"": 0.0, ""1"": 0.0, ""2"": null, ""3"": null, ""4"": null, ""5"": null, ""6"": null, ""7"": null}","{""0"": 250, ""1"": 120}",120,1,1,0,0,0.323,car-not-detected-or-stale,KEEP_PAUSED,left,right,,0
906,2026-08-02T03:35:49.903+09:00,214.380,905,2.82,0,DRIVING,,0,1,1,0,0,1,-0.050608,2.520,5146,0,0.091029,0.091029,0,0,0.000,255,739,green,0.394,,0,unknown,0.000000,null,0.000000,0.184,"[0.2, 0.41, 0.8, 1.0]","[256, 295, 1024, 720]",,"{""0"": 250, ""1"": 250, ""2"": null, ""3"": null, ""4"": null, ""5"": null, ""6"": null, ""7"": null}","{""0"": 0.0, ""1"": 0.0, ""2"": null, ""3"": null, ""4"": null, ""5"": null, ""6"": null, ""7"": null}","{""0"": 250, ""1"": 250}",250,1,0,0,0,0.184,ultrasonic-not-close,KEEP_PAUSED,left,right,,0
907,2026-08-02T03:35:50.175+09:00,214.655,906,2.83,0,DRIVING,,0,1,1,0,0,1,-0.050444,2.523,5158,0,0.090456,0.090456,0,0,0.000,255,739,green,0.258,,0,unknown,0.000000,null,0.000000,0.207,"[0.2, 0.41, 0.8, 1.0]","[256, 295, 1024, 720]",,"{""0"": 250, ""1"": 120, ""2"": null, ""3"": null, ""4"": null, ""5"": null, ""6"": null, ""7"": null}","{""0"": 0.0, ""1"": 0.0, ""2"": null, ""3"": null, ""4"": null, ""5"": null, ""6"": null, ""7"": null}","{""0"": 250, ""1"": 120}",120,1,1,0,0,0.207,car-not-detected-or-stale,KEEP_PAUSED,left,right,,0
908,2026-08-02T03:35:50.554+09:00,215.038,907,2.80,0,DRIVING,,0,1,1,0,0,1,-0.050608,2.526,5138,0,0.091152,0.091152,0,0,0.000,255,739,green,0.278,,0,unknown,0.000000,null,0.000000,0.317,"[0.2, 0.41, 0.8, 1.0]","[256, 295, 1024, 720]",,"{""0"": 250, ""1"": 250, ""2"": null, ""3"": null, ""4"": null, ""5"": null, ""6"": null, ""7"": null}","{""0"": 0.0, ""1"": 0.0, ""2"": null, ""3"": null, ""4"": null, ""5"": null, ""6"": null, ""7"": null}","{""0"": 250, ""1"": 250}",250,1,0,0,0,0.317,ultrasonic-not-close,KEEP_PAUSED,left,right,,0
909,2026-08-02T03:35:50.933+09:00,215.416,908,2.78,0,DRIVING,,0,1,1,0,0,1,-0.050773,2.533,5145,0,0.091727,0.091727,0,0,0.000,255,740,green,0.385,,0,unknown,0.000000,null,0.000000,0.315,"[0.2, 0.41, 0.8, 1.0]","[256, 295, 1024, 720]",,"{""0"": 250, ""1"": 120, ""2"": null, ""3"": null, ""4"": null, ""5"": null, ""6"": null, ""7"": null}","{""0"": 0.0, ""1"": 0.0, ""2"": null, ""3"": null, ""4"": null, ""5"": null, ""6"": null, ""7"": null}","{""0"": 250, ""1"": 120}",120,1,1,0,0,0.315,car-not-detected-or-stale,KEEP_PAUSED,left,right,,0
910,2026-08-02T03:35:51.222+09:00,215.709,909,2.80,0,DRIVING,,0,1,1,0,0,1,-0.050773,2.533,5162,0,0.091626,0.091626,0,0,0.000,255,739,green,0.386,,0,unknown,0.000000,null,0.000000,0.231,"[0.2, 0.41, 0.8, 1.0]","[256, 295, 1024, 720]",,"{""0"": 250, ""1"": 120, ""2"": null, ""3"": null, ""4"": null, ""5"": null, ""6"": null, ""7"": null}","{""0"": 0.0, ""1"": 0.0, ""2"": null, ""3"": null, ""4"": null, ""5"": null, ""6"": null, ""7"": null}","{""0"": 250, ""1"": 120}",120,1,1,0,0,0.231,car-not-detected-or-stale,KEEP_PAUSED,left,right,,0
911,2026-08-02T03:35:51.653+09:00,216.134,910,2.77,0,DRIVING,,0,1,1,0,0,1,-0.050444,2.531,5155,0,0.090371,0.090371,0,0,0.000,255,740,green,0.295,,0,unknown,0.000000,null,0.000000,0.366,"[0.2, 0.41, 0.8, 1.0]","[256, 295, 1024, 720]",,"{""0"": 250, ""1"": 119, ""2"": null, ""3"": null, ""4"": null, ""5"": null, ""6"": null, ""7"": null}","{""0"": 0.0, ""1"": 0.0, ""2"": null, ""3"": null, ""4"": null, ""5"": null, ""6"": null, ""7"": null}","{""0"": 250, ""1"": 119}",119,1,1,0,0,0.366,car-not-detected-or-stale,KEEP_PAUSED,left,right,,0
912,2026-08-02T03:35:51.981+09:00,216.461,911,2.78,0,DRIVING,,0,1,1,0,0,1,-0.050608,2.531,5151,0,0.091092,0.091092,0,0,0.000,255,741,green,0.435,,0,unknown,0.000000,null,0.000000,0.263,"[0.2, 0.41, 0.8, 1.0]","[256, 295, 1024, 720]",,"{""0"": 250, ""1"": 250, ""2"": null, ""3"": null, ""4"": null, ""5"": null, ""6"": null, ""7"": null}","{""0"": 0.0, ""1"": 0.0, ""2"": null, ""3"": null, ""4"": null, ""5"": null, ""6"": null, ""7"": null}","{""0"": 250, ""1"": 250}",250,1,0,0,0,0.263,ultrasonic-not-close,KEEP_PAUSED,left,right,,0
913,2026-08-02T03:35:52.263+09:00,216.748,912,2.78,0,DRIVING,,0,1,1,0,0,1,-0.050444,2.530,5155,0,0.090500,0.090500,0,0,0.000,255,739,green,0.340,,0,unknown,0.000000,null,0.000000,0.220,"[0.2, 0.41, 0.8, 1.0]","[256, 295, 1024, 720]",,"{""0"": 250, ""1"": 250, ""2"": null, ""3"": null, ""4"": null, ""5"": null, ""6"": null, ""7"": null}","{""0"": 0.001, ""1"": 0.001, ""2"": null, ""3"": null, ""4"": null, ""5"": null, ""6"": null, ""7"": null}","{""0"": 250, ""1"": 250}",250,1,0,0,0,0.219,ultrasonic-not-close,KEEP_PAUSED,left,right,,0
914,2026-08-02T03:35:52.554+09:00,217.036,913,2.81,0,DRIVING,,0,1,1,0,0,1,-0.050608,2.532,5142,0,0.091182,0.091182,0,0,0.000,255,740,green,0.282,,0,unknown,0.000000,null,0.000000,0.230,"[0.2, 0.41, 0.8, 1.0]","[256, 295, 1024, 720]",,"{""0"": 250, ""1"": 120, ""2"": null, ""3"": null, ""4"": null, ""5"": null, ""6"": null, ""7"": null}","{""0"": 0.0, ""1"": 0.0, ""2"": null, ""3"": null, ""4"": null, ""5"": null, ""6"": null, ""7"": null}","{""0"": 250, ""1"": 120}",120,1,1,0,0,0.230,car-not-detected-or-stale,KEEP_PAUSED,left,right,,0
915,2026-08-02T03:35:52.871+09:00,217.354,914,2.80,0,DRIVING,,0,1,1,0,0,1,-0.050773,2.535,5138,0,0.091749,0.091749,0,0,0.000,255,740,green,0.300,,0,unknown,0.000000,null,0.000000,0.254,"[0.2, 0.41, 0.8, 1.0]","[256, 295, 1024, 720]",,"{""0"": 250, ""1"": 250, ""2"": null, ""3"": null, ""4"": null, ""5"": null, ""6"": null, ""7"": null}","{""0"": 0.0, ""1"": 0.0, ""2"": null, ""3"": null, ""4"": null, ""5"": null, ""6"": null, ""7"": null}","{""0"": 250, ""1"": 250}",250,1,0,0,0,0.254,ultrasonic-not-close,KEEP_PAUSED,left,right,,0
916,2026-08-02T03:35:53.146+09:00,217.625,915,2.83,0,DRIVING,,0,1,1,0,0,1,-0.050608,2.536,5152,0,0.091049,0.091049,0,0,0.000,255,739,green,0.323,,0,unknown,0.000000,null,0.000000,0.210,"[0.2, 0.41, 0.8, 1.0]","[256, 295, 1024, 720]",,"{""0"": 250, ""1"": 121, ""2"": null, ""3"": null, ""4"": null, ""5"": null, ""6"": null, ""7"": null}","{""0"": 0.0, ""1"": 0.0, ""2"": null, ""3"": null, ""4"": null, ""5"": null, ""6"": null, ""7"": null}","{""0"": 250, ""1"": 121}",121,1,1,0,0,0.210,car-not-detected-or-stale,KEEP_PAUSED,left,right,,0
917,2026-08-02T03:35:53.527+09:00,218.008,916,2.81,0,DRIVING,,0,1,1,0,0,1,-0.050773,2.535,5147,0,0.091655,0.091655,0,0,0.000,255,739,green,0.282,,0,unknown,0.000000,null,0.000000,0.313,"[0.2, 0.41, 0.8, 1.0]","[256, 295, 1024, 720]",,"{""0"": 250, ""1"": 119, ""2"": null, ""3"": null, ""4"": null, ""5"": null, ""6"": null, ""7"": null}","{""0"": 0.0, ""1"": 0.0, ""2"": null, ""3"": null, ""4"": null, ""5"": null, ""6"": null, ""7"": null}","{""0"": 250, ""1"": 119}",119,1,1,0,0,0.313,car-not-detected-or-stale,KEEP_PAUSED,left,right,,0
918,2026-08-02T03:35:53.902+09:00,218.374,917,2.81,0,DRIVING,,0,1,1,0,0,1,-0.050608,2.534,5151,0,0.090983,0.090983,0,0,0.000,255,740,green,0.385,,0,unknown,0.000000,null,0.000000,0.303,"[0.2, 0.41, 0.8, 1.0]","[256, 295, 1024, 720]",,"{""0"": 250, ""1"": 250, ""2"": null, ""3"": null, ""4"": null, ""5"": null, ""6"": null, ""7"": null}","{""0"": 0.0, ""1"": 0.0, ""2"": null, ""3"": null, ""4"": null, ""5"": null, ""6"": null, ""7"": null}","{""0"": 250, ""1"": 250}",250,1,0,0,0,0.303,ultrasonic-not-close,KEEP_PAUSED,left,right,,0
919,2026-08-02T03:35:54.134+09:00,218.616,918,2.83,0,DRIVING,,0,1,1,0,0,1,-0.050938,2.535,5160,0,0.092202,0.092202,0,0,0.000,255,740,green,0.370,,0,unknown,0.000000,null,0.000000,0.179,"[0.2, 0.41, 0.8, 1.0]","[256, 295, 1024, 720]",,"{""0"": 250, ""1"": 250, ""2"": null, ""3"": null, ""4"": null, ""5"": null, ""6"": null, ""7"": null}","{""0"": 0.0, ""1"": 0.0, ""2"": null, ""3"": null, ""4"": null, ""5"": null, ""6"": null, ""7"": null}","{""0"": 250, ""1"": 250}",250,1,0,0,0,0.179,ultrasonic-not-close,KEEP_PAUSED,left,right,,0
920,2026-08-02T03:35:54.389+09:00,218.871,919,2.88,0,DRIVING,,0,1,1,0,0,1,-0.050608,2.533,5173,0,0.090862,0.090862,0,0,0.000,255,739,green,0.253,,0,unknown,0.000000,null,0.000000,0.190,"[0.2, 0.41, 0.8, 1.0]","[256, 295, 1024, 720]",,"{""0"": 250, ""1"": 120, ""2"": null, ""3"": null, ""4"": null, ""5"": null, ""6"": null, ""7"": null}","{""0"": 0.0, ""1"": 0.0, ""2"": null, ""3"": null, ""4"": null, ""5"": null, ""6"": null, ""7"": null}","{""0"": 250, ""1"": 120}",120,1,1,0,0,0.190,car-not-detected-or-stale,KEEP_PAUSED,left,right,,0
921,2026-08-02T03:35:54.663+09:00,219.146,920,2.90,0,DRIVING,,0,1,1,0,0,1,-0.050444,2.535,5158,0,0.090340,0.090340,0,0,0.000,255,740,green,0.260,,0,unknown,0.000000,null,0.000000,0.211,"[0.2, 0.41, 0.8, 1.0]","[256, 295, 1024, 720]",,"{""0"": 250, ""1"": 250, ""2"": null, ""3"": null, ""4"": null, ""5"": null, ""6"": null, ""7"": null}","{""0"": 0.0, ""1"": 0.0, ""2"": null, ""3"": null, ""4"": null, ""5"": null, ""6"": null, ""7"": null}","{""0"": 250, ""1"": 250}",250,1,0,0,0,0.211,ultrasonic-not-close,KEEP_PAUSED,left,right,,0
922,2026-08-02T03:35:54.870+09:00,219.353,921,2.93,0,DRIVING,,0,1,1,0,0,1,-0.050773,2.537,5171,0,0.091663,0.091663,0,0,0.000,255,739,green,0.280,,0,unknown,0.000000,null,0.000000,0.418,"[0.2, 0.41, 0.8, 1.0]","[256, 295, 1024, 720]",,"{""0"": 250, ""1"": 250, ""2"": null, ""3"": null, ""4"": null, ""5"": null, ""6"": null, ""7"": null}","{""0"": 0.0, ""1"": 0.0, ""2"": null, ""3"": null, ""4"": null, ""5"": null, ""6"": null, ""7"": null}","{""0"": 250, ""1"": 250}",250,1,0,0,0,0.418,ultrasonic-not-close,KEEP_PAUSED,left,right,,0
923,2026-08-02T03:35:55.161+09:00,219.640,922,2.96,0,DRIVING,,0,1,1,0,0,1,-0.050773,2.540,5152,0,0.091581,0.091581,0,0,0.000,255,740,green,0.213,,0,unknown,0.000000,null,0.000000,0.225,"[0.2, 0.41, 0.8, 1.0]","[256, 295, 1024, 720]",,"{""0"": 250, ""1"": 119, ""2"": null, ""3"": null, ""4"": null, ""5"": null, ""6"": null, ""7"": null}","{""0"": 0.0, ""1"": 0.0, ""2"": null, ""3"": null, ""4"": null, ""5"": null, ""6"": null, ""7"": null}","{""0"": 250, ""1"": 119}",119,1,1,0,0,0.225,car-not-detected-or-stale,KEEP_PAUSED,left,right,,0
924,2026-08-02T03:35:55.505+09:00,219.986,923,2.95,0,DRIVING,,0,1,1,0,0,1,-0.050444,2.539,5162,0,0.090339,0.090339,0,0,0.000,255,740,green,0.303,,0,unknown,0.000000,null,0.000000,0.275,"[0.2, 0.41, 0.8, 1.0]","[256, 295, 1024, 720]",,"{""0"": 250, ""1"": 119, ""2"": null, ""3"": null, ""4"": null, ""5"": null, ""6"": null, ""7"": null}","{""0"": 0.0, ""1"": 0.0, ""2"": null, ""3"": null, ""4"": null, ""5"": null, ""6"": null, ""7"": null}","{""0"": 250, ""1"": 119}",119,1,1,0,0,0.275,car-not-detected-or-stale,KEEP_PAUSED,left,right,,0
925,2026-08-02T03:35:55.814+09:00,220.295,924,2.94,0,DRIVING,,0,1,1,0,0,1,-0.050773,2.541,5164,0,0.091662,0.091662,0,0,0.000,255,739,green,0.345,,0,unknown,0.000000,null,0.000000,0.243,"[0.2, 0.41, 0.8, 1.0]","[256, 295, 1024, 720]",,"{""0"": 250, ""1"": 250, ""2"": null, ""3"": null, ""4"": null, ""5"": null, ""6"": null, ""7"": null}","{""0"": 0.0, ""1"": 0.0, ""2"": null, ""3"": null, ""4"": null, ""5"": null, ""6"": null, ""7"": null}","{""0"": 250, ""1"": 250}",250,1,0,0,0,0.243,ultrasonic-not-close,KEEP_PAUSED,left,right,,0
926,2026-08-02T03:35:56.111+09:00,220.592,925,2.98,0,DRIVING,,0,1,1,0,0,1,-0.050938,2.542,5167,0,0.092173,0.092173,0,0,0.000,255,739,green,0.314,,0,unknown,0.000000,null,0.000000,0.232,"[0.2, 0.41, 0.8, 1.0]","[256, 295, 1024, 720]",,"{""0"": 250, ""1"": 250, ""2"": null, ""3"": null, ""4"": null, ""5"": null, ""6"": null, ""7"": null}","{""0"": 0.0, ""1"": 0.0, ""2"": null, ""3"": null, ""4"": null, ""5"": null, ""6"": null, ""7"": null}","{""0"": 250, ""1"": 250}",250,1,0,0,0,0.232,ultrasonic-not-close,KEEP_PAUSED,left,right,,0
927,2026-08-02T03:35:56.335+09:00,220.816,926,3.02,0,DRIVING,,0,1,1,0,0,1,-0.050773,2.542,5154,0,0.091435,0.091435,0,0,0.000,255,740,green,0.310,,0,unknown,0.000000,null,0.000000,0.151,"[0.2, 0.41, 0.8, 1.0]","[256, 295, 1024, 720]",,"{""0"": 250, ""1"": 250, ""2"": null, ""3"": null, ""4"": null, ""5"": null, ""6"": null, ""7"": null}","{""0"": 0.0, ""1"": 0.0, ""2"": null, ""3"": null, ""4"": null, ""5"": null, ""6"": null, ""7"": null}","{""0"": 250, ""1"": 250}",250,1,0,0,0,0.151,ultrasonic-not-close,KEEP_PAUSED,left,right,,0
928,2026-08-02T03:35:56.538+09:00,221.020,927,3.08,0,DRIVING,,0,1,1,0,0,1,-0.050773,2.542,5171,0,0.091422,0.091422,0,0,0.000,255,740,green,0.227,,0,unknown,0.000000,null,0.000000,0.137,"[0.2, 0.41, 0.8, 1.0]","[256, 295, 1024, 720]",,"{""0"": 250, ""1"": 250, ""2"": null, ""3"": null, ""4"": null, ""5"": null, ""6"": null, ""7"": null}","{""0"": 0.0, ""1"": 0.0, ""2"": null, ""3"": null, ""4"": null, ""5"": null, ""6"": null, ""7"": null}","{""0"": 250, ""1"": 250}",250,1,0,0,0,0.137,ultrasonic-not-close,KEEP_PAUSED,left,right,,0
929,2026-08-02T03:35:56.881+09:00,221.363,928,3.09,0,DRIVING,,0,1,1,0,0,1,-0.050938,2.546,5151,0,0.092005,0.092005,0,0,0.000,255,740,green,0.211,,0,unknown,0.000000,null,0.000000,0.275,"[0.2, 0.41, 0.8, 1.0]","[256, 295, 1024, 720]",,"{""0"": 250, ""1"": 119, ""2"": null, ""3"": null, ""4"": null, ""5"": null, ""6"": null, ""7"": null}","{""0"": 0.0, ""1"": 0.0, ""2"": null, ""3"": null, ""4"": null, ""5"": null, ""6"": null, ""7"": null}","{""0"": 250, ""1"": 119}",119,1,1,0,0,0.275,car-not-detected-or-stale,KEEP_PAUSED,left,right,,0
930,2026-08-02T03:35:57.161+09:00,221.644,929,3.14,0,DRIVING,,0,1,1,0,0,1,-0.050773,2.547,5158,0,0.091317,0.091317,0,0,0.000,255,739,green,0.346,,0,unknown,0.000000,null,0.000000,0.216,"[0.2, 0.41, 0.8, 1.0]","[256, 295, 1024, 720]",,"{""0"": 250, ""1"": 120, ""2"": null, ""3"": null, ""4"": null, ""5"": null, ""6"": null, ""7"": null}","{""0"": 0.0, ""1"": 0.0, ""2"": null, ""3"": null, ""4"": null, ""5"": null, ""6"": null, ""7"": null}","{""0"": 250, ""1"": 120}",120,1,1,0,0,0.216,car-not-detected-or-stale,KEEP_PAUSED,left,right,,0
931,2026-08-02T03:35:57.524+09:00,222.004,930,3.15,0,DRIVING,,0,1,1,0,0,1,-0.050444,2.544,5146,0,0.090154,0.090154,0,0,0.000,255,740,green,0.288,,0,unknown,0.000000,null,0.000000,0.295,"[0.2, 0.41, 0.8, 1.0]","[256, 295, 1024, 720]",,"{""0"": 250, ""1"": 120, ""2"": null, ""3"": null, ""4"": null, ""5"": null, ""6"": null, ""7"": null}","{""0"": 0.0, ""1"": 0.0, ""2"": null, ""3"": null, ""4"": null, ""5"": null, ""6"": null, ""7"": null}","{""0"": 250, ""1"": 120}",120,1,1,0,0,0.295,car-not-detected-or-stale,KEEP_PAUSED,left,right,,0
932,2026-08-02T03:35:57.958+09:00,222.437,931,3.14,0,DRIVING,,0,1,1,0,0,1,-0.050773,2.543,5171,0,0.091533,0.091533,0,0,0.000,255,740,green,0.368,,0,unknown,0.000000,null,0.000000,0.367,"[0.2, 0.41, 0.8, 1.0]","[256, 295, 1024, 720]",,"{""0"": 250, ""1"": 250, ""2"": null, ""3"": null, ""4"": null, ""5"": null, ""6"": null, ""7"": null}","{""0"": 0.0, ""1"": 0.0, ""2"": null, ""3"": null, ""4"": null, ""5"": null, ""6"": null, ""7"": null}","{""0"": 250, ""1"": 250}",250,1,0,0,0,0.367,ultrasonic-not-close,KEEP_PAUSED,left,right,,0
933,2026-08-02T03:35:58.252+09:00,222.738,932,3.19,0,DRIVING,,0,1,1,0,0,1,-0.050608,2.542,5168,0,0.090898,0.090898,0,0,0.000,255,740,green,0.439,,0,unknown,0.000000,null,0.000000,0.236,"[0.2, 0.41, 0.8, 1.0]","[256, 295, 1024, 720]",,"{""0"": 250, ""1"": 250, ""2"": null, ""3"": null, ""4"": null, ""5"": null, ""6"": null, ""7"": null}","{""0"": 0.0, ""1"": 0.0, ""2"": null, ""3"": null, ""4"": null, ""5"": null, ""6"": null, ""7"": null}","{""0"": 250, ""1"": 250}",250,1,0,0,0,0.236,ultrasonic-not-close,KEEP_PAUSED,left,right,,0
934,2026-08-02T03:35:58.643+09:00,223.127,933,3.20,0,DRIVING,,0,1,1,0,0,1,-0.050307,2.546,5239,0,0.089872,0.089872,0,0,0.000,255,740,green,0.302,,0,unknown,0.000000,null,0.000000,0.326,"[0.2, 0.41, 0.8, 1.0]","[256, 295, 1024, 720]",,"{""0"": 250, ""1"": 250, ""2"": null, ""3"": null, ""4"": null, ""5"": null, ""6"": null, ""7"": null}","{""0"": 0.0, ""1"": 0.0, ""2"": null, ""3"": null, ""4"": null, ""5"": null, ""6"": null, ""7"": null}","{""0"": 250, ""1"": 250}",250,1,0,0,0,0.326,ultrasonic-not-close,KEEP_PAUSED,left,right,,0
935,2026-08-02T03:35:58.969+09:00,223.452,934,3.22,0,DRIVING,,0,1,1,0,0,1,-0.050608,2.547,5149,0,0.091161,0.091161,0,0,0.000,255,740,green,0.395,,0,unknown,0.000000,null,0.000000,0.262,"[0.2, 0.41, 0.8, 1.0]","[256, 295, 1024, 720]",,"{""0"": 250, ""1"": 250, ""2"": null, ""3"": null, ""4"": null, ""5"": null, ""6"": null, ""7"": null}","{""0"": 0.0, ""1"": 0.0, ""2"": null, ""3"": null, ""4"": null, ""5"": null, ""6"": null, ""7"": null}","{""0"": 250, ""1"": 250}",250,1,0,0,0,0.262,ultrasonic-not-close,KEEP_PAUSED,left,right,,0
936,2026-08-02T03:35:59.287+09:00,223.768,935,3.20,0,DRIVING,,0,1,1,0,0,1,-0.050608,2.544,5188,0,0.091141,0.091141,0,0,0.000,255,740,green,0.342,,0,unknown,0.000000,null,0.000000,0.244,"[0.2, 0.41, 0.8, 1.0]","[256, 295, 1024, 720]",,"{""0"": 250, ""1"": 120, ""2"": null, ""3"": null, ""4"": null, ""5"": null, ""6"": null, ""7"": null}","{""0"": 0.0, ""1"": 0.0, ""2"": null, ""3"": null, ""4"": null, ""5"": null, ""6"": null, ""7"": null}","{""0"": 250, ""1"": 120}",120,1,1,0,0,0.244,car-not-detected-or-stale,KEEP_PAUSED,left,right,,0
937,2026-08-02T03:35:59.619+09:00,224.100,936,3.18,0,DRIVING,,0,1,1,0,0,1,-0.050608,2.548,5272,0,0.091127,0.091127,0,0,0.000,255,740,green,0.316,,0,unknown,0.000000,null,0.000000,0.268,"[0.2, 0.41, 0.8, 1.0]","[256, 295, 1024, 720]",,"{""0"": 250, ""1"": 250, ""2"": null, ""3"": null, ""4"": null, ""5"": null, ""6"": null, ""7"": null}","{""0"": 0.0, ""1"": 0.0, ""2"": null, ""3"": null, ""4"": null, ""5"": null, ""6"": null, ""7"": null}","{""0"": 250, ""1"": 250}",250,1,0,0,0,0.268,ultrasonic-not-close,KEEP_PAUSED,left,right,,0
938,2026-08-02T03:35:59.987+09:00,224.469,937,3.18,0,DRIVING,,0,1,1,0,0,1,-0.050608,2.548,5173,0,0.091118,0.091118,0,0,0.000,255,739,green,0.339,,0,unknown,0.000000,null,0.000000,0.305,"[0.2, 0.41, 0.8, 1.0]","[256, 295, 1024, 720]",,"{""0"": 250, ""1"": 121, ""2"": null, ""3"": null, ""4"": null, ""5"": null, ""6"": null, ""7"": null}","{""0"": 0.0, ""1"": 0.0, ""2"": null, ""3"": null, ""4"": null, ""5"": null, ""6"": null, ""7"": null}","{""0"": 250, ""1"": 121}",121,1,1,0,0,0.305,car-not-detected-or-stale,KEEP_PAUSED,left,right,,0
939,2026-08-02T03:36:00.330+09:00,224.810,938,3.19,0,DRIVING,,0,1,1,0,0,1,-0.050938,2.548,5160,0,0.092296,0.092296,0,0,0.000,255,740,green,0.375,,0,unknown,0.000000,null,0.000000,0.274,"[0.2, 0.41, 0.8, 1.0]","[256, 295, 1024, 720]",,"{""0"": 250, ""1"": 120, ""2"": null, ""3"": null, ""4"": null, ""5"": null, ""6"": null, ""7"": null}","{""0"": 0.0, ""1"": 0.0, ""2"": null, ""3"": null, ""4"": null, ""5"": null, ""6"": null, ""7"": null}","{""0"": 250, ""1"": 120}",120,1,1,0,0,0.274,car-not-detected-or-stale,KEEP_PAUSED,left,right,,0
940,2026-08-02T03:36:00.728+09:00,225.207,939,3.16,0,DRIVING,,0,1,1,0,0,1,-0.050938,2.550,5158,0,0.092113,0.092113,0,0,0.000,255,739,green,0.352,,0,unknown,0.000000,null,0.000000,0.327,"[0.2, 0.41, 0.8, 1.0]","[256, 295, 1024, 720]",,"{""0"": 250, ""1"": 250, ""2"": null, ""3"": null, ""4"": null, ""5"": null, ""6"": null, ""7"": null}","{""0"": 0.0, ""1"": 0.0, ""2"": null, ""3"": null, ""4"": null, ""5"": null, ""6"": null, ""7"": null}","{""0"": 250, ""1"": 250}",250,1,0,0,0,0.327,ultrasonic-not-close,KEEP_PAUSED,left,right,,0
941,2026-08-02T03:36:01.047+09:00,225.531,940,3.19,0,DRIVING,,0,1,1,0,0,1,-0.050938,2.549,5160,0,0.091986,0.091986,0,0,0.000,255,740,green,0.400,,0,unknown,0.000000,null,0.000000,0.257,"[0.2, 0.41, 0.8, 1.0]","[256, 295, 1024, 720]",,"{""0"": 250, ""1"": 120, ""2"": null, ""3"": null, ""4"": null, ""5"": null, ""6"": null, ""7"": null}","{""0"": 0.0, ""1"": 0.0, ""2"": null, ""3"": null, ""4"": null, ""5"": null, ""6"": null, ""7"": null}","{""0"": 250, ""1"": 120}",120,1,1,0,0,0.257,car-not-detected-or-stale,KEEP_PAUSED,left,right,,0
942,2026-08-02T03:36:01.480+09:00,225.962,941,3.16,0,DRIVING,,0,1,1,0,0,1,-0.050773,2.550,5162,0,0.091304,0.091304,0,0,0.000,255,739,green,0.328,,0,unknown,0.000000,null,0.000000,0.366,"[0.2, 0.41, 0.8, 1.0]","[256, 295, 1024, 720]",,"{""0"": 250, ""1"": 250, ""2"": null, ""3"": null, ""4"": null, ""5"": null, ""6"": null, ""7"": null}","{""0"": 0.0, ""1"": 0.0, ""2"": null, ""3"": null, ""4"": null, ""5"": null, ""6"": null, ""7"": null}","{""0"": 250, ""1"": 250}",250,1,0,0,0,0.366,ultrasonic-not-close,KEEP_PAUSED,left,right,,0
943,2026-08-02T03:36:01.919+09:00,226.402,942,3.11,0,DRIVING,,0,1,1,0,0,1,-0.050938,2.551,5158,0,0.091922,0.091922,0,0,0.000,255,740,green,0.442,,0,unknown,0.000000,null,0.000000,0.372,"[0.2, 0.41, 0.8, 1.0]","[256, 295, 1024, 720]",,"{""0"": 250, ""1"": 120, ""2"": null, ""3"": null, ""4"": null, ""5"": null, ""6"": null, ""7"": null}","{""0"": 0.0, ""1"": 0.0, ""2"": null, ""3"": null, ""4"": null, ""5"": null, ""6"": null, ""7"": null}","{""0"": 250, ""1"": 120}",120,1,1,0,0,0.372,car-not-detected-or-stale,KEEP_PAUSED,left,right,,0
944,2026-08-02T03:36:02.259+09:00,226.742,943,3.09,0,DRIVING,,0,1,1,0,0,1,-0.050938,2.552,5158,0,0.091852,0.091852,0,0,0.000,255,739,green,0.436,,0,unknown,0.000000,null,0.000000,0.280,"[0.2, 0.41, 0.8, 1.0]","[256, 295, 1024, 720]",,"{""0"": 250, ""1"": 250, ""2"": null, ""3"": null, ""4"": null, ""5"": null, ""6"": null, ""7"": null}","{""0"": 0.0, ""1"": 0.0, ""2"": null, ""3"": null, ""4"": null, ""5"": null, ""6"": null, ""7"": null}","{""0"": 250, ""1"": 250}",250,1,0,0,0,0.280,ultrasonic-not-close,KEEP_PAUSED,left,right,,0
945,2026-08-02T03:36:02.703+09:00,227.183,944,3.05,0,DRIVING,,0,1,1,0,0,1,-0.050773,2.552,5162,0,0.091210,0.091210,0,0,0.000,255,739,green,0.351,,0,unknown,0.000000,null,0.000000,0.375,"[0.2, 0.41, 0.8, 1.0]","[256, 295, 1024, 720]",,"{""0"": 250, ""1"": 120, ""2"": null, ""3"": null, ""4"": null, ""5"": null, ""6"": null, ""7"": null}","{""0"": 0.0, ""1"": 0.0, ""2"": null, ""3"": null, ""4"": null, ""5"": null, ""6"": null, ""7"": null}","{""0"": 250, ""1"": 120}",120,1,1,0,0,0.375,car-not-detected-or-stale,KEEP_PAUSED,left,right,,0
946,2026-08-02T03:36:03.106+09:00,227.586,945,3.01,0,DRIVING,,0,1,1,0,0,1,-0.050773,2.549,5144,0,0.091264,0.091264,0,0,0.000,255,739,green,0.455,,0,unknown,0.000000,null,0.000000,0.334,"[0.2, 0.41, 0.8, 1.0]","[256, 295, 1024, 720]",,"{""0"": 250, ""1"": 120, ""2"": null, ""3"": null, ""4"": null, ""5"": null, ""6"": null, ""7"": null}","{""0"": 0.0, ""1"": 0.0, ""2"": null, ""3"": null, ""4"": null, ""5"": null, ""6"": null, ""7"": null}","{""0"": 250, ""1"": 120}",120,1,1,0,0,0.334,car-not-detected-or-stale,KEEP_PAUSED,left,right,,0
947,2026-08-02T03:36:03.505+09:00,227.984,946,3.01,0,DRIVING,,0,1,1,0,0,1,-0.050938,2.550,5147,0,0.091895,0.091895,0,0,0.000,255,740,green,0.409,,0,unknown,0.000000,null,0.000000,0.327,"[0.2, 0.41, 0.8, 1.0]","[256, 295, 1024, 720]",,"{""0"": 250, ""1"": 121, ""2"": null, ""3"": null, ""4"": null, ""5"": null, ""6"": null, ""7"": null}","{""0"": 0.0, ""1"": 0.0, ""2"": null, ""3"": null, ""4"": null, ""5"": null, ""6"": null, ""7"": null}","{""0"": 250, ""1"": 121}",121,1,1,0,0,0.327,car-not-detected-or-stale,KEEP_PAUSED,left,right,,0
948,2026-08-02T03:36:03.787+09:00,228.266,947,3.03,0,DRIVING,,0,1,1,0,0,1,-0.050938,2.551,5154,0,0.091833,0.091833,0,0,0.000,255,740,green,0.403,,0,unknown,0.000000,null,0.000000,0.216,"[0.2, 0.41, 0.8, 1.0]","[256, 295, 1024, 720]",,"{""0"": 250, ""1"": 121, ""2"": null, ""3"": null, ""4"": null, ""5"": null, ""6"": null, ""7"": null}","{""0"": 0.0, ""1"": 0.0, ""2"": null, ""3"": null, ""4"": null, ""5"": null, ""6"": null, ""7"": null}","{""0"": 250, ""1"": 121}",121,1,1,0,0,0.216,car-not-detected-or-stale,KEEP_PAUSED,left,right,,0
949,2026-08-02T03:36:04.223+09:00,228.705,948,2.97,0,DRIVING,,0,1,1,0,0,1,-0.050938,2.551,5154,0,0.091789,0.091789,0,0,0.000,255,739,green,0.288,,0,unknown,0.000000,null,0.000000,0.371,"[0.2, 0.41, 0.8, 1.0]","[256, 295, 1024, 720]",,"{""0"": 250, ""1"": 120, ""2"": null, ""3"": null, ""4"": null, ""5"": null, ""6"": null, ""7"": null}","{""0"": 0.0, ""1"": 0.0, ""2"": null, ""3"": null, ""4"": null, ""5"": null, ""6"": null, ""7"": null}","{""0"": 250, ""1"": 120}",120,1,1,0,0,0.371,car-not-detected-or-stale,KEEP_PAUSED,left,right,,0
950,2026-08-02T03:36:04.540+09:00,229.019,949,2.96,0,DRIVING,,0,1,1,0,0,1,-0.050938,2.549,5156,0,0.091759,0.091759,0,0,0.000,255,739,green,0.441,,0,unknown,0.000000,null,0.000000,0.251,"[0.2, 0.41, 0.8, 1.0]","[256, 295, 1024, 720]",,"{""0"": 250, ""1"": 250, ""2"": null, ""3"": null, ""4"": null, ""5"": null, ""6"": null, ""7"": null}","{""0"": 0.0, ""1"": 0.0, ""2"": null, ""3"": null, ""4"": null, ""5"": null, ""6"": null, ""7"": null}","{""0"": 250, ""1"": 250}",250,1,0,0,0,0.251,ultrasonic-not-close,KEEP_PAUSED,left,right,,0
951,2026-08-02T03:36:04.921+09:00,229.406,950,2.92,0,DRIVING,,0,1,1,0,0,1,-0.050444,2.545,5167,0,0.089959,0.089959,0,0,0.000,255,740,green,0.323,,0,unknown,0.000000,null,0.000000,0.321,"[0.2, 0.41, 0.8, 1.0]","[256, 295, 1024, 720]",,"{""0"": 250, ""1"": 250, ""2"": null, ""3"": null, ""4"": null, ""5"": null, ""6"": null, ""7"": null}","{""0"": 0.0, ""1"": 0.0, ""2"": null, ""3"": null, ""4"": null, ""5"": null, ""6"": null, ""7"": null}","{""0"": 250, ""1"": 250}",250,1,0,0,0,0.321,ultrasonic-not-close,KEEP_PAUSED,left,right,,0
952,2026-08-02T03:36:05.297+09:00,229.780,951,2.88,0,DRIVING,,0,1,1,0,0,1,-0.050773,2.545,5155,0,0.091396,0.091396,0,0,0.000,255,739,green,0.385,,0,unknown,0.000000,null,0.000000,0.314,"[0.2, 0.41, 0.8, 1.0]","[256, 295, 1024, 720]",,"{""0"": 250, ""1"": 250, ""2"": null, ""3"": null, ""4"": null, ""5"": null, ""6"": null, ""7"": null}","{""0"": 0.0, ""1"": 0.0, ""2"": null, ""3"": null, ""4"": null, ""5"": null, ""6"": null, ""7"": null}","{""0"": 250, ""1"": 250}",250,1,0,0,0,0.314,ultrasonic-not-close,KEEP_PAUSED,left,right,,0
953,2026-08-02T03:36:05.652+09:00,230.134,952,2.86,0,DRIVING,,0,1,1,0,0,1,-0.050938,2.547,5158,0,0.091987,0.091987,0,0,0.000,255,740,green,0.388,,0,unknown,0.000000,null,0.000000,0.286,"[0.2, 0.41, 0.8, 1.0]","[256, 295, 1024, 720]",,"{""0"": 250, ""1"": 250, ""2"": null, ""3"": null, ""4"": null, ""5"": null, ""6"": null, ""7"": null}","{""0"": 0.0, ""1"": 0.0, ""2"": null, ""3"": null, ""4"": null, ""5"": null, ""6"": null, ""7"": null}","{""0"": 250, ""1"": 250}",250,1,0,0,0,0.286,ultrasonic-not-close,KEEP_PAUSED,left,right,,0
954,2026-08-02T03:36:06.016+09:00,230.498,953,2.85,0,DRIVING,,0,1,1,0,0,1,-0.050938,2.547,5167,0,0.091897,0.091897,0,0,0.000,255,739,green,0.364,,0,unknown,0.000000,null,0.000000,0.295,"[0.2, 0.41, 0.8, 1.0]","[256, 295, 1024, 720]",,"{""0"": 250, ""1"": 120, ""2"": null, ""3"": null, ""4"": null, ""5"": null, ""6"": null, ""7"": null}","{""0"": 0.0, ""1"": 0.0, ""2"": null, ""3"": null, ""4"": null, ""5"": null, ""6"": null, ""7"": null}","{""0"": 250, ""1"": 120}",120,1,1,0,0,0.295,car-not-detected-or-stale,KEEP_PAUSED,left,right,,0
955,2026-08-02T03:36:06.223+09:00,230.705,954,2.88,0,DRIVING,,0,1,1,0,0,1,-0.050773,2.545,5144,0,0.091242,0.091242,0,0,0.000,255,740,green,0.364,,0,unknown,0.000000,null,0.000000,0.145,"[0.2, 0.41, 0.8, 1.0]","[256, 295, 1024, 720]",,"{""0"": 250, ""1"": 250, ""2"": null, ""3"": null, ""4"": null, ""5"": null, ""6"": null, ""7"": null}","{""0"": 0.0, ""1"": 0.0, ""2"": null, ""3"": null, ""4"": null, ""5"": null, ""6"": null, ""7"": null}","{""0"": 250, ""1"": 250}",250,1,0,0,0,0.145,ultrasonic-not-close,KEEP_PAUSED,left,right,,0
956,2026-08-02T03:36:06.535+09:00,231.019,955,2.88,0,DRIVING,,0,1,1,0,0,1,-0.050938,2.546,5148,0,0.091879,0.091879,0,0,0.000,255,740,green,0.219,,0,unknown,0.000000,null,0.000000,0.248,"[0.2, 0.41, 0.8, 1.0]","[256, 295, 1024, 720]",,"{""0"": 250, ""1"": 120, ""2"": null, ""3"": null, ""4"": null, ""5"": null, ""6"": null, ""7"": null}","{""0"": 0.0, ""1"": 0.0, ""2"": null, ""3"": null, ""4"": null, ""5"": null, ""6"": null, ""7"": null}","{""0"": 250, ""1"": 120}",120,1,1,0,0,0.248,car-not-detected-or-stale,KEEP_PAUSED,left,right,,0
957,2026-08-02T03:36:06.965+09:00,231.445,956,2.82,0,DRIVING,,0,1,1,0,0,1,-0.050938,2.548,5158,0,0.091822,0.091822,0,0,0.000,255,739,green,0.311,,0,unknown,0.000000,null,0.000000,0.369,"[0.2, 0.41, 0.8, 1.0]","[256, 295, 1024, 720]",,"{""0"": 250, ""1"": 250, ""2"": null, ""3"": null, ""4"": null, ""5"": null, ""6"": null, ""7"": null}","{""0"": 0.0, ""1"": 0.0, ""2"": null, ""3"": null, ""4"": null, ""5"": null, ""6"": null, ""7"": null}","{""0"": 250, ""1"": 250}",250,1,0,0,0,0.369,ultrasonic-not-close,KEEP_PAUSED,left,right,,0
958,2026-08-02T03:36:07.378+09:00,231.864,957,2.77,0,DRIVING,,0,1,1,0,0,1,-0.050938,2.550,5158,0,0.091781,0.091781,0,0,0.000,255,739,green,0.442,,0,unknown,0.000000,null,0.000000,0.353,"[0.2, 0.41, 0.8, 1.0]","[256, 295, 1024, 720]",,"{""0"": 250, ""1"": 250, ""2"": null, ""3"": null, ""4"": null, ""5"": null, ""6"": null, ""7"": null}","{""0"": 0.0, ""1"": 0.0, ""2"": null, ""3"": null, ""4"": null, ""5"": null, ""6"": null, ""7"": null}","{""0"": 250, ""1"": 250}",250,1,0,0,0,0.353,ultrasonic-not-close,KEEP_PAUSED,left,right,,0
959,2026-08-02T03:36:07.694+09:00,232.178,958,2.77,0,DRIVING,,0,1,1,0,0,1,-0.050938,2.551,5158,0,0.091753,0.091753,0,0,0.000,255,739,green,0.414,,0,unknown,0.000000,null,0.000000,0.258,"[0.2, 0.41, 0.8, 1.0]","[256, 295, 1024, 720]",,"{""0"": 250, ""1"": 250, ""2"": null, ""3"": null, ""4"": null, ""5"": null, ""6"": null, ""7"": null}","{""0"": 0.0, ""1"": 0.0, ""2"": null, ""3"": null, ""4"": null, ""5"": null, ""6"": null, ""7"": null}","{""0"": 250, ""1"": 250}",250,1,0,0,0,0.258,ultrasonic-not-close,KEEP_PAUSED,left,right,,0
960,2026-08-02T03:36:08.018+09:00,232.498,959,2.76,0,DRIVING,,0,1,1,0,0,1,-0.050608,2.548,5175,0,0.090548,0.090548,0,0,0.000,255,739,green,0.329,,0,unknown,0.000000,null,0.000000,0.257,"[0.2, 0.41, 0.8, 1.0]","[256, 295, 1024, 720]",,"{""0"": 250, ""1"": 250, ""2"": null, ""3"": null, ""4"": null, ""5"": null, ""6"": null, ""7"": null}","{""0"": 0.0, ""1"": 0.0, ""2"": null, ""3"": null, ""4"": null, ""5"": null, ""6"": null, ""7"": null}","{""0"": 250, ""1"": 250}",250,1,0,0,0,0.257,ultrasonic-not-close,KEEP_PAUSED,left,right,,0
961,2026-08-02T03:36:08.383+09:00,232.865,960,2.76,0,DRIVING,,0,1,1,0,0,1,-0.050608,2.546,5175,0,0.090712,0.090712,0,0,0.000,255,739,green,0.333,,0,unknown,0.000000,null,0.000000,0.300,"[0.2, 0.41, 0.8, 1.0]","[256, 295, 1024, 720]",,"{""0"": 250, ""1"": 250, ""2"": null, ""3"": null, ""4"": null, ""5"": null, ""6"": null, ""7"": null}","{""0"": 0.0, ""1"": 0.0, ""2"": null, ""3"": null, ""4"": null, ""5"": null, ""6"": null, ""7"": null}","{""0"": 250, ""1"": 250}",250,1,0,0,0,0.300,ultrasonic-not-close,KEEP_PAUSED,left,right,,0
962,2026-08-02T03:36:08.748+09:00,233.232,961,2.78,0,DRIVING,,0,1,1,0,0,1,-0.050608,2.546,5171,0,0.090827,0.090827,0,0,0.000,255,739,green,0.372,,0,unknown,0.000000,null,0.000000,0.303,"[0.2, 0.41, 0.8, 1.0]","[256, 295, 1024, 720]",,"{""0"": 250, ""1"": 250, ""2"": null, ""3"": null, ""4"": null, ""5"": null, ""6"": null, ""7"": null}","{""0"": 0.0, ""1"": 0.0, ""2"": null, ""3"": null, ""4"": null, ""5"": null, ""6"": null, ""7"": null}","{""0"": 250, ""1"": 250}",250,1,0,0,0,0.303,ultrasonic-not-close,KEEP_PAUSED,left,right,,0
963,2026-08-02T03:36:09.121+09:00,233.607,962,2.76,0,DRIVING,,0,1,1,0,0,1,-0.050608,2.543,5180,0,0.090907,0.090907,0,0,0.000,255,740,green,0.365,,0,unknown,0.000000,null,0.000000,0.318,"[0.2, 0.41, 0.8, 1.0]","[256, 295, 1024, 720]",,"{""0"": 250, ""1"": 250, ""2"": null, ""3"": null, ""4"": null, ""5"": null, ""6"": null, ""7"": null}","{""0"": 0.0, ""1"": 0.0, ""2"": null, ""3"": null, ""4"": null, ""5"": null, ""6"": null, ""7"": null}","{""0"": 250, ""1"": 250}",250,1,0,0,0,0.318,ultrasonic-not-close,KEEP_PAUSED,left,right,,0
964,2026-08-02T03:36:09.527+09:00,234.013,963,2.76,0,DRIVING,,0,1,1,0,0,1,-0.050608,2.542,5175,0,0.090964,0.090964,0,0,0.000,255,739,green,0.381,,0,unknown,0.000000,null,0.000000,0.350,"[0.2, 0.41, 0.8, 1.0]","[256, 295, 1024, 720]",,"{""0"": 250, ""1"": 250, ""2"": null, ""3"": null, ""4"": null, ""5"": null, ""6"": null, ""7"": null}","{""0"": 0.0, ""1"": 0.0, ""2"": null, ""3"": null, ""4"": null, ""5"": null, ""6"": null, ""7"": null}","{""0"": 250, ""1"": 250}",250,1,0,0,0,0.350,ultrasonic-not-close,KEEP_PAUSED,left,right,,0
965,2026-08-02T03:36:09.860+09:00,234.342,964,2.75,0,DRIVING,,0,1,1,0,0,1,-0.050938,2.544,5159,0,0.092188,0.092188,0,0,0.000,255,739,green,0.410,,0,unknown,0.000000,null,0.000000,0.678,"[0.2, 0.41, 0.8, 1.0]","[256, 295, 1024, 720]",,"{""0"": 250, ""1"": 250, ""2"": null, ""3"": null, ""4"": null, ""5"": null, ""6"": null, ""7"": null}","{""0"": 0.0, ""1"": 0.0, ""2"": null, ""3"": null, ""4"": null, ""5"": null, ""6"": null, ""7"": null}","{""0"": 250, ""1"": 250}",250,1,0,0,0,0.678,ultrasonic-not-close,KEEP_PAUSED,left,right,,0
966,2026-08-02T03:36:10.207+09:00,234.687,965,2.75,0,DRIVING,,0,1,1,0,0,1,-0.050608,2.542,5180,0,0.090853,0.090853,0,0,0.000,255,739,green,0.343,,0,unknown,0.000000,null,0.000000,0.283,"[0.2, 0.41, 0.8, 1.0]","[256, 295, 1024, 720]",,"{""0"": 250, ""1"": 250, ""2"": null, ""3"": null, ""4"": null, ""5"": null, ""6"": null, ""7"": null}","{""0"": 0.0, ""1"": 0.0, ""2"": null, ""3"": null, ""4"": null, ""5"": null, ""6"": null, ""7"": null}","{""0"": 250, ""1"": 250}",250,1,0,0,0,0.283,ultrasonic-not-close,KEEP_PAUSED,left,right,,0
967,2026-08-02T03:36:10.596+09:00,235.079,966,2.73,0,DRIVING,,0,1,1,0,0,1,-0.050608,2.541,5180,0,0.090925,0.090925,0,0,0.000,255,739,green,0.355,,0,unknown,0.000000,null,0.000000,0.323,"[0.2, 0.41, 0.8, 1.0]","[256, 295, 1024, 720]",,"{""0"": 250, ""1"": 250, ""2"": null, ""3"": null, ""4"": null, ""5"": null, ""6"": null, ""7"": null}","{""0"": 0.0, ""1"": 0.0, ""2"": null, ""3"": null, ""4"": null, ""5"": null, ""6"": null, ""7"": null}","{""0"": 250, ""1"": 250}",250,1,0,0,0,0.323,ultrasonic-not-close,KEEP_PAUSED,left,right,,0
968,2026-08-02T03:36:10.963+09:00,235.449,967,2.73,0,DRIVING,,0,1,1,0,0,1,-0.050608,2.540,5175,0,0.090976,0.090976,0,0,0.000,255,739,green,0.392,,0,unknown,0.000000,null,0.000000,0.310,"[0.2, 0.41, 0.8, 1.0]","[256, 295, 1024, 720]",,"{""0"": 250, ""1"": 250, ""2"": null, ""3"": null, ""4"": null, ""5"": null, ""6"": null, ""7"": null}","{""0"": 0.0, ""1"": 0.0, ""2"": null, ""3"": null, ""4"": null, ""5"": null, ""6"": null, ""7"": null}","{""0"": 250, ""1"": 250}",250,1,0,0,0,0.310,ultrasonic-not-close,KEEP_PAUSED,left,right,,0
969,2026-08-02T03:36:11.288+09:00,235.772,968,2.74,0,DRIVING,,0,1,1,0,0,1,-0.050608,2.538,5176,0,0.091012,0.091012,0,0,0.000,255,739,green,0.369,,0,unknown,0.000000,null,0.000000,0.269,"[0.2, 0.41, 0.8, 1.0]","[256, 295, 1024, 720]",,"{""0"": 250, ""1"": 250, ""2"": null, ""3"": null, ""4"": null, ""5"": null, ""6"": null, ""7"": null}","{""0"": 0.0, ""1"": 0.0, ""2"": null, ""3"": null, ""4"": null, ""5"": null, ""6"": null, ""7"": null}","{""0"": 250, ""1"": 250}",250,1,0,0,0,0.269,ultrasonic-not-close,KEEP_PAUSED,left,right,,0
970,2026-08-02T03:36:11.688+09:00,236.170,969,2.74,0,DRIVING,,0,1,1,0,0,1,-0.050608,2.538,5185,0,0.091037,0.091037,0,0,0.000,255,740,green,0.337,,0,unknown,0.000000,null,0.000000,0.337,"[0.2, 0.41, 0.8, 1.0]","[256, 295, 1024, 720]",,"{""0"": 250, ""1"": 250, ""2"": null, ""3"": null, ""4"": null, ""5"": null, ""6"": null, ""7"": null}","{""0"": 0.0, ""1"": 0.0, ""2"": null, ""3"": null, ""4"": null, ""5"": null, ""6"": null, ""7"": null}","{""0"": 250, ""1"": 250}",250,1,0,0,0,0.337,ultrasonic-not-close,KEEP_PAUSED,left,right,,0
971,2026-08-02T03:36:12.119+09:00,236.606,970,2.71,0,DRIVING,,0,1,1,0,0,1,-0.050938,2.541,5181,0,0.092239,0.092239,0,0,0.000,255,739,green,0.405,,0,unknown,0.000000,null,0.000000,0.374,"[0.2, 0.41, 0.8, 1.0]","[256, 295, 1024, 720]",,"{""0"": 250, ""1"": 250, ""2"": null, ""3"": null, ""4"": null, ""5"": null, ""6"": null, ""7"": null}","{""0"": 0.0, ""1"": 0.0, ""2"": null, ""3"": null, ""4"": null, ""5"": null, ""6"": null, ""7"": null}","{""0"": 250, ""1"": 250}",250,1,0,0,0,0.374,ultrasonic-not-close,KEEP_PAUSED,left,right,,0
972,2026-08-02T03:36:12.488+09:00,236.974,971,2.72,0,DRIVING,,0,1,1,0,0,1,-0.050608,2.550,5276,0,0.090889,0.090889,0,0,0.000,255,740,green,0.437,,0,unknown,0.000000,null,0.000000,0.311,"[0.2, 0.41, 0.8, 1.0]","[256, 295, 1024, 720]",,"{""0"": 250, ""1"": 250, ""2"": null, ""3"": null, ""4"": null, ""5"": null, ""6"": null, ""7"": null}","{""0"": 0.0, ""1"": 0.0, ""2"": null, ""3"": null, ""4"": null, ""5"": null, ""6"": null, ""7"": null}","{""0"": 250, ""1"": 250}",250,1,0,0,0,0.311,ultrasonic-not-close,KEEP_PAUSED,left,right,,0
973,2026-08-02T03:36:12.938+09:00,237.424,972,2.72,0,DRIVING,,0,1,1,0,0,1,-0.050307,2.550,5253,0,0.089866,0.089866,0,0,0.000,255,740,green,0.376,,0,unknown,0.000000,null,0.000000,0.394,"[0.2, 0.41, 0.8, 1.0]","[256, 295, 1024, 720]",,"{""0"": 250, ""1"": 250, ""2"": null, ""3"": null, ""4"": null, ""5"": null, ""6"": null, ""7"": null}","{""0"": 0.0, ""1"": 0.0, ""2"": null, ""3"": null, ""4"": null, ""5"": null, ""6"": null, ""7"": null}","{""0"": 250, ""1"": 250}",250,1,0,0,0,0.394,ultrasonic-not-close,KEEP_PAUSED,left,right,,0
974,2026-08-02T03:36:13.161+09:00,237.648,973,2.75,0,DRIVING,,0,1,1,0,0,1,-0.050608,2.547,5180,0,0.091157,0.091157,0,0,0.000,255,740,green,0.458,,0,unknown,0.000000,null,0.000000,0.167,"[0.2, 0.41, 0.8, 1.0]","[256, 295, 1024, 720]",,"{""0"": 250, ""1"": 250, ""2"": null, ""3"": null, ""4"": null, ""5"": null, ""6"": null, ""7"": null}","{""0"": 0.0, ""1"": 0.0, ""2"": null, ""3"": null, ""4"": null, ""5"": null, ""6"": null, ""7"": null}","{""0"": 250, ""1"": 250}",250,1,0,0,0,0.167,ultrasonic-not-close,KEEP_PAUSED,left,right,,0
975,2026-08-02T03:36:13.492+09:00,237.978,974,2.78,0,DRIVING,,0,1,1,0,0,1,-0.050773,2.544,5172,0,0.091731,0.091731,0,0,0.000,255,740,green,0.234,,0,unknown,0.000000,null,0.000000,0.269,"[0.2, 0.41, 0.8, 1.0]","[256, 295, 1024, 720]",,"{""0"": 250, ""1"": 250, ""2"": null, ""3"": null, ""4"": null, ""5"": null, ""6"": null, ""7"": null}","{""0"": 0.0, ""1"": 0.0, ""2"": null, ""3"": null, ""4"": null, ""5"": null, ""6"": null, ""7"": null}","{""0"": 250, ""1"": 250}",250,1,0,0,0,0.269,ultrasonic-not-close,KEEP_PAUSED,left,right,,0
976,2026-08-02T03:36:13.839+09:00,238.323,975,2.79,0,DRIVING,,0,1,1,0,0,1,-0.050773,2.543,5176,0,0.091629,0.091629,0,0,0.000,255,740,green,0.336,,0,unknown,0.000000,null,0.000000,0.284,"[0.2, 0.41, 0.8, 1.0]","[256, 295, 1024, 720]",,"{""0"": 250, ""1"": 250, ""2"": null, ""3"": null, ""4"": null, ""5"": null, ""6"": null, ""7"": null}","{""0"": 0.0, ""1"": 0.0, ""2"": null, ""3"": null, ""4"": null, ""5"": null, ""6"": null, ""7"": null}","{""0"": 250, ""1"": 250}",250,1,0,0,0,0.284,ultrasonic-not-close,KEEP_PAUSED,left,right,,0
977,2026-08-02T03:36:14.187+09:00,238.672,976,2.81,0,DRIVING,,0,1,1,0,0,1,-0.050938,2.542,5168,0,0.092150,0.092150,0,0,0.000,255,739,green,0.349,,0,unknown,0.000000,null,0.000000,0.288,"[0.2, 0.41, 0.8, 1.0]","[256, 295, 1024, 720]",,"{""0"": 250, ""1"": 250, ""2"": null, ""3"": null, ""4"": null, ""5"": null, ""6"": null, ""7"": null}","{""0"": 0.0, ""1"": 0.0, ""2"": null, ""3"": null, ""4"": null, ""5"": null, ""6"": null, ""7"": null}","{""0"": 250, ""1"": 250}",250,1,0,0,0,0.288,ultrasonic-not-close,KEEP_PAUSED,left,right,,0
978,2026-08-02T03:36:14.618+09:00,239.104,977,2.77,0,DRIVING,,0,1,1,0,0,1,-0.050773,2.542,5171,0,0.091419,0.091419,0,0,0.000,255,739,green,0.357,,0,unknown,0.000000,null,0.000000,0.373,"[0.2, 0.41, 0.8, 1.0]","[256, 295, 1024, 720]",,"{""0"": 250, ""1"": 250, ""2"": null, ""3"": null, ""4"": null, ""5"": null, ""6"": null, ""7"": null}","{""0"": 0.0, ""1"": 0.0, ""2"": null, ""3"": null, ""4"": null, ""5"": null, ""6"": null, ""7"": null}","{""0"": 250, ""1"": 250}",250,1,0,0,0,0.373,ultrasonic-not-close,KEEP_PAUSED,left,right,,0
979,2026-08-02T03:36:14.939+09:00,239.422,978,2.80,0,DRIVING,,0,1,1,0,0,1,-0.050938,2.545,5176,0,0.092003,0.092003,0,0,0.000,255,740,green,0.439,,0,unknown,0.000000,null,0.000000,0.259,"[0.2, 0.41, 0.8, 1.0]","[256, 295, 1024, 720]",,"{""0"": 250, ""1"": 250, ""2"": null, ""3"": null, ""4"": null, ""5"": null, ""6"": null, ""7"": null}","{""0"": 0.0, ""1"": 0.0, ""2"": null, ""3"": null, ""4"": null, ""5"": null, ""6"": null, ""7"": null}","{""0"": 250, ""1"": 250}",250,1,0,0,0,0.259,ultrasonic-not-close,KEEP_PAUSED,left,right,,0
980,2026-08-02T03:36:15.326+09:00,239.813,979,2.78,0,DRIVING,,0,1,1,0,0,1,-0.050773,2.543,5172,0,0.091316,0.091316,0,0,0.000,255,739,green,0.329,,0,unknown,0.000000,null,0.000000,0.328,"[0.2, 0.41, 0.8, 1.0]","[256, 295, 1024, 720]",,"{""0"": 250, ""1"": 250, ""2"": null, ""3"": null, ""4"": null, ""5"": null, ""6"": null, ""7"": null}","{""0"": 0.0, ""1"": 0.0, ""2"": null, ""3"": null, ""4"": null, ""5"": null, ""6"": null, ""7"": null}","{""0"": 250, ""1"": 250}",250,1,0,0,0,0.328,ultrasonic-not-close,KEEP_PAUSED,left,right,,0
981,2026-08-02T03:36:15.617+09:00,240.100,980,2.81,0,DRIVING,,0,1,1,0,0,1,-0.050773,2.544,5180,0,0.091338,0.091338,0,0,0.000,255,739,green,0.388,,0,unknown,0.000000,null,0.000000,0.614,"[0.2, 0.41, 0.8, 1.0]","[256, 295, 1024, 720]",,"{""0"": 250, ""1"": 250, ""2"": null, ""3"": null, ""4"": null, ""5"": null, ""6"": null, ""7"": null}","{""0"": 0.0, ""1"": 0.0, ""2"": null, ""3"": null, ""4"": null, ""5"": null, ""6"": null, ""7"": null}","{""0"": 250, ""1"": 250}",250,1,0,0,0,0.614,ultrasonic-not-close,KEEP_PAUSED,left,right,,0
982,2026-08-02T03:36:15.826+09:00,240.313,981,2.85,0,DRIVING,,0,1,1,0,0,1,-0.050773,2.545,5158,0,0.091354,0.091354,0,0,0.000,255,740,green,0.303,,0,unknown,0.000000,null,0.000000,0.445,"[0.2, 0.41, 0.8, 1.0]","[256, 295, 1024, 720]",,"{""0"": 250, ""1"": 250, ""2"": null, ""3"": null, ""4"": null, ""5"": null, ""6"": null, ""7"": null}","{""0"": 0.0, ""1"": 0.0, ""2"": null, ""3"": null, ""4"": null, ""5"": null, ""6"": null, ""7"": null}","{""0"": 250, ""1"": 250}",250,1,0,0,0,0.445,ultrasonic-not-close,KEEP_PAUSED,left,right,,0
983,2026-08-02T03:36:16.201+09:00,240.686,982,2.84,0,DRIVING,,0,1,1,0,0,1,-0.050938,2.545,5172,0,0.091958,0.091958,0,0,0.000,255,740,green,0.209,,0,unknown,0.000000,null,0.000000,0.318,"[0.2, 0.41, 0.8, 1.0]","[256, 295, 1024, 720]",,"{""0"": 250, ""1"": 250, ""2"": null, ""3"": null, ""4"": null, ""5"": null, ""6"": null, ""7"": null}","{""0"": 0.0, ""1"": 0.0, ""2"": null, ""3"": null, ""4"": null, ""5"": null, ""6"": null, ""7"": null}","{""0"": 250, ""1"": 250}",250,1,0,0,0,0.318,ultrasonic-not-close,KEEP_PAUSED,left,right,,0
984,2026-08-02T03:36:16.534+09:00,241.019,983,2.85,0,DRIVING,,0,1,1,0,0,1,-0.050938,2.550,5171,0,0.091877,0.091877,0,0,0.000,255,739,green,0.379,,0,unknown,0.000000,null,0.000000,0.277,"[0.2, 0.41, 0.8, 1.0]","[256, 295, 1024, 720]",,"{""0"": 250, ""1"": 250, ""2"": null, ""3"": null, ""4"": null, ""5"": null, ""6"": null, ""7"": null}","{""0"": 0.0, ""1"": 0.0, ""2"": null, ""3"": null, ""4"": null, ""5"": null, ""6"": null, ""7"": null}","{""0"": 250, ""1"": 250}",250,1,0,0,0,0.277,ultrasonic-not-close,KEEP_PAUSED,left,right,,0
985,2026-08-02T03:36:16.898+09:00,241.383,984,2.81,0,DRIVING,,0,1,1,0,0,1,-0.050773,2.550,5180,0,0.091227,0.091227,0,0,0.000,255,740,green,0.339,,0,unknown,0.000000,null,0.000000,0.310,"[0.2, 0.41, 0.8, 1.0]","[256, 295, 1024, 720]",,"{""0"": 250, ""1"": 250, ""2"": null, ""3"": null, ""4"": null, ""5"": null, ""6"": null, ""7"": null}","{""0"": 0.0, ""1"": 0.0, ""2"": null, ""3"": null, ""4"": null, ""5"": null, ""6"": null, ""7"": null}","{""0"": 250, ""1"": 250}",250,1,0,0,0,0.310,ultrasonic-not-close,KEEP_PAUSED,left,right,,0
986,2026-08-02T03:36:17.309+09:00,241.796,985,2.78,0,DRIVING,,0,1,1,0,0,1,-0.050307,2.550,5242,0,0.089599,0.089599,0,0,0.000,255,739,green,0.372,,0,unknown,0.000000,null,0.000000,0.357,"[0.2, 0.41, 0.8, 1.0]","[256, 295, 1024, 720]",,"{""0"": 250, ""1"": 250, ""2"": null, ""3"": null, ""4"": null, ""5"": null, ""6"": null, ""7"": null}","{""0"": 0.0, ""1"": 0.0, ""2"": null, ""3"": null, ""4"": null, ""5"": null, ""6"": null, ""7"": null}","{""0"": 250, ""1"": 250}",250,1,0,0,0,0.357,ultrasonic-not-close,KEEP_PAUSED,left,right,,0
987,2026-08-02T03:36:17.641+09:00,242.127,986,2.81,0,DRIVING,,0,1,1,0,0,1,-0.050773,2.550,5158,0,0.091563,0.091563,0,0,0.000,255,739,green,0.421,,0,unknown,0.000000,null,0.000000,0.273,"[0.2, 0.41, 0.8, 1.0]","[256, 295, 1024, 720]",,"{""0"": 250, ""1"": 250, ""2"": null, ""3"": null, ""4"": null, ""5"": null, ""6"": null, ""7"": null}","{""0"": 0.0, ""1"": 0.0, ""2"": null, ""3"": null, ""4"": null, ""5"": null, ""6"": null, ""7"": null}","{""0"": 250, ""1"": 250}",250,1,0,0,0,0.273,ultrasonic-not-close,KEEP_PAUSED,left,right,,0
988,2026-08-02T03:36:18.007+09:00,242.492,987,2.82,0,DRIVING,,0,1,1,0,0,1,-0.050938,2.551,5154,0,0.092104,0.092104,0,0,0.000,255,740,green,0.340,,0,unknown,0.000000,null,0.000000,0.306,"[0.2, 0.41, 0.8, 1.0]","[256, 295, 1024, 720]",,"{""0"": 250, ""1"": 250, ""2"": null, ""3"": null, ""4"": null, ""5"": null, ""6"": null, ""7"": null}","{""0"": 0.0, ""1"": 0.0, ""2"": null, ""3"": null, ""4"": null, ""5"": null, ""6"": null, ""7"": null}","{""0"": 250, ""1"": 250}",250,1,0,0,0,0.306,ultrasonic-not-close,KEEP_PAUSED,left,right,,0
989,2026-08-02T03:36:18.429+09:00,242.915,988,2.79,0,DRIVING,,0,1,1,0,0,1,-0.050938,2.549,5172,0,0.091979,0.091979,0,0,0.000,255,739,green,0.369,,0,unknown,0.000000,null,0.000000,0.365,"[0.2, 0.41, 0.8, 1.0]","[256, 295, 1024, 720]",,"{""0"": 250, ""1"": 250, ""2"": null, ""3"": null, ""4"": null, ""5"": null, ""6"": null, ""7"": null}","{""0"": 0.0, ""1"": 0.0, ""2"": null, ""3"": null, ""4"": null, ""5"": null, ""6"": null, ""7"": null}","{""0"": 250, ""1"": 250}",250,1,0,0,0,0.365,ultrasonic-not-close,KEEP_PAUSED,left,right,,0
990,2026-08-02T03:36:18.869+09:00,243.352,989,2.76,0,DRIVING,,0,1,1,0,0,1,-0.050938,2.549,5159,0,0.091891,0.091891,0,0,0.000,255,739,green,0.427,,0,unknown,0.000000,null,0.000000,0.379,"[0.2, 0.41, 0.8, 1.0]","[256, 295, 1024, 720]",,"{""0"": 250, ""1"": 250, ""2"": null, ""3"": null, ""4"": null, ""5"": null, ""6"": null, ""7"": null}","{""0"": 0.0, ""1"": 0.0, ""2"": null, ""3"": null, ""4"": null, ""5"": null, ""6"": null, ""7"": null}","{""0"": 250, ""1"": 250}",250,1,0,0,0,0.379,ultrasonic-not-close,KEEP_PAUSED,left,right,,0
991,2026-08-02T03:36:19.261+09:00,243.742,990,2.76,0,DRIVING,,0,1,1,0,0,1,-0.050773,2.548,5163,0,0.091238,0.091238,0,0,0.000,255,740,green,0.451,,0,unknown,0.000000,null,0.000000,0.326,"[0.2, 0.41, 0.8, 1.0]","[256, 295, 1024, 720]",,"{""0"": 250, ""1"": 250, ""2"": null, ""3"": null, ""4"": null, ""5"": null, ""6"": null, ""7"": null}","{""0"": 0.0, ""1"": 0.0, ""2"": null, ""3"": null, ""4"": null, ""5"": null, ""6"": null, ""7"": null}","{""0"": 250, ""1"": 250}",250,1,0,0,0,0.326,ultrasonic-not-close,KEEP_PAUSED,left,right,,0
992,2026-08-02T03:36:19.650+09:00,244.132,991,2.75,0,DRIVING,,0,1,1,0,0,1,-0.050938,2.546,5163,0,0.091876,0.091876,0,0,0.000,255,740,green,0.394,,0,unknown,0.000000,null,0.000000,0.329,"[0.2, 0.41, 0.8, 1.0]","[256, 295, 1024, 720]",,"{""0"": 250, ""1"": 250, ""2"": null, ""3"": null, ""4"": null, ""5"": null, ""6"": null, ""7"": null}","{""0"": 0.0, ""1"": 0.0, ""2"": null, ""3"": null, ""4"": null, ""5"": null, ""6"": null, ""7"": null}","{""0"": 250, ""1"": 250}",250,1,0,0,0,0.329,ultrasonic-not-close,KEEP_PAUSED,left,right,,0
993,2026-08-02T03:36:20.003+09:00,244.483,992,2.76,0,DRIVING,,0,1,1,0,0,1,-0.050773,2.546,5152,0,0.091227,0.091227,0,0,0.000,255,739,green,0.395,,0,unknown,0.000000,null,0.000000,0.290,"[0.2, 0.41, 0.8, 1.0]","[256, 295, 1024, 720]",,"{""0"": 250, ""1"": 250, ""2"": null, ""3"": null, ""4"": null, ""5"": null, ""6"": null, ""7"": null}","{""0"": 0.0, ""1"": 0.0, ""2"": null, ""3"": null, ""4"": null, ""5"": null, ""6"": null, ""7"": null}","{""0"": 250, ""1"": 250}",250,1,0,0,0,0.290,ultrasonic-not-close,KEEP_PAUSED,left,right,,0
994,2026-08-02T03:36:20.459+09:00,244.945,993,2.74,0,DRIVING,,0,1,1,0,0,1,-0.050938,2.548,5181,0,0.091869,0.091869,0,0,0.000,255,740,green,0.366,,0,unknown,0.000000,null,0.000000,0.396,"[0.2, 0.41, 0.8, 1.0]","[256, 295, 1024, 720]",,"{""0"": 250, ""1"": 250, ""2"": null, ""3"": null, ""4"": null, ""5"": null, ""6"": null, ""7"": null}","{""0"": 0.0, ""1"": 0.0, ""2"": null, ""3"": null, ""4"": null, ""5"": null, ""6"": null, ""7"": null}","{""0"": 250, ""1"": 250}",250,1,0,0,0,0.396,ultrasonic-not-close,KEEP_PAUSED,left,right,,0
995,2026-08-02T03:36:20.890+09:00,245.376,994,2.72,0,DRIVING,,0,1,1,0,0,1,-0.050773,2.550,5210,0,0.091222,0.091222,0,0,0.000,255,740,green,0.463,,0,unknown,0.000000,null,0.000000,0.371,"[0.2, 0.41, 0.8, 1.0]","[256, 295, 1024, 720]",,"{""0"": 250, ""1"": 250, ""2"": null, ""3"": null, ""4"": null, ""5"": null, ""6"": null, ""7"": null}","{""0"": 0.0, ""1"": 0.0, ""2"": null, ""3"": null, ""4"": null, ""5"": null, ""6"": null, ""7"": null}","{""0"": 250, ""1"": 250}",250,1,0,0,0,0.371,ultrasonic-not-close,KEEP_PAUSED,left,right,,0
996,2026-08-02T03:36:21.259+09:00,245.739,995,2.72,0,DRIVING,,0,1,1,0,0,1,-0.050608,2.551,5266,0,0.090680,0.090680,0,0,0.000,255,739,green,0.434,,0,unknown,0.000000,null,0.000000,0.301,"[0.2, 0.41, 0.8, 1.0]","[256, 295, 1024, 720]",,"{""0"": 250, ""1"": 250, ""2"": null, ""3"": null, ""4"": null, ""5"": null, ""6"": null, ""7"": null}","{""0"": 0.0, ""1"": 0.0, ""2"": null, ""3"": null, ""4"": null, ""5"": null, ""6"": null, ""7"": null}","{""0"": 250, ""1"": 250}",250,1,0,0,0,0.301,ultrasonic-not-close,KEEP_PAUSED,left,right,,0
997,2026-08-02T03:36:21.662+09:00,246.146,996,2.71,0,DRIVING,,0,1,1,0,0,1,-0.050938,2.557,5205,0,0.091990,0.091990,0,0,0.000,255,740,green,0.379,,0,unknown,0.000000,null,0.000000,0.337,"[0.2, 0.41, 0.8, 1.0]","[256, 295, 1024, 720]",,"{""0"": 250, ""1"": 250, ""2"": null, ""3"": null, ""4"": null, ""5"": null, ""6"": null, ""7"": null}","{""0"": 0.0, ""1"": 0.0, ""2"": null, ""3"": null, ""4"": null, ""5"": null, ""6"": null, ""7"": null}","{""0"": 250, ""1"": 250}",250,1,0,0,0,0.337,ultrasonic-not-close,KEEP_PAUSED,left,right,,0
998,2026-08-02T03:36:21.965+09:00,246.447,997,2.73,0,DRIVING,,0,1,1,0,0,1,-0.050608,2.553,5283,0,0.090714,0.090714,0,0,0.000,255,739,green,0.405,,0,unknown,0.000000,null,0.000000,0.239,"[0.2, 0.41, 0.8, 1.0]","[256, 295, 1024, 720]",,"{""0"": 250, ""1"": 250, ""2"": null, ""3"": null, ""4"": null, ""5"": null, ""6"": null, ""7"": null}","{""0"": 0.0, ""1"": 0.0, ""2"": null, ""3"": null, ""4"": null, ""5"": null, ""6"": null, ""7"": null}","{""0"": 250, ""1"": 250}",250,1,0,0,0,0.239,ultrasonic-not-close,KEEP_PAUSED,left,right,,0
999,2026-08-02T03:36:22.310+09:00,246.794,998,2.72,0,DRIVING,,0,1,1,0,0,1,-0.051239,2.557,5234,0,0.093098,0.093098,0,0,0.000,255,740,green,0.310,,0,unknown,0.000000,null,0.000000,0.282,"[0.2, 0.41, 0.8, 1.0]","[256, 295, 1024, 720]",,"{""0"": 250, ""1"": 250, ""2"": null, ""3"": null, ""4"": null, ""5"": null, ""6"": null, ""7"": null}","{""0"": 0.0, ""1"": 0.0, ""2"": null, ""3"": null, ""4"": null, ""5"": null, ""6"": null, ""7"": null}","{""0"": 250, ""1"": 250}",250,1,0,0,0,0.282,ultrasonic-not-close,KEEP_PAUSED,left,right,,0
1000,2026-08-02T03:36:22.706+09:00,247.182,999,2.72,0,DRIVING,,0,1,1,0,0,1,-0.051239,2.566,5250,0,0.092838,0.092838,0,0,0.000,255,740,green,0.349,,0,unknown,0.000000,null,0.000000,0.327,"[0.2, 0.41, 0.8, 1.0]","[256, 295, 1024, 720]",,"{""0"": 250, ""1"": 121, ""2"": null, ""3"": null, ""4"": null, ""5"": null, ""6"": null, ""7"": null}","{""0"": 0.0, ""1"": 0.0, ""2"": null, ""3"": null, ""4"": null, ""5"": null, ""6"": null, ""7"": null}","{""0"": 250, ""1"": 121}",121,1,1,0,0,0.327,car-not-detected-or-stale,KEEP_PAUSED,left,right,,0
1001,2026-08-02T03:36:23.138+09:00,247.618,1000,2.72,0,DRIVING,,0,1,1,0,0,1,-0.057132,2.637,5211,0,0.113870,0.113870,0,0,0.000,255,740,green,0.411,,0,unknown,0.000000,null,0.000000,0.363,"[0.2, 0.41, 0.8, 1.0]","[256, 295, 1024, 720]",,"{""0"": 250, ""1"": 124, ""2"": null, ""3"": null, ""4"": null, ""5"": null, ""6"": null, ""7"": null}","{""0"": 0.0, ""1"": 0.0, ""2"": null, ""3"": null, ""4"": null, ""5"": null, ""6"": null, ""7"": null}","{""0"": 250, ""1"": 124}",124,1,1,0,0,0.363,car-not-detected-or-stale,KEEP_PAUSED,left,right,,0
1002,2026-08-02T03:36:23.451+09:00,247.932,1001,2.74,0,DRIVING,,0,1,1,0,0,1,-0.062093,2.755,5194,0,0.128419,0.128419,0,0,0.000,255,739,green,0.434,,0,unknown,0.000000,null,0.000000,0.250,"[0.2, 0.41, 0.8, 1.0]","[256, 295, 1024, 720]",,"{""0"": 250, ""1"": 250, ""2"": null, ""3"": null, ""4"": null, ""5"": null, ""6"": null, ""7"": null}","{""0"": 0.0, ""1"": 0.0, ""2"": null, ""3"": null, ""4"": null, ""5"": null, ""6"": null, ""7"": null}","{""0"": 250, ""1"": 250}",250,1,0,0,0,0.250,ultrasonic-not-close,KEEP_PAUSED,left,right,,0
1003,2026-08-02T03:36:23.778+09:00,248.261,1002,2.77,0,DRIVING,,0,1,1,0,0,1,-0.058940,2.839,5130,0,0.112073,0.112073,0,0,0.000,255,740,green,0.317,,0,unknown,0.000000,null,0.000000,0.264,"[0.2, 0.41, 0.8, 1.0]","[256, 295, 1024, 720]",,"{""0"": 250, ""1"": 250, ""2"": null, ""3"": null, ""4"": null, ""5"": null, ""6"": null, ""7"": null}","{""0"": 0.0, ""1"": 0.0, ""2"": null, ""3"": null, ""4"": null, ""5"": null, ""6"": null, ""7"": null}","{""0"": 250, ""1"": 250}",250,1,0,0,0,0.264,ultrasonic-not-close,KEEP_PAUSED,left,right,,0
1004,2026-08-02T03:36:24.188+09:00,248.670,1003,2.72,0,DRIVING,,0,1,1,0,0,1,-0.058474,2.905,5142,0,0.108601,0.108601,0,0,0.000,255,740,green,0.340,,0,unknown,0.000000,null,0.000000,0.341,"[0.2, 0.41, 0.8, 1.0]","[256, 295, 1024, 720]",,"{""0"": 250, ""1"": 250, ""2"": null, ""3"": null, ""4"": null, ""5"": null, ""6"": null, ""7"": null}","{""0"": 0.0, ""1"": 0.0, ""2"": null, ""3"": null, ""4"": null, ""5"": null, ""6"": null, ""7"": null}","{""0"": 250, ""1"": 250}",250,1,0,0,0,0.341,ultrasonic-not-close,KEEP_PAUSED,left,right,,0
1005,2026-08-02T03:36:24.489+09:00,248.976,1004,2.73,0,DRIVING,,0,1,1,0,0,1,-0.057871,2.954,5137,0,0.105427,0.105427,0,0,0.000,255,739,green,0.415,,0,unknown,0.000000,null,0.000000,0.241,"[0.2, 0.41, 0.8, 1.0]","[256, 295, 1024, 720]",,"{""0"": 250, ""1"": 250, ""2"": null, ""3"": null, ""4"": null, ""5"": null, ""6"": null, ""7"": null}","{""0"": 0.0, ""1"": 0.0, ""2"": null, ""3"": null, ""4"": null, ""5"": null, ""6"": null, ""7"": null}","{""0"": 250, ""1"": 250}",250,1,0,0,0,0.241,ultrasonic-not-close,KEEP_PAUSED,left,right,,0
1006,2026-08-02T03:36:24.821+09:00,249.298,1005,2.73,0,DRIVING,,0,1,1,0,0,1,-0.057871,2.986,5114,0,0.105049,0.105049,0,0,0.000,255,740,green,0.306,,0,unknown,0.000000,null,0.000000,0.263,"[0.2, 0.41, 0.8, 1.0]","[256, 295, 1024, 720]",,"{""0"": 250, ""1"": 125, ""2"": null, ""3"": null, ""4"": null, ""5"": null, ""6"": null, ""7"": null}","{""0"": 0.0, ""1"": 0.0, ""2"": null, ""3"": null, ""4"": null, ""5"": null, ""6"": null, ""7"": null}","{""0"": 250, ""1"": 125}",125,1,1,0,0,0.263,car-not-detected-or-stale,KEEP_PAUSED,left,right,,0
1007,2026-08-02T03:36:25.132+09:00,249.615,1006,2.74,0,DRIVING,,0,1,1,0,0,1,-0.057871,3.012,5110,0,0.104785,0.104785,0,0,0.000,255,740,green,0.338,,0,unknown,0.000000,null,0.000000,0.249,"[0.2, 0.41, 0.8, 1.0]","[256, 295, 1024, 720]",,"{""0"": 250, ""1"": 125, ""2"": null, ""3"": null, ""4"": null, ""5"": null, ""6"": null, ""7"": null}","{""0"": 0.0, ""1"": 0.0, ""2"": null, ""3"": null, ""4"": null, ""5"": null, ""6"": null, ""7"": null}","{""0"": 250, ""1"": 125}",125,1,1,0,0,0.249,car-not-detected-or-stale,KEEP_PAUSED,left,right,,0
1008,2026-08-02T03:36:25.493+09:00,249.973,1007,2.76,0,DRIVING,,0,1,1,0,0,1,-0.057871,3.032,5105,0,0.104600,0.104600,0,0,0.000,255,740,green,0.322,,0,unknown,0.000000,null,0.000000,0.292,"[0.2, 0.41, 0.8, 1.0]","[256, 295, 1024, 720]",,"{""0"": 250, ""1"": 126, ""2"": null, ""3"": null, ""4"": null, ""5"": null, ""6"": null, ""7"": null}","{""0"": 0.0, ""1"": 0.0, ""2"": null, ""3"": null, ""4"": null, ""5"": null, ""6"": null, ""7"": null}","{""0"": 250, ""1"": 126}",126,1,1,0,0,0.292,car-not-detected-or-stale,KEEP_PAUSED,left,right,,0
1009,2026-08-02T03:36:25.843+09:00,250.325,1008,2.75,0,DRIVING,,0,1,1,0,0,1,-0.057871,3.047,5110,0,0.104470,0.104470,0,0,0.000,255,739,green,0.363,,0,unknown,0.000000,null,0.000000,0.287,"[0.2, 0.41, 0.8, 1.0]","[256, 295, 1024, 720]",,"{""0"": 250, ""1"": 250, ""2"": null, ""3"": null, ""4"": null, ""5"": null, ""6"": null, ""7"": null}","{""0"": 0.0, ""1"": 0.0, ""2"": null, ""3"": null, ""4"": null, ""5"": null, ""6"": null, ""7"": null}","{""0"": 250, ""1"": 250}",250,1,0,0,0,0.287,ultrasonic-not-close,KEEP_PAUSED,left,right,,0
1010,2026-08-02T03:36:26.209+09:00,250.690,1009,2.76,0,DRIVING,,0,1,1,0,0,1,-0.057871,3.060,5108,0,0.104380,0.104380,0,0,0.000,255,739,green,0.357,,0,unknown,0.000000,null,0.000000,0.304,"[0.2, 0.41, 0.8, 1.0]","[256, 295, 1024, 720]",,"{""0"": 250, ""1"": 250, ""2"": null, ""3"": null, ""4"": null, ""5"": null, ""6"": null, ""7"": null}","{""0"": 0.0, ""1"": 0.0, ""2"": null, ""3"": null, ""4"": null, ""5"": null, ""6"": null, ""7"": null}","{""0"": 250, ""1"": 250}",250,1,0,0,0,0.304,ultrasonic-not-close,KEEP_PAUSED,left,right,,0
1011,2026-08-02T03:36:26.584+09:00,251.067,1010,2.74,0,DRIVING,,0,1,1,0,0,1,-0.057871,3.070,5092,0,0.104316,0.104316,0,0,0.000,255,740,green,0.380,,0,unknown,0.000000,null,0.000000,0.308,"[0.2, 0.41, 0.8, 1.0]","[256, 295, 1024, 720]",,"{""0"": 250, ""1"": 125, ""2"": null, ""3"": null, ""4"": null, ""5"": null, ""6"": null, ""7"": null}","{""0"": 0.0, ""1"": 0.0, ""2"": null, ""3"": null, ""4"": null, ""5"": null, ""6"": null, ""7"": null}","{""0"": 250, ""1"": 125}",125,1,1,0,0,0.308,car-not-detected-or-stale,KEEP_PAUSED,left,right,,0
1012,2026-08-02T03:36:26.877+09:00,251.362,1011,2.71,0,DRIVING,,0,1,1,0,0,1,-0.057871,3.078,5089,0,0.104272,0.104272,0,0,0.000,255,739,green,0.373,,0,unknown,0.000000,null,0.000000,0.237,"[0.2, 0.41, 0.8, 1.0]","[256, 295, 1024, 720]",,"{""0"": 250, ""1"": 250, ""2"": null, ""3"": null, ""4"": null, ""5"": null, ""6"": null, ""7"": null}","{""0"": 0.0, ""1"": 0.0, ""2"": null, ""3"": null, ""4"": null, ""5"": null, ""6"": null, ""7"": null}","{""0"": 250, ""1"": 250}",250,1,0,0,0,0.237,ultrasonic-not-close,KEEP_PAUSED,left,right,,0
1013,2026-08-02T03:36:27.134+09:00,251.616,1012,2.75,0,DRIVING,,0,1,1,0,0,1,-0.057871,3.083,5100,0,0.104241,0.104241,0,0,0.000,255,739,green,0.299,,0,unknown,0.000000,null,0.000000,0.195,"[0.2, 0.41, 0.8, 1.0]","[256, 295, 1024, 720]",,"{""0"": 250, ""1"": 250, ""2"": null, ""3"": null, ""4"": null, ""5"": null, ""6"": null, ""7"": null}","{""0"": 0.0, ""1"": 0.0, ""2"": null, ""3"": null, ""4"": null, ""5"": null, ""6"": null, ""7"": null}","{""0"": 250, ""1"": 250}",250,1,0,0,0,0.195,ultrasonic-not-close,KEEP_PAUSED,left,right,,0
1014,2026-08-02T03:36:27.408+09:00,251.888,1013,2.76,0,DRIVING,,0,1,1,0,0,1,-0.057871,3.087,5105,0,0.104219,0.104219,0,0,0.000,255,740,green,0.252,,0,unknown,0.000000,null,0.000000,0.220,"[0.2, 0.41, 0.8, 1.0]","[256, 295, 1024, 720]",,"{""0"": 250, ""1"": 124, ""2"": null, ""3"": null, ""4"": null, ""5"": null, ""6"": null, ""7"": null}","{""0"": 0.0, ""1"": 0.0, ""2"": null, ""3"": null, ""4"": null, ""5"": null, ""6"": null, ""7"": null}","{""0"": 250, ""1"": 124}",124,1,1,0,0,0.220,car-not-detected-or-stale,KEEP_PAUSED,left,right,,0
1015,2026-08-02T03:36:27.760+09:00,252.230,1014,2.77,0,DRIVING,,0,1,1,0,0,1,-0.057871,3.088,5110,0,0.104204,0.104204,0,0,0.000,255,739,green,0.301,,0,unknown,0.000000,null,0.000000,0.270,"[0.2, 0.41, 0.8, 1.0]","[256, 295, 1024, 720]",,"{""0"": 250, ""1"": 125, ""2"": null, ""3"": null, ""4"": null, ""5"": null, ""6"": null, ""7"": null}","{""0"": 0.0, ""1"": 0.0, ""2"": null, ""3"": null, ""4"": null, ""5"": null, ""6"": null, ""7"": null}","{""0"": 250, ""1"": 125}",125,1,1,0,0,0.270,car-not-detected-or-stale,KEEP_PAUSED,left,right,,0
