frame_index,wall_time,elapsed_s,video_frame_index,fps,running,vehicle_state,event,stop_condition,lane_found,traffic_mission_enabled,signal_stop_latched,avoidance_blocked_by_signal,stop_line_detected,lane_error,solid_filter_angle_deg,solid_filter_kept_pixels,solid_filter_rejected_pixels,raw_steer,final_steer,final_speed,steering_pot,traffic_signal,traffic_result_age_s,traffic_model_fault,car_detected,car_label,car_confidence,car_bbox,car_area_ratio,car_result_age_s,car_model_fault,ultrasonic_json,ultrasonic_age_json,front_sensor_values,front_distance_cm,sensor_ok,ultrasonic_close,fusion_confirmed,fusion_hits,fusion_skew_s,fusion_reason,obstacle_phase,dash_side,solid_side,locked_dash_side,lost_frames
1,2026-08-02T02:27:30.511+09:00,0.134,0,0.00,0,DRIVING,state:None->DRIVING;phase:None->KEEP_PAUSED,0,1,1,0,0,0,-0.195461,-0.465,2439,4,0.351830,0.351830,0,750,unknown,,,0,unknown,0.000000,null,0.000000,,,"{""0"": 250, ""1"": 250, ""2"": null, ""3"": null, ""4"": null, ""5"": null, ""6"": null, ""7"": null}","{""0"": 0.0, ""1"": 0.0, ""2"": null, ""3"": null, ""4"": null, ""5"": null, ""6"": null, ""7"": null}","{""0"": 250, ""1"": 250}",250,1,0,0,0,,ultrasonic-not-close,KEEP_PAUSED,right,left,,0
2,2026-08-02T02:27:30.617+09:00,0.250,1,8.25,0,DRIVING,,0,1,1,0,0,0,-0.191082,-0.498,2310,4,0.336064,0.336064,0,750,green,0.184,,0,unknown,0.000000,null,0.000000,0.238,,"{""0"": 250, ""1"": 250, ""2"": null, ""3"": null, ""4"": null, ""5"": null, ""6"": null, ""7"": null}","{""0"": 0.0, ""1"": 0.0, ""2"": null, ""3"": null, ""4"": null, ""5"": null, ""6"": null, ""7"": null}","{""0"": 250, ""1"": 250}",250,1,0,0,0,0.238,ultrasonic-not-close,KEEP_PAUSED,right,left,,0
3,2026-08-02T02:27:30.720+09:00,0.352,2,9.07,0,DRIVING,,0,1,1,0,0,0,-0.191099,-0.523,2310,4,0.338489,0.338489,0,749,green,0.095,,0,unknown,0.000000,null,0.000000,0.337,,"{""0"": 250, ""1"": 250, ""2"": null, ""3"": null, ""4"": null, ""5"": null, ""6"": null, ""7"": null}","{""0"": 0.0, ""1"": 0.0, ""2"": null, ""3"": null, ""4"": null, ""5"": null, ""6"": null, ""7"": null}","{""0"": 250, ""1"": 250}",250,1,0,0,0,0.337,ultrasonic-not-close,KEEP_PAUSED,right,left,,0
4,2026-08-02T02:27:30.850+09:00,0.482,3,8.53,0,DRIVING,,0,1,1,0,0,0,-0.191099,-0.542,2310,4,0.340136,0.340136,0,750,green,0.106,,0,unknown,0.000000,null,0.000000,0.288,,"{""0"": 250, ""1"": 250, ""2"": null, ""3"": null, ""4"": null, ""5"": null, ""6"": null, ""7"": null}","{""0"": 0.0, ""1"": 0.0, ""2"": null, ""3"": null, ""4"": null, ""5"": null, ""6"": null, ""7"": null}","{""0"": 250, ""1"": 250}",250,1,0,0,0,0.288,ultrasonic-not-close,KEEP_PAUSED,right,left,,0
5,2026-08-02T02:27:30.946+09:00,0.577,4,8.94,0,DRIVING,,0,1,1,0,0,0,-0.191107,-0.555,2310,4,0.341319,0.341319,0,750,green,0.135,,0,unknown,0.000000,null,0.000000,0.290,,"{""0"": 250, ""1"": 250, ""2"": null, ""3"": null, ""4"": null, ""5"": null, ""6"": null, ""7"": null}","{""0"": 0.0, ""1"": 0.0, ""2"": null, ""3"": null, ""4"": null, ""5"": null, ""6"": null, ""7"": null}","{""0"": 250, ""1"": 250}",250,1,0,0,0,0.290,ultrasonic-not-close,KEEP_PAUSED,right,left,,0
6,2026-08-02T02:27:31.052+09:00,0.685,5,9.02,0,DRIVING,,0,1,1,0,0,0,-0.191099,-0.566,2310,4,0.342091,0.342091,0,750,green,0.096,,0,unknown,0.000000,null,0.000000,0.397,,"{""0"": 250, ""1"": 250, ""2"": null, ""3"": null, ""4"": null, ""5"": null, ""6"": null, ""7"": null}","{""0"": 0.0, ""1"": 0.0, ""2"": null, ""3"": null, ""4"": null, ""5"": null, ""6"": null, ""7"": null}","{""0"": 250, ""1"": 250}",250,1,0,0,0,0.397,ultrasonic-not-close,KEEP_PAUSED,right,left,,0
7,2026-08-02T02:27:31.140+09:00,0.772,6,9.34,0,DRIVING,,0,1,1,0,0,0,-0.191394,-0.574,2310,4,0.343720,0.343720,0,750,green,0.112,,0,unknown,0.000000,null,0.000000,0.253,,"{""0"": 250, ""1"": 250, ""2"": null, ""3"": null, ""4"": null, ""5"": null, ""6"": null, ""7"": null}","{""0"": 0.0, ""1"": 0.0, ""2"": null, ""3"": null, ""4"": null, ""5"": null, ""6"": null, ""7"": null}","{""0"": 250, ""1"": 250}",250,1,0,0,0,0.253,ultrasonic-not-close,KEEP_PAUSED,right,left,,0
8,2026-08-02T02:27:31.263+09:00,0.895,7,9.16,0,DRIVING,,0,1,1,0,0,0,-0.191402,-0.580,2310,4,0.343987,0.343987,0,749,green,0.199,,0,unknown,0.000000,null,0.000000,0.374,,"{""0"": 250, ""1"": 250, ""2"": null, ""3"": null, ""4"": null, ""5"": null, ""6"": null, ""7"": null}","{""0"": 0.0, ""1"": 0.0, ""2"": null, ""3"": null, ""4"": null, ""5"": null, ""6"": null, ""7"": null}","{""0"": 250, ""1"": 250}",250,1,0,0,0,0.374,ultrasonic-not-close,KEEP_PAUSED,right,left,,0
9,2026-08-02T02:27:31.356+09:00,0.987,8,9.34,0,DRIVING,,0,1,1,0,0,0,-0.191107,-0.584,2310,4,0.343085,0.343085,0,750,green,0.214,,0,unknown,0.000000,null,0.000000,0.374,,"{""0"": 250, ""1"": 250, ""2"": null, ""3"": null, ""4"": null, ""5"": null, ""6"": null, ""7"": null}","{""0"": 0.0, ""1"": 0.0, ""2"": null, ""3"": null, ""4"": null, ""5"": null, ""6"": null, ""7"": null}","{""0"": 250, ""1"": 250}",250,1,0,0,0,0.374,ultrasonic-not-close,KEEP_PAUSED,right,left,,0
10,2026-08-02T02:27:31.453+09:00,1.087,9,9.40,0,DRIVING,,0,1,1,0,0,0,-0.191099,-0.587,2310,4,0.343327,0.343327,0,750,green,0.219,,0,unknown,0.000000,null,0.000000,0.280,,"{""0"": 250, ""1"": 250, ""2"": null, ""3"": null, ""4"": null, ""5"": null, ""6"": null, ""7"": null}","{""0"": 0.0, ""1"": 0.0, ""2"": null, ""3"": null, ""4"": null, ""5"": null, ""6"": null, ""7"": null}","{""0"": 250, ""1"": 250}",250,1,0,0,0,0.280,ultrasonic-not-close,KEEP_PAUSED,right,left,,0
11,2026-08-02T02:27:31.578+09:00,1.194,10,9.40,0,DRIVING,,0,1,1,0,0,0,-0.191099,-0.590,2310,4,0.343522,0.343522,0,749,green,0.194,,0,unknown,0.000000,null,0.000000,0.386,,"{""0"": 250, ""1"": 250, ""2"": null, ""3"": null, ""4"": null, ""5"": null, ""6"": null, ""7"": null}","{""0"": 0.0, ""1"": 0.0, ""2"": null, ""3"": null, ""4"": null, ""5"": null, ""6"": null, ""7"": null}","{""0"": 250, ""1"": 250}",250,1,0,0,0,0.386,ultrasonic-not-close,KEEP_PAUSED,right,left,,0
12,2026-08-02T02:27:31.665+09:00,1.297,11,9.43,0,DRIVING,,0,1,1,0,0,0,-0.191099,-0.592,2310,4,0.343659,0.343659,0,750,green,0.226,,0,unknown,0.000000,null,0.000000,0.272,,"{""0"": 250, ""1"": 250, ""2"": null, ""3"": null, ""4"": null, ""5"": null, ""6"": null, ""7"": null}","{""0"": 0.0, ""1"": 0.0, ""2"": null, ""3"": null, ""4"": null, ""5"": null, ""6"": null, ""7"": null}","{""0"": 250, ""1"": 250}",250,1,0,0,0,0.272,ultrasonic-not-close,KEEP_PAUSED,right,left,,0
13,2026-08-02T02:27:31.837+09:00,1.469,12,8.97,0,DRIVING,,0,1,1,0,0,0,-0.191099,-0.593,2310,4,0.343754,0.343754,0,751,green,0.312,,0,unknown,0.000000,null,0.000000,0.444,,"{""0"": 250, ""1"": 250, ""2"": null, ""3"": null, ""4"": null, ""5"": null, ""6"": null, ""7"": null}","{""0"": 0.0, ""1"": 0.0, ""2"": null, ""3"": null, ""4"": null, ""5"": null, ""6"": null, ""7"": null}","{""0"": 250, ""1"": 250}",250,1,0,0,0,0.444,ultrasonic-not-close,KEEP_PAUSED,right,left,,0
14,2026-08-02T02:27:31.920+09:00,1.552,13,9.15,0,DRIVING,,0,1,1,0,0,0,-0.191099,-0.594,2310,4,0.343821,0.343821,0,749,green,0.386,,0,unknown,0.000000,null,0.000000,0.306,,"{""0"": 250, ""1"": 250, ""2"": null, ""3"": null, ""4"": null, ""5"": null, ""6"": null, ""7"": null}","{""0"": 0.0, ""1"": 0.0, ""2"": null, ""3"": null, ""4"": null, ""5"": null, ""6"": null, ""7"": null}","{""0"": 250, ""1"": 250}",250,1,0,0,0,0.306,ultrasonic-not-close,KEEP_PAUSED,right,left,,0
15,2026-08-02T02:27:32.055+09:00,1.688,14,9.00,0,DRIVING,,0,1,1,0,0,0,-0.191099,-0.595,2310,4,0.343868,0.343868,0,749,green,0.261,,0,unknown,0.000000,null,0.000000,0.440,,"{""0"": 250, ""1"": 250, ""2"": null, ""3"": null, ""4"": null, ""5"": null, ""6"": null, ""7"": null}","{""0"": 0.0, ""1"": 0.0, ""2"": null, ""3"": null, ""4"": null, ""5"": null, ""6"": null, ""7"": null}","{""0"": 250, ""1"": 250}",250,1,0,0,0,0.440,ultrasonic-not-close,KEEP_PAUSED,right,left,,0
16,2026-08-02T02:27:32.210+09:00,1.841,15,8.77,0,DRIVING,,0,1,1,0,0,0,-0.191099,-0.596,2310,4,0.343901,0.343901,0,749,green,0.222,,0,unknown,0.000000,null,0.000000,0.509,,"{""0"": 250, ""1"": 250, ""2"": null, ""3"": null, ""4"": null, ""5"": null, ""6"": null, ""7"": null}","{""0"": 0.0, ""1"": 0.0, ""2"": null, ""3"": null, ""4"": null, ""5"": null, ""6"": null, ""7"": null}","{""0"": 250, ""1"": 250}",250,1,0,0,0,0.509,ultrasonic-not-close,KEEP_PAUSED,right,left,,0
17,2026-08-02T02:27:32.305+09:00,1.937,16,8.86,0,DRIVING,,0,1,1,0,0,0,-0.191099,-0.596,2310,4,0.343924,0.343924,0,750,green,0.292,,0,unknown,0.000000,null,0.000000,0.348,,"{""0"": 250, ""1"": 250, ""2"": null, ""3"": null, ""4"": null, ""5"": null, ""6"": null, ""7"": null}","{""0"": 0.0, ""1"": 0.0, ""2"": null, ""3"": null, ""4"": null, ""5"": null, ""6"": null, ""7"": null}","{""0"": 250, ""1"": 250}",250,1,0,0,0,0.348,ultrasonic-not-close,KEEP_PAUSED,right,left,,0
18,2026-08-02T02:27:32.464+09:00,2.095,17,8.65,0,DRIVING,,0,1,1,0,0,0,-0.191394,-0.596,2310,4,0.345003,0.345003,0,749,green,0.388,,0,unknown,0.000000,null,0.000000,0.507,,"{""0"": 250, ""1"": 250, ""2"": null, ""3"": null, ""4"": null, ""5"": null, ""6"": null, ""7"": null}","{""0"": 0.0, ""1"": 0.0, ""2"": null, ""3"": null, ""4"": null, ""5"": null, ""6"": null, ""7"": null}","{""0"": 250, ""1"": 250}",250,1,0,0,0,0.507,ultrasonic-not-close,KEEP_PAUSED,right,left,,0
19,2026-08-02T02:27:32.552+09:00,2.184,18,8.77,0,DRIVING,,0,1,1,0,0,0,-0.191107,-0.597,2310,4,0.343822,0.343822,0,749,green,0.163,,0,unknown,0.000000,null,0.000000,0.306,,"{""0"": 250, ""1"": 250, ""2"": null, ""3"": null, ""4"": null, ""5"": null, ""6"": null, ""7"": null}","{""0"": 0.0, ""1"": 0.0, ""2"": null, ""3"": null, ""4"": null, ""5"": null, ""6"": null, ""7"": null}","{""0"": 250, ""1"": 250}",250,1,0,0,0,0.306,ultrasonic-not-close,KEEP_PAUSED,right,left,,0
20,2026-08-02T02:27:32.708+09:00,2.340,19,8.59,0,DRIVING,,0,1,1,0,0,0,-0.191107,-0.597,2310,4,0.343873,0.343873,0,749,green,0.250,,0,unknown,0.000000,null,0.000000,0.463,,"{""0"": 250, ""1"": 159, ""2"": null, ""3"": null, ""4"": null, ""5"": null, ""6"": null, ""7"": null}","{""0"": 0.0, ""1"": 0.0, ""2"": null, ""3"": null, ""4"": null, ""5"": null, ""6"": null, ""7"": null}","{""0"": 250, ""1"": 159}",159,1,0,0,0,0.463,ultrasonic-not-close,KEEP_PAUSED,right,left,,0
21,2026-08-02T02:27:32.801+09:00,2.434,20,8.69,0,DRIVING,,0,1,1,0,0,0,-0.191099,-0.597,2310,4,0.343879,0.343879,0,750,green,0.247,,0,unknown,0.000000,null,0.000000,0.300,,"{""0"": 250, ""1"": 250, ""2"": null, ""3"": null, ""4"": null, ""5"": null, ""6"": null, ""7"": null}","{""0"": 0.0, ""1"": 0.0, ""2"": null, ""3"": null, ""4"": null, ""5"": null, ""6"": null, ""7"": null}","{""0"": 250, ""1"": 250}",250,1,0,0,0,0.300,ultrasonic-not-close,KEEP_PAUSED,right,left,,0
22,2026-08-02T02:27:32.900+09:00,2.533,21,8.74,0,DRIVING,,0,1,1,0,0,0,-0.191394,-0.597,2310,4,0.344972,0.344972,0,750,green,0.253,,0,unknown,0.000000,null,0.000000,0.314,,"{""0"": 250, ""1"": 250, ""2"": null, ""3"": null, ""4"": null, ""5"": null, ""6"": null, ""7"": null}","{""0"": 0.0, ""1"": 0.0, ""2"": null, ""3"": null, ""4"": null, ""5"": null, ""6"": null, ""7"": null}","{""0"": 250, ""1"": 250}",250,1,0,0,0,0.314,ultrasonic-not-close,KEEP_PAUSED,right,left,,0
23,2026-08-02T02:27:33.037+09:00,2.670,22,8.67,0,DRIVING,,0,1,1,0,0,0,-0.191402,-0.597,2310,4,0.344863,0.344863,0,749,green,0.195,,0,unknown,0.000000,null,0.000000,0.450,,"{""0"": 250, ""1"": 250, ""2"": null, ""3"": null, ""4"": null, ""5"": null, ""6"": null, ""7"": null}","{""0"": 0.0, ""1"": 0.0, ""2"": null, ""3"": null, ""4"": null, ""5"": null, ""6"": null, ""7"": null}","{""0"": 250, ""1"": 250}",250,1,0,0,0,0.450,ultrasonic-not-close,KEEP_PAUSED,right,left,,0
24,2026-08-02T02:27:33.177+09:00,2.784,23,8.67,0,DRIVING,,0,1,1,0,0,0,-0.191107,-0.597,2310,4,0.343698,0.343698,0,749,green,0.241,,0,unknown,0.000000,null,0.000000,0.313,,"{""0"": 250, ""1"": 250, ""2"": null, ""3"": null, ""4"": null, ""5"": null, ""6"": null, ""7"": null}","{""0"": 0.0, ""1"": 0.0, ""2"": null, ""3"": null, ""4"": null, ""5"": null, ""6"": null, ""7"": null}","{""0"": 250, ""1"": 250}",250,1,0,0,0,0.313,ultrasonic-not-close,KEEP_PAUSED,right,left,,0
25,2026-08-02T02:27:33.272+09:00,2.904,24,8.65,0,DRIVING,,0,1,1,0,0,0,-0.191099,-0.597,2310,4,0.343756,0.343756,0,750,green,0.282,,0,unknown,0.000000,null,0.000000,0.197,,"{""0"": 250, ""1"": 250, ""2"": null, ""3"": null, ""4"": null, ""5"": null, ""6"": null, ""7"": null}","{""0"": 0.0, ""1"": 0.0, ""2"": null, ""3"": null, ""4"": null, ""5"": null, ""6"": null, ""7"": null}","{""0"": 250, ""1"": 250}",250,1,0,0,0,0.197,ultrasonic-not-close,KEEP_PAUSED,right,left,,0
26,2026-08-02T02:27:33.420+09:00,3.052,25,8.56,0,DRIVING,,0,1,1,0,0,0,-0.191099,-0.597,2310,4,0.343823,0.343823,0,750,green,0.377,,0,unknown,0.000000,null,0.000000,0.345,,"{""0"": 250, ""1"": 250, ""2"": null, ""3"": null, ""4"": null, ""5"": null, ""6"": null, ""7"": null}","{""0"": 0.0, ""1"": 0.0, ""2"": null, ""3"": null, ""4"": null, ""5"": null, ""6"": null, ""7"": null}","{""0"": 250, ""1"": 250}",250,1,0,0,0,0.345,ultrasonic-not-close,KEEP_PAUSED,right,left,,0
27,2026-08-02T02:27:33.576+09:00,3.208,26,8.45,0,DRIVING,,0,1,1,0,0,0,-0.191099,-0.597,2310,4,0.343869,0.343869,0,749,green,0.151,,0,unknown,0.000000,null,0.000000,0.362,,"{""0"": 250, ""1"": 250, ""2"": null, ""3"": null, ""4"": null, ""5"": null, ""6"": null, ""7"": null}","{""0"": 0.0, ""1"": 0.0, ""2"": null, ""3"": null, ""4"": null, ""5"": null, ""6"": null, ""7"": null}","{""0"": 250, ""1"": 250}",250,1,0,0,0,0.362,ultrasonic-not-close,KEEP_PAUSED,right,left,,0
28,2026-08-02T02:27:33.682+09:00,3.314,27,8.48,0,DRIVING,,0,1,1,0,0,0,-0.191099,-0.597,2310,4,0.343902,0.343902,0,750,green,0.160,,0,unknown,0.000000,null,0.000000,0.226,,"{""0"": 250, ""1"": 250, ""2"": null, ""3"": null, ""4"": null, ""5"": null, ""6"": null, ""7"": null}","{""0"": 0.0, ""1"": 0.0, ""2"": null, ""3"": null, ""4"": null, ""5"": null, ""6"": null, ""7"": null}","{""0"": 250, ""1"": 250}",250,1,0,0,0,0.226,ultrasonic-not-close,KEEP_PAUSED,right,left,,0
29,2026-08-02T02:27:33.812+09:00,3.444,28,8.46,0,DRIVING,,0,1,1,0,0,0,-0.190835,-0.635,2384,4,0.342977,0.342977,0,750,green,0.267,,0,unknown,0.000000,null,0.000000,0.355,,"{""0"": 250, ""1"": 250, ""2"": null, ""3"": null, ""4"": null, ""5"": null, ""6"": null, ""7"": null}","{""0"": 0.0, ""1"": 0.0, ""2"": null, ""3"": null, ""4"": null, ""5"": null, ""6"": null, ""7"": null}","{""0"": 250, ""1"": 250}",250,1,0,0,0,0.355,ultrasonic-not-close,KEEP_PAUSED,right,left,,0
30,2026-08-02T02:27:33.907+09:00,3.539,29,8.51,0,DRIVING,,0,1,1,0,0,0,-0.189621,-0.630,2418,4,0.338764,0.338764,0,749,green,0.133,,0,unknown,0.000000,null,0.000000,0.295,,"{""0"": 250, ""1"": 250, ""2"": null, ""3"": null, ""4"": null, ""5"": null, ""6"": null, ""7"": null}","{""0"": 0.0, ""1"": 0.0, ""2"": null, ""3"": null, ""4"": null, ""5"": null, ""6"": null, ""7"": null}","{""0"": 250, ""1"": 250}",250,1,0,0,0,0.295,ultrasonic-not-close,KEEP_PAUSED,right,left,,0
31,2026-08-02T02:27:34.018+09:00,3.651,30,8.52,0,DRIVING,,0,1,1,0,0,0,-0.186149,-0.631,2601,0,0.327030,0.327030,0,749,green,0.230,,0,unknown,0.000000,null,0.000000,0.406,,"{""0"": 250, ""1"": 250, ""2"": null, ""3"": null, ""4"": null, ""5"": null, ""6"": null, ""7"": null}","{""0"": 0.0, ""1"": 0.0, ""2"": null, ""3"": null, ""4"": null, ""5"": null, ""6"": null, ""7"": null}","{""0"": 250, ""1"": 250}",250,1,0,0,0,0.406,ultrasonic-not-close,KEEP_PAUSED,right,left,,0
32,2026-08-02T02:27:34.178+09:00,3.811,31,8.43,0,DRIVING,,0,1,1,0,0,0,-0.181348,-0.647,2773,0,0.312159,0.312159,0,749,green,0.211,,0,unknown,0.000000,null,0.000000,0.331,,"{""0"": 250, ""1"": 250, ""2"": null, ""3"": null, ""4"": null, ""5"": null, ""6"": null, ""7"": null}","{""0"": 0.0, ""1"": 0.0, ""2"": null, ""3"": null, ""4"": null, ""5"": null, ""6"": null, ""7"": null}","{""0"": 250, ""1"": 250}",250,1,0,0,0,0.331,ultrasonic-not-close,KEEP_PAUSED,right,left,,0
33,2026-08-02T02:27:34.330+09:00,3.962,32,8.31,0,DRIVING,,0,1,1,0,0,0,-0.177472,-0.678,2812,0,0.302485,0.302485,0,749,green,0.274,,0,unknown,0.000000,null,0.000000,0.385,,"{""0"": 250, ""1"": 250, ""2"": null, ""3"": null, ""4"": null, ""5"": null, ""6"": null, ""7"": null}","{""0"": 0.0, ""1"": 0.0, ""2"": null, ""3"": null, ""4"": null, ""5"": null, ""6"": null, ""7"": null}","{""0"": 250, ""1"": 250}",250,1,0,0,0,0.385,ultrasonic-not-close,KEEP_PAUSED,right,left,,0
34,2026-08-02T02:27:34.423+09:00,4.057,33,8.39,0,DRIVING,,0,1,1,0,0,0,-0.173193,-0.696,2833,0,0.292169,0.292169,0,750,green,0.316,,0,unknown,0.000000,null,0.000000,0.370,,"{""0"": 250, ""1"": 250, ""2"": null, ""3"": null, ""4"": null, ""5"": null, ""6"": null, ""7"": null}","{""0"": 0.0, ""1"": 0.0, ""2"": null, ""3"": null, ""4"": null, ""5"": null, ""6"": null, ""7"": null}","{""0"": 250, ""1"": 250}",250,1,0,0,0,0.370,ultrasonic-not-close,KEEP_PAUSED,right,left,,0
35,2026-08-02T02:27:34.566+09:00,4.198,34,8.29,0,DRIVING,,0,1,1,0,0,0,-0.169605,-0.790,2881,0,0.285128,0.285128,0,750,green,0.248,,0,unknown,0.000000,null,0.000000,0.510,,"{""0"": 250, ""1"": 250, ""2"": null, ""3"": null, ""4"": null, ""5"": null, ""6"": null, ""7"": null}","{""0"": 0.0, ""1"": 0.0, ""2"": null, ""3"": null, ""4"": null, ""5"": null, ""6"": null, ""7"": null}","{""0"": 250, ""1"": 250}",250,1,0,0,0,0.510,ultrasonic-not-close,KEEP_PAUSED,right,left,,0
36,2026-08-02T02:27:34.686+09:00,4.318,35,8.26,0,DRIVING,,0,1,1,0,0,0,-0.167950,-0.814,2919,0,0.285217,0.285217,0,750,green,0.239,,0,unknown,0.000000,null,0.000000,0.319,,"{""0"": 250, ""1"": 250, ""2"": null, ""3"": null, ""4"": null, ""5"": null, ""6"": null, ""7"": null}","{""0"": 0.0, ""1"": 0.0, ""2"": null, ""3"": null, ""4"": null, ""5"": null, ""6"": null, ""7"": null}","{""0"": 250, ""1"": 250}",250,1,0,0,0,0.319,ultrasonic-not-close,KEEP_PAUSED,right,left,,0
37,2026-08-02T02:27:34.792+09:00,4.416,36,8.24,0,DRIVING,,0,1,1,0,0,0,-0.167440,-0.827,2889,0,0.288508,0.288508,0,750,green,0.267,,0,unknown,0.000000,null,0.000000,0.324,,"{""0"": 250, ""1"": 250, ""2"": null, ""3"": null, ""4"": null, ""5"": null, ""6"": null, ""7"": null}","{""0"": 0.0, ""1"": 0.0, ""2"": null, ""3"": null, ""4"": null, ""5"": null, ""6"": null, ""7"": null}","{""0"": 250, ""1"": 250}",250,1,0,0,0,0.324,ultrasonic-not-close,KEEP_PAUSED,right,left,,0
38,2026-08-02T02:27:34.941+09:00,4.575,37,8.16,0,DRIVING,,0,1,1,0,0,0,-0.167195,-0.836,2889,0,0.291493,0.291493,0,750,green,0.235,,0,unknown,0.000000,null,0.000000,0.483,,"{""0"": 250, ""1"": 250, ""2"": null, ""3"": null, ""4"": null, ""5"": null, ""6"": null, ""7"": null}","{""0"": 0.0, ""1"": 0.0, ""2"": null, ""3"": null, ""4"": null, ""5"": null, ""6"": null, ""7"": null}","{""0"": 250, ""1"": 250}",250,1,0,0,0,0.483,ultrasonic-not-close,KEEP_PAUSED,right,left,,0
39,2026-08-02T02:27:35.052+09:00,4.684,38,8.11,0,DRIVING,,0,1,1,0,0,0,-0.166487,-0.882,2880,0,0.291779,0.291779,0,749,green,0.259,,0,unknown,0.000000,null,0.000000,0.331,,"{""0"": 250, ""1"": 250, ""2"": null, ""3"": null, ""4"": null, ""5"": null, ""6"": null, ""7"": null}","{""0"": 0.0, ""1"": 0.0, ""2"": null, ""3"": null, ""4"": null, ""5"": null, ""6"": null, ""7"": null}","{""0"": 250, ""1"": 250}",250,1,0,0,0,0.331,ultrasonic-not-close,KEEP_PAUSED,right,left,,0
40,2026-08-02T02:27:35.150+09:00,4.782,39,8.12,0,DRIVING,,0,1,1,0,0,0,-0.165890,-0.882,2900,0,0.292000,0.292000,0,749,green,0.263,,0,unknown,0.000000,null,0.000000,0.320,,"{""0"": 250, ""1"": 250, ""2"": null, ""3"": null, ""4"": null, ""5"": null, ""6"": null, ""7"": null}","{""0"": 0.0, ""1"": 0.0, ""2"": null, ""3"": null, ""4"": null, ""5"": null, ""6"": null, ""7"": null}","{""0"": 250, ""1"": 250}",250,1,0,0,0,0.320,ultrasonic-not-close,KEEP_PAUSED,right,left,,0
41,2026-08-02T02:27:35.318+09:00,4.950,40,7.99,0,DRIVING,,0,1,1,0,0,0,-0.165286,-0.868,2925,0,0.291808,0.291808,0,749,green,0.212,,0,unknown,0.000000,null,0.000000,0.487,,"{""0"": 250, ""1"": 250, ""2"": null, ""3"": null, ""4"": null, ""5"": null, ""6"": null, ""7"": null}","{""0"": 0.0, ""1"": 0.0, ""2"": null, ""3"": null, ""4"": null, ""5"": null, ""6"": null, ""7"": null}","{""0"": 250, ""1"": 250}",250,1,0,0,0,0.487,ultrasonic-not-close,KEEP_PAUSED,right,left,,0
42,2026-08-02T02:27:35.402+09:00,5.035,41,8.03,0,DRIVING,,0,1,1,0,0,0,-0.163738,-0.849,2984,0,0.287947,0.287947,0,750,green,0.269,,0,unknown,0.000000,null,0.000000,0.313,,"{""0"": 250, ""1"": 250, ""2"": null, ""3"": null, ""4"": null, ""5"": null, ""6"": null, ""7"": null}","{""0"": 0.0, ""1"": 0.0, ""2"": null, ""3"": null, ""4"": null, ""5"": null, ""6"": null, ""7"": null}","{""0"": 250, ""1"": 250}",250,1,0,0,0,0.313,ultrasonic-not-close,KEEP_PAUSED,right,left,,0
43,2026-08-02T02:27:35.536+09:00,5.168,42,8.11,0,DRIVING,,0,1,1,0,0,0,-0.163482,-0.841,2991,0,0.289058,0.289058,0,750,green,0.260,,0,unknown,0.000000,null,0.000000,0.448,,"{""0"": 250, ""1"": 250, ""2"": null, ""3"": null, ""4"": null, ""5"": null, ""6"": null, ""7"": null}","{""0"": 0.0, ""1"": 0.0, ""2"": null, ""3"": null, ""4"": null, ""5"": null, ""6"": null, ""7"": null}","{""0"": 250, ""1"": 250}",250,1,0,0,0,0.448,ultrasonic-not-close,KEEP_PAUSED,right,left,,0
44,2026-08-02T02:27:35.690+09:00,5.324,43,7.95,0,DRIVING,,0,1,1,0,0,0,-0.164238,-0.821,2946,0,0.293344,0.293344,0,750,green,0.222,,0,unknown,0.000000,null,0.000000,0.505,,"{""0"": 250, ""1"": 250, ""2"": null, ""3"": null, ""4"": null, ""5"": null, ""6"": null, ""7"": null}","{""0"": 0.0, ""1"": 0.0, ""2"": null, ""3"": null, ""4"": null, ""5"": null, ""6"": null, ""7"": null}","{""0"": 250, ""1"": 250}",250,1,0,0,0,0.505,ultrasonic-not-close,KEEP_PAUSED,right,left,,0
45,2026-08-02T02:27:35.778+09:00,5.412,44,8.05,0,DRIVING,,0,1,1,0,0,0,-0.165702,-0.779,2850,0,0.299300,0.299300,0,749,green,0.289,,0,unknown,0.000000,null,0.000000,0.337,,"{""0"": 250, ""1"": 250, ""2"": null, ""3"": null, ""4"": null, ""5"": null, ""6"": null, ""7"": null}","{""0"": 0.0, ""1"": 0.0, ""2"": null, ""3"": null, ""4"": null, ""5"": null, ""6"": null, ""7"": null}","{""0"": 250, ""1"": 250}",250,1,0,0,0,0.337,ultrasonic-not-close,KEEP_PAUSED,right,left,,0
46,2026-08-02T02:27:35.921+09:00,5.554,45,8.08,0,DRIVING,,0,1,1,0,0,0,-0.165750,-0.767,2865,0,0.299162,0.299162,0,750,green,0.377,,0,unknown,0.000000,null,0.000000,0.480,,"{""0"": 250, ""1"": 250, ""2"": null, ""3"": null, ""4"": null, ""5"": null, ""6"": null, ""7"": null}","{""0"": 0.0, ""1"": 0.0, ""2"": null, ""3"": null, ""4"": null, ""5"": null, ""6"": null, ""7"": null}","{""0"": 250, ""1"": 250}",250,1,0,0,0,0.480,ultrasonic-not-close,KEEP_PAUSED,right,left,,0
47,2026-08-02T02:27:36.012+09:00,5.644,46,8.09,0,DRIVING,,0,1,1,0,0,0,-0.163549,-0.761,2997,0,0.290995,0.290995,0,750,green,0.390,,0,unknown,0.000000,null,0.000000,0.285,,"{""0"": 250, ""1"": 250, ""2"": null, ""3"": null, ""4"": null, ""5"": null, ""6"": null, ""7"": null}","{""0"": 0.0, ""1"": 0.0, ""2"": null, ""3"": null, ""4"": null, ""5"": null, ""6"": null, ""7"": null}","{""0"": 250, ""1"": 250}",250,1,0,0,0,0.285,ultrasonic-not-close,KEEP_PAUSED,right,left,,0
48,2026-08-02T02:27:36.186+09:00,5.819,47,8.06,0,DRIVING,,0,1,1,0,0,0,-0.165029,-0.801,2910,0,0.297339,0.297339,0,749,green,0.239,,0,unknown,0.000000,null,0.000000,0.371,,"{""0"": 250, ""1"": 250, ""2"": null, ""3"": null, ""4"": null, ""5"": null, ""6"": null, ""7"": null}","{""0"": 0.0, ""1"": 0.0, ""2"": null, ""3"": null, ""4"": null, ""5"": null, ""6"": null, ""7"": null}","{""0"": 250, ""1"": 250}",250,1,0,0,0,0.371,ultrasonic-not-close,KEEP_PAUSED,right,left,,0
49,2026-08-02T02:27:36.282+09:00,5.914,48,8.04,0,DRIVING,,0,1,1,0,0,0,-0.167375,-0.816,2838,0,0.305699,0.305699,0,749,green,0.177,,0,unknown,0.000000,null,0.000000,0.465,,"{""0"": 250, ""1"": 250, ""2"": null, ""3"": null, ""4"": null, ""5"": null, ""6"": null, ""7"": null}","{""0"": 0.0, ""1"": 0.0, ""2"": null, ""3"": null, ""4"": null, ""5"": null, ""6"": null, ""7"": null}","{""0"": 250, ""1"": 250}",250,1,0,0,0,0.465,ultrasonic-not-close,KEEP_PAUSED,right,left,,0
50,2026-08-02T02:27:36.446+09:00,6.078,49,8.03,0,DRIVING,,0,1,1,0,0,0,-0.167648,-0.785,2816,0,0.305356,0.305356,0,750,green,0.274,,0,unknown,0.000000,null,0.000000,0.396,,"{""0"": 250, ""1"": 250, ""2"": null, ""3"": null, ""4"": null, ""5"": null, ""6"": null, ""7"": null}","{""0"": 0.0, ""1"": 0.0, ""2"": null, ""3"": null, ""4"": null, ""5"": null, ""6"": null, ""7"": null}","{""0"": 250, ""1"": 250}",250,1,0,0,0,0.396,ultrasonic-not-close,KEEP_PAUSED,right,left,,0
51,2026-08-02T02:27:36.542+09:00,6.176,50,8.02,0,DRIVING,,0,1,1,0,0,0,-0.170828,-0.836,2749,0,0.315725,0.315725,0,750,green,0.167,,0,unknown,0.000000,null,0.000000,0.226,,"{""0"": 250, ""1"": 250, ""2"": null, ""3"": null, ""4"": null, ""5"": null, ""6"": null, ""7"": null}","{""0"": 0.0, ""1"": 0.0, ""2"": null, ""3"": null, ""4"": null, ""5"": null, ""6"": null, ""7"": null}","{""0"": 250, ""1"": 250}",250,1,0,0,0,0.226,ultrasonic-not-close,KEEP_PAUSED,right,left,,0
52,2026-08-02T02:27:36.628+09:00,6.261,51,8.05,0,DRIVING,,0,1,1,0,0,0,-0.175140,-0.857,2614,0,0.328779,0.328779,0,750,green,0.101,,0,unknown,0.000000,null,0.000000,0.309,,"{""0"": 250, ""1"": 250, ""2"": null, ""3"": null, ""4"": null, ""5"": null, ""6"": null, ""7"": null}","{""0"": 0.0, ""1"": 0.0, ""2"": null, ""3"": null, ""4"": null, ""5"": null, ""6"": null, ""7"": null}","{""0"": 250, ""1"": 250}",250,1,0,0,0,0.309,ultrasonic-not-close,KEEP_PAUSED,right,left,,0
53,2026-08-02T02:27:36.758+09:00,6.390,52,8.06,0,DRIVING,,0,1,1,0,0,0,-0.187491,-0.834,2533,4,0.369183,0.369183,0,750,green,0.188,,0,unknown,0.000000,null,0.000000,0.277,,"{""0"": 250, ""1"": 250, ""2"": null, ""3"": null, ""4"": null, ""5"": null, ""6"": null, ""7"": null}","{""0"": 0.0, ""1"": 0.0, ""2"": null, ""3"": null, ""4"": null, ""5"": null, ""6"": null, ""7"": null}","{""0"": 250, ""1"": 250}",250,1,0,0,0,0.277,ultrasonic-not-close,KEEP_PAUSED,right,left,,0
54,2026-08-02T02:27:36.907+09:00,6.541,53,7.98,0,DRIVING,,0,1,1,0,0,0,-0.189714,-0.818,2428,4,0.367678,0.367678,0,751,green,0.218,,0,unknown,0.000000,null,0.000000,0.428,,"{""0"": 250, ""1"": 250, ""2"": null, ""3"": null, ""4"": null, ""5"": null, ""6"": null, ""7"": null}","{""0"": 0.0, ""1"": 0.0, ""2"": null, ""3"": null, ""4"": null, ""5"": null, ""6"": null, ""7"": null}","{""0"": 250, ""1"": 250}",250,1,0,0,0,0.428,ultrasonic-not-close,KEEP_PAUSED,right,left,,0
55,2026-08-02T02:27:36.994+09:00,6.626,54,8.06,0,DRIVING,,0,1,1,0,0,0,-0.192107,-0.709,2325,0,0.368433,0.368433,0,750,green,0.284,,0,unknown,0.000000,null,0.000000,0.329,,"{""0"": 250, ""1"": 250, ""2"": null, ""3"": null, ""4"": null, ""5"": null, ""6"": null, ""7"": null}","{""0"": 0.0, ""1"": 0.0, ""2"": null, ""3"": null, ""4"": null, ""5"": null, ""6"": null, ""7"": null}","{""0"": 250, ""1"": 250}",250,1,0,0,0,0.329,ultrasonic-not-close,KEEP_PAUSED,right,left,,0
56,2026-08-02T02:27:37.104+09:00,6.735,55,8.15,0,DRIVING,,0,1,1,0,0,0,-0.193872,-0.718,2144,0,0.367998,0.367998,0,750,green,0.252,,0,unknown,0.000000,null,0.000000,0.438,,"{""0"": 250, ""1"": 250, ""2"": null, ""3"": null, ""4"": null, ""5"": null, ""6"": null, ""7"": null}","{""0"": 0.0, ""1"": 0.0, ""2"": null, ""3"": null, ""4"": null, ""5"": null, ""6"": null, ""7"": null}","{""0"": 250, ""1"": 250}",250,1,0,0,0,0.438,ultrasonic-not-close,KEEP_PAUSED,right,left,,0
57,2026-08-02T02:27:37.282+09:00,6.895,56,8.14,0,DRIVING,,0,1,1,0,0,0,-0.194431,-0.727,2040,0,0.364300,0.364300,0,750,green,0.199,,0,unknown,0.000000,null,0.000000,0.470,,"{""0"": 250, ""1"": 250, ""2"": null, ""3"": null, ""4"": null, ""5"": null, ""6"": null, ""7"": null}","{""0"": 0.0, ""1"": 0.0, ""2"": null, ""3"": null, ""4"": null, ""5"": null, ""6"": null, ""7"": null}","{""0"": 250, ""1"": 250}",250,1,0,0,0,0.470,ultrasonic-not-close,KEEP_PAUSED,right,left,,0
58,2026-08-02T02:27:37.373+09:00,7.005,57,8.13,0,DRIVING,,0,1,1,0,0,0,-0.195022,-0.738,2029,0,0.362129,0.362129,0,749,green,0.282,,0,unknown,0.000000,null,0.000000,0.332,,"{""0"": 250, ""1"": 250, ""2"": null, ""3"": null, ""4"": null, ""5"": null, ""6"": null, ""7"": null}","{""0"": 0.0, ""1"": 0.0, ""2"": null, ""3"": null, ""4"": null, ""5"": null, ""6"": null, ""7"": null}","{""0"": 250, ""1"": 250}",250,1,0,0,0,0.332,ultrasonic-not-close,KEEP_PAUSED,right,left,,0
59,2026-08-02T02:27:37.502+09:00,7.135,58,8.13,0,DRIVING,,0,1,1,0,0,0,-0.193119,-0.733,2191,0,0.351953,0.351953,0,750,green,0.374,,0,unknown,0.000000,null,0.000000,0.461,,"{""0"": 250, ""1"": 250, ""2"": null, ""3"": null, ""4"": null, ""5"": null, ""6"": null, ""7"": null}","{""0"": 0.0, ""1"": 0.0, ""2"": null, ""3"": null, ""4"": null, ""5"": null, ""6"": null, ""7"": null}","{""0"": 250, ""1"": 250}",250,1,0,0,0,0.461,ultrasonic-not-close,KEEP_PAUSED,right,left,,0
60,2026-08-02T02:27:37.655+09:00,7.287,59,8.01,0,DRIVING,,0,1,1,0,0,0,-0.193598,-0.730,2181,0,0.352376,0.352376,0,750,green,0.403,,0,unknown,0.000000,null,0.000000,0.337,,"{""0"": 250, ""1"": 250, ""2"": null, ""3"": null, ""4"": null, ""5"": null, ""6"": null, ""7"": null}","{""0"": 0.0, ""1"": 0.0, ""2"": null, ""3"": null, ""4"": null, ""5"": null, ""6"": null, ""7"": null}","{""0"": 250, ""1"": 250}",250,1,0,0,0,0.337,ultrasonic-not-close,KEEP_PAUSED,right,left,,0
61,2026-08-02T02:27:37.778+09:00,7.411,60,7.98,0,DRIVING,,0,1,1,0,0,0,-0.193119,-0.730,2212,0,0.349482,0.349482,0,750,green,0.283,,0,unknown,0.000000,null,0.000000,0.366,,"{""0"": 250, ""1"": 250, ""2"": null, ""3"": null, ""4"": null, ""5"": null, ""6"": null, ""7"": null}","{""0"": 0.0, ""1"": 0.0, ""2"": null, ""3"": null, ""4"": null, ""5"": null, ""6"": null, ""7"": null}","{""0"": 250, ""1"": 250}",250,1,0,0,0,0.366,ultrasonic-not-close,KEEP_PAUSED,right,left,,0
62,2026-08-02T02:27:37.873+09:00,7.506,61,8.12,0,DRIVING,,0,1,1,0,0,0,-0.193136,-0.727,2191,0,0.348982,0.348982,0,750,green,0.280,,0,unknown,0.000000,null,0.000000,0.333,,"{""0"": 250, ""1"": 250, ""2"": null, ""3"": null, ""4"": null, ""5"": null, ""6"": null, ""7"": null}","{""0"": 0.0, ""1"": 0.0, ""2"": null, ""3"": null, ""4"": null, ""5"": null, ""6"": null, ""7"": null}","{""0"": 250, ""1"": 250}",250,1,0,0,0,0.333,ultrasonic-not-close,KEEP_PAUSED,right,left,,0
63,2026-08-02T02:27:37.996+09:00,7.628,62,8.18,0,DRIVING,,0,1,1,0,0,0,-0.193136,-0.725,2191,0,0.348581,0.348581,0,751,green,0.222,,0,unknown,0.000000,null,0.000000,0.457,,"{""0"": 250, ""1"": 250, ""2"": null, ""3"": null, ""4"": null, ""5"": null, ""6"": null, ""7"": null}","{""0"": 0.0, ""1"": 0.0, ""2"": null, ""3"": null, ""4"": null, ""5"": null, ""6"": null, ""7"": null}","{""0"": 250, ""1"": 250}",250,1,0,0,0,0.457,ultrasonic-not-close,KEEP_PAUSED,right,left,,0
64,2026-08-02T02:27:38.090+09:00,7.722,63,8.19,0,DRIVING,,0,1,1,0,0,0,-0.193136,-0.724,2191,0,0.348300,0.348300,0,750,green,0.220,,0,unknown,0.000000,null,0.000000,0.274,,"{""0"": 250, ""1"": 250, ""2"": null, ""3"": null, ""4"": null, ""5"": null, ""6"": null, ""7"": null}","{""0"": 0.0, ""1"": 0.0, ""2"": null, ""3"": null, ""4"": null, ""5"": null, ""6"": null, ""7"": null}","{""0"": 250, ""1"": 250}",250,1,0,0,0,0.274,ultrasonic-not-close,KEEP_PAUSED,right,left,,0
65,2026-08-02T02:27:38.190+09:00,7.822,64,8.28,0,DRIVING,,0,1,1,0,0,0,-0.193136,-0.722,2191,0,0.348103,0.348103,0,750,green,0.316,,0,unknown,0.000000,null,0.000000,0.376,,"{""0"": 250, ""1"": 250, ""2"": null, ""3"": null, ""4"": null, ""5"": null, ""6"": null, ""7"": null}","{""0"": 0.0, ""1"": 0.0, ""2"": null, ""3"": null, ""4"": null, ""5"": null, ""6"": null, ""7"": null}","{""0"": 250, ""1"": 250}",250,1,0,0,0,0.376,ultrasonic-not-close,KEEP_PAUSED,right,left,,0
66,2026-08-02T02:27:38.278+09:00,7.910,65,8.35,0,DRIVING,,0,1,1,0,0,0,-0.193136,-0.721,2191,0,0.347966,0.347966,0,750,green,0.322,,0,unknown,0.000000,null,0.000000,0.245,,"{""0"": 250, ""1"": 250, ""2"": null, ""3"": null, ""4"": null, ""5"": null, ""6"": null, ""7"": null}","{""0"": 0.0, ""1"": 0.0, ""2"": null, ""3"": null, ""4"": null, ""5"": null, ""6"": null, ""7"": null}","{""0"": 250, ""1"": 250}",250,1,0,0,0,0.245,ultrasonic-not-close,KEEP_PAUSED,right,left,,0
67,2026-08-02T02:27:38.438+09:00,8.071,66,8.21,0,DRIVING,,0,1,1,0,0,0,-0.193136,-0.721,2191,0,0.347869,0.347869,0,750,green,0.192,,0,unknown,0.000000,null,0.000000,0.407,,"{""0"": 250, ""1"": 250, ""2"": null, ""3"": null, ""4"": null, ""5"": null, ""6"": null, ""7"": null}","{""0"": 0.0, ""1"": 0.0, ""2"": null, ""3"": null, ""4"": null, ""5"": null, ""6"": null, ""7"": null}","{""0"": 250, ""1"": 250}",250,1,0,0,0,0.407,ultrasonic-not-close,KEEP_PAUSED,right,left,,0
68,2026-08-02T02:27:38.529+09:00,8.161,67,8.36,0,DRIVING,,0,1,1,0,0,0,-0.193598,-0.720,2181,0,0.349466,0.349466,0,750,green,0.250,,0,unknown,0.000000,null,0.000000,0.402,,"{""0"": 250, ""1"": 250, ""2"": null, ""3"": null, ""4"": null, ""5"": null, ""6"": null, ""7"": null}","{""0"": 0.0, ""1"": 0.0, ""2"": null, ""3"": null, ""4"": null, ""5"": null, ""6"": null, ""7"": null}","{""0"": 250, ""1"": 250}",250,1,0,0,0,0.402,ultrasonic-not-close,KEEP_PAUSED,right,left,,0
69,2026-08-02T02:27:38.632+09:00,8.264,68,8.39,0,DRIVING,,0,1,1,0,0,0,-0.193119,-0.720,2191,0,0.347445,0.347445,0,750,green,0.253,,0,unknown,0.000000,null,0.000000,0.315,,"{""0"": 250, ""1"": 250, ""2"": null, ""3"": null, ""4"": null, ""5"": null, ""6"": null, ""7"": null}","{""0"": 0.0, ""1"": 0.0, ""2"": null, ""3"": null, ""4"": null, ""5"": null, ""6"": null, ""7"": null}","{""0"": 250, ""1"": 250}",250,1,0,0,0,0.315,ultrasonic-not-close,KEEP_PAUSED,right,left,,0
70,2026-08-02T02:27:38.764+09:00,8.396,69,8.30,0,DRIVING,,0,1,1,0,0,0,-0.193136,-0.719,2191,0,0.347556,0.347556,0,750,green,0.198,,0,unknown,0.000000,null,0.000000,0.448,,"{""0"": 250, ""1"": 250, ""2"": null, ""3"": null, ""4"": null, ""5"": null, ""6"": null, ""7"": null}","{""0"": 0.0, ""1"": 0.0, ""2"": null, ""3"": null, ""4"": null, ""5"": null, ""6"": null, ""7"": null}","{""0"": 250, ""1"": 250}",250,1,0,0,0,0.448,ultrasonic-not-close,KEEP_PAUSED,right,left,,0
71,2026-08-02T02:27:38.857+09:00,8.489,70,8.47,0,DRIVING,,0,1,1,0,0,0,-0.193598,-0.719,2181,0,0.349247,0.349247,0,750,green,0.332,,0,unknown,0.000000,null,0.000000,0.292,,"{""0"": 250, ""1"": 250, ""2"": null, ""3"": null, ""4"": null, ""5"": null, ""6"": null, ""7"": null}","{""0"": 0.0, ""1"": 0.0, ""2"": null, ""3"": null, ""4"": null, ""5"": null, ""6"": null, ""7"": null}","{""0"": 250, ""1"": 250}",250,1,0,0,0,0.292,ultrasonic-not-close,KEEP_PAUSED,right,left,,0
72,2026-08-02T02:27:38.965+09:00,8.597,71,8.42,0,DRIVING,,0,1,1,0,0,0,-0.193119,-0.719,2191,0,0.347291,0.347291,0,750,green,0.335,,0,unknown,0.000000,null,0.000000,0.398,,"{""0"": 250, ""1"": 250, ""2"": null, ""3"": null, ""4"": null, ""5"": null, ""6"": null, ""7"": null}","{""0"": 0.0, ""1"": 0.0, ""2"": null, ""3"": null, ""4"": null, ""5"": null, ""6"": null, ""7"": null}","{""0"": 250, ""1"": 250}",250,1,0,0,0,0.398,ultrasonic-not-close,KEEP_PAUSED,right,left,,0
73,2026-08-02T02:27:39.067+09:00,8.700,72,8.49,0,DRIVING,,0,1,1,0,0,0,-0.193598,-0.719,2181,0,0.349112,0.349112,0,751,green,0.204,,0,unknown,0.000000,null,0.000000,0.268,,"{""0"": 250, ""1"": 250, ""2"": null, ""3"": null, ""4"": null, ""5"": null, ""6"": null, ""7"": null}","{""0"": 0.0, ""1"": 0.0, ""2"": null, ""3"": null, ""4"": null, ""5"": null, ""6"": null, ""7"": null}","{""0"": 250, ""1"": 250}",250,1,0,0,0,0.268,ultrasonic-not-close,KEEP_PAUSED,right,left,,0
74,2026-08-02T02:27:39.221+09:00,8.853,73,8.50,0,DRIVING,,0,1,1,0,0,0,-0.193119,-0.719,2191,0,0.347197,0.347197,0,750,green,0.213,,0,unknown,0.000000,null,0.000000,0.325,,"{""0"": 250, ""1"": 250, ""2"": null, ""3"": null, ""4"": null, ""5"": null, ""6"": null, ""7"": null}","{""0"": 0.0, ""1"": 0.0, ""2"": null, ""3"": null, ""4"": null, ""5"": null, ""6"": null, ""7"": null}","{""0"": 250, ""1"": 250}",250,1,0,0,0,0.325,ultrasonic-not-close,KEEP_PAUSED,right,left,,0
75,2026-08-02T02:27:39.388+09:00,9.020,74,8.31,0,DRIVING,,0,1,1,0,0,0,-0.193598,-0.719,2181,0,0.349047,0.349047,0,750,green,0.260,,0,unknown,0.000000,null,0.000000,0.494,,"{""0"": 250, ""1"": 250, ""2"": null, ""3"": null, ""4"": null, ""5"": null, ""6"": null, ""7"": null}","{""0"": 0.0, ""1"": 0.0, ""2"": null, ""3"": null, ""4"": null, ""5"": null, ""6"": null, ""7"": null}","{""0"": 250, ""1"": 250}",250,1,0,0,0,0.494,ultrasonic-not-close,KEEP_PAUSED,right,left,,0
76,2026-08-02T02:27:39.552+09:00,9.155,75,8.34,0,DRIVING,,0,1,1,0,0,0,-0.193119,-0.719,2191,0,0.347151,0.347151,0,750,green,0.428,,0,unknown,0.000000,null,0.000000,0.418,,"{""0"": 250, ""1"": 250, ""2"": null, ""3"": null, ""4"": null, ""5"": null, ""6"": null, ""7"": null}","{""0"": 0.0, ""1"": 0.0, ""2"": null, ""3"": null, ""4"": null, ""5"": null, ""6"": null, ""7"": null}","{""0"": 250, ""1"": 250}",250,1,0,0,0,0.418,ultrasonic-not-close,KEEP_PAUSED,right,left,,0
77,2026-08-02T02:27:39.676+09:00,9.307,76,8.19,0,DRIVING,,0,1,1,0,0,0,-0.193598,-0.718,2181,0,0.349015,0.349015,0,750,green,0.168,,0,unknown,0.000000,null,0.000000,0.250,,"{""0"": 250, ""1"": 250, ""2"": null, ""3"": null, ""4"": null, ""5"": null, ""6"": null, ""7"": null}","{""0"": 0.0, ""1"": 0.0, ""2"": null, ""3"": null, ""4"": null, ""5"": null, ""6"": null, ""7"": null}","{""0"": 250, ""1"": 250}",250,1,0,0,0,0.250,ultrasonic-not-close,KEEP_PAUSED,right,left,,0
78,2026-08-02T02:27:39.838+09:00,9.469,77,8.22,0,DRIVING,,0,1,1,0,0,0,-0.193119,-0.719,2191,0,0.347129,0.347129,0,750,green,0.127,,0,unknown,0.000000,null,0.000000,0.414,,"{""0"": 250, ""1"": 250, ""2"": null, ""3"": null, ""4"": null, ""5"": null, ""6"": null, ""7"": null}","{""0"": 0.0, ""1"": 0.0, ""2"": null, ""3"": null, ""4"": null, ""5"": null, ""6"": null, ""7"": null}","{""0"": 250, ""1"": 250}",250,1,0,0,0,0.414,ultrasonic-not-close,KEEP_PAUSED,right,left,,0
79,2026-08-02T02:27:39.952+09:00,9.584,78,8.17,0,DRIVING,,0,1,1,0,0,0,-0.193136,-0.719,2191,0,0.347335,0.347335,0,750,green,0.167,,0,unknown,0.000000,null,0.000000,0.364,,"{""0"": 250, ""1"": 250, ""2"": null, ""3"": null, ""4"": null, ""5"": null, ""6"": null, ""7"": null}","{""0"": 0.0, ""1"": 0.0, ""2"": null, ""3"": null, ""4"": null, ""5"": null, ""6"": null, ""7"": null}","{""0"": 250, ""1"": 250}",250,1,0,0,0,0.364,ultrasonic-not-close,KEEP_PAUSED,right,left,,0
80,2026-08-02T02:27:40.055+09:00,9.687,79,8.31,0,DRIVING,,0,1,1,0,0,0,-0.192841,-0.715,2238,0,0.346365,0.346365,0,749,green,0.119,,0,unknown,0.000000,null,0.000000,0.466,,"{""0"": 250, ""1"": 250, ""2"": null, ""3"": null, ""4"": null, ""5"": null, ""6"": null, ""7"": null}","{""0"": 0.0, ""1"": 0.0, ""2"": null, ""3"": null, ""4"": null, ""5"": null, ""6"": null, ""7"": null}","{""0"": 250, ""1"": 250}",250,1,0,0,0,0.466,ultrasonic-not-close,KEEP_PAUSED,right,left,,0
81,2026-08-02T02:27:40.144+09:00,9.774,80,8.34,0,DRIVING,,0,1,1,0,0,0,-0.192841,-0.711,2251,0,0.346589,0.346589,0,750,green,0.106,,0,unknown,0.000000,null,0.000000,0.267,,"{""0"": 250, ""1"": 250, ""2"": null, ""3"": null, ""4"": null, ""5"": null, ""6"": null, ""7"": null}","{""0"": 0.0, ""1"": 0.0, ""2"": null, ""3"": null, ""4"": null, ""5"": null, ""6"": null, ""7"": null}","{""0"": 250, ""1"": 250}",250,1,0,0,0,0.267,ultrasonic-not-close,KEEP_PAUSED,right,left,,0
82,2026-08-02T02:27:40.241+09:00,9.872,81,8.30,0,DRIVING,,0,1,1,0,0,0,-0.192836,-0.722,2260,0,0.346731,0.346731,0,750,green,0.195,,0,unknown,0.000000,null,0.000000,0.251,,"{""0"": 250, ""1"": 250, ""2"": null, ""3"": null, ""4"": null, ""5"": null, ""6"": null, ""7"": null}","{""0"": 0.0, ""1"": 0.0, ""2"": null, ""3"": null, ""4"": null, ""5"": null, ""6"": null, ""7"": null}","{""0"": 250, ""1"": 250}",250,1,0,0,0,0.251,ultrasonic-not-close,KEEP_PAUSED,right,left,,0
83,2026-08-02T02:27:40.413+09:00,10.045,82,8.21,0,DRIVING,,0,1,1,0,0,0,-0.192836,-0.731,2260,0,0.346843,0.346843,0,750,green,0.191,,0,unknown,0.000000,null,0.000000,0.424,,"{""0"": 250, ""1"": 250, ""2"": null, ""3"": null, ""4"": null, ""5"": null, ""6"": null, ""7"": null}","{""0"": 0.0, ""1"": 0.0, ""2"": null, ""3"": null, ""4"": null, ""5"": null, ""6"": null, ""7"": null}","{""0"": 250, ""1"": 250}",250,1,0,0,0,0.424,ultrasonic-not-close,KEEP_PAUSED,right,left,,0
84,2026-08-02T02:27:40.500+09:00,10.132,83,8.35,0,DRIVING,,0,1,1,0,0,0,-0.192836,-0.738,2260,0,0.346922,0.346922,0,749,green,0.272,,0,unknown,0.000000,null,0.000000,0.319,,"{""0"": 250, ""1"": 250, ""2"": null, ""3"": null, ""4"": null, ""5"": null, ""6"": null, ""7"": null}","{""0"": 0.0, ""1"": 0.0, ""2"": null, ""3"": null, ""4"": null, ""5"": null, ""6"": null, ""7"": null}","{""0"": 250, ""1"": 250}",250,1,0,0,0,0.319,ultrasonic-not-close,KEEP_PAUSED,right,left,,0
85,2026-08-02T02:27:40.682+09:00,10.314,84,8.13,0,DRIVING,,0,1,1,0,0,0,-0.192601,-0.742,2260,0,0.346130,0.346130,0,750,green,0.272,,0,unknown,0.000000,null,0.000000,0.402,,"{""0"": 250, ""1"": 250, ""2"": null, ""3"": null, ""4"": null, ""5"": null, ""6"": null, ""7"": null}","{""0"": 0.0, ""1"": 0.0, ""2"": null, ""3"": null, ""4"": null, ""5"": null, ""6"": null, ""7"": null}","{""0"": 250, ""1"": 250}",250,1,0,0,0,0.402,ultrasonic-not-close,KEEP_PAUSED,right,left,,0
86,2026-08-02T02:27:40.823+09:00,10.454,85,8.06,0,DRIVING,,0,1,1,0,0,0,-0.192593,-0.760,2270,0,0.346265,0.346265,0,750,green,0.273,,0,unknown,0.000000,null,0.000000,0.544,,"{""0"": 250, ""1"": 250, ""2"": null, ""3"": null, ""4"": null, ""5"": null, ""6"": null, ""7"": null}","{""0"": 0.0, ""1"": 0.0, ""2"": null, ""3"": null, ""4"": null, ""5"": null, ""6"": null, ""7"": null}","{""0"": 250, ""1"": 250}",250,1,0,0,0,0.544,ultrasonic-not-close,KEEP_PAUSED,right,left,,0
87,2026-08-02T02:27:40.911+09:00,10.542,86,8.22,0,DRIVING,,0,1,1,0,0,0,-0.192657,-0.768,2275,0,0.346617,0.346617,0,750,green,0.317,,0,unknown,0.000000,null,0.000000,0.365,,"{""0"": 250, ""1"": 250, ""2"": null, ""3"": null, ""4"": null, ""5"": null, ""6"": null, ""7"": null}","{""0"": 0.0, ""1"": 0.0, ""2"": null, ""3"": null, ""4"": null, ""5"": null, ""6"": null, ""7"": null}","{""0"": 250, ""1"": 250}",250,1,0,0,0,0.365,ultrasonic-not-close,KEEP_PAUSED,right,left,,0
88,2026-08-02T02:27:41.093+09:00,10.726,87,8.06,0,DRIVING,,0,1,1,0,0,0,-0.192880,-0.774,2275,0,0.347468,0.347468,0,750,green,0.405,,0,unknown,0.000000,null,0.000000,0.235,,"{""0"": 250, ""1"": 250, ""2"": null, ""3"": null, ""4"": null, ""5"": null, ""6"": null, ""7"": null}","{""0"": 0.0, ""1"": 0.0, ""2"": null, ""3"": null, ""4"": null, ""5"": null, ""6"": null, ""7"": null}","{""0"": 250, ""1"": 250}",250,1,0,0,0,0.235,ultrasonic-not-close,KEEP_PAUSED,right,left,,0
89,2026-08-02T02:27:41.256+09:00,10.888,88,7.99,0,DRIVING,,0,1,1,0,0,0,-0.192888,-0.770,2260,0,0.347413,0.347413,0,750,green,0.187,,0,unknown,0.000000,null,0.000000,0.397,,"{""0"": 250, ""1"": 250, ""2"": null, ""3"": null, ""4"": null, ""5"": null, ""6"": null, ""7"": null}","{""0"": 0.0, ""1"": 0.0, ""2"": null, ""3"": null, ""4"": null, ""5"": null, ""6"": null, ""7"": null}","{""0"": 250, ""1"": 250}",250,1,0,0,0,0.397,ultrasonic-not-close,KEEP_PAUSED,right,left,,0
90,2026-08-02T02:27:41.387+09:00,11.011,89,8.06,0,DRIVING,,0,1,1,0,0,0,-0.192394,-0.766,2260,0,0.345569,0.345569,0,750,green,0.167,,0,unknown,0.000000,null,0.000000,0.432,,"{""0"": 250, ""1"": 250, ""2"": null, ""3"": null, ""4"": null, ""5"": null, ""6"": null, ""7"": null}","{""0"": 0.0, ""1"": 0.0, ""2"": null, ""3"": null, ""4"": null, ""5"": null, ""6"": null, ""7"": null}","{""0"": 250, ""1"": 250}",250,1,0,0,0,0.432,ultrasonic-not-close,KEEP_PAUSED,right,left,,0
91,2026-08-02T02:27:41.483+09:00,11.116,90,8.10,0,DRIVING,,0,1,1,0,0,0,-0.192649,-0.742,2284,0,0.346708,0.346708,0,750,green,0.133,,0,unknown,0.000000,null,0.000000,0.353,,"{""0"": 250, ""1"": 250, ""2"": null, ""3"": null, ""4"": null, ""5"": null, ""6"": null, ""7"": null}","{""0"": 0.0, ""1"": 0.0, ""2"": null, ""3"": null, ""4"": null, ""5"": null, ""6"": null, ""7"": null}","{""0"": 250, ""1"": 250}",250,1,0,0,0,0.353,ultrasonic-not-close,KEEP_PAUSED,right,left,,0
92,2026-08-02T02:27:41.646+09:00,11.278,91,7.95,0,DRIVING,,0,1,1,0,0,0,-0.192649,-0.754,2275,0,0.346726,0.346726,0,750,green,0.232,,0,unknown,0.000000,null,0.000000,0.516,,"{""0"": 250, ""1"": 250, ""2"": null, ""3"": null, ""4"": null, ""5"": null, ""6"": null, ""7"": null}","{""0"": 0.0, ""1"": 0.0, ""2"": null, ""3"": null, ""4"": null, ""5"": null, ""6"": null, ""7"": null}","{""0"": 250, ""1"": 250}",250,1,0,0,0,0.516,ultrasonic-not-close,KEEP_PAUSED,right,left,,0
93,2026-08-02T02:27:41.743+09:00,11.375,92,8.01,0,DRIVING,,0,1,1,0,0,0,-0.192090,-0.763,2275,0,0.344728,0.344728,0,750,green,0.265,,0,unknown,0.000000,null,0.000000,0.320,,"{""0"": 250, ""1"": 250, ""2"": null, ""3"": null, ""4"": null, ""5"": null, ""6"": null, ""7"": null}","{""0"": 0.0, ""1"": 0.0, ""2"": null, ""3"": null, ""4"": null, ""5"": null, ""6"": null, ""7"": null}","{""0"": 250, ""1"": 250}",250,1,0,0,0,0.320,ultrasonic-not-close,KEEP_PAUSED,right,left,,0
94,2026-08-02T02:27:41.885+09:00,11.517,93,7.90,0,DRIVING,,0,1,1,0,0,0,-0.192385,-0.770,2275,0,0.346101,0.346101,0,750,green,0.262,,0,unknown,0.000000,null,0.000000,0.464,,"{""0"": 250, ""1"": 250, ""2"": null, ""3"": null, ""4"": null, ""5"": null, ""6"": null, ""7"": null}","{""0"": 0.0, ""1"": 0.0, ""2"": null, ""3"": null, ""4"": null, ""5"": null, ""6"": null, ""7"": null}","{""0"": 250, ""1"": 250}",250,1,0,0,0,0.464,ultrasonic-not-close,KEEP_PAUSED,right,left,,0
95,2026-08-02T02:27:41.977+09:00,11.608,94,7.92,0,DRIVING,,0,1,1,0,0,0,-0.192385,-0.776,2275,0,0.346159,0.346159,0,749,green,0.243,,0,unknown,0.000000,null,0.000000,0.294,,"{""0"": 250, ""1"": 250, ""2"": null, ""3"": null, ""4"": null, ""5"": null, ""6"": null, ""7"": null}","{""0"": 0.0, ""1"": 0.0, ""2"": null, ""3"": null, ""4"": null, ""5"": null, ""6"": null, ""7"": null}","{""0"": 250, ""1"": 250}",250,1,0,0,0,0.294,ultrasonic-not-close,KEEP_PAUSED,right,left,,0
96,2026-08-02T02:27:42.096+09:00,11.729,95,7.86,0,DRIVING,,0,1,1,0,0,0,-0.192385,-0.779,2275,0,0.346199,0.346199,0,750,green,0.237,,0,unknown,0.000000,null,0.000000,0.316,,"{""0"": 250, ""1"": 250, ""2"": null, ""3"": null, ""4"": null, ""5"": null, ""6"": null, ""7"": null}","{""0"": 0.0, ""1"": 0.0, ""2"": null, ""3"": null, ""4"": null, ""5"": null, ""6"": null, ""7"": null}","{""0"": 250, ""1"": 250}",250,1,0,0,0,0.316,ultrasonic-not-close,KEEP_PAUSED,right,left,,0
97,2026-08-02T02:27:42.228+09:00,11.861,96,7.92,0,DRIVING,,0,1,1,0,0,0,-0.192090,-0.782,2275,0,0.345164,0.345164,0,750,green,0.215,,0,unknown,0.000000,null,0.000000,0.447,,"{""0"": 250, ""1"": 250, ""2"": null, ""3"": null, ""4"": null, ""5"": null, ""6"": null, ""7"": null}","{""0"": 0.0, ""1"": 0.0, ""2"": null, ""3"": null, ""4"": null, ""5"": null, ""6"": null, ""7"": null}","{""0"": 250, ""1"": 250}",250,1,0,0,0,0.447,ultrasonic-not-close,KEEP_PAUSED,right,left,,0
98,2026-08-02T02:27:42.313+09:00,11.945,97,7.93,0,DRIVING,,0,1,1,0,0,0,-0.192616,-0.785,2275,0,0.347239,0.347239,0,750,green,0.255,,0,unknown,0.000000,null,0.000000,0.298,,"{""0"": 250, ""1"": 250, ""2"": null, ""3"": null, ""4"": null, ""5"": null, ""6"": null, ""7"": null}","{""0"": 0.0, ""1"": 0.0, ""2"": null, ""3"": null, ""4"": null, ""5"": null, ""6"": null, ""7"": null}","{""0"": 250, ""1"": 250}",250,1,0,0,0,0.298,ultrasonic-not-close,KEEP_PAUSED,right,left,,0
99,2026-08-02T02:27:42.415+09:00,12.047,98,7.93,0,DRIVING,,0,1,1,0,0,0,-0.192888,-0.786,2275,0,0.348058,0.348058,0,750,green,0.220,,0,unknown,0.000000,null,0.000000,0.400,,"{""0"": 250, ""1"": 250, ""2"": null, ""3"": null, ""4"": null, ""5"": null, ""6"": null, ""7"": null}","{""0"": 0.0, ""1"": 0.0, ""2"": null, ""3"": null, ""4"": null, ""5"": null, ""6"": null, ""7"": null}","{""0"": 250, ""1"": 250}",250,1,0,0,0,0.400,ultrasonic-not-close,KEEP_PAUSED,right,left,,0
100,2026-08-02T02:27:42.563+09:00,12.196,99,7.89,0,DRIVING,,0,1,1,0,0,0,-0.192394,-0.757,2284,0,0.346020,0.346020,0,750,green,0.324,,0,unknown,0.000000,null,0.000000,0.431,,"{""0"": 250, ""1"": 250, ""2"": null, ""3"": null, ""4"": null, ""5"": null, ""6"": null, ""7"": null}","{""0"": 0.0, ""1"": 0.0, ""2"": null, ""3"": null, ""4"": null, ""5"": null, ""6"": null, ""7"": null}","{""0"": 250, ""1"": 250}",250,1,0,0,0,0.431,ultrasonic-not-close,KEEP_PAUSED,right,left,,0
101,2026-08-02T02:27:42.725+09:00,12.358,100,7.75,0,DRIVING,,0,1,1,0,0,0,-0.192385,-0.770,2270,0,0.346077,0.346077,0,750,green,0.153,,0,unknown,0.000000,null,0.000000,0.377,,"{""0"": 250, ""1"": 250, ""2"": null, ""3"": null, ""4"": null, ""5"": null, ""6"": null, ""7"": null}","{""0"": 0.0, ""1"": 0.0, ""2"": null, ""3"": null, ""4"": null, ""5"": null, ""6"": null, ""7"": null}","{""0"": 250, ""1"": 250}",250,1,0,0,0,0.377,ultrasonic-not-close,KEEP_PAUSED,right,left,,0
102,2026-08-02T02:27:42.823+09:00,12.454,101,7.78,0,DRIVING,,0,1,1,0,0,0,-0.192880,-0.762,2265,0,0.347921,0.347921,0,750,green,0.166,,0,unknown,0.000000,null,0.000000,0.222,,"{""0"": 250, ""1"": 250, ""2"": null, ""3"": null, ""4"": null, ""5"": null, ""6"": null, ""7"": null}","{""0"": 0.0, ""1"": 0.0, ""2"": null, ""3"": null, ""4"": null, ""5"": null, ""6"": null, ""7"": null}","{""0"": 250, ""1"": 250}",250,1,0,0,0,0.222,ultrasonic-not-close,KEEP_PAUSED,right,left,,0
103,2026-08-02T02:27:42.915+09:00,12.547,102,7.80,0,DRIVING,,0,1,1,0,0,0,-0.192625,-0.756,2265,0,0.346783,0.346783,0,750,green,0.264,,0,unknown,0.000000,null,0.000000,0.314,,"{""0"": 250, ""1"": 250, ""2"": null, ""3"": null, ""4"": null, ""5"": null, ""6"": null, ""7"": null}","{""0"": 0.0, ""1"": 0.0, ""2"": null, ""3"": null, ""4"": null, ""5"": null, ""6"": null, ""7"": null}","{""0"": 250, ""1"": 250}",250,1,0,0,0,0.314,ultrasonic-not-close,KEEP_PAUSED,right,left,,0
104,2026-08-02T02:27:43.017+09:00,12.640,103,7.92,0,DRIVING,,0,1,1,0,0,0,-0.192888,-0.764,2275,0,0.347713,0.347713,0,750,green,0.195,,0,unknown,0.000000,null,0.000000,0.246,,"{""0"": 250, ""1"": 250, ""2"": null, ""3"": null, ""4"": null, ""5"": null, ""6"": null, ""7"": null}","{""0"": 0.0, ""1"": 0.0, ""2"": null, ""3"": null, ""4"": null, ""5"": null, ""6"": null, ""7"": null}","{""0"": 250, ""1"": 250}",250,1,0,0,0,0.246,ultrasonic-not-close,KEEP_PAUSED,right,left,,0
105,2026-08-02T02:27:43.150+09:00,12.783,104,7.98,0,DRIVING,,0,1,1,0,0,0,-0.192657,-0.771,2275,0,0.346726,0.346726,0,750,green,0.198,,0,unknown,0.000000,null,0.000000,0.389,,"{""0"": 250, ""1"": 250, ""2"": null, ""3"": null, ""4"": null, ""5"": null, ""6"": null, ""7"": null}","{""0"": 0.0, ""1"": 0.0, ""2"": null, ""3"": null, ""4"": null, ""5"": null, ""6"": null, ""7"": null}","{""0"": 250, ""1"": 250}",250,1,0,0,0,0.389,ultrasonic-not-close,KEEP_PAUSED,right,left,,0
106,2026-08-02T02:27:43.243+09:00,12.874,105,8.06,0,DRIVING,,0,1,1,0,0,0,-0.192880,-0.776,2275,0,0.347545,0.347545,0,750,green,0.239,,0,unknown,0.000000,null,0.000000,0.289,,"{""0"": 250, ""1"": 250, ""2"": null, ""3"": null, ""4"": null, ""5"": null, ""6"": null, ""7"": null}","{""0"": 0.0, ""1"": 0.0, ""2"": null, ""3"": null, ""4"": null, ""5"": null, ""6"": null, ""7"": null}","{""0"": 250, ""1"": 250}",250,1,0,0,0,0.289,ultrasonic-not-close,KEEP_PAUSED,right,left,,0
107,2026-08-02T02:27:43.347+09:00,12.978,106,8.17,0,DRIVING,,0,1,1,0,0,0,-0.192888,-0.771,2260,0,0.347467,0.347467,0,750,green,0.231,,0,unknown,0.000000,null,0.000000,0.291,,"{""0"": 250, ""1"": 153, ""2"": null, ""3"": null, ""4"": null, ""5"": null, ""6"": null, ""7"": null}","{""0"": 0.0, ""1"": 0.0, ""2"": null, ""3"": null, ""4"": null, ""5"": null, ""6"": null, ""7"": null}","{""0"": 250, ""1"": 153}",153,1,0,0,0,0.291,ultrasonic-not-close,KEEP_PAUSED,right,left,,0
108,2026-08-02T02:27:43.504+09:00,13.135,107,8.19,0,DRIVING,,0,1,1,0,0,0,-0.192394,-0.776,2275,0,0.345607,0.345607,0,750,green,0.200,,0,unknown,0.000000,null,0.000000,0.449,,"{""0"": 250, ""1"": 250, ""2"": null, ""3"": null, ""4"": null, ""5"": null, ""6"": null, ""7"": null}","{""0"": 0.0, ""1"": 0.0, ""2"": null, ""3"": null, ""4"": null, ""5"": null, ""6"": null, ""7"": null}","{""0"": 250, ""1"": 250}",250,1,0,0,0,0.449,ultrasonic-not-close,KEEP_PAUSED,right,left,,0
109,2026-08-02T02:27:43.627+09:00,13.258,108,8.17,0,DRIVING,,0,1,1,0,0,0,-0.192385,-0.780,2275,0,0.345787,0.345787,0,750,green,0.263,,0,unknown,0.000000,null,0.000000,0.345,,"{""0"": 250, ""1"": 250, ""2"": null, ""3"": null, ""4"": null, ""5"": null, ""6"": null, ""7"": null}","{""0"": 0.0, ""1"": 0.0, ""2"": null, ""3"": null, ""4"": null, ""5"": null, ""6"": null, ""7"": null}","{""0"": 250, ""1"": 250}",250,1,0,0,0,0.345,ultrasonic-not-close,KEEP_PAUSED,right,left,,0
110,2026-08-02T02:27:43.731+09:00,13.364,109,8.16,0,DRIVING,,0,1,1,0,0,0,-0.192385,-0.769,2265,0,0.345939,0.345939,0,750,green,0.283,,0,unknown,0.000000,null,0.000000,0.192,,"{""0"": 250, ""1"": 250, ""2"": null, ""3"": null, ""4"": null, ""5"": null, ""6"": null, ""7"": null}","{""0"": 0.0, ""1"": 0.0, ""2"": null, ""3"": null, ""4"": null, ""5"": null, ""6"": null, ""7"": null}","{""0"": 250, ""1"": 250}",250,1,0,0,0,0.192,ultrasonic-not-close,KEEP_PAUSED,right,left,,0
111,2026-08-02T02:27:43.870+09:00,13.500,110,8.05,0,DRIVING,,0,1,1,0,0,0,-0.192616,-0.775,2275,0,0.346877,0.346877,0,750,green,0.388,,0,unknown,0.000000,null,0.000000,0.328,,"{""0"": 250, ""1"": 250, ""2"": null, ""3"": null, ""4"": null, ""5"": null, ""6"": null, ""7"": null}","{""0"": 0.0, ""1"": 0.0, ""2"": null, ""3"": null, ""4"": null, ""5"": null, ""6"": null, ""7"": null}","{""0"": 250, ""1"": 250}",250,1,0,0,0,0.328,ultrasonic-not-close,KEEP_PAUSED,right,left,,0
112,2026-08-02T02:27:44.029+09:00,13.662,111,7.92,0,DRIVING,,0,1,1,0,0,0,-0.192888,-0.779,2275,0,0.347805,0.347805,0,750,green,0.141,,0,unknown,0.000000,null,0.000000,0.366,,"{""0"": 250, ""1"": 250, ""2"": null, ""3"": null, ""4"": null, ""5"": null, ""6"": null, ""7"": null}","{""0"": 0.0, ""1"": 0.0, ""2"": null, ""3"": null, ""4"": null, ""5"": null, ""6"": null, ""7"": null}","{""0"": 250, ""1"": 250}",250,1,0,0,0,0.366,ultrasonic-not-close,KEEP_PAUSED,right,left,,0
113,2026-08-02T02:27:44.195+09:00,13.827,112,7.93,0,DRIVING,,0,1,1,0,0,0,-0.192625,-0.782,2275,0,0.346675,0.346675,0,750,green,0.165,,0,unknown,0.000000,null,0.000000,0.426,,"{""0"": 250, ""1"": 250, ""2"": null, ""3"": null, ""4"": null, ""5"": null, ""6"": null, ""7"": null}","{""0"": 0.0, ""1"": 0.0, ""2"": null, ""3"": null, ""4"": null, ""5"": null, ""6"": null, ""7"": null}","{""0"": 250, ""1"": 250}",250,1,0,0,0,0.426,ultrasonic-not-close,KEEP_PAUSED,right,left,,0
114,2026-08-02T02:27:44.293+09:00,13.925,113,7.91,0,DRIVING,,0,1,1,0,0,0,-0.192888,-0.753,2284,0,0.347638,0.347638,0,750,green,0.170,,0,unknown,0.000000,null,0.000000,0.224,,"{""0"": 250, ""1"": 250, ""2"": null, ""3"": null, ""4"": null, ""5"": null, ""6"": null, ""7"": null}","{""0"": 0.0, ""1"": 0.0, ""2"": null, ""3"": null, ""4"": null, ""5"": null, ""6"": null, ""7"": null}","{""0"": 250, ""1"": 250}",250,1,0,0,0,0.224,ultrasonic-not-close,KEEP_PAUSED,right,left,,0
115,2026-08-02T02:27:44.425+09:00,14.057,114,8.01,0,DRIVING,,0,1,1,0,0,0,-0.192657,-0.768,2270,0,0.346674,0.346674,0,750,green,0.101,,0,unknown,0.000000,null,0.000000,0.357,,"{""0"": 250, ""1"": 250, ""2"": null, ""3"": null, ""4"": null, ""5"": null, ""6"": null, ""7"": null}","{""0"": 0.0, ""1"": 0.0, ""2"": null, ""3"": null, ""4"": null, ""5"": null, ""6"": null, ""7"": null}","{""0"": 250, ""1"": 250}",250,1,0,0,0,0.357,ultrasonic-not-close,KEEP_PAUSED,right,left,,0
116,2026-08-02T02:27:44.521+09:00,14.152,115,8.11,0,DRIVING,,0,1,1,0,0,0,-0.192649,-0.774,2275,0,0.346676,0.346676,0,750,green,0.139,,0,unknown,0.000000,null,0.000000,0.286,,"{""0"": 250, ""1"": 250, ""2"": null, ""3"": null, ""4"": null, ""5"": null, ""6"": null, ""7"": null}","{""0"": 0.0, ""1"": 0.0, ""2"": null, ""3"": null, ""4"": null, ""5"": null, ""6"": null, ""7"": null}","{""0"": 250, ""1"": 250}",250,1,0,0,0,0.286,ultrasonic-not-close,KEEP_PAUSED,right,left,,0
117,2026-08-02T02:27:44.620+09:00,14.252,116,8.09,0,DRIVING,,0,1,1,0,0,0,-0.192353,-0.778,2275,0,0.345640,0.345640,0,750,green,0.231,,0,unknown,0.000000,null,0.000000,0.386,,"{""0"": 250, ""1"": 250, ""2"": null, ""3"": null, ""4"": null, ""5"": null, ""6"": null, ""7"": null}","{""0"": 0.0, ""1"": 0.0, ""2"": null, ""3"": null, ""4"": null, ""5"": null, ""6"": null, ""7"": null}","{""0"": 250, ""1"": 250}",250,1,0,0,0,0.386,ultrasonic-not-close,KEEP_PAUSED,right,left,,0
118,2026-08-02T02:27:44.797+09:00,14.430,117,8.10,0,DRIVING,,0,1,1,0,0,0,-0.192584,-0.781,2275,0,0.346651,0.346651,0,750,green,0.195,,0,unknown,0.000000,null,0.000000,0.333,,"{""0"": 250, ""1"": 250, ""2"": null, ""3"": null, ""4"": null, ""5"": null, ""6"": null, ""7"": null}","{""0"": 0.0, ""1"": 0.0, ""2"": null, ""3"": null, ""4"": null, ""5"": null, ""6"": null, ""7"": null}","{""0"": 250, ""1"": 250}",250,1,0,0,0,0.333,ultrasonic-not-close,KEEP_PAUSED,right,left,,0
119,2026-08-02T02:27:44.919+09:00,14.552,118,8.19,0,DRIVING,,0,1,1,0,0,0,-0.192657,-0.753,2284,0,0.346913,0.346913,0,750,green,0.182,,0,unknown,0.000000,null,0.000000,0.361,,"{""0"": 250, ""1"": 250, ""2"": null, ""3"": null, ""4"": null, ""5"": null, ""6"": null, ""7"": null}","{""0"": 0.0, ""1"": 0.0, ""2"": null, ""3"": null, ""4"": null, ""5"": null, ""6"": null, ""7"": null}","{""0"": 250, ""1"": 250}",250,1,0,0,0,0.361,ultrasonic-not-close,KEEP_PAUSED,right,left,,0
120,2026-08-02T02:27:45.054+09:00,14.681,119,8.18,0,DRIVING,,0,1,1,0,0,0,-0.192385,-0.762,2275,0,0.345896,0.345896,0,750,green,0.126,,0,unknown,0.000000,null,0.000000,0.391,,"{""0"": 250, ""1"": 250, ""2"": null, ""3"": null, ""4"": null, ""5"": null, ""6"": null, ""7"": null}","{""0"": 0.0, ""1"": 0.0, ""2"": null, ""3"": null, ""4"": null, ""5"": null, ""6"": null, ""7"": null}","{""0"": 250, ""1"": 250}",250,1,0,0,0,0.391,ultrasonic-not-close,KEEP_PAUSED,right,left,,0
121,2026-08-02T02:27:45.143+09:00,14.774,120,8.20,0,DRIVING,,0,1,1,0,0,0,-0.192649,-0.770,2275,0,0.346963,0.346963,0,750,green,0.138,,0,unknown,0.000000,null,0.000000,0.486,,"{""0"": 250, ""1"": 250, ""2"": null, ""3"": null, ""4"": null, ""5"": null, ""6"": null, ""7"": null}","{""0"": 0.0, ""1"": 0.0, ""2"": null, ""3"": null, ""4"": null, ""5"": null, ""6"": null, ""7"": null}","{""0"": 250, ""1"": 250}",250,1,0,0,0,0.486,ultrasonic-not-close,KEEP_PAUSED,right,left,,0
122,2026-08-02T02:27:45.239+09:00,14.870,121,8.35,0,DRIVING,,0,1,1,0,0,0,-0.192385,-0.775,2275,0,0.345957,0.345957,0,750,green,0.227,,0,unknown,0.000000,null,0.000000,0.282,,"{""0"": 250, ""1"": 250, ""2"": null, ""3"": null, ""4"": null, ""5"": null, ""6"": null, ""7"": null}","{""0"": 0.0, ""1"": 0.0, ""2"": null, ""3"": null, ""4"": null, ""5"": null, ""6"": null, ""7"": null}","{""0"": 250, ""1"": 250}",250,1,0,0,0,0.282,ultrasonic-not-close,KEEP_PAUSED,right,left,,0
123,2026-08-02T02:27:45.446+09:00,15.078,122,8.10,0,DRIVING,,0,1,1,0,0,0,-0.192353,-0.779,2275,0,0.345942,0.345942,0,749,green,0.193,,0,unknown,0.000000,null,0.000000,0.488,,"{""0"": 250, ""1"": 250, ""2"": null, ""3"": null, ""4"": null, ""5"": null, ""6"": null, ""7"": null}","{""0"": 0.0, ""1"": 0.0, ""2"": null, ""3"": null, ""4"": null, ""5"": null, ""6"": null, ""7"": null}","{""0"": 250, ""1"": 250}",250,1,0,0,0,0.488,ultrasonic-not-close,KEEP_PAUSED,right,left,,0
124,2026-08-02T02:27:45.587+09:00,15.219,123,8.11,0,DRIVING,,0,1,1,0,0,0,-0.192385,-0.782,2275,0,0.346146,0.346146,0,750,green,0.307,,0,unknown,0.000000,null,0.000000,0.406,,"{""0"": 250, ""1"": 250, ""2"": null, ""3"": null, ""4"": null, ""5"": null, ""6"": null, ""7"": null}","{""0"": 0.0, ""1"": 0.0, ""2"": null, ""3"": null, ""4"": null, ""5"": null, ""6"": null, ""7"": null}","{""0"": 250, ""1"": 250}",250,1,0,0,0,0.406,ultrasonic-not-close,KEEP_PAUSED,right,left,,0
125,2026-08-02T02:27:45.678+09:00,15.310,124,8.11,0,DRIVING,,0,1,1,0,0,0,-0.192385,-0.784,2275,0,0.346190,0.346190,0,750,green,0.349,,0,unknown,0.000000,null,0.000000,0.400,,"{""0"": 250, ""1"": 250, ""2"": null, ""3"": null, ""4"": null, ""5"": null, ""6"": null, ""7"": null}","{""0"": 0.0, ""1"": 0.0, ""2"": null, ""3"": null, ""4"": null, ""5"": null, ""6"": null, ""7"": null}","{""0"": 250, ""1"": 250}",250,1,0,0,0,0.400,ultrasonic-not-close,KEEP_PAUSED,right,left,,0
126,2026-08-02T02:27:45.850+09:00,15.481,125,8.00,0,DRIVING,,0,1,1,0,0,0,-0.192090,-0.778,2260,0,0.345158,0.345158,0,750,green,0.237,,0,unknown,0.000000,null,0.000000,0.570,,"{""0"": 250, ""1"": 250, ""2"": null, ""3"": null, ""4"": null, ""5"": null, ""6"": null, ""7"": null}","{""0"": 0.0, ""1"": 0.0, ""2"": null, ""3"": null, ""4"": null, ""5"": null, ""6"": null, ""7"": null}","{""0"": 250, ""1"": 250}",250,1,0,0,0,0.570,ultrasonic-not-close,KEEP_PAUSED,right,left,,0
127,2026-08-02T02:27:46.003+09:00,15.635,126,7.94,0,DRIVING,,0,1,1,0,0,0,-0.192649,-0.786,2270,0,0.347350,0.347350,0,750,green,0.267,,0,unknown,0.000000,null,0.000000,0.521,,"{""0"": 250, ""1"": 250, ""2"": null, ""3"": null, ""4"": null, ""5"": null, ""6"": null, ""7"": null}","{""0"": 0.0, ""1"": 0.0, ""2"": null, ""3"": null, ""4"": null, ""5"": null, ""6"": null, ""7"": null}","{""0"": 250, ""1"": 250}",250,1,0,0,0,0.521,ultrasonic-not-close,KEEP_PAUSED,right,left,,0
128,2026-08-02T02:27:46.100+09:00,15.731,127,7.92,0,DRIVING,,0,1,1,0,0,0,-0.192385,-0.779,2260,0,0.346228,0.346228,0,750,green,0.328,,0,unknown,0.000000,null,0.000000,0.384,,"{""0"": 250, ""1"": 250, ""2"": null, ""3"": null, ""4"": null, ""5"": null, ""6"": null, ""7"": null}","{""0"": 0.0, ""1"": 0.0, ""2"": null, ""3"": null, ""4"": null, ""5"": null, ""6"": null, ""7"": null}","{""0"": 250, ""1"": 250}",250,1,0,0,0,0.384,ultrasonic-not-close,KEEP_PAUSED,right,left,,0
129,2026-08-02T02:27:46.251+09:00,15.883,128,7.82,0,DRIVING,,0,1,1,0,0,0,-0.192616,-0.768,2265,0,0.347079,0.347079,0,750,green,0.434,,0,unknown,0.000000,null,0.000000,0.536,,"{""0"": 250, ""1"": 250, ""2"": null, ""3"": null, ""4"": null, ""5"": null, ""6"": null, ""7"": null}","{""0"": 0.0, ""1"": 0.0, ""2"": null, ""3"": null, ""4"": null, ""5"": null, ""6"": null, ""7"": null}","{""0"": 250, ""1"": 250}",250,1,0,0,0,0.536,ultrasonic-not-close,KEEP_PAUSED,right,left,,0
130,2026-08-02T02:27:46.345+09:00,15.976,129,7.94,0,DRIVING,,0,1,1,0,0,0,-0.192362,-0.779,2270,0,0.346051,0.346051,0,750,green,0.404,,0,unknown,0.000000,null,0.000000,0.304,,"{""0"": 250, ""1"": 250, ""2"": null, ""3"": null, ""4"": null, ""5"": null, ""6"": null, ""7"": null}","{""0"": 0.0, ""1"": 0.0, ""2"": null, ""3"": null, ""4"": null, ""5"": null, ""6"": null, ""7"": null}","{""0"": 250, ""1"": 250}",250,1,0,0,0,0.304,ultrasonic-not-close,KEEP_PAUSED,right,left,,0
131,2026-08-02T02:27:46.524+09:00,16.156,130,7.90,0,DRIVING,,0,1,1,0,0,0,-0.192616,-0.782,2275,0,0.347028,0.347028,0,750,green,0.240,,0,unknown,0.000000,null,0.000000,0.484,,"{""0"": 250, ""1"": 250, ""2"": null, ""3"": null, ""4"": null, ""5"": null, ""6"": null, ""7"": null}","{""0"": 0.0, ""1"": 0.0, ""2"": null, ""3"": null, ""4"": null, ""5"": null, ""6"": null, ""7"": null}","{""0"": 250, ""1"": 250}",250,1,0,0,0,0.484,ultrasonic-not-close,KEEP_PAUSED,right,left,,0
132,2026-08-02T02:27:46.616+09:00,16.248,131,7.91,0,DRIVING,,0,1,1,0,0,0,-0.192625,-0.724,2292,0,0.346963,0.346963,0,750,green,0.278,,0,unknown,0.000000,null,0.000000,0.328,,"{""0"": 250, ""1"": 250, ""2"": null, ""3"": null, ""4"": null, ""5"": null, ""6"": null, ""7"": null}","{""0"": 0.0, ""1"": 0.0, ""2"": null, ""3"": null, ""4"": null, ""5"": null, ""6"": null, ""7"": null}","{""0"": 250, ""1"": 250}",250,1,0,0,0,0.328,ultrasonic-not-close,KEEP_PAUSED,right,left,,0
133,2026-08-02T02:27:46.754+09:00,16.387,132,7.81,0,DRIVING,,0,1,1,0,0,0,-0.192098,-0.710,2284,0,0.344996,0.344996,0,750,green,0.274,,0,unknown,0.000000,null,0.000000,0.372,,"{""0"": 250, ""1"": 250, ""2"": null, ""3"": null, ""4"": null, ""5"": null, ""6"": null, ""7"": null}","{""0"": 0.0, ""1"": 0.0, ""2"": null, ""3"": null, ""4"": null, ""5"": null, ""6"": null, ""7"": null}","{""0"": 250, ""1"": 250}",250,1,0,0,0,0.372,ultrasonic-not-close,KEEP_PAUSED,right,left,,0
134,2026-08-02T02:27:46.916+09:00,16.548,133,7.68,0,DRIVING,,0,1,1,0,0,0,-0.192385,-0.670,2292,0,0.346263,0.346263,0,750,green,0.234,,0,unknown,0.000000,null,0.000000,0.535,,"{""0"": 250, ""1"": 250, ""2"": null, ""3"": null, ""4"": null, ""5"": null, ""6"": null, ""7"": null}","{""0"": 0.0, ""1"": 0.0, ""2"": null, ""3"": null, ""4"": null, ""5"": null, ""6"": null, ""7"": null}","{""0"": 250, ""1"": 250}",250,1,0,0,0,0.535,ultrasonic-not-close,KEEP_PAUSED,right,left,,0
135,2026-08-02T02:27:47.002+09:00,16.634,134,7.79,0,DRIVING,,0,1,1,0,0,0,-0.192385,-0.700,2275,0,0.346273,0.346273,0,751,green,0.303,,0,unknown,0.000000,null,0.000000,0.347,,"{""0"": 250, ""1"": 250, ""2"": null, ""3"": null, ""4"": null, ""5"": null, ""6"": null, ""7"": null}","{""0"": 0.0, ""1"": 0.0, ""2"": null, ""3"": null, ""4"": null, ""5"": null, ""6"": null, ""7"": null}","{""0"": 250, ""1"": 250}",250,1,0,0,0,0.347,ultrasonic-not-close,KEEP_PAUSED,right,left,,0
136,2026-08-02T02:27:47.154+09:00,16.786,135,7.67,0,DRIVING,,0,1,1,0,0,0,-0.192385,-0.663,2292,0,0.346279,0.346279,0,750,green,0.392,,0,unknown,0.000000,null,0.000000,0.501,,"{""0"": 250, ""1"": 250, ""2"": null, ""3"": null, ""4"": null, ""5"": null, ""6"": null, ""7"": null}","{""0"": 0.0, ""1"": 0.0, ""2"": null, ""3"": null, ""4"": null, ""5"": null, ""6"": null, ""7"": null}","{""0"": 250, ""1"": 250}",250,1,0,0,0,0.501,ultrasonic-not-close,KEEP_PAUSED,right,left,,0
137,2026-08-02T02:27:47.250+09:00,16.880,136,7.69,0,DRIVING,,0,1,1,0,0,0,-0.192094,-0.635,2292,0,0.345235,0.345235,0,750,green,0.403,,0,unknown,0.000000,null,0.000000,0.456,,"{""0"": 250, ""1"": 250, ""2"": null, ""3"": null, ""4"": null, ""5"": null, ""6"": null, ""7"": null}","{""0"": 0.0, ""1"": 0.0, ""2"": null, ""3"": null, ""4"": null, ""5"": null, ""6"": null, ""7"": null}","{""0"": 250, ""1"": 250}",250,1,0,0,0,0.456,ultrasonic-not-close,KEEP_PAUSED,right,left,,0
138,2026-08-02T02:27:47.425+09:00,17.058,137,7.65,0,DRIVING,,0,1,1,0,0,0,-0.192090,-0.614,2292,0,0.345380,0.345380,0,750,green,0.252,,0,unknown,0.000000,null,0.000000,0.384,,"{""0"": 250, ""1"": 250, ""2"": null, ""3"": null, ""4"": null, ""5"": null, ""6"": null, ""7"": null}","{""0"": 0.0, ""1"": 0.0, ""2"": null, ""3"": null, ""4"": null, ""5"": null, ""6"": null, ""7"": null}","{""0"": 250, ""1"": 250}",250,1,0,0,0,0.384,ultrasonic-not-close,KEEP_PAUSED,right,left,,0
139,2026-08-02T02:27:47.552+09:00,17.184,138,7.64,0,DRIVING,,0,1,1,0,0,0,-0.192385,-0.627,2284,0,0.346558,0.346558,0,750,green,0.277,,0,unknown,0.000000,null,0.000000,0.510,,"{""0"": 250, ""1"": 250, ""2"": null, ""3"": null, ""4"": null, ""5"": null, ""6"": null, ""7"": null}","{""0"": 0.0, ""1"": 0.0, ""2"": null, ""3"": null, ""4"": null, ""5"": null, ""6"": null, ""7"": null}","{""0"": 250, ""1"": 250}",250,1,0,0,0,0.510,ultrasonic-not-close,KEEP_PAUSED,right,left,,0
140,2026-08-02T02:27:47.644+09:00,17.276,139,7.67,0,DRIVING,,0,1,1,0,0,0,-0.192385,-0.608,2292,0,0.346479,0.346479,0,751,green,0.304,,0,unknown,0.000000,null,0.000000,0.354,,"{""0"": 250, ""1"": 250, ""2"": null, ""3"": null, ""4"": null, ""5"": null, ""6"": null, ""7"": null}","{""0"": 0.0, ""1"": 0.0, ""2"": null, ""3"": null, ""4"": null, ""5"": null, ""6"": null, ""7"": null}","{""0"": 250, ""1"": 250}",250,1,0,0,0,0.354,ultrasonic-not-close,KEEP_PAUSED,right,left,,0
141,2026-08-02T02:27:47.773+09:00,17.404,140,7.69,0,DRIVING,,0,1,1,0,0,0,-0.192385,-0.594,2292,0,0.346423,0.346423,0,750,green,0.223,,0,unknown,0.000000,null,0.000000,0.481,,"{""0"": 250, ""1"": 250, ""2"": null, ""3"": null, ""4"": null, ""5"": null, ""6"": null, ""7"": null}","{""0"": 0.0, ""1"": 0.0, ""2"": null, ""3"": null, ""4"": null, ""5"": null, ""6"": null, ""7"": null}","{""0"": 250, ""1"": 250}",250,1,0,0,0,0.481,ultrasonic-not-close,KEEP_PAUSED,right,left,,0
142,2026-08-02T02:27:47.903+09:00,17.533,141,7.75,0,DRIVING,,0,1,1,0,0,0,-0.192385,-0.583,2292,0,0.346384,0.346384,0,750,green,0.223,,0,unknown,0.000000,null,0.000000,0.439,,"{""0"": 250, ""1"": 250, ""2"": null, ""3"": null, ""4"": null, ""5"": null, ""6"": null, ""7"": null}","{""0"": 0.0, ""1"": 0.0, ""2"": null, ""3"": null, ""4"": null, ""5"": null, ""6"": null, ""7"": null}","{""0"": 250, ""1"": 250}",250,1,0,0,0,0.439,ultrasonic-not-close,KEEP_PAUSED,right,left,,0
143,2026-08-02T02:27:48.000+09:00,17.631,142,7.89,0,DRIVING,,0,1,1,0,0,0,-0.192389,-0.575,2292,0,0.346372,0.346372,0,750,green,0.264,,0,unknown,0.000000,null,0.000000,0.318,,"{""0"": 250, ""1"": 250, ""2"": null, ""3"": null, ""4"": null, ""5"": null, ""6"": null, ""7"": null}","{""0"": 0.0, ""1"": 0.0, ""2"": null, ""3"": null, ""4"": null, ""5"": null, ""6"": null, ""7"": null}","{""0"": 250, ""1"": 250}",250,1,0,0,0,0.318,ultrasonic-not-close,KEEP_PAUSED,right,left,,0
144,2026-08-02T02:27:48.093+09:00,17.724,143,7.90,0,DRIVING,,0,1,1,0,0,0,-0.192389,-0.569,2292,0,0.346351,0.346351,0,750,green,0.360,,0,unknown,0.000000,null,0.000000,0.411,,"{""0"": 250, ""1"": 250, ""2"": null, ""3"": null, ""4"": null, ""5"": null, ""6"": null, ""7"": null}","{""0"": 0.0, ""1"": 0.0, ""2"": null, ""3"": null, ""4"": null, ""5"": null, ""6"": null, ""7"": null}","{""0"": 250, ""1"": 250}",250,1,0,0,0,0.411,ultrasonic-not-close,KEEP_PAUSED,right,left,,0
145,2026-08-02T02:27:48.199+09:00,17.831,144,7.95,0,DRIVING,,0,1,1,0,0,0,-0.192385,-0.564,2292,0,0.346321,0.346321,0,751,green,0.341,,0,unknown,0.000000,null,0.000000,0.259,,"{""0"": 250, ""1"": 250, ""2"": null, ""3"": null, ""4"": null, ""5"": null, ""6"": null, ""7"": null}","{""0"": 0.0, ""1"": 0.0, ""2"": null, ""3"": null, ""4"": null, ""5"": null, ""6"": null, ""7"": null}","{""0"": 250, ""1"": 250}",250,1,0,0,0,0.259,ultrasonic-not-close,KEEP_PAUSED,right,left,,0
146,2026-08-02T02:27:48.322+09:00,17.954,145,7.89,0,DRIVING,,0,1,1,0,0,0,-0.192389,-0.534,2301,0,0.346328,0.346328,0,750,green,0.211,,0,unknown,0.000000,null,0.000000,0.380,,"{""0"": 250, ""1"": 250, ""2"": null, ""3"": null, ""4"": null, ""5"": null, ""6"": null, ""7"": null}","{""0"": 0.0, ""1"": 0.0, ""2"": null, ""3"": null, ""4"": null, ""5"": null, ""6"": null, ""7"": null}","{""0"": 250, ""1"": 250}",250,1,0,0,0,0.380,ultrasonic-not-close,KEEP_PAUSED,right,left,,0
147,2026-08-02T02:27:48.458+09:00,18.090,146,7.81,0,DRIVING,,0,1,1,0,0,0,-0.192389,-0.512,2301,0,0.346320,0.346320,0,750,green,0.216,,0,unknown,0.000000,null,0.000000,0.312,,"{""0"": 250, ""1"": 250, ""2"": null, ""3"": null, ""4"": null, ""5"": null, ""6"": null, ""7"": null}","{""0"": 0.0, ""1"": 0.0, ""2"": null, ""3"": null, ""4"": null, ""5"": null, ""6"": null, ""7"": null}","{""0"": 250, ""1"": 250}",250,1,0,0,0,0.312,ultrasonic-not-close,KEEP_PAUSED,right,left,,0
148,2026-08-02T02:27:48.581+09:00,18.213,147,7.93,0,DRIVING,,0,1,1,0,0,0,-0.192389,-0.495,2301,0,0.346314,0.346314,0,750,green,0.256,,0,unknown,0.000000,null,0.000000,0.336,,"{""0"": 250, ""1"": 250, ""2"": null, ""3"": null, ""4"": null, ""5"": null, ""6"": null, ""7"": null}","{""0"": 0.0, ""1"": 0.0, ""2"": null, ""3"": null, ""4"": null, ""5"": null, ""6"": null, ""7"": null}","{""0"": 250, ""1"": 250}",250,1,0,0,0,0.336,ultrasonic-not-close,KEEP_PAUSED,right,left,,0
149,2026-08-02T02:27:48.680+09:00,18.311,148,7.98,0,DRIVING,,0,1,1,0,0,0,-0.192389,-0.483,2301,0,0.346310,0.346310,0,751,green,0.263,,0,unknown,0.000000,null,0.000000,0.184,,"{""0"": 250, ""1"": 250, ""2"": null, ""3"": null, ""4"": null, ""5"": null, ""6"": null, ""7"": null}","{""0"": 0.0, ""1"": 0.0, ""2"": null, ""3"": null, ""4"": null, ""5"": null, ""6"": null, ""7"": null}","{""0"": 250, ""1"": 250}",250,1,0,0,0,0.184,ultrasonic-not-close,KEEP_PAUSED,right,left,,0
150,2026-08-02T02:27:48.815+09:00,18.447,149,7.96,0,DRIVING,,0,1,1,0,0,0,-0.192385,-0.473,2301,0,0.346292,0.346292,0,750,green,0.225,,0,unknown,0.000000,null,0.000000,0.319,,"{""0"": 250, ""1"": 250, ""2"": null, ""3"": null, ""4"": null, ""5"": null, ""6"": null, ""7"": null}","{""0"": 0.0, ""1"": 0.0, ""2"": null, ""3"": null, ""4"": null, ""5"": null, ""6"": null, ""7"": null}","{""0"": 250, ""1"": 250}",250,1,0,0,0,0.319,ultrasonic-not-close,KEEP_PAUSED,right,left,,0
151,2026-08-02T02:27:48.898+09:00,18.530,150,7.98,0,DRIVING,,0,1,1,0,0,0,-0.192385,-0.466,2301,0,0.346293,0.346293,0,750,green,0.237,,0,unknown,0.000000,null,0.000000,0.280,,"{""0"": 250, ""1"": 250, ""2"": null, ""3"": null, ""4"": null, ""5"": null, ""6"": null, ""7"": null}","{""0"": 0.0, ""1"": 0.0, ""2"": null, ""3"": null, ""4"": null, ""5"": null, ""6"": null, ""7"": null}","{""0"": 250, ""1"": 250}",250,1,0,0,0,0.280,ultrasonic-not-close,KEEP_PAUSED,right,left,,0
152,2026-08-02T02:27:49.028+09:00,18.660,151,7.92,0,DRIVING,,0,1,1,0,0,0,-0.192880,-0.461,2301,0,0.348073,0.348073,0,750,green,0.352,,0,unknown,0.000000,null,0.000000,0.311,,"{""0"": 250, ""1"": 250, ""2"": null, ""3"": null, ""4"": null, ""5"": null, ""6"": null, ""7"": null}","{""0"": 0.0, ""1"": 0.0, ""2"": null, ""3"": null, ""4"": null, ""5"": null, ""6"": null, ""7"": null}","{""0"": 250, ""1"": 250}",250,1,0,0,0,0.311,ultrasonic-not-close,KEEP_PAUSED,right,left,,0
153,2026-08-02T02:27:49.185+09:00,18.817,152,8.02,0,DRIVING,,0,1,1,0,0,0,-0.192888,-0.457,2301,0,0.347836,0.347836,0,750,green,0.353,,0,unknown,0.000000,null,0.000000,0.468,,"{""0"": 250, ""1"": 250, ""2"": null, ""3"": null, ""4"": null, ""5"": null, ""6"": null, ""7"": null}","{""0"": 0.0, ""1"": 0.0, ""2"": null, ""3"": null, ""4"": null, ""5"": null, ""6"": null, ""7"": null}","{""0"": 250, ""1"": 250}",250,1,0,0,0,0.468,ultrasonic-not-close,KEEP_PAUSED,right,left,,0
154,2026-08-02T02:27:49.273+09:00,18.906,153,8.13,0,DRIVING,,0,1,1,0,0,0,-0.192394,-0.480,2292,0,0.345865,0.345865,0,750,green,0.260,,0,unknown,0.000000,null,0.000000,0.308,,"{""0"": 250, ""1"": 250, ""2"": null, ""3"": null, ""4"": null, ""5"": null, ""6"": null, ""7"": null}","{""0"": 0.0, ""1"": 0.0, ""2"": null, ""3"": null, ""4"": null, ""5"": null, ""6"": null, ""7"": null}","{""0"": 250, ""1"": 250}",250,1,0,0,0,0.308,ultrasonic-not-close,KEEP_PAUSED,right,left,,0
155,2026-08-02T02:27:49.415+09:00,19.047,154,8.03,0,DRIVING,,0,1,1,0,0,0,-0.192385,-0.471,2301,0,0.345968,0.345968,0,750,green,0.248,,0,unknown,0.000000,null,0.000000,0.448,,"{""0"": 250, ""1"": 250, ""2"": null, ""3"": null, ""4"": null, ""5"": null, ""6"": null, ""7"": null}","{""0"": 0.0, ""1"": 0.0, ""2"": null, ""3"": null, ""4"": null, ""5"": null, ""6"": null, ""7"": null}","{""0"": 250, ""1"": 250}",250,1,0,0,0,0.448,ultrasonic-not-close,KEEP_PAUSED,right,left,,0
156,2026-08-02T02:27:49.512+09:00,19.142,155,8.19,0,DRIVING,,0,1,1,0,0,0,-0.192389,-0.465,2301,0,0.346081,0.346081,0,750,green,0.234,,0,unknown,0.000000,null,0.000000,0.444,,"{""0"": 250, ""1"": 250, ""2"": null, ""3"": null, ""4"": null, ""5"": null, ""6"": null, ""7"": null}","{""0"": 0.0, ""1"": 0.0, ""2"": null, ""3"": null, ""4"": null, ""5"": null, ""6"": null, ""7"": null}","{""0"": 250, ""1"": 250}",250,1,0,0,0,0.444,ultrasonic-not-close,KEEP_PAUSED,right,left,,0
157,2026-08-02T02:27:49.620+09:00,19.252,156,8.30,0,DRIVING,,0,1,1,0,0,0,-0.192385,-0.486,2292,0,0.346132,0.346132,0,750,green,0.241,,0,unknown,0.000000,null,0.000000,0.308,,"{""0"": 250, ""1"": 250, ""2"": null, ""3"": null, ""4"": null, ""5"": null, ""6"": null, ""7"": null}","{""0"": 0.0, ""1"": 0.0, ""2"": null, ""3"": null, ""4"": null, ""5"": null, ""6"": null, ""7"": null}","{""0"": 250, ""1"": 250}",250,1,0,0,0,0.308,ultrasonic-not-close,KEEP_PAUSED,right,left,,0
158,2026-08-02T02:27:49.756+09:00,19.387,157,8.21,0,DRIVING,,0,1,1,0,0,0,-0.192385,-0.502,2292,0,0.346180,0.346180,0,750,green,0.208,,0,unknown,0.000000,null,0.000000,0.444,,"{""0"": 250, ""1"": 250, ""2"": null, ""3"": null, ""4"": null, ""5"": null, ""6"": null, ""7"": null}","{""0"": 0.0, ""1"": 0.0, ""2"": null, ""3"": null, ""4"": null, ""5"": null, ""6"": null, ""7"": null}","{""0"": 250, ""1"": 250}",250,1,0,0,0,0.444,ultrasonic-not-close,KEEP_PAUSED,right,left,,0
159,2026-08-02T02:27:49.847+09:00,19.478,158,8.34,0,DRIVING,,0,1,1,0,0,0,-0.192389,-0.488,2301,0,0.346229,0.346229,0,750,green,0.248,,0,unknown,0.000000,null,0.000000,0.297,,"{""0"": 250, ""1"": 250, ""2"": null, ""3"": null, ""4"": null, ""5"": null, ""6"": null, ""7"": null}","{""0"": 0.0, ""1"": 0.0, ""2"": null, ""3"": null, ""4"": null, ""5"": null, ""6"": null, ""7"": null}","{""0"": 250, ""1"": 250}",250,1,0,0,0,0.297,ultrasonic-not-close,KEEP_PAUSED,right,left,,0
160,2026-08-02T02:27:49.944+09:00,19.576,159,8.33,0,DRIVING,,0,1,1,0,0,0,-0.192385,-0.477,2301,0,0.346236,0.346236,0,750,green,0.339,,0,unknown,0.000000,null,0.000000,0.396,,"{""0"": 250, ""1"": 250, ""2"": null, ""3"": null, ""4"": null, ""5"": null, ""6"": null, ""7"": null}","{""0"": 0.0, ""1"": 0.0, ""2"": null, ""3"": null, ""4"": null, ""5"": null, ""6"": null, ""7"": null}","{""0"": 250, ""1"": 250}",250,1,0,0,0,0.396,ultrasonic-not-close,KEEP_PAUSED,right,left,,0
161,2026-08-02T02:27:50.039+09:00,19.669,160,8.54,0,DRIVING,,0,1,1,0,0,0,-0.192385,-0.469,2301,0,0.346253,0.346253,0,750,green,0.329,,0,unknown,0.000000,null,0.000000,0.244,,"{""0"": 250, ""1"": 250, ""2"": null, ""3"": null, ""4"": null, ""5"": null, ""6"": null, ""7"": null}","{""0"": 0.0, ""1"": 0.0, ""2"": null, ""3"": null, ""4"": null, ""5"": null, ""6"": null, ""7"": null}","{""0"": 250, ""1"": 250}",250,1,0,0,0,0.244,ultrasonic-not-close,KEEP_PAUSED,right,left,,0
162,2026-08-02T02:27:50.256+09:00,19.887,161,8.25,0,DRIVING,,0,1,1,0,0,0,-0.192649,-0.463,2301,0,0.347213,0.347213,0,750,green,0.196,,0,unknown,0.000000,null,0.000000,0.461,,"{""0"": 250, ""1"": 250, ""2"": null, ""3"": null, ""4"": null, ""5"": null, ""6"": null, ""7"": null}","{""0"": 0.0, ""1"": 0.0, ""2"": null, ""3"": null, ""4"": null, ""5"": null, ""6"": null, ""7"": null}","{""0"": 250, ""1"": 250}",250,1,0,0,0,0.461,ultrasonic-not-close,KEEP_PAUSED,right,left,,0
163,2026-08-02T02:27:50.377+09:00,20.010,162,8.28,0,DRIVING,,0,1,1,0,0,0,-0.192584,-0.485,2292,0,0.346848,0.346848,0,750,green,0.315,,0,unknown,0.000000,null,0.000000,0.395,,"{""0"": 250, ""1"": 250, ""2"": null, ""3"": null, ""4"": null, ""5"": null, ""6"": null, ""7"": null}","{""0"": 0.0, ""1"": 0.0, ""2"": null, ""3"": null, ""4"": null, ""5"": null, ""6"": null, ""7"": null}","{""0"": 250, ""1"": 250}",250,1,0,0,0,0.395,ultrasonic-not-close,KEEP_PAUSED,right,left,,0
164,2026-08-02T02:27:50.467+09:00,20.100,163,8.45,0,DRIVING,,0,1,1,0,0,0,-0.192888,-0.501,2292,0,0.347882,0.347882,0,750,green,0.341,,0,unknown,0.000000,null,0.000000,0.390,,"{""0"": 250, ""1"": 250, ""2"": null, ""3"": null, ""4"": null, ""5"": null, ""6"": null, ""7"": null}","{""0"": 0.0, ""1"": 0.0, ""2"": null, ""3"": null, ""4"": null, ""5"": null, ""6"": null, ""7"": null}","{""0"": 250, ""1"": 250}",250,1,0,0,0,0.390,ultrasonic-not-close,KEEP_PAUSED,right,left,,0
165,2026-08-02T02:27:50.616+09:00,20.249,164,8.30,0,DRIVING,,0,1,1,0,0,0,-0.192593,-0.514,2292,0,0.346614,0.346614,0,750,green,0.433,,0,unknown,0.000000,null,0.000000,0.540,,"{""0"": 250, ""1"": 250, ""2"": null, ""3"": null, ""4"": null, ""5"": null, ""6"": null, ""7"": null}","{""0"": 0.0, ""1"": 0.0, ""2"": null, ""3"": null, ""4"": null, ""5"": null, ""6"": null, ""7"": null}","{""0"": 250, ""1"": 250}",250,1,0,0,0,0.540,ultrasonic-not-close,KEEP_PAUSED,right,left,,0
166,2026-08-02T02:27:50.702+09:00,20.334,165,8.46,0,DRIVING,,0,1,1,0,0,0,-0.192593,-0.559,2251,0,0.346630,0.346630,0,750,green,0.364,,0,unknown,0.000000,null,0.000000,0.288,,"{""0"": 250, ""1"": 250, ""2"": null, ""3"": null, ""4"": null, ""5"": null, ""6"": null, ""7"": null}","{""0"": 0.0, ""1"": 0.0, ""2"": null, ""3"": null, ""4"": null, ""5"": null, ""6"": null, ""7"": null}","{""0"": 250, ""1"": 250}",250,1,0,0,0,0.288,ultrasonic-not-close,KEEP_PAUSED,right,left,,0
167,2026-08-02T02:27:50.871+09:00,20.503,166,8.28,0,DRIVING,,0,1,1,0,0,0,-0.192394,-0.529,2309,0,0.345925,0.345925,0,750,green,0.238,,0,unknown,0.000000,null,0.000000,0.457,,"{""0"": 250, ""1"": 250, ""2"": null, ""3"": null, ""4"": null, ""5"": null, ""6"": null, ""7"": null}","{""0"": 0.0, ""1"": 0.0, ""2"": null, ""3"": null, ""4"": null, ""5"": null, ""6"": null, ""7"": null}","{""0"": 250, ""1"": 250}",250,1,0,0,0,0.457,ultrasonic-not-close,KEEP_PAUSED,right,left,,0
168,2026-08-02T02:27:50.958+09:00,20.589,167,8.49,0,DRIVING,,0,1,1,0,0,0,-0.192385,-0.508,2301,0,0.346010,0.346010,0,750,green,0.258,,0,unknown,0.000000,null,0.000000,0.305,,"{""0"": 250, ""1"": 250, ""2"": null, ""3"": null, ""4"": null, ""5"": null, ""6"": null, ""7"": null}","{""0"": 0.0, ""1"": 0.0, ""2"": null, ""3"": null, ""4"": null, ""5"": null, ""6"": null, ""7"": null}","{""0"": 250, ""1"": 250}",250,1,0,0,0,0.305,ultrasonic-not-close,KEEP_PAUSED,right,left,,0
169,2026-08-02T02:27:51.119+09:00,20.751,168,8.41,0,DRIVING,,0,1,1,0,0,0,-0.192385,-0.492,2301,0,0.346095,0.346095,0,750,green,0.261,,0,unknown,0.000000,null,0.000000,0.467,,"{""0"": 250, ""1"": 250, ""2"": null, ""3"": null, ""4"": null, ""5"": null, ""6"": null, ""7"": null}","{""0"": 0.0, ""1"": 0.0, ""2"": null, ""3"": null, ""4"": null, ""5"": null, ""6"": null, ""7"": null}","{""0"": 250, ""1"": 250}",250,1,0,0,0,0.467,ultrasonic-not-close,KEEP_PAUSED,right,left,,0
170,2026-08-02T02:27:51.283+09:00,20.914,169,8.25,0,DRIVING,,0,1,1,0,0,0,-0.192385,-0.480,2301,0,0.346154,0.346154,0,750,green,0.254,,0,unknown,0.000000,null,0.000000,0.543,,"{""0"": 250, ""1"": 250, ""2"": null, ""3"": null, ""4"": null, ""5"": null, ""6"": null, ""7"": null}","{""0"": 0.0, ""1"": 0.0, ""2"": null, ""3"": null, ""4"": null, ""5"": null, ""6"": null, ""7"": null}","{""0"": 250, ""1"": 250}",250,1,0,0,0,0.543,ultrasonic-not-close,KEEP_PAUSED,right,left,,0
171,2026-08-02T02:27:51.372+09:00,21.005,170,8.33,0,DRIVING,,0,1,1,0,0,0,-0.192880,-0.472,2301,0,0.347976,0.347976,0,750,green,0.327,,0,unknown,0.000000,null,0.000000,0.375,,"{""0"": 250, ""1"": 250, ""2"": null, ""3"": null, ""4"": null, ""5"": null, ""6"": null, ""7"": null}","{""0"": 0.0, ""1"": 0.0, ""2"": null, ""3"": null, ""4"": null, ""5"": null, ""6"": null, ""7"": null}","{""0"": 250, ""1"": 250}",250,1,0,0,0,0.375,ultrasonic-not-close,KEEP_PAUSED,right,left,,0
172,2026-08-02T02:27:51.484+09:00,21.116,171,8.38,0,DRIVING,,0,1,1,0,0,0,-0.192366,-0.520,2284,0,0.345888,0.345888,0,750,green,0.257,,0,unknown,0.000000,null,0.000000,0.486,,"{""0"": 250, ""1"": 250, ""2"": null, ""3"": null, ""4"": null, ""5"": null, ""6"": null, ""7"": null}","{""0"": 0.0, ""1"": 0.0, ""2"": null, ""3"": null, ""4"": null, ""5"": null, ""6"": null, ""7"": null}","{""0"": 250, ""1"": 250}",250,1,0,0,0,0.486,ultrasonic-not-close,KEEP_PAUSED,right,left,,0
173,2026-08-02T02:27:51.646+09:00,21.278,172,8.22,0,DRIVING,,0,1,1,0,0,0,-0.192357,-0.502,2301,0,0.345969,0.345969,0,750,green,0.205,,0,unknown,0.000000,null,0.000000,0.491,,"{""0"": 250, ""1"": 250, ""2"": null, ""3"": null, ""4"": null, ""5"": null, ""6"": null, ""7"": null}","{""0"": 0.0, ""1"": 0.0, ""2"": null, ""3"": null, ""4"": null, ""5"": null, ""6"": null, ""7"": null}","{""0"": 250, ""1"": 250}",250,1,0,0,0,0.491,ultrasonic-not-close,KEEP_PAUSED,right,left,,0
174,2026-08-02T02:27:51.746+09:00,21.376,173,8.21,0,DRIVING,,0,1,1,0,0,0,-0.192588,-0.487,2301,0,0.346883,0.346883,0,750,green,0.369,,0,unknown,0.000000,null,0.000000,0.334,,"{""0"": 250, ""1"": 250, ""2"": null, ""3"": null, ""4"": null, ""5"": null, ""6"": null, ""7"": null}","{""0"": 0.0, ""1"": 0.0, ""2"": null, ""3"": null, ""4"": null, ""5"": null, ""6"": null, ""7"": null}","{""0"": 250, ""1"": 250}",250,1,0,0,0,0.334,ultrasonic-not-close,KEEP_PAUSED,right,left,,0
175,2026-08-02T02:27:51.916+09:00,21.547,174,8.07,0,DRIVING,,0,1,1,0,0,0,-0.192601,-0.503,2292,0,0.346861,0.346861,0,750,green,0.380,,0,unknown,0.000000,null,0.000000,0.506,,"{""0"": 250, ""1"": 250, ""2"": null, ""3"": null, ""4"": null, ""5"": null, ""6"": null, ""7"": null}","{""0"": 0.0, ""1"": 0.0, ""2"": null, ""3"": null, ""4"": null, ""5"": null, ""6"": null, ""7"": null}","{""0"": 250, ""1"": 250}",250,1,0,0,0,0.506,ultrasonic-not-close,KEEP_PAUSED,right,left,,0
176,2026-08-02T02:27:52.007+09:00,21.638,175,8.14,0,DRIVING,,0,1,1,0,0,0,-0.192601,-0.489,2301,0,0.346808,0.346808,0,750,green,0.273,,0,unknown,0.000000,null,0.000000,0.322,,"{""0"": 250, ""1"": 250, ""2"": null, ""3"": null, ""4"": null, ""5"": null, ""6"": null, ""7"": null}","{""0"": 0.0, ""1"": 0.0, ""2"": null, ""3"": null, ""4"": null, ""5"": null, ""6"": null, ""7"": null}","{""0"": 250, ""1"": 250}",250,1,0,0,0,0.322,ultrasonic-not-close,KEEP_PAUSED,right,left,,0
177,2026-08-02T02:27:52.142+09:00,21.773,176,8.15,0,DRIVING,,0,1,1,0,0,0,-0.192593,-0.504,2292,0,0.346740,0.346740,0,750,green,0.264,,0,unknown,0.000000,null,0.000000,0.354,,"{""0"": 250, ""1"": 250, ""2"": null, ""3"": null, ""4"": null, ""5"": null, ""6"": null, ""7"": null}","{""0"": 0.0, ""1"": 0.0, ""2"": null, ""3"": null, ""4"": null, ""5"": null, ""6"": null, ""7"": null}","{""0"": 250, ""1"": 250}",250,1,0,0,0,0.354,ultrasonic-not-close,KEEP_PAUSED,right,left,,0
178,2026-08-02T02:27:52.306+09:00,21.936,177,8.06,0,DRIVING,,0,1,1,0,0,0,-0.192824,-0.581,2270,0,0.347550,0.347550,0,750,green,0.231,,0,unknown,0.000000,null,0.000000,0.516,,"{""0"": 250, ""1"": 250, ""2"": null, ""3"": null, ""4"": null, ""5"": null, ""6"": null, ""7"": null}","{""0"": 0.0, ""1"": 0.0, ""2"": null, ""3"": null, ""4"": null, ""5"": null, ""6"": null, ""7"": null}","{""0"": 250, ""1"": 250}",250,1,0,0,0,0.516,ultrasonic-not-close,KEEP_PAUSED,right,left,,0
179,2026-08-02T02:27:52.408+09:00,22.039,178,8.05,0,DRIVING,,0,1,1,0,0,0,-0.192601,-0.625,2260,0,0.346608,0.346608,0,750,green,0.301,,0,unknown,0.000000,null,0.000000,0.361,,"{""0"": 250, ""1"": 250, ""2"": null, ""3"": null, ""4"": null, ""5"": null, ""6"": null, ""7"": null}","{""0"": 0.0, ""1"": 0.0, ""2"": null, ""3"": null, ""4"": null, ""5"": null, ""6"": null, ""7"": null}","{""0"": 250, ""1"": 250}",250,1,0,0,0,0.361,ultrasonic-not-close,KEEP_PAUSED,right,left,,0
180,2026-08-02T02:27:52.514+09:00,22.146,179,8.11,0,DRIVING,,0,1,1,0,0,0,-0.192888,-0.580,2301,0,0.347663,0.347663,0,750,green,0.269,,0,unknown,0.000000,null,0.000000,0.334,,"{""0"": 250, ""1"": 250, ""2"": null, ""3"": null, ""4"": null, ""5"": null, ""6"": null, ""7"": null}","{""0"": 0.0, ""1"": 0.0, ""2"": null, ""3"": null, ""4"": null, ""5"": null, ""6"": null, ""7"": null}","{""0"": 250, ""1"": 250}",250,1,0,0,0,0.334,ultrasonic-not-close,KEEP_PAUSED,right,left,,0
181,2026-08-02T02:27:52.720+09:00,22.351,180,7.86,0,DRIVING,,0,1,1,0,0,0,-0.192593,-0.602,2284,0,0.346461,0.346461,0,749,green,0.212,,0,unknown,0.000000,null,0.000000,0.537,,"{""0"": 250, ""1"": 250, ""2"": null, ""3"": null, ""4"": null, ""5"": null, ""6"": null, ""7"": null}","{""0"": 0.0, ""1"": 0.0, ""2"": null, ""3"": null, ""4"": null, ""5"": null, ""6"": null, ""7"": null}","{""0"": 250, ""1"": 250}",250,1,0,0,0,0.537,ultrasonic-not-close,KEEP_PAUSED,right,left,,0
182,2026-08-02T02:27:52.883+09:00,22.515,181,7.78,0,DRIVING,,0,1,1,0,0,0,-0.192824,-0.589,2292,0,0.347354,0.347354,0,750,green,0.316,,0,unknown,0.000000,null,0.000000,0.438,,"{""0"": 250, ""1"": 250, ""2"": null, ""3"": null, ""4"": null, ""5"": null, ""6"": null, ""7"": null}","{""0"": 0.0, ""1"": 0.0, ""2"": null, ""3"": null, ""4"": null, ""5"": null, ""6"": null, ""7"": null}","{""0"": 250, ""1"": 250}",250,1,0,0,0,0.438,ultrasonic-not-close,KEEP_PAUSED,right,left,,0
183,2026-08-02T02:27:52.978+09:00,22.610,182,7.91,0,DRIVING,,0,1,1,0,0,0,-0.192841,-0.631,2260,0,0.347333,0.347333,0,751,green,0.374,,0,unknown,0.000000,null,0.000000,0.425,,"{""0"": 250, ""1"": 250, ""2"": null, ""3"": null, ""4"": null, ""5"": null, ""6"": null, ""7"": null}","{""0"": 0.0, ""1"": 0.0, ""2"": null, ""3"": null, ""4"": null, ""5"": null, ""6"": null, ""7"": null}","{""0"": 250, ""1"": 250}",250,1,0,0,0,0.425,ultrasonic-not-close,KEEP_PAUSED,right,left,,0
184,2026-08-02T02:27:53.121+09:00,22.753,183,7.80,0,DRIVING,,0,1,1,0,0,0,-0.192832,-0.671,2275,0,0.347237,0.347237,0,751,green,0.469,,0,unknown,0.000000,null,0.000000,0.569,,"{""0"": 250, ""1"": 250, ""2"": null, ""3"": null, ""4"": null, ""5"": null, ""6"": null, ""7"": null}","{""0"": 0.0, ""1"": 0.0, ""2"": null, ""3"": null, ""4"": null, ""5"": null, ""6"": null, ""7"": null}","{""0"": 250, ""1"": 250}",250,1,0,0,0,0.569,ultrasonic-not-close,KEEP_PAUSED,right,left,,0
185,2026-08-02T02:27:53.276+09:00,22.908,184,7.77,0,DRIVING,,0,1,1,0,0,0,-0.192832,-0.693,2260,0,0.347195,0.347195,0,750,green,0.404,,0,unknown,0.000000,null,0.000000,0.356,,"{""0"": 250, ""1"": 250, ""2"": null, ""3"": null, ""4"": null, ""5"": null, ""6"": null, ""7"": null}","{""0"": 0.0, ""1"": 0.0, ""2"": null, ""3"": null, ""4"": null, ""5"": null, ""6"": null, ""7"": null}","{""0"": 250, ""1"": 250}",250,1,0,0,0,0.356,ultrasonic-not-close,KEEP_PAUSED,right,left,,0
186,2026-08-02T02:27:53.372+09:00,23.004,185,7.77,0,DRIVING,,0,1,1,0,0,0,-0.192832,-0.694,2251,0,0.347166,0.347166,0,751,green,0.161,,0,unknown,0.000000,null,0.000000,0.356,,"{""0"": 250, ""1"": 250, ""2"": null, ""3"": null, ""4"": null, ""5"": null, ""6"": null, ""7"": null}","{""0"": 0.0, ""1"": 0.0, ""2"": null, ""3"": null, ""4"": null, ""5"": null, ""6"": null, ""7"": null}","{""0"": 250, ""1"": 250}",250,1,0,0,0,0.356,ultrasonic-not-close,KEEP_PAUSED,right,left,,0
187,2026-08-02T02:27:53.501+09:00,23.133,186,7.73,0,DRIVING,,0,1,1,0,0,0,-0.192832,-0.687,2284,0,0.347146,0.347146,0,750,green,0.257,,0,unknown,0.000000,null,0.000000,0.484,,"{""0"": 250, ""1"": 74, ""2"": null, ""3"": null, ""4"": null, ""5"": null, ""6"": null, ""7"": null}","{""0"": 0.0, ""1"": 0.0, ""2"": null, ""3"": null, ""4"": null, ""5"": null, ""6"": null, ""7"": null}","{""0"": 250, ""1"": 74}",74,1,1,0,0,0.484,car-not-detected-or-stale,KEEP_PAUSED,right,left,,0
188,2026-08-02T02:27:53.595+09:00,23.227,187,7.81,0,DRIVING,,0,1,1,0,0,0,-0.192370,-0.705,2260,0,0.345467,0.345467,0,750,green,0.228,,0,unknown,0.000000,null,0.000000,0.281,,"{""0"": 250, ""1"": 250, ""2"": null, ""3"": null, ""4"": null, ""5"": null, ""6"": null, ""7"": null}","{""0"": 0.0, ""1"": 0.0, ""2"": null, ""3"": null, ""4"": null, ""5"": null, ""6"": null, ""7"": null}","{""0"": 250, ""1"": 250}",250,1,0,0,0,0.281,ultrasonic-not-close,KEEP_PAUSED,right,left,,0
189,2026-08-02T02:27:53.746+09:00,23.378,188,7.69,0,DRIVING,,0,1,1,0,0,0,-0.192353,-0.640,2301,0,0.345647,0.345647,0,750,green,0.228,,0,unknown,0.000000,null,0.000000,0.433,,"{""0"": 250, ""1"": 250, ""2"": null, ""3"": null, ""4"": null, ""5"": null, ""6"": null, ""7"": null}","{""0"": 0.0, ""1"": 0.0, ""2"": null, ""3"": null, ""4"": null, ""5"": null, ""6"": null, ""7"": null}","{""0"": 250, ""1"": 250}",250,1,0,0,0,0.433,ultrasonic-not-close,KEEP_PAUSED,right,left,,0
190,2026-08-02T02:27:53.841+09:00,23.471,189,7.70,0,DRIVING,,0,1,1,0,0,0,-0.192880,-0.617,2292,0,0.347718,0.347718,0,750,green,0.250,,0,unknown,0.000000,null,0.000000,0.301,,"{""0"": 250, ""1"": 250, ""2"": null, ""3"": null, ""4"": null, ""5"": null, ""6"": null, ""7"": null}","{""0"": 0.0, ""1"": 0.0, ""2"": null, ""3"": null, ""4"": null, ""5"": null, ""6"": null, ""7"": null}","{""0"": 250, ""1"": 250}",250,1,0,0,0,0.301,ultrasonic-not-close,KEEP_PAUSED,right,left,,0
191,2026-08-02T02:27:53.947+09:00,23.578,190,7.67,0,DRIVING,,0,1,1,0,0,0,-0.192824,-0.630,2284,0,0.347357,0.347357,0,750,green,0.250,,0,unknown,0.000000,null,0.000000,0.313,,"{""0"": 250, ""1"": 250, ""2"": null, ""3"": null, ""4"": null, ""5"": null, ""6"": null, ""7"": null}","{""0"": 0.0, ""1"": 0.0, ""2"": null, ""3"": null, ""4"": null, ""5"": null, ""6"": null, ""7"": null}","{""0"": 250, ""1"": 250}",250,1,0,0,0,0.313,ultrasonic-not-close,KEEP_PAUSED,right,left,,0
192,2026-08-02T02:27:54.134+09:00,23.766,191,7.73,0,DRIVING,,0,1,1,0,0,0,-0.192832,-0.662,2260,0,0.347305,0.347305,0,750,green,0.205,,0,unknown,0.000000,null,0.000000,0.500,,"{""0"": 250, ""1"": 250, ""2"": null, ""3"": null, ""4"": null, ""5"": null, ""6"": null, ""7"": null}","{""0"": 0.0, ""1"": 0.0, ""2"": null, ""3"": null, ""4"": null, ""5"": null, ""6"": null, ""7"": null}","{""0"": 250, ""1"": 250}",250,1,0,0,0,0.500,ultrasonic-not-close,KEEP_PAUSED,right,left,,0
193,2026-08-02T02:27:54.290+09:00,23.923,192,7.66,0,DRIVING,,0,1,1,0,0,0,-0.193136,-0.684,2199,0,0.348336,0.348336,0,750,green,0.297,,0,unknown,0.000000,null,0.000000,0.413,,"{""0"": 250, ""1"": 250, ""2"": null, ""3"": null, ""4"": null, ""5"": null, ""6"": null, ""7"": null}","{""0"": 0.0, ""1"": 0.0, ""2"": null, ""3"": null, ""4"": null, ""5"": null, ""6"": null, ""7"": null}","{""0"": 250, ""1"": 250}",250,1,0,0,0,0.413,ultrasonic-not-close,KEEP_PAUSED,right,left,,0
194,2026-08-02T02:27:54.377+09:00,24.008,193,7.68,0,DRIVING,,0,1,1,0,0,0,-0.193598,-0.673,2172,0,0.349793,0.349793,0,750,green,0.347,,0,unknown,0.000000,null,0.000000,0.390,,"{""0"": 250, ""1"": 250, ""2"": null, ""3"": null, ""4"": null, ""5"": null, ""6"": null, ""7"": null}","{""0"": 0.0, ""1"": 0.0, ""2"": null, ""3"": null, ""4"": null, ""5"": null, ""6"": null, ""7"": null}","{""0"": 250, ""1"": 250}",250,1,0,0,0,0.390,ultrasonic-not-close,KEEP_PAUSED,right,left,,0
195,2026-08-02T02:27:54.545+09:00,24.176,194,7.64,0,DRIVING,,0,1,1,0,0,0,-0.193119,-0.692,2220,0,0.347673,0.347673,0,750,green,0.433,,0,unknown,0.000000,null,0.000000,0.559,,"{""0"": 250, ""1"": 250, ""2"": null, ""3"": null, ""4"": null, ""5"": null, ""6"": null, ""7"": null}","{""0"": 0.0, ""1"": 0.0, ""2"": null, ""3"": null, ""4"": null, ""5"": null, ""6"": null, ""7"": null}","{""0"": 250, ""1"": 250}",250,1,0,0,0,0.559,ultrasonic-not-close,KEEP_PAUSED,right,left,,0
196,2026-08-02T02:27:54.682+09:00,24.300,195,7.56,0,DRIVING,,0,1,1,0,0,0,-0.192832,-0.695,2238,0,0.346623,0.346623,0,751,green,0.171,,0,unknown,0.000000,null,0.000000,0.342,,"{""0"": 250, ""1"": 250, ""2"": null, ""3"": null, ""4"": null, ""5"": null, ""6"": null, ""7"": null}","{""0"": 0.0, ""1"": 0.0, ""2"": null, ""3"": null, ""4"": null, ""5"": null, ""6"": null, ""7"": null}","{""0"": 250, ""1"": 250}",250,1,0,0,0,0.342,ultrasonic-not-close,KEEP_PAUSED,right,left,,0
197,2026-08-02T02:27:54.780+09:00,24.411,196,7.67,0,DRIVING,,0,1,1,0,0,0,-0.192832,-0.698,2238,0,0.346765,0.346765,0,750,green,0.143,,0,unknown,0.000000,null,0.000000,0.366,,"{""0"": 250, ""1"": 250, ""2"": null, ""3"": null, ""4"": null, ""5"": null, ""6"": null, ""7"": null}","{""0"": 0.0, ""1"": 0.0, ""2"": null, ""3"": null, ""4"": null, ""5"": null, ""6"": null, ""7"": null}","{""0"": 250, ""1"": 250}",250,1,0,0,0,0.366,ultrasonic-not-close,KEEP_PAUSED,right,left,,0
198,2026-08-02T02:27:54.914+09:00,24.546,197,7.59,0,DRIVING,,0,1,1,0,0,0,-0.192832,-0.687,2231,0,0.346865,0.346865,0,750,green,0.239,,0,unknown,0.000000,null,0.000000,0.499,,"{""0"": 250, ""1"": 250, ""2"": null, ""3"": null, ""4"": null, ""5"": null, ""6"": null, ""7"": null}","{""0"": 0.0, ""1"": 0.0, ""2"": null, ""3"": null, ""4"": null, ""5"": null, ""6"": null, ""7"": null}","{""0"": 250, ""1"": 250}",250,1,0,0,0,0.499,ultrasonic-not-close,KEEP_PAUSED,right,left,,0
199,2026-08-02T02:27:55.007+09:00,24.639,198,7.72,0,DRIVING,,0,1,1,0,0,0,-0.192832,-0.667,2239,0,0.346935,0.346935,0,750,green,0.236,,0,unknown,0.000000,null,0.000000,0.288,,"{""0"": 250, ""1"": 250, ""2"": null, ""3"": null, ""4"": null, ""5"": null, ""6"": null, ""7"": null}","{""0"": 0.0, ""1"": 0.0, ""2"": null, ""3"": null, ""4"": null, ""5"": null, ""6"": null, ""7"": null}","{""0"": 250, ""1"": 250}",250,1,0,0,0,0.288,ultrasonic-not-close,KEEP_PAUSED,right,left,,0
200,2026-08-02T02:27:55.210+09:00,24.841,199,7.64,0,DRIVING,,0,1,1,0,0,0,-0.192601,-0.652,2239,0,0.346152,0.346152,0,750,green,0.236,,0,unknown,0.000000,null,0.000000,0.489,,"{""0"": 250, ""1"": 250, ""2"": null, ""3"": null, ""4"": null, ""5"": null, ""6"": null, ""7"": null}","{""0"": 0.0, ""1"": 0.0, ""2"": null, ""3"": null, ""4"": null, ""5"": null, ""6"": null, ""7"": null}","{""0"": 250, ""1"": 250}",250,1,0,0,0,0.489,ultrasonic-not-close,KEEP_PAUSED,right,left,,0
201,2026-08-02T02:27:55.334+09:00,24.966,200,7.58,0,DRIVING,,0,1,1,0,0,0,-0.193119,-0.656,2284,0,0.348176,0.348176,0,750,green,0.301,,0,unknown,0.000000,null,0.000000,0.382,,"{""0"": 250, ""1"": 250, ""2"": null, ""3"": null, ""4"": null, ""5"": null, ""6"": null, ""7"": null}","{""0"": 0.0, ""1"": 0.0, ""2"": null, ""3"": null, ""4"": null, ""5"": null, ""6"": null, ""7"": null}","{""0"": 250, ""1"": 250}",250,1,0,0,0,0.382,ultrasonic-not-close,KEEP_PAUSED,right,left,,0
202,2026-08-02T02:27:55.427+09:00,25.059,201,7.61,0,DRIVING,,0,1,1,0,0,0,-0.192832,-0.690,2275,0,0.346974,0.346974,0,750,green,0.327,,0,unknown,0.000000,null,0.000000,0.379,,"{""0"": 250, ""1"": 250, ""2"": null, ""3"": null, ""4"": null, ""5"": null, ""6"": null, ""7"": null}","{""0"": 0.0, ""1"": 0.0, ""2"": null, ""3"": null, ""4"": null, ""5"": null, ""6"": null, ""7"": null}","{""0"": 250, ""1"": 250}",250,1,0,0,0,0.379,ultrasonic-not-close,KEEP_PAUSED,right,left,,0
203,2026-08-02T02:27:55.599+09:00,25.231,202,7.59,0,DRIVING,,0,1,1,0,0,0,-0.192896,-0.655,2292,0,0.347243,0.347243,0,750,green,0.220,,0,unknown,0.000000,null,0.000000,0.550,,"{""0"": 250, ""1"": 250, ""2"": null, ""3"": null, ""4"": null, ""5"": null, ""6"": null, ""7"": null}","{""0"": 0.0, ""1"": 0.0, ""2"": null, ""3"": null, ""4"": null, ""5"": null, ""6"": null, ""7"": null}","{""0"": 250, ""1"": 250}",250,1,0,0,0,0.550,ultrasonic-not-close,KEEP_PAUSED,right,left,,0
204,2026-08-02T02:27:55.690+09:00,25.323,203,7.61,0,DRIVING,,0,1,1,0,0,0,-0.192888,-0.689,2275,0,0.347204,0.347204,0,750,green,0.269,,0,unknown,0.000000,null,0.000000,0.318,,"{""0"": 250, ""1"": 250, ""2"": null, ""3"": null, ""4"": null, ""5"": null, ""6"": null, ""7"": null}","{""0"": 0.0, ""1"": 0.0, ""2"": null, ""3"": null, ""4"": null, ""5"": null, ""6"": null, ""7"": null}","{""0"": 250, ""1"": 250}",250,1,0,0,0,0.318,ultrasonic-not-close,KEEP_PAUSED,right,left,,0
205,2026-08-02T02:27:55.836+09:00,25.468,204,7.65,0,DRIVING,,0,1,1,0,0,0,-0.192888,-0.654,2292,0,0.347202,0.347202,0,750,green,0.371,,0,unknown,0.000000,null,0.000000,0.372,,"{""0"": 250, ""1"": 250, ""2"": null, ""3"": null, ""4"": null, ""5"": null, ""6"": null, ""7"": null}","{""0"": 0.0, ""1"": 0.0, ""2"": null, ""3"": null, ""4"": null, ""5"": null, ""6"": null, ""7"": null}","{""0"": 250, ""1"": 250}",250,1,0,0,0,0.372,ultrasonic-not-close,KEEP_PAUSED,right,left,,0
206,2026-08-02T02:27:55.929+09:00,25.558,205,7.65,0,DRIVING,,0,1,1,0,0,0,-0.192888,-0.602,2301,0,0.347201,0.347201,0,750,green,0.413,,0,unknown,0.000000,null,0.000000,0.463,,"{""0"": 250, ""1"": 250, ""2"": null, ""3"": null, ""4"": null, ""5"": null, ""6"": null, ""7"": null}","{""0"": 0.0, ""1"": 0.0, ""2"": null, ""3"": null, ""4"": null, ""5"": null, ""6"": null, ""7"": null}","{""0"": 250, ""1"": 250}",250,1,0,0,0,0.463,ultrasonic-not-close,KEEP_PAUSED,right,left,,0
207,2026-08-02T02:27:56.036+09:00,25.668,206,7.70,0,DRIVING,,0,1,1,0,0,0,-0.192888,-0.618,2284,0,0.347200,0.347200,0,750,green,0.232,,0,unknown,0.000000,null,0.000000,0.298,,"{""0"": 250, ""1"": 250, ""2"": null, ""3"": null, ""4"": null, ""5"": null, ""6"": null, ""7"": null}","{""0"": 0.0, ""1"": 0.0, ""2"": null, ""3"": null, ""4"": null, ""5"": null, ""6"": null, ""7"": null}","{""0"": 250, ""1"": 250}",250,1,0,0,0,0.298,ultrasonic-not-close,KEEP_PAUSED,right,left,,0
208,2026-08-02T02:27:56.223+09:00,25.855,207,7.65,0,DRIVING,,0,1,1,0,0,0,-0.192888,-0.631,2284,0,0.347200,0.347200,0,750,green,0.204,,0,unknown,0.000000,null,0.000000,0.485,,"{""0"": 250, ""1"": 250, ""2"": null, ""3"": null, ""4"": null, ""5"": null, ""6"": null, ""7"": null}","{""0"": 0.0, ""1"": 0.0, ""2"": null, ""3"": null, ""4"": null, ""5"": null, ""6"": null, ""7"": null}","{""0"": 250, ""1"": 250}",250,1,0,0,0,0.485,ultrasonic-not-close,KEEP_PAUSED,right,left,,0
209,2026-08-02T02:27:56.318+09:00,25.950,208,7.67,0,DRIVING,,0,1,1,0,0,0,-0.193119,-0.640,2284,0,0.348031,0.348031,0,750,green,0.298,,0,unknown,0.000000,null,0.000000,0.351,,"{""0"": 250, ""1"": 250, ""2"": null, ""3"": null, ""4"": null, ""5"": null, ""6"": null, ""7"": null}","{""0"": 0.0, ""1"": 0.0, ""2"": null, ""3"": null, ""4"": null, ""5"": null, ""6"": null, ""7"": null}","{""0"": 250, ""1"": 250}",250,1,0,0,0,0.351,ultrasonic-not-close,KEEP_PAUSED,right,left,,0
210,2026-08-02T02:27:56.448+09:00,26.081,209,7.62,0,DRIVING,,0,1,1,0,0,0,-0.193127,-0.647,2284,0,0.347936,0.347936,0,750,green,0.286,,0,unknown,0.000000,null,0.000000,0.375,,"{""0"": 250, ""1"": 250, ""2"": null, ""3"": null, ""4"": null, ""5"": null, ""6"": null, ""7"": null}","{""0"": 0.0, ""1"": 0.0, ""2"": null, ""3"": null, ""4"": null, ""5"": null, ""6"": null, ""7"": null}","{""0"": 250, ""1"": 250}",250,1,0,0,0,0.375,ultrasonic-not-close,KEEP_PAUSED,right,left,,0
211,2026-08-02T02:27:56.540+09:00,26.173,210,7.85,0,DRIVING,,0,1,1,0,0,0,-0.193127,-0.652,2284,0,0.347844,0.347844,0,750,green,0.229,,0,unknown,0.000000,null,0.000000,0.465,,"{""0"": 250, ""1"": 250, ""2"": null, ""3"": null, ""4"": null, ""5"": null, ""6"": null, ""7"": null}","{""0"": 0.0, ""1"": 0.0, ""2"": null, ""3"": null, ""4"": null, ""5"": null, ""6"": null, ""7"": null}","{""0"": 250, ""1"": 250}",250,1,0,0,0,0.465,ultrasonic-not-close,KEEP_PAUSED,right,left,,0
212,2026-08-02T02:27:56.643+09:00,26.274,211,7.98,0,DRIVING,,0,1,1,0,0,0,-0.193127,-0.687,2275,0,0.347780,0.347780,0,750,green,0.323,,0,unknown,0.000000,null,0.000000,0.288,,"{""0"": 250, ""1"": 250, ""2"": null, ""3"": null, ""4"": null, ""5"": null, ""6"": null, ""7"": null}","{""0"": 0.0, ""1"": 0.0, ""2"": null, ""3"": null, ""4"": null, ""5"": null, ""6"": null, ""7"": null}","{""0"": 250, ""1"": 250}",250,1,0,0,0,0.288,ultrasonic-not-close,KEEP_PAUSED,right,left,,0
213,2026-08-02T02:27:56.822+09:00,26.454,212,7.80,0,DRIVING,,0,1,1,0,0,0,-0.193127,-0.713,2275,0,0.347735,0.347735,0,750,green,0.331,,0,unknown,0.000000,null,0.000000,0.468,,"{""0"": 250, ""1"": 250, ""2"": null, ""3"": null, ""4"": null, ""5"": null, ""6"": null, ""7"": null}","{""0"": 0.0, ""1"": 0.0, ""2"": null, ""3"": null, ""4"": null, ""5"": null, ""6"": null, ""7"": null}","{""0"": 250, ""1"": 250}",250,1,0,0,0,0.468,ultrasonic-not-close,KEEP_PAUSED,right,left,,0
214,2026-08-02T02:27:56.913+09:00,26.545,213,7.91,0,DRIVING,,0,1,1,0,0,0,-0.193127,-0.724,2260,0,0.347703,0.347703,0,750,green,0.182,,0,unknown,0.000000,null,0.000000,0.335,,"{""0"": 250, ""1"": 250, ""2"": null, ""3"": null, ""4"": null, ""5"": null, ""6"": null, ""7"": null}","{""0"": 0.0, ""1"": 0.0, ""2"": null, ""3"": null, ""4"": null, ""5"": null, ""6"": null, ""7"": null}","{""0"": 250, ""1"": 250}",250,1,0,0,0,0.335,ultrasonic-not-close,KEEP_PAUSED,right,left,,0
215,2026-08-02T02:27:57.040+09:00,26.672,214,7.97,0,DRIVING,,0,1,1,0,0,0,-0.192832,-0.741,2275,0,0.346618,0.346618,0,750,green,0.273,,0,unknown,0.000000,null,0.000000,0.359,,"{""0"": 250, ""1"": 250, ""2"": null, ""3"": null, ""4"": null, ""5"": null, ""6"": null, ""7"": null}","{""0"": 0.0, ""1"": 0.0, ""2"": null, ""3"": null, ""4"": null, ""5"": null, ""6"": null, ""7"": null}","{""0"": 250, ""1"": 250}",250,1,0,0,0,0.359,ultrasonic-not-close,KEEP_PAUSED,right,left,,0
216,2026-08-02T02:27:57.225+09:00,26.858,215,7.79,0,DRIVING,,0,1,1,0,0,0,-0.192896,-0.745,2260,0,0.346993,0.346993,0,750,green,0.222,,0,unknown,0.000000,null,0.000000,0.543,,"{""0"": 250, ""1"": 250, ""2"": null, ""3"": null, ""4"": null, ""5"": null, ""6"": null, ""7"": null}","{""0"": 0.0, ""1"": 0.0, ""2"": null, ""3"": null, ""4"": null, ""5"": null, ""6"": null, ""7"": null}","{""0"": 250, ""1"": 250}",250,1,0,0,0,0.543,ultrasonic-not-close,KEEP_PAUSED,right,left,,0
217,2026-08-02T02:27:57.353+09:00,26.985,216,7.79,0,DRIVING,,0,1,1,0,0,0,-0.192888,-0.748,2260,0,0.347029,0.347029,0,750,green,0.316,,0,unknown,0.000000,null,0.000000,0.402,,"{""0"": 250, ""1"": 250, ""2"": null, ""3"": null, ""4"": null, ""5"": null, ""6"": null, ""7"": null}","{""0"": 0.0, ""1"": 0.0, ""2"": null, ""3"": null, ""4"": null, ""5"": null, ""6"": null, ""7"": null}","{""0"": 250, ""1"": 250}",250,1,0,0,0,0.402,ultrasonic-not-close,KEEP_PAUSED,right,left,,0
218,2026-08-02T02:27:57.482+09:00,27.113,217,7.72,0,DRIVING,,0,1,1,0,0,0,-0.193119,-0.750,2260,0,0.347912,0.347912,0,750,green,0.316,,0,unknown,0.000000,null,0.000000,0.402,,"{""0"": 250, ""1"": 250, ""2"": null, ""3"": null, ""4"": null, ""5"": null, ""6"": null, ""7"": null}","{""0"": 0.0, ""1"": 0.0, ""2"": null, ""3"": null, ""4"": null, ""5"": null, ""6"": null, ""7"": null}","{""0"": 250, ""1"": 250}",250,1,0,0,0,0.402,ultrasonic-not-close,KEEP_PAUSED,right,left,,0
219,2026-08-02T02:27:57.585+09:00,27.217,218,7.82,0,DRIVING,,0,1,1,0,0,0,-0.193127,-0.752,2260,0,0.347853,0.347853,0,750,green,0.259,,0,unknown,0.000000,null,0.000000,0.505,,"{""0"": 250, ""1"": 250, ""2"": null, ""3"": null, ""4"": null, ""5"": null, ""6"": null, ""7"": null}","{""0"": 0.0, ""1"": 0.0, ""2"": null, ""3"": null, ""4"": null, ""5"": null, ""6"": null, ""7"": null}","{""0"": 250, ""1"": 250}",250,1,0,0,0,0.505,ultrasonic-not-close,KEEP_PAUSED,right,left,,0
220,2026-08-02T02:27:57.676+09:00,27.306,219,7.82,0,DRIVING,,0,1,1,0,0,0,-0.193127,-0.753,2260,0,0.347786,0.347786,0,750,green,0.363,,0,unknown,0.000000,null,0.000000,0.284,,"{""0"": 250, ""1"": 250, ""2"": null, ""3"": null, ""4"": null, ""5"": null, ""6"": null, ""7"": null}","{""0"": 0.0, ""1"": 0.0, ""2"": null, ""3"": null, ""4"": null, ""5"": null, ""6"": null, ""7"": null}","{""0"": 250, ""1"": 250}",250,1,0,0,0,0.284,ultrasonic-not-close,KEEP_PAUSED,right,left,,0
221,2026-08-02T02:27:57.776+09:00,27.408,220,7.84,0,DRIVING,,0,1,1,0,0,0,-0.193127,-0.754,2260,0,0.347739,0.347739,0,750,green,0.328,,0,unknown,0.000000,null,0.000000,0.257,,"{""0"": 250, ""1"": 250, ""2"": null, ""3"": null, ""4"": null, ""5"": null, ""6"": null, ""7"": null}","{""0"": 0.0, ""1"": 0.0, ""2"": null, ""3"": null, ""4"": null, ""5"": null, ""6"": null, ""7"": null}","{""0"": 250, ""1"": 250}",250,1,0,0,0,0.257,ultrasonic-not-close,KEEP_PAUSED,right,left,,0
222,2026-08-02T02:27:57.938+09:00,27.571,221,7.88,0,DRIVING,,0,1,1,0,0,0,-0.193127,-0.755,2260,0,0.347706,0.347706,0,750,green,0.196,,0,unknown,0.000000,null,0.000000,0.419,,"{""0"": 250, ""1"": 250, ""2"": null, ""3"": null, ""4"": null, ""5"": null, ""6"": null, ""7"": null}","{""0"": 0.0, ""1"": 0.0, ""2"": null, ""3"": null, ""4"": null, ""5"": null, ""6"": null, ""7"": null}","{""0"": 250, ""1"": 250}",250,1,0,0,0,0.419,ultrasonic-not-close,KEEP_PAUSED,right,left,,0
223,2026-08-02T02:27:58.063+09:00,27.694,222,7.96,0,DRIVING,,0,1,1,0,0,0,-0.193127,-0.769,2270,0,0.347683,0.347683,0,749,green,0.265,,0,unknown,0.000000,null,0.000000,0.347,,"{""0"": 250, ""1"": 250, ""2"": null, ""3"": null, ""4"": null, ""5"": null, ""6"": null, ""7"": null}","{""0"": 0.0, ""1"": 0.0, ""2"": null, ""3"": null, ""4"": null, ""5"": null, ""6"": null, ""7"": null}","{""0"": 250, ""1"": 250}",250,1,0,0,0,0.347,ultrasonic-not-close,KEEP_PAUSED,right,left,,0
224,2026-08-02T02:27:58.170+09:00,27.801,223,7.91,0,DRIVING,,0,1,1,0,0,0,-0.193127,-0.766,2260,0,0.347667,0.347667,0,750,green,0.290,,0,unknown,0.000000,null,0.000000,0.355,,"{""0"": 250, ""1"": 250, ""2"": null, ""3"": null, ""4"": null, ""5"": null, ""6"": null, ""7"": null}","{""0"": 0.0, ""1"": 0.0, ""2"": null, ""3"": null, ""4"": null, ""5"": null, ""6"": null, ""7"": null}","{""0"": 250, ""1"": 250}",250,1,0,0,0,0.355,ultrasonic-not-close,KEEP_PAUSED,right,left,,0
225,2026-08-02T02:27:58.260+09:00,27.892,224,8.07,0,DRIVING,,0,1,1,0,0,0,-0.193127,-0.764,2260,0,0.347656,0.347656,0,750,green,0.397,,0,unknown,0.000000,null,0.000000,0.445,,"{""0"": 250, ""1"": 250, ""2"": null, ""3"": null, ""4"": null, ""5"": null, ""6"": null, ""7"": null}","{""0"": 0.0, ""1"": 0.0, ""2"": null, ""3"": null, ""4"": null, ""5"": null, ""6"": null, ""7"": null}","{""0"": 250, ""1"": 250}",250,1,0,0,0,0.445,ultrasonic-not-close,KEEP_PAUSED,right,left,,0
226,2026-08-02T02:27:58.359+09:00,27.991,225,8.13,0,DRIVING,,0,1,1,0,0,0,-0.193127,-0.771,2275,0,0.347648,0.347648,0,750,green,0.326,,0,unknown,0.000000,null,0.000000,0.259,,"{""0"": 250, ""1"": 250, ""2"": null, ""3"": null, ""4"": null, ""5"": null, ""6"": null, ""7"": null}","{""0"": 0.0, ""1"": 0.0, ""2"": null, ""3"": null, ""4"": null, ""5"": null, ""6"": null, ""7"": null}","{""0"": 250, ""1"": 250}",250,1,0,0,0,0.259,ultrasonic-not-close,KEEP_PAUSED,right,left,,0
227,2026-08-02T02:27:58.541+09:00,28.173,226,7.97,0,DRIVING,,0,1,1,0,0,0,-0.193127,-0.767,2260,0,0.347642,0.347642,0,750,green,0.193,,0,unknown,0.000000,null,0.000000,0.441,,"{""0"": 250, ""1"": 250, ""2"": null, ""3"": null, ""4"": null, ""5"": null, ""6"": null, ""7"": null}","{""0"": 0.0, ""1"": 0.0, ""2"": null, ""3"": null, ""4"": null, ""5"": null, ""6"": null, ""7"": null}","{""0"": 250, ""1"": 250}",250,1,0,0,0,0.441,ultrasonic-not-close,KEEP_PAUSED,right,left,,0
228,2026-08-02T02:27:58.630+09:00,28.261,227,8.08,0,DRIVING,,0,1,1,0,0,0,-0.193127,-0.765,2260,0,0.347638,0.347638,0,750,green,0.285,,0,unknown,0.000000,null,0.000000,0.331,,"{""0"": 250, ""1"": 250, ""2"": null, ""3"": null, ""4"": null, ""5"": null, ""6"": null, ""7"": null}","{""0"": 0.0, ""1"": 0.0, ""2"": null, ""3"": null, ""4"": null, ""5"": null, ""6"": null, ""7"": null}","{""0"": 250, ""1"": 250}",250,1,0,0,0,0.331,ultrasonic-not-close,KEEP_PAUSED,right,left,,0
229,2026-08-02T02:27:58.730+09:00,28.363,228,8.06,0,DRIVING,,0,1,1,0,0,0,-0.193127,-0.763,2260,0,0.347636,0.347636,0,750,green,0.274,,0,unknown,0.000000,null,0.000000,0.434,,"{""0"": 250, ""1"": 250, ""2"": null, ""3"": null, ""4"": null, ""5"": null, ""6"": null, ""7"": null}","{""0"": 0.0, ""1"": 0.0, ""2"": null, ""3"": null, ""4"": null, ""5"": null, ""6"": null, ""7"": null}","{""0"": 250, ""1"": 250}",250,1,0,0,0,0.434,ultrasonic-not-close,KEEP_PAUSED,right,left,,0
230,2026-08-02T02:27:58.817+09:00,28.449,229,8.31,0,DRIVING,,0,1,1,0,0,0,-0.193127,-0.756,2265,0,0.347634,0.347634,0,750,green,0.376,,0,unknown,0.000000,null,0.000000,0.420,,"{""0"": 250, ""1"": 250, ""2"": null, ""3"": null, ""4"": null, ""5"": null, ""6"": null, ""7"": null}","{""0"": 0.0, ""1"": 0.0, ""2"": null, ""3"": null, ""4"": null, ""5"": null, ""6"": null, ""7"": null}","{""0"": 250, ""1"": 250}",250,1,0,0,0,0.420,ultrasonic-not-close,KEEP_PAUSED,right,left,,0
231,2026-08-02T02:27:58.934+09:00,28.566,230,8.33,0,DRIVING,,0,1,1,0,0,0,-0.193127,-0.770,2270,0,0.347633,0.347633,0,750,green,0.280,,0,unknown,0.000000,null,0.000000,0.267,,"{""0"": 250, ""1"": 250, ""2"": null, ""3"": null, ""4"": null, ""5"": null, ""6"": null, ""7"": null}","{""0"": 0.0, ""1"": 0.0, ""2"": null, ""3"": null, ""4"": null, ""5"": null, ""6"": null, ""7"": null}","{""0"": 250, ""1"": 250}",250,1,0,0,0,0.267,ultrasonic-not-close,KEEP_PAUSED,right,left,,0
232,2026-08-02T02:27:59.069+09:00,28.702,231,8.24,0,DRIVING,,0,1,1,0,0,0,-0.193127,-0.776,2275,0,0.347632,0.347632,0,750,green,0.206,,0,unknown,0.000000,null,0.000000,0.401,,"{""0"": 250, ""1"": 250, ""2"": null, ""3"": null, ""4"": null, ""5"": null, ""6"": null, ""7"": null}","{""0"": 0.0, ""1"": 0.0, ""2"": null, ""3"": null, ""4"": null, ""5"": null, ""6"": null, ""7"": null}","{""0"": 250, ""1"": 250}",250,1,0,0,0,0.401,ultrasonic-not-close,KEEP_PAUSED,right,left,,0
233,2026-08-02T02:27:59.199+09:00,28.830,232,8.33,0,DRIVING,,0,1,1,0,0,0,-0.193127,-0.771,2260,0,0.347631,0.347631,0,750,green,0.256,,0,unknown,0.000000,null,0.000000,0.344,,"{""0"": 250, ""1"": 250, ""2"": null, ""3"": null, ""4"": null, ""5"": null, ""6"": null, ""7"": null}","{""0"": 0.0, ""1"": 0.0, ""2"": null, ""3"": null, ""4"": null, ""5"": null, ""6"": null, ""7"": null}","{""0"": 250, ""1"": 250}",250,1,0,0,0,0.344,ultrasonic-not-close,KEEP_PAUSED,right,left,,0
234,2026-08-02T02:27:59.299+09:00,28.931,233,8.31,0,DRIVING,,0,1,1,0,0,0,-0.193127,-0.768,2260,0,0.347631,0.347631,0,750,green,0.269,,0,unknown,0.000000,null,0.000000,0.193,,"{""0"": 250, ""1"": 250, ""2"": null, ""3"": null, ""4"": null, ""5"": null, ""6"": null, ""7"": null}","{""0"": 0.0, ""1"": 0.0, ""2"": null, ""3"": null, ""4"": null, ""5"": null, ""6"": null, ""7"": null}","{""0"": 250, ""1"": 250}",250,1,0,0,0,0.193,ultrasonic-not-close,KEEP_PAUSED,right,left,,0
235,2026-08-02T02:27:59.441+09:00,29.072,234,8.33,0,DRIVING,,0,1,1,0,0,0,-0.193127,-0.773,2275,0,0.347630,0.347630,0,750,green,0.372,,0,unknown,0.000000,null,0.000000,0.332,,"{""0"": 250, ""1"": 250, ""2"": null, ""3"": null, ""4"": null, ""5"": null, ""6"": null, ""7"": null}","{""0"": 0.0, ""1"": 0.0, ""2"": null, ""3"": null, ""4"": null, ""5"": null, ""6"": null, ""7"": null}","{""0"": 250, ""1"": 250}",250,1,0,0,0,0.332,ultrasonic-not-close,KEEP_PAUSED,right,left,,0
236,2026-08-02T02:27:59.537+09:00,29.168,235,8.31,0,DRIVING,,0,1,1,0,0,0,-0.193127,-0.769,2260,0,0.347630,0.347630,0,750,green,0.146,,0,unknown,0.000000,null,0.000000,0.300,,"{""0"": 250, ""1"": 250, ""2"": null, ""3"": null, ""4"": null, ""5"": null, ""6"": null, ""7"": null}","{""0"": 0.0, ""1"": 0.0, ""2"": null, ""3"": null, ""4"": null, ""5"": null, ""6"": null, ""7"": null}","{""0"": 250, ""1"": 250}",250,1,0,0,0,0.300,ultrasonic-not-close,KEEP_PAUSED,right,left,,0
237,2026-08-02T02:27:59.712+09:00,29.343,236,8.16,0,DRIVING,,0,1,1,0,0,0,-0.193127,-0.766,2260,0,0.347630,0.347630,0,750,green,0.242,,0,unknown,0.000000,null,0.000000,0.475,,"{""0"": 250, ""1"": 250, ""2"": null, ""3"": null, ""4"": null, ""5"": null, ""6"": null, ""7"": null}","{""0"": 0.0, ""1"": 0.0, ""2"": null, ""3"": null, ""4"": null, ""5"": null, ""6"": null, ""7"": null}","{""0"": 250, ""1"": 250}",250,1,0,0,0,0.475,ultrasonic-not-close,KEEP_PAUSED,right,left,,0
238,2026-08-02T02:27:59.861+09:00,29.491,237,8.25,0,DRIVING,,0,1,1,0,0,0,-0.193127,-0.764,2260,0,0.347630,0.347630,0,750,green,0.178,,0,unknown,0.000000,null,0.000000,0.380,,"{""0"": 250, ""1"": 250, ""2"": null, ""3"": null, ""4"": null, ""5"": null, ""6"": null, ""7"": null}","{""0"": 0.0, ""1"": 0.0, ""2"": null, ""3"": null, ""4"": null, ""5"": null, ""6"": null, ""7"": null}","{""0"": 250, ""1"": 250}",250,1,0,0,0,0.380,ultrasonic-not-close,KEEP_PAUSED,right,left,,0
239,2026-08-02T02:27:59.955+09:00,29.586,238,8.25,0,DRIVING,,0,1,1,0,0,0,-0.193127,-0.762,2260,0,0.347630,0.347630,0,750,green,0.151,,0,unknown,0.000000,null,0.000000,0.380,,"{""0"": 250, ""1"": 250, ""2"": null, ""3"": null, ""4"": null, ""5"": null, ""6"": null, ""7"": null}","{""0"": 0.0, ""1"": 0.0, ""2"": null, ""3"": null, ""4"": null, ""5"": null, ""6"": null, ""7"": null}","{""0"": 250, ""1"": 250}",250,1,0,0,0,0.380,ultrasonic-not-close,KEEP_PAUSED,right,left,,0
240,2026-08-02T02:28:00.080+09:00,29.711,239,8.27,0,DRIVING,,0,1,1,0,0,0,-0.193127,-0.761,2260,0,0.347630,0.347630,0,750,green,0.247,,0,unknown,0.000000,null,0.000000,0.503,,"{""0"": 250, ""1"": 250, ""2"": null, ""3"": null, ""4"": null, ""5"": null, ""6"": null, ""7"": null}","{""0"": 0.0, ""1"": 0.0, ""2"": null, ""3"": null, ""4"": null, ""5"": null, ""6"": null, ""7"": null}","{""0"": 250, ""1"": 250}",250,1,0,0,0,0.503,ultrasonic-not-close,KEEP_PAUSED,right,left,,0
241,2026-08-02T02:28:00.166+09:00,29.798,240,8.27,0,DRIVING,,0,1,1,0,0,0,-0.193127,-0.760,2260,0,0.347630,0.347630,0,750,green,0.129,,0,unknown,0.000000,null,0.000000,0.268,,"{""0"": 250, ""1"": 250, ""2"": null, ""3"": null, ""4"": null, ""5"": null, ""6"": null, ""7"": null}","{""0"": 0.0, ""1"": 0.0, ""2"": null, ""3"": null, ""4"": null, ""5"": null, ""6"": null, ""7"": null}","{""0"": 250, ""1"": 250}",250,1,0,0,0,0.268,ultrasonic-not-close,KEEP_PAUSED,right,left,,0
242,2026-08-02T02:28:00.316+09:00,29.949,241,8.17,0,DRIVING,,0,1,1,0,0,0,-0.193127,-0.759,2260,0,0.347630,0.347630,0,750,green,0.220,,0,unknown,0.000000,null,0.000000,0.418,,"{""0"": 250, ""1"": 250, ""2"": null, ""3"": null, ""4"": null, ""5"": null, ""6"": null, ""7"": null}","{""0"": 0.0, ""1"": 0.0, ""2"": null, ""3"": null, ""4"": null, ""5"": null, ""6"": null, ""7"": null}","{""0"": 250, ""1"": 250}",250,1,0,0,0,0.418,ultrasonic-not-close,KEEP_PAUSED,right,left,,0
243,2026-08-02T02:28:00.408+09:00,30.039,242,8.37,0,DRIVING,,0,1,1,0,0,0,-0.193127,-0.759,2260,0,0.347630,0.347630,0,750,green,0.240,,0,unknown,0.000000,null,0.000000,0.414,,"{""0"": 250, ""1"": 250, ""2"": null, ""3"": null, ""4"": null, ""5"": null, ""6"": null, ""7"": null}","{""0"": 0.0, ""1"": 0.0, ""2"": null, ""3"": null, ""4"": null, ""5"": null, ""6"": null, ""7"": null}","{""0"": 250, ""1"": 250}",250,1,0,0,0,0.414,ultrasonic-not-close,KEEP_PAUSED,right,left,,0
244,2026-08-02T02:28:00.547+09:00,30.179,243,8.26,0,DRIVING,,0,1,1,0,0,0,-0.193127,-0.758,2260,0,0.347630,0.347630,0,750,green,0.243,,0,unknown,0.000000,null,0.000000,0.339,,"{""0"": 250, ""1"": 250, ""2"": null, ""3"": null, ""4"": null, ""5"": null, ""6"": null, ""7"": null}","{""0"": 0.0, ""1"": 0.0, ""2"": null, ""3"": null, ""4"": null, ""5"": null, ""6"": null, ""7"": null}","{""0"": 250, ""1"": 250}",250,1,0,0,0,0.339,ultrasonic-not-close,KEEP_PAUSED,right,left,,0
245,2026-08-02T02:28:00.752+09:00,30.384,244,8.08,0,DRIVING,,0,1,1,0,0,0,-0.193127,-0.758,2260,0,0.347630,0.347630,0,750,green,0.234,,0,unknown,0.000000,null,0.000000,0.544,,"{""0"": 250, ""1"": 250, ""2"": null, ""3"": null, ""4"": null, ""5"": null, ""6"": null, ""7"": null}","{""0"": 0.0, ""1"": 0.0, ""2"": null, ""3"": null, ""4"": null, ""5"": null, ""6"": null, ""7"": null}","{""0"": 250, ""1"": 250}",250,1,0,0,0,0.544,ultrasonic-not-close,KEEP_PAUSED,right,left,,0
246,2026-08-02T02:28:00.841+09:00,30.473,245,8.30,0,DRIVING,,0,1,1,0,0,0,-0.193127,-0.758,2260,0,0.347630,0.347630,0,750,green,0.349,,0,unknown,0.000000,null,0.000000,0.395,,"{""0"": 250, ""1"": 250, ""2"": null, ""3"": null, ""4"": null, ""5"": null, ""6"": null, ""7"": null}","{""0"": 0.0, ""1"": 0.0, ""2"": null, ""3"": null, ""4"": null, ""5"": null, ""6"": null, ""7"": null}","{""0"": 250, ""1"": 250}",250,1,0,0,0,0.395,ultrasonic-not-close,KEEP_PAUSED,right,left,,0
247,2026-08-02T02:28:00.941+09:00,30.574,246,8.36,0,DRIVING,,0,1,1,0,0,0,-0.193127,-0.758,2260,0,0.347629,0.347629,0,750,green,0.298,,0,unknown,0.000000,null,0.000000,0.496,,"{""0"": 250, ""1"": 250, ""2"": null, ""3"": null, ""4"": null, ""5"": null, ""6"": null, ""7"": null}","{""0"": 0.0, ""1"": 0.0, ""2"": null, ""3"": null, ""4"": null, ""5"": null, ""6"": null, ""7"": null}","{""0"": 250, ""1"": 250}",250,1,0,0,0,0.496,ultrasonic-not-close,KEEP_PAUSED,right,left,,0
248,2026-08-02T02:28:01.027+09:00,30.659,247,8.46,0,DRIVING,,0,1,1,0,0,0,-0.193127,-0.752,2265,0,0.347629,0.347629,0,750,green,0.400,,0,unknown,0.000000,null,0.000000,0.443,,"{""0"": 250, ""1"": 250, ""2"": null, ""3"": null, ""4"": null, ""5"": null, ""6"": null, ""7"": null}","{""0"": 0.0, ""1"": 0.0, ""2"": null, ""3"": null, ""4"": null, ""5"": null, ""6"": null, ""7"": null}","{""0"": 250, ""1"": 250}",250,1,0,0,0,0.443,ultrasonic-not-close,KEEP_PAUSED,right,left,,0
249,2026-08-02T02:28:01.176+09:00,30.808,248,8.35,0,DRIVING,,0,1,1,0,0,0,-0.193127,-0.754,2260,0,0.347629,0.347629,0,750,green,0.280,,0,unknown,0.000000,null,0.000000,0.297,,"{""0"": 250, ""1"": 250, ""2"": null, ""3"": null, ""4"": null, ""5"": null, ""6"": null, ""7"": null}","{""0"": 0.0, ""1"": 0.0, ""2"": null, ""3"": null, ""4"": null, ""5"": null, ""6"": null, ""7"": null}","{""0"": 250, ""1"": 250}",250,1,0,0,0,0.297,ultrasonic-not-close,KEEP_PAUSED,right,left,,0
250,2026-08-02T02:28:01.276+09:00,30.908,249,8.33,0,DRIVING,,0,1,1,0,0,0,-0.193127,-0.755,2260,0,0.347629,0.347629,0,750,green,0.237,,0,unknown,0.000000,null,0.000000,0.398,,"{""0"": 250, ""1"": 250, ""2"": null, ""3"": null, ""4"": null, ""5"": null, ""6"": null, ""7"": null}","{""0"": 0.0, ""1"": 0.0, ""2"": null, ""3"": null, ""4"": null, ""5"": null, ""6"": null, ""7"": null}","{""0"": 250, ""1"": 250}",250,1,0,0,0,0.398,ultrasonic-not-close,KEEP_PAUSED,right,left,,0
251,2026-08-02T02:28:01.372+09:00,31.004,250,8.34,0,DRIVING,,0,1,1,0,0,0,-0.193127,-0.755,2260,0,0.347629,0.347629,0,750,green,0.253,,0,unknown,0.000000,null,0.000000,0.307,,"{""0"": 250, ""1"": 250, ""2"": null, ""3"": null, ""4"": null, ""5"": null, ""6"": null, ""7"": null}","{""0"": 0.0, ""1"": 0.0, ""2"": null, ""3"": null, ""4"": null, ""5"": null, ""6"": null, ""7"": null}","{""0"": 250, ""1"": 250}",250,1,0,0,0,0.307,ultrasonic-not-close,KEEP_PAUSED,right,left,,0
252,2026-08-02T02:28:01.553+09:00,31.173,251,8.33,0,DRIVING,,0,1,1,0,0,0,-0.193127,-0.756,2260,0,0.347629,0.347629,0,750,green,0.200,,0,unknown,0.000000,null,0.000000,0.476,,"{""0"": 250, ""1"": 250, ""2"": null, ""3"": null, ""4"": null, ""5"": null, ""6"": null, ""7"": null}","{""0"": 0.0, ""1"": 0.0, ""2"": null, ""3"": null, ""4"": null, ""5"": null, ""6"": null, ""7"": null}","{""0"": 250, ""1"": 250}",250,1,0,0,0,0.476,ultrasonic-not-close,KEEP_PAUSED,right,left,,0
253,2026-08-02T02:28:01.646+09:00,31.277,252,8.37,0,DRIVING,,0,1,1,0,0,0,-0.193127,-0.756,2260,0,0.347629,0.347629,0,750,green,0.281,,0,unknown,0.000000,null,0.000000,0.332,,"{""0"": 250, ""1"": 250, ""2"": null, ""3"": null, ""4"": null, ""5"": null, ""6"": null, ""7"": null}","{""0"": 0.0, ""1"": 0.0, ""2"": null, ""3"": null, ""4"": null, ""5"": null, ""6"": null, ""7"": null}","{""0"": 250, ""1"": 250}",250,1,0,0,0,0.332,ultrasonic-not-close,KEEP_PAUSED,right,left,,0
254,2026-08-02T02:28:01.826+09:00,31.458,253,8.21,0,DRIVING,,0,1,1,0,0,0,-0.193127,-0.756,2260,0,0.347629,0.347629,0,750,green,0.378,,0,unknown,0.000000,null,0.000000,0.512,,"{""0"": 250, ""1"": 250, ""2"": null, ""3"": null, ""4"": null, ""5"": null, ""6"": null, ""7"": null}","{""0"": 0.0, ""1"": 0.0, ""2"": null, ""3"": null, ""4"": null, ""5"": null, ""6"": null, ""7"": null}","{""0"": 250, ""1"": 250}",250,1,0,0,0,0.512,ultrasonic-not-close,KEEP_PAUSED,right,left,,0
255,2026-08-02T02:28:01.919+09:00,31.551,254,8.20,0,DRIVING,,0,1,1,0,0,0,-0.193127,-0.757,2260,0,0.347629,0.347629,0,750,green,0.456,,0,unknown,0.000000,null,0.000000,0.329,,"{""0"": 250, ""1"": 250, ""2"": null, ""3"": null, ""4"": null, ""5"": null, ""6"": null, ""7"": null}","{""0"": 0.0, ""1"": 0.0, ""2"": null, ""3"": null, ""4"": null, ""5"": null, ""6"": null, ""7"": null}","{""0"": 250, ""1"": 250}",250,1,0,0,0,0.329,ultrasonic-not-close,KEEP_PAUSED,right,left,,0
256,2026-08-02T02:28:02.057+09:00,31.688,255,8.12,0,DRIVING,,0,1,1,0,0,0,-0.193127,-0.757,2260,0,0.347629,0.347629,0,750,green,0.277,,0,unknown,0.000000,null,0.000000,0.465,,"{""0"": 250, ""1"": 250, ""2"": null, ""3"": null, ""4"": null, ""5"": null, ""6"": null, ""7"": null}","{""0"": 0.0, ""1"": 0.0, ""2"": null, ""3"": null, ""4"": null, ""5"": null, ""6"": null, ""7"": null}","{""0"": 250, ""1"": 250}",250,1,0,0,0,0.465,ultrasonic-not-close,KEEP_PAUSED,right,left,,0
257,2026-08-02T02:28:02.246+09:00,31.877,256,8.10,0,DRIVING,,0,1,1,0,0,0,-0.193127,-0.757,2260,0,0.347629,0.347629,0,750,green,0.236,,0,unknown,0.000000,null,0.000000,0.558,,"{""0"": 250, ""1"": 250, ""2"": null, ""3"": null, ""4"": null, ""5"": null, ""6"": null, ""7"": null}","{""0"": 0.0, ""1"": 0.0, ""2"": null, ""3"": null, ""4"": null, ""5"": null, ""6"": null, ""7"": null}","{""0"": 250, ""1"": 250}",250,1,0,0,0,0.558,ultrasonic-not-close,KEEP_PAUSED,right,left,,0
258,2026-08-02T02:28:02.339+09:00,31.970,257,8.09,0,DRIVING,,0,1,1,0,0,0,-0.193127,-0.752,2265,0,0.347629,0.347629,0,750,green,0.330,,0,unknown,0.000000,null,0.000000,0.381,,"{""0"": 250, ""1"": 250, ""2"": null, ""3"": null, ""4"": null, ""5"": null, ""6"": null, ""7"": null}","{""0"": 0.0, ""1"": 0.0, ""2"": null, ""3"": null, ""4"": null, ""5"": null, ""6"": null, ""7"": null}","{""0"": 250, ""1"": 250}",250,1,0,0,0,0.381,ultrasonic-not-close,KEEP_PAUSED,right,left,,0
259,2026-08-02T02:28:02.445+09:00,32.076,258,8.08,0,DRIVING,,0,1,1,0,0,0,-0.193127,-0.753,2260,0,0.347629,0.347629,0,750,green,0.285,,0,unknown,0.000000,null,0.000000,0.350,,"{""0"": 250, ""1"": 250, ""2"": null, ""3"": null, ""4"": null, ""5"": null, ""6"": null, ""7"": null}","{""0"": 0.0, ""1"": 0.0, ""2"": null, ""3"": null, ""4"": null, ""5"": null, ""6"": null, ""7"": null}","{""0"": 250, ""1"": 250}",250,1,0,0,0,0.350,ultrasonic-not-close,KEEP_PAUSED,right,left,,0
260,2026-08-02T02:28:02.530+09:00,32.162,259,8.08,0,DRIVING,,0,1,1,0,0,0,-0.193127,-0.754,2260,0,0.347629,0.347629,0,750,green,0.391,,0,unknown,0.000000,null,0.000000,0.435,,"{""0"": 250, ""1"": 250, ""2"": null, ""3"": null, ""4"": null, ""5"": null, ""6"": null, ""7"": null}","{""0"": 0.0, ""1"": 0.0, ""2"": null, ""3"": null, ""4"": null, ""5"": null, ""6"": null, ""7"": null}","{""0"": 250, ""1"": 250}",250,1,0,0,0,0.435,ultrasonic-not-close,KEEP_PAUSED,right,left,,0
261,2026-08-02T02:28:02.644+09:00,32.276,260,8.09,0,DRIVING,,0,1,1,0,0,0,-0.193127,-0.755,2260,0,0.347629,0.347629,0,750,green,0.288,,0,unknown,0.000000,null,0.000000,0.269,,"{""0"": 250, ""1"": 250, ""2"": null, ""3"": null, ""4"": null, ""5"": null, ""6"": null, ""7"": null}","{""0"": 0.0, ""1"": 0.0, ""2"": null, ""3"": null, ""4"": null, ""5"": null, ""6"": null, ""7"": null}","{""0"": 250, ""1"": 250}",250,1,0,0,0,0.269,ultrasonic-not-close,KEEP_PAUSED,right,left,,0
262,2026-08-02T02:28:02.752+09:00,32.384,261,8.14,0,DRIVING,,0,1,1,0,0,0,-0.193127,-0.756,2260,0,0.347629,0.347629,0,750,green,0.204,,0,unknown,0.000000,null,0.000000,0.376,,"{""0"": 250, ""1"": 250, ""2"": null, ""3"": null, ""4"": null, ""5"": null, ""6"": null, ""7"": null}","{""0"": 0.0, ""1"": 0.0, ""2"": null, ""3"": null, ""4"": null, ""5"": null, ""6"": null, ""7"": null}","{""0"": 250, ""1"": 250}",250,1,0,0,0,0.376,ultrasonic-not-close,KEEP_PAUSED,right,left,,0
263,2026-08-02T02:28:02.911+09:00,32.543,262,8.08,0,DRIVING,,0,1,1,0,0,0,-0.193127,-0.756,2260,0,0.347629,0.347629,0,750,green,0.225,,0,unknown,0.000000,null,0.000000,0.345,,"{""0"": 250, ""1"": 250, ""2"": null, ""3"": null, ""4"": null, ""5"": null, ""6"": null, ""7"": null}","{""0"": 0.0, ""1"": 0.0, ""2"": null, ""3"": null, ""4"": null, ""5"": null, ""6"": null, ""7"": null}","{""0"": 250, ""1"": 250}",250,1,0,0,0,0.345,ultrasonic-not-close,KEEP_PAUSED,right,left,,0
264,2026-08-02T02:28:03.000+09:00,32.633,263,8.11,0,DRIVING,,0,1,1,0,0,0,-0.193127,-0.756,2260,0,0.347629,0.347629,0,750,green,0.273,,0,unknown,0.000000,null,0.000000,0.319,,"{""0"": 250, ""1"": 250, ""2"": null, ""3"": null, ""4"": null, ""5"": null, ""6"": null, ""7"": null}","{""0"": 0.0, ""1"": 0.0, ""2"": null, ""3"": null, ""4"": null, ""5"": null, ""6"": null, ""7"": null}","{""0"": 250, ""1"": 250}",250,1,0,0,0,0.319,ultrasonic-not-close,KEEP_PAUSED,right,left,,0
265,2026-08-02T02:28:03.104+09:00,32.736,264,8.19,0,DRIVING,,0,1,1,0,0,0,-0.192896,-0.757,2260,0,0.346798,0.346798,0,750,green,0.256,,0,unknown,0.000000,null,0.000000,0.422,,"{""0"": 250, ""1"": 250, ""2"": null, ""3"": null, ""4"": null, ""5"": null, ""6"": null, ""7"": null}","{""0"": 0.0, ""1"": 0.0, ""2"": null, ""3"": null, ""4"": null, ""5"": null, ""6"": null, ""7"": null}","{""0"": 250, ""1"": 250}",250,1,0,0,0,0.422,ultrasonic-not-close,KEEP_PAUSED,right,left,,0
266,2026-08-02T02:28:03.191+09:00,32.823,265,8.21,0,DRIVING,,0,1,1,0,0,0,-0.193119,-0.757,2260,0,0.347724,0.347724,0,750,green,0.357,,0,unknown,0.000000,null,0.000000,0.243,,"{""0"": 250, ""1"": 250, ""2"": null, ""3"": null, ""4"": null, ""5"": null, ""6"": null, ""7"": null}","{""0"": 0.0, ""1"": 0.0, ""2"": null, ""3"": null, ""4"": null, ""5"": null, ""6"": null, ""7"": null}","{""0"": 250, ""1"": 250}",250,1,0,0,0,0.243,ultrasonic-not-close,KEEP_PAUSED,right,left,,0
267,2026-08-02T02:28:03.367+09:00,32.999,266,8.21,0,DRIVING,,0,1,1,0,0,0,-0.193127,-0.757,2260,0,0.347721,0.347721,0,750,green,0.289,,0,unknown,0.000000,null,0.000000,0.326,,"{""0"": 250, ""1"": 250, ""2"": null, ""3"": null, ""4"": null, ""5"": null, ""6"": null, ""7"": null}","{""0"": 0.0, ""1"": 0.0, ""2"": null, ""3"": null, ""4"": null, ""5"": null, ""6"": null, ""7"": null}","{""0"": 250, ""1"": 250}",250,1,0,0,0,0.326,ultrasonic-not-close,KEEP_PAUSED,right,left,,0
268,2026-08-02T02:28:03.495+09:00,33.127,267,8.25,0,DRIVING,,0,1,1,0,0,0,-0.193127,-0.757,2260,0,0.347694,0.347694,0,750,green,0.266,,0,unknown,0.000000,null,0.000000,0.452,,"{""0"": 250, ""1"": 250, ""2"": null, ""3"": null, ""4"": null, ""5"": null, ""6"": null, ""7"": null}","{""0"": 0.0, ""1"": 0.0, ""2"": null, ""3"": null, ""4"": null, ""5"": null, ""6"": null, ""7"": null}","{""0"": 250, ""1"": 250}",250,1,0,0,0,0.452,ultrasonic-not-close,KEEP_PAUSED,right,left,,0
269,2026-08-02T02:28:03.581+09:00,33.215,268,8.27,0,DRIVING,,0,1,1,0,0,0,-0.193127,-0.757,2260,0,0.347675,0.347675,0,750,green,0.131,,0,unknown,0.000000,null,0.000000,0.347,,"{""0"": 250, ""1"": 250, ""2"": null, ""3"": null, ""4"": null, ""5"": null, ""6"": null, ""7"": null}","{""0"": 0.0, ""1"": 0.0, ""2"": null, ""3"": null, ""4"": null, ""5"": null, ""6"": null, ""7"": null}","{""0"": 250, ""1"": 250}",250,1,0,0,0,0.347,ultrasonic-not-close,KEEP_PAUSED,right,left,,0
270,2026-08-02T02:28:03.770+09:00,33.401,269,8.13,0,DRIVING,,0,1,1,0,0,0,-0.193127,-0.757,2260,0,0.347661,0.347661,0,750,green,0.220,,0,unknown,0.000000,null,0.000000,0.364,,"{""0"": 250, ""1"": 250, ""2"": null, ""3"": null, ""4"": null, ""5"": null, ""6"": null, ""7"": null}","{""0"": 0.0, ""1"": 0.0, ""2"": null, ""3"": null, ""4"": null, ""5"": null, ""6"": null, ""7"": null}","{""0"": 250, ""1"": 250}",250,1,0,0,0,0.364,ultrasonic-not-close,KEEP_PAUSED,right,left,,0
271,2026-08-02T02:28:03.941+09:00,33.573,270,7.95,0,DRIVING,,0,1,1,0,0,0,-0.193127,-0.757,2260,0,0.347652,0.347652,0,750,green,0.189,,0,unknown,0.000000,null,0.000000,0.536,,"{""0"": 250, ""1"": 250, ""2"": null, ""3"": null, ""4"": null, ""5"": null, ""6"": null, ""7"": null}","{""0"": 0.0, ""1"": 0.0, ""2"": null, ""3"": null, ""4"": null, ""5"": null, ""6"": null, ""7"": null}","{""0"": 250, ""1"": 250}",250,1,0,0,0,0.536,ultrasonic-not-close,KEEP_PAUSED,right,left,,0
272,2026-08-02T02:28:04.038+09:00,33.671,271,8.06,0,DRIVING,,0,1,1,0,0,0,-0.193127,-0.757,2260,0,0.347645,0.347645,0,750,green,0.361,,0,unknown,0.000000,null,0.000000,0.417,,"{""0"": 250, ""1"": 250, ""2"": null, ""3"": null, ""4"": null, ""5"": null, ""6"": null, ""7"": null}","{""0"": 0.0, ""1"": 0.0, ""2"": null, ""3"": null, ""4"": null, ""5"": null, ""6"": null, ""7"": null}","{""0"": 250, ""1"": 250}",250,1,0,0,0,0.417,ultrasonic-not-close,KEEP_PAUSED,right,left,,0
273,2026-08-02T02:28:04.140+09:00,33.772,272,8.04,0,DRIVING,,0,1,1,0,0,0,-0.193127,-0.757,2260,0,0.347640,0.347640,0,750,green,0.274,,0,unknown,0.000000,null,0.000000,0.517,,"{""0"": 250, ""1"": 101, ""2"": null, ""3"": null, ""4"": null, ""5"": null, ""6"": null, ""7"": null}","{""0"": 0.0, ""1"": 0.0, ""2"": null, ""3"": null, ""4"": null, ""5"": null, ""6"": null, ""7"": null}","{""0"": 250, ""1"": 101}",101,1,1,0,0,0.517,car-not-detected-or-stale,KEEP_PAUSED,right,left,,0
274,2026-08-02T02:28:04.229+09:00,33.861,273,8.15,0,DRIVING,,0,1,1,0,0,0,-0.193127,-0.757,2260,0,0.347637,0.347637,0,750,green,0.204,,0,unknown,0.000000,null,0.000000,0.250,,"{""0"": 250, ""1"": 250, ""2"": null, ""3"": null, ""4"": null, ""5"": null, ""6"": null, ""7"": null}","{""0"": 0.0, ""1"": 0.0, ""2"": null, ""3"": null, ""4"": null, ""5"": null, ""6"": null, ""7"": null}","{""0"": 250, ""1"": 250}",250,1,0,0,0,0.250,ultrasonic-not-close,KEEP_PAUSED,right,left,,0
275,2026-08-02T02:28:04.374+09:00,34.005,274,8.28,0,DRIVING,,0,1,1,0,0,0,-0.193127,-0.757,2260,0,0.347635,0.347635,0,750,green,0.192,,0,unknown,0.000000,null,0.000000,0.395,,"{""0"": 250, ""1"": 250, ""2"": null, ""3"": null, ""4"": null, ""5"": null, ""6"": null, ""7"": null}","{""0"": 0.0, ""1"": 0.0, ""2"": null, ""3"": null, ""4"": null, ""5"": null, ""6"": null, ""7"": null}","{""0"": 250, ""1"": 250}",250,1,0,0,0,0.395,ultrasonic-not-close,KEEP_PAUSED,right,left,,0
276,2026-08-02T02:28:04.537+09:00,34.169,275,8.11,0,DRIVING,,0,1,1,0,0,0,-0.193127,-0.757,2260,0,0.347633,0.347633,0,750,green,0.237,,0,unknown,0.000000,null,0.000000,0.360,,"{""0"": 250, ""1"": 250, ""2"": null, ""3"": null, ""4"": null, ""5"": null, ""6"": null, ""7"": null}","{""0"": 0.0, ""1"": 0.0, ""2"": null, ""3"": null, ""4"": null, ""5"": null, ""6"": null, ""7"": null}","{""0"": 250, ""1"": 250}",250,1,0,0,0,0.360,ultrasonic-not-close,KEEP_PAUSED,right,left,,0
277,2026-08-02T02:28:04.652+09:00,34.283,276,8.08,0,DRIVING,,0,1,1,0,0,0,-0.193127,-0.757,2260,0,0.347632,0.347632,0,750,green,0.313,,0,unknown,0.000000,null,0.000000,0.386,,"{""0"": 250, ""1"": 250, ""2"": null, ""3"": null, ""4"": null, ""5"": null, ""6"": null, ""7"": null}","{""0"": 0.0, ""1"": 0.0, ""2"": null, ""3"": null, ""4"": null, ""5"": null, ""6"": null, ""7"": null}","{""0"": 250, ""1"": 250}",250,1,0,0,0,0.386,ultrasonic-not-close,KEEP_PAUSED,right,left,,0
278,2026-08-02T02:28:04.750+09:00,34.382,277,8.06,0,DRIVING,,0,1,1,0,0,0,-0.193127,-0.752,2265,0,0.347631,0.347631,0,750,green,0.428,,0,unknown,0.000000,null,0.000000,0.484,,"{""0"": 250, ""1"": 250, ""2"": null, ""3"": null, ""4"": null, ""5"": null, ""6"": null, ""7"": null}","{""0"": 0.0, ""1"": 0.0, ""2"": null, ""3"": null, ""4"": null, ""5"": null, ""6"": null, ""7"": null}","{""0"": 250, ""1"": 250}",250,1,0,0,0,0.484,ultrasonic-not-close,KEEP_PAUSED,right,left,,0
279,2026-08-02T02:28:04.934+09:00,34.567,278,7.98,0,DRIVING,,0,1,1,0,0,0,-0.193127,-0.753,2260,0,0.347631,0.347631,0,750,green,0.381,,0,unknown,0.000000,null,0.000000,0.360,,"{""0"": 250, ""1"": 250, ""2"": null, ""3"": null, ""4"": null, ""5"": null, ""6"": null, ""7"": null}","{""0"": 0.0, ""1"": 0.0, ""2"": null, ""3"": null, ""4"": null, ""5"": null, ""6"": null, ""7"": null}","{""0"": 250, ""1"": 250}",250,1,0,0,0,0.360,ultrasonic-not-close,KEEP_PAUSED,right,left,,0
280,2026-08-02T02:28:05.098+09:00,34.730,279,7.85,0,DRIVING,,0,1,1,0,0,0,-0.193127,-0.754,2260,0,0.347630,0.347630,0,750,green,0.287,,0,unknown,0.000000,null,0.000000,0.408,,"{""0"": 250, ""1"": 250, ""2"": null, ""3"": null, ""4"": null, ""5"": null, ""6"": null, ""7"": null}","{""0"": 0.0, ""1"": 0.0, ""2"": null, ""3"": null, ""4"": null, ""5"": null, ""6"": null, ""7"": null}","{""0"": 250, ""1"": 250}",250,1,0,0,0,0.408,ultrasonic-not-close,KEEP_PAUSED,right,left,,0
281,2026-08-02T02:28:05.194+09:00,34.826,280,7.85,0,DRIVING,,0,1,1,0,0,0,-0.193127,-0.750,2265,0,0.347630,0.347630,0,750,green,0.167,,0,unknown,0.000000,null,0.000000,0.219,,"{""0"": 250, ""1"": 250, ""2"": null, ""3"": null, ""4"": null, ""5"": null, ""6"": null, ""7"": null}","{""0"": 0.0, ""1"": 0.0, ""2"": null, ""3"": null, ""4"": null, ""5"": null, ""6"": null, ""7"": null}","{""0"": 250, ""1"": 250}",250,1,0,0,0,0.219,ultrasonic-not-close,KEEP_PAUSED,right,left,,0
282,2026-08-02T02:28:05.303+09:00,34.937,281,7.98,0,DRIVING,,0,1,1,0,0,0,-0.193127,-0.752,2260,0,0.347630,0.347630,0,750,green,0.263,,0,unknown,0.000000,null,0.000000,0.331,,"{""0"": 250, ""1"": 250, ""2"": null, ""3"": null, ""4"": null, ""5"": null, ""6"": null, ""7"": null}","{""0"": 0.0, ""1"": 0.0, ""2"": null, ""3"": null, ""4"": null, ""5"": null, ""6"": null, ""7"": null}","{""0"": 250, ""1"": 250}",250,1,0,0,0,0.331,ultrasonic-not-close,KEEP_PAUSED,right,left,,0
283,2026-08-02T02:28:05.437+09:00,35.067,282,7.92,0,DRIVING,,0,1,1,0,0,0,-0.193127,-0.753,2260,0,0.347630,0.347630,0,750,green,0.209,,0,unknown,0.000000,null,0.000000,0.299,,"{""0"": 250, ""1"": 250, ""2"": null, ""3"": null, ""4"": null, ""5"": null, ""6"": null, ""7"": null}","{""0"": 0.0, ""1"": 0.0, ""2"": null, ""3"": null, ""4"": null, ""5"": null, ""6"": null, ""7"": null}","{""0"": 250, ""1"": 250}",250,1,0,0,0,0.299,ultrasonic-not-close,KEEP_PAUSED,right,left,,0
284,2026-08-02T02:28:05.535+09:00,35.166,283,8.09,0,DRIVING,,0,1,1,0,0,0,-0.193127,-0.754,2260,0,0.347630,0.347630,0,750,green,0.247,,0,unknown,0.000000,null,0.000000,0.303,,"{""0"": 250, ""1"": 250, ""2"": null, ""3"": null, ""4"": null, ""5"": null, ""6"": null, ""7"": null}","{""0"": 0.0, ""1"": 0.0, ""2"": null, ""3"": null, ""4"": null, ""5"": null, ""6"": null, ""7"": null}","{""0"": 250, ""1"": 250}",250,1,0,0,0,0.303,ultrasonic-not-close,KEEP_PAUSED,right,left,,0
285,2026-08-02T02:28:05.713+09:00,35.346,284,7.90,0,DRIVING,,0,1,1,0,0,0,-0.193127,-0.755,2260,0,0.347630,0.347630,0,749,green,0.238,,0,unknown,0.000000,null,0.000000,0.483,,"{""0"": 250, ""1"": 250, ""2"": null, ""3"": null, ""4"": null, ""5"": null, ""6"": null, ""7"": null}","{""0"": 0.0, ""1"": 0.0, ""2"": null, ""3"": null, ""4"": null, ""5"": null, ""6"": null, ""7"": null}","{""0"": 250, ""1"": 250}",250,1,0,0,0,0.483,ultrasonic-not-close,KEEP_PAUSED,right,left,,0
286,2026-08-02T02:28:05.809+09:00,35.440,285,8.00,0,DRIVING,,0,1,1,0,0,0,-0.193127,-0.756,2260,0,0.347630,0.347630,0,750,green,0.280,,0,unknown,0.000000,null,0.000000,0.333,,"{""0"": 250, ""1"": 250, ""2"": null, ""3"": null, ""4"": null, ""5"": null, ""6"": null, ""7"": null}","{""0"": 0.0, ""1"": 0.0, ""2"": null, ""3"": null, ""4"": null, ""5"": null, ""6"": null, ""7"": null}","{""0"": 250, ""1"": 250}",250,1,0,0,0,0.333,ultrasonic-not-close,KEEP_PAUSED,right,left,,0
287,2026-08-02T02:28:05.908+09:00,35.540,286,8.19,0,DRIVING,,0,1,1,0,0,0,-0.193127,-0.756,2260,0,0.347630,0.347630,0,749,green,0.275,,0,unknown,0.000000,null,0.000000,0.332,,"{""0"": 250, ""1"": 250, ""2"": null, ""3"": null, ""4"": null, ""5"": null, ""6"": null, ""7"": null}","{""0"": 0.0, ""1"": 0.0, ""2"": null, ""3"": null, ""4"": null, ""5"": null, ""6"": null, ""7"": null}","{""0"": 250, ""1"": 250}",250,1,0,0,0,0.332,ultrasonic-not-close,KEEP_PAUSED,right,left,,0
288,2026-08-02T02:28:06.046+09:00,35.678,287,8.09,0,DRIVING,,0,1,1,0,0,0,-0.193127,-0.756,2260,0,0.347630,0.347630,0,750,green,0.199,,0,unknown,0.000000,null,0.000000,0.469,,"{""0"": 250, ""1"": 250, ""2"": null, ""3"": null, ""4"": null, ""5"": null, ""6"": null, ""7"": null}","{""0"": 0.0, ""1"": 0.0, ""2"": null, ""3"": null, ""4"": null, ""5"": null, ""6"": null, ""7"": null}","{""0"": 250, ""1"": 250}",250,1,0,0,0,0.469,ultrasonic-not-close,KEEP_PAUSED,right,left,,0
289,2026-08-02T02:28:06.138+09:00,35.770,288,8.12,0,DRIVING,,0,1,1,0,0,0,-0.193127,-0.757,2260,0,0.347630,0.347630,0,749,green,0.241,,0,unknown,0.000000,null,0.000000,0.292,,"{""0"": 250, ""1"": 250, ""2"": null, ""3"": null, ""4"": null, ""5"": null, ""6"": null, ""7"": null}","{""0"": 0.0, ""1"": 0.0, ""2"": null, ""3"": null, ""4"": null, ""5"": null, ""6"": null, ""7"": null}","{""0"": 250, ""1"": 250}",250,1,0,0,0,0.292,ultrasonic-not-close,KEEP_PAUSED,right,left,,0
290,2026-08-02T02:28:06.298+09:00,35.930,289,7.96,0,DRIVING,,0,1,1,0,0,0,-0.193127,-0.757,2260,0,0.347630,0.347630,0,750,green,0.333,,0,unknown,0.000000,null,0.000000,0.452,,"{""0"": 250, ""1"": 250, ""2"": null, ""3"": null, ""4"": null, ""5"": null, ""6"": null, ""7"": null}","{""0"": 0.0, ""1"": 0.0, ""2"": null, ""3"": null, ""4"": null, ""5"": null, ""6"": null, ""7"": null}","{""0"": 250, ""1"": 250}",250,1,0,0,0,0.452,ultrasonic-not-close,KEEP_PAUSED,right,left,,0
291,2026-08-02T02:28:06.390+09:00,36.022,290,8.01,0,DRIVING,,0,1,1,0,0,0,-0.193127,-0.757,2260,0,0.347630,0.347630,0,750,green,0.163,,0,unknown,0.000000,null,0.000000,0.306,,"{""0"": 250, ""1"": 184, ""2"": null, ""3"": null, ""4"": null, ""5"": null, ""6"": null, ""7"": null}","{""0"": 0.0, ""1"": 0.0, ""2"": null, ""3"": null, ""4"": null, ""5"": null, ""6"": null, ""7"": null}","{""0"": 250, ""1"": 184}",184,1,0,0,0,0.306,ultrasonic-not-close,KEEP_PAUSED,right,left,,0
292,2026-08-02T02:28:06.526+09:00,36.158,291,7.95,0,DRIVING,,0,1,1,0,0,0,-0.193127,-0.757,2260,0,0.347630,0.347630,0,750,green,0.254,,0,unknown,0.000000,null,0.000000,0.442,,"{""0"": 250, ""1"": 250, ""2"": null, ""3"": null, ""4"": null, ""5"": null, ""6"": null, ""7"": null}","{""0"": 0.0, ""1"": 0.0, ""2"": null, ""3"": null, ""4"": null, ""5"": null, ""6"": null, ""7"": null}","{""0"": 250, ""1"": 250}",250,1,0,0,0,0.442,ultrasonic-not-close,KEEP_PAUSED,right,left,,0
293,2026-08-02T02:28:06.641+09:00,36.275,292,8.04,0,DRIVING,,0,1,1,0,0,0,-0.193127,-0.757,2260,0,0.347629,0.347629,0,750,green,0.140,,0,unknown,0.000000,null,0.000000,0.308,,"{""0"": 250, ""1"": 250, ""2"": null, ""3"": null, ""4"": null, ""5"": null, ""6"": null, ""7"": null}","{""0"": 0.0, ""1"": 0.0, ""2"": null, ""3"": null, ""4"": null, ""5"": null, ""6"": null, ""7"": null}","{""0"": 250, ""1"": 250}",250,1,0,0,0,0.308,ultrasonic-not-close,KEEP_PAUSED,right,left,,0
294,2026-08-02T02:28:06.740+09:00,36.371,293,8.02,0,DRIVING,,0,1,1,0,0,0,-0.193127,-0.757,2260,0,0.347629,0.347629,0,750,green,0.256,,0,unknown,0.000000,null,0.000000,0.312,,"{""0"": 250, ""1"": 250, ""2"": null, ""3"": null, ""4"": null, ""5"": null, ""6"": null, ""7"": null}","{""0"": 0.0, ""1"": 0.0, ""2"": null, ""3"": null, ""4"": null, ""5"": null, ""6"": null, ""7"": null}","{""0"": 250, ""1"": 250}",250,1,0,0,0,0.312,ultrasonic-not-close,KEEP_PAUSED,right,left,,0
295,2026-08-02T02:28:06.913+09:00,36.545,294,7.87,0,DRIVING,,0,1,1,0,0,0,-0.193127,-0.757,2260,0,0.347629,0.347629,0,750,green,0.220,,0,unknown,0.000000,null,0.000000,0.486,,"{""0"": 250, ""1"": 250, ""2"": null, ""3"": null, ""4"": null, ""5"": null, ""6"": null, ""7"": null}","{""0"": 0.0, ""1"": 0.0, ""2"": null, ""3"": null, ""4"": null, ""5"": null, ""6"": null, ""7"": null}","{""0"": 250, ""1"": 250}",250,1,0,0,0,0.486,ultrasonic-not-close,KEEP_PAUSED,right,left,,0
296,2026-08-02T02:28:06.999+09:00,36.632,295,7.88,0,DRIVING,,0,1,1,0,0,0,-0.193127,-0.757,2260,0,0.347629,0.347629,0,750,green,0.275,,0,unknown,0.000000,null,0.000000,0.320,,"{""0"": 250, ""1"": 250, ""2"": null, ""3"": null, ""4"": null, ""5"": null, ""6"": null, ""7"": null}","{""0"": 0.0, ""1"": 0.0, ""2"": null, ""3"": null, ""4"": null, ""5"": null, ""6"": null, ""7"": null}","{""0"": 250, ""1"": 250}",250,1,0,0,0,0.320,ultrasonic-not-close,KEEP_PAUSED,right,left,,0
297,2026-08-02T02:28:07.145+09:00,36.778,296,7.94,0,DRIVING,,0,1,1,0,0,0,-0.193127,-0.757,2260,0,0.347629,0.347629,0,750,green,0.269,,0,unknown,0.000000,null,0.000000,0.468,,"{""0"": 250, ""1"": 250, ""2"": null, ""3"": null, ""4"": null, ""5"": null, ""6"": null, ""7"": null}","{""0"": 0.0, ""1"": 0.0, ""2"": null, ""3"": null, ""4"": null, ""5"": null, ""6"": null, ""7"": null}","{""0"": 250, ""1"": 250}",250,1,0,0,0,0.468,ultrasonic-not-close,KEEP_PAUSED,right,left,,0
298,2026-08-02T02:28:07.314+09:00,36.945,297,7.86,0,DRIVING,,0,1,1,0,0,0,-0.193127,-0.757,2260,0,0.347629,0.347629,0,750,green,0.236,,0,unknown,0.000000,null,0.000000,0.534,,"{""0"": 250, ""1"": 250, ""2"": null, ""3"": null, ""4"": null, ""5"": null, ""6"": null, ""7"": null}","{""0"": 0.0, ""1"": 0.0, ""2"": null, ""3"": null, ""4"": null, ""5"": null, ""6"": null, ""7"": null}","{""0"": 250, ""1"": 250}",250,1,0,0,0,0.534,ultrasonic-not-close,KEEP_PAUSED,right,left,,0
299,2026-08-02T02:28:07.412+09:00,37.043,298,7.83,0,DRIVING,,0,1,1,0,0,0,-0.193127,-0.757,2260,0,0.347629,0.347629,0,750,green,0.310,,0,unknown,0.000000,null,0.000000,0.367,,"{""0"": 250, ""1"": 250, ""2"": null, ""3"": null, ""4"": null, ""5"": null, ""6"": null, ""7"": null}","{""0"": 0.0, ""1"": 0.0, ""2"": null, ""3"": null, ""4"": null, ""5"": null, ""6"": null, ""7"": null}","{""0"": 250, ""1"": 250}",250,1,0,0,0,0.367,ultrasonic-not-close,KEEP_PAUSED,right,left,,0
300,2026-08-02T02:28:07.582+09:00,37.214,299,7.87,0,DRIVING,,0,1,1,0,0,0,-0.192832,-0.757,2260,0,0.346566,0.346566,0,750,green,0.409,,0,unknown,0.000000,null,0.000000,0.538,,"{""0"": 250, ""1"": 250, ""2"": null, ""3"": null, ""4"": null, ""5"": null, ""6"": null, ""7"": null}","{""0"": 0.0, ""1"": 0.0, ""2"": null, ""3"": null, ""4"": null, ""5"": null, ""6"": null, ""7"": null}","{""0"": 250, ""1"": 250}",250,1,0,0,0,0.538,ultrasonic-not-close,KEEP_PAUSED,right,left,,0
301,2026-08-02T02:28:07.681+09:00,37.312,300,8.02,0,DRIVING,,0,1,1,0,0,0,-0.193127,-0.757,2260,0,0.347789,0.347789,0,750,green,0.173,,0,unknown,0.000000,null,0.000000,0.330,,"{""0"": 250, ""1"": 250, ""2"": null, ""3"": null, ""4"": null, ""5"": null, ""6"": null, ""7"": null}","{""0"": 0.0, ""1"": 0.0, ""2"": null, ""3"": null, ""4"": null, ""5"": null, ""6"": null, ""7"": null}","{""0"": 250, ""1"": 250}",250,1,0,0,0,0.330,ultrasonic-not-close,KEEP_PAUSED,right,left,,0
302,2026-08-02T02:28:07.811+09:00,37.443,301,7.95,0,DRIVING,,0,1,1,0,0,0,-0.193127,-0.757,2260,0,0.347741,0.347741,0,750,green,0.273,,0,unknown,0.000000,null,0.000000,0.362,,"{""0"": 250, ""1"": 250, ""2"": null, ""3"": null, ""4"": null, ""5"": null, ""6"": null, ""7"": null}","{""0"": 0.0, ""1"": 0.0, ""2"": null, ""3"": null, ""4"": null, ""5"": null, ""6"": null, ""7"": null}","{""0"": 250, ""1"": 250}",250,1,0,0,0,0.362,ultrasonic-not-close,KEEP_PAUSED,right,left,,0
303,2026-08-02T02:28:07.965+09:00,37.597,302,7.84,0,DRIVING,,0,1,1,0,0,0,-0.193127,-0.752,2265,0,0.347708,0.347708,0,750,green,0.233,,0,unknown,0.000000,null,0.000000,0.516,,"{""0"": 250, ""1"": 250, ""2"": null, ""3"": null, ""4"": null, ""5"": null, ""6"": null, ""7"": null}","{""0"": 0.0, ""1"": 0.0, ""2"": null, ""3"": null, ""4"": null, ""5"": null, ""6"": null, ""7"": null}","{""0"": 250, ""1"": 250}",250,1,0,0,0,0.516,ultrasonic-not-close,KEEP_PAUSED,right,left,,0
304,2026-08-02T02:28:08.126+09:00,37.759,303,7.69,0,DRIVING,,0,1,1,0,0,0,-0.192832,-0.753,2260,0,0.346621,0.346621,0,750,green,0.159,,0,unknown,0.000000,null,0.000000,0.408,,"{""0"": 250, ""1"": 250, ""2"": null, ""3"": null, ""4"": null, ""5"": null, ""6"": null, ""7"": null}","{""0"": 0.0, ""1"": 0.0, ""2"": null, ""3"": null, ""4"": null, ""5"": null, ""6"": null, ""7"": null}","{""0"": 250, ""1"": 250}",250,1,0,0,0,0.408,ultrasonic-not-close,KEEP_PAUSED,right,left,,0
305,2026-08-02T02:28:08.226+09:00,37.857,304,7.79,0,DRIVING,,0,1,1,0,0,0,-0.193127,-0.754,2260,0,0.347827,0.347827,0,750,green,0.320,,0,unknown,0.000000,null,0.000000,0.377,,"{""0"": 250, ""1"": 250, ""2"": null, ""3"": null, ""4"": null, ""5"": null, ""6"": null, ""7"": null}","{""0"": 0.0, ""1"": 0.0, ""2"": null, ""3"": null, ""4"": null, ""5"": null, ""6"": null, ""7"": null}","{""0"": 250, ""1"": 250}",250,1,0,0,0,0.377,ultrasonic-not-close,KEEP_PAUSED,right,left,,0
306,2026-08-02T02:28:08.365+09:00,37.996,305,7.84,0,DRIVING,,0,1,1,0,0,0,-0.193127,-0.755,2260,0,0.347768,0.347768,0,750,green,0.265,,0,unknown,0.000000,null,0.000000,0.515,,"{""0"": 250, ""1"": 250, ""2"": null, ""3"": null, ""4"": null, ""5"": null, ""6"": null, ""7"": null}","{""0"": 0.0, ""1"": 0.0, ""2"": null, ""3"": null, ""4"": null, ""5"": null, ""6"": null, ""7"": null}","{""0"": 250, ""1"": 250}",250,1,0,0,0,0.515,ultrasonic-not-close,KEEP_PAUSED,right,left,,0
307,2026-08-02T02:28:08.516+09:00,38.147,306,7.77,0,DRIVING,,0,1,1,0,0,0,-0.193127,-0.756,2260,0,0.347726,0.347726,0,750,green,0.242,,0,unknown,0.000000,null,0.000000,0.352,,"{""0"": 250, ""1"": 250, ""2"": null, ""3"": null, ""4"": null, ""5"": null, ""6"": null, ""7"": null}","{""0"": 0.0, ""1"": 0.0, ""2"": null, ""3"": null, ""4"": null, ""5"": null, ""6"": null, ""7"": null}","{""0"": 250, ""1"": 250}",250,1,0,0,0,0.352,ultrasonic-not-close,KEEP_PAUSED,right,left,,0
308,2026-08-02T02:28:08.696+09:00,38.327,307,7.61,0,DRIVING,,0,1,1,0,0,0,-0.193127,-0.756,2260,0,0.347697,0.347697,0,750,green,0.294,,0,unknown,0.000000,null,0.000000,0.432,,"{""0"": 250, ""1"": 250, ""2"": null, ""3"": null, ""4"": null, ""5"": null, ""6"": null, ""7"": null}","{""0"": 0.0, ""1"": 0.0, ""2"": null, ""3"": null, ""4"": null, ""5"": null, ""6"": null, ""7"": null}","{""0"": 250, ""1"": 250}",250,1,0,0,0,0.432,ultrasonic-not-close,KEEP_PAUSED,right,left,,0
309,2026-08-02T02:28:08.794+09:00,38.425,308,7.77,0,DRIVING,,0,1,1,0,0,0,-0.193127,-0.756,2260,0,0.347677,0.347677,0,750,green,0.335,,0,unknown,0.000000,null,0.000000,0.241,,"{""0"": 250, ""1"": 250, ""2"": null, ""3"": null, ""4"": null, ""5"": null, ""6"": null, ""7"": null}","{""0"": 0.0, ""1"": 0.0, ""2"": null, ""3"": null, ""4"": null, ""5"": null, ""6"": null, ""7"": null}","{""0"": 250, ""1"": 250}",250,1,0,0,0,0.241,ultrasonic-not-close,KEEP_PAUSED,right,left,,0
310,2026-08-02T02:28:08.965+09:00,38.597,309,7.76,0,DRIVING,,0,1,1,0,0,0,-0.193127,-0.757,2260,0,0.347663,0.347663,0,750,green,0.282,,0,unknown,0.000000,null,0.000000,0.411,,"{""0"": 250, ""1"": 250, ""2"": null, ""3"": null, ""4"": null, ""5"": null, ""6"": null, ""7"": null}","{""0"": 0.0, ""1"": 0.0, ""2"": null, ""3"": null, ""4"": null, ""5"": null, ""6"": null, ""7"": null}","{""0"": 250, ""1"": 250}",250,1,0,0,0,0.411,ultrasonic-not-close,KEEP_PAUSED,right,left,,0
311,2026-08-02T02:28:09.124+09:00,38.755,310,7.63,0,DRIVING,,0,1,1,0,0,0,-0.193127,-0.757,2260,0,0.347653,0.347653,0,750,green,0.272,,0,unknown,0.000000,null,0.000000,0.390,,"{""0"": 250, ""1"": 250, ""2"": null, ""3"": null, ""4"": null, ""5"": null, ""6"": null, ""7"": null}","{""0"": 0.0, ""1"": 0.0, ""2"": null, ""3"": null, ""4"": null, ""5"": null, ""6"": null, ""7"": null}","{""0"": 250, ""1"": 250}",250,1,0,0,0,0.390,ultrasonic-not-close,KEEP_PAUSED,right,left,,0
312,2026-08-02T02:28:09.216+09:00,38.847,311,7.67,0,DRIVING,,0,1,1,0,0,0,-0.193127,-0.757,2260,0,0.347646,0.347646,0,750,green,0.334,,0,unknown,0.000000,null,0.000000,0.384,,"{""0"": 250, ""1"": 250, ""2"": null, ""3"": null, ""4"": null, ""5"": null, ""6"": null, ""7"": null}","{""0"": 0.001, ""1"": 0.001, ""2"": null, ""3"": null, ""4"": null, ""5"": null, ""6"": null, ""7"": null}","{""0"": 250, ""1"": 250}",250,1,0,0,0,0.383,ultrasonic-not-close,KEEP_PAUSED,right,left,,0
313,2026-08-02T02:28:09.384+09:00,39.017,312,7.59,0,DRIVING,,0,1,1,0,0,0,-0.193127,-0.757,2260,0,0.347641,0.347641,0,750,green,0.258,,0,unknown,0.000000,null,0.000000,0.555,,"{""0"": 250, ""1"": 250, ""2"": null, ""3"": null, ""4"": null, ""5"": null, ""6"": null, ""7"": null}","{""0"": 0.0, ""1"": 0.0, ""2"": null, ""3"": null, ""4"": null, ""5"": null, ""6"": null, ""7"": null}","{""0"": 250, ""1"": 250}",250,1,0,0,0,0.555,ultrasonic-not-close,KEEP_PAUSED,right,left,,0
314,2026-08-02T02:28:09.532+09:00,39.164,313,7.51,0,DRIVING,,0,1,1,0,0,0,-0.193127,-0.757,2260,0,0.347637,0.347637,0,750,green,0.264,,0,unknown,0.000000,null,0.000000,0.371,,"{""0"": 250, ""1"": 250, ""2"": null, ""3"": null, ""4"": null, ""5"": null, ""6"": null, ""7"": null}","{""0"": 0.0, ""1"": 0.0, ""2"": null, ""3"": null, ""4"": null, ""5"": null, ""6"": null, ""7"": null}","{""0"": 250, ""1"": 250}",250,1,0,0,0,0.371,ultrasonic-not-close,KEEP_PAUSED,right,left,,0
315,2026-08-02T02:28:09.630+09:00,39.262,314,7.66,0,DRIVING,,0,1,1,0,0,0,-0.193127,-0.757,2260,0,0.347635,0.347635,0,749,green,0.319,,0,unknown,0.000000,null,0.000000,0.377,,"{""0"": 250, ""1"": 250, ""2"": null, ""3"": null, ""4"": null, ""5"": null, ""6"": null, ""7"": null}","{""0"": 0.0, ""1"": 0.0, ""2"": null, ""3"": null, ""4"": null, ""5"": null, ""6"": null, ""7"": null}","{""0"": 250, ""1"": 250}",250,1,0,0,0,0.377,ultrasonic-not-close,KEEP_PAUSED,right,left,,0
316,2026-08-02T02:28:09.824+09:00,39.457,315,7.47,0,DRIVING,,0,1,1,0,0,0,-0.193127,-0.757,2260,0,0.347633,0.347633,0,750,green,0.250,,0,unknown,0.000000,null,0.000000,0.572,,"{""0"": 250, ""1"": 250, ""2"": null, ""3"": null, ""4"": null, ""5"": null, ""6"": null, ""7"": null}","{""0"": 0.0, ""1"": 0.0, ""2"": null, ""3"": null, ""4"": null, ""5"": null, ""6"": null, ""7"": null}","{""0"": 250, ""1"": 250}",250,1,0,0,0,0.572,ultrasonic-not-close,KEEP_PAUSED,right,left,,0
317,2026-08-02T02:28:09.914+09:00,39.546,316,7.49,0,DRIVING,,0,1,1,0,0,0,-0.193127,-0.757,2260,0,0.347632,0.347632,0,750,green,0.297,,0,unknown,0.000000,null,0.000000,0.345,,"{""0"": 250, ""1"": 250, ""2"": null, ""3"": null, ""4"": null, ""5"": null, ""6"": null, ""7"": null}","{""0"": 0.0, ""1"": 0.0, ""2"": null, ""3"": null, ""4"": null, ""5"": null, ""6"": null, ""7"": null}","{""0"": 250, ""1"": 250}",250,1,0,0,0,0.345,ultrasonic-not-close,KEEP_PAUSED,right,left,,0
318,2026-08-02T02:28:10.060+09:00,39.692,317,7.47,0,DRIVING,,0,1,1,0,0,0,-0.193127,-0.757,2260,0,0.347631,0.347631,0,750,green,0.288,,0,unknown,0.000000,null,0.000000,0.490,,"{""0"": 250, ""1"": 250, ""2"": null, ""3"": null, ""4"": null, ""5"": null, ""6"": null, ""7"": null}","{""0"": 0.0, ""1"": 0.0, ""2"": null, ""3"": null, ""4"": null, ""5"": null, ""6"": null, ""7"": null}","{""0"": 250, ""1"": 250}",250,1,0,0,0,0.490,ultrasonic-not-close,KEEP_PAUSED,right,left,,0
319,2026-08-02T02:28:10.198+09:00,39.830,318,7.39,0,DRIVING,,0,1,1,0,0,0,-0.193127,-0.757,2260,0,0.347631,0.347631,0,750,green,0.240,,0,unknown,0.000000,null,0.000000,0.529,,"{""0"": 250, ""1"": 250, ""2"": null, ""3"": null, ""4"": null, ""5"": null, ""6"": null, ""7"": null}","{""0"": 0.0, ""1"": 0.0, ""2"": null, ""3"": null, ""4"": null, ""5"": null, ""6"": null, ""7"": null}","{""0"": 250, ""1"": 250}",250,1,0,0,0,0.529,ultrasonic-not-close,KEEP_PAUSED,right,left,,0
320,2026-08-02T02:28:10.316+09:00,39.922,319,7.52,0,DRIVING,,0,1,1,0,0,0,-0.193127,-0.757,2260,0,0.347630,0.347630,0,750,green,0.289,,0,unknown,0.000000,null,0.000000,0.338,,"{""0"": 250, ""1"": 250, ""2"": null, ""3"": null, ""4"": null, ""5"": null, ""6"": null, ""7"": null}","{""0"": 0.0, ""1"": 0.0, ""2"": null, ""3"": null, ""4"": null, ""5"": null, ""6"": null, ""7"": null}","{""0"": 250, ""1"": 250}",250,1,0,0,0,0.338,ultrasonic-not-close,KEEP_PAUSED,right,left,,0
321,2026-08-02T02:28:10.411+09:00,40.042,320,7.46,0,DRIVING,,0,1,1,0,0,0,-0.193127,-0.757,2260,0,0.347630,0.347630,0,750,green,0.258,,0,unknown,0.000000,null,0.000000,0.312,,"{""0"": 250, ""1"": 250, ""2"": null, ""3"": null, ""4"": null, ""5"": null, ""6"": null, ""7"": null}","{""0"": 0.0, ""1"": 0.0, ""2"": null, ""3"": null, ""4"": null, ""5"": null, ""6"": null, ""7"": null}","{""0"": 250, ""1"": 250}",250,1,0,0,0,0.312,ultrasonic-not-close,KEEP_PAUSED,right,left,,0
322,2026-08-02T02:28:10.569+09:00,40.200,321,7.42,0,DRIVING,,0,1,1,0,0,0,-0.193127,-0.735,2248,0,0.347630,0.347630,0,750,green,0.353,,0,unknown,0.000000,null,0.000000,0.470,,"{""0"": 250, ""1"": 250, ""2"": null, ""3"": null, ""4"": null, ""5"": null, ""6"": null, ""7"": null}","{""0"": 0.0, ""1"": 0.0, ""2"": null, ""3"": null, ""4"": null, ""5"": null, ""6"": null, ""7"": null}","{""0"": 250, ""1"": 250}",250,1,0,0,0,0.470,ultrasonic-not-close,KEEP_PAUSED,right,left,,0
323,2026-08-02T02:28:10.694+09:00,40.325,322,7.41,0,DRIVING,,0,1,1,0,0,0,-0.193127,-0.740,2260,0,0.347630,0.347630,0,751,green,0.162,,0,unknown,0.000000,null,0.000000,0.340,,"{""0"": 250, ""1"": 250, ""2"": null, ""3"": null, ""4"": null, ""5"": null, ""6"": null, ""7"": null}","{""0"": 0.0, ""1"": 0.0, ""2"": null, ""3"": null, ""4"": null, ""5"": null, ""6"": null, ""7"": null}","{""0"": 250, ""1"": 250}",250,1,0,0,0,0.340,ultrasonic-not-close,KEEP_PAUSED,right,left,,0
324,2026-08-02T02:28:10.801+09:00,40.433,323,7.39,0,DRIVING,,0,1,1,0,0,0,-0.193127,-0.745,2260,0,0.347630,0.347630,0,750,green,0.129,,0,unknown,0.000000,null,0.000000,0.352,,"{""0"": 250, ""1"": 250, ""2"": null, ""3"": null, ""4"": null, ""5"": null, ""6"": null, ""7"": null}","{""0"": 0.0, ""1"": 0.0, ""2"": null, ""3"": null, ""4"": null, ""5"": null, ""6"": null, ""7"": null}","{""0"": 250, ""1"": 250}",250,1,0,0,0,0.352,ultrasonic-not-close,KEEP_PAUSED,right,left,,0
325,2026-08-02T02:28:10.966+09:00,40.598,324,7.40,0,DRIVING,,0,1,1,0,0,0,-0.192832,-0.748,2260,0,0.346566,0.346566,0,750,green,0.111,,0,unknown,0.000000,null,0.000000,0.518,,"{""0"": 250, ""1"": 250, ""2"": null, ""3"": null, ""4"": null, ""5"": null, ""6"": null, ""7"": null}","{""0"": 0.0, ""1"": 0.0, ""2"": null, ""3"": null, ""4"": null, ""5"": null, ""6"": null, ""7"": null}","{""0"": 250, ""1"": 250}",250,1,0,0,0,0.518,ultrasonic-not-close,KEEP_PAUSED,right,left,,0
326,2026-08-02T02:28:11.054+09:00,40.685,325,7.40,0,DRIVING,,0,1,1,0,0,0,-0.193127,-0.750,2260,0,0.347789,0.347789,0,750,green,0.169,,0,unknown,0.000000,null,0.000000,0.321,,"{""0"": 250, ""1"": 250, ""2"": null, ""3"": null, ""4"": null, ""5"": null, ""6"": null, ""7"": null}","{""0"": 0.0, ""1"": 0.0, ""2"": null, ""3"": null, ""4"": null, ""5"": null, ""6"": null, ""7"": null}","{""0"": 250, ""1"": 250}",250,1,0,0,0,0.321,ultrasonic-not-close,KEEP_PAUSED,right,left,,0
327,2026-08-02T02:28:11.159+09:00,40.791,326,7.48,0,DRIVING,,0,1,1,0,0,0,-0.193127,-0.752,2260,0,0.347741,0.347741,0,750,green,0.257,,0,unknown,0.000000,null,0.000000,0.426,,"{""0"": 250, ""1"": 250, ""2"": null, ""3"": null, ""4"": null, ""5"": null, ""6"": null, ""7"": null}","{""0"": 0.0, ""1"": 0.0, ""2"": null, ""3"": null, ""4"": null, ""5"": null, ""6"": null, ""7"": null}","{""0"": 250, ""1"": 250}",250,1,0,0,0,0.426,ultrasonic-not-close,KEEP_PAUSED,right,left,,0
328,2026-08-02T02:28:11.279+09:00,40.911,327,7.57,0,DRIVING,,0,1,1,0,0,0,-0.193127,-0.753,2260,0,0.347708,0.347708,0,750,green,0.197,,0,unknown,0.000000,null,0.000000,0.275,,"{""0"": 250, ""1"": 250, ""2"": null, ""3"": null, ""4"": null, ""5"": null, ""6"": null, ""7"": null}","{""0"": 0.0, ""1"": 0.0, ""2"": null, ""3"": null, ""4"": null, ""5"": null, ""6"": null, ""7"": null}","{""0"": 250, ""1"": 250}",250,1,0,0,0,0.275,ultrasonic-not-close,KEEP_PAUSED,right,left,,0
329,2026-08-02T02:28:11.374+09:00,41.007,328,7.57,0,DRIVING,,0,1,1,0,0,0,-0.193127,-0.754,2260,0,0.347684,0.347684,0,750,green,0.229,,0,unknown,0.000000,null,0.000000,0.283,,"{""0"": 250, ""1"": 250, ""2"": null, ""3"": null, ""4"": null, ""5"": null, ""6"": null, ""7"": null}","{""0"": 0.0, ""1"": 0.0, ""2"": null, ""3"": null, ""4"": null, ""5"": null, ""6"": null, ""7"": null}","{""0"": 250, ""1"": 250}",250,1,0,0,0,0.283,ultrasonic-not-close,KEEP_PAUSED,right,left,,0
330,2026-08-02T02:28:11.514+09:00,41.147,329,7.63,0,DRIVING,,0,1,1,0,0,0,-0.193127,-0.755,2260,0,0.347668,0.347668,0,750,green,0.219,,0,unknown,0.000000,null,0.000000,0.422,,"{""0"": 250, ""1"": 250, ""2"": null, ""3"": null, ""4"": null, ""5"": null, ""6"": null, ""7"": null}","{""0"": 0.0, ""1"": 0.0, ""2"": null, ""3"": null, ""4"": null, ""5"": null, ""6"": null, ""7"": null}","{""0"": 250, ""1"": 250}",250,1,0,0,0,0.422,ultrasonic-not-close,KEEP_PAUSED,right,left,,0
331,2026-08-02T02:28:11.674+09:00,41.305,330,7.51,0,DRIVING,,0,1,1,0,0,0,-0.193127,-0.756,2260,0,0.347656,0.347656,0,750,green,0.239,,0,unknown,0.000000,null,0.000000,0.357,,"{""0"": 250, ""1"": 250, ""2"": null, ""3"": null, ""4"": null, ""5"": null, ""6"": null, ""7"": null}","{""0"": 0.0, ""1"": 0.0, ""2"": null, ""3"": null, ""4"": null, ""5"": null, ""6"": null, ""7"": null}","{""0"": 250, ""1"": 250}",250,1,0,0,0,0.357,ultrasonic-not-close,KEEP_PAUSED,right,left,,0
332,2026-08-02T02:28:11.770+09:00,41.401,331,7.58,0,DRIVING,,0,1,1,0,0,0,-0.193127,-0.756,2260,0,0.347648,0.347648,0,750,green,0.304,,0,unknown,0.000000,null,0.000000,0.217,,"{""0"": 250, ""1"": 250, ""2"": null, ""3"": null, ""4"": null, ""5"": null, ""6"": null, ""7"": null}","{""0"": 0.0, ""1"": 0.0, ""2"": null, ""3"": null, ""4"": null, ""5"": null, ""6"": null, ""7"": null}","{""0"": 250, ""1"": 250}",250,1,0,0,0,0.217,ultrasonic-not-close,KEEP_PAUSED,right,left,,0
333,2026-08-02T02:28:11.912+09:00,41.544,332,7.60,0,DRIVING,,0,1,1,0,0,0,-0.193127,-0.756,2260,0,0.347643,0.347643,0,750,green,0.400,,0,unknown,0.000000,null,0.000000,0.361,,"{""0"": 250, ""1"": 250, ""2"": null, ""3"": null, ""4"": null, ""5"": null, ""6"": null, ""7"": null}","{""0"": 0.0, ""1"": 0.0, ""2"": null, ""3"": null, ""4"": null, ""5"": null, ""6"": null, ""7"": null}","{""0"": 250, ""1"": 250}",250,1,0,0,0,0.361,ultrasonic-not-close,KEEP_PAUSED,right,left,,0
334,2026-08-02T02:28:12.040+09:00,41.672,333,7.67,0,DRIVING,,0,1,1,0,0,0,-0.193127,-0.757,2260,0,0.347639,0.347639,0,750,green,0.146,,0,unknown,0.000000,null,0.000000,0.327,,"{""0"": 250, ""1"": 250, ""2"": null, ""3"": null, ""4"": null, ""5"": null, ""6"": null, ""7"": null}","{""0"": 0.0, ""1"": 0.0, ""2"": null, ""3"": null, ""4"": null, ""5"": null, ""6"": null, ""7"": null}","{""0"": 250, ""1"": 250}",250,1,0,0,0,0.327,ultrasonic-not-close,KEEP_PAUSED,right,left,,0
335,2026-08-02T02:28:12.143+09:00,41.775,334,7.66,0,DRIVING,,0,1,1,0,0,0,-0.193127,-0.757,2260,0,0.347636,0.347636,0,750,green,0.132,,0,unknown,0.000000,null,0.000000,0.335,,"{""0"": 250, ""1"": 250, ""2"": null, ""3"": null, ""4"": null, ""5"": null, ""6"": null, ""7"": null}","{""0"": 0.0, ""1"": 0.0, ""2"": null, ""3"": null, ""4"": null, ""5"": null, ""6"": null, ""7"": null}","{""0"": 250, ""1"": 250}",250,1,0,0,0,0.335,ultrasonic-not-close,KEEP_PAUSED,right,left,,0
336,2026-08-02T02:28:12.243+09:00,41.875,335,7.73,0,DRIVING,,0,1,1,0,0,0,-0.193127,-0.757,2260,0,0.347634,0.347634,0,749,green,0.235,,0,unknown,0.000000,null,0.000000,0.435,,"{""0"": 250, ""1"": 250, ""2"": null, ""3"": null, ""4"": null, ""5"": null, ""6"": null, ""7"": null}","{""0"": 0.0, ""1"": 0.0, ""2"": null, ""3"": null, ""4"": null, ""5"": null, ""6"": null, ""7"": null}","{""0"": 250, ""1"": 250}",250,1,0,0,0,0.435,ultrasonic-not-close,KEEP_PAUSED,right,left,,0
337,2026-08-02T02:28:12.413+09:00,42.045,336,7.70,0,DRIVING,,0,1,1,0,0,0,-0.193127,-0.757,2260,0,0.347633,0.347633,0,750,green,0.205,,0,unknown,0.000000,null,0.000000,0.335,,"{""0"": 250, ""1"": 250, ""2"": null, ""3"": null, ""4"": null, ""5"": null, ""6"": null, ""7"": null}","{""0"": 0.0, ""1"": 0.0, ""2"": null, ""3"": null, ""4"": null, ""5"": null, ""6"": null, ""7"": null}","{""0"": 250, ""1"": 250}",250,1,0,0,0,0.335,ultrasonic-not-close,KEEP_PAUSED,right,left,,0
338,2026-08-02T02:28:12.509+09:00,42.140,337,7.87,0,DRIVING,,0,1,1,0,0,0,-0.193127,-0.757,2260,0,0.347632,0.347632,0,750,green,0.273,,0,unknown,0.000000,null,0.000000,0.228,,"{""0"": 250, ""1"": 250, ""2"": null, ""3"": null, ""4"": null, ""5"": null, ""6"": null, ""7"": null}","{""0"": 0.0, ""1"": 0.0, ""2"": null, ""3"": null, ""4"": null, ""5"": null, ""6"": null, ""7"": null}","{""0"": 250, ""1"": 250}",250,1,0,0,0,0.228,ultrasonic-not-close,KEEP_PAUSED,right,left,,0
339,2026-08-02T02:28:12.653+09:00,42.285,338,7.77,0,DRIVING,,0,1,1,0,0,0,-0.193127,-0.757,2260,0,0.347631,0.347631,0,750,green,0.272,,0,unknown,0.000000,null,0.000000,0.373,,"{""0"": 250, ""1"": 250, ""2"": null, ""3"": null, ""4"": null, ""5"": null, ""6"": null, ""7"": null}","{""0"": 0.0, ""1"": 0.0, ""2"": null, ""3"": null, ""4"": null, ""5"": null, ""6"": null, ""7"": null}","{""0"": 250, ""1"": 250}",250,1,0,0,0,0.373,ultrasonic-not-close,KEEP_PAUSED,right,left,,0
340,2026-08-02T02:28:12.819+09:00,42.450,339,7.78,0,DRIVING,,0,1,1,0,0,0,-0.193127,-0.757,2260,0,0.347631,0.347631,0,750,green,0.244,,0,unknown,0.000000,null,0.000000,0.369,,"{""0"": 250, ""1"": 250, ""2"": null, ""3"": null, ""4"": null, ""5"": null, ""6"": null, ""7"": null}","{""0"": 0.0, ""1"": 0.0, ""2"": null, ""3"": null, ""4"": null, ""5"": null, ""6"": null, ""7"": null}","{""0"": 250, ""1"": 250}",250,1,0,0,0,0.369,ultrasonic-not-close,KEEP_PAUSED,right,left,,0
341,2026-08-02T02:28:12.909+09:00,42.540,340,7.93,0,DRIVING,,0,1,1,0,0,0,-0.193127,-0.757,2260,0,0.347630,0.347630,0,750,green,0.314,,0,unknown,0.000000,null,0.000000,0.361,,"{""0"": 250, ""1"": 250, ""2"": null, ""3"": null, ""4"": null, ""5"": null, ""6"": null, ""7"": null}","{""0"": 0.0, ""1"": 0.0, ""2"": null, ""3"": null, ""4"": null, ""5"": null, ""6"": null, ""7"": null}","{""0"": 250, ""1"": 250}",250,1,0,0,0,0.361,ultrasonic-not-close,KEEP_PAUSED,right,left,,0
342,2026-08-02T02:28:13.092+09:00,42.725,341,7.74,0,DRIVING,,0,1,1,0,0,0,-0.193127,-0.757,2260,0,0.347630,0.347630,0,750,green,0.260,,0,unknown,0.000000,null,0.000000,0.547,,"{""0"": 250, ""1"": 250, ""2"": null, ""3"": null, ""4"": null, ""5"": null, ""6"": null, ""7"": null}","{""0"": 0.0, ""1"": 0.0, ""2"": null, ""3"": null, ""4"": null, ""5"": null, ""6"": null, ""7"": null}","{""0"": 250, ""1"": 250}",250,1,0,0,0,0.547,ultrasonic-not-close,KEEP_PAUSED,right,left,,0
343,2026-08-02T02:28:13.232+09:00,42.864,342,7.80,0,DRIVING,,0,1,1,0,0,0,-0.193127,-0.757,2260,0,0.347630,0.347630,0,750,green,0.276,,0,unknown,0.000000,null,0.000000,0.375,,"{""0"": 250, ""1"": 250, ""2"": null, ""3"": null, ""4"": null, ""5"": null, ""6"": null, ""7"": null}","{""0"": 0.0, ""1"": 0.0, ""2"": null, ""3"": null, ""4"": null, ""5"": null, ""6"": null, ""7"": null}","{""0"": 250, ""1"": 250}",250,1,0,0,0,0.375,ultrasonic-not-close,KEEP_PAUSED,right,left,,0
344,2026-08-02T02:28:13.327+09:00,42.959,343,7.91,0,DRIVING,,0,1,1,0,0,0,-0.193127,-0.757,2260,0,0.347630,0.347630,0,750,green,0.417,,0,unknown,0.000000,null,0.000000,0.380,,"{""0"": 250, ""1"": 250, ""2"": null, ""3"": null, ""4"": null, ""5"": null, ""6"": null, ""7"": null}","{""0"": 0.0, ""1"": 0.0, ""2"": null, ""3"": null, ""4"": null, ""5"": null, ""6"": null, ""7"": null}","{""0"": 250, ""1"": 250}",250,1,0,0,0,0.380,ultrasonic-not-close,KEEP_PAUSED,right,left,,0
345,2026-08-02T02:28:13.493+09:00,43.126,344,7.77,0,DRIVING,,0,1,1,0,0,0,-0.193127,-0.720,2239,0,0.347630,0.347630,0,750,green,0.423,,0,unknown,0.000000,null,0.000000,0.547,,"{""0"": 250, ""1"": 250, ""2"": null, ""3"": null, ""4"": null, ""5"": null, ""6"": null, ""7"": null}","{""0"": 0.0, ""1"": 0.0, ""2"": null, ""3"": null, ""4"": null, ""5"": null, ""6"": null, ""7"": null}","{""0"": 250, ""1"": 250}",250,1,0,0,0,0.547,ultrasonic-not-close,KEEP_PAUSED,right,left,,0
346,2026-08-02T02:28:13.582+09:00,43.214,345,7.98,0,DRIVING,,0,1,1,0,0,0,-0.193127,-0.729,2260,0,0.347630,0.347630,0,750,green,0.265,,0,unknown,0.000000,null,0.000000,0.314,,"{""0"": 250, ""1"": 250, ""2"": null, ""3"": null, ""4"": null, ""5"": null, ""6"": null, ""7"": null}","{""0"": 0.0, ""1"": 0.0, ""2"": null, ""3"": null, ""4"": null, ""5"": null, ""6"": null, ""7"": null}","{""0"": 250, ""1"": 250}",250,1,0,0,0,0.314,ultrasonic-not-close,KEEP_PAUSED,right,left,,0
347,2026-08-02T02:28:13.728+09:00,43.359,346,7.87,0,DRIVING,,0,1,1,0,0,0,-0.193127,-0.736,2260,0,0.347630,0.347630,0,750,green,0.263,,0,unknown,0.000000,null,0.000000,0.364,,"{""0"": 250, ""1"": 250, ""2"": null, ""3"": null, ""4"": null, ""5"": null, ""6"": null, ""7"": null}","{""0"": 0.0, ""1"": 0.0, ""2"": null, ""3"": null, ""4"": null, ""5"": null, ""6"": null, ""7"": null}","{""0"": 250, ""1"": 250}",250,1,0,0,0,0.364,ultrasonic-not-close,KEEP_PAUSED,right,left,,0
348,2026-08-02T02:28:13.842+09:00,43.473,347,7.94,0,DRIVING,,0,1,1,0,0,0,-0.193127,-0.741,2260,0,0.347630,0.347630,0,750,green,0.238,,0,unknown,0.000000,null,0.000000,0.476,,"{""0"": 250, ""1"": 250, ""2"": null, ""3"": null, ""4"": null, ""5"": null, ""6"": null, ""7"": null}","{""0"": 0.0, ""1"": 0.0, ""2"": null, ""3"": null, ""4"": null, ""5"": null, ""6"": null, ""7"": null}","{""0"": 250, ""1"": 250}",250,1,0,0,0,0.476,ultrasonic-not-close,KEEP_PAUSED,right,left,,0
349,2026-08-02T02:28:13.998+09:00,43.631,348,7.89,0,DRIVING,,0,1,1,0,0,0,-0.193127,-0.745,2260,0,0.347630,0.347630,0,750,green,0.259,,0,unknown,0.000000,null,0.000000,0.375,,"{""0"": 250, ""1"": 250, ""2"": null, ""3"": null, ""4"": null, ""5"": null, ""6"": null, ""7"": null}","{""0"": 0.0, ""1"": 0.0, ""2"": null, ""3"": null, ""4"": null, ""5"": null, ""6"": null, ""7"": null}","{""0"": 250, ""1"": 250}",250,1,0,0,0,0.375,ultrasonic-not-close,KEEP_PAUSED,right,left,,0
350,2026-08-02T02:28:14.096+09:00,43.728,349,7.88,0,DRIVING,,0,1,1,0,0,0,-0.193127,-0.748,2260,0,0.347630,0.347630,0,750,green,0.274,,0,unknown,0.000000,null,0.000000,0.219,,"{""0"": 250, ""1"": 250, ""2"": null, ""3"": null, ""4"": null, ""5"": null, ""6"": null, ""7"": null}","{""0"": 0.0, ""1"": 0.0, ""2"": null, ""3"": null, ""4"": null, ""5"": null, ""6"": null, ""7"": null}","{""0"": 250, ""1"": 250}",250,1,0,0,0,0.219,ultrasonic-not-close,KEEP_PAUSED,right,left,,0
351,2026-08-02T02:28:14.225+09:00,43.858,350,7.86,0,DRIVING,,0,1,1,0,0,0,-0.193127,-0.735,2251,0,0.347630,0.347630,0,750,green,0.371,,0,unknown,0.000000,null,0.000000,0.347,,"{""0"": 250, ""1"": 250, ""2"": null, ""3"": null, ""4"": null, ""5"": null, ""6"": null, ""7"": null}","{""0"": 0.0, ""1"": 0.0, ""2"": null, ""3"": null, ""4"": null, ""5"": null, ""6"": null, ""7"": null}","{""0"": 250, ""1"": 250}",250,1,0,0,0,0.347,ultrasonic-not-close,KEEP_PAUSED,right,left,,0
352,2026-08-02T02:28:14.310+09:00,43.942,351,8.02,0,DRIVING,,0,1,1,0,0,0,-0.193127,-0.741,2260,0,0.347630,0.347630,0,750,green,0.389,,0,unknown,0.000000,null,0.000000,0.274,,"{""0"": 250, ""1"": 250, ""2"": null, ""3"": null, ""4"": null, ""5"": null, ""6"": null, ""7"": null}","{""0"": 0.0, ""1"": 0.0, ""2"": null, ""3"": null, ""4"": null, ""5"": null, ""6"": null, ""7"": null}","{""0"": 250, ""1"": 250}",250,1,0,0,0,0.274,ultrasonic-not-close,KEEP_PAUSED,right,left,,0
353,2026-08-02T02:28:14.468+09:00,44.100,352,7.94,0,DRIVING,,0,1,1,0,0,0,-0.193127,-0.745,2260,0,0.347629,0.347629,0,750,green,0.217,,0,unknown,0.000000,null,0.000000,0.433,,"{""0"": 250, ""1"": 250, ""2"": null, ""3"": null, ""4"": null, ""5"": null, ""6"": null, ""7"": null}","{""0"": 0.0, ""1"": 0.0, ""2"": null, ""3"": null, ""4"": null, ""5"": null, ""6"": null, ""7"": null}","{""0"": 250, ""1"": 250}",250,1,0,0,0,0.433,ultrasonic-not-close,KEEP_PAUSED,right,left,,0
354,2026-08-02T02:28:14.557+09:00,44.190,353,7.98,0,DRIVING,,0,1,1,0,0,0,-0.192832,-0.748,2260,0,0.346566,0.346566,0,750,green,0.246,,0,unknown,0.000000,null,0.000000,0.424,,"{""0"": 250, ""1"": 250, ""2"": null, ""3"": null, ""4"": null, ""5"": null, ""6"": null, ""7"": null}","{""0"": 0.0, ""1"": 0.0, ""2"": null, ""3"": null, ""4"": null, ""5"": null, ""6"": null, ""7"": null}","{""0"": 250, ""1"": 250}",250,1,0,0,0,0.424,ultrasonic-not-close,KEEP_PAUSED,right,left,,0
355,2026-08-02T02:28:14.734+09:00,44.366,354,7.96,0,DRIVING,,0,1,1,0,0,0,-0.193127,-0.750,2260,0,0.347789,0.347789,0,750,green,0.254,,0,unknown,0.000000,null,0.000000,0.387,,"{""0"": 250, ""1"": 250, ""2"": null, ""3"": null, ""4"": null, ""5"": null, ""6"": null, ""7"": null}","{""0"": 0.0, ""1"": 0.0, ""2"": null, ""3"": null, ""4"": null, ""5"": null, ""6"": null, ""7"": null}","{""0"": 250, ""1"": 250}",250,1,0,0,0,0.387,ultrasonic-not-close,KEEP_PAUSED,right,left,,0
356,2026-08-02T02:28:14.833+09:00,44.465,355,7.94,0,DRIVING,,0,1,1,0,0,0,-0.193127,-0.752,2260,0,0.347741,0.347741,0,751,green,0.269,,0,unknown,0.000000,null,0.000000,0.486,,"{""0"": 250, ""1"": 250, ""2"": null, ""3"": null, ""4"": null, ""5"": null, ""6"": null, ""7"": null}","{""0"": 0.0, ""1"": 0.0, ""2"": null, ""3"": null, ""4"": null, ""5"": null, ""6"": null, ""7"": null}","{""0"": 250, ""1"": 250}",250,1,0,0,0,0.486,ultrasonic-not-close,KEEP_PAUSED,right,left,,0
357,2026-08-02T02:28:14.921+09:00,44.554,356,7.97,0,DRIVING,,0,1,1,0,0,0,-0.193127,-0.753,2260,0,0.347708,0.347708,0,750,green,0.278,,0,unknown,0.000000,null,0.000000,0.328,,"{""0"": 250, ""1"": 250, ""2"": null, ""3"": null, ""4"": null, ""5"": null, ""6"": null, ""7"": null}","{""0"": 0.0, ""1"": 0.0, ""2"": null, ""3"": null, ""4"": null, ""5"": null, ""6"": null, ""7"": null}","{""0"": 250, ""1"": 250}",250,1,0,0,0,0.328,ultrasonic-not-close,KEEP_PAUSED,right,left,,0
358,2026-08-02T02:28:15.030+09:00,44.662,357,8.00,0,DRIVING,,0,1,1,0,0,0,-0.193127,-0.754,2260,0,0.347684,0.347684,0,750,green,0.192,,0,unknown,0.000000,null,0.000000,0.433,,"{""0"": 250, ""1"": 250, ""2"": null, ""3"": null, ""4"": null, ""5"": null, ""6"": null, ""7"": null}","{""0"": 0.0, ""1"": 0.0, ""2"": null, ""3"": null, ""4"": null, ""5"": null, ""6"": null, ""7"": null}","{""0"": 250, ""1"": 250}",250,1,0,0,0,0.433,ultrasonic-not-close,KEEP_PAUSED,right,left,,0
359,2026-08-02T02:28:15.118+09:00,44.748,358,8.02,0,DRIVING,,0,1,1,0,0,0,-0.192832,-0.755,2260,0,0.346605,0.346605,0,750,green,0.201,,0,unknown,0.000000,null,0.000000,0.245,,"{""0"": 250, ""1"": 250, ""2"": null, ""3"": null, ""4"": null, ""5"": null, ""6"": null, ""7"": null}","{""0"": 0.0, ""1"": 0.0, ""2"": null, ""3"": null, ""4"": null, ""5"": null, ""6"": null, ""7"": null}","{""0"": 250, ""1"": 250}",250,1,0,0,0,0.245,ultrasonic-not-close,KEEP_PAUSED,right,left,,0
360,2026-08-02T02:28:15.247+09:00,44.879,359,8.04,0,DRIVING,,0,1,1,0,0,0,-0.193127,-0.756,2260,0,0.347816,0.347816,0,750,green,0.200,,0,unknown,0.000000,null,0.000000,0.377,,"{""0"": 250, ""1"": 250, ""2"": null, ""3"": null, ""4"": null, ""5"": null, ""6"": null, ""7"": null}","{""0"": 0.0, ""1"": 0.0, ""2"": null, ""3"": null, ""4"": null, ""5"": null, ""6"": null, ""7"": null}","{""0"": 250, ""1"": 250}",250,1,0,0,0,0.377,ultrasonic-not-close,KEEP_PAUSED,right,left,,0
361,2026-08-02T02:28:15.339+09:00,44.971,360,8.18,0,DRIVING,,0,1,1,0,0,0,-0.193127,-0.756,2260,0,0.347760,0.347760,0,750,green,0.332,,0,unknown,0.000000,null,0.000000,0.382,,"{""0"": 250, ""1"": 250, ""2"": null, ""3"": null, ""4"": null, ""5"": null, ""6"": null, ""7"": null}","{""0"": 0.0, ""1"": 0.0, ""2"": null, ""3"": null, ""4"": null, ""5"": null, ""6"": null, ""7"": null}","{""0"": 250, ""1"": 250}",250,1,0,0,0,0.382,ultrasonic-not-close,KEEP_PAUSED,right,left,,0
362,2026-08-02T02:28:15.527+09:00,45.159,361,7.99,0,DRIVING,,0,1,1,0,0,0,-0.193127,-0.756,2260,0,0.347721,0.347721,0,750,green,0.313,,0,unknown,0.000000,null,0.000000,0.567,,"{""0"": 250, ""1"": 250, ""2"": null, ""3"": null, ""4"": null, ""5"": null, ""6"": null, ""7"": null}","{""0"": 0.0, ""1"": 0.0, ""2"": null, ""3"": null, ""4"": null, ""5"": null, ""6"": null, ""7"": null}","{""0"": 250, ""1"": 250}",250,1,0,0,0,0.567,ultrasonic-not-close,KEEP_PAUSED,right,left,,0
363,2026-08-02T02:28:15.693+09:00,45.325,362,7.94,0,DRIVING,,0,1,1,0,0,0,-0.193127,-0.757,2260,0,0.347693,0.347693,0,750,green,0.283,,0,unknown,0.000000,null,0.000000,0.409,,"{""0"": 250, ""1"": 250, ""2"": null, ""3"": null, ""4"": null, ""5"": null, ""6"": null, ""7"": null}","{""0"": 0.0, ""1"": 0.0, ""2"": null, ""3"": null, ""4"": null, ""5"": null, ""6"": null, ""7"": null}","{""0"": 250, ""1"": 250}",250,1,0,0,0,0.409,ultrasonic-not-close,KEEP_PAUSED,right,left,,0
364,2026-08-02T02:28:15.817+09:00,45.448,363,7.94,0,DRIVING,,0,1,1,0,0,0,-0.193127,-0.757,2260,0,0.347674,0.347674,0,750,green,0.357,,0,unknown,0.000000,null,0.000000,0.440,,"{""0"": 250, ""1"": 250, ""2"": null, ""3"": null, ""4"": null, ""5"": null, ""6"": null, ""7"": null}","{""0"": 0.0, ""1"": 0.0, ""2"": null, ""3"": null, ""4"": null, ""5"": null, ""6"": null, ""7"": null}","{""0"": 250, ""1"": 250}",250,1,0,0,0,0.440,ultrasonic-not-close,KEEP_PAUSED,right,left,,0
365,2026-08-02T02:28:15.916+09:00,45.549,364,7.95,0,DRIVING,,0,1,1,0,0,0,-0.192832,-0.757,2260,0,0.346598,0.346598,0,750,green,0.294,,0,unknown,0.000000,null,0.000000,0.187,,"{""0"": 250, ""1"": 250, ""2"": null, ""3"": null, ""4"": null, ""5"": null, ""6"": null, ""7"": null}","{""0"": 0.0, ""1"": 0.0, ""2"": null, ""3"": null, ""4"": null, ""5"": null, ""6"": null, ""7"": null}","{""0"": 250, ""1"": 250}",250,1,0,0,0,0.187,ultrasonic-not-close,KEEP_PAUSED,right,left,,0
366,2026-08-02T02:28:16.011+09:00,45.643,365,7.97,0,DRIVING,,0,1,1,0,0,0,-0.193127,-0.757,2260,0,0.347811,0.347811,0,751,green,0.228,,0,unknown,0.000000,null,0.000000,0.279,,"{""0"": 250, ""1"": 250, ""2"": null, ""3"": null, ""4"": null, ""5"": null, ""6"": null, ""7"": null}","{""0"": 0.0, ""1"": 0.0, ""2"": null, ""3"": null, ""4"": null, ""5"": null, ""6"": null, ""7"": null}","{""0"": 250, ""1"": 250}",250,1,0,0,0,0.279,ultrasonic-not-close,KEEP_PAUSED,right,left,,0
367,2026-08-02T02:28:16.190+09:00,45.820,366,7.95,0,DRIVING,,0,1,1,0,0,0,-0.193127,-0.757,2260,0,0.347756,0.347756,0,750,green,0.323,,0,unknown,0.000000,null,0.000000,0.333,,"{""0"": 250, ""1"": 250, ""2"": null, ""3"": null, ""4"": null, ""5"": null, ""6"": null, ""7"": null}","{""0"": 0.0, ""1"": 0.0, ""2"": null, ""3"": null, ""4"": null, ""5"": null, ""6"": null, ""7"": null}","{""0"": 250, ""1"": 250}",250,1,0,0,0,0.333,ultrasonic-not-close,KEEP_PAUSED,right,left,,0
368,2026-08-02T02:28:16.290+09:00,45.922,367,7.93,0,DRIVING,,0,1,1,0,0,0,-0.193127,-0.757,2260,0,0.347718,0.347718,0,750,green,0.183,,0,unknown,0.000000,null,0.000000,0.242,,"{""0"": 250, ""1"": 250, ""2"": null, ""3"": null, ""4"": null, ""5"": null, ""6"": null, ""7"": null}","{""0"": 0.0, ""1"": 0.0, ""2"": null, ""3"": null, ""4"": null, ""5"": null, ""6"": null, ""7"": null}","{""0"": 250, ""1"": 250}",250,1,0,0,0,0.242,ultrasonic-not-close,KEEP_PAUSED,right,left,,0
369,2026-08-02T02:28:16.426+09:00,46.059,368,7.95,0,DRIVING,,0,1,1,0,0,0,-0.192832,-0.757,2260,0,0.346629,0.346629,0,751,green,0.294,,0,unknown,0.000000,null,0.000000,0.379,,"{""0"": 250, ""1"": 250, ""2"": null, ""3"": null, ""4"": null, ""5"": null, ""6"": null, ""7"": null}","{""0"": 0.0, ""1"": 0.0, ""2"": null, ""3"": null, ""4"": null, ""5"": null, ""6"": null, ""7"": null}","{""0"": 250, ""1"": 250}",250,1,0,0,0,0.379,ultrasonic-not-close,KEEP_PAUSED,right,left,,0
370,2026-08-02T02:28:16.514+09:00,46.146,369,8.12,0,DRIVING,,0,1,1,0,0,0,-0.193127,-0.757,2260,0,0.347833,0.347833,0,750,green,0.240,,0,unknown,0.000000,null,0.000000,0.287,,"{""0"": 250, ""1"": 74, ""2"": null, ""3"": null, ""4"": null, ""5"": null, ""6"": null, ""7"": null}","{""0"": 0.0, ""1"": 0.0, ""2"": null, ""3"": null, ""4"": null, ""5"": null, ""6"": null, ""7"": null}","{""0"": 250, ""1"": 74}",74,1,1,0,0,0.287,car-not-detected-or-stale,KEEP_PAUSED,right,left,,0
371,2026-08-02T02:28:16.622+09:00,46.254,370,8.08,0,DRIVING,,0,1,1,0,0,0,-0.193127,-0.757,2260,0,0.347772,0.347772,0,749,green,0.217,,0,unknown,0.000000,null,0.000000,0.395,,"{""0"": 250, ""1"": 250, ""2"": null, ""3"": null, ""4"": null, ""5"": null, ""6"": null, ""7"": null}","{""0"": 0.0, ""1"": 0.0, ""2"": null, ""3"": null, ""4"": null, ""5"": null, ""6"": null, ""7"": null}","{""0"": 250, ""1"": 250}",250,1,0,0,0,0.395,ultrasonic-not-close,KEEP_PAUSED,right,left,,0
372,2026-08-02T02:28:16.718+09:00,46.346,371,8.28,0,DRIVING,,0,1,1,0,0,0,-0.193127,-0.757,2260,0,0.347729,0.347729,0,750,green,0.199,,0,unknown,0.000000,null,0.000000,0.250,,"{""0"": 250, ""1"": 250, ""2"": null, ""3"": null, ""4"": null, ""5"": null, ""6"": null, ""7"": null}","{""0"": 0.0, ""1"": 0.0, ""2"": null, ""3"": null, ""4"": null, ""5"": null, ""6"": null, ""7"": null}","{""0"": 250, ""1"": 250}",250,1,0,0,0,0.250,ultrasonic-not-close,KEEP_PAUSED,right,left,,0
373,2026-08-02T02:28:16.834+09:00,46.466,372,8.33,0,DRIVING,,0,1,1,0,0,0,-0.193127,-0.757,2260,0,0.347699,0.347699,0,750,green,0.209,,0,unknown,0.000000,null,0.000000,0.282,,"{""0"": 250, ""1"": 250, ""2"": null, ""3"": null, ""4"": null, ""5"": null, ""6"": null, ""7"": null}","{""0"": 0.0, ""1"": 0.0, ""2"": null, ""3"": null, ""4"": null, ""5"": null, ""6"": null, ""7"": null}","{""0"": 250, ""1"": 250}",250,1,0,0,0,0.282,ultrasonic-not-close,KEEP_PAUSED,right,left,,0
374,2026-08-02T02:28:16.968+09:00,46.600,373,8.24,0,DRIVING,,0,1,1,0,0,0,-0.193127,-0.757,2260,0,0.347678,0.347678,0,750,green,0.219,,0,unknown,0.000000,null,0.000000,0.417,,"{""0"": 250, ""1"": 103, ""2"": null, ""3"": null, ""4"": null, ""5"": null, ""6"": null, ""7"": null}","{""0"": 0.0, ""1"": 0.0, ""2"": null, ""3"": null, ""4"": null, ""5"": null, ""6"": null, ""7"": null}","{""0"": 250, ""1"": 103}",103,1,1,0,0,0.417,car-not-detected-or-stale,KEEP_PAUSED,right,left,,0
375,2026-08-02T02:28:17.053+09:00,46.685,374,8.43,0,DRIVING,,0,1,1,0,0,0,-0.193127,-0.757,2260,0,0.347664,0.347664,0,750,green,0.252,,0,unknown,0.000000,null,0.000000,0.296,,"{""0"": 250, ""1"": 250, ""2"": null, ""3"": null, ""4"": null, ""5"": null, ""6"": null, ""7"": null}","{""0"": 0.0, ""1"": 0.0, ""2"": null, ""3"": null, ""4"": null, ""5"": null, ""6"": null, ""7"": null}","{""0"": 250, ""1"": 250}",250,1,0,0,0,0.296,ultrasonic-not-close,KEEP_PAUSED,right,left,,0
376,2026-08-02T02:28:17.145+09:00,46.778,375,8.42,0,DRIVING,,0,1,1,0,0,0,-0.193127,-0.757,2260,0,0.347653,0.347653,0,751,green,0.336,,0,unknown,0.000000,null,0.000000,0.388,,"{""0"": 250, ""1"": 250, ""2"": null, ""3"": null, ""4"": null, ""5"": null, ""6"": null, ""7"": null}","{""0"": 0.0, ""1"": 0.0, ""2"": null, ""3"": null, ""4"": null, ""5"": null, ""6"": null, ""7"": null}","{""0"": 250, ""1"": 250}",250,1,0,0,0,0.388,ultrasonic-not-close,KEEP_PAUSED,right,left,,0
377,2026-08-02T02:28:17.231+09:00,46.863,376,8.56,0,DRIVING,,0,1,1,0,0,0,-0.193127,-0.757,2260,0,0.347646,0.347646,0,751,green,0.314,,0,unknown,0.000000,null,0.000000,0.227,,"{""0"": 250, ""1"": 250, ""2"": null, ""3"": null, ""4"": null, ""5"": null, ""6"": null, ""7"": null}","{""0"": 0.0, ""1"": 0.0, ""2"": null, ""3"": null, ""4"": null, ""5"": null, ""6"": null, ""7"": null}","{""0"": 250, ""1"": 250}",250,1,0,0,0,0.227,ultrasonic-not-close,KEEP_PAUSED,right,left,,0
378,2026-08-02T02:28:17.422+09:00,47.056,377,8.37,0,DRIVING,,0,1,1,0,0,0,-0.193127,-0.757,2260,0,0.347641,0.347641,0,750,green,0.187,,0,unknown,0.000000,null,0.000000,0.419,,"{""0"": 250, ""1"": 250, ""2"": null, ""3"": null, ""4"": null, ""5"": null, ""6"": null, ""7"": null}","{""0"": 0.0, ""1"": 0.0, ""2"": null, ""3"": null, ""4"": null, ""5"": null, ""6"": null, ""7"": null}","{""0"": 250, ""1"": 250}",250,1,0,0,0,0.419,ultrasonic-not-close,KEEP_PAUSED,right,left,,0
379,2026-08-02T02:28:17.556+09:00,47.187,378,8.43,0,DRIVING,,0,1,1,0,0,0,-0.193127,-0.757,2260,0,0.347638,0.347638,0,750,green,0.280,,0,unknown,0.000000,null,0.000000,0.466,,"{""0"": 250, ""1"": 250, ""2"": null, ""3"": null, ""4"": null, ""5"": null, ""6"": null, ""7"": null}","{""0"": 0.0, ""1"": 0.0, ""2"": null, ""3"": null, ""4"": null, ""5"": null, ""6"": null, ""7"": null}","{""0"": 250, ""1"": 250}",250,1,0,0,0,0.466,ultrasonic-not-close,KEEP_PAUSED,right,left,,0
380,2026-08-02T02:28:17.645+09:00,47.277,379,8.45,0,DRIVING,,0,1,1,0,0,0,-0.193127,-0.757,2260,0,0.347635,0.347635,0,750,green,0.325,,0,unknown,0.000000,null,0.000000,0.375,,"{""0"": 250, ""1"": 250, ""2"": null, ""3"": null, ""4"": null, ""5"": null, ""6"": null, ""7"": null}","{""0"": 0.0, ""1"": 0.0, ""2"": null, ""3"": null, ""4"": null, ""5"": null, ""6"": null, ""7"": null}","{""0"": 250, ""1"": 250}",250,1,0,0,0,0.375,ultrasonic-not-close,KEEP_PAUSED,right,left,,0
381,2026-08-02T02:28:17.776+09:00,47.407,380,8.45,0,DRIVING,,0,1,1,0,0,0,-0.192832,-0.757,2260,0,0.346570,0.346570,0,750,green,0.415,,0,unknown,0.000000,null,0.000000,0.502,,"{""0"": 250, ""1"": 250, ""2"": null, ""3"": null, ""4"": null, ""5"": null, ""6"": null, ""7"": null}","{""0"": 0.0, ""1"": 0.0, ""2"": null, ""3"": null, ""4"": null, ""5"": null, ""6"": null, ""7"": null}","{""0"": 250, ""1"": 250}",250,1,0,0,0,0.502,ultrasonic-not-close,KEEP_PAUSED,right,left,,0
382,2026-08-02T02:28:17.868+09:00,47.497,381,8.44,0,DRIVING,,0,1,1,0,0,0,-0.193127,-0.757,2260,0,0.347792,0.347792,0,750,green,0.357,,0,unknown,0.000000,null,0.000000,0.273,,"{""0"": 250, ""1"": 250, ""2"": null, ""3"": null, ""4"": null, ""5"": null, ""6"": null, ""7"": null}","{""0"": 0.0, ""1"": 0.0, ""2"": null, ""3"": null, ""4"": null, ""5"": null, ""6"": null, ""7"": null}","{""0"": 250, ""1"": 250}",250,1,0,0,0,0.273,ultrasonic-not-close,KEEP_PAUSED,right,left,,0
383,2026-08-02T02:28:17.987+09:00,47.620,382,8.53,0,DRIVING,,0,1,1,0,0,0,-0.193127,-0.757,2260,0,0.347743,0.347743,0,749,green,0.225,,0,unknown,0.000000,null,0.000000,0.394,,"{""0"": 250, ""1"": 250, ""2"": null, ""3"": null, ""4"": null, ""5"": null, ""6"": null, ""7"": null}","{""0"": 0.0, ""1"": 0.0, ""2"": null, ""3"": null, ""4"": null, ""5"": null, ""6"": null, ""7"": null}","{""0"": 250, ""1"": 250}",250,1,0,0,0,0.394,ultrasonic-not-close,KEEP_PAUSED,right,left,,0
384,2026-08-02T02:28:18.137+09:00,47.769,383,8.38,0,DRIVING,,0,1,1,0,0,0,-0.193127,-0.757,2260,0,0.347709,0.347709,0,749,green,0.216,,0,unknown,0.000000,null,0.000000,0.325,,"{""0"": 250, ""1"": 250, ""2"": null, ""3"": null, ""4"": null, ""5"": null, ""6"": null, ""7"": null}","{""0"": 0.0, ""1"": 0.0, ""2"": null, ""3"": null, ""4"": null, ""5"": null, ""6"": null, ""7"": null}","{""0"": 250, ""1"": 250}",250,1,0,0,0,0.325,ultrasonic-not-close,KEEP_PAUSED,right,left,,0
385,2026-08-02T02:28:18.228+09:00,47.860,384,8.59,0,DRIVING,,0,1,1,0,0,0,-0.193127,-0.757,2260,0,0.347685,0.347685,0,750,green,0.274,,0,unknown,0.000000,null,0.000000,0.323,,"{""0"": 250, ""1"": 250, ""2"": null, ""3"": null, ""4"": null, ""5"": null, ""6"": null, ""7"": null}","{""0"": 0.0, ""1"": 0.0, ""2"": null, ""3"": null, ""4"": null, ""5"": null, ""6"": null, ""7"": null}","{""0"": 250, ""1"": 250}",250,1,0,0,0,0.323,ultrasonic-not-close,KEEP_PAUSED,right,left,,0
386,2026-08-02T02:28:18.319+09:00,47.951,385,8.60,0,DRIVING,,0,1,1,0,0,0,-0.193127,-0.757,2260,0,0.347668,0.347668,0,750,green,0.365,,0,unknown,0.000000,null,0.000000,0.415,,"{""0"": 250, ""1"": 160, ""2"": null, ""3"": null, ""4"": null, ""5"": null, ""6"": null, ""7"": null}","{""0"": 0.0, ""1"": 0.0, ""2"": null, ""3"": null, ""4"": null, ""5"": null, ""6"": null, ""7"": null}","{""0"": 250, ""1"": 160}",160,1,0,0,0,0.415,ultrasonic-not-close,KEEP_PAUSED,right,left,,0
387,2026-08-02T02:28:18.406+09:00,48.038,386,8.62,0,DRIVING,,0,1,1,0,0,0,-0.193127,-0.757,2260,0,0.347657,0.347657,0,749,green,0.335,,0,unknown,0.000000,null,0.000000,0.231,,"{""0"": 250, ""1"": 250, ""2"": null, ""3"": null, ""4"": null, ""5"": null, ""6"": null, ""7"": null}","{""0"": 0.0, ""1"": 0.0, ""2"": null, ""3"": null, ""4"": null, ""5"": null, ""6"": null, ""7"": null}","{""0"": 250, ""1"": 250}",250,1,0,0,0,0.231,ultrasonic-not-close,KEEP_PAUSED,right,left,,0
388,2026-08-02T02:28:18.552+09:00,48.183,387,8.52,0,DRIVING,,0,1,1,0,0,0,-0.193127,-0.757,2260,0,0.347649,0.347649,0,750,green,0.182,,0,unknown,0.000000,null,0.000000,0.378,,"{""0"": 250, ""1"": 250, ""2"": null, ""3"": null, ""4"": null, ""5"": null, ""6"": null, ""7"": null}","{""0"": 0.0, ""1"": 0.0, ""2"": null, ""3"": null, ""4"": null, ""5"": null, ""6"": null, ""7"": null}","{""0"": 250, ""1"": 250}",250,1,0,0,0,0.378,ultrasonic-not-close,KEEP_PAUSED,right,left,,0
389,2026-08-02T02:28:18.714+09:00,48.345,388,8.34,0,DRIVING,,0,1,1,0,0,0,-0.193127,-0.757,2260,0,0.347643,0.347643,0,751,green,0.237,,0,unknown,0.000000,null,0.000000,0.356,,"{""0"": 250, ""1"": 250, ""2"": null, ""3"": null, ""4"": null, ""5"": null, ""6"": null, ""7"": null}","{""0"": 0.0, ""1"": 0.0, ""2"": null, ""3"": null, ""4"": null, ""5"": null, ""6"": null, ""7"": null}","{""0"": 250, ""1"": 250}",250,1,0,0,0,0.356,ultrasonic-not-close,KEEP_PAUSED,right,left,,0
390,2026-08-02T02:28:18.809+09:00,48.442,389,8.42,0,DRIVING,,0,1,1,0,0,0,-0.193127,-0.757,2260,0,0.347639,0.347639,0,749,green,0.312,,0,unknown,0.000000,null,0.000000,0.366,,"{""0"": 250, ""1"": 250, ""2"": null, ""3"": null, ""4"": null, ""5"": null, ""6"": null, ""7"": null}","{""0"": 0.0, ""1"": 0.0, ""2"": null, ""3"": null, ""4"": null, ""5"": null, ""6"": null, ""7"": null}","{""0"": 250, ""1"": 250}",250,1,0,0,0,0.366,ultrasonic-not-close,KEEP_PAUSED,right,left,,0
391,2026-08-02T02:28:18.903+09:00,48.535,390,8.42,0,DRIVING,,0,1,1,0,0,0,-0.192832,-0.757,2260,0,0.346573,0.346573,0,750,green,0.408,,0,unknown,0.000000,null,0.000000,0.461,,"{""0"": 250, ""1"": 250, ""2"": null, ""3"": null, ""4"": null, ""5"": null, ""6"": null, ""7"": null}","{""0"": 0.0, ""1"": 0.0, ""2"": null, ""3"": null, ""4"": null, ""5"": null, ""6"": null, ""7"": null}","{""0"": 250, ""1"": 250}",250,1,0,0,0,0.461,ultrasonic-not-close,KEEP_PAUSED,right,left,,0
392,2026-08-02T02:28:18.994+09:00,48.625,391,8.65,0,DRIVING,,0,1,1,0,0,0,-0.193127,-0.757,2260,0,0.347794,0.347794,0,750,green,0.356,,0,unknown,0.000000,null,0.000000,0.242,,"{""0"": 250, ""1"": 250, ""2"": null, ""3"": null, ""4"": null, ""5"": null, ""6"": null, ""7"": null}","{""0"": 0.0, ""1"": 0.0, ""2"": null, ""3"": null, ""4"": null, ""5"": null, ""6"": null, ""7"": null}","{""0"": 250, ""1"": 250}",250,1,0,0,0,0.242,ultrasonic-not-close,KEEP_PAUSED,right,left,,0
393,2026-08-02T02:28:19.145+09:00,48.777,392,8.69,0,DRIVING,,0,1,1,0,0,0,-0.193127,-0.757,2260,0,0.347744,0.347744,0,750,green,0.186,,0,unknown,0.000000,null,0.000000,0.395,,"{""0"": 250, ""1"": 250, ""2"": null, ""3"": null, ""4"": null, ""5"": null, ""6"": null, ""7"": null}","{""0"": 0.0, ""1"": 0.0, ""2"": null, ""3"": null, ""4"": null, ""5"": null, ""6"": null, ""7"": null}","{""0"": 250, ""1"": 250}",250,1,0,0,0,0.395,ultrasonic-not-close,KEEP_PAUSED,right,left,,0
394,2026-08-02T02:28:19.270+09:00,48.901,393,8.69,0,DRIVING,,0,1,1,0,0,0,-0.193127,-0.735,2248,0,0.347710,0.347710,0,750,green,0.245,,0,unknown,0.000000,null,0.000000,0.423,,"{""0"": 250, ""1"": 250, ""2"": null, ""3"": null, ""4"": null, ""5"": null, ""6"": null, ""7"": null}","{""0"": 0.0, ""1"": 0.0, ""2"": null, ""3"": null, ""4"": null, ""5"": null, ""6"": null, ""7"": null}","{""0"": 250, ""1"": 250}",250,1,0,0,0,0.423,ultrasonic-not-close,KEEP_PAUSED,right,left,,0
395,2026-08-02T02:28:19.364+09:00,48.995,394,8.71,0,DRIVING,,0,1,1,0,0,0,-0.193127,-0.740,2260,0,0.347686,0.347686,0,750,green,0.280,,0,unknown,0.000000,null,0.000000,0.332,,"{""0"": 250, ""1"": 250, ""2"": null, ""3"": null, ""4"": null, ""5"": null, ""6"": null, ""7"": null}","{""0"": 0.0, ""1"": 0.0, ""2"": null, ""3"": null, ""4"": null, ""5"": null, ""6"": null, ""7"": null}","{""0"": 250, ""1"": 250}",250,1,0,0,0,0.332,ultrasonic-not-close,KEEP_PAUSED,right,left,,0
396,2026-08-02T02:28:19.545+09:00,49.177,395,8.48,0,DRIVING,,0,1,1,0,0,0,-0.193127,-0.729,2251,0,0.347669,0.347669,0,750,green,0.222,,0,unknown,0.000000,null,0.000000,0.514,,"{""0"": 250, ""1"": 250, ""2"": null, ""3"": null, ""4"": null, ""5"": null, ""6"": null, ""7"": null}","{""0"": 0.0, ""1"": 0.0, ""2"": null, ""3"": null, ""4"": null, ""5"": null, ""6"": null, ""7"": null}","{""0"": 250, ""1"": 250}",250,1,0,0,0,0.514,ultrasonic-not-close,KEEP_PAUSED,right,left,,0
397,2026-08-02T02:28:19.670+09:00,49.302,396,8.61,0,DRIVING,,0,1,1,0,0,0,-0.193127,-0.736,2260,0,0.347657,0.347657,0,750,green,0.280,,0,unknown,0.000000,null,0.000000,0.363,,"{""0"": 250, ""1"": 250, ""2"": null, ""3"": null, ""4"": null, ""5"": null, ""6"": null, ""7"": null}","{""0"": 0.0, ""1"": 0.0, ""2"": null, ""3"": null, ""4"": null, ""5"": null, ""6"": null, ""7"": null}","{""0"": 250, ""1"": 250}",250,1,0,0,0,0.363,ultrasonic-not-close,KEEP_PAUSED,right,left,,0
398,2026-08-02T02:28:19.833+09:00,49.465,397,8.46,0,DRIVING,,0,1,1,0,0,0,-0.193127,-0.742,2260,0,0.347649,0.347649,0,750,green,0.309,,0,unknown,0.000000,null,0.000000,0.433,,"{""0"": 250, ""1"": 250, ""2"": null, ""3"": null, ""4"": null, ""5"": null, ""6"": null, ""7"": null}","{""0"": 0.0, ""1"": 0.0, ""2"": null, ""3"": null, ""4"": null, ""5"": null, ""6"": null, ""7"": null}","{""0"": 250, ""1"": 250}",250,1,0,0,0,0.433,ultrasonic-not-close,KEEP_PAUSED,right,left,,0
399,2026-08-02T02:28:19.933+09:00,49.564,398,8.56,0,DRIVING,,0,1,1,0,0,0,-0.193127,-0.746,2260,0,0.347643,0.347643,0,750,green,0.292,,0,unknown,0.000000,null,0.000000,0.225,,"{""0"": 250, ""1"": 250, ""2"": null, ""3"": null, ""4"": null, ""5"": null, ""6"": null, ""7"": null}","{""0"": 0.0, ""1"": 0.0, ""2"": null, ""3"": null, ""4"": null, ""5"": null, ""6"": null, ""7"": null}","{""0"": 250, ""1"": 250}",250,1,0,0,0,0.225,ultrasonic-not-close,KEEP_PAUSED,right,left,,0
400,2026-08-02T02:28:20.060+09:00,49.692,399,8.46,0,DRIVING,,0,1,1,0,0,0,-0.193127,-0.748,2260,0,0.347639,0.347639,0,750,green,0.268,,0,unknown,0.000000,null,0.000000,0.353,,"{""0"": 250, ""1"": 250, ""2"": null, ""3"": null, ""4"": null, ""5"": null, ""6"": null, ""7"": null}","{""0"": 0.0, ""1"": 0.0, ""2"": null, ""3"": null, ""4"": null, ""5"": null, ""6"": null, ""7"": null}","{""0"": 250, ""1"": 250}",250,1,0,0,0,0.353,ultrasonic-not-close,KEEP_PAUSED,right,left,,0
401,2026-08-02T02:28:20.152+09:00,49.783,400,8.50,0,DRIVING,,0,1,1,0,0,0,-0.193127,-0.751,2260,0,0.347636,0.347636,0,750,green,0.231,,0,unknown,0.000000,null,0.000000,0.280,,"{""0"": 250, ""1"": 250, ""2"": null, ""3"": null, ""4"": null, ""5"": null, ""6"": null, ""7"": null}","{""0"": 0.0, ""1"": 0.0, ""2"": null, ""3"": null, ""4"": null, ""5"": null, ""6"": null, ""7"": null}","{""0"": 250, ""1"": 250}",250,1,0,0,0,0.280,ultrasonic-not-close,KEEP_PAUSED,right,left,,0
402,2026-08-02T02:28:20.290+09:00,49.922,401,8.39,0,DRIVING,,0,1,1,0,0,0,-0.192832,-0.752,2260,0,0.346571,0.346571,0,750,green,0.323,,0,unknown,0.000000,null,0.000000,0.420,,"{""0"": 250, ""1"": 250, ""2"": null, ""3"": null, ""4"": null, ""5"": null, ""6"": null, ""7"": null}","{""0"": 0.0, ""1"": 0.0, ""2"": null, ""3"": null, ""4"": null, ""5"": null, ""6"": null, ""7"": null}","{""0"": 250, ""1"": 250}",250,1,0,0,0,0.420,ultrasonic-not-close,KEEP_PAUSED,right,left,,0
403,2026-08-02T02:28:20.382+09:00,50.012,402,8.46,0,DRIVING,,0,1,1,0,0,0,-0.193127,-0.754,2260,0,0.347792,0.347792,0,750,green,0.361,,0,unknown,0.000000,null,0.000000,0.410,,"{""0"": 250, ""1"": 250, ""2"": null, ""3"": null, ""4"": null, ""5"": null, ""6"": null, ""7"": null}","{""0"": 0.0, ""1"": 0.0, ""2"": null, ""3"": null, ""4"": null, ""5"": null, ""6"": null, ""7"": null}","{""0"": 250, ""1"": 250}",250,1,0,0,0,0.410,ultrasonic-not-close,KEEP_PAUSED,right,left,,0
404,2026-08-02T02:28:20.572+09:00,50.203,403,8.32,0,DRIVING,,0,1,1,0,0,0,-0.193127,-0.754,2260,0,0.347743,0.347743,0,750,green,0.233,,0,unknown,0.000000,null,0.000000,0.382,,"{""0"": 250, ""1"": 250, ""2"": null, ""3"": null, ""4"": null, ""5"": null, ""6"": null, ""7"": null}","{""0"": 0.0, ""1"": 0.0, ""2"": null, ""3"": null, ""4"": null, ""5"": null, ""6"": null, ""7"": null}","{""0"": 250, ""1"": 250}",250,1,0,0,0,0.382,ultrasonic-not-close,KEEP_PAUSED,right,left,,0
405,2026-08-02T02:28:20.668+09:00,50.300,404,8.30,0,DRIVING,,0,1,1,0,0,0,-0.193127,-0.717,2239,0,0.347709,0.347709,0,750,green,0.285,,0,unknown,0.000000,null,0.000000,0.479,,"{""0"": 250, ""1"": 250, ""2"": null, ""3"": null, ""4"": null, ""5"": null, ""6"": null, ""7"": null}","{""0"": 0.0, ""1"": 0.0, ""2"": null, ""3"": null, ""4"": null, ""5"": null, ""6"": null, ""7"": null}","{""0"": 250, ""1"": 250}",250,1,0,0,0,0.479,ultrasonic-not-close,KEEP_PAUSED,right,left,,0
406,2026-08-02T02:28:20.763+09:00,50.394,405,8.29,0,DRIVING,,0,1,1,0,0,0,-0.192832,-0.727,2260,0,0.346622,0.346622,0,750,green,0.291,,0,unknown,0.000000,null,0.000000,0.344,,"{""0"": 250, ""1"": 250, ""2"": null, ""3"": null, ""4"": null, ""5"": null, ""6"": null, ""7"": null}","{""0"": 0.0, ""1"": 0.0, ""2"": null, ""3"": null, ""4"": null, ""5"": null, ""6"": null, ""7"": null}","{""0"": 250, ""1"": 250}",250,1,0,0,0,0.344,ultrasonic-not-close,KEEP_PAUSED,right,left,,0
407,2026-08-02T02:28:20.905+09:00,50.538,406,8.17,0,DRIVING,,0,1,1,0,0,0,-0.193127,-0.735,2260,0,0.347828,0.347828,0,750,green,0.195,,0,unknown,0.000000,null,0.000000,0.487,,"{""0"": 250, ""1"": 250, ""2"": null, ""3"": null, ""4"": null, ""5"": null, ""6"": null, ""7"": null}","{""0"": 0.0, ""1"": 0.0, ""2"": null, ""3"": null, ""4"": null, ""5"": null, ""6"": null, ""7"": null}","{""0"": 250, ""1"": 250}",250,1,0,0,0,0.487,ultrasonic-not-close,KEEP_PAUSED,right,left,,0
408,2026-08-02T02:28:20.992+09:00,50.624,407,8.41,0,DRIVING,,0,1,1,0,0,0,-0.192832,-0.740,2260,0,0.346705,0.346705,0,750,green,0.240,,0,unknown,0.000000,null,0.000000,0.286,,"{""0"": 250, ""1"": 250, ""2"": null, ""3"": null, ""4"": null, ""5"": null, ""6"": null, ""7"": null}","{""0"": 0.0, ""1"": 0.0, ""2"": null, ""3"": null, ""4"": null, ""5"": null, ""6"": null, ""7"": null}","{""0"": 250, ""1"": 250}",250,1,0,0,0,0.286,ultrasonic-not-close,KEEP_PAUSED,right,left,,0
409,2026-08-02T02:28:21.156+09:00,50.790,408,8.33,0,DRIVING,,0,1,1,0,0,0,-0.192832,-0.729,2251,0,0.346823,0.346823,0,757,green,0.328,,0,unknown,0.000000,null,0.000000,0.451,,"{""0"": 250, ""1"": 250, ""2"": null, ""3"": null, ""4"": null, ""5"": null, ""6"": null, ""7"": null}","{""0"": 0.0, ""1"": 0.0, ""2"": null, ""3"": null, ""4"": null, ""5"": null, ""6"": null, ""7"": null}","{""0"": 250, ""1"": 250}",250,1,0,0,0,0.451,ultrasonic-not-close,KEEP_PAUSED,right,left,,0
410,2026-08-02T02:28:21.242+09:00,50.872,409,8.35,0,DRIVING,,0,1,1,0,0,0,-0.193590,-0.707,2172,0,0.349633,0.349633,0,757,green,0.168,,0,unknown,0.000000,null,0.000000,0.298,,"{""0"": 250, ""1"": 250, ""2"": null, ""3"": null, ""4"": null, ""5"": null, ""6"": null, ""7"": null}","{""0"": 0.0, ""1"": 0.0, ""2"": null, ""3"": null, ""4"": null, ""5"": null, ""6"": null, ""7"": null}","{""0"": 250, ""1"": 250}",250,1,0,0,0,0.298,ultrasonic-not-close,KEEP_PAUSED,right,left,,0
411,2026-08-02T02:28:21.404+09:00,51.036,410,8.27,0,DRIVING,,0,1,1,0,0,0,-0.200277,-0.646,1398,2,0.373357,0.373357,0,746,green,0.255,,0,unknown,0.000000,null,0.000000,0.375,,"{""0"": 250, ""1"": 250, ""2"": null, ""3"": null, ""4"": null, ""5"": null, ""6"": null, ""7"": null}","{""0"": 0.0, ""1"": 0.0, ""2"": null, ""3"": null, ""4"": null, ""5"": null, ""6"": null, ""7"": null}","{""0"": 250, ""1"": 250}",250,1,0,0,0,0.375,ultrasonic-not-close,KEEP_PAUSED,right,left,,0
412,2026-08-02T02:28:21.501+09:00,51.134,411,8.25,0,DRIVING,,0,1,1,0,0,0,-0.210031,-0.292,781,3,0.404614,0.404614,0,747,green,0.250,,0,unknown,0.000000,null,0.000000,0.471,,"{""0"": 250, ""1"": 250, ""2"": null, ""3"": null, ""4"": null, ""5"": null, ""6"": null, ""7"": null}","{""0"": 0.0, ""1"": 0.0, ""2"": null, ""3"": null, ""4"": null, ""5"": null, ""6"": null, ""7"": null}","{""0"": 250, ""1"": 250}",250,1,0,0,0,0.471,ultrasonic-not-close,KEEP_PAUSED,right,left,,0
413,2026-08-02T02:28:21.601+09:00,51.234,412,8.30,0,DRIVING,,0,1,1,0,0,0,-0.236489,0.102,185,0,0.491895,0.491895,0,746,unknown,0.262,,0,unknown,0.000000,null,0.000000,0.322,,"{""0"": 250, ""1"": 250, ""2"": null, ""3"": null, ""4"": null, ""5"": null, ""6"": null, ""7"": null}","{""0"": 0.0, ""1"": 0.0, ""2"": null, ""3"": null, ""4"": null, ""5"": null, ""6"": null, ""7"": null}","{""0"": 250, ""1"": 250}",250,1,0,0,0,0.322,ultrasonic-not-close,KEEP_PAUSED,right,left,,0
414,2026-08-02T02:28:21.769+09:00,51.403,413,8.26,0,DRIVING,,0,1,1,0,0,0,-0.275422,-4.162,119,2,0.612187,0.612187,0,745,green,0.210,,0,unknown,0.000000,null,0.000000,0.491,,"{""0"": 250, ""1"": 250, ""2"": null, ""3"": null, ""4"": null, ""5"": null, ""6"": null, ""7"": null}","{""0"": 0.0, ""1"": 0.0, ""2"": null, ""3"": null, ""4"": null, ""5"": null, ""6"": null, ""7"": null}","{""0"": 250, ""1"": 250}",250,1,0,0,0,0.491,ultrasonic-not-close,KEEP_PAUSED,right,,,0
415,2026-08-02T02:28:21.857+09:00,51.490,414,8.27,0,DRIVING,,0,1,1,0,0,0,-0.298139,-6.939,181,2,0.659041,0.659041,0,746,green,0.274,,0,unknown,0.000000,null,0.000000,0.319,,"{""0"": 250, ""1"": 250, ""2"": null, ""3"": null, ""4"": null, ""5"": null, ""6"": null, ""7"": null}","{""0"": 0.0, ""1"": 0.0, ""2"": null, ""3"": null, ""4"": null, ""5"": null, ""6"": null, ""7"": null}","{""0"": 250, ""1"": 250}",250,1,0,0,0,0.319,ultrasonic-not-close,KEEP_PAUSED,right,,,0
416,2026-08-02T02:28:21.945+09:00,51.576,415,8.28,0,DRIVING,,0,1,1,0,0,0,-0.329799,-6.939,0,60,0.736301,0.736301,0,746,green,0.259,,0,unknown,0.000000,null,0.000000,0.404,,"{""0"": 250, ""1"": 250, ""2"": null, ""3"": null, ""4"": null, ""5"": null, ""6"": null, ""7"": null}","{""0"": 0.0, ""1"": 0.0, ""2"": null, ""3"": null, ""4"": null, ""5"": null, ""6"": null, ""7"": null}","{""0"": 250, ""1"": 250}",250,1,0,0,0,0.404,ultrasonic-not-close,KEEP_PAUSED,right,,,0
417,2026-08-02T02:28:22.028+09:00,51.662,416,8.28,0,DRIVING,,0,1,1,0,0,0,-0.351706,-6.939,0,0,0.772366,0.772366,0,744,green,0.348,,0,unknown,0.000000,null,0.000000,0.223,,"{""0"": 250, ""1"": 250, ""2"": null, ""3"": null, ""4"": null, ""5"": null, ""6"": null, ""7"": null}","{""0"": 0.0, ""1"": 0.0, ""2"": null, ""3"": null, ""4"": null, ""5"": null, ""6"": null, ""7"": null}","{""0"": 250, ""1"": 250}",250,1,0,0,0,0.223,ultrasonic-not-close,KEEP_PAUSED,right,,,0
418,2026-08-02T02:28:22.144+09:00,51.777,417,8.35,0,DRIVING,,0,1,1,0,0,0,-0.365078,-6.939,0,0,0.778718,0.778718,0,745,green,0.263,,0,unknown,0.000000,null,0.000000,0.338,,"{""0"": 250, ""1"": 250, ""2"": null, ""3"": null, ""4"": null, ""5"": null, ""6"": null, ""7"": null}","{""0"": 0.0, ""1"": 0.0, ""2"": null, ""3"": null, ""4"": null, ""5"": null, ""6"": null, ""7"": null}","{""0"": 250, ""1"": 250}",250,1,0,0,0,0.338,ultrasonic-not-close,KEEP_PAUSED,right,,,0
419,2026-08-02T02:28:22.232+09:00,51.863,418,8.53,0,DRIVING,,0,1,1,0,0,0,-0.379531,-6.939,0,0,0.794276,0.794276,0,745,green,0.203,,1,obstacle-car,0.451847,"[1145, 451, 1279, 717]",0.038445,0.248,,"{""0"": 250, ""1"": 71, ""2"": null, ""3"": null, ""4"": null, ""5"": null, ""6"": null, ""7"": null}","{""0"": 0.0, ""1"": 0.0, ""2"": null, ""3"": null, ""4"": null, ""5"": null, ""6"": null, ""7"": null}","{""0"": 250, ""1"": 71}",71,1,1,1,0,0.248,car+ultrasonic,KEEP_PAUSED,right,,,0
420,2026-08-02T02:28:22.395+09:00,52.026,419,8.37,0,DRIVING,,0,1,1,0,0,0,0.026459,-5.515,7360,0,-0.700626,-0.700626,0,745,green,0.206,,1,obstacle-car,0.451847,"[1145, 451, 1279, 717]",0.038445,0.410,,"{""0"": 250, ""1"": 250, ""2"": null, ""3"": null, ""4"": null, ""5"": null, ""6"": null, ""7"": null}","{""0"": 0.0, ""1"": 0.0, ""2"": null, ""3"": null, ""4"": null, ""5"": null, ""6"": null, ""7"": null}","{""0"": 250, ""1"": 250}",250,1,0,0,0,0.410,ultrasonic-not-close,KEEP_PAUSED,left,right,,0
421,2026-08-02T02:28:22.489+09:00,52.121,420,8.37,0,DRIVING,,0,1,1,0,0,0,-0.010502,-3.570,10336,246,-0.371665,-0.371665,0,745,green,0.254,,1,obstacle-car,0.716686,"[1103, 452, 1280, 716]",0.050684,0.423,,"{""0"": 250, ""1"": 70, ""2"": null, ""3"": null, ""4"": null, ""5"": null, ""6"": null, ""7"": null}","{""0"": 0.0, ""1"": 0.0, ""2"": null, ""3"": null, ""4"": null, ""5"": null, ""6"": null, ""7"": null}","{""0"": 250, ""1"": 70}",70,1,1,1,0,0.423,car+ultrasonic,KEEP_PAUSED,left,right,,0
422,2026-08-02T02:28:22.591+09:00,52.223,421,8.34,0,DRIVING,,0,1,1,0,0,0,-0.028747,-1.850,5412,70,-0.188812,-0.188812,0,745,green,0.349,,1,obstacle-car,0.813213,"[1026, 481, 1277, 717]",0.064226,0.324,,"{""0"": 250, ""1"": 76, ""2"": null, ""3"": null, ""4"": null, ""5"": null, ""6"": null, ""7"": null}","{""0"": 0.0, ""1"": 0.0, ""2"": null, ""3"": null, ""4"": null, ""5"": null, ""6"": null, ""7"": null}","{""0"": 250, ""1"": 76}",76,1,1,1,0,0.324,car+ultrasonic,KEEP_PAUSED,left,right,,0
423,2026-08-02T02:28:22.712+09:00,52.344,422,8.42,0,DRIVING,,0,1,1,0,0,0,-0.068223,-1.725,9694,1149,0.025467,0.025467,0,744,green,0.365,,1,obstacle-car,0.813213,"[1026, 481, 1277, 717]",0.064226,0.443,,"{""0"": 250, ""1"": 77, ""2"": null, ""3"": null, ""4"": null, ""5"": null, ""6"": null, ""7"": null}","{""0"": 0.0, ""1"": 0.0, ""2"": null, ""3"": null, ""4"": null, ""5"": null, ""6"": null, ""7"": null}","{""0"": 250, ""1"": 77}",77,1,1,1,0,0.443,car+ultrasonic,KEEP_PAUSED,left,right,,0
424,2026-08-02T02:28:22.817+09:00,52.446,423,8.46,0,DRIVING,,0,1,1,0,0,0,-0.068365,-1.842,8391,1400,0.055179,0.055179,0,745,green,0.227,,1,obstacle-car,0.888555,"[937, 450, 1276, 718]",0.098498,0.288,,"{""0"": 250, ""1"": 87, ""2"": null, ""3"": null, ""4"": null, ""5"": null, ""6"": null, ""7"": null}","{""0"": 0.0, ""1"": 0.0, ""2"": null, ""3"": null, ""4"": null, ""5"": null, ""6"": null, ""7"": null}","{""0"": 250, ""1"": 87}",87,1,1,1,0,0.288,car+ultrasonic,KEEP_PAUSED,left,right,,0
425,2026-08-02T02:28:22.920+09:00,52.552,424,8.43,0,DRIVING,,0,1,1,0,0,0,0.505651,-1.842,0,0,-1.000000,-1.000000,0,745,green,0.230,,1,obstacle-car,0.888555,"[937, 450, 1276, 718]",0.098498,0.394,,"{""0"": 250, ""1"": 86, ""2"": null, ""3"": null, ""4"": null, ""5"": null, ""6"": null, ""7"": null}","{""0"": 0.0, ""1"": 0.0, ""2"": null, ""3"": null, ""4"": null, ""5"": null, ""6"": null, ""7"": null}","{""0"": 250, ""1"": 86}",86,1,1,1,0,0.394,car+ultrasonic,KEEP_PAUSED,left,,,0
426,2026-08-02T02:28:23.014+09:00,52.646,425,8.65,0,DRIVING,,0,1,1,0,0,0,0.501045,-1.842,0,0,-1.000000,-1.000000,0,744,green,0.213,,1,obstacle-car,0.870605,"[858, 430, 1273, 718]",0.129476,0.266,,"{""0"": 250, ""1"": 87, ""2"": null, ""3"": null, ""4"": null, ""5"": null, ""6"": null, ""7"": null}","{""0"": 0.0, ""1"": 0.0, ""2"": null, ""3"": null, ""4"": null, ""5"": null, ""6"": null, ""7"": null}","{""0"": 250, ""1"": 87}",87,1,1,1,0,0.266,car+ultrasonic,KEEP_PAUSED,left,,,0
427,2026-08-02T02:28:23.111+09:00,52.741,426,8.73,0,DRIVING,,0,1,1,0,0,0,0.501045,-1.842,0,0,-1.000000,-1.000000,0,744,green,0.201,,1,obstacle-car,0.572566,"[860, 430, 1271, 718]",0.128422,0.253,,"{""0"": 250, ""1"": 91, ""2"": null, ""3"": null, ""4"": null, ""5"": null, ""6"": null, ""7"": null}","{""0"": 0.0, ""1"": 0.0, ""2"": null, ""3"": null, ""4"": null, ""5"": null, ""6"": null, ""7"": null}","{""0"": 250, ""1"": 91}",91,1,1,1,0,0.253,car+ultrasonic,KEEP_PAUSED,left,,,0
428,2026-08-02T02:28:23.234+09:00,52.867,427,8.82,0,DRIVING,,0,1,1,0,0,0,0.498359,-1.842,0,0,-1.000000,-1.000000,0,745,green,0.193,,1,obstacle-car,0.572566,"[860, 430, 1271, 718]",0.128422,0.380,,"{""0"": 250, ""1"": 94, ""2"": null, ""3"": null, ""4"": null, ""5"": null, ""6"": null, ""7"": null}","{""0"": 0.0, ""1"": 0.0, ""2"": null, ""3"": null, ""4"": null, ""5"": null, ""6"": null, ""7"": null}","{""0"": 250, ""1"": 94}",94,1,1,1,0,0.380,car+ultrasonic,KEEP_PAUSED,left,,,0
429,2026-08-02T02:28:23.317+09:00,52.949,428,8.86,0,DRIVING,,0,1,1,0,0,0,0.523694,,0,0,-1.000000,-1.000000,0,745,green,0.225,,1,obstacle-car,0.533554,"[852, 454, 1271, 718]",0.120053,0.265,,"{""0"": 250, ""1"": 57, ""2"": null, ""3"": null, ""4"": null, ""5"": null, ""6"": null, ""7"": null}","{""0"": 0.0, ""1"": 0.0, ""2"": null, ""3"": null, ""4"": null, ""5"": null, ""6"": null, ""7"": null}","{""0"": 250, ""1"": 57}",57,1,1,1,0,0.265,car+ultrasonic,KEEP_PAUSED,left,,,0
430,2026-08-02T02:28:23.443+09:00,53.077,429,8.86,0,DRIVING,,0,1,1,0,0,0,0.513234,,0,0,-1.000000,-1.000000,0,745,green,0.308,,1,obstacle-car,0.533554,"[852, 454, 1271, 718]",0.120053,0.393,,"{""0"": 250, ""1"": 57, ""2"": null, ""3"": null, ""4"": null, ""5"": null, ""6"": null, ""7"": null}","{""0"": 0.0, ""1"": 0.0, ""2"": null, ""3"": null, ""4"": null, ""5"": null, ""6"": null, ""7"": null}","{""0"": 250, ""1"": 57}",57,1,1,1,0,0.393,car+ultrasonic,KEEP_PAUSED,left,,,0
431,2026-08-02T02:28:23.527+09:00,53.160,430,8.89,0,DRIVING,,0,1,1,0,0,0,0.502847,,0,0,-1.000000,-1.000000,0,744,green,0.337,,1,obstacle-car,0.850316,"[841, 467, 1137, 720]",0.081049,0.255,,"{""0"": 250, ""1"": 61, ""2"": null, ""3"": null, ""4"": null, ""5"": null, ""6"": null, ""7"": null}","{""0"": 0.0, ""1"": 0.0, ""2"": null, ""3"": null, ""4"": null, ""5"": null, ""6"": null, ""7"": null}","{""0"": 250, ""1"": 61}",61,1,1,1,0,0.255,car+ultrasonic,KEEP_PAUSED,left,,,0
432,2026-08-02T02:28:23.653+09:00,53.285,431,8.92,0,DRIVING,,0,1,1,0,0,0,0.480217,,0,0,-0.903852,-0.903852,0,744,green,0.213,,1,obstacle-car,0.850316,"[841, 467, 1137, 720]",0.081049,0.380,,"{""0"": 250, ""1"": 50, ""2"": null, ""3"": null, ""4"": null, ""5"": null, ""6"": null, ""7"": null}","{""0"": 0.0, ""1"": 0.0, ""2"": null, ""3"": null, ""4"": null, ""5"": null, ""6"": null, ""7"": null}","{""0"": 250, ""1"": 50}",50,1,1,1,0,0.380,car+ultrasonic,KEEP_PAUSED,left,,,0
433,2026-08-02T02:28:23.762+09:00,53.394,432,8.87,0,DRIVING,,0,1,1,0,0,0,0.468683,,0,0,-0.850491,-0.850491,0,744,green,0.213,,0,unknown,0.000000,null,0.000000,0.407,,"{""0"": 250, ""1"": 55, ""2"": null, ""3"": null, ""4"": null, ""5"": null, ""6"": null, ""7"": null}","{""0"": 0.0, ""1"": 0.0, ""2"": null, ""3"": null, ""4"": null, ""5"": null, ""6"": null, ""7"": null}","{""0"": 250, ""1"": 55}",55,1,1,0,0,0.407,car-not-detected-or-stale,KEEP_PAUSED,left,,,0
434,2026-08-02T02:28:23.850+09:00,53.483,433,9.15,0,DRIVING,,0,1,1,0,0,0,0.444576,,0,0,-0.761647,-0.761647,0,744,green,0.238,,1,obstacle-car,0.651064,"[764, 458, 988, 718]",0.063294,0.286,,"{""0"": 250, ""1"": 57, ""2"": null, ""3"": null, ""4"": null, ""5"": null, ""6"": null, ""7"": null}","{""0"": 0.0, ""1"": 0.0, ""2"": null, ""3"": null, ""4"": null, ""5"": null, ""6"": null, ""7"": null}","{""0"": 250, ""1"": 57}",57,1,1,1,0,0.286,car+ultrasonic,KEEP_PAUSED,left,,,0
435,2026-08-02T02:28:23.975+09:00,53.608,434,9.07,0,DRIVING,,0,1,1,0,0,0,0.435501,,0,0,-0.740553,-0.740553,0,745,green,0.328,,1,obstacle-car,0.651064,"[764, 458, 988, 718]",0.063294,0.412,,"{""0"": 250, ""1"": 61, ""2"": null, ""3"": null, ""4"": null, ""5"": null, ""6"": null, ""7"": null}","{""0"": 0.0, ""1"": 0.0, ""2"": null, ""3"": null, ""4"": null, ""5"": null, ""6"": null, ""7"": null}","{""0"": 250, ""1"": 61}",61,1,1,1,0,0.412,car+ultrasonic,KEEP_PAUSED,left,,,0
436,2026-08-02T02:28:24.119+09:00,53.751,435,8.94,0,DRIVING,,0,1,1,0,0,1,0.431715,,0,0,-0.739930,-0.739930,0,745,green,0.325,,1,obstacle-car,0.972468,"[707, 352, 1271, 720]",0.224938,0.321,,"{""0"": 250, ""1"": 65, ""2"": null, ""3"": null, ""4"": null, ""5"": null, ""6"": null, ""7"": null}","{""0"": 0.0, ""1"": 0.0, ""2"": null, ""3"": null, ""4"": null, ""5"": null, ""6"": null, ""7"": null}","{""0"": 250, ""1"": 65}",65,1,1,1,0,0.321,car+ultrasonic,KEEP_PAUSED,left,,,0
437,2026-08-02T02:28:24.211+09:00,53.843,436,9.07,0,DRIVING,,0,1,1,0,0,0,0.432611,,0,0,-0.754301,-0.754301,0,744,green,0.147,,1,obstacle-car,0.986381,"[686, 362, 1266, 720]",0.225030,0.199,,"{""0"": 250, ""1"": 69, ""2"": null, ""3"": null, ""4"": null, ""5"": null, ""6"": null, ""7"": null}","{""0"": 0.0, ""1"": 0.0, ""2"": null, ""3"": null, ""4"": null, ""5"": null, ""6"": null, ""7"": null}","{""0"": 250, ""1"": 69}",69,1,1,1,0,0.199,car+ultrasonic,KEEP_PAUSED,left,,,0
438,2026-08-02T02:28:24.295+09:00,53.927,437,9.08,0,DRIVING,,0,1,1,0,0,0,0.434629,,0,0,-0.768887,-0.768887,0,744,green,0.095,,1,obstacle-car,0.986381,"[686, 362, 1266, 720]",0.225030,0.283,,"{""0"": 250, ""1"": 71, ""2"": null, ""3"": null, ""4"": null, ""5"": null, ""6"": null, ""7"": null}","{""0"": 0.0, ""1"": 0.0, ""2"": null, ""3"": null, ""4"": null, ""5"": null, ""6"": null, ""7"": null}","{""0"": 250, ""1"": 71}",71,1,1,1,0,0.283,car+ultrasonic,KEEP_PAUSED,left,,,0
439,2026-08-02T02:28:24.390+09:00,54.021,438,9.28,0,DRIVING,,0,1,1,0,0,1,0.437282,,0,0,-0.782472,-0.782472,0,744,green,0.179,,1,obstacle-car,0.980630,"[691, 367, 1268, 720]",0.221007,0.233,,"{""0"": 250, ""1"": 75, ""2"": null, ""3"": null, ""4"": null, ""5"": null, ""6"": null, ""7"": null}","{""0"": 0.0, ""1"": 0.0, ""2"": null, ""3"": null, ""4"": null, ""5"": null, ""6"": null, ""7"": null}","{""0"": 250, ""1"": 75}",75,1,1,1,0,0.233,car+ultrasonic,KEEP_PAUSED,left,,,0
440,2026-08-02T02:28:24.566+09:00,54.197,439,9.02,0,DRIVING,,0,1,1,0,0,0,0.437661,,0,0,-0.785225,-0.785225,0,744,green,0.191,,1,obstacle-car,0.980630,"[691, 367, 1268, 720]",0.221007,0.408,,"{""0"": 250, ""1"": 76, ""2"": null, ""3"": null, ""4"": null, ""5"": null, ""6"": null, ""7"": null}","{""0"": 0.0, ""1"": 0.0, ""2"": null, ""3"": null, ""4"": null, ""5"": null, ""6"": null, ""7"": null}","{""0"": 250, ""1"": 76}",76,1,1,1,0,0.408,car+ultrasonic,KEEP_PAUSED,left,,,0
441,2026-08-02T02:28:24.652+09:00,54.283,440,9.24,0,DRIVING,,0,1,1,0,0,1,0.439587,,0,0,-0.792928,-0.792928,0,744,green,0.274,,1,obstacle-car,0.987333,"[678, 393, 1277, 716]",0.210387,0.319,,"{""0"": 250, ""1"": 77, ""2"": null, ""3"": null, ""4"": null, ""5"": null, ""6"": null, ""7"": null}","{""0"": 0.0, ""1"": 0.0, ""2"": null, ""3"": null, ""4"": null, ""5"": null, ""6"": null, ""7"": null}","{""0"": 250, ""1"": 77}",77,1,1,1,0,0.319,car+ultrasonic,KEEP_PAUSED,left,,,0
442,2026-08-02T02:28:24.766+09:00,54.399,441,9.19,0,DRIVING,,0,1,1,0,0,0,0.426423,,0,0,-0.745037,-0.745037,0,745,green,0.257,,1,obstacle-car,0.987333,"[678, 393, 1277, 716]",0.210387,0.435,,"{""0"": 250, ""1"": 79, ""2"": null, ""3"": null, ""4"": null, ""5"": null, ""6"": null, ""7"": null}","{""0"": 0.0, ""1"": 0.0, ""2"": null, ""3"": null, ""4"": null, ""5"": null, ""6"": null, ""7"": null}","{""0"": 250, ""1"": 79}",79,1,1,1,0,0.435,car+ultrasonic,KEEP_PAUSED,left,,,0
443,2026-08-02T02:28:24.858+09:00,54.491,442,9.21,0,DRIVING,,0,1,1,0,0,0,0.416445,,0,0,-0.715875,-0.715875,0,745,green,0.375,,1,obstacle-car,0.977390,"[673, 399, 1275, 717]",0.207694,0.424,,"{""0"": 250, ""1"": 80, ""2"": null, ""3"": null, ""4"": null, ""5"": null, ""6"": null, ""7"": null}","{""0"": 0.0, ""1"": 0.0, ""2"": null, ""3"": null, ""4"": null, ""5"": null, ""6"": null, ""7"": null}","{""0"": 250, ""1"": 80}",80,1,1,1,0,0.424,car+ultrasonic,KEEP_PAUSED,left,,,0
444,2026-08-02T02:28:25.004+09:00,54.636,443,9.27,0,DRIVING,,0,1,1,0,0,0,0.410854,,0,0,-0.705863,-0.705863,0,744,green,0.296,,1,obstacle-car,0.977390,"[673, 399, 1275, 717]",0.207694,0.570,,"{""0"": 250, ""1"": 82, ""2"": null, ""3"": null, ""4"": null, ""5"": null, ""6"": null, ""7"": null}","{""0"": 0.0, ""1"": 0.0, ""2"": null, ""3"": null, ""4"": null, ""5"": null, ""6"": null, ""7"": null}","{""0"": 250, ""1"": 82}",82,1,1,1,0,0.570,car+ultrasonic,KEEP_PAUSED,left,,,0
445,2026-08-02T02:28:25.138+09:00,54.770,444,9.14,0,DRIVING,,0,1,1,0,0,0,0.392436,,0,3,-0.649661,-0.649661,0,745,green,0.239,,1,obstacle-car,0.988211,"[662, 410, 1225, 717]",0.187627,0.334,,"{""0"": 250, ""1"": 85, ""2"": null, ""3"": null, ""4"": null, ""5"": null, ""6"": null, ""7"": null}","{""0"": 0.0, ""1"": 0.0, ""2"": null, ""3"": null, ""4"": null, ""5"": null, ""6"": null, ""7"": null}","{""0"": 250, ""1"": 85}",85,1,1,1,0,0.334,car+ultrasonic,KEEP_PAUSED,left,,,0
446,2026-08-02T02:28:25.238+09:00,54.871,445,9.10,0,DRIVING,,0,1,1,0,0,0,0.371604,,0,53,-0.591684,-0.591684,0,745,green,0.376,,1,obstacle-car,0.977244,"[652, 406, 1196, 720]",0.185093,0.343,,"{""0"": 250, ""1"": 88, ""2"": null, ""3"": null, ""4"": null, ""5"": null, ""6"": null, ""7"": null}","{""0"": 0.0, ""1"": 0.0, ""2"": null, ""3"": null, ""4"": null, ""5"": null, ""6"": null, ""7"": null}","{""0"": 250, ""1"": 88}",88,1,1,1,0,0.343,car+ultrasonic,KEEP_PAUSED,left,,,0
447,2026-08-02T02:28:25.413+09:00,55.046,446,8.86,0,DRIVING,,0,1,1,0,0,0,0.293232,0.756,360,0,-0.332707,-0.332707,0,745,green,0.385,,1,obstacle-car,0.977244,"[652, 406, 1196, 720]",0.185093,0.520,,"{""0"": 250, ""1"": 93, ""2"": null, ""3"": null, ""4"": null, ""5"": null, ""6"": null, ""7"": null}","{""0"": 0.0, ""1"": 0.0, ""2"": null, ""3"": null, ""4"": null, ""5"": null, ""6"": null, ""7"": null}","{""0"": 250, ""1"": 93}",93,1,1,1,0,0.520,car+ultrasonic,KEEP_PAUSED,left,right,,0
448,2026-08-02T02:28:25.502+09:00,55.134,447,8.94,0,DRIVING,,0,1,1,0,0,0,0.242865,1.413,879,0,-0.209916,-0.209916,0,745,green,0.279,,1,obstacle-car,0.977637,"[596, 410, 1108, 720]",0.171612,0.327,,"{""0"": 250, ""1"": 97, ""2"": null, ""3"": null, ""4"": null, ""5"": null, ""6"": null, ""7"": null}","{""0"": 0.0, ""1"": 0.0, ""2"": null, ""3"": null, ""4"": null, ""5"": null, ""6"": null, ""7"": null}","{""0"": 250, ""1"": 97}",97,1,1,1,0,0.327,car+ultrasonic,KEEP_PAUSED,left,right,,0
449,2026-08-02T02:28:25.672+09:00,55.304,448,8.71,0,DRIVING,,0,1,1,0,0,0,0.216156,2.256,1165,0,-0.181937,-0.181937,0,744,green,0.269,,1,obstacle-car,0.977637,"[596, 410, 1108, 720]",0.171612,0.496,,"{""0"": 250, ""1"": 102, ""2"": null, ""3"": null, ""4"": null, ""5"": null, ""6"": null, ""7"": null}","{""0"": 0.0, ""1"": 0.0, ""2"": null, ""3"": null, ""4"": null, ""5"": null, ""6"": null, ""7"": null}","{""0"": 250, ""1"": 102}",102,1,1,1,0,0.496,car+ultrasonic,KEEP_PAUSED,left,right,,0
450,2026-08-02T02:28:25.766+09:00,55.397,449,8.89,0,DRIVING,,0,1,1,0,0,0,0.215757,2.694,984,4,-0.242642,-0.242642,0,744,green,0.262,,1,obstacle-car,0.972586,"[577, 421, 1072, 719]",0.160346,0.490,,"{""0"": 250, ""1"": 107, ""2"": null, ""3"": null, ""4"": null, ""5"": null, ""6"": null, ""7"": null}","{""0"": 0.0, ""1"": 0.0, ""2"": null, ""3"": null, ""4"": null, ""5"": null, ""6"": null, ""7"": null}","{""0"": 250, ""1"": 107}",107,1,1,1,0,0.490,car+ultrasonic,KEEP_PAUSED,left,right,,0
451,2026-08-02T02:28:25.866+09:00,55.500,450,8.88,0,DRIVING,,0,1,1,0,0,0,0.226144,-1.590,942,1,-0.323753,-0.323753,0,744,green,0.266,,1,obstacle-car,0.927837,"[503, 426, 951, 719]",0.142163,0.327,,"{""0"": 250, ""1"": 112, ""2"": null, ""3"": null, ""4"": null, ""5"": null, ""6"": null, ""7"": null}","{""0"": 0.0, ""1"": 0.0, ""2"": null, ""3"": null, ""4"": null, ""5"": null, ""6"": null, ""7"": null}","{""0"": 250, ""1"": 112}",112,1,1,1,0,0.327,car+ultrasonic,KEEP_PAUSED,left,right,,0
452,2026-08-02T02:28:25.991+09:00,55.623,451,8.82,0,DRIVING,,0,1,1,0,0,0,0.227487,-4.804,301,185,-0.353580,-0.353580,0,744,green,0.197,,1,obstacle-car,0.927837,"[503, 426, 951, 719]",0.142163,0.453,,"{""0"": 250, ""1"": 132, ""2"": null, ""3"": null, ""4"": null, ""5"": null, ""6"": null, ""7"": null}","{""0"": 0.0, ""1"": 0.0, ""2"": null, ""3"": null, ""4"": null, ""5"": null, ""6"": null, ""7"": null}","{""0"": 250, ""1"": 132}",132,1,1,1,0,0.453,car+ultrasonic,KEEP_PAUSED,left,right,,0
453,2026-08-02T02:28:26.081+09:00,55.712,452,8.90,0,DRIVING,,0,1,1,0,0,0,0.226016,-7.161,288,54,-0.365052,-0.365052,0,744,green,0.230,,1,obstacle-car,0.970995,"[495, 423, 922, 718]",0.136231,0.278,,"{""0"": 250, ""1"": 125, ""2"": null, ""3"": null, ""4"": null, ""5"": null, ""6"": null, ""7"": null}","{""0"": 0.0, ""1"": 0.0, ""2"": null, ""3"": null, ""4"": null, ""5"": null, ""6"": null, ""7"": null}","{""0"": 250, ""1"": 125}",125,1,1,1,0,0.278,car+ultrasonic,KEEP_PAUSED,left,right,,0
454,2026-08-02T02:28:26.183+09:00,55.816,453,8.90,0,DRIVING,,0,1,1,0,0,0,0.406673,-8.962,518,1,-1.000000,-1.000000,0,745,green,0.219,,1,obstacle-car,0.970995,"[495, 423, 922, 718]",0.136231,0.382,,"{""0"": 250, ""1"": 132, ""2"": null, ""3"": null, ""4"": null, ""5"": null, ""6"": null, ""7"": null}","{""0"": 0.0, ""1"": 0.0, ""2"": null, ""3"": null, ""4"": null, ""5"": null, ""6"": null, ""7"": null}","{""0"": 250, ""1"": 132}",132,1,1,1,0,0.382,car+ultrasonic,KEEP_PAUSED,left,,,0
455,2026-08-02T02:28:26.268+09:00,55.902,454,8.96,0,DRIVING,,0,1,1,0,0,0,0.411825,-10.337,249,1,-0.957717,-0.957717,0,744,green,0.321,,1,obstacle-car,0.911630,"[490, 421, 895, 710]",0.127278,0.241,,"{""0"": 250, ""1"": 136, ""2"": null, ""3"": null, ""4"": null, ""5"": null, ""6"": null, ""7"": null}","{""0"": 0.0, ""1"": 0.0, ""2"": null, ""3"": null, ""4"": null, ""5"": null, ""6"": null, ""7"": null}","{""0"": 250, ""1"": 136}",136,1,1,1,0,0.241,car+ultrasonic,KEEP_PAUSED,left,,,0
456,2026-08-02T02:28:26.437+09:00,56.071,455,8.76,0,DRIVING,,0,1,1,0,0,0,0.499366,-11.375,358,1,-1.000000,-1.000000,0,744,green,0.282,,1,obstacle-car,0.911630,"[490, 421, 895, 710]",0.127278,0.410,,"{""0"": 250, ""1"": 149, ""2"": null, ""3"": null, ""4"": null, ""5"": null, ""6"": null, ""7"": null}","{""0"": 0.0, ""1"": 0.0, ""2"": null, ""3"": null, ""4"": null, ""5"": null, ""6"": null, ""7"": null}","{""0"": 250, ""1"": 149}",149,1,1,1,0,0.410,car+ultrasonic,KEEP_PAUSED,left,,,0
457,2026-08-02T02:28:26.532+09:00,56.165,456,8.76,0,DRIVING,,0,1,1,0,0,0,0.488739,-12.190,356,1,-1.000000,-1.000000,0,745,green,0.260,,1,obstacle-car,0.910533,"[476, 432, 855, 677]",0.100487,0.312,,"{""0"": 250, ""1"": 152, ""2"": null, ""3"": null, ""4"": null, ""5"": null, ""6"": null, ""7"": null}","{""0"": 0.0, ""1"": 0.0, ""2"": null, ""3"": null, ""4"": null, ""5"": null, ""6"": null, ""7"": null}","{""0"": 250, ""1"": 152}",152,1,0,0,0,0.312,ultrasonic-not-close,KEEP_PAUSED,left,,,0
458,2026-08-02T02:28:26.683+09:00,56.316,457,8.69,0,DRIVING,,0,1,1,0,0,0,0.509648,-12.726,200,1,-1.000000,-1.000000,0,744,green,0.268,,1,obstacle-car,0.910533,"[476, 432, 855, 677]",0.100487,0.464,,"{""0"": 250, ""1"": 250, ""2"": null, ""3"": null, ""4"": null, ""5"": null, ""6"": null, ""7"": null}","{""0"": 0.0, ""1"": 0.0, ""2"": null, ""3"": null, ""4"": null, ""5"": null, ""6"": null, ""7"": null}","{""0"": 250, ""1"": 250}",250,1,0,0,0,0.464,ultrasonic-not-close,KEEP_PAUSED,left,,,0
459,2026-08-02T02:28:26.828+09:00,56.461,458,8.54,0,DRIVING,,0,1,1,0,0,0,0.517038,-13.159,171,125,-1.000000,-1.000000,0,743,green,0.246,,1,obstacle-car,0.927095,"[471, 429, 845, 691]",0.106035,0.522,,"{""0"": 250, ""1"": 250, ""2"": null, ""3"": null, ""4"": null, ""5"": null, ""6"": null, ""7"": null}","{""0"": 0.0, ""1"": 0.0, ""2"": null, ""3"": null, ""4"": null, ""5"": null, ""6"": null, ""7"": null}","{""0"": 250, ""1"": 250}",250,1,0,0,0,0.522,ultrasonic-not-close,KEEP_PAUSED,left,,,0
460,2026-08-02T02:28:26.942+09:00,56.574,459,8.58,0,DRIVING,,0,1,1,0,0,0,0.542312,-13.159,0,0,-1.000000,-1.000000,0,744,green,0.301,,1,obstacle-car,0.917268,"[501, 425, 823, 625]",0.069868,0.374,,"{""0"": 250, ""1"": 250, ""2"": null, ""3"": null, ""4"": null, ""5"": null, ""6"": null, ""7"": null}","{""0"": 0.0, ""1"": 0.0, ""2"": null, ""3"": null, ""4"": null, ""5"": null, ""6"": null, ""7"": null}","{""0"": 250, ""1"": 250}",250,1,0,0,0,0.374,ultrasonic-not-close,KEEP_PAUSED,left,,,0
461,2026-08-02T02:28:27.041+09:00,56.672,460,8.54,0,DRIVING,,0,1,1,0,0,0,0.572380,-7.809,1427,0,-1.000000,-1.000000,0,744,green,0.265,,1,obstacle-car,0.886293,"[519, 431, 835, 624]",0.065899,0.174,,"{""0"": 250, ""1"": 250, ""2"": null, ""3"": null, ""4"": null, ""5"": null, ""6"": null, ""7"": null}","{""0"": 0.0, ""1"": 0.0, ""2"": null, ""3"": null, ""4"": null, ""5"": null, ""6"": null, ""7"": null}","{""0"": 250, ""1"": 250}",250,1,0,0,0,0.174,ultrasonic-not-close,KEEP_PAUSED,left,,,0
462,2026-08-02T02:28:27.155+09:00,56.787,461,8.57,0,DRIVING,,0,0,1,0,0,0,,,0,0,-1.000000,-1.000000,0,744,green,0.216,,1,obstacle-car,0.886293,"[519, 431, 835, 624]",0.065899,0.290,,"{""0"": 250, ""1"": 250, ""2"": null, ""3"": null, ""4"": null, ""5"": null, ""6"": null, ""7"": null}","{""0"": 0.0, ""1"": 0.0, ""2"": null, ""3"": null, ""4"": null, ""5"": null, ""6"": null, ""7"": null}","{""0"": 250, ""1"": 250}",250,1,0,0,0,0.290,ultrasonic-not-close,KEEP_PAUSED,,,,1
463,2026-08-02T02:28:27.238+09:00,56.870,462,8.63,0,DRIVING,,0,1,1,0,0,0,-0.297135,,0,0,1.000000,1.000000,0,744,green,0.214,,1,obstacle-car,0.889591,"[539, 432, 840, 619]",0.061318,0.257,,"{""0"": 250, ""1"": 250, ""2"": null, ""3"": null, ""4"": null, ""5"": null, ""6"": null, ""7"": null}","{""0"": 0.0, ""1"": 0.0, ""2"": null, ""3"": null, ""4"": null, ""5"": null, ""6"": null, ""7"": null}","{""0"": 250, ""1"": 250}",250,1,0,0,0,0.257,ultrasonic-not-close,KEEP_PAUSED,right,,,0
464,2026-08-02T02:28:27.329+09:00,56.962,463,8.62,0,DRIVING,,0,1,1,0,0,0,-0.287630,,0,0,1.000000,1.000000,0,744,green,0.299,,1,obstacle-car,0.889591,"[539, 432, 840, 619]",0.061318,0.350,,"{""0"": 250, ""1"": 250, ""2"": null, ""3"": null, ""4"": null, ""5"": null, ""6"": null, ""7"": null}","{""0"": 0.0, ""1"": 0.0, ""2"": null, ""3"": null, ""4"": null, ""5"": null, ""6"": null, ""7"": null}","{""0"": 250, ""1"": 250}",250,1,0,0,0,0.350,ultrasonic-not-close,KEEP_PAUSED,right,,,0
465,2026-08-02T02:28:27.451+09:00,57.084,464,8.63,0,DRIVING,,0,1,1,0,0,0,-0.282670,,0,0,1.000000,1.000000,0,744,green,0.293,,1,obstacle-car,0.823866,"[553, 436, 839, 615]",0.055620,0.261,,"{""0"": 250, ""1"": 250, ""2"": null, ""3"": null, ""4"": null, ""5"": null, ""6"": null, ""7"": null}","{""0"": 0.0, ""1"": 0.0, ""2"": null, ""3"": null, ""4"": null, ""5"": null, ""6"": null, ""7"": null}","{""0"": 250, ""1"": 250}",250,1,0,0,0,0.261,ultrasonic-not-close,KEEP_PAUSED,right,,,0
466,2026-08-02T02:28:27.551+09:00,57.183,465,8.74,0,DRIVING,,0,1,1,0,0,0,-0.279492,,0,0,0.982896,0.982896,0,744,green,0.219,,1,obstacle-car,0.823866,"[553, 436, 839, 615]",0.055620,0.360,,"{""0"": 250, ""1"": 250, ""2"": null, ""3"": null, ""4"": null, ""5"": null, ""6"": null, ""7"": null}","{""0"": 0.0, ""1"": 0.0, ""2"": null, ""3"": null, ""4"": null, ""5"": null, ""6"": null, ""7"": null}","{""0"": 250, ""1"": 250}",250,1,0,0,0,0.360,ultrasonic-not-close,KEEP_PAUSED,right,,,0
467,2026-08-02T02:28:27.707+09:00,57.340,466,8.58,0,DRIVING,,0,1,1,0,0,0,-0.268164,,0,0,0.798172,0.798172,0,744,green,0.224,,0,unknown,0.000000,null,0.000000,0.341,,"{""0"": 250, ""1"": 250, ""2"": null, ""3"": null, ""4"": null, ""5"": null, ""6"": null, ""7"": null}","{""0"": 0.0, ""1"": 0.0, ""2"": null, ""3"": null, ""4"": null, ""5"": null, ""6"": null, ""7"": null}","{""0"": 250, ""1"": 250}",250,1,0,0,0,0.341,ultrasonic-not-close,KEEP_PAUSED,right,,,0
468,2026-08-02T02:28:27.790+09:00,57.423,467,8.58,0,DRIVING,,0,1,1,0,0,0,-0.264340,,0,0,0.689763,0.689763,0,744,green,0.258,,1,obstacle-car,0.514990,"[555, 437, 819, 613]",0.050635,0.301,,"{""0"": 250, ""1"": 250, ""2"": null, ""3"": null, ""4"": null, ""5"": null, ""6"": null, ""7"": null}","{""0"": 0.0, ""1"": 0.0, ""2"": null, ""3"": null, ""4"": null, ""5"": null, ""6"": null, ""7"": null}","{""0"": 250, ""1"": 250}",250,1,0,0,0,0.301,ultrasonic-not-close,KEEP_PAUSED,right,,,0
469,2026-08-02T02:28:27.913+09:00,57.545,468,8.52,0,DRIVING,,0,1,1,0,0,0,-0.109208,,0,0,0.067101,0.067101,0,744,green,0.342,,1,obstacle-car,0.514990,"[555, 437, 819, 613]",0.050635,0.422,,"{""0"": 250, ""1"": 250, ""2"": null, ""3"": null, ""4"": null, ""5"": null, ""6"": null, ""7"": null}","{""0"": 0.0, ""1"": 0.0, ""2"": null, ""3"": null, ""4"": null, ""5"": null, ""6"": null, ""7"": null}","{""0"": 250, ""1"": 250}",250,1,0,0,0,0.422,ultrasonic-not-close,KEEP_PAUSED,right,,,0
470,2026-08-02T02:28:27.993+09:00,57.626,469,8.75,0,DRIVING,,0,1,1,0,0,0,-0.047222,,0,0,-0.117205,-0.117205,0,743,green,0.366,,0,unknown,0.000000,null,0.000000,0.250,,"{""0"": 250, ""1"": 250, ""2"": null, ""3"": null, ""4"": null, ""5"": null, ""6"": null, ""7"": null}","{""0"": 0.0, ""1"": 0.0, ""2"": null, ""3"": null, ""4"": null, ""5"": null, ""6"": null, ""7"": null}","{""0"": 250, ""1"": 250}",250,1,0,0,0,0.250,ultrasonic-not-close,KEEP_PAUSED,right,,,0
471,2026-08-02T02:28:28.150+09:00,57.783,470,8.57,0,DRIVING,,0,1,1,0,0,0,-0.131728,17.473,76,3,0.247679,0.247679,0,744,green,0.215,,0,unknown,0.000000,null,0.000000,0.408,,"{""0"": 250, ""1"": 250, ""2"": null, ""3"": null, ""4"": null, ""5"": null, ""6"": null, ""7"": null}","{""0"": 0.0, ""1"": 0.0, ""2"": null, ""3"": null, ""4"": null, ""5"": null, ""6"": null, ""7"": null}","{""0"": 250, ""1"": 250}",250,1,0,0,0,0.408,ultrasonic-not-close,KEEP_PAUSED,right,left,,0
472,2026-08-02T02:28:28.288+09:00,57.921,471,8.52,0,DRIVING,,0,1,1,0,0,0,-0.119087,17.486,778,7,0.198998,0.198998,0,744,green,0.246,,0,unknown,0.000000,null,0.000000,0.461,,"{""0"": 250, ""1"": 250, ""2"": null, ""3"": null, ""4"": null, ""5"": null, ""6"": null, ""7"": null}","{""0"": 0.0, ""1"": 0.0, ""2"": null, ""3"": null, ""4"": null, ""5"": null, ""6"": null, ""7"": null}","{""0"": 250, ""1"": 250}",250,1,0,0,0,0.461,ultrasonic-not-close,KEEP_PAUSED,right,left,,0
473,2026-08-02T02:28:28.382+09:00,58.013,472,8.52,0,DRIVING,,0,1,1,0,0,0,-0.135617,17.435,3824,0,0.263114,0.263114,0,744,green,0.292,,0,unknown,0.000000,null,0.000000,0.343,,"{""0"": 250, ""1"": 250, ""2"": null, ""3"": null, ""4"": null, ""5"": null, ""6"": null, ""7"": null}","{""0"": 0.0, ""1"": 0.0, ""2"": null, ""3"": null, ""4"": null, ""5"": null, ""6"": null, ""7"": null}","{""0"": 250, ""1"": 250}",250,1,0,0,0,0.343,ultrasonic-not-close,KEEP_PAUSED,right,left,,0
474,2026-08-02T02:28:28.520+09:00,58.154,473,8.53,0,DRIVING,,0,1,1,0,0,0,-0.145872,17.154,5333,3,0.294333,0.294333,0,744,green,0.253,,0,unknown,0.000000,null,0.000000,0.483,,"{""0"": 250, ""1"": 250, ""2"": null, ""3"": null, ""4"": null, ""5"": null, ""6"": null, ""7"": null}","{""0"": 0.0, ""1"": 0.0, ""2"": null, ""3"": null, ""4"": null, ""5"": null, ""6"": null, ""7"": null}","{""0"": 250, ""1"": 250}",250,1,0,0,0,0.483,ultrasonic-not-close,KEEP_PAUSED,right,left,,0
475,2026-08-02T02:28:28.707+09:00,58.339,474,8.41,0,DRIVING,,0,1,1,0,0,0,-0.152697,16.894,6485,0,0.309372,0.309372,0,744,green,0.236,,0,unknown,0.000000,null,0.000000,0.382,,"{""0"": 250, ""1"": 250, ""2"": null, ""3"": null, ""4"": null, ""5"": null, ""6"": null, ""7"": null}","{""0"": 0.0, ""1"": 0.0, ""2"": null, ""3"": null, ""4"": null, ""5"": null, ""6"": null, ""7"": null}","{""0"": 250, ""1"": 250}",250,1,0,0,0,0.382,ultrasonic-not-close,KEEP_PAUSED,right,left,,0
476,2026-08-02T02:28:28.802+09:00,58.434,475,8.42,0,DRIVING,,0,1,1,0,0,0,-0.146905,16.651,7497,0,0.278165,0.278165,0,744,green,0.312,,0,unknown,0.000000,null,0.000000,0.365,,"{""0"": 250, ""1"": 250, ""2"": null, ""3"": null, ""4"": null, ""5"": null, ""6"": null, ""7"": null}","{""0"": 0.0, ""1"": 0.0, ""2"": null, ""3"": null, ""4"": null, ""5"": null, ""6"": null, ""7"": null}","{""0"": 250, ""1"": 250}",250,1,0,0,0,0.365,ultrasonic-not-close,KEEP_PAUSED,right,left,,0
477,2026-08-02T02:28:28.954+09:00,58.587,476,8.47,0,DRIVING,,0,1,1,0,0,0,-0.157388,16.356,8186,0,0.311784,0.311784,0,744,green,0.285,,0,unknown,0.000000,null,0.000000,0.521,,"{""0"": 250, ""1"": 250, ""2"": null, ""3"": null, ""4"": null, ""5"": null, ""6"": null, ""7"": null}","{""0"": 0.0, ""1"": 0.0, ""2"": null, ""3"": null, ""4"": null, ""5"": null, ""6"": null, ""7"": null}","{""0"": 250, ""1"": 250}",250,1,0,0,0,0.521,ultrasonic-not-close,KEEP_PAUSED,right,left,,0
478,2026-08-02T02:28:29.082+09:00,58.714,477,8.38,0,DRIVING,,0,1,1,0,0,0,-0.128815,16.030,8309,0,0.200377,0.200377,0,744,green,0.251,,0,unknown,0.000000,null,0.000000,0.524,,"{""0"": 250, ""1"": 250, ""2"": null, ""3"": null, ""4"": null, ""5"": null, ""6"": null, ""7"": null}","{""0"": 0.0, ""1"": 0.0, ""2"": null, ""3"": null, ""4"": null, ""5"": null, ""6"": null, ""7"": null}","{""0"": 250, ""1"": 250}",250,1,0,0,0,0.524,ultrasonic-not-close,KEEP_PAUSED,right,left,,0
479,2026-08-02T02:28:29.170+09:00,58.802,478,8.57,0,DRIVING,,0,1,1,0,0,0,-0.127419,15.558,8311,0,0.204797,0.204797,0,744,green,0.283,,0,unknown,0.000000,null,0.000000,0.332,,"{""0"": 250, ""1"": 250, ""2"": null, ""3"": null, ""4"": null, ""5"": null, ""6"": null, ""7"": null}","{""0"": 0.0, ""1"": 0.0, ""2"": null, ""3"": null, ""4"": null, ""5"": null, ""6"": null, ""7"": null}","{""0"": 250, ""1"": 250}",250,1,0,0,0,0.332,ultrasonic-not-close,KEEP_PAUSED,right,left,,0
480,2026-08-02T02:28:29.280+09:00,58.913,479,8.54,0,DRIVING,,0,1,1,0,0,0,-0.103830,15.253,8842,0,0.127243,0.127243,0,744,green,0.372,,0,unknown,0.000000,null,0.000000,0.441,,"{""0"": 250, ""1"": 250, ""2"": null, ""3"": null, ""4"": null, ""5"": null, ""6"": null, ""7"": null}","{""0"": 0.0, ""1"": 0.0, ""2"": null, ""3"": null, ""4"": null, ""5"": null, ""6"": null, ""7"": null}","{""0"": 250, ""1"": 250}",250,1,0,0,0,0.441,ultrasonic-not-close,KEEP_PAUSED,right,left,,0
481,2026-08-02T02:28:29.413+09:00,59.045,480,8.46,0,DRIVING,,0,1,1,0,0,0,-0.005182,14.842,9262,0,-0.209993,-0.209993,0,744,green,0.329,,0,unknown,0.000000,null,0.000000,0.294,,"{""0"": 250, ""1"": 250, ""2"": null, ""3"": null, ""4"": null, ""5"": null, ""6"": null, ""7"": null}","{""0"": 0.0, ""1"": 0.0, ""2"": null, ""3"": null, ""4"": null, ""5"": null, ""6"": null, ""7"": null}","{""0"": 250, ""1"": 250}",250,1,0,0,0,0.294,ultrasonic-not-close,KEEP_PAUSED,right,left,,0
482,2026-08-02T02:28:29.502+09:00,59.135,481,8.55,0,DRIVING,,0,1,1,0,0,0,-0.000144,14.368,8734,0,-0.162333,-0.162333,0,744,green,0.246,,0,unknown,0.000000,null,0.000000,0.295,,"{""0"": 250, ""1"": 250, ""2"": null, ""3"": null, ""4"": null, ""5"": null, ""6"": null, ""7"": null}","{""0"": 0.0, ""1"": 0.0, ""2"": null, ""3"": null, ""4"": null, ""5"": null, ""6"": null, ""7"": null}","{""0"": 250, ""1"": 250}",250,1,0,0,0,0.295,ultrasonic-not-close,KEEP_PAUSED,right,,,0
483,2026-08-02T02:28:29.631+09:00,59.261,482,8.45,0,DRIVING,,0,1,1,0,0,0,0.013684,13.712,9090,0,-0.163338,-0.163338,0,744,green,0.227,,0,unknown,0.000000,null,0.000000,0.422,,"{""0"": 250, ""1"": 250, ""2"": null, ""3"": null, ""4"": null, ""5"": null, ""6"": null, ""7"": null}","{""0"": 0.0, ""1"": 0.0, ""2"": null, ""3"": null, ""4"": null, ""5"": null, ""6"": null, ""7"": null}","{""0"": 250, ""1"": 250}",250,1,0,0,0,0.422,ultrasonic-not-close,KEEP_PAUSED,right,left,,0
484,2026-08-02T02:28:29.804+09:00,59.436,483,8.28,0,DRIVING,,0,1,1,0,0,0,0.012945,12.959,8569,0,-0.119066,-0.119066,0,744,green,0.221,,0,unknown,0.000000,null,0.000000,0.355,,"{""0"": 250, ""1"": 250, ""2"": null, ""3"": null, ""4"": null, ""5"": null, ""6"": null, ""7"": null}","{""0"": 0.0, ""1"": 0.0, ""2"": null, ""3"": null, ""4"": null, ""5"": null, ""6"": null, ""7"": null}","{""0"": 250, ""1"": 250}",250,1,0,0,0,0.355,ultrasonic-not-close,KEEP_PAUSED,right,,,0
485,2026-08-02T02:28:29.893+09:00,59.525,484,8.28,0,DRIVING,,0,1,1,0,0,0,0.010027,12.164,8277,0,-0.079830,-0.079830,0,744,green,0.304,,0,unknown,0.000000,null,0.000000,0.354,,"{""0"": 250, ""1"": 250, ""2"": null, ""3"": null, ""4"": null, ""5"": null, ""6"": null, ""7"": null}","{""0"": 0.0, ""1"": 0.0, ""2"": null, ""3"": null, ""4"": null, ""5"": null, ""6"": null, ""7"": null}","{""0"": 250, ""1"": 250}",250,1,0,0,0,0.354,ultrasonic-not-close,KEEP_PAUSED,right,,,0
486,2026-08-02T02:28:30.007+09:00,59.640,485,8.41,0,DRIVING,,0,1,1,0,0,0,0.015438,11.120,8317,7,-0.080777,-0.080777,0,745,green,0.267,,0,unknown,0.000000,null,0.000000,0.467,,"{""0"": 250, ""1"": 250, ""2"": null, ""3"": null, ""4"": null, ""5"": null, ""6"": null, ""7"": null}","{""0"": 0.0, ""1"": 0.0, ""2"": null, ""3"": null, ""4"": null, ""5"": null, ""6"": null, ""7"": null}","{""0"": 250, ""1"": 250}",250,1,0,0,0,0.467,ultrasonic-not-close,KEEP_PAUSED,right,,,0
487,2026-08-02T02:28:30.164+09:00,59.797,486,8.26,0,DRIVING,,0,1,1,0,0,0,0.014035,11.120,0,0,-0.059829,-0.059829,0,745,green,0.207,,0,unknown,0.000000,null,0.000000,0.498,,"{""0"": 250, ""1"": 250, ""2"": null, ""3"": null, ""4"": null, ""5"": null, ""6"": null, ""7"": null}","{""0"": 0.0, ""1"": 0.0, ""2"": null, ""3"": null, ""4"": null, ""5"": null, ""6"": null, ""7"": null}","{""0"": 250, ""1"": 250}",250,1,0,0,0,0.498,ultrasonic-not-close,KEEP_PAUSED,,,,0
488,2026-08-02T02:28:30.264+09:00,59.896,487,8.38,0,DRIVING,,0,1,1,0,0,0,0.041695,11.120,0,0,-0.149036,-0.149036,0,744,green,0.364,,0,unknown,0.000000,null,0.000000,0.334,,"{""0"": 250, ""1"": 250, ""2"": null, ""3"": null, ""4"": null, ""5"": null, ""6"": null, ""7"": null}","{""0"": 0.0, ""1"": 0.0, ""2"": null, ""3"": null, ""4"": null, ""5"": null, ""6"": null, ""7"": null}","{""0"": 250, ""1"": 250}",250,1,0,0,0,0.334,ultrasonic-not-close,KEEP_PAUSED,,,,0
489,2026-08-02T02:28:30.447+09:00,60.079,488,8.29,0,DRIVING,,0,1,1,0,0,0,0.047923,11.120,0,0,-0.149262,-0.149262,0,744,green,0.377,,0,unknown,0.000000,null,0.000000,0.518,,"{""0"": 250, ""1"": 250, ""2"": null, ""3"": null, ""4"": null, ""5"": null, ""6"": null, ""7"": null}","{""0"": 0.0, ""1"": 0.0, ""2"": null, ""3"": null, ""4"": null, ""5"": null, ""6"": null, ""7"": null}","{""0"": 250, ""1"": 250}",250,1,0,0,0,0.518,ultrasonic-not-close,KEEP_PAUSED,,,,0
490,2026-08-02T02:28:30.540+09:00,60.174,489,8.33,0,DRIVING,,0,1,1,0,0,0,0.107073,9.836,8048,0,-0.343301,-0.343301,0,744,green,0.288,,0,unknown,0.000000,null,0.000000,0.341,,"{""0"": 250, ""1"": 250, ""2"": null, ""3"": null, ""4"": null, ""5"": null, ""6"": null, ""7"": null}","{""0"": 0.0, ""1"": 0.0, ""2"": null, ""3"": null, ""4"": null, ""5"": null, ""6"": null, ""7"": null}","{""0"": 250, ""1"": 250}",250,1,0,0,0,0.341,ultrasonic-not-close,KEEP_PAUSED,,,,0
491,2026-08-02T02:28:30.680+09:00,60.312,490,8.24,0,DRIVING,,0,1,1,0,0,0,0.116292,9.836,0,0,-0.331319,-0.331319,0,744,green,0.278,,0,unknown,0.000000,null,0.000000,0.479,,"{""0"": 250, ""1"": 250, ""2"": null, ""3"": null, ""4"": null, ""5"": null, ""6"": null, ""7"": null}","{""0"": 0.0, ""1"": 0.0, ""2"": null, ""3"": null, ""4"": null, ""5"": null, ""6"": null, ""7"": null}","{""0"": 250, ""1"": 250}",250,1,0,0,0,0.479,ultrasonic-not-close,KEEP_PAUSED,,,,0
492,2026-08-02T02:28:30.831+09:00,60.464,491,8.16,0,DRIVING,,0,1,1,0,0,0,0.108760,9.836,0,0,-0.267604,-0.267604,0,744,green,0.236,,0,unknown,0.000000,null,0.000000,0.346,,"{""0"": 250, ""1"": 250, ""2"": null, ""3"": null, ""4"": null, ""5"": null, ""6"": null, ""7"": null}","{""0"": 0.0, ""1"": 0.0, ""2"": null, ""3"": null, ""4"": null, ""5"": null, ""6"": null, ""7"": null}","{""0"": 250, ""1"": 250}",250,1,0,0,0,0.346,ultrasonic-not-close,KEEP_PAUSED,,,,0
493,2026-08-02T02:28:30.924+09:00,60.558,492,8.13,0,DRIVING,,0,1,1,0,0,0,0.080140,9.836,0,0,-0.143020,-0.143020,0,744,green,0.295,,0,unknown,0.000000,null,0.000000,0.348,,"{""0"": 250, ""1"": 250, ""2"": null, ""3"": null, ""4"": null, ""5"": null, ""6"": null, ""7"": null}","{""0"": 0.0, ""1"": 0.0, ""2"": null, ""3"": null, ""4"": null, ""5"": null, ""6"": null, ""7"": null}","{""0"": 250, ""1"": 250}",250,1,0,0,0,0.348,ultrasonic-not-close,KEEP_PAUSED,,,,0
494,2026-08-02T02:28:31.023+09:00,60.656,493,8.12,0,DRIVING,,0,1,1,0,0,0,0.040967,9.836,0,0,-0.002369,-0.002369,0,745,green,0.388,,0,unknown,0.000000,null,0.000000,0.445,,"{""0"": 250, ""1"": 250, ""2"": null, ""3"": null, ""4"": null, ""5"": null, ""6"": null, ""7"": null}","{""0"": 0.0, ""1"": 0.0, ""2"": null, ""3"": null, ""4"": null, ""5"": null, ""6"": null, ""7"": null}","{""0"": 250, ""1"": 250}",250,1,0,0,0,0.445,ultrasonic-not-close,KEEP_PAUSED,,,,0
495,2026-08-02T02:28:31.143+09:00,60.776,494,8.13,0,DRIVING,,0,1,1,0,0,0,0.012347,,0,0,0.079251,0.079251,0,745,green,0.347,,0,unknown,0.000000,null,0.000000,0.276,,"{""0"": 250, ""1"": 250, ""2"": null, ""3"": null, ""4"": null, ""5"": null, ""6"": null, ""7"": null}","{""0"": 0.0, ""1"": 0.0, ""2"": null, ""3"": null, ""4"": null, ""5"": null, ""6"": null, ""7"": null}","{""0"": 250, ""1"": 250}",250,1,0,0,0,0.276,ultrasonic-not-close,KEEP_PAUSED,,,,0
496,2026-08-02T02:28:31.245+09:00,60.878,495,8.12,0,DRIVING,,0,1,1,0,0,0,-0.015729,,0,0,0.149883,0.149883,0,744,green,0.222,,0,unknown,0.000000,null,0.000000,0.378,,"{""0"": 250, ""1"": 250, ""2"": null, ""3"": null, ""4"": null, ""5"": null, ""6"": null, ""7"": null}","{""0"": 0.001, ""1"": 0.001, ""2"": null, ""3"": null, ""4"": null, ""5"": null, ""6"": null, ""7"": null}","{""0"": 250, ""1"": 250}",250,1,0,0,0,0.377,ultrasonic-not-close,KEEP_PAUSED,,,,0
497,2026-08-02T02:28:31.398+09:00,61.033,496,8.12,0,DRIVING,,0,1,1,0,0,0,-0.041104,,0,0,0.204763,0.204763,0,744,green,0.224,,0,unknown,0.000000,null,0.000000,0.341,,"{""0"": 250, ""1"": 250, ""2"": null, ""3"": null, ""4"": null, ""5"": null, ""6"": null, ""7"": null}","{""0"": 0.0, ""1"": 0.0, ""2"": null, ""3"": null, ""4"": null, ""5"": null, ""6"": null, ""7"": null}","{""0"": 250, ""1"": 250}",250,1,0,0,0,0.341,ultrasonic-not-close,KEEP_PAUSED,,,,0
498,2026-08-02T02:28:31.494+09:00,61.128,497,8.10,0,DRIVING,,0,1,1,0,0,0,-0.058606,,0,0,0.228535,0.228535,0,743,green,0.261,,0,unknown,0.000000,null,0.000000,0.316,,"{""0"": 250, ""1"": 250, ""2"": null, ""3"": null, ""4"": null, ""5"": null, ""6"": null, ""7"": null}","{""0"": 0.001, ""1"": 0.001, ""2"": null, ""3"": null, ""4"": null, ""5"": null, ""6"": null, ""7"": null}","{""0"": 250, ""1"": 250}",250,1,0,0,0,0.315,ultrasonic-not-close,KEEP_PAUSED,,,,0
499,2026-08-02T02:28:31.583+09:00,61.217,498,8.17,0,DRIVING,,0,1,1,0,0,0,-0.091535,,0,0,0.310166,0.310166,0,744,green,0.358,,0,unknown,0.000000,null,0.000000,0.405,,"{""0"": 250, ""1"": 250, ""2"": null, ""3"": null, ""4"": null, ""5"": null, ""6"": null, ""7"": null}","{""0"": 0.0, ""1"": 0.0, ""2"": null, ""3"": null, ""4"": null, ""5"": null, ""6"": null, ""7"": null}","{""0"": 250, ""1"": 250}",250,1,0,0,0,0.405,ultrasonic-not-close,KEEP_PAUSED,,,,0
500,2026-08-02T02:28:31.683+09:00,61.317,499,8.12,0,DRIVING,,0,1,1,0,0,0,-0.074190,,0,0,0.204106,0.204106,0,744,green,0.357,,0,unknown,0.000000,null,0.000000,0.249,,"{""0"": 250, ""1"": 250, ""2"": null, ""3"": null, ""4"": null, ""5"": null, ""6"": null, ""7"": null}","{""0"": 0.0, ""1"": 0.0, ""2"": null, ""3"": null, ""4"": null, ""5"": null, ""6"": null, ""7"": null}","{""0"": 250, ""1"": 250}",250,1,0,0,0,0.249,ultrasonic-not-close,KEEP_PAUSED,,,,0
501,2026-08-02T02:28:31.852+09:00,61.486,500,8.10,0,DRIVING,,0,1,1,0,0,0,-0.081881,,0,0,0.210624,0.210624,0,744,green,0.202,,0,unknown,0.000000,null,0.000000,0.418,,"{""0"": 250, ""1"": 250, ""2"": null, ""3"": null, ""4"": null, ""5"": null, ""6"": null, ""7"": null}","{""0"": 0.0, ""1"": 0.0, ""2"": null, ""3"": null, ""4"": null, ""5"": null, ""6"": null, ""7"": null}","{""0"": 250, ""1"": 250}",250,1,0,0,0,0.418,ultrasonic-not-close,KEEP_PAUSED,,,,0
502,2026-08-02T02:28:31.945+09:00,61.577,501,8.21,0,DRIVING,,0,1,1,0,0,0,-0.104415,6.926,7168,0,0.272773,0.272773,0,744,green,0.260,,0,unknown,0.000000,null,0.000000,0.311,,"{""0"": 250, ""1"": 250, ""2"": null, ""3"": null, ""4"": null, ""5"": null, ""6"": null, ""7"": null}","{""0"": 0.0, ""1"": 0.0, ""2"": null, ""3"": null, ""4"": null, ""5"": null, ""6"": null, ""7"": null}","{""0"": 250, ""1"": 250}",250,1,0,0,0,0.311,ultrasonic-not-close,KEEP_PAUSED,right,,,0
503,2026-08-02T02:28:32.038+09:00,61.670,502,8.20,0,DRIVING,,0,1,1,0,0,0,-0.147260,6.926,0,0,0.401569,0.401569,0,744,green,0.256,,0,unknown,0.000000,null,0.000000,0.404,,"{""0"": 250, ""1"": 250, ""2"": null, ""3"": null, ""4"": null, ""5"": null, ""6"": null, ""7"": null}","{""0"": 0.0, ""1"": 0.0, ""2"": null, ""3"": null, ""4"": null, ""5"": null, ""6"": null, ""7"": null}","{""0"": 250, ""1"": 250}",250,1,0,0,0,0.404,ultrasonic-not-close,KEEP_PAUSED,,,,0
504,2026-08-02T02:28:32.122+09:00,61.754,503,8.33,0,DRIVING,,0,1,1,0,0,0,-0.182563,6.799,942,0,0.487710,0.487710,0,744,green,0.348,,0,unknown,0.000000,null,0.000000,0.392,,"{""0"": 250, ""1"": 250, ""2"": null, ""3"": null, ""4"": null, ""5"": null, ""6"": null, ""7"": null}","{""0"": 0.001, ""1"": 0.001, ""2"": null, ""3"": null, ""4"": null, ""5"": null, ""6"": null, ""7"": null}","{""0"": 250, ""1"": 250}",250,1,0,0,0,0.391,ultrasonic-not-close,KEEP_PAUSED,,,,0
505,2026-08-02T02:28:32.287+09:00,61.921,504,8.38,0,DRIVING,,0,1,1,0,0,0,-0.195438,7.270,9258,0,0.486328,0.486328,0,744,green,0.274,,0,unknown,0.000000,null,0.000000,0.307,,"{""0"": 250, ""1"": 250, ""2"": null, ""3"": null, ""4"": null, ""5"": null, ""6"": null, ""7"": null}","{""0"": 0.0, ""1"": 0.0, ""2"": null, ""3"": null, ""4"": null, ""5"": null, ""6"": null, ""7"": null}","{""0"": 250, ""1"": 250}",250,1,0,0,0,0.307,ultrasonic-not-close,KEEP_PAUSED,right,left,,0
506,2026-08-02T02:28:32.385+09:00,62.017,505,8.37,0,DRIVING,,0,1,1,0,0,0,-0.207097,7.451,3964,0,0.487940,0.487940,0,744,green,0.253,,0,unknown,0.000000,null,0.000000,0.402,,"{""0"": 250, ""1"": 250, ""2"": null, ""3"": null, ""4"": null, ""5"": null, ""6"": null, ""7"": null}","{""0"": 0.0, ""1"": 0.0, ""2"": null, ""3"": null, ""4"": null, ""5"": null, ""6"": null, ""7"": null}","{""0"": 250, ""1"": 250}",250,1,0,0,0,0.402,ultrasonic-not-close,KEEP_PAUSED,right,left,,0
507,2026-08-02T02:28:32.491+09:00,62.122,506,8.49,0,DRIVING,,0,1,1,0,0,0,-0.226876,7.258,2022,0,0.524596,0.524596,0,745,green,0.279,,0,unknown,0.000000,null,0.000000,0.330,,"{""0"": 250, ""1"": 250, ""2"": null, ""3"": null, ""4"": null, ""5"": null, ""6"": null, ""7"": null}","{""0"": 0.0, ""1"": 0.0, ""2"": null, ""3"": null, ""4"": null, ""5"": null, ""6"": null, ""7"": null}","{""0"": 250, ""1"": 250}",250,1,0,0,0,0.330,ultrasonic-not-close,KEEP_PAUSED,right,left,,0
508,2026-08-02T02:28:32.663+09:00,62.297,507,8.37,0,DRIVING,,0,1,1,0,0,0,-0.243131,6.958,781,22,0.548246,0.548246,0,744,green,0.209,,0,unknown,0.000000,null,0.000000,0.505,,"{""0"": 250, ""1"": 250, ""2"": null, ""3"": null, ""4"": null, ""5"": null, ""6"": null, ""7"": null}","{""0"": 0.0, ""1"": 0.0, ""2"": null, ""3"": null, ""4"": null, ""5"": null, ""6"": null, ""7"": null}","{""0"": 250, ""1"": 250}",250,1,0,0,0,0.505,ultrasonic-not-close,KEEP_PAUSED,,,,0
509,2026-08-02T02:28:32.751+09:00,62.385,508,8.38,0,DRIVING,,0,1,1,0,0,0,-0.217383,6.958,0,0,0.422371,0.422371,0,744,green,0.268,,0,unknown,0.000000,null,0.000000,0.316,,"{""0"": 250, ""1"": 250, ""2"": null, ""3"": null, ""4"": null, ""5"": null, ""6"": null, ""7"": null}","{""0"": 0.0, ""1"": 0.0, ""2"": null, ""3"": null, ""4"": null, ""5"": null, ""6"": null, ""7"": null}","{""0"": 250, ""1"": 250}",250,1,0,0,0,0.316,ultrasonic-not-close,KEEP_PAUSED,right,,,0
510,2026-08-02T02:28:32.849+09:00,62.482,509,8.41,0,DRIVING,,0,1,1,0,0,0,-0.234768,6.958,0,0,0.475632,0.475632,0,744,green,0.358,,0,unknown,0.000000,null,0.000000,0.414,,"{""0"": 250, ""1"": 250, ""2"": null, ""3"": null, ""4"": null, ""5"": null, ""6"": null, ""7"": null}","{""0"": 0.0, ""1"": 0.0, ""2"": null, ""3"": null, ""4"": null, ""5"": null, ""6"": null, ""7"": null}","{""0"": 250, ""1"": 250}",250,1,0,0,0,0.414,ultrasonic-not-close,KEEP_PAUSED,right,,,0
511,2026-08-02T02:28:32.938+09:00,62.569,510,8.51,0,DRIVING,,0,1,1,0,0,0,-0.242875,6.958,0,0,0.488905,0.488905,0,744,green,0.359,,0,unknown,0.000000,null,0.000000,0.407,,"{""0"": 250, ""1"": 250, ""2"": null, ""3"": null, ""4"": null, ""5"": null, ""6"": null, ""7"": null}","{""0"": 0.0, ""1"": 0.0, ""2"": null, ""3"": null, ""4"": null, ""5"": null, ""6"": null, ""7"": null}","{""0"": 250, ""1"": 250}",250,1,0,0,0,0.407,ultrasonic-not-close,KEEP_PAUSED,right,,,0
512,2026-08-02T02:28:33.038+09:00,62.671,511,8.48,0,DRIVING,,0,1,1,0,0,0,-0.239549,6.958,0,0,0.461409,0.461409,0,744,green,0.191,,0,unknown,0.000000,null,0.000000,0.251,,"{""0"": 250, ""1"": 250, ""2"": null, ""3"": null, ""4"": null, ""5"": null, ""6"": null, ""7"": null}","{""0"": 0.0, ""1"": 0.0, ""2"": null, ""3"": null, ""4"": null, ""5"": null, ""6"": null, ""7"": null}","{""0"": 250, ""1"": 250}",250,1,0,0,0,0.251,ultrasonic-not-close,KEEP_PAUSED,right,,,0
513,2026-08-02T02:28:33.203+09:00,62.816,512,8.44,0,DRIVING,,0,1,1,0,0,0,-0.259676,,0,0,0.524803,0.524803,0,744,green,0.194,,0,unknown,0.000000,null,0.000000,0.396,,"{""0"": 250, ""1"": 250, ""2"": null, ""3"": null, ""4"": null, ""5"": null, ""6"": null, ""7"": null}","{""0"": 0.0, ""1"": 0.0, ""2"": null, ""3"": null, ""4"": null, ""5"": null, ""6"": null, ""7"": null}","{""0"": 250, ""1"": 250}",250,1,0,0,0,0.396,ultrasonic-not-close,KEEP_PAUSED,right,,,0
514,2026-08-02T02:28:33.329+09:00,62.961,513,8.51,0,DRIVING,,0,1,1,0,0,0,-0.276934,,0,0,0.569713,0.569713,0,744,green,0.268,,0,unknown,0.000000,null,0.000000,0.353,,"{""0"": 250, ""1"": 250, ""2"": null, ""3"": null, ""4"": null, ""5"": null, ""6"": null, ""7"": null}","{""0"": 0.0, ""1"": 0.0, ""2"": null, ""3"": null, ""4"": null, ""5"": null, ""6"": null, ""7"": null}","{""0"": 250, ""1"": 250}",250,1,0,0,0,0.353,ultrasonic-not-close,KEEP_PAUSED,right,,,0
515,2026-08-02T02:28:33.424+09:00,63.057,514,8.50,0,DRIVING,,0,1,1,0,0,0,-0.304045,,0,0,0.645944,0.645944,0,744,green,0.294,,0,unknown,0.000000,null,0.000000,0.447,,"{""0"": 250, ""1"": 250, ""2"": null, ""3"": null, ""4"": null, ""5"": null, ""6"": null, ""7"": null}","{""0"": 0.0, ""1"": 0.0, ""2"": null, ""3"": null, ""4"": null, ""5"": null, ""6"": null, ""7"": null}","{""0"": 250, ""1"": 250}",250,1,0,0,0,0.447,ultrasonic-not-close,KEEP_PAUSED,right,,,0
516,2026-08-02T02:28:33.514+09:00,63.144,515,8.56,0,DRIVING,,0,1,1,0,0,0,-0.325488,5.233,4564,1,0.693541,0.693541,0,744,green,0.391,,0,unknown,0.000000,null,0.000000,0.273,,"{""0"": 250, ""1"": 250, ""2"": null, ""3"": null, ""4"": null, ""5"": null, ""6"": null, ""7"": null}","{""0"": 0.0, ""1"": 0.0, ""2"": null, ""3"": null, ""4"": null, ""5"": null, ""6"": null, ""7"": null}","{""0"": 250, ""1"": 250}",250,1,0,0,0,0.273,ultrasonic-not-close,KEEP_PAUSED,right,,,0
517,2026-08-02T02:28:33.625+09:00,63.257,516,8.67,0,DRIVING,,0,1,1,0,0,0,-0.338426,4.980,5202,2,0.707820,0.707820,0,744,green,0.318,,0,unknown,0.000000,null,0.000000,0.259,,"{""0"": 250, ""1"": 250, ""2"": null, ""3"": null, ""4"": null, ""5"": null, ""6"": null, ""7"": null}","{""0"": 0.0, ""1"": 0.0, ""2"": null, ""3"": null, ""4"": null, ""5"": null, ""6"": null, ""7"": null}","{""0"": 250, ""1"": 250}",250,1,0,0,0,0.259,ultrasonic-not-close,KEEP_PAUSED,right,,,0
518,2026-08-02T02:28:33.788+09:00,63.420,517,8.51,0,DRIVING,,0,1,1,0,0,0,-0.359193,5.299,3972,3,0.752983,0.752983,0,744,green,0.206,,0,unknown,0.000000,null,0.000000,0.422,,"{""0"": 250, ""1"": 250, ""2"": null, ""3"": null, ""4"": null, ""5"": null, ""6"": null, ""7"": null}","{""0"": 0.0, ""1"": 0.0, ""2"": null, ""3"": null, ""4"": null, ""5"": null, ""6"": null, ""7"": null}","{""0"": 250, ""1"": 250}",250,1,0,0,0,0.422,ultrasonic-not-close,KEEP_PAUSED,right,,,0
519,2026-08-02T02:28:33.907+09:00,63.540,518,8.67,0,DRIVING,,0,1,1,0,0,0,-0.379961,5.299,0,0,0.795818,0.795818,0,743,green,0.276,,0,unknown,0.000000,null,0.000000,0.355,,"{""0"": 250, ""1"": 250, ""2"": null, ""3"": null, ""4"": null, ""5"": null, ""6"": null, ""7"": null}","{""0"": 0.0, ""1"": 0.0, ""2"": null, ""3"": null, ""4"": null, ""5"": null, ""6"": null, ""7"": null}","{""0"": 250, ""1"": 250}",250,1,0,0,0,0.355,ultrasonic-not-close,KEEP_PAUSED,right,,,0
520,2026-08-02T02:28:34.002+09:00,63.634,519,8.67,0,DRIVING,,0,1,1,0,0,0,-0.404596,5.299,0,0,0.850939,0.850939,0,743,green,0.284,,0,unknown,0.000000,null,0.000000,0.339,,"{""0"": 250, ""1"": 250, ""2"": null, ""3"": null, ""4"": null, ""5"": null, ""6"": null, ""7"": null}","{""0"": 0.0, ""1"": 0.0, ""2"": null, ""3"": null, ""4"": null, ""5"": null, ""6"": null, ""7"": null}","{""0"": 250, ""1"": 250}",250,1,0,0,0,0.339,ultrasonic-not-close,KEEP_PAUSED,right,,,0
521,2026-08-02T02:28:34.148+09:00,63.781,520,8.65,0,DRIVING,,0,1,1,0,0,0,-0.412617,5.299,0,0,0.843014,0.843014,0,743,green,0.218,,0,unknown,0.000000,null,0.000000,0.486,,"{""0"": 250, ""1"": 250, ""2"": null, ""3"": null, ""4"": null, ""5"": null, ""6"": null, ""7"": null}","{""0"": 0.0, ""1"": 0.0, ""2"": null, ""3"": null, ""4"": null, ""5"": null, ""6"": null, ""7"": null}","{""0"": 250, ""1"": 250}",250,1,0,0,0,0.486,ultrasonic-not-close,KEEP_PAUSED,right,,,0
522,2026-08-02T02:28:34.230+09:00,63.863,521,8.83,0,DRIVING,,0,1,1,0,0,0,-0.417187,5.299,0,0,0.829376,0.829376,0,744,green,0.246,,0,unknown,0.000000,null,0.000000,0.287,,"{""0"": 250, ""1"": 250, ""2"": null, ""3"": null, ""4"": null, ""5"": null, ""6"": null, ""7"": null}","{""0"": 0.0, ""1"": 0.0, ""2"": null, ""3"": null, ""4"": null, ""5"": null, ""6"": null, ""7"": null}","{""0"": 250, ""1"": 250}",250,1,0,0,0,0.287,ultrasonic-not-close,KEEP_PAUSED,right,,,0
523,2026-08-02T02:28:34.362+09:00,63.995,522,8.73,0,DRIVING,,0,1,1,0,0,0,-0.336680,,0,0,0.516017,0.516017,0,744,green,0.328,,0,unknown,0.000000,null,0.000000,0.418,,"{""0"": 250, ""1"": 250, ""2"": null, ""3"": null, ""4"": null, ""5"": null, ""6"": null, ""7"": null}","{""0"": 0.0, ""1"": 0.0, ""2"": null, ""3"": null, ""4"": null, ""5"": null, ""6"": null, ""7"": null}","{""0"": 250, ""1"": 250}",250,1,0,0,0,0.418,ultrasonic-not-close,KEEP_PAUSED,right,,,0
524,2026-08-02T02:28:34.444+09:00,64.076,523,8.77,0,DRIVING,,0,1,1,0,0,0,-0.344557,,0,0,0.571378,0.571378,0,745,green,0.363,,0,unknown,0.000000,null,0.000000,0.260,,"{""0"": 250, ""1"": 250, ""2"": null, ""3"": null, ""4"": null, ""5"": null, ""6"": null, ""7"": null}","{""0"": 0.0, ""1"": 0.0, ""2"": null, ""3"": null, ""4"": null, ""5"": null, ""6"": null, ""7"": null}","{""0"": 250, ""1"": 250}",250,1,0,0,0,0.260,ultrasonic-not-close,KEEP_PAUSED,right,,,0
525,2026-08-02T02:28:34.579+09:00,64.213,524,8.73,0,DRIVING,,0,1,1,0,0,0,-0.354475,,0,0,0.621731,0.621731,0,744,green,0.218,,0,unknown,0.000000,null,0.000000,0.395,,"{""0"": 250, ""1"": 250, ""2"": null, ""3"": null, ""4"": null, ""5"": null, ""6"": null, ""7"": null}","{""0"": 0.0, ""1"": 0.0, ""2"": null, ""3"": null, ""4"": null, ""5"": null, ""6"": null, ""7"": null}","{""0"": 250, ""1"": 250}",250,1,0,0,0,0.395,ultrasonic-not-close,KEEP_PAUSED,right,,,0
526,2026-08-02T02:28:34.722+09:00,64.355,525,8.63,0,DRIVING,,0,1,1,0,0,0,-0.363627,,0,0,0.659576,0.659576,0,744,green,0.222,,0,unknown,0.000000,null,0.000000,0.457,,"{""0"": 250, ""1"": 250, ""2"": null, ""3"": null, ""4"": null, ""5"": null, ""6"": null, ""7"": null}","{""0"": 0.0, ""1"": 0.0, ""2"": null, ""3"": null, ""4"": null, ""5"": null, ""6"": null, ""7"": null}","{""0"": 250, ""1"": 250}",250,1,0,0,0,0.457,ultrasonic-not-close,KEEP_PAUSED,right,,,0
527,2026-08-02T02:28:34.809+09:00,64.441,526,8.80,0,DRIVING,,0,1,1,0,0,0,-0.372917,,0,0,0.691503,0.691503,0,744,green,0.282,,1,obstacle-car,0.785197,"[0, 0, 727, 399]",0.315587,0.329,,"{""0"": 250, ""1"": 250, ""2"": null, ""3"": null, ""4"": null, ""5"": null, ""6"": null, ""7"": null}","{""0"": 0.0, ""1"": 0.0, ""2"": null, ""3"": null, ""4"": null, ""5"": null, ""6"": null, ""7"": null}","{""0"": 250, ""1"": 250}",250,1,0,0,0,0.329,ultrasonic-not-close,KEEP_PAUSED,right,,,0
528,2026-08-02T02:28:34.924+09:00,64.556,527,8.75,0,DRIVING,,0,1,1,0,0,0,-0.374067,-3.914,101,71,0.689567,0.689567,0,743,green,0.369,,1,obstacle-car,0.785197,"[0, 0, 727, 399]",0.315587,0.445,,"{""0"": 250, ""1"": 250, ""2"": null, ""3"": null, ""4"": null, ""5"": null, ""6"": null, ""7"": null}","{""0"": 0.0, ""1"": 0.0, ""2"": null, ""3"": null, ""4"": null, ""5"": null, ""6"": null, ""7"": null}","{""0"": 250, ""1"": 250}",250,1,0,0,0,0.445,ultrasonic-not-close,KEEP_PAUSED,right,,,0
529,2026-08-02T02:28:35.007+09:00,64.641,528,8.76,0,DRIVING,,0,1,1,0,0,0,-0.361930,-6.713,108,26,0.641002,0.641002,0,743,green,0.347,,0,unknown,0.000000,null,0.000000,0.250,,"{""0"": 250, ""1"": 250, ""2"": null, ""3"": null, ""4"": null, ""5"": null, ""6"": null, ""7"": null}","{""0"": 0.0, ""1"": 0.0, ""2"": null, ""3"": null, ""4"": null, ""5"": null, ""6"": null, ""7"": null}","{""0"": 250, ""1"": 250}",250,1,0,0,0,0.250,ultrasonic-not-close,KEEP_PAUSED,right,,,0
530,2026-08-02T02:28:35.173+09:00,64.806,529,8.60,0,DRIVING,,0,1,1,0,0,0,-0.346886,-8.833,120,122,0.589985,0.589985,0,743,green,0.203,,0,unknown,0.000000,null,0.000000,0.416,,"{""0"": 250, ""1"": 250, ""2"": null, ""3"": null, ""4"": null, ""5"": null, ""6"": null, ""7"": null}","{""0"": 0.0, ""1"": 0.0, ""2"": null, ""3"": null, ""4"": null, ""5"": null, ""6"": null, ""7"": null}","{""0"": 250, ""1"": 250}",250,1,0,0,0,0.416,ultrasonic-not-close,KEEP_PAUSED,right,,,0
531,2026-08-02T02:28:35.275+09:00,64.893,530,8.81,0,DRIVING,,0,1,1,0,0,0,-0.335511,-8.833,0,75,0.559356,0.559356,0,743,green,0.254,,0,unknown,0.000000,null,0.000000,0.300,,"{""0"": 250, ""1"": 250, ""2"": null, ""3"": null, ""4"": null, ""5"": null, ""6"": null, ""7"": null}","{""0"": 0.0, ""1"": 0.0, ""2"": null, ""3"": null, ""4"": null, ""5"": null, ""6"": null, ""7"": null}","{""0"": 250, ""1"": 250}",250,1,0,0,0,0.300,ultrasonic-not-close,KEEP_PAUSED,right,,,0
532,2026-08-02T02:28:35.370+09:00,65.002,531,8.76,0,DRIVING,,0,1,1,0,0,0,-0.308842,-8.833,0,40,0.476718,0.476718,0,743,green,0.270,,0,unknown,0.000000,null,0.000000,0.325,,"{""0"": 250, ""1"": 250, ""2"": null, ""3"": null, ""4"": null, ""5"": null, ""6"": null, ""7"": null}","{""0"": 0.0, ""1"": 0.0, ""2"": null, ""3"": null, ""4"": null, ""5"": null, ""6"": null, ""7"": null}","{""0"": 250, ""1"": 250}",250,1,0,0,0,0.325,ultrasonic-not-close,KEEP_PAUSED,right,,,0
533,2026-08-02T02:28:35.553+09:00,65.186,532,8.53,0,DRIVING,,0,1,1,0,0,0,-0.305729,-10.402,108,2,0.489271,0.489271,0,744,green,0.367,,0,unknown,0.000000,null,0.000000,0.509,,"{""0"": 250, ""1"": 250, ""2"": null, ""3"": null, ""4"": null, ""5"": null, ""6"": null, ""7"": null}","{""0"": 0.0, ""1"": 0.0, ""2"": null, ""3"": null, ""4"": null, ""5"": null, ""6"": null, ""7"": null}","{""0"": 250, ""1"": 250}",250,1,0,0,0,0.509,ultrasonic-not-close,KEEP_PAUSED,right,,,0
534,2026-08-02T02:28:35.649+09:00,65.281,533,8.51,0,DRIVING,,0,1,1,0,0,0,-0.305820,-11.626,159,2,0.507912,0.507912,0,743,green,0.383,,0,unknown,0.000000,null,0.000000,0.338,,"{""0"": 250, ""1"": 250, ""2"": null, ""3"": null, ""4"": null, ""5"": null, ""6"": null, ""7"": null}","{""0"": 0.0, ""1"": 0.0, ""2"": null, ""3"": null, ""4"": null, ""5"": null, ""6"": null, ""7"": null}","{""0"": 250, ""1"": 250}",250,1,0,0,0,0.338,ultrasonic-not-close,KEEP_PAUSED,right,,,0
535,2026-08-02T02:28:35.862+09:00,65.495,534,8.40,0,DRIVING,,0,1,1,0,0,0,-0.314883,-12.153,195,1,0.553306,0.553306,0,743,green,0.285,,0,unknown,0.000000,null,0.000000,0.550,,"{""0"": 250, ""1"": 250, ""2"": null, ""3"": null, ""4"": null, ""5"": null, ""6"": null, ""7"": null}","{""0"": 0.0, ""1"": 0.0, ""2"": null, ""3"": null, ""4"": null, ""5"": null, ""6"": null, ""7"": null}","{""0"": 250, ""1"": 250}",250,1,0,0,0,0.550,ultrasonic-not-close,KEEP_PAUSED,right,,,0
536,2026-08-02T02:28:35.947+09:00,65.580,535,8.41,0,DRIVING,,0,1,1,0,0,0,-0.315299,-12.153,0,17,0.558851,0.558851,0,744,green,0.313,,0,unknown,0.000000,null,0.000000,0.358,,"{""0"": 250, ""1"": 250, ""2"": null, ""3"": null, ""4"": null, ""5"": null, ""6"": null, ""7"": null}","{""0"": 0.0, ""1"": 0.0, ""2"": null, ""3"": null, ""4"": null, ""5"": null, ""6"": null, ""7"": null}","{""0"": 250, ""1"": 250}",250,1,0,0,0,0.358,ultrasonic-not-close,KEEP_PAUSED,right,,,0
537,2026-08-02T02:28:36.051+09:00,65.684,536,8.42,0,DRIVING,,0,1,1,0,0,0,-0.300859,-12.153,0,69,0.509473,0.509473,0,745,green,0.304,,0,unknown,0.000000,null,0.000000,0.367,,"{""0"": 250, ""1"": 250, ""2"": null, ""3"": null, ""4"": null, ""5"": null, ""6"": null, ""7"": null}","{""0"": 0.0, ""1"": 0.0, ""2"": null, ""3"": null, ""4"": null, ""5"": null, ""6"": null, ""7"": null}","{""0"": 250, ""1"": 250}",250,1,0,0,0,0.367,ultrasonic-not-close,KEEP_PAUSED,right,,,0
538,2026-08-02T02:28:36.232+09:00,65.866,537,8.41,0,DRIVING,,0,1,1,0,0,0,-0.294531,-12.153,0,0,0.496314,0.496314,0,743,green,0.193,,0,unknown,0.000000,null,0.000000,0.548,,"{""0"": 250, ""1"": 250, ""2"": null, ""3"": null, ""4"": null, ""5"": null, ""6"": null, ""7"": null}","{""0"": 0.0, ""1"": 0.0, ""2"": null, ""3"": null, ""4"": null, ""5"": null, ""6"": null, ""7"": null}","{""0"": 250, ""1"": 250}",250,1,0,0,0,0.548,ultrasonic-not-close,KEEP_PAUSED,right,,,0
539,2026-08-02T02:28:36.322+09:00,65.955,538,8.40,0,DRIVING,,0,1,1,0,0,0,-0.271094,-12.153,0,29,0.422092,0.422092,0,744,green,0.289,,0,unknown,0.000000,null,0.000000,0.337,,"{""0"": 250, ""1"": 250, ""2"": null, ""3"": null, ""4"": null, ""5"": null, ""6"": null, ""7"": null}","{""0"": 0.0, ""1"": 0.0, ""2"": null, ""3"": null, ""4"": null, ""5"": null, ""6"": null, ""7"": null}","{""0"": 250, ""1"": 250}",250,1,0,0,0,0.337,ultrasonic-not-close,KEEP_PAUSED,right,,,0
540,2026-08-02T02:28:36.420+09:00,66.053,539,8.40,0,DRIVING,,0,0,1,0,0,0,,,0,0,0.422092,0.422092,0,743,green,0.275,,0,unknown,0.000000,null,0.000000,0.434,,"{""0"": 250, ""1"": 250, ""2"": null, ""3"": null, ""4"": null, ""5"": null, ""6"": null, ""7"": null}","{""0"": 0.0, ""1"": 0.0, ""2"": null, ""3"": null, ""4"": null, ""5"": null, ""6"": null, ""7"": null}","{""0"": 250, ""1"": 250}",250,1,0,0,0,0.434,ultrasonic-not-close,KEEP_PAUSED,,,,1
541,2026-08-02T02:28:36.508+09:00,66.140,540,8.40,0,DRIVING,,0,1,1,0,0,0,-0.283789,,0,40,0.487558,0.487558,0,743,green,0.373,,1,obstacle-car,0.858471,"[28, 1, 810, 405]",0.343629,0.238,,"{""0"": 250, ""1"": 250, ""2"": null, ""3"": null, ""4"": null, ""5"": null, ""6"": null, ""7"": null}","{""0"": 0.0, ""1"": 0.0, ""2"": null, ""3"": null, ""4"": null, ""5"": null, ""6"": null, ""7"": null}","{""0"": 250, ""1"": 250}",250,1,0,0,0,0.238,ultrasonic-not-close,KEEP_PAUSED,right,,,0
542,2026-08-02T02:28:36.644+09:00,66.278,541,8.32,0,DRIVING,,0,1,1,0,0,0,-0.275000,,0,69,0.462896,0.462896,0,744,green,0.279,,1,obstacle-car,0.858471,"[28, 1, 810, 405]",0.343629,0.376,,"{""0"": 250, ""1"": 250, ""2"": null, ""3"": null, ""4"": null, ""5"": null, ""6"": null, ""7"": null}","{""0"": 0.0, ""1"": 0.0, ""2"": null, ""3"": null, ""4"": null, ""5"": null, ""6"": null, ""7"": null}","{""0"": 250, ""1"": 250}",250,1,0,0,0,0.376,ultrasonic-not-close,KEEP_PAUSED,right,,,0
543,2026-08-02T02:28:36.806+09:00,66.439,542,8.28,0,DRIVING,,0,1,1,0,0,0,-0.270156,-1.139,337,3,0.455090,0.455090,0,744,green,0.228,,0,unknown,0.000000,null,0.000000,0.447,,"{""0"": 250, ""1"": 250, ""2"": null, ""3"": null, ""4"": null, ""5"": null, ""6"": null, ""7"": null}","{""0"": 0.0, ""1"": 0.0, ""2"": null, ""3"": null, ""4"": null, ""5"": null, ""6"": null, ""7"": null}","{""0"": 250, ""1"": 250}",250,1,0,0,0,0.447,ultrasonic-not-close,KEEP_PAUSED,right,left,,0
544,2026-08-02T02:28:36.936+09:00,66.569,543,8.32,0,DRIVING,,0,1,1,0,0,0,-0.267666,-0.451,139,0,0.455481,0.455481,0,744,green,0.303,,1,obstacle-car,0.496685,"[0, 3, 899, 159]",0.152757,0.391,,"{""0"": 250, ""1"": 250, ""2"": null, ""3"": null, ""4"": null, ""5"": null, ""6"": null, ""7"": null}","{""0"": 0.0, ""1"": 0.0, ""2"": null, ""3"": null, ""4"": null, ""5"": null, ""6"": null, ""7"": null}","{""0"": 250, ""1"": 250}",250,1,0,0,0,0.391,ultrasonic-not-close,KEEP_PAUSED,right,left,,0
545,2026-08-02T02:28:37.032+09:00,66.665,544,8.31,0,DRIVING,,0,1,1,0,0,0,-0.279364,-0.451,0,79,0.505491,0.505491,0,744,green,0.296,,1,obstacle-car,0.668354,"[0, 3, 945, 407]",0.414400,0.189,,"{""0"": 250, ""1"": 250, ""2"": null, ""3"": null, ""4"": null, ""5"": null, ""6"": null, ""7"": null}","{""0"": 0.0, ""1"": 0.0, ""2"": null, ""3"": null, ""4"": null, ""5"": null, ""6"": null, ""7"": null}","{""0"": 250, ""1"": 250}",250,1,0,0,0,0.189,ultrasonic-not-close,KEEP_PAUSED,right,,,0
546,2026-08-02T02:28:37.114+09:00,66.747,545,8.33,0,DRIVING,,0,1,1,0,0,0,-0.288739,-0.451,0,46,0.538451,0.538451,0,744,green,0.392,,1,obstacle-car,0.668354,"[0, 3, 945, 407]",0.414400,0.273,,"{""0"": 250, ""1"": 250, ""2"": null, ""3"": null, ""4"": null, ""5"": null, ""6"": null, ""7"": null}","{""0"": 0.0, ""1"": 0.0, ""2"": null, ""3"": null, ""4"": null, ""5"": null, ""6"": null, ""7"": null}","{""0"": 250, ""1"": 250}",250,1,0,0,0,0.273,ultrasonic-not-close,KEEP_PAUSED,right,,,0
547,2026-08-02T02:28:37.286+09:00,66.918,546,8.19,0,DRIVING,,0,1,1,0,0,0,-0.297212,-0.451,0,3,0.563338,0.563338,0,743,green,0.314,,1,obstacle-car,0.834263,"[0, 2, 917, 425]",0.421806,0.313,,"{""0"": 250, ""1"": 250, ""2"": null, ""3"": null, ""4"": null, ""5"": null, ""6"": null, ""7"": null}","{""0"": 0.0, ""1"": 0.0, ""2"": null, ""3"": null, ""4"": null, ""5"": null, ""6"": null, ""7"": null}","{""0"": 250, ""1"": 250}",250,1,0,0,0,0.313,ultrasonic-not-close,KEEP_PAUSED,right,,,0
548,2026-08-02T02:28:37.470+09:00,67.104,547,8.15,0,DRIVING,,0,1,1,0,0,0,-0.303253,-0.451,0,32,0.576577,0.576577,0,743,green,0.261,,1,obstacle-car,0.834263,"[0, 2, 917, 425]",0.421806,0.497,,"{""0"": 250, ""1"": 250, ""2"": null, ""3"": null, ""4"": null, ""5"": null, ""6"": null, ""7"": null}","{""0"": 0.0, ""1"": 0.0, ""2"": null, ""3"": null, ""4"": null, ""5"": null, ""6"": null, ""7"": null}","{""0"": 250, ""1"": 250}",250,1,0,0,0,0.497,ultrasonic-not-close,KEEP_PAUSED,right,,,0
549,2026-08-02T02:28:37.634+09:00,67.266,548,8.05,0,DRIVING,,0,1,1,0,0,0,-0.302576,,0,31,0.564925,0.564925,0,743,green,0.359,,0,unknown,0.000000,null,0.000000,0.482,,"{""0"": 250, ""1"": 250, ""2"": null, ""3"": null, ""4"": null, ""5"": null, ""6"": null, ""7"": null}","{""0"": 0.0, ""1"": 0.0, ""2"": null, ""3"": null, ""4"": null, ""5"": null, ""6"": null, ""7"": null}","{""0"": 250, ""1"": 250}",250,1,0,0,0,0.482,ultrasonic-not-close,KEEP_PAUSED,right,,,0
550,2026-08-02T02:28:37.732+09:00,67.364,549,8.04,0,DRIVING,,0,1,1,0,0,0,-0.302576,,0,69,0.558839,0.558839,0,744,green,0.351,,0,unknown,0.000000,null,0.000000,0.408,,"{""0"": 250, ""1"": 250, ""2"": null, ""3"": null, ""4"": null, ""5"": null, ""6"": null, ""7"": null}","{""0"": 0.0, ""1"": 0.0, ""2"": null, ""3"": null, ""4"": null, ""5"": null, ""6"": null, ""7"": null}","{""0"": 250, ""1"": 250}",250,1,0,0,0,0.408,ultrasonic-not-close,KEEP_PAUSED,right,,,0
551,2026-08-02T02:28:37.907+09:00,67.540,550,7.98,0,DRIVING,,0,1,1,0,0,0,-0.302576,,0,79,0.554578,0.554578,0,744,green,0.453,,0,unknown,0.000000,null,0.000000,0.585,,"{""0"": 250, ""1"": 250, ""2"": null, ""3"": null, ""4"": null, ""5"": null, ""6"": null, ""7"": null}","{""0"": 0.0, ""1"": 0.0, ""2"": null, ""3"": null, ""4"": null, ""5"": null, ""6"": null, ""7"": null}","{""0"": 250, ""1"": 250}",250,1,0,0,0,0.585,ultrasonic-not-close,KEEP_PAUSED,right,,,0
552,2026-08-02T02:28:37.992+09:00,67.625,551,7.97,0,DRIVING,,0,1,1,0,0,0,-0.302802,,0,69,0.552408,0.552408,0,743,green,0.441,,0,unknown,0.000000,null,0.000000,0.322,,"{""0"": 250, ""1"": 250, ""2"": null, ""3"": null, ""4"": null, ""5"": null, ""6"": null, ""7"": null}","{""0"": 0.0, ""1"": 0.0, ""2"": null, ""3"": null, ""4"": null, ""5"": null, ""6"": null, ""7"": null}","{""0"": 250, ""1"": 250}",250,1,0,0,0,0.322,ultrasonic-not-close,KEEP_PAUSED,right,,,0
553,2026-08-02T02:28:38.121+09:00,67.753,552,7.98,0,DRIVING,,0,1,1,0,0,0,-0.303027,,0,46,0.551010,0.551010,0,743,green,0.261,,0,unknown,0.000000,null,0.000000,0.450,,"{""0"": 250, ""1"": 250, ""2"": null, ""3"": null, ""4"": null, ""5"": null, ""6"": null, ""7"": null}","{""0"": 0.0, ""1"": 0.0, ""2"": null, ""3"": null, ""4"": null, ""5"": null, ""6"": null, ""7"": null}","{""0"": 250, ""1"": 250}",250,1,0,0,0,0.450,ultrasonic-not-close,KEEP_PAUSED,right,,,0
554,2026-08-02T02:28:38.247+09:00,67.880,553,7.89,0,DRIVING,,0,1,1,0,0,0,-0.302576,,0,69,0.547718,0.547718,0,743,green,0.216,,0,unknown,0.000000,null,0.000000,0.475,,"{""0"": 250, ""1"": 250, ""2"": null, ""3"": null, ""4"": null, ""5"": null, ""6"": null, ""7"": null}","{""0"": 0.0, ""1"": 0.0, ""2"": null, ""3"": null, ""4"": null, ""5"": null, ""6"": null, ""7"": null}","{""0"": 250, ""1"": 250}",250,1,0,0,0,0.475,ultrasonic-not-close,KEEP_PAUSED,right,,,0
555,2026-08-02T02:28:38.341+09:00,67.973,554,7.98,0,DRIVING,,0,1,1,0,0,0,-0.302576,,0,79,0.546794,0.546794,0,743,green,0.259,,0,unknown,0.000000,null,0.000000,0.313,,"{""0"": 250, ""1"": 250, ""2"": null, ""3"": null, ""4"": null, ""5"": null, ""6"": null, ""7"": null}","{""0"": 0.0, ""1"": 0.0, ""2"": null, ""3"": null, ""4"": null, ""5"": null, ""6"": null, ""7"": null}","{""0"": 250, ""1"": 250}",250,1,0,0,0,0.313,ultrasonic-not-close,KEEP_PAUSED,right,,,0
556,2026-08-02T02:28:38.468+09:00,68.100,555,8.01,0,DRIVING,,0,1,1,0,0,0,-0.302576,,0,79,0.546147,0.546147,0,743,green,0.353,,0,unknown,0.000000,null,0.000000,0.438,,"{""0"": 250, ""1"": 250, ""2"": null, ""3"": null, ""4"": null, ""5"": null, ""6"": null, ""7"": null}","{""0"": 0.0, ""1"": 0.0, ""2"": null, ""3"": null, ""4"": null, ""5"": null, ""6"": null, ""7"": null}","{""0"": 250, ""1"": 250}",250,1,0,0,0,0.438,ultrasonic-not-close,KEEP_PAUSED,right,,,0
557,2026-08-02T02:28:38.554+09:00,68.186,556,8.01,0,DRIVING,,0,1,1,0,0,0,-0.302576,,0,79,0.545694,0.545694,0,743,green,0.351,,0,unknown,0.000000,null,0.000000,0.269,,"{""0"": 250, ""1"": 250, ""2"": null, ""3"": null, ""4"": null, ""5"": null, ""6"": null, ""7"": null}","{""0"": 0.0, ""1"": 0.0, ""2"": null, ""3"": null, ""4"": null, ""5"": null, ""6"": null, ""7"": null}","{""0"": 250, ""1"": 250}",250,1,0,0,0,0.269,ultrasonic-not-close,KEEP_PAUSED,right,,,0
558,2026-08-02T02:28:38.703+09:00,68.335,557,7.94,0,DRIVING,,0,1,1,0,0,0,-0.302576,,0,79,0.545377,0.545377,0,743,green,0.216,,0,unknown,0.000000,null,0.000000,0.419,,"{""0"": 250, ""1"": 250, ""2"": null, ""3"": null, ""4"": null, ""5"": null, ""6"": null, ""7"": null}","{""0"": 0.0, ""1"": 0.0, ""2"": null, ""3"": null, ""4"": null, ""5"": null, ""6"": null, ""7"": null}","{""0"": 250, ""1"": 250}",250,1,0,0,0,0.419,ultrasonic-not-close,KEEP_PAUSED,right,,,0
559,2026-08-02T02:28:38.824+09:00,68.457,558,7.86,0,DRIVING,,0,1,1,0,0,0,-0.302576,,0,79,0.545155,0.545155,0,743,green,0.238,,0,unknown,0.000000,null,0.000000,0.447,,"{""0"": 250, ""1"": 250, ""2"": null, ""3"": null, ""4"": null, ""5"": null, ""6"": null, ""7"": null}","{""0"": 0.0, ""1"": 0.0, ""2"": null, ""3"": null, ""4"": null, ""5"": null, ""6"": null, ""7"": null}","{""0"": 250, ""1"": 250}",250,1,0,0,0,0.447,ultrasonic-not-close,KEEP_PAUSED,right,,,0
560,2026-08-02T02:28:38.944+09:00,68.578,559,7.95,0,DRIVING,,0,1,1,0,0,0,-0.302576,,0,79,0.545000,0.545000,0,744,green,0.276,,0,unknown,0.000000,null,0.000000,0.357,,"{""0"": 250, ""1"": 250, ""2"": null, ""3"": null, ""4"": null, ""5"": null, ""6"": null, ""7"": null}","{""0"": 0.0, ""1"": 0.0, ""2"": null, ""3"": null, ""4"": null, ""5"": null, ""6"": null, ""7"": null}","{""0"": 250, ""1"": 250}",250,1,0,0,0,0.357,ultrasonic-not-close,KEEP_PAUSED,right,,,0
561,2026-08-02T02:28:39.036+09:00,68.669,560,7.94,0,DRIVING,,0,1,1,0,0,0,-0.302576,,0,79,0.544891,0.544891,0,743,green,0.245,,0,unknown,0.000000,null,0.000000,0.447,,"{""0"": 250, ""1"": 250, ""2"": null, ""3"": null, ""4"": null, ""5"": null, ""6"": null, ""7"": null}","{""0"": 0.0, ""1"": 0.0, ""2"": null, ""3"": null, ""4"": null, ""5"": null, ""6"": null, ""7"": null}","{""0"": 250, ""1"": 250}",250,1,0,0,0,0.447,ultrasonic-not-close,KEEP_PAUSED,right,,,0
562,2026-08-02T02:28:39.118+09:00,68.750,561,8.00,0,DRIVING,,0,1,1,0,0,0,-0.302576,,0,79,0.544815,0.544815,0,744,green,0.338,,0,unknown,0.000000,null,0.000000,0.258,,"{""0"": 250, ""1"": 250, ""2"": null, ""3"": null, ""4"": null, ""5"": null, ""6"": null, ""7"": null}","{""0"": 0.0, ""1"": 0.0, ""2"": null, ""3"": null, ""4"": null, ""5"": null, ""6"": null, ""7"": null}","{""0"": 250, ""1"": 250}",250,1,0,0,0,0.258,ultrasonic-not-close,KEEP_PAUSED,right,,,0
563,2026-08-02T02:28:39.227+09:00,68.860,562,8.17,0,DRIVING,,0,1,1,0,0,0,-0.302576,,0,79,0.544762,0.544762,0,744,green,0.298,,0,unknown,0.000000,null,0.000000,0.367,,"{""0"": 250, ""1"": 250, ""2"": null, ""3"": null, ""4"": null, ""5"": null, ""6"": null, ""7"": null}","{""0"": 0.0, ""1"": 0.0, ""2"": null, ""3"": null, ""4"": null, ""5"": null, ""6"": null, ""7"": null}","{""0"": 250, ""1"": 250}",250,1,0,0,0,0.367,ultrasonic-not-close,KEEP_PAUSED,right,,,0
564,2026-08-02T02:28:39.328+09:00,68.960,563,8.16,0,DRIVING,,0,1,1,0,0,0,-0.302576,,0,79,0.544724,0.544724,0,743,green,0.195,,0,unknown,0.000000,null,0.000000,0.348,,"{""0"": 250, ""1"": 250, ""2"": null, ""3"": null, ""4"": null, ""5"": null, ""6"": null, ""7"": null}","{""0"": 0.0, ""1"": 0.0, ""2"": null, ""3"": null, ""4"": null, ""5"": null, ""6"": null, ""7"": null}","{""0"": 250, ""1"": 250}",250,1,0,0,0,0.348,ultrasonic-not-close,KEEP_PAUSED,right,,,0
565,2026-08-02T02:28:39.474+09:00,69.107,564,8.30,0,DRIVING,,0,1,1,0,0,0,-0.302576,,0,79,0.544698,0.544698,0,744,green,0.213,,0,unknown,0.000000,null,0.000000,0.319,,"{""0"": 250, ""1"": 250, ""2"": null, ""3"": null, ""4"": null, ""5"": null, ""6"": null, ""7"": null}","{""0"": 0.0, ""1"": 0.0, ""2"": null, ""3"": null, ""4"": null, ""5"": null, ""6"": null, ""7"": null}","{""0"": 250, ""1"": 250}",250,1,0,0,0,0.319,ultrasonic-not-close,KEEP_PAUSED,right,,,0
566,2026-08-02T02:28:39.558+09:00,69.190,565,8.31,0,DRIVING,,0,1,1,0,0,0,-0.302576,,0,79,0.544680,0.544680,0,744,green,0.250,,0,unknown,0.000000,null,0.000000,0.403,,"{""0"": 250, ""1"": 250, ""2"": null, ""3"": null, ""4"": null, ""5"": null, ""6"": null, ""7"": null}","{""0"": 0.0, ""1"": 0.0, ""2"": null, ""3"": null, ""4"": null, ""5"": null, ""6"": null, ""7"": null}","{""0"": 250, ""1"": 250}",250,1,0,0,0,0.403,ultrasonic-not-close,KEEP_PAUSED,right,,,0
567,2026-08-02T02:28:39.652+09:00,69.285,566,8.33,0,DRIVING,,0,1,1,0,0,0,-0.302576,,0,79,0.544667,0.544667,0,743,green,0.335,,0,unknown,0.000000,null,0.000000,0.288,,"{""0"": 250, ""1"": 250, ""2"": null, ""3"": null, ""4"": null, ""5"": null, ""6"": null, ""7"": null}","{""0"": 0.0, ""1"": 0.0, ""2"": null, ""3"": null, ""4"": null, ""5"": null, ""6"": null, ""7"": null}","{""0"": 250, ""1"": 250}",250,1,0,0,0,0.288,ultrasonic-not-close,KEEP_PAUSED,right,,,0
568,2026-08-02T02:28:39.822+09:00,69.454,567,8.36,0,DRIVING,,0,1,1,0,0,0,-0.302576,,0,79,0.544658,0.544658,0,743,green,0.329,,0,unknown,0.000000,null,0.000000,0.458,,"{""0"": 250, ""1"": 250, ""2"": null, ""3"": null, ""4"": null, ""5"": null, ""6"": null, ""7"": null}","{""0"": 0.0, ""1"": 0.0, ""2"": null, ""3"": null, ""4"": null, ""5"": null, ""6"": null, ""7"": null}","{""0"": 250, ""1"": 250}",250,1,0,0,0,0.458,ultrasonic-not-close,KEEP_PAUSED,right,,,0
569,2026-08-02T02:28:39.961+09:00,69.594,568,8.24,0,DRIVING,,0,1,1,0,0,0,-0.302576,,0,79,0.544652,0.544652,0,743,green,0.268,,0,unknown,0.000000,null,0.000000,0.366,,"{""0"": 250, ""1"": 250, ""2"": null, ""3"": null, ""4"": null, ""5"": null, ""6"": null, ""7"": null}","{""0"": 0.0, ""1"": 0.0, ""2"": null, ""3"": null, ""4"": null, ""5"": null, ""6"": null, ""7"": null}","{""0"": 250, ""1"": 250}",250,1,0,0,0,0.366,ultrasonic-not-close,KEEP_PAUSED,right,,,0
570,2026-08-02T02:28:40.055+09:00,69.687,569,8.26,0,DRIVING,,0,1,1,0,0,0,-0.302576,,0,79,0.544648,0.544648,0,744,green,0.313,,0,unknown,0.000000,null,0.000000,0.365,,"{""0"": 250, ""1"": 250, ""2"": null, ""3"": null, ""4"": null, ""5"": null, ""6"": null, ""7"": null}","{""0"": 0.0, ""1"": 0.0, ""2"": null, ""3"": null, ""4"": null, ""5"": null, ""6"": null, ""7"": null}","{""0"": 250, ""1"": 250}",250,1,0,0,0,0.365,ultrasonic-not-close,KEEP_PAUSED,right,,,0
571,2026-08-02T02:28:40.176+09:00,69.809,570,8.18,0,DRIVING,,0,1,1,0,0,0,-0.302576,,0,79,0.544645,0.544645,0,744,green,0.236,,0,unknown,0.000000,null,0.000000,0.487,,"{""0"": 250, ""1"": 250, ""2"": null, ""3"": null, ""4"": null, ""5"": null, ""6"": null, ""7"": null}","{""0"": 0.0, ""1"": 0.0, ""2"": null, ""3"": null, ""4"": null, ""5"": null, ""6"": null, ""7"": null}","{""0"": 250, ""1"": 250}",250,1,0,0,0,0.487,ultrasonic-not-close,KEEP_PAUSED,right,,,0
572,2026-08-02T02:28:40.266+09:00,69.898,571,8.28,0,DRIVING,,0,1,1,0,0,0,-0.302576,,0,79,0.544642,0.544642,0,743,green,0.358,,0,unknown,0.000000,null,0.000000,0.268,,"{""0"": 250, ""1"": 250, ""2"": null, ""3"": null, ""4"": null, ""5"": null, ""6"": null, ""7"": null}","{""0"": 0.0, ""1"": 0.0, ""2"": null, ""3"": null, ""4"": null, ""5"": null, ""6"": null, ""7"": null}","{""0"": 250, ""1"": 250}",250,1,0,0,0,0.268,ultrasonic-not-close,KEEP_PAUSED,right,,,0
573,2026-08-02T02:28:40.416+09:00,70.049,572,8.31,0,DRIVING,,0,1,1,0,0,0,-0.302576,,0,79,0.544641,0.544641,0,743,green,0.308,,0,unknown,0.000000,null,0.000000,0.419,,"{""0"": 250, ""1"": 250, ""2"": null, ""3"": null, ""4"": null, ""5"": null, ""6"": null, ""7"": null}","{""0"": 0.0, ""1"": 0.0, ""2"": null, ""3"": null, ""4"": null, ""5"": null, ""6"": null, ""7"": null}","{""0"": 250, ""1"": 250}",250,1,0,0,0,0.419,ultrasonic-not-close,KEEP_PAUSED,right,,,0
574,2026-08-02T02:28:40.504+09:00,70.137,573,8.41,0,DRIVING,,0,1,1,0,0,0,-0.302576,,0,79,0.544640,0.544640,0,744,green,0.244,,0,unknown,0.000000,null,0.000000,0.290,,"{""0"": 250, ""1"": 250, ""2"": null, ""3"": null, ""4"": null, ""5"": null, ""6"": null, ""7"": null}","{""0"": 0.0, ""1"": 0.0, ""2"": null, ""3"": null, ""4"": null, ""5"": null, ""6"": null, ""7"": null}","{""0"": 250, ""1"": 250}",250,1,0,0,0,0.290,ultrasonic-not-close,KEEP_PAUSED,right,,,0
575,2026-08-02T02:28:40.656+09:00,70.290,574,8.28,0,DRIVING,,0,1,1,0,0,0,-0.302576,,0,79,0.544639,0.544639,0,743,green,0.242,,0,unknown,0.000000,null,0.000000,0.443,,"{""0"": 250, ""1"": 250, ""2"": null, ""3"": null, ""4"": null, ""5"": null, ""6"": null, ""7"": null}","{""0"": 0.0, ""1"": 0.0, ""2"": null, ""3"": null, ""4"": null, ""5"": null, ""6"": null, ""7"": null}","{""0"": 250, ""1"": 250}",250,1,0,0,0,0.443,ultrasonic-not-close,KEEP_PAUSED,right,,,0
576,2026-08-02T02:28:40.774+09:00,70.407,575,8.20,0,DRIVING,,0,1,1,0,0,0,-0.302576,,0,79,0.544639,0.544639,0,743,green,0.244,,0,unknown,0.000000,null,0.000000,0.472,,"{""0"": 250, ""1"": 250, ""2"": null, ""3"": null, ""4"": null, ""5"": null, ""6"": null, ""7"": null}","{""0"": 0.0, ""1"": 0.0, ""2"": null, ""3"": null, ""4"": null, ""5"": null, ""6"": null, ""7"": null}","{""0"": 250, ""1"": 250}",250,1,0,0,0,0.472,ultrasonic-not-close,KEEP_PAUSED,right,,,0
577,2026-08-02T02:28:40.875+09:00,70.507,576,8.36,0,DRIVING,,0,1,1,0,0,0,-0.302576,,0,79,0.544638,0.544638,0,743,green,0.273,,0,unknown,0.000000,null,0.000000,0.334,,"{""0"": 250, ""1"": 250, ""2"": null, ""3"": null, ""4"": null, ""5"": null, ""6"": null, ""7"": null}","{""0"": 0.0, ""1"": 0.0, ""2"": null, ""3"": null, ""4"": null, ""5"": null, ""6"": null, ""7"": null}","{""0"": 250, ""1"": 250}",250,1,0,0,0,0.334,ultrasonic-not-close,KEEP_PAUSED,right,,,0
578,2026-08-02T02:28:40.989+09:00,70.621,577,8.53,0,DRIVING,,0,1,1,0,0,0,-0.303462,,0,79,0.547828,0.547828,0,744,green,0.375,,0,unknown,0.000000,null,0.000000,0.446,,"{""0"": 250, ""1"": 250, ""2"": null, ""3"": null, ""4"": null, ""5"": null, ""6"": null, ""7"": null}","{""0"": 0.0, ""1"": 0.0, ""2"": null, ""3"": null, ""4"": null, ""5"": null, ""6"": null, ""7"": null}","{""0"": 250, ""1"": 250}",250,1,0,0,0,0.446,ultrasonic-not-close,KEEP_PAUSED,right,,,0
579,2026-08-02T02:28:41.096+09:00,70.728,578,8.66,0,DRIVING,,0,1,1,0,0,0,-0.303462,,0,79,0.547349,0.547349,0,743,green,0.337,,0,unknown,0.000000,null,0.000000,0.286,,"{""0"": 250, ""1"": 250, ""2"": null, ""3"": null, ""4"": null, ""5"": null, ""6"": null, ""7"": null}","{""0"": 0.0, ""1"": 0.0, ""2"": null, ""3"": null, ""4"": null, ""5"": null, ""6"": null, ""7"": null}","{""0"": 250, ""1"": 250}",250,1,0,0,0,0.286,ultrasonic-not-close,KEEP_PAUSED,right,,,0
580,2026-08-02T02:28:41.203+09:00,70.835,579,8.64,0,DRIVING,,0,1,1,0,0,0,-0.303462,,0,79,0.547014,0.547014,0,743,green,0.226,,0,unknown,0.000000,null,0.000000,0.392,,"{""0"": 250, ""1"": 250, ""2"": null, ""3"": null, ""4"": null, ""5"": null, ""6"": null, ""7"": null}","{""0"": 0.0, ""1"": 0.0, ""2"": null, ""3"": null, ""4"": null, ""5"": null, ""6"": null, ""7"": null}","{""0"": 250, ""1"": 250}",250,1,0,0,0,0.392,ultrasonic-not-close,KEEP_PAUSED,right,,,0
581,2026-08-02T02:28:41.342+09:00,70.975,580,8.73,0,DRIVING,,0,1,1,0,0,0,-0.303462,,0,79,0.546779,0.546779,0,744,green,0.219,,0,unknown,0.000000,null,0.000000,0.319,,"{""0"": 250, ""1"": 250, ""2"": null, ""3"": null, ""4"": null, ""5"": null, ""6"": null, ""7"": null}","{""0"": 0.0, ""1"": 0.0, ""2"": null, ""3"": null, ""4"": null, ""5"": null, ""6"": null, ""7"": null}","{""0"": 250, ""1"": 250}",250,1,0,0,0,0.319,ultrasonic-not-close,KEEP_PAUSED,right,,,0
582,2026-08-02T02:28:41.430+09:00,71.062,581,8.73,0,DRIVING,,0,1,1,0,0,0,-0.303462,,0,79,0.546615,0.546615,0,744,green,0.249,,0,unknown,0.000000,null,0.000000,0.296,,"{""0"": 250, ""1"": 250, ""2"": null, ""3"": null, ""4"": null, ""5"": null, ""6"": null, ""7"": null}","{""0"": 0.0, ""1"": 0.0, ""2"": null, ""3"": null, ""4"": null, ""5"": null, ""6"": null, ""7"": null}","{""0"": 250, ""1"": 250}",250,1,0,0,0,0.296,ultrasonic-not-close,KEEP_PAUSED,right,,,0
583,2026-08-02T02:28:41.522+09:00,71.154,582,8.82,0,DRIVING,,0,1,1,0,0,0,-0.303462,,0,79,0.546500,0.546500,0,743,green,0.231,,0,unknown,0.000000,null,0.000000,0.388,,"{""0"": 250, ""1"": 250, ""2"": null, ""3"": null, ""4"": null, ""5"": null, ""6"": null, ""7"": null}","{""0"": 0.0, ""1"": 0.0, ""2"": null, ""3"": null, ""4"": null, ""5"": null, ""6"": null, ""7"": null}","{""0"": 250, ""1"": 250}",250,1,0,0,0,0.388,ultrasonic-not-close,KEEP_PAUSED,right,,,0
584,2026-08-02T02:28:41.602+09:00,71.235,583,8.94,0,DRIVING,,0,1,1,0,0,0,-0.302576,,0,79,0.543230,0.543230,0,743,green,0.322,,0,unknown,0.000000,null,0.000000,0.224,,"{""0"": 250, ""1"": 250, ""2"": null, ""3"": null, ""4"": null, ""5"": null, ""6"": null, ""7"": null}","{""0"": 0.0, ""1"": 0.0, ""2"": null, ""3"": null, ""4"": null, ""5"": null, ""6"": null, ""7"": null}","{""0"": 250, ""1"": 250}",250,1,0,0,0,0.224,ultrasonic-not-close,KEEP_PAUSED,right,,,0
585,2026-08-02T02:28:41.740+09:00,71.372,584,8.82,0,DRIVING,,0,1,1,0,0,0,-0.303462,,0,79,0.546842,0.546842,0,743,green,0.264,,0,unknown,0.000000,null,0.000000,0.362,,"{""0"": 250, ""1"": 250, ""2"": null, ""3"": null, ""4"": null, ""5"": null, ""6"": null, ""7"": null}","{""0"": 0.0, ""1"": 0.0, ""2"": null, ""3"": null, ""4"": null, ""5"": null, ""6"": null, ""7"": null}","{""0"": 250, ""1"": 250}",250,1,0,0,0,0.362,ultrasonic-not-close,KEEP_PAUSED,right,,,0
586,2026-08-02T02:28:41.825+09:00,71.458,585,8.94,0,DRIVING,,0,1,1,0,0,0,-0.302576,,0,79,0.543469,0.543469,0,743,green,0.222,,0,unknown,0.000000,null,0.000000,0.357,,"{""0"": 250, ""1"": 250, ""2"": null, ""3"": null, ""4"": null, ""5"": null, ""6"": null, ""7"": null}","{""0"": 0.0, ""1"": 0.0, ""2"": null, ""3"": null, ""4"": null, ""5"": null, ""6"": null, ""7"": null}","{""0"": 250, ""1"": 250}",250,1,0,0,0,0.357,ultrasonic-not-close,KEEP_PAUSED,right,,,0
587,2026-08-02T02:28:41.918+09:00,71.551,586,8.91,0,DRIVING,,0,1,1,0,0,0,-0.303462,,0,79,0.547010,0.547010,0,743,green,0.309,,0,unknown,0.000000,null,0.000000,0.452,,"{""0"": 250, ""1"": 250, ""2"": null, ""3"": null, ""4"": null, ""5"": null, ""6"": null, ""7"": null}","{""0"": 0.0, ""1"": 0.0, ""2"": null, ""3"": null, ""4"": null, ""5"": null, ""6"": null, ""7"": null}","{""0"": 250, ""1"": 250}",250,1,0,0,0,0.452,ultrasonic-not-close,KEEP_PAUSED,right,,,0
588,2026-08-02T02:28:42.109+09:00,71.741,587,8.81,0,DRIVING,,0,1,1,0,0,0,-0.303462,,0,79,0.546776,0.546776,0,743,green,0.318,,0,unknown,0.000000,null,0.000000,0.471,,"{""0"": 250, ""1"": 250, ""2"": null, ""3"": null, ""4"": null, ""5"": null, ""6"": null, ""7"": null}","{""0"": 0.0, ""1"": 0.0, ""2"": null, ""3"": null, ""4"": null, ""5"": null, ""6"": null, ""7"": null}","{""0"": 250, ""1"": 250}",250,1,0,0,0,0.471,ultrasonic-not-close,KEEP_PAUSED,right,,,0
589,2026-08-02T02:28:42.192+09:00,71.824,588,8.91,0,DRIVING,,0,1,1,0,0,0,-0.303462,,0,79,0.546613,0.546613,0,743,green,0.288,,0,unknown,0.000000,null,0.000000,0.331,,"{""0"": 250, ""1"": 250, ""2"": null, ""3"": null, ""4"": null, ""5"": null, ""6"": null, ""7"": null}","{""0"": 0.0, ""1"": 0.0, ""2"": null, ""3"": null, ""4"": null, ""5"": null, ""6"": null, ""7"": null}","{""0"": 250, ""1"": 250}",250,1,0,0,0,0.331,ultrasonic-not-close,KEEP_PAUSED,right,,,0
590,2026-08-02T02:28:42.367+09:00,72.000,589,8.78,0,DRIVING,,0,1,1,0,0,0,-0.303462,,0,79,0.546499,0.546499,0,743,green,0.282,,0,unknown,0.000000,null,0.000000,0.503,,"{""0"": 250, ""1"": 250, ""2"": null, ""3"": null, ""4"": null, ""5"": null, ""6"": null, ""7"": null}","{""0"": 0.0, ""1"": 0.0, ""2"": null, ""3"": null, ""4"": null, ""5"": null, ""6"": null, ""7"": null}","{""0"": 250, ""1"": 250}",250,1,0,0,0,0.503,ultrasonic-not-close,KEEP_PAUSED,right,,,0
591,2026-08-02T02:28:42.462+09:00,72.094,590,8.76,0,DRIVING,,0,1,1,0,0,0,-0.303462,,0,79,0.546419,0.546419,0,744,green,0.261,,0,unknown,0.000000,null,0.000000,0.506,,"{""0"": 250, ""1"": 250, ""2"": null, ""3"": null, ""4"": null, ""5"": null, ""6"": null, ""7"": null}","{""0"": 0.0, ""1"": 0.0, ""2"": null, ""3"": null, ""4"": null, ""5"": null, ""6"": null, ""7"": null}","{""0"": 250, ""1"": 250}",250,1,0,0,0,0.506,ultrasonic-not-close,KEEP_PAUSED,right,,,0
592,2026-08-02T02:28:42.572+09:00,72.204,591,8.69,0,DRIVING,,0,1,1,0,0,0,-0.303462,,0,79,0.546363,0.546363,0,744,green,0.274,,0,unknown,0.000000,null,0.000000,0.342,,"{""0"": 250, ""1"": 250, ""2"": null, ""3"": null, ""4"": null, ""5"": null, ""6"": null, ""7"": null}","{""0"": 0.0, ""1"": 0.0, ""2"": null, ""3"": null, ""4"": null, ""5"": null, ""6"": null, ""7"": null}","{""0"": 250, ""1"": 250}",250,1,0,0,0,0.342,ultrasonic-not-close,KEEP_PAUSED,right,,,0
593,2026-08-02T02:28:42.692+09:00,72.324,592,8.66,0,DRIVING,,0,1,1,0,0,0,-0.303462,,0,79,0.546324,0.546324,0,744,green,0.208,,0,unknown,0.000000,null,0.000000,0.462,,"{""0"": 250, ""1"": 250, ""2"": null, ""3"": null, ""4"": null, ""5"": null, ""6"": null, ""7"": null}","{""0"": 0.0, ""1"": 0.0, ""2"": null, ""3"": null, ""4"": null, ""5"": null, ""6"": null, ""7"": null}","{""0"": 250, ""1"": 250}",250,1,0,0,0,0.462,ultrasonic-not-close,KEEP_PAUSED,right,,,0
594,2026-08-02T02:28:42.783+09:00,72.415,593,8.68,0,DRIVING,,0,1,1,0,0,0,-0.303462,,0,79,0.546296,0.546296,0,743,green,0.234,,0,unknown,0.000000,null,0.000000,0.282,,"{""0"": 250, ""1"": 250, ""2"": null, ""3"": null, ""4"": null, ""5"": null, ""6"": null, ""7"": null}","{""0"": 0.0, ""1"": 0.0, ""2"": null, ""3"": null, ""4"": null, ""5"": null, ""6"": null, ""7"": null}","{""0"": 250, ""1"": 250}",250,1,0,0,0,0.282,ultrasonic-not-close,KEEP_PAUSED,right,,,0
595,2026-08-02T02:28:42.935+09:00,72.567,594,8.66,0,DRIVING,,0,1,1,0,0,0,-0.303462,,0,79,0.546277,0.546277,0,743,green,0.323,,0,unknown,0.000000,null,0.000000,0.436,,"{""0"": 250, ""1"": 250, ""2"": null, ""3"": null, ""4"": null, ""5"": null, ""6"": null, ""7"": null}","{""0"": 0.0, ""1"": 0.0, ""2"": null, ""3"": null, ""4"": null, ""5"": null, ""6"": null, ""7"": null}","{""0"": 250, ""1"": 250}",250,1,0,0,0,0.436,ultrasonic-not-close,KEEP_PAUSED,right,,,0
596,2026-08-02T02:28:43.026+09:00,72.658,595,8.65,0,DRIVING,,0,1,1,0,0,0,-0.303462,,0,79,0.546264,0.546264,0,743,green,0.368,,0,unknown,0.000000,null,0.000000,0.296,,"{""0"": 250, ""1"": 250, ""2"": null, ""3"": null, ""4"": null, ""5"": null, ""6"": null, ""7"": null}","{""0"": 0.0, ""1"": 0.0, ""2"": null, ""3"": null, ""4"": null, ""5"": null, ""6"": null, ""7"": null}","{""0"": 250, ""1"": 250}",250,1,0,0,0,0.296,ultrasonic-not-close,KEEP_PAUSED,right,,,0
597,2026-08-02T02:28:43.192+09:00,72.824,596,8.47,0,DRIVING,,0,1,1,0,0,0,-0.303462,,0,79,0.546254,0.546254,0,743,green,0.248,,0,unknown,0.000000,null,0.000000,0.374,,"{""0"": 250, ""1"": 250, ""2"": null, ""3"": null, ""4"": null, ""5"": null, ""6"": null, ""7"": null}","{""0"": 0.0, ""1"": 0.0, ""2"": null, ""3"": null, ""4"": null, ""5"": null, ""6"": null, ""7"": null}","{""0"": 250, ""1"": 250}",250,1,0,0,0,0.374,ultrasonic-not-close,KEEP_PAUSED,right,,,0
598,2026-08-02T02:28:43.352+09:00,72.984,597,8.50,0,DRIVING,,0,1,1,0,0,0,-0.303462,,0,79,0.546248,0.546248,0,744,green,0.260,,0,unknown,0.000000,null,0.000000,0.533,,"{""0"": 250, ""1"": 250, ""2"": null, ""3"": null, ""4"": null, ""5"": null, ""6"": null, ""7"": null}","{""0"": 0.0, ""1"": 0.0, ""2"": null, ""3"": null, ""4"": null, ""5"": null, ""6"": null, ""7"": null}","{""0"": 250, ""1"": 250}",250,1,0,0,0,0.533,ultrasonic-not-close,KEEP_PAUSED,right,,,0
599,2026-08-02T02:28:43.440+09:00,73.072,598,8.62,0,DRIVING,,0,1,1,0,0,0,-0.303462,,0,79,0.546243,0.546243,0,743,green,0.330,,0,unknown,0.000000,null,0.000000,0.378,,"{""0"": 250, ""1"": 250, ""2"": null, ""3"": null, ""4"": null, ""5"": null, ""6"": null, ""7"": null}","{""0"": 0.0, ""1"": 0.0, ""2"": null, ""3"": null, ""4"": null, ""5"": null, ""6"": null, ""7"": null}","{""0"": 250, ""1"": 250}",250,1,0,0,0,0.378,ultrasonic-not-close,KEEP_PAUSED,right,,,0
600,2026-08-02T02:28:43.588+09:00,73.221,599,8.49,0,DRIVING,,0,1,1,0,0,0,-0.303462,,0,79,0.546240,0.546240,0,744,green,0.251,,0,unknown,0.000000,null,0.000000,0.527,,"{""0"": 250, ""1"": 250, ""2"": null, ""3"": null, ""4"": null, ""5"": null, ""6"": null, ""7"": null}","{""0"": 0.0, ""1"": 0.0, ""2"": null, ""3"": null, ""4"": null, ""5"": null, ""6"": null, ""7"": null}","{""0"": 250, ""1"": 250}",250,1,0,0,0,0.527,ultrasonic-not-close,KEEP_PAUSED,right,,,0
601,2026-08-02T02:28:43.680+09:00,73.305,600,8.58,0,DRIVING,,0,1,1,0,0,0,-0.303462,,0,79,0.546238,0.546238,0,744,green,0.238,,0,unknown,0.000000,null,0.000000,0.442,,"{""0"": 250, ""1"": 250, ""2"": null, ""3"": null, ""4"": null, ""5"": null, ""6"": null, ""7"": null}","{""0"": 0.0, ""1"": 0.0, ""2"": null, ""3"": null, ""4"": null, ""5"": null, ""6"": null, ""7"": null}","{""0"": 250, ""1"": 250}",250,1,0,0,0,0.442,ultrasonic-not-close,KEEP_PAUSED,right,,,0
602,2026-08-02T02:28:43.785+09:00,73.418,601,8.52,0,DRIVING,,0,1,1,0,0,0,-0.303462,,0,79,0.546236,0.546236,0,744,green,0.257,,0,unknown,0.000000,null,0.000000,0.310,,"{""0"": 250, ""1"": 250, ""2"": null, ""3"": null, ""4"": null, ""5"": null, ""6"": null, ""7"": null}","{""0"": 0.0, ""1"": 0.0, ""2"": null, ""3"": null, ""4"": null, ""5"": null, ""6"": null, ""7"": null}","{""0"": 250, ""1"": 250}",250,1,0,0,0,0.310,ultrasonic-not-close,KEEP_PAUSED,right,,,0
603,2026-08-02T02:28:43.922+09:00,73.554,602,8.56,0,DRIVING,,0,1,1,0,0,0,-0.303462,,0,79,0.546235,0.546235,0,743,green,0.353,,0,unknown,0.000000,null,0.000000,0.445,,"{""0"": 250, ""1"": 250, ""2"": null, ""3"": null, ""4"": null, ""5"": null, ""6"": null, ""7"": null}","{""0"": 0.0, ""1"": 0.0, ""2"": null, ""3"": null, ""4"": null, ""5"": null, ""6"": null, ""7"": null}","{""0"": 250, ""1"": 250}",250,1,0,0,0,0.445,ultrasonic-not-close,KEEP_PAUSED,right,,,0
604,2026-08-02T02:28:44.010+09:00,73.642,603,8.56,0,DRIVING,,0,1,1,0,0,0,-0.303462,,0,79,0.546234,0.546234,0,743,green,0.339,,0,unknown,0.000000,null,0.000000,0.280,,"{""0"": 250, ""1"": 250, ""2"": null, ""3"": null, ""4"": null, ""5"": null, ""6"": null, ""7"": null}","{""0"": 0.0, ""1"": 0.0, ""2"": null, ""3"": null, ""4"": null, ""5"": null, ""6"": null, ""7"": null}","{""0"": 250, ""1"": 250}",250,1,0,0,0,0.280,ultrasonic-not-close,KEEP_PAUSED,right,,,0
605,2026-08-02T02:28:44.185+09:00,73.816,604,8.50,0,DRIVING,,0,1,1,0,0,0,-0.303462,,0,79,0.546234,0.546234,0,743,green,0.225,,0,unknown,0.000000,null,0.000000,0.455,,"{""0"": 250, ""1"": 250, ""2"": null, ""3"": null, ""4"": null, ""5"": null, ""6"": null, ""7"": null}","{""0"": 0.0, ""1"": 0.0, ""2"": null, ""3"": null, ""4"": null, ""5"": null, ""6"": null, ""7"": null}","{""0"": 250, ""1"": 250}",250,1,0,0,0,0.455,ultrasonic-not-close,KEEP_PAUSED,right,,,0
606,2026-08-02T02:28:44.354+09:00,73.986,605,8.38,0,DRIVING,,0,1,1,0,0,0,-0.303462,,0,79,0.546233,0.546233,0,743,green,0.266,,0,unknown,0.000000,null,0.000000,0.529,,"{""0"": 250, ""1"": 250, ""2"": null, ""3"": null, ""4"": null, ""5"": null, ""6"": null, ""7"": null}","{""0"": 0.0, ""1"": 0.0, ""2"": null, ""3"": null, ""4"": null, ""5"": null, ""6"": null, ""7"": null}","{""0"": 250, ""1"": 250}",250,1,0,0,0,0.529,ultrasonic-not-close,KEEP_PAUSED,right,,,0
607,2026-08-02T02:28:44.440+09:00,74.071,606,8.42,0,DRIVING,,0,1,1,0,0,0,-0.303462,,0,69,0.546233,0.546233,0,744,green,0.350,,0,unknown,0.000000,null,0.000000,0.392,,"{""0"": 250, ""1"": 250, ""2"": null, ""3"": null, ""4"": null, ""5"": null, ""6"": null, ""7"": null}","{""0"": 0.0, ""1"": 0.0, ""2"": null, ""3"": null, ""4"": null, ""5"": null, ""6"": null, ""7"": null}","{""0"": 250, ""1"": 250}",250,1,0,0,0,0.392,ultrasonic-not-close,KEEP_PAUSED,right,,,0
608,2026-08-02T02:28:44.563+09:00,74.197,607,8.39,0,DRIVING,,0,1,1,0,0,0,-0.303462,,0,79,0.546233,0.546233,0,743,green,0.435,,0,unknown,0.000000,null,0.000000,0.518,,"{""0"": 250, ""1"": 250, ""2"": null, ""3"": null, ""4"": null, ""5"": null, ""6"": null, ""7"": null}","{""0"": 0.0, ""1"": 0.0, ""2"": null, ""3"": null, ""4"": null, ""5"": null, ""6"": null, ""7"": null}","{""0"": 250, ""1"": 250}",250,1,0,0,0,0.518,ultrasonic-not-close,KEEP_PAUSED,right,,,0
609,2026-08-02T02:28:44.646+09:00,74.279,608,8.45,0,DRIVING,,0,1,1,0,0,0,-0.303462,,0,79,0.546233,0.546233,0,743,green,0.382,,0,unknown,0.000000,null,0.000000,0.255,,"{""0"": 250, ""1"": 250, ""2"": null, ""3"": null, ""4"": null, ""5"": null, ""6"": null, ""7"": null}","{""0"": 0.0, ""1"": 0.0, ""2"": null, ""3"": null, ""4"": null, ""5"": null, ""6"": null, ""7"": null}","{""0"": 250, ""1"": 250}",250,1,0,0,0,0.255,ultrasonic-not-close,KEEP_PAUSED,right,,,0
610,2026-08-02T02:28:44.802+09:00,74.435,609,8.33,0,DRIVING,,0,1,1,0,0,0,-0.303462,,0,79,0.546232,0.546232,0,744,green,0.212,,0,unknown,0.000000,null,0.000000,0.412,,"{""0"": 250, ""1"": 250, ""2"": null, ""3"": null, ""4"": null, ""5"": null, ""6"": null, ""7"": null}","{""0"": 0.0, ""1"": 0.0, ""2"": null, ""3"": null, ""4"": null, ""5"": null, ""6"": null, ""7"": null}","{""0"": 250, ""1"": 250}",250,1,0,0,0,0.412,ultrasonic-not-close,KEEP_PAUSED,right,,,0
611,2026-08-02T02:28:44.906+09:00,74.539,610,8.42,0,DRIVING,,0,1,1,0,0,0,-0.303462,,0,79,0.546232,0.546232,0,744,green,0.243,,0,unknown,0.000000,null,0.000000,0.430,,"{""0"": 250, ""1"": 250, ""2"": null, ""3"": null, ""4"": null, ""5"": null, ""6"": null, ""7"": null}","{""0"": 0.0, ""1"": 0.0, ""2"": null, ""3"": null, ""4"": null, ""5"": null, ""6"": null, ""7"": null}","{""0"": 250, ""1"": 250}",250,1,0,0,0,0.430,ultrasonic-not-close,KEEP_PAUSED,right,,,0
612,2026-08-02T02:28:45.064+09:00,74.697,611,8.25,0,DRIVING,,0,1,1,0,0,0,-0.303462,,0,79,0.546232,0.546232,0,744,green,0.262,,0,unknown,0.000000,null,0.000000,0.380,,"{""0"": 250, ""1"": 250, ""2"": null, ""3"": null, ""4"": null, ""5"": null, ""6"": null, ""7"": null}","{""0"": 0.0, ""1"": 0.0, ""2"": null, ""3"": null, ""4"": null, ""5"": null, ""6"": null, ""7"": null}","{""0"": 250, ""1"": 250}",250,1,0,0,0,0.380,ultrasonic-not-close,KEEP_PAUSED,right,,,0
613,2026-08-02T02:28:45.183+09:00,74.815,612,8.19,0,DRIVING,,0,1,1,0,0,0,-0.303462,,0,79,0.546232,0.546232,0,743,green,0.265,,0,unknown,0.000000,null,0.000000,0.499,,"{""0"": 250, ""1"": 250, ""2"": null, ""3"": null, ""4"": null, ""5"": null, ""6"": null, ""7"": null}","{""0"": 0.0, ""1"": 0.0, ""2"": null, ""3"": null, ""4"": null, ""5"": null, ""6"": null, ""7"": null}","{""0"": 250, ""1"": 250}",250,1,0,0,0,0.499,ultrasonic-not-close,KEEP_PAUSED,right,,,0
614,2026-08-02T02:28:45.273+09:00,74.905,613,8.18,0,DRIVING,,0,1,1,0,0,0,-0.303462,,0,79,0.546232,0.546232,0,744,green,0.281,,0,unknown,0.000000,null,0.000000,0.330,,"{""0"": 250, ""1"": 250, ""2"": null, ""3"": null, ""4"": null, ""5"": null, ""6"": null, ""7"": null}","{""0"": 0.0, ""1"": 0.0, ""2"": null, ""3"": null, ""4"": null, ""5"": null, ""6"": null, ""7"": null}","{""0"": 250, ""1"": 250}",250,1,0,0,0,0.330,ultrasonic-not-close,KEEP_PAUSED,right,,,0
615,2026-08-02T02:28:45.457+09:00,75.091,614,8.07,0,DRIVING,,0,1,1,0,0,0,-0.303462,,0,79,0.546232,0.546232,0,744,green,0.417,,0,unknown,0.000000,null,0.000000,0.239,,"{""0"": 250, ""1"": 250, ""2"": null, ""3"": null, ""4"": null, ""5"": null, ""6"": null, ""7"": null}","{""0"": 0.0, ""1"": 0.0, ""2"": null, ""3"": null, ""4"": null, ""5"": null, ""6"": null, ""7"": null}","{""0"": 250, ""1"": 250}",250,1,0,0,0,0.239,ultrasonic-not-close,KEEP_PAUSED,right,,,0
616,2026-08-02T02:28:45.549+09:00,75.180,615,8.06,0,DRIVING,,0,1,1,0,0,0,-0.303462,,0,79,0.546232,0.546232,0,744,green,0.398,,0,unknown,0.000000,null,0.000000,0.327,,"{""0"": 250, ""1"": 250, ""2"": null, ""3"": null, ""4"": null, ""5"": null, ""6"": null, ""7"": null}","{""0"": 0.0, ""1"": 0.0, ""2"": null, ""3"": null, ""4"": null, ""5"": null, ""6"": null, ""7"": null}","{""0"": 250, ""1"": 250}",250,1,0,0,0,0.327,ultrasonic-not-close,KEEP_PAUSED,right,,,0
617,2026-08-02T02:28:45.649+09:00,75.280,616,8.05,0,DRIVING,,0,1,1,0,0,0,-0.303462,,0,79,0.546232,0.546232,0,743,green,0.234,,0,unknown,0.000000,null,0.000000,0.292,,"{""0"": 250, ""1"": 250, ""2"": null, ""3"": null, ""4"": null, ""5"": null, ""6"": null, ""7"": null}","{""0"": 0.0, ""1"": 0.0, ""2"": null, ""3"": null, ""4"": null, ""5"": null, ""6"": null, ""7"": null}","{""0"": 250, ""1"": 250}",250,1,0,0,0,0.292,ultrasonic-not-close,KEEP_PAUSED,right,,,0
618,2026-08-02T02:28:45.791+09:00,75.423,617,8.15,0,DRIVING,,0,1,1,0,0,0,-0.302576,,0,69,0.543043,0.543043,0,743,green,0.197,,0,unknown,0.000000,null,0.000000,0.435,,"{""0"": 250, ""1"": 250, ""2"": null, ""3"": null, ""4"": null, ""5"": null, ""6"": null, ""7"": null}","{""0"": 0.0, ""1"": 0.0, ""2"": null, ""3"": null, ""4"": null, ""5"": null, ""6"": null, ""7"": null}","{""0"": 250, ""1"": 250}",250,1,0,0,0,0.435,ultrasonic-not-close,KEEP_PAUSED,right,,,0
619,2026-08-02T02:28:45.880+09:00,75.513,618,8.14,0,DRIVING,,0,1,1,0,0,0,-0.302576,,0,65,0.543521,0.543521,0,743,green,0.247,,0,unknown,0.000000,null,0.000000,0.294,,"{""0"": 250, ""1"": 250, ""2"": null, ""3"": null, ""4"": null, ""5"": null, ""6"": null, ""7"": null}","{""0"": 0.0, ""1"": 0.0, ""2"": null, ""3"": null, ""4"": null, ""5"": null, ""6"": null, ""7"": null}","{""0"": 250, ""1"": 250}",250,1,0,0,0,0.294,ultrasonic-not-close,KEEP_PAUSED,right,,,0
620,2026-08-02T02:28:45.982+09:00,75.615,619,8.29,0,DRIVING,,0,1,1,0,0,0,-0.302576,,0,65,0.543856,0.543856,0,744,green,0.238,,0,unknown,0.000000,null,0.000000,0.397,,"{""0"": 250, ""1"": 250, ""2"": null, ""3"": null, ""4"": null, ""5"": null, ""6"": null, ""7"": null}","{""0"": 0.0, ""1"": 0.0, ""2"": null, ""3"": null, ""4"": null, ""5"": null, ""6"": null, ""7"": null}","{""0"": 250, ""1"": 250}",250,1,0,0,0,0.397,ultrasonic-not-close,KEEP_PAUSED,right,,,0
621,2026-08-02T02:28:46.069+09:00,75.702,620,8.31,0,DRIVING,,0,1,1,0,0,0,-0.302576,,0,65,0.544090,0.544090,0,744,green,0.339,,0,unknown,0.000000,null,0.000000,0.242,,"{""0"": 250, ""1"": 250, ""2"": null, ""3"": null, ""4"": null, ""5"": null, ""6"": null, ""7"": null}","{""0"": 0.0, ""1"": 0.0, ""2"": null, ""3"": null, ""4"": null, ""5"": null, ""6"": null, ""7"": null}","{""0"": 250, ""1"": 250}",250,1,0,0,0,0.242,ultrasonic-not-close,KEEP_PAUSED,right,,,0
622,2026-08-02T02:28:46.261+09:00,75.882,621,8.16,0,DRIVING,,0,1,1,0,0,0,-0.302802,,0,65,0.545066,0.545066,0,744,green,0.306,,0,unknown,0.000000,null,0.000000,0.329,,"{""0"": 250, ""1"": 250, ""2"": null, ""3"": null, ""4"": null, ""5"": null, ""6"": null, ""7"": null}","{""0"": 0.0, ""1"": 0.0, ""2"": null, ""3"": null, ""4"": null, ""5"": null, ""6"": null, ""7"": null}","{""0"": 250, ""1"": 250}",250,1,0,0,0,0.329,ultrasonic-not-close,KEEP_PAUSED,right,,,0
623,2026-08-02T02:28:46.397+09:00,76.021,622,8.12,0,DRIVING,,0,1,1,0,0,0,-0.303253,,0,65,0.546683,0.546683,0,744,green,0.173,,0,unknown,0.000000,null,0.000000,0.467,,"{""0"": 250, ""1"": 250, ""2"": null, ""3"": null, ""4"": null, ""5"": null, ""6"": null, ""7"": null}","{""0"": 0.0, ""1"": 0.0, ""2"": null, ""3"": null, ""4"": null, ""5"": null, ""6"": null, ""7"": null}","{""0"": 250, ""1"": 250}",250,1,0,0,0,0.467,ultrasonic-not-close,KEEP_PAUSED,right,,,0
624,2026-08-02T02:28:46.486+09:00,76.120,623,8.10,0,DRIVING,,0,1,1,0,0,0,-0.303253,,0,65,0.546435,0.546435,0,744,green,0.138,,0,unknown,0.000000,null,0.000000,0.356,,"{""0"": 250, ""1"": 250, ""2"": null, ""3"": null, ""4"": null, ""5"": null, ""6"": null, ""7"": null}","{""0"": 0.0, ""1"": 0.0, ""2"": null, ""3"": null, ""4"": null, ""5"": null, ""6"": null, ""7"": null}","{""0"": 250, ""1"": 250}",250,1,0,0,0,0.356,ultrasonic-not-close,KEEP_PAUSED,right,,,0
625,2026-08-02T02:28:46.650+09:00,76.283,624,8.08,0,DRIVING,,0,1,1,0,0,0,-0.303253,,0,69,0.546261,0.546261,0,743,green,0.100,,0,unknown,0.000000,null,0.000000,0.521,,"{""0"": 250, ""1"": 250, ""2"": null, ""3"": null, ""4"": null, ""5"": null, ""6"": null, ""7"": null}","{""0"": 0.0, ""1"": 0.0, ""2"": null, ""3"": null, ""4"": null, ""5"": null, ""6"": null, ""7"": null}","{""0"": 250, ""1"": 250}",250,1,0,0,0,0.521,ultrasonic-not-close,KEEP_PAUSED,right,,,0
626,2026-08-02T02:28:46.737+09:00,76.370,625,8.08,0,DRIVING,,0,1,1,0,0,0,-0.303253,,0,65,0.546139,0.546139,0,744,green,0.160,,0,unknown,0.000000,null,0.000000,0.305,,"{""0"": 250, ""1"": 250, ""2"": null, ""3"": null, ""4"": null, ""5"": null, ""6"": null, ""7"": null}","{""0"": 0.0, ""1"": 0.0, ""2"": null, ""3"": null, ""4"": null, ""5"": null, ""6"": null, ""7"": null}","{""0"": 250, ""1"": 250}",250,1,0,0,0,0.305,ultrasonic-not-close,KEEP_PAUSED,right,,,0
627,2026-08-02T02:28:46.888+09:00,76.514,626,8.14,0,DRIVING,,0,1,1,0,0,0,-0.308375,,0,31,0.564495,0.564495,0,743,green,0.248,,0,unknown,0.000000,null,0.000000,0.447,,"{""0"": 250, ""1"": 250, ""2"": null, ""3"": null, ""4"": null, ""5"": null, ""6"": null, ""7"": null}","{""0"": 0.0, ""1"": 0.0, ""2"": null, ""3"": null, ""4"": null, ""5"": null, ""6"": null, ""7"": null}","{""0"": 250, ""1"": 250}",250,1,0,0,0,0.447,ultrasonic-not-close,KEEP_PAUSED,right,,,0
628,2026-08-02T02:28:47.016+09:00,76.648,627,8.19,0,DRIVING,,0,1,1,0,0,0,-0.308375,,0,31,0.561669,0.561669,0,744,green,0.154,,0,unknown,0.000000,null,0.000000,0.486,,"{""0"": 250, ""1"": 250, ""2"": null, ""3"": null, ""4"": null, ""5"": null, ""6"": null, ""7"": null}","{""0"": 0.0, ""1"": 0.0, ""2"": null, ""3"": null, ""4"": null, ""5"": null, ""6"": null, ""7"": null}","{""0"": 250, ""1"": 250}",250,1,0,0,0,0.486,ultrasonic-not-close,KEEP_PAUSED,right,,,0
629,2026-08-02T02:28:47.112+09:00,76.743,628,8.17,0,DRIVING,,0,1,1,0,0,0,-0.308150,,0,31,0.558879,0.558879,0,744,green,0.282,,0,unknown,0.000000,null,0.000000,0.337,,"{""0"": 250, ""1"": 250, ""2"": null, ""3"": null, ""4"": null, ""5"": null, ""6"": null, ""7"": null}","{""0"": 0.0, ""1"": 0.0, ""2"": null, ""3"": null, ""4"": null, ""5"": null, ""6"": null, ""7"": null}","{""0"": 250, ""1"": 250}",250,1,0,0,0,0.337,ultrasonic-not-close,KEEP_PAUSED,right,,,0
630,2026-08-02T02:28:47.311+09:00,76.944,629,8.06,0,DRIVING,,0,1,1,0,0,0,-0.308601,,0,31,0.559240,0.559240,0,744,green,0.230,,0,unknown,0.000000,null,0.000000,0.536,,"{""0"": 250, ""1"": 250, ""2"": null, ""3"": null, ""4"": null, ""5"": null, ""6"": null, ""7"": null}","{""0"": 0.0, ""1"": 0.0, ""2"": null, ""3"": null, ""4"": null, ""5"": null, ""6"": null, ""7"": null}","{""0"": 250, ""1"": 250}",250,1,0,0,0,0.536,ultrasonic-not-close,KEEP_PAUSED,right,,,0
631,2026-08-02T02:28:47.495+09:00,77.129,630,7.85,0,DRIVING,,0,1,1,0,0,0,-0.311275,,0,21,0.567739,0.567739,0,744,green,0.299,,0,unknown,0.000000,null,0.000000,0.443,,"{""0"": 250, ""1"": 250, ""2"": null, ""3"": null, ""4"": null, ""5"": null, ""6"": null, ""7"": null}","{""0"": 0.0, ""1"": 0.0, ""2"": null, ""3"": null, ""4"": null, ""5"": null, ""6"": null, ""7"": null}","{""0"": 250, ""1"": 250}",250,1,0,0,0,0.443,ultrasonic-not-close,KEEP_PAUSED,right,,,0
632,2026-08-02T02:28:47.579+09:00,77.213,631,7.91,0,DRIVING,,0,1,1,0,0,0,-0.317960,,0,0,0.589572,0.589572,0,743,green,0.386,,0,unknown,0.000000,null,0.000000,0.430,,"{""0"": 250, ""1"": 250, ""2"": null, ""3"": null, ""4"": null, ""5"": null, ""6"": null, ""7"": null}","{""0"": 0.0, ""1"": 0.0, ""2"": null, ""3"": null, ""4"": null, ""5"": null, ""6"": null, ""7"": null}","{""0"": 250, ""1"": 250}",250,1,0,0,0,0.430,ultrasonic-not-close,KEEP_PAUSED,right,,,0
633,2026-08-02T02:28:47.673+09:00,77.306,632,8.00,0,DRIVING,,0,1,1,0,0,0,-0.319355,,0,40,0.589423,0.589423,0,743,green,0.273,,0,unknown,0.000000,null,0.000000,0.523,,"{""0"": 250, ""1"": 250, ""2"": null, ""3"": null, ""4"": null, ""5"": null, ""6"": null, ""7"": null}","{""0"": 0.0, ""1"": 0.0, ""2"": null, ""3"": null, ""4"": null, ""5"": null, ""6"": null, ""7"": null}","{""0"": 250, ""1"": 250}",250,1,0,0,0,0.523,ultrasonic-not-close,KEEP_PAUSED,right,,,0
634,2026-08-02T02:28:47.858+09:00,77.492,633,7.79,0,DRIVING,,0,1,1,0,0,0,-0.318802,-15.298,159,2,0.583056,0.583056,0,744,green,0.201,,0,unknown,0.000000,null,0.000000,0.512,,"{""0"": 250, ""1"": 250, ""2"": null, ""3"": null, ""4"": null, ""5"": null, ""6"": null, ""7"": null}","{""0"": 0.0, ""1"": 0.0, ""2"": null, ""3"": null, ""4"": null, ""5"": null, ""6"": null, ""7"": null}","{""0"": 250, ""1"": 250}",250,1,0,0,0,0.512,ultrasonic-not-close,KEEP_PAUSED,right,,,0
635,2026-08-02T02:28:47.941+09:00,77.573,634,7.98,0,DRIVING,,0,1,1,0,0,0,-0.307363,-15.251,199,2,0.539112,0.539112,0,743,green,0.279,,0,unknown,0.000000,null,0.000000,0.323,,"{""0"": 250, ""1"": 250, ""2"": null, ""3"": null, ""4"": null, ""5"": null, ""6"": null, ""7"": null}","{""0"": 0.0, ""1"": 0.0, ""2"": null, ""3"": null, ""4"": null, ""5"": null, ""6"": null, ""7"": null}","{""0"": 250, ""1"": 250}",250,1,0,0,0,0.323,ultrasonic-not-close,KEEP_PAUSED,right,,,0
636,2026-08-02T02:28:48.032+09:00,77.665,635,8.16,0,DRIVING,,0,1,1,0,0,0,-0.270994,-15.251,0,31,0.412426,0.412426,0,743,green,0.363,,0,unknown,0.000000,null,0.000000,0.414,,"{""0"": 250, ""1"": 250, ""2"": null, ""3"": null, ""4"": null, ""5"": null, ""6"": null, ""7"": null}","{""0"": 0.0, ""1"": 0.0, ""2"": null, ""3"": null, ""4"": null, ""5"": null, ""6"": null, ""7"": null}","{""0"": 250, ""1"": 250}",250,1,0,0,0,0.414,ultrasonic-not-close,KEEP_PAUSED,right,,,0
637,2026-08-02T02:28:48.117+09:00,77.750,636,8.15,0,DRIVING,,0,1,1,0,0,0,-0.250388,-11.658,178,0,0.360852,0.360852,0,743,green,0.342,,0,unknown,0.000000,null,0.000000,0.223,,"{""0"": 250, ""1"": 250, ""2"": null, ""3"": null, ""4"": null, ""5"": null, ""6"": null, ""7"": null}","{""0"": 0.0, ""1"": 0.0, ""2"": null, ""3"": null, ""4"": null, ""5"": null, ""6"": null, ""7"": null}","{""0"": 250, ""1"": 250}",250,1,0,0,0,0.223,ultrasonic-not-close,KEEP_PAUSED,right,left,,0
638,2026-08-02T02:28:48.278+09:00,77.912,637,8.07,0,DRIVING,,0,1,1,0,0,0,-0.224172,-8.963,178,0,0.293430,0.293430,0,744,green,0.179,,0,unknown,0.000000,null,0.000000,0.386,,"{""0"": 250, ""1"": 250, ""2"": null, ""3"": null, ""4"": null, ""5"": null, ""6"": null, ""7"": null}","{""0"": 0.0, ""1"": 0.0, ""2"": null, ""3"": null, ""4"": null, ""5"": null, ""6"": null, ""7"": null}","{""0"": 250, ""1"": 250}",250,1,0,0,0,0.386,ultrasonic-not-close,KEEP_PAUSED,right,left,,0
639,2026-08-02T02:28:48.402+09:00,78.035,638,7.99,0,DRIVING,,0,1,1,0,0,0,-0.213865,-7.200,320,3,0.289348,0.289348,0,744,green,0.252,,1,obstacle-car,0.870026,"[0, 2, 937, 416]",0.421242,0.334,,"{""0"": 250, ""1"": 250, ""2"": null, ""3"": null, ""4"": null, ""5"": null, ""6"": null, ""7"": null}","{""0"": 0.0, ""1"": 0.0, ""2"": null, ""3"": null, ""4"": null, ""5"": null, ""6"": null, ""7"": null}","{""0"": 250, ""1"": 250}",250,1,0,0,0,0.334,ultrasonic-not-close,KEEP_PAUSED,right,left,,0
640,2026-08-02T02:28:48.492+09:00,78.124,639,8.13,0,DRIVING,,0,1,1,0,0,0,-0.203518,-2.681,675,0,0.280781,0.280781,0,744,green,0.289,,0,unknown,0.000000,null,0.000000,0.338,,"{""0"": 250, ""1"": 250, ""2"": null, ""3"": null, ""4"": null, ""5"": null, ""6"": null, ""7"": null}","{""0"": 0.0, ""1"": 0.0, ""2"": null, ""3"": null, ""4"": null, ""5"": null, ""6"": null, ""7"": null}","{""0"": 250, ""1"": 250}",250,1,0,0,0,0.338,ultrasonic-not-close,KEEP_PAUSED,right,left,,0
641,2026-08-02T02:28:48.576+09:00,78.209,640,8.17,0,DRIVING,,0,1,1,0,0,0,-0.213345,1.520,335,0,0.341823,0.341823,0,743,green,0.217,,0,unknown,0.000000,null,0.000000,0.423,,"{""0"": 250, ""1"": 250, ""2"": null, ""3"": null, ""4"": null, ""5"": null, ""6"": null, ""7"": null}","{""0"": 0.0, ""1"": 0.0, ""2"": null, ""3"": null, ""4"": null, ""5"": null, ""6"": null, ""7"": null}","{""0"": 250, ""1"": 250}",250,1,0,0,0,0.423,ultrasonic-not-close,KEEP_PAUSED,right,left,,0
642,2026-08-02T02:28:48.675+09:00,78.308,641,8.31,0,DRIVING,,0,1,1,0,0,0,-0.227274,5.459,362,4,0.404627,0.404627,0,743,green,0.314,,0,unknown,0.000000,null,0.000000,0.237,,"{""0"": 250, ""1"": 250, ""2"": null, ""3"": null, ""4"": null, ""5"": null, ""6"": null, ""7"": null}","{""0"": 0.0, ""1"": 0.0, ""2"": null, ""3"": null, ""4"": null, ""5"": null, ""6"": null, ""7"": null}","{""0"": 250, ""1"": 250}",250,1,0,0,0,0.237,ultrasonic-not-close,KEEP_PAUSED,right,left,,0
643,2026-08-02T02:28:48.842+09:00,78.476,642,8.19,0,DRIVING,,0,1,1,0,0,0,-0.290497,5.459,0,73,0.633569,0.633569,0,743,green,0.288,,0,unknown,0.000000,null,0.000000,0.405,,"{""0"": 250, ""1"": 250, ""2"": null, ""3"": null, ""4"": null, ""5"": null, ""6"": null, ""7"": null}","{""0"": 0.0, ""1"": 0.0, ""2"": null, ""3"": null, ""4"": null, ""5"": null, ""6"": null, ""7"": null}","{""0"": 250, ""1"": 250}",250,1,0,0,0,0.405,ultrasonic-not-close,KEEP_PAUSED,right,,,0
644,2026-08-02T02:28:48.930+09:00,78.562,643,8.20,0,DRIVING,,0,1,1,0,0,0,-0.318048,5.459,0,83,0.699552,0.699552,0,743,green,0.256,,0,unknown,0.000000,null,0.000000,0.401,,"{""0"": 250, ""1"": 250, ""2"": null, ""3"": null, ""4"": null, ""5"": null, ""6"": null, ""7"": null}","{""0"": 0.0, ""1"": 0.0, ""2"": null, ""3"": null, ""4"": null, ""5"": null, ""6"": null, ""7"": null}","{""0"": 250, ""1"": 250}",250,1,0,0,0,0.401,ultrasonic-not-close,KEEP_PAUSED,right,,,0
645,2026-08-02T02:28:49.075+09:00,78.708,644,8.29,0,DRIVING,,0,1,1,0,0,0,-0.345794,5.459,0,124,0.761318,0.761318,0,743,green,0.248,,0,unknown,0.000000,null,0.000000,0.353,,"{""0"": 250, ""1"": 250, ""2"": null, ""3"": null, ""4"": null, ""5"": null, ""6"": null, ""7"": null}","{""0"": 0.0, ""1"": 0.0, ""2"": null, ""3"": null, ""4"": null, ""5"": null, ""6"": null, ""7"": null}","{""0"": 250, ""1"": 250}",250,1,0,0,0,0.353,ultrasonic-not-close,KEEP_PAUSED,right,,,0
646,2026-08-02T02:28:49.175+09:00,78.805,645,8.28,0,DRIVING,,0,1,1,0,0,0,-0.367070,0.797,174,0,0.796245,0.796245,0,743,green,0.236,,0,unknown,0.000000,null,0.000000,0.450,,"{""0"": 250, ""1"": 250, ""2"": null, ""3"": null, ""4"": null, ""5"": null, ""6"": null, ""7"": null}","{""0"": 0.0, ""1"": 0.0, ""2"": null, ""3"": null, ""4"": null, ""5"": null, ""6"": null, ""7"": null}","{""0"": 250, ""1"": 250}",250,1,0,0,0,0.450,ultrasonic-not-close,KEEP_PAUSED,right,,,0
647,2026-08-02T02:28:49.307+09:00,78.940,646,8.20,0,DRIVING,,0,1,1,0,0,0,-0.416434,0.797,0,0,0.933299,0.933299,0,744,green,0.249,,0,unknown,0.000000,null,0.000000,0.340,,"{""0"": 250, ""1"": 250, ""2"": null, ""3"": null, ""4"": null, ""5"": null, ""6"": null, ""7"": null}","{""0"": 0.0, ""1"": 0.0, ""2"": null, ""3"": null, ""4"": null, ""5"": null, ""6"": null, ""7"": null}","{""0"": 250, ""1"": 250}",250,1,0,0,0,0.340,ultrasonic-not-close,KEEP_PAUSED,right,,,0
648,2026-08-02T02:28:49.402+09:00,79.035,647,8.32,0,DRIVING,,0,1,1,0,0,0,-0.439258,0.797,0,0,0.960349,0.960349,0,744,green,0.381,,0,unknown,0.000000,null,0.000000,0.427,,"{""0"": 250, ""1"": 250, ""2"": null, ""3"": null, ""4"": null, ""5"": null, ""6"": null, ""7"": null}","{""0"": 0.0, ""1"": 0.0, ""2"": null, ""3"": null, ""4"": null, ""5"": null, ""6"": null, ""7"": null}","{""0"": 250, ""1"": 250}",250,1,0,0,0,0.427,ultrasonic-not-close,KEEP_PAUSED,right,,,0
649,2026-08-02T02:28:49.563+09:00,79.196,648,8.14,0,DRIVING,,0,1,1,0,0,0,-0.471680,0.797,0,0,1.000000,1.000000,0,743,green,0.332,,0,unknown,0.000000,null,0.000000,0.353,,"{""0"": 250, ""1"": 250, ""2"": null, ""3"": null, ""4"": null, ""5"": null, ""6"": null, ""7"": null}","{""0"": 0.0, ""1"": 0.0, ""2"": null, ""3"": null, ""4"": null, ""5"": null, ""6"": null, ""7"": null}","{""0"": 250, ""1"": 250}",250,1,0,0,0,0.353,ultrasonic-not-close,KEEP_PAUSED,right,,,0
650,2026-08-02T02:28:49.659+09:00,79.292,649,8.16,0,DRIVING,,0,1,1,0,0,0,-0.456524,0.797,0,0,0.918461,0.918461,0,743,green,0.165,,0,unknown,0.000000,null,0.000000,0.221,,"{""0"": 250, ""1"": 250, ""2"": null, ""3"": null, ""4"": null, ""5"": null, ""6"": null, ""7"": null}","{""0"": 0.0, ""1"": 0.0, ""2"": null, ""3"": null, ""4"": null, ""5"": null, ""6"": null, ""7"": null}","{""0"": 250, ""1"": 250}",250,1,0,0,0,0.221,ultrasonic-not-close,KEEP_PAUSED,right,,,0
651,2026-08-02T02:28:49.822+09:00,79.457,650,7.99,0,DRIVING,,0,0,1,0,0,0,,,0,0,0.918461,0.918461,0,743,green,0.262,,0,unknown,0.000000,null,0.000000,0.385,,"{""0"": 250, ""1"": 250, ""2"": null, ""3"": null, ""4"": null, ""5"": null, ""6"": null, ""7"": null}","{""0"": 0.0, ""1"": 0.0, ""2"": null, ""3"": null, ""4"": null, ""5"": null, ""6"": null, ""7"": null}","{""0"": 250, ""1"": 250}",250,1,0,0,0,0.385,ultrasonic-not-close,KEEP_PAUSED,,,,1
652,2026-08-02T02:28:49.914+09:00,79.547,651,8.19,0,DRIVING,,0,1,1,0,0,0,0.421875,,0,0,-1.000000,-1.000000,0,743,green,0.264,,0,unknown,0.000000,null,0.000000,0.316,,"{""0"": 250, ""1"": 250, ""2"": null, ""3"": null, ""4"": null, ""5"": null, ""6"": null, ""7"": null}","{""0"": 0.0, ""1"": 0.0, ""2"": null, ""3"": null, ""4"": null, ""5"": null, ""6"": null, ""7"": null}","{""0"": 250, ""1"": 250}",250,1,0,0,0,0.316,ultrasonic-not-close,KEEP_PAUSED,left,,,0
653,2026-08-02T02:28:50.090+09:00,79.723,652,8.10,0,DRIVING,,0,1,1,0,0,0,0.422656,,0,0,-1.000000,-1.000000,0,743,green,0.259,,0,unknown,0.000000,null,0.000000,0.491,,"{""0"": 250, ""1"": 250, ""2"": null, ""3"": null, ""4"": null, ""5"": null, ""6"": null, ""7"": null}","{""0"": 0.0, ""1"": 0.0, ""2"": null, ""3"": null, ""4"": null, ""5"": null, ""6"": null, ""7"": null}","{""0"": 250, ""1"": 250}",250,1,0,0,0,0.491,ultrasonic-not-close,KEEP_PAUSED,left,,,0
654,2026-08-02T02:28:50.182+09:00,79.811,653,8.12,0,DRIVING,,0,1,1,0,0,0,0.421406,,0,0,-1.000000,-1.000000,0,743,green,0.271,,0,unknown,0.000000,null,0.000000,0.483,,"{""0"": 250, ""1"": 250, ""2"": null, ""3"": null, ""4"": null, ""5"": null, ""6"": null, ""7"": null}","{""0"": 0.0, ""1"": 0.0, ""2"": null, ""3"": null, ""4"": null, ""5"": null, ""6"": null, ""7"": null}","{""0"": 250, ""1"": 250}",250,1,0,0,0,0.483,ultrasonic-not-close,KEEP_PAUSED,left,,,0
655,2026-08-02T02:28:50.341+09:00,79.973,654,8.13,0,DRIVING,,0,1,1,0,0,0,0.423677,,0,0,-1.000000,-1.000000,0,743,green,0.279,,0,unknown,0.000000,null,0.000000,0.390,,"{""0"": 250, ""1"": 250, ""2"": null, ""3"": null, ""4"": null, ""5"": null, ""6"": null, ""7"": null}","{""0"": 0.0, ""1"": 0.0, ""2"": null, ""3"": null, ""4"": null, ""5"": null, ""6"": null, ""7"": null}","{""0"": 250, ""1"": 250}",250,1,0,0,0,0.390,ultrasonic-not-close,KEEP_PAUSED,left,,,0
656,2026-08-02T02:28:50.436+09:00,80.069,655,8.12,0,DRIVING,,0,1,1,0,0,0,0.423677,,0,0,-1.000000,-1.000000,0,744,green,0.254,,0,unknown,0.000000,null,0.000000,0.484,,"{""0"": 250, ""1"": 250, ""2"": null, ""3"": null, ""4"": null, ""5"": null, ""6"": null, ""7"": null}","{""0"": 0.0, ""1"": 0.0, ""2"": null, ""3"": null, ""4"": null, ""5"": null, ""6"": null, ""7"": null}","{""0"": 250, ""1"": 250}",250,1,0,0,0,0.484,ultrasonic-not-close,KEEP_PAUSED,left,,,0
657,2026-08-02T02:28:50.527+09:00,80.160,656,8.22,0,DRIVING,,0,1,1,0,0,0,0.424559,,0,0,-1.000000,-1.000000,0,743,green,0.251,,0,unknown,0.000000,null,0.000000,0.303,,"{""0"": 250, ""1"": 250, ""2"": null, ""3"": null, ""4"": null, ""5"": null, ""6"": null, ""7"": null}","{""0"": 0.0, ""1"": 0.0, ""2"": null, ""3"": null, ""4"": null, ""5"": null, ""6"": null, ""7"": null}","{""0"": 250, ""1"": 250}",250,1,0,0,0,0.303,ultrasonic-not-close,KEEP_PAUSED,left,,,0
658,2026-08-02T02:28:50.634+09:00,80.266,657,8.29,0,DRIVING,,0,1,1,0,0,0,0.424559,,0,0,-0.944468,-0.944468,0,743,green,0.190,,0,unknown,0.000000,null,0.000000,0.408,,"{""0"": 250, ""1"": 250, ""2"": null, ""3"": null, ""4"": null, ""5"": null, ""6"": null, ""7"": null}","{""0"": 0.0, ""1"": 0.0, ""2"": null, ""3"": null, ""4"": null, ""5"": null, ""6"": null, ""7"": null}","{""0"": 250, ""1"": 250}",250,1,0,0,0,0.408,ultrasonic-not-close,KEEP_PAUSED,left,,,0
659,2026-08-02T02:28:50.731+09:00,80.364,658,8.29,0,DRIVING,,0,1,1,0,0,0,0.422461,,0,0,-0.882836,-0.882836,0,743,green,0.202,,0,unknown,0.000000,null,0.000000,0.259,,"{""0"": 250, ""1"": 250, ""2"": null, ""3"": null, ""4"": null, ""5"": null, ""6"": null, ""7"": null}","{""0"": 0.0, ""1"": 0.0, ""2"": null, ""3"": null, ""4"": null, ""5"": null, ""6"": null, ""7"": null}","{""0"": 250, ""1"": 250}",250,1,0,0,0,0.259,ultrasonic-not-close,KEEP_PAUSED,left,,,0
660,2026-08-02T02:28:50.859+09:00,80.492,659,8.45,0,DRIVING,,0,1,1,0,0,0,0.424844,,0,0,-0.854692,-0.854692,0,743,green,0.301,,0,unknown,0.000000,null,0.000000,0.387,,"{""0"": 250, ""1"": 250, ""2"": null, ""3"": null, ""4"": null, ""5"": null, ""6"": null, ""7"": null}","{""0"": 0.0, ""1"": 0.0, ""2"": null, ""3"": null, ""4"": null, ""5"": null, ""6"": null, ""7"": null}","{""0"": 250, ""1"": 250}",250,1,0,0,0,0.387,ultrasonic-not-close,KEEP_PAUSED,left,,,0
661,2026-08-02T02:28:50.946+09:00,80.579,660,8.69,0,DRIVING,,0,1,1,0,0,0,0.421146,,0,0,-0.814388,-0.814388,0,743,green,0.336,,0,unknown,0.000000,null,0.000000,0.275,,"{""0"": 250, ""1"": 250, ""2"": null, ""3"": null, ""4"": null, ""5"": null, ""6"": null, ""7"": null}","{""0"": 0.0, ""1"": 0.0, ""2"": null, ""3"": null, ""4"": null, ""5"": null, ""6"": null, ""7"": null}","{""0"": 250, ""1"": 250}",250,1,0,0,0,0.275,ultrasonic-not-close,KEEP_PAUSED,left,,,0
662,2026-08-02T02:28:51.075+09:00,80.708,661,8.58,0,DRIVING,,0,1,1,0,0,0,0.421146,,0,0,-0.797490,-0.797490,0,743,green,0.219,,0,unknown,0.000000,null,0.000000,0.307,,"{""0"": 250, ""1"": 250, ""2"": null, ""3"": null, ""4"": null, ""5"": null, ""6"": null, ""7"": null}","{""0"": 0.0, ""1"": 0.0, ""2"": null, ""3"": null, ""4"": null, ""5"": null, ""6"": null, ""7"": null}","{""0"": 250, ""1"": 250}",250,1,0,0,0,0.307,ultrasonic-not-close,KEEP_PAUSED,left,,,0
663,2026-08-02T02:28:51.240+09:00,80.873,662,8.41,0,DRIVING,,0,1,1,0,0,0,0.420742,,0,0,-0.784209,-0.784209,0,743,green,0.220,,0,unknown,0.000000,null,0.000000,0.473,,"{""0"": 250, ""1"": 250, ""2"": null, ""3"": null, ""4"": null, ""5"": null, ""6"": null, ""7"": null}","{""0"": 0.0, ""1"": 0.0, ""2"": null, ""3"": null, ""4"": null, ""5"": null, ""6"": null, ""7"": null}","{""0"": 250, ""1"": 250}",250,1,0,0,0,0.473,ultrasonic-not-close,KEEP_PAUSED,left,,,0
664,2026-08-02T02:28:51.370+09:00,81.002,663,8.55,0,DRIVING,,0,1,1,0,0,0,0.420742,,0,0,-0.776147,-0.776147,0,743,green,0.299,,0,unknown,0.000000,null,0.000000,0.386,,"{""0"": 250, ""1"": 250, ""2"": null, ""3"": null, ""4"": null, ""5"": null, ""6"": null, ""7"": null}","{""0"": 0.0, ""1"": 0.0, ""2"": null, ""3"": null, ""4"": null, ""5"": null, ""6"": null, ""7"": null}","{""0"": 250, ""1"": 250}",250,1,0,0,0,0.386,ultrasonic-not-close,KEEP_PAUSED,left,,,0
665,2026-08-02T02:28:51.466+09:00,81.098,664,8.51,0,DRIVING,,0,1,1,0,0,0,0.420742,,0,0,-0.770504,-0.770504,0,743,green,0.298,,0,unknown,0.000000,null,0.000000,0.482,,"{""0"": 250, ""1"": 250, ""2"": null, ""3"": null, ""4"": null, ""5"": null, ""6"": null, ""7"": null}","{""0"": 0.0, ""1"": 0.0, ""2"": null, ""3"": null, ""4"": null, ""5"": null, ""6"": null, ""7"": null}","{""0"": 250, ""1"": 250}",250,1,0,0,0,0.482,ultrasonic-not-close,KEEP_PAUSED,left,,,0
666,2026-08-02T02:28:51.580+09:00,81.213,665,8.46,0,DRIVING,,0,1,1,0,0,0,0.421146,,0,0,-0.768006,-0.768006,0,744,green,0.395,,0,unknown,0.000000,null,0.000000,0.303,,"{""0"": 250, ""1"": 250, ""2"": null, ""3"": null, ""4"": null, ""5"": null, ""6"": null, ""7"": null}","{""0"": 0.0, ""1"": 0.0, ""2"": null, ""3"": null, ""4"": null, ""5"": null, ""6"": null, ""7"": null}","{""0"": 250, ""1"": 250}",250,1,0,0,0,0.303,ultrasonic-not-close,KEEP_PAUSED,left,,,0
667,2026-08-02T02:28:51.668+09:00,81.300,666,8.45,0,DRIVING,,0,1,1,0,0,0,0.420625,,0,0,-0.763148,-0.763148,0,743,green,0.342,,0,unknown,0.000000,null,0.000000,0.261,,"{""0"": 250, ""1"": 250, ""2"": null, ""3"": null, ""4"": null, ""5"": null, ""6"": null, ""7"": null}","{""0"": 0.0, ""1"": 0.0, ""2"": null, ""3"": null, ""4"": null, ""5"": null, ""6"": null, ""7"": null}","{""0"": 250, ""1"": 250}",250,1,0,0,0,0.261,ultrasonic-not-close,KEEP_PAUSED,left,,,0
668,2026-08-02T02:28:51.825+09:00,81.458,667,8.46,0,DRIVING,,0,1,1,0,0,0,0.421549,,0,0,-0.764669,-0.764669,0,743,green,0.215,,0,unknown,0.000000,null,0.000000,0.419,,"{""0"": 250, ""1"": 250, ""2"": null, ""3"": null, ""4"": null, ""5"": null, ""6"": null, ""7"": null}","{""0"": 0.0, ""1"": 0.0, ""2"": null, ""3"": null, ""4"": null, ""5"": null, ""6"": null, ""7"": null}","{""0"": 250, ""1"": 250}",250,1,0,0,0,0.419,ultrasonic-not-close,KEEP_PAUSED,left,,,0
669,2026-08-02T02:28:51.937+09:00,81.569,668,8.48,0,DRIVING,,0,1,1,0,0,0,0.422253,,0,0,-0.765437,-0.765437,0,742,green,0.249,,0,unknown,0.000000,null,0.000000,0.321,,"{""0"": 250, ""1"": 250, ""2"": null, ""3"": null, ""4"": null, ""5"": null, ""6"": null, ""7"": null}","{""0"": 0.0, ""1"": 0.0, ""2"": null, ""3"": null, ""4"": null, ""5"": null, ""6"": null, ""7"": null}","{""0"": 250, ""1"": 250}",250,1,0,0,0,0.321,ultrasonic-not-close,KEEP_PAUSED,left,,,0
670,2026-08-02T02:28:52.035+09:00,81.666,669,8.47,0,DRIVING,,0,1,1,0,0,0,0.420742,,0,0,-0.758384,-0.758384,0,743,green,0.264,,0,unknown,0.000000,null,0.000000,0.320,,"{""0"": 250, ""1"": 250, ""2"": null, ""3"": null, ""4"": null, ""5"": null, ""6"": null, ""7"": null}","{""0"": 0.0, ""1"": 0.0, ""2"": null, ""3"": null, ""4"": null, ""5"": null, ""6"": null, ""7"": null}","{""0"": 250, ""1"": 250}",250,1,0,0,0,0.320,ultrasonic-not-close,KEEP_PAUSED,left,,,0
671,2026-08-02T02:28:52.217+09:00,81.850,670,8.24,0,DRIVING,,0,1,1,0,0,0,0.420742,,0,0,-0.758070,-0.758070,0,743,green,0.214,,0,unknown,0.000000,null,0.000000,0.503,,"{""0"": 250, ""1"": 250, ""2"": null, ""3"": null, ""4"": null, ""5"": null, ""6"": null, ""7"": null}","{""0"": 0.0, ""1"": 0.0, ""2"": null, ""3"": null, ""4"": null, ""5"": null, ""6"": null, ""7"": null}","{""0"": 250, ""1"": 250}",250,1,0,0,0,0.503,ultrasonic-not-close,KEEP_PAUSED,left,,,0
672,2026-08-02T02:28:52.331+09:00,81.962,671,8.21,0,DRIVING,,0,1,1,0,0,0,0.421549,,0,0,-0.760756,-0.760756,0,743,green,0.285,,0,unknown,0.000000,null,0.000000,0.356,,"{""0"": 250, ""1"": 250, ""2"": null, ""3"": null, ""4"": null, ""5"": null, ""6"": null, ""7"": null}","{""0"": 0.0, ""1"": 0.0, ""2"": null, ""3"": null, ""4"": null, ""5"": null, ""6"": null, ""7"": null}","{""0"": 250, ""1"": 250}",250,1,0,0,0,0.356,ultrasonic-not-close,KEEP_PAUSED,left,,,0
673,2026-08-02T02:28:52.427+09:00,82.059,672,8.38,0,DRIVING,,0,1,1,0,0,0,0.421146,,0,0,-0.758713,-0.758713,0,743,green,0.299,,0,unknown,0.000000,null,0.000000,0.452,,"{""0"": 250, ""1"": 250, ""2"": null, ""3"": null, ""4"": null, ""5"": null, ""6"": null, ""7"": null}","{""0"": 0.0, ""1"": 0.0, ""2"": null, ""3"": null, ""4"": null, ""5"": null, ""6"": null, ""7"": null}","{""0"": 250, ""1"": 250}",250,1,0,0,0,0.452,ultrasonic-not-close,KEEP_PAUSED,left,,,0
674,2026-08-02T02:28:52.543+09:00,82.176,673,8.31,0,DRIVING,,0,1,1,0,0,0,0.420742,,0,0,-0.757065,-0.757065,0,743,green,0.396,,0,unknown,0.000000,null,0.000000,0.288,,"{""0"": 250, ""1"": 250, ""2"": null, ""3"": null, ""4"": null, ""5"": null, ""6"": null, ""7"": null}","{""0"": 0.0, ""1"": 0.0, ""2"": null, ""3"": null, ""4"": null, ""5"": null, ""6"": null, ""7"": null}","{""0"": 250, ""1"": 250}",250,1,0,0,0,0.288,ultrasonic-not-close,KEEP_PAUSED,left,,,0
675,2026-08-02T02:28:52.633+09:00,82.266,674,8.43,0,DRIVING,,0,1,1,0,0,0,0.420742,,0,0,-0.757146,-0.757146,0,743,green,0.329,,0,unknown,0.000000,null,0.000000,0.265,,"{""0"": 250, ""1"": 250, ""2"": null, ""3"": null, ""4"": null, ""5"": null, ""6"": null, ""7"": null}","{""0"": 0.0, ""1"": 0.0, ""2"": null, ""3"": null, ""4"": null, ""5"": null, ""6"": null, ""7"": null}","{""0"": 250, ""1"": 250}",250,1,0,0,0,0.265,ultrasonic-not-close,KEEP_PAUSED,left,,,0
676,2026-08-02T02:28:52.801+09:00,82.433,675,8.26,0,DRIVING,,0,1,1,0,0,0,0.420742,,0,0,-0.757203,-0.757203,0,743,green,0.210,,0,unknown,0.000000,null,0.000000,0.433,,"{""0"": 250, ""1"": 250, ""2"": null, ""3"": null, ""4"": null, ""5"": null, ""6"": null, ""7"": null}","{""0"": 0.0, ""1"": 0.0, ""2"": null, ""3"": null, ""4"": null, ""5"": null, ""6"": null, ""7"": null}","{""0"": 250, ""1"": 250}",250,1,0,0,0,0.433,ultrasonic-not-close,KEEP_PAUSED,left,,,0
677,2026-08-02T02:28:52.887+09:00,82.521,676,8.38,0,DRIVING,,0,1,1,0,0,0,0.420742,,0,0,-0.757243,-0.757243,0,743,green,0.262,,0,unknown,0.000000,null,0.000000,0.309,,"{""0"": 250, ""1"": 250, ""2"": null, ""3"": null, ""4"": null, ""5"": null, ""6"": null, ""7"": null}","{""0"": 0.0, ""1"": 0.0, ""2"": null, ""3"": null, ""4"": null, ""5"": null, ""6"": null, ""7"": null}","{""0"": 250, ""1"": 250}",250,1,0,0,0,0.309,ultrasonic-not-close,KEEP_PAUSED,left,,,0
678,2026-08-02T02:28:53.059+09:00,82.692,677,8.18,0,DRIVING,,0,1,1,0,0,0,0.420742,,0,0,-0.757271,-0.757271,0,743,green,0.258,,0,unknown,0.000000,null,0.000000,0.481,,"{""0"": 250, ""1"": 250, ""2"": null, ""3"": null, ""4"": null, ""5"": null, ""6"": null, ""7"": null}","{""0"": 0.0, ""1"": 0.0, ""2"": null, ""3"": null, ""4"": null, ""5"": null, ""6"": null, ""7"": null}","{""0"": 250, ""1"": 250}",250,1,0,0,0,0.481,ultrasonic-not-close,KEEP_PAUSED,left,,,0
679,2026-08-02T02:28:53.221+09:00,82.853,678,8.20,0,DRIVING,,0,1,1,0,0,0,0.422253,,0,0,-0.762728,-0.762728,0,744,green,0.263,,0,unknown,0.000000,null,0.000000,0.551,,"{""0"": 250, ""1"": 250, ""2"": null, ""3"": null, ""4"": null, ""5"": null, ""6"": null, ""7"": null}","{""0"": 0.0, ""1"": 0.0, ""2"": null, ""3"": null, ""4"": null, ""5"": null, ""6"": null, ""7"": null}","{""0"": 250, ""1"": 250}",250,1,0,0,0,0.551,ultrasonic-not-close,KEEP_PAUSED,left,,,0
680,2026-08-02T02:28:53.316+09:00,82.945,679,8.22,0,DRIVING,,0,1,1,0,0,0,0.420742,,0,0,-0.756488,-0.756488,0,744,green,0.339,,0,unknown,0.000000,null,0.000000,0.388,,"{""0"": 250, ""1"": 250, ""2"": null, ""3"": null, ""4"": null, ""5"": null, ""6"": null, ""7"": null}","{""0"": 0.0, ""1"": 0.0, ""2"": null, ""3"": null, ""4"": null, ""5"": null, ""6"": null, ""7"": null}","{""0"": 250, ""1"": 250}",250,1,0,0,0,0.388,ultrasonic-not-close,KEEP_PAUSED,left,,,0
681,2026-08-02T02:28:53.449+09:00,83.082,680,8.28,0,DRIVING,,0,1,1,0,0,0,0.420742,,0,0,-0.756743,-0.756743,0,744,green,0.260,,0,unknown,0.000000,null,0.000000,0.524,,"{""0"": 250, ""1"": 250, ""2"": null, ""3"": null, ""4"": null, ""5"": null, ""6"": null, ""7"": null}","{""0"": 0.0, ""1"": 0.0, ""2"": null, ""3"": null, ""4"": null, ""5"": null, ""6"": null, ""7"": null}","{""0"": 250, ""1"": 250}",250,1,0,0,0,0.524,ultrasonic-not-close,KEEP_PAUSED,left,,,0
682,2026-08-02T02:28:53.588+09:00,83.221,681,8.17,0,DRIVING,,0,1,1,0,0,0,0.420742,,0,0,-0.756921,-0.756921,0,744,green,0.231,,0,unknown,0.000000,null,0.000000,0.329,,"{""0"": 250, ""1"": 250, ""2"": null, ""3"": null, ""4"": null, ""5"": null, ""6"": null, ""7"": null}","{""0"": 0.0, ""1"": 0.0, ""2"": null, ""3"": null, ""4"": null, ""5"": null, ""6"": null, ""7"": null}","{""0"": 250, ""1"": 250}",250,1,0,0,0,0.329,ultrasonic-not-close,KEEP_PAUSED,left,,,0
683,2026-08-02T02:28:53.680+09:00,83.312,682,8.36,0,DRIVING,,0,1,1,0,0,0,0.420742,,0,0,-0.757045,-0.757045,0,744,green,0.370,,0,unknown,0.000000,null,0.000000,0.328,,"{""0"": 250, ""1"": 250, ""2"": null, ""3"": null, ""4"": null, ""5"": null, ""6"": null, ""7"": null}","{""0"": 0.0, ""1"": 0.0, ""2"": null, ""3"": null, ""4"": null, ""5"": null, ""6"": null, ""7"": null}","{""0"": 250, ""1"": 250}",250,1,0,0,0,0.328,ultrasonic-not-close,KEEP_PAUSED,left,,,0
684,2026-08-02T02:28:53.858+09:00,83.491,683,8.16,0,DRIVING,,0,1,1,0,0,0,0.421549,,0,0,-0.760039,-0.760039,0,744,green,0.371,,0,unknown,0.000000,null,0.000000,0.505,,"{""0"": 250, ""1"": 250, ""2"": null, ""3"": null, ""4"": null, ""5"": null, ""6"": null, ""7"": null}","{""0"": 0.0, ""1"": 0.0, ""2"": null, ""3"": null, ""4"": null, ""5"": null, ""6"": null, ""7"": null}","{""0"": 250, ""1"": 250}",250,1,0,0,0,0.505,ultrasonic-not-close,KEEP_PAUSED,left,,,0
685,2026-08-02T02:28:53.978+09:00,83.611,684,8.24,0,DRIVING,,0,1,1,0,0,0,0.427096,,0,0,-0.779633,-0.779633,0,743,green,0.274,,0,unknown,0.000000,null,0.000000,0.355,,"{""0"": 250, ""1"": 250, ""2"": null, ""3"": null, ""4"": null, ""5"": null, ""6"": null, ""7"": null}","{""0"": 0.0, ""1"": 0.0, ""2"": null, ""3"": null, ""4"": null, ""5"": null, ""6"": null, ""7"": null}","{""0"": 250, ""1"": 250}",250,1,0,0,0,0.355,ultrasonic-not-close,KEEP_PAUSED,left,,,0
686,2026-08-02T02:28:54.069+09:00,83.701,685,8.26,0,DRIVING,,0,1,1,0,0,0,0.396549,,0,0,-0.666406,-0.666406,0,743,green,0.301,,0,unknown,0.000000,null,0.000000,0.350,,"{""0"": 250, ""1"": 250, ""2"": null, ""3"": null, ""4"": null, ""5"": null, ""6"": null, ""7"": null}","{""0"": 0.0, ""1"": 0.0, ""2"": null, ""3"": null, ""4"": null, ""5"": null, ""6"": null, ""7"": null}","{""0"": 250, ""1"": 250}",250,1,0,0,0,0.350,ultrasonic-not-close,KEEP_PAUSED,left,,,0
687,2026-08-02T02:28:54.185+09:00,83.817,686,8.21,0,DRIVING,,0,1,1,0,0,0,0.374427,,0,0,-0.600980,-0.600980,0,743,green,0.215,,0,unknown,0.000000,null,0.000000,0.466,,"{""0"": 250, ""1"": 250, ""2"": null, ""3"": null, ""4"": null, ""5"": null, ""6"": null, ""7"": null}","{""0"": 0.0, ""1"": 0.0, ""2"": null, ""3"": null, ""4"": null, ""5"": null, ""6"": null, ""7"": null}","{""0"": 250, ""1"": 250}",250,1,0,0,0,0.466,ultrasonic-not-close,KEEP_PAUSED,left,,,0
688,2026-08-02T02:28:54.270+09:00,83.902,687,8.25,0,DRIVING,,0,1,1,0,0,0,0.366563,,0,0,-0.594564,-0.594564,0,743,green,0.211,,0,unknown,0.000000,null,0.000000,0.254,,"{""0"": 250, ""1"": 250, ""2"": null, ""3"": null, ""4"": null, ""5"": null, ""6"": null, ""7"": null}","{""0"": 0.0, ""1"": 0.0, ""2"": null, ""3"": null, ""4"": null, ""5"": null, ""6"": null, ""7"": null}","{""0"": 250, ""1"": 250}",250,1,0,0,0,0.254,ultrasonic-not-close,KEEP_PAUSED,left,,,0
689,2026-08-02T02:28:54.408+09:00,84.041,688,8.16,0,DRIVING,,0,1,1,0,0,0,0.366563,,0,0,-0.614139,-0.614139,0,743,green,0.297,,0,unknown,0.000000,null,0.000000,0.391,,"{""0"": 250, ""1"": 250, ""2"": null, ""3"": null, ""4"": null, ""5"": null, ""6"": null, ""7"": null}","{""0"": 0.0, ""1"": 0.0, ""2"": null, ""3"": null, ""4"": null, ""5"": null, ""6"": null, ""7"": null}","{""0"": 250, ""1"": 250}",250,1,0,0,0,0.391,ultrasonic-not-close,KEEP_PAUSED,left,,,0
690,2026-08-02T02:28:54.489+09:00,84.122,689,8.27,0,DRIVING,,0,1,1,0,0,0,0.366159,,0,0,-0.626388,-0.626388,0,743,green,0.138,,0,unknown,0.000000,null,0.000000,0.267,,"{""0"": 250, ""1"": 250, ""2"": null, ""3"": null, ""4"": null, ""5"": null, ""6"": null, ""7"": null}","{""0"": 0.0, ""1"": 0.0, ""2"": null, ""3"": null, ""4"": null, ""5"": null, ""6"": null, ""7"": null}","{""0"": 250, ""1"": 250}",250,1,0,0,0,0.267,ultrasonic-not-close,KEEP_PAUSED,left,,,0
691,2026-08-02T02:28:54.656+09:00,84.289,690,8.09,0,DRIVING,,0,1,1,0,0,0,0.370547,,0,0,-0.651994,-0.651994,0,743,green,0.221,,0,unknown,0.000000,null,0.000000,0.433,,"{""0"": 250, ""1"": 250, ""2"": null, ""3"": null, ""4"": null, ""5"": null, ""6"": null, ""7"": null}","{""0"": 0.0, ""1"": 0.0, ""2"": null, ""3"": null, ""4"": null, ""5"": null, ""6"": null, ""7"": null}","{""0"": 250, ""1"": 250}",250,1,0,0,0,0.433,ultrasonic-not-close,KEEP_PAUSED,left,,,0
692,2026-08-02T02:28:54.747+09:00,84.377,691,8.18,0,DRIVING,,0,1,1,0,0,0,0.371354,,0,0,-0.659397,-0.659397,0,744,green,0.252,,0,unknown,0.000000,null,0.000000,0.436,,"{""0"": 250, ""1"": 250, ""2"": null, ""3"": null, ""4"": null, ""5"": null, ""6"": null, ""7"": null}","{""0"": 0.0, ""1"": 0.0, ""2"": null, ""3"": null, ""4"": null, ""5"": null, ""6"": null, ""7"": null}","{""0"": 250, ""1"": 250}",250,1,0,0,0,0.436,ultrasonic-not-close,KEEP_PAUSED,left,,,0
693,2026-08-02T02:28:54.902+09:00,84.536,692,8.19,0,DRIVING,,0,1,1,0,0,0,0.370143,,0,0,-0.657750,-0.657750,0,743,green,0.263,,0,unknown,0.000000,null,0.000000,0.379,,"{""0"": 250, ""1"": 250, ""2"": null, ""3"": null, ""4"": null, ""5"": null, ""6"": null, ""7"": null}","{""0"": 0.0, ""1"": 0.0, ""2"": null, ""3"": null, ""4"": null, ""5"": null, ""6"": null, ""7"": null}","{""0"": 250, ""1"": 250}",250,1,0,0,0,0.379,ultrasonic-not-close,KEEP_PAUSED,left,,,0
694,2026-08-02T02:28:54.999+09:00,84.631,693,8.26,0,DRIVING,,0,1,1,0,0,0,0.368177,,0,0,-0.653224,-0.653224,0,743,green,0.250,,0,unknown,0.000000,null,0.000000,0.474,,"{""0"": 250, ""1"": 250, ""2"": null, ""3"": null, ""4"": null, ""5"": null, ""6"": null, ""7"": null}","{""0"": 0.0, ""1"": 0.0, ""2"": null, ""3"": null, ""4"": null, ""5"": null, ""6"": null, ""7"": null}","{""0"": 250, ""1"": 250}",250,1,0,0,0,0.474,ultrasonic-not-close,KEEP_PAUSED,left,,,0
695,2026-08-02T02:28:55.087+09:00,84.720,694,8.28,0,DRIVING,,0,1,1,0,0,0,0.361979,,0,0,-0.633760,-0.633760,0,743,green,0.255,,0,unknown,0.000000,null,0.000000,0.303,,"{""0"": 250, ""1"": 250, ""2"": null, ""3"": null, ""4"": null, ""5"": null, ""6"": null, ""7"": null}","{""0"": 0.0, ""1"": 0.0, ""2"": null, ""3"": null, ""4"": null, ""5"": null, ""6"": null, ""7"": null}","{""0"": 250, ""1"": 250}",250,1,0,0,0,0.303,ultrasonic-not-close,KEEP_PAUSED,left,,,0
696,2026-08-02T02:28:55.211+09:00,84.844,695,8.26,0,DRIVING,,0,1,1,0,0,0,0.359206,,0,19,-0.629116,-0.629116,0,742,green,0.343,,0,unknown,0.000000,null,0.000000,0.426,,"{""0"": 250, ""1"": 250, ""2"": null, ""3"": null, ""4"": null, ""5"": null, ""6"": null, ""7"": null}","{""0"": 0.0, ""1"": 0.0, ""2"": null, ""3"": null, ""4"": null, ""5"": null, ""6"": null, ""7"": null}","{""0"": 250, ""1"": 250}",250,1,0,0,0,0.426,ultrasonic-not-close,KEEP_PAUSED,left,,,0
697,2026-08-02T02:28:55.291+09:00,84.924,696,8.28,0,DRIVING,,0,1,1,0,0,0,0.349779,,0,108,-0.600415,-0.600415,0,742,green,0.311,,0,unknown,0.000000,null,0.000000,0.256,,"{""0"": 250, ""1"": 250, ""2"": null, ""3"": null, ""4"": null, ""5"": null, ""6"": null, ""7"": null}","{""0"": 0.0, ""1"": 0.0, ""2"": null, ""3"": null, ""4"": null, ""5"": null, ""6"": null, ""7"": null}","{""0"": 250, ""1"": 250}",250,1,0,0,0,0.256,ultrasonic-not-close,KEEP_PAUSED,left,,,0
698,2026-08-02T02:28:55.462+09:00,85.094,697,8.25,0,DRIVING,,0,1,1,0,0,0,0.276703,-11.481,247,0,-0.346099,-0.346099,0,720,green,0.210,,0,unknown,0.000000,null,0.000000,0.427,,"{""0"": 250, ""1"": 250, ""2"": null, ""3"": null, ""4"": null, ""5"": null, ""6"": null, ""7"": null}","{""0"": 0.0, ""1"": 0.0, ""2"": null, ""3"": null, ""4"": null, ""5"": null, ""6"": null, ""7"": null}","{""0"": 250, ""1"": 250}",250,1,0,0,0,0.427,ultrasonic-not-close,KEEP_PAUSED,left,right,,0
699,2026-08-02T02:28:55.579+09:00,85.212,698,8.24,0,DRIVING,,0,1,1,0,0,0,0.280059,-10.699,299,21,-0.403772,-0.403772,0,738,green,0.255,,0,unknown,0.000000,null,0.000000,0.333,,"{""0"": 250, ""1"": 250, ""2"": null, ""3"": null, ""4"": null, ""5"": null, ""6"": null, ""7"": null}","{""0"": 0.0, ""1"": 0.0, ""2"": null, ""3"": null, ""4"": null, ""5"": null, ""6"": null, ""7"": null}","{""0"": 250, ""1"": 250}",250,1,0,0,0,0.333,ultrasonic-not-close,KEEP_PAUSED,left,right,,0
700,2026-08-02T02:28:55.676+09:00,85.307,699,8.24,0,DRIVING,,0,1,1,0,0,0,0.290602,-10.699,0,98,-0.471824,-0.471824,0,759,green,0.291,,0,unknown,0.000000,null,0.000000,0.345,,"{""0"": 250, ""1"": 250, ""2"": null, ""3"": null, ""4"": null, ""5"": null, ""6"": null, ""7"": null}","{""0"": 0.0, ""1"": 0.0, ""2"": null, ""3"": null, ""4"": null, ""5"": null, ""6"": null, ""7"": null}","{""0"": 250, ""1"": 250}",250,1,0,0,0,0.345,ultrasonic-not-close,KEEP_PAUSED,left,,,0
701,2026-08-02T02:28:55.838+09:00,85.471,700,8.28,0,DRIVING,,0,1,1,0,0,0,0.292050,-10.699,0,25,-0.492418,-0.492418,0,748,green,0.218,,0,unknown,0.000000,null,0.000000,0.508,,"{""0"": 250, ""1"": 250, ""2"": null, ""3"": null, ""4"": null, ""5"": null, ""6"": null, ""7"": null}","{""0"": 0.0, ""1"": 0.0, ""2"": null, ""3"": null, ""4"": null, ""5"": null, ""6"": null, ""7"": null}","{""0"": 250, ""1"": 250}",250,1,0,0,0,0.508,ultrasonic-not-close,KEEP_PAUSED,left,,,0
702,2026-08-02T02:28:55.926+09:00,85.558,701,8.35,0,DRIVING,,0,1,1,0,0,0,0.276413,-9.362,243,21,-0.446105,-0.446105,0,747,green,0.263,,0,unknown,0.000000,null,0.000000,0.309,,"{""0"": 250, ""1"": 250, ""2"": null, ""3"": null, ""4"": null, ""5"": null, ""6"": null, ""7"": null}","{""0"": 0.0, ""1"": 0.0, ""2"": null, ""3"": null, ""4"": null, ""5"": null, ""6"": null, ""7"": null}","{""0"": 250, ""1"": 250}",250,1,0,0,0,0.309,ultrasonic-not-close,KEEP_PAUSED,left,right,,0
703,2026-08-02T02:28:56.056+09:00,85.688,702,8.26,0,DRIVING,,0,1,1,0,0,0,0.280066,-7.560,1318,0,-0.474686,-0.474686,0,750,green,0.351,,0,unknown,0.000000,null,0.000000,0.439,,"{""0"": 250, ""1"": 250, ""2"": null, ""3"": null, ""4"": null, ""5"": null, ""6"": null, ""7"": null}","{""0"": 0.0, ""1"": 0.0, ""2"": null, ""3"": null, ""4"": null, ""5"": null, ""6"": null, ""7"": null}","{""0"": 250, ""1"": 250}",250,1,0,0,0,0.439,ultrasonic-not-close,KEEP_PAUSED,left,right,,0
704,2026-08-02T02:28:56.142+09:00,85.775,703,8.33,0,DRIVING,,0,1,1,0,0,0,0.274421,-7.348,2651,0,-0.463194,-0.463194,0,749,green,0.135,,0,unknown,0.000000,null,0.000000,0.267,,"{""0"": 250, ""1"": 250, ""2"": null, ""3"": null, ""4"": null, ""5"": null, ""6"": null, ""7"": null}","{""0"": 0.0, ""1"": 0.0, ""2"": null, ""3"": null, ""4"": null, ""5"": null, ""6"": null, ""7"": null}","{""0"": 250, ""1"": 250}",250,1,0,0,0,0.267,ultrasonic-not-close,KEEP_PAUSED,left,right,,0
705,2026-08-02T02:28:56.273+09:00,85.905,704,8.24,0,DRIVING,,0,1,1,0,0,0,0.240646,-5.577,4171,2,-0.350835,-0.350835,0,745,green,0.220,,0,unknown,0.000000,null,0.000000,0.396,,"{""0"": 250, ""1"": 250, ""2"": null, ""3"": null, ""4"": null, ""5"": null, ""6"": null, ""7"": null}","{""0"": 0.0, ""1"": 0.0, ""2"": null, ""3"": null, ""4"": null, ""5"": null, ""6"": null, ""7"": null}","{""0"": 250, ""1"": 250}",250,1,0,0,0,0.396,ultrasonic-not-close,KEEP_PAUSED,left,right,,0
706,2026-08-02T02:28:56.367+09:00,85.998,705,8.42,0,DRIVING,,0,1,1,0,0,0,0.200473,-3.448,4666,0,-0.230911,-0.230911,0,742,green,0.218,,0,unknown,0.000000,null,0.000000,0.402,,"{""0"": 250, ""1"": 250, ""2"": null, ""3"": null, ""4"": null, ""5"": null, ""6"": null, ""7"": null}","{""0"": 0.0, ""1"": 0.0, ""2"": null, ""3"": null, ""4"": null, ""5"": null, ""6"": null, ""7"": null}","{""0"": 250, ""1"": 250}",250,1,0,0,0,0.402,ultrasonic-not-close,KEEP_PAUSED,left,right,,0
707,2026-08-02T02:28:56.514+09:00,86.146,706,8.27,0,DRIVING,,0,1,1,0,0,0,0.176014,-1.553,4660,0,-0.181841,-0.181841,0,742,green,0.229,,0,unknown,0.000000,null,0.000000,0.335,,"{""0"": 250, ""1"": 250, ""2"": null, ""3"": null, ""4"": null, ""5"": null, ""6"": null, ""7"": null}","{""0"": 0.0, ""1"": 0.0, ""2"": null, ""3"": null, ""4"": null, ""5"": null, ""6"": null, ""7"": null}","{""0"": 250, ""1"": 250}",250,1,0,0,0,0.335,ultrasonic-not-close,KEEP_PAUSED,left,right,,0
708,2026-08-02T02:28:56.652+09:00,86.284,707,8.36,0,DRIVING,,0,1,1,0,0,0,0.165146,-0.174,5178,0,-0.183211,-0.183211,0,742,green,0.243,,0,unknown,0.000000,null,0.000000,0.472,,"{""0"": 250, ""1"": 250, ""2"": null, ""3"": null, ""4"": null, ""5"": null, ""6"": null, ""7"": null}","{""0"": 0.0, ""1"": 0.0, ""2"": null, ""3"": null, ""4"": null, ""5"": null, ""6"": null, ""7"": null}","{""0"": 250, ""1"": 250}",250,1,0,0,0,0.472,ultrasonic-not-close,KEEP_PAUSED,left,right,,0
709,2026-08-02T02:28:56.749+09:00,86.380,708,8.51,0,DRIVING,,0,1,1,0,0,0,0.127736,1.063,5321,0,-0.082751,-0.082751,0,742,green,0.289,,0,unknown,0.000000,null,0.000000,0.343,,"{""0"": 250, ""1"": 250, ""2"": null, ""3"": null, ""4"": null, ""5"": null, ""6"": null, ""7"": null}","{""0"": 0.0, ""1"": 0.0, ""2"": null, ""3"": null, ""4"": null, ""5"": null, ""6"": null, ""7"": null}","{""0"": 250, ""1"": 250}",250,1,0,0,0,0.343,ultrasonic-not-close,KEEP_PAUSED,left,right,,0
710,2026-08-02T02:28:56.849+09:00,86.481,709,8.48,0,DRIVING,,0,1,1,0,0,0,0.103401,2.157,5678,0,-0.039297,-0.039297,0,743,green,0.239,,0,unknown,0.000000,null,0.000000,0.445,,"{""0"": 250, ""1"": 250, ""2"": null, ""3"": null, ""4"": null, ""5"": null, ""6"": null, ""7"": null}","{""0"": 0.0, ""1"": 0.0, ""2"": null, ""3"": null, ""4"": null, ""5"": null, ""6"": null, ""7"": null}","{""0"": 250, ""1"": 250}",250,1,0,0,0,0.445,ultrasonic-not-close,KEEP_PAUSED,left,right,,0
711,2026-08-02T02:28:56.939+09:00,86.569,710,8.60,0,DRIVING,,0,1,1,0,0,0,0.089596,2.938,5814,0,-0.033646,-0.033646,0,742,green,0.340,,0,unknown,0.000000,null,0.000000,0.248,,"{""0"": 250, ""1"": 250, ""2"": null, ""3"": null, ""4"": null, ""5"": null, ""6"": null, ""7"": null}","{""0"": 0.0, ""1"": 0.0, ""2"": null, ""3"": null, ""4"": null, ""5"": null, ""6"": null, ""7"": null}","{""0"": 250, ""1"": 250}",250,1,0,0,0,0.248,ultrasonic-not-close,KEEP_PAUSED,left,right,,0
712,2026-08-02T02:28:57.044+09:00,86.676,711,8.68,0,DRIVING,,0,1,1,0,0,0,0.070548,3.640,5967,0,-0.003361,-0.003361,0,742,green,0.293,,0,unknown,0.000000,null,0.000000,0.259,,"{""0"": 250, ""1"": 250, ""2"": null, ""3"": null, ""4"": null, ""5"": null, ""6"": null, ""7"": null}","{""0"": 0.0, ""1"": 0.0, ""2"": null, ""3"": null, ""4"": null, ""5"": null, ""6"": null, ""7"": null}","{""0"": 250, ""1"": 250}",250,1,0,0,0,0.259,ultrasonic-not-close,KEEP_PAUSED,left,right,,0
713,2026-08-02T02:28:57.263+09:00,86.895,712,8.38,0,DRIVING,,0,1,1,0,0,0,0.038733,4.109,6429,0,0.074085,0.074085,0,742,green,0.203,,0,unknown,0.000000,null,0.000000,0.477,,"{""0"": 250, ""1"": 250, ""2"": null, ""3"": null, ""4"": null, ""5"": null, ""6"": null, ""7"": null}","{""0"": 0.0, ""1"": 0.0, ""2"": null, ""3"": null, ""4"": null, ""5"": null, ""6"": null, ""7"": null}","{""0"": 250, ""1"": 250}",250,1,0,0,0,0.477,ultrasonic-not-close,KEEP_PAUSED,left,right,,0
714,2026-08-02T02:28:57.428+09:00,87.061,713,8.40,0,DRIVING,,0,1,1,0,0,0,0.000954,4.622,6935,9,0.166949,0.166949,0,743,green,0.326,,0,unknown,0.000000,null,0.000000,0.452,,"{""0"": 250, ""1"": 250, ""2"": null, ""3"": null, ""4"": null, ""5"": null, ""6"": null, ""7"": null}","{""0"": 0.0, ""1"": 0.0, ""2"": null, ""3"": null, ""4"": null, ""5"": null, ""6"": null, ""7"": null}","{""0"": 250, ""1"": 250}",250,1,0,0,0,0.452,ultrasonic-not-close,KEEP_PAUSED,left,right,,0
715,2026-08-02T02:28:57.519+09:00,87.153,714,8.48,0,DRIVING,,0,1,1,0,0,0,-0.024725,5.122,7312,10,0.208792,0.208792,0,743,green,0.384,,0,unknown,0.000000,null,0.000000,0.435,,"{""0"": 250, ""1"": 250, ""2"": null, ""3"": null, ""4"": null, ""5"": null, ""6"": null, ""7"": null}","{""0"": 0.0, ""1"": 0.0, ""2"": null, ""3"": null, ""4"": null, ""5"": null, ""6"": null, ""7"": null}","{""0"": 250, ""1"": 250}",250,1,0,0,0,0.435,ultrasonic-not-close,KEEP_PAUSED,left,right,,0
716,2026-08-02T02:28:57.705+09:00,87.338,715,8.24,0,DRIVING,,0,1,1,0,0,0,-0.026224,5.477,7260,30,0.164903,0.164903,0,745,green,0.260,,0,unknown,0.000000,null,0.000000,0.621,,"{""0"": 250, ""1"": 250, ""2"": null, ""3"": null, ""4"": null, ""5"": null, ""6"": null, ""7"": null}","{""0"": 0.0, ""1"": 0.0, ""2"": null, ""3"": null, ""4"": null, ""5"": null, ""6"": null, ""7"": null}","{""0"": 250, ""1"": 250}",250,1,0,0,0,0.621,ultrasonic-not-close,KEEP_PAUSED,left,right,,0
717,2026-08-02T02:28:57.796+09:00,87.427,716,8.31,0,DRIVING,,0,1,1,0,0,0,-0.024988,4.791,7735,100,0.125143,0.125143,0,746,green,0.280,,0,unknown,0.000000,null,0.000000,0.494,,"{""0"": 250, ""1"": 250, ""2"": null, ""3"": null, ""4"": null, ""5"": null, ""6"": null, ""7"": null}","{""0"": 0.0, ""1"": 0.0, ""2"": null, ""3"": null, ""4"": null, ""5"": null, ""6"": null, ""7"": null}","{""0"": 250, ""1"": 250}",250,1,0,0,0,0.494,ultrasonic-not-close,KEEP_PAUSED,left,right,,0
718,2026-08-02T02:28:57.926+09:00,87.558,717,8.20,0,DRIVING,,0,1,1,0,0,0,-0.024135,5.064,7292,73,0.098022,0.098022,0,746,green,0.371,,0,unknown,0.000000,null,0.000000,0.371,,"{""0"": 250, ""1"": 250, ""2"": null, ""3"": null, ""4"": null, ""5"": null, ""6"": null, ""7"": null}","{""0"": 0.0, ""1"": 0.0, ""2"": null, ""3"": null, ""4"": null, ""5"": null, ""6"": null, ""7"": null}","{""0"": 250, ""1"": 250}",250,1,0,0,0,0.371,ultrasonic-not-close,KEEP_PAUSED,left,right,,0
719,2026-08-02T02:28:58.018+09:00,87.650,718,8.31,0,DRIVING,,0,1,1,0,0,0,-0.025591,5.283,7287,88,0.086891,0.086891,0,745,red,0.410,,0,unknown,0.000000,null,0.000000,0.462,,"{""0"": 250, ""1"": 250, ""2"": null, ""3"": null, ""4"": null, ""5"": null, ""6"": null, ""7"": null}","{""0"": 0.0, ""1"": 0.0, ""2"": null, ""3"": null, ""4"": null, ""5"": null, ""6"": null, ""7"": null}","{""0"": 250, ""1"": 250}",250,1,0,0,0,0.462,ultrasonic-not-close,KEEP_PAUSED,left,right,,0
720,2026-08-02T02:28:58.152+09:00,87.784,719,8.19,0,DRIVING,,0,1,1,0,0,0,-0.026318,5.438,7292,81,0.077259,0.077259,0,745,red,0.227,,0,unknown,0.000000,null,0.000000,0.320,,"{""0"": 250, ""1"": 250, ""2"": null, ""3"": null, ""4"": null, ""5"": null, ""6"": null, ""7"": null}","{""0"": 0.0, ""1"": 0.0, ""2"": null, ""3"": null, ""4"": null, ""5"": null, ""6"": null, ""7"": null}","{""0"": 250, ""1"": 250}",250,1,0,0,0,0.320,ultrasonic-not-close,KEEP_PAUSED,left,right,,0
721,2026-08-02T02:28:58.311+09:00,87.943,720,8.21,0,DRIVING,,0,1,1,0,0,0,-0.027164,5.560,7293,80,0.071339,0.071339,0,746,red,0.231,,0,unknown,0.000000,null,0.000000,0.477,,"{""0"": 250, ""1"": 250, ""2"": null, ""3"": null, ""4"": null, ""5"": null, ""6"": null, ""7"": null}","{""0"": 0.0, ""1"": 0.0, ""2"": null, ""3"": null, ""4"": null, ""5"": null, ""6"": null, ""7"": null}","{""0"": 250, ""1"": 250}",250,1,0,0,0,0.477,ultrasonic-not-close,KEEP_PAUSED,left,right,,0
722,2026-08-02T02:28:58.403+09:00,88.035,721,8.20,0,DRIVING,,0,1,1,0,0,0,-0.027133,5.647,7253,63,0.064495,0.064495,0,745,red,0.297,,0,unknown,0.000000,null,0.000000,0.348,,"{""0"": 250, ""1"": 250, ""2"": null, ""3"": null, ""4"": null, ""5"": null, ""6"": null, ""7"": null}","{""0"": 0.0, ""1"": 0.0, ""2"": null, ""3"": null, ""4"": null, ""5"": null, ""6"": null, ""7"": null}","{""0"": 250, ""1"": 250}",250,1,0,0,0,0.348,ultrasonic-not-close,KEEP_PAUSED,left,right,,0
723,2026-08-02T02:28:58.519+09:00,88.150,722,8.31,0,DRIVING,,0,1,1,0,0,0,-0.028402,5.742,7243,102,0.064365,0.064365,0,746,red,0.257,,0,unknown,0.000000,null,0.000000,0.463,,"{""0"": 250, ""1"": 250, ""2"": null, ""3"": null, ""4"": null, ""5"": null, ""6"": null, ""7"": null}","{""0"": 0.0, ""1"": 0.0, ""2"": null, ""3"": null, ""4"": null, ""5"": null, ""6"": null, ""7"": null}","{""0"": 250, ""1"": 250}",250,1,0,0,0,0.463,ultrasonic-not-close,KEEP_PAUSED,left,right,,0
724,2026-08-02T02:28:58.684+09:00,88.316,723,8.15,0,DRIVING,,0,1,1,0,0,0,-0.028971,5.817,7337,113,0.062443,0.062443,0,747,red,0.212,,0,unknown,0.000000,null,0.000000,0.493,,"{""0"": 250, ""1"": 250, ""2"": null, ""3"": null, ""4"": null, ""5"": null, ""6"": null, ""7"": null}","{""0"": 0.0, ""1"": 0.0, ""2"": null, ""3"": null, ""4"": null, ""5"": null, ""6"": null, ""7"": null}","{""0"": 250, ""1"": 250}",250,1,0,0,0,0.493,ultrasonic-not-close,KEEP_PAUSED,left,right,,0
725,2026-08-02T02:28:58.811+09:00,88.442,724,8.06,0,DRIVING,,0,1,1,0,0,0,-0.029029,5.840,7359,106,0.059563,0.059563,0,745,red,0.284,,0,unknown,0.000000,null,0.000000,0.367,,"{""0"": 250, ""1"": 250, ""2"": null, ""3"": null, ""4"": null, ""5"": null, ""6"": null, ""7"": null}","{""0"": 0.0, ""1"": 0.0, ""2"": null, ""3"": null, ""4"": null, ""5"": null, ""6"": null, ""7"": null}","{""0"": 250, ""1"": 250}",250,1,0,0,0,0.367,ultrasonic-not-close,KEEP_PAUSED,left,right,,0
726,2026-08-02T02:28:58.909+09:00,88.541,725,8.11,0,DRIVING,,0,1,1,0,0,0,-0.027340,5.865,7303,87,0.051289,0.051289,0,745,red,0.296,,0,unknown,0.000000,null,0.000000,0.188,,"{""0"": 250, ""1"": 250, ""2"": null, ""3"": null, ""4"": null, ""5"": null, ""6"": null, ""7"": null}","{""0"": 0.0, ""1"": 0.0, ""2"": null, ""3"": null, ""4"": null, ""5"": null, ""6"": null, ""7"": null}","{""0"": 250, ""1"": 250}",250,1,0,0,0,0.188,ultrasonic-not-close,KEEP_PAUSED,left,right,,0
727,2026-08-02T02:28:59.072+09:00,88.704,726,7.94,0,DRIVING,,0,1,1,0,0,0,-0.028414,5.878,7352,56,0.054534,0.054534,0,746,green,0.229,,0,unknown,0.000000,null,0.000000,0.350,,"{""0"": 250, ""1"": 250, ""2"": null, ""3"": null, ""4"": null, ""5"": null, ""6"": null, ""7"": null}","{""0"": 0.0, ""1"": 0.0, ""2"": null, ""3"": null, ""4"": null, ""5"": null, ""6"": null, ""7"": null}","{""0"": 250, ""1"": 250}",250,1,0,0,0,0.350,ultrasonic-not-close,KEEP_PAUSED,left,right,,0
728,2026-08-02T02:28:59.160+09:00,88.792,727,8.12,0,DRIVING,,0,1,1,0,0,0,-0.028354,5.880,7320,62,0.053299,0.053299,0,746,red,0.265,,0,unknown,0.000000,null,0.000000,0.312,,"{""0"": 250, ""1"": 250, ""2"": null, ""3"": null, ""4"": null, ""5"": null, ""6"": null, ""7"": null}","{""0"": 0.0, ""1"": 0.0, ""2"": null, ""3"": null, ""4"": null, ""5"": null, ""6"": null, ""7"": null}","{""0"": 250, ""1"": 250}",250,1,0,0,0,0.312,ultrasonic-not-close,KEEP_PAUSED,left,right,,0
729,2026-08-02T02:28:59.264+09:00,88.897,728,8.14,0,DRIVING,,0,1,1,0,0,0,-0.029098,5.902,7316,101,0.055301,0.055301,0,746,red,0.354,,0,unknown,0.000000,null,0.000000,0.419,,"{""0"": 250, ""1"": 250, ""2"": null, ""3"": null, ""4"": null, ""5"": null, ""6"": null, ""7"": null}","{""0"": 0.0, ""1"": 0.0, ""2"": null, ""3"": null, ""4"": null, ""5"": null, ""6"": null, ""7"": null}","{""0"": 250, ""1"": 250}",250,1,0,0,0,0.419,ultrasonic-not-close,KEEP_PAUSED,left,right,,0
730,2026-08-02T02:28:59.353+09:00,88.985,729,8.16,0,DRIVING,,0,1,1,0,0,0,-0.029339,5.910,7321,104,0.055289,0.055289,0,746,red,0.359,,0,unknown,0.000000,null,0.000000,0.407,,"{""0"": 250, ""1"": 250, ""2"": null, ""3"": null, ""4"": null, ""5"": null, ""6"": null, ""7"": null}","{""0"": 0.0, ""1"": 0.0, ""2"": null, ""3"": null, ""4"": null, ""5"": null, ""6"": null, ""7"": null}","{""0"": 250, ""1"": 250}",250,1,0,0,0,0.407,ultrasonic-not-close,KEEP_PAUSED,left,right,,0
731,2026-08-02T02:28:59.466+09:00,89.097,730,8.27,0,DRIVING,,0,1,1,0,0,0,-0.028925,5.947,7351,107,0.053054,0.053054,0,746,green,0.198,,0,unknown,0.000000,null,0.000000,0.519,,"{""0"": 250, ""1"": 250, ""2"": null, ""3"": null, ""4"": null, ""5"": null, ""6"": null, ""7"": null}","{""0"": 0.0, ""1"": 0.0, ""2"": null, ""3"": null, ""4"": null, ""5"": null, ""6"": null, ""7"": null}","{""0"": 250, ""1"": 250}",250,1,0,0,0,0.519,ultrasonic-not-close,KEEP_PAUSED,left,right,,0
732,2026-08-02T02:28:59.652+09:00,89.284,731,8.05,0,DRIVING,,0,1,1,0,0,0,-0.029369,5.983,7315,106,0.054358,0.054358,0,746,red,0.205,,0,unknown,0.000000,null,0.000000,0.455,,"{""0"": 250, ""1"": 250, ""2"": null, ""3"": null, ""4"": null, ""5"": null, ""6"": null, ""7"": null}","{""0"": 0.0, ""1"": 0.0, ""2"": null, ""3"": null, ""4"": null, ""5"": null, ""6"": null, ""7"": null}","{""0"": 250, ""1"": 250}",250,1,0,0,0,0.455,ultrasonic-not-close,KEEP_PAUSED,left,right,,0
733,2026-08-02T02:28:59.744+09:00,89.375,732,8.13,0,DRIVING,,0,1,1,0,0,0,-0.029551,6.023,7311,101,0.054564,0.054564,0,746,red,0.301,,0,unknown,0.000000,null,0.000000,0.353,,"{""0"": 250, ""1"": 250, ""2"": null, ""3"": null, ""4"": null, ""5"": null, ""6"": null, ""7"": null}","{""0"": 0.0, ""1"": 0.0, ""2"": null, ""3"": null, ""4"": null, ""5"": null, ""6"": null, ""7"": null}","{""0"": 250, ""1"": 250}",250,1,0,0,0,0.353,ultrasonic-not-close,KEEP_PAUSED,left,right,,0
734,2026-08-02T02:28:59.859+09:00,89.492,733,8.08,0,DRIVING,,0,1,1,0,0,0,-0.029710,6.052,7299,103,0.054726,0.054726,0,746,red,0.283,,0,unknown,0.000000,null,0.000000,0.468,,"{""0"": 250, ""1"": 250, ""2"": null, ""3"": null, ""4"": null, ""5"": null, ""6"": null, ""7"": null}","{""0"": 0.0, ""1"": 0.0, ""2"": null, ""3"": null, ""4"": null, ""5"": null, ""6"": null, ""7"": null}","{""0"": 250, ""1"": 250}",250,1,0,0,0,0.468,ultrasonic-not-close,KEEP_PAUSED,left,right,,0
735,2026-08-02T02:28:59.988+09:00,89.620,734,8.07,0,DRIVING,,0,1,1,0,0,0,-0.029692,6.073,7295,103,0.054286,0.054286,0,746,red,0.211,,0,unknown,0.000000,null,0.000000,0.486,,"{""0"": 250, ""1"": 250, ""2"": null, ""3"": null, ""4"": null, ""5"": null, ""6"": null, ""7"": null}","{""0"": 0.0, ""1"": 0.0, ""2"": null, ""3"": null, ""4"": null, ""5"": null, ""6"": null, ""7"": null}","{""0"": 250, ""1"": 250}",250,1,0,0,0,0.486,ultrasonic-not-close,KEEP_PAUSED,left,right,,0
736,2026-08-02T02:29:00.088+09:00,89.718,735,8.06,0,DRIVING,,0,1,1,0,0,0,-0.029447,6.078,7302,106,0.053151,0.053151,0,746,red,0.248,,0,unknown,0.000000,null,0.000000,0.306,,"{""0"": 250, ""1"": 250, ""2"": null, ""3"": null, ""4"": null, ""5"": null, ""6"": null, ""7"": null}","{""0"": 0.0, ""1"": 0.0, ""2"": null, ""3"": null, ""4"": null, ""5"": null, ""6"": null, ""7"": null}","{""0"": 250, ""1"": 250}",250,1,0,0,0,0.306,ultrasonic-not-close,KEEP_PAUSED,left,right,,0
737,2026-08-02T02:29:00.276+09:00,89.908,736,7.98,0,DRIVING,,0,1,1,0,0,0,-0.029721,6.090,7285,105,0.054093,0.054093,0,746,red,0.352,,0,unknown,0.000000,null,0.000000,0.494,,"{""0"": 250, ""1"": 250, ""2"": null, ""3"": null, ""4"": null, ""5"": null, ""6"": null, ""7"": null}","{""0"": 0.0, ""1"": 0.0, ""2"": null, ""3"": null, ""4"": null, ""5"": null, ""6"": null, ""7"": null}","{""0"": 250, ""1"": 250}",250,1,0,0,0,0.494,ultrasonic-not-close,KEEP_PAUSED,left,right,,0
738,2026-08-02T02:29:00.399+09:00,90.031,737,8.00,0,DRIVING,,0,1,1,0,0,0,-0.029539,6.094,7288,106,0.053261,0.053261,0,746,red,0.188,,0,unknown,0.000000,null,0.000000,0.374,,"{""0"": 250, ""1"": 250, ""2"": null, ""3"": null, ""4"": null, ""5"": null, ""6"": null, ""7"": null}","{""0"": 0.0, ""1"": 0.0, ""2"": null, ""3"": null, ""4"": null, ""5"": null, ""6"": null, ""7"": null}","{""0"": 250, ""1"": 250}",250,1,0,0,0,0.374,ultrasonic-not-close,KEEP_PAUSED,left,right,,0
739,2026-08-02T02:29:00.494+09:00,90.126,738,8.01,0,DRIVING,,0,1,1,0,0,0,-0.029640,6.095,7324,104,0.053596,0.053596,0,746,red,0.127,,0,unknown,0.000000,null,0.000000,0.365,,"{""0"": 250, ""1"": 250, ""2"": null, ""3"": null, ""4"": null, ""5"": null, ""6"": null, ""7"": null}","{""0"": 0.0, ""1"": 0.0, ""2"": null, ""3"": null, ""4"": null, ""5"": null, ""6"": null, ""7"": null}","{""0"": 250, ""1"": 250}",250,1,0,0,0,0.365,ultrasonic-not-close,KEEP_PAUSED,left,right,,0
740,2026-08-02T02:29:00.588+09:00,90.220,739,8.02,0,DRIVING,,0,1,1,0,0,0,-0.029995,6.103,7290,104,0.054801,0.054801,0,746,red,0.221,,0,unknown,0.000000,null,0.000000,0.459,,"{""0"": 250, ""1"": 250, ""2"": null, ""3"": null, ""4"": null, ""5"": null, ""6"": null, ""7"": null}","{""0"": 0.0, ""1"": 0.0, ""2"": null, ""3"": null, ""4"": null, ""5"": null, ""6"": null, ""7"": null}","{""0"": 250, ""1"": 250}",250,1,0,0,0,0.459,ultrasonic-not-close,KEEP_PAUSED,left,right,,0
741,2026-08-02T02:29:00.710+09:00,90.341,740,7.95,0,DRIVING,,0,1,1,0,0,0,-0.029550,6.106,7302,104,0.052956,0.052956,0,746,red,0.193,,0,unknown,0.000000,null,0.000000,0.272,,"{""0"": 250, ""1"": 250, ""2"": null, ""3"": null, ""4"": null, ""5"": null, ""6"": null, ""7"": null}","{""0"": 0.0, ""1"": 0.0, ""2"": null, ""3"": null, ""4"": null, ""5"": null, ""6"": null, ""7"": null}","{""0"": 250, ""1"": 250}",250,1,0,0,0,0.272,ultrasonic-not-close,KEEP_PAUSED,left,right,,0
742,2026-08-02T02:29:00.810+09:00,90.442,741,7.97,0,DRIVING,,0,1,1,0,0,0,-0.029991,6.112,7294,103,0.054614,0.054614,0,746,red,0.220,,0,unknown,0.000000,null,0.000000,0.279,,"{""0"": 250, ""1"": 250, ""2"": null, ""3"": null, ""4"": null, ""5"": null, ""6"": null, ""7"": null}","{""0"": 0.0, ""1"": 0.0, ""2"": null, ""3"": null, ""4"": null, ""5"": null, ""6"": null, ""7"": null}","{""0"": 250, ""1"": 250}",250,1,0,0,0,0.279,ultrasonic-not-close,KEEP_PAUSED,left,right,,0
743,2026-08-02T02:29:00.970+09:00,90.601,742,8.09,0,DRIVING,,0,1,1,0,0,0,-0.029518,6.112,7293,106,0.052723,0.052723,0,745,red,0.226,,0,unknown,0.000000,null,0.000000,0.438,,"{""0"": 250, ""1"": 250, ""2"": null, ""3"": null, ""4"": null, ""5"": null, ""6"": null, ""7"": null}","{""0"": 0.0, ""1"": 0.0, ""2"": null, ""3"": null, ""4"": null, ""5"": null, ""6"": null, ""7"": null}","{""0"": 250, ""1"": 250}",250,1,0,0,0,0.438,ultrasonic-not-close,KEEP_PAUSED,left,right,,0
744,2026-08-02T02:29:01.066+09:00,90.697,743,8.25,0,DRIVING,,0,1,1,0,0,0,-0.029840,6.116,7264,104,0.054005,0.054005,0,746,red,0.262,,0,unknown,0.000000,null,0.000000,0.317,,"{""0"": 250, ""1"": 250, ""2"": null, ""3"": null, ""4"": null, ""5"": null, ""6"": null, ""7"": null}","{""0"": 0.0, ""1"": 0.0, ""2"": null, ""3"": null, ""4"": null, ""5"": null, ""6"": null, ""7"": null}","{""0"": 250, ""1"": 250}",250,1,0,0,0,0.317,ultrasonic-not-close,KEEP_PAUSED,left,right,,0
745,2026-08-02T02:29:01.183+09:00,90.814,744,8.19,0,DRIVING,,0,1,1,0,0,0,-0.031776,6.096,7323,110,0.060886,0.060886,0,747,red,0.359,,0,unknown,0.000000,null,0.000000,0.433,,"{""0"": 250, ""1"": 250, ""2"": null, ""3"": null, ""4"": null, ""5"": null, ""6"": null, ""7"": null}","{""0"": 0.0, ""1"": 0.0, ""2"": null, ""3"": null, ""4"": null, ""5"": null, ""6"": null, ""7"": null}","{""0"": 250, ""1"": 250}",250,1,0,0,0,0.433,ultrasonic-not-close,KEEP_PAUSED,left,right,,0
746,2026-08-02T02:29:01.270+09:00,90.902,745,8.42,0,DRIVING,,0,1,1,0,0,0,-0.039310,6.007,7390,18,0.086901,0.086901,0,749,red,0.376,,0,unknown,0.000000,null,0.000000,0.264,,"{""0"": 250, ""1"": 250, ""2"": null, ""3"": null, ""4"": null, ""5"": null, ""6"": null, ""7"": null}","{""0"": 0.0, ""1"": 0.0, ""2"": null, ""3"": null, ""4"": null, ""5"": null, ""6"": null, ""7"": null}","{""0"": 250, ""1"": 250}",250,1,0,0,0,0.264,ultrasonic-not-close,KEEP_PAUSED,left,right,,0
747,2026-08-02T02:29:01.388+09:00,91.020,746,8.35,0,DRIVING,,0,1,1,0,0,0,-0.046795,5.887,7583,3,0.109006,0.109006,0,753,red,0.219,,0,unknown,0.000000,null,0.000000,0.286,,"{""0"": 250, ""1"": 250, ""2"": null, ""3"": null, ""4"": null, ""5"": null, ""6"": null, ""7"": null}","{""0"": 0.0, ""1"": 0.0, ""2"": null, ""3"": null, ""4"": null, ""5"": null, ""6"": null, ""7"": null}","{""0"": 250, ""1"": 250}",250,1,0,0,0,0.286,ultrasonic-not-close,KEEP_PAUSED,left,right,,0
748,2026-08-02T02:29:01.583+09:00,91.215,747,8.21,0,DRIVING,,0,1,1,0,0,0,-0.056726,5.888,7612,0,0.137325,0.137325,0,751,red,0.208,,0,unknown,0.000000,null,0.000000,0.479,,"{""0"": 250, ""1"": 147, ""2"": null, ""3"": null, ""4"": null, ""5"": null, ""6"": null, ""7"": null}","{""0"": 0.0, ""1"": 0.0, ""2"": null, ""3"": null, ""4"": null, ""5"": null, ""6"": null, ""7"": null}","{""0"": 250, ""1"": 147}",147,1,1,0,0,0.479,car-not-detected-or-stale,KEEP_PAUSED,left,right,,0
749,2026-08-02T02:29:01.670+09:00,91.303,748,8.21,0,DRIVING,,0,1,1,0,0,0,-0.067361,5.934,7719,0,0.165043,0.165043,0,752,green,0.308,,0,unknown,0.000000,null,0.000000,0.356,,"{""0"": 250, ""1"": 147, ""2"": null, ""3"": null, ""4"": null, ""5"": null, ""6"": null, ""7"": null}","{""0"": 0.0, ""1"": 0.0, ""2"": null, ""3"": null, ""4"": null, ""5"": null, ""6"": null, ""7"": null}","{""0"": 250, ""1"": 147}",147,1,1,0,0,0.356,car-not-detected-or-stale,KEEP_PAUSED,left,right,,0
750,2026-08-02T02:29:01.840+09:00,91.473,749,8.13,0,DRIVING,,0,1,1,0,0,0,-0.064269,5.849,7633,13,0.140774,0.140774,0,751,green,0.293,,0,unknown,0.000000,null,0.000000,0.525,,"{""0"": 250, ""1"": 147, ""2"": null, ""3"": null, ""4"": null, ""5"": null, ""6"": null, ""7"": null}","{""0"": 0.0, ""1"": 0.0, ""2"": null, ""3"": null, ""4"": null, ""5"": null, ""6"": null, ""7"": null}","{""0"": 250, ""1"": 147}",147,1,1,0,0,0.525,car-not-detected-or-stale,KEEP_PAUSED,left,right,,0
751,2026-08-02T02:29:01.938+09:00,91.568,750,8.27,0,DRIVING,,0,1,1,0,0,0,-0.066761,5.789,7935,25,0.142221,0.142221,0,749,green,0.262,,0,unknown,0.000000,null,0.000000,0.318,,"{""0"": 250, ""1"": 250, ""2"": null, ""3"": null, ""4"": null, ""5"": null, ""6"": null, ""7"": null}","{""0"": 0.0, ""1"": 0.0, ""2"": null, ""3"": null, ""4"": null, ""5"": null, ""6"": null, ""7"": null}","{""0"": 250, ""1"": 250}",250,1,0,0,0,0.318,ultrasonic-not-close,KEEP_PAUSED,left,right,,0
752,2026-08-02T02:29:02.075+09:00,91.707,751,8.17,0,DRIVING,,0,1,1,0,0,0,-0.075619,6.107,8182,3,0.167494,0.167494,0,749,green,0.264,,0,unknown,0.000000,null,0.000000,0.361,,"{""0"": 250, ""1"": 250, ""2"": null, ""3"": null, ""4"": null, ""5"": null, ""6"": null, ""7"": null}","{""0"": 0.0, ""1"": 0.0, ""2"": null, ""3"": null, ""4"": null, ""5"": null, ""6"": null, ""7"": null}","{""0"": 250, ""1"": 250}",250,1,0,0,0,0.361,ultrasonic-not-close,KEEP_PAUSED,left,right,,0
753,2026-08-02T02:29:02.185+09:00,91.817,752,8.18,0,DRIVING,,0,1,1,0,0,0,-0.074457,6.374,8034,4,0.153896,0.153896,0,749,green,0.239,,0,unknown,0.000000,null,0.000000,0.468,,"{""0"": 250, ""1"": 148, ""2"": null, ""3"": null, ""4"": null, ""5"": null, ""6"": null, ""7"": null}","{""0"": 0.0, ""1"": 0.0, ""2"": null, ""3"": null, ""4"": null, ""5"": null, ""6"": null, ""7"": null}","{""0"": 250, ""1"": 148}",148,1,1,0,0,0.468,car-not-detected-or-stale,KEEP_PAUSED,left,right,,0
754,2026-08-02T02:29:02.281+09:00,91.913,753,8.34,0,DRIVING,,0,1,1,0,0,0,-0.074910,6.575,7994,0,0.149565,0.149565,0,750,green,0.251,,0,unknown,0.000000,null,0.000000,0.306,,"{""0"": 250, ""1"": 148, ""2"": null, ""3"": null, ""4"": null, ""5"": null, ""6"": null, ""7"": null}","{""0"": 0.0, ""1"": 0.0, ""2"": null, ""3"": null, ""4"": null, ""5"": null, ""6"": null, ""7"": null}","{""0"": 250, ""1"": 148}",148,1,1,0,0,0.306,car-not-detected-or-stale,KEEP_PAUSED,left,right,,0
755,2026-08-02T02:29:02.458+09:00,92.090,754,8.22,0,DRIVING,,0,1,1,0,0,0,-0.075659,6.729,7995,0,0.147843,0.147843,0,750,green,0.365,,0,unknown,0.000000,null,0.000000,0.485,,"{""0"": 250, ""1"": 148, ""2"": null, ""3"": null, ""4"": null, ""5"": null, ""6"": null, ""7"": null}","{""0"": 0.0, ""1"": 0.0, ""2"": null, ""3"": null, ""4"": null, ""5"": null, ""6"": null, ""7"": null}","{""0"": 250, ""1"": 148}",148,1,1,0,0,0.485,car-not-detected-or-stale,KEEP_PAUSED,left,right,,0
756,2026-08-02T02:29:02.550+09:00,92.183,755,8.24,0,DRIVING,,0,1,1,0,0,0,-0.075784,6.839,7969,0,0.144798,0.144798,0,750,green,0.162,,0,unknown,0.000000,null,0.000000,0.328,,"{""0"": 250, ""1"": 148, ""2"": null, ""3"": null, ""4"": null, ""5"": null, ""6"": null, ""7"": null}","{""0"": 0.0, ""1"": 0.0, ""2"": null, ""3"": null, ""4"": null, ""5"": null, ""6"": null, ""7"": null}","{""0"": 250, ""1"": 148}",148,1,1,0,0,0.328,car-not-detected-or-stale,KEEP_PAUSED,left,right,,0
757,2026-08-02T02:29:02.678+09:00,92.309,756,8.32,0,DRIVING,,0,1,1,0,0,0,-0.076611,6.946,8040,0,0.145257,0.145257,0,749,green,0.256,,0,unknown,0.000000,null,0.000000,0.342,,"{""0"": 250, ""1"": 148, ""2"": null, ""3"": null, ""4"": null, ""5"": null, ""6"": null, ""7"": null}","{""0"": 0.0, ""1"": 0.0, ""2"": null, ""3"": null, ""4"": null, ""5"": null, ""6"": null, ""7"": null}","{""0"": 250, ""1"": 148}",148,1,1,0,0,0.342,car-not-detected-or-stale,KEEP_PAUSED,left,right,,0
758,2026-08-02T02:29:02.849+09:00,92.481,757,8.13,0,DRIVING,,0,1,1,0,0,0,-0.076350,7.025,8006,0,0.142111,0.142111,0,749,green,0.224,,0,unknown,0.000000,null,0.000000,0.512,,"{""0"": 250, ""1"": 250, ""2"": null, ""3"": null, ""4"": null, ""5"": null, ""6"": null, ""7"": null}","{""0"": 0.0, ""1"": 0.0, ""2"": null, ""3"": null, ""4"": null, ""5"": null, ""6"": null, ""7"": null}","{""0"": 250, ""1"": 250}",250,1,0,0,0,0.512,ultrasonic-not-close,KEEP_PAUSED,left,right,,0
759,2026-08-02T02:29:02.940+09:00,92.571,758,8.17,0,DRIVING,,0,1,1,0,0,0,-0.076665,7.082,8054,1,0.141842,0.141842,0,748,green,0.301,,0,unknown,0.000000,null,0.000000,0.353,,"{""0"": 250, ""1"": 147, ""2"": null, ""3"": null, ""4"": null, ""5"": null, ""6"": null, ""7"": null}","{""0"": 0.0, ""1"": 0.0, ""2"": null, ""3"": null, ""4"": null, ""5"": null, ""6"": null, ""7"": null}","{""0"": 250, ""1"": 147}",147,1,1,0,0,0.353,car-not-detected-or-stale,KEEP_PAUSED,left,right,,0
760,2026-08-02T02:29:03.083+09:00,92.715,759,8.05,0,DRIVING,,0,1,1,0,0,0,-0.075885,7.084,7966,0,0.137879,0.137879,0,749,green,0.266,,0,unknown,0.000000,null,0.000000,0.494,,"{""0"": 250, ""1"": 148, ""2"": null, ""3"": null, ""4"": null, ""5"": null, ""6"": null, ""7"": null}","{""0"": 0.0, ""1"": 0.0, ""2"": null, ""3"": null, ""4"": null, ""5"": null, ""6"": null, ""7"": null}","{""0"": 250, ""1"": 148}",148,1,1,0,0,0.494,car-not-detected-or-stale,KEEP_PAUSED,left,right,,0
761,2026-08-02T02:29:03.172+09:00,92.804,760,8.09,0,DRIVING,,0,1,1,0,0,0,-0.076587,7.120,8053,1,0.140022,0.140022,0,749,green,0.237,,0,unknown,0.000000,null,0.000000,0.458,,"{""0"": 250, ""1"": 148, ""2"": null, ""3"": null, ""4"": null, ""5"": null, ""6"": null, ""7"": null}","{""0"": 0.0, ""1"": 0.0, ""2"": null, ""3"": null, ""4"": null, ""5"": null, ""6"": null, ""7"": null}","{""0"": 250, ""1"": 148}",148,1,1,0,0,0.458,car-not-detected-or-stale,KEEP_PAUSED,left,right,,0
762,2026-08-02T02:29:03.275+09:00,92.907,761,8.28,0,DRIVING,,0,1,1,0,0,0,-0.076822,7.108,8068,0,0.140217,0.140217,0,749,green,0.237,,0,unknown,0.000000,null,0.000000,0.298,,"{""0"": 250, ""1"": 147, ""2"": null, ""3"": null, ""4"": null, ""5"": null, ""6"": null, ""7"": null}","{""0"": 0.0, ""1"": 0.0, ""2"": null, ""3"": null, ""4"": null, ""5"": null, ""6"": null, ""7"": null}","{""0"": 250, ""1"": 147}",147,1,1,0,0,0.298,car-not-detected-or-stale,KEEP_PAUSED,left,right,,0
763,2026-08-02T02:29:03.410+09:00,93.042,762,8.18,0,DRIVING,,0,1,1,0,0,0,-0.076898,7.139,8048,0,0.139908,0.139908,0,750,green,0.196,,0,unknown,0.000000,null,0.000000,0.434,,"{""0"": 250, ""1"": 148, ""2"": null, ""3"": null, ""4"": null, ""5"": null, ""6"": null, ""7"": null}","{""0"": 0.0, ""1"": 0.0, ""2"": null, ""3"": null, ""4"": null, ""5"": null, ""6"": null, ""7"": null}","{""0"": 250, ""1"": 148}",148,1,1,0,0,0.434,car-not-detected-or-stale,KEEP_PAUSED,left,right,,0
764,2026-08-02T02:29:03.534+09:00,93.166,763,8.16,0,DRIVING,,0,1,1,0,0,0,-0.076943,7.173,8078,1,0.139623,0.139623,0,749,green,0.241,,0,unknown,0.000000,null,0.000000,0.324,,"{""0"": 250, ""1"": 148, ""2"": null, ""3"": null, ""4"": null, ""5"": null, ""6"": null, ""7"": null}","{""0"": 0.0, ""1"": 0.0, ""2"": null, ""3"": null, ""4"": null, ""5"": null, ""6"": null, ""7"": null}","{""0"": 250, ""1"": 148}",148,1,1,0,0,0.324,car-not-detected-or-stale,KEEP_PAUSED,left,right,,0
765,2026-08-02T02:29:03.635+09:00,93.265,764,8.24,0,DRIVING,,0,1,1,0,0,0,-0.076710,7.188,8056,0,0.138447,0.138447,0,749,green,0.264,,0,unknown,0.000000,null,0.000000,0.321,,"{""0"": 250, ""1"": 148, ""2"": null, ""3"": null, ""4"": null, ""5"": null, ""6"": null, ""7"": null}","{""0"": 0.0, ""1"": 0.0, ""2"": null, ""3"": null, ""4"": null, ""5"": null, ""6"": null, ""7"": null}","{""0"": 250, ""1"": 148}",148,1,1,0,0,0.321,car-not-detected-or-stale,KEEP_PAUSED,left,right,,0
766,2026-08-02T02:29:03.769+09:00,93.400,765,8.15,0,DRIVING,,0,1,1,0,0,0,-0.076757,7.198,8044,0,0.138507,0.138507,0,749,green,0.365,,0,unknown,0.000000,null,0.000000,0.456,,"{""0"": 250, ""1"": 250, ""2"": null, ""3"": null, ""4"": null, ""5"": null, ""6"": null, ""7"": null}","{""0"": 0.0, ""1"": 0.0, ""2"": null, ""3"": null, ""4"": null, ""5"": null, ""6"": null, ""7"": null}","{""0"": 250, ""1"": 250}",250,1,0,0,0,0.456,ultrasonic-not-close,KEEP_PAUSED,left,right,,0
767,2026-08-02T02:29:03.859+09:00,93.489,766,8.38,0,DRIVING,,0,1,1,0,0,0,-0.076933,7.208,8076,0,0.139035,0.139035,0,749,green,0.360,,0,unknown,0.000000,null,0.000000,0.285,,"{""0"": 250, ""1"": 149, ""2"": null, ""3"": null, ""4"": null, ""5"": null, ""6"": null, ""7"": null}","{""0"": 0.0, ""1"": 0.0, ""2"": null, ""3"": null, ""4"": null, ""5"": null, ""6"": null, ""7"": null}","{""0"": 250, ""1"": 149}",149,1,1,0,0,0.285,car-not-detected-or-stale,KEEP_PAUSED,left,right,,0
768,2026-08-02T02:29:04.045+09:00,93.676,767,8.23,0,DRIVING,,0,1,1,0,0,0,-0.076824,7.211,8058,0,0.138477,0.138477,0,749,green,0.227,,0,unknown,0.000000,null,0.000000,0.473,,"{""0"": 250, ""1"": 250, ""2"": null, ""3"": null, ""4"": null, ""5"": null, ""6"": null, ""7"": null}","{""0"": 0.0, ""1"": 0.0, ""2"": null, ""3"": null, ""4"": null, ""5"": null, ""6"": null, ""7"": null}","{""0"": 250, ""1"": 250}",250,1,0,0,0,0.473,ultrasonic-not-close,KEEP_PAUSED,left,right,,0
769,2026-08-02T02:29:04.143+09:00,93.775,768,8.22,0,DRIVING,,0,1,1,0,0,0,-0.076829,7.214,8039,0,0.138437,0.138437,0,749,green,0.279,,0,unknown,0.000000,null,0.000000,0.469,,"{""0"": 250, ""1"": 250, ""2"": null, ""3"": null, ""4"": null, ""5"": null, ""6"": null, ""7"": null}","{""0"": 0.0, ""1"": 0.0, ""2"": null, ""3"": null, ""4"": null, ""5"": null, ""6"": null, ""7"": null}","{""0"": 250, ""1"": 250}",250,1,0,0,0,0.469,ultrasonic-not-close,KEEP_PAUSED,left,right,,0
770,2026-08-02T02:29:04.242+09:00,93.873,769,8.21,0,DRIVING,,0,1,1,0,0,0,-0.076800,7.208,8047,0,0.138288,0.138288,0,749,green,0.290,,0,unknown,0.000000,null,0.000000,0.346,,"{""0"": 250, ""1"": 250, ""2"": null, ""3"": null, ""4"": null, ""5"": null, ""6"": null, ""7"": null}","{""0"": 0.0, ""1"": 0.0, ""2"": null, ""3"": null, ""4"": null, ""5"": null, ""6"": null, ""7"": null}","{""0"": 250, ""1"": 250}",250,1,0,0,0,0.346,ultrasonic-not-close,KEEP_PAUSED,left,right,,0
771,2026-08-02T02:29:04.397+09:00,94.029,770,8.13,0,DRIVING,,0,1,1,0,0,0,-0.076991,7.218,8090,0,0.138961,0.138961,0,749,green,0.202,,0,unknown,0.000000,null,0.000000,0.501,,"{""0"": 250, ""1"": 250, ""2"": null, ""3"": null, ""4"": null, ""5"": null, ""6"": null, ""7"": null}","{""0"": 0.0, ""1"": 0.0, ""2"": null, ""3"": null, ""4"": null, ""5"": null, ""6"": null, ""7"": null}","{""0"": 250, ""1"": 250}",250,1,0,0,0,0.501,ultrasonic-not-close,KEEP_PAUSED,left,right,,0
772,2026-08-02T02:29:04.491+09:00,94.122,771,8.16,0,DRIVING,,0,1,1,0,0,0,-0.077043,7.227,8059,0,0.139035,0.139035,0,749,green,0.258,,0,unknown,0.000000,null,0.000000,0.308,,"{""0"": 250, ""1"": 148, ""2"": null, ""3"": null, ""4"": null, ""5"": null, ""6"": null, ""7"": null}","{""0"": 0.0, ""1"": 0.0, ""2"": null, ""3"": null, ""4"": null, ""5"": null, ""6"": null, ""7"": null}","{""0"": 250, ""1"": 148}",148,1,1,0,0,0.308,car-not-detected-or-stale,KEEP_PAUSED,left,right,,0
773,2026-08-02T02:29:04.611+09:00,94.243,772,8.24,0,DRIVING,,0,1,1,0,0,0,-0.077010,7.240,8066,1,0.138810,0.138810,0,750,green,0.252,,0,unknown,0.000000,null,0.000000,0.429,,"{""0"": 250, ""1"": 148, ""2"": null, ""3"": null, ""4"": null, ""5"": null, ""6"": null, ""7"": null}","{""0"": 0.0, ""1"": 0.0, ""2"": null, ""3"": null, ""4"": null, ""5"": null, ""6"": null, ""7"": null}","{""0"": 250, ""1"": 148}",148,1,1,0,0,0.429,car-not-detected-or-stale,KEEP_PAUSED,left,right,,0
774,2026-08-02T02:29:04.701+09:00,94.331,773,8.26,0,DRIVING,,0,1,1,0,0,0,-0.076882,7.239,8029,0,0.138292,0.138292,0,749,green,0.217,,0,unknown,0.000000,null,0.000000,0.263,,"{""0"": 250, ""1"": 149, ""2"": null, ""3"": null, ""4"": null, ""5"": null, ""6"": null, ""7"": null}","{""0"": 0.0, ""1"": 0.0, ""2"": null, ""3"": null, ""4"": null, ""5"": null, ""6"": null, ""7"": null}","{""0"": 250, ""1"": 149}",149,1,1,0,0,0.263,car-not-detected-or-stale,KEEP_PAUSED,left,right,,0
775,2026-08-02T02:29:04.827+09:00,94.458,774,8.23,0,DRIVING,,0,1,1,0,0,0,-0.077048,7.239,8045,0,0.138917,0.138917,0,749,green,0.308,,0,unknown,0.000000,null,0.000000,0.299,,"{""0"": 250, ""1"": 148, ""2"": null, ""3"": null, ""4"": null, ""5"": null, ""6"": null, ""7"": null}","{""0"": 0.0, ""1"": 0.0, ""2"": null, ""3"": null, ""4"": null, ""5"": null, ""6"": null, ""7"": null}","{""0"": 250, ""1"": 148}",148,1,1,0,0,0.299,car-not-detected-or-stale,KEEP_PAUSED,left,right,,0
776,2026-08-02T02:29:04.920+09:00,94.551,775,8.22,0,DRIVING,,0,1,1,0,0,0,-0.077081,7.239,8036,0,0.138966,0.138966,0,749,green,0.340,,0,unknown,0.000000,null,0.000000,0.393,,"{""0"": 250, ""1"": 148, ""2"": null, ""3"": null, ""4"": null, ""5"": null, ""6"": null, ""7"": null}","{""0"": 0.0, ""1"": 0.0, ""2"": null, ""3"": null, ""4"": null, ""5"": null, ""6"": null, ""7"": null}","{""0"": 250, ""1"": 148}",148,1,1,0,0,0.393,car-not-detected-or-stale,KEEP_PAUSED,left,right,,0
777,2026-08-02T02:29:05.016+09:00,94.648,776,8.27,0,DRIVING,,0,1,1,0,0,0,-0.077034,7.241,8028,0,0.138731,0.138731,0,749,green,0.224,,0,unknown,0.000000,null,0.000000,0.277,,"{""0"": 250, ""1"": 148, ""2"": null, ""3"": null, ""4"": null, ""5"": null, ""6"": null, ""7"": null}","{""0"": 0.0, ""1"": 0.0, ""2"": null, ""3"": null, ""4"": null, ""5"": null, ""6"": null, ""7"": null}","{""0"": 250, ""1"": 148}",148,1,1,0,0,0.277,car-not-detected-or-stale,KEEP_PAUSED,left,right,,0
778,2026-08-02T02:29:05.149+09:00,94.781,777,8.42,0,DRIVING,,0,1,1,0,0,0,-0.076862,7.240,8008,0,0.138091,0.138091,0,749,green,0.193,,0,unknown,0.000000,null,0.000000,0.408,,"{""0"": 250, ""1"": 148, ""2"": null, ""3"": null, ""4"": null, ""5"": null, ""6"": null, ""7"": null}","{""0"": 0.0, ""1"": 0.0, ""2"": null, ""3"": null, ""4"": null, ""5"": null, ""6"": null, ""7"": null}","{""0"": 250, ""1"": 148}",148,1,1,0,0,0.408,car-not-detected-or-stale,KEEP_PAUSED,left,right,,0
779,2026-08-02T02:29:05.308+09:00,94.939,778,8.25,0,DRIVING,,0,1,1,0,0,0,-0.076926,7.239,8032,0,0.138399,0.138399,0,749,green,0.231,,0,unknown,0.000000,null,0.000000,0.350,,"{""0"": 250, ""1"": 250, ""2"": null, ""3"": null, ""4"": null, ""5"": null, ""6"": null, ""7"": null}","{""0"": 0.0, ""1"": 0.0, ""2"": null, ""3"": null, ""4"": null, ""5"": null, ""6"": null, ""7"": null}","{""0"": 250, ""1"": 250}",250,1,0,0,0,0.350,ultrasonic-not-close,KEEP_PAUSED,left,right,,0
780,2026-08-02T02:29:05.466+09:00,95.098,779,8.28,0,DRIVING,,0,1,1,0,0,0,-0.077054,7.242,8025,0,0.138880,0.138880,0,750,green,0.296,,0,unknown,0.000000,null,0.000000,0.413,,"{""0"": 250, ""1"": 148, ""2"": null, ""3"": null, ""4"": null, ""5"": null, ""6"": null, ""7"": null}","{""0"": 0.0, ""1"": 0.0, ""2"": null, ""3"": null, ""4"": null, ""5"": null, ""6"": null, ""7"": null}","{""0"": 250, ""1"": 148}",148,1,1,0,0,0.413,car-not-detected-or-stale,KEEP_PAUSED,left,right,,0
781,2026-08-02T02:29:05.574+09:00,95.199,780,8.27,0,DRIVING,,0,1,1,0,0,0,-0.077298,7.247,8015,0,0.139703,0.139703,0,750,green,0.321,,0,unknown,0.000000,null,0.000000,0.221,,"{""0"": 250, ""1"": 250, ""2"": null, ""3"": null, ""4"": null, ""5"": null, ""6"": null, ""7"": null}","{""0"": 0.0, ""1"": 0.0, ""2"": null, ""3"": null, ""4"": null, ""5"": null, ""6"": null, ""7"": null}","{""0"": 250, ""1"": 250}",250,1,0,0,0,0.221,ultrasonic-not-close,KEEP_PAUSED,left,right,,0
782,2026-08-02T02:29:05.692+09:00,95.324,781,8.30,0,DRIVING,,0,1,1,0,0,0,-0.077314,7.248,8014,0,0.139593,0.139593,0,749,green,0.270,,0,unknown,0.000000,null,0.000000,0.347,,"{""0"": 250, ""1"": 147, ""2"": null, ""3"": null, ""4"": null, ""5"": null, ""6"": null, ""7"": null}","{""0"": 0.0, ""1"": 0.0, ""2"": null, ""3"": null, ""4"": null, ""5"": null, ""6"": null, ""7"": null}","{""0"": 250, ""1"": 147}",147,1,1,0,0,0.347,car-not-detected-or-stale,KEEP_PAUSED,left,right,,0
783,2026-08-02T02:29:05.798+09:00,95.429,782,8.30,0,DRIVING,,0,1,1,0,0,0,-0.077117,7.244,8008,0,0.138754,0.138754,0,749,green,0.389,,0,unknown,0.000000,null,0.000000,0.294,,"{""0"": 250, ""1"": 148, ""2"": null, ""3"": null, ""4"": null, ""5"": null, ""6"": null, ""7"": null}","{""0"": 0.0, ""1"": 0.0, ""2"": null, ""3"": null, ""4"": null, ""5"": null, ""6"": null, ""7"": null}","{""0"": 250, ""1"": 148}",148,1,1,0,0,0.294,car-not-detected-or-stale,KEEP_PAUSED,left,right,,0
784,2026-08-02T02:29:05.899+09:00,95.531,783,8.29,0,DRIVING,,0,1,1,0,0,0,-0.076897,7.248,8056,1,0.137980,0.137980,0,750,green,0.337,,0,unknown,0.000000,null,0.000000,0.288,,"{""0"": 250, ""1"": 147, ""2"": null, ""3"": null, ""4"": null, ""5"": null, ""6"": null, ""7"": null}","{""0"": 0.0, ""1"": 0.0, ""2"": null, ""3"": null, ""4"": null, ""5"": null, ""6"": null, ""7"": null}","{""0"": 250, ""1"": 147}",147,1,1,0,0,0.288,car-not-detected-or-stale,KEEP_PAUSED,left,right,,0
785,2026-08-02T02:29:06.009+09:00,95.642,784,8.45,0,DRIVING,,0,1,1,0,0,0,-0.077072,7.252,8033,0,0.138740,0.138740,0,750,green,0.212,,0,unknown,0.000000,null,0.000000,0.397,,"{""0"": 250, ""1"": 148, ""2"": null, ""3"": null, ""4"": null, ""5"": null, ""6"": null, ""7"": null}","{""0"": 0.0, ""1"": 0.0, ""2"": null, ""3"": null, ""4"": null, ""5"": null, ""6"": null, ""7"": null}","{""0"": 250, ""1"": 148}",148,1,1,0,0,0.397,car-not-detected-or-stale,KEEP_PAUSED,left,right,,0
786,2026-08-02T02:29:06.104+09:00,95.735,785,8.44,0,DRIVING,,0,1,1,0,0,0,-0.077303,7.257,8030,0,0.139568,0.139568,0,749,green,0.216,,0,unknown,0.000000,null,0.000000,0.268,,"{""0"": 250, ""1"": 148, ""2"": null, ""3"": null, ""4"": null, ""5"": null, ""6"": null, ""7"": null}","{""0"": 0.0, ""1"": 0.0, ""2"": null, ""3"": null, ""4"": null, ""5"": null, ""6"": null, ""7"": null}","{""0"": 250, ""1"": 148}",148,1,1,0,0,0.268,car-not-detected-or-stale,KEEP_PAUSED,left,right,,0
787,2026-08-02T02:29:06.214+09:00,95.845,786,8.49,0,DRIVING,,0,1,1,0,0,0,-0.077348,7.255,8004,0,0.139603,0.139603,0,749,green,0.208,,0,unknown,0.000000,null,0.000000,0.377,,"{""0"": 250, ""1"": 148, ""2"": null, ""3"": null, ""4"": null, ""5"": null, ""6"": null, ""7"": null}","{""0"": 0.0, ""1"": 0.0, ""2"": null, ""3"": null, ""4"": null, ""5"": null, ""6"": null, ""7"": null}","{""0"": 250, ""1"": 148}",148,1,1,0,0,0.377,car-not-detected-or-stale,KEEP_PAUSED,left,right,,0
788,2026-08-02T02:29:06.342+09:00,95.971,787,8.60,0,DRIVING,,0,1,1,0,0,0,-0.077177,7.252,8006,0,0.138875,0.138875,0,749,green,0.208,,0,unknown,0.000000,null,0.000000,0.290,,"{""0"": 250, ""1"": 148, ""2"": null, ""3"": null, ""4"": null, ""5"": null, ""6"": null, ""7"": null}","{""0"": 0.0, ""1"": 0.0, ""2"": null, ""3"": null, ""4"": null, ""5"": null, ""6"": null, ""7"": null}","{""0"": 250, ""1"": 148}",148,1,1,0,0,0.290,car-not-detected-or-stale,KEEP_PAUSED,left,right,,0
789,2026-08-02T02:29:06.440+09:00,96.072,788,8.57,0,DRIVING,,0,1,1,0,0,0,-0.077265,7.261,8044,1,0.139204,0.139204,0,749,green,0.242,,0,unknown,0.000000,null,0.000000,0.299,,"{""0"": 250, ""1"": 148, ""2"": null, ""3"": null, ""4"": null, ""5"": null, ""6"": null, ""7"": null}","{""0"": 0.0, ""1"": 0.0, ""2"": null, ""3"": null, ""4"": null, ""5"": null, ""6"": null, ""7"": null}","{""0"": 250, ""1"": 148}",148,1,1,0,0,0.299,car-not-detected-or-stale,KEEP_PAUSED,left,right,,0
790,2026-08-02T02:29:06.596+09:00,96.227,789,8.53,0,DRIVING,,0,1,1,0,0,0,-0.076898,7.260,7999,0,0.137845,0.137845,0,749,green,0.340,,0,unknown,0.000000,null,0.000000,0.454,,"{""0"": 250, ""1"": 250, ""2"": null, ""3"": null, ""4"": null, ""5"": null, ""6"": null, ""7"": null}","{""0"": 0.0, ""1"": 0.0, ""2"": null, ""3"": null, ""4"": null, ""5"": null, ""6"": null, ""7"": null}","{""0"": 250, ""1"": 250}",250,1,0,0,0,0.454,ultrasonic-not-close,KEEP_PAUSED,left,right,,0
791,2026-08-02T02:29:06.696+09:00,96.327,790,8.52,0,DRIVING,,0,1,1,0,0,0,-0.077330,7.261,8014,0,0.139574,0.139574,0,749,green,0.387,,0,unknown,0.000000,null,0.000000,0.316,,"{""0"": 250, ""1"": 148, ""2"": null, ""3"": null, ""4"": null, ""5"": null, ""6"": null, ""7"": null}","{""0"": 0.0, ""1"": 0.0, ""2"": null, ""3"": null, ""4"": null, ""5"": null, ""6"": null, ""7"": null}","{""0"": 250, ""1"": 148}",148,1,1,0,0,0.316,car-not-detected-or-stale,KEEP_PAUSED,left,right,,0
792,2026-08-02T02:29:06.804+09:00,96.434,791,8.51,0,DRIVING,,0,1,1,0,0,0,-0.076691,7.258,8014,0,0.137157,0.137157,0,750,green,0.259,,0,unknown,0.000000,null,0.000000,0.420,,"{""0"": 250, ""1"": 250, ""2"": null, ""3"": null, ""4"": null, ""5"": null, ""6"": null, ""7"": null}","{""0"": 0.0, ""1"": 0.0, ""2"": null, ""3"": null, ""4"": null, ""5"": null, ""6"": null, ""7"": null}","{""0"": 250, ""1"": 250}",250,1,0,0,0,0.420,ultrasonic-not-close,KEEP_PAUSED,left,right,,0
793,2026-08-02T02:29:06.895+09:00,96.526,792,8.61,0,DRIVING,,0,1,1,0,0,0,-0.076628,7.255,8009,0,0.137197,0.137197,0,750,green,0.210,,0,unknown,0.000000,null,0.000000,0.263,,"{""0"": 250, ""1"": 148, ""2"": null, ""3"": null, ""4"": null, ""5"": null, ""6"": null, ""7"": null}","{""0"": 0.0, ""1"": 0.0, ""2"": null, ""3"": null, ""4"": null, ""5"": null, ""6"": null, ""7"": null}","{""0"": 250, ""1"": 148}",148,1,1,0,0,0.263,car-not-detected-or-stale,KEEP_PAUSED,left,right,,0
794,2026-08-02T02:29:07.039+09:00,96.671,793,8.56,0,DRIVING,,0,1,1,0,0,0,-0.077398,7.256,8015,0,0.140188,0.140188,0,749,green,0.203,,0,unknown,0.000000,null,0.000000,0.405,,"{""0"": 250, ""1"": 250, ""2"": null, ""3"": null, ""4"": null, ""5"": null, ""6"": null, ""7"": null}","{""0"": 0.0, ""1"": 0.0, ""2"": null, ""3"": null, ""4"": null, ""5"": null, ""6"": null, ""7"": null}","{""0"": 250, ""1"": 250}",250,1,0,0,0,0.405,ultrasonic-not-close,KEEP_PAUSED,left,right,,0
795,2026-08-02T02:29:07.172+09:00,96.804,794,8.48,0,DRIVING,,0,1,1,0,0,0,-0.077201,7.255,8011,0,0.139218,0.139218,0,748,green,0.240,,0,unknown,0.000000,null,0.000000,0.330,,"{""0"": 250, ""1"": 250, ""2"": null, ""3"": null, ""4"": null, ""5"": null, ""6"": null, ""7"": null}","{""0"": 0.0, ""1"": 0.0, ""2"": null, ""3"": null, ""4"": null, ""5"": null, ""6"": null, ""7"": null}","{""0"": 250, ""1"": 250}",250,1,0,0,0,0.330,ultrasonic-not-close,KEEP_PAUSED,left,right,,0
796,2026-08-02T02:29:07.290+09:00,96.893,795,8.59,0,DRIVING,,0,1,1,0,0,0,-0.076896,7.247,8029,0,0.138043,0.138043,0,749,green,0.281,,0,unknown,0.000000,null,0.000000,0.328,,"{""0"": 250, ""1"": 250, ""2"": null, ""3"": null, ""4"": null, ""5"": null, ""6"": null, ""7"": null}","{""0"": 0.0, ""1"": 0.0, ""2"": null, ""3"": null, ""4"": null, ""5"": null, ""6"": null, ""7"": null}","{""0"": 250, ""1"": 250}",250,1,0,0,0,0.328,ultrasonic-not-close,KEEP_PAUSED,left,right,,0
797,2026-08-02T02:29:07.387+09:00,97.017,796,8.50,0,DRIVING,,0,1,1,0,0,0,-0.076825,7.247,8011,0,0.137899,0.137899,0,749,green,0.255,,0,unknown,0.000000,null,0.000000,0.310,,"{""0"": 250, ""1"": 148, ""2"": null, ""3"": null, ""4"": null, ""5"": null, ""6"": null, ""7"": null}","{""0"": 0.0, ""1"": 0.0, ""2"": null, ""3"": null, ""4"": null, ""5"": null, ""6"": null, ""7"": null}","{""0"": 250, ""1"": 148}",148,1,1,0,0,0.310,car-not-detected-or-stale,KEEP_PAUSED,left,right,,0
798,2026-08-02T02:29:07.520+09:00,97.152,797,8.63,0,DRIVING,,0,1,1,0,0,0,-0.077193,7.203,8025,0,0.139339,0.139339,0,748,green,0.351,,0,unknown,0.000000,null,0.000000,0.444,,"{""0"": 250, ""1"": 148, ""2"": null, ""3"": null, ""4"": null, ""5"": null, ""6"": null, ""7"": null}","{""0"": 0.0, ""1"": 0.0, ""2"": null, ""3"": null, ""4"": null, ""5"": null, ""6"": null, ""7"": null}","{""0"": 250, ""1"": 148}",148,1,1,0,0,0.444,car-not-detected-or-stale,KEEP_PAUSED,left,right,,0
799,2026-08-02T02:29:07.613+09:00,97.244,798,8.64,0,DRIVING,,0,1,1,0,0,0,-0.077088,7.216,8012,0,0.138843,0.138843,0,748,green,0.353,,0,unknown,0.000000,null,0.000000,0.286,,"{""0"": 250, ""1"": 148, ""2"": null, ""3"": null, ""4"": null, ""5"": null, ""6"": null, ""7"": null}","{""0"": 0.0, ""1"": 0.0, ""2"": null, ""3"": null, ""4"": null, ""5"": null, ""6"": null, ""7"": null}","{""0"": 250, ""1"": 148}",148,1,1,0,0,0.286,car-not-detected-or-stale,KEEP_PAUSED,left,right,,0
800,2026-08-02T02:29:07.756+09:00,97.387,799,8.54,0,DRIVING,,0,1,1,0,0,0,-0.076938,7.232,8034,0,0.138278,0.138278,0,750,green,0.231,,0,unknown,0.000000,null,0.000000,0.429,,"{""0"": 250, ""1"": 148, ""2"": null, ""3"": null, ""4"": null, ""5"": null, ""6"": null, ""7"": null}","{""0"": 0.0, ""1"": 0.0, ""2"": null, ""3"": null, ""4"": null, ""5"": null, ""6"": null, ""7"": null}","{""0"": 250, ""1"": 148}",148,1,1,0,0,0.429,car-not-detected-or-stale,KEEP_PAUSED,left,right,,0
801,2026-08-02T02:29:07.905+09:00,97.536,800,8.55,0,DRIVING,,0,1,1,0,0,0,-0.077078,7.239,8026,0,0.138845,0.138845,0,749,green,0.239,,0,unknown,0.000000,null,0.000000,0.348,,"{""0"": 250, ""1"": 148, ""2"": null, ""3"": null, ""4"": null, ""5"": null, ""6"": null, ""7"": null}","{""0"": 0.0, ""1"": 0.0, ""2"": null, ""3"": null, ""4"": null, ""5"": null, ""6"": null, ""7"": null}","{""0"": 250, ""1"": 148}",148,1,1,0,0,0.348,car-not-detected-or-stale,KEEP_PAUSED,left,right,,0
802,2026-08-02T02:29:08.002+09:00,97.633,801,8.54,0,DRIVING,,0,1,1,0,0,0,-0.077128,7.240,8019,0,0.138993,0.138993,0,750,green,0.295,,0,unknown,0.000000,null,0.000000,0.350,,"{""0"": 250, ""1"": 149, ""2"": null, ""3"": null, ""4"": null, ""5"": null, ""6"": null, ""7"": null}","{""0"": 0.0, ""1"": 0.0, ""2"": null, ""3"": null, ""4"": null, ""5"": null, ""6"": null, ""7"": null}","{""0"": 250, ""1"": 149}",149,1,1,0,0,0.350,car-not-detected-or-stale,KEEP_PAUSED,left,right,,0
803,2026-08-02T02:29:08.113+09:00,97.746,802,8.56,0,DRIVING,,0,1,1,0,0,0,-0.077057,7.247,8037,0,0.138691,0.138691,0,749,green,0.250,,0,unknown,0.000000,null,0.000000,0.463,,"{""0"": 250, ""1"": 148, ""2"": null, ""3"": null, ""4"": null, ""5"": null, ""6"": null, ""7"": null}","{""0"": 0.0, ""1"": 0.0, ""2"": null, ""3"": null, ""4"": null, ""5"": null, ""6"": null, ""7"": null}","{""0"": 250, ""1"": 148}",148,1,1,0,0,0.463,car-not-detected-or-stale,KEEP_PAUSED,left,right,,0
804,2026-08-02T02:29:08.210+09:00,97.842,803,8.55,0,DRIVING,,0,1,1,0,0,0,-0.077121,7.251,8044,1,0.138924,0.138924,0,750,green,0.211,,0,unknown,0.000000,null,0.000000,0.267,,"{""0"": 250, ""1"": 147, ""2"": null, ""3"": null, ""4"": null, ""5"": null, ""6"": null, ""7"": null}","{""0"": 0.0, ""1"": 0.0, ""2"": null, ""3"": null, ""4"": null, ""5"": null, ""6"": null, ""7"": null}","{""0"": 250, ""1"": 147}",147,1,1,0,0,0.267,car-not-detected-or-stale,KEEP_PAUSED,left,right,,0
805,2026-08-02T02:29:08.314+09:00,97.945,804,8.61,0,DRIVING,,0,1,1,0,0,0,-0.076968,7.249,8032,0,0.138342,0.138342,0,749,green,0.214,,0,unknown,0.000000,null,0.000000,0.274,,"{""0"": 250, ""1"": 147, ""2"": null, ""3"": null, ""4"": null, ""5"": null, ""6"": null, ""7"": null}","{""0"": 0.0, ""1"": 0.0, ""2"": null, ""3"": null, ""4"": null, ""5"": null, ""6"": null, ""7"": null}","{""0"": 250, ""1"": 147}",147,1,1,0,0,0.274,car-not-detected-or-stale,KEEP_PAUSED,left,right,,0
806,2026-08-02T02:29:08.482+09:00,98.113,805,8.43,0,DRIVING,,0,1,1,0,0,0,-0.077328,7.253,8007,0,0.139699,0.139699,0,749,green,0.317,,0,unknown,0.000000,null,0.000000,0.442,,"{""0"": 250, ""1"": 147, ""2"": null, ""3"": null, ""4"": null, ""5"": null, ""6"": null, ""7"": null}","{""0"": 0.0, ""1"": 0.0, ""2"": null, ""3"": null, ""4"": null, ""5"": null, ""6"": null, ""7"": null}","{""0"": 250, ""1"": 147}",147,1,1,0,0,0.442,car-not-detected-or-stale,KEEP_PAUSED,left,right,,0
807,2026-08-02T02:29:08.572+09:00,98.202,806,8.44,0,DRIVING,,0,1,1,0,0,0,-0.077115,7.254,7999,0,0.138780,0.138780,0,750,green,0.371,,0,unknown,0.000000,null,0.000000,0.323,,"{""0"": 250, ""1"": 148, ""2"": null, ""3"": null, ""4"": null, ""5"": null, ""6"": null, ""7"": null}","{""0"": 0.0, ""1"": 0.0, ""2"": null, ""3"": null, ""4"": null, ""5"": null, ""6"": null, ""7"": null}","{""0"": 250, ""1"": 148}",148,1,1,0,0,0.323,car-not-detected-or-stale,KEEP_PAUSED,left,right,,0
808,2026-08-02T02:29:08.715+09:00,98.345,807,8.41,0,DRIVING,,0,1,1,0,0,0,-0.076861,7.251,8030,0,0.137873,0.137873,0,749,green,0.261,,0,unknown,0.000000,null,0.000000,0.361,,"{""0"": 250, ""1"": 147, ""2"": null, ""3"": null, ""4"": null, ""5"": null, ""6"": null, ""7"": null}","{""0"": 0.0, ""1"": 0.0, ""2"": null, ""3"": null, ""4"": null, ""5"": null, ""6"": null, ""7"": null}","{""0"": 250, ""1"": 147}",147,1,1,0,0,0.361,car-not-detected-or-stale,KEEP_PAUSED,left,right,,0
809,2026-08-02T02:29:08.806+09:00,98.438,808,8.58,0,DRIVING,,0,1,1,0,0,0,-0.076857,7.252,8015,0,0.138001,0.138001,0,749,green,0.237,,0,unknown,0.000000,null,0.000000,0.452,,"{""0"": 250, ""1"": 148, ""2"": null, ""3"": null, ""4"": null, ""5"": null, ""6"": null, ""7"": null}","{""0"": 0.0, ""1"": 0.0, ""2"": null, ""3"": null, ""4"": null, ""5"": null, ""6"": null, ""7"": null}","{""0"": 250, ""1"": 148}",148,1,1,0,0,0.452,car-not-detected-or-stale,KEEP_PAUSED,left,right,,0
810,2026-08-02T02:29:08.945+09:00,98.576,809,8.63,0,DRIVING,,0,1,1,0,0,0,-0.076623,7.250,8022,0,0.137260,0.137260,0,750,green,0.238,,0,unknown,0.000000,null,0.000000,0.334,,"{""0"": 250, ""1"": 250, ""2"": null, ""3"": null, ""4"": null, ""5"": null, ""6"": null, ""7"": null}","{""0"": 0.0, ""1"": 0.0, ""2"": null, ""3"": null, ""4"": null, ""5"": null, ""6"": null, ""7"": null}","{""0"": 250, ""1"": 250}",250,1,0,0,0,0.334,ultrasonic-not-close,KEEP_PAUSED,left,right,,0
811,2026-08-02T02:29:09.047+09:00,98.678,810,8.62,0,DRIVING,,0,1,1,0,0,0,-0.076647,7.244,8032,0,0.137544,0.137544,0,749,green,0.234,,0,unknown,0.000000,null,0.000000,0.203,,"{""0"": 250, ""1"": 147, ""2"": null, ""3"": null, ""4"": null, ""5"": null, ""6"": null, ""7"": null}","{""0"": 0.0, ""1"": 0.0, ""2"": null, ""3"": null, ""4"": null, ""5"": null, ""6"": null, ""7"": null}","{""0"": 250, ""1"": 147}",147,1,1,0,0,0.203,car-not-detected-or-stale,KEEP_PAUSED,left,right,,0
812,2026-08-02T02:29:09.209+09:00,98.842,811,8.53,0,DRIVING,,0,1,1,0,0,0,-0.077071,7.247,8034,0,0.139198,0.139198,0,749,green,0.244,,0,unknown,0.000000,null,0.000000,0.366,,"{""0"": 250, ""1"": 250, ""2"": null, ""3"": null, ""4"": null, ""5"": null, ""6"": null, ""7"": null}","{""0"": 0.0, ""1"": 0.0, ""2"": null, ""3"": null, ""4"": null, ""5"": null, ""6"": null, ""7"": null}","{""0"": 250, ""1"": 250}",250,1,0,0,0,0.366,ultrasonic-not-close,KEEP_PAUSED,left,right,,0
813,2026-08-02T02:29:09.304+09:00,98.935,812,8.56,0,DRIVING,,0,1,1,0,0,0,-0.076923,7.243,8019,0,0.138524,0.138524,0,749,green,0.269,,0,unknown,0.000000,null,0.000000,0.321,,"{""0"": 250, ""1"": 250, ""2"": null, ""3"": null, ""4"": null, ""5"": null, ""6"": null, ""7"": null}","{""0"": 0.0, ""1"": 0.0, ""2"": null, ""3"": null, ""4"": null, ""5"": null, ""6"": null, ""7"": null}","{""0"": 250, ""1"": 250}",250,1,0,0,0,0.321,ultrasonic-not-close,KEEP_PAUSED,left,right,,0
814,2026-08-02T02:29:09.472+09:00,99.102,813,8.40,0,DRIVING,,0,1,1,0,0,0,-0.076899,7.242,8030,0,0.138417,0.138417,0,748,green,0.260,,0,unknown,0.000000,null,0.000000,0.387,,"{""0"": 250, ""1"": 250, ""2"": null, ""3"": null, ""4"": null, ""5"": null, ""6"": null, ""7"": null}","{""0"": 0.0, ""1"": 0.0, ""2"": null, ""3"": null, ""4"": null, ""5"": null, ""6"": null, ""7"": null}","{""0"": 250, ""1"": 250}",250,1,0,0,0,0.387,ultrasonic-not-close,KEEP_PAUSED,left,right,,0
815,2026-08-02T02:29:09.632+09:00,99.264,814,8.28,0,DRIVING,,0,1,1,0,0,0,-0.077022,7.243,8011,0,0.138862,0.138862,0,748,green,0.265,,0,unknown,0.000000,null,0.000000,0.549,,"{""0"": 250, ""1"": 250, ""2"": null, ""3"": null, ""4"": null, ""5"": null, ""6"": null, ""7"": null}","{""0"": 0.0, ""1"": 0.0, ""2"": null, ""3"": null, ""4"": null, ""5"": null, ""6"": null, ""7"": null}","{""0"": 250, ""1"": 250}",250,1,0,0,0,0.549,ultrasonic-not-close,KEEP_PAUSED,left,right,,0
816,2026-08-02T02:29:09.722+09:00,99.353,815,8.29,0,DRIVING,,0,1,1,0,0,0,-0.076830,7.246,8021,0,0.138104,0.138104,0,749,green,0.334,,0,unknown,0.000000,null,0.000000,0.381,,"{""0"": 250, ""1"": 250, ""2"": null, ""3"": null, ""4"": null, ""5"": null, ""6"": null, ""7"": null}","{""0"": 0.0, ""1"": 0.0, ""2"": null, ""3"": null, ""4"": null, ""5"": null, ""6"": null, ""7"": null}","{""0"": 250, ""1"": 250}",250,1,0,0,0,0.381,ultrasonic-not-close,KEEP_PAUSED,left,right,,0
817,2026-08-02T02:29:09.895+09:00,99.528,816,8.15,0,DRIVING,,0,1,1,0,0,0,-0.077046,7.246,8029,0,0.138937,0.138937,0,748,green,0.425,,0,unknown,0.000000,null,0.000000,0.557,,"{""0"": 250, ""1"": 250, ""2"": null, ""3"": null, ""4"": null, ""5"": null, ""6"": null, ""7"": null}","{""0"": 0.0, ""1"": 0.0, ""2"": null, ""3"": null, ""4"": null, ""5"": null, ""6"": null, ""7"": null}","{""0"": 250, ""1"": 250}",250,1,0,0,0,0.557,ultrasonic-not-close,KEEP_PAUSED,left,right,,0
818,2026-08-02T02:29:09.987+09:00,99.618,817,8.22,0,DRIVING,,0,1,1,0,0,0,-0.076639,7.240,8021,0,0.137398,0.137398,0,749,green,0.428,,0,unknown,0.000000,null,0.000000,0.316,,"{""0"": 250, ""1"": 250, ""2"": null, ""3"": null, ""4"": null, ""5"": null, ""6"": null, ""7"": null}","{""0"": 0.0, ""1"": 0.0, ""2"": null, ""3"": null, ""4"": null, ""5"": null, ""6"": null, ""7"": null}","{""0"": 250, ""1"": 250}",250,1,0,0,0,0.316,ultrasonic-not-close,KEEP_PAUSED,left,right,,0
819,2026-08-02T02:29:10.166+09:00,99.798,818,8.05,0,DRIVING,,0,1,1,0,0,0,-0.076659,7.244,8019,0,0.137635,0.137635,0,749,green,0.271,,0,unknown,0.000000,null,0.000000,0.405,,"{""0"": 250, ""1"": 250, ""2"": null, ""3"": null, ""4"": null, ""5"": null, ""6"": null, ""7"": null}","{""0"": 0.0, ""1"": 0.0, ""2"": null, ""3"": null, ""4"": null, ""5"": null, ""6"": null, ""7"": null}","{""0"": 250, ""1"": 250}",250,1,0,0,0,0.405,ultrasonic-not-close,KEEP_PAUSED,left,right,,0
820,2026-08-02T02:29:10.307+09:00,99.938,819,8.09,0,DRIVING,,0,1,1,0,0,0,-0.076674,7.237,8013,0,0.137793,0.137793,0,750,green,0.275,,0,unknown,0.000000,null,0.000000,0.543,,"{""0"": 250, ""1"": 148, ""2"": null, ""3"": null, ""4"": null, ""5"": null, ""6"": null, ""7"": null}","{""0"": 0.0, ""1"": 0.0, ""2"": null, ""3"": null, ""4"": null, ""5"": null, ""6"": null, ""7"": null}","{""0"": 250, ""1"": 148}",148,1,1,0,0,0.543,car-not-detected-or-stale,KEEP_PAUSED,left,right,,0
821,2026-08-02T02:29:10.426+09:00,100.057,820,8.05,0,DRIVING,,0,1,1,0,0,0,-0.076827,7.234,8014,0,0.138410,0.138410,0,750,green,0.320,,0,unknown,0.000000,null,0.000000,0.397,,"{""0"": 250, ""1"": 250, ""2"": null, ""3"": null, ""4"": null, ""5"": null, ""6"": null, ""7"": null}","{""0"": 0.0, ""1"": 0.0, ""2"": null, ""3"": null, ""4"": null, ""5"": null, ""6"": null, ""7"": null}","{""0"": 250, ""1"": 250}",250,1,0,0,0,0.397,ultrasonic-not-close,KEEP_PAUSED,left,right,,0
822,2026-08-02T02:29:10.530+09:00,100.162,821,8.05,0,DRIVING,,0,1,1,0,0,0,-0.077153,7.240,8021,0,0.139547,0.139547,0,750,green,0.264,,0,unknown,0.000000,null,0.000000,0.325,,"{""0"": 250, ""1"": 250, ""2"": null, ""3"": null, ""4"": null, ""5"": null, ""6"": null, ""7"": null}","{""0"": 0.0, ""1"": 0.0, ""2"": null, ""3"": null, ""4"": null, ""5"": null, ""6"": null, ""7"": null}","{""0"": 250, ""1"": 250}",250,1,0,0,0,0.325,ultrasonic-not-close,KEEP_PAUSED,left,right,,0
823,2026-08-02T02:29:10.719+09:00,100.350,822,7.85,0,DRIVING,,0,1,1,0,0,0,-0.077088,7.243,8011,0,0.139112,0.139112,0,749,green,0.236,,0,unknown,0.000000,null,0.000000,0.514,,"{""0"": 250, ""1"": 250, ""2"": null, ""3"": null, ""4"": null, ""5"": null, ""6"": null, ""7"": null}","{""0"": 0.0, ""1"": 0.0, ""2"": null, ""3"": null, ""4"": null, ""5"": null, ""6"": null, ""7"": null}","{""0"": 250, ""1"": 250}",250,1,0,0,0,0.514,ultrasonic-not-close,KEEP_PAUSED,left,right,,0
824,2026-08-02T02:29:10.839+09:00,100.471,823,7.89,0,DRIVING,,0,1,1,0,0,0,-0.076813,7.243,8031,0,0.138015,0.138015,0,749,green,0.298,,0,unknown,0.000000,null,0.000000,0.375,,"{""0"": 250, ""1"": 148, ""2"": null, ""3"": null, ""4"": null, ""5"": null, ""6"": null, ""7"": null}","{""0"": 0.0, ""1"": 0.0, ""2"": null, ""3"": null, ""4"": null, ""5"": null, ""6"": null, ""7"": null}","{""0"": 250, ""1"": 148}",148,1,1,0,0,0.375,car-not-detected-or-stale,KEEP_PAUSED,left,right,,0
825,2026-08-02T02:29:10.938+09:00,100.569,824,7.97,0,DRIVING,,0,1,1,0,0,0,-0.077142,7.247,8048,1,0.139276,0.139276,0,749,green,0.312,,0,unknown,0.000000,null,0.000000,0.369,,"{""0"": 250, ""1"": 149, ""2"": null, ""3"": null, ""4"": null, ""5"": null, ""6"": null, ""7"": null}","{""0"": 0.0, ""1"": 0.0, ""2"": null, ""3"": null, ""4"": null, ""5"": null, ""6"": null, ""7"": null}","{""0"": 250, ""1"": 149}",149,1,1,0,0,0.369,car-not-detected-or-stale,KEEP_PAUSED,left,right,,0
826,2026-08-02T02:29:11.076+09:00,100.708,825,7.86,0,DRIVING,,0,1,1,0,0,0,-0.076674,7.243,8026,0,0.137463,0.137463,0,749,green,0.222,,0,unknown,0.000000,null,0.000000,0.510,,"{""0"": 250, ""1"": 148, ""2"": null, ""3"": null, ""4"": null, ""5"": null, ""6"": null, ""7"": null}","{""0"": 0.0, ""1"": 0.0, ""2"": null, ""3"": null, ""4"": null, ""5"": null, ""6"": null, ""7"": null}","{""0"": 250, ""1"": 148}",148,1,1,0,0,0.510,car-not-detected-or-stale,KEEP_PAUSED,left,right,,0
827,2026-08-02T02:29:11.166+09:00,100.798,826,7.94,0,DRIVING,,0,1,1,0,0,0,-0.077091,7.240,8028,0,0.139131,0.139131,0,750,green,0.241,,0,unknown,0.000000,null,0.000000,0.288,,"{""0"": 250, ""1"": 147, ""2"": null, ""3"": null, ""4"": null, ""5"": null, ""6"": null, ""7"": null}","{""0"": 0.0, ""1"": 0.0, ""2"": null, ""3"": null, ""4"": null, ""5"": null, ""6"": null, ""7"": null}","{""0"": 250, ""1"": 147}",147,1,1,0,0,0.288,car-not-detected-or-stale,KEEP_PAUSED,left,right,,0
828,2026-08-02T02:29:11.281+09:00,100.912,827,7.98,0,DRIVING,,0,1,1,0,0,0,-0.076673,7.235,8022,0,0.137517,0.137517,0,750,green,0.330,,0,unknown,0.000000,null,0.000000,0.403,,"{""0"": 250, ""1"": 147, ""2"": null, ""3"": null, ""4"": null, ""5"": null, ""6"": null, ""7"": null}","{""0"": 0.0, ""1"": 0.0, ""2"": null, ""3"": null, ""4"": null, ""5"": null, ""6"": null, ""7"": null}","{""0"": 250, ""1"": 147}",147,1,1,0,0,0.403,car-not-detected-or-stale,KEEP_PAUSED,left,right,,0
829,2026-08-02T02:29:11.369+09:00,101.000,828,7.99,0,DRIVING,,0,1,1,0,0,0,-0.077091,7.237,8024,0,0.139169,0.139169,0,749,green,0.119,,0,unknown,0.000000,null,0.000000,0.255,,"{""0"": 250, ""1"": 148, ""2"": null, ""3"": null, ""4"": null, ""5"": null, ""6"": null, ""7"": null}","{""0"": 0.0, ""1"": 0.0, ""2"": null, ""3"": null, ""4"": null, ""5"": null, ""6"": null, ""7"": null}","{""0"": 250, ""1"": 148}",148,1,1,0,0,0.255,car-not-detected-or-stale,KEEP_PAUSED,left,right,,0
830,2026-08-02T02:29:11.477+09:00,101.108,829,8.06,0,DRIVING,,0,1,1,0,0,0,-0.077080,7.240,8047,0,0.139007,0.139007,0,749,green,0.212,,0,unknown,0.000000,null,0.000000,0.274,,"{""0"": 250, ""1"": 148, ""2"": null, ""3"": null, ""4"": null, ""5"": null, ""6"": null, ""7"": null}","{""0"": 0.0, ""1"": 0.0, ""2"": null, ""3"": null, ""4"": null, ""5"": null, ""6"": null, ""7"": null}","{""0"": 250, ""1"": 148}",148,1,1,0,0,0.274,car-not-detected-or-stale,KEEP_PAUSED,left,right,,0
831,2026-08-02T02:29:11.601+09:00,101.233,830,8.12,0,DRIVING,,0,1,1,0,0,0,-0.076930,7.236,8010,0,0.138387,0.138387,0,749,green,0.212,,0,unknown,0.000000,null,0.000000,0.400,,"{""0"": 250, ""1"": 148, ""2"": null, ""3"": null, ""4"": null, ""5"": null, ""6"": null, ""7"": null}","{""0"": 0.0, ""1"": 0.0, ""2"": null, ""3"": null, ""4"": null, ""5"": null, ""6"": null, ""7"": null}","{""0"": 250, ""1"": 148}",148,1,1,0,0,0.400,car-not-detected-or-stale,KEEP_PAUSED,left,right,,0
832,2026-08-02T02:29:11.696+09:00,101.327,831,8.12,0,DRIVING,,0,1,1,0,0,0,-0.076904,7.233,8007,0,0.138319,0.138319,0,750,green,0.232,,0,unknown,0.000000,null,0.000000,0.285,,"{""0"": 250, ""1"": 148, ""2"": null, ""3"": null, ""4"": null, ""5"": null, ""6"": null, ""7"": null}","{""0"": 0.0, ""1"": 0.0, ""2"": null, ""3"": null, ""4"": null, ""5"": null, ""6"": null, ""7"": null}","{""0"": 250, ""1"": 148}",148,1,1,0,0,0.285,car-not-detected-or-stale,KEEP_PAUSED,left,right,,0
833,2026-08-02T02:29:11.889+09:00,101.522,832,7.94,0,DRIVING,,0,1,1,0,0,0,-0.077026,7.236,8042,0,0.138791,0.138791,0,749,green,0.215,,0,unknown,0.000000,null,0.000000,0.481,,"{""0"": 250, ""1"": 148, ""2"": null, ""3"": null, ""4"": null, ""5"": null, ""6"": null, ""7"": null}","{""0"": 0.0, ""1"": 0.0, ""2"": null, ""3"": null, ""4"": null, ""5"": null, ""6"": null, ""7"": null}","{""0"": 250, ""1"": 148}",148,1,1,0,0,0.481,car-not-detected-or-stale,KEEP_PAUSED,left,right,,0
834,2026-08-02T02:29:11.982+09:00,101.612,833,7.96,0,DRIVING,,0,1,1,0,0,0,-0.077031,7.237,8031,0,0.138766,0.138766,0,750,green,0.291,,0,unknown,0.000000,null,0.000000,0.341,,"{""0"": 250, ""1"": 148, ""2"": null, ""3"": null, ""4"": null, ""5"": null, ""6"": null, ""7"": null}","{""0"": 0.0, ""1"": 0.0, ""2"": null, ""3"": null, ""4"": null, ""5"": null, ""6"": null, ""7"": null}","{""0"": 250, ""1"": 148}",148,1,1,0,0,0.341,car-not-detected-or-stale,KEEP_PAUSED,left,right,,0
835,2026-08-02T02:29:12.088+09:00,101.718,834,7.95,0,DRIVING,,0,1,1,0,0,0,-0.076893,7.241,8019,0,0.138236,0.138236,0,750,green,0.288,,0,unknown,0.000000,null,0.000000,0.355,,"{""0"": 250, ""1"": 148, ""2"": null, ""3"": null, ""4"": null, ""5"": null, ""6"": null, ""7"": null}","{""0"": 0.0, ""1"": 0.0, ""2"": null, ""3"": null, ""4"": null, ""5"": null, ""6"": null, ""7"": null}","{""0"": 250, ""1"": 148}",148,1,1,0,0,0.355,car-not-detected-or-stale,KEEP_PAUSED,left,right,,0
836,2026-08-02T02:29:12.250+09:00,101.880,835,7.96,0,DRIVING,,0,1,1,0,0,0,-0.077018,7.243,8024,0,0.138737,0.138737,0,749,green,0.201,,0,unknown,0.000000,null,0.000000,0.517,,"{""0"": 250, ""1"": 148, ""2"": null, ""3"": null, ""4"": null, ""5"": null, ""6"": null, ""7"": null}","{""0"": 0.0, ""1"": 0.0, ""2"": null, ""3"": null, ""4"": null, ""5"": null, ""6"": null, ""7"": null}","{""0"": 250, ""1"": 148}",148,1,1,0,0,0.517,car-not-detected-or-stale,KEEP_PAUSED,left,right,,0
837,2026-08-02T02:29:12.384+09:00,102.016,836,7.86,0,DRIVING,,0,1,1,0,0,0,-0.076850,7.238,8027,0,0.138100,0.138100,0,749,green,0.272,,0,unknown,0.000000,null,0.000000,0.367,,"{""0"": 250, ""1"": 148, ""2"": null, ""3"": null, ""4"": null, ""5"": null, ""6"": null, ""7"": null}","{""0"": 0.0, ""1"": 0.0, ""2"": null, ""3"": null, ""4"": null, ""5"": null, ""6"": null, ""7"": null}","{""0"": 250, ""1"": 148}",148,1,1,0,0,0.367,car-not-detected-or-stale,KEEP_PAUSED,left,right,,0
838,2026-08-02T02:29:12.488+09:00,102.120,837,7.94,0,DRIVING,,0,1,1,0,0,0,-0.076848,7.236,8035,0,0.138165,0.138165,0,750,green,0.300,,0,unknown,0.000000,null,0.000000,0.203,,"{""0"": 250, ""1"": 148, ""2"": null, ""3"": null, ""4"": null, ""5"": null, ""6"": null, ""7"": null}","{""0"": 0.0, ""1"": 0.0, ""2"": null, ""3"": null, ""4"": null, ""5"": null, ""6"": null, ""7"": null}","{""0"": 250, ""1"": 148}",148,1,1,0,0,0.203,car-not-detected-or-stale,KEEP_PAUSED,left,right,,0
839,2026-08-02T02:29:12.578+09:00,102.211,838,7.95,0,DRIVING,,0,1,1,0,0,0,-0.077056,7.238,8046,0,0.138960,0.138960,0,749,green,0.241,,0,unknown,0.000000,null,0.000000,0.293,,"{""0"": 250, ""1"": 149, ""2"": null, ""3"": null, ""4"": null, ""5"": null, ""6"": null, ""7"": null}","{""0"": 0.0, ""1"": 0.0, ""2"": null, ""3"": null, ""4"": null, ""5"": null, ""6"": null, ""7"": null}","{""0"": 250, ""1"": 149}",149,1,1,0,0,0.293,car-not-detected-or-stale,KEEP_PAUSED,left,right,,0
840,2026-08-02T02:29:12.704+09:00,102.336,839,7.97,0,DRIVING,,0,1,1,0,0,0,-0.076840,7.232,8023,0,0.138106,0.138106,0,749,green,0.330,,0,unknown,0.000000,null,0.000000,0.285,,"{""0"": 250, ""1"": 148, ""2"": null, ""3"": null, ""4"": null, ""5"": null, ""6"": null, ""7"": null}","{""0"": 0.0, ""1"": 0.0, ""2"": null, ""3"": null, ""4"": null, ""5"": null, ""6"": null, ""7"": null}","{""0"": 250, ""1"": 148}",148,1,1,0,0,0.285,car-not-detected-or-stale,KEEP_PAUSED,left,right,,0
841,2026-08-02T02:29:12.788+09:00,102.420,840,8.01,0,DRIVING,,0,1,1,0,0,0,-0.077050,7.231,8046,0,0.138922,0.138922,0,749,green,0.323,,0,unknown,0.000000,null,0.000000,0.369,,"{""0"": 250, ""1"": 148, ""2"": null, ""3"": null, ""4"": null, ""5"": null, ""6"": null, ""7"": null}","{""0"": 0.0, ""1"": 0.0, ""2"": null, ""3"": null, ""4"": null, ""5"": null, ""6"": null, ""7"": null}","{""0"": 250, ""1"": 148}",148,1,1,0,0,0.369,car-not-detected-or-stale,KEEP_PAUSED,left,right,,0
842,2026-08-02T02:29:12.963+09:00,102.596,841,7.99,0,DRIVING,,0,1,1,0,0,0,-0.076836,7.231,8027,0,0.138081,0.138081,0,749,green,0.214,,0,unknown,0.000000,null,0.000000,0.352,,"{""0"": 250, ""1"": 250, ""2"": null, ""3"": null, ""4"": null, ""5"": null, ""6"": null, ""7"": null}","{""0"": 0.0, ""1"": 0.0, ""2"": null, ""3"": null, ""4"": null, ""5"": null, ""6"": null, ""7"": null}","{""0"": 250, ""1"": 250}",250,1,0,0,0,0.352,ultrasonic-not-close,KEEP_PAUSED,left,right,,0
843,2026-08-02T02:29:13.067+09:00,102.700,842,7.96,0,DRIVING,,0,1,1,0,0,0,-0.076640,7.227,8013,0,0.137443,0.137443,0,749,green,0.264,,0,unknown,0.000000,null,0.000000,0.246,,"{""0"": 250, ""1"": 250, ""2"": null, ""3"": null, ""4"": null, ""5"": null, ""6"": null, ""7"": null}","{""0"": 0.0, ""1"": 0.0, ""2"": null, ""3"": null, ""4"": null, ""5"": null, ""6"": null, ""7"": null}","{""0"": 250, ""1"": 250}",250,1,0,0,0,0.246,ultrasonic-not-close,KEEP_PAUSED,left,right,,0
844,2026-08-02T02:29:13.232+09:00,102.865,843,7.97,0,DRIVING,,0,1,1,0,0,0,-0.076662,7.172,8102,0,0.137675,0.137675,0,749,green,0.283,,0,unknown,0.000000,null,0.000000,0.410,,"{""0"": 250, ""1"": 148, ""2"": null, ""3"": null, ""4"": null, ""5"": null, ""6"": null, ""7"": null}","{""0"": 0.0, ""1"": 0.0, ""2"": null, ""3"": null, ""4"": null, ""5"": null, ""6"": null, ""7"": null}","{""0"": 250, ""1"": 148}",148,1,1,0,0,0.410,car-not-detected-or-stale,KEEP_PAUSED,left,right,,0
845,2026-08-02T02:29:13.323+09:00,102.954,844,8.13,0,DRIVING,,0,1,1,0,0,0,-0.076660,7.127,8102,0,0.137765,0.137765,0,749,green,0.271,,0,unknown,0.000000,null,0.000000,0.323,,"{""0"": 250, ""1"": 147, ""2"": null, ""3"": null, ""4"": null, ""5"": null, ""6"": null, ""7"": null}","{""0"": 0.0, ""1"": 0.0, ""2"": null, ""3"": null, ""4"": null, ""5"": null, ""6"": null, ""7"": null}","{""0"": 250, ""1"": 147}",147,1,1,0,0,0.323,car-not-detected-or-stale,KEEP_PAUSED,left,right,,0
846,2026-08-02T02:29:13.456+09:00,103.088,845,8.03,0,DRIVING,,0,1,1,0,0,0,-0.076763,7.103,8126,0,0.138201,0.138201,0,749,green,0.257,,0,unknown,0.000000,null,0.000000,0.456,,"{""0"": 250, ""1"": 149, ""2"": null, ""3"": null, ""4"": null, ""5"": null, ""6"": null, ""7"": null}","{""0"": 0.0, ""1"": 0.0, ""2"": null, ""3"": null, ""4"": null, ""5"": null, ""6"": null, ""7"": null}","{""0"": 250, ""1"": 149}",149,1,1,0,0,0.456,car-not-detected-or-stale,KEEP_PAUSED,left,right,,0
847,2026-08-02T02:29:13.569+09:00,103.202,846,8.16,0,DRIVING,,0,1,1,0,0,0,-0.076953,7.092,8119,0,0.138876,0.138876,0,750,green,0.227,,0,unknown,0.000000,null,0.000000,0.302,,"{""0"": 250, ""1"": 250, ""2"": null, ""3"": null, ""4"": null, ""5"": null, ""6"": null, ""7"": null}","{""0"": 0.0, ""1"": 0.0, ""2"": null, ""3"": null, ""4"": null, ""5"": null, ""6"": null, ""7"": null}","{""0"": 250, ""1"": 250}",250,1,0,0,0,0.302,ultrasonic-not-close,KEEP_PAUSED,left,right,,0
848,2026-08-02T02:29:13.664+09:00,103.297,847,8.15,0,DRIVING,,0,1,1,0,0,0,-0.076959,7.115,8076,0,0.138789,0.138789,0,750,green,0.251,,0,unknown,0.000000,null,0.000000,0.309,,"{""0"": 250, ""1"": 250, ""2"": null, ""3"": null, ""4"": null, ""5"": null, ""6"": null, ""7"": null}","{""0"": 0.0, ""1"": 0.0, ""2"": null, ""3"": null, ""4"": null, ""5"": null, ""6"": null, ""7"": null}","{""0"": 250, ""1"": 250}",250,1,0,0,0,0.309,ultrasonic-not-close,KEEP_PAUSED,left,right,,0
849,2026-08-02T02:29:13.831+09:00,103.464,848,8.18,0,DRIVING,,0,1,1,0,0,0,-0.076788,7.090,8072,0,0.138095,0.138095,0,749,green,0.346,,0,unknown,0.000000,null,0.000000,0.474,,"{""0"": 250, ""1"": 250, ""2"": null, ""3"": null, ""4"": null, ""5"": null, ""6"": null, ""7"": null}","{""0"": 0.0, ""1"": 0.0, ""2"": null, ""3"": null, ""4"": null, ""5"": null, ""6"": null, ""7"": null}","{""0"": 250, ""1"": 250}",250,1,0,0,0,0.474,ultrasonic-not-close,KEEP_PAUSED,left,right,,0
850,2026-08-02T02:29:13.921+09:00,103.551,849,8.29,0,DRIVING,,0,1,1,0,0,0,-0.076727,7.074,8121,0,0.137912,0.137912,0,749,green,0.169,,0,unknown,0.000000,null,0.000000,0.316,,"{""0"": 250, ""1"": 250, ""2"": null, ""3"": null, ""4"": null, ""5"": null, ""6"": null, ""7"": null}","{""0"": 0.0, ""1"": 0.0, ""2"": null, ""3"": null, ""4"": null, ""5"": null, ""6"": null, ""7"": null}","{""0"": 250, ""1"": 250}",250,1,0,0,0,0.316,ultrasonic-not-close,KEEP_PAUSED,left,right,,0
851,2026-08-02T02:29:14.112+09:00,103.743,850,8.13,0,DRIVING,,0,1,1,0,0,0,-0.076622,7.098,8095,0,0.137595,0.137595,0,749,green,0.258,,0,unknown,0.000000,null,0.000000,0.508,,"{""0"": 250, ""1"": 250, ""2"": null, ""3"": null, ""4"": null, ""5"": null, ""6"": null, ""7"": null}","{""0"": 0.0, ""1"": 0.0, ""2"": null, ""3"": null, ""4"": null, ""5"": null, ""6"": null, ""7"": null}","{""0"": 250, ""1"": 250}",250,1,0,0,0,0.508,ultrasonic-not-close,KEEP_PAUSED,left,right,,0
852,2026-08-02T02:29:14.197+09:00,103.829,851,8.17,0,DRIVING,,0,1,1,0,0,0,-0.076701,7.122,8099,0,0.137976,0.137976,0,749,green,0.285,,0,unknown,0.000000,null,0.000000,0.497,,"{""0"": 250, ""1"": 147, ""2"": null, ""3"": null, ""4"": null, ""5"": null, ""6"": null, ""7"": null}","{""0"": 0.0, ""1"": 0.0, ""2"": null, ""3"": null, ""4"": null, ""5"": null, ""6"": null, ""7"": null}","{""0"": 250, ""1"": 147}",147,1,1,0,0,0.497,car-not-detected-or-stale,KEEP_PAUSED,left,right,,0
853,2026-08-02T02:29:14.340+09:00,103.971,852,8.28,0,DRIVING,,0,1,1,0,0,0,-0.076505,7.101,8106,0,0.137295,0.137295,0,749,green,0.280,,0,unknown,0.000000,null,0.000000,0.384,,"{""0"": 250, ""1"": 148, ""2"": null, ""3"": null, ""4"": null, ""5"": null, ""6"": null, ""7"": null}","{""0"": 0.0, ""1"": 0.0, ""2"": null, ""3"": null, ""4"": null, ""5"": null, ""6"": null, ""7"": null}","{""0"": 250, ""1"": 148}",148,1,1,0,0,0.384,car-not-detected-or-stale,KEEP_PAUSED,left,right,,0
854,2026-08-02T02:29:14.435+09:00,104.066,853,8.34,0,DRIVING,,0,1,1,0,0,0,-0.076370,7.125,8082,0,0.136935,0.136935,0,749,green,0.231,,0,unknown,0.000000,null,0.000000,0.479,,"{""0"": 250, ""1"": 250, ""2"": null, ""3"": null, ""4"": null, ""5"": null, ""6"": null, ""7"": null}","{""0"": 0.0, ""1"": 0.0, ""2"": null, ""3"": null, ""4"": null, ""5"": null, ""6"": null, ""7"": null}","{""0"": 250, ""1"": 250}",250,1,0,0,0,0.479,ultrasonic-not-close,KEEP_PAUSED,left,right,,0
855,2026-08-02T02:29:14.538+09:00,104.170,854,8.32,0,DRIVING,,0,1,1,0,0,0,-0.076626,7.144,8070,0,0.138013,0.138013,0,749,green,0.242,,0,unknown,0.000000,null,0.000000,0.306,,"{""0"": 250, ""1"": 148, ""2"": null, ""3"": null, ""4"": null, ""5"": null, ""6"": null, ""7"": null}","{""0"": 0.0, ""1"": 0.0, ""2"": null, ""3"": null, ""4"": null, ""5"": null, ""6"": null, ""7"": null}","{""0"": 250, ""1"": 148}",148,1,1,0,0,0.306,car-not-detected-or-stale,KEEP_PAUSED,left,right,,0
856,2026-08-02T02:29:14.689+09:00,104.320,855,8.31,0,DRIVING,,0,1,1,0,0,0,-0.076619,7.167,8091,0,0.137963,0.137963,0,750,green,0.202,,0,unknown,0.000000,null,0.000000,0.449,,"{""0"": 250, ""1"": 250, ""2"": null, ""3"": null, ""4"": null, ""5"": null, ""6"": null, ""7"": null}","{""0"": 0.0, ""1"": 0.0, ""2"": null, ""3"": null, ""4"": null, ""5"": null, ""6"": null, ""7"": null}","{""0"": 250, ""1"": 250}",250,1,0,0,0,0.449,ultrasonic-not-close,KEEP_PAUSED,left,right,,0
857,2026-08-02T02:29:14.778+09:00,104.409,856,8.30,0,DRIVING,,0,1,1,0,0,0,-0.076846,7.180,8093,0,0.138765,0.138765,0,749,green,0.258,,0,unknown,0.000000,null,0.000000,0.308,,"{""0"": 250, ""1"": 149, ""2"": null, ""3"": null, ""4"": null, ""5"": null, ""6"": null, ""7"": null}","{""0"": 0.0, ""1"": 0.0, ""2"": null, ""3"": null, ""4"": null, ""5"": null, ""6"": null, ""7"": null}","{""0"": 250, ""1"": 149}",149,1,1,0,0,0.308,car-not-detected-or-stale,KEEP_PAUSED,left,right,,0
858,2026-08-02T02:29:14.894+09:00,104.526,857,8.30,0,DRIVING,,0,1,1,0,0,0,-0.076364,7.178,8094,0,0.136897,0.136897,0,750,green,0.350,,0,unknown,0.000000,null,0.000000,0.424,,"{""0"": 250, ""1"": 147, ""2"": null, ""3"": null, ""4"": null, ""5"": null, ""6"": null, ""7"": null}","{""0"": 0.0, ""1"": 0.0, ""2"": null, ""3"": null, ""4"": null, ""5"": null, ""6"": null, ""7"": null}","{""0"": 250, ""1"": 147}",147,1,1,0,0,0.424,car-not-detected-or-stale,KEEP_PAUSED,left,right,,0
859,2026-08-02T02:29:14.984+09:00,104.615,858,8.29,0,DRIVING,,0,1,1,0,0,0,-0.076808,7.185,8119,0,0.138662,0.138662,0,749,green,0.361,,0,unknown,0.000000,null,0.000000,0.260,,"{""0"": 250, ""1"": 147, ""2"": null, ""3"": null, ""4"": null, ""5"": null, ""6"": null, ""7"": null}","{""0"": 0.0, ""1"": 0.0, ""2"": null, ""3"": null, ""4"": null, ""5"": null, ""6"": null, ""7"": null}","{""0"": 250, ""1"": 147}",147,1,1,0,0,0.260,car-not-detected-or-stale,KEEP_PAUSED,left,right,,0
860,2026-08-02T02:29:15.091+09:00,104.722,859,8.30,0,DRIVING,,0,1,1,0,0,0,-0.076431,7.189,8089,0,0.137184,0.137184,0,750,green,0.208,,0,unknown,0.000000,null,0.000000,0.366,,"{""0"": 250, ""1"": 148, ""2"": null, ""3"": null, ""4"": null, ""5"": null, ""6"": null, ""7"": null}","{""0"": 0.0, ""1"": 0.0, ""2"": null, ""3"": null, ""4"": null, ""5"": null, ""6"": null, ""7"": null}","{""0"": 250, ""1"": 148}",148,1,1,0,0,0.366,car-not-detected-or-stale,KEEP_PAUSED,left,right,,0
861,2026-08-02T02:29:15.234+09:00,104.865,860,8.25,0,DRIVING,,0,1,1,0,0,0,-0.076808,7.197,8097,0,0.138659,0.138659,0,750,green,0.200,,0,unknown,0.000000,null,0.000000,0.418,,"{""0"": 250, ""1"": 148, ""2"": null, ""3"": null, ""4"": null, ""5"": null, ""6"": null, ""7"": null}","{""0"": 0.0, ""1"": 0.0, ""2"": null, ""3"": null, ""4"": null, ""5"": null, ""6"": null, ""7"": null}","{""0"": 250, ""1"": 148}",148,1,1,0,0,0.418,car-not-detected-or-stale,KEEP_PAUSED,left,right,,0
862,2026-08-02T02:29:15.341+09:00,104.973,861,8.22,0,DRIVING,,0,1,1,0,0,0,-0.076398,7.200,8086,0,0.137062,0.137062,0,749,green,0.253,,0,unknown,0.000000,null,0.000000,0.322,,"{""0"": 250, ""1"": 148, ""2"": null, ""3"": null, ""4"": null, ""5"": null, ""6"": null, ""7"": null}","{""0"": 0.0, ""1"": 0.0, ""2"": null, ""3"": null, ""4"": null, ""5"": null, ""6"": null, ""7"": null}","{""0"": 250, ""1"": 148}",148,1,1,0,0,0.322,car-not-detected-or-stale,KEEP_PAUSED,left,right,,0
863,2026-08-02T02:29:15.444+09:00,105.077,862,8.44,0,DRIVING,,0,1,1,0,0,0,-0.076646,7.203,8086,0,0.138092,0.138092,0,749,green,0.254,,0,unknown,0.000000,null,0.000000,0.426,,"{""0"": 250, ""1"": 147, ""2"": null, ""3"": null, ""4"": null, ""5"": null, ""6"": null, ""7"": null}","{""0"": 0.0, ""1"": 0.0, ""2"": null, ""3"": null, ""4"": null, ""5"": null, ""6"": null, ""7"": null}","{""0"": 250, ""1"": 147}",147,1,1,0,0,0.426,car-not-detected-or-stale,KEEP_PAUSED,left,right,,0
864,2026-08-02T02:29:15.609+09:00,105.240,863,8.27,0,DRIVING,,0,1,1,0,0,0,-0.076402,7.202,8085,0,0.137172,0.137172,0,749,green,0.215,,0,unknown,0.000000,null,0.000000,0.339,,"{""0"": 250, ""1"": 149, ""2"": null, ""3"": null, ""4"": null, ""5"": null, ""6"": null, ""7"": null}","{""0"": 0.0, ""1"": 0.0, ""2"": null, ""3"": null, ""4"": null, ""5"": null, ""6"": null, ""7"": null}","{""0"": 250, ""1"": 149}",149,1,1,0,0,0.339,car-not-detected-or-stale,KEEP_PAUSED,left,right,,0
865,2026-08-02T02:29:15.697+09:00,105.329,864,8.31,0,DRIVING,,0,1,1,0,0,0,-0.076658,7.198,8077,0,0.138200,0.138200,0,749,green,0.272,,0,unknown,0.000000,null,0.000000,0.320,,"{""0"": 250, ""1"": 148, ""2"": null, ""3"": null, ""4"": null, ""5"": null, ""6"": null, ""7"": null}","{""0"": 0.0, ""1"": 0.0, ""2"": null, ""3"": null, ""4"": null, ""5"": null, ""6"": null, ""7"": null}","{""0"": 250, ""1"": 148}",148,1,1,0,0,0.320,car-not-detected-or-stale,KEEP_PAUSED,left,right,,0
866,2026-08-02T02:29:15.801+09:00,105.432,865,8.45,0,DRIVING,,0,1,1,0,0,0,-0.076559,7.205,8098,0,0.137779,0.137779,0,749,green,0.360,,0,unknown,0.000000,null,0.000000,0.423,,"{""0"": 250, ""1"": 149, ""2"": null, ""3"": null, ""4"": null, ""5"": null, ""6"": null, ""7"": null}","{""0"": 0.0, ""1"": 0.0, ""2"": null, ""3"": null, ""4"": null, ""5"": null, ""6"": null, ""7"": null}","{""0"": 250, ""1"": 149}",149,1,1,0,0,0.423,car-not-detected-or-stale,KEEP_PAUSED,left,right,,0
867,2026-08-02T02:29:15.898+09:00,105.528,866,8.54,0,DRIVING,,0,1,1,0,0,0,-0.076817,7.207,8078,0,0.138718,0.138718,0,750,green,0.360,,0,unknown,0.000000,null,0.000000,0.252,,"{""0"": 250, ""1"": 147, ""2"": null, ""3"": null, ""4"": null, ""5"": null, ""6"": null, ""7"": null}","{""0"": 0.0, ""1"": 0.0, ""2"": null, ""3"": null, ""4"": null, ""5"": null, ""6"": null, ""7"": null}","{""0"": 250, ""1"": 147}",147,1,1,0,0,0.252,car-not-detected-or-stale,KEEP_PAUSED,left,right,,0
868,2026-08-02T02:29:15.998+09:00,105.629,867,8.55,0,DRIVING,,0,1,1,0,0,0,-0.076405,7.205,8089,0,0.137099,0.137099,0,750,green,0.203,,0,unknown,0.000000,null,0.000000,0.264,,"{""0"": 250, ""1"": 250, ""2"": null, ""3"": null, ""4"": null, ""5"": null, ""6"": null, ""7"": null}","{""0"": 0.0, ""1"": 0.0, ""2"": null, ""3"": null, ""4"": null, ""5"": null, ""6"": null, ""7"": null}","{""0"": 250, ""1"": 250}",250,1,0,0,0,0.264,ultrasonic-not-close,KEEP_PAUSED,left,right,,0
869,2026-08-02T02:29:16.168+09:00,105.799,868,8.36,0,DRIVING,,0,1,1,0,0,0,-0.076562,7.208,8101,0,0.137794,0.137794,0,750,green,0.202,,0,unknown,0.000000,null,0.000000,0.434,,"{""0"": 250, ""1"": 147, ""2"": null, ""3"": null, ""4"": null, ""5"": null, ""6"": null, ""7"": null}","{""0"": 0.0, ""1"": 0.0, ""2"": null, ""3"": null, ""4"": null, ""5"": null, ""6"": null, ""7"": null}","{""0"": 250, ""1"": 147}",147,1,1,0,0,0.434,car-not-detected-or-stale,KEEP_PAUSED,left,right,,0
870,2026-08-02T02:29:16.259+09:00,105.890,869,8.45,0,DRIVING,,0,1,1,0,0,0,-0.076684,7.212,8089,0,0.138239,0.138239,0,750,green,0.275,,0,unknown,0.000000,null,0.000000,0.325,,"{""0"": 250, ""1"": 250, ""2"": null, ""3"": null, ""4"": null, ""5"": null, ""6"": null, ""7"": null}","{""0"": 0.0, ""1"": 0.0, ""2"": null, ""3"": null, ""4"": null, ""5"": null, ""6"": null, ""7"": null}","{""0"": 250, ""1"": 250}",250,1,0,0,0,0.325,ultrasonic-not-close,KEEP_PAUSED,left,right,,0
871,2026-08-02T02:29:16.395+09:00,106.017,870,8.34,0,DRIVING,,0,1,1,0,0,0,-0.076653,7.208,8087,0,0.138064,0.138064,0,749,green,0.264,,0,unknown,0.000000,null,0.000000,0.454,,"{""0"": 250, ""1"": 250, ""2"": null, ""3"": null, ""4"": null, ""5"": null, ""6"": null, ""7"": null}","{""0"": 0.0, ""1"": 0.0, ""2"": null, ""3"": null, ""4"": null, ""5"": null, ""6"": null, ""7"": null}","{""0"": 250, ""1"": 250}",250,1,0,0,0,0.454,ultrasonic-not-close,KEEP_PAUSED,left,right,,0
872,2026-08-02T02:29:16.485+09:00,106.118,871,8.52,0,DRIVING,,0,1,1,0,0,0,-0.076685,7.204,8088,0,0.138152,0.138152,0,749,green,0.229,,0,unknown,0.000000,null,0.000000,0.452,,"{""0"": 250, ""1"": 148, ""2"": null, ""3"": null, ""4"": null, ""5"": null, ""6"": null, ""7"": null}","{""0"": 0.0, ""1"": 0.0, ""2"": null, ""3"": null, ""4"": null, ""5"": null, ""6"": null, ""7"": null}","{""0"": 250, ""1"": 148}",148,1,1,0,0,0.452,car-not-detected-or-stale,KEEP_PAUSED,left,right,,0
873,2026-08-02T02:29:16.587+09:00,106.218,872,8.53,0,DRIVING,,0,1,1,0,0,0,-0.076602,7.205,8095,0,0.137818,0.137818,0,749,green,0.320,,0,unknown,0.000000,null,0.000000,0.292,,"{""0"": 250, ""1"": 250, ""2"": null, ""3"": null, ""4"": null, ""5"": null, ""6"": null, ""7"": null}","{""0"": 0.0, ""1"": 0.0, ""2"": null, ""3"": null, ""4"": null, ""5"": null, ""6"": null, ""7"": null}","{""0"": 250, ""1"": 250}",250,1,0,0,0,0.292,ultrasonic-not-close,KEEP_PAUSED,left,right,,0
874,2026-08-02T02:29:16.696+09:00,106.328,873,8.66,0,DRIVING,,0,1,1,0,0,0,-0.076482,7.210,8101,0,0.137404,0.137404,0,749,green,0.331,,0,unknown,0.000000,null,0.000000,0.402,,"{""0"": 250, ""1"": 148, ""2"": null, ""3"": null, ""4"": null, ""5"": null, ""6"": null, ""7"": null}","{""0"": 0.0, ""1"": 0.0, ""2"": null, ""3"": null, ""4"": null, ""5"": null, ""6"": null, ""7"": null}","{""0"": 250, ""1"": 148}",148,1,1,0,0,0.402,car-not-detected-or-stale,KEEP_PAUSED,left,right,,0
875,2026-08-02T02:29:16.791+09:00,106.422,874,8.65,0,DRIVING,,0,1,1,0,0,0,-0.076699,7.210,8086,0,0.138265,0.138265,0,749,green,0.214,,0,unknown,0.000000,null,0.000000,0.269,,"{""0"": 250, ""1"": 147, ""2"": null, ""3"": null, ""4"": null, ""5"": null, ""6"": null, ""7"": null}","{""0"": 0.0, ""1"": 0.0, ""2"": null, ""3"": null, ""4"": null, ""5"": null, ""6"": null, ""7"": null}","{""0"": 250, ""1"": 147}",147,1,1,0,0,0.269,car-not-detected-or-stale,KEEP_PAUSED,left,right,,0
876,2026-08-02T02:29:16.930+09:00,106.561,875,8.64,0,DRIVING,,0,1,1,0,0,0,-0.076672,7.209,8072,0,0.138107,0.138107,0,749,green,0.208,,0,unknown,0.000000,null,0.000000,0.409,,"{""0"": 250, ""1"": 147, ""2"": null, ""3"": null, ""4"": null, ""5"": null, ""6"": null, ""7"": null}","{""0"": 0.0, ""1"": 0.0, ""2"": null, ""3"": null, ""4"": null, ""5"": null, ""6"": null, ""7"": null}","{""0"": 250, ""1"": 147}",147,1,1,0,0,0.409,car-not-detected-or-stale,KEEP_PAUSED,left,right,,0
877,2026-08-02T02:29:17.052+09:00,106.683,876,8.62,0,DRIVING,,0,1,1,0,0,0,-0.076479,7.203,8074,0,0.137381,0.137381,0,750,green,0.237,,0,unknown,0.000000,null,0.000000,0.320,,"{""0"": 250, ""1"": 148, ""2"": null, ""3"": null, ""4"": null, ""5"": null, ""6"": null, ""7"": null}","{""0"": 0.0, ""1"": 0.0, ""2"": null, ""3"": null, ""4"": null, ""5"": null, ""6"": null, ""7"": null}","{""0"": 250, ""1"": 148}",148,1,1,0,0,0.320,car-not-detected-or-stale,KEEP_PAUSED,left,right,,0
878,2026-08-02T02:29:17.154+09:00,106.785,877,8.60,0,DRIVING,,0,1,1,0,0,0,-0.076632,7.201,8095,0,0.138019,0.138019,0,749,green,0.264,,0,unknown,0.000000,null,0.000000,0.325,,"{""0"": 250, ""1"": 250, ""2"": null, ""3"": null, ""4"": null, ""5"": null, ""6"": null, ""7"": null}","{""0"": 0.0, ""1"": 0.0, ""2"": null, ""3"": null, ""4"": null, ""5"": null, ""6"": null, ""7"": null}","{""0"": 250, ""1"": 250}",250,1,0,0,0,0.325,ultrasonic-not-close,KEEP_PAUSED,left,right,,0
879,2026-08-02T02:29:17.321+09:00,106.952,878,8.60,0,DRIVING,,0,1,1,0,0,0,-0.076412,7.198,8085,0,0.137200,0.137200,0,749,green,0.227,,0,unknown,0.000000,null,0.000000,0.493,,"{""0"": 250, ""1"": 147, ""2"": null, ""3"": null, ""4"": null, ""5"": null, ""6"": null, ""7"": null}","{""0"": 0.0, ""1"": 0.0, ""2"": null, ""3"": null, ""4"": null, ""5"": null, ""6"": null, ""7"": null}","{""0"": 250, ""1"": 147}",147,1,1,0,0,0.493,car-not-detected-or-stale,KEEP_PAUSED,left,right,,0
880,2026-08-02T02:29:17.410+09:00,107.041,879,8.60,0,DRIVING,,0,1,1,0,0,0,-0.076630,7.198,8072,0,0.138089,0.138089,0,749,green,0.273,,0,unknown,0.000000,null,0.000000,0.321,,"{""0"": 250, ""1"": 148, ""2"": null, ""3"": null, ""4"": null, ""5"": null, ""6"": null, ""7"": null}","{""0"": 0.0, ""1"": 0.0, ""2"": null, ""3"": null, ""4"": null, ""5"": null, ""6"": null, ""7"": null}","{""0"": 250, ""1"": 148}",148,1,1,0,0,0.321,car-not-detected-or-stale,KEEP_PAUSED,left,right,,0
881,2026-08-02T02:29:17.508+09:00,107.139,880,8.83,0,DRIVING,,0,1,1,0,0,0,-0.076820,7.198,8073,0,0.138728,0.138728,0,749,green,0.361,,0,unknown,0.000000,null,0.000000,0.420,,"{""0"": 250, ""1"": 148, ""2"": null, ""3"": null, ""4"": null, ""5"": null, ""6"": null, ""7"": null}","{""0"": 0.0, ""1"": 0.0, ""2"": null, ""3"": null, ""4"": null, ""5"": null, ""6"": null, ""7"": null}","{""0"": 250, ""1"": 148}",148,1,1,0,0,0.420,car-not-detected-or-stale,KEEP_PAUSED,left,right,,0
882,2026-08-02T02:29:17.657+09:00,107.279,881,8.70,0,DRIVING,,0,1,1,0,0,0,-0.076793,7.200,8059,0,0.138494,0.138494,0,749,green,0.357,,0,unknown,0.000000,null,0.000000,0.290,,"{""0"": 250, ""1"": 250, ""2"": null, ""3"": null, ""4"": null, ""5"": null, ""6"": null, ""7"": null}","{""0"": 0.0, ""1"": 0.0, ""2"": null, ""3"": null, ""4"": null, ""5"": null, ""6"": null, ""7"": null}","{""0"": 250, ""1"": 250}",250,1,0,0,0,0.290,ultrasonic-not-close,KEEP_PAUSED,left,right,,0
883,2026-08-02T02:29:17.746+09:00,107.378,882,8.81,0,DRIVING,,0,1,1,0,0,0,-0.076797,7.163,8095,0,0.138427,0.138427,0,749,green,0.154,,0,unknown,0.000000,null,0.000000,0.302,,"{""0"": 250, ""1"": 148, ""2"": null, ""3"": null, ""4"": null, ""5"": null, ""6"": null, ""7"": null}","{""0"": 0.0, ""1"": 0.0, ""2"": null, ""3"": null, ""4"": null, ""5"": null, ""6"": null, ""7"": null}","{""0"": 250, ""1"": 148}",148,1,1,0,0,0.302,car-not-detected-or-stale,KEEP_PAUSED,left,right,,0
884,2026-08-02T02:29:17.892+09:00,107.523,883,8.68,0,DRIVING,,0,1,1,0,0,0,-0.077033,7.176,8036,0,0.139218,0.139218,0,749,green,0.243,,0,unknown,0.000000,null,0.000000,0.448,,"{""0"": 250, ""1"": 148, ""2"": null, ""3"": null, ""4"": null, ""5"": null, ""6"": null, ""7"": null}","{""0"": 0.0, ""1"": 0.0, ""2"": null, ""3"": null, ""4"": null, ""5"": null, ""6"": null, ""7"": null}","{""0"": 250, ""1"": 148}",148,1,1,0,0,0.448,car-not-detected-or-stale,KEEP_PAUSED,left,right,,0
885,2026-08-02T02:29:18.011+09:00,107.643,884,8.64,0,DRIVING,,0,1,1,0,0,0,-0.077036,7.186,8052,0,0.139062,0.139062,0,749,green,0.239,,0,unknown,0.000000,null,0.000000,0.320,,"{""0"": 250, ""1"": 148, ""2"": null, ""3"": null, ""4"": null, ""5"": null, ""6"": null, ""7"": null}","{""0"": 0.0, ""1"": 0.0, ""2"": null, ""3"": null, ""4"": null, ""5"": null, ""6"": null, ""7"": null}","{""0"": 250, ""1"": 148}",148,1,1,0,0,0.320,car-not-detected-or-stale,KEEP_PAUSED,left,right,,0
886,2026-08-02T02:29:18.115+09:00,107.747,885,8.75,0,DRIVING,,0,1,1,0,0,0,-0.076774,7.191,8081,0,0.137999,0.137999,0,749,green,0.268,,0,unknown,0.000000,null,0.000000,0.334,,"{""0"": 250, ""1"": 148, ""2"": null, ""3"": null, ""4"": null, ""5"": null, ""6"": null, ""7"": null}","{""0"": 0.0, ""1"": 0.0, ""2"": null, ""3"": null, ""4"": null, ""5"": null, ""6"": null, ""7"": null}","{""0"": 250, ""1"": 148}",148,1,1,0,0,0.334,car-not-detected-or-stale,KEEP_PAUSED,left,right,,0
887,2026-08-02T02:29:18.213+09:00,107.844,886,8.73,0,DRIVING,,0,1,1,0,0,0,-0.076880,7.190,8043,0,0.138440,0.138440,0,750,green,0.226,,0,unknown,0.000000,null,0.000000,0.430,,"{""0"": 250, ""1"": 147, ""2"": null, ""3"": null, ""4"": null, ""5"": null, ""6"": null, ""7"": null}","{""0"": 0.0, ""1"": 0.0, ""2"": null, ""3"": null, ""4"": null, ""5"": null, ""6"": null, ""7"": null}","{""0"": 250, ""1"": 147}",147,1,1,0,0,0.430,car-not-detected-or-stale,KEEP_PAUSED,left,right,,0
888,2026-08-02T02:29:18.310+09:00,107.942,887,8.78,0,DRIVING,,0,1,1,0,0,0,-0.077058,7.203,8068,1,0.139064,0.139064,0,749,green,0.205,,0,unknown,0.000000,null,0.000000,0.264,,"{""0"": 250, ""1"": 147, ""2"": null, ""3"": null, ""4"": null, ""5"": null, ""6"": null, ""7"": null}","{""0"": 0.0, ""1"": 0.0, ""2"": null, ""3"": null, ""4"": null, ""5"": null, ""6"": null, ""7"": null}","{""0"": 250, ""1"": 147}",147,1,1,0,0,0.264,car-not-detected-or-stale,KEEP_PAUSED,left,right,,0
889,2026-08-02T02:29:18.419+09:00,108.051,888,8.73,0,DRIVING,,0,1,1,0,0,0,-0.076657,7.201,8060,0,0.137514,0.137514,0,750,green,0.201,,0,unknown,0.000000,null,0.000000,0.373,,"{""0"": 250, ""1"": 147, ""2"": null, ""3"": null, ""4"": null, ""5"": null, ""6"": null, ""7"": null}","{""0"": 0.0, ""1"": 0.0, ""2"": null, ""3"": null, ""4"": null, ""5"": null, ""6"": null, ""7"": null}","{""0"": 250, ""1"": 147}",147,1,1,0,0,0.373,car-not-detected-or-stale,KEEP_PAUSED,left,right,,0
890,2026-08-02T02:29:18.506+09:00,108.137,889,8.78,0,DRIVING,,0,1,1,0,0,0,-0.076804,7.198,8055,0,0.138183,0.138183,0,749,green,0.211,,0,unknown,0.000000,null,0.000000,0.258,,"{""0"": 250, ""1"": 148, ""2"": null, ""3"": null, ""4"": null, ""5"": null, ""6"": null, ""7"": null}","{""0"": 0.0, ""1"": 0.0, ""2"": null, ""3"": null, ""4"": null, ""5"": null, ""6"": null, ""7"": null}","{""0"": 250, ""1"": 148}",148,1,1,0,0,0.258,car-not-detected-or-stale,KEEP_PAUSED,left,right,,0
891,2026-08-02T02:29:18.603+09:00,108.235,890,8.90,0,DRIVING,,0,1,1,0,0,0,-0.077034,7.200,8054,0,0.139029,0.139029,0,749,green,0.297,,0,unknown,0.000000,null,0.000000,0.357,,"{""0"": 250, ""1"": 148, ""2"": null, ""3"": null, ""4"": null, ""5"": null, ""6"": null, ""7"": null}","{""0"": 0.0, ""1"": 0.0, ""2"": null, ""3"": null, ""4"": null, ""5"": null, ""6"": null, ""7"": null}","{""0"": 250, ""1"": 148}",148,1,1,0,0,0.357,car-not-detected-or-stale,KEEP_PAUSED,left,right,,0
892,2026-08-02T02:29:18.734+09:00,108.365,891,8.85,0,DRIVING,,0,1,1,0,0,0,-0.076846,7.168,8082,1,0.138242,0.138242,0,749,green,0.294,,0,unknown,0.000000,null,0.000000,0.385,,"{""0"": 250, ""1"": 147, ""2"": null, ""3"": null, ""4"": null, ""5"": null, ""6"": null, ""7"": null}","{""0"": 0.0, ""1"": 0.0, ""2"": null, ""3"": null, ""4"": null, ""5"": null, ""6"": null, ""7"": null}","{""0"": 250, ""1"": 147}",147,1,1,0,0,0.385,car-not-detected-or-stale,KEEP_PAUSED,left,right,,0
893,2026-08-02T02:29:18.829+09:00,108.460,892,8.87,0,DRIVING,,0,1,1,0,0,0,-0.077119,7.188,8081,2,0.139251,0.139251,0,749,green,0.232,,0,unknown,0.000000,null,0.000000,0.287,,"{""0"": 250, ""1"": 148, ""2"": null, ""3"": null, ""4"": null, ""5"": null, ""6"": null, ""7"": null}","{""0"": 0.0, ""1"": 0.0, ""2"": null, ""3"": null, ""4"": null, ""5"": null, ""6"": null, ""7"": null}","{""0"": 250, ""1"": 148}",148,1,1,0,0,0.287,car-not-detected-or-stale,KEEP_PAUSED,left,right,,0
894,2026-08-02T02:29:19.021+09:00,108.652,893,8.79,0,DRIVING,,0,1,1,0,0,0,-0.076811,7.193,8042,0,0.138011,0.138011,0,749,green,0.230,,0,unknown,0.000000,null,0.000000,0.478,,"{""0"": 250, ""1"": 250, ""2"": null, ""3"": null, ""4"": null, ""5"": null, ""6"": null, ""7"": null}","{""0"": 0.0, ""1"": 0.0, ""2"": null, ""3"": null, ""4"": null, ""5"": null, ""6"": null, ""7"": null}","{""0"": 250, ""1"": 250}",250,1,0,0,0,0.478,ultrasonic-not-close,KEEP_PAUSED,left,right,,0
895,2026-08-02T02:29:19.112+09:00,108.743,894,8.78,0,DRIVING,,0,1,1,0,0,0,-0.076821,7.195,8058,0,0.138122,0.138122,0,749,green,0.195,,0,unknown,0.000000,null,0.000000,0.342,,"{""0"": 250, ""1"": 148, ""2"": null, ""3"": null, ""4"": null, ""5"": null, ""6"": null, ""7"": null}","{""0"": 0.0, ""1"": 0.0, ""2"": null, ""3"": null, ""4"": null, ""5"": null, ""6"": null, ""7"": null}","{""0"": 250, ""1"": 148}",148,1,1,0,0,0.342,car-not-detected-or-stale,KEEP_PAUSED,left,right,,0
896,2026-08-02T02:29:19.246+09:00,108.879,895,8.70,0,DRIVING,,0,1,1,0,0,0,-0.076630,7.154,8057,0,0.137479,0.137479,0,749,green,0.285,,0,unknown,0.000000,null,0.000000,0.477,,"{""0"": 250, ""1"": 148, ""2"": null, ""3"": null, ""4"": null, ""5"": null, ""6"": null, ""7"": null}","{""0"": 0.0, ""1"": 0.0, ""2"": null, ""3"": null, ""4"": null, ""5"": null, ""6"": null, ""7"": null}","{""0"": 250, ""1"": 148}",148,1,1,0,0,0.477,car-not-detected-or-stale,KEEP_PAUSED,left,right,,0
897,2026-08-02T02:29:19.334+09:00,108.965,896,8.73,0,DRIVING,,0,1,1,0,0,0,-0.076666,7.160,8078,0,0.137746,0.137746,0,750,green,0.229,,0,unknown,0.000000,null,0.000000,0.469,,"{""0"": 250, ""1"": 250, ""2"": null, ""3"": null, ""4"": null, ""5"": null, ""6"": null, ""7"": null}","{""0"": 0.0, ""1"": 0.0, ""2"": null, ""3"": null, ""4"": null, ""5"": null, ""6"": null, ""7"": null}","{""0"": 250, ""1"": 250}",250,1,0,0,0,0.469,ultrasonic-not-close,KEEP_PAUSED,left,right,,0
898,2026-08-02T02:29:19.441+09:00,109.072,897,8.71,0,DRIVING,,0,1,1,0,0,0,-0.077038,7.170,8085,0,0.139162,0.139162,0,749,green,0.225,,0,unknown,0.000000,null,0.000000,0.294,,"{""0"": 250, ""1"": 250, ""2"": null, ""3"": null, ""4"": null, ""5"": null, ""6"": null, ""7"": null}","{""0"": 0.0, ""1"": 0.0, ""2"": null, ""3"": null, ""4"": null, ""5"": null, ""6"": null, ""7"": null}","{""0"": 250, ""1"": 250}",250,1,0,0,0,0.294,ultrasonic-not-close,KEEP_PAUSED,left,right,,0
899,2026-08-02T02:29:19.575+09:00,109.208,898,8.80,0,DRIVING,,0,1,1,0,0,0,-0.076578,7.131,8067,0,0.137357,0.137357,0,749,green,0.196,,0,unknown,0.000000,null,0.000000,0.429,,"{""0"": 250, ""1"": 147, ""2"": null, ""3"": null, ""4"": null, ""5"": null, ""6"": null, ""7"": null}","{""0"": 0.0, ""1"": 0.0, ""2"": null, ""3"": null, ""4"": null, ""5"": null, ""6"": null, ""7"": null}","{""0"": 250, ""1"": 147}",147,1,1,0,0,0.429,car-not-detected-or-stale,KEEP_PAUSED,left,right,,0
900,2026-08-02T02:29:19.663+09:00,109.295,899,8.81,0,DRIVING,,0,1,1,0,0,0,-0.076596,7.144,8064,0,0.137566,0.137566,0,749,green,0.245,,0,unknown,0.000000,null,0.000000,0.295,,"{""0"": 250, ""1"": 148, ""2"": null, ""3"": null, ""4"": null, ""5"": null, ""6"": null, ""7"": null}","{""0"": 0.0, ""1"": 0.0, ""2"": null, ""3"": null, ""4"": null, ""5"": null, ""6"": null, ""7"": null}","{""0"": 250, ""1"": 148}",148,1,1,0,0,0.295,car-not-detected-or-stale,KEEP_PAUSED,left,right,,0
901,2026-08-02T02:29:19.763+09:00,109.396,900,8.89,0,DRIVING,,0,1,1,0,0,0,-0.076609,7.156,8077,0,0.137705,0.137705,0,749,green,0.334,,0,unknown,0.000000,null,0.000000,0.394,,"{""0"": 250, ""1"": 148, ""2"": null, ""3"": null, ""4"": null, ""5"": null, ""6"": null, ""7"": null}","{""0"": 0.0, ""1"": 0.0, ""2"": null, ""3"": null, ""4"": null, ""5"": null, ""6"": null, ""7"": null}","{""0"": 250, ""1"": 148}",148,1,1,0,0,0.394,car-not-detected-or-stale,KEEP_PAUSED,left,right,,0
902,2026-08-02T02:29:19.849+09:00,109.481,901,8.92,0,DRIVING,,0,1,1,0,0,0,-0.076761,7.167,8100,0,0.138308,0.138308,0,750,green,0.327,,0,unknown,0.000000,null,0.000000,0.375,,"{""0"": 250, ""1"": 148, ""2"": null, ""3"": null, ""4"": null, ""5"": null, ""6"": null, ""7"": null}","{""0"": 0.0, ""1"": 0.0, ""2"": null, ""3"": null, ""4"": null, ""5"": null, ""6"": null, ""7"": null}","{""0"": 250, ""1"": 148}",148,1,1,0,0,0.375,car-not-detected-or-stale,KEEP_PAUSED,left,right,,0
903,2026-08-02T02:29:19.995+09:00,109.627,902,8.80,0,DRIVING,,0,1,1,0,0,0,-0.077019,7.132,8088,0,0.139197,0.139197,0,749,green,0.189,,0,unknown,0.000000,null,0.000000,0.297,,"{""0"": 250, ""1"": 250, ""2"": null, ""3"": null, ""4"": null, ""5"": null, ""6"": null, ""7"": null}","{""0"": 0.0, ""1"": 0.0, ""2"": null, ""3"": null, ""4"": null, ""5"": null, ""6"": null, ""7"": null}","{""0"": 250, ""1"": 250}",250,1,0,0,0,0.297,ultrasonic-not-close,KEEP_PAUSED,left,right,,0
904,2026-08-02T02:29:20.155+09:00,109.786,903,8.67,0,DRIVING,,0,1,1,0,0,0,-0.076540,7.147,8060,0,0.137303,0.137303,0,749,green,0.233,,0,unknown,0.000000,null,0.000000,0.457,,"{""0"": 250, ""1"": 250, ""2"": null, ""3"": null, ""4"": null, ""5"": null, ""6"": null, ""7"": null}","{""0"": 0.0, ""1"": 0.0, ""2"": null, ""3"": null, ""4"": null, ""5"": null, ""6"": null, ""7"": null}","{""0"": 250, ""1"": 250}",250,1,0,0,0,0.457,ultrasonic-not-close,KEEP_PAUSED,left,right,,0
905,2026-08-02T02:29:20.248+09:00,109.879,904,8.68,0,DRIVING,,0,1,1,0,0,0,-0.076913,7.158,8060,0,0.138786,0.138786,0,749,green,0.310,,0,unknown,0.000000,null,0.000000,0.364,,"{""0"": 250, ""1"": 250, ""2"": null, ""3"": null, ""4"": null, ""5"": null, ""6"": null, ""7"": null}","{""0"": 0.0, ""1"": 0.0, ""2"": null, ""3"": null, ""4"": null, ""5"": null, ""6"": null, ""7"": null}","{""0"": 250, ""1"": 250}",250,1,0,0,0,0.364,ultrasonic-not-close,KEEP_PAUSED,left,right,,0
906,2026-08-02T02:29:20.340+09:00,109.972,905,8.80,0,DRIVING,,0,1,1,0,0,0,-0.076589,7.161,8061,0,0.137518,0.137518,0,749,green,0.403,,0,unknown,0.000000,null,0.000000,0.457,,"{""0"": 250, ""1"": 250, ""2"": null, ""3"": null, ""4"": null, ""5"": null, ""6"": null, ""7"": null}","{""0"": 0.0, ""1"": 0.0, ""2"": null, ""3"": null, ""4"": null, ""5"": null, ""6"": null, ""7"": null}","{""0"": 250, ""1"": 250}",250,1,0,0,0,0.457,ultrasonic-not-close,KEEP_PAUSED,left,right,,0
907,2026-08-02T02:29:20.443+09:00,110.075,906,8.85,0,DRIVING,,0,1,1,0,0,0,-0.076654,7.167,8054,0,0.137854,0.137854,0,750,green,0.350,,0,unknown,0.000000,null,0.000000,0.254,,"{""0"": 250, ""1"": 250, ""2"": null, ""3"": null, ""4"": null, ""5"": null, ""6"": null, ""7"": null}","{""0"": 0.0, ""1"": 0.0, ""2"": null, ""3"": null, ""4"": null, ""5"": null, ""6"": null, ""7"": null}","{""0"": 250, ""1"": 250}",250,1,0,0,0,0.254,ultrasonic-not-close,KEEP_PAUSED,left,right,,0
908,2026-08-02T02:29:20.543+09:00,110.174,907,8.85,0,DRIVING,,0,1,1,0,0,0,-0.077092,7.177,8069,0,0.139469,0.139469,0,750,green,0.201,,0,unknown,0.000000,null,0.000000,0.261,,"{""0"": 250, ""1"": 250, ""2"": null, ""3"": null, ""4"": null, ""5"": null, ""6"": null, ""7"": null}","{""0"": 0.0, ""1"": 0.0, ""2"": null, ""3"": null, ""4"": null, ""5"": null, ""6"": null, ""7"": null}","{""0"": 250, ""1"": 250}",250,1,0,0,0,0.261,ultrasonic-not-close,KEEP_PAUSED,left,right,,0
909,2026-08-02T02:29:20.715+09:00,110.346,908,8.84,0,DRIVING,,0,1,1,0,0,0,-0.076899,7.185,8089,0,0.138562,0.138562,0,748,green,0.205,,0,unknown,0.000000,null,0.000000,0.432,,"{""0"": 250, ""1"": 250, ""2"": null, ""3"": null, ""4"": null, ""5"": null, ""6"": null, ""7"": null}","{""0"": 0.0, ""1"": 0.0, ""2"": null, ""3"": null, ""4"": null, ""5"": null, ""6"": null, ""7"": null}","{""0"": 250, ""1"": 250}",250,1,0,0,0,0.432,ultrasonic-not-close,KEEP_PAUSED,left,right,,0
910,2026-08-02T02:29:20.840+09:00,110.471,909,8.75,0,DRIVING,,0,1,1,0,0,0,-0.074286,7.181,8016,0,0.129112,0.129112,0,746,green,0.274,,0,unknown,0.000000,null,0.000000,0.360,,"{""0"": 250, ""1"": 250, ""2"": null, ""3"": null, ""4"": null, ""5"": null, ""6"": null, ""7"": null}","{""0"": 0.0, ""1"": 0.0, ""2"": null, ""3"": null, ""4"": null, ""5"": null, ""6"": null, ""7"": null}","{""0"": 250, ""1"": 250}",250,1,0,0,0,0.360,ultrasonic-not-close,KEEP_PAUSED,left,right,,0
911,2026-08-02T02:29:20.938+09:00,110.570,910,8.74,0,DRIVING,,0,1,1,0,0,0,-0.038750,6.916,7838,95,0.002564,0.002564,0,746,green,0.301,,0,unknown,0.000000,null,0.000000,0.360,,"{""0"": 250, ""1"": 250, ""2"": null, ""3"": null, ""4"": null, ""5"": null, ""6"": null, ""7"": null}","{""0"": 0.0, ""1"": 0.0, ""2"": null, ""3"": null, ""4"": null, ""5"": null, ""6"": null, ""7"": null}","{""0"": 250, ""1"": 250}",250,1,0,0,0,0.360,ultrasonic-not-close,KEEP_PAUSED,left,right,,0
912,2026-08-02T02:29:21.094+09:00,110.727,911,8.70,0,DRIVING,,0,1,1,0,0,0,0.058392,5.927,6396,2,-0.326991,-0.326991,0,745,green,0.399,,0,unknown,0.000000,null,0.000000,0.517,,"{""0"": 250, ""1"": 250, ""2"": null, ""3"": null, ""4"": null, ""5"": null, ""6"": null, ""7"": null}","{""0"": 0.0, ""1"": 0.0, ""2"": null, ""3"": null, ""4"": null, ""5"": null, ""6"": null, ""7"": null}","{""0"": 250, ""1"": 250}",250,1,0,0,0,0.517,ultrasonic-not-close,KEEP_PAUSED,left,right,,0
913,2026-08-02T02:29:21.185+09:00,110.818,912,8.72,0,DRIVING,,0,1,1,0,0,0,0.159070,2.769,4795,0,-0.622866,-0.622866,0,744,green,0.160,,0,unknown,0.000000,null,0.000000,0.311,,"{""0"": 250, ""1"": 250, ""2"": null, ""3"": null, ""4"": null, ""5"": null, ""6"": null, ""7"": null}","{""0"": 0.0, ""1"": 0.0, ""2"": null, ""3"": null, ""4"": null, ""5"": null, ""6"": null, ""7"": null}","{""0"": 250, ""1"": 250}",250,1,0,0,0,0.311,ultrasonic-not-close,KEEP_PAUSED,left,right,,0
914,2026-08-02T02:29:21.311+09:00,110.944,913,8.77,0,DRIVING,,0,1,1,0,0,0,0.258437,-1.450,165,2,-0.879628,-0.879628,0,745,green,0.251,,0,unknown,0.000000,null,0.000000,0.436,,"{""0"": 250, ""1"": 250, ""2"": null, ""3"": null, ""4"": null, ""5"": null, ""6"": null, ""7"": null}","{""0"": 0.0, ""1"": 0.0, ""2"": null, ""3"": null, ""4"": null, ""5"": null, ""6"": null, ""7"": null}","{""0"": 250, ""1"": 250}",250,1,0,0,0,0.436,ultrasonic-not-close,KEEP_PAUSED,left,right,,0
915,2026-08-02T02:29:21.394+09:00,111.027,914,8.87,0,DRIVING,,0,0,1,0,0,0,,,0,0,-0.879628,-0.879628,0,745,green,0.220,,0,unknown,0.000000,null,0.000000,0.423,,"{""0"": 250, ""1"": 250, ""2"": null, ""3"": null, ""4"": null, ""5"": null, ""6"": null, ""7"": null}","{""0"": 0.0, ""1"": 0.0, ""2"": null, ""3"": null, ""4"": null, ""5"": null, ""6"": null, ""7"": null}","{""0"": 250, ""1"": 250}",250,1,0,0,0,0.423,ultrasonic-not-close,KEEP_PAUSED,,,,1
916,2026-08-02T02:29:21.495+09:00,111.128,915,8.88,0,DRIVING,,0,1,1,0,0,0,0.377604,,0,0,-1.000000,-1.000000,0,746,green,0.214,,0,unknown,0.000000,null,0.000000,0.524,,"{""0"": 250, ""1"": 250, ""2"": null, ""3"": null, ""4"": null, ""5"": null, ""6"": null, ""7"": null}","{""0"": 0.0, ""1"": 0.0, ""2"": null, ""3"": null, ""4"": null, ""5"": null, ""6"": null, ""7"": null}","{""0"": 250, ""1"": 250}",250,1,0,0,0,0.524,ultrasonic-not-close,KEEP_PAUSED,left,,,0
917,2026-08-02T02:29:21.620+09:00,111.253,916,8.80,0,DRIVING,,0,1,1,0,0,0,0.373437,,0,0,-1.000000,-1.000000,0,746,green,0.187,,0,unknown,0.000000,null,0.000000,0.400,,"{""0"": 250, ""1"": 250, ""2"": null, ""3"": null, ""4"": null, ""5"": null, ""6"": null, ""7"": null}","{""0"": 0.0, ""1"": 0.0, ""2"": null, ""3"": null, ""4"": null, ""5"": null, ""6"": null, ""7"": null}","{""0"": 250, ""1"": 250}",250,1,0,0,0,0.400,ultrasonic-not-close,KEEP_PAUSED,left,,,0
918,2026-08-02T02:29:21.777+09:00,111.409,917,8.66,0,DRIVING,,0,1,1,0,0,0,0.373437,,0,0,-0.914195,-0.914195,0,745,green,0.229,,0,unknown,0.000000,null,0.000000,0.347,,"{""0"": 250, ""1"": 250, ""2"": null, ""3"": null, ""4"": null, ""5"": null, ""6"": null, ""7"": null}","{""0"": 0.0, ""1"": 0.0, ""2"": null, ""3"": null, ""4"": null, ""5"": null, ""6"": null, ""7"": null}","{""0"": 250, ""1"": 250}",250,1,0,0,0,0.347,ultrasonic-not-close,KEEP_PAUSED,left,,,0
919,2026-08-02T02:29:21.872+09:00,111.504,918,8.69,0,DRIVING,,0,1,1,0,0,0,0.379903,,0,0,-0.864869,-0.864869,0,744,green,0.285,,0,unknown,0.000000,null,0.000000,0.217,,"{""0"": 250, ""1"": 250, ""2"": null, ""3"": null, ""4"": null, ""5"": null, ""6"": null, ""7"": null}","{""0"": 0.0, ""1"": 0.0, ""2"": null, ""3"": null, ""4"": null, ""5"": null, ""6"": null, ""7"": null}","{""0"": 250, ""1"": 250}",250,1,0,0,0,0.217,ultrasonic-not-close,KEEP_PAUSED,left,,,0
920,2026-08-02T02:29:21.958+09:00,111.590,919,8.69,0,DRIVING,,0,1,1,0,0,0,0.376028,,0,0,-0.796605,-0.796605,0,744,green,0.255,,0,unknown,0.000000,null,0.000000,0.304,,"{""0"": 250, ""1"": 250, ""2"": null, ""3"": null, ""4"": null, ""5"": null, ""6"": null, ""7"": null}","{""0"": 0.0, ""1"": 0.0, ""2"": null, ""3"": null, ""4"": null, ""5"": null, ""6"": null, ""7"": null}","{""0"": 250, ""1"": 250}",250,1,0,0,0,0.304,ultrasonic-not-close,KEEP_PAUSED,left,,,0
921,2026-08-02T02:29:22.122+09:00,111.756,920,8.52,0,DRIVING,,0,1,1,0,0,0,0.383594,,0,0,-0.787916,-0.787916,0,745,green,0.208,,0,unknown,0.000000,null,0.000000,0.312,,"{""0"": 250, ""1"": 250, ""2"": null, ""3"": null, ""4"": null, ""5"": null, ""6"": null, ""7"": null}","{""0"": 0.0, ""1"": 0.0, ""2"": null, ""3"": null, ""4"": null, ""5"": null, ""6"": null, ""7"": null}","{""0"": 250, ""1"": 250}",250,1,0,0,0,0.312,ultrasonic-not-close,KEEP_PAUSED,left,,,0
922,2026-08-02T02:29:22.286+09:00,111.914,921,8.45,0,DRIVING,,0,1,1,0,0,0,0.368040,,0,0,-0.702688,-0.702688,0,745,green,0.253,,0,unknown,0.000000,null,0.000000,0.266,,"{""0"": 250, ""1"": 250, ""2"": null, ""3"": null, ""4"": null, ""5"": null, ""6"": null, ""7"": null}","{""0"": 0.0, ""1"": 0.0, ""2"": null, ""3"": null, ""4"": null, ""5"": null, ""6"": null, ""7"": null}","{""0"": 250, ""1"": 250}",250,1,0,0,0,0.266,ultrasonic-not-close,KEEP_PAUSED,left,,,0
923,2026-08-02T02:29:22.379+09:00,112.011,922,8.45,0,DRIVING,,0,1,1,0,0,0,0.359297,,0,0,-0.659148,-0.659148,0,745,green,0.308,,0,unknown,0.000000,null,0.000000,0.222,,"{""0"": 250, ""1"": 250, ""2"": null, ""3"": null, ""4"": null, ""5"": null, ""6"": null, ""7"": null}","{""0"": 0.0, ""1"": 0.0, ""2"": null, ""3"": null, ""4"": null, ""5"": null, ""6"": null, ""7"": null}","{""0"": 250, ""1"": 250}",250,1,0,0,0,0.222,ultrasonic-not-close,KEEP_PAUSED,left,,,0
924,2026-08-02T02:29:22.466+09:00,112.099,923,8.70,0,DRIVING,,0,1,1,0,0,0,0.343242,,0,0,-0.597627,-0.597627,0,745,green,0.403,,0,unknown,0.000000,null,0.000000,0.309,,"{""0"": 250, ""1"": 250, ""2"": null, ""3"": null, ""4"": null, ""5"": null, ""6"": null, ""7"": null}","{""0"": 0.0, ""1"": 0.0, ""2"": null, ""3"": null, ""4"": null, ""5"": null, ""6"": null, ""7"": null}","{""0"": 250, ""1"": 250}",250,1,0,0,0,0.309,ultrasonic-not-close,KEEP_PAUSED,left,,,0
925,2026-08-02T02:29:22.579+09:00,112.212,924,8.65,0,DRIVING,,0,1,1,0,0,0,0.340820,,0,0,-0.594971,-0.594971,0,744,green,0.358,,0,unknown,0.000000,null,0.000000,0.260,,"{""0"": 250, ""1"": 250, ""2"": null, ""3"": null, ""4"": null, ""5"": null, ""6"": null, ""7"": null}","{""0"": 0.0, ""1"": 0.0, ""2"": null, ""3"": null, ""4"": null, ""5"": null, ""6"": null, ""7"": null}","{""0"": 250, ""1"": 250}",250,1,0,0,0,0.260,ultrasonic-not-close,KEEP_PAUSED,left,,,0
926,2026-08-02T02:29:22.740+09:00,112.374,925,8.58,0,DRIVING,,0,1,1,0,0,0,0.341836,,0,0,-0.604179,-0.604179,0,745,green,0.202,,0,unknown,0.000000,null,0.000000,0.421,,"{""0"": 250, ""1"": 250, ""2"": null, ""3"": null, ""4"": null, ""5"": null, ""6"": null, ""7"": null}","{""0"": 0.0, ""1"": 0.0, ""2"": null, ""3"": null, ""4"": null, ""5"": null, ""6"": null, ""7"": null}","{""0"": 250, ""1"": 250}",250,1,0,0,0,0.421,ultrasonic-not-close,KEEP_PAUSED,left,,,0
927,2026-08-02T02:29:22.822+09:00,112.455,926,8.60,0,DRIVING,,0,1,1,0,0,0,0.355234,,0,2,-0.655751,-0.655751,0,745,green,0.267,,0,unknown,0.000000,null,0.000000,0.312,,"{""0"": 250, ""1"": 250, ""2"": null, ""3"": null, ""4"": null, ""5"": null, ""6"": null, ""7"": null}","{""0"": 0.0, ""1"": 0.0, ""2"": null, ""3"": null, ""4"": null, ""5"": null, ""6"": null, ""7"": null}","{""0"": 250, ""1"": 250}",250,1,0,0,0,0.312,ultrasonic-not-close,KEEP_PAUSED,left,,,0
928,2026-08-02T02:29:22.915+09:00,112.548,927,8.63,0,DRIVING,,0,1,1,0,0,0,0.338750,,0,74,-0.591509,-0.591509,0,744,green,0.246,,0,unknown,0.000000,null,0.000000,0.404,,"{""0"": 250, ""1"": 250, ""2"": null, ""3"": null, ""4"": null, ""5"": null, ""6"": null, ""7"": null}","{""0"": 0.0, ""1"": 0.0, ""2"": null, ""3"": null, ""4"": null, ""5"": null, ""6"": null, ""7"": null}","{""0"": 250, ""1"": 250}",250,1,0,0,0,0.404,ultrasonic-not-close,KEEP_PAUSED,left,,,0
929,2026-08-02T02:29:22.995+09:00,112.628,928,8.77,0,DRIVING,,0,1,1,0,0,0,0.329102,,0,0,-0.562247,-0.562247,0,745,green,0.338,,0,unknown,0.000000,null,0.000000,0.382,,"{""0"": 250, ""1"": 250, ""2"": null, ""3"": null, ""4"": null, ""5"": null, ""6"": null, ""7"": null}","{""0"": 0.0, ""1"": 0.0, ""2"": null, ""3"": null, ""4"": null, ""5"": null, ""6"": null, ""7"": null}","{""0"": 250, ""1"": 250}",250,1,0,0,0,0.382,ultrasonic-not-close,KEEP_PAUSED,left,,,0
930,2026-08-02T02:29:23.110+09:00,112.743,929,8.70,0,DRIVING,,0,1,1,0,0,0,0.322422,,0,0,-0.547241,-0.547241,0,745,green,0.257,,0,unknown,0.000000,null,0.000000,0.496,,"{""0"": 250, ""1"": 250, ""2"": null, ""3"": null, ""4"": null, ""5"": null, ""6"": null, ""7"": null}","{""0"": 0.001, ""1"": 0.0, ""2"": null, ""3"": null, ""4"": null, ""5"": null, ""6"": null, ""7"": null}","{""0"": 250, ""1"": 250}",250,1,0,0,0,0.495,ultrasonic-not-close,KEEP_PAUSED,left,,,0
931,2026-08-02T02:29:23.226+09:00,112.860,930,8.66,0,DRIVING,,0,1,1,0,0,0,0.317500,,0,0,-0.539457,-0.539457,0,745,green,0.198,,0,unknown,0.000000,null,0.000000,0.371,,"{""0"": 250, ""1"": 250, ""2"": null, ""3"": null, ""4"": null, ""5"": null, ""6"": null, ""7"": null}","{""0"": 0.0, ""1"": 0.0, ""2"": null, ""3"": null, ""4"": null, ""5"": null, ""6"": null, ""7"": null}","{""0"": 250, ""1"": 250}",250,1,0,0,0,0.371,ultrasonic-not-close,KEEP_PAUSED,left,,,0
932,2026-08-02T02:29:23.329+09:00,112.962,931,8.62,0,DRIVING,,0,1,1,0,0,0,0.300156,-13.341,112,1,-0.486633,-0.486633,0,745,green,0.248,,0,unknown,0.000000,null,0.000000,0.301,,"{""0"": 250, ""1"": 250, ""2"": null, ""3"": null, ""4"": null, ""5"": null, ""6"": null, ""7"": null}","{""0"": 0.0, ""1"": 0.0, ""2"": null, ""3"": null, ""4"": null, ""5"": null, ""6"": null, ""7"": null}","{""0"": 250, ""1"": 250}",250,1,0,0,0,0.301,ultrasonic-not-close,KEEP_PAUSED,left,right,,0
933,2026-08-02T02:29:23.492+09:00,113.126,932,8.57,0,DRIVING,,0,1,1,0,0,0,0.282224,-13.341,0,0,-0.438173,-0.438173,0,746,green,0.337,,0,unknown,0.000000,null,0.000000,0.465,,"{""0"": 250, ""1"": 250, ""2"": null, ""3"": null, ""4"": null, ""5"": null, ""6"": null, ""7"": null}","{""0"": 0.0, ""1"": 0.0, ""2"": null, ""3"": null, ""4"": null, ""5"": null, ""6"": null, ""7"": null}","{""0"": 250, ""1"": 250}",250,1,0,0,0,0.465,ultrasonic-not-close,KEEP_PAUSED,left,,,0
934,2026-08-02T02:29:23.574+09:00,113.208,933,8.77,0,DRIVING,,0,1,1,0,0,0,0.264497,-13.266,115,2,-0.395304,-0.395304,0,744,green,0.387,,0,unknown,0.000000,null,0.000000,0.302,,"{""0"": 250, ""1"": 250, ""2"": null, ""3"": null, ""4"": null, ""5"": null, ""6"": null, ""7"": null}","{""0"": 0.0, ""1"": 0.0, ""2"": null, ""3"": null, ""4"": null, ""5"": null, ""6"": null, ""7"": null}","{""0"": 250, ""1"": 250}",250,1,0,0,0,0.302,ultrasonic-not-close,KEEP_PAUSED,left,right,,0
935,2026-08-02T02:29:23.693+09:00,113.316,934,8.73,0,DRIVING,,0,1,1,0,0,0,0.262568,-13.726,140,2,-0.412596,-0.412596,0,745,green,0.258,,0,unknown,0.000000,null,0.000000,0.410,,"{""0"": 250, ""1"": 250, ""2"": null, ""3"": null, ""4"": null, ""5"": null, ""6"": null, ""7"": null}","{""0"": 0.0, ""1"": 0.0, ""2"": null, ""3"": null, ""4"": null, ""5"": null, ""6"": null, ""7"": null}","{""0"": 250, ""1"": 250}",250,1,0,0,0,0.410,ultrasonic-not-close,KEEP_PAUSED,left,right,,0
936,2026-08-02T02:29:23.772+09:00,113.405,935,8.74,0,DRIVING,,0,1,1,0,0,0,0.262014,-13.654,157,2,-0.428609,-0.428609,0,745,green,0.203,,0,unknown,0.000000,null,0.000000,0.411,,"{""0"": 250, ""1"": 250, ""2"": null, ""3"": null, ""4"": null, ""5"": null, ""6"": null, ""7"": null}","{""0"": 0.0, ""1"": 0.0, ""2"": null, ""3"": null, ""4"": null, ""5"": null, ""6"": null, ""7"": null}","{""0"": 250, ""1"": 250}",250,1,0,0,0,0.411,ultrasonic-not-close,KEEP_PAUSED,left,right,,0
937,2026-08-02T02:29:23.909+09:00,113.542,936,8.65,0,DRIVING,,0,1,1,0,0,0,0.265322,-13.654,0,114,-0.453425,-0.453425,0,744,green,0.286,,0,unknown,0.000000,null,0.000000,0.548,,"{""0"": 250, ""1"": 250, ""2"": null, ""3"": null, ""4"": null, ""5"": null, ""6"": null, ""7"": null}","{""0"": 0.0, ""1"": 0.0, ""2"": null, ""3"": null, ""4"": null, ""5"": null, ""6"": null, ""7"": null}","{""0"": 250, ""1"": 250}",250,1,0,0,0,0.548,ultrasonic-not-close,KEEP_PAUSED,left,,,0
938,2026-08-02T02:29:23.991+09:00,113.624,937,8.70,0,DRIVING,,0,1,1,0,0,0,0.262845,-14.017,140,2,-0.451753,-0.451753,0,744,green,0.330,,0,unknown,0.000000,null,0.000000,0.376,,"{""0"": 250, ""1"": 250, ""2"": null, ""3"": null, ""4"": null, ""5"": null, ""6"": null, ""7"": null}","{""0"": 0.0, ""1"": 0.0, ""2"": null, ""3"": null, ""4"": null, ""5"": null, ""6"": null, ""7"": null}","{""0"": 250, ""1"": 250}",250,1,0,0,0,0.376,ultrasonic-not-close,KEEP_PAUSED,left,right,,0
939,2026-08-02T02:29:24.082+09:00,113.715,938,8.91,0,DRIVING,,0,1,1,0,0,0,0.266047,-14.017,0,114,-0.469690,-0.469690,0,744,green,0.219,,0,unknown,0.000000,null,0.000000,0.467,,"{""0"": 250, ""1"": 250, ""2"": null, ""3"": null, ""4"": null, ""5"": null, ""6"": null, ""7"": null}","{""0"": 0.0, ""1"": 0.0, ""2"": null, ""3"": null, ""4"": null, ""5"": null, ""6"": null, ""7"": null}","{""0"": 250, ""1"": 250}",250,1,0,0,0,0.467,ultrasonic-not-close,KEEP_PAUSED,left,,,0
940,2026-08-02T02:29:24.162+09:00,113.795,939,9.02,0,DRIVING,,0,1,1,0,0,0,0.262147,-13.768,133,2,-0.458409,-0.458409,0,744,green,0.176,,0,unknown,0.000000,null,0.000000,0.355,,"{""0"": 250, ""1"": 250, ""2"": null, ""3"": null, ""4"": null, ""5"": null, ""6"": null, ""7"": null}","{""0"": 0.0, ""1"": 0.0, ""2"": null, ""3"": null, ""4"": null, ""5"": null, ""6"": null, ""7"": null}","{""0"": 250, ""1"": 250}",250,1,0,0,0,0.355,ultrasonic-not-close,KEEP_PAUSED,left,right,,0
941,2026-08-02T02:29:24.342+09:00,113.975,940,8.81,0,DRIVING,,0,1,1,0,0,0,0.262845,-13.674,139,2,-0.464959,-0.464959,0,746,green,0.268,,0,unknown,0.000000,null,0.000000,0.318,,"{""0"": 250, ""1"": 250, ""2"": null, ""3"": null, ""4"": null, ""5"": null, ""6"": null, ""7"": null}","{""0"": 0.0, ""1"": 0.0, ""2"": null, ""3"": null, ""4"": null, ""5"": null, ""6"": null, ""7"": null}","{""0"": 250, ""1"": 250}",250,1,0,0,0,0.318,ultrasonic-not-close,KEEP_PAUSED,left,right,,0
942,2026-08-02T02:29:24.422+09:00,114.055,941,9.01,0,DRIVING,,0,1,1,0,0,0,0.262701,-13.604,139,2,-0.466889,-0.466889,0,746,green,0.354,,0,unknown,0.000000,null,0.000000,0.398,,"{""0"": 250, ""1"": 250, ""2"": null, ""3"": null, ""4"": null, ""5"": null, ""6"": null, ""7"": null}","{""0"": 0.0, ""1"": 0.0, ""2"": null, ""3"": null, ""4"": null, ""5"": null, ""6"": null, ""7"": null}","{""0"": 250, ""1"": 250}",250,1,0,0,0,0.398,ultrasonic-not-close,KEEP_PAUSED,left,right,,0
943,2026-08-02T02:29:24.572+09:00,114.206,942,8.86,0,DRIVING,,0,1,1,0,0,0,0.262014,-13.551,139,2,-0.466206,-0.466206,0,745,green,0.252,,0,unknown,0.000000,null,0.000000,0.366,,"{""0"": 250, ""1"": 250, ""2"": null, ""3"": null, ""4"": null, ""5"": null, ""6"": null, ""7"": null}","{""0"": 0.0, ""1"": 0.0, ""2"": null, ""3"": null, ""4"": null, ""5"": null, ""6"": null, ""7"": null}","{""0"": 250, ""1"": 250}",250,1,0,0,0,0.366,ultrasonic-not-close,KEEP_PAUSED,left,right,,0
944,2026-08-02T02:29:24.664+09:00,114.298,943,8.94,0,DRIVING,,0,1,1,0,0,0,0.262424,-14.031,146,2,-0.469309,-0.469309,0,745,green,0.235,,0,unknown,0.000000,null,0.000000,0.458,,"{""0"": 250, ""1"": 250, ""2"": null, ""3"": null, ""4"": null, ""5"": null, ""6"": null, ""7"": null}","{""0"": 0.0, ""1"": 0.0, ""2"": null, ""3"": null, ""4"": null, ""5"": null, ""6"": null, ""7"": null}","{""0"": 250, ""1"": 250}",250,1,0,0,0,0.458,ultrasonic-not-close,KEEP_PAUSED,left,right,,0
945,2026-08-02T02:29:24.753+09:00,114.386,944,8.93,0,DRIVING,,0,1,1,0,0,0,0.262701,-14.392,146,2,-0.471223,-0.471223,0,745,green,0.250,,0,unknown,0.000000,null,0.000000,0.298,,"{""0"": 250, ""1"": 250, ""2"": null, ""3"": null, ""4"": null, ""5"": null, ""6"": null, ""7"": null}","{""0"": 0.0, ""1"": 0.0, ""2"": null, ""3"": null, ""4"": null, ""5"": null, ""6"": null, ""7"": null}","{""0"": 250, ""1"": 250}",250,1,0,0,0,0.298,ultrasonic-not-close,KEEP_PAUSED,left,right,,0
946,2026-08-02T02:29:24.915+09:00,114.548,945,8.77,0,DRIVING,,0,1,1,0,0,0,0.262424,-14.142,139,2,-0.470717,-0.470717,0,745,green,0.211,,0,unknown,0.000000,null,0.000000,0.460,,"{""0"": 250, ""1"": 250, ""2"": null, ""3"": null, ""4"": null, ""5"": null, ""6"": null, ""7"": null}","{""0"": 0.0, ""1"": 0.0, ""2"": null, ""3"": null, ""4"": null, ""5"": null, ""6"": null, ""7"": null}","{""0"": 250, ""1"": 250}",250,1,0,0,0,0.460,ultrasonic-not-close,KEEP_PAUSED,left,right,,0
947,2026-08-02T02:29:25.005+09:00,114.637,946,8.86,0,DRIVING,,0,1,1,0,0,0,0.262701,-13.954,139,2,-0.472209,-0.472209,0,745,green,0.346,,0,unknown,0.000000,null,0.000000,0.303,,"{""0"": 250, ""1"": 250, ""2"": null, ""3"": null, ""4"": null, ""5"": null, ""6"": null, ""7"": null}","{""0"": 0.0, ""1"": 0.0, ""2"": null, ""3"": null, ""4"": null, ""5"": null, ""6"": null, ""7"": null}","{""0"": 250, ""1"": 250}",250,1,0,0,0,0.303,ultrasonic-not-close,KEEP_PAUSED,left,right,,0
948,2026-08-02T02:29:25.184+09:00,114.817,947,8.80,0,DRIVING,,0,1,1,0,0,0,0.262147,-14.334,146,2,-0.470409,-0.470409,0,745,green,0.339,,0,unknown,0.000000,null,0.000000,0.481,,"{""0"": 250, ""1"": 250, ""2"": null, ""3"": null, ""4"": null, ""5"": null, ""6"": null, ""7"": null}","{""0"": 0.0, ""1"": 0.0, ""2"": null, ""3"": null, ""4"": null, ""5"": null, ""6"": null, ""7"": null}","{""0"": 250, ""1"": 250}",250,1,0,0,0,0.481,ultrasonic-not-close,KEEP_PAUSED,left,right,,0
949,2026-08-02T02:29:25.293+09:00,114.925,948,8.77,0,DRIVING,,0,1,1,0,0,0,0.262701,-14.099,139,2,-0.472841,-0.472841,0,745,green,0.272,,0,unknown,0.000000,null,0.000000,0.342,,"{""0"": 250, ""1"": 250, ""2"": null, ""3"": null, ""4"": null, ""5"": null, ""6"": null, ""7"": null}","{""0"": 0.0, ""1"": 0.0, ""2"": null, ""3"": null, ""4"": null, ""5"": null, ""6"": null, ""7"": null}","{""0"": 250, ""1"": 250}",250,1,0,0,0,0.342,ultrasonic-not-close,KEEP_PAUSED,left,right,,0
950,2026-08-02T02:29:25.384+09:00,115.017,949,8.75,0,DRIVING,,0,1,1,0,0,0,0.262424,-14.442,146,2,-0.471850,-0.471850,0,745,green,0.292,,0,unknown,0.000000,null,0.000000,0.346,,"{""0"": 250, ""1"": 250, ""2"": null, ""3"": null, ""4"": null, ""5"": null, ""6"": null, ""7"": null}","{""0"": 0.0, ""1"": 0.0, ""2"": null, ""3"": null, ""4"": null, ""5"": null, ""6"": null, ""7"": null}","{""0"": 250, ""1"": 250}",250,1,0,0,0,0.346,ultrasonic-not-close,KEEP_PAUSED,left,right,,0
951,2026-08-02T02:29:25.501+09:00,115.133,950,8.88,0,DRIVING,,0,1,1,0,0,0,0.262568,-14.180,139,2,-0.472522,-0.472522,0,745,green,0.383,,0,unknown,0.000000,null,0.000000,0.462,,"{""0"": 250, ""1"": 250, ""2"": null, ""3"": null, ""4"": null, ""5"": null, ""6"": null, ""7"": null}","{""0"": 0.0, ""1"": 0.0, ""2"": null, ""3"": null, ""4"": null, ""5"": null, ""6"": null, ""7"": null}","{""0"": 250, ""1"": 250}",250,1,0,0,0,0.462,ultrasonic-not-close,KEEP_PAUSED,left,right,,0
952,2026-08-02T02:29:25.591+09:00,115.223,951,9.06,0,DRIVING,,0,1,1,0,0,0,0.262291,-14.503,146,2,-0.471554,-0.471554,0,745,green,0.319,,0,unknown,0.000000,null,0.000000,0.265,,"{""0"": 250, ""1"": 250, ""2"": null, ""3"": null, ""4"": null, ""5"": null, ""6"": null, ""7"": null}","{""0"": 0.0, ""1"": 0.0, ""2"": null, ""3"": null, ""4"": null, ""5"": null, ""6"": null, ""7"": null}","{""0"": 250, ""1"": 250}",250,1,0,0,0,0.265,ultrasonic-not-close,KEEP_PAUSED,left,right,,0
953,2026-08-02T02:29:25.755+09:00,115.388,952,8.88,0,DRIVING,,0,1,1,0,0,0,0.262845,-14.225,139,2,-0.473720,-0.473720,0,744,green,0.209,,0,unknown,0.000000,null,0.000000,0.430,,"{""0"": 250, ""1"": 250, ""2"": null, ""3"": null, ""4"": null, ""5"": null, ""6"": null, ""7"": null}","{""0"": 0.0, ""1"": 0.0, ""2"": null, ""3"": null, ""4"": null, ""5"": null, ""6"": null, ""7"": null}","{""0"": 250, ""1"": 250}",250,1,0,0,0,0.430,ultrasonic-not-close,KEEP_PAUSED,left,right,,0
954,2026-08-02T02:29:25.865+09:00,115.472,953,8.90,0,DRIVING,,0,1,1,0,0,0,0.262291,-14.017,139,2,-0.471545,-0.471545,0,745,green,0.257,,0,unknown,0.000000,null,0.000000,0.303,,"{""0"": 250, ""1"": 250, ""2"": null, ""3"": null, ""4"": null, ""5"": null, ""6"": null, ""7"": null}","{""0"": 0.0, ""1"": 0.0, ""2"": null, ""3"": null, ""4"": null, ""5"": null, ""6"": null, ""7"": null}","{""0"": 250, ""1"": 250}",250,1,0,0,0,0.303,ultrasonic-not-close,KEEP_PAUSED,left,right,,0
955,2026-08-02T02:29:25.959+09:00,115.591,954,8.88,0,DRIVING,,0,1,1,0,0,0,0.261316,-13.861,139,2,-0.468208,-0.468208,0,745,green,0.278,,0,unknown,0.000000,null,0.000000,0.335,,"{""0"": 250, ""1"": 250, ""2"": null, ""3"": null, ""4"": null, ""5"": null, ""6"": null, ""7"": null}","{""0"": 0.0, ""1"": 0.0, ""2"": null, ""3"": null, ""4"": null, ""5"": null, ""6"": null, ""7"": null}","{""0"": 250, ""1"": 250}",250,1,0,0,0,0.335,ultrasonic-not-close,KEEP_PAUSED,left,right,,0
956,2026-08-02T02:29:26.112+09:00,115.745,955,8.90,0,DRIVING,,0,1,1,0,0,0,0.262291,-13.744,139,2,-0.472367,-0.472367,0,745,green,0.372,,0,unknown,0.000000,null,0.000000,0.489,,"{""0"": 250, ""1"": 250, ""2"": null, ""3"": null, ""4"": null, ""5"": null, ""6"": null, ""7"": null}","{""0"": 0.0, ""1"": 0.0, ""2"": null, ""3"": null, ""4"": null, ""5"": null, ""6"": null, ""7"": null}","{""0"": 250, ""1"": 250}",250,1,0,0,0,0.489,ultrasonic-not-close,KEEP_PAUSED,left,right,,0
957,2026-08-02T02:29:26.252+09:00,115.885,956,8.74,0,DRIVING,,0,1,1,0,0,0,0.262291,-14.176,146,2,-0.472294,-0.472294,0,745,green,0.361,,0,unknown,0.000000,null,0.000000,0.353,,"{""0"": 250, ""1"": 250, ""2"": null, ""3"": null, ""4"": null, ""5"": null, ""6"": null, ""7"": null}","{""0"": 0.0, ""1"": 0.0, ""2"": null, ""3"": null, ""4"": null, ""5"": null, ""6"": null, ""7"": null}","{""0"": 250, ""1"": 250}",250,1,0,0,0,0.353,ultrasonic-not-close,KEEP_PAUSED,left,right,,0
958,2026-08-02T02:29:26.346+09:00,115.978,957,8.74,0,DRIVING,,0,1,1,0,0,0,0.243324,-14.322,134,1,-0.403961,-0.403961,0,745,green,0.143,,0,unknown,0.000000,null,0.000000,0.199,,"{""0"": 250, ""1"": 250, ""2"": null, ""3"": null, ""4"": null, ""5"": null, ""6"": null, ""7"": null}","{""0"": 0.0, ""1"": 0.0, ""2"": null, ""3"": null, ""4"": null, ""5"": null, ""6"": null, ""7"": null}","{""0"": 250, ""1"": 250}",250,1,0,0,0,0.199,ultrasonic-not-close,KEEP_PAUSED,left,right,,0
959,2026-08-02T02:29:26.512+09:00,116.146,958,8.53,0,DRIVING,,0,1,1,0,0,0,0.225547,-14.008,269,6,-0.350171,-0.350171,0,745,green,0.237,,0,unknown,0.000000,null,0.000000,0.367,,"{""0"": 250, ""1"": 250, ""2"": null, ""3"": null, ""4"": null, ""5"": null, ""6"": null, ""7"": null}","{""0"": 0.0, ""1"": 0.0, ""2"": null, ""3"": null, ""4"": null, ""5"": null, ""6"": null, ""7"": null}","{""0"": 250, ""1"": 250}",250,1,0,0,0,0.367,ultrasonic-not-close,KEEP_PAUSED,left,right,,0
960,2026-08-02T02:29:26.599+09:00,116.232,959,8.60,0,DRIVING,,0,1,1,0,0,0,0.219943,-10.911,1872,0,-0.346740,-0.346740,0,747,green,0.264,,0,unknown,0.000000,null,0.000000,0.313,,"{""0"": 250, ""1"": 250, ""2"": null, ""3"": null, ""4"": null, ""5"": null, ""6"": null, ""7"": null}","{""0"": 0.0, ""1"": 0.0, ""2"": null, ""3"": null, ""4"": null, ""5"": null, ""6"": null, ""7"": null}","{""0"": 250, ""1"": 250}",250,1,0,0,0,0.313,ultrasonic-not-close,KEEP_PAUSED,left,right,,0
961,2026-08-02T02:29:26.702+09:00,116.335,960,8.63,0,DRIVING,,0,1,1,0,0,0,0.157906,-8.804,4925,0,-0.138156,-0.138156,0,745,green,0.255,,0,unknown,0.000000,null,0.000000,0.416,,"{""0"": 250, ""1"": 250, ""2"": null, ""3"": null, ""4"": null, ""5"": null, ""6"": null, ""7"": null}","{""0"": 0.0, ""1"": 0.0, ""2"": null, ""3"": null, ""4"": null, ""5"": null, ""6"": null, ""7"": null}","{""0"": 250, ""1"": 250}",250,1,0,0,0,0.416,ultrasonic-not-close,KEEP_PAUSED,left,right,,0
962,2026-08-02T02:29:26.855+09:00,116.488,961,8.51,0,DRIVING,,0,1,1,0,0,0,0.111606,-6.891,5650,0,-0.015297,-0.015297,0,744,green,0.193,,0,unknown,0.000000,null,0.000000,0.475,,"{""0"": 250, ""1"": 250, ""2"": null, ""3"": null, ""4"": null, ""5"": null, ""6"": null, ""7"": null}","{""0"": 0.0, ""1"": 0.0, ""2"": null, ""3"": null, ""4"": null, ""5"": null, ""6"": null, ""7"": null}","{""0"": 250, ""1"": 250}",250,1,0,0,0,0.475,ultrasonic-not-close,KEEP_PAUSED,left,right,,0
963,2026-08-02T02:29:26.947+09:00,116.582,962,8.68,0,DRIVING,,0,1,1,0,0,0,0.058586,-5.131,7239,106,0.119897,0.119897,0,745,green,0.260,,0,unknown,0.000000,null,0.000000,0.317,,"{""0"": 250, ""1"": 250, ""2"": null, ""3"": null, ""4"": null, ""5"": null, ""6"": null, ""7"": null}","{""0"": 0.0, ""1"": 0.0, ""2"": null, ""3"": null, ""4"": null, ""5"": null, ""6"": null, ""7"": null}","{""0"": 250, ""1"": 250}",250,1,0,0,0,0.317,ultrasonic-not-close,KEEP_PAUSED,left,right,,0
964,2026-08-02T02:29:27.113+09:00,116.747,963,8.48,0,DRIVING,,0,1,1,0,0,0,-0.034980,-2.943,8691,1,0.389128,0.389128,0,744,green,0.352,,0,unknown,0.000000,null,0.000000,0.481,,"{""0"": 250, ""1"": 250, ""2"": null, ""3"": null, ""4"": null, ""5"": null, ""6"": null, ""7"": null}","{""0"": 0.0, ""1"": 0.0, ""2"": null, ""3"": null, ""4"": null, ""5"": null, ""6"": null, ""7"": null}","{""0"": 250, ""1"": 250}",250,1,0,0,0,0.481,ultrasonic-not-close,KEEP_PAUSED,left,right,,0
965,2026-08-02T02:29:27.202+09:00,116.836,964,8.52,0,DRIVING,,0,1,1,0,0,0,-0.072971,-0.775,8923,0,0.428046,0.428046,0,745,green,0.170,,0,unknown,0.000000,null,0.000000,0.314,,"{""0"": 250, ""1"": 137, ""2"": null, ""3"": null, ""4"": null, ""5"": null, ""6"": null, ""7"": null}","{""0"": 0.0, ""1"": 0.0, ""2"": null, ""3"": null, ""4"": null, ""5"": null, ""6"": null, ""7"": null}","{""0"": 250, ""1"": 137}",137,1,1,0,0,0.314,car-not-detected-or-stale,KEEP_PAUSED,left,right,,0
966,2026-08-02T02:29:27.337+09:00,116.970,965,8.42,0,DRIVING,,0,1,1,0,0,0,-0.165756,1.738,9451,72,0.673063,0.673063,0,745,green,0.258,,0,unknown,0.000000,null,0.000000,0.357,,"{""0"": 250, ""1"": 130, ""2"": null, ""3"": null, ""4"": null, ""5"": null, ""6"": null, ""7"": null}","{""0"": 0.0, ""1"": 0.0, ""2"": null, ""3"": null, ""4"": null, ""5"": null, ""6"": null, ""7"": null}","{""0"": 250, ""1"": 130}",130,1,1,0,0,0.357,car-not-detected-or-stale,KEEP_PAUSED,left,right,,0
967,2026-08-02T02:29:27.420+09:00,117.054,966,8.54,0,DRIVING,,0,1,1,0,0,0,-0.200247,3.851,9535,0,0.684820,0.684820,0,746,green,0.227,,0,unknown,0.000000,null,0.000000,0.441,,"{""0"": 250, ""1"": 127, ""2"": null, ""3"": null, ""4"": null, ""5"": null, ""6"": null, ""7"": null}","{""0"": 0.0, ""1"": 0.0, ""2"": null, ""3"": null, ""4"": null, ""5"": null, ""6"": null, ""7"": null}","{""0"": 250, ""1"": 127}",127,1,1,0,0,0.441,car-not-detected-or-stale,KEEP_PAUSED,left,right,,0
968,2026-08-02T02:29:27.577+09:00,117.210,967,8.36,0,DRIVING,,0,1,1,0,0,0,-0.234113,5.749,9257,3,0.709424,0.709424,0,745,green,0.221,,0,unknown,0.000000,null,0.000000,0.341,,"{""0"": 250, ""1"": 121, ""2"": null, ""3"": null, ""4"": null, ""5"": null, ""6"": null, ""7"": null}","{""0"": 0.0, ""1"": 0.0, ""2"": null, ""3"": null, ""4"": null, ""5"": null, ""6"": null, ""7"": null}","{""0"": 250, ""1"": 121}",121,1,1,0,0,0.341,car-not-detected-or-stale,KEEP_PAUSED,left,right,,0
969,2026-08-02T02:29:27.668+09:00,117.300,968,8.37,0,DRIVING,,0,1,1,0,0,0,-0.247464,7.164,9029,0,0.671081,0.671081,0,744,green,0.243,,0,unknown,0.000000,null,0.000000,0.431,,"{""0"": 250, ""1"": 118, ""2"": null, ""3"": null, ""4"": null, ""5"": null, ""6"": null, ""7"": null}","{""0"": 0.0, ""1"": 0.0, ""2"": null, ""3"": null, ""4"": null, ""5"": null, ""6"": null, ""7"": null}","{""0"": 250, ""1"": 118}",118,1,1,0,0,0.431,car-not-detected-or-stale,KEEP_PAUSED,left,right,,0
970,2026-08-02T02:29:27.822+09:00,117.455,969,8.20,0,DRIVING,,0,1,1,0,0,0,-0.240533,7.914,8653,0,0.578437,0.578437,0,745,green,0.259,,0,unknown,0.000000,null,0.000000,0.369,,"{""0"": 250, ""1"": 115, ""2"": null, ""3"": null, ""4"": null, ""5"": null, ""6"": null, ""7"": null}","{""0"": 0.0, ""1"": 0.0, ""2"": null, ""3"": null, ""4"": null, ""5"": null, ""6"": null, ""7"": null}","{""0"": 250, ""1"": 115}",115,1,1,0,0,0.369,car-not-detected-or-stale,KEEP_PAUSED,left,right,,0
971,2026-08-02T02:29:27.957+09:00,117.590,970,8.30,0,DRIVING,,0,1,1,0,0,0,-0.218170,8.234,8831,4,0.454286,0.454286,0,744,green,0.249,,0,unknown,0.000000,null,0.000000,0.247,,"{""0"": 250, ""1"": 120, ""2"": null, ""3"": null, ""4"": null, ""5"": null, ""6"": null, ""7"": null}","{""0"": 0.0, ""1"": 0.0, ""2"": null, ""3"": null, ""4"": null, ""5"": null, ""6"": null, ""7"": null}","{""0"": 250, ""1"": 120}",120,1,1,0,0,0.247,car-not-detected-or-stale,KEEP_PAUSED,left,right,,0
972,2026-08-02T02:29:28.120+09:00,117.754,971,8.11,0,DRIVING,,0,1,1,0,0,0,-0.183396,7.909,8556,0,0.310628,0.310628,0,744,green,0.284,,0,unknown,0.000000,null,0.000000,0.411,,"{""0"": 250, ""1"": 250, ""2"": null, ""3"": null, ""4"": null, ""5"": null, ""6"": null, ""7"": null}","{""0"": 0.0, ""1"": 0.0, ""2"": null, ""3"": null, ""4"": null, ""5"": null, ""6"": null, ""7"": null}","{""0"": 250, ""1"": 250}",250,1,0,0,0,0.411,ultrasonic-not-close,KEEP_PAUSED,left,right,,0
973,2026-08-02T02:29:28.212+09:00,117.846,972,8.25,0,DRIVING,,0,1,1,0,0,0,-0.130800,7.110,8463,0,0.127127,0.127127,0,746,green,0.300,,0,unknown,0.000000,null,0.000000,0.351,,"{""0"": 250, ""1"": 250, ""2"": null, ""3"": null, ""4"": null, ""5"": null, ""6"": null, ""7"": null}","{""0"": 0.0, ""1"": 0.0, ""2"": null, ""3"": null, ""4"": null, ""5"": null, ""6"": null, ""7"": null}","{""0"": 250, ""1"": 250}",250,1,0,0,0,0.351,ultrasonic-not-close,KEEP_PAUSED,left,right,,0
974,2026-08-02T02:29:28.317+09:00,117.950,973,8.21,0,DRIVING,,0,1,1,0,0,0,-0.082916,6.056,8622,1,-0.012761,-0.012761,0,746,green,0.394,,0,unknown,0.000000,null,0.000000,0.460,,"{""0"": 250, ""1"": 250, ""2"": null, ""3"": null, ""4"": null, ""5"": null, ""6"": null, ""7"": null}","{""0"": 0.0, ""1"": 0.0, ""2"": null, ""3"": null, ""4"": null, ""5"": null, ""6"": null, ""7"": null}","{""0"": 250, ""1"": 250}",250,1,0,0,0,0.460,ultrasonic-not-close,KEEP_PAUSED,left,right,,0
975,2026-08-02T02:29:28.402+09:00,118.035,974,8.22,0,DRIVING,,0,1,1,0,0,0,-0.061292,5.162,8285,0,-0.042005,-0.042005,0,760,green,0.362,,0,unknown,0.000000,null,0.000000,0.412,,"{""0"": 250, ""1"": 250, ""2"": null, ""3"": null, ""4"": null, ""5"": null, ""6"": null, ""7"": null}","{""0"": 0.0, ""1"": 0.0, ""2"": null, ""3"": null, ""4"": null, ""5"": null, ""6"": null, ""7"": null}","{""0"": 250, ""1"": 250}",250,1,0,0,0,0.412,ultrasonic-not-close,KEEP_PAUSED,left,right,,0
976,2026-08-02T02:29:28.507+09:00,118.141,975,8.35,0,DRIVING,,0,1,1,0,0,0,-0.034961,4.374,8042,0,-0.091098,-0.091098,0,743,green,0.193,,0,unknown,0.000000,null,0.000000,0.262,,"{""0"": 250, ""1"": 250, ""2"": null, ""3"": null, ""4"": null, ""5"": null, ""6"": null, ""7"": null}","{""0"": 0.0, ""1"": 0.0, ""2"": null, ""3"": null, ""4"": null, ""5"": null, ""6"": null, ""7"": null}","{""0"": 250, ""1"": 250}",250,1,0,0,0,0.262,ultrasonic-not-close,KEEP_PAUSED,left,right,,0
977,2026-08-02T02:29:28.639+09:00,118.272,976,8.25,0,DRIVING,,0,1,1,0,0,0,-0.027296,3.691,8116,0,-0.072482,-0.072482,0,743,green,0.193,,0,unknown,0.000000,null,0.000000,0.393,,"{""0"": 250, ""1"": 250, ""2"": null, ""3"": null, ""4"": null, ""5"": null, ""6"": null, ""7"": null}","{""0"": 0.0, ""1"": 0.0, ""2"": null, ""3"": null, ""4"": null, ""5"": null, ""6"": null, ""7"": null}","{""0"": 250, ""1"": 250}",250,1,0,0,0,0.393,ultrasonic-not-close,KEEP_PAUSED,left,right,,0
978,2026-08-02T02:29:28.722+09:00,118.356,977,8.48,0,DRIVING,,0,1,1,0,0,0,-0.044826,3.365,8483,0,0.027110,0.027110,0,743,green,0.239,,0,unknown,0.000000,null,0.000000,0.286,,"{""0"": 250, ""1"": 250, ""2"": null, ""3"": null, ""4"": null, ""5"": null, ""6"": null, ""7"": null}","{""0"": 0.0, ""1"": 0.0, ""2"": null, ""3"": null, ""4"": null, ""5"": null, ""6"": null, ""7"": null}","{""0"": 250, ""1"": 250}",250,1,0,0,0,0.286,ultrasonic-not-close,KEEP_PAUSED,left,right,,0
979,2026-08-02T02:29:28.813+09:00,118.446,978,8.52,0,DRIVING,,0,1,1,0,0,0,-0.047194,3.293,8239,0,0.051707,0.051707,0,742,green,0.323,,0,unknown,0.000000,null,0.000000,0.378,,"{""0"": 250, ""1"": 250, ""2"": null, ""3"": null, ""4"": null, ""5"": null, ""6"": null, ""7"": null}","{""0"": 0.0, ""1"": 0.0, ""2"": null, ""3"": null, ""4"": null, ""5"": null, ""6"": null, ""7"": null}","{""0"": 250, ""1"": 250}",250,1,0,0,0,0.378,ultrasonic-not-close,KEEP_PAUSED,left,right,,0
980,2026-08-02T02:29:28.896+09:00,118.529,979,8.54,0,DRIVING,,0,1,1,0,0,0,-0.045333,3.228,8203,0,0.054980,0.054980,0,742,green,0.309,,0,unknown,0.000000,null,0.000000,0.225,,"{""0"": 250, ""1"": 250, ""2"": null, ""3"": null, ""4"": null, ""5"": null, ""6"": null, ""7"": null}","{""0"": 0.0, ""1"": 0.0, ""2"": null, ""3"": null, ""4"": null, ""5"": null, ""6"": null, ""7"": null}","{""0"": 250, ""1"": 250}",250,1,0,0,0,0.225,ultrasonic-not-close,KEEP_PAUSED,left,right,,0
981,2026-08-02T02:29:29.027+09:00,118.660,980,8.50,0,DRIVING,,0,1,1,0,0,0,-0.045170,3.174,8181,0,0.062381,0.062381,0,743,green,0.176,,0,unknown,0.000000,null,0.000000,0.355,,"{""0"": 250, ""1"": 250, ""2"": null, ""3"": null, ""4"": null, ""5"": null, ""6"": null, ""7"": null}","{""0"": 0.0, ""1"": 0.0, ""2"": null, ""3"": null, ""4"": null, ""5"": null, ""6"": null, ""7"": null}","{""0"": 250, ""1"": 250}",250,1,0,0,0,0.355,ultrasonic-not-close,KEEP_PAUSED,left,right,,0
982,2026-08-02T02:29:29.147+09:00,118.780,981,8.44,0,DRIVING,,0,1,1,0,0,0,-0.042191,3.111,8143,0,0.057334,0.057334,0,743,green,0.216,,0,unknown,0.000000,null,0.000000,0.391,,"{""0"": 250, ""1"": 250, ""2"": null, ""3"": null, ""4"": null, ""5"": null, ""6"": null, ""7"": null}","{""0"": 0.0, ""1"": 0.0, ""2"": null, ""3"": null, ""4"": null, ""5"": null, ""6"": null, ""7"": null}","{""0"": 250, ""1"": 250}",250,1,0,0,0,0.391,ultrasonic-not-close,KEEP_PAUSED,left,right,,0
983,2026-08-02T02:29:29.240+09:00,118.872,982,8.61,0,DRIVING,,0,1,1,0,0,0,-0.036864,3.020,8105,0,0.043739,0.043739,0,742,green,0.256,,0,unknown,0.000000,null,0.000000,0.311,,"{""0"": 250, ""1"": 250, ""2"": null, ""3"": null, ""4"": null, ""5"": null, ""6"": null, ""7"": null}","{""0"": 0.0, ""1"": 0.0, ""2"": null, ""3"": null, ""4"": null, ""5"": null, ""6"": null, ""7"": null}","{""0"": 250, ""1"": 250}",250,1,0,0,0,0.311,ultrasonic-not-close,KEEP_PAUSED,left,right,,0
984,2026-08-02T02:29:29.353+09:00,118.985,983,8.54,0,DRIVING,,0,1,1,0,0,0,-0.029038,2.882,8268,0,0.022349,0.022349,0,743,green,0.216,,0,unknown,0.000000,null,0.000000,0.423,,"{""0"": 250, ""1"": 250, ""2"": null, ""3"": null, ""4"": null, ""5"": null, ""6"": null, ""7"": null}","{""0"": 0.0, ""1"": 0.0, ""2"": null, ""3"": null, ""4"": null, ""5"": null, ""6"": null, ""7"": null}","{""0"": 250, ""1"": 250}",250,1,0,0,0,0.423,ultrasonic-not-close,KEEP_PAUSED,left,right,,0
985,2026-08-02T02:29:29.443+09:00,119.076,984,8.61,0,DRIVING,,0,1,1,0,0,0,-0.032436,2.809,8155,0,0.043558,0.043558,0,742,green,0.330,,0,unknown,0.000000,null,0.000000,0.262,,"{""0"": 250, ""1"": 250, ""2"": null, ""3"": null, ""4"": null, ""5"": null, ""6"": null, ""7"": null}","{""0"": 0.0, ""1"": 0.0, ""2"": null, ""3"": null, ""4"": null, ""5"": null, ""6"": null, ""7"": null}","{""0"": 250, ""1"": 250}",250,1,0,0,0,0.262,ultrasonic-not-close,KEEP_PAUSED,left,right,,0
986,2026-08-02T02:29:29.550+09:00,119.182,985,8.73,0,DRIVING,,0,1,1,0,0,0,-0.031830,2.759,8140,0,0.045823,0.045823,0,743,green,0.298,,0,unknown,0.000000,null,0.000000,0.367,,"{""0"": 250, ""1"": 250, ""2"": null, ""3"": null, ""4"": null, ""5"": null, ""6"": null, ""7"": null}","{""0"": 0.0, ""1"": 0.0, ""2"": null, ""3"": null, ""4"": null, ""5"": null, ""6"": null, ""7"": null}","{""0"": 250, ""1"": 250}",250,1,0,0,0,0.367,ultrasonic-not-close,KEEP_PAUSED,left,right,,0
987,2026-08-02T02:29:29.639+09:00,119.273,986,8.86,0,DRIVING,,0,1,1,0,0,0,-0.032236,2.715,8117,0,0.050728,0.050728,0,743,green,0.199,,0,unknown,0.000000,null,0.000000,0.252,,"{""0"": 250, ""1"": 250, ""2"": null, ""3"": null, ""4"": null, ""5"": null, ""6"": null, ""7"": null}","{""0"": 0.0, ""1"": 0.0, ""2"": null, ""3"": null, ""4"": null, ""5"": null, ""6"": null, ""7"": null}","{""0"": 250, ""1"": 250}",250,1,0,0,0,0.252,ultrasonic-not-close,KEEP_PAUSED,left,right,,0
988,2026-08-02T02:29:29.745+09:00,119.376,987,8.83,0,DRIVING,,0,1,1,0,0,0,-0.031916,2.682,8129,0,0.051766,0.051766,0,742,green,0.202,,0,unknown,0.000000,null,0.000000,0.356,,"{""0"": 250, ""1"": 250, ""2"": null, ""3"": null, ""4"": null, ""5"": null, ""6"": null, ""7"": null}","{""0"": 0.0, ""1"": 0.0, ""2"": null, ""3"": null, ""4"": null, ""5"": null, ""6"": null, ""7"": null}","{""0"": 250, ""1"": 250}",250,1,0,0,0,0.356,ultrasonic-not-close,KEEP_PAUSED,left,right,,0
989,2026-08-02T02:29:29.903+09:00,119.536,988,8.85,0,DRIVING,,0,1,1,0,0,0,-0.031638,2.653,8126,0,0.052467,0.052467,0,743,green,0.199,,0,unknown,0.000000,null,0.000000,0.427,,"{""0"": 250, ""1"": 250, ""2"": null, ""3"": null, ""4"": null, ""5"": null, ""6"": null, ""7"": null}","{""0"": 0.0, ""1"": 0.0, ""2"": null, ""3"": null, ""4"": null, ""5"": null, ""6"": null, ""7"": null}","{""0"": 250, ""1"": 250}",250,1,0,0,0,0.427,ultrasonic-not-close,KEEP_PAUSED,left,right,,0
990,2026-08-02T02:29:29.991+09:00,119.624,989,8.84,0,DRIVING,,0,1,1,0,0,0,-0.031933,2.643,8166,0,0.054874,0.054874,0,743,green,0.268,,0,unknown,0.000000,null,0.000000,0.319,,"{""0"": 250, ""1"": 250, ""2"": null, ""3"": null, ""4"": null, ""5"": null, ""6"": null, ""7"": null}","{""0"": 0.0, ""1"": 0.0, ""2"": null, ""3"": null, ""4"": null, ""5"": null, ""6"": null, ""7"": null}","{""0"": 250, ""1"": 250}",250,1,0,0,0,0.319,ultrasonic-not-close,KEEP_PAUSED,left,right,,0
991,2026-08-02T02:29:30.164+09:00,119.797,990,8.66,0,DRIVING,,0,1,1,0,0,0,-0.031981,2.625,8168,0,0.055829,0.055829,0,743,green,0.356,,0,unknown,0.000000,null,0.000000,0.491,,"{""0"": 250, ""1"": 250, ""2"": null, ""3"": null, ""4"": null, ""5"": null, ""6"": null, ""7"": null}","{""0"": 0.0, ""1"": 0.0, ""2"": null, ""3"": null, ""4"": null, ""5"": null, ""6"": null, ""7"": null}","{""0"": 250, ""1"": 250}",250,1,0,0,0,0.491,ultrasonic-not-close,KEEP_PAUSED,left,right,,0
992,2026-08-02T02:29:30.280+09:00,119.914,991,8.76,0,DRIVING,,0,1,1,0,0,0,-0.032151,2.612,8274,0,0.056963,0.056963,0,743,green,0.423,,0,unknown,0.000000,null,0.000000,0.342,,"{""0"": 250, ""1"": 250, ""2"": null, ""3"": null, ""4"": null, ""5"": null, ""6"": null, ""7"": null}","{""0"": 0.0, ""1"": 0.0, ""2"": null, ""3"": null, ""4"": null, ""5"": null, ""6"": null, ""7"": null}","{""0"": 250, ""1"": 250}",250,1,0,0,0,0.342,ultrasonic-not-close,KEEP_PAUSED,left,right,,0
993,2026-08-02T02:29:30.376+09:00,120.008,992,8.75,0,DRIVING,,0,1,1,0,0,0,-0.031933,2.612,8158,0,0.056449,0.056449,0,743,green,0.292,,0,unknown,0.000000,null,0.000000,0.350,,"{""0"": 250, ""1"": 250, ""2"": null, ""3"": null, ""4"": null, ""5"": null, ""6"": null, ""7"": null}","{""0"": 0.0, ""1"": 0.0, ""2"": null, ""3"": null, ""4"": null, ""5"": null, ""6"": null, ""7"": null}","{""0"": 250, ""1"": 250}",250,1,0,0,0,0.350,ultrasonic-not-close,KEEP_PAUSED,left,right,,0
994,2026-08-02T02:29:30.562+09:00,120.195,993,8.70,0,DRIVING,,0,1,1,0,0,0,-0.032123,2.615,8158,0,0.057442,0.057442,0,743,green,0.219,,0,unknown,0.000000,null,0.000000,0.537,,"{""0"": 250, ""1"": 250, ""2"": null, ""3"": null, ""4"": null, ""5"": null, ""6"": null, ""7"": null}","{""0"": 0.0, ""1"": 0.0, ""2"": null, ""3"": null, ""4"": null, ""5"": null, ""6"": null, ""7"": null}","{""0"": 250, ""1"": 250}",250,1,0,0,0,0.537,ultrasonic-not-close,KEEP_PAUSED,left,right,,0
995,2026-08-02T02:29:30.703+09:00,120.336,994,8.57,0,DRIVING,,0,1,1,0,0,0,-0.031961,2.618,8135,0,0.056975,0.056975,0,744,green,0.285,,0,unknown,0.000000,null,0.000000,0.389,,"{""0"": 250, ""1"": 250, ""2"": null, ""3"": null, ""4"": null, ""5"": null, ""6"": null, ""7"": null}","{""0"": 0.0, ""1"": 0.0, ""2"": null, ""3"": null, ""4"": null, ""5"": null, ""6"": null, ""7"": null}","{""0"": 250, ""1"": 250}",250,1,0,0,0,0.389,ultrasonic-not-close,KEEP_PAUSED,left,right,,0
996,2026-08-02T02:29:30.796+09:00,120.429,995,8.67,0,DRIVING,,0,1,1,0,0,0,-0.031960,2.620,8115,0,0.057137,0.057137,0,743,green,0.328,,0,unknown,0.000000,null,0.000000,0.384,,"{""0"": 250, ""1"": 250, ""2"": null, ""3"": null, ""4"": null, ""5"": null, ""6"": null, ""7"": null}","{""0"": 0.0, ""1"": 0.0, ""2"": null, ""3"": null, ""4"": null, ""5"": null, ""6"": null, ""7"": null}","{""0"": 250, ""1"": 250}",250,1,0,0,0,0.384,ultrasonic-not-close,KEEP_PAUSED,left,right,,0
997,2026-08-02T02:29:30.931+09:00,120.563,996,8.55,0,DRIVING,,0,1,1,0,0,0,-0.031959,2.622,8127,0,0.057251,0.057251,0,743,green,0.238,,0,unknown,0.000000,null,0.000000,0.518,,"{""0"": 250, ""1"": 250, ""2"": null, ""3"": null, ""4"": null, ""5"": null, ""6"": null, ""7"": null}","{""0"": 0.0, ""1"": 0.0, ""2"": null, ""3"": null, ""4"": null, ""5"": null, ""6"": null, ""7"": null}","{""0"": 250, ""1"": 250}",250,1,0,0,0,0.518,ultrasonic-not-close,KEEP_PAUSED,left,right,,0
998,2026-08-02T02:29:31.101+09:00,120.734,997,8.51,0,DRIVING,,0,1,1,0,0,0,-0.031958,2.625,8233,0,0.057331,0.057331,0,743,green,0.231,,0,unknown,0.000000,null,0.000000,0.365,,"{""0"": 250, ""1"": 250, ""2"": null, ""3"": null, ""4"": null, ""5"": null, ""6"": null, ""7"": null}","{""0"": 0.0, ""1"": 0.0, ""2"": null, ""3"": null, ""4"": null, ""5"": null, ""6"": null, ""7"": null}","{""0"": 250, ""1"": 250}",250,1,0,0,0,0.365,ultrasonic-not-close,KEEP_PAUSED,left,right,,0
999,2026-08-02T02:29:31.189+09:00,120.822,998,8.52,0,DRIVING,,0,1,1,0,0,0,-0.031723,2.608,8255,0,0.056540,0.056540,0,743,green,0.309,,0,unknown,0.000000,null,0.000000,0.359,,"{""0"": 250, ""1"": 250, ""2"": null, ""3"": null, ""4"": null, ""5"": null, ""6"": null, ""7"": null}","{""0"": 0.0, ""1"": 0.0, ""2"": null, ""3"": null, ""4"": null, ""5"": null, ""6"": null, ""7"": null}","{""0"": 250, ""1"": 250}",250,1,0,0,0,0.359,ultrasonic-not-close,KEEP_PAUSED,left,right,,0
1000,2026-08-02T02:29:31.360+09:00,120.993,999,8.48,0,DRIVING,,0,1,1,0,0,0,-0.031744,2.600,8226,0,0.056785,0.056785,0,743,green,0.261,,0,unknown,0.000000,null,0.000000,0.397,,"{""0"": 250, ""1"": 250, ""2"": null, ""3"": null, ""4"": null, ""5"": null, ""6"": null, ""7"": null}","{""0"": 0.0, ""1"": 0.0, ""2"": null, ""3"": null, ""4"": null, ""5"": null, ""6"": null, ""7"": null}","{""0"": 250, ""1"": 250}",250,1,0,0,0,0.397,ultrasonic-not-close,KEEP_PAUSED,left,right,,0
1001,2026-08-02T02:29:31.492+09:00,121.125,1000,8.49,0,DRIVING,,0,1,1,0,0,0,-0.032100,2.593,8204,0,0.058173,0.058173,0,742,green,0.264,,0,unknown,0.000000,null,0.000000,0.527,,"{""0"": 250, ""1"": 250, ""2"": null, ""3"": null, ""4"": null, ""5"": null, ""6"": null, ""7"": null}","{""0"": 0.0, ""1"": 0.0, ""2"": null, ""3"": null, ""4"": null, ""5"": null, ""6"": null, ""7"": null}","{""0"": 250, ""1"": 250}",250,1,0,0,0,0.527,ultrasonic-not-close,KEEP_PAUSED,left,right,,0
1002,2026-08-02T02:29:31.625+09:00,121.258,1001,8.56,0,DRIVING,,0,1,1,0,0,0,-0.032313,2.599,8147,0,0.058821,0.058821,0,743,green,0.307,,0,unknown,0.000000,null,0.000000,0.403,,"{""0"": 250, ""1"": 250, ""2"": null, ""3"": null, ""4"": null, ""5"": null, ""6"": null, ""7"": null}","{""0"": 0.0, ""1"": 0.0, ""2"": null, ""3"": null, ""4"": null, ""5"": null, ""6"": null, ""7"": null}","{""0"": 250, ""1"": 250}",250,1,0,0,0,0.403,ultrasonic-not-close,KEEP_PAUSED,left,right,,0
1003,2026-08-02T02:29:31.718+09:00,121.351,1002,8.56,0,DRIVING,,0,1,1,0,0,0,-0.032168,2.606,8135,0,0.058103,0.058103,0,742,green,0.269,,0,unknown,0.000000,null,0.000000,0.192,,"{""0"": 250, ""1"": 250, ""2"": null, ""3"": null, ""4"": null, ""5"": null, ""6"": null, ""7"": null}","{""0"": 0.0, ""1"": 0.0, ""2"": null, ""3"": null, ""4"": null, ""5"": null, ""6"": null, ""7"": null}","{""0"": 250, ""1"": 250}",250,1,0,0,0,0.192,ultrasonic-not-close,KEEP_PAUSED,left,right,,0
1004,2026-08-02T02:29:31.848+09:00,121.480,1003,8.50,0,DRIVING,,0,1,1,0,0,0,-0.032364,2.612,8129,0,0.058747,0.058747,0,743,green,0.231,,0,unknown,0.000000,null,0.000000,0.322,,"{""0"": 250, ""1"": 250, ""2"": null, ""3"": null, ""4"": null, ""5"": null, ""6"": null, ""7"": null}","{""0"": 0.0, ""1"": 0.0, ""2"": null, ""3"": null, ""4"": null, ""5"": null, ""6"": null, ""7"": null}","{""0"": 250, ""1"": 250}",250,1,0,0,0,0.322,ultrasonic-not-close,KEEP_PAUSED,left,right,,0
1005,2026-08-02T02:29:31.939+09:00,121.571,1004,8.49,0,DRIVING,,0,1,1,0,0,0,-0.032207,2.611,8120,0,0.058034,0.058034,0,743,green,0.226,,0,unknown,0.000000,null,0.000000,0.278,,"{""0"": 250, ""1"": 250, ""2"": null, ""3"": null, ""4"": null, ""5"": null, ""6"": null, ""7"": null}","{""0"": 0.0, ""1"": 0.0, ""2"": null, ""3"": null, ""4"": null, ""5"": null, ""6"": null, ""7"": null}","{""0"": 250, ""1"": 250}",250,1,0,0,0,0.278,ultrasonic-not-close,KEEP_PAUSED,left,right,,0
1006,2026-08-02T02:29:32.074+09:00,121.706,1005,8.42,0,DRIVING,,0,1,1,0,0,0,-0.032393,2.614,8116,0,0.058685,0.058685,0,743,green,0.317,,0,unknown,0.000000,null,0.000000,0.413,,"{""0"": 250, ""1"": 250, ""2"": null, ""3"": null, ""4"": null, ""5"": null, ""6"": null, ""7"": null}","{""0"": 0.0, ""1"": 0.0, ""2"": null, ""3"": null, ""4"": null, ""5"": null, ""6"": null, ""7"": null}","{""0"": 250, ""1"": 250}",250,1,0,0,0,0.413,ultrasonic-not-close,KEEP_PAUSED,left,right,,0
1007,2026-08-02T02:29:32.166+09:00,121.798,1006,8.51,0,DRIVING,,0,1,1,0,0,0,-0.032412,2.615,8122,0,0.058642,0.058642,0,742,green,0.358,,0,unknown,0.000000,null,0.000000,0.283,,"{""0"": 250, ""1"": 250, ""2"": null, ""3"": null, ""4"": null, ""5"": null, ""6"": null, ""7"": null}","{""0"": 0.0, ""1"": 0.0, ""2"": null, ""3"": null, ""4"": null, ""5"": null, ""6"": null, ""7"": null}","{""0"": 250, ""1"": 250}",250,1,0,0,0,0.283,ultrasonic-not-close,KEEP_PAUSED,left,right,,0
1008,2026-08-02T02:29:32.300+09:00,121.933,1007,8.39,0,DRIVING,,0,1,1,0,0,0,-0.032427,2.616,8122,0,0.058606,0.058606,0,743,green,0.231,,0,unknown,0.000000,null,0.000000,0.327,,"{""0"": 250, ""1"": 250, ""2"": null, ""3"": null, ""4"": null, ""5"": null, ""6"": null, ""7"": null}","{""0"": 0.0, ""1"": 0.0, ""2"": null, ""3"": null, ""4"": null, ""5"": null, ""6"": null, ""7"": null}","{""0"": 250, ""1"": 250}",250,1,0,0,0,0.327,ultrasonic-not-close,KEEP_PAUSED,left,right,,0
1009,2026-08-02T02:29:32.472+09:00,122.104,1008,8.20,0,DRIVING,,0,1,1,0,0,0,-0.032438,2.613,8104,0,0.058575,0.058575,0,743,green,0.229,,0,unknown,0.000000,null,0.000000,0.497,,"{""0"": 250, ""1"": 250, ""2"": null, ""3"": null, ""4"": null, ""5"": null, ""6"": null, ""7"": null}","{""0"": 0.0, ""1"": 0.0, ""2"": null, ""3"": null, ""4"": null, ""5"": null, ""6"": null, ""7"": null}","{""0"": 250, ""1"": 250}",250,1,0,0,0,0.497,ultrasonic-not-close,KEEP_PAUSED,left,right,,0
1010,2026-08-02T02:29:32.588+09:00,122.220,1009,8.13,0,DRIVING,,0,1,1,0,0,0,-0.032447,2.611,8104,0,0.058549,0.058549,0,742,green,0.308,,0,unknown,0.000000,null,0.000000,0.385,,"{""0"": 250, ""1"": 250, ""2"": null, ""3"": null, ""4"": null, ""5"": null, ""6"": null, ""7"": null}","{""0"": 0.0, ""1"": 0.0, ""2"": null, ""3"": null, ""4"": null, ""5"": null, ""6"": null, ""7"": null}","{""0"": 250, ""1"": 250}",250,1,0,0,0,0.385,ultrasonic-not-close,KEEP_PAUSED,left,right,,0
1011,2026-08-02T02:29:32.688+09:00,122.320,1010,8.20,0,DRIVING,,0,1,1,0,0,0,-0.032453,2.611,8110,0,0.058528,0.058528,0,742,green,0.293,,0,unknown,0.000000,null,0.000000,0.352,,"{""0"": 250, ""1"": 250, ""2"": null, ""3"": null, ""4"": null, ""5"": null, ""6"": null, ""7"": null}","{""0"": 0.0, ""1"": 0.0, ""2"": null, ""3"": null, ""4"": null, ""5"": null, ""6"": null, ""7"": null}","{""0"": 250, ""1"": 250}",250,1,0,0,0,0.352,ultrasonic-not-close,KEEP_PAUSED,left,right,,0
1012,2026-08-02T02:29:32.779+09:00,122.411,1011,8.26,0,DRIVING,,0,1,1,0,0,0,-0.032458,2.610,8104,0,0.058511,0.058511,0,742,green,0.395,,0,unknown,0.000000,null,0.000000,0.444,,"{""0"": 250, ""1"": 250, ""2"": null, ""3"": null, ""4"": null, ""5"": null, ""6"": null, ""7"": null}","{""0"": 0.0, ""1"": 0.0, ""2"": null, ""3"": null, ""4"": null, ""5"": null, ""6"": null, ""7"": null}","{""0"": 250, ""1"": 250}",250,1,0,0,0,0.444,ultrasonic-not-close,KEEP_PAUSED,left,right,,0
1013,2026-08-02T02:29:32.873+09:00,122.504,1012,8.26,0,DRIVING,,0,1,1,0,0,0,-0.032461,2.609,8104,0,0.058497,0.058497,0,743,green,0.312,,0,unknown,0.000000,null,0.000000,0.248,,"{""0"": 250, ""1"": 250, ""2"": null, ""3"": null, ""4"": null, ""5"": null, ""6"": null, ""7"": null}","{""0"": 0.0, ""1"": 0.0, ""2"": null, ""3"": null, ""4"": null, ""5"": null, ""6"": null, ""7"": null}","{""0"": 250, ""1"": 250}",250,1,0,0,0,0.248,ultrasonic-not-close,KEEP_PAUSED,left,right,,0
1014,2026-08-02T02:29:33.056+09:00,122.689,1013,8.11,0,DRIVING,,0,1,1,0,0,0,-0.032464,2.609,8119,0,0.058487,0.058487,0,743,green,0.193,,0,unknown,0.000000,null,0.000000,0.431,,"{""0"": 250, ""1"": 250, ""2"": null, ""3"": null, ""4"": null, ""5"": null, ""6"": null, ""7"": null}","{""0"": 0.0, ""1"": 0.0, ""2"": null, ""3"": null, ""4"": null, ""5"": null, ""6"": null, ""7"": null}","{""0"": 250, ""1"": 250}",250,1,0,0,0,0.431,ultrasonic-not-close,KEEP_PAUSED,left,right,,0
1015,2026-08-02T02:29:33.147+09:00,122.779,1014,8.10,0,DRIVING,,0,1,1,0,0,0,-0.032239,2.599,8145,0,0.057661,0.057661,0,743,green,0.279,,0,unknown,0.000000,null,0.000000,0.330,,"{""0"": 250, ""1"": 250, ""2"": null, ""3"": null, ""4"": null, ""5"": null, ""6"": null, ""7"": null}","{""0"": 0.0, ""1"": 0.0, ""2"": null, ""3"": null, ""4"": null, ""5"": null, ""6"": null, ""7"": null}","{""0"": 250, ""1"": 250}",250,1,0,0,0,0.330,ultrasonic-not-close,KEEP_PAUSED,left,right,,0
1016,2026-08-02T02:29:33.245+09:00,122.878,1015,8.12,0,DRIVING,,0,1,1,0,0,0,-0.032769,2.583,8328,0,0.059682,0.059682,0,743,green,0.272,,0,unknown,0.000000,null,0.000000,0.330,,"{""0"": 250, ""1"": 77, ""2"": null, ""3"": null, ""4"": null, ""5"": null, ""6"": null, ""7"": null}","{""0"": 0.0, ""1"": 0.0, ""2"": null, ""3"": null, ""4"": null, ""5"": null, ""6"": null, ""7"": null}","{""0"": 250, ""1"": 77}",77,1,1,0,0,0.330,car-not-detected-or-stale,KEEP_PAUSED,left,right,,0
1017,2026-08-02T02:29:33.334+09:00,122.967,1016,8.13,0,DRIVING,,0,1,1,0,0,0,-0.027997,2.482,8420,0,0.042292,0.042292,0,744,green,0.193,,0,unknown,0.000000,null,0.000000,0.419,,"{""0"": 250, ""1"": 250, ""2"": null, ""3"": null, ""4"": null, ""5"": null, ""6"": null, ""7"": null}","{""0"": 0.0, ""1"": 0.0, ""2"": null, ""3"": null, ""4"": null, ""5"": null, ""6"": null, ""7"": null}","{""0"": 250, ""1"": 250}",250,1,0,0,0,0.419,ultrasonic-not-close,KEEP_PAUSED,left,right,,0
1018,2026-08-02T02:29:33.455+09:00,123.088,1017,8.08,0,DRIVING,,0,1,1,0,0,0,-0.023656,2.367,8373,0,0.029096,0.029096,0,743,green,0.281,,0,unknown,0.000000,null,0.000000,0.273,,"{""0"": 250, ""1"": 250, ""2"": null, ""3"": null, ""4"": null, ""5"": null, ""6"": null, ""7"": null}","{""0"": 0.0, ""1"": 0.0, ""2"": null, ""3"": null, ""4"": null, ""5"": null, ""6"": null, ""7"": null}","{""0"": 250, ""1"": 250}",250,1,0,0,0,0.273,ultrasonic-not-close,KEEP_PAUSED,left,right,,0
1019,2026-08-02T02:29:33.549+09:00,123.182,1018,8.23,0,DRIVING,,0,1,1,0,0,0,-0.023342,2.279,8393,0,0.032011,0.032011,0,742,green,0.313,,0,unknown,0.000000,null,0.000000,0.367,,"{""0"": 250, ""1"": 250, ""2"": null, ""3"": null, ""4"": null, ""5"": null, ""6"": null, ""7"": null}","{""0"": 0.0, ""1"": 0.0, ""2"": null, ""3"": null, ""4"": null, ""5"": null, ""6"": null, ""7"": null}","{""0"": 250, ""1"": 250}",250,1,0,0,0,0.367,ultrasonic-not-close,KEEP_PAUSED,left,right,,0
1020,2026-08-02T02:29:33.638+09:00,123.270,1019,8.23,0,DRIVING,,0,1,1,0,0,0,-0.023920,2.206,8399,0,0.037092,0.037092,0,743,green,0.219,,0,unknown,0.000000,null,0.000000,0.269,,"{""0"": 250, ""1"": 250, ""2"": null, ""3"": null, ""4"": null, ""5"": null, ""6"": null, ""7"": null}","{""0"": 0.0, ""1"": 0.0, ""2"": null, ""3"": null, ""4"": null, ""5"": null, ""6"": null, ""7"": null}","{""0"": 250, ""1"": 250}",250,1,0,0,0,0.269,ultrasonic-not-close,KEEP_PAUSED,left,right,,0
1021,2026-08-02T02:29:33.774+09:00,123.406,1020,8.32,0,DRIVING,,0,1,1,0,0,0,-0.021970,2.140,8395,0,0.031861,0.031861,0,742,green,0.188,,0,unknown,0.000000,null,0.000000,0.406,,"{""0"": 250, ""1"": 128, ""2"": null, ""3"": null, ""4"": null, ""5"": null, ""6"": null, ""7"": null}","{""0"": 0.0, ""1"": 0.0, ""2"": null, ""3"": null, ""4"": null, ""5"": null, ""6"": null, ""7"": null}","{""0"": 250, ""1"": 128}",128,1,1,0,0,0.406,car-not-detected-or-stale,KEEP_PAUSED,left,right,,0
1022,2026-08-02T02:29:33.870+09:00,123.503,1021,8.36,0,DRIVING,,0,1,1,0,0,0,-0.023095,2.121,8417,0,0.038218,0.038218,0,742,green,0.228,,0,unknown,0.000000,null,0.000000,0.377,,"{""0"": 250, ""1"": 250, ""2"": null, ""3"": null, ""4"": null, ""5"": null, ""6"": null, ""7"": null}","{""0"": 0.0, ""1"": 0.0, ""2"": null, ""3"": null, ""4"": null, ""5"": null, ""6"": null, ""7"": null}","{""0"": 250, ""1"": 250}",250,1,0,0,0,0.377,ultrasonic-not-close,KEEP_PAUSED,left,right,,0
1023,2026-08-02T02:29:33.969+09:00,123.601,1022,8.36,0,DRIVING,,0,1,1,0,0,0,-0.024534,2.147,8238,0,0.044405,0.044405,0,745,green,0.236,,0,unknown,0.000000,null,0.000000,0.295,,"{""0"": 250, ""1"": 250, ""2"": null, ""3"": null, ""4"": null, ""5"": null, ""6"": null, ""7"": null}","{""0"": 0.0, ""1"": 0.0, ""2"": null, ""3"": null, ""4"": null, ""5"": null, ""6"": null, ""7"": null}","{""0"": 250, ""1"": 250}",250,1,0,0,0,0.295,ultrasonic-not-close,KEEP_PAUSED,left,right,,0
1024,2026-08-02T02:29:34.068+09:00,123.701,1023,8.56,0,DRIVING,,0,1,1,0,0,0,-0.024758,2.148,8380,0,0.045136,0.045136,0,743,green,0.199,,0,unknown,0.000000,null,0.000000,0.393,,"{""0"": 250, ""1"": 250, ""2"": null, ""3"": null, ""4"": null, ""5"": null, ""6"": null, ""7"": null}","{""0"": 0.0, ""1"": 0.0, ""2"": null, ""3"": null, ""4"": null, ""5"": null, ""6"": null, ""7"": null}","{""0"": 250, ""1"": 250}",250,1,0,0,0,0.393,ultrasonic-not-close,KEEP_PAUSED,left,right,,0
1025,2026-08-02T02:29:34.167+09:00,123.798,1024,8.66,0,DRIVING,,0,1,1,0,0,0,-0.024215,2.157,8324,0,0.043012,0.043012,0,743,green,0.212,,0,unknown,0.000000,null,0.000000,0.262,,"{""0"": 250, ""1"": 250, ""2"": null, ""3"": null, ""4"": null, ""5"": null, ""6"": null, ""7"": null}","{""0"": 0.0, ""1"": 0.0, ""2"": null, ""3"": null, ""4"": null, ""5"": null, ""6"": null, ""7"": null}","{""0"": 250, ""1"": 250}",250,1,0,0,0,0.262,ultrasonic-not-close,KEEP_PAUSED,left,right,,0
1026,2026-08-02T02:29:34.312+09:00,123.944,1025,8.54,0,DRIVING,,0,1,1,0,0,0,-0.023978,2.178,8231,0,0.042331,0.042331,0,743,green,0.308,,0,unknown,0.000000,null,0.000000,0.406,,"{""0"": 250, ""1"": 250, ""2"": null, ""3"": null, ""4"": null, ""5"": null, ""6"": null, ""7"": null}","{""0"": 0.0, ""1"": 0.0, ""2"": null, ""3"": null, ""4"": null, ""5"": null, ""6"": null, ""7"": null}","{""0"": 250, ""1"": 250}",250,1,0,0,0,0.406,ultrasonic-not-close,KEEP_PAUSED,left,right,,0
1027,2026-08-02T02:29:34.399+09:00,124.030,1026,8.66,0,DRIVING,,0,1,1,0,0,0,-0.023888,2.192,8228,0,0.042256,0.042256,0,742,green,0.141,,0,unknown,0.000000,null,0.000000,0.284,,"{""0"": 250, ""1"": 250, ""2"": null, ""3"": null, ""4"": null, ""5"": null, ""6"": null, ""7"": null}","{""0"": 0.0, ""1"": 0.0, ""2"": null, ""3"": null, ""4"": null, ""5"": null, ""6"": null, ""7"": null}","{""0"": 250, ""1"": 250}",250,1,0,0,0,0.284,ultrasonic-not-close,KEEP_PAUSED,left,right,,0
1028,2026-08-02T02:29:34.533+09:00,124.165,1027,8.75,0,DRIVING,,0,1,1,0,0,0,-0.023868,2.197,8212,0,0.042406,0.042406,0,743,green,0.230,,0,unknown,0.000000,null,0.000000,0.419,,"{""0"": 250, ""1"": 250, ""2"": null, ""3"": null, ""4"": null, ""5"": null, ""6"": null, ""7"": null}","{""0"": 0.0, ""1"": 0.0, ""2"": null, ""3"": null, ""4"": null, ""5"": null, ""6"": null, ""7"": null}","{""0"": 250, ""1"": 250}",250,1,0,0,0,0.419,ultrasonic-not-close,KEEP_PAUSED,left,right,,0
1029,2026-08-02T02:29:34.740+09:00,124.371,1028,8.46,0,DRIVING,,0,1,1,0,0,0,-0.023853,2.199,8222,0,0.042518,0.042518,0,743,green,0.225,,0,unknown,0.000000,null,0.000000,0.529,,"{""0"": 250, ""1"": 250, ""2"": null, ""3"": null, ""4"": null, ""5"": null, ""6"": null, ""7"": null}","{""0"": 0.0, ""1"": 0.0, ""2"": null, ""3"": null, ""4"": null, ""5"": null, ""6"": null, ""7"": null}","{""0"": 250, ""1"": 250}",250,1,0,0,0,0.529,ultrasonic-not-close,KEEP_PAUSED,left,right,,0
1030,2026-08-02T02:29:34.861+09:00,124.494,1029,8.58,0,DRIVING,,0,1,1,0,0,0,-0.023841,2.199,8190,0,0.042602,0.042602,0,742,green,0.344,,0,unknown,0.000000,null,0.000000,0.426,,"{""0"": 250, ""1"": 250, ""2"": null, ""3"": null, ""4"": null, ""5"": null, ""6"": null, ""7"": null}","{""0"": 0.0, ""1"": 0.0, ""2"": null, ""3"": null, ""4"": null, ""5"": null, ""6"": null, ""7"": null}","{""0"": 250, ""1"": 250}",250,1,0,0,0,0.426,ultrasonic-not-close,KEEP_PAUSED,left,right,,0
1031,2026-08-02T02:29:34.964+09:00,124.596,1030,8.64,0,DRIVING,,0,1,1,0,0,0,-0.023833,2.200,8193,0,0.042665,0.042665,0,742,green,0.333,,0,unknown,0.000000,null,0.000000,0.396,,"{""0"": 250, ""1"": 250, ""2"": null, ""3"": null, ""4"": null, ""5"": null, ""6"": null, ""7"": null}","{""0"": 0.0, ""1"": 0.0, ""2"": null, ""3"": null, ""4"": null, ""5"": null, ""6"": null, ""7"": null}","{""0"": 250, ""1"": 250}",250,1,0,0,0,0.396,ultrasonic-not-close,KEEP_PAUSED,left,right,,0
1032,2026-08-02T02:29:35.168+09:00,124.800,1031,8.47,0,DRIVING,,0,1,1,0,0,0,-0.023826,2.198,8199,0,0.042712,0.042712,0,742,green,0.229,,0,unknown,0.000000,null,0.000000,0.598,,"{""0"": 250, ""1"": 250, ""2"": null, ""3"": null, ""4"": null, ""5"": null, ""6"": null, ""7"": null}","{""0"": 0.0, ""1"": 0.0, ""2"": null, ""3"": null, ""4"": null, ""5"": null, ""6"": null, ""7"": null}","{""0"": 250, ""1"": 250}",250,1,0,0,0,0.598,ultrasonic-not-close,KEEP_PAUSED,left,right,,0
1033,2026-08-02T02:29:35.272+09:00,124.903,1032,8.45,0,DRIVING,,0,1,1,0,0,0,-0.023822,2.200,8214,0,0.042748,0.042748,0,743,green,0.311,,0,unknown,0.000000,null,0.000000,0.374,,"{""0"": 250, ""1"": 250, ""2"": null, ""3"": null, ""4"": null, ""5"": null, ""6"": null, ""7"": null}","{""0"": 0.0, ""1"": 0.0, ""2"": null, ""3"": null, ""4"": null, ""5"": null, ""6"": null, ""7"": null}","{""0"": 250, ""1"": 250}",250,1,0,0,0,0.374,ultrasonic-not-close,KEEP_PAUSED,left,right,,0
1034,2026-08-02T02:29:35.410+09:00,125.040,1033,8.43,0,DRIVING,,0,1,1,0,0,0,-0.023818,2.199,8198,0,0.042774,0.042774,0,743,green,0.314,,0,unknown,0.000000,null,0.000000,0.404,,"{""0"": 250, ""1"": 250, ""2"": null, ""3"": null, ""4"": null, ""5"": null, ""6"": null, ""7"": null}","{""0"": 0.0, ""1"": 0.0, ""2"": null, ""3"": null, ""4"": null, ""5"": null, ""6"": null, ""7"": null}","{""0"": 250, ""1"": 250}",250,1,0,0,0,0.404,ultrasonic-not-close,KEEP_PAUSED,left,right,,0
1035,2026-08-02T02:29:35.512+09:00,125.142,1034,8.41,0,DRIVING,,0,1,1,0,0,0,-0.023815,2.204,8179,0,0.042794,0.042794,0,742,green,0.245,,0,unknown,0.000000,null,0.000000,0.505,,"{""0"": 250, ""1"": 250, ""2"": null, ""3"": null, ""4"": null, ""5"": null, ""6"": null, ""7"": null}","{""0"": 0.0, ""1"": 0.0, ""2"": null, ""3"": null, ""4"": null, ""5"": null, ""6"": null, ""7"": null}","{""0"": 250, ""1"": 250}",250,1,0,0,0,0.505,ultrasonic-not-close,KEEP_PAUSED,left,right,,0
1036,2026-08-02T02:29:35.603+09:00,125.233,1035,8.51,0,DRIVING,,0,1,1,0,0,0,-0.023813,2.211,8185,0,0.042809,0.042809,0,742,green,0.348,,0,unknown,0.000000,null,0.000000,0.287,,"{""0"": 250, ""1"": 250, ""2"": null, ""3"": null, ""4"": null, ""5"": null, ""6"": null, ""7"": null}","{""0"": 0.0, ""1"": 0.0, ""2"": null, ""3"": null, ""4"": null, ""5"": null, ""6"": null, ""7"": null}","{""0"": 250, ""1"": 250}",250,1,0,0,0,0.287,ultrasonic-not-close,KEEP_PAUSED,left,right,,0
1037,2026-08-02T02:29:35.793+09:00,125.424,1036,8.27,0,DRIVING,,0,1,1,0,0,0,-0.023812,2.207,8200,0,0.042820,0.042820,0,741,green,0.330,,0,unknown,0.000000,null,0.000000,0.346,,"{""0"": 250, ""1"": 250, ""2"": null, ""3"": null, ""4"": null, ""5"": null, ""6"": null, ""7"": null}","{""0"": 0.0, ""1"": 0.0, ""2"": null, ""3"": null, ""4"": null, ""5"": null, ""6"": null, ""7"": null}","{""0"": 250, ""1"": 250}",250,1,0,0,0,0.346,ultrasonic-not-close,KEEP_PAUSED,left,right,,0
1038,2026-08-02T02:29:35.977+09:00,125.608,1037,8.17,0,DRIVING,,0,1,1,0,0,0,-0.023811,2.211,8172,0,0.042828,0.042828,0,743,green,0.284,,0,unknown,0.000000,null,0.000000,0.528,,"{""0"": 250, ""1"": 250, ""2"": null, ""3"": null, ""4"": null, ""5"": null, ""6"": null, ""7"": null}","{""0"": 0.0, ""1"": 0.0, ""2"": null, ""3"": null, ""4"": null, ""5"": null, ""6"": null, ""7"": null}","{""0"": 250, ""1"": 250}",250,1,0,0,0,0.528,ultrasonic-not-close,KEEP_PAUSED,left,right,,0
1039,2026-08-02T02:29:36.076+09:00,125.707,1038,8.33,0,DRIVING,,0,1,1,0,0,0,-0.023810,2.212,8178,0,0.042834,0.042834,0,743,green,0.378,,0,unknown,0.000000,null,0.000000,0.435,,"{""0"": 250, ""1"": 250, ""2"": null, ""3"": null, ""4"": null, ""5"": null, ""6"": null, ""7"": null}","{""0"": 0.0, ""1"": 0.0, ""2"": null, ""3"": null, ""4"": null, ""5"": null, ""6"": null, ""7"": null}","{""0"": 250, ""1"": 250}",250,1,0,0,0,0.435,ultrasonic-not-close,KEEP_PAUSED,left,right,,0
1040,2026-08-02T02:29:36.181+09:00,125.814,1039,8.35,0,DRIVING,,0,1,1,0,0,0,-0.023809,2.211,8189,0,0.042839,0.042839,0,743,green,0.289,,0,unknown,0.000000,null,0.000000,0.352,,"{""0"": 250, ""1"": 250, ""2"": null, ""3"": null, ""4"": null, ""5"": null, ""6"": null, ""7"": null}","{""0"": 0.0, ""1"": 0.0, ""2"": null, ""3"": null, ""4"": null, ""5"": null, ""6"": null, ""7"": null}","{""0"": 250, ""1"": 250}",250,1,0,0,0,0.352,ultrasonic-not-close,KEEP_PAUSED,left,right,,0
1041,2026-08-02T02:29:36.362+09:00,125.991,1040,8.17,0,DRIVING,,0,1,1,0,0,0,-0.023809,2.212,8181,0,0.042843,0.042843,0,743,green,0.207,,0,unknown,0.000000,null,0.000000,0.531,,"{""0"": 250, ""1"": 250, ""2"": null, ""3"": null, ""4"": null, ""5"": null, ""6"": null, ""7"": null}","{""0"": 0.0, ""1"": 0.0, ""2"": null, ""3"": null, ""4"": null, ""5"": null, ""6"": null, ""7"": null}","{""0"": 250, ""1"": 250}",250,1,0,0,0,0.531,ultrasonic-not-close,KEEP_PAUSED,left,right,,0
1042,2026-08-02T02:29:36.519+09:00,126.150,1041,8.02,0,DRIVING,,0,1,1,0,0,0,-0.023808,2.213,8185,0,0.042845,0.042845,0,744,green,0.287,,0,unknown,0.000000,null,0.000000,0.405,,"{""0"": 250, ""1"": 250, ""2"": null, ""3"": null, ""4"": null, ""5"": null, ""6"": null, ""7"": null}","{""0"": 0.0, ""1"": 0.0, ""2"": null, ""3"": null, ""4"": null, ""5"": null, ""6"": null, ""7"": null}","{""0"": 250, ""1"": 250}",250,1,0,0,0,0.405,ultrasonic-not-close,KEEP_PAUSED,left,right,,0
1043,2026-08-02T02:29:36.618+09:00,126.250,1042,8.02,0,DRIVING,,0,1,1,0,0,0,-0.023808,2.216,8175,0,0.042847,0.042847,0,743,green,0.342,,0,unknown,0.000000,null,0.000000,0.219,,"{""0"": 250, ""1"": 250, ""2"": null, ""3"": null, ""4"": null, ""5"": null, ""6"": null, ""7"": null}","{""0"": 0.0, ""1"": 0.0, ""2"": null, ""3"": null, ""4"": null, ""5"": null, ""6"": null, ""7"": null}","{""0"": 250, ""1"": 250}",250,1,0,0,0,0.219,ultrasonic-not-close,KEEP_PAUSED,left,right,,0
1044,2026-08-02T02:29:36.755+09:00,126.387,1043,8.11,0,DRIVING,,0,1,1,0,0,0,-0.023808,2.217,8165,0,0.042849,0.042849,0,743,green,0.261,,0,unknown,0.000000,null,0.000000,0.358,,"{""0"": 250, ""1"": 250, ""2"": null, ""3"": null, ""4"": null, ""5"": null, ""6"": null, ""7"": null}","{""0"": 0.0, ""1"": 0.0, ""2"": null, ""3"": null, ""4"": null, ""5"": null, ""6"": null, ""7"": null}","{""0"": 250, ""1"": 250}",250,1,0,0,0,0.358,ultrasonic-not-close,KEEP_PAUSED,left,right,,0
1045,2026-08-02T02:29:36.880+09:00,126.512,1044,8.04,0,DRIVING,,0,1,1,0,0,0,-0.023808,2.218,8160,0,0.042850,0.042850,0,743,green,0.240,,0,unknown,0.000000,null,0.000000,0.324,,"{""0"": 250, ""1"": 250, ""2"": null, ""3"": null, ""4"": null, ""5"": null, ""6"": null, ""7"": null}","{""0"": 0.0, ""1"": 0.0, ""2"": null, ""3"": null, ""4"": null, ""5"": null, ""6"": null, ""7"": null}","{""0"": 250, ""1"": 250}",250,1,0,0,0,0.324,ultrasonic-not-close,KEEP_PAUSED,left,right,,0
1046,2026-08-02T02:29:36.995+09:00,126.627,1045,8.00,0,DRIVING,,0,1,1,0,0,0,-0.023808,2.215,8186,0,0.042851,0.042851,0,743,green,0.275,,0,unknown,0.000000,null,0.000000,0.339,,"{""0"": 250, ""1"": 250, ""2"": null, ""3"": null, ""4"": null, ""5"": null, ""6"": null, ""7"": null}","{""0"": 0.0, ""1"": 0.0, ""2"": null, ""3"": null, ""4"": null, ""5"": null, ""6"": null, ""7"": null}","{""0"": 250, ""1"": 250}",250,1,0,0,0,0.339,ultrasonic-not-close,KEEP_PAUSED,left,right,,0
1047,2026-08-02T02:29:37.190+09:00,126.823,1046,7.78,0,DRIVING,,0,1,1,0,0,0,-0.023807,2.214,8201,0,0.042851,0.042851,0,743,green,0.246,,0,unknown,0.000000,null,0.000000,0.536,,"{""0"": 250, ""1"": 250, ""2"": null, ""3"": null, ""4"": null, ""5"": null, ""6"": null, ""7"": null}","{""0"": 0.0, ""1"": 0.0, ""2"": null, ""3"": null, ""4"": null, ""5"": null, ""6"": null, ""7"": null}","{""0"": 250, ""1"": 250}",250,1,0,0,0,0.536,ultrasonic-not-close,KEEP_PAUSED,left,right,,0
1048,2026-08-02T02:29:37.277+09:00,126.909,1047,7.85,0,DRIVING,,0,1,1,0,0,0,-0.023807,2.218,8202,0,0.042852,0.042852,0,742,green,0.307,,0,unknown,0.000000,null,0.000000,0.353,,"{""0"": 250, ""1"": 250, ""2"": null, ""3"": null, ""4"": null, ""5"": null, ""6"": null, ""7"": null}","{""0"": 0.0, ""1"": 0.0, ""2"": null, ""3"": null, ""4"": null, ""5"": null, ""6"": null, ""7"": null}","{""0"": 250, ""1"": 250}",250,1,0,0,0,0.353,ultrasonic-not-close,KEEP_PAUSED,left,right,,0
1049,2026-08-02T02:29:37.435+09:00,127.067,1048,7.72,0,DRIVING,,0,1,1,0,0,0,-0.023807,2.214,8219,0,0.042852,0.042852,0,743,green,0.409,,0,unknown,0.000000,null,0.000000,0.510,,"{""0"": 250, ""1"": 250, ""2"": null, ""3"": null, ""4"": null, ""5"": null, ""6"": null, ""7"": null}","{""0"": 0.0, ""1"": 0.0, ""2"": null, ""3"": null, ""4"": null, ""5"": null, ""6"": null, ""7"": null}","{""0"": 250, ""1"": 250}",250,1,0,0,0,0.510,ultrasonic-not-close,KEEP_PAUSED,left,right,,0
1050,2026-08-02T02:29:37.619+09:00,127.230,1049,7.58,0,DRIVING,,0,1,1,0,0,0,-0.023807,2.218,8225,0,0.042852,0.042852,0,743,green,0.146,,0,unknown,0.000000,null,0.000000,0.371,,"{""0"": 250, ""1"": 250, ""2"": null, ""3"": null, ""4"": null, ""5"": null, ""6"": null, ""7"": null}","{""0"": 0.0, ""1"": 0.0, ""2"": null, ""3"": null, ""4"": null, ""5"": null, ""6"": null, ""7"": null}","{""0"": 250, ""1"": 250}",250,1,0,0,0,0.371,ultrasonic-not-close,KEEP_PAUSED,left,right,,0
1051,2026-08-02T02:29:37.713+09:00,127.343,1050,7.62,0,DRIVING,,0,1,1,0,0,0,-0.023807,2.216,8207,0,0.042852,0.042852,0,743,green,0.189,,0,unknown,0.000000,null,0.000000,0.381,,"{""0"": 250, ""1"": 250, ""2"": null, ""3"": null, ""4"": null, ""5"": null, ""6"": null, ""7"": null}","{""0"": 0.0, ""1"": 0.0, ""2"": null, ""3"": null, ""4"": null, ""5"": null, ""6"": null, ""7"": null}","{""0"": 250, ""1"": 250}",250,1,0,0,0,0.381,ultrasonic-not-close,KEEP_PAUSED,left,right,,0
1052,2026-08-02T02:29:37.850+09:00,127.482,1051,7.54,0,DRIVING,,0,1,1,0,0,0,-0.023807,2.219,8192,0,0.042853,0.042853,0,743,green,0.283,,0,unknown,0.000000,null,0.000000,0.520,,"{""0"": 250, ""1"": 250, ""2"": null, ""3"": null, ""4"": null, ""5"": null, ""6"": null, ""7"": null}","{""0"": 0.0, ""1"": 0.0, ""2"": null, ""3"": null, ""4"": null, ""5"": null, ""6"": null, ""7"": null}","{""0"": 250, ""1"": 250}",250,1,0,0,0,0.520,ultrasonic-not-close,KEEP_PAUSED,left,right,,0
1053,2026-08-02T02:29:37.997+09:00,127.628,1052,7.45,0,DRIVING,,0,1,1,0,0,0,-0.023807,2.222,8196,0,0.042853,0.042853,0,744,green,0.235,,0,unknown,0.000000,null,0.000000,0.341,,"{""0"": 250, ""1"": 250, ""2"": null, ""3"": null, ""4"": null, ""5"": null, ""6"": null, ""7"": null}","{""0"": 0.0, ""1"": 0.0, ""2"": null, ""3"": null, ""4"": null, ""5"": null, ""6"": null, ""7"": null}","{""0"": 250, ""1"": 250}",250,1,0,0,0,0.341,ultrasonic-not-close,KEEP_PAUSED,left,right,,0
1054,2026-08-02T02:29:38.088+09:00,127.721,1053,7.46,0,DRIVING,,0,1,1,0,0,0,-0.023807,2.223,8192,0,0.042853,0.042853,0,743,green,0.289,,0,unknown,0.000000,null,0.000000,0.339,,"{""0"": 250, ""1"": 250, ""2"": null, ""3"": null, ""4"": null, ""5"": null, ""6"": null, ""7"": null}","{""0"": 0.0, ""1"": 0.0, ""2"": null, ""3"": null, ""4"": null, ""5"": null, ""6"": null, ""7"": null}","{""0"": 250, ""1"": 250}",250,1,0,0,0,0.339,ultrasonic-not-close,KEEP_PAUSED,left,right,,0
1055,2026-08-02T02:29:38.260+09:00,127.892,1054,7.33,0,DRIVING,,0,1,1,0,0,0,-0.023807,2.221,8202,0,0.042853,0.042853,0,742,green,0.244,,0,unknown,0.000000,null,0.000000,0.373,,"{""0"": 250, ""1"": 250, ""2"": null, ""3"": null, ""4"": null, ""5"": null, ""6"": null, ""7"": null}","{""0"": 0.0, ""1"": 0.0, ""2"": null, ""3"": null, ""4"": null, ""5"": null, ""6"": null, ""7"": null}","{""0"": 250, ""1"": 250}",250,1,0,0,0,0.373,ultrasonic-not-close,KEEP_PAUSED,left,right,,0
1056,2026-08-02T02:29:38.358+09:00,127.990,1055,7.42,0,DRIVING,,0,1,1,0,0,0,-0.023807,2.220,8211,0,0.042853,0.042853,0,742,green,0.266,,0,unknown,0.000000,null,0.000000,0.472,,"{""0"": 250, ""1"": 250, ""2"": null, ""3"": null, ""4"": null, ""5"": null, ""6"": null, ""7"": null}","{""0"": 0.0, ""1"": 0.0, ""2"": null, ""3"": null, ""4"": null, ""5"": null, ""6"": null, ""7"": null}","{""0"": 250, ""1"": 250}",250,1,0,0,0,0.472,ultrasonic-not-close,KEEP_PAUSED,left,right,,0
1057,2026-08-02T02:29:38.458+09:00,128.088,1056,7.39,0,DRIVING,,0,1,1,0,0,0,-0.023807,2.218,8207,0,0.042853,0.042853,0,743,green,0.273,,0,unknown,0.000000,null,0.000000,0.331,,"{""0"": 250, ""1"": 250, ""2"": null, ""3"": null, ""4"": null, ""5"": null, ""6"": null, ""7"": null}","{""0"": 0.0, ""1"": 0.0, ""2"": null, ""3"": null, ""4"": null, ""5"": null, ""6"": null, ""7"": null}","{""0"": 250, ""1"": 250}",250,1,0,0,0,0.331,ultrasonic-not-close,KEEP_PAUSED,left,right,,0
1058,2026-08-02T02:29:38.630+09:00,128.253,1057,7.34,0,DRIVING,,0,1,1,0,0,0,-0.023807,2.219,8218,0,0.042853,0.042853,0,742,green,0.201,,0,unknown,0.000000,null,0.000000,0.495,,"{""0"": 250, ""1"": 250, ""2"": null, ""3"": null, ""4"": null, ""5"": null, ""6"": null, ""7"": null}","{""0"": 0.0, ""1"": 0.0, ""2"": null, ""3"": null, ""4"": null, ""5"": null, ""6"": null, ""7"": null}","{""0"": 250, ""1"": 250}",250,1,0,0,0,0.495,ultrasonic-not-close,KEEP_PAUSED,left,right,,0
1059,2026-08-02T02:29:38.765+09:00,128.397,1058,7.45,0,DRIVING,,0,1,1,0,0,0,-0.023807,2.217,8207,0,0.042853,0.042853,0,742,green,0.274,,0,unknown,0.000000,null,0.000000,0.369,,"{""0"": 250, ""1"": 250, ""2"": null, ""3"": null, ""4"": null, ""5"": null, ""6"": null, ""7"": null}","{""0"": 0.0, ""1"": 0.0, ""2"": null, ""3"": null, ""4"": null, ""5"": null, ""6"": null, ""7"": null}","{""0"": 250, ""1"": 250}",250,1,0,0,0,0.369,ultrasonic-not-close,KEEP_PAUSED,left,right,,0
1060,2026-08-02T02:29:38.897+09:00,128.528,1059,7.43,0,DRIVING,,0,1,1,0,0,0,-0.023807,2.220,8214,0,0.042853,0.042853,0,743,green,0.313,,0,unknown,0.000000,null,0.000000,0.232,,"{""0"": 250, ""1"": 250, ""2"": null, ""3"": null, ""4"": null, ""5"": null, ""6"": null, ""7"": null}","{""0"": 0.0, ""1"": 0.0, ""2"": null, ""3"": null, ""4"": null, ""5"": null, ""6"": null, ""7"": null}","{""0"": 250, ""1"": 250}",250,1,0,0,0,0.232,ultrasonic-not-close,KEEP_PAUSED,left,right,,0
1061,2026-08-02T02:29:39.066+09:00,128.699,1060,7.32,0,DRIVING,,0,1,1,0,0,0,-0.023807,2.217,8207,0,0.042853,0.042853,0,743,green,0.272,,0,unknown,0.000000,null,0.000000,0.400,,"{""0"": 250, ""1"": 250, ""2"": null, ""3"": null, ""4"": null, ""5"": null, ""6"": null, ""7"": null}","{""0"": 0.0, ""1"": 0.0, ""2"": null, ""3"": null, ""4"": null, ""5"": null, ""6"": null, ""7"": null}","{""0"": 250, ""1"": 250}",250,1,0,0,0,0.400,ultrasonic-not-close,KEEP_PAUSED,left,right,,0
1062,2026-08-02T02:29:39.192+09:00,128.821,1061,7.46,0,DRIVING,,0,1,1,0,0,0,-0.023807,2.219,8198,0,0.042853,0.042853,0,742,green,0.304,,0,unknown,0.000000,null,0.000000,0.385,,"{""0"": 250, ""1"": 250, ""2"": null, ""3"": null, ""4"": null, ""5"": null, ""6"": null, ""7"": null}","{""0"": 0.0, ""1"": 0.0, ""2"": null, ""3"": null, ""4"": null, ""5"": null, ""6"": null, ""7"": null}","{""0"": 250, ""1"": 250}",250,1,0,0,0,0.385,ultrasonic-not-close,KEEP_PAUSED,left,right,,0
1063,2026-08-02T02:29:39.293+09:00,128.925,1062,7.46,0,DRIVING,,0,1,1,0,0,0,-0.023807,2.219,8198,0,0.042853,0.042853,0,742,green,0.301,,0,unknown,0.000000,null,0.000000,0.359,,"{""0"": 250, ""1"": 250, ""2"": null, ""3"": null, ""4"": null, ""5"": null, ""6"": null, ""7"": null}","{""0"": 0.0, ""1"": 0.0, ""2"": null, ""3"": null, ""4"": null, ""5"": null, ""6"": null, ""7"": null}","{""0"": 250, ""1"": 250}",250,1,0,0,0,0.359,ultrasonic-not-close,KEEP_PAUSED,left,right,,0
1064,2026-08-02T02:29:39.387+09:00,129.018,1063,7.54,0,DRIVING,,0,1,1,0,0,0,-0.023807,2.220,8198,0,0.042853,0.042853,0,743,green,0.401,,0,unknown,0.000000,null,0.000000,0.453,,"{""0"": 250, ""1"": 250, ""2"": null, ""3"": null, ""4"": null, ""5"": null, ""6"": null, ""7"": null}","{""0"": 0.0, ""1"": 0.0, ""2"": null, ""3"": null, ""4"": null, ""5"": null, ""6"": null, ""7"": null}","{""0"": 250, ""1"": 250}",250,1,0,0,0,0.453,ultrasonic-not-close,KEEP_PAUSED,left,right,,0
1065,2026-08-02T02:29:39.481+09:00,129.110,1064,7.56,0,DRIVING,,0,1,1,0,0,0,-0.023807,2.221,8198,0,0.042853,0.042853,0,742,green,0.326,,0,unknown,0.000000,null,0.000000,0.249,,"{""0"": 250, ""1"": 250, ""2"": null, ""3"": null, ""4"": null, ""5"": null, ""6"": null, ""7"": null}","{""0"": 0.0, ""1"": 0.0, ""2"": null, ""3"": null, ""4"": null, ""5"": null, ""6"": null, ""7"": null}","{""0"": 250, ""1"": 250}",250,1,0,0,0,0.249,ultrasonic-not-close,KEEP_PAUSED,left,right,,0
1066,2026-08-02T02:29:39.639+09:00,129.271,1065,7.43,0,DRIVING,,0,1,1,0,0,0,-0.023807,2.221,8198,0,0.042853,0.042853,0,743,green,0.193,,0,unknown,0.000000,null,0.000000,0.410,,"{""0"": 250, ""1"": 250, ""2"": null, ""3"": null, ""4"": null, ""5"": null, ""6"": null, ""7"": null}","{""0"": 0.0, ""1"": 0.0, ""2"": null, ""3"": null, ""4"": null, ""5"": null, ""6"": null, ""7"": null}","{""0"": 250, ""1"": 250}",250,1,0,0,0,0.410,ultrasonic-not-close,KEEP_PAUSED,left,right,,0
1067,2026-08-02T02:29:39.744+09:00,129.376,1066,7.59,0,DRIVING,,0,1,1,0,0,0,-0.023807,2.220,8202,0,0.042853,0.042853,0,742,green,0.255,,0,unknown,0.000000,null,0.000000,0.320,,"{""0"": 250, ""1"": 250, ""2"": null, ""3"": null, ""4"": null, ""5"": null, ""6"": null, ""7"": null}","{""0"": 0.0, ""1"": 0.0, ""2"": null, ""3"": null, ""4"": null, ""5"": null, ""6"": null, ""7"": null}","{""0"": 250, ""1"": 250}",250,1,0,0,0,0.320,ultrasonic-not-close,KEEP_PAUSED,left,right,,0
1068,2026-08-02T02:29:39.858+09:00,129.490,1067,7.73,0,DRIVING,,0,1,1,0,0,0,-0.023807,2.222,8190,0,0.042853,0.042853,0,743,green,0.268,,0,unknown,0.000000,null,0.000000,0.339,,"{""0"": 250, ""1"": 250, ""2"": null, ""3"": null, ""4"": null, ""5"": null, ""6"": null, ""7"": null}","{""0"": 0.0, ""1"": 0.0, ""2"": null, ""3"": null, ""4"": null, ""5"": null, ""6"": null, ""7"": null}","{""0"": 250, ""1"": 250}",250,1,0,0,0,0.339,ultrasonic-not-close,KEEP_PAUSED,left,right,,0
1069,2026-08-02T02:29:40.031+09:00,129.662,1068,7.58,0,DRIVING,,0,1,1,0,0,0,-0.023807,2.223,8185,0,0.042853,0.042853,0,743,green,0.224,,0,unknown,0.000000,null,0.000000,0.511,,"{""0"": 250, ""1"": 250, ""2"": null, ""3"": null, ""4"": null, ""5"": null, ""6"": null, ""7"": null}","{""0"": 0.0, ""1"": 0.0, ""2"": null, ""3"": null, ""4"": null, ""5"": null, ""6"": null, ""7"": null}","{""0"": 250, ""1"": 250}",250,1,0,0,0,0.511,ultrasonic-not-close,KEEP_PAUSED,left,right,,0
1070,2026-08-02T02:29:40.156+09:00,129.789,1069,7.55,0,DRIVING,,0,1,1,0,0,0,-0.023807,2.226,8180,0,0.042853,0.042853,0,743,green,0.289,,0,unknown,0.000000,null,0.000000,0.374,,"{""0"": 250, ""1"": 250, ""2"": null, ""3"": null, ""4"": null, ""5"": null, ""6"": null, ""7"": null}","{""0"": 0.0, ""1"": 0.0, ""2"": null, ""3"": null, ""4"": null, ""5"": null, ""6"": null, ""7"": null}","{""0"": 250, ""1"": 250}",250,1,0,0,0,0.374,ultrasonic-not-close,KEEP_PAUSED,left,right,,0
1071,2026-08-02T02:29:40.260+09:00,129.891,1070,7.69,0,DRIVING,,0,1,1,0,0,0,-0.023807,2.228,8180,0,0.042853,0.042853,0,743,green,0.303,,0,unknown,0.000000,null,0.000000,0.191,,"{""0"": 250, ""1"": 250, ""2"": null, ""3"": null, ""4"": null, ""5"": null, ""6"": null, ""7"": null}","{""0"": 0.0, ""1"": 0.0, ""2"": null, ""3"": null, ""4"": null, ""5"": null, ""6"": null, ""7"": null}","{""0"": 250, ""1"": 250}",250,1,0,0,0,0.191,ultrasonic-not-close,KEEP_PAUSED,left,right,,0
1072,2026-08-02T02:29:40.375+09:00,130.007,1071,7.78,0,DRIVING,,0,1,1,0,0,0,-0.023807,2.230,8180,0,0.042853,0.042853,0,742,green,0.233,,0,unknown,0.000000,null,0.000000,0.306,,"{""0"": 250, ""1"": 250, ""2"": null, ""3"": null, ""4"": null, ""5"": null, ""6"": null, ""7"": null}","{""0"": 0.0, ""1"": 0.0, ""2"": null, ""3"": null, ""4"": null, ""5"": null, ""6"": null, ""7"": null}","{""0"": 250, ""1"": 250}",250,1,0,0,0,0.306,ultrasonic-not-close,KEEP_PAUSED,left,right,,0
1073,2026-08-02T02:29:40.471+09:00,130.103,1072,7.78,0,DRIVING,,0,1,1,0,0,0,-0.023807,2.229,8188,0,0.042853,0.042853,0,743,green,0.348,,0,unknown,0.000000,null,0.000000,0.277,,"{""0"": 250, ""1"": 250, ""2"": null, ""3"": null, ""4"": null, ""5"": null, ""6"": null, ""7"": null}","{""0"": 0.0, ""1"": 0.0, ""2"": null, ""3"": null, ""4"": null, ""5"": null, ""6"": null, ""7"": null}","{""0"": 250, ""1"": 250}",250,1,0,0,0,0.277,ultrasonic-not-close,KEEP_PAUSED,left,right,,0
1074,2026-08-02T02:29:40.641+09:00,130.273,1073,7.72,0,DRIVING,,0,1,1,0,0,0,-0.023807,2.226,8202,0,0.042853,0.042853,0,743,green,0.321,,0,unknown,0.000000,null,0.000000,0.448,,"{""0"": 250, ""1"": 250, ""2"": null, ""3"": null, ""4"": null, ""5"": null, ""6"": null, ""7"": null}","{""0"": 0.0, ""1"": 0.0, ""2"": null, ""3"": null, ""4"": null, ""5"": null, ""6"": null, ""7"": null}","{""0"": 250, ""1"": 250}",250,1,0,0,0,0.448,ultrasonic-not-close,KEEP_PAUSED,left,right,,0
1075,2026-08-02T02:29:40.734+09:00,130.366,1074,7.78,0,DRIVING,,0,1,1,0,0,0,-0.023807,2.226,8190,0,0.042853,0.042853,0,743,green,0.270,,0,unknown,0.000000,null,0.000000,0.322,,"{""0"": 250, ""1"": 250, ""2"": null, ""3"": null, ""4"": null, ""5"": null, ""6"": null, ""7"": null}","{""0"": 0.0, ""1"": 0.0, ""2"": null, ""3"": null, ""4"": null, ""5"": null, ""6"": null, ""7"": null}","{""0"": 250, ""1"": 250}",250,1,0,0,0,0.322,ultrasonic-not-close,KEEP_PAUSED,left,right,,0
1076,2026-08-02T02:29:40.874+09:00,130.506,1075,7.73,0,DRIVING,,0,1,1,0,0,0,-0.023807,2.228,8178,0,0.042853,0.042853,0,743,green,0.266,,0,unknown,0.000000,null,0.000000,0.462,,"{""0"": 250, ""1"": 250, ""2"": null, ""3"": null, ""4"": null, ""5"": null, ""6"": null, ""7"": null}","{""0"": 0.0, ""1"": 0.0, ""2"": null, ""3"": null, ""4"": null, ""5"": null, ""6"": null, ""7"": null}","{""0"": 250, ""1"": 250}",250,1,0,0,0,0.462,ultrasonic-not-close,KEEP_PAUSED,left,right,,0
1077,2026-08-02T02:29:40.969+09:00,130.599,1076,7.94,0,DRIVING,,0,1,1,0,0,0,-0.023807,2.230,8178,0,0.042853,0.042853,0,742,green,0.236,,0,unknown,0.000000,null,0.000000,0.458,,"{""0"": 250, ""1"": 250, ""2"": null, ""3"": null, ""4"": null, ""5"": null, ""6"": null, ""7"": null}","{""0"": 0.0, ""1"": 0.0, ""2"": null, ""3"": null, ""4"": null, ""5"": null, ""6"": null, ""7"": null}","{""0"": 250, ""1"": 250}",250,1,0,0,0,0.458,ultrasonic-not-close,KEEP_PAUSED,left,right,,0
1078,2026-08-02T02:29:41.109+09:00,130.742,1077,7.83,0,DRIVING,,0,1,1,0,0,0,-0.023807,2.229,8207,0,0.042853,0.042853,0,742,green,0.243,,0,unknown,0.000000,null,0.000000,0.339,,"{""0"": 250, ""1"": 250, ""2"": null, ""3"": null, ""4"": null, ""5"": null, ""6"": null, ""7"": null}","{""0"": 0.0, ""1"": 0.0, ""2"": null, ""3"": null, ""4"": null, ""5"": null, ""6"": null, ""7"": null}","{""0"": 250, ""1"": 250}",250,1,0,0,0,0.339,ultrasonic-not-close,KEEP_PAUSED,left,right,,0
1079,2026-08-02T02:29:41.197+09:00,130.830,1078,7.97,0,DRIVING,,0,1,1,0,0,0,-0.023807,2.225,8198,0,0.042853,0.042853,0,743,green,0.239,,0,unknown,0.000000,null,0.000000,0.427,,"{""0"": 250, ""1"": 250, ""2"": null, ""3"": null, ""4"": null, ""5"": null, ""6"": null, ""7"": null}","{""0"": 0.0, ""1"": 0.0, ""2"": null, ""3"": null, ""4"": null, ""5"": null, ""6"": null, ""7"": null}","{""0"": 250, ""1"": 250}",250,1,0,0,0,0.427,ultrasonic-not-close,KEEP_PAUSED,left,right,,0
1080,2026-08-02T02:29:41.293+09:00,130.925,1079,8.12,0,DRIVING,,0,1,1,0,0,0,-0.023807,2.222,8228,0,0.042853,0.042853,0,743,green,0.229,,0,unknown,0.000000,null,0.000000,0.283,,"{""0"": 250, ""1"": 250, ""2"": null, ""3"": null, ""4"": null, ""5"": null, ""6"": null, ""7"": null}","{""0"": 0.0, ""1"": 0.0, ""2"": null, ""3"": null, ""4"": null, ""5"": null, ""6"": null, ""7"": null}","{""0"": 250, ""1"": 250}",250,1,0,0,0,0.283,ultrasonic-not-close,KEEP_PAUSED,left,right,,0
1081,2026-08-02T02:29:41.442+09:00,131.074,1080,8.04,0,DRIVING,,0,1,1,0,0,0,-0.023807,2.225,8209,0,0.042853,0.042853,0,743,green,0.187,,0,unknown,0.000000,null,0.000000,0.432,,"{""0"": 250, ""1"": 250, ""2"": null, ""3"": null, ""4"": null, ""5"": null, ""6"": null, ""7"": null}","{""0"": 0.0, ""1"": 0.0, ""2"": null, ""3"": null, ""4"": null, ""5"": null, ""6"": null, ""7"": null}","{""0"": 250, ""1"": 250}",250,1,0,0,0,0.432,ultrasonic-not-close,KEEP_PAUSED,left,right,,0
1082,2026-08-02T02:29:41.531+09:00,131.164,1081,8.15,0,DRIVING,,0,1,1,0,0,0,-0.023807,2.222,8222,0,0.042853,0.042853,0,743,green,0.247,,0,unknown,0.000000,null,0.000000,0.297,,"{""0"": 250, ""1"": 250, ""2"": null, ""3"": null, ""4"": null, ""5"": null, ""6"": null, ""7"": null}","{""0"": 0.0, ""1"": 0.0, ""2"": null, ""3"": null, ""4"": null, ""5"": null, ""6"": null, ""7"": null}","{""0"": 250, ""1"": 250}",250,1,0,0,0,0.297,ultrasonic-not-close,KEEP_PAUSED,left,right,,0
1083,2026-08-02T02:29:41.711+09:00,131.344,1082,8.08,0,DRIVING,,0,1,1,0,0,0,-0.023807,2.225,8209,0,0.042853,0.042853,0,743,green,0.244,,0,unknown,0.000000,null,0.000000,0.477,,"{""0"": 250, ""1"": 250, ""2"": null, ""3"": null, ""4"": null, ""5"": null, ""6"": null, ""7"": null}","{""0"": 0.0, ""1"": 0.0, ""2"": null, ""3"": null, ""4"": null, ""5"": null, ""6"": null, ""7"": null}","{""0"": 250, ""1"": 250}",250,1,0,0,0,0.477,ultrasonic-not-close,KEEP_PAUSED,left,right,,0
1084,2026-08-02T02:29:41.877+09:00,131.508,1083,7.92,0,DRIVING,,0,1,1,0,0,0,-0.023807,2.225,8214,0,0.042853,0.042853,0,742,green,0.272,,0,unknown,0.000000,null,0.000000,0.546,,"{""0"": 250, ""1"": 250, ""2"": null, ""3"": null, ""4"": null, ""5"": null, ""6"": null, ""7"": null}","{""0"": 0.0, ""1"": 0.0, ""2"": null, ""3"": null, ""4"": null, ""5"": null, ""6"": null, ""7"": null}","{""0"": 250, ""1"": 250}",250,1,0,0,0,0.546,ultrasonic-not-close,KEEP_PAUSED,left,right,,0
1085,2026-08-02T02:29:41.967+09:00,131.598,1084,8.10,0,DRIVING,,0,1,1,0,0,0,-0.023807,2.222,8222,0,0.042853,0.042853,0,742,green,0.350,,0,unknown,0.000000,null,0.000000,0.397,,"{""0"": 250, ""1"": 250, ""2"": null, ""3"": null, ""4"": null, ""5"": null, ""6"": null, ""7"": null}","{""0"": 0.0, ""1"": 0.0, ""2"": null, ""3"": null, ""4"": null, ""5"": null, ""6"": null, ""7"": null}","{""0"": 250, ""1"": 250}",250,1,0,0,0,0.397,ultrasonic-not-close,KEEP_PAUSED,left,right,,0
1086,2026-08-02T02:29:42.119+09:00,131.752,1085,7.98,0,DRIVING,,0,1,1,0,0,0,-0.023807,2.220,8222,0,0.042853,0.042853,0,742,green,0.259,,0,unknown,0.000000,null,0.000000,0.550,,"{""0"": 250, ""1"": 250, ""2"": null, ""3"": null, ""4"": null, ""5"": null, ""6"": null, ""7"": null}","{""0"": 0.0, ""1"": 0.0, ""2"": null, ""3"": null, ""4"": null, ""5"": null, ""6"": null, ""7"": null}","{""0"": 250, ""1"": 250}",250,1,0,0,0,0.550,ultrasonic-not-close,KEEP_PAUSED,left,right,,0
1087,2026-08-02T02:29:42.281+09:00,131.903,1086,7.87,0,DRIVING,,0,1,1,0,0,0,-0.023807,2.222,8214,0,0.042853,0.042853,0,743,green,0.246,,0,unknown,0.000000,null,0.000000,0.356,,"{""0"": 250, ""1"": 250, ""2"": null, ""3"": null, ""4"": null, ""5"": null, ""6"": null, ""7"": null}","{""0"": 0.0, ""1"": 0.0, ""2"": null, ""3"": null, ""4"": null, ""5"": null, ""6"": null, ""7"": null}","{""0"": 250, ""1"": 250}",250,1,0,0,0,0.356,ultrasonic-not-close,KEEP_PAUSED,left,right,,0
1088,2026-08-02T02:29:42.452+09:00,132.083,1087,7.84,0,DRIVING,,0,1,1,0,0,0,-0.023807,2.223,8214,0,0.042853,0.042853,0,742,green,0.319,,0,unknown,0.000000,null,0.000000,0.444,,"{""0"": 250, ""1"": 250, ""2"": null, ""3"": null, ""4"": null, ""5"": null, ""6"": null, ""7"": null}","{""0"": 0.0, ""1"": 0.0, ""2"": null, ""3"": null, ""4"": null, ""5"": null, ""6"": null, ""7"": null}","{""0"": 250, ""1"": 250}",250,1,0,0,0,0.444,ultrasonic-not-close,KEEP_PAUSED,left,right,,0
1089,2026-08-02T02:29:42.591+09:00,132.223,1088,7.84,0,DRIVING,,0,1,1,0,0,0,-0.023807,2.226,8210,0,0.042853,0.042853,0,743,green,0.338,,0,unknown,0.000000,null,0.000000,0.271,,"{""0"": 250, ""1"": 250, ""2"": null, ""3"": null, ""4"": null, ""5"": null, ""6"": null, ""7"": null}","{""0"": 0.0, ""1"": 0.0, ""2"": null, ""3"": null, ""4"": null, ""5"": null, ""6"": null, ""7"": null}","{""0"": 250, ""1"": 250}",250,1,0,0,0,0.271,ultrasonic-not-close,KEEP_PAUSED,left,right,,0
1090,2026-08-02T02:29:42.731+09:00,132.362,1089,7.83,0,DRIVING,,0,1,1,0,0,0,-0.023807,2.226,8214,0,0.042853,0.042853,0,743,green,0.314,,0,unknown,0.000000,null,0.000000,0.411,,"{""0"": 250, ""1"": 250, ""2"": null, ""3"": null, ""4"": null, ""5"": null, ""6"": null, ""7"": null}","{""0"": 0.0, ""1"": 0.0, ""2"": null, ""3"": null, ""4"": null, ""5"": null, ""6"": null, ""7"": null}","{""0"": 250, ""1"": 250}",250,1,0,0,0,0.411,ultrasonic-not-close,KEEP_PAUSED,left,right,,0
1091,2026-08-02T02:29:42.824+09:00,132.456,1090,7.98,0,DRIVING,,0,1,1,0,0,0,-0.023807,2.225,8183,0,0.042853,0.042853,0,743,green,0.282,,0,unknown,0.000000,null,0.000000,0.332,,"{""0"": 250, ""1"": 250, ""2"": null, ""3"": null, ""4"": null, ""5"": null, ""6"": null, ""7"": null}","{""0"": 0.0, ""1"": 0.0, ""2"": null, ""3"": null, ""4"": null, ""5"": null, ""6"": null, ""7"": null}","{""0"": 250, ""1"": 250}",250,1,0,0,0,0.332,ultrasonic-not-close,KEEP_PAUSED,left,right,,0
1092,2026-08-02T02:29:42.924+09:00,132.556,1091,8.03,0,DRIVING,,0,1,1,0,0,0,-0.023807,2.224,8203,0,0.042853,0.042853,0,742,green,0.376,,0,unknown,0.000000,null,0.000000,0.433,,"{""0"": 250, ""1"": 250, ""2"": null, ""3"": null, ""4"": null, ""5"": null, ""6"": null, ""7"": null}","{""0"": 0.0, ""1"": 0.0, ""2"": null, ""3"": null, ""4"": null, ""5"": null, ""6"": null, ""7"": null}","{""0"": 250, ""1"": 250}",250,1,0,0,0,0.433,ultrasonic-not-close,KEEP_PAUSED,left,right,,0
1093,2026-08-02T02:29:43.083+09:00,132.715,1092,7.92,0,DRIVING,,0,1,1,0,0,0,-0.023807,2.224,8220,0,0.042853,0.042853,0,743,green,0.335,,0,unknown,0.000000,null,0.000000,0.313,,"{""0"": 250, ""1"": 250, ""2"": null, ""3"": null, ""4"": null, ""5"": null, ""6"": null, ""7"": null}","{""0"": 0.0, ""1"": 0.0, ""2"": null, ""3"": null, ""4"": null, ""5"": null, ""6"": null, ""7"": null}","{""0"": 250, ""1"": 250}",250,1,0,0,0,0.313,ultrasonic-not-close,KEEP_PAUSED,left,right,,0
1094,2026-08-02T02:29:43.237+09:00,132.868,1093,7.79,0,DRIVING,,0,1,1,0,0,0,-0.023807,2.223,8181,0,0.042853,0.042853,0,742,green,0.163,,0,unknown,0.000000,null,0.000000,0.375,,"{""0"": 250, ""1"": 250, ""2"": null, ""3"": null, ""4"": null, ""5"": null, ""6"": null, ""7"": null}","{""0"": 0.0, ""1"": 0.0, ""2"": null, ""3"": null, ""4"": null, ""5"": null, ""6"": null, ""7"": null}","{""0"": 250, ""1"": 250}",250,1,0,0,0,0.375,ultrasonic-not-close,KEEP_PAUSED,left,right,,0
1095,2026-08-02T02:29:43.344+09:00,132.972,1094,7.77,0,DRIVING,,0,1,1,0,0,0,-0.023807,2.223,8171,0,0.042853,0.042853,0,743,green,0.159,,0,unknown,0.000000,null,0.000000,0.220,,"{""0"": 250, ""1"": 250, ""2"": null, ""3"": null, ""4"": null, ""5"": null, ""6"": null, ""7"": null}","{""0"": 0.0, ""1"": 0.0, ""2"": null, ""3"": null, ""4"": null, ""5"": null, ""6"": null, ""7"": null}","{""0"": 250, ""1"": 250}",250,1,0,0,0,0.220,ultrasonic-not-close,KEEP_PAUSED,left,right,,0
1096,2026-08-02T02:29:43.484+09:00,133.115,1095,7.80,0,DRIVING,,0,1,1,0,0,0,-0.023807,2.223,8179,0,0.042853,0.042853,0,743,green,0.111,,0,unknown,0.000000,null,0.000000,0.363,,"{""0"": 250, ""1"": 250, ""2"": null, ""3"": null, ""4"": null, ""5"": null, ""6"": null, ""7"": null}","{""0"": 0.0, ""1"": 0.0, ""2"": null, ""3"": null, ""4"": null, ""5"": null, ""6"": null, ""7"": null}","{""0"": 250, ""1"": 250}",250,1,0,0,0,0.363,ultrasonic-not-close,KEEP_PAUSED,left,right,,0
1097,2026-08-02T02:29:43.637+09:00,133.268,1096,7.71,0,DRIVING,,0,1,1,0,0,0,-0.023807,2.222,8179,0,0.042853,0.042853,0,743,green,0.144,,0,unknown,0.000000,null,0.000000,0.361,,"{""0"": 250, ""1"": 250, ""2"": null, ""3"": null, ""4"": null, ""5"": null, ""6"": null, ""7"": null}","{""0"": 0.0, ""1"": 0.0, ""2"": null, ""3"": null, ""4"": null, ""5"": null, ""6"": null, ""7"": null}","{""0"": 250, ""1"": 250}",250,1,0,0,0,0.361,ultrasonic-not-close,KEEP_PAUSED,left,right,,0
1098,2026-08-02T02:29:43.802+09:00,133.432,1097,7.61,0,DRIVING,,0,1,1,0,0,0,-0.023807,2.222,8175,0,0.042853,0.042853,0,743,green,0.157,,0,unknown,0.000000,null,0.000000,0.419,,"{""0"": 250, ""1"": 250, ""2"": null, ""3"": null, ""4"": null, ""5"": null, ""6"": null, ""7"": null}","{""0"": 0.0, ""1"": 0.0, ""2"": null, ""3"": null, ""4"": null, ""5"": null, ""6"": null, ""7"": null}","{""0"": 250, ""1"": 250}",250,1,0,0,0,0.419,ultrasonic-not-close,KEEP_PAUSED,left,right,,0
1099,2026-08-02T02:29:43.905+09:00,133.536,1098,7.75,0,DRIVING,,0,1,1,0,0,0,-0.023807,2.222,8172,0,0.042853,0.042853,0,742,green,0.168,,0,unknown,0.000000,null,0.000000,0.229,,"{""0"": 250, ""1"": 250, ""2"": null, ""3"": null, ""4"": null, ""5"": null, ""6"": null, ""7"": null}","{""0"": 0.0, ""1"": 0.0, ""2"": null, ""3"": null, ""4"": null, ""5"": null, ""6"": null, ""7"": null}","{""0"": 250, ""1"": 250}",250,1,0,0,0,0.229,ultrasonic-not-close,KEEP_PAUSED,left,right,,0
1100,2026-08-02T02:29:44.034+09:00,133.666,1099,7.74,0,DRIVING,,0,1,1,0,0,0,-0.023807,2.223,8169,0,0.042853,0.042853,0,743,green,0.108,,0,unknown,0.000000,null,0.000000,0.359,,"{""0"": 250, ""1"": 250, ""2"": null, ""3"": null, ""4"": null, ""5"": null, ""6"": null, ""7"": null}","{""0"": 0.0, ""1"": 0.0, ""2"": null, ""3"": null, ""4"": null, ""5"": null, ""6"": null, ""7"": null}","{""0"": 250, ""1"": 250}",250,1,0,0,0,0.359,ultrasonic-not-close,KEEP_PAUSED,left,right,,0
1101,2026-08-02T02:29:44.133+09:00,133.765,1100,7.74,0,DRIVING,,0,1,1,0,0,0,-0.023807,2.223,8200,0,0.042853,0.042853,0,742,green,0.237,,0,unknown,0.000000,null,0.000000,0.294,,"{""0"": 250, ""1"": 250, ""2"": null, ""3"": null, ""4"": null, ""5"": null, ""6"": null, ""7"": null}","{""0"": 0.0, ""1"": 0.0, ""2"": null, ""3"": null, ""4"": null, ""5"": null, ""6"": null, ""7"": null}","{""0"": 250, ""1"": 250}",250,1,0,0,0,0.294,ultrasonic-not-close,KEEP_PAUSED,left,right,,0
1102,2026-08-02T02:29:44.313+09:00,133.945,1101,7.62,0,DRIVING,,0,1,1,0,0,0,-0.023807,2.224,8175,0,0.042853,0.042853,0,743,green,0.234,,0,unknown,0.000000,null,0.000000,0.475,,"{""0"": 250, ""1"": 250, ""2"": null, ""3"": null, ""4"": null, ""5"": null, ""6"": null, ""7"": null}","{""0"": 0.0, ""1"": 0.0, ""2"": null, ""3"": null, ""4"": null, ""5"": null, ""6"": null, ""7"": null}","{""0"": 250, ""1"": 250}",250,1,0,0,0,0.475,ultrasonic-not-close,KEEP_PAUSED,left,right,,0
1103,2026-08-02T02:29:44.406+09:00,134.036,1102,7.63,0,DRIVING,,0,1,1,0,0,0,-0.023807,2.222,8176,0,0.042853,0.042853,0,742,green,0.282,,0,unknown,0.000000,null,0.000000,0.332,,"{""0"": 250, ""1"": 250, ""2"": null, ""3"": null, ""4"": null, ""5"": null, ""6"": null, ""7"": null}","{""0"": 0.0, ""1"": 0.0, ""2"": null, ""3"": null, ""4"": null, ""5"": null, ""6"": null, ""7"": null}","{""0"": 250, ""1"": 250}",250,1,0,0,0,0.332,ultrasonic-not-close,KEEP_PAUSED,left,right,,0
1104,2026-08-02T02:29:44.547+09:00,134.180,1103,7.68,0,DRIVING,,0,1,1,0,0,0,-0.023807,2.222,8172,0,0.042853,0.042853,0,742,green,0.274,,0,unknown,0.000000,null,0.000000,0.475,,"{""0"": 250, ""1"": 250, ""2"": null, ""3"": null, ""4"": null, ""5"": null, ""6"": null, ""7"": null}","{""0"": 0.0, ""1"": 0.0, ""2"": null, ""3"": null, ""4"": null, ""5"": null, ""6"": null, ""7"": null}","{""0"": 250, ""1"": 250}",250,1,0,0,0,0.475,ultrasonic-not-close,KEEP_PAUSED,left,right,,0
1105,2026-08-02T02:29:44.747+09:00,134.379,1104,7.48,0,DRIVING,,0,1,1,0,0,0,-0.023807,2.219,8191,0,0.042853,0.042853,0,742,green,0.238,,0,unknown,0.000000,null,0.000000,0.574,,"{""0"": 250, ""1"": 250, ""2"": null, ""3"": null, ""4"": null, ""5"": null, ""6"": null, ""7"": null}","{""0"": 0.0, ""1"": 0.0, ""2"": null, ""3"": null, ""4"": null, ""5"": null, ""6"": null, ""7"": null}","{""0"": 250, ""1"": 250}",250,1,0,0,0,0.574,ultrasonic-not-close,KEEP_PAUSED,left,right,,0
1106,2026-08-02T02:29:44.899+09:00,134.531,1105,7.45,0,DRIVING,,0,1,1,0,0,0,-0.023807,2.219,8179,0,0.042853,0.042853,0,743,green,0.345,,0,unknown,0.000000,null,0.000000,0.457,,"{""0"": 250, ""1"": 250, ""2"": null, ""3"": null, ""4"": null, ""5"": null, ""6"": null, ""7"": null}","{""0"": 0.0, ""1"": 0.0, ""2"": null, ""3"": null, ""4"": null, ""5"": null, ""6"": null, ""7"": null}","{""0"": 250, ""1"": 250}",250,1,0,0,0,0.457,ultrasonic-not-close,KEEP_PAUSED,left,right,,0
1107,2026-08-02T02:29:44.995+09:00,134.625,1106,7.45,0,DRIVING,,0,1,1,0,0,0,-0.023807,2.220,8172,0,0.042853,0.042853,0,743,green,0.356,,0,unknown,0.000000,null,0.000000,0.407,,"{""0"": 250, ""1"": 250, ""2"": null, ""3"": null, ""4"": null, ""5"": null, ""6"": null, ""7"": null}","{""0"": 0.0, ""1"": 0.0, ""2"": null, ""3"": null, ""4"": null, ""5"": null, ""6"": null, ""7"": null}","{""0"": 250, ""1"": 250}",250,1,0,0,0,0.407,ultrasonic-not-close,KEEP_PAUSED,left,right,,0
1108,2026-08-02T02:29:45.166+09:00,134.798,1107,7.40,0,DRIVING,,0,1,1,0,0,0,-0.023807,2.218,8182,0,0.042853,0.042853,0,742,green,0.451,,0,unknown,0.000000,null,0.000000,0.581,,"{""0"": 250, ""1"": 250, ""2"": null, ""3"": null, ""4"": null, ""5"": null, ""6"": null, ""7"": null}","{""0"": 0.0, ""1"": 0.0, ""2"": null, ""3"": null, ""4"": null, ""5"": null, ""6"": null, ""7"": null}","{""0"": 250, ""1"": 250}",250,1,0,0,0,0.581,ultrasonic-not-close,KEEP_PAUSED,left,right,,0
1109,2026-08-02T02:29:45.283+09:00,134.914,1108,7.35,0,DRIVING,,0,1,1,0,0,0,-0.023807,2.222,8181,0,0.042853,0.042853,0,743,green,0.176,,0,unknown,0.000000,null,0.000000,0.345,,"{""0"": 250, ""1"": 250, ""2"": null, ""3"": null, ""4"": null, ""5"": null, ""6"": null, ""7"": null}","{""0"": 0.0, ""1"": 0.0, ""2"": null, ""3"": null, ""4"": null, ""5"": null, ""6"": null, ""7"": null}","{""0"": 250, ""1"": 250}",250,1,0,0,0,0.345,ultrasonic-not-close,KEEP_PAUSED,left,right,,0
1110,2026-08-02T02:29:45.383+09:00,135.014,1109,7.34,0,DRIVING,,0,1,1,0,0,0,-0.023807,2.224,8165,0,0.042853,0.042853,0,743,green,0.120,,0,unknown,0.000000,null,0.000000,0.349,,"{""0"": 250, ""1"": 250, ""2"": null, ""3"": null, ""4"": null, ""5"": null, ""6"": null, ""7"": null}","{""0"": 0.0, ""1"": 0.0, ""2"": null, ""3"": null, ""4"": null, ""5"": null, ""6"": null, ""7"": null}","{""0"": 250, ""1"": 250}",250,1,0,0,0,0.349,ultrasonic-not-close,KEEP_PAUSED,left,right,,0
1111,2026-08-02T02:29:45.550+09:00,135.181,1110,7.30,0,DRIVING,,0,1,1,0,0,0,-0.023807,2.223,8172,0,0.042853,0.042853,0,742,green,0.103,,0,unknown,0.000000,null,0.000000,0.519,,"{""0"": 250, ""1"": 250, ""2"": null, ""3"": null, ""4"": null, ""5"": null, ""6"": null, ""7"": null}","{""0"": 0.0, ""1"": 0.0, ""2"": null, ""3"": null, ""4"": null, ""5"": null, ""6"": null, ""7"": null}","{""0"": 250, ""1"": 250}",250,1,0,0,0,0.519,ultrasonic-not-close,KEEP_PAUSED,left,right,,0
1112,2026-08-02T02:29:45.678+09:00,135.307,1111,7.24,0,DRIVING,,0,1,1,0,0,0,-0.023807,2.222,8176,0,0.042853,0.042853,0,743,green,0.171,,0,unknown,0.000000,null,0.000000,0.352,,"{""0"": 250, ""1"": 250, ""2"": null, ""3"": null, ""4"": null, ""5"": null, ""6"": null, ""7"": null}","{""0"": 0.0, ""1"": 0.0, ""2"": null, ""3"": null, ""4"": null, ""5"": null, ""6"": null, ""7"": null}","{""0"": 250, ""1"": 250}",250,1,0,0,0,0.352,ultrasonic-not-close,KEEP_PAUSED,left,right,,0
1113,2026-08-02T02:29:45.781+09:00,135.411,1112,7.38,0,DRIVING,,0,1,1,0,0,0,-0.023807,2.223,8168,0,0.042853,0.042853,0,744,green,0.130,,0,unknown,0.000000,null,0.000000,0.358,,"{""0"": 250, ""1"": 250, ""2"": null, ""3"": null, ""4"": null, ""5"": null, ""6"": null, ""7"": null}","{""0"": 0.0, ""1"": 0.0, ""2"": null, ""3"": null, ""4"": null, ""5"": null, ""6"": null, ""7"": null}","{""0"": 250, ""1"": 250}",250,1,0,0,0,0.358,ultrasonic-not-close,KEEP_PAUSED,left,right,,0
1114,2026-08-02T02:29:45.918+09:00,135.549,1113,7.42,0,DRIVING,,0,1,1,0,0,0,-0.023807,2.222,8176,0,0.042853,0.042853,0,743,green,0.108,,0,unknown,0.000000,null,0.000000,0.495,,"{""0"": 250, ""1"": 250, ""2"": null, ""3"": null, ""4"": null, ""5"": null, ""6"": null, ""7"": null}","{""0"": 0.0, ""1"": 0.0, ""2"": null, ""3"": null, ""4"": null, ""5"": null, ""6"": null, ""7"": null}","{""0"": 250, ""1"": 250}",250,1,0,0,0,0.495,ultrasonic-not-close,KEEP_PAUSED,left,right,,0
1115,2026-08-02T02:29:46.010+09:00,135.642,1114,7.42,0,DRIVING,,0,1,1,0,0,0,-0.023807,2.221,8172,0,0.042853,0.042853,0,743,green,0.140,,0,unknown,0.000000,null,0.000000,0.295,,"{""0"": 250, ""1"": 250, ""2"": null, ""3"": null, ""4"": null, ""5"": null, ""6"": null, ""7"": null}","{""0"": 0.0, ""1"": 0.0, ""2"": null, ""3"": null, ""4"": null, ""5"": null, ""6"": null, ""7"": null}","{""0"": 250, ""1"": 250}",250,1,0,0,0,0.295,ultrasonic-not-close,KEEP_PAUSED,left,right,,0
1116,2026-08-02T02:29:46.186+09:00,135.818,1115,7.38,0,DRIVING,,0,1,1,0,0,0,-0.023807,2.221,8172,0,0.042853,0.042853,0,743,green,0.231,,0,unknown,0.000000,null,0.000000,0.471,,"{""0"": 250, ""1"": 250, ""2"": null, ""3"": null, ""4"": null, ""5"": null, ""6"": null, ""7"": null}","{""0"": 0.0, ""1"": 0.0, ""2"": null, ""3"": null, ""4"": null, ""5"": null, ""6"": null, ""7"": null}","{""0"": 250, ""1"": 250}",250,1,0,0,0,0.471,ultrasonic-not-close,KEEP_PAUSED,left,right,,0
1117,2026-08-02T02:29:46.326+09:00,135.958,1116,7.40,0,DRIVING,,0,1,1,0,0,0,-0.023807,2.224,8165,0,0.042853,0.042853,0,743,green,0.182,,0,unknown,0.000000,null,0.000000,0.508,,"{""0"": 250, ""1"": 250, ""2"": null, ""3"": null, ""4"": null, ""5"": null, ""6"": null, ""7"": null}","{""0"": 0.0, ""1"": 0.0, ""2"": null, ""3"": null, ""4"": null, ""5"": null, ""6"": null, ""7"": null}","{""0"": 250, ""1"": 250}",250,1,0,0,0,0.508,ultrasonic-not-close,KEEP_PAUSED,left,right,,0
1118,2026-08-02T02:29:46.423+09:00,136.055,1117,7.55,0,DRIVING,,0,1,1,0,0,0,-0.023807,2.222,8176,0,0.042853,0.042853,0,743,green,0.143,,0,unknown,0.000000,null,0.000000,0.377,,"{""0"": 250, ""1"": 250, ""2"": null, ""3"": null, ""4"": null, ""5"": null, ""6"": null, ""7"": null}","{""0"": 0.0, ""1"": 0.0, ""2"": null, ""3"": null, ""4"": null, ""5"": null, ""6"": null, ""7"": null}","{""0"": 250, ""1"": 250}",250,1,0,0,0,0.377,ultrasonic-not-close,KEEP_PAUSED,left,right,,0
1119,2026-08-02T02:29:46.561+09:00,136.192,1118,7.55,0,DRIVING,,0,1,1,0,0,0,-0.023807,2.222,8172,0,0.042853,0.042853,0,743,green,0.240,,0,unknown,0.000000,null,0.000000,0.513,,"{""0"": 250, ""1"": 250, ""2"": null, ""3"": null, ""4"": null, ""5"": null, ""6"": null, ""7"": null}","{""0"": 0.0, ""1"": 0.0, ""2"": null, ""3"": null, ""4"": null, ""5"": null, ""6"": null, ""7"": null}","{""0"": 250, ""1"": 250}",250,1,0,0,0,0.513,ultrasonic-not-close,KEEP_PAUSED,left,right,,0
1120,2026-08-02T02:29:46.657+09:00,136.288,1119,7.64,0,DRIVING,,0,1,1,0,0,0,-0.023807,2.225,8152,0,0.042853,0.042853,0,743,green,0.239,,0,unknown,0.000000,null,0.000000,0.292,,"{""0"": 250, ""1"": 250, ""2"": null, ""3"": null, ""4"": null, ""5"": null, ""6"": null, ""7"": null}","{""0"": 0.0, ""1"": 0.0, ""2"": null, ""3"": null, ""4"": null, ""5"": null, ""6"": null, ""7"": null}","{""0"": 250, ""1"": 250}",250,1,0,0,0,0.292,ultrasonic-not-close,KEEP_PAUSED,left,right,,0
1121,2026-08-02T02:29:46.851+09:00,136.483,1120,7.45,0,DRIVING,,0,1,1,0,0,0,-0.023807,2.226,8168,0,0.042853,0.042853,0,743,green,0.239,,0,unknown,0.000000,null,0.000000,0.488,,"{""0"": 250, ""1"": 250, ""2"": null, ""3"": null, ""4"": null, ""5"": null, ""6"": null, ""7"": null}","{""0"": 0.0, ""1"": 0.0, ""2"": null, ""3"": null, ""4"": null, ""5"": null, ""6"": null, ""7"": null}","{""0"": 250, ""1"": 250}",250,1,0,0,0,0.488,ultrasonic-not-close,KEEP_PAUSED,left,right,,0
1122,2026-08-02T02:29:46.946+09:00,136.576,1121,7.46,0,DRIVING,,0,1,1,0,0,0,-0.023807,2.225,8172,0,0.042853,0.042853,0,742,green,0.293,,0,unknown,0.000000,null,0.000000,0.346,,"{""0"": 250, ""1"": 250, ""2"": null, ""3"": null, ""4"": null, ""5"": null, ""6"": null, ""7"": null}","{""0"": 0.0, ""1"": 0.0, ""2"": null, ""3"": null, ""4"": null, ""5"": null, ""6"": null, ""7"": null}","{""0"": 250, ""1"": 250}",250,1,0,0,0,0.346,ultrasonic-not-close,KEEP_PAUSED,left,right,,0
1123,2026-08-02T02:29:47.056+09:00,136.688,1122,7.55,0,DRIVING,,0,1,1,0,0,0,-0.023807,2.224,8172,0,0.042853,0.042853,0,743,green,0.295,,0,unknown,0.000000,null,0.000000,0.363,,"{""0"": 250, ""1"": 250, ""2"": null, ""3"": null, ""4"": null, ""5"": null, ""6"": null, ""7"": null}","{""0"": 0.0, ""1"": 0.0, ""2"": null, ""3"": null, ""4"": null, ""5"": null, ""6"": null, ""7"": null}","{""0"": 250, ""1"": 250}",250,1,0,0,0,0.363,ultrasonic-not-close,KEEP_PAUSED,left,right,,0
1124,2026-08-02T02:29:47.241+09:00,136.873,1123,7.49,0,DRIVING,,0,1,1,0,0,0,-0.023807,2.223,8172,0,0.042853,0.042853,0,742,green,0.210,,0,unknown,0.000000,null,0.000000,0.548,,"{""0"": 250, ""1"": 250, ""2"": null, ""3"": null, ""4"": null, ""5"": null, ""6"": null, ""7"": null}","{""0"": 0.0, ""1"": 0.0, ""2"": null, ""3"": null, ""4"": null, ""5"": null, ""6"": null, ""7"": null}","{""0"": 250, ""1"": 250}",250,1,0,0,0,0.548,ultrasonic-not-close,KEEP_PAUSED,left,right,,0
1125,2026-08-02T02:29:47.424+09:00,137.055,1124,7.35,0,DRIVING,,0,1,1,0,0,0,-0.023807,2.225,8161,0,0.042853,0.042853,0,743,green,0.298,,0,unknown,0.000000,null,0.000000,0.439,,"{""0"": 250, ""1"": 250, ""2"": null, ""3"": null, ""4"": null, ""5"": null, ""6"": null, ""7"": null}","{""0"": 0.0, ""1"": 0.0, ""2"": null, ""3"": null, ""4"": null, ""5"": null, ""6"": null, ""7"": null}","{""0"": 250, ""1"": 250}",250,1,0,0,0,0.439,ultrasonic-not-close,KEEP_PAUSED,left,right,,0
1126,2026-08-02T02:29:47.514+09:00,137.146,1125,7.44,0,DRIVING,,0,1,1,0,0,0,-0.023807,2.225,8168,0,0.042853,0.042853,0,743,green,0.372,,0,unknown,0.000000,null,0.000000,0.420,,"{""0"": 250, ""1"": 250, ""2"": null, ""3"": null, ""4"": null, ""5"": null, ""6"": null, ""7"": null}","{""0"": 0.0, ""1"": 0.0, ""2"": null, ""3"": null, ""4"": null, ""5"": null, ""6"": null, ""7"": null}","{""0"": 250, ""1"": 250}",250,1,0,0,0,0.420,ultrasonic-not-close,KEEP_PAUSED,left,right,,0
1127,2026-08-02T02:29:47.614+09:00,137.245,1126,7.54,0,DRIVING,,0,1,1,0,0,0,-0.023807,2.223,8176,0,0.042853,0.042853,0,742,green,0.278,,0,unknown,0.000000,null,0.000000,0.520,,"{""0"": 250, ""1"": 250, ""2"": null, ""3"": null, ""4"": null, ""5"": null, ""6"": null, ""7"": null}","{""0"": 0.0, ""1"": 0.0, ""2"": null, ""3"": null, ""4"": null, ""5"": null, ""6"": null, ""7"": null}","{""0"": 250, ""1"": 250}",250,1,0,0,0,0.520,ultrasonic-not-close,KEEP_PAUSED,left,right,,0
1128,2026-08-02T02:29:47.707+09:00,137.336,1127,7.68,0,DRIVING,,0,1,1,0,0,0,-0.023807,2.222,8176,0,0.042853,0.042853,0,743,green,0.194,,0,unknown,0.000000,null,0.000000,0.427,,"{""0"": 250, ""1"": 250, ""2"": null, ""3"": null, ""4"": null, ""5"": null, ""6"": null, ""7"": null}","{""0"": 0.0, ""1"": 0.0, ""2"": null, ""3"": null, ""4"": null, ""5"": null, ""6"": null, ""7"": null}","{""0"": 250, ""1"": 250}",250,1,0,0,0,0.427,ultrasonic-not-close,KEEP_PAUSED,left,right,,0
1129,2026-08-02T02:29:47.809+09:00,137.441,1128,7.68,0,DRIVING,,0,1,1,0,0,0,-0.023807,2.220,8176,0,0.042853,0.042853,0,743,green,0.287,,0,unknown,0.000000,null,0.000000,0.258,,"{""0"": 250, ""1"": 250, ""2"": null, ""3"": null, ""4"": null, ""5"": null, ""6"": null, ""7"": null}","{""0"": 0.0, ""1"": 0.0, ""2"": null, ""3"": null, ""4"": null, ""5"": null, ""6"": null, ""7"": null}","{""0"": 250, ""1"": 250}",250,1,0,0,0,0.258,ultrasonic-not-close,KEEP_PAUSED,left,right,,0
1130,2026-08-02T02:29:47.994+09:00,137.627,1129,7.57,0,DRIVING,,0,1,1,0,0,0,-0.023807,2.222,8169,0,0.042853,0.042853,0,743,green,0.301,,0,unknown,0.000000,null,0.000000,0.443,,"{""0"": 250, ""1"": 250, ""2"": null, ""3"": null, ""4"": null, ""5"": null, ""6"": null, ""7"": null}","{""0"": 0.0, ""1"": 0.0, ""2"": null, ""3"": null, ""4"": null, ""5"": null, ""6"": null, ""7"": null}","{""0"": 250, ""1"": 250}",250,1,0,0,0,0.443,ultrasonic-not-close,KEEP_PAUSED,left,right,,0
1131,2026-08-02T02:29:48.095+09:00,137.727,1130,7.57,0,DRIVING,,0,1,1,0,0,0,-0.023807,2.222,8172,0,0.042853,0.042853,0,743,green,0.292,,0,unknown,0.000000,null,0.000000,0.351,,"{""0"": 250, ""1"": 250, ""2"": null, ""3"": null, ""4"": null, ""5"": null, ""6"": null, ""7"": null}","{""0"": 0.0, ""1"": 0.0, ""2"": null, ""3"": null, ""4"": null, ""5"": null, ""6"": null, ""7"": null}","{""0"": 250, ""1"": 250}",250,1,0,0,0,0.351,ultrasonic-not-close,KEEP_PAUSED,left,right,,0
1132,2026-08-02T02:29:48.199+09:00,137.832,1131,7.72,0,DRIVING,,0,1,1,0,0,0,-0.023807,2.221,8173,0,0.042853,0.042853,0,743,green,0.291,,0,unknown,0.000000,null,0.000000,0.455,,"{""0"": 250, ""1"": 250, ""2"": null, ""3"": null, ""4"": null, ""5"": null, ""6"": null, ""7"": null}","{""0"": 0.0, ""1"": 0.0, ""2"": null, ""3"": null, ""4"": null, ""5"": null, ""6"": null, ""7"": null}","{""0"": 250, ""1"": 250}",250,1,0,0,0,0.455,ultrasonic-not-close,KEEP_PAUSED,left,right,,0
1133,2026-08-02T02:29:48.323+09:00,137.953,1132,7.66,0,DRIVING,,0,1,1,0,0,0,-0.023807,2.223,8168,0,0.042853,0.042853,0,743,green,0.208,,0,unknown,0.000000,null,0.000000,0.474,,"{""0"": 250, ""1"": 250, ""2"": null, ""3"": null, ""4"": null, ""5"": null, ""6"": null, ""7"": null}","{""0"": 0.0, ""1"": 0.0, ""2"": null, ""3"": null, ""4"": null, ""5"": null, ""6"": null, ""7"": null}","{""0"": 250, ""1"": 250}",250,1,0,0,0,0.474,ultrasonic-not-close,KEEP_PAUSED,left,right,,0
1134,2026-08-02T02:29:48.423+09:00,138.054,1133,7.74,0,DRIVING,,0,1,1,0,0,0,-0.023807,2.224,8169,0,0.042853,0.042853,0,743,green,0.231,,0,unknown,0.000000,null,0.000000,0.290,,"{""0"": 250, ""1"": 250, ""2"": null, ""3"": null, ""4"": null, ""5"": null, ""6"": null, ""7"": null}","{""0"": 0.0, ""1"": 0.0, ""2"": null, ""3"": null, ""4"": null, ""5"": null, ""6"": null, ""7"": null}","{""0"": 250, ""1"": 250}",250,1,0,0,0,0.290,ultrasonic-not-close,KEEP_PAUSED,left,right,,0
1135,2026-08-02T02:29:48.586+09:00,138.218,1134,7.81,0,DRIVING,,0,1,1,0,0,0,-0.023807,2.223,8168,0,0.042853,0.042853,0,743,green,0.331,,0,unknown,0.000000,null,0.000000,0.453,,"{""0"": 250, ""1"": 250, ""2"": null, ""3"": null, ""4"": null, ""5"": null, ""6"": null, ""7"": null}","{""0"": 0.0, ""1"": 0.0, ""2"": null, ""3"": null, ""4"": null, ""5"": null, ""6"": null, ""7"": null}","{""0"": 250, ""1"": 250}",250,1,0,0,0,0.453,ultrasonic-not-close,KEEP_PAUSED,left,right,,0
1136,2026-08-02T02:29:48.679+09:00,138.310,1135,7.94,0,DRIVING,,0,1,1,0,0,0,-0.023807,2.221,8173,0,0.042853,0.042853,0,743,green,0.391,,0,unknown,0.000000,null,0.000000,0.319,,"{""0"": 250, ""1"": 250, ""2"": null, ""3"": null, ""4"": null, ""5"": null, ""6"": null, ""7"": null}","{""0"": 0.0, ""1"": 0.0, ""2"": null, ""3"": null, ""4"": null, ""5"": null, ""6"": null, ""7"": null}","{""0"": 250, ""1"": 250}",250,1,0,0,0,0.319,ultrasonic-not-close,KEEP_PAUSED,left,right,,0
1137,2026-08-02T02:29:48.869+09:00,138.500,1136,7.74,0,DRIVING,,0,1,1,0,0,0,-0.023807,2.223,8169,0,0.042853,0.042853,0,743,green,0.262,,0,unknown,0.000000,null,0.000000,0.407,,"{""0"": 250, ""1"": 250, ""2"": null, ""3"": null, ""4"": null, ""5"": null, ""6"": null, ""7"": null}","{""0"": 0.0, ""1"": 0.0, ""2"": null, ""3"": null, ""4"": null, ""5"": null, ""6"": null, ""7"": null}","{""0"": 250, ""1"": 250}",250,1,0,0,0,0.407,ultrasonic-not-close,KEEP_PAUSED,left,right,,0
1138,2026-08-02T02:29:48.958+09:00,138.590,1137,7.91,0,DRIVING,,0,1,1,0,0,0,-0.023807,2.224,8169,0,0.042853,0.042853,0,743,green,0.286,,0,unknown,0.000000,null,0.000000,0.498,,"{""0"": 250, ""1"": 250, ""2"": null, ""3"": null, ""4"": null, ""5"": null, ""6"": null, ""7"": null}","{""0"": 0.0, ""1"": 0.0, ""2"": null, ""3"": null, ""4"": null, ""5"": null, ""6"": null, ""7"": null}","{""0"": 250, ""1"": 250}",250,1,0,0,0,0.498,ultrasonic-not-close,KEEP_PAUSED,left,right,,0
1139,2026-08-02T02:29:49.059+09:00,138.691,1138,7.94,0,DRIVING,,0,1,1,0,0,0,-0.023807,2.225,8165,0,0.042853,0.042853,0,743,green,0.282,,0,unknown,0.000000,null,0.000000,0.342,,"{""0"": 250, ""1"": 250, ""2"": null, ""3"": null, ""4"": null, ""5"": null, ""6"": null, ""7"": null}","{""0"": 0.0, ""1"": 0.0, ""2"": null, ""3"": null, ""4"": null, ""5"": null, ""6"": null, ""7"": null}","{""0"": 250, ""1"": 250}",250,1,0,0,0,0.342,ultrasonic-not-close,KEEP_PAUSED,left,right,,0
1140,2026-08-02T02:29:49.245+09:00,138.876,1139,7.76,0,DRIVING,,0,1,1,0,0,0,-0.023807,2.227,8173,0,0.042853,0.042853,0,744,green,0.194,,0,unknown,0.000000,null,0.000000,0.528,,"{""0"": 250, ""1"": 250, ""2"": null, ""3"": null, ""4"": null, ""5"": null, ""6"": null, ""7"": null}","{""0"": 0.0, ""1"": 0.0, ""2"": null, ""3"": null, ""4"": null, ""5"": null, ""6"": null, ""7"": null}","{""0"": 250, ""1"": 250}",250,1,0,0,0,0.528,ultrasonic-not-close,KEEP_PAUSED,left,right,,0
1141,2026-08-02T02:29:49.398+09:00,139.030,1140,7.79,0,DRIVING,,0,1,1,0,0,0,-0.023807,2.226,8172,0,0.042853,0.042853,0,744,green,0.290,,0,unknown,0.000000,null,0.000000,0.403,,"{""0"": 250, ""1"": 250, ""2"": null, ""3"": null, ""4"": null, ""5"": null, ""6"": null, ""7"": null}","{""0"": 0.0, ""1"": 0.0, ""2"": null, ""3"": null, ""4"": null, ""5"": null, ""6"": null, ""7"": null}","{""0"": 250, ""1"": 250}",250,1,0,0,0,0.403,ultrasonic-not-close,KEEP_PAUSED,left,right,,0
1142,2026-08-02T02:29:49.489+09:00,139.120,1141,7.86,0,DRIVING,,0,1,1,0,0,0,-0.023807,2.225,8180,0,0.042853,0.042853,0,744,green,0.344,,0,unknown,0.000000,null,0.000000,0.390,,"{""0"": 250, ""1"": 250, ""2"": null, ""3"": null, ""4"": null, ""5"": null, ""6"": null, ""7"": null}","{""0"": 0.0, ""1"": 0.0, ""2"": null, ""3"": null, ""4"": null, ""5"": null, ""6"": null, ""7"": null}","{""0"": 250, ""1"": 250}",250,1,0,0,0,0.390,ultrasonic-not-close,KEEP_PAUSED,left,right,,0
1143,2026-08-02T02:29:49.592+09:00,139.224,1142,7.87,0,DRIVING,,0,1,1,0,0,0,-0.023807,2.224,8172,0,0.042853,0.042853,0,743,green,0.434,,0,unknown,0.000000,null,0.000000,0.496,,"{""0"": 250, ""1"": 250, ""2"": null, ""3"": null, ""4"": null, ""5"": null, ""6"": null, ""7"": null}","{""0"": 0.0, ""1"": 0.0, ""2"": null, ""3"": null, ""4"": null, ""5"": null, ""6"": null, ""7"": null}","{""0"": 250, ""1"": 250}",250,1,0,0,0,0.496,ultrasonic-not-close,KEEP_PAUSED,left,right,,0
1144,2026-08-02T02:29:49.779+09:00,139.412,1143,7.77,0,DRIVING,,0,1,1,0,0,0,-0.023807,2.222,8176,0,0.042853,0.042853,0,742,green,0.351,,0,unknown,0.000000,null,0.000000,0.344,,"{""0"": 250, ""1"": 250, ""2"": null, ""3"": null, ""4"": null, ""5"": null, ""6"": null, ""7"": null}","{""0"": 0.0, ""1"": 0.0, ""2"": null, ""3"": null, ""4"": null, ""5"": null, ""6"": null, ""7"": null}","{""0"": 250, ""1"": 250}",250,1,0,0,0,0.344,ultrasonic-not-close,KEEP_PAUSED,left,right,,0
1145,2026-08-02T02:29:49.948+09:00,139.580,1144,7.62,0,DRIVING,,0,1,1,0,0,0,-0.023807,2.223,8169,0,0.042853,0.042853,0,742,green,0.294,,0,unknown,0.000000,null,0.000000,0.421,,"{""0"": 250, ""1"": 250, ""2"": null, ""3"": null, ""4"": null, ""5"": null, ""6"": null, ""7"": null}","{""0"": 0.0, ""1"": 0.0, ""2"": null, ""3"": null, ""4"": null, ""5"": null, ""6"": null, ""7"": null}","{""0"": 250, ""1"": 250}",250,1,0,0,0,0.421,ultrasonic-not-close,KEEP_PAUSED,left,right,,0
1146,2026-08-02T02:29:50.087+09:00,139.719,1145,7.69,0,DRIVING,,0,1,1,0,0,0,-0.023807,2.225,8165,0,0.042853,0.042853,0,742,green,0.173,,0,unknown,0.000000,null,0.000000,0.268,,"{""0"": 250, ""1"": 250, ""2"": null, ""3"": null, ""4"": null, ""5"": null, ""6"": null, ""7"": null}","{""0"": 0.0, ""1"": 0.0, ""2"": null, ""3"": null, ""4"": null, ""5"": null, ""6"": null, ""7"": null}","{""0"": 250, ""1"": 250}",250,1,0,0,0,0.268,ultrasonic-not-close,KEEP_PAUSED,left,right,,0
1147,2026-08-02T02:29:50.194+09:00,139.825,1146,7.76,0,DRIVING,,0,1,1,0,0,0,-0.023807,2.224,8172,0,0.042853,0.042853,0,742,green,0.141,,0,unknown,0.000000,null,0.000000,0.207,,"{""0"": 250, ""1"": 250, ""2"": null, ""3"": null, ""4"": null, ""5"": null, ""6"": null, ""7"": null}","{""0"": 0.0, ""1"": 0.0, ""2"": null, ""3"": null, ""4"": null, ""5"": null, ""6"": null, ""7"": null}","{""0"": 250, ""1"": 250}",250,1,0,0,0,0.207,ultrasonic-not-close,KEEP_PAUSED,left,right,,0
1148,2026-08-02T02:29:50.405+09:00,140.037,1147,7.54,0,DRIVING,,0,1,1,0,0,0,-0.023807,2.223,8172,0,0.042853,0.042853,0,743,green,0.111,,0,unknown,0.000000,null,0.000000,0.419,,"{""0"": 250, ""1"": 250, ""2"": null, ""3"": null, ""4"": null, ""5"": null, ""6"": null, ""7"": null}","{""0"": 0.0, ""1"": 0.0, ""2"": null, ""3"": null, ""4"": null, ""5"": null, ""6"": null, ""7"": null}","{""0"": 250, ""1"": 250}",250,1,0,0,0,0.419,ultrasonic-not-close,KEEP_PAUSED,left,right,,0
1149,2026-08-02T02:29:50.530+09:00,140.162,1148,7.56,0,DRIVING,,0,1,1,0,0,0,-0.023807,2.225,8165,0,0.042853,0.042853,0,742,green,0.216,,0,unknown,0.000000,null,0.000000,0.404,,"{""0"": 250, ""1"": 250, ""2"": null, ""3"": null, ""4"": null, ""5"": null, ""6"": null, ""7"": null}","{""0"": 0.0, ""1"": 0.0, ""2"": null, ""3"": null, ""4"": null, ""5"": null, ""6"": null, ""7"": null}","{""0"": 250, ""1"": 250}",250,1,0,0,0,0.404,ultrasonic-not-close,KEEP_PAUSED,left,right,,0
1150,2026-08-02T02:29:50.627+09:00,140.259,1149,7.56,0,DRIVING,,0,1,1,0,0,0,-0.023807,2.224,8172,0,0.042853,0.042853,0,743,green,0.127,,0,unknown,0.000000,null,0.000000,0.395,,"{""0"": 250, ""1"": 250, ""2"": null, ""3"": null, ""4"": null, ""5"": null, ""6"": null, ""7"": null}","{""0"": 0.0, ""1"": 0.0, ""2"": null, ""3"": null, ""4"": null, ""5"": null, ""6"": null, ""7"": null}","{""0"": 250, ""1"": 250}",250,1,0,0,0,0.395,ultrasonic-not-close,KEEP_PAUSED,left,right,,0
1151,2026-08-02T02:29:50.795+09:00,140.426,1150,7.61,0,DRIVING,,0,1,1,0,0,0,-0.023807,2.224,8203,0,0.042853,0.042853,0,743,green,0.102,,0,unknown,0.000000,null,0.000000,0.562,,"{""0"": 250, ""1"": 250, ""2"": null, ""3"": null, ""4"": null, ""5"": null, ""6"": null, ""7"": null}","{""0"": 0.0, ""1"": 0.0, ""2"": null, ""3"": null, ""4"": null, ""5"": null, ""6"": null, ""7"": null}","{""0"": 250, ""1"": 250}",250,1,0,0,0,0.562,ultrasonic-not-close,KEEP_PAUSED,left,right,,0
1152,2026-08-02T02:29:50.883+09:00,140.515,1151,7.62,0,DRIVING,,0,1,1,0,0,0,-0.023807,2.221,8189,0,0.042853,0.042853,0,742,green,0.171,,0,unknown,0.000000,null,0.000000,0.316,,"{""0"": 250, ""1"": 250, ""2"": null, ""3"": null, ""4"": null, ""5"": null, ""6"": null, ""7"": null}","{""0"": 0.0, ""1"": 0.0, ""2"": null, ""3"": null, ""4"": null, ""5"": null, ""6"": null, ""7"": null}","{""0"": 250, ""1"": 250}",250,1,0,0,0,0.316,ultrasonic-not-close,KEEP_PAUSED,left,right,,0
1153,2026-08-02T02:29:51.026+09:00,140.659,1152,7.56,0,DRIVING,,0,1,1,0,0,0,-0.023807,2.222,8190,0,0.042853,0.042853,0,743,green,0.260,,0,unknown,0.000000,null,0.000000,0.458,,"{""0"": 250, ""1"": 250, ""2"": null, ""3"": null, ""4"": null, ""5"": null, ""6"": null, ""7"": null}","{""0"": 0.0, ""1"": 0.0, ""2"": null, ""3"": null, ""4"": null, ""5"": null, ""6"": null, ""7"": null}","{""0"": 250, ""1"": 250}",250,1,0,0,0,0.458,ultrasonic-not-close,KEEP_PAUSED,left,right,,0
1154,2026-08-02T02:29:51.198+09:00,140.828,1153,7.59,0,DRIVING,,0,1,1,0,0,0,-0.023807,2.224,8171,0,0.042853,0.042853,0,743,green,0.149,,0,unknown,0.000000,null,0.000000,0.530,,"{""0"": 250, ""1"": 250, ""2"": null, ""3"": null, ""4"": null, ""5"": null, ""6"": null, ""7"": null}","{""0"": 0.0, ""1"": 0.0, ""2"": null, ""3"": null, ""4"": null, ""5"": null, ""6"": null, ""7"": null}","{""0"": 250, ""1"": 250}",250,1,0,0,0,0.530,ultrasonic-not-close,KEEP_PAUSED,left,right,,0
1155,2026-08-02T02:29:51.300+09:00,140.929,1154,7.74,0,DRIVING,,0,1,1,0,0,0,-0.023807,2.223,8172,0,0.042853,0.042853,0,743,green,0.176,,0,unknown,0.000000,null,0.000000,0.378,,"{""0"": 250, ""1"": 250, ""2"": null, ""3"": null, ""4"": null, ""5"": null, ""6"": null, ""7"": null}","{""0"": 0.0, ""1"": 0.0, ""2"": null, ""3"": null, ""4"": null, ""5"": null, ""6"": null, ""7"": null}","{""0"": 250, ""1"": 250}",250,1,0,0,0,0.378,ultrasonic-not-close,KEEP_PAUSED,left,right,,0
1156,2026-08-02T02:29:51.513+09:00,141.120,1155,7.55,0,DRIVING,,0,1,1,0,0,0,-0.023807,2.224,8168,0,0.042853,0.042853,0,744,green,0.277,,0,unknown,0.000000,null,0.000000,0.567,,"{""0"": 250, ""1"": 250, ""2"": null, ""3"": null, ""4"": null, ""5"": null, ""6"": null, ""7"": null}","{""0"": 0.0, ""1"": 0.0, ""2"": null, ""3"": null, ""4"": null, ""5"": null, ""6"": null, ""7"": null}","{""0"": 250, ""1"": 250}",250,1,0,0,0,0.567,ultrasonic-not-close,KEEP_PAUSED,left,right,,0
1157,2026-08-02T02:29:51.603+09:00,141.235,1156,7.52,0,DRIVING,,0,1,1,0,0,0,-0.023807,2.225,8164,0,0.042853,0.042853,0,743,green,0.215,,0,unknown,0.000000,null,0.000000,0.366,,"{""0"": 250, ""1"": 250, ""2"": null, ""3"": null, ""4"": null, ""5"": null, ""6"": null, ""7"": null}","{""0"": 0.0, ""1"": 0.0, ""2"": null, ""3"": null, ""4"": null, ""5"": null, ""6"": null, ""7"": null}","{""0"": 250, ""1"": 250}",250,1,0,0,0,0.366,ultrasonic-not-close,KEEP_PAUSED,left,right,,0
1158,2026-08-02T02:29:51.764+09:00,141.395,1157,7.39,0,DRIVING,,0,1,1,0,0,0,-0.023807,2.225,8169,0,0.042853,0.042853,0,743,green,0.307,,0,unknown,0.000000,null,0.000000,0.527,,"{""0"": 250, ""1"": 250, ""2"": null, ""3"": null, ""4"": null, ""5"": null, ""6"": null, ""7"": null}","{""0"": 0.0, ""1"": 0.0, ""2"": null, ""3"": null, ""4"": null, ""5"": null, ""6"": null, ""7"": null}","{""0"": 250, ""1"": 250}",250,1,0,0,0,0.527,ultrasonic-not-close,KEEP_PAUSED,left,right,,0
1159,2026-08-02T02:29:51.857+09:00,141.489,1158,7.41,0,DRIVING,,0,1,1,0,0,0,-0.023807,2.224,8172,0,0.042853,0.042853,0,743,green,0.255,,0,unknown,0.000000,null,0.000000,0.518,,"{""0"": 250, ""1"": 250, ""2"": null, ""3"": null, ""4"": null, ""5"": null, ""6"": null, ""7"": null}","{""0"": 0.0, ""1"": 0.0, ""2"": null, ""3"": null, ""4"": null, ""5"": null, ""6"": null, ""7"": null}","{""0"": 250, ""1"": 250}",250,1,0,0,0,0.518,ultrasonic-not-close,KEEP_PAUSED,left,right,,0
1160,2026-08-02T02:29:52.017+09:00,141.648,1159,7.46,0,DRIVING,,0,1,1,0,0,0,-0.023807,2.223,8172,0,0.042853,0.042853,0,744,green,0.256,,0,unknown,0.000000,null,0.000000,0.375,,"{""0"": 250, ""1"": 250, ""2"": null, ""3"": null, ""4"": null, ""5"": null, ""6"": null, ""7"": null}","{""0"": 0.0, ""1"": 0.0, ""2"": null, ""3"": null, ""4"": null, ""5"": null, ""6"": null, ""7"": null}","{""0"": 250, ""1"": 250}",250,1,0,0,0,0.375,ultrasonic-not-close,KEEP_PAUSED,left,right,,0
1161,2026-08-02T02:29:52.168+09:00,141.800,1160,7.37,0,DRIVING,,0,1,1,0,0,0,-0.023807,2.224,8169,0,0.042853,0.042853,0,743,green,0.257,,0,unknown,0.000000,null,0.000000,0.527,,"{""0"": 250, ""1"": 250, ""2"": null, ""3"": null, ""4"": null, ""5"": null, ""6"": null, ""7"": null}","{""0"": 0.0, ""1"": 0.0, ""2"": null, ""3"": null, ""4"": null, ""5"": null, ""6"": null, ""7"": null}","{""0"": 250, ""1"": 250}",250,1,0,0,0,0.527,ultrasonic-not-close,KEEP_PAUSED,left,right,,0
1162,2026-08-02T02:29:52.261+09:00,141.890,1161,7.39,0,DRIVING,,0,1,1,0,0,0,-0.023807,2.222,8176,0,0.042853,0.042853,0,743,green,0.315,,0,unknown,0.000000,null,0.000000,0.364,,"{""0"": 250, ""1"": 250, ""2"": null, ""3"": null, ""4"": null, ""5"": null, ""6"": null, ""7"": null}","{""0"": 0.0, ""1"": 0.0, ""2"": null, ""3"": null, ""4"": null, ""5"": null, ""6"": null, ""7"": null}","{""0"": 250, ""1"": 250}",250,1,0,0,0,0.364,ultrasonic-not-close,KEEP_PAUSED,left,right,,0
1163,2026-08-02T02:29:52.369+09:00,142.000,1162,7.41,0,DRIVING,,0,1,1,0,0,0,-0.023807,2.223,8164,0,0.042853,0.042853,0,743,green,0.248,,0,unknown,0.000000,null,0.000000,0.315,,"{""0"": 250, ""1"": 250, ""2"": null, ""3"": null, ""4"": null, ""5"": null, ""6"": null, ""7"": null}","{""0"": 0.0, ""1"": 0.0, ""2"": null, ""3"": null, ""4"": null, ""5"": null, ""6"": null, ""7"": null}","{""0"": 250, ""1"": 250}",250,1,0,0,0,0.315,ultrasonic-not-close,KEEP_PAUSED,left,right,,0
1164,2026-08-02T02:29:52.563+09:00,142.195,1163,7.25,0,DRIVING,,0,1,1,0,0,0,-0.023807,2.223,8172,0,0.042853,0.042853,0,743,green,0.212,,0,unknown,0.000000,null,0.000000,0.510,,"{""0"": 250, ""1"": 250, ""2"": null, ""3"": null, ""4"": null, ""5"": null, ""6"": null, ""7"": null}","{""0"": 0.0, ""1"": 0.0, ""2"": null, ""3"": null, ""4"": null, ""5"": null, ""6"": null, ""7"": null}","{""0"": 250, ""1"": 250}",250,1,0,0,0,0.510,ultrasonic-not-close,KEEP_PAUSED,left,right,,0
1165,2026-08-02T02:29:52.669+09:00,142.298,1164,7.35,0,DRIVING,,0,1,1,0,0,0,-0.023807,2.222,8172,0,0.042853,0.042853,0,744,green,0.307,,0,unknown,0.000000,null,0.000000,0.368,,"{""0"": 250, ""1"": 250, ""2"": null, ""3"": null, ""4"": null, ""5"": null, ""6"": null, ""7"": null}","{""0"": 0.0, ""1"": 0.0, ""2"": null, ""3"": null, ""4"": null, ""5"": null, ""6"": null, ""7"": null}","{""0"": 250, ""1"": 250}",250,1,0,0,0,0.368,ultrasonic-not-close,KEEP_PAUSED,left,right,,0
1166,2026-08-02T02:29:52.774+09:00,142.406,1165,7.32,0,DRIVING,,0,1,1,0,0,0,-0.023807,2.222,8172,0,0.042853,0.042853,0,743,green,0.299,,0,unknown,0.000000,null,0.000000,0.363,,"{""0"": 250, ""1"": 250, ""2"": null, ""3"": null, ""4"": null, ""5"": null, ""6"": null, ""7"": null}","{""0"": 0.0, ""1"": 0.0, ""2"": null, ""3"": null, ""4"": null, ""5"": null, ""6"": null, ""7"": null}","{""0"": 250, ""1"": 250}",250,1,0,0,0,0.363,ultrasonic-not-close,KEEP_PAUSED,left,right,,0
1167,2026-08-02T02:29:52.914+09:00,142.547,1166,7.41,0,DRIVING,,0,1,1,0,0,0,-0.023807,2.222,8172,0,0.042853,0.042853,0,743,green,0.214,,0,unknown,0.000000,null,0.000000,0.502,,"{""0"": 250, ""1"": 250, ""2"": null, ""3"": null, ""4"": null, ""5"": null, ""6"": null, ""7"": null}","{""0"": 0.0, ""1"": 0.0, ""2"": null, ""3"": null, ""4"": null, ""5"": null, ""6"": null, ""7"": null}","{""0"": 250, ""1"": 250}",250,1,0,0,0,0.502,ultrasonic-not-close,KEEP_PAUSED,left,right,,0
1168,2026-08-02T02:29:53.027+09:00,142.636,1167,7.42,0,DRIVING,,0,1,1,0,0,0,-0.023807,2.220,8184,0,0.042853,0.042853,0,744,green,0.250,,0,unknown,0.000000,null,0.000000,0.298,,"{""0"": 250, ""1"": 250, ""2"": null, ""3"": null, ""4"": null, ""5"": null, ""6"": null, ""7"": null}","{""0"": 0.0, ""1"": 0.0, ""2"": null, ""3"": null, ""4"": null, ""5"": null, ""6"": null, ""7"": null}","{""0"": 250, ""1"": 250}",250,1,0,0,0,0.298,ultrasonic-not-close,KEEP_PAUSED,left,right,,0
1169,2026-08-02T02:29:53.199+09:00,142.832,1168,7.24,0,DRIVING,,0,1,1,0,0,0,-0.023807,2.223,8202,0,0.042853,0.042853,0,743,green,0.256,,0,unknown,0.000000,null,0.000000,0.494,,"{""0"": 250, ""1"": 250, ""2"": null, ""3"": null, ""4"": null, ""5"": null, ""6"": null, ""7"": null}","{""0"": 0.0, ""1"": 0.0, ""2"": null, ""3"": null, ""4"": null, ""5"": null, ""6"": null, ""7"": null}","{""0"": 250, ""1"": 250}",250,1,0,0,0,0.494,ultrasonic-not-close,KEEP_PAUSED,left,right,,0
1170,2026-08-02T02:29:53.370+09:00,143.000,1169,7.28,0,DRIVING,,0,1,1,0,0,0,-0.023807,2.221,8202,0,0.042853,0.042853,0,743,green,0.289,,0,unknown,0.000000,null,0.000000,0.417,,"{""0"": 250, ""1"": 250, ""2"": null, ""3"": null, ""4"": null, ""5"": null, ""6"": null, ""7"": null}","{""0"": 0.0, ""1"": 0.0, ""2"": null, ""3"": null, ""4"": null, ""5"": null, ""6"": null, ""7"": null}","{""0"": 250, ""1"": 250}",250,1,0,0,0,0.417,ultrasonic-not-close,KEEP_PAUSED,left,right,,0
1171,2026-08-02T02:29:53.464+09:00,143.096,1170,7.38,0,DRIVING,,0,1,1,0,0,0,-0.023807,2.221,8189,0,0.042853,0.042853,0,743,green,0.347,,0,unknown,0.000000,null,0.000000,0.400,,"{""0"": 250, ""1"": 250, ""2"": null, ""3"": null, ""4"": null, ""5"": null, ""6"": null, ""7"": null}","{""0"": 0.0, ""1"": 0.0, ""2"": null, ""3"": null, ""4"": null, ""5"": null, ""6"": null, ""7"": null}","{""0"": 250, ""1"": 250}",250,1,0,0,0,0.400,ultrasonic-not-close,KEEP_PAUSED,left,right,,0
1172,2026-08-02T02:29:53.638+09:00,143.269,1171,7.23,0,DRIVING,,0,1,1,0,0,0,-0.023807,2.220,8206,0,0.042853,0.042853,0,743,green,0.441,,0,unknown,0.000000,null,0.000000,0.572,,"{""0"": 250, ""1"": 250, ""2"": null, ""3"": null, ""4"": null, ""5"": null, ""6"": null, ""7"": null}","{""0"": 0.0, ""1"": 0.0, ""2"": null, ""3"": null, ""4"": null, ""5"": null, ""6"": null, ""7"": null}","{""0"": 250, ""1"": 250}",250,1,0,0,0,0.572,ultrasonic-not-close,KEEP_PAUSED,left,right,,0
1173,2026-08-02T02:29:53.731+09:00,143.361,1172,7.25,0,DRIVING,,0,1,1,0,0,0,-0.023807,2.223,8199,0,0.042853,0.042853,0,743,green,0.442,,0,unknown,0.000000,null,0.000000,0.323,,"{""0"": 250, ""1"": 250, ""2"": null, ""3"": null, ""4"": null, ""5"": null, ""6"": null, ""7"": null}","{""0"": 0.0, ""1"": 0.0, ""2"": null, ""3"": null, ""4"": null, ""5"": null, ""6"": null, ""7"": null}","{""0"": 250, ""1"": 250}",250,1,0,0,0,0.323,ultrasonic-not-close,KEEP_PAUSED,left,right,,0
1174,2026-08-02T02:29:53.835+09:00,143.468,1173,7.40,0,DRIVING,,0,1,1,0,0,0,-0.023807,2.221,8202,0,0.042853,0.042853,0,743,green,0.272,,0,unknown,0.000000,null,0.000000,0.334,,"{""0"": 250, ""1"": 250, ""2"": null, ""3"": null, ""4"": null, ""5"": null, ""6"": null, ""7"": null}","{""0"": 0.0, ""1"": 0.0, ""2"": null, ""3"": null, ""4"": null, ""5"": null, ""6"": null, ""7"": null}","{""0"": 250, ""1"": 250}",250,1,0,0,0,0.334,ultrasonic-not-close,KEEP_PAUSED,left,right,,0
1175,2026-08-02T02:29:54.037+09:00,143.668,1174,7.34,0,DRIVING,,0,1,1,0,0,0,-0.023807,2.222,8169,0,0.042853,0.042853,0,743,green,0.204,,0,unknown,0.000000,null,0.000000,0.535,,"{""0"": 250, ""1"": 250, ""2"": null, ""3"": null, ""4"": null, ""5"": null, ""6"": null, ""7"": null}","{""0"": 0.0, ""1"": 0.0, ""2"": null, ""3"": null, ""4"": null, ""5"": null, ""6"": null, ""7"": null}","{""0"": 250, ""1"": 250}",250,1,0,0,0,0.535,ultrasonic-not-close,KEEP_PAUSED,left,right,,0
1176,2026-08-02T02:29:54.133+09:00,143.765,1175,7.41,0,DRIVING,,0,1,1,0,0,0,-0.023807,2.219,8180,0,0.042853,0.042853,0,744,green,0.308,,0,unknown,0.000000,null,0.000000,0.364,,"{""0"": 250, ""1"": 250, ""2"": null, ""3"": null, ""4"": null, ""5"": null, ""6"": null, ""7"": null}","{""0"": 0.0, ""1"": 0.0, ""2"": null, ""3"": null, ""4"": null, ""5"": null, ""6"": null, ""7"": null}","{""0"": 250, ""1"": 250}",250,1,0,0,0,0.364,ultrasonic-not-close,KEEP_PAUSED,left,right,,0
1177,2026-08-02T02:29:54.241+09:00,143.874,1176,7.41,0,DRIVING,,0,1,1,0,0,0,-0.023807,2.221,8176,0,0.042853,0.042853,0,743,green,0.299,,0,unknown,0.000000,null,0.000000,0.365,,"{""0"": 250, ""1"": 250, ""2"": null, ""3"": null, ""4"": null, ""5"": null, ""6"": null, ""7"": null}","{""0"": 0.0, ""1"": 0.0, ""2"": null, ""3"": null, ""4"": null, ""5"": null, ""6"": null, ""7"": null}","{""0"": 250, ""1"": 250}",250,1,0,0,0,0.365,ultrasonic-not-close,KEEP_PAUSED,left,right,,0
1178,2026-08-02T02:29:54.412+09:00,144.043,1177,7.49,0,DRIVING,,0,1,1,0,0,0,-0.023807,2.220,8176,0,0.042853,0.042853,0,743,green,0.209,,0,unknown,0.000000,null,0.000000,0.535,,"{""0"": 250, ""1"": 250, ""2"": null, ""3"": null, ""4"": null, ""5"": null, ""6"": null, ""7"": null}","{""0"": 0.0, ""1"": 0.0, ""2"": null, ""3"": null, ""4"": null, ""5"": null, ""6"": null, ""7"": null}","{""0"": 250, ""1"": 250}",250,1,0,0,0,0.535,ultrasonic-not-close,KEEP_PAUSED,left,right,,0
1179,2026-08-02T02:29:54.588+09:00,144.220,1178,7.39,0,DRIVING,,0,1,1,0,0,0,-0.023807,2.219,8188,0,0.042853,0.042853,0,743,green,0.283,,0,unknown,0.000000,null,0.000000,0.417,,"{""0"": 250, ""1"": 250, ""2"": null, ""3"": null, ""4"": null, ""5"": null, ""6"": null, ""7"": null}","{""0"": 0.0, ""1"": 0.0, ""2"": null, ""3"": null, ""4"": null, ""5"": null, ""6"": null, ""7"": null}","{""0"": 250, ""1"": 250}",250,1,0,0,0,0.417,ultrasonic-not-close,KEEP_PAUSED,left,right,,0
1180,2026-08-02T02:29:54.731+09:00,144.363,1179,7.31,0,DRIVING,,0,1,1,0,0,0,-0.023807,2.216,8195,0,0.042853,0.042853,0,743,green,0.351,,0,unknown,0.000000,null,0.000000,0.280,,"{""0"": 250, ""1"": 250, ""2"": null, ""3"": null, ""4"": null, ""5"": null, ""6"": null, ""7"": null}","{""0"": 0.0, ""1"": 0.0, ""2"": null, ""3"": null, ""4"": null, ""5"": null, ""6"": null, ""7"": null}","{""0"": 250, ""1"": 250}",250,1,0,0,0,0.280,ultrasonic-not-close,KEEP_PAUSED,left,right,,0
1181,2026-08-02T02:29:54.834+09:00,144.465,1180,7.43,0,DRIVING,,0,1,1,0,0,0,-0.023807,2.215,8199,0,0.042853,0.042853,0,743,green,0.322,,0,unknown,0.000000,null,0.000000,0.207,,"{""0"": 250, ""1"": 250, ""2"": null, ""3"": null, ""4"": null, ""5"": null, ""6"": null, ""7"": null}","{""0"": 0.0, ""1"": 0.0, ""2"": null, ""3"": null, ""4"": null, ""5"": null, ""6"": null, ""7"": null}","{""0"": 250, ""1"": 250}",250,1,0,0,0,0.207,ultrasonic-not-close,KEEP_PAUSED,left,right,,0
1182,2026-08-02T02:29:54.936+09:00,144.567,1181,7.41,0,DRIVING,,0,1,1,0,0,0,-0.023807,2.216,8189,0,0.042853,0.042853,0,743,green,0.249,,0,unknown,0.000000,null,0.000000,0.309,,"{""0"": 250, ""1"": 250, ""2"": null, ""3"": null, ""4"": null, ""5"": null, ""6"": null, ""7"": null}","{""0"": 0.0, ""1"": 0.0, ""2"": null, ""3"": null, ""4"": null, ""5"": null, ""6"": null, ""7"": null}","{""0"": 250, ""1"": 250}",250,1,0,0,0,0.309,ultrasonic-not-close,KEEP_PAUSED,left,right,,0
1183,2026-08-02T02:29:55.027+09:00,144.660,1182,7.49,0,DRIVING,,0,1,1,0,0,0,-0.023807,2.214,8180,0,0.042853,0.042853,0,743,green,0.352,,0,unknown,0.000000,null,0.000000,0.261,,"{""0"": 250, ""1"": 250, ""2"": null, ""3"": null, ""4"": null, ""5"": null, ""6"": null, ""7"": null}","{""0"": 0.0, ""1"": 0.0, ""2"": null, ""3"": null, ""4"": null, ""5"": null, ""6"": null, ""7"": null}","{""0"": 250, ""1"": 250}",250,1,0,0,0,0.261,ultrasonic-not-close,KEEP_PAUSED,left,right,,0
1184,2026-08-02T02:29:55.167+09:00,144.798,1183,7.56,0,DRIVING,,0,1,1,0,0,0,-0.023807,2.217,8193,0,0.042853,0.042853,0,744,green,0.306,,0,unknown,0.000000,null,0.000000,0.399,,"{""0"": 250, ""1"": 250, ""2"": null, ""3"": null, ""4"": null, ""5"": null, ""6"": null, ""7"": null}","{""0"": 0.0, ""1"": 0.0, ""2"": null, ""3"": null, ""4"": null, ""5"": null, ""6"": null, ""7"": null}","{""0"": 250, ""1"": 250}",250,1,0,0,0,0.399,ultrasonic-not-close,KEEP_PAUSED,left,right,,0
1185,2026-08-02T02:29:55.332+09:00,144.964,1184,7.44,0,DRIVING,,0,1,1,0,0,0,-0.023648,2.220,8218,0,0.042280,0.042280,0,742,green,0.234,,0,unknown,0.000000,null,0.000000,0.360,,"{""0"": 250, ""1"": 250, ""2"": null, ""3"": null, ""4"": null, ""5"": null, ""6"": null, ""7"": null}","{""0"": 0.0, ""1"": 0.0, ""2"": null, ""3"": null, ""4"": null, ""5"": null, ""6"": null, ""7"": null}","{""0"": 250, ""1"": 250}",250,1,0,0,0,0.360,ultrasonic-not-close,KEEP_PAUSED,left,right,,0
1186,2026-08-02T02:29:55.455+09:00,145.087,1185,7.56,0,DRIVING,,0,1,1,0,0,0,-0.022839,2.224,8237,0,0.039453,0.039453,0,743,green,0.307,,0,unknown,0.000000,null,0.000000,0.388,,"{""0"": 250, ""1"": 250, ""2"": null, ""3"": null, ""4"": null, ""5"": null, ""6"": null, ""7"": null}","{""0"": 0.0, ""1"": 0.0, ""2"": null, ""3"": null, ""4"": null, ""5"": null, ""6"": null, ""7"": null}","{""0"": 250, ""1"": 250}",250,1,0,0,0,0.388,ultrasonic-not-close,KEEP_PAUSED,left,right,,0
1187,2026-08-02T02:29:55.554+09:00,145.185,1186,7.59,0,DRIVING,,0,1,1,0,0,0,0.000760,2.025,8245,0,-0.045007,-0.045007,0,743,green,0.293,,0,unknown,0.000000,null,0.000000,0.350,,"{""0"": 250, ""1"": 250, ""2"": null, ""3"": null, ""4"": null, ""5"": null, ""6"": null, ""7"": null}","{""0"": 0.0, ""1"": 0.0, ""2"": null, ""3"": null, ""4"": null, ""5"": null, ""6"": null, ""7"": null}","{""0"": 250, ""1"": 250}",250,1,0,0,0,0.350,ultrasonic-not-close,KEEP_PAUSED,left,right,,0
1188,2026-08-02T02:29:55.708+09:00,145.325,1187,7.63,0,DRIVING,,0,1,1,0,0,0,0.003268,1.804,8118,0,-0.040942,-0.040942,0,743,green,0.225,,0,unknown,0.000000,null,0.000000,0.489,,"{""0"": 250, ""1"": 250, ""2"": null, ""3"": null, ""4"": null, ""5"": null, ""6"": null, ""7"": null}","{""0"": 0.0, ""1"": 0.0, ""2"": null, ""3"": null, ""4"": null, ""5"": null, ""6"": null, ""7"": null}","{""0"": 250, ""1"": 250}",250,1,0,0,0,0.489,ultrasonic-not-close,KEEP_PAUSED,left,right,,0
1189,2026-08-02T02:29:55.799+09:00,145.430,1188,7.61,0,DRIVING,,0,1,1,0,0,0,0.003955,1.627,8082,0,-0.032900,-0.032900,0,743,green,0.257,,0,unknown,0.000000,null,0.000000,0.306,,"{""0"": 250, ""1"": 250, ""2"": null, ""3"": null, ""4"": null, ""5"": null, ""6"": null, ""7"": null}","{""0"": 0.0, ""1"": 0.0, ""2"": null, ""3"": null, ""4"": null, ""5"": null, ""6"": null, ""7"": null}","{""0"": 250, ""1"": 250}",250,1,0,0,0,0.306,ultrasonic-not-close,KEEP_PAUSED,left,right,,0
1190,2026-08-02T02:29:55.941+09:00,145.573,1189,7.64,0,DRIVING,,0,1,1,0,0,0,0.003764,1.501,8104,0,-0.024475,-0.024475,0,742,green,0.348,,0,unknown,0.000000,null,0.000000,0.450,,"{""0"": 250, ""1"": 250, ""2"": null, ""3"": null, ""4"": null, ""5"": null, ""6"": null, ""7"": null}","{""0"": 0.0, ""1"": 0.0, ""2"": null, ""3"": null, ""4"": null, ""5"": null, ""6"": null, ""7"": null}","{""0"": 250, ""1"": 250}",250,1,0,0,0,0.450,ultrasonic-not-close,KEEP_PAUSED,left,right,,0
1191,2026-08-02T02:29:56.085+09:00,145.717,1190,7.66,0,DRIVING,,0,1,1,0,0,0,0.003959,1.407,8096,0,-0.019868,-0.019868,0,742,green,0.390,,0,unknown,0.000000,null,0.000000,0.340,,"{""0"": 250, ""1"": 250, ""2"": null, ""3"": null, ""4"": null, ""5"": null, ""6"": null, ""7"": null}","{""0"": 0.0, ""1"": 0.0, ""2"": null, ""3"": null, ""4"": null, ""5"": null, ""6"": null, ""7"": null}","{""0"": 250, ""1"": 250}",250,1,0,0,0,0.340,ultrasonic-not-close,KEEP_PAUSED,left,right,,0
1192,2026-08-02T02:29:56.180+09:00,145.812,1191,7.65,0,DRIVING,,0,1,1,0,0,0,0.003991,1.339,8109,0,-0.016160,-0.016160,0,743,green,0.290,,0,unknown,0.000000,null,0.000000,0.344,,"{""0"": 250, ""1"": 250, ""2"": null, ""3"": null, ""4"": null, ""5"": null, ""6"": null, ""7"": null}","{""0"": 0.0, ""1"": 0.0, ""2"": null, ""3"": null, ""4"": null, ""5"": null, ""6"": null, ""7"": null}","{""0"": 250, ""1"": 250}",250,1,0,0,0,0.344,ultrasonic-not-close,KEEP_PAUSED,left,right,,0
1193,2026-08-02T02:29:56.330+09:00,145.961,1192,7.57,0,DRIVING,,0,1,1,0,0,0,0.003989,1.282,8120,0,-0.013460,-0.013460,0,743,green,0.244,,0,unknown,0.000000,null,0.000000,0.493,,"{""0"": 250, ""1"": 250, ""2"": null, ""3"": null, ""4"": null, ""5"": null, ""6"": null, ""7"": null}","{""0"": 0.0, ""1"": 0.0, ""2"": null, ""3"": null, ""4"": null, ""5"": null, ""6"": null, ""7"": null}","{""0"": 250, ""1"": 250}",250,1,0,0,0,0.493,ultrasonic-not-close,KEEP_PAUSED,left,right,,0
1194,2026-08-02T02:29:56.422+09:00,146.051,1193,7.78,0,DRIVING,,0,1,1,0,0,0,0.003092,1.235,8169,0,-0.008348,-0.008348,0,744,green,0.248,,0,unknown,0.000000,null,0.000000,0.297,,"{""0"": 250, ""1"": 250, ""2"": null, ""3"": null, ""4"": null, ""5"": null, ""6"": null, ""7"": null}","{""0"": 0.0, ""1"": 0.0, ""2"": null, ""3"": null, ""4"": null, ""5"": null, ""6"": null, ""7"": null}","{""0"": 250, ""1"": 250}",250,1,0,0,0,0.297,ultrasonic-not-close,KEEP_PAUSED,left,right,,0
1195,2026-08-02T02:29:56.563+09:00,146.195,1194,7.70,0,DRIVING,,0,1,1,0,0,0,0.004156,1.214,8123,0,-0.011344,-0.011344,0,744,green,0.341,,0,unknown,0.000000,null,0.000000,0.440,,"{""0"": 250, ""1"": 250, ""2"": null, ""3"": null, ""4"": null, ""5"": null, ""6"": null, ""7"": null}","{""0"": 0.0, ""1"": 0.0, ""2"": null, ""3"": null, ""4"": null, ""5"": null, ""6"": null, ""7"": null}","{""0"": 250, ""1"": 250}",250,1,0,0,0,0.440,ultrasonic-not-close,KEEP_PAUSED,left,right,,0
1196,2026-08-02T02:29:56.739+09:00,146.371,1195,7.57,0,DRIVING,,0,1,1,0,0,0,0.004193,1.199,8117,0,-0.010319,-0.010319,0,743,green,0.386,,0,unknown,0.000000,null,0.000000,0.520,,"{""0"": 250, ""1"": 250, ""2"": null, ""3"": null, ""4"": null, ""5"": null, ""6"": null, ""7"": null}","{""0"": 0.0, ""1"": 0.0, ""2"": null, ""3"": null, ""4"": null, ""5"": null, ""6"": null, ""7"": null}","{""0"": 250, ""1"": 250}",250,1,0,0,0,0.520,ultrasonic-not-close,KEEP_PAUSED,left,right,,0
1197,2026-08-02T02:29:56.861+09:00,146.493,1196,7.60,0,DRIVING,,0,1,1,0,0,0,0.004221,1.188,8110,0,-0.009588,-0.009588,0,743,green,0.320,,0,unknown,0.000000,null,0.000000,0.401,,"{""0"": 250, ""1"": 250, ""2"": null, ""3"": null, ""4"": null, ""5"": null, ""6"": null, ""7"": null}","{""0"": 0.0, ""1"": 0.0, ""2"": null, ""3"": null, ""4"": null, ""5"": null, ""6"": null, ""7"": null}","{""0"": 250, ""1"": 250}",250,1,0,0,0,0.401,ultrasonic-not-close,KEEP_PAUSED,left,right,,0
1198,2026-08-02T02:29:56.962+09:00,146.594,1197,7.58,0,DRIVING,,0,1,1,0,0,0,0.004117,1.183,8119,0,-0.008616,-0.008616,0,743,green,0.303,,0,unknown,0.000000,null,0.000000,0.186,,"{""0"": 250, ""1"": 250, ""2"": null, ""3"": null, ""4"": null, ""5"": null, ""6"": null, ""7"": null}","{""0"": 0.0, ""1"": 0.0, ""2"": null, ""3"": null, ""4"": null, ""5"": null, ""6"": null, ""7"": null}","{""0"": 250, ""1"": 250}",250,1,0,0,0,0.186,ultrasonic-not-close,KEEP_PAUSED,left,right,,0
1199,2026-08-02T02:29:57.138+09:00,146.770,1198,7.62,0,DRIVING,,0,1,1,0,0,0,0.004258,1.177,8102,0,-0.008761,-0.008761,0,742,green,0.226,,0,unknown,0.000000,null,0.000000,0.362,,"{""0"": 250, ""1"": 250, ""2"": null, ""3"": null, ""4"": null, ""5"": null, ""6"": null, ""7"": null}","{""0"": 0.0, ""1"": 0.0, ""2"": null, ""3"": null, ""4"": null, ""5"": null, ""6"": null, ""7"": null}","{""0"": 250, ""1"": 250}",250,1,0,0,0,0.362,ultrasonic-not-close,KEEP_PAUSED,left,right,,0
1200,2026-08-02T02:29:57.230+09:00,146.863,1199,7.77,0,DRIVING,,0,1,1,0,0,0,0.004270,1.173,8099,0,-0.008474,-0.008474,0,742,green,0.280,,0,unknown,0.000000,null,0.000000,0.332,,"{""0"": 250, ""1"": 250, ""2"": null, ""3"": null, ""4"": null, ""5"": null, ""6"": null, ""7"": null}","{""0"": 0.0, ""1"": 0.0, ""2"": null, ""3"": null, ""4"": null, ""5"": null, ""6"": null, ""7"": null}","{""0"": 250, ""1"": 250}",250,1,0,0,0,0.332,ultrasonic-not-close,KEEP_PAUSED,left,right,,0
1201,2026-08-02T02:29:57.385+09:00,147.017,1200,7.65,0,DRIVING,,0,1,1,0,0,0,0.004278,1.169,8102,0,-0.008269,-0.008269,0,742,green,0.274,,0,unknown,0.000000,null,0.000000,0.486,,"{""0"": 250, ""1"": 250, ""2"": null, ""3"": null, ""4"": null, ""5"": null, ""6"": null, ""7"": null}","{""0"": 0.0, ""1"": 0.0, ""2"": null, ""3"": null, ""4"": null, ""5"": null, ""6"": null, ""7"": null}","{""0"": 250, ""1"": 250}",250,1,0,0,0,0.486,ultrasonic-not-close,KEEP_PAUSED,left,right,,0
1202,2026-08-02T02:29:57.612+09:00,147.244,1201,7.55,0,DRIVING,,0,1,1,0,0,0,0.004285,1.167,8102,0,-0.008123,-0.008123,0,742,green,0.251,,0,unknown,0.000000,null,0.000000,0.613,,"{""0"": 250, ""1"": 250, ""2"": null, ""3"": null, ""4"": null, ""5"": null, ""6"": null, ""7"": null}","{""0"": 0.0, ""1"": 0.0, ""2"": null, ""3"": null, ""4"": null, ""5"": null, ""6"": null, ""7"": null}","{""0"": 250, ""1"": 250}",250,1,0,0,0,0.613,ultrasonic-not-close,KEEP_PAUSED,left,right,,0
1203,2026-08-02T02:29:57.708+09:00,147.341,1202,7.54,0,DRIVING,,0,1,1,0,0,0,0.004405,1.164,8113,0,-0.008431,-0.008431,0,742,green,0.384,,0,unknown,0.000000,null,0.000000,0.439,,"{""0"": 250, ""1"": 250, ""2"": null, ""3"": null, ""4"": null, ""5"": null, ""6"": null, ""7"": null}","{""0"": 0.0, ""1"": 0.0, ""2"": null, ""3"": null, ""4"": null, ""5"": null, ""6"": null, ""7"": null}","{""0"": 250, ""1"": 250}",250,1,0,0,0,0.439,ultrasonic-not-close,KEEP_PAUSED,left,right,,0
1204,2026-08-02T02:29:57.813+09:00,147.446,1203,7.54,0,DRIVING,,0,1,1,0,0,0,0.004294,1.164,8085,0,-0.007880,-0.007880,0,743,green,0.327,,0,unknown,0.000000,null,0.000000,0.545,,"{""0"": 250, ""1"": 250, ""2"": null, ""3"": null, ""4"": null, ""5"": null, ""6"": null, ""7"": null}","{""0"": 0.0, ""1"": 0.0, ""2"": null, ""3"": null, ""4"": null, ""5"": null, ""6"": null, ""7"": null}","{""0"": 250, ""1"": 250}",250,1,0,0,0,0.545,ultrasonic-not-close,KEEP_PAUSED,left,right,,0
1205,2026-08-02T02:29:57.984+09:00,147.617,1204,7.60,0,DRIVING,,0,1,1,0,0,0,0.004296,1.164,8085,0,-0.007845,-0.007845,0,742,green,0.205,,0,unknown,0.000000,null,0.000000,0.564,,"{""0"": 250, ""1"": 250, ""2"": null, ""3"": null, ""4"": null, ""5"": null, ""6"": null, ""7"": null}","{""0"": 0.0, ""1"": 0.0, ""2"": null, ""3"": null, ""4"": null, ""5"": null, ""6"": null, ""7"": null}","{""0"": 250, ""1"": 250}",250,1,0,0,0,0.564,ultrasonic-not-close,KEEP_PAUSED,left,right,,0
1206,2026-08-02T02:29:58.074+09:00,147.706,1205,7.62,0,DRIVING,,0,1,1,0,0,0,0.004299,1.163,8085,0,-0.007819,-0.007819,0,742,green,0.280,,0,unknown,0.000000,null,0.000000,0.328,,"{""0"": 250, ""1"": 250, ""2"": null, ""3"": null, ""4"": null, ""5"": null, ""6"": null, ""7"": null}","{""0"": 0.0, ""1"": 0.0, ""2"": null, ""3"": null, ""4"": null, ""5"": null, ""6"": null, ""7"": null}","{""0"": 250, ""1"": 250}",250,1,0,0,0,0.328,ultrasonic-not-close,KEEP_PAUSED,left,right,,0
1207,2026-08-02T02:29:58.234+09:00,147.867,1206,7.51,0,DRIVING,,0,1,1,0,0,0,0.004300,1.163,8085,0,-0.007800,-0.007800,0,742,green,0.265,,0,unknown,0.000000,null,0.000000,0.491,,"{""0"": 250, ""1"": 250, ""2"": null, ""3"": null, ""4"": null, ""5"": null, ""6"": null, ""7"": null}","{""0"": 0.0, ""1"": 0.0, ""2"": null, ""3"": null, ""4"": null, ""5"": null, ""6"": null, ""7"": null}","{""0"": 250, ""1"": 250}",250,1,0,0,0,0.491,ultrasonic-not-close,KEEP_PAUSED,left,right,,0
1208,2026-08-02T02:29:58.370+09:00,148.003,1207,7.58,0,DRIVING,,0,1,1,0,0,0,0.004301,1.163,8085,0,-0.007786,-0.007786,0,742,green,0.254,,0,unknown,0.000000,null,0.000000,0.520,,"{""0"": 250, ""1"": 250, ""2"": null, ""3"": null, ""4"": null, ""5"": null, ""6"": null, ""7"": null}","{""0"": 0.0, ""1"": 0.0, ""2"": null, ""3"": null, ""4"": null, ""5"": null, ""6"": null, ""7"": null}","{""0"": 250, ""1"": 250}",250,1,0,0,0,0.520,ultrasonic-not-close,KEEP_PAUSED,left,right,,0
1209,2026-08-02T02:29:58.460+09:00,148.093,1208,7.75,0,DRIVING,,0,1,1,0,0,0,0.004302,1.163,8085,0,-0.007776,-0.007776,0,742,green,0.301,,0,unknown,0.000000,null,0.000000,0.349,,"{""0"": 250, ""1"": 250, ""2"": null, ""3"": null, ""4"": null, ""5"": null, ""6"": null, ""7"": null}","{""0"": 0.0, ""1"": 0.0, ""2"": null, ""3"": null, ""4"": null, ""5"": null, ""6"": null, ""7"": null}","{""0"": 250, ""1"": 250}",250,1,0,0,0,0.349,ultrasonic-not-close,KEEP_PAUSED,left,right,,0
1210,2026-08-02T02:29:58.552+09:00,148.184,1209,7.85,0,DRIVING,,0,1,1,0,0,0,0.004303,1.163,8085,0,-0.007769,-0.007769,0,742,green,0.391,,0,unknown,0.000000,null,0.000000,0.442,,"{""0"": 250, ""1"": 250, ""2"": null, ""3"": null, ""4"": null, ""5"": null, ""6"": null, ""7"": null}","{""0"": 0.0, ""1"": 0.0, ""2"": null, ""3"": null, ""4"": null, ""5"": null, ""6"": null, ""7"": null}","{""0"": 250, ""1"": 250}",250,1,0,0,0,0.442,ultrasonic-not-close,KEEP_PAUSED,left,right,,0
1211,2026-08-02T02:29:58.647+09:00,148.278,1210,7.87,0,DRIVING,,0,1,1,0,0,0,0.004303,1.163,8085,0,-0.007764,-0.007764,0,742,green,0.325,,0,unknown,0.000000,null,0.000000,0.237,,"{""0"": 250, ""1"": 250, ""2"": null, ""3"": null, ""4"": null, ""5"": null, ""6"": null, ""7"": null}","{""0"": 0.0, ""1"": 0.0, ""2"": null, ""3"": null, ""4"": null, ""5"": null, ""6"": null, ""7"": null}","{""0"": 250, ""1"": 250}",250,1,0,0,0,0.237,ultrasonic-not-close,KEEP_PAUSED,left,right,,0
1212,2026-08-02T02:29:58.838+09:00,148.470,1211,7.68,0,DRIVING,,0,1,1,0,0,0,0.004304,1.163,8085,0,-0.007760,-0.007760,0,742,green,0.211,,0,unknown,0.000000,null,0.000000,0.339,,"{""0"": 250, ""1"": 250, ""2"": null, ""3"": null, ""4"": null, ""5"": null, ""6"": null, ""7"": null}","{""0"": 0.0, ""1"": 0.0, ""2"": null, ""3"": null, ""4"": null, ""5"": null, ""6"": null, ""7"": null}","{""0"": 250, ""1"": 250}",250,1,0,0,0,0.339,ultrasonic-not-close,KEEP_PAUSED,left,right,,0
1213,2026-08-02T02:29:58.952+09:00,148.583,1212,7.65,0,DRIVING,,0,1,1,0,0,0,0.004304,1.163,8085,0,-0.007757,-0.007757,0,743,green,0.286,,0,unknown,0.000000,null,0.000000,0.452,,"{""0"": 250, ""1"": 250, ""2"": null, ""3"": null, ""4"": null, ""5"": null, ""6"": null, ""7"": null}","{""0"": 0.0, ""1"": 0.0, ""2"": null, ""3"": null, ""4"": null, ""5"": null, ""6"": null, ""7"": null}","{""0"": 250, ""1"": 250}",250,1,0,0,0,0.452,ultrasonic-not-close,KEEP_PAUSED,left,right,,0
1214,2026-08-02T02:29:59.047+09:00,148.679,1213,7.73,0,DRIVING,,0,1,1,0,0,0,0.004304,1.163,8085,0,-0.007755,-0.007755,0,743,green,0.287,,0,unknown,0.000000,null,0.000000,0.341,,"{""0"": 250, ""1"": 250, ""2"": null, ""3"": null, ""4"": null, ""5"": null, ""6"": null, ""7"": null}","{""0"": 0.0, ""1"": 0.0, ""2"": null, ""3"": null, ""4"": null, ""5"": null, ""6"": null, ""7"": null}","{""0"": 250, ""1"": 250}",250,1,0,0,0,0.341,ultrasonic-not-close,KEEP_PAUSED,left,right,,0
1215,2026-08-02T02:29:59.257+09:00,148.888,1214,7.65,0,DRIVING,,0,1,1,0,0,0,0.004304,1.163,8085,0,-0.007753,-0.007753,0,742,green,0.216,,0,unknown,0.000000,null,0.000000,0.550,,"{""0"": 250, ""1"": 250, ""2"": null, ""3"": null, ""4"": null, ""5"": null, ""6"": null, ""7"": null}","{""0"": 0.0, ""1"": 0.0, ""2"": null, ""3"": null, ""4"": null, ""5"": null, ""6"": null, ""7"": null}","{""0"": 250, ""1"": 250}",250,1,0,0,0,0.550,ultrasonic-not-close,KEEP_PAUSED,left,right,,0
1216,2026-08-02T02:29:59.379+09:00,149.011,1215,7.64,0,DRIVING,,0,1,1,0,0,0,0.004305,1.163,8085,0,-0.007752,-0.007752,0,742,green,0.210,,0,unknown,0.000000,null,0.000000,0.389,,"{""0"": 250, ""1"": 250, ""2"": null, ""3"": null, ""4"": null, ""5"": null, ""6"": null, ""7"": null}","{""0"": 0.0, ""1"": 0.0, ""2"": null, ""3"": null, ""4"": null, ""5"": null, ""6"": null, ""7"": null}","{""0"": 250, ""1"": 250}",250,1,0,0,0,0.389,ultrasonic-not-close,KEEP_PAUSED,left,right,,0
1217,2026-08-02T02:29:59.484+09:00,149.115,1216,7.63,0,DRIVING,,0,1,1,0,0,0,0.004305,1.161,8083,0,-0.007751,-0.007751,0,742,green,0.126,,0,unknown,0.000000,null,0.000000,0.394,,"{""0"": 250, ""1"": 250, ""2"": null, ""3"": null, ""4"": null, ""5"": null, ""6"": null, ""7"": null}","{""0"": 0.0, ""1"": 0.0, ""2"": null, ""3"": null, ""4"": null, ""5"": null, ""6"": null, ""7"": null}","{""0"": 250, ""1"": 250}",250,1,0,0,0,0.394,ultrasonic-not-close,KEEP_PAUSED,left,right,,0
1218,2026-08-02T02:29:59.650+09:00,149.282,1217,7.58,0,DRIVING,,0,1,1,0,0,0,0.004305,1.157,8096,0,-0.007751,-0.007751,0,742,green,0.108,,0,unknown,0.000000,null,0.000000,0.560,,"{""0"": 250, ""1"": 250, ""2"": null, ""3"": null, ""4"": null, ""5"": null, ""6"": null, ""7"": null}","{""0"": 0.0, ""1"": 0.0, ""2"": null, ""3"": null, ""4"": null, ""5"": null, ""6"": null, ""7"": null}","{""0"": 250, ""1"": 250}",250,1,0,0,0,0.560,ultrasonic-not-close,KEEP_PAUSED,left,right,,0
1219,2026-08-02T02:29:59.771+09:00,149.402,1218,7.55,0,DRIVING,,0,1,1,0,0,0,0.004305,1.156,8096,0,-0.007750,-0.007750,0,742,green,0.170,,0,unknown,0.000000,null,0.000000,0.352,,"{""0"": 250, ""1"": 250, ""2"": null, ""3"": null, ""4"": null, ""5"": null, ""6"": null, ""7"": null}","{""0"": 0.0, ""1"": 0.0, ""2"": null, ""3"": null, ""4"": null, ""5"": null, ""6"": null, ""7"": null}","{""0"": 250, ""1"": 250}",250,1,0,0,0,0.352,ultrasonic-not-close,KEEP_PAUSED,left,right,,0
1220,2026-08-02T02:29:59.873+09:00,149.504,1219,7.64,0,DRIVING,,0,1,1,0,0,0,0.004305,1.153,8099,0,-0.007750,-0.007750,0,743,green,0.126,,0,unknown,0.000000,null,0.000000,0.350,,"{""0"": 250, ""1"": 250, ""2"": null, ""3"": null, ""4"": null, ""5"": null, ""6"": null, ""7"": null}","{""0"": 0.0, ""1"": 0.0, ""2"": null, ""3"": null, ""4"": null, ""5"": null, ""6"": null, ""7"": null}","{""0"": 250, ""1"": 250}",250,1,0,0,0,0.350,ultrasonic-not-close,KEEP_PAUSED,left,right,,0
1221,2026-08-02T02:30:00.047+09:00,149.679,1220,7.57,0,DRIVING,,0,1,1,0,0,0,0.004305,1.154,8113,0,-0.007749,-0.007749,0,742,green,0.105,,0,unknown,0.000000,null,0.000000,0.526,,"{""0"": 250, ""1"": 250, ""2"": null, ""3"": null, ""4"": null, ""5"": null, ""6"": null, ""7"": null}","{""0"": 0.0, ""1"": 0.0, ""2"": null, ""3"": null, ""4"": null, ""5"": null, ""6"": null, ""7"": null}","{""0"": 250, ""1"": 250}",250,1,0,0,0,0.526,ultrasonic-not-close,KEEP_PAUSED,left,right,,0
1222,2026-08-02T02:30:00.137+09:00,149.768,1221,7.59,0,DRIVING,,0,1,1,0,0,0,0.004305,1.154,8110,0,-0.007749,-0.007749,0,742,green,0.178,,0,unknown,0.000000,null,0.000000,0.327,,"{""0"": 250, ""1"": 250, ""2"": null, ""3"": null, ""4"": null, ""5"": null, ""6"": null, ""7"": null}","{""0"": 0.0, ""1"": 0.0, ""2"": null, ""3"": null, ""4"": null, ""5"": null, ""6"": null, ""7"": null}","{""0"": 250, ""1"": 250}",250,1,0,0,0,0.327,ultrasonic-not-close,KEEP_PAUSED,left,right,,0
1223,2026-08-02T02:30:00.302+09:00,149.934,1222,7.55,0,DRIVING,,0,1,1,0,0,0,0.004305,1.154,8088,0,-0.007749,-0.007749,0,742,green,0.093,,0,unknown,0.000000,null,0.000000,0.494,,"{""0"": 250, ""1"": 250, ""2"": null, ""3"": null, ""4"": null, ""5"": null, ""6"": null, ""7"": null}","{""0"": 0.0, ""1"": 0.0, ""2"": null, ""3"": null, ""4"": null, ""5"": null, ""6"": null, ""7"": null}","{""0"": 250, ""1"": 250}",250,1,0,0,0,0.494,ultrasonic-not-close,KEEP_PAUSED,left,right,,0
1224,2026-08-02T02:30:00.441+09:00,150.072,1223,7.46,0,DRIVING,,0,1,1,0,0,0,0.004305,1.156,8102,0,-0.007749,-0.007749,0,742,green,0.168,,0,unknown,0.000000,null,0.000000,0.529,,"{""0"": 250, ""1"": 250, ""2"": null, ""3"": null, ""4"": null, ""5"": null, ""6"": null, ""7"": null}","{""0"": 0.0, ""1"": 0.0, ""2"": null, ""3"": null, ""4"": null, ""5"": null, ""6"": null, ""7"": null}","{""0"": 250, ""1"": 250}",250,1,0,0,0,0.529,ultrasonic-not-close,KEEP_PAUSED,left,right,,0
1225,2026-08-02T02:30:00.601+09:00,150.232,1224,7.43,0,DRIVING,,0,1,1,0,0,0,0.004305,1.156,8092,0,-0.007749,-0.007749,0,742,green,0.143,,0,unknown,0.000000,null,0.000000,0.427,,"{""0"": 250, ""1"": 250, ""2"": null, ""3"": null, ""4"": null, ""5"": null, ""6"": null, ""7"": null}","{""0"": 0.0, ""1"": 0.0, ""2"": null, ""3"": null, ""4"": null, ""5"": null, ""6"": null, ""7"": null}","{""0"": 250, ""1"": 250}",250,1,0,0,0,0.427,ultrasonic-not-close,KEEP_PAUSED,left,right,,0
1226,2026-08-02T02:30:00.710+09:00,150.334,1225,7.57,0,DRIVING,,0,1,1,0,0,0,0.004305,1.156,8096,0,-0.007749,-0.007749,0,741,green,0.164,,0,unknown,0.000000,null,0.000000,0.223,,"{""0"": 250, ""1"": 250, ""2"": null, ""3"": null, ""4"": null, ""5"": null, ""6"": null, ""7"": null}","{""0"": 0.0, ""1"": 0.0, ""2"": null, ""3"": null, ""4"": null, ""5"": null, ""6"": null, ""7"": null}","{""0"": 250, ""1"": 250}",250,1,0,0,0,0.223,ultrasonic-not-close,KEEP_PAUSED,left,right,,0
1227,2026-08-02T02:30:00.857+09:00,150.488,1226,7.51,0,DRIVING,,0,1,1,0,0,0,0.004305,1.153,8080,0,-0.007749,-0.007749,0,742,green,0.111,,0,unknown,0.000000,null,0.000000,0.362,,"{""0"": 250, ""1"": 250, ""2"": null, ""3"": null, ""4"": null, ""5"": null, ""6"": null, ""7"": null}","{""0"": 0.0, ""1"": 0.0, ""2"": null, ""3"": null, ""4"": null, ""5"": null, ""6"": null, ""7"": null}","{""0"": 250, ""1"": 250}",250,1,0,0,0,0.362,ultrasonic-not-close,KEEP_PAUSED,left,right,,0
1228,2026-08-02T02:30:00.945+09:00,150.578,1227,7.53,0,DRIVING,,0,1,1,0,0,0,0.004305,1.151,8080,0,-0.007749,-0.007749,0,743,green,0.150,,0,unknown,0.000000,null,0.000000,0.306,,"{""0"": 250, ""1"": 250, ""2"": null, ""3"": null, ""4"": null, ""5"": null, ""6"": null, ""7"": null}","{""0"": 0.0, ""1"": 0.0, ""2"": null, ""3"": null, ""4"": null, ""5"": null, ""6"": null, ""7"": null}","{""0"": 250, ""1"": 250}",250,1,0,0,0,0.306,ultrasonic-not-close,KEEP_PAUSED,left,right,,0
1229,2026-08-02T02:30:01.080+09:00,150.711,1228,7.61,0,DRIVING,,0,1,1,0,0,0,0.004305,1.149,8066,0,-0.007749,-0.007749,0,742,green,0.240,,0,unknown,0.000000,null,0.000000,0.441,,"{""0"": 250, ""1"": 250, ""2"": null, ""3"": null, ""4"": null, ""5"": null, ""6"": null, ""7"": null}","{""0"": 0.0, ""1"": 0.0, ""2"": null, ""3"": null, ""4"": null, ""5"": null, ""6"": null, ""7"": null}","{""0"": 250, ""1"": 250}",250,1,0,0,0,0.441,ultrasonic-not-close,KEEP_PAUSED,left,right,,0
1230,2026-08-02T02:30:01.177+09:00,150.809,1229,7.60,0,DRIVING,,0,1,1,0,0,0,0.004305,1.149,8070,0,-0.007749,-0.007749,0,743,green,0.139,,0,unknown,0.000000,null,0.000000,0.429,,"{""0"": 250, ""1"": 75, ""2"": null, ""3"": null, ""4"": null, ""5"": null, ""6"": null, ""7"": null}","{""0"": 0.0, ""1"": 0.0, ""2"": null, ""3"": null, ""4"": null, ""5"": null, ""6"": null, ""7"": null}","{""0"": 250, ""1"": 75}",75,1,1,0,0,0.429,car-not-detected-or-stale,KEEP_PAUSED,left,right,,0
1231,2026-08-02T02:30:01.280+09:00,150.911,1230,7.70,0,DRIVING,,0,1,1,0,0,0,0.004305,1.149,8070,0,-0.007749,-0.007749,0,743,green,0.236,,0,unknown,0.000000,null,0.000000,0.297,,"{""0"": 250, ""1"": 250, ""2"": null, ""3"": null, ""4"": null, ""5"": null, ""6"": null, ""7"": null}","{""0"": 0.001, ""1"": 0.001, ""2"": null, ""3"": null, ""4"": null, ""5"": null, ""6"": null, ""7"": null}","{""0"": 250, ""1"": 250}",250,1,0,0,0,0.296,ultrasonic-not-close,KEEP_PAUSED,left,right,,0
1232,2026-08-02T02:30:01.467+09:00,151.100,1231,7.78,0,DRIVING,,0,1,1,0,0,0,0.004430,1.148,8098,0,-0.008200,-0.008200,0,743,green,0.203,,0,unknown,0.000000,null,0.000000,0.485,,"{""0"": 250, ""1"": 250, ""2"": null, ""3"": null, ""4"": null, ""5"": null, ""6"": null, ""7"": null}","{""0"": 0.0, ""1"": 0.0, ""2"": null, ""3"": null, ""4"": null, ""5"": null, ""6"": null, ""7"": null}","{""0"": 250, ""1"": 250}",250,1,0,0,0,0.485,ultrasonic-not-close,KEEP_PAUSED,left,right,,0
1233,2026-08-02T02:30:01.567+09:00,151.199,1232,7.78,0,DRIVING,,0,1,1,0,0,0,0.004545,1.147,8106,0,-0.008545,-0.008545,0,743,green,0.294,,0,unknown,0.000000,null,0.000000,0.353,,"{""0"": 250, ""1"": 250, ""2"": null, ""3"": null, ""4"": null, ""5"": null, ""6"": null, ""7"": null}","{""0"": 0.0, ""1"": 0.0, ""2"": null, ""3"": null, ""4"": null, ""5"": null, ""6"": null, ""7"": null}","{""0"": 250, ""1"": 250}",250,1,0,0,0,0.353,ultrasonic-not-close,KEEP_PAUSED,left,right,,0
1234,2026-08-02T02:30:01.678+09:00,151.309,1233,7.76,0,DRIVING,,0,1,1,0,0,0,0.004430,1.147,8092,0,-0.008023,-0.008023,0,742,green,0.293,,0,unknown,0.000000,null,0.000000,0.360,,"{""0"": 250, ""1"": 250, ""2"": null, ""3"": null, ""4"": null, ""5"": null, ""6"": null, ""7"": null}","{""0"": 0.0, ""1"": 0.0, ""2"": null, ""3"": null, ""4"": null, ""5"": null, ""6"": null, ""7"": null}","{""0"": 250, ""1"": 250}",250,1,0,0,0,0.360,ultrasonic-not-close,KEEP_PAUSED,left,right,,0
1235,2026-08-02T02:30:01.881+09:00,151.514,1234,7.70,0,DRIVING,,0,1,1,0,0,0,0.004430,1.147,8098,0,-0.008008,-0.008008,0,743,green,0.215,,0,unknown,0.000000,null,0.000000,0.565,,"{""0"": 250, ""1"": 250, ""2"": null, ""3"": null, ""4"": null, ""5"": null, ""6"": null, ""7"": null}","{""0"": 0.0, ""1"": 0.0, ""2"": null, ""3"": null, ""4"": null, ""5"": null, ""6"": null, ""7"": null}","{""0"": 250, ""1"": 250}",250,1,0,0,0,0.565,ultrasonic-not-close,KEEP_PAUSED,left,right,,0
1236,2026-08-02T02:30:01.977+09:00,151.608,1235,7.69,1,DRIVING,phase:KEEP_PAUSED->KEEP,0,1,1,0,0,0,0.004305,1.150,8078,0,-0.007547,-0.007547,255,742,green,0.318,,0,unknown,0.000000,null,0.000000,0.370,,"{""0"": 250, ""1"": 250, ""2"": null, ""3"": null, ""4"": null, ""5"": null, ""6"": null, ""7"": null}","{""0"": 0.0, ""1"": 0.0, ""2"": null, ""3"": null, ""4"": null, ""5"": null, ""6"": null, ""7"": null}","{""0"": 250, ""1"": 250}",250,1,0,0,0,0.370,ultrasonic-not-close,KEEP,left,right,,0
1237,2026-08-02T02:30:02.137+09:00,151.769,1236,7.69,1,DRIVING,,0,1,1,0,0,0,0.004305,1.150,8070,0,-0.007608,-0.007608,255,742,green,0.302,,0,unknown,0.000000,null,0.000000,0.423,,"{""0"": 250, ""1"": 250, ""2"": null, ""3"": null, ""4"": null, ""5"": null, ""6"": null, ""7"": null}","{""0"": 0.0, ""1"": 0.0, ""2"": null, ""3"": null, ""4"": null, ""5"": null, ""6"": null, ""7"": null}","{""0"": 250, ""1"": 250}",250,1,0,0,0,0.423,ultrasonic-not-close,KEEP,left,right,,0
1238,2026-08-02T02:30:02.317+09:00,151.949,1237,7.60,1,DRIVING,,0,1,1,0,0,0,0.004305,1.149,8070,0,-0.007650,-0.007650,255,743,green,0.261,,0,unknown,0.000000,null,0.000000,0.603,,"{""0"": 250, ""1"": 250, ""2"": null, ""3"": null, ""4"": null, ""5"": null, ""6"": null, ""7"": null}","{""0"": 0.0, ""1"": 0.0, ""2"": null, ""3"": null, ""4"": null, ""5"": null, ""6"": null, ""7"": null}","{""0"": 250, ""1"": 250}",250,1,0,0,0,0.603,ultrasonic-not-close,KEEP,left,right,,0
1239,2026-08-02T02:30:02.439+09:00,152.072,1238,7.54,1,DRIVING,,0,1,1,0,0,0,0.001681,1.191,8330,0,0.001766,0.001766,255,743,green,0.346,,0,unknown,0.000000,null,0.000000,0.426,,"{""0"": 250, ""1"": 250, ""2"": null, ""3"": null, ""4"": null, ""5"": null, ""6"": null, ""7"": null}","{""0"": 0.0, ""1"": 0.0, ""2"": null, ""3"": null, ""4"": null, ""5"": null, ""6"": null, ""7"": null}","{""0"": 250, ""1"": 250}",250,1,0,0,0,0.426,ultrasonic-not-close,KEEP,left,right,,0
1240,2026-08-02T02:30:02.540+09:00,152.171,1239,7.53,1,DRIVING,,0,1,1,0,0,0,-0.001891,1.275,8603,0,0.013188,0.013188,255,742,green,0.305,,0,unknown,0.000000,null,0.000000,0.362,,"{""0"": 250, ""1"": 250, ""2"": null, ""3"": null, ""4"": null, ""5"": null, ""6"": null, ""7"": null}","{""0"": 0.0, ""1"": 0.0, ""2"": null, ""3"": null, ""4"": null, ""5"": null, ""6"": null, ""7"": null}","{""0"": 250, ""1"": 250}",250,1,0,0,0,0.362,ultrasonic-not-close,KEEP,left,right,,0
1241,2026-08-02T02:30:02.709+09:00,152.340,1240,7.39,1,DRIVING,,0,1,1,0,0,0,-0.004451,1.385,8718,0,0.019470,0.019470,255,743,green,0.225,,0,unknown,0.000000,null,0.000000,0.533,,"{""0"": 250, ""1"": 250, ""2"": null, ""3"": null, ""4"": null, ""5"": null, ""6"": null, ""7"": null}","{""0"": 0.0, ""1"": 0.0, ""2"": null, ""3"": null, ""4"": null, ""5"": null, ""6"": null, ""7"": null}","{""0"": 250, ""1"": 250}",250,1,0,0,0,0.533,ultrasonic-not-close,KEEP,left,right,,0
1242,2026-08-02T02:30:02.799+09:00,152.431,1241,7.57,1,DRIVING,,0,1,1,0,0,0,-0.013643,1.483,9031,0,0.049122,0.049122,255,743,green,0.274,,0,unknown,0.000000,null,0.000000,0.323,,"{""0"": 250, ""1"": 250, ""2"": null, ""3"": null, ""4"": null, ""5"": null, ""6"": null, ""7"": null}","{""0"": 0.0, ""1"": 0.0, ""2"": null, ""3"": null, ""4"": null, ""5"": null, ""6"": null, ""7"": null}","{""0"": 250, ""1"": 250}",250,1,0,0,0,0.323,ultrasonic-not-close,KEEP,left,right,,0
1243,2026-08-02T02:30:02.904+09:00,152.535,1242,7.59,1,DRIVING,,0,1,1,0,0,0,-0.034402,1.678,8817,0,0.116484,0.116484,255,743,green,0.365,,0,unknown,0.000000,null,0.000000,0.428,,"{""0"": 250, ""1"": 250, ""2"": null, ""3"": null, ""4"": null, ""5"": null, ""6"": null, ""7"": null}","{""0"": 0.0, ""1"": 0.0, ""2"": null, ""3"": null, ""4"": null, ""5"": null, ""6"": null, ""7"": null}","{""0"": 250, ""1"": 250}",250,1,0,0,0,0.428,ultrasonic-not-close,KEEP,left,right,,0
1244,2026-08-02T02:30:02.994+09:00,152.625,1243,7.60,1,DRIVING,,0,1,1,0,0,0,-0.037262,1.815,8831,0,0.110414,0.110414,255,744,green,0.367,,0,unknown,0.000000,null,0.000000,0.415,,"{""0"": 250, ""1"": 250, ""2"": null, ""3"": null, ""4"": null, ""5"": null, ""6"": null, ""7"": null}","{""0"": 0.0, ""1"": 0.0, ""2"": null, ""3"": null, ""4"": null, ""5"": null, ""6"": null, ""7"": null}","{""0"": 250, ""1"": 250}",250,1,0,0,0,0.415,ultrasonic-not-close,KEEP,left,right,,0
1245,2026-08-02T02:30:03.143+09:00,152.776,1244,7.72,1,DRIVING,,0,1,1,0,0,0,-0.048607,1.898,8746,0,0.138251,0.138251,255,745,green,0.200,,0,unknown,0.000000,null,0.000000,0.307,,"{""0"": 250, ""1"": 250, ""2"": null, ""3"": null, ""4"": null, ""5"": null, ""6"": null, ""7"": null}","{""0"": 0.0, ""1"": 0.0, ""2"": null, ""3"": null, ""4"": null, ""5"": null, ""6"": null, ""7"": null}","{""0"": 250, ""1"": 250}",250,1,0,0,0,0.307,ultrasonic-not-close,KEEP,left,right,,0
1246,2026-08-02T02:30:03.304+09:00,152.936,1245,7.64,1,DRIVING,,0,1,1,0,0,0,-0.053966,1.938,9013,0,0.142317,0.142317,255,747,green,0.242,,0,unknown,0.000000,null,0.000000,0.468,,"{""0"": 250, ""1"": 250, ""2"": null, ""3"": null, ""4"": null, ""5"": null, ""6"": null, ""7"": null}","{""0"": 0.0, ""1"": 0.0, ""2"": null, ""3"": null, ""4"": null, ""5"": null, ""6"": null, ""7"": null}","{""0"": 250, ""1"": 250}",250,1,0,0,0,0.468,ultrasonic-not-close,KEEP,left,right,,0
1247,2026-08-02T02:30:03.393+09:00,153.024,1246,7.67,1,DRIVING,,0,1,1,0,0,0,-0.063776,2.051,8650,0,0.164078,0.164078,255,748,green,0.312,,0,unknown,0.000000,null,0.000000,0.359,,"{""0"": 250, ""1"": 250, ""2"": null, ""3"": null, ""4"": null, ""5"": null, ""6"": null, ""7"": null}","{""0"": 0.0, ""1"": 0.0, ""2"": null, ""3"": null, ""4"": null, ""5"": null, ""6"": null, ""7"": null}","{""0"": 250, ""1"": 250}",250,1,0,0,0,0.359,ultrasonic-not-close,KEEP,left,right,,0
1248,2026-08-02T02:30:03.584+09:00,153.216,1247,7.62,1,DRIVING,,0,1,1,0,0,0,-0.079661,2.394,8574,0,0.206481,0.206481,255,747,green,0.255,,0,unknown,0.000000,null,0.000000,0.551,,"{""0"": 250, ""1"": 250, ""2"": null, ""3"": null, ""4"": null, ""5"": null, ""6"": null, ""7"": null}","{""0"": 0.0, ""1"": 0.0, ""2"": null, ""3"": null, ""4"": null, ""5"": null, ""6"": null, ""7"": null}","{""0"": 250, ""1"": 250}",250,1,0,0,0,0.551,ultrasonic-not-close,KEEP,left,right,,0
1249,2026-08-02T02:30:03.716+09:00,153.348,1248,7.60,1,DRIVING,,0,1,1,0,0,0,-0.086371,2.791,8717,0,0.211708,0.211708,255,756,green,0.283,,0,unknown,0.000000,null,0.000000,0.536,,"{""0"": 250, ""1"": 250, ""2"": null, ""3"": null, ""4"": null, ""5"": null, ""6"": null, ""7"": null}","{""0"": 0.0, ""1"": 0.0, ""2"": null, ""3"": null, ""4"": null, ""5"": null, ""6"": null, ""7"": null}","{""0"": 250, ""1"": 250}",250,1,0,0,0,0.536,ultrasonic-not-close,KEEP,left,right,,0
1250,2026-08-02T02:30:03.878+09:00,153.511,1249,7.48,1,DRIVING,,0,1,1,0,0,0,-0.102161,3.158,8419,0,0.251681,0.251681,255,757,green,0.330,,0,unknown,0.000000,null,0.000000,0.448,,"{""0"": 250, ""1"": 250, ""2"": null, ""3"": null, ""4"": null, ""5"": null, ""6"": null, ""7"": null}","{""0"": 0.0, ""1"": 0.0, ""2"": null, ""3"": null, ""4"": null, ""5"": null, ""6"": null, ""7"": null}","{""0"": 250, ""1"": 250}",250,1,0,0,0,0.448,ultrasonic-not-close,KEEP,left,right,,0
1251,2026-08-02T02:30:03.994+09:00,153.611,1250,7.63,1,DRIVING,,0,1,1,0,0,0,-0.111167,3.370,8300,0,0.263764,0.263764,255,757,green,0.299,,0,unknown,0.000000,null,0.000000,0.356,,"{""0"": 250, ""1"": 173, ""2"": null, ""3"": null, ""4"": null, ""5"": null, ""6"": null, ""7"": null}","{""0"": 0.0, ""1"": 0.0, ""2"": null, ""3"": null, ""4"": null, ""5"": null, ""6"": null, ""7"": null}","{""0"": 250, ""1"": 173}",173,1,0,0,0,0.356,ultrasonic-not-close,KEEP,left,right,,0
1252,2026-08-02T02:30:04.140+09:00,153.772,1251,7.49,1,DRIVING,,0,1,1,0,0,0,-0.114318,3.549,7995,0,0.256010,0.256010,255,757,green,0.279,,0,unknown,0.000000,null,0.000000,0.518,,"{""0"": 250, ""1"": 250, ""2"": null, ""3"": null, ""4"": null, ""5"": null, ""6"": null, ""7"": null}","{""0"": 0.0, ""1"": 0.0, ""2"": null, ""3"": null, ""4"": null, ""5"": null, ""6"": null, ""7"": null}","{""0"": 250, ""1"": 250}",250,1,0,0,0,0.518,ultrasonic-not-close,KEEP,left,right,,0
1253,2026-08-02T02:30:04.237+09:00,153.867,1252,7.63,1,DRIVING,,0,1,1,0,0,0,-0.120192,3.776,7882,0,0.262084,0.262084,255,759,green,0.264,,0,unknown,0.000000,null,0.000000,0.317,,"{""0"": 250, ""1"": 250, ""2"": null, ""3"": null, ""4"": null, ""5"": null, ""6"": null, ""7"": null}","{""0"": 0.0, ""1"": 0.0, ""2"": null, ""3"": null, ""4"": null, ""5"": null, ""6"": null, ""7"": null}","{""0"": 250, ""1"": 250}",250,1,0,0,0,0.317,ultrasonic-not-close,KEEP,left,right,,0
1254,2026-08-02T02:30:04.345+09:00,153.977,1253,7.68,1,DRIVING,,0,1,1,0,0,0,-0.196937,4.109,8065,0,0.524645,0.524645,255,758,green,0.252,,0,unknown,0.000000,null,0.000000,0.313,,"{""0"": 250, ""1"": 250, ""2"": null, ""3"": null, ""4"": null, ""5"": null, ""6"": null, ""7"": null}","{""0"": 0.0, ""1"": 0.0, ""2"": null, ""3"": null, ""4"": null, ""5"": null, ""6"": null, ""7"": null}","{""0"": 250, ""1"": 250}",250,1,0,0,0,0.313,ultrasonic-not-close,KEEP,left,right,,0
1255,2026-08-02T02:30:04.516+09:00,154.150,1254,7.66,1,DRIVING,,0,1,1,0,0,0,-0.212458,4.556,7285,0,0.529473,0.529473,255,767,green,0.353,,0,unknown,0.000000,null,0.000000,0.485,,"{""0"": 250, ""1"": 250, ""2"": null, ""3"": null, ""4"": null, ""5"": null, ""6"": null, ""7"": null}","{""0"": 0.0, ""1"": 0.0, ""2"": null, ""3"": null, ""4"": null, ""5"": null, ""6"": null, ""7"": null}","{""0"": 250, ""1"": 250}",250,1,0,0,0,0.485,ultrasonic-not-close,KEEP,left,right,,0
1256,2026-08-02T02:30:04.617+09:00,154.249,1255,7.66,1,DRIVING,,0,1,1,0,0,0,-0.210333,5.017,7018,0,0.477708,0.477708,255,779,green,0.381,,0,unknown,0.000000,null,0.000000,0.335,,"{""0"": 250, ""1"": 250, ""2"": null, ""3"": null, ""4"": null, ""5"": null, ""6"": null, ""7"": null}","{""0"": 0.0, ""1"": 0.0, ""2"": null, ""3"": null, ""4"": null, ""5"": null, ""6"": null, ""7"": null}","{""0"": 250, ""1"": 250}",250,1,0,0,0,0.335,ultrasonic-not-close,KEEP,left,right,,0
1257,2026-08-02T02:30:04.719+09:00,154.352,1256,7.76,1,DRIVING,,0,1,1,0,0,0,-0.214888,5.573,6870,0,0.464374,0.464374,255,781,green,0.278,,0,unknown,0.000000,null,0.000000,0.339,,"{""0"": 250, ""1"": 250, ""2"": null, ""3"": null, ""4"": null, ""5"": null, ""6"": null, ""7"": null}","{""0"": 0.0, ""1"": 0.0, ""2"": null, ""3"": null, ""4"": null, ""5"": null, ""6"": null, ""7"": null}","{""0"": 250, ""1"": 250}",250,1,0,0,0,0.339,ultrasonic-not-close,KEEP,left,right,,0
1258,2026-08-02T02:30:04.900+09:00,154.533,1257,7.58,1,DRIVING,,0,1,1,0,0,0,-0.221691,6.048,7233,0,0.465592,0.465592,255,781,green,0.209,,0,unknown,0.000000,null,0.000000,0.521,,"{""0"": 250, ""1"": 250, ""2"": null, ""3"": null, ""4"": null, ""5"": null, ""6"": null, ""7"": null}","{""0"": 0.0, ""1"": 0.0, ""2"": null, ""3"": null, ""4"": null, ""5"": null, ""6"": null, ""7"": null}","{""0"": 250, ""1"": 250}",250,1,0,0,0,0.521,ultrasonic-not-close,KEEP,left,right,,0
1259,2026-08-02T02:30:05.023+09:00,154.655,1258,7.61,1,DRIVING,,0,1,1,0,0,0,-0.226186,6.509,7323,0,0.461809,0.461809,255,782,green,0.286,,0,unknown,0.000000,null,0.000000,0.367,,"{""0"": 250, ""1"": 250, ""2"": null, ""3"": null, ""4"": null, ""5"": null, ""6"": null, ""7"": null}","{""0"": 0.0, ""1"": 0.0, ""2"": null, ""3"": null, ""4"": null, ""5"": null, ""6"": null, ""7"": null}","{""0"": 250, ""1"": 250}",250,1,0,0,0,0.367,ultrasonic-not-close,KEEP,left,right,,0
1260,2026-08-02T02:30:05.119+09:00,154.751,1259,7.61,1,DRIVING,,0,1,1,0,0,0,-0.241395,7.181,8381,0,0.500160,0.500160,255,781,green,0.308,,0,unknown,0.000000,null,0.000000,0.362,,"{""0"": 250, ""1"": 250, ""2"": null, ""3"": null, ""4"": null, ""5"": null, ""6"": null, ""7"": null}","{""0"": 0.0, ""1"": 0.0, ""2"": null, ""3"": null, ""4"": null, ""5"": null, ""6"": null, ""7"": null}","{""0"": 250, ""1"": 250}",250,1,0,0,0,0.362,ultrasonic-not-close,KEEP,left,right,,0
1261,2026-08-02T02:30:05.260+09:00,154.893,1260,7.54,1,DRIVING,,0,1,1,0,0,0,-0.249233,7.820,8228,0,0.508681,0.508681,255,781,green,0.222,,0,unknown,0.000000,null,0.000000,0.503,,"{""0"": 250, ""1"": 250, ""2"": null, ""3"": null, ""4"": null, ""5"": null, ""6"": null, ""7"": null}","{""0"": 0.0, ""1"": 0.0, ""2"": null, ""3"": null, ""4"": null, ""5"": null, ""6"": null, ""7"": null}","{""0"": 250, ""1"": 250}",250,1,0,0,0,0.503,ultrasonic-not-close,KEEP,left,right,,0
1262,2026-08-02T02:30:05.388+09:00,155.020,1261,7.65,1,DRIVING,,0,1,1,0,0,0,-0.259155,8.451,8393,0,0.526381,0.526381,255,781,green,0.241,,0,unknown,0.000000,null,0.000000,0.327,,"{""0"": 250, ""1"": 250, ""2"": null, ""3"": null, ""4"": null, ""5"": null, ""6"": null, ""7"": null}","{""0"": 0.0, ""1"": 0.0, ""2"": null, ""3"": null, ""4"": null, ""5"": null, ""6"": null, ""7"": null}","{""0"": 250, ""1"": 250}",250,1,0,0,0,0.327,ultrasonic-not-close,KEEP,left,right,,0
1263,2026-08-02T02:30:05.490+09:00,155.122,1262,7.65,1,DRIVING,,0,1,1,0,0,0,-0.273571,9.065,8164,0,0.560311,0.560311,255,782,green,0.273,,0,unknown,0.000000,null,0.000000,0.191,,"{""0"": 250, ""1"": 250, ""2"": null, ""3"": null, ""4"": null, ""5"": null, ""6"": null, ""7"": null}","{""0"": 0.0, ""1"": 0.0, ""2"": null, ""3"": null, ""4"": null, ""5"": null, ""6"": null, ""7"": null}","{""0"": 250, ""1"": 250}",250,1,0,0,0,0.191,ultrasonic-not-close,KEEP,left,right,,0
1264,2026-08-02T02:30:05.579+09:00,155.213,1263,7.69,1,DRIVING,,0,1,1,0,0,0,-0.289442,9.527,8469,0,0.597080,0.597080,255,782,green,0.375,,0,unknown,0.000000,null,0.000000,0.282,,"{""0"": 250, ""1"": 250, ""2"": null, ""3"": null, ""4"": null, ""5"": null, ""6"": null, ""7"": null}","{""0"": 0.0, ""1"": 0.0, ""2"": null, ""3"": null, ""4"": null, ""5"": null, ""6"": null, ""7"": null}","{""0"": 250, ""1"": 250}",250,1,0,0,0,0.282,ultrasonic-not-close,KEEP,left,right,,0
1265,2026-08-02T02:30:05.751+09:00,155.385,1264,7.75,1,DRIVING,,0,1,1,0,0,0,-0.297556,9.910,8051,0,0.603465,0.603465,255,784,green,0.323,,0,unknown,0.000000,null,0.000000,0.328,,"{""0"": 250, ""1"": 250, ""2"": null, ""3"": null, ""4"": null, ""5"": null, ""6"": null, ""7"": null}","{""0"": 0.0, ""1"": 0.0, ""2"": null, ""3"": null, ""4"": null, ""5"": null, ""6"": null, ""7"": null}","{""0"": 250, ""1"": 250}",250,1,0,0,0,0.328,ultrasonic-not-close,KEEP,left,right,,0
1266,2026-08-02T02:30:05.889+09:00,155.522,1265,7.66,1,DRIVING,,0,1,1,0,0,0,-0.308465,10.281,8112,0,0.622380,0.622380,255,784,green,0.265,,0,unknown,0.000000,null,0.000000,0.465,,"{""0"": 250, ""1"": 250, ""2"": null, ""3"": null, ""4"": null, ""5"": null, ""6"": null, ""7"": null}","{""0"": 0.0, ""1"": 0.0, ""2"": null, ""3"": null, ""4"": null, ""5"": null, ""6"": null, ""7"": null}","{""0"": 250, ""1"": 250}",250,1,0,0,0,0.465,ultrasonic-not-close,KEEP,left,right,,0
1267,2026-08-02T02:30:05.978+09:00,155.610,1266,7.81,1,DRIVING,,0,1,1,0,0,0,-0.330558,10.642,8247,0,0.681771,0.681771,255,787,green,0.313,,0,unknown,0.000000,null,0.000000,0.361,,"{""0"": 250, ""1"": 250, ""2"": null, ""3"": null, ""4"": null, ""5"": null, ""6"": null, ""7"": null}","{""0"": 0.0, ""1"": 0.0, ""2"": null, ""3"": null, ""4"": null, ""5"": null, ""6"": null, ""7"": null}","{""0"": 250, ""1"": 250}",250,1,0,0,0,0.361,ultrasonic-not-close,KEEP,left,right,,0
1268,2026-08-02T02:30:06.145+09:00,155.778,1267,7.84,1,DRIVING,,0,1,1,0,0,0,-0.347799,10.989,8336,0,0.717807,0.717807,255,792,green,0.231,,0,unknown,0.000000,null,0.000000,0.528,,"{""0"": 250, ""1"": 189, ""2"": null, ""3"": null, ""4"": null, ""5"": null, ""6"": null, ""7"": null}","{""0"": 0.0, ""1"": 0.0, ""2"": null, ""3"": null, ""4"": null, ""5"": null, ""6"": null, ""7"": null}","{""0"": 250, ""1"": 189}",189,1,0,0,0,0.528,ultrasonic-not-close,KEEP,left,right,,0
1269,2026-08-02T02:30:06.239+09:00,155.873,1268,7.89,1,DRIVING,,0,1,1,0,0,0,-0.359311,11.319,8293,0,0.731720,0.731720,255,792,green,0.259,,0,unknown,0.000000,null,0.000000,0.450,,"{""0"": 250, ""1"": 185, ""2"": null, ""3"": null, ""4"": null, ""5"": null, ""6"": null, ""7"": null}","{""0"": 0.0, ""1"": 0.0, ""2"": null, ""3"": null, ""4"": null, ""5"": null, ""6"": null, ""7"": null}","{""0"": 250, ""1"": 185}",185,1,0,0,0,0.450,ultrasonic-not-close,KEEP,left,right,,0
1270,2026-08-02T02:30:06.342+09:00,155.975,1269,7.89,1,DRIVING,,0,1,1,0,0,0,-0.375756,11.703,8222,0,0.765435,0.765435,255,793,green,0.267,,0,unknown,0.000000,null,0.000000,0.328,,"{""0"": 250, ""1"": 175, ""2"": null, ""3"": null, ""4"": null, ""5"": null, ""6"": null, ""7"": null}","{""0"": 0.0, ""1"": 0.0, ""2"": null, ""3"": null, ""4"": null, ""5"": null, ""6"": null, ""7"": null}","{""0"": 250, ""1"": 175}",175,1,0,0,0,0.328,ultrasonic-not-close,KEEP,left,right,,0
1271,2026-08-02T02:30:06.489+09:00,156.121,1270,7.94,1,DRIVING,,0,1,1,0,0,0,-0.384855,12.056,8347,0,0.771468,0.771468,255,800,green,0.200,,0,unknown,0.000000,null,0.000000,0.475,,"{""0"": 250, ""1"": 168, ""2"": null, ""3"": null, ""4"": null, ""5"": null, ""6"": null, ""7"": null}","{""0"": 0.0, ""1"": 0.0, ""2"": null, ""3"": null, ""4"": null, ""5"": null, ""6"": null, ""7"": null}","{""0"": 250, ""1"": 168}",168,1,0,0,0,0.475,ultrasonic-not-close,KEEP,left,right,,0
1272,2026-08-02T02:30:06.609+09:00,156.241,1271,7.88,1,DRIVING,,0,1,1,0,0,0,-0.391270,12.363,8687,0,0.770942,0.770942,255,798,green,0.253,,0,unknown,0.000000,null,0.000000,0.332,,"{""0"": 250, ""1"": 160, ""2"": null, ""3"": null, ""4"": null, ""5"": null, ""6"": null, ""7"": null}","{""0"": 0.0, ""1"": 0.0, ""2"": null, ""3"": null, ""4"": null, ""5"": null, ""6"": null, ""7"": null}","{""0"": 250, ""1"": 160}",160,1,0,0,0,0.332,ultrasonic-not-close,KEEP,left,right,,0
1273,2026-08-02T02:30:06.713+09:00,156.346,1272,7.88,1,DRIVING,,0,1,1,0,0,0,-0.395684,12.606,8177,0,0.766836,0.766836,255,798,green,0.272,,0,unknown,0.000000,null,0.000000,0.186,,"{""0"": 250, ""1"": 154, ""2"": null, ""3"": null, ""4"": null, ""5"": null, ""6"": null, ""7"": null}","{""0"": 0.0, ""1"": 0.0, ""2"": null, ""3"": null, ""4"": null, ""5"": null, ""6"": null, ""7"": null}","{""0"": 250, ""1"": 154}",154,1,0,0,0,0.186,ultrasonic-not-close,KEEP,left,right,,0
1274,2026-08-02T02:30:06.848+09:00,156.480,1273,7.78,1,DRIVING,,0,1,1,0,0,0,-0.396945,12.766,8162,0,0.754994,0.754994,255,797,green,0.227,,0,unknown,0.000000,null,0.000000,0.322,,"{""0"": 250, ""1"": 188, ""2"": null, ""3"": null, ""4"": null, ""5"": null, ""6"": null, ""7"": null}","{""0"": 0.0, ""1"": 0.0, ""2"": null, ""3"": null, ""4"": null, ""5"": null, ""6"": null, ""7"": null}","{""0"": 250, ""1"": 188}",188,1,0,0,0,0.322,ultrasonic-not-close,KEEP,left,right,,0
1275,2026-08-02T02:30:06.939+09:00,156.572,1274,7.90,1,DRIVING,,0,1,1,0,0,0,-0.401303,12.847,8281,0,0.758536,0.758536,255,798,green,0.244,,0,unknown,0.000000,null,0.000000,0.293,,"{""0"": 250, ""1"": 184, ""2"": null, ""3"": null, ""4"": null, ""5"": null, ""6"": null, ""7"": null}","{""0"": 0.0, ""1"": 0.0, ""2"": null, ""3"": null, ""4"": null, ""5"": null, ""6"": null, ""7"": null}","{""0"": 250, ""1"": 184}",184,1,0,0,0,0.293,ultrasonic-not-close,KEEP,left,right,,0
1276,2026-08-02T02:30:07.044+09:00,156.675,1275,8.02,1,DRIVING,,0,1,1,0,0,0,-0.409964,12.956,8227,0,0.778857,0.778857,255,798,green,0.336,,0,unknown,0.000000,null,0.000000,0.397,,"{""0"": 250, ""1"": 178, ""2"": null, ""3"": null, ""4"": null, ""5"": null, ""6"": null, ""7"": null}","{""0"": 0.0, ""1"": 0.0, ""2"": null, ""3"": null, ""4"": null, ""5"": null, ""6"": null, ""7"": null}","{""0"": 250, ""1"": 178}",178,1,0,0,0,0.397,ultrasonic-not-close,KEEP,left,right,,0
1277,2026-08-02T02:30:07.164+09:00,156.795,1276,7.96,1,DRIVING,,0,1,1,0,0,0,-0.410622,13.047,8270,0,0.768951,0.768951,255,797,green,0.333,,0,unknown,0.000000,null,0.000000,0.411,,"{""0"": 250, ""1"": 166, ""2"": null, ""3"": null, ""4"": null, ""5"": null, ""6"": null, ""7"": null}","{""0"": 0.0, ""1"": 0.0, ""2"": null, ""3"": null, ""4"": null, ""5"": null, ""6"": null, ""7"": null}","{""0"": 250, ""1"": 166}",166,1,0,0,0,0.411,ultrasonic-not-close,KEEP,left,right,,0
1278,2026-08-02T02:30:07.270+09:00,156.902,1277,8.16,1,DRIVING,,0,1,1,0,0,0,-0.416624,13.223,8297,0,0.781608,0.781608,255,800,green,0.229,,0,unknown,0.000000,null,0.000000,0.283,,"{""0"": 250, ""1"": 250, ""2"": null, ""3"": null, ""4"": null, ""5"": null, ""6"": null, ""7"": null}","{""0"": 0.0, ""1"": 0.0, ""2"": null, ""3"": null, ""4"": null, ""5"": null, ""6"": null, ""7"": null}","{""0"": 250, ""1"": 250}",250,1,0,0,0,0.283,ultrasonic-not-close,KEEP,left,right,,0
1279,2026-08-02T02:30:07.424+09:00,157.055,1278,8.09,1,DRIVING,,0,1,1,0,0,0,-0.417118,13.398,8203,0,0.773880,0.773880,255,800,green,0.230,,0,unknown,0.000000,null,0.000000,0.446,,"{""0"": 250, ""1"": 147, ""2"": null, ""3"": null, ""4"": null, ""5"": null, ""6"": null, ""7"": null}","{""0"": 0.0, ""1"": 0.0, ""2"": null, ""3"": null, ""4"": null, ""5"": null, ""6"": null, ""7"": null}","{""0"": 250, ""1"": 147}",147,1,1,0,0,0.446,car-not-detected-or-stale,KEEP,left,right,,0
1280,2026-08-02T02:30:07.546+09:00,157.178,1279,8.18,1,DRIVING,,0,1,1,0,0,0,-0.415940,13.517,8110,0,0.762721,0.762721,255,799,green,0.262,,0,unknown,0.000000,null,0.000000,0.344,,"{""0"": 250, ""1"": 135, ""2"": null, ""3"": null, ""4"": null, ""5"": null, ""6"": null, ""7"": null}","{""0"": 0.0, ""1"": 0.0, ""2"": null, ""3"": null, ""4"": null, ""5"": null, ""6"": null, ""7"": null}","{""0"": 250, ""1"": 135}",135,1,1,0,0,0.344,car-not-detected-or-stale,KEEP,left,right,,0
1281,2026-08-02T02:30:07.640+09:00,157.272,1280,8.19,1,DRIVING,,0,1,1,0,0,0,-0.411886,13.458,8058,0,0.743918,0.743918,255,800,green,0.279,,0,unknown,0.000000,null,0.000000,0.332,,"{""0"": 250, ""1"": 131, ""2"": null, ""3"": null, ""4"": null, ""5"": null, ""6"": null, ""7"": null}","{""0"": 0.0, ""1"": 0.0, ""2"": null, ""3"": null, ""4"": null, ""5"": null, ""6"": null, ""7"": null}","{""0"": 250, ""1"": 131}",131,1,1,0,0,0.332,car-not-detected-or-stale,KEEP,left,right,,0
1282,2026-08-02T02:30:07.778+09:00,157.411,1281,8.25,1,DRIVING,,0,1,1,0,0,0,-0.406077,13.247,8022,0,0.722248,0.722248,255,800,green,0.219,,0,unknown,0.000000,null,0.000000,0.471,,"{""0"": 250, ""1"": 120, ""2"": null, ""3"": null, ""4"": null, ""5"": null, ""6"": null, ""7"": null}","{""0"": 0.0, ""1"": 0.0, ""2"": null, ""3"": null, ""4"": null, ""5"": null, ""6"": null, ""7"": null}","{""0"": 250, ""1"": 120}",120,1,1,0,0,0.471,car-not-detected-or-stale,KEEP,left,right,,0
1283,2026-08-02T02:30:07.898+09:00,157.530,1282,8.19,1,DRIVING,,0,1,1,0,0,0,-0.401417,12.964,8142,0,0.708081,0.708081,255,799,green,0.235,,0,unknown,0.000000,null,0.000000,0.315,,"{""0"": 250, ""1"": 109, ""2"": null, ""3"": null, ""4"": null, ""5"": null, ""6"": null, ""7"": null}","{""0"": 0.0, ""1"": 0.0, ""2"": null, ""3"": null, ""4"": null, ""5"": null, ""6"": null, ""7"": null}","{""0"": 250, ""1"": 109}",109,1,1,0,0,0.315,car-not-detected-or-stale,KEEP,left,right,,0
1284,2026-08-02T02:30:07.995+09:00,157.628,1283,8.22,1,DRIVING,,0,1,1,0,0,0,-0.399634,12.628,8002,0,0.706003,0.706003,255,799,green,0.263,,0,unknown,0.000000,null,0.000000,0.321,,"{""0"": 250, ""1"": 102, ""2"": null, ""3"": null, ""4"": null, ""5"": null, ""6"": null, ""7"": null}","{""0"": 0.0, ""1"": 0.0, ""2"": null, ""3"": null, ""4"": null, ""5"": null, ""6"": null, ""7"": null}","{""0"": 250, ""1"": 102}",102,1,1,0,0,0.321,car-not-detected-or-stale,KEEP,left,right,,0
1285,2026-08-02T02:30:08.119+09:00,157.753,1284,8.33,1,DRIVING,,0,1,1,0,0,0,-0.392726,12.483,8100,0,0.685134,0.685134,255,800,green,0.222,,0,unknown,0.000000,null,0.000000,0.444,,"{""0"": 250, ""1"": 96, ""2"": null, ""3"": null, ""4"": null, ""5"": null, ""6"": null, ""7"": null}","{""0"": 0.0, ""1"": 0.0, ""2"": null, ""3"": null, ""4"": null, ""5"": null, ""6"": null, ""7"": null}","{""0"": 250, ""1"": 96}",96,1,1,0,0,0.444,car-not-detected-or-stale,KEEP,left,right,,0
1286,2026-08-02T02:30:08.215+09:00,157.847,1285,8.34,1,DRIVING,,0,1,1,0,0,0,-0.388834,12.518,8128,0,0.677654,0.677654,255,800,green,0.348,,0,unknown,0.000000,null,0.000000,0.280,,"{""0"": 250, ""1"": 250, ""2"": null, ""3"": null, ""4"": null, ""5"": null, ""6"": null, ""7"": null}","{""0"": 0.0, ""1"": 0.0, ""2"": null, ""3"": null, ""4"": null, ""5"": null, ""6"": null, ""7"": null}","{""0"": 250, ""1"": 250}",250,1,0,0,0,0.280,ultrasonic-not-close,KEEP,left,right,,0
1287,2026-08-02T02:30:08.354+09:00,157.986,1286,8.26,1,DRIVING,,0,1,1,0,0,0,-0.384997,12.485,8015,0,0.670516,0.670516,255,799,green,0.322,,0,unknown,0.000000,null,0.000000,0.419,,"{""0"": 250, ""1"": 177, ""2"": null, ""3"": null, ""4"": null, ""5"": null, ""6"": null, ""7"": null}","{""0"": 0.0, ""1"": 0.0, ""2"": null, ""3"": null, ""4"": null, ""5"": null, ""6"": null, ""7"": null}","{""0"": 250, ""1"": 177}",177,1,0,0,0,0.419,ultrasonic-not-close,KEEP,left,right,,0
1288,2026-08-02T02:30:08.446+09:00,158.079,1287,8.46,1,DRIVING,,0,1,1,0,0,0,-0.379679,12.428,8096,0,0.658115,0.658115,255,800,green,0.236,,0,unknown,0.000000,null,0.000000,0.289,,"{""0"": 250, ""1"": 171, ""2"": null, ""3"": null, ""4"": null, ""5"": null, ""6"": null, ""7"": null}","{""0"": 0.0, ""1"": 0.0, ""2"": null, ""3"": null, ""4"": null, ""5"": null, ""6"": null, ""7"": null}","{""0"": 250, ""1"": 171}",171,1,0,0,0,0.289,ultrasonic-not-close,KEEP,left,right,,0
1289,2026-08-02T02:30:08.591+09:00,158.223,1288,8.40,1,DRIVING,,0,1,1,0,0,0,-0.370059,12.286,8101,0,0.631073,0.631073,255,799,green,0.234,,1,obstacle-car,0.523833,"[1, 1, 1037, 575]",0.644878,0.338,,"{""0"": 250, ""1"": 160, ""2"": null, ""3"": null, ""4"": null, ""5"": null, ""6"": null, ""7"": null}","{""0"": 0.0, ""1"": 0.0, ""2"": null, ""3"": null, ""4"": null, ""5"": null, ""6"": null, ""7"": null}","{""0"": 250, ""1"": 160}",160,1,0,0,0,0.338,ultrasonic-not-close,KEEP,left,right,,0
1290,2026-08-02T02:30:08.718+09:00,158.349,1289,8.34,1,DRIVING,,0,1,1,0,0,0,-0.367291,12.185,8006,0,0.631619,0.631619,255,800,green,0.241,,1,obstacle-car,0.523833,"[1, 1, 1037, 575]",0.644878,0.464,,"{""0"": 250, ""1"": 158, ""2"": null, ""3"": null, ""4"": null, ""5"": null, ""6"": null, ""7"": null}","{""0"": 0.0, ""1"": 0.0, ""2"": null, ""3"": null, ""4"": null, ""5"": null, ""6"": null, ""7"": null}","{""0"": 250, ""1"": 158}",158,1,0,0,0,0.464,ultrasonic-not-close,KEEP,left,right,,0
1291,2026-08-02T02:30:08.809+09:00,158.442,1290,8.45,1,DRIVING,,0,1,1,0,0,0,-0.359478,12.037,8305,0,0.612345,0.612345,255,800,green,0.277,,0,unknown,0.000000,null,0.000000,0.326,,"{""0"": 250, ""1"": 152, ""2"": null, ""3"": null, ""4"": null, ""5"": null, ""6"": null, ""7"": null}","{""0"": 0.0, ""1"": 0.0, ""2"": null, ""3"": null, ""4"": null, ""5"": null, ""6"": null, ""7"": null}","{""0"": 250, ""1"": 152}",152,1,0,0,0,0.326,ultrasonic-not-close,KEEP,left,right,,0
1292,2026-08-02T02:30:08.907+09:00,158.540,1291,8.53,1,DRIVING,,0,1,1,0,0,0,-0.350268,11.834,8135,0,0.589602,0.589602,255,799,green,0.223,,0,unknown,0.000000,null,0.000000,0.423,,"{""0"": 250, ""1"": 146, ""2"": null, ""3"": null, ""4"": null, ""5"": null, ""6"": null, ""7"": null}","{""0"": 0.0, ""1"": 0.0, ""2"": null, ""3"": null, ""4"": null, ""5"": null, ""6"": null, ""7"": null}","{""0"": 250, ""1"": 146}",146,1,1,0,0,0.423,car-not-detected-or-stale,KEEP,left,right,,0
1293,2026-08-02T02:30:08.996+09:00,158.627,1292,8.56,1,DRIVING,,0,1,1,0,0,0,-0.346183,11.634,8097,0,0.587161,0.587161,255,799,green,0.321,,0,unknown,0.000000,null,0.000000,0.368,,"{""0"": 250, ""1"": 142, ""2"": null, ""3"": null, ""4"": null, ""5"": null, ""6"": null, ""7"": null}","{""0"": 0.0, ""1"": 0.0, ""2"": null, ""3"": null, ""4"": null, ""5"": null, ""6"": null, ""7"": null}","{""0"": 250, ""1"": 142}",142,1,1,0,0,0.368,car-not-detected-or-stale,KEEP,left,right,,0
1294,2026-08-02T02:30:09.159+09:00,158.791,1293,8.38,1,DRIVING,,0,1,1,0,0,0,-0.340645,11.521,8056,0,0.578013,0.578013,255,796,green,0.280,,0,unknown,0.000000,null,0.000000,0.311,,"{""0"": 250, ""1"": 135, ""2"": null, ""3"": null, ""4"": null, ""5"": null, ""6"": null, ""7"": null}","{""0"": 0.0, ""1"": 0.0, ""2"": null, ""3"": null, ""4"": null, ""5"": null, ""6"": null, ""7"": null}","{""0"": 250, ""1"": 135}",135,1,1,0,0,0.311,car-not-detected-or-stale,KEEP,left,right,,0
1295,2026-08-02T02:30:09.255+09:00,158.888,1294,8.57,1,DRIVING,,0,1,1,0,0,0,-0.336367,11.589,8175,0,0.573159,0.573159,255,796,unknown,0.256,,0,unknown,0.000000,null,0.000000,0.409,,"{""0"": 250, ""1"": 129, ""2"": null, ""3"": null, ""4"": null, ""5"": null, ""6"": null, ""7"": null}","{""0"": 0.0, ""1"": 0.0, ""2"": null, ""3"": null, ""4"": null, ""5"": null, ""6"": null, ""7"": null}","{""0"": 250, ""1"": 129}",129,1,1,0,0,0.409,car-not-detected-or-stale,KEEP,left,right,,0
1296,2026-08-02T02:30:09.357+09:00,158.989,1295,8.65,1,DRIVING,,0,1,1,0,0,0,-0.331652,11.816,8203,0,0.565874,0.565874,255,795,green,0.265,,0,unknown,0.000000,null,0.000000,0.325,,"{""0"": 250, ""1"": 124, ""2"": null, ""3"": null, ""4"": null, ""5"": null, ""6"": null, ""7"": null}","{""0"": 0.0, ""1"": 0.0, ""2"": null, ""3"": null, ""4"": null, ""5"": null, ""6"": null, ""7"": null}","{""0"": 250, ""1"": 124}",124,1,1,0,0,0.325,car-not-detected-or-stale,KEEP,left,right,,0
1297,2026-08-02T02:30:09.492+09:00,159.125,1296,8.54,1,DRIVING,,0,1,1,0,0,0,-0.328856,11.930,8591,0,0.565139,0.565139,255,794,unknown,0.202,,0,unknown,0.000000,null,0.000000,0.461,,"{""0"": 250, ""1"": 120, ""2"": null, ""3"": null, ""4"": null, ""5"": null, ""6"": null, ""7"": null}","{""0"": 0.0, ""1"": 0.0, ""2"": null, ""3"": null, ""4"": null, ""5"": null, ""6"": null, ""7"": null}","{""0"": 250, ""1"": 120}",120,1,1,0,0,0.461,car-not-detected-or-stale,KEEP,left,right,,0
1298,2026-08-02T02:30:09.656+09:00,159.289,1297,8.54,1,DRIVING,,0,1,1,0,0,0,-0.326197,11.941,8172,0,0.563607,0.563607,255,794,unknown,0.241,,0,unknown,0.000000,null,0.000000,0.334,,"{""0"": 250, ""1"": 115, ""2"": null, ""3"": null, ""4"": null, ""5"": null, ""6"": null, ""7"": null}","{""0"": 0.0, ""1"": 0.0, ""2"": null, ""3"": null, ""4"": null, ""5"": null, ""6"": null, ""7"": null}","{""0"": 250, ""1"": 115}",115,1,1,0,0,0.334,car-not-detected-or-stale,KEEP,left,right,,0
1299,2026-08-02T02:30:09.788+09:00,159.420,1298,8.45,1,DRIVING,,0,1,1,0,0,0,-0.324607,11.959,8218,0,0.564946,0.564946,255,795,unknown,0.302,,0,unknown,0.000000,null,0.000000,0.258,,"{""0"": 250, ""1"": 151, ""2"": null, ""3"": null, ""4"": null, ""5"": null, ""6"": null, ""7"": null}","{""0"": 0.0, ""1"": 0.0, ""2"": null, ""3"": null, ""4"": null, ""5"": null, ""6"": null, ""7"": null}","{""0"": 250, ""1"": 151}",151,1,0,0,0,0.258,ultrasonic-not-close,KEEP,left,right,,0
1300,2026-08-02T02:30:09.893+09:00,159.526,1299,8.44,1,DRIVING,,0,1,1,0,0,0,-0.315287,12.062,7981,0,0.537201,0.537201,255,795,red,0.299,,0,unknown,0.000000,null,0.000000,0.365,,"{""0"": 250, ""1"": 151, ""2"": null, ""3"": null, ""4"": null, ""5"": null, ""6"": null, ""7"": null}","{""0"": 0.0, ""1"": 0.0, ""2"": null, ""3"": null, ""4"": null, ""5"": null, ""6"": null, ""7"": null}","{""0"": 250, ""1"": 151}",151,1,0,0,0,0.365,ultrasonic-not-close,KEEP,left,right,,0
1301,2026-08-02T02:30:10.054+09:00,159.686,1300,8.41,1,DRIVING,,0,1,1,0,0,0,-0.308214,12.083,8221,0,0.520832,0.520832,255,795,red,0.240,,0,unknown,0.000000,null,0.000000,0.361,,"{""0"": 250, ""1"": 137, ""2"": null, ""3"": null, ""4"": null, ""5"": null, ""6"": null, ""7"": null}","{""0"": 0.0, ""1"": 0.0, ""2"": null, ""3"": null, ""4"": null, ""5"": null, ""6"": null, ""7"": null}","{""0"": 250, ""1"": 137}",137,1,1,0,0,0.361,car-not-detected-or-stale,KEEP,left,right,,0
1302,2026-08-02T02:30:10.182+09:00,159.815,1301,8.40,1,DRIVING,,0,1,1,0,0,0,-0.302405,12.045,8208,0,0.510105,0.510105,255,792,red,0.270,,0,unknown,0.000000,null,0.000000,0.356,,"{""0"": 250, ""1"": 139, ""2"": null, ""3"": null, ""4"": null, ""5"": null, ""6"": null, ""7"": null}","{""0"": 0.0, ""1"": 0.0, ""2"": null, ""3"": null, ""4"": null, ""5"": null, ""6"": null, ""7"": null}","{""0"": 250, ""1"": 139}",139,1,1,0,0,0.356,car-not-detected-or-stale,KEEP,left,right,,0
1303,2026-08-02T02:30:10.283+09:00,159.915,1302,8.40,1,DRIVING,,0,1,1,0,0,0,-0.294099,11.987,8283,0,0.490470,0.490470,255,793,unknown,0.293,,0,unknown,0.000000,null,0.000000,0.192,,"{""0"": 250, ""1"": 119, ""2"": null, ""3"": null, ""4"": null, ""5"": null, ""6"": null, ""7"": null}","{""0"": 0.0, ""1"": 0.0, ""2"": null, ""3"": null, ""4"": null, ""5"": null, ""6"": null, ""7"": null}","{""0"": 250, ""1"": 119}",119,1,1,0,0,0.192,car-not-detected-or-stale,KEEP,left,right,,0
1304,2026-08-02T02:30:10.418+09:00,160.048,1303,8.41,1,DRIVING,,0,1,1,0,0,0,-0.285820,11.911,8413,0,0.472340,0.472340,255,790,green,0.233,,0,unknown,0.000000,null,0.000000,0.323,,"{""0"": 250, ""1"": 130, ""2"": null, ""3"": null, ""4"": null, ""5"": null, ""6"": null, ""7"": null}","{""0"": 0.0, ""1"": 0.0, ""2"": null, ""3"": null, ""4"": null, ""5"": null, ""6"": null, ""7"": null}","{""0"": 250, ""1"": 130}",130,1,1,0,0,0.323,car-not-detected-or-stale,KEEP,left,right,,0
1305,2026-08-02T02:30:10.560+09:00,160.181,1304,8.31,1,DRIVING,,0,1,1,0,0,0,-0.281599,11.847,8284,0,0.469783,0.469783,255,789,unknown,0.239,,0,unknown,0.000000,null,0.000000,0.330,,"{""0"": 250, ""1"": 123, ""2"": null, ""3"": null, ""4"": null, ""5"": null, ""6"": null, ""7"": null}","{""0"": 0.0, ""1"": 0.0, ""2"": null, ""3"": null, ""4"": null, ""5"": null, ""6"": null, ""7"": null}","{""0"": 250, ""1"": 123}",123,1,1,0,0,0.330,car-not-detected-or-stale,KEEP,left,right,,0
1306,2026-08-02T02:30:10.660+09:00,160.293,1305,8.30,1,DRIVING,,0,1,1,0,0,0,-0.275815,11.836,8206,0,0.460089,0.460089,255,789,unknown,0.280,,0,unknown,0.000000,null,0.000000,0.205,,"{""0"": 250, ""1"": 125, ""2"": null, ""3"": null, ""4"": null, ""5"": null, ""6"": null, ""7"": null}","{""0"": 0.0, ""1"": 0.0, ""2"": null, ""3"": null, ""4"": null, ""5"": null, ""6"": null, ""7"": null}","{""0"": 250, ""1"": 125}",125,1,1,0,0,0.205,car-not-detected-or-stale,KEEP,left,right,,0
1307,2026-08-02T02:30:10.752+09:00,160.383,1306,8.36,1,DRIVING,,0,1,1,0,0,0,-0.275212,11.917,8118,0,0.468833,0.468833,255,788,unknown,0.381,,0,unknown,0.000000,null,0.000000,0.296,,"{""0"": 250, ""1"": 122, ""2"": null, ""3"": null, ""4"": null, ""5"": null, ""6"": null, ""7"": null}","{""0"": 0.0, ""1"": 0.0, ""2"": null, ""3"": null, ""4"": null, ""5"": null, ""6"": null, ""7"": null}","{""0"": 250, ""1"": 122}",122,1,1,0,0,0.296,car-not-detected-or-stale,KEEP,left,right,,0
1308,2026-08-02T02:30:10.855+09:00,160.489,1307,8.34,1,DRIVING,,0,1,1,0,0,0,-0.273047,11.854,8167,0,0.469003,0.469003,255,788,unknown,0.351,,0,unknown,0.000000,null,0.000000,0.259,,"{""0"": 250, ""1"": 118, ""2"": null, ""3"": null, ""4"": null, ""5"": null, ""6"": null, ""7"": null}","{""0"": 0.0, ""1"": 0.0, ""2"": null, ""3"": null, ""4"": null, ""5"": null, ""6"": null, ""7"": null}","{""0"": 250, ""1"": 118}",118,1,1,0,0,0.259,car-not-detected-or-stale,KEEP,left,right,,0
1309,2026-08-02T02:30:11.000+09:00,160.633,1308,8.38,1,DRIVING,,0,1,1,0,0,0,-0.275377,11.825,8385,0,0.484134,0.484134,255,788,unknown,0.204,,0,unknown,0.000000,null,0.000000,0.404,,"{""0"": 250, ""1"": 120, ""2"": null, ""3"": null, ""4"": null, ""5"": null, ""6"": null, ""7"": null}","{""0"": 0.0, ""1"": 0.0, ""2"": null, ""3"": null, ""4"": null, ""5"": null, ""6"": null, ""7"": null}","{""0"": 250, ""1"": 120}",120,1,1,0,0,0.404,car-not-detected-or-stale,KEEP,left,right,,0
1310,2026-08-02T02:30:11.136+09:00,160.768,1309,8.35,1,DRIVING,,0,1,1,0,0,0,-0.274690,11.859,7918,0,0.485127,0.485127,255,788,unknown,0.238,,0,unknown,0.000000,null,0.000000,0.335,,"{""0"": 250, ""1"": 116, ""2"": null, ""3"": null, ""4"": null, ""5"": null, ""6"": null, ""7"": null}","{""0"": 0.0, ""1"": 0.0, ""2"": null, ""3"": null, ""4"": null, ""5"": null, ""6"": null, ""7"": null}","{""0"": 250, ""1"": 116}",116,1,1,0,0,0.335,car-not-detected-or-stale,KEEP,left,right,,0
1311,2026-08-02T02:30:11.225+09:00,160.858,1310,8.36,1,DRIVING,,0,1,1,0,0,0,-0.274690,11.882,7780,0,0.487921,0.487921,255,793,unknown,0.277,,0,unknown,0.000000,null,0.000000,0.326,,"{""0"": 250, ""1"": 250, ""2"": null, ""3"": null, ""4"": null, ""5"": null, ""6"": null, ""7"": null}","{""0"": 0.0, ""1"": 0.0, ""2"": null, ""3"": null, ""4"": null, ""5"": null, ""6"": null, ""7"": null}","{""0"": 250, ""1"": 250}",250,1,0,0,0,0.326,ultrasonic-not-close,KEEP,left,right,,0
1312,2026-08-02T02:30:11.363+09:00,160.994,1311,8.37,1,DRIVING,,0,1,1,0,0,0,-0.275184,11.911,7962,0,0.491656,0.491656,255,788,unknown,0.229,,0,unknown,0.000000,null,0.000000,0.461,,"{""0"": 250, ""1"": 250, ""2"": null, ""3"": null, ""4"": null, ""5"": null, ""6"": null, ""7"": null}","{""0"": 0.0, ""1"": 0.0, ""2"": null, ""3"": null, ""4"": null, ""5"": null, ""6"": null, ""7"": null}","{""0"": 250, ""1"": 250}",250,1,0,0,0,0.461,ultrasonic-not-close,KEEP,left,right,,0
1313,2026-08-02T02:30:11.455+09:00,161.087,1312,8.43,1,DRIVING,,0,1,1,0,0,0,-0.272444,11.947,7784,0,0.482895,0.482895,255,788,unknown,0.231,,0,unknown,0.000000,null,0.000000,0.282,,"{""0"": 250, ""1"": 250, ""2"": null, ""3"": null, ""4"": null, ""5"": null, ""6"": null, ""7"": null}","{""0"": 0.0, ""1"": 0.0, ""2"": null, ""3"": null, ""4"": null, ""5"": null, ""6"": null, ""7"": null}","{""0"": 250, ""1"": 250}",250,1,0,0,0,0.282,ultrasonic-not-close,KEEP,left,right,,0
1314,2026-08-02T02:30:11.633+09:00,161.266,1313,8.25,1,DRIVING,,0,1,1,0,0,0,-0.266004,11.882,7923,0,0.461963,0.461963,255,788,unknown,0.331,,0,unknown,0.000000,null,0.000000,0.461,,"{""0"": 250, ""1"": 250, ""2"": null, ""3"": null, ""4"": null, ""5"": null, ""6"": null, ""7"": null}","{""0"": 0.0, ""1"": 0.0, ""2"": null, ""3"": null, ""4"": null, ""5"": null, ""6"": null, ""7"": null}","{""0"": 250, ""1"": 250}",250,1,0,0,0,0.461,ultrasonic-not-close,KEEP,left,right,,0
1315,2026-08-02T02:30:11.722+09:00,161.355,1314,8.33,1,DRIVING,,0,1,1,0,0,0,-0.261593,11.754,7958,0,0.451136,0.451136,255,788,unknown,0.413,,0,unknown,0.000000,null,0.000000,0.324,,"{""0"": 250, ""1"": 201, ""2"": null, ""3"": null, ""4"": null, ""5"": null, ""6"": null, ""7"": null}","{""0"": 0.0, ""1"": 0.0, ""2"": null, ""3"": null, ""4"": null, ""5"": null, ""6"": null, ""7"": null}","{""0"": 250, ""1"": 201}",201,1,0,0,0,0.324,ultrasonic-not-close,KEEP,left,right,,0
1316,2026-08-02T02:30:11.868+09:00,161.501,1315,8.21,1,DRIVING,,0,1,1,0,0,0,-0.247726,11.442,7655,0,0.407134,0.407134,255,787,unknown,0.265,,0,unknown,0.000000,null,0.000000,0.370,,"{""0"": 250, ""1"": 191, ""2"": null, ""3"": null, ""4"": null, ""5"": null, ""6"": null, ""7"": null}","{""0"": 0.0, ""1"": 0.0, ""2"": null, ""3"": null, ""4"": null, ""5"": null, ""6"": null, ""7"": null}","{""0"": 250, ""1"": 191}",191,1,0,0,0,0.370,ultrasonic-not-close,KEEP,left,right,,0
1317,2026-08-02T02:30:12.065+09:00,161.698,1316,8.08,1,DRIVING,,0,1,1,0,0,0,-0.240435,11.167,7478,0,0.392519,0.392519,255,788,unknown,0.237,,0,unknown,0.000000,null,0.000000,0.568,,"{""0"": 250, ""1"": 163, ""2"": null, ""3"": null, ""4"": null, ""5"": null, ""6"": null, ""7"": null}","{""0"": 0.0, ""1"": 0.0, ""2"": null, ""3"": null, ""4"": null, ""5"": null, ""6"": null, ""7"": null}","{""0"": 250, ""1"": 163}",163,1,0,0,0,0.568,ultrasonic-not-close,KEEP,left,right,,0
1318,2026-08-02T02:30:12.156+09:00,161.788,1317,8.09,1,DRIVING,,0,1,1,0,0,0,-0.223198,10.706,7366,0,0.342542,0.342542,255,782,unknown,0.346,,0,unknown,0.000000,null,0.000000,0.396,,"{""0"": 250, ""1"": 154, ""2"": null, ""3"": null, ""4"": null, ""5"": null, ""6"": null, ""7"": null}","{""0"": 0.0, ""1"": 0.0, ""2"": null, ""3"": null, ""4"": null, ""5"": null, ""6"": null, ""7"": null}","{""0"": 250, ""1"": 154}",154,1,0,0,0,0.396,ultrasonic-not-close,KEEP,left,right,,0
1319,2026-08-02T02:30:12.269+09:00,161.902,1318,8.16,1,DRIVING,,0,1,1,0,0,0,-0.195069,9.979,7476,0,0.259042,0.259042,255,780,unknown,0.294,,0,unknown,0.000000,null,0.000000,0.508,,"{""0"": 250, ""1"": 146, ""2"": null, ""3"": null, ""4"": null, ""5"": null, ""6"": null, ""7"": null}","{""0"": 0.0, ""1"": 0.0, ""2"": null, ""3"": null, ""4"": null, ""5"": null, ""6"": null, ""7"": null}","{""0"": 250, ""1"": 146}",146,1,1,0,0,0.508,car-not-detected-or-stale,KEEP,left,right,,0
1320,2026-08-02T02:30:12.428+09:00,162.060,1319,8.08,1,DRIVING,,0,1,1,0,0,0,-0.175086,9.312,7722,0,0.214730,0.214730,255,771,unknown,0.207,,0,unknown,0.000000,null,0.000000,0.525,,"{""0"": 250, ""1"": 134, ""2"": null, ""3"": null, ""4"": null, ""5"": null, ""6"": null, ""7"": null}","{""0"": 0.0, ""1"": 0.0, ""2"": null, ""3"": null, ""4"": null, ""5"": null, ""6"": null, ""7"": null}","{""0"": 250, ""1"": 134}",134,1,1,0,0,0.525,car-not-detected-or-stale,KEEP,left,right,,0
1321,2026-08-02T02:30:12.568+09:00,162.200,1320,7.98,1,DRIVING,,0,1,1,0,0,0,-0.158340,8.595,7649,0,0.184571,0.184571,255,766,unknown,0.275,,1,obstacle-car,0.872571,"[384, 445, 661, 666]",0.066193,0.346,,"{""0"": 250, ""1"": 126, ""2"": null, ""3"": null, ""4"": null, ""5"": null, ""6"": null, ""7"": null}","{""0"": 0.0, ""1"": 0.0, ""2"": null, ""3"": null, ""4"": null, ""5"": null, ""6"": null, ""7"": null}","{""0"": 250, ""1"": 126}",126,1,1,1,1,0.346,car+ultrasonic,KEEP,left,right,,0
1322,2026-08-02T02:30:12.704+09:00,162.336,1321,7.90,1,DRIVING,,0,1,1,0,0,0,-0.145525,7.820,7220,0,0.168568,0.168568,255,766,unknown,0.304,,1,obstacle-car,0.943144,"[406, 448, 697, 697]",0.078739,0.237,,"{""0"": 250, ""1"": 109, ""2"": null, ""3"": null, ""4"": null, ""5"": null, ""6"": null, ""7"": null}","{""0"": 0.0, ""1"": 0.0, ""2"": null, ""3"": null, ""4"": null, ""5"": null, ""6"": null, ""7"": null}","{""0"": 250, ""1"": 109}",109,1,1,1,2,0.237,car+ultrasonic,KEEP,left,right,,0
1323,2026-08-02T02:30:12.874+09:00,162.506,1322,7.73,1,AVOIDING_OBSTACLE,state:DRIVING->AVOIDING_OBSTACLE;phase:KEEP->CHANGING,0,1,1,0,0,0,-0.145634,7.155,7233,0,0.000000,1.000000,70,763,unknown,0.280,,1,obstacle-car,0.943144,"[406, 448, 697, 697]",0.078739,0.409,,"{""0"": 250, ""1"": 97, ""2"": null, ""3"": null, ""4"": null, ""5"": null, ""6"": null, ""7"": null}","{""0"": 0.0, ""1"": 0.0, ""2"": null, ""3"": null, ""4"": null, ""5"": null, ""6"": null, ""7"": null}","{""0"": 250, ""1"": 97}",97,1,1,1,0,0.409,car+ultrasonic,CHANGING,left,right,left,0
1324,2026-08-02T02:30:12.998+09:00,162.621,1323,7.83,1,AVOIDING_OBSTACLE,,0,0,1,0,0,0,,7.155,7245,0,0.000000,1.000000,70,767,unknown,0.309,,1,obstacle-car,0.976060,"[416, 444, 713, 707]",0.084746,0.383,,"{""0"": 250, ""1"": 89, ""2"": null, ""3"": null, ""4"": null, ""5"": null, ""6"": null, ""7"": null}","{""0"": 0.0, ""1"": 0.0, ""2"": null, ""3"": null, ""4"": null, ""5"": null, ""6"": null, ""7"": null}",{},,1,0,1,0,,maneuver-locked,CHANGING,left,right,left,0
1325,2026-08-02T02:30:13.129+09:00,162.760,1324,7.75,1,AVOIDING_OBSTACLE,,0,0,1,0,0,0,,7.155,7091,0,0.000000,1.000000,70,794,unknown,0.298,,1,obstacle-car,0.981310,"[435, 436, 777, 718]",0.104621,0.218,,"{""0"": 250, ""1"": 78, ""2"": null, ""3"": null, ""4"": null, ""5"": null, ""6"": null, ""7"": null}","{""0"": 0.0, ""1"": 0.0, ""2"": null, ""3"": null, ""4"": null, ""5"": null, ""6"": null, ""7"": null}",{},,1,0,1,0,,maneuver-locked,CHANGING,left,right,left,0
1326,2026-08-02T02:30:13.295+09:00,162.928,1325,7.62,1,AVOIDING_OBSTACLE,,0,0,1,0,0,0,,7.155,7044,0,0.000000,1.000000,70,817,unknown,0.259,,1,obstacle-car,0.981310,"[435, 436, 777, 718]",0.104621,0.385,,"{""0"": 250, ""1"": 68, ""2"": null, ""3"": null, ""4"": null, ""5"": null, ""6"": null, ""7"": null}","{""0"": 0.0, ""1"": 0.0, ""2"": null, ""3"": null, ""4"": null, ""5"": null, ""6"": null, ""7"": null}",{},,1,0,1,0,,maneuver-locked,CHANGING,left,right,left,0
1327,2026-08-02T02:30:13.419+09:00,163.049,1326,7.64,1,AVOIDING_OBSTACLE,,0,0,1,0,0,0,,7.155,7587,0,0.000000,1.000000,70,817,unknown,0.300,,1,obstacle-car,0.993301,"[435, 433, 837, 718]",0.124744,0.381,,"{""0"": 250, ""1"": 59, ""2"": null, ""3"": null, ""4"": null, ""5"": null, ""6"": null, ""7"": null}","{""0"": 0.0, ""1"": 0.0, ""2"": null, ""3"": null, ""4"": null, ""5"": null, ""6"": null, ""7"": null}",{},,1,0,1,0,,maneuver-locked,CHANGING,left,right,left,0
1328,2026-08-02T02:30:13.519+09:00,163.152,1327,7.77,1,AVOIDING_OBSTACLE,,0,0,1,0,0,0,,7.155,7606,0,0.000000,1.000000,70,819,unknown,0.298,,1,obstacle-car,0.993383,"[432, 431, 863, 718]",0.134568,0.353,,"{""0"": 250, ""1"": 53, ""2"": null, ""3"": null, ""4"": null, ""5"": null, ""6"": null, ""7"": null}","{""0"": 0.0, ""1"": 0.0, ""2"": null, ""3"": null, ""4"": null, ""5"": null, ""6"": null, ""7"": null}",{},,1,0,1,0,,maneuver-locked,CHANGING,left,right,left,0
1329,2026-08-02T02:30:13.613+09:00,163.245,1328,7.84,1,AVOIDING_OBSTACLE,,0,0,1,0,0,0,,7.155,6839,0,0.000000,1.000000,70,818,unknown,0.394,,1,obstacle-car,0.993383,"[432, 431, 863, 718]",0.134568,0.447,,"{""0"": 250, ""1"": 48, ""2"": null, ""3"": null, ""4"": null, ""5"": null, ""6"": null, ""7"": null}","{""0"": 0.0, ""1"": 0.0, ""2"": null, ""3"": null, ""4"": null, ""5"": null, ""6"": null, ""7"": null}",{},,1,0,1,0,,maneuver-locked,CHANGING,left,right,left,0
1330,2026-08-02T02:30:13.707+09:00,163.339,1329,7.87,1,AVOIDING_OBSTACLE,,0,0,1,0,0,0,,7.155,5854,0,0.000000,1.000000,70,819,unknown,0.324,,1,obstacle-car,0.995536,"[484, 397, 1027, 717]",0.188688,0.248,,"{""0"": 250, ""1"": 42, ""2"": null, ""3"": null, ""4"": null, ""5"": null, ""6"": null, ""7"": null}","{""0"": 0.0, ""1"": 0.0, ""2"": null, ""3"": null, ""4"": null, ""5"": null, ""6"": null, ""7"": null}",{},,1,0,1,0,,maneuver-locked,CHANGING,left,right,left,0
1331,2026-08-02T02:30:13.879+09:00,163.513,1330,7.84,1,AVOIDING_OBSTACLE,,0,0,1,0,0,0,,7.155,3978,0,0.000000,1.000000,70,817,green,0.193,,1,obstacle-car,0.995536,"[484, 397, 1027, 717]",0.188688,0.420,,"{""0"": 250, ""1"": 36, ""2"": null, ""3"": null, ""4"": null, ""5"": null, ""6"": null, ""7"": null}","{""0"": 0.0, ""1"": 0.0, ""2"": null, ""3"": null, ""4"": null, ""5"": null, ""6"": null, ""7"": null}",{},,1,0,1,0,,maneuver-locked,CHANGING,left,right,left,0
1332,2026-08-02T02:30:14.015+09:00,163.646,1331,7.83,1,AVOIDING_OBSTACLE,,0,0,1,0,0,0,,7.155,0,0,0.000000,1.000000,70,818,green,0.267,,1,obstacle-car,0.997173,"[555, 367, 1186, 716]",0.238417,0.362,,"{""0"": 250, ""1"": 31, ""2"": null, ""3"": null, ""4"": null, ""5"": null, ""6"": null, ""7"": null}","{""0"": 0.0, ""1"": 0.0, ""2"": null, ""3"": null, ""4"": null, ""5"": null, ""6"": null, ""7"": null}",{},,1,0,1,0,,maneuver-locked,CHANGING,left,right,left,0
1333,2026-08-02T02:30:14.110+09:00,163.743,1332,7.84,1,AVOIDING_OBSTACLE,,0,0,1,0,0,0,,7.155,0,0,0.000000,1.000000,70,819,green,0.317,,1,obstacle-car,0.997466,"[600, 363, 1270, 714]",0.255461,0.367,,"{""0"": 250, ""1"": 57, ""2"": null, ""3"": null, ""4"": null, ""5"": null, ""6"": null, ""7"": null}","{""0"": 0.0, ""1"": 0.0, ""2"": null, ""3"": null, ""4"": null, ""5"": null, ""6"": null, ""7"": null}",{},,1,0,1,0,,maneuver-locked,CHANGING,left,right,left,0
1334,2026-08-02T02:30:14.238+09:00,163.871,1333,7.85,1,AVOIDING_OBSTACLE,,0,0,1,0,0,0,,7.155,0,0,0.000000,1.000000,70,819,green,0.408,,1,obstacle-car,0.997466,"[600, 363, 1270, 714]",0.255461,0.496,,"{""0"": 250, ""1"": 250, ""2"": null, ""3"": null, ""4"": null, ""5"": null, ""6"": null, ""7"": null}","{""0"": 0.0, ""1"": 0.0, ""2"": null, ""3"": null, ""4"": null, ""5"": null, ""6"": null, ""7"": null}",{},,1,0,1,0,,maneuver-locked,CHANGING,left,right,left,0
1335,2026-08-02T02:30:14.382+09:00,164.015,1334,7.82,1,AVOIDING_OBSTACLE,,0,0,1,0,0,0,,7.155,0,0,0.000000,1.000000,70,819,green,0.364,,1,obstacle-car,0.993653,"[765, 300, 1273, 720]",0.231379,0.328,,"{""0"": 250, ""1"": 250, ""2"": null, ""3"": null, ""4"": null, ""5"": null, ""6"": null, ""7"": null}","{""0"": 0.0, ""1"": 0.0, ""2"": null, ""3"": null, ""4"": null, ""5"": null, ""6"": null, ""7"": null}",{},,1,0,1,0,,maneuver-locked,CHANGING,left,right,left,0
1336,2026-08-02T02:30:14.470+09:00,164.103,1335,7.87,1,AVOIDING_OBSTACLE,,0,0,1,0,0,0,,7.155,0,0,0.000000,1.000000,70,819,green,0.277,,1,obstacle-car,0.980887,"[843, 276, 1274, 718]",0.206426,0.323,,"{""0"": 250, ""1"": 250, ""2"": null, ""3"": null, ""4"": null, ""5"": null, ""6"": null, ""7"": null}","{""0"": 0.0, ""1"": 0.0, ""2"": null, ""3"": null, ""4"": null, ""5"": null, ""6"": null, ""7"": null}",{},,1,0,1,0,,maneuver-locked,CHANGING,left,right,left,0
1337,2026-08-02T02:30:14.565+09:00,164.198,1336,7.87,1,AVOIDING_OBSTACLE,,0,0,1,0,0,0,,7.155,0,0,0.000000,1.000000,70,819,green,0.236,,1,obstacle-car,0.980887,"[843, 276, 1274, 718]",0.206426,0.416,,"{""0"": 250, ""1"": 250, ""2"": null, ""3"": null, ""4"": null, ""5"": null, ""6"": null, ""7"": null}","{""0"": 0.0, ""1"": 0.0, ""2"": null, ""3"": null, ""4"": null, ""5"": null, ""6"": null, ""7"": null}",{},,1,0,1,0,,maneuver-locked,CHANGING,left,right,left,0
1338,2026-08-02T02:30:14.650+09:00,164.283,1337,7.91,1,AVOIDING_OBSTACLE,,0,0,1,0,0,0,,7.155,0,3,0.000000,1.000000,70,818,green,0.331,,0,unknown,0.000000,null,0.000000,0.230,,"{""0"": 250, ""1"": 250, ""2"": null, ""3"": null, ""4"": null, ""5"": null, ""6"": null, ""7"": null}","{""0"": 0.0, ""1"": 0.0, ""2"": null, ""3"": null, ""4"": null, ""5"": null, ""6"": null, ""7"": null}",{},,1,0,1,0,,maneuver-locked,CHANGING,left,right,left,0
1339,2026-08-02T02:30:14.793+09:00,164.427,1338,7.91,1,AVOIDING_OBSTACLE,,0,0,1,0,0,0,,7.155,590,2,0.000000,1.000000,70,824,green,0.276,,0,unknown,0.000000,null,0.000000,0.374,,"{""0"": 250, ""1"": 250, ""2"": null, ""3"": null, ""4"": null, ""5"": null, ""6"": null, ""7"": null}","{""0"": 0.0, ""1"": 0.0, ""2"": null, ""3"": null, ""4"": null, ""5"": null, ""6"": null, ""7"": null}",{},,1,0,1,0,,maneuver-locked,CHANGING,left,right,left,0
1340,2026-08-02T02:30:14.871+09:00,164.504,1339,8.03,0,AVOIDING_OBSTACLE,phase:CHANGING->CHANGING_PAUSED,0,0,1,0,0,0,,7.155,3920,0,0.000000,0.000000,0,824,unknown,0.224,,0,unknown,0.000000,null,0.000000,0.362,,"{""0"": 250, ""1"": 250, ""2"": null, ""3"": null, ""4"": null, ""5"": null, ""6"": null, ""7"": null}","{""0"": 0.0, ""1"": 0.0, ""2"": null, ""3"": null, ""4"": null, ""5"": null, ""6"": null, ""7"": null}",{},,1,0,1,0,,maneuver-locked,CHANGING_PAUSED,left,right,left,0
1341,2026-08-02T02:30:14.980+09:00,164.614,1340,7.98,0,AVOIDING_OBSTACLE,,0,0,1,0,0,0,,7.155,6367,22,0.000000,0.000000,0,798,unknown,0.220,,0,unknown,0.000000,null,0.000000,0.474,,"{""0"": 250, ""1"": 250, ""2"": null, ""3"": null, ""4"": null, ""5"": null, ""6"": null, ""7"": null}","{""0"": 0.0, ""1"": 0.0, ""2"": null, ""3"": null, ""4"": null, ""5"": null, ""6"": null, ""7"": null}",{},,1,0,1,0,,maneuver-locked,CHANGING_PAUSED,left,right,left,0
1342,2026-08-02T02:30:15.103+09:00,164.735,1341,8.02,0,AVOIDING_OBSTACLE,,0,0,1,0,0,0,,7.155,7411,20,0.000000,0.000000,0,767,unknown,0.198,,0,unknown,0.000000,null,0.000000,0.410,,"{""0"": 250, ""1"": 250, ""2"": null, ""3"": null, ""4"": null, ""5"": null, ""6"": null, ""7"": null}","{""0"": 0.0, ""1"": 0.0, ""2"": null, ""3"": null, ""4"": null, ""5"": null, ""6"": null, ""7"": null}",{},,1,0,1,0,,maneuver-locked,CHANGING_PAUSED,left,right,left,0
1343,2026-08-02T02:30:15.193+09:00,164.826,1342,8.02,0,AVOIDING_OBSTACLE,,0,0,1,0,0,0,,7.155,7494,0,0.000000,0.000000,0,753,unknown,0.236,,0,unknown,0.000000,null,0.000000,0.285,,"{""0"": 250, ""1"": 250, ""2"": null, ""3"": null, ""4"": null, ""5"": null, ""6"": null, ""7"": null}","{""0"": 0.0, ""1"": 0.0, ""2"": null, ""3"": null, ""4"": null, ""5"": null, ""6"": null, ""7"": null}",{},,1,0,1,0,,maneuver-locked,CHANGING_PAUSED,left,right,left,0
1344,2026-08-02T02:30:15.320+09:00,164.952,1343,8.14,0,AVOIDING_OBSTACLE,,0,0,1,0,0,0,,7.155,6672,0,0.000000,0.000000,0,750,unknown,0.215,,0,unknown,0.000000,null,0.000000,0.411,,"{""0"": 250, ""1"": 250, ""2"": null, ""3"": null, ""4"": null, ""5"": null, ""6"": null, ""7"": null}","{""0"": 0.0, ""1"": 0.0, ""2"": null, ""3"": null, ""4"": null, ""5"": null, ""6"": null, ""7"": null}",{},,1,0,1,0,,maneuver-locked,CHANGING_PAUSED,left,right,left,0
1345,2026-08-02T02:30:15.414+09:00,165.046,1344,8.13,0,AVOIDING_OBSTACLE,,0,0,1,0,0,0,,7.155,6584,0,0.000000,0.000000,0,750,unknown,0.342,,0,unknown,0.000000,null,0.000000,0.274,,"{""0"": 250, ""1"": 250, ""2"": null, ""3"": null, ""4"": null, ""5"": null, ""6"": null, ""7"": null}","{""0"": 0.0, ""1"": 0.0, ""2"": null, ""3"": null, ""4"": null, ""5"": null, ""6"": null, ""7"": null}",{},,1,0,1,0,,maneuver-locked,CHANGING_PAUSED,left,right,left,0
1346,2026-08-02T02:30:15.624+09:00,165.257,1345,7.98,0,AVOIDING_OBSTACLE,,0,0,1,0,0,0,,7.155,6598,0,0.000000,0.000000,0,750,unknown,0.315,,0,unknown,0.000000,null,0.000000,0.485,,"{""0"": 250, ""1"": 250, ""2"": null, ""3"": null, ""4"": null, ""5"": null, ""6"": null, ""7"": null}","{""0"": 0.0, ""1"": 0.0, ""2"": null, ""3"": null, ""4"": null, ""5"": null, ""6"": null, ""7"": null}",{},,1,0,1,0,,maneuver-locked,CHANGING_PAUSED,left,right,left,0
1347,2026-08-02T02:30:15.712+09:00,165.344,1346,8.23,0,AVOIDING_OBSTACLE,,0,0,1,0,0,0,,7.155,6625,0,0.000000,0.000000,0,750,unknown,0.309,,0,unknown,0.000000,null,0.000000,0.355,,"{""0"": 250, ""1"": 250, ""2"": null, ""3"": null, ""4"": null, ""5"": null, ""6"": null, ""7"": null}","{""0"": 0.0, ""1"": 0.0, ""2"": null, ""3"": null, ""4"": null, ""5"": null, ""6"": null, ""7"": null}",{},,1,0,1,0,,maneuver-locked,CHANGING_PAUSED,left,right,left,0
1348,2026-08-02T02:30:15.879+09:00,165.512,1347,8.05,0,AVOIDING_OBSTACLE,,0,0,1,0,0,0,,7.155,6595,0,0.000000,0.000000,0,750,unknown,0.304,,0,unknown,0.000000,null,0.000000,0.429,,"{""0"": 250, ""1"": 250, ""2"": null, ""3"": null, ""4"": null, ""5"": null, ""6"": null, ""7"": null}","{""0"": 0.0, ""1"": 0.0, ""2"": null, ""3"": null, ""4"": null, ""5"": null, ""6"": null, ""7"": null}",{},,1,0,1,0,,maneuver-locked,CHANGING_PAUSED,left,right,left,0
1349,2026-08-02T02:30:15.973+09:00,165.606,1348,8.09,0,AVOIDING_OBSTACLE,,0,0,1,0,0,0,,7.155,6581,0,0.000000,0.000000,0,750,unknown,0.258,,0,unknown,0.000000,null,0.000000,0.523,,"{""0"": 250, ""1"": 250, ""2"": null, ""3"": null, ""4"": null, ""5"": null, ""6"": null, ""7"": null}","{""0"": 0.0, ""1"": 0.0, ""2"": null, ""3"": null, ""4"": null, ""5"": null, ""6"": null, ""7"": null}",{},,1,0,1,0,,maneuver-locked,CHANGING_PAUSED,left,right,left,0
1350,2026-08-02T02:30:16.071+09:00,165.704,1349,8.23,0,AVOIDING_OBSTACLE,,0,0,1,0,0,0,,7.155,6435,0,0.000000,0.000000,0,750,unknown,0.263,,0,unknown,0.000000,null,0.000000,0.322,,"{""0"": 250, ""1"": 250, ""2"": null, ""3"": null, ""4"": null, ""5"": null, ""6"": null, ""7"": null}","{""0"": 0.0, ""1"": 0.0, ""2"": null, ""3"": null, ""4"": null, ""5"": null, ""6"": null, ""7"": null}",{},,1,0,1,0,,maneuver-locked,CHANGING_PAUSED,left,right,left,0
1351,2026-08-02T02:30:16.210+09:00,165.843,1350,8.24,0,AVOIDING_OBSTACLE,,0,0,1,0,0,0,,7.155,6573,0,0.000000,0.000000,0,750,unknown,0.196,,0,unknown,0.000000,null,0.000000,0.460,,"{""0"": 250, ""1"": 250, ""2"": null, ""3"": null, ""4"": null, ""5"": null, ""6"": null, ""7"": null}","{""0"": 0.0, ""1"": 0.0, ""2"": null, ""3"": null, ""4"": null, ""5"": null, ""6"": null, ""7"": null}",{},,1,0,1,0,,maneuver-locked,CHANGING_PAUSED,left,right,left,0
1352,2026-08-02T02:30:16.334+09:00,165.966,1351,8.26,0,AVOIDING_OBSTACLE,,0,0,1,0,0,0,,7.155,6584,0,0.000000,0.000000,0,750,unknown,0.335,,0,unknown,0.000000,null,0.000000,0.322,,"{""0"": 250, ""1"": 250, ""2"": null, ""3"": null, ""4"": null, ""5"": null, ""6"": null, ""7"": null}","{""0"": 0.0, ""1"": 0.0, ""2"": null, ""3"": null, ""4"": null, ""5"": null, ""6"": null, ""7"": null}",{},,1,0,1,0,,maneuver-locked,CHANGING_PAUSED,left,right,left,0
1353,2026-08-02T02:30:16.435+09:00,166.066,1352,8.43,0,AVOIDING_OBSTACLE,,0,0,1,0,0,0,,7.155,6428,0,0.000000,0.000000,0,750,unknown,0.365,,0,unknown,0.000000,null,0.000000,0.424,,"{""0"": 250, ""1"": 250, ""2"": null, ""3"": null, ""4"": null, ""5"": null, ""6"": null, ""7"": null}","{""0"": 0.001, ""1"": 0.001, ""2"": null, ""3"": null, ""4"": null, ""5"": null, ""6"": null, ""7"": null}",{},,1,0,1,0,,maneuver-locked,CHANGING_PAUSED,left,right,left,0
1354,2026-08-02T02:30:16.552+09:00,166.183,1353,8.42,0,AVOIDING_OBSTACLE,,0,0,1,0,0,0,,7.155,6400,0,0.000000,0.000000,0,750,unknown,0.227,,0,unknown,0.000000,null,0.000000,0.303,,"{""0"": 250, ""1"": 250, ""2"": null, ""3"": null, ""4"": null, ""5"": null, ""6"": null, ""7"": null}","{""0"": 0.0, ""1"": 0.0, ""2"": null, ""3"": null, ""4"": null, ""5"": null, ""6"": null, ""7"": null}",{},,1,0,1,0,,maneuver-locked,CHANGING_PAUSED,left,right,left,0
1355,2026-08-02T02:30:16.647+09:00,166.281,1354,8.52,0,AVOIDING_OBSTACLE,,0,0,1,0,0,0,,7.155,6374,0,0.000000,0.000000,0,750,unknown,0.222,,0,unknown,0.000000,null,0.000000,0.278,,"{""0"": 250, ""1"": 250, ""2"": null, ""3"": null, ""4"": null, ""5"": null, ""6"": null, ""7"": null}","{""0"": 0.0, ""1"": 0.0, ""2"": null, ""3"": null, ""4"": null, ""5"": null, ""6"": null, ""7"": null}",{},,1,0,1,0,,maneuver-locked,CHANGING_PAUSED,left,right,left,0
1356,2026-08-02T02:30:16.810+09:00,166.443,1355,8.53,0,AVOIDING_OBSTACLE,,0,0,1,0,0,0,,7.155,6481,0,0.000000,0.000000,0,751,unknown,0.218,,0,unknown,0.000000,null,0.000000,0.440,,"{""0"": 250, ""1"": 250, ""2"": null, ""3"": null, ""4"": null, ""5"": null, ""6"": null, ""7"": null}","{""0"": 0.0, ""1"": 0.0, ""2"": null, ""3"": null, ""4"": null, ""5"": null, ""6"": null, ""7"": null}",{},,1,0,1,0,,maneuver-locked,CHANGING_PAUSED,left,right,left,0
1357,2026-08-02T02:30:16.903+09:00,166.535,1356,8.60,0,AVOIDING_OBSTACLE,,0,0,1,0,0,0,,7.155,6406,0,0.000000,0.000000,0,750,unknown,0.265,,0,unknown,0.000000,null,0.000000,0.316,,"{""0"": 250, ""1"": 250, ""2"": null, ""3"": null, ""4"": null, ""5"": null, ""6"": null, ""7"": null}","{""0"": 0.0, ""1"": 0.0, ""2"": null, ""3"": null, ""4"": null, ""5"": null, ""6"": null, ""7"": null}",{},,1,0,1,0,,maneuver-locked,CHANGING_PAUSED,left,right,left,0
1358,2026-08-02T02:30:17.020+09:00,166.653,1357,8.57,0,AVOIDING_OBSTACLE,,0,0,1,0,0,0,,7.155,6441,0,0.000000,0.000000,0,751,unknown,0.356,,0,unknown,0.000000,null,0.000000,0.431,,"{""0"": 250, ""1"": 250, ""2"": null, ""3"": null, ""4"": null, ""5"": null, ""6"": null, ""7"": null}","{""0"": 0.0, ""1"": 0.0, ""2"": null, ""3"": null, ""4"": null, ""5"": null, ""6"": null, ""7"": null}",{},,1,0,1,0,,maneuver-locked,CHANGING_PAUSED,left,right,left,0
1359,2026-08-02T02:30:17.140+09:00,166.773,1358,8.50,0,AVOIDING_OBSTACLE,,0,0,1,0,0,0,,7.155,6430,0,0.000000,0.000000,0,750,unknown,0.378,,0,unknown,0.000000,null,0.000000,0.292,,"{""0"": 250, ""1"": 250, ""2"": null, ""3"": null, ""4"": null, ""5"": null, ""6"": null, ""7"": null}","{""0"": 0.0, ""1"": 0.0, ""2"": null, ""3"": null, ""4"": null, ""5"": null, ""6"": null, ""7"": null}",{},,1,0,1,0,,maneuver-locked,CHANGING_PAUSED,left,right,left,0
1360,2026-08-02T02:30:17.236+09:00,166.869,1359,8.50,0,AVOIDING_OBSTACLE,,0,0,1,0,0,0,,7.155,6439,0,0.000000,0.000000,0,750,unknown,0.240,,0,unknown,0.000000,null,0.000000,0.179,,"{""0"": 250, ""1"": 250, ""2"": null, ""3"": null, ""4"": null, ""5"": null, ""6"": null, ""7"": null}","{""0"": 0.0, ""1"": 0.0, ""2"": null, ""3"": null, ""4"": null, ""5"": null, ""6"": null, ""7"": null}",{},,1,0,1,0,,maneuver-locked,CHANGING_PAUSED,left,right,left,0
1361,2026-08-02T02:30:17.403+09:00,167.036,1360,8.51,0,AVOIDING_OBSTACLE,,0,0,1,0,0,0,,7.155,6581,0,0.000000,0.000000,0,750,unknown,0.218,,0,unknown,0.000000,null,0.000000,0.346,,"{""0"": 250, ""1"": 250, ""2"": null, ""3"": null, ""4"": null, ""5"": null, ""6"": null, ""7"": null}","{""0"": 0.0, ""1"": 0.0, ""2"": null, ""3"": null, ""4"": null, ""5"": null, ""6"": null, ""7"": null}",{},,1,0,1,0,,maneuver-locked,CHANGING_PAUSED,left,right,left,0
1362,2026-08-02T02:30:17.493+09:00,167.124,1361,8.62,0,AVOIDING_OBSTACLE,,0,0,1,0,0,0,,7.155,6561,0,0.000000,0.000000,0,750,unknown,0.266,,0,unknown,0.000000,null,0.000000,0.316,,"{""0"": 250, ""1"": 250, ""2"": null, ""3"": null, ""4"": null, ""5"": null, ""6"": null, ""7"": null}","{""0"": 0.0, ""1"": 0.0, ""2"": null, ""3"": null, ""4"": null, ""5"": null, ""6"": null, ""7"": null}",{},,1,0,1,0,,maneuver-locked,CHANGING_PAUSED,left,right,left,0
1363,2026-08-02T02:30:17.657+09:00,167.290,1362,8.46,0,AVOIDING_OBSTACLE,,0,0,1,0,0,0,,7.155,6378,0,0.000000,0.000000,0,750,unknown,0.260,,0,unknown,0.000000,null,0.000000,0.481,,"{""0"": 250, ""1"": 250, ""2"": null, ""3"": null, ""4"": null, ""5"": null, ""6"": null, ""7"": null}","{""0"": 0.0, ""1"": 0.0, ""2"": null, ""3"": null, ""4"": null, ""5"": null, ""6"": null, ""7"": null}",{},,1,0,1,0,,maneuver-locked,CHANGING_PAUSED,left,right,left,0
1364,2026-08-02T02:30:17.773+09:00,167.405,1363,8.49,0,AVOIDING_OBSTACLE,,0,0,1,0,0,0,,7.155,6558,0,0.000000,0.000000,0,750,unknown,0.256,,0,unknown,0.000000,null,0.000000,0.498,,"{""0"": 250, ""1"": 250, ""2"": null, ""3"": null, ""4"": null, ""5"": null, ""6"": null, ""7"": null}","{""0"": 0.0, ""1"": 0.0, ""2"": null, ""3"": null, ""4"": null, ""5"": null, ""6"": null, ""7"": null}",{},,1,0,1,0,,maneuver-locked,CHANGING_PAUSED,left,right,left,0
1365,2026-08-02T02:30:17.860+09:00,167.493,1364,8.63,0,AVOIDING_OBSTACLE,,0,0,1,0,0,0,,7.155,6384,0,0.000000,0.000000,0,749,unknown,0.284,,0,unknown,0.000000,null,0.000000,0.332,,"{""0"": 250, ""1"": 250, ""2"": null, ""3"": null, ""4"": null, ""5"": null, ""6"": null, ""7"": null}","{""0"": 0.0, ""1"": 0.0, ""2"": null, ""3"": null, ""4"": null, ""5"": null, ""6"": null, ""7"": null}",{},,1,0,1,0,,maneuver-locked,CHANGING_PAUSED,left,right,left,0
1366,2026-08-02T02:30:18.011+09:00,167.645,1365,8.47,0,AVOIDING_OBSTACLE,,0,0,1,0,0,0,,7.155,6363,0,0.000000,0.000000,0,750,unknown,0.208,,0,unknown,0.000000,null,0.000000,0.484,,"{""0"": 250, ""1"": 250, ""2"": null, ""3"": null, ""4"": null, ""5"": null, ""6"": null, ""7"": null}","{""0"": 0.0, ""1"": 0.0, ""2"": null, ""3"": null, ""4"": null, ""5"": null, ""6"": null, ""7"": null}",{},,1,0,1,0,,maneuver-locked,CHANGING_PAUSED,left,right,left,0
1367,2026-08-02T02:30:18.129+09:00,167.760,1366,8.42,0,AVOIDING_OBSTACLE,,0,0,1,0,0,0,,7.155,6378,0,0.000000,0.000000,0,750,unknown,0.244,,0,unknown,0.000000,null,0.000000,0.319,,"{""0"": 250, ""1"": 250, ""2"": null, ""3"": null, ""4"": null, ""5"": null, ""6"": null, ""7"": null}","{""0"": 0.0, ""1"": 0.0, ""2"": null, ""3"": null, ""4"": null, ""5"": null, ""6"": null, ""7"": null}",{},,1,0,1,0,,maneuver-locked,CHANGING_PAUSED,left,right,left,0
1368,2026-08-02T02:30:18.224+09:00,167.856,1367,8.39,0,AVOIDING_OBSTACLE,,0,0,1,0,0,0,,7.155,6464,0,0.000000,0.000000,0,751,unknown,0.272,,0,unknown,0.000000,null,0.000000,0.326,,"{""0"": 250, ""1"": 250, ""2"": null, ""3"": null, ""4"": null, ""5"": null, ""6"": null, ""7"": null}","{""0"": 0.0, ""1"": 0.0, ""2"": null, ""3"": null, ""4"": null, ""5"": null, ""6"": null, ""7"": null}",{},,1,0,1,0,,maneuver-locked,CHANGING_PAUSED,left,right,left,0
1369,2026-08-02T02:30:18.353+09:00,167.986,1368,8.43,0,AVOIDING_OBSTACLE,,0,0,1,0,0,0,,7.155,6461,0,0.000000,0.000000,0,750,unknown,0.216,,0,unknown,0.000000,null,0.000000,0.456,,"{""0"": 250, ""1"": 250, ""2"": null, ""3"": null, ""4"": null, ""5"": null, ""6"": null, ""7"": null}","{""0"": 0.0, ""1"": 0.0, ""2"": null, ""3"": null, ""4"": null, ""5"": null, ""6"": null, ""7"": null}",{},,1,0,1,0,,maneuver-locked,CHANGING_PAUSED,left,right,left,0
1370,2026-08-02T02:30:18.443+09:00,168.075,1369,8.40,0,AVOIDING_OBSTACLE,,0,0,1,0,0,0,,7.155,6461,0,0.000000,0.000000,0,750,unknown,0.229,,0,unknown,0.000000,null,0.000000,0.279,,"{""0"": 250, ""1"": 250, ""2"": null, ""3"": null, ""4"": null, ""5"": null, ""6"": null, ""7"": null}","{""0"": 0.0, ""1"": 0.0, ""2"": null, ""3"": null, ""4"": null, ""5"": null, ""6"": null, ""7"": null}",{},,1,0,1,0,,maneuver-locked,CHANGING_PAUSED,left,right,left,0
1371,2026-08-02T02:30:18.576+09:00,168.209,1370,8.35,0,AVOIDING_OBSTACLE,,0,0,1,0,0,0,,7.155,6418,0,0.000000,0.000000,0,750,unknown,0.319,,0,unknown,0.000000,null,0.000000,0.411,,"{""0"": 250, ""1"": 250, ""2"": null, ""3"": null, ""4"": null, ""5"": null, ""6"": null, ""7"": null}","{""0"": 0.0, ""1"": 0.0, ""2"": null, ""3"": null, ""4"": null, ""5"": null, ""6"": null, ""7"": null}",{},,1,0,1,0,,maneuver-locked,CHANGING_PAUSED,left,right,left,0
1372,2026-08-02T02:30:18.735+09:00,168.368,1371,8.26,0,AVOIDING_OBSTACLE,,0,0,1,0,0,0,,7.155,6368,0,0.000000,0.000000,0,750,unknown,0.357,,0,unknown,0.000000,null,0.000000,0.347,,"{""0"": 250, ""1"": 250, ""2"": null, ""3"": null, ""4"": null, ""5"": null, ""6"": null, ""7"": null}","{""0"": 0.0, ""1"": 0.0, ""2"": null, ""3"": null, ""4"": null, ""5"": null, ""6"": null, ""7"": null}",{},,1,0,1,0,,maneuver-locked,CHANGING_PAUSED,left,right,left,0
1373,2026-08-02T02:30:18.823+09:00,168.455,1372,8.27,0,AVOIDING_OBSTACLE,,0,0,1,0,0,0,,7.155,6544,0,0.000000,0.000000,0,750,unknown,0.297,,0,unknown,0.000000,null,0.000000,0.343,,"{""0"": 250, ""1"": 250, ""2"": null, ""3"": null, ""4"": null, ""5"": null, ""6"": null, ""7"": null}","{""0"": 0.0, ""1"": 0.0, ""2"": null, ""3"": null, ""4"": null, ""5"": null, ""6"": null, ""7"": null}",{},,1,0,1,0,,maneuver-locked,CHANGING_PAUSED,left,right,left,0
1374,2026-08-02T02:30:18.924+09:00,168.557,1373,8.32,0,AVOIDING_OBSTACLE,,0,0,1,0,0,0,,7.155,6589,0,0.000000,0.000000,0,750,unknown,0.251,,0,unknown,0.000000,null,0.000000,0.445,,"{""0"": 250, ""1"": 250, ""2"": null, ""3"": null, ""4"": null, ""5"": null, ""6"": null, ""7"": null}","{""0"": 0.0, ""1"": 0.0, ""2"": null, ""3"": null, ""4"": null, ""5"": null, ""6"": null, ""7"": null}",{},,1,0,1,0,,maneuver-locked,CHANGING_PAUSED,left,right,left,0
1375,2026-08-02T02:30:19.083+09:00,168.717,1374,8.17,0,AVOIDING_OBSTACLE,,0,0,1,0,0,0,,7.155,6728,0,0.000000,0.000000,0,750,unknown,0.192,,0,unknown,0.000000,null,0.000000,0.473,,"{""0"": 250, ""1"": 250, ""2"": null, ""3"": null, ""4"": null, ""5"": null, ""6"": null, ""7"": null}","{""0"": 0.0, ""1"": 0.0, ""2"": null, ""3"": null, ""4"": null, ""5"": null, ""6"": null, ""7"": null}",{},,1,0,1,0,,maneuver-locked,CHANGING_PAUSED,left,right,left,0
1376,2026-08-02T02:30:19.228+09:00,168.860,1375,8.33,0,AVOIDING_OBSTACLE,,0,0,1,0,0,0,,7.155,6916,0,0.000000,0.000000,0,751,unknown,0.265,,0,unknown,0.000000,null,0.000000,0.369,,"{""0"": 250, ""1"": 250, ""2"": null, ""3"": null, ""4"": null, ""5"": null, ""6"": null, ""7"": null}","{""0"": 0.0, ""1"": 0.0, ""2"": null, ""3"": null, ""4"": null, ""5"": null, ""6"": null, ""7"": null}",{},,1,0,1,0,,maneuver-locked,CHANGING_PAUSED,left,right,left,0
1377,2026-08-02T02:30:19.321+09:00,168.954,1376,8.31,0,AVOIDING_OBSTACLE,,0,0,1,0,0,0,,7.155,6844,0,0.000000,0.000000,0,751,unknown,0.306,,0,unknown,0.000000,null,0.000000,0.202,,"{""0"": 250, ""1"": 250, ""2"": null, ""3"": null, ""4"": null, ""5"": null, ""6"": null, ""7"": null}","{""0"": 0.0, ""1"": 0.0, ""2"": null, ""3"": null, ""4"": null, ""5"": null, ""6"": null, ""7"": null}",{},,1,0,1,0,,maneuver-locked,CHANGING_PAUSED,left,right,left,0
1378,2026-08-02T02:30:19.431+09:00,169.063,1377,8.45,0,AVOIDING_OBSTACLE,,0,0,1,0,0,0,,7.155,6808,0,0.000000,0.000000,0,751,unknown,0.401,,0,unknown,0.000000,null,0.000000,0.310,,"{""0"": 250, ""1"": 250, ""2"": null, ""3"": null, ""4"": null, ""5"": null, ""6"": null, ""7"": null}","{""0"": 0.0, ""1"": 0.0, ""2"": null, ""3"": null, ""4"": null, ""5"": null, ""6"": null, ""7"": null}",{},,1,0,1,0,,maneuver-locked,CHANGING_PAUSED,left,right,left,0
1379,2026-08-02T02:30:19.524+09:00,169.157,1378,8.45,0,AVOIDING_OBSTACLE,,0,0,1,0,0,0,,7.155,6865,0,0.000000,0.000000,0,751,unknown,0.352,,0,unknown,0.000000,null,0.000000,0.261,,"{""0"": 250, ""1"": 250, ""2"": null, ""3"": null, ""4"": null, ""5"": null, ""6"": null, ""7"": null}","{""0"": 0.0, ""1"": 0.0, ""2"": null, ""3"": null, ""4"": null, ""5"": null, ""6"": null, ""7"": null}",{},,1,0,1,0,,maneuver-locked,CHANGING_PAUSED,left,right,left,0
1380,2026-08-02T02:30:19.621+09:00,169.253,1379,8.46,0,AVOIDING_OBSTACLE,,0,0,1,0,0,0,,7.155,6929,0,0.000000,0.000000,0,750,unknown,0.205,,0,unknown,0.000000,null,0.000000,0.356,,"{""0"": 250, ""1"": 85, ""2"": null, ""3"": null, ""4"": null, ""5"": null, ""6"": null, ""7"": null}","{""0"": 0.0, ""1"": 0.0, ""2"": null, ""3"": null, ""4"": null, ""5"": null, ""6"": null, ""7"": null}",{},,1,0,1,0,,maneuver-locked,CHANGING_PAUSED,left,right,left,0
1381,2026-08-02T02:30:19.712+09:00,169.344,1380,8.57,0,AVOIDING_OBSTACLE,,0,0,1,0,0,0,,7.155,6952,0,0.000000,0.000000,0,750,unknown,0.193,,0,unknown,0.000000,null,0.000000,0.244,,"{""0"": 250, ""1"": 250, ""2"": null, ""3"": null, ""4"": null, ""5"": null, ""6"": null, ""7"": null}","{""0"": 0.0, ""1"": 0.0, ""2"": null, ""3"": null, ""4"": null, ""5"": null, ""6"": null, ""7"": null}",{},,1,0,1,0,,maneuver-locked,CHANGING_PAUSED,left,right,left,0
1382,2026-08-02T02:30:19.890+09:00,169.523,1381,8.43,0,AVOIDING_OBSTACLE,,0,0,1,0,0,0,,7.155,6943,0,0.000000,0.000000,0,750,unknown,0.192,,0,unknown,0.000000,null,0.000000,0.425,,"{""0"": 250, ""1"": 250, ""2"": null, ""3"": null, ""4"": null, ""5"": null, ""6"": null, ""7"": null}","{""0"": 0.0, ""1"": 0.0, ""2"": null, ""3"": null, ""4"": null, ""5"": null, ""6"": null, ""7"": null}",{},,1,0,1,0,,maneuver-locked,CHANGING_PAUSED,left,right,left,0
1383,2026-08-02T02:30:19.982+09:00,169.614,1382,8.46,0,AVOIDING_OBSTACLE,,0,0,1,0,0,0,,7.155,6952,0,0.000000,0.000000,0,750,unknown,0.273,,0,unknown,0.000000,null,0.000000,0.421,,"{""0"": 250, ""1"": 250, ""2"": null, ""3"": null, ""4"": null, ""5"": null, ""6"": null, ""7"": null}","{""0"": 0.0, ""1"": 0.0, ""2"": null, ""3"": null, ""4"": null, ""5"": null, ""6"": null, ""7"": null}",{},,1,0,1,0,,maneuver-locked,CHANGING_PAUSED,left,right,left,0
1384,2026-08-02T02:30:20.117+09:00,169.751,1383,8.41,0,AVOIDING_OBSTACLE,,0,0,1,0,0,0,,7.155,6922,0,0.000000,0.000000,0,749,unknown,0.275,,0,unknown,0.000000,null,0.000000,0.371,,"{""0"": 250, ""1"": 84, ""2"": null, ""3"": null, ""4"": null, ""5"": null, ""6"": null, ""7"": null}","{""0"": 0.0, ""1"": 0.0, ""2"": null, ""3"": null, ""4"": null, ""5"": null, ""6"": null, ""7"": null}",{},,1,0,1,0,,maneuver-locked,CHANGING_PAUSED,left,right,left,0
1385,2026-08-02T02:30:20.284+09:00,169.917,1384,8.25,0,AVOIDING_OBSTACLE,,0,0,1,0,0,0,,7.155,6914,0,0.000000,0.000000,0,749,unknown,0.231,,0,unknown,0.000000,null,0.000000,0.536,,"{""0"": 250, ""1"": 250, ""2"": null, ""3"": null, ""4"": null, ""5"": null, ""6"": null, ""7"": null}","{""0"": 0.0, ""1"": 0.0, ""2"": null, ""3"": null, ""4"": null, ""5"": null, ""6"": null, ""7"": null}",{},,1,0,1,0,,maneuver-locked,CHANGING_PAUSED,left,right,left,0
1386,2026-08-02T02:30:20.371+09:00,170.004,1385,8.43,0,AVOIDING_OBSTACLE,,0,0,1,0,0,0,,7.155,6943,0,0.000000,0.000000,0,749,unknown,0.305,,0,unknown,0.000000,null,0.000000,0.352,,"{""0"": 250, ""1"": 250, ""2"": null, ""3"": null, ""4"": null, ""5"": null, ""6"": null, ""7"": null}","{""0"": 0.0, ""1"": 0.0, ""2"": null, ""3"": null, ""4"": null, ""5"": null, ""6"": null, ""7"": null}",{},,1,0,1,0,,maneuver-locked,CHANGING_PAUSED,left,right,left,0
1387,2026-08-02T02:30:20.503+09:00,170.134,1386,8.34,0,AVOIDING_OBSTACLE,,0,0,1,0,0,0,,7.155,6929,0,0.000000,0.000000,0,750,unknown,0.393,,0,unknown,0.000000,null,0.000000,0.482,,"{""0"": 250, ""1"": 250, ""2"": null, ""3"": null, ""4"": null, ""5"": null, ""6"": null, ""7"": null}","{""0"": 0.0, ""1"": 0.0, ""2"": null, ""3"": null, ""4"": null, ""5"": null, ""6"": null, ""7"": null}",{},,1,0,1,0,,maneuver-locked,CHANGING_PAUSED,left,right,left,0
1388,2026-08-02T02:30:20.589+09:00,170.221,1387,8.40,0,AVOIDING_OBSTACLE,,0,0,1,0,0,0,,7.155,6914,0,0.000000,0.000000,0,750,unknown,0.387,,0,unknown,0.000000,null,0.000000,0.434,,"{""0"": 250, ""1"": 250, ""2"": null, ""3"": null, ""4"": null, ""5"": null, ""6"": null, ""7"": null}","{""0"": 0.0, ""1"": 0.0, ""2"": null, ""3"": null, ""4"": null, ""5"": null, ""6"": null, ""7"": null}",{},,1,0,1,0,,maneuver-locked,CHANGING_PAUSED,left,right,left,0
1389,2026-08-02T02:30:20.722+09:00,170.354,1388,8.38,0,AVOIDING_OBSTACLE,,0,0,1,0,0,0,,7.155,6914,0,0.000000,0.000000,0,750,unknown,0.223,,0,unknown,0.000000,null,0.000000,0.314,,"{""0"": 250, ""1"": 250, ""2"": null, ""3"": null, ""4"": null, ""5"": null, ""6"": null, ""7"": null}","{""0"": 0.0, ""1"": 0.0, ""2"": null, ""3"": null, ""4"": null, ""5"": null, ""6"": null, ""7"": null}",{},,1,0,1,0,,maneuver-locked,CHANGING_PAUSED,left,right,left,0
1390,2026-08-02T02:30:20.903+09:00,170.536,1389,8.18,0,AVOIDING_OBSTACLE,,0,0,1,0,0,0,,7.155,6883,0,0.000000,0.000000,0,750,unknown,0.224,,0,unknown,0.000000,null,0.000000,0.497,,"{""0"": 250, ""1"": 250, ""2"": null, ""3"": null, ""4"": null, ""5"": null, ""6"": null, ""7"": null}","{""0"": 0.0, ""1"": 0.0, ""2"": null, ""3"": null, ""4"": null, ""5"": null, ""6"": null, ""7"": null}",{},,1,0,1,0,,maneuver-locked,CHANGING_PAUSED,left,right,left,0
1391,2026-08-02T02:30:20.992+09:00,170.622,1390,8.37,0,AVOIDING_OBSTACLE,,0,0,1,0,0,0,,7.155,6690,0,0.000000,0.000000,0,750,unknown,0.318,,0,unknown,0.000000,null,0.000000,0.362,,"{""0"": 250, ""1"": 113, ""2"": null, ""3"": null, ""4"": null, ""5"": null, ""6"": null, ""7"": null}","{""0"": 0.0, ""1"": 0.0, ""2"": null, ""3"": null, ""4"": null, ""5"": null, ""6"": null, ""7"": null}",{},,1,0,1,0,,maneuver-locked,CHANGING_PAUSED,left,right,left,0
1392,2026-08-02T02:30:21.121+09:00,170.753,1391,8.27,0,AVOIDING_OBSTACLE,,0,0,1,0,0,0,,7.155,6628,0,0.000000,0.000000,0,750,unknown,0.274,,0,unknown,0.000000,null,0.000000,0.494,,"{""0"": 250, ""1"": 250, ""2"": null, ""3"": null, ""4"": null, ""5"": null, ""6"": null, ""7"": null}","{""0"": 0.0, ""1"": 0.0, ""2"": null, ""3"": null, ""4"": null, ""5"": null, ""6"": null, ""7"": null}",{},,1,0,1,0,,maneuver-locked,CHANGING_PAUSED,left,right,left,0
1393,2026-08-02T02:30:21.207+09:00,170.839,1392,8.45,0,AVOIDING_OBSTACLE,,0,0,1,0,0,0,,7.155,6636,0,0.000000,0.000000,0,750,unknown,0.221,,0,unknown,0.000000,null,0.000000,0.449,,"{""0"": 250, ""1"": 250, ""2"": null, ""3"": null, ""4"": null, ""5"": null, ""6"": null, ""7"": null}","{""0"": 0.0, ""1"": 0.0, ""2"": null, ""3"": null, ""4"": null, ""5"": null, ""6"": null, ""7"": null}",{},,1,0,1,0,,maneuver-locked,CHANGING_PAUSED,left,right,left,0
1394,2026-08-02T02:30:21.379+09:00,171.012,1393,8.31,0,AVOIDING_OBSTACLE,,0,0,1,0,0,0,,7.155,6612,0,0.000000,0.000000,0,750,unknown,0.310,,0,unknown,0.000000,null,0.000000,0.621,,"{""0"": 250, ""1"": 250, ""2"": null, ""3"": null, ""4"": null, ""5"": null, ""6"": null, ""7"": null}","{""0"": 0.0, ""1"": 0.0, ""2"": null, ""3"": null, ""4"": null, ""5"": null, ""6"": null, ""7"": null}",{},,1,0,1,0,,maneuver-locked,CHANGING_PAUSED,left,right,left,0
1395,2026-08-02T02:30:21.469+09:00,171.099,1394,8.32,0,AVOIDING_OBSTACLE,,0,0,1,0,0,0,,7.155,6625,0,0.000000,0.000000,0,750,unknown,0.392,,0,unknown,0.000000,null,0.000000,0.439,,"{""0"": 250, ""1"": 158, ""2"": null, ""3"": null, ""4"": null, ""5"": null, ""6"": null, ""7"": null}","{""0"": 0.0, ""1"": 0.0, ""2"": null, ""3"": null, ""4"": null, ""5"": null, ""6"": null, ""7"": null}",{},,1,0,1,0,,maneuver-locked,CHANGING_PAUSED,left,right,left,0
1396,2026-08-02T02:30:21.624+09:00,171.257,1395,8.31,0,AVOIDING_OBSTACLE,,0,0,1,0,0,0,,7.155,6763,0,0.000000,0.000000,0,750,unknown,0.264,,0,unknown,0.000000,null,0.000000,0.381,,"{""0"": 250, ""1"": 250, ""2"": null, ""3"": null, ""4"": null, ""5"": null, ""6"": null, ""7"": null}","{""0"": 0.0, ""1"": 0.0, ""2"": null, ""3"": null, ""4"": null, ""5"": null, ""6"": null, ""7"": null}",{},,1,0,1,0,,maneuver-locked,CHANGING_PAUSED,left,right,left,0
1397,2026-08-02T02:30:21.716+09:00,171.349,1396,8.36,0,AVOIDING_OBSTACLE,,0,0,1,0,0,0,,7.155,6615,0,0.000000,0.000000,0,750,unknown,0.160,,0,unknown,0.000000,null,0.000000,0.471,,"{""0"": 250, ""1"": 250, ""2"": null, ""3"": null, ""4"": null, ""5"": null, ""6"": null, ""7"": null}","{""0"": 0.0, ""1"": 0.0, ""2"": null, ""3"": null, ""4"": null, ""5"": null, ""6"": null, ""7"": null}",{},,1,0,1,0,,maneuver-locked,CHANGING_PAUSED,left,right,left,0
1398,2026-08-02T02:30:21.810+09:00,171.443,1397,8.36,0,AVOIDING_OBSTACLE,,0,0,1,0,0,0,,7.155,6625,0,0.000000,0.000000,0,749,unknown,0.252,,0,unknown,0.000000,null,0.000000,0.306,,"{""0"": 250, ""1"": 250, ""2"": null, ""3"": null, ""4"": null, ""5"": null, ""6"": null, ""7"": null}","{""0"": 0.0, ""1"": 0.0, ""2"": null, ""3"": null, ""4"": null, ""5"": null, ""6"": null, ""7"": null}",{},,1,0,1,0,,maneuver-locked,CHANGING_PAUSED,left,right,left,0
1399,2026-08-02T02:30:21.940+09:00,171.573,1398,8.36,0,AVOIDING_OBSTACLE,,0,0,1,0,0,0,,7.155,6610,0,0.000000,0.000000,0,751,unknown,0.190,,0,unknown,0.000000,null,0.000000,0.436,,"{""0"": 250, ""1"": 250, ""2"": null, ""3"": null, ""4"": null, ""5"": null, ""6"": null, ""7"": null}","{""0"": 0.0, ""1"": 0.0, ""2"": null, ""3"": null, ""4"": null, ""5"": null, ""6"": null, ""7"": null}",{},,1,0,1,0,,maneuver-locked,CHANGING_PAUSED,left,right,left,0
1400,2026-08-02T02:30:22.028+09:00,171.660,1399,8.37,0,AVOIDING_OBSTACLE,,0,0,1,0,0,0,,7.155,6610,0,0.000000,0.000000,0,751,unknown,0.228,,0,unknown,0.000000,null,0.000000,0.275,,"{""0"": 250, ""1"": 250, ""2"": null, ""3"": null, ""4"": null, ""5"": null, ""6"": null, ""7"": null}","{""0"": 0.0, ""1"": 0.0, ""2"": null, ""3"": null, ""4"": null, ""5"": null, ""6"": null, ""7"": null}",{},,1,0,1,0,,maneuver-locked,CHANGING_PAUSED,left,right,left,0
1401,2026-08-02T02:30:22.224+09:00,171.852,1400,8.23,0,AVOIDING_OBSTACLE,,0,0,1,0,0,0,,7.155,6610,0,0.000000,0.000000,0,749,unknown,0.223,,0,unknown,0.000000,null,0.000000,0.468,,"{""0"": 250, ""1"": 250, ""2"": null, ""3"": null, ""4"": null, ""5"": null, ""6"": null, ""7"": null}","{""0"": 0.0, ""1"": 0.0, ""2"": null, ""3"": null, ""4"": null, ""5"": null, ""6"": null, ""7"": null}",{},,1,0,1,0,,maneuver-locked,CHANGING_PAUSED,left,right,left,0
1402,2026-08-02T02:30:22.314+09:00,171.947,1401,8.38,0,AVOIDING_OBSTACLE,,0,0,1,0,0,0,,7.155,6610,0,0.000000,0.000000,0,751,unknown,0.288,,0,unknown,0.000000,null,0.000000,0.338,,"{""0"": 250, ""1"": 250, ""2"": null, ""3"": null, ""4"": null, ""5"": null, ""6"": null, ""7"": null}","{""0"": 0.0, ""1"": 0.0, ""2"": null, ""3"": null, ""4"": null, ""5"": null, ""6"": null, ""7"": null}",{},,1,0,1,0,,maneuver-locked,CHANGING_PAUSED,left,right,left,0
1403,2026-08-02T02:30:22.509+09:00,172.142,1402,8.14,0,AVOIDING_OBSTACLE,,0,0,1,0,0,0,,7.155,6610,0,0.000000,0.000000,0,750,unknown,0.379,,0,unknown,0.000000,null,0.000000,0.533,,"{""0"": 250, ""1"": 250, ""2"": null, ""3"": null, ""4"": null, ""5"": null, ""6"": null, ""7"": null}","{""0"": 0.0, ""1"": 0.0, ""2"": null, ""3"": null, ""4"": null, ""5"": null, ""6"": null, ""7"": null}",{},,1,0,1,0,,maneuver-locked,CHANGING_PAUSED,left,right,left,0
1404,2026-08-02T02:30:22.598+09:00,172.230,1403,8.16,0,AVOIDING_OBSTACLE,,0,0,1,0,0,0,,7.155,6610,0,0.000000,0.000000,0,750,unknown,0.485,,0,unknown,0.000000,null,0.000000,0.337,,"{""0"": 250, ""1"": 250, ""2"": null, ""3"": null, ""4"": null, ""5"": null, ""6"": null, ""7"": null}","{""0"": 0.0, ""1"": 0.0, ""2"": null, ""3"": null, ""4"": null, ""5"": null, ""6"": null, ""7"": null}",{},,1,0,1,0,,maneuver-locked,CHANGING_PAUSED,left,right,left,0
1405,2026-08-02T02:30:22.775+09:00,172.407,1404,8.13,0,AVOIDING_OBSTACLE,,0,0,1,0,0,0,,7.155,6610,0,0.000000,0.000000,0,750,unknown,0.288,,0,unknown,0.000000,null,0.000000,0.424,,"{""0"": 250, ""1"": 250, ""2"": null, ""3"": null, ""4"": null, ""5"": null, ""6"": null, ""7"": null}","{""0"": 0.0, ""1"": 0.0, ""2"": null, ""3"": null, ""4"": null, ""5"": null, ""6"": null, ""7"": null}",{},,1,0,1,0,,maneuver-locked,CHANGING_PAUSED,left,right,left,0
1406,2026-08-02T02:30:22.895+09:00,172.527,1405,8.18,0,AVOIDING_OBSTACLE,,0,0,1,0,0,0,,7.155,6610,0,0.000000,0.000000,0,750,unknown,0.269,,0,unknown,0.000000,null,0.000000,0.545,,"{""0"": 250, ""1"": 250, ""2"": null, ""3"": null, ""4"": null, ""5"": null, ""6"": null, ""7"": null}","{""0"": 0.0, ""1"": 0.0, ""2"": null, ""3"": null, ""4"": null, ""5"": null, ""6"": null, ""7"": null}",{},,1,0,1,0,,maneuver-locked,CHANGING_PAUSED,left,right,left,0
1407,2026-08-02T02:30:22.987+09:00,172.620,1406,8.18,0,AVOIDING_OBSTACLE,,0,0,1,0,0,0,,7.155,6610,0,0.000000,0.000000,0,750,unknown,0.301,,0,unknown,0.000000,null,0.000000,0.353,,"{""0"": 250, ""1"": 250, ""2"": null, ""3"": null, ""4"": null, ""5"": null, ""6"": null, ""7"": null}","{""0"": 0.0, ""1"": 0.0, ""2"": null, ""3"": null, ""4"": null, ""5"": null, ""6"": null, ""7"": null}",{},,1,0,1,0,,maneuver-locked,CHANGING_PAUSED,left,right,left,0
1408,2026-08-02T02:30:23.148+09:00,172.782,1407,8.07,0,AVOIDING_OBSTACLE,,0,0,1,0,0,0,,7.155,6610,0,0.000000,0.000000,0,750,unknown,0.218,,0,unknown,0.000000,null,0.000000,0.515,,"{""0"": 250, ""1"": 250, ""2"": null, ""3"": null, ""4"": null, ""5"": null, ""6"": null, ""7"": null}","{""0"": 0.0, ""1"": 0.0, ""2"": null, ""3"": null, ""4"": null, ""5"": null, ""6"": null, ""7"": null}",{},,1,0,1,0,,maneuver-locked,CHANGING_PAUSED,left,right,left,0
1409,2026-08-02T02:30:23.298+09:00,172.931,1408,7.95,0,AVOIDING_OBSTACLE,,0,0,1,0,0,0,,7.155,6610,0,0.000000,0.000000,0,750,unknown,0.259,,0,unknown,0.000000,null,0.000000,0.367,,"{""0"": 250, ""1"": 250, ""2"": null, ""3"": null, ""4"": null, ""5"": null, ""6"": null, ""7"": null}","{""0"": 0.0, ""1"": 0.0, ""2"": null, ""3"": null, ""4"": null, ""5"": null, ""6"": null, ""7"": null}",{},,1,0,1,0,,maneuver-locked,CHANGING_PAUSED,left,right,left,0
1410,2026-08-02T02:30:23.395+09:00,173.028,1409,7.94,0,AVOIDING_OBSTACLE,,0,0,1,0,0,0,,7.155,6601,0,0.000000,0.000000,0,750,unknown,0.314,,0,unknown,0.000000,null,0.000000,0.372,,"{""0"": 250, ""1"": 250, ""2"": null, ""3"": null, ""4"": null, ""5"": null, ""6"": null, ""7"": null}","{""0"": 0.0, ""1"": 0.0, ""2"": null, ""3"": null, ""4"": null, ""5"": null, ""6"": null, ""7"": null}",{},,1,0,1,0,,maneuver-locked,CHANGING_PAUSED,left,right,left,0
1411,2026-08-02T02:30:23.490+09:00,173.122,1410,7.94,0,AVOIDING_OBSTACLE,,0,0,1,0,0,0,,7.155,6610,0,0.000000,0.000000,0,750,unknown,0.250,,0,unknown,0.000000,null,0.000000,0.466,,"{""0"": 250, ""1"": 250, ""2"": null, ""3"": null, ""4"": null, ""5"": null, ""6"": null, ""7"": null}","{""0"": 0.0, ""1"": 0.0, ""2"": null, ""3"": null, ""4"": null, ""5"": null, ""6"": null, ""7"": null}",{},,1,0,1,0,,maneuver-locked,CHANGING_PAUSED,left,right,left,0
1412,2026-08-02T02:30:23.580+09:00,173.212,1411,8.13,0,AVOIDING_OBSTACLE,,0,0,1,0,0,0,,7.155,6610,0,0.000000,0.000000,0,750,unknown,0.196,,0,unknown,0.000000,null,0.000000,0.245,,"{""0"": 250, ""1"": 250, ""2"": null, ""3"": null, ""4"": null, ""5"": null, ""6"": null, ""7"": null}","{""0"": 0.0, ""1"": 0.0, ""2"": null, ""3"": null, ""4"": null, ""5"": null, ""6"": null, ""7"": null}",{},,1,0,1,0,,maneuver-locked,CHANGING_PAUSED,left,right,left,0
1413,2026-08-02T02:30:23.668+09:00,173.300,1412,8.14,0,AVOIDING_OBSTACLE,,0,0,1,0,0,0,,7.155,6610,0,0.000000,0.000000,0,751,unknown,0.187,,0,unknown,0.000000,null,0.000000,0.333,,"{""0"": 250, ""1"": 250, ""2"": null, ""3"": null, ""4"": null, ""5"": null, ""6"": null, ""7"": null}","{""0"": 0.0, ""1"": 0.0, ""2"": null, ""3"": null, ""4"": null, ""5"": null, ""6"": null, ""7"": null}",{},,1,0,1,0,,maneuver-locked,CHANGING_PAUSED,left,right,left,0
1414,2026-08-02T02:30:23.753+09:00,173.386,1413,8.25,0,AVOIDING_OBSTACLE,,0,0,1,0,0,0,,7.155,6610,0,0.000000,0.000000,0,751,unknown,0.277,,0,unknown,0.000000,null,0.000000,0.227,,"{""0"": 250, ""1"": 250, ""2"": null, ""3"": null, ""4"": null, ""5"": null, ""6"": null, ""7"": null}","{""0"": 0.0, ""1"": 0.0, ""2"": null, ""3"": null, ""4"": null, ""5"": null, ""6"": null, ""7"": null}",{},,1,0,1,0,,maneuver-locked,CHANGING_PAUSED,left,right,left,0
1415,2026-08-02T02:30:23.896+09:00,173.529,1414,8.31,0,AVOIDING_OBSTACLE,,0,0,1,0,0,0,,7.155,6610,0,0.000000,0.000000,0,750,unknown,0.273,,0,unknown,0.000000,null,0.000000,0.369,,"{""0"": 250, ""1"": 250, ""2"": null, ""3"": null, ""4"": null, ""5"": null, ""6"": null, ""7"": null}","{""0"": 0.0, ""1"": 0.0, ""2"": null, ""3"": null, ""4"": null, ""5"": null, ""6"": null, ""7"": null}",{},,1,0,1,0,,maneuver-locked,CHANGING_PAUSED,left,right,left,0
1416,2026-08-02T02:30:24.028+09:00,173.660,1415,8.20,0,AVOIDING_OBSTACLE,,0,0,1,0,0,0,,7.155,6717,0,0.000000,0.000000,0,751,unknown,0.231,,0,unknown,0.000000,null,0.000000,0.324,,"{""0"": 250, ""1"": 250, ""2"": null, ""3"": null, ""4"": null, ""5"": null, ""6"": null, ""7"": null}","{""0"": 0.0, ""1"": 0.0, ""2"": null, ""3"": null, ""4"": null, ""5"": null, ""6"": null, ""7"": null}",{},,1,0,1,0,,maneuver-locked,CHANGING_PAUSED,left,right,left,0
1417,2026-08-02T02:30:24.124+09:00,173.756,1416,8.28,0,AVOIDING_OBSTACLE,,0,0,1,0,0,0,,7.155,6610,0,0.000000,0.000000,0,750,unknown,0.273,,0,unknown,0.000000,null,0.000000,0.329,,"{""0"": 250, ""1"": 250, ""2"": null, ""3"": null, ""4"": null, ""5"": null, ""6"": null, ""7"": null}","{""0"": 0.0, ""1"": 0.0, ""2"": null, ""3"": null, ""4"": null, ""5"": null, ""6"": null, ""7"": null}",{},,1,0,1,0,,maneuver-locked,CHANGING_PAUSED,left,right,left,0
1418,2026-08-02T02:30:24.222+09:00,173.854,1417,8.26,0,AVOIDING_OBSTACLE,,0,0,1,0,0,0,,7.155,6610,0,0.000000,0.000000,0,750,unknown,0.232,,0,unknown,0.000000,null,0.000000,0.427,,"{""0"": 250, ""1"": 250, ""2"": null, ""3"": null, ""4"": null, ""5"": null, ""6"": null, ""7"": null}","{""0"": 0.0, ""1"": 0.0, ""2"": null, ""3"": null, ""4"": null, ""5"": null, ""6"": null, ""7"": null}",{},,1,0,1,0,,maneuver-locked,CHANGING_PAUSED,left,right,left,0
1419,2026-08-02T02:30:24.306+09:00,173.938,1418,8.37,0,AVOIDING_OBSTACLE,,0,0,1,0,0,0,,7.155,6610,0,0.000000,0.000000,0,751,unknown,0.330,,0,unknown,0.000000,null,0.000000,0.243,,"{""0"": 250, ""1"": 250, ""2"": null, ""3"": null, ""4"": null, ""5"": null, ""6"": null, ""7"": null}","{""0"": 0.0, ""1"": 0.0, ""2"": null, ""3"": null, ""4"": null, ""5"": null, ""6"": null, ""7"": null}",{},,1,0,1,0,,maneuver-locked,CHANGING_PAUSED,left,right,left,0
1420,2026-08-02T02:30:24.483+09:00,174.116,1419,8.38,0,AVOIDING_OBSTACLE,,0,0,1,0,0,0,,7.155,6610,0,0.000000,0.000000,0,750,unknown,0.283,,0,unknown,0.000000,null,0.000000,0.323,,"{""0"": 250, ""1"": 250, ""2"": null, ""3"": null, ""4"": null, ""5"": null, ""6"": null, ""7"": null}","{""0"": 0.0, ""1"": 0.0, ""2"": null, ""3"": null, ""4"": null, ""5"": null, ""6"": null, ""7"": null}",{},,1,0,1,0,,maneuver-locked,CHANGING_PAUSED,left,right,left,0
1421,2026-08-02T02:30:24.714+09:00,174.347,1420,8.05,0,AVOIDING_OBSTACLE,,0,0,1,0,0,0,,7.155,6610,0,0.000000,0.000000,0,750,unknown,0.269,,0,unknown,0.000000,null,0.000000,0.552,,"{""0"": 250, ""1"": 250, ""2"": null, ""3"": null, ""4"": null, ""5"": null, ""6"": null, ""7"": null}","{""0"": 0.0, ""1"": 0.0, ""2"": null, ""3"": null, ""4"": null, ""5"": null, ""6"": null, ""7"": null}",{},,1,0,1,0,,maneuver-locked,CHANGING_PAUSED,left,right,left,0
1422,2026-08-02T02:30:24.846+09:00,174.479,1421,8.05,0,AVOIDING_OBSTACLE,,0,0,1,0,0,0,,7.155,6699,0,0.000000,0.000000,0,749,unknown,0.411,,0,unknown,0.000000,null,0.000000,0.501,,"{""0"": 250, ""1"": 250, ""2"": null, ""3"": null, ""4"": null, ""5"": null, ""6"": null, ""7"": null}","{""0"": 0.0, ""1"": 0.0, ""2"": null, ""3"": null, ""4"": null, ""5"": null, ""6"": null, ""7"": null}",{},,1,0,1,0,,maneuver-locked,CHANGING_PAUSED,left,right,left,0
1423,2026-08-02T02:30:24.939+09:00,174.570,1422,8.04,0,AVOIDING_OBSTACLE,,0,0,1,0,0,0,,7.155,6704,0,0.000000,0.000000,0,750,unknown,0.365,,0,unknown,0.000000,null,0.000000,0.417,,"{""0"": 250, ""1"": 250, ""2"": null, ""3"": null, ""4"": null, ""5"": null, ""6"": null, ""7"": null}","{""0"": 0.0, ""1"": 0.0, ""2"": null, ""3"": null, ""4"": null, ""5"": null, ""6"": null, ""7"": null}",{},,1,0,1,0,,maneuver-locked,CHANGING_PAUSED,left,right,left,0
1424,2026-08-02T02:30:25.111+09:00,174.745,1423,8.04,0,AVOIDING_OBSTACLE,,0,0,1,0,0,0,,7.155,6610,0,0.000000,0.000000,0,750,unknown,0.228,,0,unknown,0.000000,null,0.000000,0.592,,"{""0"": 250, ""1"": 250, ""2"": null, ""3"": null, ""4"": null, ""5"": null, ""6"": null, ""7"": null}","{""0"": 0.0, ""1"": 0.0, ""2"": null, ""3"": null, ""4"": null, ""5"": null, ""6"": null, ""7"": null}",{},,1,0,1,0,,maneuver-locked,CHANGING_PAUSED,left,right,left,0
1425,2026-08-02T02:30:25.201+09:00,174.834,1424,8.04,0,AVOIDING_OBSTACLE,,0,0,1,0,0,0,,7.155,6610,0,0.000000,0.000000,0,750,unknown,0.271,,0,unknown,0.000000,null,0.000000,0.319,,"{""0"": 250, ""1"": 250, ""2"": null, ""3"": null, ""4"": null, ""5"": null, ""6"": null, ""7"": null}","{""0"": 0.0, ""1"": 0.0, ""2"": null, ""3"": null, ""4"": null, ""5"": null, ""6"": null, ""7"": null}",{},,1,0,1,0,,maneuver-locked,CHANGING_PAUSED,left,right,left,0
1426,2026-08-02T02:30:25.370+09:00,175.003,1425,8.01,0,AVOIDING_OBSTACLE,,0,0,1,0,0,0,,7.155,6610,0,0.000000,0.000000,0,750,unknown,0.268,,0,unknown,0.000000,null,0.000000,0.490,,"{""0"": 250, ""1"": 250, ""2"": null, ""3"": null, ""4"": null, ""5"": null, ""6"": null, ""7"": null}","{""0"": 0.0, ""1"": 0.0, ""2"": null, ""3"": null, ""4"": null, ""5"": null, ""6"": null, ""7"": null}",{},,1,0,1,0,,maneuver-locked,CHANGING_PAUSED,left,right,left,0
1427,2026-08-02T02:30:25.494+09:00,175.127,1426,7.94,0,AVOIDING_OBSTACLE,,0,0,1,0,0,0,,7.155,6610,0,0.000000,0.000000,0,749,unknown,0.262,,0,unknown,0.000000,null,0.000000,0.519,,"{""0"": 250, ""1"": 250, ""2"": null, ""3"": null, ""4"": null, ""5"": null, ""6"": null, ""7"": null}","{""0"": 0.0, ""1"": 0.0, ""2"": null, ""3"": null, ""4"": null, ""5"": null, ""6"": null, ""7"": null}",{},,1,0,1,0,,maneuver-locked,CHANGING_PAUSED,left,right,left,0
1428,2026-08-02T02:30:25.654+09:00,175.286,1427,7.81,0,AVOIDING_OBSTACLE,,0,0,1,0,0,0,,7.155,6644,0,0.000000,0.000000,0,749,unknown,0.297,,0,unknown,0.000000,null,0.000000,0.416,,"{""0"": 250, ""1"": 250, ""2"": null, ""3"": null, ""4"": null, ""5"": null, ""6"": null, ""7"": null}","{""0"": 0.0, ""1"": 0.0, ""2"": null, ""3"": null, ""4"": null, ""5"": null, ""6"": null, ""7"": null}",{},,1,0,1,0,,maneuver-locked,CHANGING_PAUSED,left,right,left,0
1429,2026-08-02T02:30:25.751+09:00,175.382,1428,7.88,0,AVOIDING_OBSTACLE,,0,0,1,0,0,0,,7.155,6623,0,0.000000,0.000000,0,750,unknown,0.287,,0,unknown,0.000000,null,0.000000,0.219,,"{""0"": 250, ""1"": 250, ""2"": null, ""3"": null, ""4"": null, ""5"": null, ""6"": null, ""7"": null}","{""0"": 0.0, ""1"": 0.0, ""2"": null, ""3"": null, ""4"": null, ""5"": null, ""6"": null, ""7"": null}",{},,1,0,1,0,,maneuver-locked,CHANGING_PAUSED,left,right,left,0
1430,2026-08-02T02:30:25.840+09:00,175.473,1429,7.87,0,AVOIDING_OBSTACLE,,0,0,1,0,0,0,,7.155,6625,0,0.000000,0.000000,0,750,unknown,0.387,,0,unknown,0.000000,null,0.000000,0.309,,"{""0"": 250, ""1"": 250, ""2"": null, ""3"": null, ""4"": null, ""5"": null, ""6"": null, ""7"": null}","{""0"": 0.0, ""1"": 0.0, ""2"": null, ""3"": null, ""4"": null, ""5"": null, ""6"": null, ""7"": null}",{},,1,0,1,0,,maneuver-locked,CHANGING_PAUSED,left,right,left,0
1431,2026-08-02T02:30:25.933+09:00,175.565,1430,8.08,0,AVOIDING_OBSTACLE,,0,0,1,0,0,0,,7.155,6760,0,0.000000,0.000000,0,749,unknown,0.350,,0,unknown,0.000000,null,0.000000,0.243,,"{""0"": 250, ""1"": 250, ""2"": null, ""3"": null, ""4"": null, ""5"": null, ""6"": null, ""7"": null}","{""0"": 0.0, ""1"": 0.0, ""2"": null, ""3"": null, ""4"": null, ""5"": null, ""6"": null, ""7"": null}",{},,1,0,1,0,,maneuver-locked,CHANGING_PAUSED,left,right,left,0
1432,2026-08-02T02:30:26.079+09:00,175.712,1431,7.97,0,AVOIDING_OBSTACLE,,0,0,1,0,0,0,,7.155,6612,0,0.000000,0.000000,0,750,unknown,0.184,,0,unknown,0.000000,null,0.000000,0.390,,"{""0"": 250, ""1"": 250, ""2"": null, ""3"": null, ""4"": null, ""5"": null, ""6"": null, ""7"": null}","{""0"": 0.0, ""1"": 0.0, ""2"": null, ""3"": null, ""4"": null, ""5"": null, ""6"": null, ""7"": null}",{},,1,0,1,0,,maneuver-locked,CHANGING_PAUSED,left,right,left,0
1433,2026-08-02T02:30:26.173+09:00,175.806,1432,8.19,0,AVOIDING_OBSTACLE,,0,0,1,0,0,0,,7.155,6612,0,0.000000,0.000000,0,750,unknown,0.243,,0,unknown,0.000000,null,0.000000,0.297,,"{""0"": 250, ""1"": 250, ""2"": null, ""3"": null, ""4"": null, ""5"": null, ""6"": null, ""7"": null}","{""0"": 0.0, ""1"": 0.0, ""2"": null, ""3"": null, ""4"": null, ""5"": null, ""6"": null, ""7"": null}",{},,1,0,1,0,,maneuver-locked,CHANGING_PAUSED,left,right,left,0
1434,2026-08-02T02:30:26.279+09:00,175.902,1433,8.17,0,AVOIDING_OBSTACLE,,0,0,1,0,0,0,,7.155,6788,0,0.000000,0.000000,0,750,unknown,0.244,,0,unknown,0.000000,null,0.000000,0.392,,"{""0"": 250, ""1"": 250, ""2"": null, ""3"": null, ""4"": null, ""5"": null, ""6"": null, ""7"": null}","{""0"": 0.0, ""1"": 0.0, ""2"": null, ""3"": null, ""4"": null, ""5"": null, ""6"": null, ""7"": null}",{},,1,0,1,0,,maneuver-locked,CHANGING_PAUSED,left,right,left,0
1435,2026-08-02T02:30:26.439+09:00,176.071,1434,8.19,0,AVOIDING_OBSTACLE,,0,0,1,0,0,0,,7.155,6643,0,0.000000,0.000000,0,750,unknown,0.203,,0,unknown,0.000000,null,0.000000,0.324,,"{""0"": 250, ""1"": 250, ""2"": null, ""3"": null, ""4"": null, ""5"": null, ""6"": null, ""7"": null}","{""0"": 0.0, ""1"": 0.0, ""2"": null, ""3"": null, ""4"": null, ""5"": null, ""6"": null, ""7"": null}",{},,1,0,1,0,,maneuver-locked,CHANGING_PAUSED,left,right,left,0
1436,2026-08-02T02:30:26.524+09:00,176.156,1435,8.27,0,AVOIDING_OBSTACLE,,0,0,1,0,0,0,,7.155,6796,0,0.000000,0.000000,0,750,unknown,0.269,,0,unknown,0.000000,null,0.000000,0.313,,"{""0"": 250, ""1"": 250, ""2"": null, ""3"": null, ""4"": null, ""5"": null, ""6"": null, ""7"": null}","{""0"": 0.0, ""1"": 0.0, ""2"": null, ""3"": null, ""4"": null, ""5"": null, ""6"": null, ""7"": null}",{},,1,0,1,0,,maneuver-locked,CHANGING_PAUSED,left,right,left,0
1437,2026-08-02T02:30:26.679+09:00,176.312,1436,8.13,0,AVOIDING_OBSTACLE,,0,0,1,0,0,0,,7.155,6769,0,0.000000,0.000000,0,750,unknown,0.354,,0,unknown,0.000000,null,0.000000,0.470,,"{""0"": 250, ""1"": 250, ""2"": null, ""3"": null, ""4"": null, ""5"": null, ""6"": null, ""7"": null}","{""0"": 0.0, ""1"": 0.0, ""2"": null, ""3"": null, ""4"": null, ""5"": null, ""6"": null, ""7"": null}",{},,1,0,1,0,,maneuver-locked,CHANGING_PAUSED,left,right,left,0
1438,2026-08-02T02:30:26.784+09:00,176.417,1437,8.25,0,AVOIDING_OBSTACLE,,0,0,1,0,0,0,,7.155,6612,0,0.000000,0.000000,0,749,unknown,0.405,,0,unknown,0.000000,null,0.000000,0.309,,"{""0"": 250, ""1"": 250, ""2"": null, ""3"": null, ""4"": null, ""5"": null, ""6"": null, ""7"": null}","{""0"": 0.0, ""1"": 0.0, ""2"": null, ""3"": null, ""4"": null, ""5"": null, ""6"": null, ""7"": null}",{},,1,0,1,0,,maneuver-locked,CHANGING_PAUSED,left,right,left,0
1439,2026-08-02T02:30:26.883+09:00,176.516,1438,8.37,0,AVOIDING_OBSTACLE,,0,0,1,0,0,0,,7.155,6770,0,0.000000,0.000000,0,750,unknown,0.266,,0,unknown,0.000000,null,0.000000,0.407,,"{""0"": 250, ""1"": 250, ""2"": null, ""3"": null, ""4"": null, ""5"": null, ""6"": null, ""7"": null}","{""0"": 0.0, ""1"": 0.0, ""2"": null, ""3"": null, ""4"": null, ""5"": null, ""6"": null, ""7"": null}",{},,1,0,1,0,,maneuver-locked,CHANGING_PAUSED,left,right,left,0
1440,2026-08-02T02:30:26.975+09:00,176.607,1439,8.38,0,AVOIDING_OBSTACLE,,0,0,1,0,0,0,,7.155,6791,0,0.000000,0.000000,0,750,unknown,0.208,,0,unknown,0.000000,null,0.000000,0.259,,"{""0"": 250, ""1"": 250, ""2"": null, ""3"": null, ""4"": null, ""5"": null, ""6"": null, ""7"": null}","{""0"": 0.0, ""1"": 0.0, ""2"": null, ""3"": null, ""4"": null, ""5"": null, ""6"": null, ""7"": null}",{},,1,0,1,0,,maneuver-locked,CHANGING_PAUSED,left,right,left,0
1441,2026-08-02T02:30:27.111+09:00,176.744,1440,8.28,0,AVOIDING_OBSTACLE,,0,0,1,0,0,0,,7.155,6657,0,0.000000,0.000000,0,750,unknown,0.195,,0,unknown,0.000000,null,0.000000,0.397,,"{""0"": 250, ""1"": 250, ""2"": null, ""3"": null, ""4"": null, ""5"": null, ""6"": null, ""7"": null}","{""0"": 0.0, ""1"": 0.0, ""2"": null, ""3"": null, ""4"": null, ""5"": null, ""6"": null, ""7"": null}",{},,1,0,1,0,,maneuver-locked,CHANGING_PAUSED,left,right,left,0
1442,2026-08-02T02:30:27.200+09:00,176.833,1441,8.29,0,AVOIDING_OBSTACLE,,0,0,1,0,0,0,,7.155,6644,0,0.000000,0.000000,0,750,unknown,0.230,,0,unknown,0.000000,null,0.000000,0.280,,"{""0"": 250, ""1"": 250, ""2"": null, ""3"": null, ""4"": null, ""5"": null, ""6"": null, ""7"": null}","{""0"": 0.0, ""1"": 0.0, ""2"": null, ""3"": null, ""4"": null, ""5"": null, ""6"": null, ""7"": null}",{},,1,0,1,0,,maneuver-locked,CHANGING_PAUSED,left,right,left,0
1443,2026-08-02T02:30:27.298+09:00,176.930,1442,8.26,0,AVOIDING_OBSTACLE,,0,0,1,0,0,0,,7.155,6639,0,0.000000,0.000000,0,750,unknown,0.228,,0,unknown,0.000000,null,0.000000,0.378,,"{""0"": 250, ""1"": 250, ""2"": null, ""3"": null, ""4"": null, ""5"": null, ""6"": null, ""7"": null}","{""0"": 0.0, ""1"": 0.0, ""2"": null, ""3"": null, ""4"": null, ""5"": null, ""6"": null, ""7"": null}",{},,1,0,1,0,,maneuver-locked,CHANGING_PAUSED,left,right,left,0
1444,2026-08-02T02:30:27.387+09:00,177.020,1443,8.25,0,AVOIDING_OBSTACLE,,0,0,1,0,0,0,,7.155,6778,0,0.000000,0.000000,0,750,unknown,0.328,,0,unknown,0.000000,null,0.000000,0.376,,"{""0"": 250, ""1"": 250, ""2"": null, ""3"": null, ""4"": null, ""5"": null, ""6"": null, ""7"": null}","{""0"": 0.0, ""1"": 0.0, ""2"": null, ""3"": null, ""4"": null, ""5"": null, ""6"": null, ""7"": null}",{},,1,0,1,0,,maneuver-locked,CHANGING_PAUSED,left,right,left,0
1445,2026-08-02T02:30:27.498+09:00,177.129,1444,8.33,0,AVOIDING_OBSTACLE,,0,0,1,0,0,0,,7.155,6768,0,0.000000,0.000000,0,750,unknown,0.281,,0,unknown,0.000000,null,0.000000,0.261,,"{""0"": 250, ""1"": 250, ""2"": null, ""3"": null, ""4"": null, ""5"": null, ""6"": null, ""7"": null}","{""0"": 0.0, ""1"": 0.0, ""2"": null, ""3"": null, ""4"": null, ""5"": null, ""6"": null, ""7"": null}",{},,1,0,1,0,,maneuver-locked,CHANGING_PAUSED,left,right,left,0
1446,2026-08-02T02:30:27.645+09:00,177.278,1445,8.30,0,AVOIDING_OBSTACLE,,0,0,1,0,0,0,,7.155,6758,0,0.000000,0.000000,0,750,unknown,0.203,,0,unknown,0.000000,null,0.000000,0.409,,"{""0"": 250, ""1"": 250, ""2"": null, ""3"": null, ""4"": null, ""5"": null, ""6"": null, ""7"": null}","{""0"": 0.0, ""1"": 0.0, ""2"": null, ""3"": null, ""4"": null, ""5"": null, ""6"": null, ""7"": null}",{},,1,0,1,0,,maneuver-locked,CHANGING_PAUSED,left,right,left,0
1447,2026-08-02T02:30:27.738+09:00,177.370,1446,8.30,0,AVOIDING_OBSTACLE,,0,0,1,0,0,0,,7.155,6641,0,0.000000,0.000000,0,750,unknown,0.262,,0,unknown,0.000000,null,0.000000,0.312,,"{""0"": 250, ""1"": 250, ""2"": null, ""3"": null, ""4"": null, ""5"": null, ""6"": null, ""7"": null}","{""0"": 0.0, ""1"": 0.0, ""2"": null, ""3"": null, ""4"": null, ""5"": null, ""6"": null, ""7"": null}",{},,1,0,1,0,,maneuver-locked,CHANGING_PAUSED,left,right,left,0
1448,2026-08-02T02:30:27.851+09:00,177.483,1447,8.27,0,AVOIDING_OBSTACLE,,0,0,1,0,0,0,,7.155,6628,0,0.000000,0.000000,0,750,unknown,0.244,,0,unknown,0.000000,null,0.000000,0.425,,"{""0"": 250, ""1"": 250, ""2"": null, ""3"": null, ""4"": null, ""5"": null, ""6"": null, ""7"": null}","{""0"": 0.0, ""1"": 0.0, ""2"": null, ""3"": null, ""4"": null, ""5"": null, ""6"": null, ""7"": null}",{},,1,0,1,0,,maneuver-locked,CHANGING_PAUSED,left,right,left,0
1449,2026-08-02T02:30:27.940+09:00,177.573,1448,8.26,0,AVOIDING_OBSTACLE,,0,0,1,0,0,0,,7.155,6633,0,0.000000,0.000000,0,750,unknown,0.209,,0,unknown,0.000000,null,0.000000,0.405,,"{""0"": 250, ""1"": 250, ""2"": null, ""3"": null, ""4"": null, ""5"": null, ""6"": null, ""7"": null}","{""0"": 0.0, ""1"": 0.0, ""2"": null, ""3"": null, ""4"": null, ""5"": null, ""6"": null, ""7"": null}",{},,1,0,1,0,,maneuver-locked,CHANGING_PAUSED,left,right,left,0
1450,2026-08-02T02:30:28.038+09:00,177.672,1449,8.44,0,AVOIDING_OBSTACLE,,0,0,1,0,0,0,,7.155,6628,0,0.000000,0.000000,0,751,unknown,0.299,,0,unknown,0.000000,null,0.000000,0.264,,"{""0"": 250, ""1"": 250, ""2"": null, ""3"": null, ""4"": null, ""5"": null, ""6"": null, ""7"": null}","{""0"": 0.0, ""1"": 0.0, ""2"": null, ""3"": null, ""4"": null, ""5"": null, ""6"": null, ""7"": null}",{},,1,0,1,0,,maneuver-locked,CHANGING_PAUSED,left,right,left,0
1451,2026-08-02T02:30:28.173+09:00,177.806,1450,8.67,0,AVOIDING_OBSTACLE,,0,0,1,0,0,0,,7.155,6604,0,0.000000,0.000000,0,749,unknown,0.304,,0,unknown,0.000000,null,0.000000,0.396,,"{""0"": 250, ""1"": 250, ""2"": null, ""3"": null, ""4"": null, ""5"": null, ""6"": null, ""7"": null}","{""0"": 0.0, ""1"": 0.0, ""2"": null, ""3"": null, ""4"": null, ""5"": null, ""6"": null, ""7"": null}",{},,1,0,1,0,,maneuver-locked,CHANGING_PAUSED,left,right,left,0
1452,2026-08-02T02:30:28.265+09:00,177.897,1451,8.78,0,AVOIDING_OBSTACLE,,0,0,1,0,0,0,,7.155,6605,0,0.000000,0.000000,0,749,unknown,0.237,,0,unknown,0.000000,null,0.000000,0.287,,"{""0"": 250, ""1"": 250, ""2"": null, ""3"": null, ""4"": null, ""5"": null, ""6"": null, ""7"": null}","{""0"": 0.0, ""1"": 0.0, ""2"": null, ""3"": null, ""4"": null, ""5"": null, ""6"": null, ""7"": null}",{},,1,0,1,0,,maneuver-locked,CHANGING_PAUSED,left,right,left,0
1453,2026-08-02T02:30:28.457+09:00,178.090,1452,8.53,0,AVOIDING_OBSTACLE,,0,0,1,0,0,0,,7.155,6612,0,0.000000,0.000000,0,749,unknown,0.236,,0,unknown,0.000000,null,0.000000,0.480,,"{""0"": 250, ""1"": 250, ""2"": null, ""3"": null, ""4"": null, ""5"": null, ""6"": null, ""7"": null}","{""0"": 0.0, ""1"": 0.0, ""2"": null, ""3"": null, ""4"": null, ""5"": null, ""6"": null, ""7"": null}",{},,1,0,1,0,,maneuver-locked,CHANGING_PAUSED,left,right,left,0
1454,2026-08-02T02:30:28.556+09:00,178.188,1453,8.72,0,AVOIDING_OBSTACLE,,0,0,1,0,0,0,,7.155,6612,0,0.000000,0.000000,0,750,unknown,0.286,,0,unknown,0.000000,null,0.000000,0.478,,"{""0"": 250, ""1"": 250, ""2"": null, ""3"": null, ""4"": null, ""5"": null, ""6"": null, ""7"": null}","{""0"": 0.0, ""1"": 0.0, ""2"": null, ""3"": null, ""4"": null, ""5"": null, ""6"": null, ""7"": null}",{},,1,0,1,0,,maneuver-locked,CHANGING_PAUSED,left,right,left,0
1455,2026-08-02T02:30:28.658+09:00,178.289,1454,8.68,0,AVOIDING_OBSTACLE,,0,0,1,0,0,0,,7.155,6628,0,0.000000,0.000000,0,749,unknown,0.293,,0,unknown,0.000000,null,0.000000,0.352,,"{""0"": 250, ""1"": 250, ""2"": null, ""3"": null, ""4"": null, ""5"": null, ""6"": null, ""7"": null}","{""0"": 0.0, ""1"": 0.0, ""2"": null, ""3"": null, ""4"": null, ""5"": null, ""6"": null, ""7"": null}",{},,1,0,1,0,,maneuver-locked,CHANGING_PAUSED,left,right,left,0
1456,2026-08-02T02:30:28.762+09:00,178.394,1455,8.85,0,AVOIDING_OBSTACLE,,0,0,1,0,0,0,,7.155,6605,0,0.000000,0.000000,0,750,unknown,0.205,,0,unknown,0.000000,null,0.000000,0.457,,"{""0"": 250, ""1"": 250, ""2"": null, ""3"": null, ""4"": null, ""5"": null, ""6"": null, ""7"": null}","{""0"": 0.0, ""1"": 0.0, ""2"": null, ""3"": null, ""4"": null, ""5"": null, ""6"": null, ""7"": null}",{},,1,0,1,0,,maneuver-locked,CHANGING_PAUSED,left,right,left,0
1457,2026-08-02T02:30:28.856+09:00,178.489,1456,8.93,0,AVOIDING_OBSTACLE,,0,0,1,0,0,0,,7.155,6750,0,0.000000,0.000000,0,750,unknown,0.208,,0,unknown,0.000000,null,0.000000,0.262,,"{""0"": 250, ""1"": 250, ""2"": null, ""3"": null, ""4"": null, ""5"": null, ""6"": null, ""7"": null}","{""0"": 0.0, ""1"": 0.0, ""2"": null, ""3"": null, ""4"": null, ""5"": null, ""6"": null, ""7"": null}",{},,1,0,1,0,,maneuver-locked,CHANGING_PAUSED,left,right,left,0
1458,2026-08-02T02:30:29.017+09:00,178.650,1457,8.92,0,AVOIDING_OBSTACLE,,0,0,1,0,0,0,,7.155,6750,0,0.000000,0.000000,0,749,unknown,0.308,,0,unknown,0.000000,null,0.000000,0.426,,"{""0"": 250, ""1"": 250, ""2"": null, ""3"": null, ""4"": null, ""5"": null, ""6"": null, ""7"": null}","{""0"": 0.0, ""1"": 0.0, ""2"": null, ""3"": null, ""4"": null, ""5"": null, ""6"": null, ""7"": null}",{},,1,0,1,0,,maneuver-locked,CHANGING_PAUSED,left,right,left,0
1459,2026-08-02T02:30:29.140+09:00,178.773,1458,8.85,0,AVOIDING_OBSTACLE,,0,0,1,0,0,0,,7.155,6605,0,0.000000,0.000000,0,749,unknown,0.161,,0,unknown,0.000000,null,0.000000,0.343,,"{""0"": 250, ""1"": 250, ""2"": null, ""3"": null, ""4"": null, ""5"": null, ""6"": null, ""7"": null}","{""0"": 0.0, ""1"": 0.0, ""2"": null, ""3"": null, ""4"": null, ""5"": null, ""6"": null, ""7"": null}",{},,1,0,1,0,,maneuver-locked,CHANGING_PAUSED,left,right,left,0
1460,2026-08-02T02:30:29.239+09:00,178.870,1459,8.83,0,AVOIDING_OBSTACLE,,0,0,1,0,0,0,,7.155,6605,0,0.000000,0.000000,0,750,unknown,0.129,,0,unknown,0.000000,null,0.000000,0.184,,"{""0"": 250, ""1"": 250, ""2"": null, ""3"": null, ""4"": null, ""5"": null, ""6"": null, ""7"": null}","{""0"": 0.0, ""1"": 0.0, ""2"": null, ""3"": null, ""4"": null, ""5"": null, ""6"": null, ""7"": null}",{},,1,0,1,0,,maneuver-locked,CHANGING_PAUSED,left,right,left,0
1461,2026-08-02T02:30:29.397+09:00,179.029,1460,8.66,0,AVOIDING_OBSTACLE,,0,0,1,0,0,0,,7.155,6612,0,0.000000,0.000000,0,749,unknown,0.224,,0,unknown,0.000000,null,0.000000,0.343,,"{""0"": 250, ""1"": 250, ""2"": null, ""3"": null, ""4"": null, ""5"": null, ""6"": null, ""7"": null}","{""0"": 0.0, ""1"": 0.0, ""2"": null, ""3"": null, ""4"": null, ""5"": null, ""6"": null, ""7"": null}",{},,1,0,1,0,,maneuver-locked,CHANGING_PAUSED,left,right,left,0
1462,2026-08-02T02:30:29.485+09:00,179.118,1461,8.81,0,AVOIDING_OBSTACLE,,0,0,1,0,0,0,,7.155,6612,0,0.000000,0.000000,0,749,unknown,0.162,,0,unknown,0.000000,null,0.000000,0.308,,"{""0"": 250, ""1"": 250, ""2"": null, ""3"": null, ""4"": null, ""5"": null, ""6"": null, ""7"": null}","{""0"": 0.0, ""1"": 0.0, ""2"": null, ""3"": null, ""4"": null, ""5"": null, ""6"": null, ""7"": null}",{},,1,0,1,0,,maneuver-locked,CHANGING_PAUSED,left,right,left,0
1463,2026-08-02T02:30:29.628+09:00,179.260,1462,8.69,0,AVOIDING_OBSTACLE,,0,0,1,0,0,0,,7.155,6605,0,0.000000,0.000000,0,750,unknown,0.250,,0,unknown,0.000000,null,0.000000,0.448,,"{""0"": 250, ""1"": 250, ""2"": null, ""3"": null, ""4"": null, ""5"": null, ""6"": null, ""7"": null}","{""0"": 0.0, ""1"": 0.0, ""2"": null, ""3"": null, ""4"": null, ""5"": null, ""6"": null, ""7"": null}",{},,1,0,1,0,,maneuver-locked,CHANGING_PAUSED,left,right,left,0
1464,2026-08-02T02:30:29.724+09:00,179.354,1463,8.69,0,AVOIDING_OBSTACLE,,0,0,1,0,0,0,,7.155,6597,0,0.000000,0.000000,0,749,unknown,0.235,,0,unknown,0.000000,null,0.000000,0.447,,"{""0"": 250, ""1"": 250, ""2"": null, ""3"": null, ""4"": null, ""5"": null, ""6"": null, ""7"": null}","{""0"": 0.0, ""1"": 0.0, ""2"": null, ""3"": null, ""4"": null, ""5"": null, ""6"": null, ""7"": null}",{},,1,0,1,0,,maneuver-locked,CHANGING_PAUSED,left,right,left,0
1465,2026-08-02T02:30:29.824+09:00,179.457,1464,8.86,0,AVOIDING_OBSTACLE,,0,0,1,0,0,0,,7.155,6612,0,0.000000,0.000000,0,750,unknown,0.243,,0,unknown,0.000000,null,0.000000,0.304,,"{""0"": 250, ""1"": 64, ""2"": null, ""3"": null, ""4"": null, ""5"": null, ""6"": null, ""7"": null}","{""0"": 0.0, ""1"": 0.0, ""2"": null, ""3"": null, ""4"": null, ""5"": null, ""6"": null, ""7"": null}",{},,1,0,1,0,,maneuver-locked,CHANGING_PAUSED,left,right,left,0
1466,2026-08-02T02:30:29.964+09:00,179.596,1465,8.72,0,AVOIDING_OBSTACLE,,0,0,1,0,0,0,,7.155,6597,0,0.000000,0.000000,0,750,unknown,0.199,,0,unknown,0.000000,null,0.000000,0.443,,"{""0"": 250, ""1"": 250, ""2"": null, ""3"": null, ""4"": null, ""5"": null, ""6"": null, ""7"": null}","{""0"": 0.0, ""1"": 0.0, ""2"": null, ""3"": null, ""4"": null, ""5"": null, ""6"": null, ""7"": null}",{},,1,0,1,0,,maneuver-locked,CHANGING_PAUSED,left,right,left,0
1467,2026-08-02T02:30:30.077+09:00,179.684,1466,8.90,0,AVOIDING_OBSTACLE,,0,0,1,0,0,0,,7.155,6595,0,0.000000,0.000000,0,750,unknown,0.245,,0,unknown,0.000000,null,0.000000,0.291,,"{""0"": 250, ""1"": 250, ""2"": null, ""3"": null, ""4"": null, ""5"": null, ""6"": null, ""7"": null}","{""0"": 0.0, ""1"": 0.0, ""2"": null, ""3"": null, ""4"": null, ""5"": null, ""6"": null, ""7"": null}",{},,1,0,1,0,,maneuver-locked,CHANGING_PAUSED,left,right,left,0
1468,2026-08-02T02:30:30.211+09:00,179.843,1467,8.76,0,AVOIDING_OBSTACLE,,0,0,1,0,0,0,,7.155,6623,0,0.000000,0.000000,0,749,unknown,0.256,,0,unknown,0.000000,null,0.000000,0.208,,"{""0"": 250, ""1"": 250, ""2"": null, ""3"": null, ""4"": null, ""5"": null, ""6"": null, ""7"": null}","{""0"": 0.0, ""1"": 0.0, ""2"": null, ""3"": null, ""4"": null, ""5"": null, ""6"": null, ""7"": null}",{},,1,0,1,0,,maneuver-locked,CHANGING_PAUSED,left,right,left,0
1469,2026-08-02T02:30:30.303+09:00,179.936,1468,8.77,0,AVOIDING_OBSTACLE,,0,0,1,0,0,0,,7.155,6605,0,0.000000,0.000000,0,750,unknown,0.250,,0,unknown,0.000000,null,0.000000,0.303,,"{""0"": 250, ""1"": 250, ""2"": null, ""3"": null, ""4"": null, ""5"": null, ""6"": null, ""7"": null}","{""0"": 0.0, ""1"": 0.0, ""2"": null, ""3"": null, ""4"": null, ""5"": null, ""6"": null, ""7"": null}",{},,1,0,1,0,,maneuver-locked,CHANGING_PAUSED,left,right,left,0
1470,2026-08-02T02:30:30.419+09:00,180.051,1469,8.71,0,AVOIDING_OBSTACLE,,0,0,1,0,0,0,,7.155,6750,0,0.000000,0.000000,0,750,unknown,0.344,,0,unknown,0.000000,null,0.000000,0.305,,"{""0"": 250, ""1"": 250, ""2"": null, ""3"": null, ""4"": null, ""5"": null, ""6"": null, ""7"": null}","{""0"": 0.0, ""1"": 0.0, ""2"": null, ""3"": null, ""4"": null, ""5"": null, ""6"": null, ""7"": null}",{},,1,0,1,0,,maneuver-locked,CHANGING_PAUSED,left,right,left,0
1471,2026-08-02T02:30:30.598+09:00,180.230,1470,8.61,0,AVOIDING_OBSTACLE,,0,0,1,0,0,0,,7.155,6605,0,0.000000,0.000000,0,750,unknown,0.344,,0,unknown,0.000000,null,0.000000,0.484,,"{""0"": 250, ""1"": 250, ""2"": null, ""3"": null, ""4"": null, ""5"": null, ""6"": null, ""7"": null}","{""0"": 0.0, ""1"": 0.0, ""2"": null, ""3"": null, ""4"": null, ""5"": null, ""6"": null, ""7"": null}",{},,1,0,1,0,,maneuver-locked,CHANGING_PAUSED,left,right,left,0
1472,2026-08-02T02:30:30.683+09:00,180.315,1471,8.62,0,AVOIDING_OBSTACLE,,0,0,1,0,0,0,,7.155,6608,0,0.000000,0.000000,0,750,unknown,0.297,,0,unknown,0.000000,null,0.000000,0.343,,"{""0"": 250, ""1"": 250, ""2"": null, ""3"": null, ""4"": null, ""5"": null, ""6"": null, ""7"": null}","{""0"": 0.0, ""1"": 0.0, ""2"": null, ""3"": null, ""4"": null, ""5"": null, ""6"": null, ""7"": null}",{},,1,0,1,0,,maneuver-locked,CHANGING_PAUSED,left,right,left,0
1473,2026-08-02T02:30:30.828+09:00,180.460,1472,8.50,0,AVOIDING_OBSTACLE,,0,0,1,0,0,0,,7.155,6598,0,0.000000,0.000000,0,750,unknown,0.266,,0,unknown,0.000000,null,0.000000,0.486,,"{""0"": 250, ""1"": 250, ""2"": null, ""3"": null, ""4"": null, ""5"": null, ""6"": null, ""7"": null}","{""0"": 0.0, ""1"": 0.0, ""2"": null, ""3"": null, ""4"": null, ""5"": null, ""6"": null, ""7"": null}",{},,1,0,1,0,,maneuver-locked,CHANGING_PAUSED,left,right,left,0
1474,2026-08-02T02:30:31.001+09:00,180.632,1473,8.31,0,AVOIDING_OBSTACLE,,0,0,1,0,0,0,,7.155,6600,0,0.000000,0.000000,0,750,unknown,0.233,,0,unknown,0.000000,null,0.000000,0.544,,"{""0"": 250, ""1"": 250, ""2"": null, ""3"": null, ""4"": null, ""5"": null, ""6"": null, ""7"": null}","{""0"": 0.0, ""1"": 0.0, ""2"": null, ""3"": null, ""4"": null, ""5"": null, ""6"": null, ""7"": null}",{},,1,0,1,0,,maneuver-locked,CHANGING_PAUSED,left,right,left,0
1475,2026-08-02T02:30:31.089+09:00,180.722,1474,8.35,0,AVOIDING_OBSTACLE,,0,0,1,0,0,0,,7.155,6603,0,0.000000,0.000000,0,750,unknown,0.322,,0,unknown,0.000000,null,0.000000,0.370,,"{""0"": 250, ""1"": 250, ""2"": null, ""3"": null, ""4"": null, ""5"": null, ""6"": null, ""7"": null}","{""0"": 0.0, ""1"": 0.0, ""2"": null, ""3"": null, ""4"": null, ""5"": null, ""6"": null, ""7"": null}",{},,1,0,1,0,,maneuver-locked,CHANGING_PAUSED,left,right,left,0
1476,2026-08-02T02:30:31.194+09:00,180.827,1475,8.45,0,AVOIDING_OBSTACLE,,0,0,1,0,0,0,,7.155,6592,0,0.000000,0.000000,0,749,unknown,0.267,,0,unknown,0.000000,null,0.000000,0.475,,"{""0"": 250, ""1"": 250, ""2"": null, ""3"": null, ""4"": null, ""5"": null, ""6"": null, ""7"": null}","{""0"": 0.0, ""1"": 0.0, ""2"": null, ""3"": null, ""4"": null, ""5"": null, ""6"": null, ""7"": null}",{},,1,0,1,0,,maneuver-locked,CHANGING_PAUSED,left,right,left,0
1477,2026-08-02T02:30:31.280+09:00,180.913,1476,8.47,0,AVOIDING_OBSTACLE,,0,0,1,0,0,0,,7.155,6600,0,0.000000,0.000000,0,750,unknown,0.197,,0,unknown,0.000000,null,0.000000,0.242,,"{""0"": 250, ""1"": 250, ""2"": null, ""3"": null, ""4"": null, ""5"": null, ""6"": null, ""7"": null}","{""0"": 0.0, ""1"": 0.0, ""2"": null, ""3"": null, ""4"": null, ""5"": null, ""6"": null, ""7"": null}",{},,1,0,1,0,,maneuver-locked,CHANGING_PAUSED,left,right,left,0
1478,2026-08-02T02:30:31.420+09:00,181.054,1477,8.40,0,AVOIDING_OBSTACLE,,0,0,1,0,0,0,,7.155,6600,0,0.000000,0.000000,0,749,unknown,0.285,,0,unknown,0.000000,null,0.000000,0.384,,"{""0"": 250, ""1"": 250, ""2"": null, ""3"": null, ""4"": null, ""5"": null, ""6"": null, ""7"": null}","{""0"": 0.0, ""1"": 0.0, ""2"": null, ""3"": null, ""4"": null, ""5"": null, ""6"": null, ""7"": null}",{},,1,0,1,0,,maneuver-locked,CHANGING_PAUSED,left,right,left,0
1479,2026-08-02T02:30:31.543+09:00,181.176,1478,8.33,0,AVOIDING_OBSTACLE,,0,0,1,0,0,0,,7.155,6750,0,0.000000,0.000000,0,750,unknown,0.144,,0,unknown,0.000000,null,0.000000,0.417,,"{""0"": 250, ""1"": 250, ""2"": null, ""3"": null, ""4"": null, ""5"": null, ""6"": null, ""7"": null}","{""0"": 0.0, ""1"": 0.0, ""2"": null, ""3"": null, ""4"": null, ""5"": null, ""6"": null, ""7"": null}",{},,1,0,1,0,,maneuver-locked,CHANGING_PAUSED,left,right,left,0
1480,2026-08-02T02:30:31.662+09:00,181.294,1479,8.29,0,AVOIDING_OBSTACLE,,0,0,1,0,0,0,,7.155,6600,0,0.000000,0.000000,0,749,unknown,0.126,,0,unknown,0.000000,null,0.000000,0.343,,"{""0"": 250, ""1"": 250, ""2"": null, ""3"": null, ""4"": null, ""5"": null, ""6"": null, ""7"": null}","{""0"": 0.0, ""1"": 0.0, ""2"": null, ""3"": null, ""4"": null, ""5"": null, ""6"": null, ""7"": null}",{},,1,0,1,0,,maneuver-locked,CHANGING_PAUSED,left,right,left,0
1481,2026-08-02T02:30:31.757+09:00,181.389,1480,8.37,0,AVOIDING_OBSTACLE,,0,0,1,0,0,0,,7.155,6605,0,0.000000,0.000000,0,749,unknown,0.123,,0,unknown,0.000000,null,0.000000,0.178,,"{""0"": 250, ""1"": 250, ""2"": null, ""3"": null, ""4"": null, ""5"": null, ""6"": null, ""7"": null}","{""0"": 0.0, ""1"": 0.0, ""2"": null, ""3"": null, ""4"": null, ""5"": null, ""6"": null, ""7"": null}",{},,1,0,1,0,,maneuver-locked,CHANGING_PAUSED,left,right,left,0
1482,2026-08-02T02:30:31.864+09:00,181.497,1481,8.33,0,AVOIDING_OBSTACLE,,0,0,1,0,0,0,,7.155,6600,0,0.000000,0.000000,0,750,unknown,0.241,,0,unknown,0.000000,null,0.000000,0.285,,"{""0"": 250, ""1"": 250, ""2"": null, ""3"": null, ""4"": null, ""5"": null, ""6"": null, ""7"": null}","{""0"": 0.0, ""1"": 0.0, ""2"": null, ""3"": null, ""4"": null, ""5"": null, ""6"": null, ""7"": null}",{},,1,0,1,0,,maneuver-locked,CHANGING_PAUSED,left,right,left,0
1483,2026-08-02T02:30:31.958+09:00,181.590,1482,8.57,0,AVOIDING_OBSTACLE,,0,0,1,0,0,0,,7.155,6600,0,0.000000,0.000000,0,750,unknown,0.207,,0,unknown,0.000000,null,0.000000,0.260,,"{""0"": 250, ""1"": 250, ""2"": null, ""3"": null, ""4"": null, ""5"": null, ""6"": null, ""7"": null}","{""0"": 0.0, ""1"": 0.0, ""2"": null, ""3"": null, ""4"": null, ""5"": null, ""6"": null, ""7"": null}",{},,1,0,1,0,,maneuver-locked,CHANGING_PAUSED,left,right,left,0
1484,2026-08-02T02:30:32.108+09:00,181.740,1483,8.45,0,AVOIDING_OBSTACLE,,0,0,1,0,0,0,,7.155,6600,0,0.000000,0.000000,0,750,unknown,0.180,,0,unknown,0.000000,null,0.000000,0.410,,"{""0"": 250, ""1"": 250, ""2"": null, ""3"": null, ""4"": null, ""5"": null, ""6"": null, ""7"": null}","{""0"": 0.0, ""1"": 0.0, ""2"": null, ""3"": null, ""4"": null, ""5"": null, ""6"": null, ""7"": null}",{},,1,0,1,0,,maneuver-locked,CHANGING_PAUSED,left,right,left,0
1485,2026-08-02T02:30:32.198+09:00,181.831,1484,8.47,0,AVOIDING_OBSTACLE,,0,0,1,0,0,0,,7.155,6603,0,0.000000,0.000000,0,750,unknown,0.248,,0,unknown,0.000000,null,0.000000,0.296,,"{""0"": 250, ""1"": 250, ""2"": null, ""3"": null, ""4"": null, ""5"": null, ""6"": null, ""7"": null}","{""0"": 0.0, ""1"": 0.0, ""2"": null, ""3"": null, ""4"": null, ""5"": null, ""6"": null, ""7"": null}",{},,1,0,1,0,,maneuver-locked,CHANGING_PAUSED,left,right,left,0
1486,2026-08-02T02:30:32.299+09:00,181.931,1485,8.48,0,AVOIDING_OBSTACLE,,0,0,1,0,0,0,,7.155,6741,0,0.000000,0.000000,0,750,unknown,0.244,,0,unknown,0.000000,null,0.000000,0.398,,"{""0"": 250, ""1"": 250, ""2"": null, ""3"": null, ""4"": null, ""5"": null, ""6"": null, ""7"": null}","{""0"": 0.0, ""1"": 0.0, ""2"": null, ""3"": null, ""4"": null, ""5"": null, ""6"": null, ""7"": null}",{},,1,0,1,0,,maneuver-locked,CHANGING_PAUSED,left,right,left,0
1487,2026-08-02T02:30:32.459+09:00,182.092,1486,8.32,0,AVOIDING_OBSTACLE,,0,0,1,0,0,0,,7.155,6739,0,0.000000,0.000000,0,749,unknown,0.193,,0,unknown,0.000000,null,0.000000,0.464,,"{""0"": 250, ""1"": 250, ""2"": null, ""3"": null, ""4"": null, ""5"": null, ""6"": null, ""7"": null}","{""0"": 0.0, ""1"": 0.0, ""2"": null, ""3"": null, ""4"": null, ""5"": null, ""6"": null, ""7"": null}",{},,1,0,1,0,,maneuver-locked,CHANGING_PAUSED,left,right,left,0
1488,2026-08-02T02:30:32.548+09:00,182.180,1487,8.50,0,AVOIDING_OBSTACLE,,0,0,1,0,0,0,,7.155,6609,0,0.000000,0.000000,0,750,unknown,0.265,,0,unknown,0.000000,null,0.000000,0.313,,"{""0"": 250, ""1"": 250, ""2"": null, ""3"": null, ""4"": null, ""5"": null, ""6"": null, ""7"": null}","{""0"": 0.0, ""1"": 0.0, ""2"": null, ""3"": null, ""4"": null, ""5"": null, ""6"": null, ""7"": null}",{},,1,0,1,0,,maneuver-locked,CHANGING_PAUSED,left,right,left,0
1489,2026-08-02T02:30:32.722+09:00,182.355,1488,8.37,0,AVOIDING_OBSTACLE,,0,0,1,0,0,0,,7.155,6598,0,0.000000,0.000000,0,749,unknown,0.394,,0,unknown,0.000000,null,0.000000,0.228,,"{""0"": 250, ""1"": 250, ""2"": null, ""3"": null, ""4"": null, ""5"": null, ""6"": null, ""7"": null}","{""0"": 0.0, ""1"": 0.0, ""2"": null, ""3"": null, ""4"": null, ""5"": null, ""6"": null, ""7"": null}",{},,1,0,1,0,,maneuver-locked,CHANGING_PAUSED,left,right,left,0
1490,2026-08-02T02:30:32.883+09:00,182.515,1489,8.23,0,AVOIDING_OBSTACLE,,0,0,1,0,0,0,,7.155,6605,0,0.000000,0.000000,0,749,unknown,0.137,,0,unknown,0.000000,null,0.000000,0.389,,"{""0"": 250, ""1"": 250, ""2"": null, ""3"": null, ""4"": null, ""5"": null, ""6"": null, ""7"": null}","{""0"": 0.0, ""1"": 0.0, ""2"": null, ""3"": null, ""4"": null, ""5"": null, ""6"": null, ""7"": null}",{},,1,0,1,0,,maneuver-locked,CHANGING_PAUSED,left,right,left,0
1491,2026-08-02T02:30:32.970+09:00,182.603,1490,8.39,0,AVOIDING_OBSTACLE,,0,0,1,0,0,0,,7.155,6600,0,0.000000,0.000000,0,750,unknown,0.164,,0,unknown,0.000000,null,0.000000,0.344,,"{""0"": 250, ""1"": 250, ""2"": null, ""3"": null, ""4"": null, ""5"": null, ""6"": null, ""7"": null}","{""0"": 0.0, ""1"": 0.0, ""2"": null, ""3"": null, ""4"": null, ""5"": null, ""6"": null, ""7"": null}",{},,1,0,1,0,,maneuver-locked,CHANGING_PAUSED,left,right,left,0
1492,2026-08-02T02:30:33.108+09:00,182.742,1491,8.28,0,AVOIDING_OBSTACLE,,0,0,1,0,0,0,,7.155,6605,0,0.000000,0.000000,0,749,unknown,0.251,,0,unknown,0.000000,null,0.000000,0.484,,"{""0"": 250, ""1"": 250, ""2"": null, ""3"": null, ""4"": null, ""5"": null, ""6"": null, ""7"": null}","{""0"": 0.0, ""1"": 0.0, ""2"": null, ""3"": null, ""4"": null, ""5"": null, ""6"": null, ""7"": null}",{},,1,0,1,0,,maneuver-locked,CHANGING_PAUSED,left,right,left,0
1493,2026-08-02T02:30:33.198+09:00,182.830,1492,8.40,0,AVOIDING_OBSTACLE,,0,0,1,0,0,0,,7.155,6600,0,0.000000,0.000000,0,749,unknown,0.142,,0,unknown,0.000000,null,0.000000,0.279,,"{""0"": 250, ""1"": 250, ""2"": null, ""3"": null, ""4"": null, ""5"": null, ""6"": null, ""7"": null}","{""0"": 0.0, ""1"": 0.0, ""2"": null, ""3"": null, ""4"": null, ""5"": null, ""6"": null, ""7"": null}",{},,1,0,1,0,,maneuver-locked,CHANGING_PAUSED,left,right,left,0
1494,2026-08-02T02:30:33.311+09:00,182.945,1493,8.36,0,AVOIDING_OBSTACLE,,0,0,1,0,0,0,,7.155,6605,0,0.000000,0.000000,0,750,unknown,0.234,,0,unknown,0.000000,null,0.000000,0.393,,"{""0"": 250, ""1"": 250, ""2"": null, ""3"": null, ""4"": null, ""5"": null, ""6"": null, ""7"": null}","{""0"": 0.0, ""1"": 0.0, ""2"": null, ""3"": null, ""4"": null, ""5"": null, ""6"": null, ""7"": null}",{},,1,0,1,0,,maneuver-locked,CHANGING_PAUSED,left,right,left,0
1495,2026-08-02T02:30:33.487+09:00,183.120,1494,8.19,0,AVOIDING_OBSTACLE,,0,0,1,0,0,0,,7.155,6605,0,0.000000,0.000000,0,749,unknown,0.206,,0,unknown,0.000000,null,0.000000,0.482,,"{""0"": 250, ""1"": 250, ""2"": null, ""3"": null, ""4"": null, ""5"": null, ""6"": null, ""7"": null}","{""0"": 0.0, ""1"": 0.0, ""2"": null, ""3"": null, ""4"": null, ""5"": null, ""6"": null, ""7"": null}",{},,1,0,1,0,,maneuver-locked,CHANGING_PAUSED,left,right,left,0
1496,2026-08-02T02:30:33.576+09:00,183.208,1495,8.31,0,AVOIDING_OBSTACLE,,0,0,1,0,0,0,,7.155,6605,0,0.000000,0.000000,0,750,unknown,0.292,,0,unknown,0.000000,null,0.000000,0.340,,"{""0"": 250, ""1"": 250, ""2"": null, ""3"": null, ""4"": null, ""5"": null, ""6"": null, ""7"": null}","{""0"": 0.0, ""1"": 0.0, ""2"": null, ""3"": null, ""4"": null, ""5"": null, ""6"": null, ""7"": null}",{},,1,0,1,0,,maneuver-locked,CHANGING_PAUSED,left,right,left,0
1497,2026-08-02T02:30:33.668+09:00,183.300,1496,8.29,0,AVOIDING_OBSTACLE,,0,0,1,0,0,0,,7.155,6597,0,0.000000,0.000000,0,749,unknown,0.268,,0,unknown,0.000000,null,0.000000,0.431,,"{""0"": 250, ""1"": 250, ""2"": null, ""3"": null, ""4"": null, ""5"": null, ""6"": null, ""7"": null}","{""0"": 0.0, ""1"": 0.0, ""2"": null, ""3"": null, ""4"": null, ""5"": null, ""6"": null, ""7"": null}",{},,1,0,1,0,,maneuver-locked,CHANGING_PAUSED,left,right,left,0
1498,2026-08-02T02:30:33.752+09:00,183.384,1497,8.47,0,AVOIDING_OBSTACLE,,0,0,1,0,0,0,,7.155,6600,0,0.000000,0.000000,0,750,unknown,0.359,,0,unknown,0.000000,null,0.000000,0.227,,"{""0"": 250, ""1"": 250, ""2"": null, ""3"": null, ""4"": null, ""5"": null, ""6"": null, ""7"": null}","{""0"": 0.0, ""1"": 0.0, ""2"": null, ""3"": null, ""4"": null, ""5"": null, ""6"": null, ""7"": null}",{},,1,0,1,0,,maneuver-locked,CHANGING_PAUSED,left,right,left,0
1499,2026-08-02T02:30:33.891+09:00,183.524,1498,8.36,0,AVOIDING_OBSTACLE,,0,0,1,0,0,0,,7.155,6600,0,0.000000,0.000000,0,750,unknown,0.277,,0,unknown,0.000000,null,0.000000,0.368,,"{""0"": 250, ""1"": 250, ""2"": null, ""3"": null, ""4"": null, ""5"": null, ""6"": null, ""7"": null}","{""0"": 0.0, ""1"": 0.0, ""2"": null, ""3"": null, ""4"": null, ""5"": null, ""6"": null, ""7"": null}",{},,1,0,1,0,,maneuver-locked,CHANGING_PAUSED,left,right,left,0
1500,2026-08-02T02:30:34.051+09:00,183.683,1499,8.26,0,AVOIDING_OBSTACLE,,0,0,1,0,0,0,,7.155,6600,0,0.000000,0.000000,0,750,unknown,0.227,,0,unknown,0.000000,null,0.000000,0.437,,"{""0"": 250, ""1"": 250, ""2"": null, ""3"": null, ""4"": null, ""5"": null, ""6"": null, ""7"": null}","{""0"": 0.0, ""1"": 0.0, ""2"": null, ""3"": null, ""4"": null, ""5"": null, ""6"": null, ""7"": null}",{},,1,0,1,0,,maneuver-locked,CHANGING_PAUSED,left,right,left,0
1501,2026-08-02T02:30:34.145+09:00,183.777,1500,8.46,0,AVOIDING_OBSTACLE,,0,0,1,0,0,0,,7.155,6605,0,0.000000,0.000000,0,750,unknown,0.295,,0,unknown,0.000000,null,0.000000,0.348,,"{""0"": 250, ""1"": 250, ""2"": null, ""3"": null, ""4"": null, ""5"": null, ""6"": null, ""7"": null}","{""0"": 0.0, ""1"": 0.0, ""2"": null, ""3"": null, ""4"": null, ""5"": null, ""6"": null, ""7"": null}",{},,1,0,1,0,,maneuver-locked,CHANGING_PAUSED,left,right,left,0
1502,2026-08-02T02:30:34.332+09:00,183.965,1501,8.22,0,AVOIDING_OBSTACLE,,0,0,1,0,0,0,,7.155,6623,0,0.000000,0.000000,0,750,unknown,0.271,,0,unknown,0.000000,null,0.000000,0.536,,"{""0"": 250, ""1"": 250, ""2"": null, ""3"": null, ""4"": null, ""5"": null, ""6"": null, ""7"": null}","{""0"": 0.0, ""1"": 0.0, ""2"": null, ""3"": null, ""4"": null, ""5"": null, ""6"": null, ""7"": null}",{},,1,0,1,0,,maneuver-locked,CHANGING_PAUSED,left,right,left,0
