frame_index,wall_time,elapsed_s,video_frame_index,fps,running,vehicle_state,event,stop_condition,lane_found,stop_line_detected,lane_error,raw_steer,final_steer,final_speed,steering_pot,traffic_signal,car_detected,car_label,car_confidence,car_bbox,car_area_ratio,car_result_age_s,car_model_fault,ultrasonic_json,ultrasonic_age_json,front_sensor_values,front_distance_cm,sensor_ok,ultrasonic_close,fusion_confirmed,fusion_hits,fusion_skew_s,fusion_reason,obstacle_phase,dash_side,solid_side,locked_dash_side,lost_frames
1,2026-08-01T16:10:47.941+09:00,0.414,0,2.62,0,DRIVING,state:None->DRIVING;phase:None->KEEP_PAUSED,0,1,0,0.082720,-0.148896,-0.148896,0,740,unknown,0,unknown,0.000000,null,0.000000,0.378,,"{""0"": 250, ""1"": 250, ""2"": null, ""3"": null, ""4"": null, ""5"": null, ""6"": null, ""7"": null}","{""0"": 0.0, ""1"": 0.0, ""2"": null, ""3"": null, ""4"": null, ""5"": null, ""6"": null, ""7"": null}","{""0"": 250, ""1"": 250}",250,1,0,0,0,0.378,ultrasonic-not-close,KEEP_PAUSED,left,right,,0
2,2026-08-01T16:10:48.236+09:00,0.734,1,2.84,0,DRIVING,,0,1,0,0.081689,-0.145186,-0.145186,0,740,unknown,0,unknown,0.000000,null,0.000000,0.216,,"{""0"": 250, ""1"": 250, ""2"": null, ""3"": null, ""4"": null, ""5"": null, ""6"": null, ""7"": null}","{""0"": 0.0, ""1"": 0.0, ""2"": null, ""3"": null, ""4"": null, ""5"": null, ""6"": null, ""7"": null}","{""0"": 250, ""1"": 250}",250,1,0,0,0,0.216,ultrasonic-not-close,KEEP_PAUSED,left,right,,0
3,2026-08-01T16:10:48.514+09:00,0.998,2,3.10,0,DRIVING,,0,1,0,0.081782,-0.146077,-0.146077,0,740,unknown,0,unknown,0.000000,null,0.000000,0.203,,"{""0"": 250, ""1"": 250, ""2"": null, ""3"": null, ""4"": null, ""5"": null, ""6"": null, ""7"": null}","{""0"": 0.0, ""1"": 0.0, ""2"": null, ""3"": null, ""4"": null, ""5"": null, ""6"": null, ""7"": null}","{""0"": 250, ""1"": 250}",250,1,0,0,0,0.203,ultrasonic-not-close,KEEP_PAUSED,left,right,,0
4,2026-08-01T16:10:48.766+09:00,1.263,3,3.24,0,DRIVING,,0,1,0,0.081689,-0.146082,-0.146082,0,741,unknown,0,unknown,0.000000,null,0.000000,0.193,,"{""0"": 250, ""1"": 250, ""2"": null, ""3"": null, ""4"": null, ""5"": null, ""6"": null, ""7"": null}","{""0"": 0.0, ""1"": 0.0, ""2"": null, ""3"": null, ""4"": null, ""5"": null, ""6"": null, ""7"": null}","{""0"": 250, ""1"": 250}",250,1,0,0,0,0.193,ultrasonic-not-close,KEEP_PAUSED,left,right,,0
5,2026-08-01T16:10:49.073+09:00,1.570,4,3.24,0,DRIVING,,0,1,0,0.081689,-0.146370,-0.146370,0,741,unknown,0,unknown,0.000000,null,0.000000,0.245,,"{""0"": 250, ""1"": 250, ""2"": null, ""3"": null, ""4"": null, ""5"": null, ""6"": null, ""7"": null}","{""0"": 0.0, ""1"": 0.0, ""2"": null, ""3"": null, ""4"": null, ""5"": null, ""6"": null, ""7"": null}","{""0"": 250, ""1"": 250}",250,1,0,0,0,0.245,ultrasonic-not-close,KEEP_PAUSED,left,right,,0
6,2026-08-01T16:10:49.344+09:00,1.841,5,3.31,0,DRIVING,,0,1,0,0.081782,-0.146906,-0.146906,0,741,unknown,0,unknown,0.000000,null,0.000000,0.211,,"{""0"": 250, ""1"": 250, ""2"": null, ""3"": null, ""4"": null, ""5"": null, ""6"": null, ""7"": null}","{""0"": 0.0, ""1"": 0.0, ""2"": null, ""3"": null, ""4"": null, ""5"": null, ""6"": null, ""7"": null}","{""0"": 250, ""1"": 250}",250,1,0,0,0,0.211,ultrasonic-not-close,KEEP_PAUSED,left,right,,0
7,2026-08-01T16:10:49.641+09:00,2.142,6,3.31,0,DRIVING,,0,1,0,0.081689,-0.146662,-0.146662,0,741,unknown,0,unknown,0.000000,null,0.000000,0.242,,"{""0"": 250, ""1"": 250, ""2"": null, ""3"": null, ""4"": null, ""5"": null, ""6"": null, ""7"": null}","{""0"": 0.0, ""1"": 0.0, ""2"": null, ""3"": null, ""4"": null, ""5"": null, ""6"": null, ""7"": null}","{""0"": 250, ""1"": 250}",250,1,0,0,0,0.242,ultrasonic-not-close,KEEP_PAUSED,left,right,,0
8,2026-08-01T16:10:49.970+09:00,2.468,7,3.28,0,DRIVING,,0,1,0,0.081689,-0.146776,-0.146776,0,741,unknown,0,unknown,0.000000,null,0.000000,0.273,,"{""0"": 250, ""1"": 250, ""2"": null, ""3"": null, ""4"": null, ""5"": null, ""6"": null, ""7"": null}","{""0"": 0.0, ""1"": 0.0, ""2"": null, ""3"": null, ""4"": null, ""5"": null, ""6"": null, ""7"": null}","{""0"": 250, ""1"": 250}",250,1,0,0,0,0.273,ultrasonic-not-close,KEEP_PAUSED,left,right,,0
9,2026-08-01T16:10:50.323+09:00,2.820,8,3.23,0,DRIVING,,0,1,0,0.081689,-0.146855,-0.146855,0,741,unknown,0,unknown,0.000000,null,0.000000,0.287,,"{""0"": 250, ""1"": 250, ""2"": null, ""3"": null, ""4"": null, ""5"": null, ""6"": null, ""7"": null}","{""0"": 0.0, ""1"": 0.0, ""2"": null, ""3"": null, ""4"": null, ""5"": null, ""6"": null, ""7"": null}","{""0"": 250, ""1"": 250}",250,1,0,0,0,0.287,ultrasonic-not-close,KEEP_PAUSED,left,right,,0
10,2026-08-01T16:10:50.655+09:00,3.153,9,3.20,0,DRIVING,,0,1,0,0.081689,-0.146911,-0.146911,0,741,unknown,0,unknown,0.000000,null,0.000000,0.272,,"{""0"": 250, ""1"": 250, ""2"": null, ""3"": null, ""4"": null, ""5"": null, ""6"": null, ""7"": null}","{""0"": 0.0, ""1"": 0.0, ""2"": null, ""3"": null, ""4"": null, ""5"": null, ""6"": null, ""7"": null}","{""0"": 250, ""1"": 250}",250,1,0,0,0,0.272,ultrasonic-not-close,KEEP_PAUSED,left,right,,0
11,2026-08-01T16:10:50.985+09:00,3.485,10,3.18,0,DRIVING,,0,1,0,0.081689,-0.146950,-0.146950,0,741,unknown,0,unknown,0.000000,null,0.000000,0.276,,"{""0"": 250, ""1"": 250, ""2"": null, ""3"": null, ""4"": null, ""5"": null, ""6"": null, ""7"": null}","{""0"": 0.0, ""1"": 0.0, ""2"": null, ""3"": null, ""4"": null, ""5"": null, ""6"": null, ""7"": null}","{""0"": 250, ""1"": 250}",250,1,0,0,0,0.276,ultrasonic-not-close,KEEP_PAUSED,left,right,,0
12,2026-08-01T16:10:51.272+09:00,3.769,11,3.21,0,DRIVING,,0,1,0,0.081689,-0.146977,-0.146977,0,741,unknown,0,unknown,0.000000,null,0.000000,0.230,,"{""0"": 250, ""1"": 250, ""2"": null, ""3"": null, ""4"": null, ""5"": null, ""6"": null, ""7"": null}","{""0"": 0.0, ""1"": 0.0, ""2"": null, ""3"": null, ""4"": null, ""5"": null, ""6"": null, ""7"": null}","{""0"": 250, ""1"": 250}",250,1,0,0,0,0.230,ultrasonic-not-close,KEEP_PAUSED,left,right,,0
13,2026-08-01T16:10:51.598+09:00,4.096,12,3.20,0,DRIVING,,0,1,0,0.081782,-0.147331,-0.147331,0,741,unknown,0,unknown,0.000000,null,0.000000,0.266,,"{""0"": 250, ""1"": 250, ""2"": null, ""3"": null, ""4"": null, ""5"": null, ""6"": null, ""7"": null}","{""0"": 0.0, ""1"": 0.0, ""2"": null, ""3"": null, ""4"": null, ""5"": null, ""6"": null, ""7"": null}","{""0"": 250, ""1"": 250}",250,1,0,0,0,0.266,ultrasonic-not-close,KEEP_PAUSED,left,right,,0
14,2026-08-01T16:10:51.936+09:00,4.434,13,3.18,0,DRIVING,,0,1,0,0.081782,-0.147294,-0.147294,0,741,unknown,0,unknown,0.000000,null,0.000000,0.277,,"{""0"": 250, ""1"": 250, ""2"": null, ""3"": null, ""4"": null, ""5"": null, ""6"": null, ""7"": null}","{""0"": 0.0, ""1"": 0.0, ""2"": null, ""3"": null, ""4"": null, ""5"": null, ""6"": null, ""7"": null}","{""0"": 250, ""1"": 250}",250,1,0,0,0,0.277,ultrasonic-not-close,KEEP_PAUSED,left,right,,0
15,2026-08-01T16:10:52.236+09:00,4.734,14,3.19,0,DRIVING,,0,1,0,0.081689,-0.146934,-0.146934,0,741,unknown,0,unknown,0.000000,null,0.000000,0.238,,"{""0"": 250, ""1"": 250, ""2"": null, ""3"": null, ""4"": null, ""5"": null, ""6"": null, ""7"": null}","{""0"": 0.0, ""1"": 0.0, ""2"": null, ""3"": null, ""4"": null, ""5"": null, ""6"": null, ""7"": null}","{""0"": 250, ""1"": 250}",250,1,0,0,0,0.238,ultrasonic-not-close,KEEP_PAUSED,left,right,,0
16,2026-08-01T16:10:52.469+09:00,4.967,15,3.24,0,DRIVING,,0,1,0,0.081689,-0.146966,-0.146966,0,741,unknown,0,unknown,0.000000,null,0.000000,0.172,,"{""0"": 250, ""1"": 250, ""2"": null, ""3"": null, ""4"": null, ""5"": null, ""6"": null, ""7"": null}","{""0"": 0.0, ""1"": 0.0, ""2"": null, ""3"": null, ""4"": null, ""5"": null, ""6"": null, ""7"": null}","{""0"": 250, ""1"": 250}",250,1,0,0,0,0.172,ultrasonic-not-close,KEEP_PAUSED,left,right,,0
17,2026-08-01T16:10:52.752+09:00,5.252,16,3.25,0,DRIVING,,0,1,0,0.081689,-0.146988,-0.146988,0,741,unknown,0,unknown,0.000000,null,0.000000,0.226,,"{""0"": 250, ""1"": 250, ""2"": null, ""3"": null, ""4"": null, ""5"": null, ""6"": null, ""7"": null}","{""0"": 0.0, ""1"": 0.0, ""2"": null, ""3"": null, ""4"": null, ""5"": null, ""6"": null, ""7"": null}","{""0"": 250, ""1"": 250}",250,1,0,0,0,0.226,ultrasonic-not-close,KEEP_PAUSED,left,right,,0
18,2026-08-01T16:10:53.087+09:00,5.585,17,3.24,0,DRIVING,,0,1,0,0.081782,-0.147339,-0.147339,0,741,unknown,0,unknown,0.000000,null,0.000000,0.275,,"{""0"": 250, ""1"": 250, ""2"": null, ""3"": null, ""4"": null, ""5"": null, ""6"": null, ""7"": null}","{""0"": 0.0, ""1"": 0.0, ""2"": null, ""3"": null, ""4"": null, ""5"": null, ""6"": null, ""7"": null}","{""0"": 250, ""1"": 250}",250,1,0,0,0,0.275,ultrasonic-not-close,KEEP_PAUSED,left,right,,0
19,2026-08-01T16:10:53.395+09:00,5.894,18,3.24,0,DRIVING,,0,1,0,0.081689,-0.146965,-0.146965,0,741,unknown,0,unknown,0.000000,null,0.000000,0.248,,"{""0"": 250, ""1"": 250, ""2"": null, ""3"": null, ""4"": null, ""5"": null, ""6"": null, ""7"": null}","{""0"": 0.0, ""1"": 0.0, ""2"": null, ""3"": null, ""4"": null, ""5"": null, ""6"": null, ""7"": null}","{""0"": 250, ""1"": 250}",250,1,0,0,0,0.248,ultrasonic-not-close,KEEP_PAUSED,left,right,,0
20,2026-08-01T16:10:53.726+09:00,6.227,19,3.23,0,DRIVING,,0,1,0,0.081689,-0.146988,-0.146988,0,741,unknown,0,unknown,0.000000,null,0.000000,0.278,,"{""0"": 250, ""1"": 250, ""2"": null, ""3"": null, ""4"": null, ""5"": null, ""6"": null, ""7"": null}","{""0"": 0.0, ""1"": 0.0, ""2"": null, ""3"": null, ""4"": null, ""5"": null, ""6"": null, ""7"": null}","{""0"": 250, ""1"": 250}",250,1,0,0,0,0.278,ultrasonic-not-close,KEEP_PAUSED,left,right,,0
21,2026-08-01T16:10:54.007+09:00,6.508,20,3.24,0,DRIVING,,0,1,0,0.081689,-0.147004,-0.147004,0,740,unknown,0,unknown,0.000000,null,0.000000,0.226,,"{""0"": 250, ""1"": 250, ""2"": null, ""3"": null, ""4"": null, ""5"": null, ""6"": null, ""7"": null}","{""0"": 0.0, ""1"": 0.0, ""2"": null, ""3"": null, ""4"": null, ""5"": null, ""6"": null, ""7"": null}","{""0"": 250, ""1"": 250}",250,1,0,0,0,0.226,ultrasonic-not-close,KEEP_PAUSED,left,right,,0
22,2026-08-01T16:10:54.330+09:00,6.828,21,3.24,0,DRIVING,,0,1,0,0.081689,-0.147015,-0.147015,0,741,unknown,0,unknown,0.000000,null,0.000000,0.268,,"{""0"": 250, ""1"": 250, ""2"": null, ""3"": null, ""4"": null, ""5"": null, ""6"": null, ""7"": null}","{""0"": 0.0, ""1"": 0.0, ""2"": null, ""3"": null, ""4"": null, ""5"": null, ""6"": null, ""7"": null}","{""0"": 250, ""1"": 250}",250,1,0,0,0,0.268,ultrasonic-not-close,KEEP_PAUSED,left,right,,0
23,2026-08-01T16:10:54.652+09:00,7.150,22,3.23,0,DRIVING,,0,1,0,0.081689,-0.147023,-0.147023,0,741,unknown,0,unknown,0.000000,null,0.000000,0.261,,"{""0"": 250, ""1"": 250, ""2"": null, ""3"": null, ""4"": null, ""5"": null, ""6"": null, ""7"": null}","{""0"": 0.0, ""1"": 0.0, ""2"": null, ""3"": null, ""4"": null, ""5"": null, ""6"": null, ""7"": null}","{""0"": 250, ""1"": 250}",250,1,0,0,0,0.261,ultrasonic-not-close,KEEP_PAUSED,left,right,,0
24,2026-08-01T16:10:54.984+09:00,7.484,23,3.22,0,DRIVING,,0,1,0,0.081689,-0.147028,-0.147028,0,741,unknown,0,unknown,0.000000,null,0.000000,0.274,,"{""0"": 250, ""1"": 250, ""2"": null, ""3"": null, ""4"": null, ""5"": null, ""6"": null, ""7"": null}","{""0"": 0.0, ""1"": 0.0, ""2"": null, ""3"": null, ""4"": null, ""5"": null, ""6"": null, ""7"": null}","{""0"": 250, ""1"": 250}",250,1,0,0,0,0.274,ultrasonic-not-close,KEEP_PAUSED,left,right,,0
25,2026-08-01T16:10:55.294+09:00,7.792,24,3.22,0,DRIVING,,0,1,0,0.081782,-0.147367,-0.147367,0,741,unknown,0,unknown,0.000000,null,0.000000,0.252,,"{""0"": 250, ""1"": 250, ""2"": null, ""3"": null, ""4"": null, ""5"": null, ""6"": null, ""7"": null}","{""0"": 0.0, ""1"": 0.0, ""2"": null, ""3"": null, ""4"": null, ""5"": null, ""6"": null, ""7"": null}","{""0"": 250, ""1"": 250}",250,1,0,0,0,0.252,ultrasonic-not-close,KEEP_PAUSED,left,right,,0
26,2026-08-01T16:10:55.599+09:00,8.100,25,3.22,0,DRIVING,,0,1,0,0.081782,-0.147319,-0.147319,0,741,unknown,0,unknown,0.000000,null,0.000000,0.251,,"{""0"": 250, ""1"": 250, ""2"": null, ""3"": null, ""4"": null, ""5"": null, ""6"": null, ""7"": null}","{""0"": 0.0, ""1"": 0.0, ""2"": null, ""3"": null, ""4"": null, ""5"": null, ""6"": null, ""7"": null}","{""0"": 250, ""1"": 250}",250,1,0,0,0,0.251,ultrasonic-not-close,KEEP_PAUSED,left,right,,0
27,2026-08-01T16:10:55.855+09:00,8.353,26,3.24,0,DRIVING,,0,1,0,0.081782,-0.147286,-0.147286,0,741,green,0,unknown,0.000000,null,0.000000,0.200,,"{""0"": 250, ""1"": 250, ""2"": null, ""3"": null, ""4"": null, ""5"": null, ""6"": null, ""7"": null}","{""0"": 0.0, ""1"": 0.0, ""2"": null, ""3"": null, ""4"": null, ""5"": null, ""6"": null, ""7"": null}","{""0"": 250, ""1"": 250}",250,1,0,0,0,0.200,ultrasonic-not-close,KEEP_PAUSED,left,right,,0
28,2026-08-01T16:10:56.165+09:00,8.666,27,3.24,0,DRIVING,,0,1,0,0.081689,-0.146928,-0.146928,0,741,unknown,0,unknown,0.000000,null,0.000000,0.255,,"{""0"": 250, ""1"": 250, ""2"": null, ""3"": null, ""4"": null, ""5"": null, ""6"": null, ""7"": null}","{""0"": 0.0, ""1"": 0.0, ""2"": null, ""3"": null, ""4"": null, ""5"": null, ""6"": null, ""7"": null}","{""0"": 250, ""1"": 250}",250,1,0,0,0,0.255,ultrasonic-not-close,KEEP_PAUSED,left,right,,0
29,2026-08-01T16:10:56.390+09:00,8.888,28,3.27,0,DRIVING,,0,1,0,0.081689,-0.146962,-0.146962,0,741,green,0,unknown,0.000000,null,0.000000,0.168,,"{""0"": 250, ""1"": 250, ""2"": null, ""3"": null, ""4"": null, ""5"": null, ""6"": null, ""7"": null}","{""0"": 0.0, ""1"": 0.0, ""2"": null, ""3"": null, ""4"": null, ""5"": null, ""6"": null, ""7"": null}","{""0"": 250, ""1"": 250}",250,1,0,0,0,0.168,ultrasonic-not-close,KEEP_PAUSED,left,right,,0
30,2026-08-01T16:10:56.683+09:00,9.182,29,3.28,0,DRIVING,,0,1,0,0.081689,-0.146986,-0.146986,0,741,green,0,unknown,0.000000,null,0.000000,0.237,,"{""0"": 250, ""1"": 250, ""2"": null, ""3"": null, ""4"": null, ""5"": null, ""6"": null, ""7"": null}","{""0"": 0.0, ""1"": 0.0, ""2"": null, ""3"": null, ""4"": null, ""5"": null, ""6"": null, ""7"": null}","{""0"": 250, ""1"": 250}",250,1,0,0,0,0.237,ultrasonic-not-close,KEEP_PAUSED,left,right,,0
31,2026-08-01T16:10:56.993+09:00,9.490,30,3.28,0,DRIVING,,0,1,0,0.081689,-0.147002,-0.147002,0,740,unknown,0,unknown,0.000000,null,0.000000,0.253,,"{""0"": 250, ""1"": 250, ""2"": null, ""3"": null, ""4"": null, ""5"": null, ""6"": null, ""7"": null}","{""0"": 0.0, ""1"": 0.0, ""2"": null, ""3"": null, ""4"": null, ""5"": null, ""6"": null, ""7"": null}","{""0"": 250, ""1"": 250}",250,1,0,0,0,0.253,ultrasonic-not-close,KEEP_PAUSED,left,right,,0
32,2026-08-01T16:10:57.258+09:00,9.756,31,3.29,0,DRIVING,,0,1,0,0.081689,-0.147014,-0.147014,0,741,unknown,0,unknown,0.000000,null,0.000000,0.204,,"{""0"": 250, ""1"": 250, ""2"": null, ""3"": null, ""4"": null, ""5"": null, ""6"": null, ""7"": null}","{""0"": 0.0, ""1"": 0.0, ""2"": null, ""3"": null, ""4"": null, ""5"": null, ""6"": null, ""7"": null}","{""0"": 250, ""1"": 250}",250,1,0,0,0,0.204,ultrasonic-not-close,KEEP_PAUSED,left,right,,0
33,2026-08-01T16:10:57.521+09:00,10.022,32,3.30,0,DRIVING,,0,1,0,0.081782,-0.147357,-0.147357,0,741,unknown,0,unknown,0.000000,null,0.000000,0.209,,"{""0"": 250, ""1"": 250, ""2"": null, ""3"": null, ""4"": null, ""5"": null, ""6"": null, ""7"": null}","{""0"": 0.0, ""1"": 0.0, ""2"": null, ""3"": null, ""4"": null, ""5"": null, ""6"": null, ""7"": null}","{""0"": 250, ""1"": 250}",250,1,0,0,0,0.209,ultrasonic-not-close,KEEP_PAUSED,left,right,,0
34,2026-08-01T16:10:57.793+09:00,10.291,33,3.31,0,DRIVING,,0,1,0,0.081782,-0.147312,-0.147312,0,741,unknown,0,unknown,0.000000,null,0.000000,0.217,,"{""0"": 250, ""1"": 250, ""2"": null, ""3"": null, ""4"": null, ""5"": null, ""6"": null, ""7"": null}","{""0"": 0.0, ""1"": 0.0, ""2"": null, ""3"": null, ""4"": null, ""5"": null, ""6"": null, ""7"": null}","{""0"": 250, ""1"": 250}",250,1,0,0,0,0.217,ultrasonic-not-close,KEEP_PAUSED,left,right,,0
35,2026-08-01T16:10:58.033+09:00,10.529,34,3.33,0,DRIVING,,0,1,0,0.081782,-0.147281,-0.147281,0,741,green,0,unknown,0.000000,null,0.000000,0.182,,"{""0"": 250, ""1"": 250, ""2"": null, ""3"": null, ""4"": null, ""5"": null, ""6"": null, ""7"": null}","{""0"": 0.0, ""1"": 0.0, ""2"": null, ""3"": null, ""4"": null, ""5"": null, ""6"": null, ""7"": null}","{""0"": 250, ""1"": 250}",250,1,0,0,0,0.182,ultrasonic-not-close,KEEP_PAUSED,left,right,,0
36,2026-08-01T16:10:58.280+09:00,10.778,35,3.35,0,DRIVING,,0,1,0,0.081782,-0.147259,-0.147259,0,741,unknown,0,unknown,0.000000,null,0.000000,0.189,,"{""0"": 250, ""1"": 250, ""2"": null, ""3"": null, ""4"": null, ""5"": null, ""6"": null, ""7"": null}","{""0"": 0.0, ""1"": 0.0, ""2"": null, ""3"": null, ""4"": null, ""5"": null, ""6"": null, ""7"": null}","{""0"": 250, ""1"": 250}",250,1,0,0,0,0.189,ultrasonic-not-close,KEEP_PAUSED,left,right,,0
37,2026-08-01T16:10:58.583+09:00,11.085,36,3.35,0,DRIVING,,0,1,0,0.081782,-0.147244,-0.147244,0,741,unknown,0,unknown,0.000000,null,0.000000,0.248,,"{""0"": 250, ""1"": 250, ""2"": null, ""3"": null, ""4"": null, ""5"": null, ""6"": null, ""7"": null}","{""0"": 0.0, ""1"": 0.0, ""2"": null, ""3"": null, ""4"": null, ""5"": null, ""6"": null, ""7"": null}","{""0"": 250, ""1"": 250}",250,1,0,0,0,0.248,ultrasonic-not-close,KEEP_PAUSED,left,right,,0
38,2026-08-01T16:10:58.866+09:00,11.366,37,3.35,0,DRIVING,,0,1,0,0.081782,-0.147233,-0.147233,0,740,unknown,0,unknown,0.000000,null,0.000000,0.233,,"{""0"": 250, ""1"": 250, ""2"": null, ""3"": null, ""4"": null, ""5"": null, ""6"": null, ""7"": null}","{""0"": 0.0, ""1"": 0.0, ""2"": null, ""3"": null, ""4"": null, ""5"": null, ""6"": null, ""7"": null}","{""0"": 250, ""1"": 250}",250,1,0,0,0,0.233,ultrasonic-not-close,KEEP_PAUSED,left,right,,0
39,2026-08-01T16:10:59.154+09:00,11.653,38,3.35,0,DRIVING,,0,1,0,0.081782,-0.147226,-0.147226,0,741,unknown,0,unknown,0.000000,null,0.000000,0.228,,"{""0"": 250, ""1"": 250, ""2"": null, ""3"": null, ""4"": null, ""5"": null, ""6"": null, ""7"": null}","{""0"": 0.0, ""1"": 0.0, ""2"": null, ""3"": null, ""4"": null, ""5"": null, ""6"": null, ""7"": null}","{""0"": 250, ""1"": 250}",250,1,0,0,0,0.228,ultrasonic-not-close,KEEP_PAUSED,left,right,,0
40,2026-08-01T16:10:59.463+09:00,11.964,39,3.35,0,DRIVING,,0,1,0,0.081782,-0.147220,-0.147220,0,741,green,0,unknown,0.000000,null,0.000000,0.254,,"{""0"": 250, ""1"": 250, ""2"": null, ""3"": null, ""4"": null, ""5"": null, ""6"": null, ""7"": null}","{""0"": 0.0, ""1"": 0.0, ""2"": null, ""3"": null, ""4"": null, ""5"": null, ""6"": null, ""7"": null}","{""0"": 250, ""1"": 250}",250,1,0,0,0,0.254,ultrasonic-not-close,KEEP_PAUSED,left,right,,0
41,2026-08-01T16:10:59.722+09:00,12.221,40,3.36,0,DRIVING,,0,1,0,0.081782,-0.147217,-0.147217,0,741,green,0,unknown,0.000000,null,0.000000,0.206,,"{""0"": 250, ""1"": 250, ""2"": null, ""3"": null, ""4"": null, ""5"": null, ""6"": null, ""7"": null}","{""0"": 0.0, ""1"": 0.0, ""2"": null, ""3"": null, ""4"": null, ""5"": null, ""6"": null, ""7"": null}","{""0"": 250, ""1"": 250}",250,1,0,0,0,0.206,ultrasonic-not-close,KEEP_PAUSED,left,right,,0
42,2026-08-01T16:11:00.023+09:00,12.524,41,3.36,0,DRIVING,,0,1,0,0.081782,-0.147214,-0.147214,0,741,green,0,unknown,0.000000,null,0.000000,0.245,,"{""0"": 250, ""1"": 250, ""2"": null, ""3"": null, ""4"": null, ""5"": null, ""6"": null, ""7"": null}","{""0"": 0.0, ""1"": 0.0, ""2"": null, ""3"": null, ""4"": null, ""5"": null, ""6"": null, ""7"": null}","{""0"": 250, ""1"": 250}",250,1,0,0,0,0.245,ultrasonic-not-close,KEEP_PAUSED,left,right,,0
43,2026-08-01T16:11:00.272+09:00,12.770,42,3.37,0,DRIVING,,0,1,0,0.081782,-0.147212,-0.147212,0,740,green,0,unknown,0.000000,null,0.000000,0.191,,"{""0"": 250, ""1"": 250, ""2"": null, ""3"": null, ""4"": null, ""5"": null, ""6"": null, ""7"": null}","{""0"": 0.0, ""1"": 0.0, ""2"": null, ""3"": null, ""4"": null, ""5"": null, ""6"": null, ""7"": null}","{""0"": 250, ""1"": 250}",250,1,0,0,0,0.191,ultrasonic-not-close,KEEP_PAUSED,left,right,,0
44,2026-08-01T16:11:00.585+09:00,13.084,43,3.37,0,DRIVING,,0,1,0,0.081782,-0.147211,-0.147211,0,741,green,0,unknown,0.000000,null,0.000000,0.258,,"{""0"": 250, ""1"": 250, ""2"": null, ""3"": null, ""4"": null, ""5"": null, ""6"": null, ""7"": null}","{""0"": 0.0, ""1"": 0.0, ""2"": null, ""3"": null, ""4"": null, ""5"": null, ""6"": null, ""7"": null}","{""0"": 250, ""1"": 250}",250,1,0,0,0,0.258,ultrasonic-not-close,KEEP_PAUSED,left,right,,0
45,2026-08-01T16:11:00.847+09:00,13.346,44,3.38,0,DRIVING,,0,1,0,0.081782,-0.147210,-0.147210,0,741,green,0,unknown,0.000000,null,0.000000,0.205,,"{""0"": 250, ""1"": 250, ""2"": null, ""3"": null, ""4"": null, ""5"": null, ""6"": null, ""7"": null}","{""0"": 0.0, ""1"": 0.0, ""2"": null, ""3"": null, ""4"": null, ""5"": null, ""6"": null, ""7"": null}","{""0"": 250, ""1"": 250}",250,1,0,0,0,0.205,ultrasonic-not-close,KEEP_PAUSED,left,right,,0
46,2026-08-01T16:11:01.184+09:00,13.682,45,3.37,0,DRIVING,,0,1,0,0.081782,-0.147210,-0.147210,0,741,green,0,unknown,0.000000,null,0.000000,0.279,,"{""0"": 250, ""1"": 250, ""2"": null, ""3"": null, ""4"": null, ""5"": null, ""6"": null, ""7"": null}","{""0"": 0.0, ""1"": 0.0, ""2"": null, ""3"": null, ""4"": null, ""5"": null, ""6"": null, ""7"": null}","{""0"": 250, ""1"": 250}",250,1,0,0,0,0.279,ultrasonic-not-close,KEEP_PAUSED,left,right,,0
47,2026-08-01T16:11:01.423+09:00,13.920,46,3.38,0,DRIVING,,0,1,0,0.081782,-0.147209,-0.147209,0,741,green,0,unknown,0.000000,null,0.000000,0.174,,"{""0"": 250, ""1"": 250, ""2"": null, ""3"": null, ""4"": null, ""5"": null, ""6"": null, ""7"": null}","{""0"": 0.0, ""1"": 0.0, ""2"": null, ""3"": null, ""4"": null, ""5"": null, ""6"": null, ""7"": null}","{""0"": 250, ""1"": 250}",250,1,0,0,0,0.174,ultrasonic-not-close,KEEP_PAUSED,left,right,,0
48,2026-08-01T16:11:01.747+09:00,14.247,47,3.38,0,DRIVING,,0,1,0,0.081782,-0.147209,-0.147209,0,741,green,0,unknown,0.000000,null,0.000000,0.267,,"{""0"": 250, ""1"": 250, ""2"": null, ""3"": null, ""4"": null, ""5"": null, ""6"": null, ""7"": null}","{""0"": 0.0, ""1"": 0.0, ""2"": null, ""3"": null, ""4"": null, ""5"": null, ""6"": null, ""7"": null}","{""0"": 250, ""1"": 250}",250,1,0,0,0,0.267,ultrasonic-not-close,KEEP_PAUSED,left,right,,0
49,2026-08-01T16:11:02.053+09:00,14.552,48,3.37,0,DRIVING,,0,1,0,0.081782,-0.147209,-0.147209,0,741,green,0,unknown,0.000000,null,0.000000,0.249,,"{""0"": 250, ""1"": 250, ""2"": null, ""3"": null, ""4"": null, ""5"": null, ""6"": null, ""7"": null}","{""0"": 0.0, ""1"": 0.0, ""2"": null, ""3"": null, ""4"": null, ""5"": null, ""6"": null, ""7"": null}","{""0"": 250, ""1"": 250}",250,1,0,0,0,0.249,ultrasonic-not-close,KEEP_PAUSED,left,right,,0
50,2026-08-01T16:11:02.338+09:00,14.838,49,3.38,0,DRIVING,,0,1,0,0.082378,-0.149353,-0.149353,0,741,green,0,unknown,0.000000,null,0.000000,0.230,,"{""0"": 250, ""1"": 250, ""2"": null, ""3"": null, ""4"": null, ""5"": null, ""6"": null, ""7"": null}","{""0"": 0.0, ""1"": 0.0, ""2"": null, ""3"": null, ""4"": null, ""5"": null, ""6"": null, ""7"": null}","{""0"": 250, ""1"": 250}",250,1,0,0,0,0.230,ultrasonic-not-close,KEEP_PAUSED,left,right,,0
51,2026-08-01T16:11:02.677+09:00,15.175,50,3.37,0,DRIVING,,0,1,0,0.082720,-0.150261,-0.150261,0,740,green,0,unknown,0.000000,null,0.000000,0.282,,"{""0"": 250, ""1"": 250, ""2"": null, ""3"": null, ""4"": null, ""5"": null, ""6"": null, ""7"": null}","{""0"": 0.0, ""1"": 0.0, ""2"": null, ""3"": null, ""4"": null, ""5"": null, ""6"": null, ""7"": null}","{""0"": 250, ""1"": 250}",250,1,0,0,0,0.282,ultrasonic-not-close,KEEP_PAUSED,left,right,,0
52,2026-08-01T16:11:02.986+09:00,15.487,51,3.36,0,DRIVING,,0,1,0,0.082720,-0.149852,-0.149852,0,740,unknown,0,unknown,0.000000,null,0.000000,0.253,,"{""0"": 250, ""1"": 250, ""2"": null, ""3"": null, ""4"": null, ""5"": null, ""6"": null, ""7"": null}","{""0"": 0.0, ""1"": 0.0, ""2"": null, ""3"": null, ""4"": null, ""5"": null, ""6"": null, ""7"": null}","{""0"": 250, ""1"": 250}",250,1,0,0,0,0.253,ultrasonic-not-close,KEEP_PAUSED,left,right,,0
53,2026-08-01T16:11:03.301+09:00,15.799,52,3.36,0,DRIVING,,0,1,0,0.082876,-0.150128,-0.150128,0,741,unknown,0,unknown,0.000000,null,0.000000,0.259,,"{""0"": 250, ""1"": 250, ""2"": null, ""3"": null, ""4"": null, ""5"": null, ""6"": null, ""7"": null}","{""0"": 0.0, ""1"": 0.0, ""2"": null, ""3"": null, ""4"": null, ""5"": null, ""6"": null, ""7"": null}","{""0"": 250, ""1"": 250}",250,1,0,0,0,0.259,ultrasonic-not-close,KEEP_PAUSED,left,right,,0
54,2026-08-01T16:11:03.593+09:00,16.094,53,3.36,0,DRIVING,,0,1,0,0.082720,-0.149280,-0.149280,0,741,unknown,0,unknown,0.000000,null,0.000000,0.239,,"{""0"": 250, ""1"": 250, ""2"": null, ""3"": null, ""4"": null, ""5"": null, ""6"": null, ""7"": null}","{""0"": 0.0, ""1"": 0.0, ""2"": null, ""3"": null, ""4"": null, ""5"": null, ""6"": null, ""7"": null}","{""0"": 250, ""1"": 250}",250,1,0,0,0,0.239,ultrasonic-not-close,KEEP_PAUSED,left,right,,0
55,2026-08-01T16:11:03.860+09:00,16.359,54,3.37,0,DRIVING,,0,1,0,0.082720,-0.149164,-0.149164,0,741,unknown,0,unknown,0.000000,null,0.000000,0.212,,"{""0"": 250, ""1"": 250, ""2"": null, ""3"": null, ""4"": null, ""5"": null, ""6"": null, ""7"": null}","{""0"": 0.0, ""1"": 0.0, ""2"": null, ""3"": null, ""4"": null, ""5"": null, ""6"": null, ""7"": null}","{""0"": 250, ""1"": 250}",250,1,0,0,0,0.212,ultrasonic-not-close,KEEP_PAUSED,left,right,,0
56,2026-08-01T16:11:04.133+09:00,16.630,55,3.37,0,DRIVING,,0,1,0,0.082876,-0.149646,-0.149646,0,741,unknown,0,unknown,0.000000,null,0.000000,0.212,,"{""0"": 250, ""1"": 250, ""2"": null, ""3"": null, ""4"": null, ""5"": null, ""6"": null, ""7"": null}","{""0"": 0.0, ""1"": 0.0, ""2"": null, ""3"": null, ""4"": null, ""5"": null, ""6"": null, ""7"": null}","{""0"": 250, ""1"": 250}",250,1,0,0,0,0.212,ultrasonic-not-close,KEEP_PAUSED,left,right,,0
57,2026-08-01T16:11:04.448+09:00,16.948,56,3.37,0,DRIVING,,0,1,0,0.082720,-0.148943,-0.148943,0,741,unknown,0,unknown,0.000000,null,0.000000,0.255,,"{""0"": 250, ""1"": 250, ""2"": null, ""3"": null, ""4"": null, ""5"": null, ""6"": null, ""7"": null}","{""0"": 0.0, ""1"": 0.0, ""2"": null, ""3"": null, ""4"": null, ""5"": null, ""6"": null, ""7"": null}","{""0"": 250, ""1"": 250}",250,1,0,0,0,0.255,ultrasonic-not-close,KEEP_PAUSED,left,right,,0
58,2026-08-01T16:11:04.740+09:00,17.238,57,3.37,0,DRIVING,,0,1,0,0.082876,-0.149491,-0.149491,0,741,unknown,0,unknown,0.000000,null,0.000000,0.235,,"{""0"": 250, ""1"": 250, ""2"": null, ""3"": null, ""4"": null, ""5"": null, ""6"": null, ""7"": null}","{""0"": 0.0, ""1"": 0.0, ""2"": null, ""3"": null, ""4"": null, ""5"": null, ""6"": null, ""7"": null}","{""0"": 250, ""1"": 250}",250,1,0,0,0,0.235,ultrasonic-not-close,KEEP_PAUSED,left,right,,0
59,2026-08-01T16:11:05.042+09:00,17.544,58,3.37,0,DRIVING,,0,1,0,0.082876,-0.149397,-0.149397,0,741,green,0,unknown,0.000000,null,0.000000,0.246,,"{""0"": 250, ""1"": 250, ""2"": null, ""3"": null, ""4"": null, ""5"": null, ""6"": null, ""7"": null}","{""0"": 0.0, ""1"": 0.0, ""2"": null, ""3"": null, ""4"": null, ""5"": null, ""6"": null, ""7"": null}","{""0"": 250, ""1"": 250}",250,1,0,0,0,0.246,ultrasonic-not-close,KEEP_PAUSED,left,right,,0
60,2026-08-01T16:11:05.298+09:00,17.799,59,3.38,0,DRIVING,,0,1,0,0.082720,-0.148768,-0.148768,0,741,unknown,0,unknown,0.000000,null,0.000000,0.204,,"{""0"": 250, ""1"": 250, ""2"": null, ""3"": null, ""4"": null, ""5"": null, ""6"": null, ""7"": null}","{""0"": 0.0, ""1"": 0.0, ""2"": null, ""3"": null, ""4"": null, ""5"": null, ""6"": null, ""7"": null}","{""0"": 250, ""1"": 250}",250,1,0,0,0,0.204,ultrasonic-not-close,KEEP_PAUSED,left,right,,0
61,2026-08-01T16:11:05.514+09:00,18.013,60,3.39,0,DRIVING,,0,1,0,0.082720,-0.148807,-0.148807,0,741,unknown,0,unknown,0.000000,null,0.000000,0.163,,"{""0"": 250, ""1"": 250, ""2"": null, ""3"": null, ""4"": null, ""5"": null, ""6"": null, ""7"": null}","{""0"": 0.0, ""1"": 0.0, ""2"": null, ""3"": null, ""4"": null, ""5"": null, ""6"": null, ""7"": null}","{""0"": 250, ""1"": 250}",250,1,0,0,0,0.163,ultrasonic-not-close,KEEP_PAUSED,left,right,,0
62,2026-08-01T16:11:05.938+09:00,18.435,61,3.37,0,DRIVING,,0,1,0,0.082876,-0.149396,-0.149396,0,741,unknown,0,unknown,0.000000,null,0.000000,0.356,,"{""0"": 250, ""1"": 250, ""2"": null, ""3"": null, ""4"": null, ""5"": null, ""6"": null, ""7"": null}","{""0"": 0.0, ""1"": 0.0, ""2"": null, ""3"": null, ""4"": null, ""5"": null, ""6"": null, ""7"": null}","{""0"": 250, ""1"": 250}",250,1,0,0,0,0.356,ultrasonic-not-close,KEEP_PAUSED,left,right,,0
63,2026-08-01T16:11:06.255+09:00,18.753,62,3.36,0,DRIVING,,0,1,0,0.082720,-0.148768,-0.148768,0,741,unknown,0,unknown,0.000000,null,0.000000,0.257,,"{""0"": 250, ""1"": 250, ""2"": null, ""3"": null, ""4"": null, ""5"": null, ""6"": null, ""7"": null}","{""0"": 0.0, ""1"": 0.0, ""2"": null, ""3"": null, ""4"": null, ""5"": null, ""6"": null, ""7"": null}","{""0"": 250, ""1"": 250}",250,1,0,0,0,0.257,ultrasonic-not-close,KEEP_PAUSED,left,right,,0
64,2026-08-01T16:11:06.553+09:00,19.051,63,3.36,0,DRIVING,,0,1,0,0.082720,-0.148806,-0.148806,0,741,unknown,0,unknown,0.000000,null,0.000000,0.242,,"{""0"": 250, ""1"": 250, ""2"": null, ""3"": null, ""4"": null, ""5"": null, ""6"": null, ""7"": null}","{""0"": 0.0, ""1"": 0.0, ""2"": null, ""3"": null, ""4"": null, ""5"": null, ""6"": null, ""7"": null}","{""0"": 250, ""1"": 250}",250,1,0,0,0,0.242,ultrasonic-not-close,KEEP_PAUSED,left,right,,0
65,2026-08-01T16:11:06.846+09:00,19.344,64,3.36,0,DRIVING,,0,1,0,0.082720,-0.148833,-0.148833,0,741,green,0,unknown,0.000000,null,0.000000,0.234,,"{""0"": 250, ""1"": 250, ""2"": null, ""3"": null, ""4"": null, ""5"": null, ""6"": null, ""7"": null}","{""0"": 0.0, ""1"": 0.0, ""2"": null, ""3"": null, ""4"": null, ""5"": null, ""6"": null, ""7"": null}","{""0"": 250, ""1"": 250}",250,1,0,0,0,0.234,ultrasonic-not-close,KEEP_PAUSED,left,right,,0
66,2026-08-01T16:11:07.097+09:00,19.597,65,3.37,0,DRIVING,,0,1,0,0.082188,-0.146936,-0.146936,0,741,green,0,unknown,0.000000,null,0.000000,0.196,,"{""0"": 250, ""1"": 250, ""2"": null, ""3"": null, ""4"": null, ""5"": null, ""6"": null, ""7"": null}","{""0"": 0.0, ""1"": 0.0, ""2"": null, ""3"": null, ""4"": null, ""5"": null, ""6"": null, ""7"": null}","{""0"": 250, ""1"": 250}",250,1,0,0,0,0.196,ultrasonic-not-close,KEEP_PAUSED,left,right,,0
67,2026-08-01T16:11:07.395+09:00,19.892,66,3.37,0,DRIVING,,0,1,0,0.082720,-0.149152,-0.149152,0,741,unknown,0,unknown,0.000000,null,0.000000,0.238,,"{""0"": 250, ""1"": 250, ""2"": null, ""3"": null, ""4"": null, ""5"": null, ""6"": null, ""7"": null}","{""0"": 0.0, ""1"": 0.0, ""2"": null, ""3"": null, ""4"": null, ""5"": null, ""6"": null, ""7"": null}","{""0"": 250, ""1"": 250}",250,1,0,0,0,0.238,ultrasonic-not-close,KEEP_PAUSED,left,right,,0
68,2026-08-01T16:11:07.625+09:00,20.124,67,3.38,0,DRIVING,,0,1,0,0.082188,-0.147160,-0.147160,0,741,unknown,0,unknown,0.000000,null,0.000000,0.167,,"{""0"": 250, ""1"": 250, ""2"": null, ""3"": null, ""4"": null, ""5"": null, ""6"": null, ""7"": null}","{""0"": 0.0, ""1"": 0.0, ""2"": null, ""3"": null, ""4"": null, ""5"": null, ""6"": null, ""7"": null}","{""0"": 250, ""1"": 250}",250,1,0,0,0,0.167,ultrasonic-not-close,KEEP_PAUSED,left,right,,0
69,2026-08-01T16:11:07.986+09:00,20.483,68,3.37,0,DRIVING,,0,1,0,0.082188,-0.147393,-0.147393,0,741,unknown,0,unknown,0.000000,null,0.000000,0.298,,"{""0"": 250, ""1"": 250, ""2"": null, ""3"": null, ""4"": null, ""5"": null, ""6"": null, ""7"": null}","{""0"": 0.0, ""1"": 0.0, ""2"": null, ""3"": null, ""4"": null, ""5"": null, ""6"": null, ""7"": null}","{""0"": 250, ""1"": 250}",250,1,0,0,0,0.298,ultrasonic-not-close,KEEP_PAUSED,left,right,,0
70,2026-08-01T16:11:08.306+09:00,20.804,69,3.37,0,DRIVING,,0,1,0,0.082720,-0.149472,-0.149472,0,741,unknown,0,unknown,0.000000,null,0.000000,0.261,,"{""0"": 250, ""1"": 250, ""2"": null, ""3"": null, ""4"": null, ""5"": null, ""6"": null, ""7"": null}","{""0"": 0.0, ""1"": 0.0, ""2"": null, ""3"": null, ""4"": null, ""5"": null, ""6"": null, ""7"": null}","{""0"": 250, ""1"": 250}",250,1,0,0,0,0.261,ultrasonic-not-close,KEEP_PAUSED,left,right,,0
71,2026-08-01T16:11:08.597+09:00,21.095,70,3.37,0,DRIVING,,0,1,0,0.082720,-0.149299,-0.149299,0,741,unknown,0,unknown,0.000000,null,0.000000,0.232,,"{""0"": 250, ""1"": 250, ""2"": null, ""3"": null, ""4"": null, ""5"": null, ""6"": null, ""7"": null}","{""0"": 0.0, ""1"": 0.0, ""2"": null, ""3"": null, ""4"": null, ""5"": null, ""6"": null, ""7"": null}","{""0"": 250, ""1"": 250}",250,1,0,0,0,0.232,ultrasonic-not-close,KEEP_PAUSED,left,right,,0
72,2026-08-01T16:11:08.905+09:00,21.404,71,3.37,0,DRIVING,,0,1,0,0.082720,-0.149178,-0.149178,0,741,unknown,0,unknown,0.000000,null,0.000000,0.250,,"{""0"": 250, ""1"": 250, ""2"": null, ""3"": null, ""4"": null, ""5"": null, ""6"": null, ""7"": null}","{""0"": 0.0, ""1"": 0.0, ""2"": null, ""3"": null, ""4"": null, ""5"": null, ""6"": null, ""7"": null}","{""0"": 250, ""1"": 250}",250,1,0,0,0,0.250,ultrasonic-not-close,KEEP_PAUSED,left,right,,0
73,2026-08-01T16:11:09.197+09:00,21.695,72,3.37,0,DRIVING,,0,1,0,0.082031,-0.146615,-0.146615,0,741,unknown,0,unknown,0.000000,null,0.000000,0.236,,"{""0"": 250, ""1"": 250, ""2"": null, ""3"": null, ""4"": null, ""5"": null, ""6"": null, ""7"": null}","{""0"": 0.0, ""1"": 0.0, ""2"": null, ""3"": null, ""4"": null, ""5"": null, ""6"": null, ""7"": null}","{""0"": 250, ""1"": 250}",250,1,0,0,0,0.236,ultrasonic-not-close,KEEP_PAUSED,left,right,,0
74,2026-08-01T16:11:09.543+09:00,22.041,73,3.36,0,DRIVING,,0,1,0,0.082031,-0.146928,-0.146928,0,740,red,0,unknown,0.000000,null,0.000000,0.288,,"{""0"": 250, ""1"": 250, ""2"": null, ""3"": null, ""4"": null, ""5"": null, ""6"": null, ""7"": null}","{""0"": 0.0, ""1"": 0.0, ""2"": null, ""3"": null, ""4"": null, ""5"": null, ""6"": null, ""7"": null}","{""0"": 250, ""1"": 250}",250,1,0,0,0,0.288,ultrasonic-not-close,KEEP_PAUSED,left,right,,0
75,2026-08-01T16:11:09.799+09:00,22.297,74,3.37,0,DRIVING,,0,1,0,0.082031,-0.147146,-0.147146,0,741,red,0,unknown,0.000000,null,0.000000,0.194,,"{""0"": 250, ""1"": 250, ""2"": null, ""3"": null, ""4"": null, ""5"": null, ""6"": null, ""7"": null}","{""0"": 0.0, ""1"": 0.0, ""2"": null, ""3"": null, ""4"": null, ""5"": null, ""6"": null, ""7"": null}","{""0"": 250, ""1"": 250}",250,1,0,0,0,0.194,ultrasonic-not-close,KEEP_PAUSED,left,right,,0
76,2026-08-01T16:11:10.060+09:00,22.558,75,3.37,0,DRIVING,,0,1,0,0.082563,-0.149215,-0.149215,0,741,unknown,0,unknown,0.000000,null,0.000000,0.203,,"{""0"": 250, ""1"": 250, ""2"": null, ""3"": null, ""4"": null, ""5"": null, ""6"": null, ""7"": null}","{""0"": 0.0, ""1"": 0.0, ""2"": null, ""3"": null, ""4"": null, ""5"": null, ""6"": null, ""7"": null}","{""0"": 250, ""1"": 250}",250,1,0,0,0,0.203,ultrasonic-not-close,KEEP_PAUSED,left,right,,0
77,2026-08-01T16:11:10.309+09:00,22.808,76,3.38,0,DRIVING,,0,1,0,0.082563,-0.149035,-0.149035,0,741,unknown,0,unknown,0.000000,null,0.000000,0.193,,"{""0"": 250, ""1"": 250, ""2"": null, ""3"": null, ""4"": null, ""5"": null, ""6"": null, ""7"": null}","{""0"": 0.0, ""1"": 0.0, ""2"": null, ""3"": null, ""4"": null, ""5"": null, ""6"": null, ""7"": null}","{""0"": 250, ""1"": 250}",250,1,0,0,0,0.193,ultrasonic-not-close,KEEP_PAUSED,left,right,,0
78,2026-08-01T16:11:10.680+09:00,23.177,77,3.37,0,DRIVING,,0,1,0,0.082188,-0.147556,-0.147556,0,741,unknown,0,unknown,0.000000,null,0.000000,0.310,,"{""0"": 250, ""1"": 250, ""2"": null, ""3"": null, ""4"": null, ""5"": null, ""6"": null, ""7"": null}","{""0"": 0.0, ""1"": 0.0, ""2"": null, ""3"": null, ""4"": null, ""5"": null, ""6"": null, ""7"": null}","{""0"": 250, ""1"": 250}",250,1,0,0,0,0.310,ultrasonic-not-close,KEEP_PAUSED,left,right,,0
79,2026-08-01T16:11:10.983+09:00,23.482,78,3.37,0,DRIVING,,0,1,0,0.082031,-0.147108,-0.147108,0,741,unknown,0,unknown,0.000000,null,0.000000,0.245,,"{""0"": 250, ""1"": 250, ""2"": null, ""3"": null, ""4"": null, ""5"": null, ""6"": null, ""7"": null}","{""0"": 0.0, ""1"": 0.0, ""2"": null, ""3"": null, ""4"": null, ""5"": null, ""6"": null, ""7"": null}","{""0"": 250, ""1"": 250}",250,1,0,0,0,0.245,ultrasonic-not-close,KEEP_PAUSED,left,right,,0
80,2026-08-01T16:11:11.273+09:00,23.772,79,3.37,0,DRIVING,,0,1,0,0.082563,-0.149188,-0.149188,0,741,unknown,0,unknown,0.000000,null,0.000000,0.215,,"{""0"": 250, ""1"": 250, ""2"": null, ""3"": null, ""4"": null, ""5"": null, ""6"": null, ""7"": null}","{""0"": 0.0, ""1"": 0.0, ""2"": null, ""3"": null, ""4"": null, ""5"": null, ""6"": null, ""7"": null}","{""0"": 250, ""1"": 250}",250,1,0,0,0,0.215,ultrasonic-not-close,KEEP_PAUSED,left,right,,0
81,2026-08-01T16:11:11.564+09:00,24.063,80,3.37,0,DRIVING,,0,1,0,0.082188,-0.147663,-0.147663,0,741,unknown,0,unknown,0.000000,null,0.000000,0.238,,"{""0"": 250, ""1"": 250, ""2"": null, ""3"": null, ""4"": null, ""5"": null, ""6"": null, ""7"": null}","{""0"": 0.0, ""1"": 0.0, ""2"": null, ""3"": null, ""4"": null, ""5"": null, ""6"": null, ""7"": null}","{""0"": 250, ""1"": 250}",250,1,0,0,0,0.238,ultrasonic-not-close,KEEP_PAUSED,left,right,,0
82,2026-08-01T16:11:11.852+09:00,24.354,81,3.37,0,DRIVING,,0,1,0,0.082031,-0.147183,-0.147183,0,741,unknown,0,unknown,0.000000,null,0.000000,0.233,,"{""0"": 250, ""1"": 250, ""2"": null, ""3"": null, ""4"": null, ""5"": null, ""6"": null, ""7"": null}","{""0"": 0.0, ""1"": 0.0, ""2"": null, ""3"": null, ""4"": null, ""5"": null, ""6"": null, ""7"": null}","{""0"": 250, ""1"": 250}",250,1,0,0,0,0.233,ultrasonic-not-close,KEEP_PAUSED,left,right,,0
83,2026-08-01T16:11:12.196+09:00,24.694,82,3.36,0,DRIVING,,0,1,0,0.082188,-0.147888,-0.147888,0,741,unknown,0,unknown,0.000000,null,0.000000,0.289,,"{""0"": 250, ""1"": 250, ""2"": null, ""3"": null, ""4"": null, ""5"": null, ""6"": null, ""7"": null}","{""0"": 0.0, ""1"": 0.0, ""2"": null, ""3"": null, ""4"": null, ""5"": null, ""6"": null, ""7"": null}","{""0"": 250, ""1"": 250}",250,1,0,0,0,0.289,ultrasonic-not-close,KEEP_PAUSED,left,right,,0
84,2026-08-01T16:11:12.488+09:00,24.987,83,3.37,1,DRIVING,phase:KEEP_PAUSED->KEEP,0,1,0,0.082188,-0.147903,-0.147903,70,741,unknown,0,unknown,0.000000,null,0.000000,0.237,,"{""0"": 250, ""1"": 250, ""2"": null, ""3"": null, ""4"": null, ""5"": null, ""6"": null, ""7"": null}","{""0"": 0.0, ""1"": 0.0, ""2"": null, ""3"": null, ""4"": null, ""5"": null, ""6"": null, ""7"": null}","{""0"": 250, ""1"": 250}",250,1,0,0,0,0.237,ultrasonic-not-close,KEEP,left,right,,0
85,2026-08-01T16:11:12.778+09:00,25.278,84,3.37,1,DRIVING,,0,1,0,0.082720,-0.149829,-0.149829,70,741,unknown,0,unknown,0.000000,null,0.000000,0.233,,"{""0"": 250, ""1"": 250, ""2"": null, ""3"": null, ""4"": null, ""5"": null, ""6"": null, ""7"": null}","{""0"": 0.0, ""1"": 0.0, ""2"": null, ""3"": null, ""4"": null, ""5"": null, ""6"": null, ""7"": null}","{""0"": 250, ""1"": 250}",250,1,0,0,0,0.233,ultrasonic-not-close,KEEP,left,right,,0
86,2026-08-01T16:11:13.012+09:00,25.509,85,3.38,1,DRIVING,,0,1,0,0.082407,-0.148423,-0.148423,70,742,unknown,0,unknown,0.000000,null,0.000000,0.178,,"{""0"": 250, ""1"": 250, ""2"": null, ""3"": null, ""4"": null, ""5"": null, ""6"": null, ""7"": null}","{""0"": 0.0, ""1"": 0.0, ""2"": null, ""3"": null, ""4"": null, ""5"": null, ""6"": null, ""7"": null}","{""0"": 250, ""1"": 250}",250,1,0,0,0,0.178,ultrasonic-not-close,KEEP,left,right,,0
87,2026-08-01T16:11:13.271+09:00,25.771,86,3.38,1,DRIVING,,0,1,0,0.075348,-0.122984,-0.122984,70,741,unknown,0,unknown,0.000000,null,0.000000,0.200,,"{""0"": 250, ""1"": 250, ""2"": null, ""3"": null, ""4"": null, ""5"": null, ""6"": null, ""7"": null}","{""0"": 0.0, ""1"": 0.0, ""2"": null, ""3"": null, ""4"": null, ""5"": null, ""6"": null, ""7"": null}","{""0"": 250, ""1"": 250}",250,1,0,0,0,0.200,ultrasonic-not-close,KEEP,left,right,,0
88,2026-08-01T16:11:13.549+09:00,26.048,87,3.38,1,DRIVING,,0,1,0,0.059551,-0.069907,-0.069907,70,741,green,0,unknown,0.000000,null,0.000000,0.220,,"{""0"": 250, ""1"": 250, ""2"": null, ""3"": null, ""4"": null, ""5"": null, ""6"": null, ""7"": null}","{""0"": 0.0, ""1"": 0.0, ""2"": null, ""3"": null, ""4"": null, ""5"": null, ""6"": null, ""7"": null}","{""0"": 250, ""1"": 250}",250,1,0,0,0,0.220,ultrasonic-not-close,KEEP,left,right,,0
89,2026-08-01T16:11:13.805+09:00,26.305,88,3.39,1,DRIVING,,0,1,0,0.064951,-0.100531,-0.100531,70,741,green,0,unknown,0.000000,null,0.000000,0.202,,"{""0"": 250, ""1"": 250, ""2"": null, ""3"": null, ""4"": null, ""5"": null, ""6"": null, ""7"": null}","{""0"": 0.0, ""1"": 0.0, ""2"": null, ""3"": null, ""4"": null, ""5"": null, ""6"": null, ""7"": null}","{""0"": 250, ""1"": 250}",250,1,0,0,0,0.202,ultrasonic-not-close,KEEP,left,right,,0
90,2026-08-01T16:11:14.179+09:00,26.676,89,3.38,1,DRIVING,,0,1,0,0.065040,-0.105768,-0.105768,70,741,green,0,unknown,0.000000,null,0.000000,0.317,,"{""0"": 250, ""1"": 250, ""2"": null, ""3"": null, ""4"": null, ""5"": null, ""6"": null, ""7"": null}","{""0"": 0.0, ""1"": 0.0, ""2"": null, ""3"": null, ""4"": null, ""5"": null, ""6"": null, ""7"": null}","{""0"": 250, ""1"": 250}",250,1,0,0,0,0.317,ultrasonic-not-close,KEEP,left,right,,0
91,2026-08-01T16:11:14.460+09:00,26.959,90,3.38,1,DRIVING,,0,1,0,0.049403,-0.052866,-0.052866,70,741,unknown,0,unknown,0.000000,null,0.000000,0.223,,"{""0"": 250, ""1"": 250, ""2"": null, ""3"": null, ""4"": null, ""5"": null, ""6"": null, ""7"": null}","{""0"": 0.0, ""1"": 0.0, ""2"": null, ""3"": null, ""4"": null, ""5"": null, ""6"": null, ""7"": null}","{""0"": 250, ""1"": 250}",250,1,0,0,0,0.223,ultrasonic-not-close,KEEP,left,right,,0
92,2026-08-01T16:11:14.705+09:00,27.204,91,3.39,1,DRIVING,,0,1,0,0.023738,0.028710,0.028710,70,741,green,0,unknown,0.000000,null,0.000000,0.190,,"{""0"": 250, ""1"": 250, ""2"": null, ""3"": null, ""4"": null, ""5"": null, ""6"": null, ""7"": null}","{""0"": 0.0, ""1"": 0.0, ""2"": null, ""3"": null, ""4"": null, ""5"": null, ""6"": null, ""7"": null}","{""0"": 250, ""1"": 250}",250,1,0,0,0,0.190,ultrasonic-not-close,KEEP,left,right,,0
93,2026-08-01T16:11:14.948+09:00,27.450,92,3.39,1,DRIVING,,0,1,0,0.011280,0.052130,0.052130,70,740,unknown,0,unknown,0.000000,null,0.000000,0.190,,"{""0"": 250, ""1"": 250, ""2"": null, ""3"": null, ""4"": null, ""5"": null, ""6"": null, ""7"": null}","{""0"": 0.0, ""1"": 0.0, ""2"": null, ""3"": null, ""4"": null, ""5"": null, ""6"": null, ""7"": null}","{""0"": 250, ""1"": 250}",250,1,0,0,0,0.190,ultrasonic-not-close,KEEP,left,right,,0
94,2026-08-01T16:11:15.223+09:00,27.723,93,3.39,1,DRIVING,,0,1,0,-0.010322,0.108167,0.108167,70,741,unknown,0,unknown,0.000000,null,0.000000,0.224,,"{""0"": 250, ""1"": 250, ""2"": null, ""3"": null, ""4"": null, ""5"": null, ""6"": null, ""7"": null}","{""0"": 0.0, ""1"": 0.0, ""2"": null, ""3"": null, ""4"": null, ""5"": null, ""6"": null, ""7"": null}","{""0"": 250, ""1"": 250}",250,1,0,0,0,0.224,ultrasonic-not-close,KEEP,left,right,,0
95,2026-08-01T16:11:15.541+09:00,28.038,94,3.39,1,DRIVING,,0,1,0,-0.062870,0.270464,0.270464,70,745,unknown,0,unknown,0.000000,null,0.000000,0.255,,"{""0"": 250, ""1"": 250, ""2"": null, ""3"": null, ""4"": null, ""5"": null, ""6"": null, ""7"": null}","{""0"": 0.0, ""1"": 0.0, ""2"": null, ""3"": null, ""4"": null, ""5"": null, ""6"": null, ""7"": null}","{""0"": 250, ""1"": 250}",250,1,0,0,0,0.255,ultrasonic-not-close,KEEP,left,right,,0
96,2026-08-01T16:11:15.844+09:00,28.347,95,3.39,1,DRIVING,,0,1,0,-0.123185,0.440408,0.440408,70,759,unknown,0,unknown,0.000000,null,0.000000,0.250,,"{""0"": 250, ""1"": 250, ""2"": null, ""3"": null, ""4"": null, ""5"": null, ""6"": null, ""7"": null}","{""0"": 0.0, ""1"": 0.0, ""2"": null, ""3"": null, ""4"": null, ""5"": null, ""6"": null, ""7"": null}","{""0"": 250, ""1"": 250}",250,1,0,0,0,0.250,ultrasonic-not-close,KEEP,left,right,,0
97,2026-08-01T16:11:16.168+09:00,28.667,96,3.39,1,DRIVING,,0,1,0,-0.191610,0.621135,0.621135,70,774,unknown,0,unknown,0.000000,null,0.000000,0.269,,"{""0"": 250, ""1"": 250, ""2"": null, ""3"": null, ""4"": null, ""5"": null, ""6"": null, ""7"": null}","{""0"": 0.0, ""1"": 0.0, ""2"": null, ""3"": null, ""4"": null, ""5"": null, ""6"": null, ""7"": null}","{""0"": 250, ""1"": 250}",250,1,0,0,0,0.269,ultrasonic-not-close,KEEP,left,right,,0
98,2026-08-01T16:11:16.456+09:00,28.955,97,3.39,1,DRIVING,,0,1,0,-0.238669,0.707677,0.707677,70,786,red,0,unknown,0.000000,null,0.000000,0.233,,"{""0"": 250, ""1"": 250, ""2"": null, ""3"": null, ""4"": null, ""5"": null, ""6"": null, ""7"": null}","{""0"": 0.0, ""1"": 0.0, ""2"": null, ""3"": null, ""4"": null, ""5"": null, ""6"": null, ""7"": null}","{""0"": 250, ""1"": 250}",250,1,0,0,0,0.233,ultrasonic-not-close,KEEP,left,right,,0
99,2026-08-01T16:11:16.748+09:00,29.250,98,3.39,1,DRIVING,,0,1,0,-0.239952,0.628874,0.628874,70,793,red,0,unknown,0.000000,null,0.000000,0.240,,"{""0"": 250, ""1"": 250, ""2"": null, ""3"": null, ""4"": null, ""5"": null, ""6"": null, ""7"": null}","{""0"": 0.0, ""1"": 0.0, ""2"": null, ""3"": null, ""4"": null, ""5"": null, ""6"": null, ""7"": null}","{""0"": 250, ""1"": 250}",250,1,0,0,0,0.240,ultrasonic-not-close,KEEP,left,right,,0
100,2026-08-01T16:11:17.106+09:00,29.605,99,3.38,1,DRIVING,,0,1,0,-0.216807,0.486462,0.486462,70,794,unknown,0,unknown,0.000000,null,0.000000,0.301,,"{""0"": 250, ""1"": 250, ""2"": null, ""3"": null, ""4"": null, ""5"": null, ""6"": null, ""7"": null}","{""0"": 0.0, ""1"": 0.0, ""2"": null, ""3"": null, ""4"": null, ""5"": null, ""6"": null, ""7"": null}","{""0"": 250, ""1"": 250}",250,1,0,0,0,0.301,ultrasonic-not-close,KEEP,left,right,,0
101,2026-08-01T16:11:17.402+09:00,29.901,100,3.38,1,DRIVING,,0,1,0,-0.226677,0.493132,0.493132,70,788,unknown,0,unknown,0.000000,null,0.000000,0.239,,"{""0"": 250, ""1"": 250, ""2"": null, ""3"": null, ""4"": null, ""5"": null, ""6"": null, ""7"": null}","{""0"": 0.0, ""1"": 0.0, ""2"": null, ""3"": null, ""4"": null, ""5"": null, ""6"": null, ""7"": null}","{""0"": 250, ""1"": 250}",250,1,0,0,0,0.239,ultrasonic-not-close,KEEP,left,right,,0
102,2026-08-01T16:11:17.736+09:00,30.235,101,3.38,1,DRIVING,,0,1,0,-0.257780,0.579569,0.579569,70,787,unknown,0,unknown,0.000000,null,0.000000,0.275,,"{""0"": 250, ""1"": 250, ""2"": null, ""3"": null, ""4"": null, ""5"": null, ""6"": null, ""7"": null}","{""0"": 0.0, ""1"": 0.0, ""2"": null, ""3"": null, ""4"": null, ""5"": null, ""6"": null, ""7"": null}","{""0"": 250, ""1"": 250}",250,1,0,0,0,0.275,ultrasonic-not-close,KEEP,left,right,,0
103,2026-08-01T16:11:18.001+09:00,30.498,102,3.38,1,DRIVING,,0,1,0,-0.229750,0.443990,0.443990,70,786,unknown,0,unknown,0.000000,null,0.000000,0.207,,"{""0"": 250, ""1"": 250, ""2"": null, ""3"": null, ""4"": null, ""5"": null, ""6"": null, ""7"": null}","{""0"": 0.0, ""1"": 0.0, ""2"": null, ""3"": null, ""4"": null, ""5"": null, ""6"": null, ""7"": null}","{""0"": 250, ""1"": 250}",250,1,0,0,0,0.207,ultrasonic-not-close,KEEP,left,right,,0
104,2026-08-01T16:11:18.259+09:00,30.758,103,3.38,1,DRIVING,,0,1,0,-0.217961,0.392419,0.392419,70,786,unknown,0,unknown,0.000000,null,0.000000,0.202,,"{""0"": 250, ""1"": 250, ""2"": null, ""3"": null, ""4"": null, ""5"": null, ""6"": null, ""7"": null}","{""0"": 0.0, ""1"": 0.0, ""2"": null, ""3"": null, ""4"": null, ""5"": null, ""6"": null, ""7"": null}","{""0"": 250, ""1"": 250}",250,1,0,0,0,0.202,ultrasonic-not-close,KEEP,left,right,,0
105,2026-08-01T16:11:18.580+09:00,31.082,104,3.38,1,DRIVING,,0,1,0,-0.197363,0.318239,0.318239,70,779,unknown,0,unknown,0.000000,null,0.000000,0.267,,"{""0"": 250, ""1"": 250, ""2"": null, ""3"": null, ""4"": null, ""5"": null, ""6"": null, ""7"": null}","{""0"": 0.0, ""1"": 0.0, ""2"": null, ""3"": null, ""4"": null, ""5"": null, ""6"": null, ""7"": null}","{""0"": 250, ""1"": 250}",250,1,0,0,0,0.267,ultrasonic-not-close,KEEP,left,right,,0
106,2026-08-01T16:11:18.898+09:00,31.400,105,3.38,1,DRIVING,,0,1,0,-0.170409,0.232308,0.232308,70,776,unknown,0,unknown,0.000000,null,0.000000,0.267,,"{""0"": 250, ""1"": 250, ""2"": null, ""3"": null, ""4"": null, ""5"": null, ""6"": null, ""7"": null}","{""0"": 0.0, ""1"": 0.0, ""2"": null, ""3"": null, ""4"": null, ""5"": null, ""6"": null, ""7"": null}","{""0"": 250, ""1"": 250}",250,1,0,0,0,0.267,ultrasonic-not-close,KEEP,left,right,,0
107,2026-08-01T16:11:19.261+09:00,31.760,106,3.37,1,DRIVING,,0,1,0,-0.148127,0.174421,0.174421,70,763,unknown,0,unknown,0.000000,null,0.000000,0.305,,"{""0"": 250, ""1"": 250, ""2"": null, ""3"": null, ""4"": null, ""5"": null, ""6"": null, ""7"": null}","{""0"": 0.0, ""1"": 0.0, ""2"": null, ""3"": null, ""4"": null, ""5"": null, ""6"": null, ""7"": null}","{""0"": 250, ""1"": 250}",250,1,0,0,0,0.305,ultrasonic-not-close,KEEP,left,right,,0
108,2026-08-01T16:11:19.503+09:00,32.005,107,3.38,1,DRIVING,,0,1,0,-0.242350,0.541287,0.541287,70,763,unknown,0,unknown,0.000000,null,0.000000,0.192,,"{""0"": 250, ""1"": 250, ""2"": null, ""3"": null, ""4"": null, ""5"": null, ""6"": null, ""7"": null}","{""0"": 0.0, ""1"": 0.0, ""2"": null, ""3"": null, ""4"": null, ""5"": null, ""6"": null, ""7"": null}","{""0"": 250, ""1"": 250}",250,1,0,0,0,0.192,ultrasonic-not-close,KEEP,left,right,,0
109,2026-08-01T16:11:19.795+09:00,32.295,108,3.38,1,DRIVING,,0,1,0,-0.225523,0.449193,0.449193,70,766,unknown,0,unknown,0.000000,null,0.000000,0.240,,"{""0"": 250, ""1"": 250, ""2"": null, ""3"": null, ""4"": null, ""5"": null, ""6"": null, ""7"": null}","{""0"": 0.0, ""1"": 0.0, ""2"": null, ""3"": null, ""4"": null, ""5"": null, ""6"": null, ""7"": null}","{""0"": 250, ""1"": 250}",250,1,0,0,0,0.240,ultrasonic-not-close,KEEP,left,right,,0
110,2026-08-01T16:11:20.143+09:00,32.645,109,3.37,1,DRIVING,,0,1,0,-0.277927,0.624871,0.624871,70,773,unknown,0,unknown,0.000000,null,0.000000,0.296,,"{""0"": 250, ""1"": 250, ""2"": null, ""3"": null, ""4"": null, ""5"": null, ""6"": null, ""7"": null}","{""0"": 0.0, ""1"": 0.0, ""2"": null, ""3"": null, ""4"": null, ""5"": null, ""6"": null, ""7"": null}","{""0"": 250, ""1"": 250}",250,1,0,0,0,0.296,ultrasonic-not-close,KEEP,left,right,,0
111,2026-08-01T16:11:20.461+09:00,32.963,110,3.37,1,DRIVING,,0,1,0,-0.328664,0.770142,0.770142,70,788,unknown,0,unknown,0.000000,null,0.000000,0.267,,"{""0"": 250, ""1"": 250, ""2"": null, ""3"": null, ""4"": null, ""5"": null, ""6"": null, ""7"": null}","{""0"": 0.0, ""1"": 0.0, ""2"": null, ""3"": null, ""4"": null, ""5"": null, ""6"": null, ""7"": null}","{""0"": 250, ""1"": 250}",250,1,0,0,0,0.267,ultrasonic-not-close,KEEP,left,right,,0
112,2026-08-01T16:11:20.765+09:00,33.262,111,3.37,1,DRIVING,,0,1,0,-0.377974,0.894097,0.894097,70,799,red,0,unknown,0.000000,null,0.000000,0.249,,"{""0"": 250, ""1"": 250, ""2"": null, ""3"": null, ""4"": null, ""5"": null, ""6"": null, ""7"": null}","{""0"": 0.0, ""1"": 0.0, ""2"": null, ""3"": null, ""4"": null, ""5"": null, ""6"": null, ""7"": null}","{""0"": 250, ""1"": 250}",250,1,0,0,0,0.249,ultrasonic-not-close,KEEP,left,right,,0
113,2026-08-01T16:11:21.065+09:00,33.567,112,3.37,1,DRIVING,,0,1,0,-0.402810,0.919381,0.919381,70,810,unknown,0,unknown,0.000000,null,0.000000,0.246,,"{""0"": 166, ""1"": 250, ""2"": null, ""3"": null, ""4"": null, ""5"": null, ""6"": null, ""7"": null}","{""0"": 0.0, ""1"": 0.0, ""2"": null, ""3"": null, ""4"": null, ""5"": null, ""6"": null, ""7"": null}","{""0"": 166, ""1"": 250}",166,1,0,0,0,0.246,ultrasonic-not-close,KEEP,left,right,,0
114,2026-08-01T16:11:21.310+09:00,33.809,113,3.37,1,DRIVING,,0,1,0,-0.402592,0.860301,0.860301,70,810,unknown,0,unknown,0.000000,null,0.000000,0.189,,"{""0"": 152, ""1"": 250, ""2"": null, ""3"": null, ""4"": null, ""5"": null, ""6"": null, ""7"": null}","{""0"": 0.0, ""1"": 0.0, ""2"": null, ""3"": null, ""4"": null, ""5"": null, ""6"": null, ""7"": null}","{""0"": 152, ""1"": 250}",152,1,0,0,0,0.189,ultrasonic-not-close,KEEP,left,right,,0
115,2026-08-01T16:11:21.588+09:00,34.088,114,3.38,1,DRIVING,,0,1,0,-0.380583,0.740378,0.740378,70,809,unknown,0,unknown,0.000000,null,0.000000,0.224,,"{""0"": 124, ""1"": 250, ""2"": null, ""3"": null, ""4"": null, ""5"": null, ""6"": null, ""7"": null}","{""0"": 0.0, ""1"": 0.0, ""2"": null, ""3"": null, ""4"": null, ""5"": null, ""6"": null, ""7"": null}","{""0"": 124, ""1"": 250}",124,1,1,0,0,0.224,car-not-detected-or-stale,KEEP,left,right,,0
116,2026-08-01T16:11:21.882+09:00,34.383,115,3.38,1,DRIVING,,0,1,0,-0.356655,0.637637,0.637637,70,809,unknown,0,unknown,0.000000,null,0.000000,0.240,,"{""0"": 250, ""1"": 250, ""2"": null, ""3"": null, ""4"": null, ""5"": null, ""6"": null, ""7"": null}","{""0"": 0.0, ""1"": 0.0, ""2"": null, ""3"": null, ""4"": null, ""5"": null, ""6"": null, ""7"": null}","{""0"": 250, ""1"": 250}",250,1,0,0,0,0.240,ultrasonic-not-close,KEEP,left,right,,0
117,2026-08-01T16:11:22.176+09:00,34.676,116,3.38,1,DRIVING,,0,1,0,-0.335603,0.563152,0.563152,70,801,unknown,0,unknown,0.000000,null,0.000000,0.243,,"{""0"": 250, ""1"": 250, ""2"": null, ""3"": null, ""4"": null, ""5"": null, ""6"": null, ""7"": null}","{""0"": 0.0, ""1"": 0.0, ""2"": null, ""3"": null, ""4"": null, ""5"": null, ""6"": null, ""7"": null}","{""0"": 250, ""1"": 250}",250,1,0,0,0,0.243,ultrasonic-not-close,KEEP,left,right,,0
118,2026-08-01T16:11:22.502+09:00,35.002,117,3.37,1,DRIVING,,0,1,0,-0.310028,0.483363,0.483363,70,792,unknown,0,unknown,0.000000,null,0.000000,0.270,,"{""0"": 250, ""1"": 250, ""2"": null, ""3"": null, ""4"": null, ""5"": null, ""6"": null, ""7"": null}","{""0"": 0.0, ""1"": 0.0, ""2"": null, ""3"": null, ""4"": null, ""5"": null, ""6"": null, ""7"": null}","{""0"": 250, ""1"": 250}",250,1,0,0,0,0.270,ultrasonic-not-close,KEEP,left,right,,0
119,2026-08-01T16:11:22.772+09:00,35.273,118,3.38,1,DRIVING,,0,1,0,-0.266256,0.348189,0.348189,70,788,unknown,0,unknown,0.000000,null,0.000000,0.217,,"{""0"": 250, ""1"": 250, ""2"": null, ""3"": null, ""4"": null, ""5"": null, ""6"": null, ""7"": null}","{""0"": 0.0, ""1"": 0.0, ""2"": null, ""3"": null, ""4"": null, ""5"": null, ""6"": null, ""7"": null}","{""0"": 250, ""1"": 250}",250,1,0,0,0,0.217,ultrasonic-not-close,KEEP,left,right,,0
120,2026-08-01T16:11:23.006+09:00,35.504,119,3.38,1,DRIVING,,0,1,0,-0.238817,0.288731,0.288731,70,777,unknown,0,unknown,0.000000,null,0.000000,0.177,,"{""0"": 250, ""1"": 250, ""2"": null, ""3"": null, ""4"": null, ""5"": null, ""6"": null, ""7"": null}","{""0"": 0.0, ""1"": 0.0, ""2"": null, ""3"": null, ""4"": null, ""5"": null, ""6"": null, ""7"": null}","{""0"": 250, ""1"": 250}",250,1,0,0,0,0.177,ultrasonic-not-close,KEEP,left,right,,0
121,2026-08-01T16:11:23.229+09:00,35.727,120,3.39,1,DRIVING,,0,1,0,-0.228247,0.293020,0.293020,70,771,unknown,0,unknown,0.000000,null,0.000000,0.167,,"{""0"": 250, ""1"": 250, ""2"": null, ""3"": null, ""4"": null, ""5"": null, ""6"": null, ""7"": null}","{""0"": 0.0, ""1"": 0.0, ""2"": null, ""3"": null, ""4"": null, ""5"": null, ""6"": null, ""7"": null}","{""0"": 250, ""1"": 250}",250,1,0,0,0,0.167,ultrasonic-not-close,KEEP,left,right,,0
122,2026-08-01T16:11:23.550+09:00,36.049,121,3.39,1,DRIVING,,0,1,0,-0.217749,0.290576,0.290576,70,770,unknown,0,unknown,0.000000,null,0.000000,0.262,,"{""0"": 250, ""1"": 250, ""2"": null, ""3"": null, ""4"": null, ""5"": null, ""6"": null, ""7"": null}","{""0"": 0.0, ""1"": 0.0, ""2"": null, ""3"": null, ""4"": null, ""5"": null, ""6"": null, ""7"": null}","{""0"": 250, ""1"": 250}",250,1,0,0,0,0.262,ultrasonic-not-close,KEEP,left,right,,0
123,2026-08-01T16:11:23.876+09:00,36.375,122,3.38,1,DRIVING,,0,1,0,-0.226240,0.351556,0.351556,70,771,unknown,0,unknown,0.000000,null,0.000000,0.267,,"{""0"": 250, ""1"": 250, ""2"": null, ""3"": null, ""4"": null, ""5"": null, ""6"": null, ""7"": null}","{""0"": 0.0, ""1"": 0.0, ""2"": null, ""3"": null, ""4"": null, ""5"": null, ""6"": null, ""7"": null}","{""0"": 250, ""1"": 250}",250,1,0,0,0,0.267,ultrasonic-not-close,KEEP,left,right,,0
124,2026-08-01T16:11:24.207+09:00,36.708,123,3.38,1,DRIVING,,0,1,0,-0.280092,0.562125,0.562125,70,772,unknown,0,unknown,0.000000,null,0.000000,0.278,,"{""0"": 250, ""1"": 250, ""2"": null, ""3"": null, ""4"": null, ""5"": null, ""6"": null, ""7"": null}","{""0"": 0.0, ""1"": 0.0, ""2"": null, ""3"": null, ""4"": null, ""5"": null, ""6"": null, ""7"": null}","{""0"": 250, ""1"": 250}",250,1,0,0,0,0.278,ultrasonic-not-close,KEEP,left,right,,0
125,2026-08-01T16:11:24.500+09:00,37.001,124,3.38,1,DRIVING,,0,1,0,-0.309640,0.651110,0.651110,70,774,unknown,0,unknown,0.000000,null,0.000000,0.238,,"{""0"": 109, ""1"": 250, ""2"": null, ""3"": null, ""4"": null, ""5"": null, ""6"": null, ""7"": null}","{""0"": 0.0, ""1"": 0.0, ""2"": null, ""3"": null, ""4"": null, ""5"": null, ""6"": null, ""7"": null}","{""0"": 109, ""1"": 250}",109,1,1,0,0,0.238,car-not-detected-or-stale,KEEP,left,right,,0
126,2026-08-01T16:11:24.728+09:00,37.227,125,3.39,1,DRIVING,,0,1,0,-0.347358,0.758766,0.758766,70,790,green,0,unknown,0.000000,null,0.000000,0.168,,"{""0"": 94, ""1"": 250, ""2"": null, ""3"": null, ""4"": null, ""5"": null, ""6"": null, ""7"": null}","{""0"": 0.0, ""1"": 0.0, ""2"": null, ""3"": null, ""4"": null, ""5"": null, ""6"": null, ""7"": null}","{""0"": 94, ""1"": 250}",94,1,1,0,0,0.168,car-not-detected-or-stale,KEEP,left,right,,0
127,2026-08-01T16:11:25.030+09:00,37.528,126,3.39,1,DRIVING,,0,1,0,-0.385979,0.857747,0.857747,50,799,unknown,0,unknown,0.000000,null,0.000000,0.248,,"{""0"": 78, ""1"": 250, ""2"": null, ""3"": null, ""4"": null, ""5"": null, ""6"": null, ""7"": null}","{""0"": 0.0, ""1"": 0.0, ""2"": null, ""3"": null, ""4"": null, ""5"": null, ""6"": null, ""7"": null}","{""0"": 78, ""1"": 250}",78,1,1,0,0,0.248,car-not-detected-or-stale,KEEP,left,right,,0
128,2026-08-01T16:11:25.254+09:00,37.753,127,3.39,1,DRIVING,,0,1,0,-0.401085,0.863234,0.863234,50,803,unknown,0,unknown,0.000000,null,0.000000,0.160,,"{""0"": 69, ""1"": 250, ""2"": null, ""3"": null, ""4"": null, ""5"": null, ""6"": null, ""7"": null}","{""0"": 0.0, ""1"": 0.0, ""2"": null, ""3"": null, ""4"": null, ""5"": null, ""6"": null, ""7"": null}","{""0"": 69, ""1"": 250}",69,1,1,0,0,0.160,car-not-detected-or-stale,KEEP,left,right,,0
129,2026-08-01T16:11:25.494+09:00,37.993,128,3.40,1,DRIVING,,0,1,0,-0.398432,0.811297,0.811297,70,807,unknown,0,unknown,0.000000,null,0.000000,0.185,,"{""0"": 250, ""1"": 250, ""2"": null, ""3"": null, ""4"": null, ""5"": null, ""6"": null, ""7"": null}","{""0"": 0.0, ""1"": 0.0, ""2"": null, ""3"": null, ""4"": null, ""5"": null, ""6"": null, ""7"": null}","{""0"": 250, ""1"": 250}",250,1,0,0,0,0.185,ultrasonic-not-close,KEEP,left,right,,0
130,2026-08-01T16:11:25.817+09:00,38.315,129,3.40,1,DRIVING,,0,1,0,-0.378892,0.712719,0.712719,70,807,unknown,0,unknown,0.000000,null,0.000000,0.264,,"{""0"": 250, ""1"": 250, ""2"": null, ""3"": null, ""4"": null, ""5"": null, ""6"": null, ""7"": null}","{""0"": 0.0, ""1"": 0.0, ""2"": null, ""3"": null, ""4"": null, ""5"": null, ""6"": null, ""7"": null}","{""0"": 250, ""1"": 250}",250,1,0,0,0,0.264,ultrasonic-not-close,KEEP,left,right,,0
131,2026-08-01T16:11:26.098+09:00,38.595,130,3.40,1,DRIVING,,0,1,0,-0.344333,0.579092,0.579092,70,806,unknown,0,unknown,0.000000,null,0.000000,0.220,,"{""0"": 250, ""1"": 250, ""2"": null, ""3"": null, ""4"": null, ""5"": null, ""6"": null, ""7"": null}","{""0"": 0.0, ""1"": 0.0, ""2"": null, ""3"": null, ""4"": null, ""5"": null, ""6"": null, ""7"": null}","{""0"": 250, ""1"": 250}",250,1,0,0,0,0.220,ultrasonic-not-close,KEEP,left,right,,0
132,2026-08-01T16:11:26.387+09:00,38.885,131,3.40,1,DRIVING,,0,1,0,-0.257207,0.277650,0.277650,70,793,unknown,0,unknown,0.000000,null,0.000000,0.229,,"{""0"": 250, ""1"": 250, ""2"": null, ""3"": null, ""4"": null, ""5"": null, ""6"": null, ""7"": null}","{""0"": 0.0, ""1"": 0.0, ""2"": null, ""3"": null, ""4"": null, ""5"": null, ""6"": null, ""7"": null}","{""0"": 250, ""1"": 250}",250,1,0,0,0,0.229,ultrasonic-not-close,KEEP,left,right,,0
133,2026-08-01T16:11:26.713+09:00,39.214,132,3.39,1,DRIVING,,0,1,0,-0.190966,0.094778,0.094778,70,770,unknown,0,unknown,0.000000,null,0.000000,0.271,,"{""0"": 185, ""1"": 250, ""2"": null, ""3"": null, ""4"": null, ""5"": null, ""6"": null, ""7"": null}","{""0"": 0.0, ""1"": 0.0, ""2"": null, ""3"": null, ""4"": null, ""5"": null, ""6"": null, ""7"": null}","{""0"": 185, ""1"": 250}",185,1,0,0,0,0.271,ultrasonic-not-close,KEEP,left,right,,0
134,2026-08-01T16:11:26.990+09:00,39.488,133,3.40,1,DRIVING,,0,1,0,-0.144671,0.002806,0.002806,70,758,unknown,0,unknown,0.000000,null,0.000000,0.219,,"{""0"": 168, ""1"": 250, ""2"": null, ""3"": null, ""4"": null, ""5"": null, ""6"": null, ""7"": null}","{""0"": 0.0, ""1"": 0.0, ""2"": null, ""3"": null, ""4"": null, ""5"": null, ""6"": null, ""7"": null}","{""0"": 168, ""1"": 250}",168,1,0,0,0,0.219,ultrasonic-not-close,KEEP,left,right,,0
135,2026-08-01T16:11:27.289+09:00,39.789,134,3.40,1,DRIVING,,0,1,0,-0.091479,-0.111407,-0.111407,70,751,green,1,obstacle-car,0.648469,"[514, 321, 742, 507]",0.045756,0.242,,"{""0"": 149, ""1"": 250, ""2"": null, ""3"": null, ""4"": null, ""5"": null, ""6"": null, ""7"": null}","{""0"": 0.0, ""1"": 0.0, ""2"": null, ""3"": null, ""4"": null, ""5"": null, ""6"": null, ""7"": null}","{""0"": 149, ""1"": 250}",149,1,1,1,1,0.242,car+ultrasonic,KEEP,left,right,,0
136,2026-08-01T16:11:27.603+09:00,40.101,135,3.39,1,DRIVING,,0,1,0,-0.075618,-0.085684,-0.085684,70,740,green,1,obstacle-car,0.882179,"[518, 314, 757, 508]",0.050358,0.256,,"{""0"": 131, ""1"": 250, ""2"": null, ""3"": null, ""4"": null, ""5"": null, ""6"": null, ""7"": null}","{""0"": 0.0, ""1"": 0.0, ""2"": null, ""3"": null, ""4"": null, ""5"": null, ""6"": null, ""7"": null}","{""0"": 131, ""1"": 250}",131,1,1,1,2,0.256,car+ultrasonic,KEEP,left,right,,0
137,2026-08-01T16:11:27.906+09:00,40.405,136,3.39,1,AVOIDING_OBSTACLE,state:DRIVING->AVOIDING_OBSTACLE;phase:KEEP->CHANGING,0,1,0,-0.079364,0.000000,1.000000,70,740,green,1,obstacle-car,0.806471,"[499, 309, 769, 518]",0.060994,0.243,,"{""0"": 113, ""1"": 113, ""2"": null, ""3"": null, ""4"": null, ""5"": null, ""6"": null, ""7"": null}","{""0"": 0.0, ""1"": 0.0, ""2"": null, ""3"": null, ""4"": null, ""5"": null, ""6"": null, ""7"": null}","{""0"": 113, ""1"": 113}",113,1,1,1,0,0.243,car+ultrasonic,CHANGING,left,right,left,0
138,2026-08-01T16:11:28.170+09:00,40.671,137,3.40,1,AVOIDING_OBSTACLE,,0,0,0,,0.000000,1.000000,70,791,green,1,obstacle-car,0.966312,"[465, 303, 770, 533]",0.075970,0.208,,"{""0"": 99, ""1"": 107, ""2"": null, ""3"": null, ""4"": null, ""5"": null, ""6"": null, ""7"": null}","{""0"": 0.0, ""1"": 0.0, ""2"": null, ""3"": null, ""4"": null, ""5"": null, ""6"": null, ""7"": null}",{},,1,0,1,0,,maneuver-locked,CHANGING,left,right,left,0
139,2026-08-01T16:11:28.518+09:00,41.016,138,3.39,1,AVOIDING_OBSTACLE,,0,0,0,,0.000000,1.000000,70,818,green,1,obstacle-car,0.994167,"[387, 288, 758, 586]",0.120216,0.290,,"{""0"": 76, ""1"": 78, ""2"": null, ""3"": null, ""4"": null, ""5"": null, ""6"": null, ""7"": null}","{""0"": 0.0, ""1"": 0.0, ""2"": null, ""3"": null, ""4"": null, ""5"": null, ""6"": null, ""7"": null}",{},,1,0,1,0,,maneuver-locked,CHANGING,left,right,left,0
140,2026-08-01T16:11:28.848+09:00,41.346,139,3.39,1,AVOIDING_OBSTACLE,,0,0,0,,0.000000,1.000000,70,817,green,1,obstacle-car,0.983478,"[376, 287, 774, 596]",0.133655,0.269,,"{""0"": 55, ""1"": 61, ""2"": null, ""3"": null, ""4"": null, ""5"": null, ""6"": null, ""7"": null}","{""0"": 0.0, ""1"": 0.0, ""2"": null, ""3"": null, ""4"": null, ""5"": null, ""6"": null, ""7"": null}",{},,1,0,1,0,,maneuver-locked,CHANGING,left,right,left,0
141,2026-08-01T16:11:29.157+09:00,41.655,140,3.39,1,AVOIDING_OBSTACLE,,0,0,0,,0.000000,1.000000,70,818,green,1,obstacle-car,0.986536,"[458, 273, 959, 651]",0.205715,0.246,,"{""0"": 40, ""1"": 58, ""2"": null, ""3"": null, ""4"": null, ""5"": null, ""6"": null, ""7"": null}","{""0"": 0.0, ""1"": 0.0, ""2"": null, ""3"": null, ""4"": null, ""5"": null, ""6"": null, ""7"": null}",{},,1,0,1,0,,maneuver-locked,CHANGING,left,right,left,0
142,2026-08-01T16:11:29.461+09:00,41.958,141,3.39,1,AVOIDING_OBSTACLE,,0,0,0,,0.000000,1.000000,70,819,unknown,1,obstacle-car,0.990698,"[555, 247, 1172, 715]",0.313739,0.243,,"{""0"": 24, ""1"": 250, ""2"": null, ""3"": null, ""4"": null, ""5"": null, ""6"": null, ""7"": null}","{""0"": 0.0, ""1"": 0.0, ""2"": null, ""3"": null, ""4"": null, ""5"": null, ""6"": null, ""7"": null}",{},,1,0,1,0,,maneuver-locked,CHANGING,left,right,left,0
143,2026-08-01T16:11:29.742+09:00,42.242,142,3.39,1,AVOIDING_OBSTACLE,,0,0,0,,0.000000,1.000000,70,819,green,1,obstacle-car,0.975321,"[682, 196, 1275, 715]",0.333890,0.224,,"{""0"": 73, ""1"": 250, ""2"": null, ""3"": null, ""4"": null, ""5"": null, ""6"": null, ""7"": null}","{""0"": 0.0, ""1"": 0.0, ""2"": null, ""3"": null, ""4"": null, ""5"": null, ""6"": null, ""7"": null}",{},,1,0,1,0,,maneuver-locked,CHANGING,left,right,left,0
144,2026-08-01T16:11:30.027+09:00,42.526,143,3.39,0,AVOIDING_OBSTACLE,phase:CHANGING->CHANGING_PAUSED,0,0,0,,0.000000,0.000000,0,799,red,1,obstacle-car,0.952495,"[881, 202, 1276, 718]",0.221304,0.233,,"{""0"": 250, ""1"": 250, ""2"": null, ""3"": null, ""4"": null, ""5"": null, ""6"": null, ""7"": null}","{""0"": 0.0, ""1"": 0.0, ""2"": null, ""3"": null, ""4"": null, ""5"": null, ""6"": null, ""7"": null}",{},,1,0,1,0,,maneuver-locked,CHANGING_PAUSED,left,right,left,0
145,2026-08-01T16:11:30.360+09:00,42.857,144,3.39,0,AVOIDING_OBSTACLE,,0,0,0,,0.000000,0.000000,0,751,green,1,obstacle-car,0.626791,"[1142, 295, 1278, 713]",0.061712,0.268,,"{""0"": 250, ""1"": 250, ""2"": null, ""3"": null, ""4"": null, ""5"": null, ""6"": null, ""7"": null}","{""0"": 0.0, ""1"": 0.0, ""2"": null, ""3"": null, ""4"": null, ""5"": null, ""6"": null, ""7"": null}",{},,1,0,1,0,,maneuver-locked,CHANGING_PAUSED,left,right,left,0
146,2026-08-01T16:11:30.686+09:00,43.188,145,3.38,0,AVOIDING_OBSTACLE,,0,0,0,,0.000000,0.000000,0,753,green,0,unknown,0.000000,null,0.000000,0.271,,"{""0"": 250, ""1"": 250, ""2"": null, ""3"": null, ""4"": null, ""5"": null, ""6"": null, ""7"": null}","{""0"": 0.0, ""1"": 0.0, ""2"": null, ""3"": null, ""4"": null, ""5"": null, ""6"": null, ""7"": null}",{},,1,0,1,0,,maneuver-locked,CHANGING_PAUSED,left,right,left,0
147,2026-08-01T16:11:30.945+09:00,43.443,146,3.39,0,AVOIDING_OBSTACLE,,0,0,0,,0.000000,0.000000,0,751,green,0,unknown,0.000000,null,0.000000,0.200,,"{""0"": 250, ""1"": 250, ""2"": null, ""3"": null, ""4"": null, ""5"": null, ""6"": null, ""7"": null}","{""0"": 0.0, ""1"": 0.0, ""2"": null, ""3"": null, ""4"": null, ""5"": null, ""6"": null, ""7"": null}",{},,1,0,1,0,,maneuver-locked,CHANGING_PAUSED,left,right,left,0
148,2026-08-01T16:11:31.237+09:00,43.735,147,3.39,0,AVOIDING_OBSTACLE,,0,0,0,,0.000000,0.000000,0,752,green,0,unknown,0.000000,null,0.000000,0.231,,"{""0"": 250, ""1"": 250, ""2"": null, ""3"": null, ""4"": null, ""5"": null, ""6"": null, ""7"": null}","{""0"": 0.0, ""1"": 0.0, ""2"": null, ""3"": null, ""4"": null, ""5"": null, ""6"": null, ""7"": null}",{},,1,0,1,0,,maneuver-locked,CHANGING_PAUSED,left,right,left,0
149,2026-08-01T16:11:31.510+09:00,44.009,148,3.39,0,AVOIDING_OBSTACLE,,0,0,0,,0.000000,0.000000,0,752,green,0,unknown,0.000000,null,0.000000,0.216,,"{""0"": 250, ""1"": 250, ""2"": null, ""3"": null, ""4"": null, ""5"": null, ""6"": null, ""7"": null}","{""0"": 0.0, ""1"": 0.0, ""2"": null, ""3"": null, ""4"": null, ""5"": null, ""6"": null, ""7"": null}",{},,1,0,1,0,,maneuver-locked,CHANGING_PAUSED,left,right,left,0
150,2026-08-01T16:11:31.804+09:00,44.303,149,3.39,0,AVOIDING_OBSTACLE,,0,0,0,,0.000000,0.000000,0,752,green,0,unknown,0.000000,null,0.000000,0.239,,"{""0"": 250, ""1"": 250, ""2"": null, ""3"": null, ""4"": null, ""5"": null, ""6"": null, ""7"": null}","{""0"": 0.0, ""1"": 0.0, ""2"": null, ""3"": null, ""4"": null, ""5"": null, ""6"": null, ""7"": null}",{},,1,0,1,0,,maneuver-locked,CHANGING_PAUSED,left,right,left,0
151,2026-08-01T16:11:32.088+09:00,44.580,150,3.39,0,AVOIDING_OBSTACLE,,0,0,0,,0.000000,0.000000,0,752,green,0,unknown,0.000000,null,0.000000,0.213,,"{""0"": 250, ""1"": 250, ""2"": null, ""3"": null, ""4"": null, ""5"": null, ""6"": null, ""7"": null}","{""0"": 0.0, ""1"": 0.0, ""2"": null, ""3"": null, ""4"": null, ""5"": null, ""6"": null, ""7"": null}",{},,1,0,1,0,,maneuver-locked,CHANGING_PAUSED,left,right,left,0
152,2026-08-01T16:11:32.382+09:00,44.880,151,3.39,0,AVOIDING_OBSTACLE,,0,0,0,,0.000000,0.000000,0,752,green,0,unknown,0.000000,null,0.000000,0.231,,"{""0"": 250, ""1"": 250, ""2"": null, ""3"": null, ""4"": null, ""5"": null, ""6"": null, ""7"": null}","{""0"": 0.0, ""1"": 0.0, ""2"": null, ""3"": null, ""4"": null, ""5"": null, ""6"": null, ""7"": null}",{},,1,0,1,0,,maneuver-locked,CHANGING_PAUSED,left,right,left,0
153,2026-08-01T16:11:32.659+09:00,45.158,152,3.39,0,AVOIDING_OBSTACLE,,0,0,0,,0.000000,0.000000,0,751,green,0,unknown,0.000000,null,0.000000,0.218,,"{""0"": 250, ""1"": 250, ""2"": null, ""3"": null, ""4"": null, ""5"": null, ""6"": null, ""7"": null}","{""0"": 0.0, ""1"": 0.0, ""2"": null, ""3"": null, ""4"": null, ""5"": null, ""6"": null, ""7"": null}",{},,1,0,1,0,,maneuver-locked,CHANGING_PAUSED,left,right,left,0
154,2026-08-01T16:11:32.968+09:00,45.469,153,3.39,0,AVOIDING_OBSTACLE,,0,0,0,,0.000000,0.000000,0,752,green,0,unknown,0.000000,null,0.000000,0.254,,"{""0"": 250, ""1"": 250, ""2"": null, ""3"": null, ""4"": null, ""5"": null, ""6"": null, ""7"": null}","{""0"": 0.0, ""1"": 0.0, ""2"": null, ""3"": null, ""4"": null, ""5"": null, ""6"": null, ""7"": null}",{},,1,0,1,0,,maneuver-locked,CHANGING_PAUSED,left,right,left,0
155,2026-08-01T16:11:33.285+09:00,45.784,154,3.39,0,AVOIDING_OBSTACLE,,0,0,0,,0.000000,0.000000,0,752,green,0,unknown,0.000000,null,0.000000,0.260,,"{""0"": 250, ""1"": 39, ""2"": null, ""3"": null, ""4"": null, ""5"": null, ""6"": null, ""7"": null}","{""0"": 0.0, ""1"": 0.0, ""2"": null, ""3"": null, ""4"": null, ""5"": null, ""6"": null, ""7"": null}",{},,1,0,1,0,,maneuver-locked,CHANGING_PAUSED,left,right,left,0
156,2026-08-01T16:11:33.617+09:00,46.115,155,3.38,0,AVOIDING_OBSTACLE,,0,0,0,,0.000000,0.000000,0,751,green,0,unknown,0.000000,null,0.000000,0.272,,"{""0"": 250, ""1"": 31, ""2"": null, ""3"": null, ""4"": null, ""5"": null, ""6"": null, ""7"": null}","{""0"": 0.0, ""1"": 0.0, ""2"": null, ""3"": null, ""4"": null, ""5"": null, ""6"": null, ""7"": null}",{},,1,0,1,0,,maneuver-locked,CHANGING_PAUSED,left,right,left,0
157,2026-08-01T16:11:33.934+09:00,46.435,156,3.38,0,AVOIDING_OBSTACLE,,0,0,0,,0.000000,0.000000,0,747,green,0,unknown,0.000000,null,0.000000,0.262,,"{""0"": 40, ""1"": 33, ""2"": null, ""3"": null, ""4"": null, ""5"": null, ""6"": null, ""7"": null}","{""0"": 0.0, ""1"": 0.0, ""2"": null, ""3"": null, ""4"": null, ""5"": null, ""6"": null, ""7"": null}",{},,1,0,1,0,,maneuver-locked,CHANGING_PAUSED,left,right,left,0
158,2026-08-01T16:11:34.233+09:00,46.730,157,3.38,0,AVOIDING_OBSTACLE,,0,0,0,,0.000000,0.000000,0,744,unknown,0,unknown,0.000000,null,0.000000,0.241,,"{""0"": 76, ""1"": 40, ""2"": null, ""3"": null, ""4"": null, ""5"": null, ""6"": null, ""7"": null}","{""0"": 0.0, ""1"": 0.0, ""2"": null, ""3"": null, ""4"": null, ""5"": null, ""6"": null, ""7"": null}",{},,1,0,1,0,,maneuver-locked,CHANGING_PAUSED,left,right,left,0
159,2026-08-01T16:11:34.478+09:00,46.977,158,3.39,0,AVOIDING_OBSTACLE,,0,0,0,,0.000000,0.000000,0,745,unknown,1,obstacle-car,0.593046,"[1158, 312, 1279, 708]",0.052091,0.188,,"{""0"": 50, ""1"": 44, ""2"": null, ""3"": null, ""4"": null, ""5"": null, ""6"": null, ""7"": null}","{""0"": 0.0, ""1"": 0.0, ""2"": null, ""3"": null, ""4"": null, ""5"": null, ""6"": null, ""7"": null}",{},,1,0,1,0,,maneuver-locked,CHANGING_PAUSED,left,right,left,0
160,2026-08-01T16:11:34.700+09:00,47.199,159,3.39,0,AVOIDING_OBSTACLE,,0,0,0,,0.000000,0.000000,0,744,unknown,1,obstacle-car,0.717417,"[1086, 288, 1280, 718]",0.090208,0.163,,"{""0"": 27, ""1"": 45, ""2"": null, ""3"": null, ""4"": null, ""5"": null, ""6"": null, ""7"": null}","{""0"": 0.0, ""1"": 0.0, ""2"": null, ""3"": null, ""4"": null, ""5"": null, ""6"": null, ""7"": null}",{},,1,0,1,0,,maneuver-locked,CHANGING_PAUSED,left,right,left,0
161,2026-08-01T16:11:35.013+09:00,47.512,160,3.39,0,AVOIDING_OBSTACLE,,0,0,0,,0.000000,0.000000,0,743,green,1,obstacle-car,0.931550,"[1052, 299, 1280, 716]",0.102670,0.257,,"{""0"": 27, ""1"": 30, ""2"": null, ""3"": null, ""4"": null, ""5"": null, ""6"": null, ""7"": null}","{""0"": 0.0, ""1"": 0.0, ""2"": null, ""3"": null, ""4"": null, ""5"": null, ""6"": null, ""7"": null}",{},,1,0,1,0,,maneuver-locked,CHANGING_PAUSED,left,right,left,0
162,2026-08-01T16:11:35.268+09:00,47.769,161,3.39,0,AVOIDING_OBSTACLE,,0,0,0,,0.000000,0.000000,0,743,green,1,obstacle-car,0.944487,"[1046, 312, 1280, 716]",0.102294,0.202,,"{""0"": 29, ""1"": 57, ""2"": null, ""3"": null, ""4"": null, ""5"": null, ""6"": null, ""7"": null}","{""0"": 0.0, ""1"": 0.0, ""2"": null, ""3"": null, ""4"": null, ""5"": null, ""6"": null, ""7"": null}",{},,1,0,1,0,,maneuver-locked,CHANGING_PAUSED,left,right,left,0
163,2026-08-01T16:11:35.638+09:00,48.134,162,3.39,0,AVOIDING_OBSTACLE,,0,0,0,,0.000000,0.000000,0,743,red,1,obstacle-car,0.884025,"[1044, 314, 1280, 716]",0.102476,0.307,,"{""0"": 27, ""1"": 37, ""2"": null, ""3"": null, ""4"": null, ""5"": null, ""6"": null, ""7"": null}","{""0"": 0.0, ""1"": 0.0, ""2"": null, ""3"": null, ""4"": null, ""5"": null, ""6"": null, ""7"": null}",{},,1,0,1,0,,maneuver-locked,CHANGING_PAUSED,left,right,left,0
164,2026-08-01T16:11:35.904+09:00,48.405,163,3.39,0,AVOIDING_OBSTACLE,,0,0,0,,0.000000,0.000000,0,744,unknown,1,obstacle-car,0.902286,"[1045, 311, 1280, 715]",0.102831,0.209,,"{""0"": 29, ""1"": 61, ""2"": null, ""3"": null, ""4"": null, ""5"": null, ""6"": null, ""7"": null}","{""0"": 0.0, ""1"": 0.0, ""2"": null, ""3"": null, ""4"": null, ""5"": null, ""6"": null, ""7"": null}",{},,1,0,1,0,,maneuver-locked,CHANGING_PAUSED,left,right,left,0
165,2026-08-01T16:11:36.174+09:00,48.673,164,3.39,0,AVOIDING_OBSTACLE,,0,0,0,,0.000000,0.000000,0,743,unknown,1,obstacle-car,0.923006,"[1046, 311, 1280, 716]",0.102488,0.216,,"{""0"": 26, ""1"": 50, ""2"": null, ""3"": null, ""4"": null, ""5"": null, ""6"": null, ""7"": null}","{""0"": 0.0, ""1"": 0.0, ""2"": null, ""3"": null, ""4"": null, ""5"": null, ""6"": null, ""7"": null}",{},,1,0,1,0,,maneuver-locked,CHANGING_PAUSED,left,right,left,0
166,2026-08-01T16:11:36.453+09:00,48.950,165,3.39,0,AVOIDING_OBSTACLE,,0,0,0,,0.000000,0.000000,0,744,unknown,1,obstacle-car,0.904321,"[1046, 313, 1280, 716]",0.102181,0.218,,"{""0"": 26, ""1"": 59, ""2"": null, ""3"": null, ""4"": null, ""5"": null, ""6"": null, ""7"": null}","{""0"": 0.0, ""1"": 0.0, ""2"": null, ""3"": null, ""4"": null, ""5"": null, ""6"": null, ""7"": null}",{},,1,0,1,0,,maneuver-locked,CHANGING_PAUSED,left,right,left,0
167,2026-08-01T16:11:36.731+09:00,49.228,166,3.39,0,AVOIDING_OBSTACLE,,0,0,0,,0.000000,0.000000,0,744,green,1,obstacle-car,0.910317,"[1050, 309, 1280, 716]",0.101579,0.215,,"{""0"": 26, ""1"": 57, ""2"": null, ""3"": null, ""4"": null, ""5"": null, ""6"": null, ""7"": null}","{""0"": 0.0, ""1"": 0.0, ""2"": null, ""3"": null, ""4"": null, ""5"": null, ""6"": null, ""7"": null}",{},,1,0,1,0,,maneuver-locked,CHANGING_PAUSED,left,right,left,0
168,2026-08-01T16:11:37.000+09:00,49.497,167,3.40,0,AVOIDING_OBSTACLE,,0,0,0,,0.000000,0.000000,0,744,green,1,obstacle-car,0.903299,"[1052, 310, 1280, 716]",0.100183,0.208,,"{""0"": 26, ""1"": 55, ""2"": null, ""3"": null, ""4"": null, ""5"": null, ""6"": null, ""7"": null}","{""0"": 0.0, ""1"": 0.0, ""2"": null, ""3"": null, ""4"": null, ""5"": null, ""6"": null, ""7"": null}",{},,1,0,1,0,,maneuver-locked,CHANGING_PAUSED,left,right,left,0
169,2026-08-01T16:11:37.332+09:00,49.828,168,3.39,0,AVOIDING_OBSTACLE,,0,0,0,,0.000000,0.000000,0,744,green,1,obstacle-car,0.920407,"[1052, 313, 1280, 716]",0.099369,0.271,,"{""0"": 5, ""1"": 16, ""2"": null, ""3"": null, ""4"": null, ""5"": null, ""6"": null, ""7"": null}","{""0"": 0.0, ""1"": 0.0, ""2"": null, ""3"": null, ""4"": null, ""5"": null, ""6"": null, ""7"": null}",{},,1,0,1,0,,maneuver-locked,CHANGING_PAUSED,left,right,left,0
170,2026-08-01T16:11:37.599+09:00,50.094,169,3.40,0,AVOIDING_OBSTACLE,,0,0,0,,0.000000,0.000000,0,744,green,1,obstacle-car,0.924605,"[1053, 314, 1280, 716]",0.098991,0.203,,"{""0"": 2, ""1"": 55, ""2"": null, ""3"": null, ""4"": null, ""5"": null, ""6"": null, ""7"": null}","{""0"": 0.0, ""1"": 0.0, ""2"": null, ""3"": null, ""4"": null, ""5"": null, ""6"": null, ""7"": null}",{},,1,0,1,0,,maneuver-locked,CHANGING_PAUSED,left,right,left,0
171,2026-08-01T16:11:37.829+09:00,50.325,170,3.40,0,AVOIDING_OBSTACLE,,0,0,0,,0.000000,0.000000,0,744,green,1,obstacle-car,0.845790,"[1055, 313, 1280, 708]",0.096167,0.168,,"{""0"": 2, ""1"": 54, ""2"": null, ""3"": null, ""4"": null, ""5"": null, ""6"": null, ""7"": null}","{""0"": 0.0, ""1"": 0.0, ""2"": null, ""3"": null, ""4"": null, ""5"": null, ""6"": null, ""7"": null}",{},,1,0,1,0,,maneuver-locked,CHANGING_PAUSED,left,right,left,0
172,2026-08-01T16:11:38.165+09:00,50.663,171,3.40,0,AVOIDING_OBSTACLE,,0,0,0,,0.000000,0.000000,0,744,green,1,obstacle-car,0.895260,"[1052, 312, 1280, 716]",0.099675,0.276,,"{""0"": 2, ""1"": 250, ""2"": null, ""3"": null, ""4"": null, ""5"": null, ""6"": null, ""7"": null}","{""0"": 0.0, ""1"": 0.0, ""2"": null, ""3"": null, ""4"": null, ""5"": null, ""6"": null, ""7"": null}",{},,1,0,1,0,,maneuver-locked,CHANGING_PAUSED,left,right,left,0
173,2026-08-01T16:11:38.516+09:00,51.012,172,3.39,0,AVOIDING_OBSTACLE,,0,0,0,,0.000000,0.000000,0,744,green,1,obstacle-car,0.911866,"[1049, 313, 1280, 716]",0.100911,0.284,,"{""0"": 5, ""1"": 56, ""2"": null, ""3"": null, ""4"": null, ""5"": null, ""6"": null, ""7"": null}","{""0"": 0.0, ""1"": 0.0, ""2"": null, ""3"": null, ""4"": null, ""5"": null, ""6"": null, ""7"": null}",{},,1,0,1,0,,maneuver-locked,CHANGING_PAUSED,left,right,left,0
174,2026-08-01T16:11:38.866+09:00,51.366,173,3.39,0,AVOIDING_OBSTACLE,,0,0,0,,0.000000,0.000000,0,743,green,1,obstacle-car,0.908018,"[1049, 310, 1280, 716]",0.101586,0.293,,"{""0"": 4, ""1"": 53, ""2"": null, ""3"": null, ""4"": null, ""5"": null, ""6"": null, ""7"": null}","{""0"": 0.0, ""1"": 0.0, ""2"": null, ""3"": null, ""4"": null, ""5"": null, ""6"": null, ""7"": null}",{},,1,0,1,0,,maneuver-locked,CHANGING_PAUSED,left,right,left,0
175,2026-08-01T16:11:39.126+09:00,51.624,174,3.39,0,AVOIDING_OBSTACLE,,0,0,0,,0.000000,0.000000,0,744,green,1,obstacle-car,0.915883,"[1048, 311, 1280, 716]",0.101585,0.204,,"{""0"": 5, ""1"": 57, ""2"": null, ""3"": null, ""4"": null, ""5"": null, ""6"": null, ""7"": null}","{""0"": 0.0, ""1"": 0.0, ""2"": null, ""3"": null, ""4"": null, ""5"": null, ""6"": null, ""7"": null}",{},,1,0,1,0,,maneuver-locked,CHANGING_PAUSED,left,right,left,0
176,2026-08-01T16:11:39.393+09:00,51.894,175,3.39,0,AVOIDING_OBSTACLE,,0,0,0,,0.000000,0.000000,0,743,green,1,obstacle-car,0.919934,"[1047, 310, 1280, 716]",0.102144,0.212,,"{""0"": 5, ""1"": 56, ""2"": null, ""3"": null, ""4"": null, ""5"": null, ""6"": null, ""7"": null}","{""0"": 0.0, ""1"": 0.0, ""2"": null, ""3"": null, ""4"": null, ""5"": null, ""6"": null, ""7"": null}",{},,1,0,1,0,,maneuver-locked,CHANGING_PAUSED,left,right,left,0
177,2026-08-01T16:11:39.724+09:00,52.225,176,3.39,0,AVOIDING_OBSTACLE,,0,0,0,,0.000000,0.000000,0,743,green,1,obstacle-car,0.927714,"[1043, 311, 1280, 715]",0.103937,0.275,,"{""0"": 2, ""1"": 57, ""2"": null, ""3"": null, ""4"": null, ""5"": null, ""6"": null, ""7"": null}","{""0"": 0.0, ""1"": 0.0, ""2"": null, ""3"": null, ""4"": null, ""5"": null, ""6"": null, ""7"": null}",{},,1,0,1,0,,maneuver-locked,CHANGING_PAUSED,left,right,left,0
178,2026-08-01T16:11:40.074+09:00,52.570,177,3.39,0,AVOIDING_OBSTACLE,,0,0,0,,0.000000,0.000000,0,744,green,1,obstacle-car,0.909068,"[1047, 311, 1280, 716]",0.102076,0.291,,"{""0"": 57, ""1"": 250, ""2"": null, ""3"": null, ""4"": null, ""5"": null, ""6"": null, ""7"": null}","{""0"": 0.0, ""1"": 0.0, ""2"": null, ""3"": null, ""4"": null, ""5"": null, ""6"": null, ""7"": null}",{},,1,0,1,0,,maneuver-locked,CHANGING_PAUSED,left,right,left,0
179,2026-08-01T16:11:40.467+09:00,52.964,178,3.38,0,AVOIDING_OBSTACLE,,0,0,0,,0.000000,0.000000,0,744,green,1,obstacle-car,0.910678,"[1051, 313, 1280, 716]",0.099937,0.329,,"{""0"": 4, ""1"": 250, ""2"": null, ""3"": null, ""4"": null, ""5"": null, ""6"": null, ""7"": null}","{""0"": 0.0, ""1"": 0.0, ""2"": null, ""3"": null, ""4"": null, ""5"": null, ""6"": null, ""7"": null}",{},,1,0,1,0,,maneuver-locked,CHANGING_PAUSED,left,right,left,0
180,2026-08-01T16:11:40.763+09:00,53.262,179,3.38,0,AVOIDING_OBSTACLE,,0,0,0,,0.000000,0.000000,0,743,green,1,obstacle-car,0.913219,"[1048, 313, 1280, 716]",0.101103,0.239,,"{""0"": 7, ""1"": 250, ""2"": null, ""3"": null, ""4"": null, ""5"": null, ""6"": null, ""7"": null}","{""0"": 0.0, ""1"": 0.0, ""2"": null, ""3"": null, ""4"": null, ""5"": null, ""6"": null, ""7"": null}",{},,1,0,1,0,,maneuver-locked,CHANGING_PAUSED,left,right,left,0
181,2026-08-01T16:11:41.042+09:00,53.543,180,3.38,0,AVOIDING_OBSTACLE,,0,0,0,,0.000000,0.000000,0,744,green,1,obstacle-car,0.879832,"[1049, 312, 1280, 716]",0.101285,0.224,,"{""0"": 3, ""1"": 250, ""2"": null, ""3"": null, ""4"": null, ""5"": null, ""6"": null, ""7"": null}","{""0"": 0.0, ""1"": 0.0, ""2"": null, ""3"": null, ""4"": null, ""5"": null, ""6"": null, ""7"": null}",{},,1,0,1,0,,maneuver-locked,CHANGING_PAUSED,left,right,left,0
182,2026-08-01T16:11:41.390+09:00,53.889,181,3.38,0,AVOIDING_OBSTACLE,,0,0,0,,0.000000,0.000000,0,743,green,1,obstacle-car,0.907654,"[1047, 314, 1280, 716]",0.101435,0.292,,"{""0"": 4, ""1"": 250, ""2"": null, ""3"": null, ""4"": null, ""5"": null, ""6"": null, ""7"": null}","{""0"": 0.0, ""1"": 0.0, ""2"": null, ""3"": null, ""4"": null, ""5"": null, ""6"": null, ""7"": null}",{},,1,0,1,0,,maneuver-locked,CHANGING_PAUSED,left,right,left,0
183,2026-08-01T16:11:41.618+09:00,54.115,182,3.38,0,AVOIDING_OBSTACLE,,0,0,0,,0.000000,0.000000,0,743,green,1,obstacle-car,0.909430,"[1048, 312, 1280, 716]",0.101566,0.171,,"{""0"": 2, ""1"": 250, ""2"": null, ""3"": null, ""4"": null, ""5"": null, ""6"": null, ""7"": null}","{""0"": 0.0, ""1"": 0.0, ""2"": null, ""3"": null, ""4"": null, ""5"": null, ""6"": null, ""7"": null}",{},,1,0,1,0,,maneuver-locked,CHANGING_PAUSED,left,right,left,0
184,2026-08-01T16:11:41.945+09:00,54.443,183,3.38,0,AVOIDING_OBSTACLE,,0,0,0,,0.000000,0.000000,0,744,green,1,obstacle-car,0.903363,"[1045, 313, 1280, 716]",0.102324,0.261,,"{""0"": 3, ""1"": 250, ""2"": null, ""3"": null, ""4"": null, ""5"": null, ""6"": null, ""7"": null}","{""0"": 0.0, ""1"": 0.0, ""2"": null, ""3"": null, ""4"": null, ""5"": null, ""6"": null, ""7"": null}",{},,1,0,1,0,,maneuver-locked,CHANGING_PAUSED,left,right,left,0
185,2026-08-01T16:11:42.234+09:00,54.730,184,3.38,0,AVOIDING_OBSTACLE,,0,0,0,,0.000000,0.000000,0,743,green,1,obstacle-car,0.899656,"[1047, 312, 1280, 716]",0.102307,0.230,,"{""0"": 4, ""1"": 250, ""2"": null, ""3"": null, ""4"": null, ""5"": null, ""6"": null, ""7"": null}","{""0"": 0.0, ""1"": 0.0, ""2"": null, ""3"": null, ""4"": null, ""5"": null, ""6"": null, ""7"": null}",{},,1,0,1,0,,maneuver-locked,CHANGING_PAUSED,left,right,left,0
186,2026-08-01T16:11:42.502+09:00,54.999,185,3.38,0,AVOIDING_OBSTACLE,,0,0,0,,0.000000,0.000000,0,744,green,1,obstacle-car,0.898829,"[1045, 313, 1280, 716]",0.102343,0.208,,"{""0"": 3, ""1"": 65, ""2"": null, ""3"": null, ""4"": null, ""5"": null, ""6"": null, ""7"": null}","{""0"": 0.0, ""1"": 0.0, ""2"": null, ""3"": null, ""4"": null, ""5"": null, ""6"": null, ""7"": null}",{},,1,0,1,0,,maneuver-locked,CHANGING_PAUSED,left,right,left,0
187,2026-08-01T16:11:42.815+09:00,55.315,186,3.38,0,AVOIDING_OBSTACLE,,0,0,0,,0.000000,0.000000,0,744,green,1,obstacle-car,0.906397,"[1045, 314, 1280, 716]",0.102309,0.257,,"{""0"": 4, ""1"": 250, ""2"": null, ""3"": null, ""4"": null, ""5"": null, ""6"": null, ""7"": null}","{""0"": 0.0, ""1"": 0.0, ""2"": null, ""3"": null, ""4"": null, ""5"": null, ""6"": null, ""7"": null}",{},,1,0,1,0,,maneuver-locked,CHANGING_PAUSED,left,right,left,0
188,2026-08-01T16:11:43.097+09:00,55.597,187,3.38,0,AVOIDING_OBSTACLE,,0,0,0,,0.000000,0.000000,0,744,green,1,obstacle-car,0.909508,"[1045, 313, 1280, 716]",0.102512,0.231,,"{""0"": 28, ""1"": 65, ""2"": null, ""3"": null, ""4"": null, ""5"": null, ""6"": null, ""7"": null}","{""0"": 0.0, ""1"": 0.0, ""2"": null, ""3"": null, ""4"": null, ""5"": null, ""6"": null, ""7"": null}",{},,1,0,1,0,,maneuver-locked,CHANGING_PAUSED,left,right,left,0
189,2026-08-01T16:11:43.449+09:00,55.947,188,3.38,0,AVOIDING_OBSTACLE,,0,0,0,,0.000000,0.000000,0,743,green,1,obstacle-car,0.909985,"[1045, 311, 1280, 716]",0.102744,0.295,,"{""0"": 27, ""1"": 64, ""2"": null, ""3"": null, ""4"": null, ""5"": null, ""6"": null, ""7"": null}","{""0"": 0.0, ""1"": 0.0, ""2"": null, ""3"": null, ""4"": null, ""5"": null, ""6"": null, ""7"": null}",{},,1,0,1,0,,maneuver-locked,CHANGING_PAUSED,left,right,left,0
190,2026-08-01T16:11:43.749+09:00,56.248,189,3.38,0,AVOIDING_OBSTACLE,,0,0,0,,0.000000,0.000000,0,743,green,1,obstacle-car,0.902392,"[1047, 313, 1280, 716]",0.101438,0.241,,"{""0"": 26, ""1"": 63, ""2"": null, ""3"": null, ""4"": null, ""5"": null, ""6"": null, ""7"": null}","{""0"": 0.0, ""1"": 0.0, ""2"": null, ""3"": null, ""4"": null, ""5"": null, ""6"": null, ""7"": null}",{},,1,0,1,0,,maneuver-locked,CHANGING_PAUSED,left,right,left,0
191,2026-08-01T16:11:44.034+09:00,56.533,190,3.38,0,AVOIDING_OBSTACLE,,0,0,0,,0.000000,0.000000,0,743,green,1,obstacle-car,0.630484,"[1035, 308, 1279, 720]",0.108772,0.226,,"{""0"": 26, ""1"": 250, ""2"": null, ""3"": null, ""4"": null, ""5"": null, ""6"": null, ""7"": null}","{""0"": 0.0, ""1"": 0.0, ""2"": null, ""3"": null, ""4"": null, ""5"": null, ""6"": null, ""7"": null}",{},,1,0,1,0,,maneuver-locked,CHANGING_PAUSED,left,right,left,0
192,2026-08-01T16:11:44.361+09:00,56.859,191,3.38,0,AVOIDING_OBSTACLE,,0,0,0,,0.000000,0.000000,0,743,unknown,1,obstacle-car,0.833395,"[1041, 309, 1280, 716]",0.105321,0.268,,"{""0"": 26, ""1"": 250, ""2"": null, ""3"": null, ""4"": null, ""5"": null, ""6"": null, ""7"": null}","{""0"": 0.0, ""1"": 0.0, ""2"": null, ""3"": null, ""4"": null, ""5"": null, ""6"": null, ""7"": null}",{},,1,0,1,0,,maneuver-locked,CHANGING_PAUSED,left,right,left,0
193,2026-08-01T16:11:44.663+09:00,57.162,192,3.38,0,AVOIDING_OBSTACLE,,0,0,0,,0.000000,0.000000,0,743,unknown,1,obstacle-car,0.886276,"[1043, 310, 1280, 712]",0.103195,0.245,,"{""0"": 28, ""1"": 250, ""2"": null, ""3"": null, ""4"": null, ""5"": null, ""6"": null, ""7"": null}","{""0"": 0.0, ""1"": 0.0, ""2"": null, ""3"": null, ""4"": null, ""5"": null, ""6"": null, ""7"": null}",{},,1,0,1,0,,maneuver-locked,CHANGING_PAUSED,left,right,left,0
194,2026-08-01T16:11:44.991+09:00,57.490,193,3.38,0,AVOIDING_OBSTACLE,,0,0,0,,0.000000,0.000000,0,744,unknown,1,obstacle-car,0.888598,"[1042, 313, 1280, 714]",0.103602,0.271,,"{""0"": 25, ""1"": 250, ""2"": null, ""3"": null, ""4"": null, ""5"": null, ""6"": null, ""7"": null}","{""0"": 0.0, ""1"": 0.0, ""2"": null, ""3"": null, ""4"": null, ""5"": null, ""6"": null, ""7"": null}",{},,1,0,1,0,,maneuver-locked,CHANGING_PAUSED,left,right,left,0
195,2026-08-01T16:11:45.271+09:00,57.768,194,3.38,0,AVOIDING_OBSTACLE,,0,0,0,,0.000000,0.000000,0,744,green,1,obstacle-car,0.896546,"[1045, 313, 1280, 714]",0.101795,0.217,,"{""0"": 25, ""1"": 250, ""2"": null, ""3"": null, ""4"": null, ""5"": null, ""6"": null, ""7"": null}","{""0"": 0.0, ""1"": 0.0, ""2"": null, ""3"": null, ""4"": null, ""5"": null, ""6"": null, ""7"": null}",{},,1,0,1,0,,maneuver-locked,CHANGING_PAUSED,left,right,left,0
196,2026-08-01T16:11:45.510+09:00,58.007,195,3.38,0,AVOIDING_OBSTACLE,,0,0,0,,0.000000,0.000000,0,743,green,1,obstacle-car,0.913986,"[1048, 315, 1280, 716]",0.100833,0.176,,"{""0"": 25, ""1"": 250, ""2"": null, ""3"": null, ""4"": null, ""5"": null, ""6"": null, ""7"": null}","{""0"": 0.0, ""1"": 0.0, ""2"": null, ""3"": null, ""4"": null, ""5"": null, ""6"": null, ""7"": null}",{},,1,0,1,0,,maneuver-locked,CHANGING_PAUSED,left,right,left,0
197,2026-08-01T16:11:45.845+09:00,58.341,196,3.38,0,AVOIDING_OBSTACLE,,0,0,0,,0.000000,0.000000,0,743,green,1,obstacle-car,0.908498,"[1048, 315, 1280, 716]",0.100753,0.273,,"{""0"": 25, ""1"": 250, ""2"": null, ""3"": null, ""4"": null, ""5"": null, ""6"": null, ""7"": null}","{""0"": 0.0, ""1"": 0.0, ""2"": null, ""3"": null, ""4"": null, ""5"": null, ""6"": null, ""7"": null}",{},,1,0,1,0,,maneuver-locked,CHANGING_PAUSED,left,right,left,0
198,2026-08-01T16:11:46.115+09:00,58.611,197,3.38,0,AVOIDING_OBSTACLE,,0,0,0,,0.000000,0.000000,0,743,green,1,obstacle-car,0.915349,"[1047, 318, 1280, 716]",0.100260,0.206,,"{""0"": 25, ""1"": 250, ""2"": null, ""3"": null, ""4"": null, ""5"": null, ""6"": null, ""7"": null}","{""0"": 0.0, ""1"": 0.0, ""2"": null, ""3"": null, ""4"": null, ""5"": null, ""6"": null, ""7"": null}",{},,1,0,1,0,,maneuver-locked,CHANGING_PAUSED,left,right,left,0
199,2026-08-01T16:11:46.428+09:00,58.923,198,3.38,0,AVOIDING_OBSTACLE,,0,0,0,,0.000000,0.000000,0,743,green,1,obstacle-car,0.893459,"[1046, 317, 1280, 716]",0.101174,0.251,,"{""0"": 25, ""1"": 250, ""2"": null, ""3"": null, ""4"": null, ""5"": null, ""6"": null, ""7"": null}","{""0"": 0.0, ""1"": 0.0, ""2"": null, ""3"": null, ""4"": null, ""5"": null, ""6"": null, ""7"": null}",{},,1,0,1,0,,maneuver-locked,CHANGING_PAUSED,left,right,left,0
200,2026-08-01T16:11:46.716+09:00,59.213,199,3.38,0,AVOIDING_OBSTACLE,,0,0,0,,0.000000,0.000000,0,743,green,1,obstacle-car,0.891542,"[1042, 314, 1280, 716]",0.103745,0.228,,"{""0"": 25, ""1"": 250, ""2"": null, ""3"": null, ""4"": null, ""5"": null, ""6"": null, ""7"": null}","{""0"": 0.0, ""1"": 0.0, ""2"": null, ""3"": null, ""4"": null, ""5"": null, ""6"": null, ""7"": null}",{},,1,0,1,0,,maneuver-locked,CHANGING_PAUSED,left,right,left,0
201,2026-08-01T16:11:47.006+09:00,59.504,200,3.38,0,AVOIDING_OBSTACLE,,0,0,0,,0.000000,0.000000,0,743,green,1,obstacle-car,0.880208,"[1043, 314, 1280, 716]",0.102988,0.231,,"{""0"": 25, ""1"": 250, ""2"": null, ""3"": null, ""4"": null, ""5"": null, ""6"": null, ""7"": null}","{""0"": 0.0, ""1"": 0.0, ""2"": null, ""3"": null, ""4"": null, ""5"": null, ""6"": null, ""7"": null}",{},,1,0,1,0,,maneuver-locked,CHANGING_PAUSED,left,right,left,0
202,2026-08-01T16:11:47.297+09:00,59.796,201,3.38,0,AVOIDING_OBSTACLE,,0,0,0,,0.000000,0.000000,0,743,green,1,obstacle-car,0.891462,"[1046, 319, 1280, 716]",0.100459,0.232,,"{""0"": 25, ""1"": 250, ""2"": null, ""3"": null, ""4"": null, ""5"": null, ""6"": null, ""7"": null}","{""0"": 0.0, ""1"": 0.0, ""2"": null, ""3"": null, ""4"": null, ""5"": null, ""6"": null, ""7"": null}",{},,1,0,1,0,,maneuver-locked,CHANGING_PAUSED,left,right,left,0
203,2026-08-01T16:11:47.620+09:00,60.117,202,3.38,0,AVOIDING_OBSTACLE,,0,0,0,,0.000000,0.000000,0,743,green,1,obstacle-car,0.904923,"[1044, 315, 1280, 716]",0.102345,0.261,,"{""0"": 25, ""1"": 250, ""2"": null, ""3"": null, ""4"": null, ""5"": null, ""6"": null, ""7"": null}","{""0"": 0.0, ""1"": 0.0, ""2"": null, ""3"": null, ""4"": null, ""5"": null, ""6"": null, ""7"": null}",{},,1,0,1,0,,maneuver-locked,CHANGING_PAUSED,left,right,left,0
204,2026-08-01T16:11:47.928+09:00,60.426,203,3.38,0,AVOIDING_OBSTACLE,,0,0,0,,0.000000,0.000000,0,744,green,1,obstacle-car,0.887876,"[1045, 315, 1280, 716]",0.101932,0.248,,"{""0"": 25, ""1"": 250, ""2"": null, ""3"": null, ""4"": null, ""5"": null, ""6"": null, ""7"": null}","{""0"": 0.0, ""1"": 0.0, ""2"": null, ""3"": null, ""4"": null, ""5"": null, ""6"": null, ""7"": null}",{},,1,0,1,0,,maneuver-locked,CHANGING_PAUSED,left,right,left,0
205,2026-08-01T16:11:48.282+09:00,60.782,204,3.37,0,AVOIDING_OBSTACLE,,0,0,0,,0.000000,0.000000,0,744,green,1,obstacle-car,0.877221,"[1044, 317, 1280, 716]",0.101875,0.294,,"{""0"": 25, ""1"": 250, ""2"": null, ""3"": null, ""4"": null, ""5"": null, ""6"": null, ""7"": null}","{""0"": 0.0, ""1"": 0.0, ""2"": null, ""3"": null, ""4"": null, ""5"": null, ""6"": null, ""7"": null}",{},,1,0,1,0,,maneuver-locked,CHANGING_PAUSED,left,right,left,0
206,2026-08-01T16:11:48.528+09:00,61.028,205,3.38,0,AVOIDING_OBSTACLE,,0,0,0,,0.000000,0.000000,0,744,green,1,obstacle-car,0.867042,"[1043, 318, 1280, 716]",0.102359,0.194,,"{""0"": 25, ""1"": 250, ""2"": null, ""3"": null, ""4"": null, ""5"": null, ""6"": null, ""7"": null}","{""0"": 0.0, ""1"": 0.0, ""2"": null, ""3"": null, ""4"": null, ""5"": null, ""6"": null, ""7"": null}",{},,1,0,1,0,,maneuver-locked,CHANGING_PAUSED,left,right,left,0
207,2026-08-01T16:11:48.758+09:00,61.256,206,3.38,0,AVOIDING_OBSTACLE,,0,0,0,,0.000000,0.000000,0,743,green,1,obstacle-car,0.897969,"[1043, 314, 1280, 716]",0.103124,0.172,,"{""0"": 27, ""1"": 250, ""2"": null, ""3"": null, ""4"": null, ""5"": null, ""6"": null, ""7"": null}","{""0"": 0.0, ""1"": 0.0, ""2"": null, ""3"": null, ""4"": null, ""5"": null, ""6"": null, ""7"": null}",{},,1,0,1,0,,maneuver-locked,CHANGING_PAUSED,left,right,left,0
208,2026-08-01T16:11:49.135+09:00,61.635,207,3.38,0,AVOIDING_OBSTACLE,,0,0,0,,0.000000,0.000000,0,744,green,1,obstacle-car,0.902954,"[1052, 333, 1280, 716]",0.094298,0.320,,"{""0"": 32, ""1"": 250, ""2"": null, ""3"": null, ""4"": null, ""5"": null, ""6"": null, ""7"": null}","{""0"": 0.0, ""1"": 0.0, ""2"": null, ""3"": null, ""4"": null, ""5"": null, ""6"": null, ""7"": null}",{},,1,0,1,0,,maneuver-locked,CHANGING_PAUSED,left,right,left,0
209,2026-08-01T16:11:49.459+09:00,61.960,208,3.37,0,AVOIDING_OBSTACLE,,0,0,0,,0.000000,0.000000,0,746,green,1,obstacle-car,0.930474,"[1039, 259, 1280, 717]",0.119580,0.270,,"{""0"": 41, ""1"": 250, ""2"": null, ""3"": null, ""4"": null, ""5"": null, ""6"": null, ""7"": null}","{""0"": 0.0, ""1"": 0.0, ""2"": null, ""3"": null, ""4"": null, ""5"": null, ""6"": null, ""7"": null}",{},,1,0,1,0,,maneuver-locked,CHANGING_PAUSED,left,right,left,0
210,2026-08-01T16:11:49.768+09:00,62.266,209,3.37,0,AVOIDING_OBSTACLE,,0,0,0,,0.000000,0.000000,0,746,green,1,obstacle-car,0.868502,"[980, 19, 1276, 714]",0.223685,0.254,,"{""0"": 54, ""1"": 59, ""2"": null, ""3"": null, ""4"": null, ""5"": null, ""6"": null, ""7"": null}","{""0"": 0.0, ""1"": 0.0, ""2"": null, ""3"": null, ""4"": null, ""5"": null, ""6"": null, ""7"": null}",{},,1,0,1,0,,maneuver-locked,CHANGING_PAUSED,left,right,left,0
211,2026-08-01T16:11:50.043+09:00,62.545,210,3.38,0,AVOIDING_OBSTACLE,,0,0,0,,0.000000,0.000000,0,745,green,1,obstacle-car,0.927605,"[915, 17, 1279, 648]",0.249319,0.221,,"{""0"": 69, ""1"": 77, ""2"": null, ""3"": null, ""4"": null, ""5"": null, ""6"": null, ""7"": null}","{""0"": 0.0, ""1"": 0.0, ""2"": null, ""3"": null, ""4"": null, ""5"": null, ""6"": null, ""7"": null}",{},,1,0,1,0,,maneuver-locked,CHANGING_PAUSED,left,right,left,0
212,2026-08-01T16:11:50.326+09:00,62.825,211,3.38,0,AVOIDING_OBSTACLE,,0,0,0,,0.000000,0.000000,0,747,green,1,obstacle-car,0.922951,"[823, 0, 1276, 486]",0.239066,0.225,,"{""0"": 85, ""1"": 86, ""2"": null, ""3"": null, ""4"": null, ""5"": null, ""6"": null, ""7"": null}","{""0"": 0.0, ""1"": 0.0, ""2"": null, ""3"": null, ""4"": null, ""5"": null, ""6"": null, ""7"": null}",{},,1,0,1,0,,maneuver-locked,CHANGING_PAUSED,left,right,left,0
213,2026-08-01T16:11:50.642+09:00,63.145,212,3.37,0,AVOIDING_OBSTACLE,,0,0,0,,0.000000,0.000000,0,749,green,1,obstacle-car,0.966339,"[731, 0, 1268, 353]",0.205933,0.265,,"{""0"": 107, ""1"": 105, ""2"": null, ""3"": null, ""4"": null, ""5"": null, ""6"": null, ""7"": null}","{""0"": 0.0, ""1"": 0.0, ""2"": null, ""3"": null, ""4"": null, ""5"": null, ""6"": null, ""7"": null}",{},,1,0,1,0,,maneuver-locked,CHANGING_PAUSED,left,right,left,0
214,2026-08-01T16:11:51.023+09:00,63.522,213,3.37,0,AVOIDING_OBSTACLE,,0,0,0,,0.000000,0.000000,0,749,green,1,obstacle-car,0.885666,"[673, 1, 1139, 299]",0.150624,0.325,,"{""0"": 134, ""1"": 132, ""2"": null, ""3"": null, ""4"": null, ""5"": null, ""6"": null, ""7"": null}","{""0"": 0.0, ""1"": 0.0, ""2"": null, ""3"": null, ""4"": null, ""5"": null, ""6"": null, ""7"": null}",{},,1,0,1,0,,maneuver-locked,CHANGING_PAUSED,left,right,left,0
215,2026-08-01T16:11:51.355+09:00,63.853,214,3.37,0,AVOIDING_OBSTACLE,,0,0,0,,0.000000,0.000000,0,750,green,1,obstacle-car,0.986701,"[615, 4, 998, 253]",0.103667,0.270,,"{""0"": 250, ""1"": 169, ""2"": null, ""3"": null, ""4"": null, ""5"": null, ""6"": null, ""7"": null}","{""0"": 0.0, ""1"": 0.0, ""2"": null, ""3"": null, ""4"": null, ""5"": null, ""6"": null, ""7"": null}",{},,1,0,1,0,,maneuver-locked,CHANGING_PAUSED,left,right,left,0
216,2026-08-01T16:11:51.657+09:00,64.158,215,3.37,0,AVOIDING_OBSTACLE,,0,0,0,,0.000000,0.000000,0,751,unknown,1,obstacle-car,0.688878,"[490, 3, 792, 187]",0.060042,0.246,,"{""0"": 192, ""1"": 250, ""2"": null, ""3"": null, ""4"": null, ""5"": null, ""6"": null, ""7"": null}","{""0"": 0.0, ""1"": 0.0, ""2"": null, ""3"": null, ""4"": null, ""5"": null, ""6"": null, ""7"": null}",{},,1,0,1,0,,maneuver-locked,CHANGING_PAUSED,left,right,left,0
217,2026-08-01T16:11:51.956+09:00,64.460,216,3.37,0,AVOIDING_OBSTACLE,,0,0,0,,0.000000,0.000000,0,750,unknown,1,obstacle-car,0.676033,"[457, 0, 735, 165]",0.049548,0.247,,"{""0"": 250, ""1"": 250, ""2"": null, ""3"": null, ""4"": null, ""5"": null, ""6"": null, ""7"": null}","{""0"": 0.0, ""1"": 0.0, ""2"": null, ""3"": null, ""4"": null, ""5"": null, ""6"": null, ""7"": null}",{},,1,0,1,0,,maneuver-locked,CHANGING_PAUSED,left,right,left,0
218,2026-08-01T16:11:52.291+09:00,64.792,217,3.37,0,AVOIDING_OBSTACLE,,0,0,0,,0.000000,0.000000,0,750,unknown,0,unknown,0.000000,null,0.000000,0.279,,"{""0"": 250, ""1"": 250, ""2"": null, ""3"": null, ""4"": null, ""5"": null, ""6"": null, ""7"": null}","{""0"": 0.0, ""1"": 0.0, ""2"": null, ""3"": null, ""4"": null, ""5"": null, ""6"": null, ""7"": null}",{},,1,0,1,0,,maneuver-locked,CHANGING_PAUSED,left,right,left,0
219,2026-08-01T16:11:52.585+09:00,65.085,218,3.37,0,AVOIDING_OBSTACLE,,0,0,0,,0.000000,0.000000,0,750,unknown,0,unknown,0.000000,null,0.000000,0.235,,"{""0"": 250, ""1"": 250, ""2"": null, ""3"": null, ""4"": null, ""5"": null, ""6"": null, ""7"": null}","{""0"": 0.0, ""1"": 0.0, ""2"": null, ""3"": null, ""4"": null, ""5"": null, ""6"": null, ""7"": null}",{},,1,0,1,0,,maneuver-locked,CHANGING_PAUSED,left,right,left,0
220,2026-08-01T16:11:52.847+09:00,65.347,219,3.37,0,AVOIDING_OBSTACLE,,0,0,0,,0.000000,0.000000,0,751,unknown,0,unknown,0.000000,null,0.000000,0.204,,"{""0"": 250, ""1"": 250, ""2"": null, ""3"": null, ""4"": null, ""5"": null, ""6"": null, ""7"": null}","{""0"": 0.0, ""1"": 0.0, ""2"": null, ""3"": null, ""4"": null, ""5"": null, ""6"": null, ""7"": null}",{},,1,0,1,0,,maneuver-locked,CHANGING_PAUSED,left,right,left,0
221,2026-08-01T16:11:53.131+09:00,65.632,220,3.37,0,AVOIDING_OBSTACLE,,0,0,0,,0.000000,0.000000,0,751,unknown,0,unknown,0.000000,null,0.000000,0.228,,"{""0"": 250, ""1"": 250, ""2"": null, ""3"": null, ""4"": null, ""5"": null, ""6"": null, ""7"": null}","{""0"": 0.0, ""1"": 0.0, ""2"": null, ""3"": null, ""4"": null, ""5"": null, ""6"": null, ""7"": null}",{},,1,0,1,0,,maneuver-locked,CHANGING_PAUSED,left,right,left,0
222,2026-08-01T16:11:53.401+09:00,65.904,221,3.37,0,AVOIDING_OBSTACLE,,0,0,0,,0.000000,0.000000,0,751,unknown,0,unknown,0.000000,null,0.000000,0.218,,"{""0"": 250, ""1"": 250, ""2"": null, ""3"": null, ""4"": null, ""5"": null, ""6"": null, ""7"": null}","{""0"": 0.0, ""1"": 0.0, ""2"": null, ""3"": null, ""4"": null, ""5"": null, ""6"": null, ""7"": null}",{},,1,0,1,0,,maneuver-locked,CHANGING_PAUSED,left,right,left,0
223,2026-08-01T16:11:53.670+09:00,66.171,222,3.37,0,AVOIDING_OBSTACLE,,0,0,0,,0.000000,0.000000,0,751,unknown,0,unknown,0.000000,null,0.000000,0.218,,"{""0"": 250, ""1"": 250, ""2"": null, ""3"": null, ""4"": null, ""5"": null, ""6"": null, ""7"": null}","{""0"": 0.0, ""1"": 0.0, ""2"": null, ""3"": null, ""4"": null, ""5"": null, ""6"": null, ""7"": null}",{},,1,0,1,0,,maneuver-locked,CHANGING_PAUSED,left,right,left,0
224,2026-08-01T16:11:53.970+09:00,66.472,223,3.37,0,AVOIDING_OBSTACLE,,0,0,0,,0.000000,0.000000,0,751,unknown,0,unknown,0.000000,null,0.000000,0.248,,"{""0"": 250, ""1"": 250, ""2"": null, ""3"": null, ""4"": null, ""5"": null, ""6"": null, ""7"": null}","{""0"": 0.0, ""1"": 0.0, ""2"": null, ""3"": null, ""4"": null, ""5"": null, ""6"": null, ""7"": null}",{},,1,0,1,0,,maneuver-locked,CHANGING_PAUSED,left,right,left,0
225,2026-08-01T16:11:54.318+09:00,66.818,224,3.37,0,AVOIDING_OBSTACLE,,0,0,0,,0.000000,0.000000,0,751,unknown,0,unknown,0.000000,null,0.000000,0.294,,"{""0"": 250, ""1"": 250, ""2"": null, ""3"": null, ""4"": null, ""5"": null, ""6"": null, ""7"": null}","{""0"": 0.0, ""1"": 0.0, ""2"": null, ""3"": null, ""4"": null, ""5"": null, ""6"": null, ""7"": null}",{},,1,0,1,0,,maneuver-locked,CHANGING_PAUSED,left,right,left,0
226,2026-08-01T16:11:54.612+09:00,67.116,225,3.37,0,AVOIDING_OBSTACLE,,0,0,0,,0.000000,0.000000,0,751,unknown,0,unknown,0.000000,null,0.000000,0.244,,"{""0"": 250, ""1"": 250, ""2"": null, ""3"": null, ""4"": null, ""5"": null, ""6"": null, ""7"": null}","{""0"": 0.0, ""1"": 0.0, ""2"": null, ""3"": null, ""4"": null, ""5"": null, ""6"": null, ""7"": null}",{},,1,0,1,0,,maneuver-locked,CHANGING_PAUSED,left,right,left,0
227,2026-08-01T16:11:54.897+09:00,67.399,226,3.37,0,AVOIDING_OBSTACLE,,0,0,0,,0.000000,0.000000,0,750,unknown,0,unknown,0.000000,null,0.000000,0.235,,"{""0"": 250, ""1"": 124, ""2"": null, ""3"": null, ""4"": null, ""5"": null, ""6"": null, ""7"": null}","{""0"": 0.0, ""1"": 0.0, ""2"": null, ""3"": null, ""4"": null, ""5"": null, ""6"": null, ""7"": null}",{},,1,0,1,0,,maneuver-locked,CHANGING_PAUSED,left,right,left,0
228,2026-08-01T16:11:55.185+09:00,67.687,227,3.37,0,AVOIDING_OBSTACLE,,0,0,0,,0.000000,0.000000,0,749,unknown,0,unknown,0.000000,null,0.000000,0.239,,"{""0"": 250, ""1"": 92, ""2"": null, ""3"": null, ""4"": null, ""5"": null, ""6"": null, ""7"": null}","{""0"": 0.0, ""1"": 0.0, ""2"": null, ""3"": null, ""4"": null, ""5"": null, ""6"": null, ""7"": null}",{},,1,0,1,0,,maneuver-locked,CHANGING_PAUSED,left,right,left,0
229,2026-08-01T16:11:55.509+09:00,68.011,228,3.37,0,AVOIDING_OBSTACLE,,0,0,0,,0.000000,0.000000,0,748,unknown,0,unknown,0.000000,null,0.000000,0.270,,"{""0"": 250, ""1"": 57, ""2"": null, ""3"": null, ""4"": null, ""5"": null, ""6"": null, ""7"": null}","{""0"": 0.0, ""1"": 0.0, ""2"": null, ""3"": null, ""4"": null, ""5"": null, ""6"": null, ""7"": null}",{},,1,0,1,0,,maneuver-locked,CHANGING_PAUSED,left,right,left,0
230,2026-08-01T16:11:55.834+09:00,68.335,229,3.37,0,AVOIDING_OBSTACLE,,0,0,1,,0.000000,0.000000,0,748,unknown,0,unknown,0.000000,null,0.000000,0.276,,"{""0"": 250, ""1"": 62, ""2"": null, ""3"": null, ""4"": null, ""5"": null, ""6"": null, ""7"": null}","{""0"": 0.0, ""1"": 0.0, ""2"": null, ""3"": null, ""4"": null, ""5"": null, ""6"": null, ""7"": null}",{},,1,0,1,0,,maneuver-locked,CHANGING_PAUSED,left,right,left,0
231,2026-08-01T16:11:56.173+09:00,68.674,230,3.37,0,AVOIDING_OBSTACLE,,0,0,1,,0.000000,0.000000,0,748,unknown,0,unknown,0.000000,null,0.000000,0.288,,"{""0"": 250, ""1"": 58, ""2"": null, ""3"": null, ""4"": null, ""5"": null, ""6"": null, ""7"": null}","{""0"": 0.0, ""1"": 0.0, ""2"": null, ""3"": null, ""4"": null, ""5"": null, ""6"": null, ""7"": null}",{},,1,0,1,0,,maneuver-locked,CHANGING_PAUSED,left,right,left,0
232,2026-08-01T16:11:56.450+09:00,68.946,231,3.37,0,AVOIDING_OBSTACLE,,0,0,1,,0.000000,0.000000,0,748,red,0,unknown,0.000000,null,0.000000,0.220,,"{""0"": 250, ""1"": 56, ""2"": null, ""3"": null, ""4"": null, ""5"": null, ""6"": null, ""7"": null}","{""0"": 0.0, ""1"": 0.0, ""2"": null, ""3"": null, ""4"": null, ""5"": null, ""6"": null, ""7"": null}",{},,1,0,1,0,,maneuver-locked,CHANGING_PAUSED,left,right,left,0
233,2026-08-01T16:11:56.668+09:00,69.166,232,3.37,0,AVOIDING_OBSTACLE,,0,0,0,,0.000000,0.000000,0,748,unknown,0,unknown,0.000000,null,0.000000,0.159,,"{""0"": 250, ""1"": 57, ""2"": null, ""3"": null, ""4"": null, ""5"": null, ""6"": null, ""7"": null}","{""0"": 0.0, ""1"": 0.0, ""2"": null, ""3"": null, ""4"": null, ""5"": null, ""6"": null, ""7"": null}",{},,1,0,1,0,,maneuver-locked,CHANGING_PAUSED,left,right,left,0
234,2026-08-01T16:11:56.968+09:00,69.466,233,3.37,0,AVOIDING_OBSTACLE,,0,0,1,,0.000000,0.000000,0,748,unknown,0,unknown,0.000000,null,0.000000,0.242,,"{""0"": 250, ""1"": 58, ""2"": null, ""3"": null, ""4"": null, ""5"": null, ""6"": null, ""7"": null}","{""0"": 0.0, ""1"": 0.0, ""2"": null, ""3"": null, ""4"": null, ""5"": null, ""6"": null, ""7"": null}",{},,1,0,1,0,,maneuver-locked,CHANGING_PAUSED,left,right,left,0
235,2026-08-01T16:11:57.266+09:00,69.764,234,3.37,0,AVOIDING_OBSTACLE,,0,0,1,,0.000000,0.000000,0,747,unknown,0,unknown,0.000000,null,0.000000,0.239,,"{""0"": 250, ""1"": 66, ""2"": null, ""3"": null, ""4"": null, ""5"": null, ""6"": null, ""7"": null}","{""0"": 0.0, ""1"": 0.0, ""2"": null, ""3"": null, ""4"": null, ""5"": null, ""6"": null, ""7"": null}",{},,1,0,1,0,,maneuver-locked,CHANGING_PAUSED,left,right,left,0
236,2026-08-01T16:11:57.544+09:00,70.042,235,3.37,0,AVOIDING_OBSTACLE,,0,0,1,,0.000000,0.000000,0,747,unknown,0,unknown,0.000000,null,0.000000,0.217,,"{""0"": 250, ""1"": 53, ""2"": null, ""3"": null, ""4"": null, ""5"": null, ""6"": null, ""7"": null}","{""0"": 0.0, ""1"": 0.0, ""2"": null, ""3"": null, ""4"": null, ""5"": null, ""6"": null, ""7"": null}",{},,1,0,1,0,,maneuver-locked,CHANGING_PAUSED,left,right,left,0
237,2026-08-01T16:11:57.849+09:00,70.346,236,3.37,0,AVOIDING_OBSTACLE,,0,0,0,,0.000000,0.000000,0,747,red,0,unknown,0.000000,null,0.000000,0.243,,"{""0"": 67, ""1"": 54, ""2"": null, ""3"": null, ""4"": null, ""5"": null, ""6"": null, ""7"": null}","{""0"": 0.0, ""1"": 0.0, ""2"": null, ""3"": null, ""4"": null, ""5"": null, ""6"": null, ""7"": null}",{},,1,0,1,0,,maneuver-locked,CHANGING_PAUSED,left,right,left,0
238,2026-08-01T16:11:58.115+09:00,70.612,237,3.37,0,AVOIDING_OBSTACLE,,0,0,0,,0.000000,0.000000,0,747,green,0,unknown,0.000000,null,0.000000,0.208,,"{""0"": 250, ""1"": 53, ""2"": null, ""3"": null, ""4"": null, ""5"": null, ""6"": null, ""7"": null}","{""0"": 0.0, ""1"": 0.0, ""2"": null, ""3"": null, ""4"": null, ""5"": null, ""6"": null, ""7"": null}",{},,1,0,1,0,,maneuver-locked,CHANGING_PAUSED,left,right,left,0
239,2026-08-01T16:11:58.403+09:00,70.902,238,3.37,0,AVOIDING_OBSTACLE,,0,0,0,,0.000000,0.000000,0,747,red,0,unknown,0.000000,null,0.000000,0.230,,"{""0"": 68, ""1"": 54, ""2"": null, ""3"": null, ""4"": null, ""5"": null, ""6"": null, ""7"": null}","{""0"": 0.0, ""1"": 0.0, ""2"": null, ""3"": null, ""4"": null, ""5"": null, ""6"": null, ""7"": null}",{},,1,0,1,0,,maneuver-locked,CHANGING_PAUSED,left,right,left,0
240,2026-08-01T16:11:58.685+09:00,71.184,239,3.37,0,AVOIDING_OBSTACLE,,0,0,0,,0.000000,0.000000,0,748,red,0,unknown,0.000000,null,0.000000,0.228,,"{""0"": 67, ""1"": 52, ""2"": null, ""3"": null, ""4"": null, ""5"": null, ""6"": null, ""7"": null}","{""0"": 0.0, ""1"": 0.0, ""2"": null, ""3"": null, ""4"": null, ""5"": null, ""6"": null, ""7"": null}",{},,1,0,1,0,,maneuver-locked,CHANGING_PAUSED,left,right,left,0
241,2026-08-01T16:11:59.024+09:00,71.519,240,3.37,0,AVOIDING_OBSTACLE,,0,0,0,,0.000000,0.000000,0,747,red,0,unknown,0.000000,null,0.000000,0.275,,"{""0"": 66, ""1"": 52, ""2"": null, ""3"": null, ""4"": null, ""5"": null, ""6"": null, ""7"": null}","{""0"": 0.0, ""1"": 0.0, ""2"": null, ""3"": null, ""4"": null, ""5"": null, ""6"": null, ""7"": null}",{},,1,0,1,0,,maneuver-locked,CHANGING_PAUSED,left,right,left,0
242,2026-08-01T16:11:59.273+09:00,71.771,241,3.37,0,AVOIDING_OBSTACLE,,0,0,0,,0.000000,0.000000,0,747,red,0,unknown,0.000000,null,0.000000,0.188,,"{""0"": 67, ""1"": 54, ""2"": null, ""3"": null, ""4"": null, ""5"": null, ""6"": null, ""7"": null}","{""0"": 0.0, ""1"": 0.0, ""2"": null, ""3"": null, ""4"": null, ""5"": null, ""6"": null, ""7"": null}",{},,1,0,1,0,,maneuver-locked,CHANGING_PAUSED,left,right,left,0
243,2026-08-01T16:11:59.557+09:00,72.055,242,3.37,0,AVOIDING_OBSTACLE,,0,0,0,,0.000000,0.000000,0,748,unknown,0,unknown,0.000000,null,0.000000,0.222,,"{""0"": 250, ""1"": 52, ""2"": null, ""3"": null, ""4"": null, ""5"": null, ""6"": null, ""7"": null}","{""0"": 0.0, ""1"": 0.0, ""2"": null, ""3"": null, ""4"": null, ""5"": null, ""6"": null, ""7"": null}",{},,1,0,1,0,,maneuver-locked,CHANGING_PAUSED,left,right,left,0
244,2026-08-01T16:11:59.815+09:00,72.314,243,3.38,0,AVOIDING_OBSTACLE,,0,0,0,,0.000000,0.000000,0,747,unknown,0,unknown,0.000000,null,0.000000,0.202,,"{""0"": 70, ""1"": 52, ""2"": null, ""3"": null, ""4"": null, ""5"": null, ""6"": null, ""7"": null}","{""0"": 0.0, ""1"": 0.0, ""2"": null, ""3"": null, ""4"": null, ""5"": null, ""6"": null, ""7"": null}",{},,1,0,1,0,,maneuver-locked,CHANGING_PAUSED,left,right,left,0
245,2026-08-01T16:12:00.091+09:00,72.588,244,3.38,0,AVOIDING_OBSTACLE,,0,0,0,,0.000000,0.000000,0,747,unknown,0,unknown,0.000000,null,0.000000,0.213,,"{""0"": 250, ""1"": 63, ""2"": null, ""3"": null, ""4"": null, ""5"": null, ""6"": null, ""7"": null}","{""0"": 0.0, ""1"": 0.0, ""2"": null, ""3"": null, ""4"": null, ""5"": null, ""6"": null, ""7"": null}",{},,1,0,1,0,,maneuver-locked,CHANGING_PAUSED,left,right,left,0
246,2026-08-01T16:12:00.330+09:00,72.827,245,3.38,0,AVOIDING_OBSTACLE,,0,0,0,,0.000000,0.000000,0,748,unknown,0,unknown,0.000000,null,0.000000,0.177,,"{""0"": 250, ""1"": 57, ""2"": null, ""3"": null, ""4"": null, ""5"": null, ""6"": null, ""7"": null}","{""0"": 0.0, ""1"": 0.0, ""2"": null, ""3"": null, ""4"": null, ""5"": null, ""6"": null, ""7"": null}",{},,1,0,1,0,,maneuver-locked,CHANGING_PAUSED,left,right,left,0
247,2026-08-01T16:12:00.631+09:00,73.130,246,3.38,0,AVOIDING_OBSTACLE,,0,0,0,,0.000000,0.000000,0,748,red,0,unknown,0.000000,null,0.000000,0.242,,"{""0"": 68, ""1"": 61, ""2"": null, ""3"": null, ""4"": null, ""5"": null, ""6"": null, ""7"": null}","{""0"": 0.0, ""1"": 0.0, ""2"": null, ""3"": null, ""4"": null, ""5"": null, ""6"": null, ""7"": null}",{},,1,0,1,0,,maneuver-locked,CHANGING_PAUSED,left,right,left,0
248,2026-08-01T16:12:00.910+09:00,73.411,247,3.38,0,AVOIDING_OBSTACLE,,0,0,0,,0.000000,0.000000,0,748,red,0,unknown,0.000000,null,0.000000,0.226,,"{""0"": 58, ""1"": 29, ""2"": null, ""3"": null, ""4"": null, ""5"": null, ""6"": null, ""7"": null}","{""0"": 0.0, ""1"": 0.0, ""2"": null, ""3"": null, ""4"": null, ""5"": null, ""6"": null, ""7"": null}",{},,1,0,1,0,,maneuver-locked,CHANGING_PAUSED,left,right,left,0
249,2026-08-01T16:12:01.205+09:00,73.701,248,3.38,0,AVOIDING_OBSTACLE,,0,0,0,,0.000000,0.000000,0,747,green,0,unknown,0.000000,null,0.000000,0.231,,"{""0"": 57, ""1"": 50, ""2"": null, ""3"": null, ""4"": null, ""5"": null, ""6"": null, ""7"": null}","{""0"": 0.0, ""1"": 0.0, ""2"": null, ""3"": null, ""4"": null, ""5"": null, ""6"": null, ""7"": null}",{},,1,0,1,0,,maneuver-locked,CHANGING_PAUSED,left,right,left,0
250,2026-08-01T16:12:01.526+09:00,74.022,249,3.38,0,AVOIDING_OBSTACLE,,0,0,0,,0.000000,0.000000,0,747,unknown,0,unknown,0.000000,null,0.000000,0.260,,"{""0"": 17, ""1"": 16, ""2"": null, ""3"": null, ""4"": null, ""5"": null, ""6"": null, ""7"": null}","{""0"": 0.0, ""1"": 0.0, ""2"": null, ""3"": null, ""4"": null, ""5"": null, ""6"": null, ""7"": null}",{},,1,0,1,0,,maneuver-locked,CHANGING_PAUSED,left,right,left,0
251,2026-08-01T16:12:01.820+09:00,74.317,250,3.38,0,AVOIDING_OBSTACLE,,0,0,0,,0.000000,0.000000,0,748,red,0,unknown,0.000000,null,0.000000,0.236,,"{""0"": 14, ""1"": 16, ""2"": null, ""3"": null, ""4"": null, ""5"": null, ""6"": null, ""7"": null}","{""0"": 0.0, ""1"": 0.0, ""2"": null, ""3"": null, ""4"": null, ""5"": null, ""6"": null, ""7"": null}",{},,1,0,1,0,,maneuver-locked,CHANGING_PAUSED,left,right,left,0
252,2026-08-01T16:12:02.110+09:00,74.608,251,3.38,0,AVOIDING_OBSTACLE,,0,0,0,,0.000000,0.000000,0,743,unknown,0,unknown,0.000000,null,0.000000,0.231,,"{""0"": 16, ""1"": 16, ""2"": null, ""3"": null, ""4"": null, ""5"": null, ""6"": null, ""7"": null}","{""0"": 0.0, ""1"": 0.0, ""2"": null, ""3"": null, ""4"": null, ""5"": null, ""6"": null, ""7"": null}",{},,1,0,1,0,,maneuver-locked,CHANGING_PAUSED,left,right,left,0
253,2026-08-01T16:12:02.365+09:00,74.864,252,3.38,0,AVOIDING_OBSTACLE,,0,0,0,,0.000000,0.000000,0,742,red,0,unknown,0.000000,null,0.000000,0.195,,"{""0"": 250, ""1"": 18, ""2"": null, ""3"": null, ""4"": null, ""5"": null, ""6"": null, ""7"": null}","{""0"": 0.0, ""1"": 0.0, ""2"": null, ""3"": null, ""4"": null, ""5"": null, ""6"": null, ""7"": null}",{},,1,0,1,0,,maneuver-locked,CHANGING_PAUSED,left,right,left,0
254,2026-08-01T16:12:02.641+09:00,75.143,253,3.38,0,AVOIDING_OBSTACLE,,0,0,0,,0.000000,0.000000,0,742,red,0,unknown,0.000000,null,0.000000,0.224,,"{""0"": 10, ""1"": 37, ""2"": null, ""3"": null, ""4"": null, ""5"": null, ""6"": null, ""7"": null}","{""0"": 0.0, ""1"": 0.0, ""2"": null, ""3"": null, ""4"": null, ""5"": null, ""6"": null, ""7"": null}",{},,1,0,1,0,,maneuver-locked,CHANGING_PAUSED,left,right,left,0
255,2026-08-01T16:12:02.917+09:00,75.419,254,3.38,0,AVOIDING_OBSTACLE,,0,0,0,,0.000000,0.000000,0,742,unknown,0,unknown,0.000000,null,0.000000,0.220,,"{""0"": 9, ""1"": 250, ""2"": null, ""3"": null, ""4"": null, ""5"": null, ""6"": null, ""7"": null}","{""0"": 0.0, ""1"": 0.0, ""2"": null, ""3"": null, ""4"": null, ""5"": null, ""6"": null, ""7"": null}",{},,1,0,1,0,,maneuver-locked,CHANGING_PAUSED,left,right,left,0
256,2026-08-01T16:12:03.187+09:00,75.689,255,3.38,0,AVOIDING_OBSTACLE,,0,0,1,,0.000000,0.000000,0,741,unknown,0,unknown,0.000000,null,0.000000,0.215,,"{""0"": 6, ""1"": 16, ""2"": null, ""3"": null, ""4"": null, ""5"": null, ""6"": null, ""7"": null}","{""0"": 0.0, ""1"": 0.0, ""2"": null, ""3"": null, ""4"": null, ""5"": null, ""6"": null, ""7"": null}",{},,1,0,1,0,,maneuver-locked,CHANGING_PAUSED,left,right,left,0
257,2026-08-01T16:12:03.477+09:00,75.978,256,3.38,0,AVOIDING_OBSTACLE,,0,0,0,,0.000000,0.000000,0,741,unknown,1,obstacle-car,0.856810,"[435, 13, 1188, 715]",0.572747,0.239,,"{""0"": 4, ""1"": 250, ""2"": null, ""3"": null, ""4"": null, ""5"": null, ""6"": null, ""7"": null}","{""0"": 0.0, ""1"": 0.0, ""2"": null, ""3"": null, ""4"": null, ""5"": null, ""6"": null, ""7"": null}",{},,1,0,1,0,,maneuver-locked,CHANGING_PAUSED,left,right,left,0
258,2026-08-01T16:12:03.771+09:00,76.270,257,3.38,0,AVOIDING_OBSTACLE,,0,0,0,,0.000000,0.000000,0,742,unknown,1,obstacle-car,0.600113,"[923, 11, 1278, 712]",0.270647,0.237,,"{""0"": 250, ""1"": 4, ""2"": null, ""3"": null, ""4"": null, ""5"": null, ""6"": null, ""7"": null}","{""0"": 0.0, ""1"": 0.0, ""2"": null, ""3"": null, ""4"": null, ""5"": null, ""6"": null, ""7"": null}",{},,1,0,1,0,,maneuver-locked,CHANGING_PAUSED,left,right,left,0
259,2026-08-01T16:12:03.995+09:00,76.494,258,3.39,0,AVOIDING_OBSTACLE,,0,0,0,,0.000000,0.000000,0,742,unknown,0,unknown,0.000000,null,0.000000,0.164,,"{""0"": 250, ""1"": 6, ""2"": null, ""3"": null, ""4"": null, ""5"": null, ""6"": null, ""7"": null}","{""0"": 0.0, ""1"": 0.0, ""2"": null, ""3"": null, ""4"": null, ""5"": null, ""6"": null, ""7"": null}",{},,1,0,1,0,,maneuver-locked,CHANGING_PAUSED,left,right,left,0
260,2026-08-01T16:12:04.250+09:00,76.749,259,3.39,0,AVOIDING_OBSTACLE,,0,0,0,,0.000000,0.000000,0,741,unknown,1,obstacle-car,0.885343,"[927, 0, 1278, 710]",0.270417,0.194,,"{""0"": 250, ""1"": 4, ""2"": null, ""3"": null, ""4"": null, ""5"": null, ""6"": null, ""7"": null}","{""0"": 0.0, ""1"": 0.0, ""2"": null, ""3"": null, ""4"": null, ""5"": null, ""6"": null, ""7"": null}",{},,1,0,1,0,,maneuver-locked,CHANGING_PAUSED,left,right,left,0
261,2026-08-01T16:12:04.524+09:00,77.027,260,3.39,0,AVOIDING_OBSTACLE,,0,0,0,,0.000000,0.000000,0,741,unknown,1,obstacle-car,0.775080,"[870, 3, 1278, 718]",0.316532,0.221,,"{""0"": 250, ""1"": 9, ""2"": null, ""3"": null, ""4"": null, ""5"": null, ""6"": null, ""7"": null}","{""0"": 0.0, ""1"": 0.0, ""2"": null, ""3"": null, ""4"": null, ""5"": null, ""6"": null, ""7"": null}",{},,1,0,1,0,,maneuver-locked,CHANGING_PAUSED,left,right,left,0
262,2026-08-01T16:12:04.887+09:00,77.386,261,3.39,0,AVOIDING_OBSTACLE,,0,0,0,,0.000000,0.000000,0,742,unknown,0,unknown,0.000000,null,0.000000,0.307,,"{""0"": 250, ""1"": 5, ""2"": null, ""3"": null, ""4"": null, ""5"": null, ""6"": null, ""7"": null}","{""0"": 0.0, ""1"": 0.0, ""2"": null, ""3"": null, ""4"": null, ""5"": null, ""6"": null, ""7"": null}",{},,1,0,1,0,,maneuver-locked,CHANGING_PAUSED,left,right,left,0
263,2026-08-01T16:12:05.241+09:00,77.740,262,3.38,0,AVOIDING_OBSTACLE,,0,0,0,,0.000000,0.000000,0,742,unknown,0,unknown,0.000000,null,0.000000,0.294,,"{""0"": 250, ""1"": 4, ""2"": null, ""3"": null, ""4"": null, ""5"": null, ""6"": null, ""7"": null}","{""0"": 0.0, ""1"": 0.0, ""2"": null, ""3"": null, ""4"": null, ""5"": null, ""6"": null, ""7"": null}",{},,1,0,1,0,,maneuver-locked,CHANGING_PAUSED,left,right,left,0
264,2026-08-01T16:12:05.528+09:00,78.029,263,3.38,0,AVOIDING_OBSTACLE,,0,0,0,,0.000000,0.000000,0,742,unknown,0,unknown,0.000000,null,0.000000,0.233,,"{""0"": 250, ""1"": 17, ""2"": null, ""3"": null, ""4"": null, ""5"": null, ""6"": null, ""7"": null}","{""0"": 0.0, ""1"": 0.0, ""2"": null, ""3"": null, ""4"": null, ""5"": null, ""6"": null, ""7"": null}",{},,1,0,1,0,,maneuver-locked,CHANGING_PAUSED,left,right,left,0
265,2026-08-01T16:12:05.854+09:00,78.356,264,3.38,0,AVOIDING_OBSTACLE,,0,0,0,,0.000000,0.000000,0,742,unknown,1,obstacle-car,0.761405,"[1005, 0, 1280, 720]",0.214095,0.271,,"{""0"": 250, ""1"": 250, ""2"": null, ""3"": null, ""4"": null, ""5"": null, ""6"": null, ""7"": null}","{""0"": 0.0, ""1"": 0.0, ""2"": null, ""3"": null, ""4"": null, ""5"": null, ""6"": null, ""7"": null}",{},,1,0,1,0,,maneuver-locked,CHANGING_PAUSED,left,right,left,0
266,2026-08-01T16:12:06.126+09:00,78.626,265,3.38,0,AVOIDING_OBSTACLE,,0,0,0,,0.000000,0.000000,0,742,unknown,1,obstacle-car,0.779797,"[894, 2, 1278, 714]",0.296727,0.218,,"{""0"": 250, ""1"": 4, ""2"": null, ""3"": null, ""4"": null, ""5"": null, ""6"": null, ""7"": null}","{""0"": 0.0, ""1"": 0.0, ""2"": null, ""3"": null, ""4"": null, ""5"": null, ""6"": null, ""7"": null}",{},,1,0,1,0,,maneuver-locked,CHANGING_PAUSED,left,right,left,0
267,2026-08-01T16:12:06.452+09:00,78.955,266,3.38,0,AVOIDING_OBSTACLE,,0,0,0,,0.000000,0.000000,0,741,unknown,1,obstacle-car,0.700724,"[933, 0, 1277, 711]",0.265261,0.273,,"{""0"": 24, ""1"": 18, ""2"": null, ""3"": null, ""4"": null, ""5"": null, ""6"": null, ""7"": null}","{""0"": 0.0, ""1"": 0.0, ""2"": null, ""3"": null, ""4"": null, ""5"": null, ""6"": null, ""7"": null}",{},,1,0,1,0,,maneuver-locked,CHANGING_PAUSED,left,right,left,0
268,2026-08-01T16:12:06.781+09:00,79.282,267,3.38,0,AVOIDING_OBSTACLE,,0,0,0,,0.000000,0.000000,0,741,unknown,0,unknown,0.000000,null,0.000000,0.274,,"{""0"": 2, ""1"": 5, ""2"": null, ""3"": null, ""4"": null, ""5"": null, ""6"": null, ""7"": null}","{""0"": 0.0, ""1"": 0.0, ""2"": null, ""3"": null, ""4"": null, ""5"": null, ""6"": null, ""7"": null}",{},,1,0,1,0,,maneuver-locked,CHANGING_PAUSED,left,right,left,0
269,2026-08-01T16:12:07.052+09:00,79.555,268,3.38,0,AVOIDING_OBSTACLE,,0,0,0,,0.000000,0.000000,0,741,unknown,0,unknown,0.000000,null,0.000000,0.214,,"{""0"": 4, ""1"": 6, ""2"": null, ""3"": null, ""4"": null, ""5"": null, ""6"": null, ""7"": null}","{""0"": 0.0, ""1"": 0.0, ""2"": null, ""3"": null, ""4"": null, ""5"": null, ""6"": null, ""7"": null}",{},,1,0,1,0,,maneuver-locked,CHANGING_PAUSED,left,right,left,0
270,2026-08-01T16:12:07.295+09:00,79.797,269,3.38,0,AVOIDING_OBSTACLE,,0,0,0,,0.000000,0.000000,0,741,unknown,0,unknown,0.000000,null,0.000000,0.190,,"{""0"": 5, ""1"": 2, ""2"": null, ""3"": null, ""4"": null, ""5"": null, ""6"": null, ""7"": null}","{""0"": 0.0, ""1"": 0.0, ""2"": null, ""3"": null, ""4"": null, ""5"": null, ""6"": null, ""7"": null}",{},,1,0,1,0,,maneuver-locked,CHANGING_PAUSED,left,right,left,0
271,2026-08-01T16:12:07.603+09:00,80.105,270,3.38,0,AVOIDING_OBSTACLE,,0,0,0,,0.000000,0.000000,0,742,unknown,0,unknown,0.000000,null,0.000000,0.258,,"{""0"": 250, ""1"": 250, ""2"": null, ""3"": null, ""4"": null, ""5"": null, ""6"": null, ""7"": null}","{""0"": 0.0, ""1"": 0.0, ""2"": null, ""3"": null, ""4"": null, ""5"": null, ""6"": null, ""7"": null}",{},,1,0,1,0,,maneuver-locked,CHANGING_PAUSED,left,right,left,0
272,2026-08-01T16:12:07.901+09:00,80.401,271,3.38,0,AVOIDING_OBSTACLE,,0,0,0,,0.000000,0.000000,0,742,unknown,0,unknown,0.000000,null,0.000000,0.244,,"{""0"": 3, ""1"": 5, ""2"": null, ""3"": null, ""4"": null, ""5"": null, ""6"": null, ""7"": null}","{""0"": 0.0, ""1"": 0.0, ""2"": null, ""3"": null, ""4"": null, ""5"": null, ""6"": null, ""7"": null}",{},,1,0,1,0,,maneuver-locked,CHANGING_PAUSED,left,right,left,0
273,2026-08-01T16:12:08.202+09:00,80.703,272,3.38,0,AVOIDING_OBSTACLE,,0,0,0,,0.000000,0.000000,0,742,unknown,0,unknown,0.000000,null,0.000000,0.247,,"{""0"": 7, ""1"": 8, ""2"": null, ""3"": null, ""4"": null, ""5"": null, ""6"": null, ""7"": null}","{""0"": 0.0, ""1"": 0.0, ""2"": null, ""3"": null, ""4"": null, ""5"": null, ""6"": null, ""7"": null}",{},,1,0,1,0,,maneuver-locked,CHANGING_PAUSED,left,right,left,0
274,2026-08-01T16:12:08.578+09:00,81.081,273,3.38,0,AVOIDING_OBSTACLE,,0,0,0,,0.000000,0.000000,0,741,unknown,0,unknown,0.000000,null,0.000000,0.320,,"{""0"": 250, ""1"": 5, ""2"": null, ""3"": null, ""4"": null, ""5"": null, ""6"": null, ""7"": null}","{""0"": 0.0, ""1"": 0.0, ""2"": null, ""3"": null, ""4"": null, ""5"": null, ""6"": null, ""7"": null}",{},,1,0,1,0,,maneuver-locked,CHANGING_PAUSED,left,right,left,0
275,2026-08-01T16:12:08.811+09:00,81.311,274,3.38,0,AVOIDING_OBSTACLE,,0,0,0,,0.000000,0.000000,0,742,unknown,0,unknown,0.000000,null,0.000000,0.178,,"{""0"": 250, ""1"": 16, ""2"": null, ""3"": null, ""4"": null, ""5"": null, ""6"": null, ""7"": null}","{""0"": 0.0, ""1"": 0.0, ""2"": null, ""3"": null, ""4"": null, ""5"": null, ""6"": null, ""7"": null}",{},,1,0,1,0,,maneuver-locked,CHANGING_PAUSED,left,right,left,0
276,2026-08-01T16:12:09.038+09:00,81.538,275,3.39,0,AVOIDING_OBSTACLE,,0,0,0,,0.000000,0.000000,0,742,unknown,0,unknown,0.000000,null,0.000000,0.168,,"{""0"": 7, ""1"": 15, ""2"": null, ""3"": null, ""4"": null, ""5"": null, ""6"": null, ""7"": null}","{""0"": 0.0, ""1"": 0.0, ""2"": null, ""3"": null, ""4"": null, ""5"": null, ""6"": null, ""7"": null}",{},,1,0,1,0,,maneuver-locked,CHANGING_PAUSED,left,right,left,0
277,2026-08-01T16:12:09.316+09:00,81.819,276,3.39,0,AVOIDING_OBSTACLE,,0,0,0,,0.000000,0.000000,0,742,unknown,1,obstacle-car,0.672200,"[558, 0, 1215, 713]",0.508929,0.225,,"{""0"": 2, ""1"": 250, ""2"": null, ""3"": null, ""4"": null, ""5"": null, ""6"": null, ""7"": null}","{""0"": 0.0, ""1"": 0.0, ""2"": null, ""3"": null, ""4"": null, ""5"": null, ""6"": null, ""7"": null}",{},,1,0,1,0,,maneuver-locked,CHANGING_PAUSED,left,right,left,0
278,2026-08-01T16:12:09.634+09:00,82.136,277,3.39,0,AVOIDING_OBSTACLE,,0,0,0,,0.000000,0.000000,0,741,green,0,unknown,0.000000,null,0.000000,0.266,,"{""0"": 6, ""1"": 250, ""2"": null, ""3"": null, ""4"": null, ""5"": null, ""6"": null, ""7"": null}","{""0"": 0.0, ""1"": 0.0, ""2"": null, ""3"": null, ""4"": null, ""5"": null, ""6"": null, ""7"": null}",{},,1,0,1,0,,maneuver-locked,CHANGING_PAUSED,left,right,left,0
279,2026-08-01T16:12:09.872+09:00,82.372,278,3.39,0,AVOIDING_OBSTACLE,,0,0,0,,0.000000,0.000000,0,742,unknown,0,unknown,0.000000,null,0.000000,0.179,,"{""0"": 15, ""1"": 250, ""2"": null, ""3"": null, ""4"": null, ""5"": null, ""6"": null, ""7"": null}","{""0"": 0.0, ""1"": 0.0, ""2"": null, ""3"": null, ""4"": null, ""5"": null, ""6"": null, ""7"": null}",{},,1,0,1,0,,maneuver-locked,CHANGING_PAUSED,left,right,left,0
280,2026-08-01T16:12:10.129+09:00,82.633,279,3.39,0,AVOIDING_OBSTACLE,,0,0,0,,0.000000,0.000000,0,741,unknown,0,unknown,0.000000,null,0.000000,0.203,,"{""0"": 16, ""1"": 17, ""2"": null, ""3"": null, ""4"": null, ""5"": null, ""6"": null, ""7"": null}","{""0"": 0.0, ""1"": 0.0, ""2"": null, ""3"": null, ""4"": null, ""5"": null, ""6"": null, ""7"": null}",{},,1,0,1,0,,maneuver-locked,CHANGING_PAUSED,left,right,left,0
281,2026-08-01T16:12:10.414+09:00,82.913,280,3.39,0,AVOIDING_OBSTACLE,,0,0,0,,0.000000,0.000000,0,742,unknown,0,unknown,0.000000,null,0.000000,0.228,,"{""0"": 21, ""1"": 250, ""2"": null, ""3"": null, ""4"": null, ""5"": null, ""6"": null, ""7"": null}","{""0"": 0.0, ""1"": 0.0, ""2"": null, ""3"": null, ""4"": null, ""5"": null, ""6"": null, ""7"": null}",{},,1,0,1,0,,maneuver-locked,CHANGING_PAUSED,left,right,left,0
282,2026-08-01T16:12:10.648+09:00,83.148,281,3.39,0,AVOIDING_OBSTACLE,,0,0,0,,0.000000,0.000000,0,742,unknown,0,unknown,0.000000,null,0.000000,0.176,,"{""0"": 21, ""1"": 23, ""2"": null, ""3"": null, ""4"": null, ""5"": null, ""6"": null, ""7"": null}","{""0"": 0.0, ""1"": 0.0, ""2"": null, ""3"": null, ""4"": null, ""5"": null, ""6"": null, ""7"": null}",{},,1,0,1,0,,maneuver-locked,CHANGING_PAUSED,left,right,left,0
283,2026-08-01T16:12:10.885+09:00,83.382,282,3.40,0,AVOIDING_OBSTACLE,,0,0,0,,0.000000,0.000000,0,742,unknown,0,unknown,0.000000,null,0.000000,0.172,,"{""0"": 18, ""1"": 24, ""2"": null, ""3"": null, ""4"": null, ""5"": null, ""6"": null, ""7"": null}","{""0"": 0.0, ""1"": 0.0, ""2"": null, ""3"": null, ""4"": null, ""5"": null, ""6"": null, ""7"": null}",{},,1,0,1,0,,maneuver-locked,CHANGING_PAUSED,left,right,left,0
284,2026-08-01T16:12:11.140+09:00,83.640,283,3.40,0,AVOIDING_OBSTACLE,,0,0,0,,0.000000,0.000000,0,742,unknown,0,unknown,0.000000,null,0.000000,0.196,,"{""0"": 19, ""1"": 17, ""2"": null, ""3"": null, ""4"": null, ""5"": null, ""6"": null, ""7"": null}","{""0"": 0.0, ""1"": 0.0, ""2"": null, ""3"": null, ""4"": null, ""5"": null, ""6"": null, ""7"": null}",{},,1,0,1,0,,maneuver-locked,CHANGING_PAUSED,left,right,left,0
285,2026-08-01T16:12:11.415+09:00,83.917,284,3.40,0,AVOIDING_OBSTACLE,,0,0,0,,0.000000,0.000000,0,742,red,1,obstacle-car,0.756956,"[588, 4, 1157, 715]",0.438169,0.220,,"{""0"": 16, ""1"": 250, ""2"": null, ""3"": null, ""4"": null, ""5"": null, ""6"": null, ""7"": null}","{""0"": 0.0, ""1"": 0.0, ""2"": null, ""3"": null, ""4"": null, ""5"": null, ""6"": null, ""7"": null}",{},,1,0,1,0,,maneuver-locked,CHANGING_PAUSED,left,right,left,0
286,2026-08-01T16:12:11.723+09:00,84.224,285,3.40,0,AVOIDING_OBSTACLE,,0,0,0,,0.000000,0.000000,0,741,unknown,0,unknown,0.000000,null,0.000000,0.255,,"{""0"": 16, ""1"": 250, ""2"": null, ""3"": null, ""4"": null, ""5"": null, ""6"": null, ""7"": null}","{""0"": 0.0, ""1"": 0.0, ""2"": null, ""3"": null, ""4"": null, ""5"": null, ""6"": null, ""7"": null}",{},,1,0,1,0,,maneuver-locked,CHANGING_PAUSED,left,right,left,0
287,2026-08-01T16:12:12.005+09:00,84.505,286,3.40,0,AVOIDING_OBSTACLE,,0,0,0,,0.000000,0.000000,0,737,unknown,0,unknown,0.000000,null,0.000000,0.227,,"{""0"": 16, ""1"": 250, ""2"": null, ""3"": null, ""4"": null, ""5"": null, ""6"": null, ""7"": null}","{""0"": 0.0, ""1"": 0.0, ""2"": null, ""3"": null, ""4"": null, ""5"": null, ""6"": null, ""7"": null}",{},,1,0,1,0,,maneuver-locked,CHANGING_PAUSED,left,right,left,0
288,2026-08-01T16:12:12.248+09:00,84.747,287,3.40,0,AVOIDING_OBSTACLE,,0,0,0,,0.000000,0.000000,0,738,unknown,0,unknown,0.000000,null,0.000000,0.180,,"{""0"": 14, ""1"": 250, ""2"": null, ""3"": null, ""4"": null, ""5"": null, ""6"": null, ""7"": null}","{""0"": 0.0, ""1"": 0.0, ""2"": null, ""3"": null, ""4"": null, ""5"": null, ""6"": null, ""7"": null}",{},,1,0,1,0,,maneuver-locked,CHANGING_PAUSED,left,right,left,0
289,2026-08-01T16:12:12.497+09:00,84.996,288,3.40,0,AVOIDING_OBSTACLE,,0,0,0,,0.000000,0.000000,0,737,unknown,0,unknown,0.000000,null,0.000000,0.191,,"{""0"": 13, ""1"": 250, ""2"": null, ""3"": null, ""4"": null, ""5"": null, ""6"": null, ""7"": null}","{""0"": 0.0, ""1"": 0.0, ""2"": null, ""3"": null, ""4"": null, ""5"": null, ""6"": null, ""7"": null}",{},,1,0,1,0,,maneuver-locked,CHANGING_PAUSED,left,right,left,0
290,2026-08-01T16:12:12.780+09:00,85.280,289,3.40,0,AVOIDING_OBSTACLE,,0,0,0,,0.000000,0.000000,0,737,unknown,0,unknown,0.000000,null,0.000000,0.223,,"{""0"": 15, ""1"": 250, ""2"": null, ""3"": null, ""4"": null, ""5"": null, ""6"": null, ""7"": null}","{""0"": 0.0, ""1"": 0.0, ""2"": null, ""3"": null, ""4"": null, ""5"": null, ""6"": null, ""7"": null}",{},,1,0,1,0,,maneuver-locked,CHANGING_PAUSED,left,right,left,0
291,2026-08-01T16:12:13.080+09:00,85.579,290,3.40,0,AVOIDING_OBSTACLE,,0,0,0,,0.000000,0.000000,0,737,unknown,0,unknown,0.000000,null,0.000000,0.239,,"{""0"": 15, ""1"": 250, ""2"": null, ""3"": null, ""4"": null, ""5"": null, ""6"": null, ""7"": null}","{""0"": 0.0, ""1"": 0.0, ""2"": null, ""3"": null, ""4"": null, ""5"": null, ""6"": null, ""7"": null}",{},,1,0,1,0,,maneuver-locked,CHANGING_PAUSED,left,right,left,0
292,2026-08-01T16:12:13.436+09:00,85.934,291,3.40,0,AVOIDING_OBSTACLE,,0,0,0,,0.000000,0.000000,0,737,unknown,0,unknown,0.000000,null,0.000000,0.297,,"{""0"": 15, ""1"": 250, ""2"": null, ""3"": null, ""4"": null, ""5"": null, ""6"": null, ""7"": null}","{""0"": 0.0, ""1"": 0.0, ""2"": null, ""3"": null, ""4"": null, ""5"": null, ""6"": null, ""7"": null}",{},,1,0,1,0,,maneuver-locked,CHANGING_PAUSED,left,right,left,0
293,2026-08-01T16:12:13.754+09:00,86.253,292,3.40,0,AVOIDING_OBSTACLE,,0,0,0,,0.000000,0.000000,0,736,unknown,0,unknown,0.000000,null,0.000000,0.258,,"{""0"": 16, ""1"": 37, ""2"": null, ""3"": null, ""4"": null, ""5"": null, ""6"": null, ""7"": null}","{""0"": 0.0, ""1"": 0.0, ""2"": null, ""3"": null, ""4"": null, ""5"": null, ""6"": null, ""7"": null}",{},,1,0,1,0,,maneuver-locked,CHANGING_PAUSED,left,right,left,0
294,2026-08-01T16:12:14.044+09:00,86.543,293,3.40,0,AVOIDING_OBSTACLE,,0,0,0,,0.000000,0.000000,0,737,red,0,unknown,0.000000,null,0.000000,0.231,,"{""0"": 13, ""1"": 36, ""2"": null, ""3"": null, ""4"": null, ""5"": null, ""6"": null, ""7"": null}","{""0"": 0.0, ""1"": 0.0, ""2"": null, ""3"": null, ""4"": null, ""5"": null, ""6"": null, ""7"": null}",{},,1,0,1,0,,maneuver-locked,CHANGING_PAUSED,left,right,left,0
295,2026-08-01T16:12:14.295+09:00,86.793,294,3.40,0,AVOIDING_OBSTACLE,,0,0,0,,0.000000,0.000000,0,737,unknown,0,unknown,0.000000,null,0.000000,0.190,,"{""0"": 13, ""1"": 250, ""2"": null, ""3"": null, ""4"": null, ""5"": null, ""6"": null, ""7"": null}","{""0"": 0.0, ""1"": 0.0, ""2"": null, ""3"": null, ""4"": null, ""5"": null, ""6"": null, ""7"": null}",{},,1,0,1,0,,maneuver-locked,CHANGING_PAUSED,left,right,left,0
296,2026-08-01T16:12:14.592+09:00,87.091,295,3.40,0,AVOIDING_OBSTACLE,,0,0,0,,0.000000,0.000000,0,737,unknown,0,unknown,0.000000,null,0.000000,0.237,,"{""0"": 11, ""1"": 250, ""2"": null, ""3"": null, ""4"": null, ""5"": null, ""6"": null, ""7"": null}","{""0"": 0.0, ""1"": 0.0, ""2"": null, ""3"": null, ""4"": null, ""5"": null, ""6"": null, ""7"": null}",{},,1,0,1,0,,maneuver-locked,CHANGING_PAUSED,left,right,left,0
297,2026-08-01T16:12:14.930+09:00,87.428,296,3.40,0,AVOIDING_OBSTACLE,,0,0,0,,0.000000,0.000000,0,737,unknown,0,unknown,0.000000,null,0.000000,0.275,,"{""0"": 13, ""1"": 34, ""2"": null, ""3"": null, ""4"": null, ""5"": null, ""6"": null, ""7"": null}","{""0"": 0.0, ""1"": 0.0, ""2"": null, ""3"": null, ""4"": null, ""5"": null, ""6"": null, ""7"": null}",{},,1,0,1,0,,maneuver-locked,CHANGING_PAUSED,left,right,left,0
298,2026-08-01T16:12:15.255+09:00,87.756,297,3.40,0,AVOIDING_OBSTACLE,,0,0,0,,0.000000,0.000000,0,737,unknown,0,unknown,0.000000,null,0.000000,0.269,,"{""0"": 12, ""1"": 250, ""2"": null, ""3"": null, ""4"": null, ""5"": null, ""6"": null, ""7"": null}","{""0"": 0.0, ""1"": 0.0, ""2"": null, ""3"": null, ""4"": null, ""5"": null, ""6"": null, ""7"": null}",{},,1,0,1,0,,maneuver-locked,CHANGING_PAUSED,left,right,left,0
299,2026-08-01T16:12:15.504+09:00,88.002,298,3.40,0,AVOIDING_OBSTACLE,,0,0,0,,0.000000,0.000000,0,737,unknown,0,unknown,0.000000,null,0.000000,0.188,,"{""0"": 250, ""1"": 25, ""2"": null, ""3"": null, ""4"": null, ""5"": null, ""6"": null, ""7"": null}","{""0"": 0.0, ""1"": 0.0, ""2"": null, ""3"": null, ""4"": null, ""5"": null, ""6"": null, ""7"": null}",{},,1,0,1,0,,maneuver-locked,CHANGING_PAUSED,left,right,left,0
300,2026-08-01T16:12:15.730+09:00,88.230,299,3.40,0,AVOIDING_OBSTACLE,,0,0,0,,0.000000,0.000000,0,737,unknown,0,unknown,0.000000,null,0.000000,0.168,,"{""0"": 250, ""1"": 250, ""2"": null, ""3"": null, ""4"": null, ""5"": null, ""6"": null, ""7"": null}","{""0"": 0.0, ""1"": 0.0, ""2"": null, ""3"": null, ""4"": null, ""5"": null, ""6"": null, ""7"": null}",{},,1,0,1,0,,maneuver-locked,CHANGING_PAUSED,left,right,left,0
301,2026-08-01T16:12:16.106+09:00,88.606,300,3.40,0,AVOIDING_OBSTACLE,,0,0,0,,0.000000,0.000000,0,737,unknown,0,unknown,0.000000,null,0.000000,0.316,,"{""0"": 250, ""1"": 250, ""2"": null, ""3"": null, ""4"": null, ""5"": null, ""6"": null, ""7"": null}","{""0"": 0.0, ""1"": 0.0, ""2"": null, ""3"": null, ""4"": null, ""5"": null, ""6"": null, ""7"": null}",{},,1,0,1,0,,maneuver-locked,CHANGING_PAUSED,left,right,left,0
302,2026-08-01T16:12:16.442+09:00,88.939,301,3.40,0,AVOIDING_OBSTACLE,,0,0,0,,0.000000,0.000000,0,736,unknown,0,unknown,0.000000,null,0.000000,0.269,,"{""0"": 250, ""1"": 250, ""2"": null, ""3"": null, ""4"": null, ""5"": null, ""6"": null, ""7"": null}","{""0"": 0.0, ""1"": 0.0, ""2"": null, ""3"": null, ""4"": null, ""5"": null, ""6"": null, ""7"": null}",{},,1,0,1,0,,maneuver-locked,CHANGING_PAUSED,left,right,left,0
303,2026-08-01T16:12:16.761+09:00,89.262,302,3.40,0,AVOIDING_OBSTACLE,,0,0,0,,0.000000,0.000000,0,737,unknown,0,unknown,0.000000,null,0.000000,0.263,,"{""0"": 250, ""1"": 250, ""2"": null, ""3"": null, ""4"": null, ""5"": null, ""6"": null, ""7"": null}","{""0"": 0.0, ""1"": 0.0, ""2"": null, ""3"": null, ""4"": null, ""5"": null, ""6"": null, ""7"": null}",{},,1,0,1,0,,maneuver-locked,CHANGING_PAUSED,left,right,left,0
304,2026-08-01T16:12:17.062+09:00,89.564,303,3.40,0,AVOIDING_OBSTACLE,,0,0,0,,0.000000,0.000000,0,737,unknown,0,unknown,0.000000,null,0.000000,0.250,,"{""0"": 250, ""1"": 250, ""2"": null, ""3"": null, ""4"": null, ""5"": null, ""6"": null, ""7"": null}","{""0"": 0.0, ""1"": 0.0, ""2"": null, ""3"": null, ""4"": null, ""5"": null, ""6"": null, ""7"": null}",{},,1,0,1,0,,maneuver-locked,CHANGING_PAUSED,left,right,left,0
305,2026-08-01T16:12:17.346+09:00,89.847,304,3.40,0,AVOIDING_OBSTACLE,,0,0,0,,0.000000,0.000000,0,737,unknown,0,unknown,0.000000,null,0.000000,0.230,,"{""0"": 250, ""1"": 250, ""2"": null, ""3"": null, ""4"": null, ""5"": null, ""6"": null, ""7"": null}","{""0"": 0.0, ""1"": 0.0, ""2"": null, ""3"": null, ""4"": null, ""5"": null, ""6"": null, ""7"": null}",{},,1,0,1,0,,maneuver-locked,CHANGING_PAUSED,left,right,left,0
306,2026-08-01T16:12:17.669+09:00,90.170,305,3.39,0,AVOIDING_OBSTACLE,,0,0,0,,0.000000,0.000000,0,737,unknown,0,unknown,0.000000,null,0.000000,0.268,,"{""0"": 250, ""1"": 250, ""2"": null, ""3"": null, ""4"": null, ""5"": null, ""6"": null, ""7"": null}","{""0"": 0.0, ""1"": 0.0, ""2"": null, ""3"": null, ""4"": null, ""5"": null, ""6"": null, ""7"": null}",{},,1,0,1,0,,maneuver-locked,CHANGING_PAUSED,left,right,left,0
307,2026-08-01T16:12:17.985+09:00,90.486,306,3.39,0,AVOIDING_OBSTACLE,,0,0,0,,0.000000,0.000000,0,737,unknown,0,unknown,0.000000,null,0.000000,0.260,,"{""0"": 250, ""1"": 250, ""2"": null, ""3"": null, ""4"": null, ""5"": null, ""6"": null, ""7"": null}","{""0"": 0.0, ""1"": 0.0, ""2"": null, ""3"": null, ""4"": null, ""5"": null, ""6"": null, ""7"": null}",{},,1,0,1,0,,maneuver-locked,CHANGING_PAUSED,left,right,left,0
308,2026-08-01T16:12:18.370+09:00,90.868,307,3.39,0,AVOIDING_OBSTACLE,,0,0,0,,0.000000,0.000000,0,737,green,0,unknown,0.000000,null,0.000000,0.328,,"{""0"": 250, ""1"": 250, ""2"": null, ""3"": null, ""4"": null, ""5"": null, ""6"": null, ""7"": null}","{""0"": 0.0, ""1"": 0.0, ""2"": null, ""3"": null, ""4"": null, ""5"": null, ""6"": null, ""7"": null}",{},,1,0,1,0,,maneuver-locked,CHANGING_PAUSED,left,right,left,0
309,2026-08-01T16:12:18.683+09:00,91.180,308,3.39,0,AVOIDING_OBSTACLE,,0,0,0,,0.000000,0.000000,0,737,unknown,0,unknown,0.000000,null,0.000000,0.252,,"{""0"": 250, ""1"": 250, ""2"": null, ""3"": null, ""4"": null, ""5"": null, ""6"": null, ""7"": null}","{""0"": 0.0, ""1"": 0.0, ""2"": null, ""3"": null, ""4"": null, ""5"": null, ""6"": null, ""7"": null}",{},,1,0,1,0,,maneuver-locked,CHANGING_PAUSED,left,right,left,0
310,2026-08-01T16:12:18.964+09:00,91.465,309,3.39,0,AVOIDING_OBSTACLE,,0,0,0,,0.000000,0.000000,0,736,unknown,0,unknown,0.000000,null,0.000000,0.227,,"{""0"": 250, ""1"": 250, ""2"": null, ""3"": null, ""4"": null, ""5"": null, ""6"": null, ""7"": null}","{""0"": 0.0, ""1"": 0.0, ""2"": null, ""3"": null, ""4"": null, ""5"": null, ""6"": null, ""7"": null}",{},,1,0,1,0,,maneuver-locked,CHANGING_PAUSED,left,right,left,0
311,2026-08-01T16:12:19.301+09:00,91.800,310,3.39,0,AVOIDING_OBSTACLE,,0,0,0,,0.000000,0.000000,0,737,unknown,0,unknown,0.000000,null,0.000000,0.279,,"{""0"": 250, ""1"": 250, ""2"": null, ""3"": null, ""4"": null, ""5"": null, ""6"": null, ""7"": null}","{""0"": 0.0, ""1"": 0.0, ""2"": null, ""3"": null, ""4"": null, ""5"": null, ""6"": null, ""7"": null}",{},,1,0,1,0,,maneuver-locked,CHANGING_PAUSED,left,right,left,0
312,2026-08-01T16:12:19.651+09:00,92.149,311,3.39,0,AVOIDING_OBSTACLE,,0,0,0,,0.000000,0.000000,0,737,unknown,0,unknown,0.000000,null,0.000000,0.288,,"{""0"": 250, ""1"": 250, ""2"": null, ""3"": null, ""4"": null, ""5"": null, ""6"": null, ""7"": null}","{""0"": 0.0, ""1"": 0.0, ""2"": null, ""3"": null, ""4"": null, ""5"": null, ""6"": null, ""7"": null}",{},,1,0,1,0,,maneuver-locked,CHANGING_PAUSED,left,right,left,0
313,2026-08-01T16:12:19.928+09:00,92.426,312,3.39,0,AVOIDING_OBSTACLE,,0,0,0,,0.000000,0.000000,0,737,unknown,0,unknown,0.000000,null,0.000000,0.218,,"{""0"": 250, ""1"": 250, ""2"": null, ""3"": null, ""4"": null, ""5"": null, ""6"": null, ""7"": null}","{""0"": 0.0, ""1"": 0.0, ""2"": null, ""3"": null, ""4"": null, ""5"": null, ""6"": null, ""7"": null}",{},,1,0,1,0,,maneuver-locked,CHANGING_PAUSED,left,right,left,0
314,2026-08-01T16:12:20.246+09:00,92.745,313,3.39,0,AVOIDING_OBSTACLE,,0,0,0,,0.000000,0.000000,0,737,unknown,0,unknown,0.000000,null,0.000000,0.258,,"{""0"": 250, ""1"": 250, ""2"": null, ""3"": null, ""4"": null, ""5"": null, ""6"": null, ""7"": null}","{""0"": 0.0, ""1"": 0.0, ""2"": null, ""3"": null, ""4"": null, ""5"": null, ""6"": null, ""7"": null}",{},,1,0,1,0,,maneuver-locked,CHANGING_PAUSED,left,right,left,0
315,2026-08-01T16:12:20.558+09:00,93.058,314,3.39,0,AVOIDING_OBSTACLE,,0,0,0,,0.000000,0.000000,0,737,unknown,0,unknown,0.000000,null,0.000000,0.259,,"{""0"": 250, ""1"": 250, ""2"": null, ""3"": null, ""4"": null, ""5"": null, ""6"": null, ""7"": null}","{""0"": 0.0, ""1"": 0.0, ""2"": null, ""3"": null, ""4"": null, ""5"": null, ""6"": null, ""7"": null}",{},,1,0,1,0,,maneuver-locked,CHANGING_PAUSED,left,right,left,0
316,2026-08-01T16:12:20.899+09:00,93.399,315,3.38,0,AVOIDING_OBSTACLE,,0,0,0,,0.000000,0.000000,0,737,unknown,0,unknown,0.000000,null,0.000000,0.288,,"{""0"": 250, ""1"": 250, ""2"": null, ""3"": null, ""4"": null, ""5"": null, ""6"": null, ""7"": null}","{""0"": 0.0, ""1"": 0.0, ""2"": null, ""3"": null, ""4"": null, ""5"": null, ""6"": null, ""7"": null}",{},,1,0,1,0,,maneuver-locked,CHANGING_PAUSED,left,right,left,0
317,2026-08-01T16:12:21.282+09:00,93.783,316,3.38,0,AVOIDING_OBSTACLE,,0,0,0,,0.000000,0.000000,0,736,unknown,0,unknown,0.000000,null,0.000000,0.327,,"{""0"": 250, ""1"": 250, ""2"": null, ""3"": null, ""4"": null, ""5"": null, ""6"": null, ""7"": null}","{""0"": 0.0, ""1"": 0.0, ""2"": null, ""3"": null, ""4"": null, ""5"": null, ""6"": null, ""7"": null}",{},,1,0,1,0,,maneuver-locked,CHANGING_PAUSED,left,right,left,0
318,2026-08-01T16:12:21.534+09:00,94.034,317,3.38,0,AVOIDING_OBSTACLE,,0,0,0,,0.000000,0.000000,0,737,unknown,0,unknown,0.000000,null,0.000000,0.200,,"{""0"": 250, ""1"": 250, ""2"": null, ""3"": null, ""4"": null, ""5"": null, ""6"": null, ""7"": null}","{""0"": 0.0, ""1"": 0.0, ""2"": null, ""3"": null, ""4"": null, ""5"": null, ""6"": null, ""7"": null}",{},,1,0,1,0,,maneuver-locked,CHANGING_PAUSED,left,right,left,0
319,2026-08-01T16:12:21.804+09:00,94.305,318,3.38,0,AVOIDING_OBSTACLE,,0,0,0,,0.000000,0.000000,0,737,unknown,0,unknown,0.000000,null,0.000000,0.218,,"{""0"": 250, ""1"": 250, ""2"": null, ""3"": null, ""4"": null, ""5"": null, ""6"": null, ""7"": null}","{""0"": 0.0, ""1"": 0.0, ""2"": null, ""3"": null, ""4"": null, ""5"": null, ""6"": null, ""7"": null}",{},,1,0,1,0,,maneuver-locked,CHANGING_PAUSED,left,right,left,0
320,2026-08-01T16:12:22.204+09:00,94.703,319,3.38,0,AVOIDING_OBSTACLE,,0,0,0,,0.000000,0.000000,0,736,unknown,0,unknown,0.000000,null,0.000000,0.342,,"{""0"": 250, ""1"": 250, ""2"": null, ""3"": null, ""4"": null, ""5"": null, ""6"": null, ""7"": null}","{""0"": 0.0, ""1"": 0.0, ""2"": null, ""3"": null, ""4"": null, ""5"": null, ""6"": null, ""7"": null}",{},,1,0,1,0,,maneuver-locked,CHANGING_PAUSED,left,right,left,0
321,2026-08-01T16:12:22.572+09:00,95.072,320,3.38,0,AVOIDING_OBSTACLE,,0,0,0,,0.000000,0.000000,0,737,unknown,0,unknown,0.000000,null,0.000000,0.311,,"{""0"": 250, ""1"": 250, ""2"": null, ""3"": null, ""4"": null, ""5"": null, ""6"": null, ""7"": null}","{""0"": 0.0, ""1"": 0.0, ""2"": null, ""3"": null, ""4"": null, ""5"": null, ""6"": null, ""7"": null}",{},,1,0,1,0,,maneuver-locked,CHANGING_PAUSED,left,right,left,0
322,2026-08-01T16:12:22.877+09:00,95.376,321,3.38,0,AVOIDING_OBSTACLE,,0,0,0,,0.000000,0.000000,0,737,unknown,0,unknown,0.000000,null,0.000000,0.247,,"{""0"": 250, ""1"": 250, ""2"": null, ""3"": null, ""4"": null, ""5"": null, ""6"": null, ""7"": null}","{""0"": 0.0, ""1"": 0.0, ""2"": null, ""3"": null, ""4"": null, ""5"": null, ""6"": null, ""7"": null}",{},,1,0,1,0,,maneuver-locked,CHANGING_PAUSED,left,right,left,0
323,2026-08-01T16:12:23.124+09:00,95.621,322,3.38,0,AVOIDING_OBSTACLE,,0,0,0,,0.000000,0.000000,0,737,unknown,0,unknown,0.000000,null,0.000000,0.185,,"{""0"": 250, ""1"": 250, ""2"": null, ""3"": null, ""4"": null, ""5"": null, ""6"": null, ""7"": null}","{""0"": 0.0, ""1"": 0.0, ""2"": null, ""3"": null, ""4"": null, ""5"": null, ""6"": null, ""7"": null}",{},,1,0,1,0,,maneuver-locked,CHANGING_PAUSED,left,right,left,0
324,2026-08-01T16:12:23.379+09:00,95.877,323,3.38,0,AVOIDING_OBSTACLE,,0,0,0,,0.000000,0.000000,0,737,unknown,0,unknown,0.000000,null,0.000000,0.195,,"{""0"": 250, ""1"": 250, ""2"": null, ""3"": null, ""4"": null, ""5"": null, ""6"": null, ""7"": null}","{""0"": 0.0, ""1"": 0.0, ""2"": null, ""3"": null, ""4"": null, ""5"": null, ""6"": null, ""7"": null}",{},,1,0,1,0,,maneuver-locked,CHANGING_PAUSED,left,right,left,0
325,2026-08-01T16:12:23.698+09:00,96.200,324,3.38,0,AVOIDING_OBSTACLE,,0,0,0,,0.000000,0.000000,0,737,unknown,0,unknown,0.000000,null,0.000000,0.264,,"{""0"": 250, ""1"": 250, ""2"": null, ""3"": null, ""4"": null, ""5"": null, ""6"": null, ""7"": null}","{""0"": 0.0, ""1"": 0.0, ""2"": null, ""3"": null, ""4"": null, ""5"": null, ""6"": null, ""7"": null}",{},,1,0,1,0,,maneuver-locked,CHANGING_PAUSED,left,right,left,0
326,2026-08-01T16:12:24.015+09:00,96.513,325,3.38,0,AVOIDING_OBSTACLE,,0,0,0,,0.000000,0.000000,0,737,unknown,0,unknown,0.000000,null,0.000000,0.260,,"{""0"": 250, ""1"": 250, ""2"": null, ""3"": null, ""4"": null, ""5"": null, ""6"": null, ""7"": null}","{""0"": 0.0, ""1"": 0.0, ""2"": null, ""3"": null, ""4"": null, ""5"": null, ""6"": null, ""7"": null}",{},,1,0,1,0,,maneuver-locked,CHANGING_PAUSED,left,right,left,0
327,2026-08-01T16:12:24.379+09:00,96.877,326,3.38,0,AVOIDING_OBSTACLE,,0,0,0,,0.000000,0.000000,0,737,unknown,0,unknown,0.000000,null,0.000000,0.297,,"{""0"": 250, ""1"": 250, ""2"": null, ""3"": null, ""4"": null, ""5"": null, ""6"": null, ""7"": null}","{""0"": 0.0, ""1"": 0.0, ""2"": null, ""3"": null, ""4"": null, ""5"": null, ""6"": null, ""7"": null}",{},,1,0,1,0,,maneuver-locked,CHANGING_PAUSED,left,right,left,0
328,2026-08-01T16:12:24.655+09:00,97.154,327,3.38,0,AVOIDING_OBSTACLE,,0,0,0,,0.000000,0.000000,0,737,unknown,0,unknown,0.000000,null,0.000000,0.218,,"{""0"": 250, ""1"": 250, ""2"": null, ""3"": null, ""4"": null, ""5"": null, ""6"": null, ""7"": null}","{""0"": 0.0, ""1"": 0.0, ""2"": null, ""3"": null, ""4"": null, ""5"": null, ""6"": null, ""7"": null}",{},,1,0,1,0,,maneuver-locked,CHANGING_PAUSED,left,right,left,0
329,2026-08-01T16:12:24.885+09:00,97.377,328,3.38,0,AVOIDING_OBSTACLE,,0,0,0,,0.000000,0.000000,0,737,unknown,0,unknown,0.000000,null,0.000000,0.162,,"{""0"": 250, ""1"": 250, ""2"": null, ""3"": null, ""4"": null, ""5"": null, ""6"": null, ""7"": null}","{""0"": 0.0, ""1"": 0.0, ""2"": null, ""3"": null, ""4"": null, ""5"": null, ""6"": null, ""7"": null}",{},,1,0,1,0,,maneuver-locked,CHANGING_PAUSED,left,right,left,0
330,2026-08-01T16:12:25.097+09:00,97.595,329,3.38,0,AVOIDING_OBSTACLE,,0,0,0,,0.000000,0.000000,0,737,unknown,0,unknown,0.000000,null,0.000000,0.151,,"{""0"": 250, ""1"": 250, ""2"": null, ""3"": null, ""4"": null, ""5"": null, ""6"": null, ""7"": null}","{""0"": 0.0, ""1"": 0.0, ""2"": null, ""3"": null, ""4"": null, ""5"": null, ""6"": null, ""7"": null}",{},,1,0,1,0,,maneuver-locked,CHANGING_PAUSED,left,right,left,0
331,2026-08-01T16:12:25.435+09:00,97.934,330,3.38,0,AVOIDING_OBSTACLE,,0,0,0,,0.000000,0.000000,0,737,unknown,0,unknown,0.000000,null,0.000000,0.280,,"{""0"": 250, ""1"": 250, ""2"": null, ""3"": null, ""4"": null, ""5"": null, ""6"": null, ""7"": null}","{""0"": 0.0, ""1"": 0.0, ""2"": null, ""3"": null, ""4"": null, ""5"": null, ""6"": null, ""7"": null}",{},,1,0,1,0,,maneuver-locked,CHANGING_PAUSED,left,right,left,0
332,2026-08-01T16:12:25.781+09:00,98.282,331,3.38,0,AVOIDING_OBSTACLE,,0,0,0,,0.000000,0.000000,0,737,unknown,0,unknown,0.000000,null,0.000000,0.289,,"{""0"": 250, ""1"": 250, ""2"": null, ""3"": null, ""4"": null, ""5"": null, ""6"": null, ""7"": null}","{""0"": 0.0, ""1"": 0.0, ""2"": null, ""3"": null, ""4"": null, ""5"": null, ""6"": null, ""7"": null}",{},,1,0,1,0,,maneuver-locked,CHANGING_PAUSED,left,right,left,0
333,2026-08-01T16:12:26.102+09:00,98.603,332,3.38,0,AVOIDING_OBSTACLE,,0,0,0,,0.000000,0.000000,0,737,unknown,0,unknown,0.000000,null,0.000000,0.268,,"{""0"": 250, ""1"": 250, ""2"": null, ""3"": null, ""4"": null, ""5"": null, ""6"": null, ""7"": null}","{""0"": 0.0, ""1"": 0.0, ""2"": null, ""3"": null, ""4"": null, ""5"": null, ""6"": null, ""7"": null}",{},,1,0,1,0,,maneuver-locked,CHANGING_PAUSED,left,right,left,0
334,2026-08-01T16:12:26.389+09:00,98.890,333,3.38,0,AVOIDING_OBSTACLE,,0,0,0,,0.000000,0.000000,0,737,unknown,0,unknown,0.000000,null,0.000000,0.236,,"{""0"": 250, ""1"": 250, ""2"": null, ""3"": null, ""4"": null, ""5"": null, ""6"": null, ""7"": null}","{""0"": 0.001, ""1"": 0.0, ""2"": null, ""3"": null, ""4"": null, ""5"": null, ""6"": null, ""7"": null}",{},,1,0,1,0,,maneuver-locked,CHANGING_PAUSED,left,right,left,0
335,2026-08-01T16:12:26.664+09:00,99.165,334,3.38,0,AVOIDING_OBSTACLE,,0,0,0,,0.000000,0.000000,0,737,unknown,0,unknown,0.000000,null,0.000000,0.223,,"{""0"": 250, ""1"": 250, ""2"": null, ""3"": null, ""4"": null, ""5"": null, ""6"": null, ""7"": null}","{""0"": 0.0, ""1"": 0.0, ""2"": null, ""3"": null, ""4"": null, ""5"": null, ""6"": null, ""7"": null}",{},,1,0,1,0,,maneuver-locked,CHANGING_PAUSED,left,right,left,0
336,2026-08-01T16:12:27.004+09:00,99.502,335,3.38,0,AVOIDING_OBSTACLE,,0,0,0,,0.000000,0.000000,0,737,unknown,0,unknown,0.000000,null,0.000000,0.283,,"{""0"": 250, ""1"": 250, ""2"": null, ""3"": null, ""4"": null, ""5"": null, ""6"": null, ""7"": null}","{""0"": 0.0, ""1"": 0.0, ""2"": null, ""3"": null, ""4"": null, ""5"": null, ""6"": null, ""7"": null}",{},,1,0,1,0,,maneuver-locked,CHANGING_PAUSED,left,right,left,0
337,2026-08-01T16:12:27.335+09:00,99.836,336,3.38,0,AVOIDING_OBSTACLE,,0,0,0,,0.000000,0.000000,0,737,unknown,0,unknown,0.000000,null,0.000000,0.276,,"{""0"": 250, ""1"": 250, ""2"": null, ""3"": null, ""4"": null, ""5"": null, ""6"": null, ""7"": null}","{""0"": 0.0, ""1"": 0.0, ""2"": null, ""3"": null, ""4"": null, ""5"": null, ""6"": null, ""7"": null}",{},,1,0,1,0,,maneuver-locked,CHANGING_PAUSED,left,right,left,0
338,2026-08-01T16:12:27.631+09:00,100.133,337,3.38,0,AVOIDING_OBSTACLE,,0,0,0,,0.000000,0.000000,0,737,unknown,0,unknown,0.000000,null,0.000000,0.243,,"{""0"": 250, ""1"": 250, ""2"": null, ""3"": null, ""4"": null, ""5"": null, ""6"": null, ""7"": null}","{""0"": 0.0, ""1"": 0.0, ""2"": null, ""3"": null, ""4"": null, ""5"": null, ""6"": null, ""7"": null}",{},,1,0,1,0,,maneuver-locked,CHANGING_PAUSED,left,right,left,0
339,2026-08-01T16:12:27.923+09:00,100.423,338,3.38,0,AVOIDING_OBSTACLE,,0,0,0,,0.000000,0.000000,0,737,unknown,0,unknown,0.000000,null,0.000000,0.237,,"{""0"": 250, ""1"": 250, ""2"": null, ""3"": null, ""4"": null, ""5"": null, ""6"": null, ""7"": null}","{""0"": 0.0, ""1"": 0.0, ""2"": null, ""3"": null, ""4"": null, ""5"": null, ""6"": null, ""7"": null}",{},,1,0,1,0,,maneuver-locked,CHANGING_PAUSED,left,right,left,0
340,2026-08-01T16:12:28.199+09:00,100.700,339,3.38,0,AVOIDING_OBSTACLE,,0,0,0,,0.000000,0.000000,0,737,unknown,0,unknown,0.000000,null,0.000000,0.224,,"{""0"": 250, ""1"": 250, ""2"": null, ""3"": null, ""4"": null, ""5"": null, ""6"": null, ""7"": null}","{""0"": 0.0, ""1"": 0.0, ""2"": null, ""3"": null, ""4"": null, ""5"": null, ""6"": null, ""7"": null}",{},,1,0,1,0,,maneuver-locked,CHANGING_PAUSED,left,right,left,0
341,2026-08-01T16:12:28.504+09:00,101.003,340,3.38,0,AVOIDING_OBSTACLE,,0,0,0,,0.000000,0.000000,0,737,unknown,0,unknown,0.000000,null,0.000000,0.250,,"{""0"": 250, ""1"": 250, ""2"": null, ""3"": null, ""4"": null, ""5"": null, ""6"": null, ""7"": null}","{""0"": 0.0, ""1"": 0.0, ""2"": null, ""3"": null, ""4"": null, ""5"": null, ""6"": null, ""7"": null}",{},,1,0,1,0,,maneuver-locked,CHANGING_PAUSED,left,right,left,0
342,2026-08-01T16:12:28.854+09:00,101.353,341,3.38,0,AVOIDING_OBSTACLE,,0,0,0,,0.000000,0.000000,0,737,unknown,0,unknown,0.000000,null,0.000000,0.292,,"{""0"": 250, ""1"": 250, ""2"": null, ""3"": null, ""4"": null, ""5"": null, ""6"": null, ""7"": null}","{""0"": 0.0, ""1"": 0.0, ""2"": null, ""3"": null, ""4"": null, ""5"": null, ""6"": null, ""7"": null}",{},,1,0,1,0,,maneuver-locked,CHANGING_PAUSED,left,right,left,0
343,2026-08-01T16:12:29.203+09:00,101.703,342,3.37,0,AVOIDING_OBSTACLE,,0,0,0,,0.000000,0.000000,0,737,unknown,0,unknown,0.000000,null,0.000000,0.293,,"{""0"": 250, ""1"": 250, ""2"": null, ""3"": null, ""4"": null, ""5"": null, ""6"": null, ""7"": null}","{""0"": 0.0, ""1"": 0.0, ""2"": null, ""3"": null, ""4"": null, ""5"": null, ""6"": null, ""7"": null}",{},,1,0,1,0,,maneuver-locked,CHANGING_PAUSED,left,right,left,0
344,2026-08-01T16:12:29.503+09:00,102.004,343,3.37,0,AVOIDING_OBSTACLE,,0,0,0,,0.000000,0.000000,0,737,unknown,0,unknown,0.000000,null,0.000000,0.245,,"{""0"": 250, ""1"": 250, ""2"": null, ""3"": null, ""4"": null, ""5"": null, ""6"": null, ""7"": null}","{""0"": 0.0, ""1"": 0.0, ""2"": null, ""3"": null, ""4"": null, ""5"": null, ""6"": null, ""7"": null}",{},,1,0,1,0,,maneuver-locked,CHANGING_PAUSED,left,right,left,0
345,2026-08-01T16:12:29.782+09:00,102.283,344,3.37,0,AVOIDING_OBSTACLE,,0,0,0,,0.000000,0.000000,0,737,unknown,0,unknown,0.000000,null,0.000000,0.225,,"{""0"": 250, ""1"": 250, ""2"": null, ""3"": null, ""4"": null, ""5"": null, ""6"": null, ""7"": null}","{""0"": 0.0, ""1"": 0.0, ""2"": null, ""3"": null, ""4"": null, ""5"": null, ""6"": null, ""7"": null}",{},,1,0,1,0,,maneuver-locked,CHANGING_PAUSED,left,right,left,0
346,2026-08-01T16:12:30.078+09:00,102.576,345,3.37,0,AVOIDING_OBSTACLE,,0,0,0,,0.000000,0.000000,0,737,unknown,0,unknown,0.000000,null,0.000000,0.238,,"{""0"": 250, ""1"": 250, ""2"": null, ""3"": null, ""4"": null, ""5"": null, ""6"": null, ""7"": null}","{""0"": 0.0, ""1"": 0.0, ""2"": null, ""3"": null, ""4"": null, ""5"": null, ""6"": null, ""7"": null}",{},,1,0,1,0,,maneuver-locked,CHANGING_PAUSED,left,right,left,0
347,2026-08-01T16:12:30.389+09:00,102.887,346,3.37,0,AVOIDING_OBSTACLE,,0,0,0,,0.000000,0.000000,0,737,unknown,0,unknown,0.000000,null,0.000000,0.250,,"{""0"": 250, ""1"": 250, ""2"": null, ""3"": null, ""4"": null, ""5"": null, ""6"": null, ""7"": null}","{""0"": 0.0, ""1"": 0.0, ""2"": null, ""3"": null, ""4"": null, ""5"": null, ""6"": null, ""7"": null}",{},,1,0,1,0,,maneuver-locked,CHANGING_PAUSED,left,right,left,0
348,2026-08-01T16:12:30.653+09:00,103.151,347,3.37,0,AVOIDING_OBSTACLE,,0,0,0,,0.000000,0.000000,0,737,unknown,0,unknown,0.000000,null,0.000000,0.206,,"{""0"": 250, ""1"": 250, ""2"": null, ""3"": null, ""4"": null, ""5"": null, ""6"": null, ""7"": null}","{""0"": 0.0, ""1"": 0.0, ""2"": null, ""3"": null, ""4"": null, ""5"": null, ""6"": null, ""7"": null}",{},,1,0,1,0,,maneuver-locked,CHANGING_PAUSED,left,right,left,0
349,2026-08-01T16:12:30.924+09:00,103.424,348,3.38,0,AVOIDING_OBSTACLE,,0,0,0,,0.000000,0.000000,0,737,unknown,0,unknown,0.000000,null,0.000000,0.214,,"{""0"": 250, ""1"": 250, ""2"": null, ""3"": null, ""4"": null, ""5"": null, ""6"": null, ""7"": null}","{""0"": 0.0, ""1"": 0.0, ""2"": null, ""3"": null, ""4"": null, ""5"": null, ""6"": null, ""7"": null}",{},,1,0,1,0,,maneuver-locked,CHANGING_PAUSED,left,right,left,0
350,2026-08-01T16:12:31.177+09:00,103.675,349,3.38,0,AVOIDING_OBSTACLE,,0,0,0,,0.000000,0.000000,0,737,unknown,0,unknown,0.000000,null,0.000000,0.197,,"{""0"": 250, ""1"": 250, ""2"": null, ""3"": null, ""4"": null, ""5"": null, ""6"": null, ""7"": null}","{""0"": 0.0, ""1"": 0.0, ""2"": null, ""3"": null, ""4"": null, ""5"": null, ""6"": null, ""7"": null}",{},,1,0,1,0,,maneuver-locked,CHANGING_PAUSED,left,right,left,0
351,2026-08-01T16:12:31.468+09:00,103.964,350,3.38,0,AVOIDING_OBSTACLE,,0,0,0,,0.000000,0.000000,0,737,unknown,0,unknown,0.000000,null,0.000000,0.230,,"{""0"": 250, ""1"": 250, ""2"": null, ""3"": null, ""4"": null, ""5"": null, ""6"": null, ""7"": null}","{""0"": 0.0, ""1"": 0.0, ""2"": null, ""3"": null, ""4"": null, ""5"": null, ""6"": null, ""7"": null}",{},,1,0,1,0,,maneuver-locked,CHANGING_PAUSED,left,right,left,0
352,2026-08-01T16:12:31.752+09:00,104.250,351,3.38,0,AVOIDING_OBSTACLE,,0,0,0,,0.000000,0.000000,0,737,unknown,0,unknown,0.000000,null,0.000000,0.226,,"{""0"": 250, ""1"": 250, ""2"": null, ""3"": null, ""4"": null, ""5"": null, ""6"": null, ""7"": null}","{""0"": 0.0, ""1"": 0.0, ""2"": null, ""3"": null, ""4"": null, ""5"": null, ""6"": null, ""7"": null}",{},,1,0,1,0,,maneuver-locked,CHANGING_PAUSED,left,right,left,0
353,2026-08-01T16:12:32.047+09:00,104.545,352,3.38,0,AVOIDING_OBSTACLE,,0,0,0,,0.000000,0.000000,0,737,unknown,0,unknown,0.000000,null,0.000000,0.237,,"{""0"": 250, ""1"": 250, ""2"": null, ""3"": null, ""4"": null, ""5"": null, ""6"": null, ""7"": null}","{""0"": 0.0, ""1"": 0.0, ""2"": null, ""3"": null, ""4"": null, ""5"": null, ""6"": null, ""7"": null}",{},,1,0,1,0,,maneuver-locked,CHANGING_PAUSED,left,right,left,0
354,2026-08-01T16:12:32.379+09:00,104.876,353,3.38,0,AVOIDING_OBSTACLE,,0,0,0,,0.000000,0.000000,0,737,unknown,0,unknown,0.000000,null,0.000000,0.272,,"{""0"": 250, ""1"": 250, ""2"": null, ""3"": null, ""4"": null, ""5"": null, ""6"": null, ""7"": null}","{""0"": 0.0, ""1"": 0.0, ""2"": null, ""3"": null, ""4"": null, ""5"": null, ""6"": null, ""7"": null}",{},,1,0,1,0,,maneuver-locked,CHANGING_PAUSED,left,right,left,0
355,2026-08-01T16:12:32.699+09:00,105.198,354,3.38,0,AVOIDING_OBSTACLE,,0,0,0,,0.000000,0.000000,0,737,unknown,0,unknown,0.000000,null,0.000000,0.260,,"{""0"": 250, ""1"": 250, ""2"": null, ""3"": null, ""4"": null, ""5"": null, ""6"": null, ""7"": null}","{""0"": 0.0, ""1"": 0.0, ""2"": null, ""3"": null, ""4"": null, ""5"": null, ""6"": null, ""7"": null}",{},,1,0,1,0,,maneuver-locked,CHANGING_PAUSED,left,right,left,0
356,2026-08-01T16:12:32.986+09:00,105.487,355,3.38,0,AVOIDING_OBSTACLE,,0,0,0,,0.000000,0.000000,0,737,unknown,0,unknown,0.000000,null,0.000000,0.232,,"{""0"": 250, ""1"": 250, ""2"": null, ""3"": null, ""4"": null, ""5"": null, ""6"": null, ""7"": null}","{""0"": 0.0, ""1"": 0.0, ""2"": null, ""3"": null, ""4"": null, ""5"": null, ""6"": null, ""7"": null}",{},,1,0,1,0,,maneuver-locked,CHANGING_PAUSED,left,right,left,0
357,2026-08-01T16:12:33.299+09:00,105.797,356,3.38,0,AVOIDING_OBSTACLE,,0,0,0,,0.000000,0.000000,0,737,unknown,0,unknown,0.000000,null,0.000000,0.255,,"{""0"": 250, ""1"": 250, ""2"": null, ""3"": null, ""4"": null, ""5"": null, ""6"": null, ""7"": null}","{""0"": 0.0, ""1"": 0.0, ""2"": null, ""3"": null, ""4"": null, ""5"": null, ""6"": null, ""7"": null}",{},,1,0,1,0,,maneuver-locked,CHANGING_PAUSED,left,right,left,0
358,2026-08-01T16:12:33.685+09:00,106.182,357,3.37,0,AVOIDING_OBSTACLE,,0,0,0,,0.000000,0.000000,0,737,unknown,0,unknown,0.000000,null,0.000000,0.323,,"{""0"": 250, ""1"": 250, ""2"": null, ""3"": null, ""4"": null, ""5"": null, ""6"": null, ""7"": null}","{""0"": 0.0, ""1"": 0.0, ""2"": null, ""3"": null, ""4"": null, ""5"": null, ""6"": null, ""7"": null}",{},,1,0,1,0,,maneuver-locked,CHANGING_PAUSED,left,right,left,0
359,2026-08-01T16:12:33.972+09:00,106.469,358,3.37,0,AVOIDING_OBSTACLE,,0,0,0,,0.000000,0.000000,0,737,unknown,0,unknown,0.000000,null,0.000000,0.226,,"{""0"": 250, ""1"": 250, ""2"": null, ""3"": null, ""4"": null, ""5"": null, ""6"": null, ""7"": null}","{""0"": 0.0, ""1"": 0.0, ""2"": null, ""3"": null, ""4"": null, ""5"": null, ""6"": null, ""7"": null}",{},,1,0,1,0,,maneuver-locked,CHANGING_PAUSED,left,right,left,0
360,2026-08-01T16:12:34.283+09:00,106.781,359,3.37,0,AVOIDING_OBSTACLE,,0,0,0,,0.000000,0.000000,0,737,unknown,0,unknown,0.000000,null,0.000000,0.253,,"{""0"": 250, ""1"": 250, ""2"": null, ""3"": null, ""4"": null, ""5"": null, ""6"": null, ""7"": null}","{""0"": 0.0, ""1"": 0.0, ""2"": null, ""3"": null, ""4"": null, ""5"": null, ""6"": null, ""7"": null}",{},,1,0,1,0,,maneuver-locked,CHANGING_PAUSED,left,right,left,0
361,2026-08-01T16:12:34.568+09:00,107.066,360,3.37,0,AVOIDING_OBSTACLE,,0,0,0,,0.000000,0.000000,0,737,unknown,0,unknown,0.000000,null,0.000000,0.225,,"{""0"": 250, ""1"": 250, ""2"": null, ""3"": null, ""4"": null, ""5"": null, ""6"": null, ""7"": null}","{""0"": 0.0, ""1"": 0.0, ""2"": null, ""3"": null, ""4"": null, ""5"": null, ""6"": null, ""7"": null}",{},,1,0,1,0,,maneuver-locked,CHANGING_PAUSED,left,right,left,0
362,2026-08-01T16:12:34.908+09:00,107.408,361,3.37,0,AVOIDING_OBSTACLE,,0,0,0,,0.000000,0.000000,0,737,unknown,0,unknown,0.000000,null,0.000000,0.283,,"{""0"": 250, ""1"": 250, ""2"": null, ""3"": null, ""4"": null, ""5"": null, ""6"": null, ""7"": null}","{""0"": 0.0, ""1"": 0.0, ""2"": null, ""3"": null, ""4"": null, ""5"": null, ""6"": null, ""7"": null}",{},,1,0,1,0,,maneuver-locked,CHANGING_PAUSED,left,right,left,0
363,2026-08-01T16:12:35.257+09:00,107.758,362,3.37,0,AVOIDING_OBSTACLE,,0,0,0,,0.000000,0.000000,0,737,unknown,0,unknown,0.000000,null,0.000000,0.296,,"{""0"": 250, ""1"": 250, ""2"": null, ""3"": null, ""4"": null, ""5"": null, ""6"": null, ""7"": null}","{""0"": 0.0, ""1"": 0.0, ""2"": null, ""3"": null, ""4"": null, ""5"": null, ""6"": null, ""7"": null}",{},,1,0,1,0,,maneuver-locked,CHANGING_PAUSED,left,right,left,0
364,2026-08-01T16:12:35.592+09:00,108.094,363,3.37,0,AVOIDING_OBSTACLE,,0,0,0,,0.000000,0.000000,0,737,unknown,0,unknown,0.000000,null,0.000000,0.283,,"{""0"": 250, ""1"": 250, ""2"": null, ""3"": null, ""4"": null, ""5"": null, ""6"": null, ""7"": null}","{""0"": 0.0, ""1"": 0.0, ""2"": null, ""3"": null, ""4"": null, ""5"": null, ""6"": null, ""7"": null}",{},,1,0,1,0,,maneuver-locked,CHANGING_PAUSED,left,right,left,0
365,2026-08-01T16:12:35.885+09:00,108.383,364,3.37,0,AVOIDING_OBSTACLE,,0,0,0,,0.000000,0.000000,0,737,unknown,0,unknown,0.000000,null,0.000000,0.234,,"{""0"": 250, ""1"": 250, ""2"": null, ""3"": null, ""4"": null, ""5"": null, ""6"": null, ""7"": null}","{""0"": 0.0, ""1"": 0.0, ""2"": null, ""3"": null, ""4"": null, ""5"": null, ""6"": null, ""7"": null}",{},,1,0,1,0,,maneuver-locked,CHANGING_PAUSED,left,right,left,0
366,2026-08-01T16:12:36.171+09:00,108.670,365,3.37,0,AVOIDING_OBSTACLE,,0,0,0,,0.000000,0.000000,0,737,unknown,0,unknown,0.000000,null,0.000000,0.229,,"{""0"": 250, ""1"": 250, ""2"": null, ""3"": null, ""4"": null, ""5"": null, ""6"": null, ""7"": null}","{""0"": 0.0, ""1"": 0.0, ""2"": null, ""3"": null, ""4"": null, ""5"": null, ""6"": null, ""7"": null}",{},,1,0,1,0,,maneuver-locked,CHANGING_PAUSED,left,right,left,0
367,2026-08-01T16:12:36.521+09:00,109.022,366,3.37,0,AVOIDING_OBSTACLE,,0,0,0,,0.000000,0.000000,0,737,unknown,0,unknown,0.000000,null,0.000000,0.293,,"{""0"": 250, ""1"": 250, ""2"": null, ""3"": null, ""4"": null, ""5"": null, ""6"": null, ""7"": null}","{""0"": 0.0, ""1"": 0.0, ""2"": null, ""3"": null, ""4"": null, ""5"": null, ""6"": null, ""7"": null}",{},,1,0,1,0,,maneuver-locked,CHANGING_PAUSED,left,right,left,0
368,2026-08-01T16:12:36.813+09:00,109.312,367,3.37,0,AVOIDING_OBSTACLE,,0,0,0,,0.000000,0.000000,0,737,unknown,0,unknown,0.000000,null,0.000000,0.238,,"{""0"": 250, ""1"": 250, ""2"": null, ""3"": null, ""4"": null, ""5"": null, ""6"": null, ""7"": null}","{""0"": 0.0, ""1"": 0.0, ""2"": null, ""3"": null, ""4"": null, ""5"": null, ""6"": null, ""7"": null}",{},,1,0,1,0,,maneuver-locked,CHANGING_PAUSED,left,right,left,0
369,2026-08-01T16:12:37.144+09:00,109.643,368,3.37,0,AVOIDING_OBSTACLE,,0,0,0,,0.000000,0.000000,0,737,unknown,0,unknown,0.000000,null,0.000000,0.277,,"{""0"": 250, ""1"": 250, ""2"": null, ""3"": null, ""4"": null, ""5"": null, ""6"": null, ""7"": null}","{""0"": 0.0, ""1"": 0.0, ""2"": null, ""3"": null, ""4"": null, ""5"": null, ""6"": null, ""7"": null}",{},,1,0,1,0,,maneuver-locked,CHANGING_PAUSED,left,right,left,0
370,2026-08-01T16:12:37.503+09:00,110.003,369,3.36,0,AVOIDING_OBSTACLE,,0,0,0,,0.000000,0.000000,0,737,green,0,unknown,0.000000,null,0.000000,0.306,,"{""0"": 250, ""1"": 250, ""2"": null, ""3"": null, ""4"": null, ""5"": null, ""6"": null, ""7"": null}","{""0"": 0.0, ""1"": 0.0, ""2"": null, ""3"": null, ""4"": null, ""5"": null, ""6"": null, ""7"": null}",{},,1,0,1,0,,maneuver-locked,CHANGING_PAUSED,left,right,left,0
371,2026-08-01T16:12:37.735+09:00,110.234,370,3.37,0,AVOIDING_OBSTACLE,,0,0,0,,0.000000,0.000000,0,737,green,0,unknown,0.000000,null,0.000000,0.174,,"{""0"": 250, ""1"": 250, ""2"": null, ""3"": null, ""4"": null, ""5"": null, ""6"": null, ""7"": null}","{""0"": 0.0, ""1"": 0.0, ""2"": null, ""3"": null, ""4"": null, ""5"": null, ""6"": null, ""7"": null}",{},,1,0,1,0,,maneuver-locked,CHANGING_PAUSED,left,right,left,0
372,2026-08-01T16:12:38.008+09:00,110.509,371,3.37,0,AVOIDING_OBSTACLE,,0,0,0,,0.000000,0.000000,0,737,green,0,unknown,0.000000,null,0.000000,0.218,,"{""0"": 250, ""1"": 250, ""2"": null, ""3"": null, ""4"": null, ""5"": null, ""6"": null, ""7"": null}","{""0"": 0.0, ""1"": 0.0, ""2"": null, ""3"": null, ""4"": null, ""5"": null, ""6"": null, ""7"": null}",{},,1,0,1,0,,maneuver-locked,CHANGING_PAUSED,left,right,left,0
373,2026-08-01T16:12:38.264+09:00,110.762,372,3.37,0,AVOIDING_OBSTACLE,,0,0,0,,0.000000,0.000000,0,737,green,0,unknown,0.000000,null,0.000000,0.195,,"{""0"": 250, ""1"": 250, ""2"": null, ""3"": null, ""4"": null, ""5"": null, ""6"": null, ""7"": null}","{""0"": 0.0, ""1"": 0.0, ""2"": null, ""3"": null, ""4"": null, ""5"": null, ""6"": null, ""7"": null}",{},,1,0,1,0,,maneuver-locked,CHANGING_PAUSED,left,right,left,0
374,2026-08-01T16:12:38.522+09:00,111.020,373,3.37,0,AVOIDING_OBSTACLE,,0,0,0,,0.000000,0.000000,0,737,unknown,0,unknown,0.000000,null,0.000000,0.196,,"{""0"": 250, ""1"": 250, ""2"": null, ""3"": null, ""4"": null, ""5"": null, ""6"": null, ""7"": null}","{""0"": 0.0, ""1"": 0.0, ""2"": null, ""3"": null, ""4"": null, ""5"": null, ""6"": null, ""7"": null}",{},,1,0,1,0,,maneuver-locked,CHANGING_PAUSED,left,right,left,0
375,2026-08-01T16:12:38.778+09:00,111.279,374,3.37,0,AVOIDING_OBSTACLE,,0,0,0,,0.000000,0.000000,0,737,unknown,0,unknown,0.000000,null,0.000000,0.201,,"{""0"": 250, ""1"": 250, ""2"": null, ""3"": null, ""4"": null, ""5"": null, ""6"": null, ""7"": null}","{""0"": 0.0, ""1"": 0.0, ""2"": null, ""3"": null, ""4"": null, ""5"": null, ""6"": null, ""7"": null}",{},,1,0,1,0,,maneuver-locked,CHANGING_PAUSED,left,right,left,0
376,2026-08-01T16:12:39.112+09:00,111.610,375,3.37,0,AVOIDING_OBSTACLE,,0,0,0,,0.000000,0.000000,0,737,unknown,0,unknown,0.000000,null,0.000000,0.271,,"{""0"": 250, ""1"": 250, ""2"": null, ""3"": null, ""4"": null, ""5"": null, ""6"": null, ""7"": null}","{""0"": 0.0, ""1"": 0.0, ""2"": null, ""3"": null, ""4"": null, ""5"": null, ""6"": null, ""7"": null}",{},,1,0,1,0,,maneuver-locked,CHANGING_PAUSED,left,right,left,0
377,2026-08-01T16:12:39.403+09:00,111.901,376,3.37,0,AVOIDING_OBSTACLE,,0,0,0,,0.000000,0.000000,0,736,unknown,0,unknown,0.000000,null,0.000000,0.230,,"{""0"": 250, ""1"": 250, ""2"": null, ""3"": null, ""4"": null, ""5"": null, ""6"": null, ""7"": null}","{""0"": 0.0, ""1"": 0.0, ""2"": null, ""3"": null, ""4"": null, ""5"": null, ""6"": null, ""7"": null}",{},,1,0,1,0,,maneuver-locked,CHANGING_PAUSED,left,right,left,0
378,2026-08-01T16:12:39.649+09:00,112.147,377,3.37,0,AVOIDING_OBSTACLE,,0,0,0,,0.000000,0.000000,0,737,unknown,0,unknown,0.000000,null,0.000000,0.184,,"{""0"": 250, ""1"": 250, ""2"": null, ""3"": null, ""4"": null, ""5"": null, ""6"": null, ""7"": null}","{""0"": 0.0, ""1"": 0.0, ""2"": null, ""3"": null, ""4"": null, ""5"": null, ""6"": null, ""7"": null}",{},,1,0,1,0,,maneuver-locked,CHANGING_PAUSED,left,right,left,0
379,2026-08-01T16:12:39.919+09:00,112.417,378,3.37,0,AVOIDING_OBSTACLE,,0,0,0,,0.000000,0.000000,0,737,unknown,0,unknown,0.000000,null,0.000000,0.211,,"{""0"": 250, ""1"": 250, ""2"": null, ""3"": null, ""4"": null, ""5"": null, ""6"": null, ""7"": null}","{""0"": 0.0, ""1"": 0.0, ""2"": null, ""3"": null, ""4"": null, ""5"": null, ""6"": null, ""7"": null}",{},,1,0,1,0,,maneuver-locked,CHANGING_PAUSED,left,right,left,0
380,2026-08-01T16:12:40.274+09:00,112.772,379,3.37,0,AVOIDING_OBSTACLE,,0,0,0,,0.000000,0.000000,0,737,unknown,0,unknown,0.000000,null,0.000000,0.294,,"{""0"": 250, ""1"": 250, ""2"": null, ""3"": null, ""4"": null, ""5"": null, ""6"": null, ""7"": null}","{""0"": 0.0, ""1"": 0.0, ""2"": null, ""3"": null, ""4"": null, ""5"": null, ""6"": null, ""7"": null}",{},,1,0,1,0,,maneuver-locked,CHANGING_PAUSED,left,right,left,0
381,2026-08-01T16:12:40.681+09:00,113.177,380,3.37,0,AVOIDING_OBSTACLE,,0,0,0,,0.000000,0.000000,0,737,green,0,unknown,0.000000,null,0.000000,0.345,,"{""0"": 250, ""1"": 250, ""2"": null, ""3"": null, ""4"": null, ""5"": null, ""6"": null, ""7"": null}","{""0"": 0.0, ""1"": 0.0, ""2"": null, ""3"": null, ""4"": null, ""5"": null, ""6"": null, ""7"": null}",{},,1,0,1,0,,maneuver-locked,CHANGING_PAUSED,left,right,left,0
382,2026-08-01T16:12:40.952+09:00,113.450,381,3.37,0,AVOIDING_OBSTACLE,,0,0,0,,0.000000,0.000000,0,736,unknown,0,unknown,0.000000,null,0.000000,0.213,,"{""0"": 250, ""1"": 250, ""2"": null, ""3"": null, ""4"": null, ""5"": null, ""6"": null, ""7"": null}","{""0"": 0.0, ""1"": 0.0, ""2"": null, ""3"": null, ""4"": null, ""5"": null, ""6"": null, ""7"": null}",{},,1,0,1,0,,maneuver-locked,CHANGING_PAUSED,left,right,left,0
383,2026-08-01T16:12:41.226+09:00,113.727,382,3.37,0,AVOIDING_OBSTACLE,,0,0,0,,0.000000,0.000000,0,737,green,0,unknown,0.000000,null,0.000000,0.219,,"{""0"": 250, ""1"": 250, ""2"": null, ""3"": null, ""4"": null, ""5"": null, ""6"": null, ""7"": null}","{""0"": 0.0, ""1"": 0.0, ""2"": null, ""3"": null, ""4"": null, ""5"": null, ""6"": null, ""7"": null}",{},,1,0,1,0,,maneuver-locked,CHANGING_PAUSED,left,right,left,0
384,2026-08-01T16:12:41.470+09:00,113.969,383,3.37,0,AVOIDING_OBSTACLE,,0,0,0,,0.000000,0.000000,0,736,unknown,0,unknown,0.000000,null,0.000000,0.460,,"{""0"": 250, ""1"": 250, ""2"": null, ""3"": null, ""4"": null, ""5"": null, ""6"": null, ""7"": null}","{""0"": 0.0, ""1"": 0.0, ""2"": null, ""3"": null, ""4"": null, ""5"": null, ""6"": null, ""7"": null}",{},,1,0,1,0,,maneuver-locked,CHANGING_PAUSED,left,right,left,0
385,2026-08-01T16:12:41.730+09:00,114.228,384,3.37,0,AVOIDING_OBSTACLE,,0,0,0,,0.000000,0.000000,0,736,unknown,0,unknown,0.000000,null,0.000000,0.203,,"{""0"": 250, ""1"": 250, ""2"": null, ""3"": null, ""4"": null, ""5"": null, ""6"": null, ""7"": null}","{""0"": 0.0, ""1"": 0.0, ""2"": null, ""3"": null, ""4"": null, ""5"": null, ""6"": null, ""7"": null}",{},,1,0,1,0,,maneuver-locked,CHANGING_PAUSED,left,right,left,0
386,2026-08-01T16:12:42.011+09:00,114.511,385,3.37,0,AVOIDING_OBSTACLE,,0,0,0,,0.000000,0.000000,0,737,unknown,0,unknown,0.000000,null,0.000000,0.227,,"{""0"": 250, ""1"": 250, ""2"": null, ""3"": null, ""4"": null, ""5"": null, ""6"": null, ""7"": null}","{""0"": 0.0, ""1"": 0.0, ""2"": null, ""3"": null, ""4"": null, ""5"": null, ""6"": null, ""7"": null}",{},,1,0,1,0,,maneuver-locked,CHANGING_PAUSED,left,right,left,0
387,2026-08-01T16:12:42.272+09:00,114.769,386,3.37,0,AVOIDING_OBSTACLE,,0,0,0,,0.000000,0.000000,0,737,unknown,0,unknown,0.000000,null,0.000000,0.197,,"{""0"": 250, ""1"": 250, ""2"": null, ""3"": null, ""4"": null, ""5"": null, ""6"": null, ""7"": null}","{""0"": 0.0, ""1"": 0.0, ""2"": null, ""3"": null, ""4"": null, ""5"": null, ""6"": null, ""7"": null}",{},,1,0,1,0,,maneuver-locked,CHANGING_PAUSED,left,right,left,0
388,2026-08-01T16:12:42.526+09:00,115.024,387,3.37,0,AVOIDING_OBSTACLE,,0,0,0,,0.000000,0.000000,0,736,unknown,0,unknown,0.000000,null,0.000000,0.196,,"{""0"": 250, ""1"": 250, ""2"": null, ""3"": null, ""4"": null, ""5"": null, ""6"": null, ""7"": null}","{""0"": 0.0, ""1"": 0.0, ""2"": null, ""3"": null, ""4"": null, ""5"": null, ""6"": null, ""7"": null}",{},,1,0,1,0,,maneuver-locked,CHANGING_PAUSED,left,right,left,0
389,2026-08-01T16:12:42.767+09:00,115.266,388,3.38,0,AVOIDING_OBSTACLE,,0,0,0,,0.000000,0.000000,0,737,unknown,0,unknown,0.000000,null,0.000000,0.184,,"{""0"": 250, ""1"": 250, ""2"": null, ""3"": null, ""4"": null, ""5"": null, ""6"": null, ""7"": null}","{""0"": 0.0, ""1"": 0.0, ""2"": null, ""3"": null, ""4"": null, ""5"": null, ""6"": null, ""7"": null}",{},,1,0,1,0,,maneuver-locked,CHANGING_PAUSED,left,right,left,0
390,2026-08-01T16:12:43.066+09:00,115.565,389,3.38,0,AVOIDING_OBSTACLE,,0,0,0,,0.000000,0.000000,0,736,green,0,unknown,0.000000,null,0.000000,0.246,,"{""0"": 250, ""1"": 250, ""2"": null, ""3"": null, ""4"": null, ""5"": null, ""6"": null, ""7"": null}","{""0"": 0.0, ""1"": 0.0, ""2"": null, ""3"": null, ""4"": null, ""5"": null, ""6"": null, ""7"": null}",{},,1,0,1,0,,maneuver-locked,CHANGING_PAUSED,left,right,left,0
391,2026-08-01T16:12:43.357+09:00,115.856,390,3.38,0,AVOIDING_OBSTACLE,,0,0,0,,0.000000,0.000000,0,736,unknown,0,unknown,0.000000,null,0.000000,0.233,,"{""0"": 250, ""1"": 250, ""2"": null, ""3"": null, ""4"": null, ""5"": null, ""6"": null, ""7"": null}","{""0"": 0.0, ""1"": 0.0, ""2"": null, ""3"": null, ""4"": null, ""5"": null, ""6"": null, ""7"": null}",{},,1,0,1,0,,maneuver-locked,CHANGING_PAUSED,left,right,left,0
392,2026-08-01T16:12:43.658+09:00,116.157,391,3.38,0,AVOIDING_OBSTACLE,,0,0,0,,0.000000,0.000000,0,737,unknown,0,unknown,0.000000,null,0.000000,0.243,,"{""0"": 250, ""1"": 250, ""2"": null, ""3"": null, ""4"": null, ""5"": null, ""6"": null, ""7"": null}","{""0"": 0.0, ""1"": 0.0, ""2"": null, ""3"": null, ""4"": null, ""5"": null, ""6"": null, ""7"": null}",{},,1,0,1,0,,maneuver-locked,CHANGING_PAUSED,left,right,left,0
393,2026-08-01T16:12:43.958+09:00,116.454,392,3.38,0,AVOIDING_OBSTACLE,,0,0,0,,0.000000,0.000000,0,737,green,0,unknown,0.000000,null,0.000000,0.235,,"{""0"": 250, ""1"": 250, ""2"": null, ""3"": null, ""4"": null, ""5"": null, ""6"": null, ""7"": null}","{""0"": 0.0, ""1"": 0.0, ""2"": null, ""3"": null, ""4"": null, ""5"": null, ""6"": null, ""7"": null}",{},,1,0,1,0,,maneuver-locked,CHANGING_PAUSED,left,right,left,0
394,2026-08-01T16:12:44.258+09:00,116.756,393,3.38,0,AVOIDING_OBSTACLE,,0,0,0,,0.000000,0.000000,0,736,unknown,0,unknown,0.000000,null,0.000000,0.242,,"{""0"": 250, ""1"": 250, ""2"": null, ""3"": null, ""4"": null, ""5"": null, ""6"": null, ""7"": null}","{""0"": 0.0, ""1"": 0.0, ""2"": null, ""3"": null, ""4"": null, ""5"": null, ""6"": null, ""7"": null}",{},,1,0,1,0,,maneuver-locked,CHANGING_PAUSED,left,right,left,0
395,2026-08-01T16:12:44.509+09:00,117.008,394,3.38,0,AVOIDING_OBSTACLE,,0,0,0,,0.000000,0.000000,0,737,unknown,0,unknown,0.000000,null,0.000000,0.193,,"{""0"": 250, ""1"": 250, ""2"": null, ""3"": null, ""4"": null, ""5"": null, ""6"": null, ""7"": null}","{""0"": 0.0, ""1"": 0.0, ""2"": null, ""3"": null, ""4"": null, ""5"": null, ""6"": null, ""7"": null}",{},,1,0,1,0,,maneuver-locked,CHANGING_PAUSED,left,right,left,0
396,2026-08-01T16:12:44.796+09:00,117.296,395,3.38,0,AVOIDING_OBSTACLE,,0,0,0,,0.000000,0.000000,0,736,unknown,0,unknown,0.000000,null,0.000000,0.228,,"{""0"": 250, ""1"": 250, ""2"": null, ""3"": null, ""4"": null, ""5"": null, ""6"": null, ""7"": null}","{""0"": 0.0, ""1"": 0.0, ""2"": null, ""3"": null, ""4"": null, ""5"": null, ""6"": null, ""7"": null}",{},,1,0,1,0,,maneuver-locked,CHANGING_PAUSED,left,right,left,0
397,2026-08-01T16:12:45.115+09:00,117.612,396,3.38,0,AVOIDING_OBSTACLE,,0,0,0,,0.000000,0.000000,0,737,unknown,0,unknown,0.000000,null,0.000000,0.258,,"{""0"": 250, ""1"": 250, ""2"": null, ""3"": null, ""4"": null, ""5"": null, ""6"": null, ""7"": null}","{""0"": 0.0, ""1"": 0.0, ""2"": null, ""3"": null, ""4"": null, ""5"": null, ""6"": null, ""7"": null}",{},,1,0,1,0,,maneuver-locked,CHANGING_PAUSED,left,right,left,0
398,2026-08-01T16:12:45.437+09:00,117.933,397,3.38,0,AVOIDING_OBSTACLE,,0,0,0,,0.000000,0.000000,0,736,unknown,0,unknown,0.000000,null,0.000000,0.259,,"{""0"": 250, ""1"": 250, ""2"": null, ""3"": null, ""4"": null, ""5"": null, ""6"": null, ""7"": null}","{""0"": 0.0, ""1"": 0.0, ""2"": null, ""3"": null, ""4"": null, ""5"": null, ""6"": null, ""7"": null}",{},,1,0,1,0,,maneuver-locked,CHANGING_PAUSED,left,right,left,0
399,2026-08-01T16:12:45.707+09:00,118.206,398,3.38,0,AVOIDING_OBSTACLE,,0,0,0,,0.000000,0.000000,0,737,unknown,0,unknown,0.000000,null,0.000000,0.209,,"{""0"": 250, ""1"": 250, ""2"": null, ""3"": null, ""4"": null, ""5"": null, ""6"": null, ""7"": null}","{""0"": 0.0, ""1"": 0.0, ""2"": null, ""3"": null, ""4"": null, ""5"": null, ""6"": null, ""7"": null}",{},,1,0,1,0,,maneuver-locked,CHANGING_PAUSED,left,right,left,0
400,2026-08-01T16:12:45.970+09:00,118.469,399,3.38,0,AVOIDING_OBSTACLE,,0,0,0,,0.000000,0.000000,0,737,unknown,0,unknown,0.000000,null,0.000000,0.204,,"{""0"": 250, ""1"": 250, ""2"": null, ""3"": null, ""4"": null, ""5"": null, ""6"": null, ""7"": null}","{""0"": 0.0, ""1"": 0.0, ""2"": null, ""3"": null, ""4"": null, ""5"": null, ""6"": null, ""7"": null}",{},,1,0,1,0,,maneuver-locked,CHANGING_PAUSED,left,right,left,0
401,2026-08-01T16:12:46.351+09:00,118.848,400,3.37,0,AVOIDING_OBSTACLE,,0,0,0,,0.000000,0.000000,0,736,green,0,unknown,0.000000,null,0.000000,0.320,,"{""0"": 250, ""1"": 250, ""2"": null, ""3"": null, ""4"": null, ""5"": null, ""6"": null, ""7"": null}","{""0"": 0.0, ""1"": 0.0, ""2"": null, ""3"": null, ""4"": null, ""5"": null, ""6"": null, ""7"": null}",{},,1,0,1,0,,maneuver-locked,CHANGING_PAUSED,left,right,left,0
402,2026-08-01T16:12:46.588+09:00,119.086,401,3.38,0,AVOIDING_OBSTACLE,,0,0,0,,0.000000,0.000000,0,736,green,0,unknown,0.000000,null,0.000000,0.173,,"{""0"": 250, ""1"": 250, ""2"": null, ""3"": null, ""4"": null, ""5"": null, ""6"": null, ""7"": null}","{""0"": 0.0, ""1"": 0.0, ""2"": null, ""3"": null, ""4"": null, ""5"": null, ""6"": null, ""7"": null}",{},,1,0,1,0,,maneuver-locked,CHANGING_PAUSED,left,right,left,0
403,2026-08-01T16:12:46.941+09:00,119.439,402,3.37,0,AVOIDING_OBSTACLE,,0,0,0,,0.000000,0.000000,0,737,unknown,0,unknown,0.000000,null,0.000000,0.296,,"{""0"": 250, ""1"": 250, ""2"": null, ""3"": null, ""4"": null, ""5"": null, ""6"": null, ""7"": null}","{""0"": 0.0, ""1"": 0.0, ""2"": null, ""3"": null, ""4"": null, ""5"": null, ""6"": null, ""7"": null}",{},,1,0,1,0,,maneuver-locked,CHANGING_PAUSED,left,right,left,0
404,2026-08-01T16:12:47.248+09:00,119.747,403,3.37,0,AVOIDING_OBSTACLE,,0,0,0,,0.000000,0.000000,0,737,unknown,0,unknown,0.000000,null,0.000000,0.248,,"{""0"": 250, ""1"": 250, ""2"": null, ""3"": null, ""4"": null, ""5"": null, ""6"": null, ""7"": null}","{""0"": 0.0, ""1"": 0.0, ""2"": null, ""3"": null, ""4"": null, ""5"": null, ""6"": null, ""7"": null}",{},,1,0,1,0,,maneuver-locked,CHANGING_PAUSED,left,right,left,0
405,2026-08-01T16:12:47.521+09:00,120.019,404,3.38,0,AVOIDING_OBSTACLE,,0,0,0,,0.000000,0.000000,0,737,unknown,0,unknown,0.000000,null,0.000000,0.212,,"{""0"": 250, ""1"": 250, ""2"": null, ""3"": null, ""4"": null, ""5"": null, ""6"": null, ""7"": null}","{""0"": 0.0, ""1"": 0.0, ""2"": null, ""3"": null, ""4"": null, ""5"": null, ""6"": null, ""7"": null}",{},,1,0,1,0,,maneuver-locked,CHANGING_PAUSED,left,right,left,0
406,2026-08-01T16:12:47.795+09:00,120.296,405,3.38,1,AVOIDING_OBSTACLE,phase:CHANGING_PAUSED->CHANGING,0,0,0,,0.000000,1.000000,70,736,unknown,0,unknown,0.000000,null,0.000000,0.237,,"{""0"": 250, ""1"": 250, ""2"": null, ""3"": null, ""4"": null, ""5"": null, ""6"": null, ""7"": null}","{""0"": 0.0, ""1"": 0.0, ""2"": null, ""3"": null, ""4"": null, ""5"": null, ""6"": null, ""7"": null}",{},,1,0,1,0,,maneuver-locked,CHANGING,left,right,left,0
407,2026-08-01T16:12:48.024+09:00,120.522,406,3.38,1,AVOIDING_OBSTACLE,,0,0,0,,0.000000,1.000000,70,791,unknown,0,unknown,0.000000,null,0.000000,0.170,,"{""0"": 250, ""1"": 250, ""2"": null, ""3"": null, ""4"": null, ""5"": null, ""6"": null, ""7"": null}","{""0"": 0.0, ""1"": 0.0, ""2"": null, ""3"": null, ""4"": null, ""5"": null, ""6"": null, ""7"": null}",{},,1,0,1,0,,maneuver-locked,CHANGING,left,right,left,0
408,2026-08-01T16:12:48.311+09:00,120.809,407,3.38,1,AVOIDING_OBSTACLE,phase:CHANGING->COUNTER_STEER,0,0,0,,0.000000,-1.000000,70,817,unknown,0,unknown,0.000000,null,0.000000,0.228,,"{""0"": 184, ""1"": 250, ""2"": null, ""3"": null, ""4"": null, ""5"": null, ""6"": null, ""7"": null}","{""0"": 0.0, ""1"": 0.0, ""2"": null, ""3"": null, ""4"": null, ""5"": null, ""6"": null, ""7"": null}",{},,1,0,1,0,,maneuver-locked,COUNTER_STEER,left,right,left,0
409,2026-08-01T16:12:48.567+09:00,121.067,408,3.38,1,AVOIDING_OBSTACLE,,0,0,0,,0.000000,-1.000000,70,771,unknown,0,unknown,0.000000,null,0.000000,0.196,,"{""0"": 250, ""1"": 250, ""2"": null, ""3"": null, ""4"": null, ""5"": null, ""6"": null, ""7"": null}","{""0"": 0.001, ""1"": 0.001, ""2"": null, ""3"": null, ""4"": null, ""5"": null, ""6"": null, ""7"": null}",{},,1,0,1,0,,maneuver-locked,COUNTER_STEER,left,right,left,0
410,2026-08-01T16:12:48.870+09:00,121.369,409,3.38,1,AVOIDING_OBSTACLE,,0,0,0,,0.000000,-1.000000,70,694,unknown,0,unknown,0.000000,null,0.000000,0.245,,"{""0"": 250, ""1"": 250, ""2"": null, ""3"": null, ""4"": null, ""5"": null, ""6"": null, ""7"": null}","{""0"": 0.0, ""1"": 0.0, ""2"": null, ""3"": null, ""4"": null, ""5"": null, ""6"": null, ""7"": null}",{},,1,0,1,0,,maneuver-locked,COUNTER_STEER,left,right,left,0
411,2026-08-01T16:12:49.176+09:00,121.674,410,3.38,1,AVOIDING_OBSTACLE,,0,0,0,,0.000000,-1.000000,70,685,green,0,unknown,0.000000,null,0.000000,0.247,,"{""0"": 250, ""1"": 250, ""2"": null, ""3"": null, ""4"": null, ""5"": null, ""6"": null, ""7"": null}","{""0"": 0.0, ""1"": 0.0, ""2"": null, ""3"": null, ""4"": null, ""5"": null, ""6"": null, ""7"": null}",{},,1,0,1,0,,maneuver-locked,COUNTER_STEER,left,right,left,0
412,2026-08-01T16:12:49.400+09:00,121.896,411,3.38,1,AVOIDING_OBSTACLE,,0,0,0,,0.000000,-1.000000,70,686,green,0,unknown,0.000000,null,0.000000,0.163,,"{""0"": 250, ""1"": 250, ""2"": null, ""3"": null, ""4"": null, ""5"": null, ""6"": null, ""7"": null}","{""0"": 0.0, ""1"": 0.0, ""2"": null, ""3"": null, ""4"": null, ""5"": null, ""6"": null, ""7"": null}",{},,1,0,1,0,,maneuver-locked,COUNTER_STEER,left,right,left,0
413,2026-08-01T16:12:49.767+09:00,122.265,412,3.38,1,DRIVING,state:AVOIDING_OBSTACLE->DRIVING;phase:COUNTER_STEER->KEEP,0,0,0,,0.000000,0.000000,70,684,unknown,0,unknown,0.000000,null,0.000000,0.308,,"{""0"": 250, ""1"": 250, ""2"": null, ""3"": null, ""4"": null, ""5"": null, ""6"": null, ""7"": null}","{""0"": 0.0, ""1"": 0.0, ""2"": null, ""3"": null, ""4"": null, ""5"": null, ""6"": null, ""7"": null}",{},,1,0,1,0,,maneuver-locked,KEEP,,,,0
414,2026-08-01T16:12:50.077+09:00,122.574,413,3.38,1,DRIVING,,0,1,0,-0.138393,0.249107,0.249107,70,722,unknown,0,unknown,0.000000,null,0.000000,0.242,,"{""0"": 250, ""1"": 250, ""2"": null, ""3"": null, ""4"": null, ""5"": null, ""6"": null, ""7"": null}","{""0"": 0.0, ""1"": 0.0, ""2"": null, ""3"": null, ""4"": null, ""5"": null, ""6"": null, ""7"": null}","{""0"": 250, ""1"": 250}",250,1,0,0,0,0.242,ultrasonic-not-close,KEEP,left,right,,0
415,2026-08-01T16:12:50.405+09:00,122.904,414,3.38,1,DRIVING,,0,1,0,-0.347321,1.000000,1.000000,70,757,red,0,unknown,0.000000,null,0.000000,0.268,,"{""0"": 250, ""1"": 250, ""2"": null, ""3"": null, ""4"": null, ""5"": null, ""6"": null, ""7"": null}","{""0"": 0.0, ""1"": 0.0, ""2"": null, ""3"": null, ""4"": null, ""5"": null, ""6"": null, ""7"": null}","{""0"": 250, ""1"": 250}",250,1,0,0,0,0.268,ultrasonic-not-close,KEEP,left,right,,0
416,2026-08-01T16:12:50.680+09:00,123.178,415,3.38,1,DRIVING,,0,1,0,-0.490848,1.000000,1.000000,70,804,unknown,0,unknown,0.000000,null,0.000000,0.216,,"{""0"": 250, ""1"": 250, ""2"": null, ""3"": null, ""4"": null, ""5"": null, ""6"": null, ""7"": null}","{""0"": 0.0, ""1"": 0.0, ""2"": null, ""3"": null, ""4"": null, ""5"": null, ""6"": null, ""7"": null}","{""0"": 250, ""1"": 250}",250,1,0,0,0,0.216,ultrasonic-not-close,KEEP,left,right,,0
417,2026-08-01T16:12:50.976+09:00,123.474,416,3.38,1,DRIVING,,0,1,0,-0.606719,1.000000,1.000000,70,820,unknown,0,unknown,0.000000,null,0.000000,0.239,,"{""0"": 250, ""1"": 250, ""2"": null, ""3"": null, ""4"": null, ""5"": null, ""6"": null, ""7"": null}","{""0"": 0.0, ""1"": 0.0, ""2"": null, ""3"": null, ""4"": null, ""5"": null, ""6"": null, ""7"": null}","{""0"": 250, ""1"": 250}",250,1,0,0,0,0.239,ultrasonic-not-close,KEEP,left,right,,0
418,2026-08-01T16:12:51.346+09:00,123.845,417,3.38,1,DRIVING,,0,1,0,-0.611733,1.000000,1.000000,70,821,unknown,0,unknown,0.000000,null,0.000000,0.313,,"{""0"": 250, ""1"": 250, ""2"": null, ""3"": null, ""4"": null, ""5"": null, ""6"": null, ""7"": null}","{""0"": 0.0, ""1"": 0.0, ""2"": null, ""3"": null, ""4"": null, ""5"": null, ""6"": null, ""7"": null}","{""0"": 250, ""1"": 250}",250,1,0,0,0,0.313,ultrasonic-not-close,KEEP,left,right,,0
419,2026-08-01T16:12:51.670+09:00,124.169,418,3.38,1,DRIVING,,0,1,0,-0.559487,1.000000,1.000000,70,821,red,0,unknown,0.000000,null,0.000000,0.264,,"{""0"": 250, ""1"": 250, ""2"": null, ""3"": null, ""4"": null, ""5"": null, ""6"": null, ""7"": null}","{""0"": 0.0, ""1"": 0.0, ""2"": null, ""3"": null, ""4"": null, ""5"": null, ""6"": null, ""7"": null}","{""0"": 250, ""1"": 250}",250,1,0,0,0,0.264,ultrasonic-not-close,KEEP,left,right,,0
420,2026-08-01T16:12:51.952+09:00,124.452,419,3.38,1,DRIVING,,0,1,0,-0.485971,0.877786,0.877786,70,821,unknown,0,unknown,0.000000,null,0.000000,0.221,,"{""0"": 250, ""1"": 250, ""2"": null, ""3"": null, ""4"": null, ""5"": null, ""6"": null, ""7"": null}","{""0"": 0.0, ""1"": 0.0, ""2"": null, ""3"": null, ""4"": null, ""5"": null, ""6"": null, ""7"": null}","{""0"": 250, ""1"": 250}",250,1,0,0,0,0.221,ultrasonic-not-close,KEEP,left,right,,0
421,2026-08-01T16:12:52.240+09:00,124.739,420,3.38,1,DRIVING,,0,1,0,-0.419746,0.638465,0.638465,70,822,unknown,0,unknown,0.000000,null,0.000000,0.231,,"{""0"": 250, ""1"": 250, ""2"": null, ""3"": null, ""4"": null, ""5"": null, ""6"": null, ""7"": null}","{""0"": 0.0, ""1"": 0.0, ""2"": null, ""3"": null, ""4"": null, ""5"": null, ""6"": null, ""7"": null}","{""0"": 250, ""1"": 250}",250,1,0,0,0,0.231,ultrasonic-not-close,KEEP,left,right,,0
422,2026-08-01T16:12:52.493+09:00,124.991,421,3.38,1,DRIVING,,0,1,0,-0.353384,0.434687,0.434687,70,809,unknown,0,unknown,0.000000,null,0.000000,0.193,,"{""0"": 250, ""1"": 250, ""2"": null, ""3"": null, ""4"": null, ""5"": null, ""6"": null, ""7"": null}","{""0"": 0.0, ""1"": 0.0, ""2"": null, ""3"": null, ""4"": null, ""5"": null, ""6"": null, ""7"": null}","{""0"": 250, ""1"": 250}",250,1,0,0,0,0.193,ultrasonic-not-close,KEEP,left,right,,0
423,2026-08-01T16:12:52.812+09:00,125.310,422,3.38,1,DRIVING,,0,1,0,-0.277291,0.221171,0.221171,70,785,unknown,0,unknown,0.000000,null,0.000000,0.261,,"{""0"": 250, ""1"": 250, ""2"": null, ""3"": null, ""4"": null, ""5"": null, ""6"": null, ""7"": null}","{""0"": 0.0, ""1"": 0.0, ""2"": null, ""3"": null, ""4"": null, ""5"": null, ""6"": null, ""7"": null}","{""0"": 250, ""1"": 250}",250,1,0,0,0,0.261,ultrasonic-not-close,KEEP,left,right,,0
424,2026-08-01T16:12:53.090+09:00,125.589,423,3.38,1,DRIVING,,0,1,0,-0.247287,0.196541,0.196541,70,767,unknown,0,unknown,0.000000,null,0.000000,0.217,,"{""0"": 250, ""1"": 250, ""2"": null, ""3"": null, ""4"": null, ""5"": null, ""6"": null, ""7"": null}","{""0"": 0.0, ""1"": 0.0, ""2"": null, ""3"": null, ""4"": null, ""5"": null, ""6"": null, ""7"": null}","{""0"": 250, ""1"": 250}",250,1,0,0,0,0.217,ultrasonic-not-close,KEEP,left,right,,0
425,2026-08-01T16:12:53.404+09:00,125.902,424,3.38,1,DRIVING,,0,1,0,-0.193795,0.078546,0.078546,70,766,unknown,0,unknown,0.000000,null,0.000000,0.255,,"{""0"": 250, ""1"": 250, ""2"": null, ""3"": null, ""4"": null, ""5"": null, ""6"": null, ""7"": null}","{""0"": 0.0, ""1"": 0.0, ""2"": null, ""3"": null, ""4"": null, ""5"": null, ""6"": null, ""7"": null}","{""0"": 250, ""1"": 250}",250,1,0,0,0,0.255,ultrasonic-not-close,KEEP,left,right,,0
426,2026-08-01T16:12:53.697+09:00,126.195,425,3.38,1,DRIVING,,0,1,0,-0.187282,0.136184,0.136184,70,754,unknown,0,unknown,0.000000,null,0.000000,0.232,,"{""0"": 250, ""1"": 250, ""2"": null, ""3"": null, ""4"": null, ""5"": null, ""6"": null, ""7"": null}","{""0"": 0.0, ""1"": 0.0, ""2"": null, ""3"": null, ""4"": null, ""5"": null, ""6"": null, ""7"": null}","{""0"": 250, ""1"": 250}",250,1,0,0,0,0.232,ultrasonic-not-close,KEEP,left,right,,0
427,2026-08-01T16:12:53.963+09:00,126.460,426,3.38,1,DRIVING,,0,1,0,-0.197771,0.234220,0.234220,70,753,unknown,0,unknown,0.000000,null,0.000000,0.206,,"{""0"": 250, ""1"": 250, ""2"": null, ""3"": null, ""4"": null, ""5"": null, ""6"": null, ""7"": null}","{""0"": 0.0, ""1"": 0.0, ""2"": null, ""3"": null, ""4"": null, ""5"": null, ""6"": null, ""7"": null}","{""0"": 250, ""1"": 250}",250,1,0,0,0,0.206,ultrasonic-not-close,KEEP,left,right,,0
428,2026-08-01T16:12:54.250+09:00,126.750,427,3.38,1,DRIVING,,0,1,0,-0.203165,0.290168,0.290168,70,756,green,0,unknown,0.000000,null,0.000000,0.230,,"{""0"": 250, ""1"": 250, ""2"": null, ""3"": null, ""4"": null, ""5"": null, ""6"": null, ""7"": null}","{""0"": 0.0, ""1"": 0.0, ""2"": null, ""3"": null, ""4"": null, ""5"": null, ""6"": null, ""7"": null}","{""0"": 250, ""1"": 250}",250,1,0,0,0,0.230,ultrasonic-not-close,KEEP,left,right,,0
429,2026-08-01T16:12:54.597+09:00,127.093,428,3.38,1,DRIVING,,0,1,0,-0.209456,0.335476,0.335476,70,759,unknown,0,unknown,0.000000,null,0.000000,0.287,,"{""0"": 250, ""1"": 250, ""2"": null, ""3"": null, ""4"": null, ""5"": null, ""6"": null, ""7"": null}","{""0"": 0.0, ""1"": 0.0, ""2"": null, ""3"": null, ""4"": null, ""5"": null, ""6"": null, ""7"": null}","{""0"": 250, ""1"": 250}",250,1,0,0,0,0.287,ultrasonic-not-close,KEEP,left,right,,0
430,2026-08-01T16:12:54.927+09:00,127.427,429,3.38,1,DRIVING,,0,1,0,-0.288393,0.632112,0.632112,70,766,green,0,unknown,0.000000,null,0.000000,0.272,,"{""0"": 250, ""1"": 250, ""2"": null, ""3"": null, ""4"": null, ""5"": null, ""6"": null, ""7"": null}","{""0"": 0.0, ""1"": 0.0, ""2"": null, ""3"": null, ""4"": null, ""5"": null, ""6"": null, ""7"": null}","{""0"": 250, ""1"": 250}",250,1,0,0,0,0.272,ultrasonic-not-close,KEEP,left,right,,0
431,2026-08-01T16:12:55.250+09:00,127.749,430,3.37,1,DRIVING,,0,1,0,-0.352860,0.830292,0.830292,70,789,unknown,0,unknown,0.000000,null,0.000000,0.266,,"{""0"": 250, ""1"": 250, ""2"": null, ""3"": null, ""4"": null, ""5"": null, ""6"": null, ""7"": null}","{""0"": 0.0, ""1"": 0.0, ""2"": null, ""3"": null, ""4"": null, ""5"": null, ""6"": null, ""7"": null}","{""0"": 250, ""1"": 250}",250,1,0,0,0,0.266,ultrasonic-not-close,KEEP,left,right,,0
432,2026-08-01T16:12:55.537+09:00,128.036,431,3.37,1,DRIVING,,0,1,0,-0.418920,1.000000,1.000000,70,804,unknown,0,unknown,0.000000,null,0.000000,0.231,,"{""0"": 250, ""1"": 250, ""2"": null, ""3"": null, ""4"": null, ""5"": null, ""6"": null, ""7"": null}","{""0"": 0.0, ""1"": 0.0, ""2"": null, ""3"": null, ""4"": null, ""5"": null, ""6"": null, ""7"": null}","{""0"": 250, ""1"": 250}",250,1,0,0,0,0.231,ultrasonic-not-close,KEEP,left,right,,0
433,2026-08-01T16:12:55.821+09:00,128.320,432,3.38,1,DRIVING,,0,1,0,-0.460338,1.000000,1.000000,70,817,unknown,0,unknown,0.000000,null,0.000000,0.221,,"{""0"": 250, ""1"": 250, ""2"": null, ""3"": null, ""4"": null, ""5"": null, ""6"": null, ""7"": null}","{""0"": 0.0, ""1"": 0.0, ""2"": null, ""3"": null, ""4"": null, ""5"": null, ""6"": null, ""7"": null}","{""0"": 250, ""1"": 250}",250,1,0,0,0,0.221,ultrasonic-not-close,KEEP,left,right,,0
434,2026-08-01T16:12:56.122+09:00,128.620,433,3.38,1,DRIVING,,0,1,0,-0.448058,0.961787,0.961787,70,820,unknown,0,unknown,0.000000,null,0.000000,0.239,,"{""0"": 250, ""1"": 250, ""2"": null, ""3"": null, ""4"": null, ""5"": null, ""6"": null, ""7"": null}","{""0"": 0.0, ""1"": 0.0, ""2"": null, ""3"": null, ""4"": null, ""5"": null, ""6"": null, ""7"": null}","{""0"": 250, ""1"": 250}",250,1,0,0,0,0.239,ultrasonic-not-close,KEEP,left,right,,0
435,2026-08-01T16:12:56.454+09:00,128.952,434,3.37,1,DRIVING,,0,1,0,-0.411328,0.782974,0.782974,70,818,unknown,0,unknown,0.000000,null,0.000000,0.270,,"{""0"": 250, ""1"": 250, ""2"": null, ""3"": null, ""4"": null, ""5"": null, ""6"": null, ""7"": null}","{""0"": 0.0, ""1"": 0.0, ""2"": null, ""3"": null, ""4"": null, ""5"": null, ""6"": null, ""7"": null}","{""0"": 250, ""1"": 250}",250,1,0,0,0,0.270,ultrasonic-not-close,KEEP,left,right,,0
436,2026-08-01T16:12:56.748+09:00,129.247,435,3.37,1,DRIVING,,0,1,0,-0.353795,0.563079,0.563079,70,810,unknown,0,unknown,0.000000,null,0.000000,0.235,,"{""0"": 250, ""1"": 250, ""2"": null, ""3"": null, ""4"": null, ""5"": null, ""6"": null, ""7"": null}","{""0"": 0.0, ""1"": 0.0, ""2"": null, ""3"": null, ""4"": null, ""5"": null, ""6"": null, ""7"": null}","{""0"": 250, ""1"": 250}",250,1,0,0,0,0.235,ultrasonic-not-close,KEEP,left,right,,0
437,2026-08-01T16:12:57.072+09:00,129.573,436,3.37,1,DRIVING,,0,1,0,-0.289573,0.354007,0.354007,70,793,red,0,unknown,0.000000,null,0.000000,0.266,,"{""0"": 250, ""1"": 250, ""2"": null, ""3"": null, ""4"": null, ""5"": null, ""6"": null, ""7"": null}","{""0"": 0.0, ""1"": 0.0, ""2"": null, ""3"": null, ""4"": null, ""5"": null, ""6"": null, ""7"": null}","{""0"": 250, ""1"": 250}",250,1,0,0,0,0.266,ultrasonic-not-close,KEEP,left,right,,0
438,2026-08-01T16:12:57.376+09:00,129.873,437,3.37,1,DRIVING,,0,1,0,-0.220799,0.156587,0.156587,70,779,unknown,0,unknown,0.000000,null,0.000000,0.245,,"{""0"": 250, ""1"": 250, ""2"": null, ""3"": null, ""4"": null, ""5"": null, ""6"": null, ""7"": null}","{""0"": 0.0, ""1"": 0.0, ""2"": null, ""3"": null, ""4"": null, ""5"": null, ""6"": null, ""7"": null}","{""0"": 250, ""1"": 250}",250,1,0,0,0,0.245,ultrasonic-not-close,KEEP,left,right,,0
439,2026-08-01T16:12:57.656+09:00,130.156,438,3.37,1,DRIVING,,0,1,0,-0.203866,0.167883,0.167883,70,759,unknown,0,unknown,0.000000,null,0.000000,0.224,,"{""0"": 250, ""1"": 250, ""2"": null, ""3"": null, ""4"": null, ""5"": null, ""6"": null, ""7"": null}","{""0"": 0.0, ""1"": 0.0, ""2"": null, ""3"": null, ""4"": null, ""5"": null, ""6"": null, ""7"": null}","{""0"": 250, ""1"": 250}",250,1,0,0,0,0.224,ultrasonic-not-close,KEEP,left,right,,0
440,2026-08-01T16:12:57.986+09:00,130.483,439,3.37,1,DRIVING,,0,1,0,-0.163666,0.082885,0.082885,70,759,unknown,0,unknown,0.000000,null,0.000000,0.270,,"{""0"": 250, ""1"": 250, ""2"": null, ""3"": null, ""4"": null, ""5"": null, ""6"": null, ""7"": null}","{""0"": 0.0, ""1"": 0.0, ""2"": null, ""3"": null, ""4"": null, ""5"": null, ""6"": null, ""7"": null}","{""0"": 250, ""1"": 250}",250,1,0,0,0,0.270,ultrasonic-not-close,KEEP,left,right,,0
441,2026-08-01T16:12:58.248+09:00,130.747,440,3.37,1,DRIVING,,0,1,0,-0.175004,0.187216,0.187216,70,757,unknown,0,unknown,0.000000,null,0.000000,0.201,,"{""0"": 250, ""1"": 250, ""2"": null, ""3"": null, ""4"": null, ""5"": null, ""6"": null, ""7"": null}","{""0"": 0.0, ""1"": 0.0, ""2"": null, ""3"": null, ""4"": null, ""5"": null, ""6"": null, ""7"": null}","{""0"": 250, ""1"": 250}",250,1,0,0,0,0.201,ultrasonic-not-close,KEEP,left,right,,0
442,2026-08-01T16:12:58.515+09:00,131.013,441,3.37,1,DRIVING,,0,1,0,-0.227838,0.415755,0.415755,70,758,unknown,0,unknown,0.000000,null,0.000000,0.207,,"{""0"": 250, ""1"": 250, ""2"": null, ""3"": null, ""4"": null, ""5"": null, ""6"": null, ""7"": null}","{""0"": 0.0, ""1"": 0.0, ""2"": null, ""3"": null, ""4"": null, ""5"": null, ""6"": null, ""7"": null}","{""0"": 250, ""1"": 250}",250,1,0,0,0,0.207,ultrasonic-not-close,KEEP,left,right,,0
443,2026-08-01T16:12:58.812+09:00,131.311,442,3.37,1,DRIVING,,0,1,0,-0.274791,0.583092,0.583092,70,769,unknown,0,unknown,0.000000,null,0.000000,0.237,,"{""0"": 250, ""1"": 250, ""2"": null, ""3"": null, ""4"": null, ""5"": null, ""6"": null, ""7"": null}","{""0"": 0.0, ""1"": 0.0, ""2"": null, ""3"": null, ""4"": null, ""5"": null, ""6"": null, ""7"": null}","{""0"": 250, ""1"": 250}",250,1,0,0,0,0.237,ultrasonic-not-close,KEEP,left,right,,0
444,2026-08-01T16:12:59.107+09:00,131.604,443,3.37,1,DRIVING,,0,1,0,-0.326814,0.743834,0.743834,70,784,unknown,0,unknown,0.000000,null,0.000000,0.234,,"{""0"": 250, ""1"": 250, ""2"": null, ""3"": null, ""4"": null, ""5"": null, ""6"": null, ""7"": null}","{""0"": 0.0, ""1"": 0.0, ""2"": null, ""3"": null, ""4"": null, ""5"": null, ""6"": null, ""7"": null}","{""0"": 250, ""1"": 250}",250,1,0,0,0,0.234,ultrasonic-not-close,KEEP,left,right,,0
445,2026-08-01T16:12:59.410+09:00,131.911,444,3.37,1,DRIVING,,0,1,0,-0.386295,0.911295,0.911295,70,798,unknown,0,unknown,0.000000,null,0.000000,0.248,,"{""0"": 250, ""1"": 250, ""2"": null, ""3"": null, ""4"": null, ""5"": null, ""6"": null, ""7"": null}","{""0"": 0.0, ""1"": 0.0, ""2"": null, ""3"": null, ""4"": null, ""5"": null, ""6"": null, ""7"": null}","{""0"": 250, ""1"": 250}",250,1,0,0,0,0.248,ultrasonic-not-close,KEEP,left,right,,0
446,2026-08-01T16:12:59.691+09:00,132.189,445,3.37,1,DRIVING,,0,1,0,-0.424724,0.984850,0.984850,70,808,unknown,0,unknown,0.000000,null,0.000000,0.225,,"{""0"": 250, ""1"": 250, ""2"": null, ""3"": null, ""4"": null, ""5"": null, ""6"": null, ""7"": null}","{""0"": 0.0, ""1"": 0.0, ""2"": null, ""3"": null, ""4"": null, ""5"": null, ""6"": null, ""7"": null}","{""0"": 250, ""1"": 250}",250,1,0,0,0,0.225,ultrasonic-not-close,KEEP,left,right,,0
447,2026-08-01T16:13:00.027+09:00,132.523,446,3.37,1,DRIVING,,0,1,0,-0.428206,0.931282,0.931282,70,817,unknown,0,unknown,0.000000,null,0.000000,0.267,,"{""0"": 110, ""1"": 115, ""2"": null, ""3"": null, ""4"": null, ""5"": null, ""6"": null, ""7"": null}","{""0"": 0.0, ""1"": 0.0, ""2"": null, ""3"": null, ""4"": null, ""5"": null, ""6"": null, ""7"": null}","{""0"": 110, ""1"": 115}",110,1,1,0,0,0.267,car-not-detected-or-stale,KEEP,left,right,,0
448,2026-08-01T16:13:00.329+09:00,132.826,447,3.37,1,DRIVING,,0,1,0,-0.416448,0.840800,0.840800,70,818,unknown,0,unknown,0.000000,null,0.000000,0.240,,"{""0"": 92, ""1"": 98, ""2"": null, ""3"": null, ""4"": null, ""5"": null, ""6"": null, ""7"": null}","{""0"": 0.0, ""1"": 0.0, ""2"": null, ""3"": null, ""4"": null, ""5"": null, ""6"": null, ""7"": null}","{""0"": 92, ""1"": 98}",92,1,1,0,0,0.240,car-not-detected-or-stale,KEEP,left,right,,0
449,2026-08-01T16:13:00.627+09:00,133.126,448,3.37,1,DRIVING,,0,1,0,-0.379473,0.680331,0.680331,50,817,unknown,0,unknown,0.000000,null,0.000000,0.237,,"{""0"": 77, ""1"": 250, ""2"": null, ""3"": null, ""4"": null, ""5"": null, ""6"": null, ""7"": null}","{""0"": 0.0, ""1"": 0.0, ""2"": null, ""3"": null, ""4"": null, ""5"": null, ""6"": null, ""7"": null}","{""0"": 77, ""1"": 250}",77,1,1,0,0,0.237,car-not-detected-or-stale,KEEP,left,right,,0
450,2026-08-01T16:13:00.873+09:00,133.371,449,3.37,1,DRIVING,,0,1,0,-0.333153,0.514396,0.514396,50,808,unknown,0,unknown,0.000000,null,0.000000,0.183,,"{""0"": 69, ""1"": 250, ""2"": null, ""3"": null, ""4"": null, ""5"": null, ""6"": null, ""7"": null}","{""0"": 0.0, ""1"": 0.0, ""2"": null, ""3"": null, ""4"": null, ""5"": null, ""6"": null, ""7"": null}","{""0"": 69, ""1"": 250}",69,1,1,0,0,0.183,car-not-detected-or-stale,KEEP,left,right,,0
451,2026-08-01T16:13:01.126+09:00,133.624,450,3.38,1,DRIVING,,0,1,0,-0.251652,0.246576,0.246576,70,791,unknown,0,unknown,0.000000,null,0.000000,0.194,,"{""0"": 250, ""1"": 250, ""2"": null, ""3"": null, ""4"": null, ""5"": null, ""6"": null, ""7"": null}","{""0"": 0.0, ""1"": 0.0, ""2"": null, ""3"": null, ""4"": null, ""5"": null, ""6"": null, ""7"": null}","{""0"": 250, ""1"": 250}",250,1,0,0,0,0.194,ultrasonic-not-close,KEEP,left,right,,0
452,2026-08-01T16:13:01.463+09:00,133.961,451,3.37,1,DRIVING,,0,1,0,-0.229656,0.229311,0.229311,70,768,unknown,0,unknown,0.000000,null,0.000000,0.278,,"{""0"": 250, ""1"": 250, ""2"": null, ""3"": null, ""4"": null, ""5"": null, ""6"": null, ""7"": null}","{""0"": 0.0, ""1"": 0.0, ""2"": null, ""3"": null, ""4"": null, ""5"": null, ""6"": null, ""7"": null}","{""0"": 250, ""1"": 250}",250,1,0,0,0,0.278,ultrasonic-not-close,KEEP,left,right,,0
453,2026-08-01T16:13:01.804+09:00,134.301,452,3.37,1,DRIVING,,0,1,0,-0.172905,0.080226,0.080226,70,769,unknown,0,unknown,0.000000,null,0.000000,0.274,,"{""0"": 250, ""1"": 250, ""2"": null, ""3"": null, ""4"": null, ""5"": null, ""6"": null, ""7"": null}","{""0"": 0.0, ""1"": 0.0, ""2"": null, ""3"": null, ""4"": null, ""5"": null, ""6"": null, ""7"": null}","{""0"": 250, ""1"": 250}",250,1,0,0,0,0.274,ultrasonic-not-close,KEEP,left,right,,0
454,2026-08-01T16:13:02.124+09:00,134.624,453,3.37,1,DRIVING,,0,1,0,-0.139494,0.029247,0.029247,70,751,unknown,0,unknown,0.000000,null,0.000000,0.260,,"{""0"": 91, ""1"": 195, ""2"": null, ""3"": null, ""4"": null, ""5"": null, ""6"": null, ""7"": null}","{""0"": 0.0, ""1"": 0.0, ""2"": null, ""3"": null, ""4"": null, ""5"": null, ""6"": null, ""7"": null}","{""0"": 91, ""1"": 195}",91,1,1,0,0,0.260,car-not-detected-or-stale,KEEP,left,right,,0
455,2026-08-01T16:13:02.374+09:00,134.872,454,3.37,1,DRIVING,,0,1,0,-0.123953,0.039853,0.039853,50,751,green,0,unknown,0.000000,null,0.000000,0.192,,"{""0"": 77, ""1"": 181, ""2"": null, ""3"": null, ""4"": null, ""5"": null, ""6"": null, ""7"": null}","{""0"": 0.0, ""1"": 0.0, ""2"": null, ""3"": null, ""4"": null, ""5"": null, ""6"": null, ""7"": null}","{""0"": 77, ""1"": 181}",77,1,1,0,0,0.192,car-not-detected-or-stale,KEEP,left,right,,0
456,2026-08-01T16:13:02.642+09:00,135.139,455,3.38,1,DRIVING,,0,1,0,-0.147119,0.178228,0.178228,70,740,green,1,obstacle-car,0.796152,"[468, 323, 688, 513]",0.045609,0.206,,"{""0"": 250, ""1"": 167, ""2"": null, ""3"": null, ""4"": null, ""5"": null, ""6"": null, ""7"": null}","{""0"": 0.0, ""1"": 0.0, ""2"": null, ""3"": null, ""4"": null, ""5"": null, ""6"": null, ""7"": null}","{""0"": 250, ""1"": 167}",167,1,0,0,0,0.206,ultrasonic-not-close,KEEP,left,right,,0
457,2026-08-01T16:13:02.873+09:00,135.367,456,3.38,1,DRIVING,,0,1,0,-0.160420,0.252090,0.252090,50,751,unknown,1,obstacle-car,0.600577,"[463, 274, 693, 513]",0.059363,0.170,,"{""0"": 56, ""1"": 152, ""2"": null, ""3"": null, ""4"": null, ""5"": null, ""6"": null, ""7"": null}","{""0"": 0.0, ""1"": 0.0, ""2"": null, ""3"": null, ""4"": null, ""5"": null, ""6"": null, ""7"": null}","{""0"": 56, ""1"": 152}",56,1,1,1,1,0.170,car+ultrasonic,KEEP,left,right,,0
458,2026-08-01T16:13:03.190+09:00,135.690,457,3.38,1,DRIVING,,0,1,0,-0.168457,0.292024,0.292024,70,756,green,1,obstacle-car,0.618437,"[447, 179, 694, 528]",0.093761,0.254,,"{""0"": 136, ""1"": 136, ""2"": null, ""3"": null, ""4"": null, ""5"": null, ""6"": null, ""7"": null}","{""0"": 0.0, ""1"": 0.0, ""2"": null, ""3"": null, ""4"": null, ""5"": null, ""6"": null, ""7"": null}","{""0"": 136, ""1"": 136}",136,1,1,1,2,0.254,car+ultrasonic,KEEP,left,right,,0
459,2026-08-01T16:13:03.452+09:00,135.948,458,3.38,1,AVOIDING_OBSTACLE,state:DRIVING->AVOIDING_OBSTACLE;phase:KEEP->CHANGING,0,1,0,-0.184126,0.000000,1.000000,70,761,green,1,obstacle-car,0.836226,"[432, 290, 696, 538]",0.071007,0.203,,"{""0"": 123, ""1"": 122, ""2"": null, ""3"": null, ""4"": null, ""5"": null, ""6"": null, ""7"": null}","{""0"": 0.0, ""1"": 0.0, ""2"": null, ""3"": null, ""4"": null, ""5"": null, ""6"": null, ""7"": null}","{""0"": 123, ""1"": 122}",122,1,1,1,0,0.203,car+ultrasonic,CHANGING,left,right,left,0
460,2026-08-01T16:13:03.751+09:00,136.248,459,3.38,1,AVOIDING_OBSTACLE,,0,0,0,,0.000000,1.000000,70,800,green,1,obstacle-car,0.908071,"[409, 305, 707, 540]",0.075811,0.238,,"{""0"": 105, ""1"": 101, ""2"": null, ""3"": null, ""4"": null, ""5"": null, ""6"": null, ""7"": null}","{""0"": 0.0, ""1"": 0.0, ""2"": null, ""3"": null, ""4"": null, ""5"": null, ""6"": null, ""7"": null}",{},,1,0,1,0,,maneuver-locked,CHANGING,left,right,left,0
461,2026-08-01T16:13:03.989+09:00,136.487,460,3.38,1,AVOIDING_OBSTACLE,,0,0,0,,0.000000,1.000000,70,818,green,1,obstacle-car,0.938420,"[397, 298, 718, 551]",0.088336,0.179,,"{""0"": 89, ""1"": 90, ""2"": null, ""3"": null, ""4"": null, ""5"": null, ""6"": null, ""7"": null}","{""0"": 0.0, ""1"": 0.0, ""2"": null, ""3"": null, ""4"": null, ""5"": null, ""6"": null, ""7"": null}",{},,1,0,1,0,,maneuver-locked,CHANGING,left,right,left,0
462,2026-08-01T16:13:04.218+09:00,136.716,461,3.38,1,AVOIDING_OBSTACLE,,0,0,0,,0.000000,1.000000,70,818,green,1,obstacle-car,0.964934,"[422, 287, 777, 591]",0.117109,0.169,,"{""0"": 77, ""1"": 76, ""2"": null, ""3"": null, ""4"": null, ""5"": null, ""6"": null, ""7"": null}","{""0"": 0.0, ""1"": 0.0, ""2"": null, ""3"": null, ""4"": null, ""5"": null, ""6"": null, ""7"": null}",{},,1,0,1,0,,maneuver-locked,CHANGING,left,right,left,0
463,2026-08-01T16:13:04.509+09:00,137.008,462,3.38,1,AVOIDING_OBSTACLE,,0,0,0,,0.000000,1.000000,70,818,green,1,obstacle-car,0.986181,"[500, 282, 919, 619]",0.152903,0.231,,"{""0"": 59, ""1"": 61, ""2"": null, ""3"": null, ""4"": null, ""5"": null, ""6"": null, ""7"": null}","{""0"": 0.0, ""1"": 0.0, ""2"": null, ""3"": null, ""4"": null, ""5"": null, ""6"": null, ""7"": null}",{},,1,0,1,0,,maneuver-locked,CHANGING,left,right,left,0
464,2026-08-01T16:13:04.789+09:00,137.287,463,3.38,1,AVOIDING_OBSTACLE,,0,0,0,,0.000000,1.000000,70,819,unknown,1,obstacle-car,0.977916,"[552, 274, 1041, 655]",0.202378,0.222,,"{""0"": 45, ""1"": 62, ""2"": null, ""3"": null, ""4"": null, ""5"": null, ""6"": null, ""7"": null}","{""0"": 0.0, ""1"": 0.0, ""2"": null, ""3"": null, ""4"": null, ""5"": null, ""6"": null, ""7"": null}",{},,1,0,1,0,,maneuver-locked,CHANGING,left,right,left,0
465,2026-08-01T16:13:05.085+09:00,137.587,464,3.38,1,AVOIDING_OBSTACLE,,0,0,0,,0.000000,1.000000,70,819,unknown,1,obstacle-car,0.995504,"[673, 260, 1278, 714]",0.297464,0.240,,"{""0"": 32, ""1"": 250, ""2"": null, ""3"": null, ""4"": null, ""5"": null, ""6"": null, ""7"": null}","{""0"": 0.0, ""1"": 0.0, ""2"": null, ""3"": null, ""4"": null, ""5"": null, ""6"": null, ""7"": null}",{},,1,0,1,0,,maneuver-locked,CHANGING,left,right,left,0
466,2026-08-01T16:13:05.442+09:00,137.938,465,3.38,1,AVOIDING_OBSTACLE,,0,0,0,,0.000000,1.000000,70,819,green,1,obstacle-car,0.987140,"[832, 199, 1277, 717]",0.249904,0.291,,"{""0"": 78, ""1"": 250, ""2"": null, ""3"": null, ""4"": null, ""5"": null, ""6"": null, ""7"": null}","{""0"": 0.0, ""1"": 0.0, ""2"": null, ""3"": null, ""4"": null, ""5"": null, ""6"": null, ""7"": null}",{},,1,0,1,0,,maneuver-locked,CHANGING,left,right,left,0
467,2026-08-01T16:13:05.672+09:00,138.170,466,3.38,1,AVOIDING_OBSTACLE,,0,0,0,,0.000000,1.000000,70,819,green,1,obstacle-car,0.954932,"[1065, 248, 1280, 716]",0.109081,0.172,,"{""0"": 250, ""1"": 250, ""2"": null, ""3"": null, ""4"": null, ""5"": null, ""6"": null, ""7"": null}","{""0"": 0.0, ""1"": 0.0, ""2"": null, ""3"": null, ""4"": null, ""5"": null, ""6"": null, ""7"": null}",{},,1,0,1,0,,maneuver-locked,CHANGING,left,right,left,0
468,2026-08-01T16:13:05.957+09:00,138.458,467,3.38,1,AVOIDING_OBSTACLE,phase:CHANGING->COUNTER_STEER,0,0,0,,0.000000,-1.000000,70,820,green,0,unknown,0.000000,null,0.000000,0.229,,"{""0"": 250, ""1"": 250, ""2"": null, ""3"": null, ""4"": null, ""5"": null, ""6"": null, ""7"": null}","{""0"": 0.0, ""1"": 0.0, ""2"": null, ""3"": null, ""4"": null, ""5"": null, ""6"": null, ""7"": null}",{},,1,0,1,0,,maneuver-locked,COUNTER_STEER,left,right,left,0
469,2026-08-01T16:13:06.238+09:00,138.741,468,3.38,1,AVOIDING_OBSTACLE,,0,0,0,,0.000000,-1.000000,70,775,green,0,unknown,0.000000,null,0.000000,0.231,,"{""0"": 250, ""1"": 250, ""2"": null, ""3"": null, ""4"": null, ""5"": null, ""6"": null, ""7"": null}","{""0"": 0.0, ""1"": 0.0, ""2"": null, ""3"": null, ""4"": null, ""5"": null, ""6"": null, ""7"": null}",{},,1,0,1,0,,maneuver-locked,COUNTER_STEER,left,right,left,0
470,2026-08-01T16:13:06.541+09:00,139.040,469,3.38,1,AVOIDING_OBSTACLE,,0,0,0,,0.000000,-1.000000,70,693,green,0,unknown,0.000000,null,0.000000,0.247,,"{""0"": 250, ""1"": 250, ""2"": null, ""3"": null, ""4"": null, ""5"": null, ""6"": null, ""7"": null}","{""0"": 0.0, ""1"": 0.0, ""2"": null, ""3"": null, ""4"": null, ""5"": null, ""6"": null, ""7"": null}",{},,1,0,1,0,,maneuver-locked,COUNTER_STEER,left,right,left,0
471,2026-08-01T16:13:06.850+09:00,139.348,470,3.38,1,AVOIDING_OBSTACLE,,0,0,0,,0.000000,-1.000000,70,686,green,0,unknown,0.000000,null,0.000000,0.249,,"{""0"": 250, ""1"": 250, ""2"": null, ""3"": null, ""4"": null, ""5"": null, ""6"": null, ""7"": null}","{""0"": 0.0, ""1"": 0.0, ""2"": null, ""3"": null, ""4"": null, ""5"": null, ""6"": null, ""7"": null}",{},,1,0,1,0,,maneuver-locked,COUNTER_STEER,left,right,left,0
472,2026-08-01T16:13:07.144+09:00,139.646,471,3.38,1,DRIVING,state:AVOIDING_OBSTACLE->DRIVING;phase:COUNTER_STEER->KEEP,0,0,0,,0.000000,0.000000,70,684,green,0,unknown,0.000000,null,0.000000,0.238,,"{""0"": 250, ""1"": 250, ""2"": null, ""3"": null, ""4"": null, ""5"": null, ""6"": null, ""7"": null}","{""0"": 0.0, ""1"": 0.0, ""2"": null, ""3"": null, ""4"": null, ""5"": null, ""6"": null, ""7"": null}",{},,1,0,1,0,,maneuver-locked,KEEP,,,,0
473,2026-08-01T16:13:07.431+09:00,139.930,472,3.38,1,DRIVING,,0,0,0,,0.000000,0.000000,70,712,green,0,unknown,0.000000,null,0.000000,0.229,,"{""0"": 166, ""1"": 250, ""2"": null, ""3"": null, ""4"": null, ""5"": null, ""6"": null, ""7"": null}","{""0"": 0.001, ""1"": 0.001, ""2"": null, ""3"": null, ""4"": null, ""5"": null, ""6"": null, ""7"": null}","{""0"": 166, ""1"": 250}",166,1,0,0,0,0.228,ultrasonic-not-close,KEEP,,,,1
474,2026-08-01T16:13:07.710+09:00,140.211,473,3.38,1,DRIVING,,0,0,0,,0.000000,0.000000,70,740,green,0,unknown,0.000000,null,0.000000,0.226,,"{""0"": 151, ""1"": 250, ""2"": null, ""3"": null, ""4"": null, ""5"": null, ""6"": null, ""7"": null}","{""0"": 0.0, ""1"": 0.0, ""2"": null, ""3"": null, ""4"": null, ""5"": null, ""6"": null, ""7"": null}","{""0"": 151, ""1"": 250}",151,1,0,0,0,0.226,ultrasonic-not-close,KEEP,,,,2
475,2026-08-01T16:13:07.984+09:00,140.486,474,3.38,1,DRIVING,,0,1,0,0.217708,-0.391875,-0.391875,70,741,green,0,unknown,0.000000,null,0.000000,0.222,,"{""0"": 133, ""1"": 250, ""2"": null, ""3"": null, ""4"": null, ""5"": null, ""6"": null, ""7"": null}","{""0"": 0.0, ""1"": 0.0, ""2"": null, ""3"": null, ""4"": null, ""5"": null, ""6"": null, ""7"": null}","{""0"": 133, ""1"": 250}",133,1,1,0,0,0.222,car-not-detected-or-stale,KEEP,right,,,0
476,2026-08-01T16:13:08.262+09:00,140.761,475,3.38,1,DRIVING,,0,1,0,0.230199,-0.436843,-0.436843,70,724,green,0,unknown,0.000000,null,0.000000,0.222,,"{""0"": 118, ""1"": 250, ""2"": null, ""3"": null, ""4"": null, ""5"": null, ""6"": null, ""7"": null}","{""0"": 0.0, ""1"": 0.0, ""2"": null, ""3"": null, ""4"": null, ""5"": null, ""6"": null, ""7"": null}","{""0"": 118, ""1"": 250}",118,1,1,0,0,0.222,car-not-detected-or-stale,KEEP,right,left,,0
477,2026-08-01T16:13:08.507+09:00,141.005,476,3.38,1,DRIVING,,0,1,0,0.217969,-0.386067,-0.386067,70,721,green,0,unknown,0.000000,null,0.000000,0.186,,"{""0"": 102, ""1"": 112, ""2"": null, ""3"": null, ""4"": null, ""5"": null, ""6"": null, ""7"": null}","{""0"": 0.0, ""1"": 0.0, ""2"": null, ""3"": null, ""4"": null, ""5"": null, ""6"": null, ""7"": null}","{""0"": 102, ""1"": 112}",102,1,1,0,0,0.186,car-not-detected-or-stale,KEEP,right,,,0
478,2026-08-01T16:13:08.761+09:00,141.258,477,3.38,1,DRIVING,,0,1,0,0.208040,-0.352206,-0.352206,70,719,green,0,unknown,0.000000,null,0.000000,0.193,,"{""0"": 87, ""1"": 89, ""2"": null, ""3"": null, ""4"": null, ""5"": null, ""6"": null, ""7"": null}","{""0"": 0.0, ""1"": 0.0, ""2"": null, ""3"": null, ""4"": null, ""5"": null, ""6"": null, ""7"": null}","{""0"": 87, ""1"": 89}",87,1,1,0,0,0.193,car-not-detected-or-stale,KEEP,right,,,0
479,2026-08-01T16:13:09.052+09:00,141.553,478,3.38,1,DRIVING,,0,1,0,0.189851,-0.293405,-0.293405,50,716,green,1,obstacle-car,0.739738,"[704, 45, 1098, 595]",0.235270,0.233,,"{""0"": 69, ""1"": 73, ""2"": null, ""3"": null, ""4"": null, ""5"": null, ""6"": null, ""7"": null}","{""0"": 0.0, ""1"": 0.0, ""2"": null, ""3"": null, ""4"": null, ""5"": null, ""6"": null, ""7"": null}","{""0"": 69, ""1"": 73}",69,1,1,1,1,0.233,car+ultrasonic,KEEP,right,left,,0
480,2026-08-01T16:13:09.336+09:00,141.835,479,3.38,1,DRIVING,,0,1,0,0.143544,-0.141197,-0.141197,50,719,green,1,obstacle-car,0.767323,"[668, 95, 1094, 619]",0.241953,0.228,,"{""0"": 53, ""1"": 56, ""2"": null, ""3"": null, ""4"": null, ""5"": null, ""6"": null, ""7"": null}","{""0"": 0.0, ""1"": 0.0, ""2"": null, ""3"": null, ""4"": null, ""5"": null, ""6"": null, ""7"": null}","{""0"": 53, ""1"": 56}",53,1,1,1,2,0.228,car+ultrasonic,KEEP,right,left,,0
481,2026-08-01T16:13:09.630+09:00,142.128,480,3.38,0,DRIVING,phase:KEEP->KEEP_PAUSED,0,1,0,0.074547,0.072037,0.072037,0,727,green,1,obstacle-car,0.856260,"[579, 79, 1082, 702]",0.340091,0.239,,"{""0"": 43, ""1"": 44, ""2"": null, ""3"": null, ""4"": null, ""5"": null, ""6"": null, ""7"": null}","{""0"": 0.0, ""1"": 0.0, ""2"": null, ""3"": null, ""4"": null, ""5"": null, ""6"": null, ""7"": null}","{""0"": 43, ""1"": 44}",43,1,1,1,0,0.239,car+ultrasonic,KEEP_PAUSED,right,,,0
482,2026-08-01T16:13:09.931+09:00,142.431,481,3.38,0,DRIVING,,0,1,0,0.033008,0.159711,0.159711,0,738,green,1,obstacle-car,0.939485,"[456, 55, 1079, 715]",0.445728,0.240,,"{""0"": 43, ""1"": 42, ""2"": null, ""3"": null, ""4"": null, ""5"": null, ""6"": null, ""7"": null}","{""0"": 0.0, ""1"": 0.0, ""2"": null, ""3"": null, ""4"": null, ""5"": null, ""6"": null, ""7"": null}","{""0"": 43, ""1"": 42}",42,1,1,1,0,0.240,car+ultrasonic,KEEP_PAUSED,right,,,0
483,2026-08-01T16:13:10.265+09:00,142.763,482,3.38,0,DRIVING,,0,1,0,0.001251,0.208299,0.208299,0,738,unknown,1,obstacle-car,0.887530,"[361, 42, 1094, 715]",0.535204,0.269,,"{""0"": 44, ""1"": 42, ""2"": null, ""3"": null, ""4"": null, ""5"": null, ""6"": null, ""7"": null}","{""0"": 0.0, ""1"": 0.0, ""2"": null, ""3"": null, ""4"": null, ""5"": null, ""6"": null, ""7"": null}","{""0"": 44, ""1"": 42}",42,1,1,1,0,0.269,car+ultrasonic,KEEP_PAUSED,right,,,0
484,2026-08-01T16:13:10.582+09:00,143.078,483,3.38,0,DRIVING,,0,1,0,0.001994,0.142459,0.142459,0,738,unknown,1,obstacle-car,0.964813,"[359, 48, 1098, 715]",0.535246,0.255,,"{""0"": 43, ""1"": 41, ""2"": null, ""3"": null, ""4"": null, ""5"": null, ""6"": null, ""7"": null}","{""0"": 0.0, ""1"": 0.0, ""2"": null, ""3"": null, ""4"": null, ""5"": null, ""6"": null, ""7"": null}","{""0"": 43, ""1"": 41}",41,1,1,1,0,0.255,car+ultrasonic,KEEP_PAUSED,right,,,0
485,2026-08-01T16:13:10.894+09:00,143.391,484,3.38,0,DRIVING,,0,1,0,0.010246,0.068935,0.068935,0,737,unknown,1,obstacle-car,0.978792,"[359, 46, 1098, 715]",0.537168,0.252,,"{""0"": 44, ""1"": 41, ""2"": null, ""3"": null, ""4"": null, ""5"": null, ""6"": null, ""7"": null}","{""0"": 0.0, ""1"": 0.0, ""2"": null, ""3"": null, ""4"": null, ""5"": null, ""6"": null, ""7"": null}","{""0"": 44, ""1"": 41}",41,1,1,1,0,0.252,car+ultrasonic,KEEP_PAUSED,right,left,,0
486,2026-08-01T16:13:11.151+09:00,143.649,485,3.38,0,DRIVING,,0,1,0,0.008975,0.047299,0.047299,0,738,unknown,1,obstacle-car,0.987301,"[359, 44, 1098, 715]",0.538233,0.198,,"{""0"": 44, ""1"": 41, ""2"": null, ""3"": null, ""4"": null, ""5"": null, ""6"": null, ""7"": null}","{""0"": 0.0, ""1"": 0.0, ""2"": null, ""3"": null, ""4"": null, ""5"": null, ""6"": null, ""7"": null}","{""0"": 44, ""1"": 41}",41,1,1,1,0,0.198,car+ultrasonic,KEEP_PAUSED,right,left,,0
487,2026-08-01T16:13:11.405+09:00,143.901,486,3.38,0,DRIVING,,0,1,0,0.006650,0.036633,0.036633,0,738,unknown,1,obstacle-car,0.987101,"[359, 43, 1098, 715]",0.539193,0.192,,"{""0"": 44, ""1"": 41, ""2"": null, ""3"": null, ""4"": null, ""5"": null, ""6"": null, ""7"": null}","{""0"": 0.0, ""1"": 0.0, ""2"": null, ""3"": null, ""4"": null, ""5"": null, ""6"": null, ""7"": null}","{""0"": 44, ""1"": 41}",41,1,1,1,0,0.192,car+ultrasonic,KEEP_PAUSED,right,,,0
488,2026-08-01T16:13:11.658+09:00,144.154,487,3.39,0,DRIVING,,0,1,0,0.006650,0.022052,0.022052,0,738,unknown,1,obstacle-car,0.989211,"[359, 44, 1098, 715]",0.538663,0.189,,"{""0"": 44, ""1"": 41, ""2"": null, ""3"": null, ""4"": null, ""5"": null, ""6"": null, ""7"": null}","{""0"": 0.0, ""1"": 0.0, ""2"": null, ""3"": null, ""4"": null, ""5"": null, ""6"": null, ""7"": null}","{""0"": 44, ""1"": 41}",41,1,1,1,0,0.189,car+ultrasonic,KEEP_PAUSED,right,,,0
489,2026-08-01T16:13:11.919+09:00,144.417,488,3.39,0,DRIVING,,0,1,0,0.010089,-0.000534,-0.000534,0,738,unknown,1,obstacle-car,0.988770,"[359, 43, 1098, 715]",0.539618,0.196,,"{""0"": 44, ""1"": 41, ""2"": null, ""3"": null, ""4"": null, ""5"": null, ""6"": null, ""7"": null}","{""0"": 0.0, ""1"": 0.0, ""2"": null, ""3"": null, ""4"": null, ""5"": null, ""6"": null, ""7"": null}","{""0"": 44, ""1"": 41}",41,1,1,1,0,0.196,car+ultrasonic,KEEP_PAUSED,right,left,,0
490,2026-08-01T16:13:12.242+09:00,144.742,489,3.39,0,DRIVING,,0,1,0,0.006935,0.005530,0.005530,0,737,unknown,1,obstacle-car,0.989287,"[359, 42, 1098, 715]",0.539828,0.266,,"{""0"": 43, ""1"": 41, ""2"": null, ""3"": null, ""4"": null, ""5"": null, ""6"": null, ""7"": null}","{""0"": 0.0, ""1"": 0.0, ""2"": null, ""3"": null, ""4"": null, ""5"": null, ""6"": null, ""7"": null}","{""0"": 43, ""1"": 41}",41,1,1,1,0,0.266,car+ultrasonic,KEEP_PAUSED,right,,,0
491,2026-08-01T16:13:12.572+09:00,145.070,490,3.39,0,DRIVING,,0,1,0,0.006935,0.000126,0.000126,0,737,unknown,1,obstacle-car,0.988959,"[359, 44, 1098, 715]",0.538800,0.271,,"{""0"": 43, ""1"": 41, ""2"": null, ""3"": null, ""4"": null, ""5"": null, ""6"": null, ""7"": null}","{""0"": 0.0, ""1"": 0.0, ""2"": null, ""3"": null, ""4"": null, ""5"": null, ""6"": null, ""7"": null}","{""0"": 43, ""1"": 41}",41,1,1,1,0,0.271,car+ultrasonic,KEEP_PAUSED,right,,,0
492,2026-08-01T16:13:12.898+09:00,145.394,491,3.38,0,DRIVING,,0,1,0,0.006935,-0.003657,-0.003657,0,737,unknown,1,obstacle-car,0.977579,"[358, 41, 1098, 715]",0.541693,0.263,,"{""0"": 44, ""1"": 42, ""2"": null, ""3"": null, ""4"": null, ""5"": null, ""6"": null, ""7"": null}","{""0"": 0.0, ""1"": 0.0, ""2"": null, ""3"": null, ""4"": null, ""5"": null, ""6"": null, ""7"": null}","{""0"": 44, ""1"": 42}",42,1,1,1,0,0.263,car+ultrasonic,KEEP_PAUSED,right,,,0
493,2026-08-01T16:13:13.121+09:00,145.618,492,3.39,0,DRIVING,,0,1,0,0.006935,-0.006305,-0.006305,0,737,unknown,1,obstacle-car,0.915716,"[358, 35, 1097, 716]",0.546035,0.165,,"{""0"": 43, ""1"": 42, ""2"": null, ""3"": null, ""4"": null, ""5"": null, ""6"": null, ""7"": null}","{""0"": 0.0, ""1"": 0.0, ""2"": null, ""3"": null, ""4"": null, ""5"": null, ""6"": null, ""7"": null}","{""0"": 43, ""1"": 42}",42,1,1,1,0,0.165,car+ultrasonic,KEEP_PAUSED,right,,,0
494,2026-08-01T16:13:13.356+09:00,145.854,493,3.39,0,DRIVING,,0,1,0,0.006935,-0.008159,-0.008159,0,737,unknown,1,obstacle-car,0.914079,"[358, 36, 1098, 716]",0.545591,0.175,,"{""0"": 43, ""1"": 42, ""2"": null, ""3"": null, ""4"": null, ""5"": null, ""6"": null, ""7"": null}","{""0"": 0.0, ""1"": 0.0, ""2"": null, ""3"": null, ""4"": null, ""5"": null, ""6"": null, ""7"": null}","{""0"": 43, ""1"": 42}",42,1,1,1,0,0.175,car+ultrasonic,KEEP_PAUSED,right,,,0
495,2026-08-01T16:13:13.661+09:00,146.160,494,3.39,0,DRIVING,,0,1,0,0.006935,-0.009456,-0.009456,0,738,unknown,1,obstacle-car,0.928823,"[358, 37, 1098, 715]",0.545247,0.246,,"{""0"": 43, ""1"": 42, ""2"": null, ""3"": null, ""4"": null, ""5"": null, ""6"": null, ""7"": null}","{""0"": 0.0, ""1"": 0.0, ""2"": null, ""3"": null, ""4"": null, ""5"": null, ""6"": null, ""7"": null}","{""0"": 43, ""1"": 42}",42,1,1,1,0,0.246,car+ultrasonic,KEEP_PAUSED,right,,,0
496,2026-08-01T16:13:13.949+09:00,146.446,495,3.39,0,DRIVING,,0,1,0,0.006935,-0.010364,-0.010364,0,737,unknown,1,obstacle-car,0.943724,"[358, 38, 1098, 715]",0.544802,0.229,,"{""0"": 43, ""1"": 42, ""2"": null, ""3"": null, ""4"": null, ""5"": null, ""6"": null, ""7"": null}","{""0"": 0.0, ""1"": 0.0, ""2"": null, ""3"": null, ""4"": null, ""5"": null, ""6"": null, ""7"": null}","{""0"": 43, ""1"": 42}",42,1,1,1,0,0.229,car+ultrasonic,KEEP_PAUSED,right,,,0
497,2026-08-01T16:13:14.217+09:00,146.715,496,3.39,0,DRIVING,,0,1,0,0.006935,-0.011000,-0.011000,0,737,unknown,1,obstacle-car,0.947355,"[358, 38, 1098, 715]",0.544470,0.205,,"{""0"": 43, ""1"": 42, ""2"": null, ""3"": null, ""4"": null, ""5"": null, ""6"": null, ""7"": null}","{""0"": 0.0, ""1"": 0.0, ""2"": null, ""3"": null, ""4"": null, ""5"": null, ""6"": null, ""7"": null}","{""0"": 43, ""1"": 42}",42,1,1,1,0,0.205,car+ultrasonic,KEEP_PAUSED,right,,,0
498,2026-08-01T16:13:14.507+09:00,147.007,497,3.39,0,DRIVING,,0,1,0,-0.001289,0.018163,0.018163,0,738,unknown,1,obstacle-car,0.941688,"[358, 38, 1098, 715]",0.544102,0.235,,"{""0"": 43, ""1"": 42, ""2"": null, ""3"": null, ""4"": null, ""5"": null, ""6"": null, ""7"": null}","{""0"": 0.0, ""1"": 0.0, ""2"": null, ""3"": null, ""4"": null, ""5"": null, ""6"": null, ""7"": null}","{""0"": 43, ""1"": 42}",42,1,1,1,0,0.235,car+ultrasonic,KEEP_PAUSED,right,,,0
499,2026-08-01T16:13:14.816+09:00,147.313,498,3.39,0,DRIVING,,0,1,0,-0.001289,0.013410,0.013410,0,738,unknown,1,obstacle-car,0.930149,"[358, 35, 1097, 716]",0.545960,0.251,,"{""0"": 44, ""1"": 41, ""2"": null, ""3"": null, ""4"": null, ""5"": null, ""6"": null, ""7"": null}","{""0"": 0.0, ""1"": 0.0, ""2"": null, ""3"": null, ""4"": null, ""5"": null, ""6"": null, ""7"": null}","{""0"": 44, ""1"": 41}",41,1,1,1,0,0.251,car+ultrasonic,KEEP_PAUSED,right,,,0
500,2026-08-01T16:13:15.124+09:00,147.622,499,3.39,0,DRIVING,,0,1,0,-0.001289,0.010083,0.010083,0,738,unknown,1,obstacle-car,0.938924,"[358, 36, 1097, 715]",0.545219,0.246,,"{""0"": 43, ""1"": 42, ""2"": null, ""3"": null, ""4"": null, ""5"": null, ""6"": null, ""7"": null}","{""0"": 0.0, ""1"": 0.0, ""2"": null, ""3"": null, ""4"": null, ""5"": null, ""6"": null, ""7"": null}","{""0"": 43, ""1"": 42}",42,1,1,1,0,0.246,car+ultrasonic,KEEP_PAUSED,right,,,0
501,2026-08-01T16:13:15.428+09:00,147.926,500,3.39,0,DRIVING,,0,1,0,-0.001289,0.007754,0.007754,0,738,unknown,1,obstacle-car,0.935046,"[358, 35, 1097, 716]",0.545994,0.245,,"{""0"": 43, ""1"": 42, ""2"": null, ""3"": null, ""4"": null, ""5"": null, ""6"": null, ""7"": null}","{""0"": 0.0, ""1"": 0.0, ""2"": null, ""3"": null, ""4"": null, ""5"": null, ""6"": null, ""7"": null}","{""0"": 43, ""1"": 42}",42,1,1,1,0,0.245,car+ultrasonic,KEEP_PAUSED,right,,,0
502,2026-08-01T16:13:15.739+09:00,148.229,501,3.39,0,DRIVING,,0,1,0,-0.001289,0.006124,0.006124,0,738,unknown,1,obstacle-car,0.941364,"[358, 36, 1097, 715]",0.544802,0.238,,"{""0"": 44, ""1"": 42, ""2"": null, ""3"": null, ""4"": null, ""5"": null, ""6"": null, ""7"": null}","{""0"": 0.0, ""1"": 0.0, ""2"": null, ""3"": null, ""4"": null, ""5"": null, ""6"": null, ""7"": null}","{""0"": 44, ""1"": 42}",42,1,1,1,0,0.238,car+ultrasonic,KEEP_PAUSED,right,,,0
503,2026-08-01T16:13:15.995+09:00,148.492,502,3.39,0,DRIVING,,0,1,0,0.009945,-0.035460,-0.035460,0,738,unknown,1,obstacle-car,0.946722,"[358, 36, 1097, 715]",0.544720,0.194,,"{""0"": 44, ""1"": 42, ""2"": null, ""3"": null, ""4"": null, ""5"": null, ""6"": null, ""7"": null}","{""0"": 0.0, ""1"": 0.0, ""2"": null, ""3"": null, ""4"": null, ""5"": null, ""6"": null, ""7"": null}","{""0"": 44, ""1"": 42}",42,1,1,1,0,0.194,car+ultrasonic,KEEP_PAUSED,right,left,,0
504,2026-08-01T16:13:16.274+09:00,148.770,503,3.39,0,DRIVING,,0,1,0,0.006935,-0.019357,-0.019357,0,738,unknown,1,obstacle-car,0.945158,"[358, 36, 1097, 715]",0.545057,0.217,,"{""0"": 44, ""1"": 42, ""2"": null, ""3"": null, ""4"": null, ""5"": null, ""6"": null, ""7"": null}","{""0"": 0.0, ""1"": 0.0, ""2"": null, ""3"": null, ""4"": null, ""5"": null, ""6"": null, ""7"": null}","{""0"": 44, ""1"": 42}",42,1,1,1,0,0.217,car+ultrasonic,KEEP_PAUSED,right,,,0
505,2026-08-01T16:13:16.572+09:00,149.073,504,3.39,0,DRIVING,,0,1,0,0.006935,-0.017295,-0.017295,0,738,unknown,1,obstacle-car,0.942443,"[358, 35, 1097, 716]",0.545618,0.243,,"{""0"": 44, ""1"": 42, ""2"": null, ""3"": null, ""4"": null, ""5"": null, ""6"": null, ""7"": null}","{""0"": 0.0, ""1"": 0.0, ""2"": null, ""3"": null, ""4"": null, ""5"": null, ""6"": null, ""7"": null}","{""0"": 44, ""1"": 42}",42,1,1,1,0,0.243,car+ultrasonic,KEEP_PAUSED,right,,,0
506,2026-08-01T16:13:16.893+09:00,149.389,505,3.39,0,DRIVING,,0,1,0,0.006935,-0.015852,-0.015852,0,738,unknown,1,obstacle-car,0.946468,"[358, 36, 1097, 715]",0.545111,0.259,,"{""0"": 44, ""1"": 41, ""2"": null, ""3"": null, ""4"": null, ""5"": null, ""6"": null, ""7"": null}","{""0"": 0.0, ""1"": 0.0, ""2"": null, ""3"": null, ""4"": null, ""5"": null, ""6"": null, ""7"": null}","{""0"": 44, ""1"": 41}",41,1,1,1,0,0.259,car+ultrasonic,KEEP_PAUSED,right,,,0
507,2026-08-01T16:13:17.192+09:00,149.689,506,3.39,0,DRIVING,,0,1,0,0.006935,-0.014841,-0.014841,0,738,unknown,1,obstacle-car,0.948150,"[358, 35, 1097, 715]",0.545468,0.236,,"{""0"": 44, ""1"": 42, ""2"": null, ""3"": null, ""4"": null, ""5"": null, ""6"": null, ""7"": null}","{""0"": 0.0, ""1"": 0.0, ""2"": null, ""3"": null, ""4"": null, ""5"": null, ""6"": null, ""7"": null}","{""0"": 44, ""1"": 42}",42,1,1,1,0,0.236,car+ultrasonic,KEEP_PAUSED,right,,,0
508,2026-08-01T16:13:17.479+09:00,149.978,507,3.39,0,DRIVING,,0,1,0,0.006935,-0.014134,-0.014134,0,738,unknown,1,obstacle-car,0.946100,"[358, 35, 1097, 715]",0.545825,0.227,,"{""0"": 44, ""1"": 42, ""2"": null, ""3"": null, ""4"": null, ""5"": null, ""6"": null, ""7"": null}","{""0"": 0.0, ""1"": 0.0, ""2"": null, ""3"": null, ""4"": null, ""5"": null, ""6"": null, ""7"": null}","{""0"": 44, ""1"": 42}",42,1,1,1,0,0.227,car+ultrasonic,KEEP_PAUSED,right,,,0
509,2026-08-01T16:13:17.782+09:00,150.278,508,3.39,0,DRIVING,,0,1,0,0.006935,-0.013639,-0.013639,0,738,unknown,1,obstacle-car,0.931046,"[358, 35, 1097, 716]",0.546266,0.243,,"{""0"": 44, ""1"": 42, ""2"": null, ""3"": null, ""4"": null, ""5"": null, ""6"": null, ""7"": null}","{""0"": 0.0, ""1"": 0.0, ""2"": null, ""3"": null, ""4"": null, ""5"": null, ""6"": null, ""7"": null}","{""0"": 44, ""1"": 42}",42,1,1,1,0,0.243,car+ultrasonic,KEEP_PAUSED,right,,,0
510,2026-08-01T16:13:18.084+09:00,150.582,509,3.39,0,DRIVING,,0,1,0,0.009941,-0.024113,-0.024113,0,738,unknown,1,obstacle-car,0.936174,"[358, 36, 1097, 715]",0.545177,0.243,,"{""0"": 43, ""1"": 41, ""2"": null, ""3"": null, ""4"": null, ""5"": null, ""6"": null, ""7"": null}","{""0"": 0.0, ""1"": 0.0, ""2"": null, ""3"": null, ""4"": null, ""5"": null, ""6"": null, ""7"": null}","{""0"": 43, ""1"": 41}",41,1,1,1,0,0.243,car+ultrasonic,KEEP_PAUSED,right,left,,0
511,2026-08-01T16:13:18.332+09:00,150.829,510,3.39,0,DRIVING,,0,1,0,0.006935,-0.011427,-0.011427,0,738,unknown,1,obstacle-car,0.901848,"[358, 34, 1097, 716]",0.546689,0.185,,"{""0"": 43, ""1"": 42, ""2"": null, ""3"": null, ""4"": null, ""5"": null, ""6"": null, ""7"": null}","{""0"": 0.0, ""1"": 0.0, ""2"": null, ""3"": null, ""4"": null, ""5"": null, ""6"": null, ""7"": null}","{""0"": 43, ""1"": 42}",42,1,1,1,0,0.185,car+ultrasonic,KEEP_PAUSED,right,,,0
512,2026-08-01T16:13:18.574+09:00,151.071,511,3.39,0,DRIVING,,0,1,0,0.006935,-0.011744,-0.011744,0,738,unknown,1,obstacle-car,0.920401,"[358, 35, 1097, 716]",0.545688,0.184,,"{""0"": 43, ""1"": 42, ""2"": null, ""3"": null, ""4"": null, ""5"": null, ""6"": null, ""7"": null}","{""0"": 0.0, ""1"": 0.0, ""2"": null, ""3"": null, ""4"": null, ""5"": null, ""6"": null, ""7"": null}","{""0"": 43, ""1"": 42}",42,1,1,1,0,0.184,car+ultrasonic,KEEP_PAUSED,right,,,0
513,2026-08-01T16:13:18.848+09:00,151.344,512,3.39,0,DRIVING,,0,1,0,0.006935,-0.011966,-0.011966,0,738,unknown,1,obstacle-car,0.916803,"[358, 34, 1098, 716]",0.546769,0.215,,"{""0"": 44, ""1"": 41, ""2"": null, ""3"": null, ""4"": null, ""5"": null, ""6"": null, ""7"": null}","{""0"": 0.0, ""1"": 0.0, ""2"": null, ""3"": null, ""4"": null, ""5"": null, ""6"": null, ""7"": null}","{""0"": 44, ""1"": 41}",41,1,1,1,0,0.215,car+ultrasonic,KEEP_PAUSED,right,,,0
514,2026-08-01T16:13:19.099+09:00,151.597,513,3.39,1,DRIVING,phase:KEEP_PAUSED->KEEP,0,1,0,0.006935,-0.012121,-0.012121,50,737,unknown,1,obstacle-car,0.928005,"[358, 35, 1098, 716]",0.546154,0.186,,"{""0"": 44, ""1"": 41, ""2"": null, ""3"": null, ""4"": null, ""5"": null, ""6"": null, ""7"": null}","{""0"": 0.0, ""1"": 0.0, ""2"": null, ""3"": null, ""4"": null, ""5"": null, ""6"": null, ""7"": null}","{""0"": 44, ""1"": 41}",41,1,1,1,1,0.186,car+ultrasonic,KEEP,right,,,0
515,2026-08-01T16:13:19.328+09:00,151.824,514,3.39,1,DRIVING,,0,1,0,0.006935,-0.012230,-0.012230,50,738,unknown,1,obstacle-car,0.938870,"[358, 35, 1098, 716]",0.546032,0.164,,"{""0"": 48, ""1"": 40, ""2"": null, ""3"": null, ""4"": null, ""5"": null, ""6"": null, ""7"": null}","{""0"": 0.0, ""1"": 0.0, ""2"": null, ""3"": null, ""4"": null, ""5"": null, ""6"": null, ""7"": null}","{""0"": 48, ""1"": 40}",40,1,1,1,2,0.164,car+ultrasonic,KEEP,right,,,0
516,2026-08-01T16:13:19.570+09:00,152.067,515,3.39,1,AVOIDING_OBSTACLE,state:DRIVING->AVOIDING_OBSTACLE;phase:KEEP->CHANGING,0,1,0,0.006935,0.000000,-1.000000,50,738,unknown,1,obstacle-car,0.924994,"[358, 35, 1098, 716]",0.546402,0.181,,"{""0"": 34, ""1"": 36, ""2"": null, ""3"": null, ""4"": null, ""5"": null, ""6"": null, ""7"": null}","{""0"": 0.0, ""1"": 0.0, ""2"": null, ""3"": null, ""4"": null, ""5"": null, ""6"": null, ""7"": null}","{""0"": 34, ""1"": 36}",34,1,1,1,0,0.181,car+ultrasonic,CHANGING,right,,right,0
517,2026-08-01T16:13:19.866+09:00,152.364,516,3.39,1,AVOIDING_OBSTACLE,,0,0,0,,0.000000,-1.000000,50,707,unknown,1,obstacle-car,0.973149,"[347, 37, 1102, 715]",0.555497,0.235,,"{""0"": 24, ""1"": 27, ""2"": null, ""3"": null, ""4"": null, ""5"": null, ""6"": null, ""7"": null}","{""0"": 0.0, ""1"": 0.0, ""2"": null, ""3"": null, ""4"": null, ""5"": null, ""6"": null, ""7"": null}",{},,1,0,1,0,,maneuver-locked,CHANGING,right,,right,0
518,2026-08-01T16:13:20.248+09:00,152.745,517,3.39,0,AVOIDING_OBSTACLE,phase:CHANGING->CHANGING_PAUSED,0,0,0,,0.000000,0.000000,0,717,unknown,1,obstacle-car,0.867495,"[262, 40, 1140, 716]",0.644233,0.325,,"{""0"": 17, ""1"": 16, ""2"": null, ""3"": null, ""4"": null, ""5"": null, ""6"": null, ""7"": null}","{""0"": 0.0, ""1"": 0.0, ""2"": null, ""3"": null, ""4"": null, ""5"": null, ""6"": null, ""7"": null}",{},,1,0,1,0,,maneuver-locked,CHANGING_PAUSED,right,,right,0
519,2026-08-01T16:13:20.551+09:00,153.052,518,3.39,0,AVOIDING_OBSTACLE,,0,0,0,,0.000000,0.000000,0,737,unknown,1,obstacle-car,0.668791,"[127, 40, 1165, 717]",0.762190,0.246,,"{""0"": 17, ""1"": 16, ""2"": null, ""3"": null, ""4"": null, ""5"": null, ""6"": null, ""7"": null}","{""0"": 0.0, ""1"": 0.0, ""2"": null, ""3"": null, ""4"": null, ""5"": null, ""6"": null, ""7"": null}",{},,1,0,1,0,,maneuver-locked,CHANGING_PAUSED,right,,right,0
520,2026-08-01T16:13:20.879+09:00,153.376,519,3.39,0,AVOIDING_OBSTACLE,,0,0,0,,0.000000,0.000000,0,736,unknown,0,unknown,0.000000,null,0.000000,0.270,,"{""0"": 16, ""1"": 17, ""2"": null, ""3"": null, ""4"": null, ""5"": null, ""6"": null, ""7"": null}","{""0"": 0.0, ""1"": 0.0, ""2"": null, ""3"": null, ""4"": null, ""5"": null, ""6"": null, ""7"": null}",{},,1,0,1,0,,maneuver-locked,CHANGING_PAUSED,right,,right,0
521,2026-08-01T16:13:21.151+09:00,153.649,520,3.39,0,AVOIDING_OBSTACLE,,0,0,0,,0.000000,0.000000,0,737,unknown,0,unknown,0.000000,null,0.000000,0.211,,"{""0"": 16, ""1"": 17, ""2"": null, ""3"": null, ""4"": null, ""5"": null, ""6"": null, ""7"": null}","{""0"": 0.0, ""1"": 0.0, ""2"": null, ""3"": null, ""4"": null, ""5"": null, ""6"": null, ""7"": null}",{},,1,0,1,0,,maneuver-locked,CHANGING_PAUSED,right,,right,0
522,2026-08-01T16:13:21.411+09:00,153.905,521,3.39,0,AVOIDING_OBSTACLE,,0,0,0,,0.000000,0.000000,0,736,unknown,0,unknown,0.000000,null,0.000000,0.196,,"{""0"": 16, ""1"": 17, ""2"": null, ""3"": null, ""4"": null, ""5"": null, ""6"": null, ""7"": null}","{""0"": 0.0, ""1"": 0.0, ""2"": null, ""3"": null, ""4"": null, ""5"": null, ""6"": null, ""7"": null}",{},,1,0,1,0,,maneuver-locked,CHANGING_PAUSED,right,,right,0
523,2026-08-01T16:13:21.745+09:00,154.246,522,3.39,0,AVOIDING_OBSTACLE,,0,0,0,,0.000000,0.000000,0,736,unknown,0,unknown,0.000000,null,0.000000,0.278,,"{""0"": 16, ""1"": 17, ""2"": null, ""3"": null, ""4"": null, ""5"": null, ""6"": null, ""7"": null}","{""0"": 0.0, ""1"": 0.0, ""2"": null, ""3"": null, ""4"": null, ""5"": null, ""6"": null, ""7"": null}",{},,1,0,1,0,,maneuver-locked,CHANGING_PAUSED,right,,right,0
524,2026-08-01T16:13:22.030+09:00,154.527,523,3.39,0,AVOIDING_OBSTACLE,,0,0,0,,0.000000,0.000000,0,736,unknown,0,unknown,0.000000,null,0.000000,0.227,,"{""0"": 16, ""1"": 17, ""2"": null, ""3"": null, ""4"": null, ""5"": null, ""6"": null, ""7"": null}","{""0"": 0.0, ""1"": 0.0, ""2"": null, ""3"": null, ""4"": null, ""5"": null, ""6"": null, ""7"": null}",{},,1,0,1,0,,maneuver-locked,CHANGING_PAUSED,right,,right,0
525,2026-08-01T16:13:22.408+09:00,154.906,524,3.39,0,AVOIDING_OBSTACLE,,0,0,0,,0.000000,0.000000,0,736,unknown,0,unknown,0.000000,null,0.000000,0.319,,"{""0"": 16, ""1"": 17, ""2"": null, ""3"": null, ""4"": null, ""5"": null, ""6"": null, ""7"": null}","{""0"": 0.0, ""1"": 0.0, ""2"": null, ""3"": null, ""4"": null, ""5"": null, ""6"": null, ""7"": null}",{},,1,0,1,0,,maneuver-locked,CHANGING_PAUSED,right,,right,0
526,2026-08-01T16:13:22.690+09:00,155.185,525,3.39,0,AVOIDING_OBSTACLE,,0,0,0,,0.000000,0.000000,0,736,unknown,0,unknown,0.000000,null,0.000000,0.212,,"{""0"": 16, ""1"": 17, ""2"": null, ""3"": null, ""4"": null, ""5"": null, ""6"": null, ""7"": null}","{""0"": 0.0, ""1"": 0.0, ""2"": null, ""3"": null, ""4"": null, ""5"": null, ""6"": null, ""7"": null}",{},,1,0,1,0,,maneuver-locked,CHANGING_PAUSED,right,,right,0
527,2026-08-01T16:13:22.994+09:00,155.491,526,3.39,0,AVOIDING_OBSTACLE,,0,0,0,,0.000000,0.000000,0,737,unknown,0,unknown,0.000000,null,0.000000,0.242,,"{""0"": 16, ""1"": 17, ""2"": null, ""3"": null, ""4"": null, ""5"": null, ""6"": null, ""7"": null}","{""0"": 0.0, ""1"": 0.0, ""2"": null, ""3"": null, ""4"": null, ""5"": null, ""6"": null, ""7"": null}",{},,1,0,1,0,,maneuver-locked,CHANGING_PAUSED,right,,right,0
528,2026-08-01T16:13:23.225+09:00,155.723,527,3.39,0,AVOIDING_OBSTACLE,,0,0,0,,0.000000,0.000000,0,736,unknown,0,unknown,0.000000,null,0.000000,0.171,,"{""0"": 16, ""1"": 17, ""2"": null, ""3"": null, ""4"": null, ""5"": null, ""6"": null, ""7"": null}","{""0"": 0.0, ""1"": 0.0, ""2"": null, ""3"": null, ""4"": null, ""5"": null, ""6"": null, ""7"": null}",{},,1,0,1,0,,maneuver-locked,CHANGING_PAUSED,right,,right,0
529,2026-08-01T16:13:23.485+09:00,155.983,528,3.39,0,AVOIDING_OBSTACLE,,0,0,0,,0.000000,0.000000,0,736,unknown,0,unknown,0.000000,null,0.000000,0.201,,"{""0"": 16, ""1"": 17, ""2"": null, ""3"": null, ""4"": null, ""5"": null, ""6"": null, ""7"": null}","{""0"": 0.0, ""1"": 0.0, ""2"": null, ""3"": null, ""4"": null, ""5"": null, ""6"": null, ""7"": null}",{},,1,0,1,0,,maneuver-locked,CHANGING_PAUSED,right,,right,0
530,2026-08-01T16:13:23.731+09:00,156.230,529,3.39,0,AVOIDING_OBSTACLE,,0,0,0,,0.000000,0.000000,0,736,unknown,0,unknown,0.000000,null,0.000000,0.187,,"{""0"": 16, ""1"": 17, ""2"": null, ""3"": null, ""4"": null, ""5"": null, ""6"": null, ""7"": null}","{""0"": 0.0, ""1"": 0.0, ""2"": null, ""3"": null, ""4"": null, ""5"": null, ""6"": null, ""7"": null}",{},,1,0,1,0,,maneuver-locked,CHANGING_PAUSED,right,,right,0
531,2026-08-01T16:13:23.980+09:00,156.478,530,3.39,0,AVOIDING_OBSTACLE,,0,0,0,,0.000000,0.000000,0,737,unknown,0,unknown,0.000000,null,0.000000,0.189,,"{""0"": 16, ""1"": 17, ""2"": null, ""3"": null, ""4"": null, ""5"": null, ""6"": null, ""7"": null}","{""0"": 0.0, ""1"": 0.0, ""2"": null, ""3"": null, ""4"": null, ""5"": null, ""6"": null, ""7"": null}",{},,1,0,1,0,,maneuver-locked,CHANGING_PAUSED,right,,right,0
532,2026-08-01T16:13:24.232+09:00,156.730,531,3.39,0,AVOIDING_OBSTACLE,,0,0,0,,0.000000,0.000000,0,737,unknown,0,unknown,0.000000,null,0.000000,0.195,,"{""0"": 16, ""1"": 17, ""2"": null, ""3"": null, ""4"": null, ""5"": null, ""6"": null, ""7"": null}","{""0"": 0.0, ""1"": 0.0, ""2"": null, ""3"": null, ""4"": null, ""5"": null, ""6"": null, ""7"": null}",{},,1,0,1,0,,maneuver-locked,CHANGING_PAUSED,right,,right,0
533,2026-08-01T16:13:24.505+09:00,157.005,532,3.40,0,AVOIDING_OBSTACLE,,0,0,0,,0.000000,0.000000,0,737,unknown,0,unknown,0.000000,null,0.000000,0.221,,"{""0"": 16, ""1"": 17, ""2"": null, ""3"": null, ""4"": null, ""5"": null, ""6"": null, ""7"": null}","{""0"": 0.0, ""1"": 0.0, ""2"": null, ""3"": null, ""4"": null, ""5"": null, ""6"": null, ""7"": null}",{},,1,0,1,0,,maneuver-locked,CHANGING_PAUSED,right,,right,0
534,2026-08-01T16:13:24.801+09:00,157.300,533,3.40,0,AVOIDING_OBSTACLE,,0,0,0,,0.000000,0.000000,0,737,unknown,0,unknown,0.000000,null,0.000000,0.243,,"{""0"": 16, ""1"": 17, ""2"": null, ""3"": null, ""4"": null, ""5"": null, ""6"": null, ""7"": null}","{""0"": 0.0, ""1"": 0.0, ""2"": null, ""3"": null, ""4"": null, ""5"": null, ""6"": null, ""7"": null}",{},,1,0,1,0,,maneuver-locked,CHANGING_PAUSED,right,,right,0
535,2026-08-01T16:13:25.163+09:00,157.661,534,3.39,0,AVOIDING_OBSTACLE,,0,0,0,,0.000000,0.000000,0,736,unknown,0,unknown,0.000000,null,0.000000,0.308,,"{""0"": 16, ""1"": 17, ""2"": null, ""3"": null, ""4"": null, ""5"": null, ""6"": null, ""7"": null}","{""0"": 0.0, ""1"": 0.0, ""2"": null, ""3"": null, ""4"": null, ""5"": null, ""6"": null, ""7"": null}",{},,1,0,1,0,,maneuver-locked,CHANGING_PAUSED,right,,right,0
536,2026-08-01T16:13:25.541+09:00,158.040,535,3.39,0,AVOIDING_OBSTACLE,,0,0,0,,0.000000,0.000000,0,736,unknown,0,unknown,0.000000,null,0.000000,0.321,,"{""0"": 16, ""1"": 17, ""2"": null, ""3"": null, ""4"": null, ""5"": null, ""6"": null, ""7"": null}","{""0"": 0.0, ""1"": 0.0, ""2"": null, ""3"": null, ""4"": null, ""5"": null, ""6"": null, ""7"": null}",{},,1,0,1,0,,maneuver-locked,CHANGING_PAUSED,right,,right,0
537,2026-08-01T16:13:25.851+09:00,158.352,536,3.39,0,AVOIDING_OBSTACLE,,0,0,0,,0.000000,0.000000,0,737,unknown,0,unknown,0.000000,null,0.000000,0.258,,"{""0"": 16, ""1"": 17, ""2"": null, ""3"": null, ""4"": null, ""5"": null, ""6"": null, ""7"": null}","{""0"": 0.0, ""1"": 0.0, ""2"": null, ""3"": null, ""4"": null, ""5"": null, ""6"": null, ""7"": null}",{},,1,0,1,0,,maneuver-locked,CHANGING_PAUSED,right,,right,0
538,2026-08-01T16:13:26.137+09:00,158.637,537,3.39,0,AVOIDING_OBSTACLE,,0,0,0,,0.000000,0.000000,0,736,unknown,0,unknown,0.000000,null,0.000000,0.235,,"{""0"": 16, ""1"": 17, ""2"": null, ""3"": null, ""4"": null, ""5"": null, ""6"": null, ""7"": null}","{""0"": 0.0, ""1"": 0.0, ""2"": null, ""3"": null, ""4"": null, ""5"": null, ""6"": null, ""7"": null}",{},,1,0,1,0,,maneuver-locked,CHANGING_PAUSED,right,,right,0
539,2026-08-01T16:13:26.409+09:00,158.910,538,3.39,0,AVOIDING_OBSTACLE,,0,0,0,,0.000000,0.000000,0,737,unknown,0,unknown,0.000000,null,0.000000,0.223,,"{""0"": 16, ""1"": 17, ""2"": null, ""3"": null, ""4"": null, ""5"": null, ""6"": null, ""7"": null}","{""0"": 0.0, ""1"": 0.0, ""2"": null, ""3"": null, ""4"": null, ""5"": null, ""6"": null, ""7"": null}",{},,1,0,1,0,,maneuver-locked,CHANGING_PAUSED,right,,right,0
540,2026-08-01T16:13:26.706+09:00,159.204,539,3.39,0,AVOIDING_OBSTACLE,,0,0,0,,0.000000,0.000000,0,737,unknown,0,unknown,0.000000,null,0.000000,0.244,,"{""0"": 16, ""1"": 17, ""2"": null, ""3"": null, ""4"": null, ""5"": null, ""6"": null, ""7"": null}","{""0"": 0.0, ""1"": 0.0, ""2"": null, ""3"": null, ""4"": null, ""5"": null, ""6"": null, ""7"": null}",{},,1,0,1,0,,maneuver-locked,CHANGING_PAUSED,right,,right,0
541,2026-08-01T16:13:27.008+09:00,159.500,540,3.39,0,AVOIDING_OBSTACLE,,0,0,0,,0.000000,0.000000,0,736,unknown,0,unknown,0.000000,null,0.000000,0.241,,"{""0"": 16, ""1"": 17, ""2"": null, ""3"": null, ""4"": null, ""5"": null, ""6"": null, ""7"": null}","{""0"": 0.0, ""1"": 0.0, ""2"": null, ""3"": null, ""4"": null, ""5"": null, ""6"": null, ""7"": null}",{},,1,0,1,0,,maneuver-locked,CHANGING_PAUSED,right,,right,0
542,2026-08-01T16:13:27.330+09:00,159.832,541,3.39,0,AVOIDING_OBSTACLE,,0,0,0,,0.000000,0.000000,0,737,unknown,0,unknown,0.000000,null,0.000000,0.266,,"{""0"": 16, ""1"": 17, ""2"": null, ""3"": null, ""4"": null, ""5"": null, ""6"": null, ""7"": null}","{""0"": 0.0, ""1"": 0.0, ""2"": null, ""3"": null, ""4"": null, ""5"": null, ""6"": null, ""7"": null}",{},,1,0,1,0,,maneuver-locked,CHANGING_PAUSED,right,,right,0
543,2026-08-01T16:13:27.672+09:00,160.173,542,3.39,0,AVOIDING_OBSTACLE,,0,0,0,,0.000000,0.000000,0,737,unknown,0,unknown,0.000000,null,0.000000,0.291,,"{""0"": 16, ""1"": 17, ""2"": null, ""3"": null, ""4"": null, ""5"": null, ""6"": null, ""7"": null}","{""0"": 0.0, ""1"": 0.0, ""2"": null, ""3"": null, ""4"": null, ""5"": null, ""6"": null, ""7"": null}",{},,1,0,1,0,,maneuver-locked,CHANGING_PAUSED,right,,right,0
544,2026-08-01T16:13:27.964+09:00,160.466,543,3.39,0,AVOIDING_OBSTACLE,,0,0,0,,0.000000,0.000000,0,737,unknown,0,unknown,0.000000,null,0.000000,0.242,,"{""0"": 16, ""1"": 17, ""2"": null, ""3"": null, ""4"": null, ""5"": null, ""6"": null, ""7"": null}","{""0"": 0.0, ""1"": 0.0, ""2"": null, ""3"": null, ""4"": null, ""5"": null, ""6"": null, ""7"": null}",{},,1,0,1,0,,maneuver-locked,CHANGING_PAUSED,right,,right,0
545,2026-08-01T16:13:28.239+09:00,160.740,544,3.39,0,AVOIDING_OBSTACLE,,0,0,0,,0.000000,0.000000,0,737,unknown,0,unknown,0.000000,null,0.000000,0.225,,"{""0"": 16, ""1"": 17, ""2"": null, ""3"": null, ""4"": null, ""5"": null, ""6"": null, ""7"": null}","{""0"": 0.0, ""1"": 0.0, ""2"": null, ""3"": null, ""4"": null, ""5"": null, ""6"": null, ""7"": null}",{},,1,0,1,0,,maneuver-locked,CHANGING_PAUSED,right,,right,0
546,2026-08-01T16:13:28.515+09:00,161.015,545,3.39,0,AVOIDING_OBSTACLE,,0,0,0,,0.000000,0.000000,0,737,unknown,0,unknown,0.000000,null,0.000000,0.223,,"{""0"": 16, ""1"": 17, ""2"": null, ""3"": null, ""4"": null, ""5"": null, ""6"": null, ""7"": null}","{""0"": 0.0, ""1"": 0.0, ""2"": null, ""3"": null, ""4"": null, ""5"": null, ""6"": null, ""7"": null}",{},,1,0,1,0,,maneuver-locked,CHANGING_PAUSED,right,,right,0
547,2026-08-01T16:13:28.833+09:00,161.333,546,3.39,0,AVOIDING_OBSTACLE,,0,0,0,,0.000000,0.000000,0,737,unknown,0,unknown,0.000000,null,0.000000,0.269,,"{""0"": 16, ""1"": 17, ""2"": null, ""3"": null, ""4"": null, ""5"": null, ""6"": null, ""7"": null}","{""0"": 0.0, ""1"": 0.0, ""2"": null, ""3"": null, ""4"": null, ""5"": null, ""6"": null, ""7"": null}",{},,1,0,1,0,,maneuver-locked,CHANGING_PAUSED,right,,right,0
548,2026-08-01T16:13:29.145+09:00,161.644,547,3.39,0,AVOIDING_OBSTACLE,,0,0,0,,0.000000,0.000000,0,736,unknown,0,unknown,0.000000,null,0.000000,0.258,,"{""0"": 16, ""1"": 17, ""2"": null, ""3"": null, ""4"": null, ""5"": null, ""6"": null, ""7"": null}","{""0"": 0.0, ""1"": 0.0, ""2"": null, ""3"": null, ""4"": null, ""5"": null, ""6"": null, ""7"": null}",{},,1,0,1,0,,maneuver-locked,CHANGING_PAUSED,right,,right,0
549,2026-08-01T16:13:29.502+09:00,162.001,548,3.39,0,AVOIDING_OBSTACLE,,0,0,0,,0.000000,0.000000,0,737,unknown,0,unknown,0.000000,null,0.000000,0.301,,"{""0"": 16, ""1"": 17, ""2"": null, ""3"": null, ""4"": null, ""5"": null, ""6"": null, ""7"": null}","{""0"": 0.0, ""1"": 0.0, ""2"": null, ""3"": null, ""4"": null, ""5"": null, ""6"": null, ""7"": null}",{},,1,0,1,0,,maneuver-locked,CHANGING_PAUSED,right,,right,0
550,2026-08-01T16:13:29.791+09:00,162.292,549,3.39,0,AVOIDING_OBSTACLE,,0,0,0,,0.000000,0.000000,0,737,unknown,0,unknown,0.000000,null,0.000000,0.240,,"{""0"": 16, ""1"": 17, ""2"": null, ""3"": null, ""4"": null, ""5"": null, ""6"": null, ""7"": null}","{""0"": 0.0, ""1"": 0.0, ""2"": null, ""3"": null, ""4"": null, ""5"": null, ""6"": null, ""7"": null}",{},,1,0,1,0,,maneuver-locked,CHANGING_PAUSED,right,,right,0
551,2026-08-01T16:13:30.078+09:00,162.570,550,3.39,0,AVOIDING_OBSTACLE,,0,0,0,,0.000000,0.000000,0,736,unknown,0,unknown,0.000000,null,0.000000,0.228,,"{""0"": 16, ""1"": 17, ""2"": null, ""3"": null, ""4"": null, ""5"": null, ""6"": null, ""7"": null}","{""0"": 0.0, ""1"": 0.0, ""2"": null, ""3"": null, ""4"": null, ""5"": null, ""6"": null, ""7"": null}",{},,1,0,1,0,,maneuver-locked,CHANGING_PAUSED,right,,right,0
552,2026-08-01T16:13:30.369+09:00,162.868,551,3.39,0,AVOIDING_OBSTACLE,,0,0,0,,0.000000,0.000000,0,737,unknown,0,unknown,0.000000,null,0.000000,0.235,,"{""0"": 16, ""1"": 17, ""2"": null, ""3"": null, ""4"": null, ""5"": null, ""6"": null, ""7"": null}","{""0"": 0.0, ""1"": 0.0, ""2"": null, ""3"": null, ""4"": null, ""5"": null, ""6"": null, ""7"": null}",{},,1,0,1,0,,maneuver-locked,CHANGING_PAUSED,right,,right,0
553,2026-08-01T16:13:30.620+09:00,163.118,552,3.39,0,AVOIDING_OBSTACLE,,0,0,0,,0.000000,0.000000,0,737,unknown,0,unknown,0.000000,null,0.000000,0.192,,"{""0"": 16, ""1"": 17, ""2"": null, ""3"": null, ""4"": null, ""5"": null, ""6"": null, ""7"": null}","{""0"": 0.0, ""1"": 0.0, ""2"": null, ""3"": null, ""4"": null, ""5"": null, ""6"": null, ""7"": null}",{},,1,0,1,0,,maneuver-locked,CHANGING_PAUSED,right,,right,0
554,2026-08-01T16:13:30.918+09:00,163.416,553,3.39,0,AVOIDING_OBSTACLE,,0,0,0,,0.000000,0.000000,0,737,unknown,0,unknown,0.000000,null,0.000000,0.241,,"{""0"": 16, ""1"": 17, ""2"": null, ""3"": null, ""4"": null, ""5"": null, ""6"": null, ""7"": null}","{""0"": 0.0, ""1"": 0.0, ""2"": null, ""3"": null, ""4"": null, ""5"": null, ""6"": null, ""7"": null}",{},,1,0,1,0,,maneuver-locked,CHANGING_PAUSED,right,,right,0
555,2026-08-01T16:13:31.190+09:00,163.692,554,3.39,0,AVOIDING_OBSTACLE,,0,0,0,,0.000000,0.000000,0,737,unknown,0,unknown,0.000000,null,0.000000,0.221,,"{""0"": 16, ""1"": 17, ""2"": null, ""3"": null, ""4"": null, ""5"": null, ""6"": null, ""7"": null}","{""0"": 0.0, ""1"": 0.0, ""2"": null, ""3"": null, ""4"": null, ""5"": null, ""6"": null, ""7"": null}",{},,1,0,1,0,,maneuver-locked,CHANGING_PAUSED,right,,right,0
556,2026-08-01T16:13:31.469+09:00,163.970,555,3.39,0,AVOIDING_OBSTACLE,,0,0,0,,0.000000,0.000000,0,737,unknown,0,unknown,0.000000,null,0.000000,0.229,,"{""0"": 16, ""1"": 17, ""2"": null, ""3"": null, ""4"": null, ""5"": null, ""6"": null, ""7"": null}","{""0"": 0.0, ""1"": 0.0, ""2"": null, ""3"": null, ""4"": null, ""5"": null, ""6"": null, ""7"": null}",{},,1,0,1,0,,maneuver-locked,CHANGING_PAUSED,right,,right,0
557,2026-08-01T16:13:31.759+09:00,164.260,556,3.39,0,AVOIDING_OBSTACLE,,0,0,0,,0.000000,0.000000,0,737,unknown,0,unknown,0.000000,null,0.000000,0.241,,"{""0"": 16, ""1"": 17, ""2"": null, ""3"": null, ""4"": null, ""5"": null, ""6"": null, ""7"": null}","{""0"": 0.0, ""1"": 0.0, ""2"": null, ""3"": null, ""4"": null, ""5"": null, ""6"": null, ""7"": null}",{},,1,0,1,0,,maneuver-locked,CHANGING_PAUSED,right,,right,0
558,2026-08-01T16:13:32.042+09:00,164.543,557,3.39,0,AVOIDING_OBSTACLE,,0,0,0,,0.000000,0.000000,0,736,unknown,0,unknown,0.000000,null,0.000000,0.234,,"{""0"": 16, ""1"": 17, ""2"": null, ""3"": null, ""4"": null, ""5"": null, ""6"": null, ""7"": null}","{""0"": 0.0, ""1"": 0.0, ""2"": null, ""3"": null, ""4"": null, ""5"": null, ""6"": null, ""7"": null}",{},,1,0,1,0,,maneuver-locked,CHANGING_PAUSED,right,,right,0
559,2026-08-01T16:13:32.349+09:00,164.847,558,3.39,0,AVOIDING_OBSTACLE,,0,0,0,,0.000000,0.000000,0,737,unknown,0,unknown,0.000000,null,0.000000,0.255,,"{""0"": 16, ""1"": 17, ""2"": null, ""3"": null, ""4"": null, ""5"": null, ""6"": null, ""7"": null}","{""0"": 0.0, ""1"": 0.0, ""2"": null, ""3"": null, ""4"": null, ""5"": null, ""6"": null, ""7"": null}",{},,1,0,1,0,,maneuver-locked,CHANGING_PAUSED,right,,right,0
560,2026-08-01T16:13:32.679+09:00,165.177,559,3.39,0,AVOIDING_OBSTACLE,,0,0,0,,0.000000,0.000000,0,737,unknown,0,unknown,0.000000,null,0.000000,0.270,,"{""0"": 16, ""1"": 17, ""2"": null, ""3"": null, ""4"": null, ""5"": null, ""6"": null, ""7"": null}","{""0"": 0.0, ""1"": 0.0, ""2"": null, ""3"": null, ""4"": null, ""5"": null, ""6"": null, ""7"": null}",{},,1,0,1,0,,maneuver-locked,CHANGING_PAUSED,right,,right,0
561,2026-08-01T16:13:33.002+09:00,165.503,560,3.39,0,AVOIDING_OBSTACLE,,0,0,0,,0.000000,0.000000,0,737,unknown,0,unknown,0.000000,null,0.000000,0.270,,"{""0"": 16, ""1"": 17, ""2"": null, ""3"": null, ""4"": null, ""5"": null, ""6"": null, ""7"": null}","{""0"": 0.0, ""1"": 0.0, ""2"": null, ""3"": null, ""4"": null, ""5"": null, ""6"": null, ""7"": null}",{},,1,0,1,0,,maneuver-locked,CHANGING_PAUSED,right,,right,0
562,2026-08-01T16:13:33.349+09:00,165.850,561,3.39,0,AVOIDING_OBSTACLE,,0,0,0,,0.000000,0.000000,0,737,unknown,0,unknown,0.000000,null,0.000000,0.294,,"{""0"": 16, ""1"": 17, ""2"": null, ""3"": null, ""4"": null, ""5"": null, ""6"": null, ""7"": null}","{""0"": 0.0, ""1"": 0.0, ""2"": null, ""3"": null, ""4"": null, ""5"": null, ""6"": null, ""7"": null}",{},,1,0,1,0,,maneuver-locked,CHANGING_PAUSED,right,,right,0
563,2026-08-01T16:13:33.640+09:00,166.139,562,3.39,0,AVOIDING_OBSTACLE,,0,0,0,,0.000000,0.000000,0,736,unknown,0,unknown,0.000000,null,0.000000,0.237,,"{""0"": 16, ""1"": 17, ""2"": null, ""3"": null, ""4"": null, ""5"": null, ""6"": null, ""7"": null}","{""0"": 0.0, ""1"": 0.0, ""2"": null, ""3"": null, ""4"": null, ""5"": null, ""6"": null, ""7"": null}",{},,1,0,1,0,,maneuver-locked,CHANGING_PAUSED,right,,right,0
564,2026-08-01T16:13:33.924+09:00,166.424,563,3.39,0,AVOIDING_OBSTACLE,,0,0,0,,0.000000,0.000000,0,736,unknown,0,unknown,0.000000,null,0.000000,0.230,,"{""0"": 16, ""1"": 17, ""2"": null, ""3"": null, ""4"": null, ""5"": null, ""6"": null, ""7"": null}","{""0"": 0.0, ""1"": 0.0, ""2"": null, ""3"": null, ""4"": null, ""5"": null, ""6"": null, ""7"": null}",{},,1,0,1,0,,maneuver-locked,CHANGING_PAUSED,right,,right,0
565,2026-08-01T16:13:34.244+09:00,166.745,564,3.39,0,AVOIDING_OBSTACLE,,0,0,0,,0.000000,0.000000,0,737,unknown,0,unknown,0.000000,null,0.000000,0.270,,"{""0"": 16, ""1"": 17, ""2"": null, ""3"": null, ""4"": null, ""5"": null, ""6"": null, ""7"": null}","{""0"": 0.0, ""1"": 0.0, ""2"": null, ""3"": null, ""4"": null, ""5"": null, ""6"": null, ""7"": null}",{},,1,0,1,0,,maneuver-locked,CHANGING_PAUSED,right,,right,0
566,2026-08-01T16:13:34.480+09:00,166.979,565,3.39,0,AVOIDING_OBSTACLE,,0,0,0,,0.000000,0.000000,0,736,unknown,0,unknown,0.000000,null,0.000000,0.182,,"{""0"": 16, ""1"": 17, ""2"": null, ""3"": null, ""4"": null, ""5"": null, ""6"": null, ""7"": null}","{""0"": 0.0, ""1"": 0.0, ""2"": null, ""3"": null, ""4"": null, ""5"": null, ""6"": null, ""7"": null}",{},,1,0,1,0,,maneuver-locked,CHANGING_PAUSED,right,,right,0
567,2026-08-01T16:13:34.749+09:00,167.248,566,3.39,0,AVOIDING_OBSTACLE,,0,0,0,,0.000000,0.000000,0,737,unknown,0,unknown,0.000000,null,0.000000,0.211,,"{""0"": 16, ""1"": 17, ""2"": null, ""3"": null, ""4"": null, ""5"": null, ""6"": null, ""7"": null}","{""0"": 0.0, ""1"": 0.0, ""2"": null, ""3"": null, ""4"": null, ""5"": null, ""6"": null, ""7"": null}",{},,1,0,1,0,,maneuver-locked,CHANGING_PAUSED,right,,right,0
568,2026-08-01T16:13:35.074+09:00,167.572,567,3.39,0,AVOIDING_OBSTACLE,,0,0,0,,0.000000,0.000000,0,737,unknown,0,unknown,0.000000,null,0.000000,0.266,,"{""0"": 16, ""1"": 17, ""2"": null, ""3"": null, ""4"": null, ""5"": null, ""6"": null, ""7"": null}","{""0"": 0.0, ""1"": 0.0, ""2"": null, ""3"": null, ""4"": null, ""5"": null, ""6"": null, ""7"": null}",{},,1,0,1,0,,maneuver-locked,CHANGING_PAUSED,right,,right,0
569,2026-08-01T16:13:35.375+09:00,167.877,568,3.39,0,AVOIDING_OBSTACLE,,0,0,0,,0.000000,0.000000,0,737,unknown,0,unknown,0.000000,null,0.000000,0.248,,"{""0"": 16, ""1"": 17, ""2"": null, ""3"": null, ""4"": null, ""5"": null, ""6"": null, ""7"": null}","{""0"": 0.0, ""1"": 0.0, ""2"": null, ""3"": null, ""4"": null, ""5"": null, ""6"": null, ""7"": null}",{},,1,0,1,0,,maneuver-locked,CHANGING_PAUSED,right,,right,0
570,2026-08-01T16:13:35.648+09:00,168.146,569,3.39,0,AVOIDING_OBSTACLE,,0,0,0,,0.000000,0.000000,0,737,unknown,0,unknown,0.000000,null,0.000000,0.216,,"{""0"": 16, ""1"": 17, ""2"": null, ""3"": null, ""4"": null, ""5"": null, ""6"": null, ""7"": null}","{""0"": 0.0, ""1"": 0.0, ""2"": null, ""3"": null, ""4"": null, ""5"": null, ""6"": null, ""7"": null}",{},,1,0,1,0,,maneuver-locked,CHANGING_PAUSED,right,,right,0
571,2026-08-01T16:13:35.941+09:00,168.443,570,3.39,0,AVOIDING_OBSTACLE,,0,0,0,,0.000000,0.000000,0,737,unknown,0,unknown,0.000000,null,0.000000,0.241,,"{""0"": 16, ""1"": 17, ""2"": null, ""3"": null, ""4"": null, ""5"": null, ""6"": null, ""7"": null}","{""0"": 0.0, ""1"": 0.0, ""2"": null, ""3"": null, ""4"": null, ""5"": null, ""6"": null, ""7"": null}",{},,1,0,1,0,,maneuver-locked,CHANGING_PAUSED,right,,right,0
572,2026-08-01T16:13:36.241+09:00,168.740,571,3.39,0,AVOIDING_OBSTACLE,,0,0,0,,0.000000,0.000000,0,737,unknown,0,unknown,0.000000,null,0.000000,0.245,,"{""0"": 16, ""1"": 17, ""2"": null, ""3"": null, ""4"": null, ""5"": null, ""6"": null, ""7"": null}","{""0"": 0.0, ""1"": 0.0, ""2"": null, ""3"": null, ""4"": null, ""5"": null, ""6"": null, ""7"": null}",{},,1,0,1,0,,maneuver-locked,CHANGING_PAUSED,right,,right,0
573,2026-08-01T16:13:36.611+09:00,169.109,572,3.39,0,AVOIDING_OBSTACLE,,0,0,0,,0.000000,0.000000,0,736,unknown,0,unknown,0.000000,null,0.000000,0.316,,"{""0"": 16, ""1"": 17, ""2"": null, ""3"": null, ""4"": null, ""5"": null, ""6"": null, ""7"": null}","{""0"": 0.0, ""1"": 0.0, ""2"": null, ""3"": null, ""4"": null, ""5"": null, ""6"": null, ""7"": null}",{},,1,0,1,0,,maneuver-locked,CHANGING_PAUSED,right,,right,0
574,2026-08-01T16:13:36.934+09:00,169.435,573,3.39,0,AVOIDING_OBSTACLE,,0,0,0,,0.000000,0.000000,0,736,unknown,0,unknown,0.000000,null,0.000000,0.270,,"{""0"": 16, ""1"": 17, ""2"": null, ""3"": null, ""4"": null, ""5"": null, ""6"": null, ""7"": null}","{""0"": 0.0, ""1"": 0.0, ""2"": null, ""3"": null, ""4"": null, ""5"": null, ""6"": null, ""7"": null}",{},,1,0,1,0,,maneuver-locked,CHANGING_PAUSED,right,,right,0
575,2026-08-01T16:13:37.160+09:00,169.658,574,3.39,0,AVOIDING_OBSTACLE,,0,0,0,,0.000000,0.000000,0,736,unknown,0,unknown,0.000000,null,0.000000,0.169,,"{""0"": 16, ""1"": 17, ""2"": null, ""3"": null, ""4"": null, ""5"": null, ""6"": null, ""7"": null}","{""0"": 0.0, ""1"": 0.0, ""2"": null, ""3"": null, ""4"": null, ""5"": null, ""6"": null, ""7"": null}",{},,1,0,1,0,,maneuver-locked,CHANGING_PAUSED,right,,right,0
576,2026-08-01T16:13:37.458+09:00,169.959,575,3.39,0,AVOIDING_OBSTACLE,,0,0,0,,0.000000,0.000000,0,737,unknown,0,unknown,0.000000,null,0.000000,0.244,,"{""0"": 16, ""1"": 17, ""2"": null, ""3"": null, ""4"": null, ""5"": null, ""6"": null, ""7"": null}","{""0"": 0.0, ""1"": 0.0, ""2"": null, ""3"": null, ""4"": null, ""5"": null, ""6"": null, ""7"": null}",{},,1,0,1,0,,maneuver-locked,CHANGING_PAUSED,right,,right,0
577,2026-08-01T16:13:37.789+09:00,170.283,576,3.39,0,AVOIDING_OBSTACLE,,0,0,0,,0.000000,0.000000,0,737,unknown,0,unknown,0.000000,null,0.000000,0.269,,"{""0"": 16, ""1"": 17, ""2"": null, ""3"": null, ""4"": null, ""5"": null, ""6"": null, ""7"": null}","{""0"": 0.0, ""1"": 0.0, ""2"": null, ""3"": null, ""4"": null, ""5"": null, ""6"": null, ""7"": null}",{},,1,0,1,0,,maneuver-locked,CHANGING_PAUSED,right,,right,0
578,2026-08-01T16:13:38.150+09:00,170.649,577,3.39,0,AVOIDING_OBSTACLE,,0,0,0,,0.000000,0.000000,0,737,unknown,0,unknown,0.000000,null,0.000000,0.306,,"{""0"": 16, ""1"": 17, ""2"": null, ""3"": null, ""4"": null, ""5"": null, ""6"": null, ""7"": null}","{""0"": 0.0, ""1"": 0.0, ""2"": null, ""3"": null, ""4"": null, ""5"": null, ""6"": null, ""7"": null}",{},,1,0,1,0,,maneuver-locked,CHANGING_PAUSED,right,,right,0
579,2026-08-01T16:13:38.492+09:00,170.991,578,3.39,0,AVOIDING_OBSTACLE,,0,0,0,,0.000000,0.000000,0,736,unknown,0,unknown,0.000000,null,0.000000,0.288,,"{""0"": 16, ""1"": 17, ""2"": null, ""3"": null, ""4"": null, ""5"": null, ""6"": null, ""7"": null}","{""0"": 0.0, ""1"": 0.0, ""2"": null, ""3"": null, ""4"": null, ""5"": null, ""6"": null, ""7"": null}",{},,1,0,1,0,,maneuver-locked,CHANGING_PAUSED,right,,right,0
580,2026-08-01T16:13:38.807+09:00,171.307,579,3.39,0,AVOIDING_OBSTACLE,,0,0,0,,0.000000,0.000000,0,736,unknown,0,unknown,0.000000,null,0.000000,0.262,,"{""0"": 16, ""1"": 17, ""2"": null, ""3"": null, ""4"": null, ""5"": null, ""6"": null, ""7"": null}","{""0"": 0.315, ""1"": 0.315, ""2"": null, ""3"": null, ""4"": null, ""5"": null, ""6"": null, ""7"": null}",{},,1,0,1,0,,maneuver-locked,CHANGING_PAUSED,right,,right,0
581,2026-08-01T16:13:41.112+09:00,173.613,580,3.35,0,AVOIDING_OBSTACLE,,0,0,0,,0.000000,0.000000,0,736,unknown,0,unknown,0.000000,null,0.000000,0.251,,"{""0"": 16, ""1"": 17, ""2"": null, ""3"": null, ""4"": null, ""5"": null, ""6"": null, ""7"": null}","{""0"": 2.617, ""1"": 2.617, ""2"": null, ""3"": null, ""4"": null, ""5"": null, ""6"": null, ""7"": null}",{},,1,0,1,0,,maneuver-locked,CHANGING_PAUSED,right,,right,0
