frame_index,wall_time,elapsed_s,video_frame_index,fps,running,vehicle_state,event,stop_condition,lane_found,stop_line_detected,lane_error,raw_steer,final_steer,final_speed,steering_pot,traffic_signal,car_detected,car_label,car_confidence,car_bbox,car_area_ratio,car_result_age_s,car_model_fault,ultrasonic_json,ultrasonic_age_json,front_sensor_values,front_distance_cm,sensor_ok,ultrasonic_close,fusion_confirmed,fusion_hits,fusion_skew_s,fusion_reason,obstacle_phase,dash_side,solid_side,locked_dash_side,lost_frames
1,2026-08-01T22:24:18.774+09:00,0.179,0,6.30,0,DRIVING,state:None->DRIVING;phase:None->KEEP_PAUSED,0,1,0,-0.630921,1.000000,1.000000,0,743,green,0,unknown,0.000000,null,0.000000,0.158,,"{""0"": 250, ""1"": 250, ""2"": null, ""3"": null, ""4"": null, ""5"": null, ""6"": null, ""7"": null}","{""0"": 0.0, ""1"": 0.0, ""2"": null, ""3"": null, ""4"": null, ""5"": null, ""6"": null, ""7"": null}","{""0"": 250, ""1"": 250}",250,1,0,0,0,0.158,ultrasonic-not-close,KEEP_PAUSED,left,right,,0
2,2026-08-01T22:24:18.896+09:00,0.309,1,6.86,0,DRIVING,,0,1,0,-0.181447,-0.482448,-0.482448,0,743,green,0,unknown,0.000000,null,0.000000,0.084,,"{""0"": 250, ""1"": 250, ""2"": null, ""3"": null, ""4"": null, ""5"": null, ""6"": null, ""7"": null}","{""0"": 0.0, ""1"": 0.0, ""2"": null, ""3"": null, ""4"": null, ""5"": null, ""6"": null, ""7"": null}","{""0"": 250, ""1"": 250}",250,1,0,0,0,0.084,ultrasonic-not-close,KEEP_PAUSED,left,right,,0
3,2026-08-01T22:24:19.020+09:00,0.430,2,7.31,0,DRIVING,,0,1,0,-0.182070,-0.237490,-0.237490,0,743,green,0,unknown,0.000000,null,0.000000,0.204,,"{""0"": 250, ""1"": 250, ""2"": null, ""3"": null, ""4"": null, ""5"": null, ""6"": null, ""7"": null}","{""0"": 0.0, ""1"": 0.0, ""2"": null, ""3"": null, ""4"": null, ""5"": null, ""6"": null, ""7"": null}","{""0"": 250, ""1"": 250}",250,1,0,0,0,0.204,ultrasonic-not-close,KEEP_PAUSED,left,right,,0
4,2026-08-01T22:24:19.123+09:00,0.536,3,7.71,0,DRIVING,,0,1,0,-0.182473,-0.066473,-0.066473,0,742,green,0,unknown,0.000000,null,0.000000,0.197,,"{""0"": 250, ""1"": 250, ""2"": null, ""3"": null, ""4"": null, ""5"": null, ""6"": null, ""7"": null}","{""0"": 0.0, ""1"": 0.0, ""2"": null, ""3"": null, ""4"": null, ""5"": null, ""6"": null, ""7"": null}","{""0"": 250, ""1"": 250}",250,1,0,0,0,0.197,ultrasonic-not-close,KEEP_PAUSED,left,right,,0
5,2026-08-01T22:24:19.239+09:00,0.651,4,7.89,0,DRIVING,,0,1,0,-0.182070,0.050552,0.050552,0,743,green,0,unknown,0.000000,null,0.000000,0.188,,"{""0"": 250, ""1"": 250, ""2"": null, ""3"": null, ""4"": null, ""5"": null, ""6"": null, ""7"": null}","{""0"": 0.0, ""1"": 0.0, ""2"": null, ""3"": null, ""4"": null, ""5"": null, ""6"": null, ""7"": null}","{""0"": 250, ""1"": 250}",250,1,0,0,0,0.188,ultrasonic-not-close,KEEP_PAUSED,left,right,,0
6,2026-08-01T22:24:19.353+09:00,0.765,5,8.04,0,DRIVING,,0,1,0,-0.181775,0.132641,0.132641,0,743,green,0,unknown,0.000000,null,0.000000,0.301,,"{""0"": 250, ""1"": 250, ""2"": null, ""3"": null, ""4"": null, ""5"": null, ""6"": null, ""7"": null}","{""0"": 0.0, ""1"": 0.0, ""2"": null, ""3"": null, ""4"": null, ""5"": null, ""6"": null, ""7"": null}","{""0"": 250, ""1"": 250}",250,1,0,0,0,0.301,ultrasonic-not-close,KEEP_PAUSED,left,right,,0
7,2026-08-01T22:24:19.457+09:00,0.871,6,8.21,0,DRIVING,,0,1,0,-0.182070,0.192070,0.192070,0,743,green,0,unknown,0.000000,null,0.000000,0.304,,"{""0"": 250, ""1"": 250, ""2"": null, ""3"": null, ""4"": null, ""5"": null, ""6"": null, ""7"": null}","{""0"": 0.0, ""1"": 0.0, ""2"": null, ""3"": null, ""4"": null, ""5"": null, ""6"": null, ""7"": null}","{""0"": 250, ""1"": 250}",250,1,0,0,0,0.304,ultrasonic-not-close,KEEP_PAUSED,left,right,,0
8,2026-08-01T22:24:19.568+09:00,0.982,7,8.31,0,DRIVING,,0,1,0,-0.182124,0.232961,0.232961,0,744,green,0,unknown,0.000000,null,0.000000,0.300,,"{""0"": 250, ""1"": 250, ""2"": null, ""3"": null, ""4"": null, ""5"": null, ""6"": null, ""7"": null}","{""0"": 0.0, ""1"": 0.0, ""2"": null, ""3"": null, ""4"": null, ""5"": null, ""6"": null, ""7"": null}","{""0"": 250, ""1"": 250}",250,1,0,0,0,0.300,ultrasonic-not-close,KEEP_PAUSED,left,right,,0
9,2026-08-01T22:24:19.683+09:00,1.095,8,8.36,0,DRIVING,,0,1,0,-0.182016,0.261031,0.261031,0,742,green,0,unknown,0.000000,null,0.000000,0.411,,"{""0"": 250, ""1"": 250, ""2"": null, ""3"": null, ""4"": null, ""5"": null, ""6"": null, ""7"": null}","{""0"": 0.0, ""1"": 0.0, ""2"": null, ""3"": null, ""4"": null, ""5"": null, ""6"": null, ""7"": null}","{""0"": 250, ""1"": 250}",250,1,0,0,0,0.411,ultrasonic-not-close,KEEP_PAUSED,left,right,,0
10,2026-08-01T22:24:19.783+09:00,1.196,9,8.49,0,DRIVING,,0,1,0,-0.182016,0.281010,0.281010,0,744,green,0,unknown,0.000000,null,0.000000,0.294,,"{""0"": 250, ""1"": 250, ""2"": null, ""3"": null, ""4"": null, ""5"": null, ""6"": null, ""7"": null}","{""0"": 0.0, ""1"": 0.0, ""2"": null, ""3"": null, ""4"": null, ""5"": null, ""6"": null, ""7"": null}","{""0"": 250, ""1"": 250}",250,1,0,0,0,0.294,ultrasonic-not-close,KEEP_PAUSED,left,right,,0
11,2026-08-01T22:24:19.890+09:00,1.303,10,8.56,0,DRIVING,,0,1,0,-0.182016,0.294996,0.294996,0,742,green,0,unknown,0.000000,null,0.000000,0.292,,"{""0"": 250, ""1"": 250, ""2"": null, ""3"": null, ""4"": null, ""5"": null, ""6"": null, ""7"": null}","{""0"": 0.0, ""1"": 0.0, ""2"": null, ""3"": null, ""4"": null, ""5"": null, ""6"": null, ""7"": null}","{""0"": 250, ""1"": 250}",250,1,0,0,0,0.292,ultrasonic-not-close,KEEP_PAUSED,left,right,,0
12,2026-08-01T22:24:20.000+09:00,1.413,11,8.61,0,DRIVING,,0,1,0,-0.182365,0.306043,0.306043,0,743,green,0,unknown,0.000000,null,0.000000,0.400,,"{""0"": 250, ""1"": 250, ""2"": null, ""3"": null, ""4"": null, ""5"": null, ""6"": null, ""7"": null}","{""0"": 0.0, ""1"": 0.0, ""2"": null, ""3"": null, ""4"": null, ""5"": null, ""6"": null, ""7"": null}","{""0"": 250, ""1"": 250}",250,1,0,0,0,0.400,ultrasonic-not-close,KEEP_PAUSED,left,right,,0
13,2026-08-01T22:24:20.109+09:00,1.521,12,8.65,0,DRIVING,,0,1,0,-0.182527,0.313291,0.313291,0,744,green,0,unknown,0.000000,null,0.000000,0.294,,"{""0"": 250, ""1"": 250, ""2"": null, ""3"": null, ""4"": null, ""5"": null, ""6"": null, ""7"": null}","{""0"": 0.0, ""1"": 0.0, ""2"": null, ""3"": null, ""4"": null, ""5"": null, ""6"": null, ""7"": null}","{""0"": 250, ""1"": 250}",250,1,0,0,0,0.294,ultrasonic-not-close,KEEP_PAUSED,left,right,,0
14,2026-08-01T22:24:20.206+09:00,1.620,13,8.74,0,DRIVING,,0,1,0,-0.182527,0.317868,0.317868,0,743,green,0,unknown,0.000000,null,0.000000,0.286,,"{""0"": 250, ""1"": 250, ""2"": null, ""3"": null, ""4"": null, ""5"": null, ""6"": null, ""7"": null}","{""0"": 0.0, ""1"": 0.0, ""2"": null, ""3"": null, ""4"": null, ""5"": null, ""6"": null, ""7"": null}","{""0"": 250, ""1"": 250}",250,1,0,0,0,0.286,ultrasonic-not-close,KEEP_PAUSED,left,right,,0
15,2026-08-01T22:24:20.324+09:00,1.737,14,8.73,0,DRIVING,,0,1,0,-0.182419,0.320683,0.320683,0,743,green,0,unknown,0.000000,null,0.000000,0.403,,"{""0"": 250, ""1"": 250, ""2"": null, ""3"": null, ""4"": null, ""5"": null, ""6"": null, ""7"": null}","{""0"": 0.0, ""1"": 0.0, ""2"": null, ""3"": null, ""4"": null, ""5"": null, ""6"": null, ""7"": null}","{""0"": 250, ""1"": 250}",250,1,0,0,0,0.403,ultrasonic-not-close,KEEP_PAUSED,left,right,,0
16,2026-08-01T22:24:20.422+09:00,1.834,15,8.81,0,DRIVING,,0,1,0,-0.182792,0.324327,0.324327,0,743,green,0,unknown,0.000000,null,0.000000,0.282,,"{""0"": 250, ""1"": 250, ""2"": null, ""3"": null, ""4"": null, ""5"": null, ""6"": null, ""7"": null}","{""0"": 0.0, ""1"": 0.0, ""2"": null, ""3"": null, ""4"": null, ""5"": null, ""6"": null, ""7"": null}","{""0"": 250, ""1"": 250}",250,1,0,0,0,0.282,ultrasonic-not-close,KEEP_PAUSED,left,right,,0
17,2026-08-01T22:24:20.527+09:00,1.940,16,8.84,0,DRIVING,,0,1,0,-0.188291,0.345531,0.345531,0,742,green,0,unknown,0.000000,null,0.000000,0.291,,"{""0"": 250, ""1"": 250, ""2"": null, ""3"": null, ""4"": null, ""5"": null, ""6"": null, ""7"": null}","{""0"": 0.0, ""1"": 0.0, ""2"": null, ""3"": null, ""4"": null, ""5"": null, ""6"": null, ""7"": null}","{""0"": 250, ""1"": 250}",250,1,0,0,0,0.291,ultrasonic-not-close,KEEP_PAUSED,left,right,,0
18,2026-08-01T22:24:20.640+09:00,2.054,17,8.84,0,DRIVING,,0,1,0,-0.196262,0.372245,0.372245,0,743,green,0,unknown,0.000000,null,0.000000,0.188,,"{""0"": 250, ""1"": 152, ""2"": null, ""3"": null, ""4"": null, ""5"": null, ""6"": null, ""7"": null}","{""0"": 0.0, ""1"": 0.0, ""2"": null, ""3"": null, ""4"": null, ""5"": null, ""6"": null, ""7"": null}","{""0"": 250, ""1"": 152}",152,1,0,0,0,0.188,ultrasonic-not-close,KEEP_PAUSED,left,right,,0
19,2026-08-01T22:24:20.752+09:00,2.164,18,8.86,0,DRIVING,,0,1,0,-0.174644,0.288729,0.288729,0,742,green,0,unknown,0.000000,null,0.000000,0.296,,"{""0"": 250, ""1"": 250, ""2"": null, ""3"": null, ""4"": null, ""5"": null, ""6"": null, ""7"": null}","{""0"": 0.0, ""1"": 0.0, ""2"": null, ""3"": null, ""4"": null, ""5"": null, ""6"": null, ""7"": null}","{""0"": 250, ""1"": 250}",250,1,0,0,0,0.296,ultrasonic-not-close,KEEP_PAUSED,left,right,,0
20,2026-08-01T22:24:20.855+09:00,2.268,19,8.89,0,DRIVING,,0,1,0,-0.172660,0.289277,0.289277,0,742,green,0,unknown,0.000000,null,0.000000,0.298,,"{""0"": 250, ""1"": 250, ""2"": null, ""3"": null, ""4"": null, ""5"": null, ""6"": null, ""7"": null}","{""0"": 0.0, ""1"": 0.0, ""2"": null, ""3"": null, ""4"": null, ""5"": null, ""6"": null, ""7"": null}","{""0"": 250, ""1"": 250}",250,1,0,0,0,0.298,ultrasonic-not-close,KEEP_PAUSED,left,right,,0
21,2026-08-01T22:24:20.961+09:00,2.375,20,8.91,0,DRIVING,,0,1,0,-0.172419,0.294863,0.294863,0,741,green,0,unknown,0.000000,null,0.000000,0.179,,"{""0"": 250, ""1"": 250, ""2"": null, ""3"": null, ""4"": null, ""5"": null, ""6"": null, ""7"": null}","{""0"": 0.0, ""1"": 0.0, ""2"": null, ""3"": null, ""4"": null, ""5"": null, ""6"": null, ""7"": null}","{""0"": 250, ""1"": 250}",250,1,0,0,0,0.179,ultrasonic-not-close,KEEP_PAUSED,left,right,,0
22,2026-08-01T22:24:21.069+09:00,2.481,21,8.94,0,DRIVING,,0,1,0,-0.172660,0.300378,0.300378,0,741,green,0,unknown,0.000000,null,0.000000,0.283,,"{""0"": 250, ""1"": 250, ""2"": null, ""3"": null, ""4"": null, ""5"": null, ""6"": null, ""7"": null}","{""0"": 0.0, ""1"": 0.0, ""2"": null, ""3"": null, ""4"": null, ""5"": null, ""6"": null, ""7"": null}","{""0"": 250, ""1"": 250}",250,1,0,0,0,0.283,ultrasonic-not-close,KEEP_PAUSED,left,right,,0
23,2026-08-01T22:24:21.174+09:00,2.588,22,8.95,0,DRIVING,,0,1,0,-0.172480,0.302852,0.302852,0,741,green,0,unknown,0.000000,null,0.000000,0.289,,"{""0"": 250, ""1"": 250, ""2"": null, ""3"": null, ""4"": null, ""5"": null, ""6"": null, ""7"": null}","{""0"": 0.0, ""1"": 0.0, ""2"": null, ""3"": null, ""4"": null, ""5"": null, ""6"": null, ""7"": null}","{""0"": 250, ""1"": 250}",250,1,0,0,0,0.289,ultrasonic-not-close,KEEP_PAUSED,left,right,,0
24,2026-08-01T22:24:21.279+09:00,2.692,23,8.97,0,DRIVING,,0,1,0,-0.172480,0.305135,0.305135,0,742,green,0,unknown,0.000000,null,0.000000,0.179,,"{""0"": 250, ""1"": 250, ""2"": null, ""3"": null, ""4"": null, ""5"": null, ""6"": null, ""7"": null}","{""0"": 0.0, ""1"": 0.0, ""2"": null, ""3"": null, ""4"": null, ""5"": null, ""6"": null, ""7"": null}","{""0"": 250, ""1"": 250}",250,1,0,0,0,0.179,ultrasonic-not-close,KEEP_PAUSED,left,right,,0
25,2026-08-01T22:24:21.397+09:00,2.809,24,8.96,0,DRIVING,,0,1,0,-0.172480,0.306734,0.306734,0,741,green,0,unknown,0.000000,null,0.000000,0.294,,"{""0"": 250, ""1"": 250, ""2"": null, ""3"": null, ""4"": null, ""5"": null, ""6"": null, ""7"": null}","{""0"": 0.0, ""1"": 0.0, ""2"": null, ""3"": null, ""4"": null, ""5"": null, ""6"": null, ""7"": null}","{""0"": 250, ""1"": 250}",250,1,0,0,0,0.294,ultrasonic-not-close,KEEP_PAUSED,left,right,,0
26,2026-08-01T22:24:21.508+09:00,2.920,25,8.96,0,DRIVING,,0,1,0,-0.172300,0.307204,0.307204,0,742,green,0,unknown,0.000000,null,0.000000,0.303,,"{""0"": 250, ""1"": 250, ""2"": null, ""3"": null, ""4"": null, ""5"": null, ""6"": null, ""7"": null}","{""0"": 0.0, ""1"": 0.0, ""2"": null, ""3"": null, ""4"": null, ""5"": null, ""6"": null, ""7"": null}","{""0"": 250, ""1"": 250}",250,1,0,0,0,0.303,ultrasonic-not-close,KEEP_PAUSED,left,right,,0
27,2026-08-01T22:24:21.617+09:00,3.029,26,8.96,0,DRIVING,,0,1,0,-0.174224,0.315013,0.315013,0,741,green,0,unknown,0.000000,null,0.000000,0.308,,"{""0"": 250, ""1"": 250, ""2"": null, ""3"": null, ""4"": null, ""5"": null, ""6"": null, ""7"": null}","{""0"": 0.0, ""1"": 0.0, ""2"": null, ""3"": null, ""4"": null, ""5"": null, ""6"": null, ""7"": null}","{""0"": 250, ""1"": 250}",250,1,0,0,0,0.308,ultrasonic-not-close,KEEP_PAUSED,left,right,,0
28,2026-08-01T22:24:21.728+09:00,3.140,27,8.97,0,DRIVING,,0,1,0,-0.173262,0.311126,0.311126,0,742,green,0,unknown,0.000000,null,0.000000,0.416,,"{""0"": 250, ""1"": 250, ""2"": null, ""3"": null, ""4"": null, ""5"": null, ""6"": null, ""7"": null}","{""0"": 0.0, ""1"": 0.0, ""2"": null, ""3"": null, ""4"": null, ""5"": null, ""6"": null, ""7"": null}","{""0"": 250, ""1"": 250}",250,1,0,0,0,0.416,ultrasonic-not-close,KEEP_PAUSED,left,right,,0
29,2026-08-01T22:24:21.824+09:00,3.237,28,9.01,0,DRIVING,,0,1,0,-0.174044,0.314165,0.314165,0,742,green,0,unknown,0.000000,null,0.000000,0.285,,"{""0"": 250, ""1"": 250, ""2"": null, ""3"": null, ""4"": null, ""5"": null, ""6"": null, ""7"": null}","{""0"": 0.0, ""1"": 0.0, ""2"": null, ""3"": null, ""4"": null, ""5"": null, ""6"": null, ""7"": null}","{""0"": 250, ""1"": 250}",250,1,0,0,0,0.285,ultrasonic-not-close,KEEP_PAUSED,left,right,,0
30,2026-08-01T22:24:21.929+09:00,3.342,29,9.02,0,DRIVING,,0,1,0,-0.173864,0.313250,0.313250,0,742,green,0,unknown,0.000000,null,0.000000,0.283,,"{""0"": 250, ""1"": 250, ""2"": null, ""3"": null, ""4"": null, ""5"": null, ""6"": null, ""7"": null}","{""0"": 0.0, ""1"": 0.0, ""2"": null, ""3"": null, ""4"": null, ""5"": null, ""6"": null, ""7"": null}","{""0"": 250, ""1"": 250}",250,1,0,0,0,0.283,ultrasonic-not-close,KEEP_PAUSED,left,right,,0
31,2026-08-01T22:24:22.040+09:00,3.453,30,9.03,0,DRIVING,,0,1,0,-0.173864,0.313161,0.313161,0,741,green,0,unknown,0.000000,null,0.000000,0.391,,"{""0"": 250, ""1"": 250, ""2"": null, ""3"": null, ""4"": null, ""5"": null, ""6"": null, ""7"": null}","{""0"": 0.0, ""1"": 0.0, ""2"": null, ""3"": null, ""4"": null, ""5"": null, ""6"": null, ""7"": null}","{""0"": 250, ""1"": 250}",250,1,0,0,0,0.391,ultrasonic-not-close,KEEP_PAUSED,left,right,,0
32,2026-08-01T22:24:22.141+09:00,3.553,31,9.05,0,DRIVING,,0,1,0,-0.173864,0.313099,0.313099,0,742,green,0,unknown,0.000000,null,0.000000,0.285,,"{""0"": 250, ""1"": 250, ""2"": null, ""3"": null, ""4"": null, ""5"": null, ""6"": null, ""7"": null}","{""0"": 0.0, ""1"": 0.0, ""2"": null, ""3"": null, ""4"": null, ""5"": null, ""6"": null, ""7"": null}","{""0"": 250, ""1"": 250}",250,1,0,0,0,0.285,ultrasonic-not-close,KEEP_PAUSED,left,right,,0
33,2026-08-01T22:24:22.248+09:00,3.661,32,9.06,0,DRIVING,,0,1,0,-0.172841,0.309373,0.309373,0,741,green,0,unknown,0.000000,null,0.000000,0.289,,"{""0"": 250, ""1"": 250, ""2"": null, ""3"": null, ""4"": null, ""5"": null, ""6"": null, ""7"": null}","{""0"": 0.0, ""1"": 0.0, ""2"": null, ""3"": null, ""4"": null, ""5"": null, ""6"": null, ""7"": null}","{""0"": 250, ""1"": 250}",250,1,0,0,0,0.289,ultrasonic-not-close,KEEP_PAUSED,left,right,,0
34,2026-08-01T22:24:22.361+09:00,3.774,33,9.06,0,DRIVING,,0,1,0,-0.173683,0.312929,0.312929,0,742,green,0,unknown,0.000000,null,0.000000,0.399,,"{""0"": 250, ""1"": 250, ""2"": null, ""3"": null, ""4"": null, ""5"": null, ""6"": null, ""7"": null}","{""0"": 0.0, ""1"": 0.0, ""2"": null, ""3"": null, ""4"": null, ""5"": null, ""6"": null, ""7"": null}","{""0"": 250, ""1"": 250}",250,1,0,0,0,0.399,ultrasonic-not-close,KEEP_PAUSED,left,right,,0
35,2026-08-01T22:24:22.460+09:00,3.872,34,9.08,0,DRIVING,,0,1,0,-0.172480,0.308507,0.308507,0,741,green,0,unknown,0.000000,null,0.000000,0.287,,"{""0"": 250, ""1"": 250, ""2"": null, ""3"": null, ""4"": null, ""5"": null, ""6"": null, ""7"": null}","{""0"": 0.0, ""1"": 0.0, ""2"": null, ""3"": null, ""4"": null, ""5"": null, ""6"": null, ""7"": null}","{""0"": 250, ""1"": 250}",250,1,0,0,0,0.287,ultrasonic-not-close,KEEP_PAUSED,left,right,,0
36,2026-08-01T22:24:22.569+09:00,3.982,35,9.08,0,DRIVING,,0,1,0,-0.171457,0.305411,0.305411,0,741,green,0,unknown,0.000000,null,0.000000,0.291,,"{""0"": 250, ""1"": 250, ""2"": null, ""3"": null, ""4"": null, ""5"": null, ""6"": null, ""7"": null}","{""0"": 0.0, ""1"": 0.0, ""2"": null, ""3"": null, ""4"": null, ""5"": null, ""6"": null, ""7"": null}","{""0"": 250, ""1"": 250}",250,1,0,0,0,0.291,ultrasonic-not-close,KEEP_PAUSED,left,right,,0
37,2026-08-01T22:24:22.674+09:00,4.087,36,9.10,0,DRIVING,,0,1,0,-0.170254,0.302042,0.302042,0,742,green,0,unknown,0.000000,null,0.000000,0.393,,"{""0"": 250, ""1"": 250, ""2"": null, ""3"": null, ""4"": null, ""5"": null, ""6"": null, ""7"": null}","{""0"": 0.0, ""1"": 0.0, ""2"": null, ""3"": null, ""4"": null, ""5"": null, ""6"": null, ""7"": null}","{""0"": 250, ""1"": 250}",250,1,0,0,0,0.393,ultrasonic-not-close,KEEP_PAUSED,left,right,,0
38,2026-08-01T22:24:22.784+09:00,4.197,37,9.10,0,DRIVING,,0,1,0,-0.152839,0.240675,0.240675,0,742,green,0,unknown,0.000000,null,0.000000,0.291,,"{""0"": 250, ""1"": 250, ""2"": null, ""3"": null, ""4"": null, ""5"": null, ""6"": null, ""7"": null}","{""0"": 0.0, ""1"": 0.0, ""2"": null, ""3"": null, ""4"": null, ""5"": null, ""6"": null, ""7"": null}","{""0"": 250, ""1"": 250}",250,1,0,0,0,0.291,ultrasonic-not-close,KEEP_PAUSED,left,right,,0
39,2026-08-01T22:24:22.887+09:00,4.300,38,9.11,0,DRIVING,,0,1,0,-0.156844,0.265422,0.265422,0,743,green,0,unknown,0.000000,null,0.000000,0.289,,"{""0"": 250, ""1"": 250, ""2"": null, ""3"": null, ""4"": null, ""5"": null, ""6"": null, ""7"": null}","{""0"": 0.0, ""1"": 0.0, ""2"": null, ""3"": null, ""4"": null, ""5"": null, ""6"": null, ""7"": null}","{""0"": 250, ""1"": 250}",250,1,0,0,0,0.289,ultrasonic-not-close,KEEP_PAUSED,left,right,,0
40,2026-08-01T22:24:23.004+09:00,4.416,39,9.09,0,DRIVING,,0,1,0,-0.156520,0.269324,0.269324,0,742,green,0,unknown,0.000000,null,0.000000,0.189,,"{""0"": 250, ""1"": 250, ""2"": null, ""3"": null, ""4"": null, ""5"": null, ""6"": null, ""7"": null}","{""0"": 0.0, ""1"": 0.0, ""2"": null, ""3"": null, ""4"": null, ""5"": null, ""6"": null, ""7"": null}","{""0"": 250, ""1"": 250}",250,1,0,0,0,0.189,ultrasonic-not-close,KEEP_PAUSED,left,right,,0
41,2026-08-01T22:24:23.115+09:00,4.527,40,9.10,0,DRIVING,,0,1,0,-0.155186,0.268247,0.268247,0,742,green,0,unknown,0.000000,null,0.000000,0.298,,"{""0"": 250, ""1"": 250, ""2"": null, ""3"": null, ""4"": null, ""5"": null, ""6"": null, ""7"": null}","{""0"": 0.0, ""1"": 0.0, ""2"": null, ""3"": null, ""4"": null, ""5"": null, ""6"": null, ""7"": null}","{""0"": 250, ""1"": 250}",250,1,0,0,0,0.298,ultrasonic-not-close,KEEP_PAUSED,left,right,,0
42,2026-08-01T22:24:23.212+09:00,4.625,41,9.12,0,DRIVING,,0,1,0,-0.155056,0.271106,0.271106,0,742,green,0,unknown,0.000000,null,0.000000,0.294,,"{""0"": 250, ""1"": 250, ""2"": null, ""3"": null, ""4"": null, ""5"": null, ""6"": null, ""7"": null}","{""0"": 0.0, ""1"": 0.0, ""2"": null, ""3"": null, ""4"": null, ""5"": null, ""6"": null, ""7"": null}","{""0"": 250, ""1"": 250}",250,1,0,0,0,0.294,ultrasonic-not-close,KEEP_PAUSED,left,right,,0
43,2026-08-01T22:24:23.317+09:00,4.730,42,9.13,0,DRIVING,,0,1,0,-0.155056,0.273505,0.273505,0,743,green,0,unknown,0.000000,null,0.000000,0.172,,"{""0"": 250, ""1"": 250, ""2"": null, ""3"": null, ""4"": null, ""5"": null, ""6"": null, ""7"": null}","{""0"": 0.0, ""1"": 0.0, ""2"": null, ""3"": null, ""4"": null, ""5"": null, ""6"": null, ""7"": null}","{""0"": 250, ""1"": 250}",250,1,0,0,0,0.172,ultrasonic-not-close,KEEP_PAUSED,left,right,,0
44,2026-08-01T22:24:23.418+09:00,4.830,43,9.15,0,DRIVING,,0,1,0,-0.156260,0.279518,0.279518,0,742,green,0,unknown,0.000000,null,0.000000,0.270,,"{""0"": 250, ""1"": 250, ""2"": null, ""3"": null, ""4"": null, ""5"": null, ""6"": null, ""7"": null}","{""0"": 0.0, ""1"": 0.0, ""2"": null, ""3"": null, ""4"": null, ""5"": null, ""6"": null, ""7"": null}","{""0"": 250, ""1"": 250}",250,1,0,0,0,0.270,ultrasonic-not-close,KEEP_PAUSED,left,right,,0
45,2026-08-01T22:24:23.527+09:00,4.940,44,9.14,0,DRIVING,,0,1,0,-0.155056,0.275709,0.275709,0,742,green,0,unknown,0.000000,null,0.000000,0.285,,"{""0"": 250, ""1"": 250, ""2"": null, ""3"": null, ""4"": null, ""5"": null, ""6"": null, ""7"": null}","{""0"": 0.0, ""1"": 0.0, ""2"": null, ""3"": null, ""4"": null, ""5"": null, ""6"": null, ""7"": null}","{""0"": 250, ""1"": 250}",250,1,0,0,0,0.285,ultrasonic-not-close,KEEP_PAUSED,left,right,,0
46,2026-08-01T22:24:23.633+09:00,5.046,45,9.15,0,DRIVING,,0,1,0,-0.155056,0.276727,0.276727,0,742,green,0,unknown,0.000000,null,0.000000,0.185,,"{""0"": 250, ""1"": 250, ""2"": null, ""3"": null, ""4"": null, ""5"": null, ""6"": null, ""7"": null}","{""0"": 0.0, ""1"": 0.0, ""2"": null, ""3"": null, ""4"": null, ""5"": null, ""6"": null, ""7"": null}","{""0"": 250, ""1"": 250}",250,1,0,0,0,0.185,ultrasonic-not-close,KEEP_PAUSED,left,right,,0
47,2026-08-01T22:24:23.736+09:00,5.149,46,9.16,0,DRIVING,,0,1,0,-0.155056,0.277439,0.277439,0,742,green,0,unknown,0.000000,null,0.000000,0.286,,"{""0"": 250, ""1"": 250, ""2"": null, ""3"": null, ""4"": null, ""5"": null, ""6"": null, ""7"": null}","{""0"": 0.0, ""1"": 0.0, ""2"": null, ""3"": null, ""4"": null, ""5"": null, ""6"": null, ""7"": null}","{""0"": 250, ""1"": 250}",250,1,0,0,0,0.286,ultrasonic-not-close,KEEP_PAUSED,left,right,,0
48,2026-08-01T22:24:23.840+09:00,5.253,47,9.17,0,DRIVING,,0,1,0,-0.156260,0.282272,0.282272,0,742,green,0,unknown,0.000000,null,0.000000,0.283,,"{""0"": 250, ""1"": 250, ""2"": null, ""3"": null, ""4"": null, ""5"": null, ""6"": null, ""7"": null}","{""0"": 0.0, ""1"": 0.0, ""2"": null, ""3"": null, ""4"": null, ""5"": null, ""6"": null, ""7"": null}","{""0"": 250, ""1"": 250}",250,1,0,0,0,0.283,ultrasonic-not-close,KEEP_PAUSED,left,right,,0
49,2026-08-01T22:24:23.953+09:00,5.365,48,9.16,0,DRIVING,,0,1,0,-0.155458,0.279081,0.279081,0,742,green,0,unknown,0.000000,null,0.000000,0.184,,"{""0"": 250, ""1"": 250, ""2"": null, ""3"": null, ""4"": null, ""5"": null, ""6"": null, ""7"": null}","{""0"": 0.0, ""1"": 0.0, ""2"": null, ""3"": null, ""4"": null, ""5"": null, ""6"": null, ""7"": null}","{""0"": 250, ""1"": 250}",250,1,0,0,0,0.184,ultrasonic-not-close,KEEP_PAUSED,left,right,,0
50,2026-08-01T22:24:24.076+09:00,5.487,49,9.14,0,DRIVING,,0,1,0,-0.156260,0.282193,0.282193,0,742,green,0,unknown,0.000000,null,0.000000,0.305,,"{""0"": 250, ""1"": 189, ""2"": null, ""3"": null, ""4"": null, ""5"": null, ""6"": null, ""7"": null}","{""0"": 0.0, ""1"": 0.0, ""2"": null, ""3"": null, ""4"": null, ""5"": null, ""6"": null, ""7"": null}","{""0"": 250, ""1"": 189}",189,1,0,0,0,0.305,ultrasonic-not-close,KEEP_PAUSED,left,right,,0
51,2026-08-01T22:24:24.192+09:00,5.604,50,9.13,0,DRIVING,,0,1,0,-0.157103,0.284951,0.284951,0,742,green,0,unknown,0.000000,null,0.000000,0.320,,"{""0"": 250, ""1"": 250, ""2"": null, ""3"": null, ""4"": null, ""5"": null, ""6"": null, ""7"": null}","{""0"": 0.0, ""1"": 0.0, ""2"": null, ""3"": null, ""4"": null, ""5"": null, ""6"": null, ""7"": null}","{""0"": 250, ""1"": 250}",250,1,0,0,0,0.320,ultrasonic-not-close,KEEP_PAUSED,left,right,,0
52,2026-08-01T22:24:24.297+09:00,5.710,51,9.13,0,DRIVING,,0,1,0,-0.173945,0.344933,0.344933,0,743,green,0,unknown,0.000000,null,0.000000,0.314,,"{""0"": 250, ""1"": 250, ""2"": null, ""3"": null, ""4"": null, ""5"": null, ""6"": null, ""7"": null}","{""0"": 0.0, ""1"": 0.0, ""2"": null, ""3"": null, ""4"": null, ""5"": null, ""6"": null, ""7"": null}","{""0"": 250, ""1"": 250}",250,1,0,0,0,0.314,ultrasonic-not-close,KEEP_PAUSED,left,right,,0
53,2026-08-01T22:24:24.407+09:00,5.820,52,9.13,0,DRIVING,,0,1,1,-0.170396,0.322605,0.322605,0,742,green,0,unknown,0.000000,null,0.000000,0.424,,"{""0"": 250, ""1"": 250, ""2"": null, ""3"": null, ""4"": null, ""5"": null, ""6"": null, ""7"": null}","{""0"": 0.0, ""1"": 0.0, ""2"": null, ""3"": null, ""4"": null, ""5"": null, ""6"": null, ""7"": null}","{""0"": 250, ""1"": 250}",250,1,0,0,0,0.424,ultrasonic-not-close,KEEP_PAUSED,left,right,,0
54,2026-08-01T22:24:24.505+09:00,5.917,53,9.15,0,STOPPED_RED,state:DRIVING->STOPPED_RED,1,1,1,-0.165449,0.000000,0.000000,0,742,green,0,unknown,0.000000,null,0.000000,0.283,,"{""0"": 250, ""1"": 250, ""2"": null, ""3"": null, ""4"": null, ""5"": null, ""6"": null, ""7"": null}","{""0"": 0.0, ""1"": 0.0, ""2"": null, ""3"": null, ""4"": null, ""5"": null, ""6"": null, ""7"": null}","{""0"": 250, ""1"": 250}",250,1,0,0,0,0.283,ultrasonic-not-close,KEEP_PAUSED,left,right,,0
55,2026-08-01T22:24:24.610+09:00,6.024,54,9.16,0,DRIVING,state:STOPPED_RED->DRIVING,0,1,0,-0.153949,0.000000,0.000000,0,742,green,0,unknown,0.000000,null,0.000000,0.283,,"{""0"": 250, ""1"": 250, ""2"": null, ""3"": null, ""4"": null, ""5"": null, ""6"": null, ""7"": null}","{""0"": 0.0, ""1"": 0.0, ""2"": null, ""3"": null, ""4"": null, ""5"": null, ""6"": null, ""7"": null}","{""0"": 250, ""1"": 250}",250,1,0,0,0,0.283,ultrasonic-not-close,KEEP_PAUSED,left,right,,0
56,2026-08-01T22:24:24.719+09:00,6.131,55,9.16,0,DRIVING,,0,1,0,-0.138577,0.203291,0.203291,0,742,green,0,unknown,0.000000,null,0.000000,0.389,,"{""0"": 250, ""1"": 183, ""2"": null, ""3"": null, ""4"": null, ""5"": null, ""6"": null, ""7"": null}","{""0"": 0.0, ""1"": 0.0, ""2"": null, ""3"": null, ""4"": null, ""5"": null, ""6"": null, ""7"": null}","{""0"": 250, ""1"": 183}",183,1,0,0,0,0.389,ultrasonic-not-close,KEEP_PAUSED,left,right,,0
57,2026-08-01T22:24:24.825+09:00,6.238,56,9.16,0,DRIVING,,0,1,0,-0.139724,0.221263,0.221263,0,741,green,0,unknown,0.000000,null,0.000000,0.287,,"{""0"": 250, ""1"": 250, ""2"": null, ""3"": null, ""4"": null, ""5"": null, ""6"": null, ""7"": null}","{""0"": 0.0, ""1"": 0.0, ""2"": null, ""3"": null, ""4"": null, ""5"": null, ""6"": null, ""7"": null}","{""0"": 250, ""1"": 250}",250,1,0,0,0,0.287,ultrasonic-not-close,KEEP_PAUSED,left,right,,0
58,2026-08-01T22:24:24.934+09:00,6.347,57,9.16,0,DRIVING,,0,1,0,-0.147556,0.258532,0.258532,0,741,green,0,unknown,0.000000,null,0.000000,0.294,,"{""0"": 250, ""1"": 192, ""2"": null, ""3"": null, ""4"": null, ""5"": null, ""6"": null, ""7"": null}","{""0"": 0.0, ""1"": 0.0, ""2"": null, ""3"": null, ""4"": null, ""5"": null, ""6"": null, ""7"": null}","{""0"": 250, ""1"": 192}",192,1,0,0,0,0.294,ultrasonic-not-close,KEEP_PAUSED,left,right,,0
59,2026-08-01T22:24:25.042+09:00,6.454,58,9.17,0,DRIVING,,0,1,1,-0.123838,0.175265,0.175265,0,742,green,0,unknown,0.000000,null,0.000000,0.399,,"{""0"": 201, ""1"": 250, ""2"": null, ""3"": null, ""4"": null, ""5"": null, ""6"": null, ""7"": null}","{""0"": 0.0, ""1"": 0.0, ""2"": null, ""3"": null, ""4"": null, ""5"": null, ""6"": null, ""7"": null}","{""0"": 201, ""1"": 250}",201,1,0,0,0,0.399,ultrasonic-not-close,KEEP_PAUSED,left,right,,0
60,2026-08-01T22:24:25.162+09:00,6.573,59,9.16,0,DRIVING,,0,1,0,-0.112289,0.147983,0.147983,0,742,green,0,unknown,0.000000,null,0.000000,0.302,,"{""0"": 250, ""1"": 196, ""2"": null, ""3"": null, ""4"": null, ""5"": null, ""6"": null, ""7"": null}","{""0"": 0.0, ""1"": 0.0, ""2"": null, ""3"": null, ""4"": null, ""5"": null, ""6"": null, ""7"": null}","{""0"": 250, ""1"": 196}",196,1,0,0,0,0.302,ultrasonic-not-close,KEEP_PAUSED,left,right,,0
61,2026-08-01T22:24:25.272+09:00,6.685,60,9.15,0,DRIVING,,0,1,0,-0.114860,0.173479,0.173479,0,742,green,0,unknown,0.000000,null,0.000000,0.308,,"{""0"": 250, ""1"": 185, ""2"": null, ""3"": null, ""4"": null, ""5"": null, ""6"": null, ""7"": null}","{""0"": 0.0, ""1"": 0.0, ""2"": null, ""3"": null, ""4"": null, ""5"": null, ""6"": null, ""7"": null}","{""0"": 250, ""1"": 185}",185,1,0,0,0,0.308,ultrasonic-not-close,KEEP_PAUSED,left,right,,0
62,2026-08-01T22:24:25.384+09:00,6.797,61,9.15,0,DRIVING,,0,1,0,-0.127730,0.229794,0.229794,0,741,green,0,unknown,0.000000,null,0.000000,0.191,,"{""0"": 250, ""1"": 183, ""2"": null, ""3"": null, ""4"": null, ""5"": null, ""6"": null, ""7"": null}","{""0"": 0.0, ""1"": 0.0, ""2"": null, ""3"": null, ""4"": null, ""5"": null, ""6"": null, ""7"": null}","{""0"": 250, ""1"": 183}",183,1,0,0,0,0.191,ultrasonic-not-close,KEEP_PAUSED,left,right,,0
63,2026-08-01T22:24:25.489+09:00,6.902,62,9.15,0,DRIVING,,0,1,0,-0.149546,0.308366,0.308366,0,742,green,0,unknown,0.000000,null,0.000000,0.296,,"{""0"": 250, ""1"": 109, ""2"": null, ""3"": null, ""4"": null, ""5"": null, ""6"": null, ""7"": null}","{""0"": 0.0, ""1"": 0.0, ""2"": null, ""3"": null, ""4"": null, ""5"": null, ""6"": null, ""7"": null}","{""0"": 250, ""1"": 109}",109,1,1,0,0,0.296,car-not-detected-or-stale,KEEP_PAUSED,left,right,,0
64,2026-08-01T22:24:25.604+09:00,7.016,63,9.14,0,DRIVING,,0,1,0,-0.323535,0.922972,0.922972,0,741,green,0,unknown,0.000000,null,0.000000,0.302,,"{""0"": 178, ""1"": 250, ""2"": null, ""3"": null, ""4"": null, ""5"": null, ""6"": null, ""7"": null}","{""0"": 0.0, ""1"": 0.0, ""2"": null, ""3"": null, ""4"": null, ""5"": null, ""6"": null, ""7"": null}","{""0"": 178, ""1"": 250}",178,1,0,0,0,0.302,ultrasonic-not-close,KEEP_PAUSED,left,right,,0
65,2026-08-01T22:24:25.718+09:00,7.132,64,9.14,0,DRIVING,,0,0,0,,0.922972,0.922972,0,741,green,0,unknown,0.000000,null,0.000000,0.198,,"{""0"": 250, ""1"": 173, ""2"": null, ""3"": null, ""4"": null, ""5"": null, ""6"": null, ""7"": null}","{""0"": 0.0, ""1"": 0.0, ""2"": null, ""3"": null, ""4"": null, ""5"": null, ""6"": null, ""7"": null}","{""0"": 250, ""1"": 173}",173,1,0,0,0,0.198,ultrasonic-not-close,KEEP_PAUSED,,,,1
66,2026-08-01T22:24:25.823+09:00,7.234,65,9.15,0,DRIVING,,0,1,0,-0.086694,-0.031840,-0.031840,0,743,green,0,unknown,0.000000,null,0.000000,0.300,,"{""0"": 174, ""1"": 168, ""2"": null, ""3"": null, ""4"": null, ""5"": null, ""6"": null, ""7"": null}","{""0"": 0.0, ""1"": 0.0, ""2"": null, ""3"": null, ""4"": null, ""5"": null, ""6"": null, ""7"": null}","{""0"": 174, ""1"": 168}",168,1,0,0,0,0.300,ultrasonic-not-close,KEEP_PAUSED,left,right,,0
67,2026-08-01T22:24:25.921+09:00,7.334,66,9.16,0,DRIVING,,0,1,0,-0.087419,0.027139,0.027139,0,743,green,0,unknown,0.000000,null,0.000000,0.287,,"{""0"": 183, ""1"": 167, ""2"": null, ""3"": null, ""4"": null, ""5"": null, ""6"": null, ""7"": null}","{""0"": 0.0, ""1"": 0.0, ""2"": null, ""3"": null, ""4"": null, ""5"": null, ""6"": null, ""7"": null}","{""0"": 183, ""1"": 167}",167,1,0,0,0,0.287,ultrasonic-not-close,KEEP_PAUSED,left,right,,0
68,2026-08-01T22:24:26.026+09:00,7.440,67,9.16,0,DRIVING,,0,1,1,-0.086288,0.062130,0.062130,0,743,green,0,unknown,0.000000,null,0.000000,0.277,,"{""0"": 165, ""1"": 163, ""2"": null, ""3"": null, ""4"": null, ""5"": null, ""6"": null, ""7"": null}","{""0"": 0.0, ""1"": 0.0, ""2"": null, ""3"": null, ""4"": null, ""5"": null, ""6"": null, ""7"": null}","{""0"": 165, ""1"": 163}",163,1,0,0,0,0.277,ultrasonic-not-close,KEEP_PAUSED,left,right,,0
69,2026-08-01T22:24:26.127+09:00,7.538,68,9.17,0,STOPPED_RED,state:DRIVING->STOPPED_RED,1,1,1,-0.090071,0.000000,0.000000,0,743,green,0,unknown,0.000000,null,0.000000,0.376,,"{""0"": 161, ""1"": 156, ""2"": null, ""3"": null, ""4"": null, ""5"": null, ""6"": null, ""7"": null}","{""0"": 0.0, ""1"": 0.0, ""2"": null, ""3"": null, ""4"": null, ""5"": null, ""6"": null, ""7"": null}","{""0"": 161, ""1"": 156}",156,1,0,0,0,0.376,ultrasonic-not-close,KEEP_PAUSED,left,right,,0
70,2026-08-01T22:24:26.235+09:00,7.648,69,9.17,0,STOPPED_RED,,1,1,1,-0.097317,0.000000,0.000000,0,744,green,0,unknown,0.000000,null,0.000000,0.283,,"{""0"": 134, ""1"": 152, ""2"": null, ""3"": null, ""4"": null, ""5"": null, ""6"": null, ""7"": null}","{""0"": 0.0, ""1"": 0.0, ""2"": null, ""3"": null, ""4"": null, ""5"": null, ""6"": null, ""7"": null}","{""0"": 134, ""1"": 152}",134,1,1,0,0,0.283,car-not-detected-or-stale,KEEP_PAUSED,left,right,,0
71,2026-08-01T22:24:26.339+09:00,7.752,70,9.18,0,STOPPED_RED,,1,1,1,-0.111682,0.000000,0.000000,0,742,green,0,unknown,0.000000,null,0.000000,0.181,,"{""0"": 250, ""1"": 149, ""2"": null, ""3"": null, ""4"": null, ""5"": null, ""6"": null, ""7"": null}","{""0"": 0.0, ""1"": 0.0, ""2"": null, ""3"": null, ""4"": null, ""5"": null, ""6"": null, ""7"": null}","{""0"": 250, ""1"": 149}",149,1,1,0,0,0.181,car-not-detected-or-stale,KEEP_PAUSED,left,right,,0
72,2026-08-01T22:24:26.437+09:00,7.849,71,9.19,0,STOPPED_RED,,1,1,1,-0.125304,0.000000,0.000000,0,743,green,0,unknown,0.000000,null,0.000000,0.278,,"{""0"": 126, ""1"": 250, ""2"": null, ""3"": null, ""4"": null, ""5"": null, ""6"": null, ""7"": null}","{""0"": 0.0, ""1"": 0.0, ""2"": null, ""3"": null, ""4"": null, ""5"": null, ""6"": null, ""7"": null}","{""0"": 126, ""1"": 250}",126,1,1,0,0,0.278,car-not-detected-or-stale,KEEP_PAUSED,left,right,,0
73,2026-08-01T22:24:26.544+09:00,7.959,72,9.19,0,STOPPED_RED,,1,1,1,-0.131691,0.000000,0.000000,0,743,green,0,unknown,0.000000,null,0.000000,0.281,,"{""0"": 250, ""1"": 250, ""2"": null, ""3"": null, ""4"": null, ""5"": null, ""6"": null, ""7"": null}","{""0"": 0.0, ""1"": 0.0, ""2"": null, ""3"": null, ""4"": null, ""5"": null, ""6"": null, ""7"": null}","{""0"": 250, ""1"": 250}",250,1,0,0,0,0.281,ultrasonic-not-close,KEEP_PAUSED,left,right,,0
74,2026-08-01T22:24:26.656+09:00,8.070,73,9.19,0,STOPPED_RED,,1,1,1,-0.143806,0.000000,0.000000,0,743,green,0,unknown,0.000000,null,0.000000,0.189,,"{""0"": 250, ""1"": 250, ""2"": null, ""3"": null, ""4"": null, ""5"": null, ""6"": null, ""7"": null}","{""0"": 0.0, ""1"": 0.0, ""2"": null, ""3"": null, ""4"": null, ""5"": null, ""6"": null, ""7"": null}","{""0"": 250, ""1"": 250}",250,1,0,0,0,0.189,ultrasonic-not-close,KEEP_PAUSED,left,right,,0
75,2026-08-01T22:24:26.756+09:00,8.168,74,9.20,0,STOPPED_RED,,1,1,1,-0.149342,0.000000,0.000000,0,742,green,0,unknown,0.000000,null,0.000000,0.286,,"{""0"": 143, ""1"": 250, ""2"": null, ""3"": null, ""4"": null, ""5"": null, ""6"": null, ""7"": null}","{""0"": 0.0, ""1"": 0.0, ""2"": null, ""3"": null, ""4"": null, ""5"": null, ""6"": null, ""7"": null}","{""0"": 143, ""1"": 250}",143,1,1,0,0,0.286,car-not-detected-or-stale,KEEP_PAUSED,left,right,,0
76,2026-08-01T22:24:26.865+09:00,8.278,75,9.20,0,STOPPED_RED,,1,1,1,-0.147533,0.000000,0.000000,0,743,green,1,obstacle-car,0.718574,"[1, 5, 532, 214]",0.120337,0.290,,"{""0"": 250, ""1"": 250, ""2"": null, ""3"": null, ""4"": null, ""5"": null, ""6"": null, ""7"": null}","{""0"": 0.0, ""1"": 0.0, ""2"": null, ""3"": null, ""4"": null, ""5"": null, ""6"": null, ""7"": null}","{""0"": 250, ""1"": 250}",250,1,0,0,0,0.290,ultrasonic-not-close,KEEP_PAUSED,left,right,,0
77,2026-08-01T22:24:26.975+09:00,8.389,76,9.20,0,STOPPED_RED,,1,1,1,-0.148438,0.000000,0.000000,0,743,green,0,unknown,0.000000,null,0.000000,0.190,,"{""0"": 250, ""1"": 250, ""2"": null, ""3"": null, ""4"": null, ""5"": null, ""6"": null, ""7"": null}","{""0"": 0.0, ""1"": 0.0, ""2"": null, ""3"": null, ""4"": null, ""5"": null, ""6"": null, ""7"": null}","{""0"": 250, ""1"": 250}",250,1,0,0,0,0.190,ultrasonic-not-close,KEEP_PAUSED,left,right,,0
78,2026-08-01T22:24:27.082+09:00,8.494,77,9.20,0,STOPPED_RED,,1,1,1,-0.148602,0.000000,0.000000,0,742,green,0,unknown,0.000000,null,0.000000,0.295,,"{""0"": 143, ""1"": 139, ""2"": null, ""3"": null, ""4"": null, ""5"": null, ""6"": null, ""7"": null}","{""0"": 0.0, ""1"": 0.0, ""2"": null, ""3"": null, ""4"": null, ""5"": null, ""6"": null, ""7"": null}","{""0"": 143, ""1"": 139}",139,1,1,0,0,0.295,car-not-detected-or-stale,KEEP_PAUSED,left,right,,0
79,2026-08-01T22:24:27.184+09:00,8.596,78,9.21,0,STOPPED_RED,,1,1,1,-0.148602,0.000000,0.000000,0,742,green,0,unknown,0.000000,null,0.000000,0.289,,"{""0"": 250, ""1"": 138, ""2"": null, ""3"": null, ""4"": null, ""5"": null, ""6"": null, ""7"": null}","{""0"": 0.0, ""1"": 0.0, ""2"": null, ""3"": null, ""4"": null, ""5"": null, ""6"": null, ""7"": null}","{""0"": 250, ""1"": 138}",138,1,1,0,0,0.289,car-not-detected-or-stale,KEEP_PAUSED,left,right,,0
80,2026-08-01T22:24:27.288+09:00,8.702,79,9.21,0,STOPPED_RED,,1,1,1,-0.147506,0.000000,0.000000,0,742,green,0,unknown,0.000000,null,0.000000,0.176,,"{""0"": 141, ""1"": 140, ""2"": null, ""3"": null, ""4"": null, ""5"": null, ""6"": null, ""7"": null}","{""0"": 0.0, ""1"": 0.0, ""2"": null, ""3"": null, ""4"": null, ""5"": null, ""6"": null, ""7"": null}","{""0"": 141, ""1"": 140}",140,1,1,0,0,0.176,car-not-detected-or-stale,KEEP_PAUSED,left,right,,0
81,2026-08-01T22:24:27.396+09:00,8.809,80,9.21,0,STOPPED_RED,,1,1,1,-0.147204,0.000000,0.000000,0,743,green,0,unknown,0.000000,null,0.000000,0.281,,"{""0"": 250, ""1"": 250, ""2"": null, ""3"": null, ""4"": null, ""5"": null, ""6"": null, ""7"": null}","{""0"": 0.0, ""1"": 0.0, ""2"": null, ""3"": null, ""4"": null, ""5"": null, ""6"": null, ""7"": null}","{""0"": 250, ""1"": 250}",250,1,0,0,0,0.281,ultrasonic-not-close,KEEP_PAUSED,left,right,,0
82,2026-08-01T22:24:27.502+09:00,8.915,81,9.22,0,STOPPED_RED,,1,1,1,-0.146903,0.000000,0.000000,0,742,green,0,unknown,0.000000,null,0.000000,0.289,,"{""0"": 250, ""1"": 250, ""2"": null, ""3"": null, ""4"": null, ""5"": null, ""6"": null, ""7"": null}","{""0"": 0.0, ""1"": 0.0, ""2"": null, ""3"": null, ""4"": null, ""5"": null, ""6"": null, ""7"": null}","{""0"": 250, ""1"": 250}",250,1,0,0,0,0.289,ultrasonic-not-close,KEEP_PAUSED,left,right,,0
83,2026-08-01T22:24:27.610+09:00,9.023,82,9.22,0,STOPPED_RED,,1,1,1,-0.145642,0.000000,0.000000,0,743,green,0,unknown,0.000000,null,0.000000,0.183,,"{""0"": 250, ""1"": 250, ""2"": null, ""3"": null, ""4"": null, ""5"": null, ""6"": null, ""7"": null}","{""0"": 0.0, ""1"": 0.0, ""2"": null, ""3"": null, ""4"": null, ""5"": null, ""6"": null, ""7"": null}","{""0"": 250, ""1"": 250}",250,1,0,0,0,0.183,ultrasonic-not-close,KEEP_PAUSED,left,right,,0
84,2026-08-01T22:24:27.713+09:00,9.126,83,9.22,0,STOPPED_RED,,1,1,1,-0.146903,0.000000,0.000000,0,742,green,0,unknown,0.000000,null,0.000000,0.285,,"{""0"": 250, ""1"": 250, ""2"": null, ""3"": null, ""4"": null, ""5"": null, ""6"": null, ""7"": null}","{""0"": 0.0, ""1"": 0.0, ""2"": null, ""3"": null, ""4"": null, ""5"": null, ""6"": null, ""7"": null}","{""0"": 250, ""1"": 250}",250,1,0,0,0,0.285,ultrasonic-not-close,KEEP_PAUSED,left,right,,0
85,2026-08-01T22:24:27.815+09:00,9.227,84,9.23,0,STOPPED_RED,,1,1,1,-0.146903,0.000000,0.000000,0,743,green,0,unknown,0.000000,null,0.000000,0.283,,"{""0"": 250, ""1"": 140, ""2"": null, ""3"": null, ""4"": null, ""5"": null, ""6"": null, ""7"": null}","{""0"": 0.0, ""1"": 0.0, ""2"": null, ""3"": null, ""4"": null, ""5"": null, ""6"": null, ""7"": null}","{""0"": 250, ""1"": 140}",140,1,1,0,0,0.283,car-not-detected-or-stale,KEEP_PAUSED,left,right,,0
86,2026-08-01T22:24:27.922+09:00,9.334,85,9.23,0,STOPPED_RED,,1,1,1,-0.146903,0.000000,0.000000,0,742,green,0,unknown,0.000000,null,0.000000,0.177,,"{""0"": 250, ""1"": 250, ""2"": null, ""3"": null, ""4"": null, ""5"": null, ""6"": null, ""7"": null}","{""0"": 0.0, ""1"": 0.0, ""2"": null, ""3"": null, ""4"": null, ""5"": null, ""6"": null, ""7"": null}","{""0"": 250, ""1"": 250}",250,1,0,0,0,0.177,ultrasonic-not-close,KEEP_PAUSED,left,right,,0
87,2026-08-01T22:24:28.030+09:00,9.440,86,9.23,0,STOPPED_RED,,1,1,1,-0.146903,0.000000,0.000000,0,742,green,0,unknown,0.000000,null,0.000000,0.282,,"{""0"": 250, ""1"": 139, ""2"": null, ""3"": null, ""4"": null, ""5"": null, ""6"": null, ""7"": null}","{""0"": 0.0, ""1"": 0.0, ""2"": null, ""3"": null, ""4"": null, ""5"": null, ""6"": null, ""7"": null}","{""0"": 250, ""1"": 139}",139,1,1,0,0,0.282,car-not-detected-or-stale,KEEP_PAUSED,left,right,,0
88,2026-08-01T22:24:28.148+09:00,9.561,87,9.22,0,STOPPED_RED,,1,1,1,-0.146903,0.000000,0.000000,0,742,green,0,unknown,0.000000,null,0.000000,0.304,,"{""0"": 250, ""1"": 250, ""2"": null, ""3"": null, ""4"": null, ""5"": null, ""6"": null, ""7"": null}","{""0"": 0.0, ""1"": 0.0, ""2"": null, ""3"": null, ""4"": null, ""5"": null, ""6"": null, ""7"": null}","{""0"": 250, ""1"": 250}",250,1,0,0,0,0.304,ultrasonic-not-close,KEEP_PAUSED,left,right,,0
89,2026-08-01T22:24:28.259+09:00,9.673,88,9.22,0,STOPPED_RED,,1,1,1,-0.146903,0.000000,0.000000,0,743,green,0,unknown,0.000000,null,0.000000,0.199,,"{""0"": 250, ""1"": 140, ""2"": null, ""3"": null, ""4"": null, ""5"": null, ""6"": null, ""7"": null}","{""0"": 0.0, ""1"": 0.0, ""2"": null, ""3"": null, ""4"": null, ""5"": null, ""6"": null, ""7"": null}","{""0"": 250, ""1"": 140}",140,1,1,0,0,0.199,car-not-detected-or-stale,KEEP_PAUSED,left,right,,0
90,2026-08-01T22:24:28.366+09:00,9.777,89,9.22,0,STOPPED_RED,,1,1,1,-0.146903,0.000000,0.000000,0,743,green,0,unknown,0.000000,null,0.000000,0.303,,"{""0"": 250, ""1"": 138, ""2"": null, ""3"": null, ""4"": null, ""5"": null, ""6"": null, ""7"": null}","{""0"": 0.0, ""1"": 0.0, ""2"": null, ""3"": null, ""4"": null, ""5"": null, ""6"": null, ""7"": null}","{""0"": 250, ""1"": 138}",138,1,1,0,0,0.303,car-not-detected-or-stale,KEEP_PAUSED,left,right,,0
91,2026-08-01T22:24:28.477+09:00,9.890,90,9.22,0,STOPPED_RED,,1,1,1,-0.146903,0.000000,0.000000,0,743,green,0,unknown,0.000000,null,0.000000,0.298,,"{""0"": 250, ""1"": 140, ""2"": null, ""3"": null, ""4"": null, ""5"": null, ""6"": null, ""7"": null}","{""0"": 0.0, ""1"": 0.0, ""2"": null, ""3"": null, ""4"": null, ""5"": null, ""6"": null, ""7"": null}","{""0"": 250, ""1"": 140}",140,1,1,0,0,0.298,car-not-detected-or-stale,KEEP_PAUSED,left,right,,0
92,2026-08-01T22:24:28.580+09:00,9.992,91,9.22,0,STOPPED_RED,,1,1,1,-0.146903,0.000000,0.000000,0,743,green,0,unknown,0.000000,null,0.000000,0.290,,"{""0"": 250, ""1"": 250, ""2"": null, ""3"": null, ""4"": null, ""5"": null, ""6"": null, ""7"": null}","{""0"": 0.0, ""1"": 0.0, ""2"": null, ""3"": null, ""4"": null, ""5"": null, ""6"": null, ""7"": null}","{""0"": 250, ""1"": 250}",250,1,0,0,0,0.290,ultrasonic-not-close,KEEP_PAUSED,left,right,,0
93,2026-08-01T22:24:28.689+09:00,10.101,92,9.22,0,STOPPED_RED,,1,1,1,-0.146903,0.000000,0.000000,0,743,green,0,unknown,0.000000,null,0.000000,0.398,,"{""0"": 119, ""1"": 250, ""2"": null, ""3"": null, ""4"": null, ""5"": null, ""6"": null, ""7"": null}","{""0"": 0.0, ""1"": 0.0, ""2"": null, ""3"": null, ""4"": null, ""5"": null, ""6"": null, ""7"": null}","{""0"": 119, ""1"": 250}",119,1,1,0,0,0.398,car-not-detected-or-stale,KEEP_PAUSED,left,right,,0
94,2026-08-01T22:24:28.802+09:00,10.214,93,9.22,0,STOPPED_RED,,1,1,1,-0.146903,0.000000,0.000000,0,743,green,0,unknown,0.000000,null,0.000000,0.294,,"{""0"": 143, ""1"": 140, ""2"": null, ""3"": null, ""4"": null, ""5"": null, ""6"": null, ""7"": null}","{""0"": 0.0, ""1"": 0.0, ""2"": null, ""3"": null, ""4"": null, ""5"": null, ""6"": null, ""7"": null}","{""0"": 143, ""1"": 140}",140,1,1,0,0,0.294,car-not-detected-or-stale,KEEP_PAUSED,left,right,,0
95,2026-08-01T22:24:28.907+09:00,10.320,94,9.22,0,STOPPED_RED,,1,1,1,-0.146903,0.000000,0.000000,0,743,green,0,unknown,0.000000,null,0.000000,0.298,,"{""0"": 250, ""1"": 250, ""2"": null, ""3"": null, ""4"": null, ""5"": null, ""6"": null, ""7"": null}","{""0"": 0.0, ""1"": 0.0, ""2"": null, ""3"": null, ""4"": null, ""5"": null, ""6"": null, ""7"": null}","{""0"": 250, ""1"": 250}",250,1,0,0,0,0.298,ultrasonic-not-close,KEEP_PAUSED,left,right,,0
96,2026-08-01T22:24:29.012+09:00,10.423,95,9.23,0,STOPPED_RED,,1,1,1,-0.146738,0.000000,0.000000,0,742,green,0,unknown,0.000000,null,0.000000,0.400,,"{""0"": 250, ""1"": 140, ""2"": null, ""3"": null, ""4"": null, ""5"": null, ""6"": null, ""7"": null}","{""0"": 0.0, ""1"": 0.0, ""2"": null, ""3"": null, ""4"": null, ""5"": null, ""6"": null, ""7"": null}","{""0"": 250, ""1"": 140}",140,1,1,0,0,0.400,car-not-detected-or-stale,KEEP_PAUSED,left,right,,0
97,2026-08-01T22:24:29.110+09:00,10.523,96,9.23,0,STOPPED_RED,,1,1,1,-0.146903,0.000000,0.000000,0,742,green,0,unknown,0.000000,null,0.000000,0.278,,"{""0"": 250, ""1"": 140, ""2"": null, ""3"": null, ""4"": null, ""5"": null, ""6"": null, ""7"": null}","{""0"": 0.0, ""1"": 0.0, ""2"": null, ""3"": null, ""4"": null, ""5"": null, ""6"": null, ""7"": null}","{""0"": 250, ""1"": 140}",140,1,1,0,0,0.278,car-not-detected-or-stale,KEEP_PAUSED,left,right,,0
98,2026-08-01T22:24:29.216+09:00,10.630,97,9.23,0,STOPPED_RED,,1,1,1,-0.146903,0.000000,0.000000,0,742,green,0,unknown,0.000000,null,0.000000,0.280,,"{""0"": 250, ""1"": 250, ""2"": null, ""3"": null, ""4"": null, ""5"": null, ""6"": null, ""7"": null}","{""0"": 0.0, ""1"": 0.0, ""2"": null, ""3"": null, ""4"": null, ""5"": null, ""6"": null, ""7"": null}","{""0"": 250, ""1"": 250}",250,1,0,0,0,0.280,ultrasonic-not-close,KEEP_PAUSED,left,right,,0
99,2026-08-01T22:24:29.331+09:00,10.743,98,9.23,0,STOPPED_RED,,1,1,1,-0.146903,0.000000,0.000000,0,742,green,0,unknown,0.000000,null,0.000000,0.393,,"{""0"": 250, ""1"": 140, ""2"": null, ""3"": null, ""4"": null, ""5"": null, ""6"": null, ""7"": null}","{""0"": 0.0, ""1"": 0.0, ""2"": null, ""3"": null, ""4"": null, ""5"": null, ""6"": null, ""7"": null}","{""0"": 250, ""1"": 140}",140,1,1,0,0,0.393,car-not-detected-or-stale,KEEP_PAUSED,left,right,,0
100,2026-08-01T22:24:29.424+09:00,10.838,99,9.24,0,STOPPED_RED,,1,1,1,-0.146738,0.000000,0.000000,0,742,green,0,unknown,0.000000,null,0.000000,0.284,,"{""0"": 250, ""1"": 140, ""2"": null, ""3"": null, ""4"": null, ""5"": null, ""6"": null, ""7"": null}","{""0"": 0.0, ""1"": 0.0, ""2"": null, ""3"": null, ""4"": null, ""5"": null, ""6"": null, ""7"": null}","{""0"": 250, ""1"": 140}",140,1,1,0,0,0.284,car-not-detected-or-stale,KEEP_PAUSED,left,right,,0
101,2026-08-01T22:24:29.534+09:00,10.947,100,9.24,0,STOPPED_RED,,1,1,1,-0.146738,0.000000,0.000000,0,743,green,0,unknown,0.000000,null,0.000000,0.288,,"{""0"": 250, ""1"": 138, ""2"": null, ""3"": null, ""4"": null, ""5"": null, ""6"": null, ""7"": null}","{""0"": 0.0, ""1"": 0.0, ""2"": null, ""3"": null, ""4"": null, ""5"": null, ""6"": null, ""7"": null}","{""0"": 250, ""1"": 138}",138,1,1,0,0,0.288,car-not-detected-or-stale,KEEP_PAUSED,left,right,,0
102,2026-08-01T22:24:29.641+09:00,11.053,101,9.24,0,STOPPED_RED,,1,1,1,-0.146738,0.000000,0.000000,0,742,green,0,unknown,0.000000,null,0.000000,0.393,,"{""0"": 250, ""1"": 140, ""2"": null, ""3"": null, ""4"": null, ""5"": null, ""6"": null, ""7"": null}","{""0"": 0.0, ""1"": 0.0, ""2"": null, ""3"": null, ""4"": null, ""5"": null, ""6"": null, ""7"": null}","{""0"": 250, ""1"": 140}",140,1,1,0,0,0.393,car-not-detected-or-stale,KEEP_PAUSED,left,right,,0
103,2026-08-01T22:24:29.738+09:00,11.152,102,9.25,0,STOPPED_RED,,1,1,1,-0.146738,0.000000,0.000000,0,742,green,0,unknown,0.000000,null,0.000000,0.283,,"{""0"": 250, ""1"": 139, ""2"": null, ""3"": null, ""4"": null, ""5"": null, ""6"": null, ""7"": null}","{""0"": 0.0, ""1"": 0.0, ""2"": null, ""3"": null, ""4"": null, ""5"": null, ""6"": null, ""7"": null}","{""0"": 250, ""1"": 139}",139,1,1,0,0,0.283,car-not-detected-or-stale,KEEP_PAUSED,left,right,,0
104,2026-08-01T22:24:29.848+09:00,11.260,103,9.25,0,STOPPED_RED,,1,1,1,-0.146738,0.000000,0.000000,0,742,green,0,unknown,0.000000,null,0.000000,0.283,,"{""0"": 250, ""1"": 140, ""2"": null, ""3"": null, ""4"": null, ""5"": null, ""6"": null, ""7"": null}","{""0"": 0.0, ""1"": 0.0, ""2"": null, ""3"": null, ""4"": null, ""5"": null, ""6"": null, ""7"": null}","{""0"": 250, ""1"": 140}",140,1,1,0,0,0.283,car-not-detected-or-stale,KEEP_PAUSED,left,right,,0
105,2026-08-01T22:24:29.963+09:00,11.375,104,9.25,0,STOPPED_RED,,1,1,1,-0.146738,0.000000,0.000000,0,743,green,0,unknown,0.000000,null,0.000000,0.397,,"{""0"": 250, ""1"": 139, ""2"": null, ""3"": null, ""4"": null, ""5"": null, ""6"": null, ""7"": null}","{""0"": 0.0, ""1"": 0.0, ""2"": null, ""3"": null, ""4"": null, ""5"": null, ""6"": null, ""7"": null}","{""0"": 250, ""1"": 139}",139,1,1,0,0,0.397,car-not-detected-or-stale,KEEP_PAUSED,left,right,,0
106,2026-08-01T22:24:30.062+09:00,11.474,105,9.25,0,STOPPED_RED,,1,1,1,-0.146738,0.000000,0.000000,0,743,green,0,unknown,0.000000,null,0.000000,0.291,,"{""0"": 118, ""1"": 140, ""2"": null, ""3"": null, ""4"": null, ""5"": null, ""6"": null, ""7"": null}","{""0"": 0.0, ""1"": 0.0, ""2"": null, ""3"": null, ""4"": null, ""5"": null, ""6"": null, ""7"": null}","{""0"": 118, ""1"": 140}",118,1,1,0,0,0.291,car-not-detected-or-stale,KEEP_PAUSED,left,right,,0
107,2026-08-01T22:24:30.171+09:00,11.583,106,9.25,0,STOPPED_RED,,1,1,1,-0.146738,0.000000,0.000000,0,743,green,0,unknown,0.000000,null,0.000000,0.293,,"{""0"": 250, ""1"": 139, ""2"": null, ""3"": null, ""4"": null, ""5"": null, ""6"": null, ""7"": null}","{""0"": 0.0, ""1"": 0.0, ""2"": null, ""3"": null, ""4"": null, ""5"": null, ""6"": null, ""7"": null}","{""0"": 250, ""1"": 139}",139,1,1,0,0,0.293,car-not-detected-or-stale,KEEP_PAUSED,left,right,,0
108,2026-08-01T22:24:30.282+09:00,11.696,107,9.25,0,STOPPED_RED,,1,1,1,-0.146738,0.000000,0.000000,0,742,green,0,unknown,0.000000,null,0.000000,0.404,,"{""0"": 250, ""1"": 139, ""2"": null, ""3"": null, ""4"": null, ""5"": null, ""6"": null, ""7"": null}","{""0"": 0.0, ""1"": 0.0, ""2"": null, ""3"": null, ""4"": null, ""5"": null, ""6"": null, ""7"": null}","{""0"": 250, ""1"": 139}",139,1,1,0,0,0.404,car-not-detected-or-stale,KEEP_PAUSED,left,right,,0
109,2026-08-01T22:24:30.385+09:00,11.797,108,9.25,0,STOPPED_RED,,1,1,1,-0.146574,0.000000,0.000000,0,743,green,0,unknown,0.000000,null,0.000000,0.292,,"{""0"": 250, ""1"": 138, ""2"": null, ""3"": null, ""4"": null, ""5"": null, ""6"": null, ""7"": null}","{""0"": 0.0, ""1"": 0.0, ""2"": null, ""3"": null, ""4"": null, ""5"": null, ""6"": null, ""7"": null}","{""0"": 250, ""1"": 138}",138,1,1,0,0,0.292,car-not-detected-or-stale,KEEP_PAUSED,left,right,,0
110,2026-08-01T22:24:30.490+09:00,11.902,109,9.25,0,STOPPED_RED,,1,1,1,-0.146738,0.000000,0.000000,0,743,green,0,unknown,0.000000,null,0.000000,0.289,,"{""0"": 250, ""1"": 139, ""2"": null, ""3"": null, ""4"": null, ""5"": null, ""6"": null, ""7"": null}","{""0"": 0.0, ""1"": 0.0, ""2"": null, ""3"": null, ""4"": null, ""5"": null, ""6"": null, ""7"": null}","{""0"": 250, ""1"": 139}",139,1,1,0,0,0.289,car-not-detected-or-stale,KEEP_PAUSED,left,right,,0
111,2026-08-01T22:24:30.607+09:00,12.019,110,9.25,0,DRIVING,state:STOPPED_RED->DRIVING,0,1,1,-0.145642,0.000000,0.000000,0,742,red,0,unknown,0.000000,null,0.000000,0.406,,"{""0"": 118, ""1"": 139, ""2"": null, ""3"": null, ""4"": null, ""5"": null, ""6"": null, ""7"": null}","{""0"": 0.0, ""1"": 0.0, ""2"": null, ""3"": null, ""4"": null, ""5"": null, ""6"": null, ""7"": null}","{""0"": 118, ""1"": 139}",118,1,1,0,0,0.406,car-not-detected-or-stale,KEEP_PAUSED,left,right,,0
112,2026-08-01T22:24:30.701+09:00,12.112,111,9.26,0,DRIVING,,0,1,1,-0.145806,0.304354,0.304354,0,743,red,0,unknown,0.000000,null,0.000000,0.284,,"{""0"": 250, ""1"": 138, ""2"": null, ""3"": null, ""4"": null, ""5"": null, ""6"": null, ""7"": null}","{""0"": 0.0, ""1"": 0.0, ""2"": null, ""3"": null, ""4"": null, ""5"": null, ""6"": null, ""7"": null}","{""0"": 250, ""1"": 138}",138,1,1,0,0,0.284,car-not-detected-or-stale,KEEP_PAUSED,left,right,,0
113,2026-08-01T22:24:30.801+09:00,12.215,112,9.26,0,DRIVING,,0,1,1,-0.145806,0.291783,0.291783,0,743,red,0,unknown,0.000000,null,0.000000,0.283,,"{""0"": 250, ""1"": 139, ""2"": null, ""3"": null, ""4"": null, ""5"": null, ""6"": null, ""7"": null}","{""0"": 0.0, ""1"": 0.0, ""2"": null, ""3"": null, ""4"": null, ""5"": null, ""6"": null, ""7"": null}","{""0"": 250, ""1"": 139}",139,1,1,0,0,0.283,car-not-detected-or-stale,KEEP_PAUSED,left,right,,0
114,2026-08-01T22:24:30.917+09:00,12.330,113,9.26,1,DRIVING,phase:KEEP_PAUSED->KEEP,0,1,1,-0.146108,0.000000,0.000000,255,742,red,0,unknown,0.000000,null,0.000000,0.397,,"{""0"": 250, ""1"": 139, ""2"": null, ""3"": null, ""4"": null, ""5"": null, ""6"": null, ""7"": null}","{""0"": 0.0, ""1"": 0.0, ""2"": null, ""3"": null, ""4"": null, ""5"": null, ""6"": null, ""7"": null}","{""0"": 250, ""1"": 139}",139,1,1,0,0,0.397,car-not-detected-or-stale,KEEP,left,right,,0
115,2026-08-01T22:24:31.016+09:00,12.427,114,9.27,1,DRIVING,,0,1,1,-0.140737,0.253326,0.253326,255,745,red,0,unknown,0.000000,null,0.000000,0.284,,"{""0"": 250, ""1"": 250, ""2"": null, ""3"": null, ""4"": null, ""5"": null, ""6"": null, ""7"": null}","{""0"": 0.0, ""1"": 0.0, ""2"": null, ""3"": null, ""4"": null, ""5"": null, ""6"": null, ""7"": null}","{""0"": 250, ""1"": 250}",250,1,0,0,0,0.284,ultrasonic-not-close,KEEP,left,right,,0
116,2026-08-01T22:24:31.121+09:00,12.535,115,9.27,1,DRIVING,,0,1,1,-0.140737,0.253326,0.253326,255,743,red,0,unknown,0.000000,null,0.000000,0.288,,"{""0"": 141, ""1"": 127, ""2"": null, ""3"": null, ""4"": null, ""5"": null, ""6"": null, ""7"": null}","{""0"": 0.0, ""1"": 0.0, ""2"": null, ""3"": null, ""4"": null, ""5"": null, ""6"": null, ""7"": null}","{""0"": 141, ""1"": 127}",127,1,1,0,0,0.288,car-not-detected-or-stale,KEEP,left,right,,0
117,2026-08-01T22:24:31.226+09:00,12.637,116,9.27,1,DRIVING,,0,1,1,-0.139397,0.248504,0.248504,255,744,red,0,unknown,0.000000,null,0.000000,0.390,,"{""0"": 113, ""1"": 137, ""2"": null, ""3"": null, ""4"": null, ""5"": null, ""6"": null, ""7"": null}","{""0"": 0.0, ""1"": 0.0, ""2"": null, ""3"": null, ""4"": null, ""5"": null, ""6"": null, ""7"": null}","{""0"": 113, ""1"": 137}",113,1,1,0,0,0.390,car-not-detected-or-stale,KEEP,left,right,,0
118,2026-08-01T22:24:31.325+09:00,12.738,117,9.28,1,DRIVING,,0,1,1,-0.145368,0.270723,0.270723,255,748,red,0,unknown,0.000000,null,0.000000,0.280,,"{""0"": 109, ""1"": 153, ""2"": null, ""3"": null, ""4"": null, ""5"": null, ""6"": null, ""7"": null}","{""0"": 0.0, ""1"": 0.0, ""2"": null, ""3"": null, ""4"": null, ""5"": null, ""6"": null, ""7"": null}","{""0"": 109, ""1"": 153}",109,1,1,0,0,0.280,car-not-detected-or-stale,KEEP,left,right,,0
119,2026-08-01T22:24:31.431+09:00,12.844,118,9.28,1,DRIVING,,0,1,1,-0.147533,0.275800,0.275800,255,759,red,0,unknown,0.000000,null,0.000000,0.280,,"{""0"": 103, ""1"": 126, ""2"": null, ""3"": null, ""4"": null, ""5"": null, ""6"": null, ""7"": null}","{""0"": 0.0, ""1"": 0.0, ""2"": null, ""3"": null, ""4"": null, ""5"": null, ""6"": null, ""7"": null}","{""0"": 103, ""1"": 126}",103,1,1,0,0,0.280,car-not-detected-or-stale,KEEP,left,right,,0
120,2026-08-01T22:24:31.530+09:00,12.943,119,9.28,1,DRIVING,,0,1,1,-0.149397,0.279438,0.279438,100,758,red,0,unknown,0.000000,null,0.000000,0.379,,"{""0"": 66, ""1"": 121, ""2"": null, ""3"": null, ""4"": null, ""5"": null, ""6"": null, ""7"": null}","{""0"": 0.0, ""1"": 0.0, ""2"": null, ""3"": null, ""4"": null, ""5"": null, ""6"": null, ""7"": null}","{""0"": 66, ""1"": 121}",66,1,1,0,0,0.379,car-not-detected-or-stale,KEEP,left,right,,0
121,2026-08-01T22:24:31.626+09:00,13.040,120,9.29,1,DRIVING,,0,1,1,-0.150603,0.280620,0.280620,100,758,red,0,unknown,0.000000,null,0.000000,0.272,,"{""0"": 86, ""1"": 61, ""2"": null, ""3"": null, ""4"": null, ""5"": null, ""6"": null, ""7"": null}","{""0"": 0.0, ""1"": 0.0, ""2"": null, ""3"": null, ""4"": null, ""5"": null, ""6"": null, ""7"": null}","{""0"": 86, ""1"": 61}",61,1,1,0,0,0.272,car-not-detected-or-stale,KEEP,left,right,,0
122,2026-08-01T22:24:31.735+09:00,13.148,121,9.29,1,DRIVING,,0,1,1,-0.157291,0.301837,0.301837,100,760,red,0,unknown,0.000000,null,0.000000,0.275,,"{""0"": 77, ""1"": 77, ""2"": null, ""3"": null, ""4"": null, ""5"": null, ""6"": null, ""7"": null}","{""0"": 0.0, ""1"": 0.0, ""2"": null, ""3"": null, ""4"": null, ""5"": null, ""6"": null, ""7"": null}","{""0"": 77, ""1"": 77}",77,1,1,0,0,0.275,car-not-detected-or-stale,KEEP,left,right,,0
123,2026-08-01T22:24:31.839+09:00,13.252,122,9.29,1,DRIVING,,0,1,1,-0.157785,0.298001,0.298001,100,759,red,0,unknown,0.000000,null,0.000000,0.377,,"{""0"": 70, ""1"": 54, ""2"": null, ""3"": null, ""4"": null, ""5"": null, ""6"": null, ""7"": null}","{""0"": 0.0, ""1"": 0.0, ""2"": null, ""3"": null, ""4"": null, ""5"": null, ""6"": null, ""7"": null}","{""0"": 70, ""1"": 54}",54,1,1,0,0,0.377,car-not-detected-or-stale,KEEP,left,right,,0
124,2026-08-01T22:24:31.938+09:00,13.351,123,9.30,1,DRIVING,,0,1,1,-0.164503,0.317992,0.317992,100,760,red,0,unknown,0.000000,null,0.000000,0.284,,"{""0"": 59, ""1"": 61, ""2"": null, ""3"": null, ""4"": null, ""5"": null, ""6"": null, ""7"": null}","{""0"": 0.0, ""1"": 0.0, ""2"": null, ""3"": null, ""4"": null, ""5"": null, ""6"": null, ""7"": null}","{""0"": 59, ""1"": 61}",59,1,1,0,0,0.284,car-not-detected-or-stale,KEEP,left,right,,0
125,2026-08-01T22:24:32.041+09:00,13.455,124,9.30,1,DRIVING,,0,1,1,-0.166805,0.319713,0.319713,100,758,red,0,unknown,0.000000,null,0.000000,0.173,,"{""0"": 54, ""1"": 57, ""2"": null, ""3"": null, ""4"": null, ""5"": null, ""6"": null, ""7"": null}","{""0"": 0.0, ""1"": 0.0, ""2"": null, ""3"": null, ""4"": null, ""5"": null, ""6"": null, ""7"": null}","{""0"": 54, ""1"": 57}",54,1,1,0,0,0.173,car-not-detected-or-stale,KEEP,left,right,,0
126,2026-08-01T22:24:32.140+09:00,13.553,125,9.31,1,DRIVING,,0,1,1,-0.168917,0.321478,0.321478,100,760,red,0,unknown,0.000000,null,0.000000,0.270,,"{""0"": 50, ""1"": 250, ""2"": null, ""3"": null, ""4"": null, ""5"": null, ""6"": null, ""7"": null}","{""0"": 0.0, ""1"": 0.0, ""2"": null, ""3"": null, ""4"": null, ""5"": null, ""6"": null, ""7"": null}","{""0"": 50, ""1"": 250}",50,1,1,0,0,0.270,car-not-detected-or-stale,KEEP,left,right,,0
127,2026-08-01T22:24:32.246+09:00,13.659,126,9.31,1,DRIVING,,0,1,1,-0.170151,0.320689,0.320689,100,761,green,0,unknown,0.000000,null,0.000000,0.279,,"{""0"": 70, ""1"": 49, ""2"": null, ""3"": null, ""4"": null, ""5"": null, ""6"": null, ""7"": null}","{""0"": 0.0, ""1"": 0.0, ""2"": null, ""3"": null, ""4"": null, ""5"": null, ""6"": null, ""7"": null}","{""0"": 70, ""1"": 49}",49,1,1,0,0,0.279,car-not-detected-or-stale,KEEP,left,right,,0
128,2026-08-01T22:24:32.348+09:00,13.762,127,9.31,1,STOPPED_RED,state:DRIVING->STOPPED_RED;phase:KEEP->KEEP_PAUSED,1,1,1,-0.171412,0.000000,0.000000,0,763,green,0,unknown,0.000000,null,0.000000,0.179,,"{""0"": 250, ""1"": 250, ""2"": null, ""3"": null, ""4"": null, ""5"": null, ""6"": null, ""7"": null}","{""0"": 0.0, ""1"": 0.0, ""2"": null, ""3"": null, ""4"": null, ""5"": null, ""6"": null, ""7"": null}","{""0"": 250, ""1"": 250}",250,1,0,0,0,0.179,ultrasonic-not-close,KEEP_PAUSED,left,right,,0
129,2026-08-01T22:24:32.446+09:00,13.860,128,9.32,1,STOPPED_RED,,1,1,1,-0.167520,0.000000,0.000000,0,759,green,0,unknown,0.000000,null,0.000000,0.275,,"{""0"": 250, ""1"": 250, ""2"": null, ""3"": null, ""4"": null, ""5"": null, ""6"": null, ""7"": null}","{""0"": 0.0, ""1"": 0.0, ""2"": null, ""3"": null, ""4"": null, ""5"": null, ""6"": null, ""7"": null}","{""0"": 250, ""1"": 250}",250,1,0,0,0,0.275,ultrasonic-not-close,KEEP_PAUSED,left,right,,0
130,2026-08-01T22:24:32.562+09:00,13.976,129,9.31,1,STOPPED_RED,,1,1,1,-0.166286,0.000000,0.000000,0,754,green,0,unknown,0.000000,null,0.000000,0.288,,"{""0"": 250, ""1"": 250, ""2"": null, ""3"": null, ""4"": null, ""5"": null, ""6"": null, ""7"": null}","{""0"": 0.0, ""1"": 0.0, ""2"": null, ""3"": null, ""4"": null, ""5"": null, ""6"": null, ""7"": null}","{""0"": 250, ""1"": 250}",250,1,0,0,0,0.288,ultrasonic-not-close,KEEP_PAUSED,left,right,,0
131,2026-08-01T22:24:32.661+09:00,14.075,130,9.32,0,STOPPED_RED,,1,1,1,-0.167684,0.000000,0.000000,0,743,green,0,unknown,0.000000,null,0.000000,0.173,,"{""0"": 250, ""1"": 250, ""2"": null, ""3"": null, ""4"": null, ""5"": null, ""6"": null, ""7"": null}","{""0"": 0.0, ""1"": 0.0, ""2"": null, ""3"": null, ""4"": null, ""5"": null, ""6"": null, ""7"": null}","{""0"": 250, ""1"": 250}",250,1,0,0,0,0.173,ultrasonic-not-close,KEEP_PAUSED,left,right,,0
132,2026-08-01T22:24:32.757+09:00,14.171,131,9.33,0,STOPPED_RED,,1,1,1,-0.168890,0.000000,0.000000,0,743,green,0,unknown,0.000000,null,0.000000,0.268,,"{""0"": 250, ""1"": 250, ""2"": null, ""3"": null, ""4"": null, ""5"": null, ""6"": null, ""7"": null}","{""0"": 0.0, ""1"": 0.0, ""2"": null, ""3"": null, ""4"": null, ""5"": null, ""6"": null, ""7"": null}","{""0"": 250, ""1"": 250}",250,1,0,0,0,0.268,ultrasonic-not-close,KEEP_PAUSED,left,right,,0
133,2026-08-01T22:24:32.860+09:00,14.273,132,9.33,0,STOPPED_RED,,1,1,1,-0.198511,0.000000,0.000000,0,743,green,0,unknown,0.000000,null,0.000000,0.275,,"{""0"": 250, ""1"": 250, ""2"": null, ""3"": null, ""4"": null, ""5"": null, ""6"": null, ""7"": null}","{""0"": 0.0, ""1"": 0.0, ""2"": null, ""3"": null, ""4"": null, ""5"": null, ""6"": null, ""7"": null}","{""0"": 250, ""1"": 250}",250,1,0,0,0,0.275,ultrasonic-not-close,KEEP_PAUSED,left,right,,0
134,2026-08-01T22:24:32.966+09:00,14.379,133,9.33,0,STOPPED_RED,,1,1,1,-0.202429,0.000000,0.000000,0,744,green,0,unknown,0.000000,null,0.000000,0.179,,"{""0"": 250, ""1"": 250, ""2"": null, ""3"": null, ""4"": null, ""5"": null, ""6"": null, ""7"": null}","{""0"": 0.0, ""1"": 0.0, ""2"": null, ""3"": null, ""4"": null, ""5"": null, ""6"": null, ""7"": null}","{""0"": 250, ""1"": 250}",250,1,0,0,0,0.179,ultrasonic-not-close,KEEP_PAUSED,left,right,,0
135,2026-08-01T22:24:33.063+09:00,14.476,134,9.34,0,STOPPED_RED,,1,1,1,-0.204320,0.000000,0.000000,0,743,green,0,unknown,0.000000,null,0.000000,0.274,,"{""0"": 250, ""1"": 250, ""2"": null, ""3"": null, ""4"": null, ""5"": null, ""6"": null, ""7"": null}","{""0"": 0.0, ""1"": 0.0, ""2"": null, ""3"": null, ""4"": null, ""5"": null, ""6"": null, ""7"": null}","{""0"": 250, ""1"": 250}",250,1,0,0,0,0.274,ultrasonic-not-close,KEEP_PAUSED,left,right,,0
136,2026-08-01T22:24:33.170+09:00,14.583,135,9.34,0,STOPPED_RED,,1,1,1,-0.205850,0.000000,0.000000,0,744,green,0,unknown,0.000000,null,0.000000,0.281,,"{""0"": 250, ""1"": 250, ""2"": null, ""3"": null, ""4"": null, ""5"": null, ""6"": null, ""7"": null}","{""0"": 0.0, ""1"": 0.0, ""2"": null, ""3"": null, ""4"": null, ""5"": null, ""6"": null, ""7"": null}","{""0"": 250, ""1"": 250}",250,1,0,0,0,0.281,ultrasonic-not-close,KEEP_PAUSED,left,right,,0
137,2026-08-01T22:24:33.285+09:00,14.699,136,9.33,0,STOPPED_RED,,1,1,1,-0.207175,0.000000,0.000000,0,743,green,0,unknown,0.000000,null,0.000000,0.192,,"{""0"": 250, ""1"": 250, ""2"": null, ""3"": null, ""4"": null, ""5"": null, ""6"": null, ""7"": null}","{""0"": 0.0, ""1"": 0.0, ""2"": null, ""3"": null, ""4"": null, ""5"": null, ""6"": null, ""7"": null}","{""0"": 250, ""1"": 250}",250,1,0,0,0,0.192,ultrasonic-not-close,KEEP_PAUSED,left,right,,0
138,2026-08-01T22:24:33.382+09:00,14.795,137,9.34,0,STOPPED_RED,,1,1,1,-0.207985,0.000000,0.000000,0,743,green,0,unknown,0.000000,null,0.000000,0.288,,"{""0"": 250, ""1"": 250, ""2"": null, ""3"": null, ""4"": null, ""5"": null, ""6"": null, ""7"": null}","{""0"": 0.0, ""1"": 0.0, ""2"": null, ""3"": null, ""4"": null, ""5"": null, ""6"": null, ""7"": null}","{""0"": 250, ""1"": 250}",250,1,0,0,0,0.288,ultrasonic-not-close,KEEP_PAUSED,left,right,,0
139,2026-08-01T22:24:33.493+09:00,14.906,138,9.34,0,STOPPED_RED,,1,1,1,-0.209025,0.000000,0.000000,0,743,green,0,unknown,0.000000,null,0.000000,0.294,,"{""0"": 250, ""1"": 250, ""2"": null, ""3"": null, ""4"": null, ""5"": null, ""6"": null, ""7"": null}","{""0"": 0.0, ""1"": 0.0, ""2"": null, ""3"": null, ""4"": null, ""5"": null, ""6"": null, ""7"": null}","{""0"": 250, ""1"": 250}",250,1,0,0,0,0.294,ultrasonic-not-close,KEEP_PAUSED,left,right,,0
140,2026-08-01T22:24:33.603+09:00,15.016,139,9.33,0,STOPPED_RED,,1,1,1,-0.209747,0.000000,0.000000,0,743,green,0,unknown,0.000000,null,0.000000,0.192,,"{""0"": 250, ""1"": 250, ""2"": null, ""3"": null, ""4"": null, ""5"": null, ""6"": null, ""7"": null}","{""0"": 0.0, ""1"": 0.0, ""2"": null, ""3"": null, ""4"": null, ""5"": null, ""6"": null, ""7"": null}","{""0"": 250, ""1"": 250}",250,1,0,0,0,0.192,ultrasonic-not-close,KEEP_PAUSED,left,right,,0
141,2026-08-01T22:24:33.705+09:00,15.117,140,9.34,0,STOPPED_RED,,1,1,1,-0.210445,0.000000,0.000000,0,744,green,0,unknown,0.000000,null,0.000000,0.292,,"{""0"": 250, ""1"": 250, ""2"": null, ""3"": null, ""4"": null, ""5"": null, ""6"": null, ""7"": null}","{""0"": 0.0, ""1"": 0.0, ""2"": null, ""3"": null, ""4"": null, ""5"": null, ""6"": null, ""7"": null}","{""0"": 250, ""1"": 250}",250,1,0,0,0,0.292,ultrasonic-not-close,KEEP_PAUSED,left,right,,0
142,2026-08-01T22:24:33.805+09:00,15.218,141,9.34,0,STOPPED_RED,,1,1,1,-0.210227,0.000000,0.000000,0,743,green,0,unknown,0.000000,null,0.000000,0.282,,"{""0"": 250, ""1"": 250, ""2"": null, ""3"": null, ""4"": null, ""5"": null, ""6"": null, ""7"": null}","{""0"": 0.0, ""1"": 0.0, ""2"": null, ""3"": null, ""4"": null, ""5"": null, ""6"": null, ""7"": null}","{""0"": 250, ""1"": 250}",250,1,0,0,0,0.282,ultrasonic-not-close,KEEP_PAUSED,left,right,,0
143,2026-08-01T22:24:33.911+09:00,15.324,142,9.34,0,STOPPED_RED,,1,1,1,-0.210350,0.000000,0.000000,0,744,green,0,unknown,0.000000,null,0.000000,0.178,,"{""0"": 250, ""1"": 250, ""2"": null, ""3"": null, ""4"": null, ""5"": null, ""6"": null, ""7"": null}","{""0"": 0.0, ""1"": 0.0, ""2"": null, ""3"": null, ""4"": null, ""5"": null, ""6"": null, ""7"": null}","{""0"": 250, ""1"": 250}",250,1,0,0,0,0.178,ultrasonic-not-close,KEEP_PAUSED,left,right,,0
144,2026-08-01T22:24:34.012+09:00,15.424,143,9.35,0,STOPPED_RED,,1,1,1,-0.210655,0.000000,0.000000,0,743,green,0,unknown,0.000000,null,0.000000,0.277,,"{""0"": 250, ""1"": 250, ""2"": null, ""3"": null, ""4"": null, ""5"": null, ""6"": null, ""7"": null}","{""0"": 0.0, ""1"": 0.0, ""2"": null, ""3"": null, ""4"": null, ""5"": null, ""6"": null, ""7"": null}","{""0"": 250, ""1"": 250}",250,1,0,0,0,0.277,ultrasonic-not-close,KEEP_PAUSED,left,right,,0
145,2026-08-01T22:24:34.112+09:00,15.524,144,9.35,0,STOPPED_RED,,1,1,1,-0.211048,0.000000,0.000000,0,744,green,0,unknown,0.000000,null,0.000000,0.278,,"{""0"": 250, ""1"": 250, ""2"": null, ""3"": null, ""4"": null, ""5"": null, ""6"": null, ""7"": null}","{""0"": 0.0, ""1"": 0.0, ""2"": null, ""3"": null, ""4"": null, ""5"": null, ""6"": null, ""7"": null}","{""0"": 250, ""1"": 250}",250,1,0,0,0,0.278,ultrasonic-not-close,KEEP_PAUSED,left,right,,0
146,2026-08-01T22:24:34.217+09:00,15.630,145,9.35,0,STOPPED_RED,,1,1,1,-0.211147,0.000000,0.000000,0,743,green,0,unknown,0.000000,null,0.000000,0.175,,"{""0"": 250, ""1"": 250, ""2"": null, ""3"": null, ""4"": null, ""5"": null, ""6"": null, ""7"": null}","{""0"": 0.0, ""1"": 0.0, ""2"": null, ""3"": null, ""4"": null, ""5"": null, ""6"": null, ""7"": null}","{""0"": 250, ""1"": 250}",250,1,0,0,0,0.175,ultrasonic-not-close,KEEP_PAUSED,left,right,,0
147,2026-08-01T22:24:34.317+09:00,15.729,146,9.36,0,STOPPED_RED,,1,1,1,-0.211219,0.000000,0.000000,0,744,green,0,unknown,0.000000,null,0.000000,0.274,,"{""0"": 250, ""1"": 250, ""2"": null, ""3"": null, ""4"": null, ""5"": null, ""6"": null, ""7"": null}","{""0"": 0.0, ""1"": 0.0, ""2"": null, ""3"": null, ""4"": null, ""5"": null, ""6"": null, ""7"": null}","{""0"": 250, ""1"": 250}",250,1,0,0,0,0.274,ultrasonic-not-close,KEEP_PAUSED,left,right,,0
148,2026-08-01T22:24:34.425+09:00,15.838,147,9.35,0,STOPPED_RED,,1,1,1,-0.211301,0.000000,0.000000,0,743,green,0,unknown,0.000000,null,0.000000,0.284,,"{""0"": 250, ""1"": 250, ""2"": null, ""3"": null, ""4"": null, ""5"": null, ""6"": null, ""7"": null}","{""0"": 0.0, ""1"": 0.0, ""2"": null, ""3"": null, ""4"": null, ""5"": null, ""6"": null, ""7"": null}","{""0"": 250, ""1"": 250}",250,1,0,0,0,0.284,ultrasonic-not-close,KEEP_PAUSED,left,right,,0
149,2026-08-01T22:24:34.532+09:00,15.945,148,9.35,0,STOPPED_RED,,1,1,1,-0.211364,0.000000,0.000000,0,743,green,0,unknown,0.000000,null,0.000000,0.186,,"{""0"": 250, ""1"": 250, ""2"": null, ""3"": null, ""4"": null, ""5"": null, ""6"": null, ""7"": null}","{""0"": 0.0, ""1"": 0.0, ""2"": null, ""3"": null, ""4"": null, ""5"": null, ""6"": null, ""7"": null}","{""0"": 250, ""1"": 250}",250,1,0,0,0,0.186,ultrasonic-not-close,KEEP_PAUSED,left,right,,0
150,2026-08-01T22:24:34.630+09:00,16.043,149,9.36,0,STOPPED_RED,,1,1,1,-0.211384,0.000000,0.000000,0,743,green,0,unknown,0.000000,null,0.000000,0.284,,"{""0"": 250, ""1"": 250, ""2"": null, ""3"": null, ""4"": null, ""5"": null, ""6"": null, ""7"": null}","{""0"": 0.0, ""1"": 0.0, ""2"": null, ""3"": null, ""4"": null, ""5"": null, ""6"": null, ""7"": null}","{""0"": 250, ""1"": 250}",250,1,0,0,0,0.284,ultrasonic-not-close,KEEP_PAUSED,left,right,,0
151,2026-08-01T22:24:34.737+09:00,16.150,150,9.36,0,STOPPED_RED,,1,1,1,-0.210165,0.000000,0.000000,0,743,green,0,unknown,0.000000,null,0.000000,0.282,,"{""0"": 250, ""1"": 250, ""2"": null, ""3"": null, ""4"": null, ""5"": null, ""6"": null, ""7"": null}","{""0"": 0.0, ""1"": 0.0, ""2"": null, ""3"": null, ""4"": null, ""5"": null, ""6"": null, ""7"": null}","{""0"": 250, ""1"": 250}",250,1,0,0,0,0.282,ultrasonic-not-close,KEEP_PAUSED,left,right,,0
152,2026-08-01T22:24:34.840+09:00,16.253,151,9.36,0,STOPPED_RED,,1,1,1,-0.212275,0.000000,0.000000,0,743,green,0,unknown,0.000000,null,0.000000,0.181,,"{""0"": 250, ""1"": 250, ""2"": null, ""3"": null, ""4"": null, ""5"": null, ""6"": null, ""7"": null}","{""0"": 0.0, ""1"": 0.0, ""2"": null, ""3"": null, ""4"": null, ""5"": null, ""6"": null, ""7"": null}","{""0"": 250, ""1"": 250}",250,1,0,0,0,0.181,ultrasonic-not-close,KEEP_PAUSED,left,right,,0
153,2026-08-01T22:24:34.940+09:00,16.353,152,9.37,0,STOPPED_RED,,1,1,1,-0.211458,0.000000,0.000000,0,743,green,0,unknown,0.000000,null,0.000000,0.278,,"{""0"": 250, ""1"": 250, ""2"": null, ""3"": null, ""4"": null, ""5"": null, ""6"": null, ""7"": null}","{""0"": 0.0, ""1"": 0.0, ""2"": null, ""3"": null, ""4"": null, ""5"": null, ""6"": null, ""7"": null}","{""0"": 250, ""1"": 250}",250,1,0,0,0,0.278,ultrasonic-not-close,KEEP_PAUSED,left,right,,0
154,2026-08-01T22:24:35.046+09:00,16.460,153,9.37,0,STOPPED_RED,,1,1,1,-0.211514,0.000000,0.000000,0,743,green,0,unknown,0.000000,null,0.000000,0.281,,"{""0"": 250, ""1"": 250, ""2"": null, ""3"": null, ""4"": null, ""5"": null, ""6"": null, ""7"": null}","{""0"": 0.0, ""1"": 0.0, ""2"": null, ""3"": null, ""4"": null, ""5"": null, ""6"": null, ""7"": null}","{""0"": 250, ""1"": 250}",250,1,0,0,0,0.281,ultrasonic-not-close,KEEP_PAUSED,left,right,,0
155,2026-08-01T22:24:35.160+09:00,16.574,154,9.36,0,STOPPED_RED,,1,1,1,-0.209780,0.000000,0.000000,0,744,green,0,unknown,0.000000,null,0.000000,0.191,,"{""0"": 250, ""1"": 250, ""2"": null, ""3"": null, ""4"": null, ""5"": null, ""6"": null, ""7"": null}","{""0"": 0.0, ""1"": 0.0, ""2"": null, ""3"": null, ""4"": null, ""5"": null, ""6"": null, ""7"": null}","{""0"": 250, ""1"": 250}",250,1,0,0,0,0.191,ultrasonic-not-close,KEEP_PAUSED,left,right,,0
156,2026-08-01T22:24:35.269+09:00,16.681,155,9.36,0,STOPPED_RED,,1,1,1,-0.207108,0.000000,0.000000,0,744,green,0,unknown,0.000000,null,0.000000,0.297,,"{""0"": 250, ""1"": 250, ""2"": null, ""3"": null, ""4"": null, ""5"": null, ""6"": null, ""7"": null}","{""0"": 0.0, ""1"": 0.0, ""2"": null, ""3"": null, ""4"": null, ""5"": null, ""6"": null, ""7"": null}","{""0"": 250, ""1"": 250}",250,1,0,0,0,0.297,ultrasonic-not-close,KEEP_PAUSED,left,right,,0
157,2026-08-01T22:24:35.363+09:00,16.777,156,9.37,0,STOPPED_RED,,1,1,1,-0.208115,0.000000,0.000000,0,743,green,0,unknown,0.000000,null,0.000000,0.288,,"{""0"": 250, ""1"": 250, ""2"": null, ""3"": null, ""4"": null, ""5"": null, ""6"": null, ""7"": null}","{""0"": 0.0, ""1"": 0.0, ""2"": null, ""3"": null, ""4"": null, ""5"": null, ""6"": null, ""7"": null}","{""0"": 250, ""1"": 250}",250,1,0,0,0,0.288,ultrasonic-not-close,KEEP_PAUSED,left,right,,0
158,2026-08-01T22:24:35.470+09:00,16.883,157,9.37,0,STOPPED_RED,,1,1,1,-0.206755,0.000000,0.000000,0,744,green,0,unknown,0.000000,null,0.000000,0.173,,"{""0"": 250, ""1"": 250, ""2"": null, ""3"": null, ""4"": null, ""5"": null, ""6"": null, ""7"": null}","{""0"": 0.0, ""1"": 0.0, ""2"": null, ""3"": null, ""4"": null, ""5"": null, ""6"": null, ""7"": null}","{""0"": 250, ""1"": 250}",250,1,0,0,0,0.173,ultrasonic-not-close,KEEP_PAUSED,left,right,,0
159,2026-08-01T22:24:35.576+09:00,16.989,158,9.37,0,STOPPED_RED,,1,1,1,-0.207253,0.000000,0.000000,0,743,green,0,unknown,0.000000,null,0.000000,0.277,,"{""0"": 250, ""1"": 250, ""2"": null, ""3"": null, ""4"": null, ""5"": null, ""6"": null, ""7"": null}","{""0"": 0.0, ""1"": 0.0, ""2"": null, ""3"": null, ""4"": null, ""5"": null, ""6"": null, ""7"": null}","{""0"": 250, ""1"": 250}",250,1,0,0,0,0.277,ultrasonic-not-close,KEEP_PAUSED,left,right,,0
160,2026-08-01T22:24:35.681+09:00,17.094,159,9.37,0,STOPPED_RED,,1,1,1,-0.206605,0.000000,0.000000,0,744,green,0,unknown,0.000000,null,0.000000,0.288,,"{""0"": 250, ""1"": 250, ""2"": null, ""3"": null, ""4"": null, ""5"": null, ""6"": null, ""7"": null}","{""0"": 0.0, ""1"": 0.0, ""2"": null, ""3"": null, ""4"": null, ""5"": null, ""6"": null, ""7"": null}","{""0"": 250, ""1"": 250}",250,1,0,0,0,0.288,ultrasonic-not-close,KEEP_PAUSED,left,right,,0
161,2026-08-01T22:24:35.787+09:00,17.201,160,9.37,0,STOPPED_RED,,1,1,1,-0.188968,0.000000,0.000000,0,745,green,0,unknown,0.000000,null,0.000000,0.180,,"{""0"": 250, ""1"": 250, ""2"": null, ""3"": null, ""4"": null, ""5"": null, ""6"": null, ""7"": null}","{""0"": 0.0, ""1"": 0.0, ""2"": null, ""3"": null, ""4"": null, ""5"": null, ""6"": null, ""7"": null}","{""0"": 250, ""1"": 250}",250,1,0,0,0,0.180,ultrasonic-not-close,KEEP_PAUSED,left,right,,0
162,2026-08-01T22:24:35.891+09:00,17.304,161,9.37,0,STOPPED_RED,,1,1,1,-0.173692,0.000000,0.000000,0,743,green,0,unknown,0.000000,null,0.000000,0.282,,"{""0"": 250, ""1"": 250, ""2"": null, ""3"": null, ""4"": null, ""5"": null, ""6"": null, ""7"": null}","{""0"": 0.0, ""1"": 0.0, ""2"": null, ""3"": null, ""4"": null, ""5"": null, ""6"": null, ""7"": null}","{""0"": 250, ""1"": 250}",250,1,0,0,0,0.282,ultrasonic-not-close,KEEP_PAUSED,left,right,,0
163,2026-08-01T22:24:35.999+09:00,17.413,162,9.37,0,STOPPED_RED,,1,1,1,-0.167555,0.000000,0.000000,0,744,green,0,unknown,0.000000,null,0.000000,0.289,,"{""0"": 250, ""1"": 250, ""2"": null, ""3"": null, ""4"": null, ""5"": null, ""6"": null, ""7"": null}","{""0"": 0.0, ""1"": 0.0, ""2"": null, ""3"": null, ""4"": null, ""5"": null, ""6"": null, ""7"": null}","{""0"": 250, ""1"": 250}",250,1,0,0,0,0.289,ultrasonic-not-close,KEEP_PAUSED,left,right,,0
164,2026-08-01T22:24:36.098+09:00,17.511,163,9.37,1,STOPPED_RED,,1,1,1,-0.184730,0.000000,0.000000,0,743,green,0,unknown,0.000000,null,0.000000,0.177,,"{""0"": 250, ""1"": 250, ""2"": null, ""3"": null, ""4"": null, ""5"": null, ""6"": null, ""7"": null}","{""0"": 0.0, ""1"": 0.0, ""2"": null, ""3"": null, ""4"": null, ""5"": null, ""6"": null, ""7"": null}","{""0"": 250, ""1"": 250}",250,1,0,0,0,0.177,ultrasonic-not-close,KEEP_PAUSED,left,right,,0
165,2026-08-01T22:24:36.209+09:00,17.621,164,9.37,1,STOPPED_RED,,1,1,1,-0.183235,0.000000,0.000000,0,744,green,0,unknown,0.000000,null,0.000000,0.286,,"{""0"": 250, ""1"": 250, ""2"": null, ""3"": null, ""4"": null, ""5"": null, ""6"": null, ""7"": null}","{""0"": 0.0, ""1"": 0.0, ""2"": null, ""3"": null, ""4"": null, ""5"": null, ""6"": null, ""7"": null}","{""0"": 250, ""1"": 250}",250,1,0,0,0,0.286,ultrasonic-not-close,KEEP_PAUSED,left,right,,0
166,2026-08-01T22:24:36.314+09:00,17.727,165,9.37,1,STOPPED_RED,,1,1,1,-0.183821,0.000000,0.000000,0,744,green,0,unknown,0.000000,null,0.000000,0.293,,"{""0"": 250, ""1"": 250, ""2"": null, ""3"": null, ""4"": null, ""5"": null, ""6"": null, ""7"": null}","{""0"": 0.0, ""1"": 0.0, ""2"": null, ""3"": null, ""4"": null, ""5"": null, ""6"": null, ""7"": null}","{""0"": 250, ""1"": 250}",250,1,0,0,0,0.293,ultrasonic-not-close,KEEP_PAUSED,left,right,,0
167,2026-08-01T22:24:36.417+09:00,17.830,166,9.37,1,STOPPED_RED,,1,1,1,-0.174717,0.000000,0.000000,0,744,green,0,unknown,0.000000,null,0.000000,0.178,,"{""0"": 250, ""1"": 250, ""2"": null, ""3"": null, ""4"": null, ""5"": null, ""6"": null, ""7"": null}","{""0"": 0.0, ""1"": 0.0, ""2"": null, ""3"": null, ""4"": null, ""5"": null, ""6"": null, ""7"": null}","{""0"": 250, ""1"": 250}",250,1,0,0,0,0.178,ultrasonic-not-close,KEEP_PAUSED,left,right,,0
168,2026-08-01T22:24:36.529+09:00,17.942,167,9.37,1,STOPPED_RED,,1,1,1,-0.187217,0.000000,0.000000,0,743,green,0,unknown,0.000000,null,0.000000,0.288,,"{""0"": 250, ""1"": 250, ""2"": null, ""3"": null, ""4"": null, ""5"": null, ""6"": null, ""7"": null}","{""0"": 0.0, ""1"": 0.0, ""2"": null, ""3"": null, ""4"": null, ""5"": null, ""6"": null, ""7"": null}","{""0"": 250, ""1"": 250}",250,1,0,0,0,0.288,ultrasonic-not-close,KEEP_PAUSED,left,right,,0
169,2026-08-01T22:24:36.623+09:00,18.037,168,9.38,1,STOPPED_RED,,1,1,1,-0.187698,0.000000,0.000000,0,744,green,0,unknown,0.000000,null,0.000000,0.281,,"{""0"": 250, ""1"": 250, ""2"": null, ""3"": null, ""4"": null, ""5"": null, ""6"": null, ""7"": null}","{""0"": 0.0, ""1"": 0.0, ""2"": null, ""3"": null, ""4"": null, ""5"": null, ""6"": null, ""7"": null}","{""0"": 250, ""1"": 250}",250,1,0,0,0,0.281,ultrasonic-not-close,KEEP_PAUSED,left,right,,0
170,2026-08-01T22:24:36.730+09:00,18.143,169,9.38,1,STOPPED_RED,,1,1,1,-0.177124,0.000000,0.000000,0,744,green,0,unknown,0.000000,null,0.000000,0.180,,"{""0"": 250, ""1"": 250, ""2"": null, ""3"": null, ""4"": null, ""5"": null, ""6"": null, ""7"": null}","{""0"": 0.0, ""1"": 0.0, ""2"": null, ""3"": null, ""4"": null, ""5"": null, ""6"": null, ""7"": null}","{""0"": 250, ""1"": 250}",250,1,0,0,0,0.180,ultrasonic-not-close,KEEP_PAUSED,left,right,,0
171,2026-08-01T22:24:36.834+09:00,18.247,170,9.38,1,STOPPED_RED,,1,1,1,-0.189091,0.000000,0.000000,0,743,green,0,unknown,0.000000,null,0.000000,0.282,,"{""0"": 250, ""1"": 250, ""2"": null, ""3"": null, ""4"": null, ""5"": null, ""6"": null, ""7"": null}","{""0"": 0.0, ""1"": 0.0, ""2"": null, ""3"": null, ""4"": null, ""5"": null, ""6"": null, ""7"": null}","{""0"": 250, ""1"": 250}",250,1,0,0,0,0.282,ultrasonic-not-close,KEEP_PAUSED,left,right,,0
172,2026-08-01T22:24:36.934+09:00,18.347,171,9.38,1,STOPPED_RED,,1,1,1,-0.178967,0.000000,0.000000,0,743,green,0,unknown,0.000000,null,0.000000,0.281,,"{""0"": 250, ""1"": 250, ""2"": null, ""3"": null, ""4"": null, ""5"": null, ""6"": null, ""7"": null}","{""0"": 0.0, ""1"": 0.0, ""2"": null, ""3"": null, ""4"": null, ""5"": null, ""6"": null, ""7"": null}","{""0"": 250, ""1"": 250}",250,1,0,0,0,0.281,ultrasonic-not-close,KEEP_PAUSED,left,right,,0
173,2026-08-01T22:24:37.040+09:00,18.452,172,9.38,1,STOPPED_RED,,1,1,1,-0.180286,0.000000,0.000000,0,745,green,0,unknown,0.000000,null,0.000000,0.175,,"{""0"": 250, ""1"": 250, ""2"": null, ""3"": null, ""4"": null, ""5"": null, ""6"": null, ""7"": null}","{""0"": 0.0, ""1"": 0.0, ""2"": null, ""3"": null, ""4"": null, ""5"": null, ""6"": null, ""7"": null}","{""0"": 250, ""1"": 250}",250,1,0,0,0,0.175,ultrasonic-not-close,KEEP_PAUSED,left,right,,0
174,2026-08-01T22:24:37.144+09:00,18.557,173,9.39,1,STOPPED_RED,,1,1,1,-0.181083,0.000000,0.000000,0,744,green,0,unknown,0.000000,null,0.000000,0.279,,"{""0"": 250, ""1"": 250, ""2"": null, ""3"": null, ""4"": null, ""5"": null, ""6"": null, ""7"": null}","{""0"": 0.0, ""1"": 0.0, ""2"": null, ""3"": null, ""4"": null, ""5"": null, ""6"": null, ""7"": null}","{""0"": 250, ""1"": 250}",250,1,0,0,0,0.279,ultrasonic-not-close,KEEP_PAUSED,left,right,,0
175,2026-08-01T22:24:37.247+09:00,18.660,174,9.39,1,STOPPED_RED,,1,1,1,-0.191838,0.000000,0.000000,0,743,green,0,unknown,0.000000,null,0.000000,0.285,,"{""0"": 250, ""1"": 250, ""2"": null, ""3"": null, ""4"": null, ""5"": null, ""6"": null, ""7"": null}","{""0"": 0.0, ""1"": 0.0, ""2"": null, ""3"": null, ""4"": null, ""5"": null, ""6"": null, ""7"": null}","{""0"": 250, ""1"": 250}",250,1,0,0,0,0.285,ultrasonic-not-close,KEEP_PAUSED,left,right,,0
176,2026-08-01T22:24:37.349+09:00,18.762,175,9.39,1,STOPPED_RED,,1,1,1,-0.191023,0.000000,0.000000,0,745,green,0,unknown,0.000000,null,0.000000,0.175,,"{""0"": 250, ""1"": 250, ""2"": null, ""3"": null, ""4"": null, ""5"": null, ""6"": null, ""7"": null}","{""0"": 0.0, ""1"": 0.0, ""2"": null, ""3"": null, ""4"": null, ""5"": null, ""6"": null, ""7"": null}","{""0"": 250, ""1"": 250}",250,1,0,0,0,0.175,ultrasonic-not-close,KEEP_PAUSED,left,right,,0
177,2026-08-01T22:24:37.449+09:00,18.862,176,9.39,1,STOPPED_RED,,1,1,1,-0.190346,0.000000,0.000000,0,743,green,0,unknown,0.000000,null,0.000000,0.274,,"{""0"": 250, ""1"": 250, ""2"": null, ""3"": null, ""4"": null, ""5"": null, ""6"": null, ""7"": null}","{""0"": 0.0, ""1"": 0.0, ""2"": null, ""3"": null, ""4"": null, ""5"": null, ""6"": null, ""7"": null}","{""0"": 250, ""1"": 250}",250,1,0,0,0,0.274,ultrasonic-not-close,KEEP_PAUSED,left,right,,0
178,2026-08-01T22:24:37.555+09:00,18.969,177,9.39,1,STOPPED_RED,,1,1,1,-0.189834,0.000000,0.000000,0,743,green,0,unknown,0.000000,null,0.000000,0.286,,"{""0"": 250, ""1"": 250, ""2"": null, ""3"": null, ""4"": null, ""5"": null, ""6"": null, ""7"": null}","{""0"": 0.0, ""1"": 0.0, ""2"": null, ""3"": null, ""4"": null, ""5"": null, ""6"": null, ""7"": null}","{""0"": 250, ""1"": 250}",250,1,0,0,0,0.286,ultrasonic-not-close,KEEP_PAUSED,left,right,,0
179,2026-08-01T22:24:37.669+09:00,19.082,178,9.39,1,STOPPED_RED,,1,1,1,-0.189455,0.000000,0.000000,0,743,green,0,unknown,0.000000,null,0.000000,0.189,,"{""0"": 250, ""1"": 250, ""2"": null, ""3"": null, ""4"": null, ""5"": null, ""6"": null, ""7"": null}","{""0"": 0.0, ""1"": 0.0, ""2"": null, ""3"": null, ""4"": null, ""5"": null, ""6"": null, ""7"": null}","{""0"": 250, ""1"": 250}",250,1,0,0,0,0.189,ultrasonic-not-close,KEEP_PAUSED,left,right,,0
180,2026-08-01T22:24:37.781+09:00,19.193,179,9.39,1,STOPPED_RED,,1,1,1,-0.189166,0.000000,0.000000,0,743,green,0,unknown,0.000000,null,0.000000,0.299,,"{""0"": 250, ""1"": 250, ""2"": null, ""3"": null, ""4"": null, ""5"": null, ""6"": null, ""7"": null}","{""0"": 0.0, ""1"": 0.0, ""2"": null, ""3"": null, ""4"": null, ""5"": null, ""6"": null, ""7"": null}","{""0"": 250, ""1"": 250}",250,1,0,0,0,0.299,ultrasonic-not-close,KEEP_PAUSED,left,right,,0
181,2026-08-01T22:24:37.880+09:00,19.293,180,9.39,1,STOPPED_RED,,1,1,1,-0.188951,0.000000,0.000000,0,744,green,0,unknown,0.000000,null,0.000000,0.295,,"{""0"": 250, ""1"": 250, ""2"": null, ""3"": null, ""4"": null, ""5"": null, ""6"": null, ""7"": null}","{""0"": 0.0, ""1"": 0.0, ""2"": null, ""3"": null, ""4"": null, ""5"": null, ""6"": null, ""7"": null}","{""0"": 250, ""1"": 250}",250,1,0,0,0,0.295,ultrasonic-not-close,KEEP_PAUSED,left,right,,0
182,2026-08-01T22:24:37.986+09:00,19.399,181,9.39,1,STOPPED_RED,,1,1,1,-0.188793,0.000000,0.000000,0,744,green,0,unknown,0.000000,null,0.000000,0.288,,"{""0"": 250, ""1"": 250, ""2"": null, ""3"": null, ""4"": null, ""5"": null, ""6"": null, ""7"": null}","{""0"": 0.0, ""1"": 0.0, ""2"": null, ""3"": null, ""4"": null, ""5"": null, ""6"": null, ""7"": null}","{""0"": 250, ""1"": 250}",250,1,0,0,0,0.288,ultrasonic-not-close,KEEP_PAUSED,left,right,,0
183,2026-08-01T22:24:38.108+09:00,19.511,182,9.39,1,STOPPED_RED,,1,1,1,-0.188669,0.000000,0.000000,0,744,green,0,unknown,0.000000,null,0.000000,0.399,,"{""0"": 250, ""1"": 250, ""2"": null, ""3"": null, ""4"": null, ""5"": null, ""6"": null, ""7"": null}","{""0"": 0.0, ""1"": 0.0, ""2"": null, ""3"": null, ""4"": null, ""5"": null, ""6"": null, ""7"": null}","{""0"": 250, ""1"": 250}",250,1,0,0,0,0.399,ultrasonic-not-close,KEEP_PAUSED,left,right,,0
184,2026-08-01T22:24:38.202+09:00,19.616,183,9.39,1,STOPPED_RED,,1,1,1,-0.188385,0.000000,0.000000,0,743,green,0,unknown,0.000000,null,0.000000,0.294,,"{""0"": 250, ""1"": 250, ""2"": null, ""3"": null, ""4"": null, ""5"": null, ""6"": null, ""7"": null}","{""0"": 0.0, ""1"": 0.0, ""2"": null, ""3"": null, ""4"": null, ""5"": null, ""6"": null, ""7"": null}","{""0"": 250, ""1"": 250}",250,1,0,0,0,0.294,ultrasonic-not-close,KEEP_PAUSED,left,right,,0
185,2026-08-01T22:24:38.306+09:00,19.720,184,9.39,1,STOPPED_RED,,1,1,1,-0.188508,0.000000,0.000000,0,743,green,0,unknown,0.000000,null,0.000000,0.292,,"{""0"": 250, ""1"": 250, ""2"": null, ""3"": null, ""4"": null, ""5"": null, ""6"": null, ""7"": null}","{""0"": 0.0, ""1"": 0.0, ""2"": null, ""3"": null, ""4"": null, ""5"": null, ""6"": null, ""7"": null}","{""0"": 250, ""1"": 250}",250,1,0,0,0,0.292,ultrasonic-not-close,KEEP_PAUSED,left,right,,0
186,2026-08-01T22:24:38.420+09:00,19.832,185,9.39,1,STOPPED_RED,,1,1,1,-0.188458,0.000000,0.000000,0,743,green,0,unknown,0.000000,null,0.000000,0.402,,"{""0"": 250, ""1"": 250, ""2"": null, ""3"": null, ""4"": null, ""5"": null, ""6"": null, ""7"": null}","{""0"": 0.0, ""1"": 0.0, ""2"": null, ""3"": null, ""4"": null, ""5"": null, ""6"": null, ""7"": null}","{""0"": 250, ""1"": 250}",250,1,0,0,0,0.402,ultrasonic-not-close,KEEP_PAUSED,left,right,,0
187,2026-08-01T22:24:38.521+09:00,19.934,186,9.39,1,STOPPED_RED,,1,1,1,-0.178583,0.000000,0.000000,0,744,green,0,unknown,0.000000,null,0.000000,0.289,,"{""0"": 250, ""1"": 250, ""2"": null, ""3"": null, ""4"": null, ""5"": null, ""6"": null, ""7"": null}","{""0"": 0.0, ""1"": 0.0, ""2"": null, ""3"": null, ""4"": null, ""5"": null, ""6"": null, ""7"": null}","{""0"": 250, ""1"": 250}",250,1,0,0,0,0.289,ultrasonic-not-close,KEEP_PAUSED,left,right,,0
188,2026-08-01T22:24:38.631+09:00,20.045,187,9.39,1,STOPPED_RED,,1,1,1,-0.190302,0.000000,0.000000,0,743,green,0,unknown,0.000000,null,0.000000,0.297,,"{""0"": 250, ""1"": 250, ""2"": null, ""3"": null, ""4"": null, ""5"": null, ""6"": null, ""7"": null}","{""0"": 0.0, ""1"": 0.0, ""2"": null, ""3"": null, ""4"": null, ""5"": null, ""6"": null, ""7"": null}","{""0"": 250, ""1"": 250}",250,1,0,0,0,0.297,ultrasonic-not-close,KEEP_PAUSED,left,right,,0
189,2026-08-01T22:24:38.749+09:00,20.160,188,9.38,1,STOPPED_RED,,1,1,1,-0.179009,0.000000,0.000000,0,744,green,0,unknown,0.000000,null,0.000000,0.411,,"{""0"": 250, ""1"": 250, ""2"": null, ""3"": null, ""4"": null, ""5"": null, ""6"": null, ""7"": null}","{""0"": 0.0, ""1"": 0.0, ""2"": null, ""3"": null, ""4"": null, ""5"": null, ""6"": null, ""7"": null}","{""0"": 250, ""1"": 250}",250,1,0,0,0,0.411,ultrasonic-not-close,KEEP_PAUSED,left,right,,0
190,2026-08-01T22:24:38.861+09:00,20.275,189,9.38,1,STOPPED_RED,,1,1,1,-0.191138,0.000000,0.000000,0,743,green,0,unknown,0.000000,null,0.000000,0.310,,"{""0"": 250, ""1"": 250, ""2"": null, ""3"": null, ""4"": null, ""5"": null, ""6"": null, ""7"": null}","{""0"": 0.0, ""1"": 0.0, ""2"": null, ""3"": null, ""4"": null, ""5"": null, ""6"": null, ""7"": null}","{""0"": 250, ""1"": 250}",250,1,0,0,0,0.310,ultrasonic-not-close,KEEP_PAUSED,left,right,,0
191,2026-08-01T22:24:38.969+09:00,20.382,190,9.38,1,STOPPED_RED,,1,1,1,-0.180082,0.000000,0.000000,0,744,green,0,unknown,0.000000,null,0.000000,0.309,,"{""0"": 250, ""1"": 250, ""2"": null, ""3"": null, ""4"": null, ""5"": null, ""6"": null, ""7"": null}","{""0"": 0.0, ""1"": 0.0, ""2"": null, ""3"": null, ""4"": null, ""5"": null, ""6"": null, ""7"": null}","{""0"": 250, ""1"": 250}",250,1,0,0,0,0.309,ultrasonic-not-close,KEEP_PAUSED,left,right,,0
192,2026-08-01T22:24:39.074+09:00,20.487,191,9.38,1,STOPPED_RED,,1,1,1,-0.181257,0.000000,0.000000,0,743,green,0,unknown,0.000000,null,0.000000,0.414,,"{""0"": 250, ""1"": 250, ""2"": null, ""3"": null, ""4"": null, ""5"": null, ""6"": null, ""7"": null}","{""0"": 0.0, ""1"": 0.0, ""2"": null, ""3"": null, ""4"": null, ""5"": null, ""6"": null, ""7"": null}","{""0"": 250, ""1"": 250}",250,1,0,0,0,0.414,ultrasonic-not-close,KEEP_PAUSED,left,right,,0
193,2026-08-01T22:24:39.181+09:00,20.594,192,9.38,1,STOPPED_RED,,1,1,1,-0.192422,0.000000,0.000000,0,743,green,0,unknown,0.000000,null,0.000000,0.288,,"{""0"": 250, ""1"": 250, ""2"": null, ""3"": null, ""4"": null, ""5"": null, ""6"": null, ""7"": null}","{""0"": 0.0, ""1"": 0.0, ""2"": null, ""3"": null, ""4"": null, ""5"": null, ""6"": null, ""7"": null}","{""0"": 250, ""1"": 250}",250,1,0,0,0,0.288,ultrasonic-not-close,KEEP_PAUSED,left,right,,0
194,2026-08-01T22:24:39.287+09:00,20.700,193,9.38,1,STOPPED_RED,,1,1,1,-0.181176,0.000000,0.000000,0,744,green,0,unknown,0.000000,null,0.000000,0.289,,"{""0"": 250, ""1"": 250, ""2"": null, ""3"": null, ""4"": null, ""5"": null, ""6"": null, ""7"": null}","{""0"": 0.0, ""1"": 0.0, ""2"": null, ""3"": null, ""4"": null, ""5"": null, ""6"": null, ""7"": null}","{""0"": 250, ""1"": 250}",250,1,0,0,0,0.289,ultrasonic-not-close,KEEP_PAUSED,left,right,,0
195,2026-08-01T22:24:39.396+09:00,20.809,194,9.38,1,STOPPED_RED,,1,1,1,-0.192361,0.000000,0.000000,0,743,green,0,unknown,0.000000,null,0.000000,0.186,,"{""0"": 250, ""1"": 250, ""2"": null, ""3"": null, ""4"": null, ""5"": null, ""6"": null, ""7"": null}","{""0"": 0.0, ""1"": 0.0, ""2"": null, ""3"": null, ""4"": null, ""5"": null, ""6"": null, ""7"": null}","{""0"": 250, ""1"": 250}",250,1,0,0,0,0.186,ultrasonic-not-close,KEEP_PAUSED,left,right,,0
196,2026-08-01T22:24:39.503+09:00,20.916,195,9.38,1,STOPPED_RED,,1,1,1,-0.190965,0.000000,0.000000,0,743,green,0,unknown,0.000000,null,0.000000,0.292,,"{""0"": 250, ""1"": 250, ""2"": null, ""3"": null, ""4"": null, ""5"": null, ""6"": null, ""7"": null}","{""0"": 0.0, ""1"": 0.0, ""2"": null, ""3"": null, ""4"": null, ""5"": null, ""6"": null, ""7"": null}","{""0"": 250, ""1"": 250}",250,1,0,0,0,0.292,ultrasonic-not-close,KEEP_PAUSED,left,right,,0
197,2026-08-01T22:24:39.614+09:00,21.027,196,9.38,1,STOPPED_RED,,1,1,1,-0.190390,0.000000,0.000000,0,744,green,0,unknown,0.000000,null,0.000000,0.298,,"{""0"": 250, ""1"": 250, ""2"": null, ""3"": null, ""4"": null, ""5"": null, ""6"": null, ""7"": null}","{""0"": 0.0, ""1"": 0.0, ""2"": null, ""3"": null, ""4"": null, ""5"": null, ""6"": null, ""7"": null}","{""0"": 250, ""1"": 250}",250,1,0,0,0,0.298,ultrasonic-not-close,KEEP_PAUSED,left,right,,0
198,2026-08-01T22:24:39.725+09:00,21.137,197,9.37,1,STOPPED_RED,,1,1,1,-0.189803,0.000000,0.000000,0,744,green,0,unknown,0.000000,null,0.000000,0.192,,"{""0"": 250, ""1"": 250, ""2"": null, ""3"": null, ""4"": null, ""5"": null, ""6"": null, ""7"": null}","{""0"": 0.0, ""1"": 0.0, ""2"": null, ""3"": null, ""4"": null, ""5"": null, ""6"": null, ""7"": null}","{""0"": 250, ""1"": 250}",250,1,0,0,0,0.192,ultrasonic-not-close,KEEP_PAUSED,left,right,,0
199,2026-08-01T22:24:39.834+09:00,21.247,198,9.37,1,STOPPED_RED,,1,1,1,-0.189430,0.000000,0.000000,0,744,green,0,unknown,0.000000,null,0.000000,0.301,,"{""0"": 250, ""1"": 250, ""2"": null, ""3"": null, ""4"": null, ""5"": null, ""6"": null, ""7"": null}","{""0"": 0.0, ""1"": 0.0, ""2"": null, ""3"": null, ""4"": null, ""5"": null, ""6"": null, ""7"": null}","{""0"": 250, ""1"": 250}",250,1,0,0,0,0.301,ultrasonic-not-close,KEEP_PAUSED,left,right,,0
200,2026-08-01T22:24:39.935+09:00,21.348,199,9.38,1,STOPPED_RED,,1,1,1,-0.189151,0.000000,0.000000,0,745,green,0,unknown,0.000000,null,0.000000,0.293,,"{""0"": 250, ""1"": 250, ""2"": null, ""3"": null, ""4"": null, ""5"": null, ""6"": null, ""7"": null}","{""0"": 0.0, ""1"": 0.0, ""2"": null, ""3"": null, ""4"": null, ""5"": null, ""6"": null, ""7"": null}","{""0"": 250, ""1"": 250}",250,1,0,0,0,0.293,ultrasonic-not-close,KEEP_PAUSED,left,right,,0
201,2026-08-01T22:24:40.040+09:00,21.453,200,9.38,1,STOPPED_RED,,1,1,1,-0.189396,0.000000,0.000000,0,743,green,0,unknown,0.000000,null,0.000000,0.287,,"{""0"": 250, ""1"": 250, ""2"": null, ""3"": null, ""4"": null, ""5"": null, ""6"": null, ""7"": null}","{""0"": 0.0, ""1"": 0.0, ""2"": null, ""3"": null, ""4"": null, ""5"": null, ""6"": null, ""7"": null}","{""0"": 250, ""1"": 250}",250,1,0,0,0,0.287,ultrasonic-not-close,KEEP_PAUSED,left,right,,0
202,2026-08-01T22:24:40.140+09:00,21.553,201,9.38,1,STOPPED_RED,,1,1,1,-0.188809,0.000000,0.000000,0,744,green,0,unknown,0.000000,null,0.000000,0.386,,"{""0"": 250, ""1"": 250, ""2"": null, ""3"": null, ""4"": null, ""5"": null, ""6"": null, ""7"": null}","{""0"": 0.0, ""1"": 0.0, ""2"": null, ""3"": null, ""4"": null, ""5"": null, ""6"": null, ""7"": null}","{""0"": 250, ""1"": 250}",250,1,0,0,0,0.386,ultrasonic-not-close,KEEP_PAUSED,left,right,,0
203,2026-08-01T22:24:40.244+09:00,21.657,202,9.38,1,STOPPED_RED,,1,1,1,-0.188685,0.000000,0.000000,0,744,green,0,unknown,0.000000,null,0.000000,0.280,,"{""0"": 250, ""1"": 250, ""2"": null, ""3"": null, ""4"": null, ""5"": null, ""6"": null, ""7"": null}","{""0"": 0.0, ""1"": 0.0, ""2"": null, ""3"": null, ""4"": null, ""5"": null, ""6"": null, ""7"": null}","{""0"": 250, ""1"": 250}",250,1,0,0,0,0.280,ultrasonic-not-close,KEEP_PAUSED,left,right,,0
204,2026-08-01T22:24:40.352+09:00,21.765,203,9.38,1,STOPPED_RED,,1,1,1,-0.188592,0.000000,0.000000,0,743,green,0,unknown,0.000000,null,0.000000,0.182,,"{""0"": 250, ""1"": 250, ""2"": null, ""3"": null, ""4"": null, ""5"": null, ""6"": null, ""7"": null}","{""0"": 0.0, ""1"": 0.0, ""2"": null, ""3"": null, ""4"": null, ""5"": null, ""6"": null, ""7"": null}","{""0"": 250, ""1"": 250}",250,1,0,0,0,0.182,ultrasonic-not-close,KEEP_PAUSED,left,right,,0
205,2026-08-01T22:24:40.455+09:00,21.867,204,9.38,1,STOPPED_RED,,1,1,1,-0.188522,0.000000,0.000000,0,744,green,0,unknown,0.000000,null,0.000000,0.283,,"{""0"": 250, ""1"": 250, ""2"": null, ""3"": null, ""4"": null, ""5"": null, ""6"": null, ""7"": null}","{""0"": 0.0, ""1"": 0.0, ""2"": null, ""3"": null, ""4"": null, ""5"": null, ""6"": null, ""7"": null}","{""0"": 250, ""1"": 250}",250,1,0,0,0,0.283,ultrasonic-not-close,KEEP_PAUSED,left,right,,0
206,2026-08-01T22:24:40.551+09:00,21.963,205,9.39,1,STOPPED_RED,,1,1,1,-0.188469,0.000000,0.000000,0,744,green,0,unknown,0.000000,null,0.000000,0.278,,"{""0"": 250, ""1"": 250, ""2"": null, ""3"": null, ""4"": null, ""5"": null, ""6"": null, ""7"": null}","{""0"": 0.0, ""1"": 0.0, ""2"": null, ""3"": null, ""4"": null, ""5"": null, ""6"": null, ""7"": null}","{""0"": 250, ""1"": 250}",250,1,0,0,0,0.278,ultrasonic-not-close,KEEP_PAUSED,left,right,,0
207,2026-08-01T22:24:40.663+09:00,22.075,206,9.38,1,STOPPED_RED,,1,1,1,-0.188885,0.000000,0.000000,0,743,green,0,unknown,0.000000,null,0.000000,0.177,,"{""0"": 250, ""1"": 250, ""2"": null, ""3"": null, ""4"": null, ""5"": null, ""6"": null, ""7"": null}","{""0"": 0.0, ""1"": 0.0, ""2"": null, ""3"": null, ""4"": null, ""5"": null, ""6"": null, ""7"": null}","{""0"": 250, ""1"": 250}",250,1,0,0,0,0.177,ultrasonic-not-close,KEEP_PAUSED,left,right,,0
208,2026-08-01T22:24:40.762+09:00,22.174,207,9.39,1,STOPPED_RED,,1,1,1,-0.188426,0.000000,0.000000,0,743,green,0,unknown,0.000000,null,0.000000,0.276,,"{""0"": 250, ""1"": 250, ""2"": null, ""3"": null, ""4"": null, ""5"": null, ""6"": null, ""7"": null}","{""0"": 0.0, ""1"": 0.0, ""2"": null, ""3"": null, ""4"": null, ""5"": null, ""6"": null, ""7"": null}","{""0"": 250, ""1"": 250}",250,1,0,0,0,0.276,ultrasonic-not-close,KEEP_PAUSED,left,right,,0
209,2026-08-01T22:24:40.862+09:00,22.274,208,9.39,1,STOPPED_RED,,1,1,1,-0.188853,0.000000,0.000000,0,744,green,0,unknown,0.000000,null,0.000000,0.278,,"{""0"": 250, ""1"": 250, ""2"": null, ""3"": null, ""4"": null, ""5"": null, ""6"": null, ""7"": null}","{""0"": 0.0, ""1"": 0.0, ""2"": null, ""3"": null, ""4"": null, ""5"": null, ""6"": null, ""7"": null}","{""0"": 250, ""1"": 250}",250,1,0,0,0,0.278,ultrasonic-not-close,KEEP_PAUSED,left,right,,0
210,2026-08-01T22:24:40.972+09:00,22.384,209,9.39,1,STOPPED_RED,,1,1,1,-0.177942,0.000000,0.000000,0,744,green,0,unknown,0.000000,null,0.000000,0.179,,"{""0"": 250, ""1"": 250, ""2"": null, ""3"": null, ""4"": null, ""5"": null, ""6"": null, ""7"": null}","{""0"": 0.0, ""1"": 0.0, ""2"": null, ""3"": null, ""4"": null, ""5"": null, ""6"": null, ""7"": null}","{""0"": 250, ""1"": 250}",250,1,0,0,0,0.179,ultrasonic-not-close,KEEP_PAUSED,left,right,,0
211,2026-08-01T22:24:41.079+09:00,22.490,210,9.39,1,STOPPED_RED,,1,1,1,-0.189805,0.000000,0.000000,0,743,green,0,unknown,0.000000,null,0.000000,0.285,,"{""0"": 250, ""1"": 250, ""2"": null, ""3"": null, ""4"": null, ""5"": null, ""6"": null, ""7"": null}","{""0"": 0.0, ""1"": 0.0, ""2"": null, ""3"": null, ""4"": null, ""5"": null, ""6"": null, ""7"": null}","{""0"": 250, ""1"": 250}",250,1,0,0,0,0.285,ultrasonic-not-close,KEEP_PAUSED,left,right,,0
212,2026-08-01T22:24:41.175+09:00,22.587,211,9.39,1,STOPPED_RED,,1,1,1,-0.189432,0.000000,0.000000,0,743,green,0,unknown,0.000000,null,0.000000,0.283,,"{""0"": 250, ""1"": 250, ""2"": null, ""3"": null, ""4"": null, ""5"": null, ""6"": null, ""7"": null}","{""0"": 0.0, ""1"": 0.0, ""2"": null, ""3"": null, ""4"": null, ""5"": null, ""6"": null, ""7"": null}","{""0"": 250, ""1"": 250}",250,1,0,0,0,0.283,ultrasonic-not-close,KEEP_PAUSED,left,right,,0
213,2026-08-01T22:24:41.281+09:00,22.693,212,9.39,1,STOPPED_RED,,1,1,1,-0.189152,0.000000,0.000000,0,743,green,0,unknown,0.000000,null,0.000000,0.172,,"{""0"": 250, ""1"": 250, ""2"": null, ""3"": null, ""4"": null, ""5"": null, ""6"": null, ""7"": null}","{""0"": 0.0, ""1"": 0.0, ""2"": null, ""3"": null, ""4"": null, ""5"": null, ""6"": null, ""7"": null}","{""0"": 250, ""1"": 250}",250,1,0,0,0,0.172,ultrasonic-not-close,KEEP_PAUSED,left,right,,0
214,2026-08-01T22:24:41.384+09:00,22.796,213,9.39,1,STOPPED_RED,,1,1,1,-0.188942,0.000000,0.000000,0,743,green,0,unknown,0.000000,null,0.000000,0.275,,"{""0"": 250, ""1"": 250, ""2"": null, ""3"": null, ""4"": null, ""5"": null, ""6"": null, ""7"": null}","{""0"": 0.0, ""1"": 0.0, ""2"": null, ""3"": null, ""4"": null, ""5"": null, ""6"": null, ""7"": null}","{""0"": 250, ""1"": 250}",250,1,0,0,0,0.275,ultrasonic-not-close,KEEP_PAUSED,left,right,,0
215,2026-08-01T22:24:41.482+09:00,22.895,214,9.40,1,STOPPED_RED,,1,1,1,-0.188784,0.000000,0.000000,0,743,green,0,unknown,0.000000,null,0.000000,0.278,,"{""0"": 250, ""1"": 250, ""2"": null, ""3"": null, ""4"": null, ""5"": null, ""6"": null, ""7"": null}","{""0"": 0.0, ""1"": 0.0, ""2"": null, ""3"": null, ""4"": null, ""5"": null, ""6"": null, ""7"": null}","{""0"": 250, ""1"": 250}",250,1,0,0,0,0.278,ultrasonic-not-close,KEEP_PAUSED,left,right,,0
216,2026-08-01T22:24:41.586+09:00,22.999,215,9.40,1,STOPPED_RED,,1,1,1,-0.188666,0.000000,0.000000,0,745,green,0,unknown,0.000000,null,0.000000,0.173,,"{""0"": 250, ""1"": 250, ""2"": null, ""3"": null, ""4"": null, ""5"": null, ""6"": null, ""7"": null}","{""0"": 0.0, ""1"": 0.0, ""2"": null, ""3"": null, ""4"": null, ""5"": null, ""6"": null, ""7"": null}","{""0"": 250, ""1"": 250}",250,1,0,0,0,0.173,ultrasonic-not-close,KEEP_PAUSED,left,right,,0
217,2026-08-01T22:24:41.687+09:00,23.100,216,9.40,1,STOPPED_RED,,1,1,1,-0.189033,0.000000,0.000000,0,743,green,0,unknown,0.000000,null,0.000000,0.273,,"{""0"": 250, ""1"": 250, ""2"": null, ""3"": null, ""4"": null, ""5"": null, ""6"": null, ""7"": null}","{""0"": 0.0, ""1"": 0.0, ""2"": null, ""3"": null, ""4"": null, ""5"": null, ""6"": null, ""7"": null}","{""0"": 250, ""1"": 250}",250,1,0,0,0,0.273,ultrasonic-not-close,KEEP_PAUSED,left,right,,0
218,2026-08-01T22:24:41.797+09:00,23.210,217,9.40,1,STOPPED_RED,,1,1,1,-0.188536,0.000000,0.000000,0,743,green,0,unknown,0.000000,null,0.000000,0.286,,"{""0"": 250, ""1"": 250, ""2"": null, ""3"": null, ""4"": null, ""5"": null, ""6"": null, ""7"": null}","{""0"": 0.0, ""1"": 0.0, ""2"": null, ""3"": null, ""4"": null, ""5"": null, ""6"": null, ""7"": null}","{""0"": 250, ""1"": 250}",250,1,0,0,0,0.286,ultrasonic-not-close,KEEP_PAUSED,left,right,,0
219,2026-08-01T22:24:41.903+09:00,23.316,218,9.40,1,STOPPED_RED,,1,1,1,-0.188936,0.000000,0.000000,0,743,green,0,unknown,0.000000,null,0.000000,0.187,,"{""0"": 250, ""1"": 250, ""2"": null, ""3"": null, ""4"": null, ""5"": null, ""6"": null, ""7"": null}","{""0"": 0.0, ""1"": 0.0, ""2"": null, ""3"": null, ""4"": null, ""5"": null, ""6"": null, ""7"": null}","{""0"": 250, ""1"": 250}",250,1,0,0,0,0.187,ultrasonic-not-close,KEEP_PAUSED,left,right,,0
220,2026-08-01T22:24:42.011+09:00,23.423,219,9.40,1,STOPPED_RED,,1,1,1,-0.188463,0.000000,0.000000,0,744,green,0,unknown,0.000000,null,0.000000,0.294,,"{""0"": 250, ""1"": 250, ""2"": null, ""3"": null, ""4"": null, ""5"": null, ""6"": null, ""7"": null}","{""0"": 0.0, ""1"": 0.0, ""2"": null, ""3"": null, ""4"": null, ""5"": null, ""6"": null, ""7"": null}","{""0"": 250, ""1"": 250}",250,1,0,0,0,0.294,ultrasonic-not-close,KEEP_PAUSED,left,right,,0
221,2026-08-01T22:24:42.123+09:00,23.536,220,9.40,1,STOPPED_RED,,1,1,1,-0.188881,0.000000,0.000000,0,743,green,0,unknown,0.000000,null,0.000000,0.298,,"{""0"": 250, ""1"": 250, ""2"": null, ""3"": null, ""4"": null, ""5"": null, ""6"": null, ""7"": null}","{""0"": 0.0, ""1"": 0.0, ""2"": null, ""3"": null, ""4"": null, ""5"": null, ""6"": null, ""7"": null}","{""0"": 250, ""1"": 250}",250,1,0,0,0,0.298,ultrasonic-not-close,KEEP_PAUSED,left,right,,0
222,2026-08-01T22:24:42.227+09:00,23.639,221,9.40,1,STOPPED_RED,,1,1,1,-0.177963,0.000000,0.000000,0,743,green,0,unknown,0.000000,null,0.000000,0.185,,"{""0"": 250, ""1"": 250, ""2"": null, ""3"": null, ""4"": null, ""5"": null, ""6"": null, ""7"": null}","{""0"": 0.0, ""1"": 0.0, ""2"": null, ""3"": null, ""4"": null, ""5"": null, ""6"": null, ""7"": null}","{""0"": 250, ""1"": 250}",250,1,0,0,0,0.185,ultrasonic-not-close,KEEP_PAUSED,left,right,,0
223,2026-08-01T22:24:42.324+09:00,23.738,222,9.40,1,STOPPED_RED,,1,1,1,-0.189821,0.000000,0.000000,0,743,green,0,unknown,0.000000,null,0.000000,0.283,,"{""0"": 250, ""1"": 250, ""2"": null, ""3"": null, ""4"": null, ""5"": null, ""6"": null, ""7"": null}","{""0"": 0.0, ""1"": 0.0, ""2"": null, ""3"": null, ""4"": null, ""5"": null, ""6"": null, ""7"": null}","{""0"": 250, ""1"": 250}",250,1,0,0,0,0.283,ultrasonic-not-close,KEEP_PAUSED,left,right,,0
224,2026-08-01T22:24:42.426+09:00,23.839,223,9.40,1,STOPPED_RED,,1,1,1,-0.178984,0.000000,0.000000,0,743,green,0,unknown,0.000000,null,0.000000,0.274,,"{""0"": 250, ""1"": 250, ""2"": null, ""3"": null, ""4"": null, ""5"": null, ""6"": null, ""7"": null}","{""0"": 0.0, ""1"": 0.0, ""2"": null, ""3"": null, ""4"": null, ""5"": null, ""6"": null, ""7"": null}","{""0"": 250, ""1"": 250}",250,1,0,0,0,0.274,ultrasonic-not-close,KEEP_PAUSED,left,right,,0
225,2026-08-01T22:24:42.534+09:00,23.946,224,9.40,1,STOPPED_RED,,1,1,1,-0.190587,0.000000,0.000000,0,743,green,0,unknown,0.000000,null,0.000000,0.179,,"{""0"": 250, ""1"": 250, ""2"": null, ""3"": null, ""4"": null, ""5"": null, ""6"": null, ""7"": null}","{""0"": 0.0, ""1"": 0.0, ""2"": null, ""3"": null, ""4"": null, ""5"": null, ""6"": null, ""7"": null}","{""0"": 250, ""1"": 250}",250,1,0,0,0,0.179,ultrasonic-not-close,KEEP_PAUSED,left,right,,0
226,2026-08-01T22:24:42.630+09:00,24.043,225,9.41,1,STOPPED_RED,,1,1,1,-0.179559,0.000000,0.000000,0,744,green,0,unknown,0.000000,null,0.000000,0.274,,"{""0"": 250, ""1"": 250, ""2"": null, ""3"": null, ""4"": null, ""5"": null, ""6"": null, ""7"": null}","{""0"": 0.0, ""1"": 0.0, ""2"": null, ""3"": null, ""4"": null, ""5"": null, ""6"": null, ""7"": null}","{""0"": 250, ""1"": 250}",250,1,0,0,0,0.274,ultrasonic-not-close,KEEP_PAUSED,left,right,,0
227,2026-08-01T22:24:42.737+09:00,24.150,226,9.41,1,STOPPED_RED,,1,1,1,-0.191017,0.000000,0.000000,0,743,green,0,unknown,0.000000,null,0.000000,0.282,,"{""0"": 250, ""1"": 250, ""2"": null, ""3"": null, ""4"": null, ""5"": null, ""6"": null, ""7"": null}","{""0"": 0.0, ""1"": 0.0, ""2"": null, ""3"": null, ""4"": null, ""5"": null, ""6"": null, ""7"": null}","{""0"": 250, ""1"": 250}",250,1,0,0,0,0.282,ultrasonic-not-close,KEEP_PAUSED,left,right,,0
228,2026-08-01T22:24:42.850+09:00,24.264,227,9.40,1,STOPPED_RED,,1,1,1,-0.190341,0.000000,0.000000,0,743,green,0,unknown,0.000000,null,0.000000,0.191,,"{""0"": 250, ""1"": 250, ""2"": null, ""3"": null, ""4"": null, ""5"": null, ""6"": null, ""7"": null}","{""0"": 0.0, ""1"": 0.0, ""2"": null, ""3"": null, ""4"": null, ""5"": null, ""6"": null, ""7"": null}","{""0"": 250, ""1"": 250}",250,1,0,0,0,0.191,ultrasonic-not-close,KEEP_PAUSED,left,right,,0
229,2026-08-01T22:24:42.962+09:00,24.374,228,9.40,1,STOPPED_RED,,1,1,1,-0.179862,0.000000,0.000000,0,743,green,0,unknown,0.000000,null,0.000000,0.301,,"{""0"": 250, ""1"": 250, ""2"": null, ""3"": null, ""4"": null, ""5"": null, ""6"": null, ""7"": null}","{""0"": 0.0, ""1"": 0.0, ""2"": null, ""3"": null, ""4"": null, ""5"": null, ""6"": null, ""7"": null}","{""0"": 250, ""1"": 250}",250,1,0,0,0,0.301,ultrasonic-not-close,KEEP_PAUSED,left,right,,0
230,2026-08-01T22:24:43.060+09:00,24.472,229,9.40,1,STOPPED_RED,,1,1,1,-0.180937,0.000000,0.000000,0,743,green,0,unknown,0.000000,null,0.000000,0.293,,"{""0"": 250, ""1"": 250, ""2"": null, ""3"": null, ""4"": null, ""5"": null, ""6"": null, ""7"": null}","{""0"": 0.0, ""1"": 0.0, ""2"": null, ""3"": null, ""4"": null, ""5"": null, ""6"": null, ""7"": null}","{""0"": 250, ""1"": 250}",250,1,0,0,0,0.293,ultrasonic-not-close,KEEP_PAUSED,left,right,,0
231,2026-08-01T22:24:43.168+09:00,24.580,230,9.40,1,STOPPED_RED,,1,1,1,-0.192188,0.000000,0.000000,0,744,green,0,unknown,0.000000,null,0.000000,0.288,,"{""0"": 250, ""1"": 250, ""2"": null, ""3"": null, ""4"": null, ""5"": null, ""6"": null, ""7"": null}","{""0"": 0.0, ""1"": 0.0, ""2"": null, ""3"": null, ""4"": null, ""5"": null, ""6"": null, ""7"": null}","{""0"": 250, ""1"": 250}",250,1,0,0,0,0.288,ultrasonic-not-close,KEEP_PAUSED,left,right,,0
232,2026-08-01T22:24:43.267+09:00,24.681,231,9.41,1,STOPPED_RED,,1,1,1,-0.191434,0.000000,0.000000,0,744,green,0,unknown,0.000000,null,0.000000,0.388,,"{""0"": 250, ""1"": 250, ""2"": null, ""3"": null, ""4"": null, ""5"": null, ""6"": null, ""7"": null}","{""0"": 0.0, ""1"": 0.0, ""2"": null, ""3"": null, ""4"": null, ""5"": null, ""6"": null, ""7"": null}","{""0"": 250, ""1"": 250}",250,1,0,0,0,0.388,ultrasonic-not-close,KEEP_PAUSED,left,right,,0
233,2026-08-01T22:24:43.378+09:00,24.792,232,9.40,1,STOPPED_RED,,1,1,1,-0.190257,0.000000,0.000000,0,743,green,0,unknown,0.000000,null,0.000000,0.289,,"{""0"": 250, ""1"": 250, ""2"": null, ""3"": null, ""4"": null, ""5"": null, ""6"": null, ""7"": null}","{""0"": 0.0, ""1"": 0.0, ""2"": null, ""3"": null, ""4"": null, ""5"": null, ""6"": null, ""7"": null}","{""0"": 250, ""1"": 250}",250,1,0,0,0,0.289,ultrasonic-not-close,KEEP_PAUSED,left,right,,0
234,2026-08-01T22:24:43.485+09:00,24.899,233,9.40,1,STOPPED_RED,,1,1,1,-0.190226,0.000000,0.000000,0,743,green,0,unknown,0.000000,null,0.000000,0.188,,"{""0"": 250, ""1"": 250, ""2"": null, ""3"": null, ""4"": null, ""5"": null, ""6"": null, ""7"": null}","{""0"": 0.0, ""1"": 0.0, ""2"": null, ""3"": null, ""4"": null, ""5"": null, ""6"": null, ""7"": null}","{""0"": 250, ""1"": 250}",250,1,0,0,0,0.188,ultrasonic-not-close,KEEP_PAUSED,left,right,,0
235,2026-08-01T22:24:43.591+09:00,25.004,234,9.41,1,STOPPED_RED,,1,1,1,-0.189431,0.000000,0.000000,0,742,green,0,unknown,0.000000,null,0.000000,0.292,,"{""0"": 250, ""1"": 250, ""2"": null, ""3"": null, ""4"": null, ""5"": null, ""6"": null, ""7"": null}","{""0"": 0.0, ""1"": 0.0, ""2"": null, ""3"": null, ""4"": null, ""5"": null, ""6"": null, ""7"": null}","{""0"": 250, ""1"": 250}",250,1,0,0,0,0.292,ultrasonic-not-close,KEEP_PAUSED,left,right,,0
236,2026-08-01T22:24:43.698+09:00,25.111,235,9.40,1,STOPPED_RED,,1,1,1,-0.178692,0.000000,0.000000,0,745,green,0,unknown,0.000000,null,0.000000,0.291,,"{""0"": 250, ""1"": 250, ""2"": null, ""3"": null, ""4"": null, ""5"": null, ""6"": null, ""7"": null}","{""0"": 0.0, ""1"": 0.0, ""2"": null, ""3"": null, ""4"": null, ""5"": null, ""6"": null, ""7"": null}","{""0"": 250, ""1"": 250}",250,1,0,0,0,0.291,ultrasonic-not-close,KEEP_PAUSED,left,right,,0
237,2026-08-01T22:24:43.800+09:00,25.213,236,9.41,1,STOPPED_RED,,1,1,1,-0.190355,0.000000,0.000000,0,744,green,0,unknown,0.000000,null,0.000000,0.285,,"{""0"": 250, ""1"": 250, ""2"": null, ""3"": null, ""4"": null, ""5"": null, ""6"": null, ""7"": null}","{""0"": 0.0, ""1"": 0.0, ""2"": null, ""3"": null, ""4"": null, ""5"": null, ""6"": null, ""7"": null}","{""0"": 250, ""1"": 250}",250,1,0,0,0,0.285,ultrasonic-not-close,KEEP_PAUSED,left,right,,0
238,2026-08-01T22:24:43.901+09:00,25.313,237,9.41,1,STOPPED_RED,,1,1,1,-0.190287,0.000000,0.000000,0,745,green,0,unknown,0.000000,null,0.000000,0.386,,"{""0"": 250, ""1"": 250, ""2"": null, ""3"": null, ""4"": null, ""5"": null, ""6"": null, ""7"": null}","{""0"": 0.0, ""1"": 0.0, ""2"": null, ""3"": null, ""4"": null, ""5"": null, ""6"": null, ""7"": null}","{""0"": 250, ""1"": 250}",250,1,0,0,0,0.386,ultrasonic-not-close,KEEP_PAUSED,left,right,,0
239,2026-08-01T22:24:44.000+09:00,25.413,238,9.41,1,STOPPED_RED,,1,1,1,-0.189464,0.000000,0.000000,0,744,green,0,unknown,0.000000,null,0.000000,0.274,,"{""0"": 250, ""1"": 250, ""2"": null, ""3"": null, ""4"": null, ""5"": null, ""6"": null, ""7"": null}","{""0"": 0.0, ""1"": 0.0, ""2"": null, ""3"": null, ""4"": null, ""5"": null, ""6"": null, ""7"": null}","{""0"": 250, ""1"": 250}",250,1,0,0,0,0.274,ultrasonic-not-close,KEEP_PAUSED,left,right,,0
240,2026-08-01T22:24:44.102+09:00,25.516,239,9.41,1,STOPPED_RED,,1,1,1,-0.189164,0.000000,0.000000,0,744,green,0,unknown,0.000000,null,0.000000,0.273,,"{""0"": 250, ""1"": 250, ""2"": null, ""3"": null, ""4"": null, ""5"": null, ""6"": null, ""7"": null}","{""0"": 0.0, ""1"": 0.0, ""2"": null, ""3"": null, ""4"": null, ""5"": null, ""6"": null, ""7"": null}","{""0"": 250, ""1"": 250}",250,1,0,0,0,0.273,ultrasonic-not-close,KEEP_PAUSED,left,right,,0
241,2026-08-01T22:24:44.208+09:00,25.621,240,9.41,1,STOPPED_RED,,1,1,1,-0.189394,0.000000,0.000000,0,743,green,0,unknown,0.000000,null,0.000000,0.378,,"{""0"": 250, ""1"": 250, ""2"": null, ""3"": null, ""4"": null, ""5"": null, ""6"": null, ""7"": null}","{""0"": 0.0, ""1"": 0.0, ""2"": null, ""3"": null, ""4"": null, ""5"": null, ""6"": null, ""7"": null}","{""0"": 250, ""1"": 250}",250,1,0,0,0,0.378,ultrasonic-not-close,KEEP_PAUSED,left,right,,0
242,2026-08-01T22:24:44.307+09:00,25.720,241,9.41,1,STOPPED_RED,,1,1,1,-0.188782,0.000000,0.000000,0,744,green,0,unknown,0.000000,null,0.000000,0.278,,"{""0"": 250, ""1"": 250, ""2"": null, ""3"": null, ""4"": null, ""5"": null, ""6"": null, ""7"": null}","{""0"": 0.0, ""1"": 0.0, ""2"": null, ""3"": null, ""4"": null, ""5"": null, ""6"": null, ""7"": null}","{""0"": 250, ""1"": 250}",250,1,0,0,0,0.278,ultrasonic-not-close,KEEP_PAUSED,left,right,,0
243,2026-08-01T22:24:44.414+09:00,25.827,242,9.41,1,STOPPED_RED,,1,1,1,-0.178193,0.000000,0.000000,0,743,green,0,unknown,0.000000,null,0.000000,0.177,,"{""0"": 250, ""1"": 250, ""2"": null, ""3"": null, ""4"": null, ""5"": null, ""6"": null, ""7"": null}","{""0"": 0.0, ""1"": 0.0, ""2"": null, ""3"": null, ""4"": null, ""5"": null, ""6"": null, ""7"": null}","{""0"": 250, ""1"": 250}",250,1,0,0,0,0.177,ultrasonic-not-close,KEEP_PAUSED,left,right,,0
244,2026-08-01T22:24:44.523+09:00,25.936,243,9.41,1,STOPPED_RED,,1,1,1,-0.189981,0.000000,0.000000,0,743,green,0,unknown,0.000000,null,0.000000,0.285,,"{""0"": 250, ""1"": 250, ""2"": null, ""3"": null, ""4"": null, ""5"": null, ""6"": null, ""7"": null}","{""0"": 0.0, ""1"": 0.0, ""2"": null, ""3"": null, ""4"": null, ""5"": null, ""6"": null, ""7"": null}","{""0"": 250, ""1"": 250}",250,1,0,0,0,0.285,ultrasonic-not-close,KEEP_PAUSED,left,right,,0
245,2026-08-01T22:24:44.618+09:00,26.031,244,9.42,1,STOPPED_RED,,1,1,1,-0.189539,0.000000,0.000000,0,743,green,0,unknown,0.000000,null,0.000000,0.282,,"{""0"": 250, ""1"": 250, ""2"": null, ""3"": null, ""4"": null, ""5"": null, ""6"": null, ""7"": null}","{""0"": 0.0, ""1"": 0.0, ""2"": null, ""3"": null, ""4"": null, ""5"": null, ""6"": null, ""7"": null}","{""0"": 250, ""1"": 250}",250,1,0,0,0,0.282,ultrasonic-not-close,KEEP_PAUSED,left,right,,0
246,2026-08-01T22:24:44.724+09:00,26.137,245,9.42,1,STOPPED_RED,,1,1,1,-0.189220,0.000000,0.000000,0,743,green,0,unknown,0.000000,null,0.000000,0.280,,"{""0"": 250, ""1"": 250, ""2"": null, ""3"": null, ""4"": null, ""5"": null, ""6"": null, ""7"": null}","{""0"": 0.0, ""1"": 0.0, ""2"": null, ""3"": null, ""4"": null, ""5"": null, ""6"": null, ""7"": null}","{""0"": 250, ""1"": 250}",250,1,0,0,0,0.280,ultrasonic-not-close,KEEP_PAUSED,left,right,,0
247,2026-08-01T22:24:44.825+09:00,26.238,246,9.42,1,STOPPED_RED,,1,1,1,-0.188993,0.000000,0.000000,0,743,green,0,unknown,0.000000,null,0.000000,0.381,,"{""0"": 250, ""1"": 250, ""2"": null, ""3"": null, ""4"": null, ""5"": null, ""6"": null, ""7"": null}","{""0"": 0.0, ""1"": 0.0, ""2"": null, ""3"": null, ""4"": null, ""5"": null, ""6"": null, ""7"": null}","{""0"": 250, ""1"": 250}",250,1,0,0,0,0.381,ultrasonic-not-close,KEEP_PAUSED,left,right,,0
248,2026-08-01T22:24:44.932+09:00,26.345,247,9.42,1,STOPPED_RED,,1,1,1,-0.189265,0.000000,0.000000,0,743,green,0,unknown,0.000000,null,0.000000,0.286,,"{""0"": 250, ""1"": 250, ""2"": null, ""3"": null, ""4"": null, ""5"": null, ""6"": null, ""7"": null}","{""0"": 0.0, ""1"": 0.0, ""2"": null, ""3"": null, ""4"": null, ""5"": null, ""6"": null, ""7"": null}","{""0"": 250, ""1"": 250}",250,1,0,0,0,0.286,ultrasonic-not-close,KEEP_PAUSED,left,right,,0
249,2026-08-01T22:24:45.035+09:00,26.448,248,9.42,1,STOPPED_RED,,1,1,1,-0.178239,0.000000,0.000000,0,743,green,0,unknown,0.000000,null,0.000000,0.181,,"{""0"": 250, ""1"": 250, ""2"": null, ""3"": null, ""4"": null, ""5"": null, ""6"": null, ""7"": null}","{""0"": 0.0, ""1"": 0.0, ""2"": null, ""3"": null, ""4"": null, ""5"": null, ""6"": null, ""7"": null}","{""0"": 250, ""1"": 250}",250,1,0,0,0,0.181,ultrasonic-not-close,KEEP_PAUSED,left,right,,0
250,2026-08-01T22:24:45.135+09:00,26.547,249,9.42,1,STOPPED_RED,,1,1,1,-0.190015,0.000000,0.000000,0,744,green,0,unknown,0.000000,null,0.000000,0.278,,"{""0"": 250, ""1"": 250, ""2"": null, ""3"": null, ""4"": null, ""5"": null, ""6"": null, ""7"": null}","{""0"": 0.0, ""1"": 0.0, ""2"": null, ""3"": null, ""4"": null, ""5"": null, ""6"": null, ""7"": null}","{""0"": 250, ""1"": 250}",250,1,0,0,0,0.278,ultrasonic-not-close,KEEP_PAUSED,left,right,,0
251,2026-08-01T22:24:45.232+09:00,26.645,250,9.43,1,STOPPED_RED,,1,1,1,-0.189577,0.000000,0.000000,0,744,green,0,unknown,0.000000,null,0.000000,0.272,,"{""0"": 250, ""1"": 250, ""2"": null, ""3"": null, ""4"": null, ""5"": null, ""6"": null, ""7"": null}","{""0"": 0.0, ""1"": 0.0, ""2"": null, ""3"": null, ""4"": null, ""5"": null, ""6"": null, ""7"": null}","{""0"": 250, ""1"": 250}",250,1,0,0,0,0.272,ultrasonic-not-close,KEEP_PAUSED,left,right,,0
252,2026-08-01T22:24:45.337+09:00,26.751,251,9.43,1,STOPPED_RED,,1,1,1,-0.189248,0.000000,0.000000,0,743,green,0,unknown,0.000000,null,0.000000,0.174,,"{""0"": 250, ""1"": 250, ""2"": null, ""3"": null, ""4"": null, ""5"": null, ""6"": null, ""7"": null}","{""0"": 0.0, ""1"": 0.0, ""2"": null, ""3"": null, ""4"": null, ""5"": null, ""6"": null, ""7"": null}","{""0"": 250, ""1"": 250}",250,1,0,0,0,0.174,ultrasonic-not-close,KEEP_PAUSED,left,right,,0
253,2026-08-01T22:24:45.438+09:00,26.851,252,9.43,1,STOPPED_RED,,1,1,1,-0.178536,0.000000,0.000000,0,744,green,0,unknown,0.000000,null,0.000000,0.273,,"{""0"": 250, ""1"": 250, ""2"": null, ""3"": null, ""4"": null, ""5"": null, ""6"": null, ""7"": null}","{""0"": 0.0, ""1"": 0.0, ""2"": null, ""3"": null, ""4"": null, ""5"": null, ""6"": null, ""7"": null}","{""0"": 250, ""1"": 250}",250,1,0,0,0,0.273,ultrasonic-not-close,KEEP_PAUSED,left,right,,0
254,2026-08-01T22:24:45.544+09:00,26.957,253,9.43,1,STOPPED_RED,,1,1,1,-0.180262,0.000000,0.000000,0,743,green,0,unknown,0.000000,null,0.000000,0.282,,"{""0"": 250, ""1"": 250, ""2"": null, ""3"": null, ""4"": null, ""5"": null, ""6"": null, ""7"": null}","{""0"": 0.0, ""1"": 0.0, ""2"": null, ""3"": null, ""4"": null, ""5"": null, ""6"": null, ""7"": null}","{""0"": 250, ""1"": 250}",250,1,0,0,0,0.282,ultrasonic-not-close,KEEP_PAUSED,left,right,,0
255,2026-08-01T22:24:45.651+09:00,27.063,254,9.43,1,STOPPED_RED,,1,1,1,-0.191669,0.000000,0.000000,0,744,green,0,unknown,0.000000,null,0.000000,0.182,,"{""0"": 250, ""1"": 250, ""2"": null, ""3"": null, ""4"": null, ""5"": null, ""6"": null, ""7"": null}","{""0"": 0.0, ""1"": 0.0, ""2"": null, ""3"": null, ""4"": null, ""5"": null, ""6"": null, ""7"": null}","{""0"": 250, ""1"": 250}",250,1,0,0,0,0.182,ultrasonic-not-close,KEEP_PAUSED,left,right,,0
256,2026-08-01T22:24:45.750+09:00,27.163,255,9.43,1,STOPPED_RED,,1,1,1,-0.190501,0.000000,0.000000,0,744,green,0,unknown,0.000000,null,0.000000,0.281,,"{""0"": 250, ""1"": 250, ""2"": null, ""3"": null, ""4"": null, ""5"": null, ""6"": null, ""7"": null}","{""0"": 0.0, ""1"": 0.0, ""2"": null, ""3"": null, ""4"": null, ""5"": null, ""6"": null, ""7"": null}","{""0"": 250, ""1"": 250}",250,1,0,0,0,0.281,ultrasonic-not-close,KEEP_PAUSED,left,right,,0
257,2026-08-01T22:24:45.854+09:00,27.267,256,9.43,1,STOPPED_RED,,1,1,1,-0.190396,0.000000,0.000000,0,744,green,0,unknown,0.000000,null,0.000000,0.281,,"{""0"": 250, ""1"": 250, ""2"": null, ""3"": null, ""4"": null, ""5"": null, ""6"": null, ""7"": null}","{""0"": 0.0, ""1"": 0.0, ""2"": null, ""3"": null, ""4"": null, ""5"": null, ""6"": null, ""7"": null}","{""0"": 250, ""1"": 250}",250,1,0,0,0,0.281,ultrasonic-not-close,KEEP_PAUSED,left,right,,0
258,2026-08-01T22:24:45.966+09:00,27.378,257,9.43,1,STOPPED_RED,,1,1,1,-0.189534,0.000000,0.000000,0,744,green,0,unknown,0.000000,null,0.000000,0.182,,"{""0"": 250, ""1"": 250, ""2"": null, ""3"": null, ""4"": null, ""5"": null, ""6"": null, ""7"": null}","{""0"": 0.0, ""1"": 0.0, ""2"": null, ""3"": null, ""4"": null, ""5"": null, ""6"": null, ""7"": null}","{""0"": 250, ""1"": 250}",250,1,0,0,0,0.182,ultrasonic-not-close,KEEP_PAUSED,left,right,,0
259,2026-08-01T22:24:46.082+09:00,27.495,258,9.43,1,STOPPED_RED,,1,1,1,-0.189216,0.000000,0.000000,0,743,green,0,unknown,0.000000,null,0.000000,0.296,,"{""0"": 250, ""1"": 250, ""2"": null, ""3"": null, ""4"": null, ""5"": null, ""6"": null, ""7"": null}","{""0"": 0.0, ""1"": 0.0, ""2"": null, ""3"": null, ""4"": null, ""5"": null, ""6"": null, ""7"": null}","{""0"": 250, ""1"": 250}",250,1,0,0,0,0.296,ultrasonic-not-close,KEEP_PAUSED,left,right,,0
260,2026-08-01T22:24:46.183+09:00,27.596,259,9.43,1,STOPPED_RED,,1,1,1,-0.188990,0.000000,0.000000,0,744,green,0,unknown,0.000000,null,0.000000,0.301,,"{""0"": 250, ""1"": 250, ""2"": null, ""3"": null, ""4"": null, ""5"": null, ""6"": null, ""7"": null}","{""0"": 0.0, ""1"": 0.0, ""2"": null, ""3"": null, ""4"": null, ""5"": null, ""6"": null, ""7"": null}","{""0"": 250, ""1"": 250}",250,1,0,0,0,0.301,ultrasonic-not-close,KEEP_PAUSED,left,right,,0
261,2026-08-01T22:24:46.287+09:00,27.700,260,9.43,1,STOPPED_RED,,1,1,1,-0.189276,0.000000,0.000000,0,743,green,0,unknown,0.000000,null,0.000000,0.174,,"{""0"": 250, ""1"": 250, ""2"": null, ""3"": null, ""4"": null, ""5"": null, ""6"": null, ""7"": null}","{""0"": 0.0, ""1"": 0.0, ""2"": null, ""3"": null, ""4"": null, ""5"": null, ""6"": null, ""7"": null}","{""0"": 250, ""1"": 250}",250,1,0,0,0,0.174,ultrasonic-not-close,KEEP_PAUSED,left,right,,0
262,2026-08-01T22:24:46.395+09:00,27.806,261,9.43,1,STOPPED_RED,,1,1,1,-0.189161,0.000000,0.000000,0,743,green,0,unknown,0.000000,null,0.000000,0.280,,"{""0"": 250, ""1"": 250, ""2"": null, ""3"": null, ""4"": null, ""5"": null, ""6"": null, ""7"": null}","{""0"": 0.0, ""1"": 0.0, ""2"": null, ""3"": null, ""4"": null, ""5"": null, ""6"": null, ""7"": null}","{""0"": 250, ""1"": 250}",250,1,0,0,0,0.280,ultrasonic-not-close,KEEP_PAUSED,left,right,,0
263,2026-08-01T22:24:46.504+09:00,27.916,262,9.43,1,STOPPED_RED,,1,1,1,-0.178154,0.000000,0.000000,0,745,green,0,unknown,0.000000,null,0.000000,0.291,,"{""0"": 250, ""1"": 250, ""2"": null, ""3"": null, ""4"": null, ""5"": null, ""6"": null, ""7"": null}","{""0"": 0.0, ""1"": 0.0, ""2"": null, ""3"": null, ""4"": null, ""5"": null, ""6"": null, ""7"": null}","{""0"": 250, ""1"": 250}",250,1,0,0,0,0.291,ultrasonic-not-close,KEEP_PAUSED,left,right,,0
264,2026-08-01T22:24:46.608+09:00,28.021,263,9.43,1,STOPPED_RED,,1,1,1,-0.189929,0.000000,0.000000,0,744,green,0,unknown,0.000000,null,0.000000,0.292,,"{""0"": 250, ""1"": 250, ""2"": null, ""3"": null, ""4"": null, ""5"": null, ""6"": null, ""7"": null}","{""0"": 0.0, ""1"": 0.0, ""2"": null, ""3"": null, ""4"": null, ""5"": null, ""6"": null, ""7"": null}","{""0"": 250, ""1"": 250}",250,1,0,0,0,0.292,ultrasonic-not-close,KEEP_PAUSED,left,right,,0
265,2026-08-01T22:24:46.710+09:00,28.122,264,9.43,1,STOPPED_RED,,1,1,1,-0.179547,0.000000,0.000000,0,744,green,0,unknown,0.000000,null,0.000000,0.393,,"{""0"": 250, ""1"": 250, ""2"": null, ""3"": null, ""4"": null, ""5"": null, ""6"": null, ""7"": null}","{""0"": 0.0, ""1"": 0.0, ""2"": null, ""3"": null, ""4"": null, ""5"": null, ""6"": null, ""7"": null}","{""0"": 250, ""1"": 250}",250,1,0,0,0,0.393,ultrasonic-not-close,KEEP_PAUSED,left,right,,0
266,2026-08-01T22:24:46.816+09:00,28.230,265,9.43,1,STOPPED_RED,,1,1,1,-0.180230,0.000000,0.000000,0,744,green,0,unknown,0.000000,null,0.000000,0.284,,"{""0"": 250, ""1"": 250, ""2"": null, ""3"": null, ""4"": null, ""5"": null, ""6"": null, ""7"": null}","{""0"": 0.0, ""1"": 0.0, ""2"": null, ""3"": null, ""4"": null, ""5"": null, ""6"": null, ""7"": null}","{""0"": 250, ""1"": 250}",250,1,0,0,0,0.284,ultrasonic-not-close,KEEP_PAUSED,left,right,,0
267,2026-08-01T22:24:46.921+09:00,28.334,266,9.43,1,STOPPED_RED,,1,1,1,-0.191977,0.000000,0.000000,0,743,green,0,unknown,0.000000,null,0.000000,0.284,,"{""0"": 250, ""1"": 250, ""2"": null, ""3"": null, ""4"": null, ""5"": null, ""6"": null, ""7"": null}","{""0"": 0.0, ""1"": 0.0, ""2"": null, ""3"": null, ""4"": null, ""5"": null, ""6"": null, ""7"": null}","{""0"": 250, ""1"": 250}",250,1,0,0,0,0.284,ultrasonic-not-close,KEEP_PAUSED,left,right,,0
268,2026-08-01T22:24:47.022+09:00,28.435,267,9.43,1,STOPPED_RED,,1,1,1,-0.191187,0.000000,0.000000,0,743,green,0,unknown,0.000000,null,0.000000,0.384,,"{""0"": 250, ""1"": 250, ""2"": null, ""3"": null, ""4"": null, ""5"": null, ""6"": null, ""7"": null}","{""0"": 0.0, ""1"": 0.0, ""2"": null, ""3"": null, ""4"": null, ""5"": null, ""6"": null, ""7"": null}","{""0"": 250, ""1"": 250}",250,1,0,0,0,0.384,ultrasonic-not-close,KEEP_PAUSED,left,right,,0
269,2026-08-01T22:24:47.124+09:00,28.538,268,9.43,1,STOPPED_RED,,1,1,1,-0.190139,0.000000,0.000000,0,744,green,0,unknown,0.000000,null,0.000000,0.278,,"{""0"": 250, ""1"": 250, ""2"": null, ""3"": null, ""4"": null, ""5"": null, ""6"": null, ""7"": null}","{""0"": 0.0, ""1"": 0.0, ""2"": null, ""3"": null, ""4"": null, ""5"": null, ""6"": null, ""7"": null}","{""0"": 250, ""1"": 250}",250,1,0,0,0,0.278,ultrasonic-not-close,KEEP_PAUSED,left,right,,0
270,2026-08-01T22:24:47.228+09:00,28.640,269,9.43,1,STOPPED_RED,,1,1,1,-0.189683,0.000000,0.000000,0,743,green,0,unknown,0.000000,null,0.000000,0.276,,"{""0"": 250, ""1"": 250, ""2"": null, ""3"": null, ""4"": null, ""5"": null, ""6"": null, ""7"": null}","{""0"": 0.0, ""1"": 0.0, ""2"": null, ""3"": null, ""4"": null, ""5"": null, ""6"": null, ""7"": null}","{""0"": 250, ""1"": 250}",250,1,0,0,0,0.276,ultrasonic-not-close,KEEP_PAUSED,left,right,,0
271,2026-08-01T22:24:47.323+09:00,28.737,270,9.44,1,STOPPED_RED,,1,1,1,-0.189327,0.000000,0.000000,0,743,green,0,unknown,0.000000,null,0.000000,0.372,,"{""0"": 250, ""1"": 250, ""2"": null, ""3"": null, ""4"": null, ""5"": null, ""6"": null, ""7"": null}","{""0"": 0.0, ""1"": 0.0, ""2"": null, ""3"": null, ""4"": null, ""5"": null, ""6"": null, ""7"": null}","{""0"": 250, ""1"": 250}",250,1,0,0,0,0.372,ultrasonic-not-close,KEEP_PAUSED,left,right,,0
272,2026-08-01T22:24:47.423+09:00,28.837,271,9.44,1,STOPPED_RED,,1,1,1,-0.178595,0.000000,0.000000,0,743,green,0,unknown,0.000000,null,0.000000,0.269,,"{""0"": 250, ""1"": 250, ""2"": null, ""3"": null, ""4"": null, ""5"": null, ""6"": null, ""7"": null}","{""0"": 0.0, ""1"": 0.0, ""2"": null, ""3"": null, ""4"": null, ""5"": null, ""6"": null, ""7"": null}","{""0"": 250, ""1"": 250}",250,1,0,0,0,0.269,ultrasonic-not-close,KEEP_PAUSED,left,right,,0
273,2026-08-01T22:24:47.530+09:00,28.944,272,9.44,1,STOPPED_RED,,1,1,1,-0.190715,0.000000,0.000000,0,744,green,0,unknown,0.000000,null,0.000000,0.177,,"{""0"": 250, ""1"": 250, ""2"": null, ""3"": null, ""4"": null, ""5"": null, ""6"": null, ""7"": null}","{""0"": 0.0, ""1"": 0.0, ""2"": null, ""3"": null, ""4"": null, ""5"": null, ""6"": null, ""7"": null}","{""0"": 250, ""1"": 250}",250,1,0,0,0,0.177,ultrasonic-not-close,KEEP_PAUSED,left,right,,0
274,2026-08-01T22:24:47.631+09:00,29.043,273,9.44,1,STOPPED_RED,,1,1,1,-0.190241,0.000000,0.000000,0,744,green,0,unknown,0.000000,null,0.000000,0.277,,"{""0"": 250, ""1"": 250, ""2"": null, ""3"": null, ""4"": null, ""5"": null, ""6"": null, ""7"": null}","{""0"": 0.0, ""1"": 0.0, ""2"": null, ""3"": null, ""4"": null, ""5"": null, ""6"": null, ""7"": null}","{""0"": 250, ""1"": 250}",250,1,0,0,0,0.277,ultrasonic-not-close,KEEP_PAUSED,left,right,,0
275,2026-08-01T22:24:47.731+09:00,29.144,274,9.44,1,STOPPED_RED,,1,1,1,-0.189442,0.000000,0.000000,0,744,green,0,unknown,0.000000,null,0.000000,0.276,,"{""0"": 250, ""1"": 250, ""2"": null, ""3"": null, ""4"": null, ""5"": null, ""6"": null, ""7"": null}","{""0"": 0.0, ""1"": 0.0, ""2"": null, ""3"": null, ""4"": null, ""5"": null, ""6"": null, ""7"": null}","{""0"": 250, ""1"": 250}",250,1,0,0,0,0.276,ultrasonic-not-close,KEEP_PAUSED,left,right,,0
276,2026-08-01T22:24:47.838+09:00,29.251,275,9.44,1,STOPPED_RED,,1,1,1,-0.189147,0.000000,0.000000,0,743,green,0,unknown,0.000000,null,0.000000,0.177,,"{""0"": 250, ""1"": 250, ""2"": null, ""3"": null, ""4"": null, ""5"": null, ""6"": null, ""7"": null}","{""0"": 0.0, ""1"": 0.0, ""2"": null, ""3"": null, ""4"": null, ""5"": null, ""6"": null, ""7"": null}","{""0"": 250, ""1"": 250}",250,1,0,0,0,0.177,ultrasonic-not-close,KEEP_PAUSED,left,right,,0
277,2026-08-01T22:24:47.939+09:00,29.351,276,9.44,1,STOPPED_RED,,1,1,1,-0.178467,0.000000,0.000000,0,744,green,0,unknown,0.000000,null,0.000000,0.277,,"{""0"": 250, ""1"": 250, ""2"": null, ""3"": null, ""4"": null, ""5"": null, ""6"": null, ""7"": null}","{""0"": 0.0, ""1"": 0.0, ""2"": null, ""3"": null, ""4"": null, ""5"": null, ""6"": null, ""7"": null}","{""0"": 250, ""1"": 250}",250,1,0,0,0,0.277,ultrasonic-not-close,KEEP_PAUSED,left,right,,0
278,2026-08-01T22:24:48.052+09:00,29.465,277,9.44,1,STOPPED_RED,,1,1,1,-0.190199,0.000000,0.000000,0,744,green,0,unknown,0.000000,null,0.000000,0.292,,"{""0"": 250, ""1"": 250, ""2"": null, ""3"": null, ""4"": null, ""5"": null, ""6"": null, ""7"": null}","{""0"": 0.0, ""1"": 0.0, ""2"": null, ""3"": null, ""4"": null, ""5"": null, ""6"": null, ""7"": null}","{""0"": 250, ""1"": 250}",250,1,0,0,0,0.292,ultrasonic-not-close,KEEP_PAUSED,left,right,,0
279,2026-08-01T22:24:48.158+09:00,29.572,278,9.44,1,STOPPED_RED,,1,1,1,-0.179762,0.000000,0.000000,0,744,green,0,unknown,0.000000,null,0.000000,0.188,,"{""0"": 250, ""1"": 250, ""2"": null, ""3"": null, ""4"": null, ""5"": null, ""6"": null, ""7"": null}","{""0"": 0.0, ""1"": 0.0, ""2"": null, ""3"": null, ""4"": null, ""5"": null, ""6"": null, ""7"": null}","{""0"": 250, ""1"": 250}",250,1,0,0,0,0.188,ultrasonic-not-close,KEEP_PAUSED,left,right,,0
280,2026-08-01T22:24:48.264+09:00,29.677,279,9.44,1,STOPPED_RED,,1,1,1,-0.180885,0.000000,0.000000,0,744,green,0,unknown,0.000000,null,0.000000,0.293,,"{""0"": 250, ""1"": 250, ""2"": null, ""3"": null, ""4"": null, ""5"": null, ""6"": null, ""7"": null}","{""0"": 0.0, ""1"": 0.0, ""2"": null, ""3"": null, ""4"": null, ""5"": null, ""6"": null, ""7"": null}","{""0"": 250, ""1"": 250}",250,1,0,0,0,0.293,ultrasonic-not-close,KEEP_PAUSED,left,right,,0
281,2026-08-01T22:24:48.373+09:00,29.786,280,9.44,1,STOPPED_RED,,1,1,1,-0.191693,0.000000,0.000000,0,743,green,0,unknown,0.000000,null,0.000000,0.291,,"{""0"": 250, ""1"": 250, ""2"": null, ""3"": null, ""4"": null, ""5"": null, ""6"": null, ""7"": null}","{""0"": 0.0, ""1"": 0.0, ""2"": null, ""3"": null, ""4"": null, ""5"": null, ""6"": null, ""7"": null}","{""0"": 250, ""1"": 250}",250,1,0,0,0,0.291,ultrasonic-not-close,KEEP_PAUSED,left,right,,0
282,2026-08-01T22:24:48.480+09:00,29.892,281,9.44,1,STOPPED_RED,,1,1,1,-0.180382,0.000000,0.000000,0,744,green,0,unknown,0.000000,null,0.000000,0.185,,"{""0"": 250, ""1"": 250, ""2"": null, ""3"": null, ""4"": null, ""5"": null, ""6"": null, ""7"": null}","{""0"": 0.0, ""1"": 0.0, ""2"": null, ""3"": null, ""4"": null, ""5"": null, ""6"": null, ""7"": null}","{""0"": 250, ""1"": 250}",250,1,0,0,0,0.185,ultrasonic-not-close,KEEP_PAUSED,left,right,,0
283,2026-08-01T22:24:48.588+09:00,30.001,282,9.44,1,STOPPED_RED,,1,1,1,-0.181146,0.000000,0.000000,0,744,green,0,unknown,0.000000,null,0.000000,0.293,,"{""0"": 250, ""1"": 250, ""2"": null, ""3"": null, ""4"": null, ""5"": null, ""6"": null, ""7"": null}","{""0"": 0.0, ""1"": 0.0, ""2"": null, ""3"": null, ""4"": null, ""5"": null, ""6"": null, ""7"": null}","{""0"": 250, ""1"": 250}",250,1,0,0,0,0.293,ultrasonic-not-close,KEEP_PAUSED,left,right,,0
284,2026-08-01T22:24:48.685+09:00,30.097,283,9.44,1,STOPPED_RED,,1,1,1,-0.192173,0.000000,0.000000,0,742,green,0,unknown,0.000000,null,0.000000,0.281,,"{""0"": 250, ""1"": 250, ""2"": null, ""3"": null, ""4"": null, ""5"": null, ""6"": null, ""7"": null}","{""0"": 0.0, ""1"": 0.0, ""2"": null, ""3"": null, ""4"": null, ""5"": null, ""6"": null, ""7"": null}","{""0"": 250, ""1"": 250}",250,1,0,0,0,0.281,ultrasonic-not-close,KEEP_PAUSED,left,right,,0
285,2026-08-01T22:24:48.793+09:00,30.205,284,9.44,1,STOPPED_RED,,1,1,1,-0.191183,0.000000,0.000000,0,744,green,0,unknown,0.000000,null,0.000000,0.284,,"{""0"": 250, ""1"": 250, ""2"": null, ""3"": null, ""4"": null, ""5"": null, ""6"": null, ""7"": null}","{""0"": 0.0, ""1"": 0.0, ""2"": null, ""3"": null, ""4"": null, ""5"": null, ""6"": null, ""7"": null}","{""0"": 250, ""1"": 250}",250,1,0,0,0,0.284,ultrasonic-not-close,KEEP_PAUSED,left,right,,0
286,2026-08-01T22:24:48.899+09:00,30.310,285,9.44,1,STOPPED_RED,,1,1,1,-0.179987,0.000000,0.000000,0,744,green,0,unknown,0.000000,null,0.000000,0.388,,"{""0"": 250, ""1"": 250, ""2"": null, ""3"": null, ""4"": null, ""5"": null, ""6"": null, ""7"": null}","{""0"": 0.0, ""1"": 0.0, ""2"": null, ""3"": null, ""4"": null, ""5"": null, ""6"": null, ""7"": null}","{""0"": 250, ""1"": 250}",250,1,0,0,0,0.388,ultrasonic-not-close,KEEP_PAUSED,left,right,,0
287,2026-08-01T22:24:49.004+09:00,30.409,286,9.44,1,STOPPED_RED,,1,1,1,-0.181344,0.000000,0.000000,0,743,green,0,unknown,0.000000,null,0.000000,0.282,,"{""0"": 250, ""1"": 250, ""2"": null, ""3"": null, ""4"": null, ""5"": null, ""6"": null, ""7"": null}","{""0"": 0.0, ""1"": 0.0, ""2"": null, ""3"": null, ""4"": null, ""5"": null, ""6"": null, ""7"": null}","{""0"": 250, ""1"": 250}",250,1,0,0,0,0.282,ultrasonic-not-close,KEEP_PAUSED,left,right,,0
288,2026-08-01T22:24:49.108+09:00,30.522,287,9.44,1,STOPPED_RED,,1,1,1,-0.181687,0.000000,0.000000,0,744,green,0,unknown,0.000000,null,0.000000,0.288,,"{""0"": 250, ""1"": 250, ""2"": null, ""3"": null, ""4"": null, ""5"": null, ""6"": null, ""7"": null}","{""0"": 0.0, ""1"": 0.0, ""2"": null, ""3"": null, ""4"": null, ""5"": null, ""6"": null, ""7"": null}","{""0"": 250, ""1"": 250}",250,1,0,0,0,0.288,ultrasonic-not-close,KEEP_PAUSED,left,right,,0
289,2026-08-01T22:24:49.208+09:00,30.620,288,9.44,1,STOPPED_RED,,1,1,1,-0.181687,0.000000,0.000000,0,744,green,0,unknown,0.000000,null,0.000000,0.385,,"{""0"": 250, ""1"": 250, ""2"": null, ""3"": null, ""4"": null, ""5"": null, ""6"": null, ""7"": null}","{""0"": 0.0, ""1"": 0.0, ""2"": null, ""3"": null, ""4"": null, ""5"": null, ""6"": null, ""7"": null}","{""0"": 250, ""1"": 250}",250,1,0,0,0,0.385,ultrasonic-not-close,KEEP_PAUSED,left,right,,0
290,2026-08-01T22:24:49.302+09:00,30.714,289,9.45,1,STOPPED_RED,,1,1,1,-0.181261,0.000000,0.000000,0,742,green,0,unknown,0.000000,null,0.000000,0.267,,"{""0"": 250, ""1"": 250, ""2"": null, ""3"": null, ""4"": null, ""5"": null, ""6"": null, ""7"": null}","{""0"": 0.0, ""1"": 0.0, ""2"": null, ""3"": null, ""4"": null, ""5"": null, ""6"": null, ""7"": null}","{""0"": 250, ""1"": 250}",250,1,0,0,0,0.267,ultrasonic-not-close,KEEP_PAUSED,left,right,,0
291,2026-08-01T22:24:49.407+09:00,30.820,290,9.45,1,STOPPED_RED,,1,1,1,-0.181261,0.000000,0.000000,0,743,green,0,unknown,0.000000,null,0.000000,0.169,,"{""0"": 250, ""1"": 250, ""2"": null, ""3"": null, ""4"": null, ""5"": null, ""6"": null, ""7"": null}","{""0"": 0.0, ""1"": 0.0, ""2"": null, ""3"": null, ""4"": null, ""5"": null, ""6"": null, ""7"": null}","{""0"": 250, ""1"": 250}",250,1,0,0,0,0.169,ultrasonic-not-close,KEEP_PAUSED,left,right,,0
292,2026-08-01T22:24:49.507+09:00,30.919,291,9.45,1,STOPPED_RED,,1,1,1,-0.181261,0.000000,0.000000,0,744,green,0,unknown,0.000000,null,0.000000,0.267,,"{""0"": 250, ""1"": 250, ""2"": null, ""3"": null, ""4"": null, ""5"": null, ""6"": null, ""7"": null}","{""0"": 0.0, ""1"": 0.0, ""2"": null, ""3"": null, ""4"": null, ""5"": null, ""6"": null, ""7"": null}","{""0"": 250, ""1"": 250}",250,1,0,0,0,0.267,ultrasonic-not-close,KEEP_PAUSED,left,right,,0
293,2026-08-01T22:24:49.605+09:00,31.019,292,9.45,1,STOPPED_RED,,1,1,1,-0.181261,0.000000,0.000000,0,744,green,0,unknown,0.000000,null,0.000000,0.274,,"{""0"": 250, ""1"": 250, ""2"": null, ""3"": null, ""4"": null, ""5"": null, ""6"": null, ""7"": null}","{""0"": 0.0, ""1"": 0.0, ""2"": null, ""3"": null, ""4"": null, ""5"": null, ""6"": null, ""7"": null}","{""0"": 250, ""1"": 250}",250,1,0,0,0,0.274,ultrasonic-not-close,KEEP_PAUSED,left,right,,0
294,2026-08-01T22:24:49.716+09:00,31.130,293,9.45,1,STOPPED_RED,,1,1,1,-0.181261,0.000000,0.000000,0,744,green,0,unknown,0.000000,null,0.000000,0.180,,"{""0"": 250, ""1"": 250, ""2"": null, ""3"": null, ""4"": null, ""5"": null, ""6"": null, ""7"": null}","{""0"": 0.0, ""1"": 0.0, ""2"": null, ""3"": null, ""4"": null, ""5"": null, ""6"": null, ""7"": null}","{""0"": 250, ""1"": 250}",250,1,0,0,0,0.180,ultrasonic-not-close,KEEP_PAUSED,left,right,,0
295,2026-08-01T22:24:49.824+09:00,31.238,294,9.45,1,STOPPED_RED,,1,1,1,-0.181261,0.000000,0.000000,0,743,green,0,unknown,0.000000,null,0.000000,0.285,,"{""0"": 250, ""1"": 250, ""2"": null, ""3"": null, ""4"": null, ""5"": null, ""6"": null, ""7"": null}","{""0"": 0.0, ""1"": 0.0, ""2"": null, ""3"": null, ""4"": null, ""5"": null, ""6"": null, ""7"": null}","{""0"": 250, ""1"": 250}",250,1,0,0,0,0.285,ultrasonic-not-close,KEEP_PAUSED,left,right,,0
296,2026-08-01T22:24:49.921+09:00,31.334,295,9.45,1,STOPPED_RED,,1,1,1,-0.181687,0.000000,0.000000,0,744,green,0,unknown,0.000000,null,0.000000,0.287,,"{""0"": 250, ""1"": 250, ""2"": null, ""3"": null, ""4"": null, ""5"": null, ""6"": null, ""7"": null}","{""0"": 0.0, ""1"": 0.0, ""2"": null, ""3"": null, ""4"": null, ""5"": null, ""6"": null, ""7"": null}","{""0"": 250, ""1"": 250}",250,1,0,0,0,0.287,ultrasonic-not-close,KEEP_PAUSED,left,right,,0
297,2026-08-01T22:24:50.029+09:00,31.442,296,9.45,1,STOPPED_RED,,1,1,1,-0.181261,0.000000,0.000000,0,744,green,0,unknown,0.000000,null,0.000000,0.175,,"{""0"": 250, ""1"": 250, ""2"": null, ""3"": null, ""4"": null, ""5"": null, ""6"": null, ""7"": null}","{""0"": 0.0, ""1"": 0.0, ""2"": null, ""3"": null, ""4"": null, ""5"": null, ""6"": null, ""7"": null}","{""0"": 250, ""1"": 250}",250,1,0,0,0,0.175,ultrasonic-not-close,KEEP_PAUSED,left,right,,0
298,2026-08-01T22:24:50.132+09:00,31.543,297,9.45,1,STOPPED_RED,,1,1,1,-0.181261,0.000000,0.000000,0,744,green,0,unknown,0.000000,null,0.000000,0.274,,"{""0"": 250, ""1"": 250, ""2"": null, ""3"": null, ""4"": null, ""5"": null, ""6"": null, ""7"": null}","{""0"": 0.0, ""1"": 0.0, ""2"": null, ""3"": null, ""4"": null, ""5"": null, ""6"": null, ""7"": null}","{""0"": 250, ""1"": 250}",250,1,0,0,0,0.274,ultrasonic-not-close,KEEP_PAUSED,left,right,,0
299,2026-08-01T22:24:50.231+09:00,31.643,298,9.45,1,STOPPED_RED,,1,1,1,-0.181261,0.000000,0.000000,0,743,green,0,unknown,0.000000,null,0.000000,0.281,,"{""0"": 250, ""1"": 250, ""2"": null, ""3"": null, ""4"": null, ""5"": null, ""6"": null, ""7"": null}","{""0"": 0.0, ""1"": 0.0, ""2"": null, ""3"": null, ""4"": null, ""5"": null, ""6"": null, ""7"": null}","{""0"": 250, ""1"": 250}",250,1,0,0,0,0.281,ultrasonic-not-close,KEEP_PAUSED,left,right,,0
300,2026-08-01T22:24:50.343+09:00,31.757,299,9.45,1,STOPPED_RED,,1,1,1,-0.181261,0.000000,0.000000,0,743,green,0,unknown,0.000000,null,0.000000,0.182,,"{""0"": 250, ""1"": 250, ""2"": null, ""3"": null, ""4"": null, ""5"": null, ""6"": null, ""7"": null}","{""0"": 0.0, ""1"": 0.0, ""2"": null, ""3"": null, ""4"": null, ""5"": null, ""6"": null, ""7"": null}","{""0"": 250, ""1"": 250}",250,1,0,0,0,0.182,ultrasonic-not-close,KEEP_PAUSED,left,right,,0
301,2026-08-01T22:24:50.456+09:00,31.868,300,9.45,1,STOPPED_RED,,1,1,1,-0.181261,0.000000,0.000000,0,743,green,0,unknown,0.000000,null,0.000000,0.293,,"{""0"": 250, ""1"": 250, ""2"": null, ""3"": null, ""4"": null, ""5"": null, ""6"": null, ""7"": null}","{""0"": 0.0, ""1"": 0.0, ""2"": null, ""3"": null, ""4"": null, ""5"": null, ""6"": null, ""7"": null}","{""0"": 250, ""1"": 250}",250,1,0,0,0,0.293,ultrasonic-not-close,KEEP_PAUSED,left,right,,0
302,2026-08-01T22:24:50.557+09:00,31.970,301,9.45,1,STOPPED_RED,,1,1,1,-0.193608,0.000000,0.000000,0,744,green,0,unknown,0.000000,null,0.000000,0.296,,"{""0"": 250, ""1"": 250, ""2"": null, ""3"": null, ""4"": null, ""5"": null, ""6"": null, ""7"": null}","{""0"": 0.0, ""1"": 0.0, ""2"": null, ""3"": null, ""4"": null, ""5"": null, ""6"": null, ""7"": null}","{""0"": 250, ""1"": 250}",250,1,0,0,0,0.296,ultrasonic-not-close,KEEP_PAUSED,left,right,,0
303,2026-08-01T22:24:50.667+09:00,32.079,302,9.45,1,STOPPED_RED,,1,1,1,-0.192926,0.000000,0.000000,0,743,green,0,unknown,0.000000,null,0.000000,0.180,,"{""0"": 250, ""1"": 250, ""2"": null, ""3"": null, ""4"": null, ""5"": null, ""6"": null, ""7"": null}","{""0"": 0.0, ""1"": 0.0, ""2"": null, ""3"": null, ""4"": null, ""5"": null, ""6"": null, ""7"": null}","{""0"": 250, ""1"": 250}",250,1,0,0,0,0.180,ultrasonic-not-close,KEEP_PAUSED,left,right,,0
304,2026-08-01T22:24:50.771+09:00,32.183,303,9.45,1,STOPPED_RED,,1,1,1,-0.181484,0.000000,0.000000,0,744,green,0,unknown,0.000000,null,0.000000,0.282,,"{""0"": 250, ""1"": 250, ""2"": null, ""3"": null, ""4"": null, ""5"": null, ""6"": null, ""7"": null}","{""0"": 0.0, ""1"": 0.0, ""2"": null, ""3"": null, ""4"": null, ""5"": null, ""6"": null, ""7"": null}","{""0"": 250, ""1"": 250}",250,1,0,0,0,0.282,ultrasonic-not-close,KEEP_PAUSED,left,right,,0
305,2026-08-01T22:24:50.878+09:00,32.290,304,9.45,1,STOPPED_RED,,1,1,1,-0.181261,0.000000,0.000000,0,744,green,0,unknown,0.000000,null,0.000000,0.291,,"{""0"": 250, ""1"": 250, ""2"": null, ""3"": null, ""4"": null, ""5"": null, ""6"": null, ""7"": null}","{""0"": 0.0, ""1"": 0.0, ""2"": null, ""3"": null, ""4"": null, ""5"": null, ""6"": null, ""7"": null}","{""0"": 250, ""1"": 250}",250,1,0,0,0,0.291,ultrasonic-not-close,KEEP_PAUSED,left,right,,0
306,2026-08-01T22:24:50.985+09:00,32.398,305,9.45,1,STOPPED_RED,,1,1,1,-0.181261,0.000000,0.000000,0,743,green,0,unknown,0.000000,null,0.000000,0.183,,"{""0"": 250, ""1"": 250, ""2"": null, ""3"": null, ""4"": null, ""5"": null, ""6"": null, ""7"": null}","{""0"": 0.0, ""1"": 0.0, ""2"": null, ""3"": null, ""4"": null, ""5"": null, ""6"": null, ""7"": null}","{""0"": 250, ""1"": 250}",250,1,0,0,0,0.183,ultrasonic-not-close,KEEP_PAUSED,left,right,,0
307,2026-08-01T22:24:51.087+09:00,32.500,306,9.45,1,STOPPED_RED,,1,1,1,-0.181231,0.000000,0.000000,0,743,green,0,unknown,0.000000,null,0.000000,0.283,,"{""0"": 250, ""1"": 250, ""2"": null, ""3"": null, ""4"": null, ""5"": null, ""6"": null, ""7"": null}","{""0"": 0.0, ""1"": 0.0, ""2"": null, ""3"": null, ""4"": null, ""5"": null, ""6"": null, ""7"": null}","{""0"": 250, ""1"": 250}",250,1,0,0,0,0.283,ultrasonic-not-close,KEEP_PAUSED,left,right,,0
308,2026-08-01T22:24:51.192+09:00,32.604,307,9.45,1,STOPPED_RED,,1,1,1,-0.193635,0.000000,0.000000,0,744,green,0,unknown,0.000000,null,0.000000,0.284,,"{""0"": 250, ""1"": 250, ""2"": null, ""3"": null, ""4"": null, ""5"": null, ""6"": null, ""7"": null}","{""0"": 0.0, ""1"": 0.0, ""2"": null, ""3"": null, ""4"": null, ""5"": null, ""6"": null, ""7"": null}","{""0"": 250, ""1"": 250}",250,1,0,0,0,0.284,ultrasonic-not-close,KEEP_PAUSED,left,right,,0
309,2026-08-01T22:24:51.296+09:00,32.709,308,9.45,1,STOPPED_RED,,1,1,1,-0.181261,0.000000,0.000000,0,743,green,0,unknown,0.000000,null,0.000000,0.177,,"{""0"": 250, ""1"": 250, ""2"": null, ""3"": null, ""4"": null, ""5"": null, ""6"": null, ""7"": null}","{""0"": 0.0, ""1"": 0.0, ""2"": null, ""3"": null, ""4"": null, ""5"": null, ""6"": null, ""7"": null}","{""0"": 250, ""1"": 250}",250,1,0,0,0,0.177,ultrasonic-not-close,KEEP_PAUSED,left,right,,0
310,2026-08-01T22:24:51.406+09:00,32.819,309,9.45,1,STOPPED_RED,,1,1,1,-0.181231,0.000000,0.000000,0,743,green,0,unknown,0.000000,null,0.000000,0.286,,"{""0"": 250, ""1"": 250, ""2"": null, ""3"": null, ""4"": null, ""5"": null, ""6"": null, ""7"": null}","{""0"": 0.0, ""1"": 0.0, ""2"": null, ""3"": null, ""4"": null, ""5"": null, ""6"": null, ""7"": null}","{""0"": 250, ""1"": 250}",250,1,0,0,0,0.286,ultrasonic-not-close,KEEP_PAUSED,left,right,,0
311,2026-08-01T22:24:51.507+09:00,32.921,310,9.45,1,STOPPED_RED,,1,1,1,-0.181261,0.000000,0.000000,0,744,green,0,unknown,0.000000,null,0.000000,0.286,,"{""0"": 250, ""1"": 250, ""2"": null, ""3"": null, ""4"": null, ""5"": null, ""6"": null, ""7"": null}","{""0"": 0.0, ""1"": 0.0, ""2"": null, ""3"": null, ""4"": null, ""5"": null, ""6"": null, ""7"": null}","{""0"": 250, ""1"": 250}",250,1,0,0,0,0.286,ultrasonic-not-close,KEEP_PAUSED,left,right,,0
312,2026-08-01T22:24:51.616+09:00,33.029,311,9.45,1,STOPPED_RED,,1,1,1,-0.181261,0.000000,0.000000,0,744,green,0,unknown,0.000000,null,0.000000,0.289,,"{""0"": 250, ""1"": 250, ""2"": null, ""3"": null, ""4"": null, ""5"": null, ""6"": null, ""7"": null}","{""0"": 0.0, ""1"": 0.0, ""2"": null, ""3"": null, ""4"": null, ""5"": null, ""6"": null, ""7"": null}","{""0"": 250, ""1"": 250}",250,1,0,0,0,0.289,ultrasonic-not-close,KEEP_PAUSED,left,right,,0
313,2026-08-01T22:24:51.734+09:00,33.146,312,9.45,1,STOPPED_RED,,1,1,1,-0.181687,0.000000,0.000000,0,744,green,0,unknown,0.000000,null,0.000000,0.406,,"{""0"": 250, ""1"": 250, ""2"": null, ""3"": null, ""4"": null, ""5"": null, ""6"": null, ""7"": null}","{""0"": 0.0, ""1"": 0.0, ""2"": null, ""3"": null, ""4"": null, ""5"": null, ""6"": null, ""7"": null}","{""0"": 250, ""1"": 250}",250,1,0,0,0,0.406,ultrasonic-not-close,KEEP_PAUSED,left,right,,0
314,2026-08-01T22:24:51.834+09:00,33.247,313,9.45,1,STOPPED_RED,,1,1,1,-0.181231,0.000000,0.000000,0,744,green,0,unknown,0.000000,null,0.000000,0.296,,"{""0"": 250, ""1"": 250, ""2"": null, ""3"": null, ""4"": null, ""5"": null, ""6"": null, ""7"": null}","{""0"": 0.0, ""1"": 0.0, ""2"": null, ""3"": null, ""4"": null, ""5"": null, ""6"": null, ""7"": null}","{""0"": 250, ""1"": 250}",250,1,0,0,0,0.296,ultrasonic-not-close,KEEP_PAUSED,left,right,,0
315,2026-08-01T22:24:51.943+09:00,33.355,314,9.45,1,STOPPED_RED,,1,1,1,-0.193608,0.000000,0.000000,0,743,green,0,unknown,0.000000,null,0.000000,0.297,,"{""0"": 250, ""1"": 250, ""2"": null, ""3"": null, ""4"": null, ""5"": null, ""6"": null, ""7"": null}","{""0"": 0.0, ""1"": 0.0, ""2"": null, ""3"": null, ""4"": null, ""5"": null, ""6"": null, ""7"": null}","{""0"": 250, ""1"": 250}",250,1,0,0,0,0.297,ultrasonic-not-close,KEEP_PAUSED,left,right,,0
316,2026-08-01T22:24:52.062+09:00,33.475,315,9.44,1,STOPPED_RED,,1,1,1,-0.181687,0.000000,0.000000,0,743,green,0,unknown,0.000000,null,0.000000,0.416,,"{""0"": 250, ""1"": 250, ""2"": null, ""3"": null, ""4"": null, ""5"": null, ""6"": null, ""7"": null}","{""0"": 0.0, ""1"": 0.0, ""2"": null, ""3"": null, ""4"": null, ""5"": null, ""6"": null, ""7"": null}","{""0"": 250, ""1"": 250}",250,1,0,0,0,0.416,ultrasonic-not-close,KEEP_PAUSED,left,right,,0
317,2026-08-01T22:24:52.165+09:00,33.577,316,9.45,1,STOPPED_RED,,1,1,1,-0.192729,0.000000,0.000000,0,744,green,0,unknown,0.000000,null,0.000000,0.298,,"{""0"": 250, ""1"": 250, ""2"": null, ""3"": null, ""4"": null, ""5"": null, ""6"": null, ""7"": null}","{""0"": 0.0, ""1"": 0.0, ""2"": null, ""3"": null, ""4"": null, ""5"": null, ""6"": null, ""7"": null}","{""0"": 250, ""1"": 250}",250,1,0,0,0,0.298,ultrasonic-not-close,KEEP_PAUSED,left,right,,0
318,2026-08-01T22:24:52.269+09:00,33.683,317,9.45,1,STOPPED_RED,,1,1,1,-0.191600,0.000000,0.000000,0,743,green,0,unknown,0.000000,null,0.000000,0.297,,"{""0"": 250, ""1"": 250, ""2"": null, ""3"": null, ""4"": null, ""5"": null, ""6"": null, ""7"": null}","{""0"": 0.0, ""1"": 0.0, ""2"": null, ""3"": null, ""4"": null, ""5"": null, ""6"": null, ""7"": null}","{""0"": 250, ""1"": 250}",250,1,0,0,0,0.297,ultrasonic-not-close,KEEP_PAUSED,left,right,,0
319,2026-08-01T22:24:52.386+09:00,33.799,318,9.44,1,STOPPED_RED,,1,1,1,-0.190766,0.000000,0.000000,0,743,green,0,unknown,0.000000,null,0.000000,0.191,,"{""0"": 250, ""1"": 250, ""2"": null, ""3"": null, ""4"": null, ""5"": null, ""6"": null, ""7"": null}","{""0"": 0.0, ""1"": 0.0, ""2"": null, ""3"": null, ""4"": null, ""5"": null, ""6"": null, ""7"": null}","{""0"": 250, ""1"": 250}",250,1,0,0,0,0.191,ultrasonic-not-close,KEEP_PAUSED,left,right,,0
320,2026-08-01T22:24:52.488+09:00,33.900,319,9.44,1,STOPPED_RED,,1,1,1,-0.179686,0.000000,0.000000,0,743,green,0,unknown,0.000000,null,0.000000,0.292,,"{""0"": 250, ""1"": 250, ""2"": null, ""3"": null, ""4"": null, ""5"": null, ""6"": null, ""7"": null}","{""0"": 0.0, ""1"": 0.0, ""2"": null, ""3"": null, ""4"": null, ""5"": null, ""6"": null, ""7"": null}","{""0"": 250, ""1"": 250}",250,1,0,0,0,0.292,ultrasonic-not-close,KEEP_PAUSED,left,right,,0
321,2026-08-01T22:24:52.593+09:00,34.006,320,9.44,1,STOPPED_RED,,1,1,1,-0.181118,0.000000,0.000000,0,744,green,0,unknown,0.000000,null,0.000000,0.294,,"{""0"": 250, ""1"": 250, ""2"": null, ""3"": null, ""4"": null, ""5"": null, ""6"": null, ""7"": null}","{""0"": 0.0, ""1"": 0.0, ""2"": null, ""3"": null, ""4"": null, ""5"": null, ""6"": null, ""7"": null}","{""0"": 250, ""1"": 250}",250,1,0,0,0,0.294,ultrasonic-not-close,KEEP_PAUSED,left,right,,0
322,2026-08-01T22:24:52.708+09:00,34.121,321,9.44,1,STOPPED_RED,,1,1,1,-0.181657,0.000000,0.000000,0,744,green,0,unknown,0.000000,null,0.000000,0.189,,"{""0"": 250, ""1"": 250, ""2"": null, ""3"": null, ""4"": null, ""5"": null, ""6"": null, ""7"": null}","{""0"": 0.0, ""1"": 0.0, ""2"": null, ""3"": null, ""4"": null, ""5"": null, ""6"": null, ""7"": null}","{""0"": 250, ""1"": 250}",250,1,0,0,0,0.189,ultrasonic-not-close,KEEP_PAUSED,left,right,,0
323,2026-08-01T22:24:52.812+09:00,34.224,322,9.44,1,STOPPED_RED,,1,1,1,-0.181261,0.000000,0.000000,0,743,green,0,unknown,0.000000,null,0.000000,0.291,,"{""0"": 250, ""1"": 250, ""2"": null, ""3"": null, ""4"": null, ""5"": null, ""6"": null, ""7"": null}","{""0"": 0.0, ""1"": 0.0, ""2"": null, ""3"": null, ""4"": null, ""5"": null, ""6"": null, ""7"": null}","{""0"": 250, ""1"": 250}",250,1,0,0,0,0.291,ultrasonic-not-close,KEEP_PAUSED,left,right,,0
324,2026-08-01T22:24:52.929+09:00,34.343,323,9.44,1,STOPPED_RED,,1,1,1,-0.181261,0.000000,0.000000,0,743,green,0,unknown,0.000000,null,0.000000,0.307,,"{""0"": 250, ""1"": 250, ""2"": null, ""3"": null, ""4"": null, ""5"": null, ""6"": null, ""7"": null}","{""0"": 0.0, ""1"": 0.0, ""2"": null, ""3"": null, ""4"": null, ""5"": null, ""6"": null, ""7"": null}","{""0"": 250, ""1"": 250}",250,1,0,0,0,0.307,ultrasonic-not-close,KEEP_PAUSED,left,right,,0
325,2026-08-01T22:24:53.043+09:00,34.456,324,9.44,1,STOPPED_RED,,1,1,1,-0.181261,0.000000,0.000000,0,744,green,0,unknown,0.000000,null,0.000000,0.201,,"{""0"": 250, ""1"": 250, ""2"": null, ""3"": null, ""4"": null, ""5"": null, ""6"": null, ""7"": null}","{""0"": 0.0, ""1"": 0.0, ""2"": null, ""3"": null, ""4"": null, ""5"": null, ""6"": null, ""7"": null}","{""0"": 250, ""1"": 250}",250,1,0,0,0,0.201,ultrasonic-not-close,KEEP_PAUSED,left,right,,0
326,2026-08-01T22:24:53.151+09:00,34.564,325,9.44,1,STOPPED_RED,,1,1,1,-0.181261,0.000000,0.000000,0,744,green,0,unknown,0.000000,null,0.000000,0.307,,"{""0"": 250, ""1"": 250, ""2"": null, ""3"": null, ""4"": null, ""5"": null, ""6"": null, ""7"": null}","{""0"": 0.0, ""1"": 0.0, ""2"": null, ""3"": null, ""4"": null, ""5"": null, ""6"": null, ""7"": null}","{""0"": 250, ""1"": 250}",250,1,0,0,0,0.307,ultrasonic-not-close,KEEP_PAUSED,left,right,,0
327,2026-08-01T22:24:53.250+09:00,34.663,326,9.44,1,STOPPED_RED,,1,1,1,-0.193441,0.000000,0.000000,0,743,green,0,unknown,0.000000,null,0.000000,0.291,,"{""0"": 250, ""1"": 250, ""2"": null, ""3"": null, ""4"": null, ""5"": null, ""6"": null, ""7"": null}","{""0"": 0.0, ""1"": 0.0, ""2"": null, ""3"": null, ""4"": null, ""5"": null, ""6"": null, ""7"": null}","{""0"": 250, ""1"": 250}",250,1,0,0,0,0.291,ultrasonic-not-close,KEEP_PAUSED,left,right,,0
328,2026-08-01T22:24:53.357+09:00,34.770,327,9.44,1,STOPPED_RED,,1,1,1,-0.192146,0.000000,0.000000,0,744,green,0,unknown,0.000000,null,0.000000,0.284,,"{""0"": 250, ""1"": 250, ""2"": null, ""3"": null, ""4"": null, ""5"": null, ""6"": null, ""7"": null}","{""0"": 0.0, ""1"": 0.0, ""2"": null, ""3"": null, ""4"": null, ""5"": null, ""6"": null, ""7"": null}","{""0"": 250, ""1"": 250}",250,1,0,0,0,0.284,ultrasonic-not-close,KEEP_PAUSED,left,right,,0
329,2026-08-01T22:24:53.464+09:00,34.875,328,9.44,1,STOPPED_RED,,1,1,1,-0.180709,0.000000,0.000000,0,744,green,0,unknown,0.000000,null,0.000000,0.388,,"{""0"": 250, ""1"": 250, ""2"": null, ""3"": null, ""4"": null, ""5"": null, ""6"": null, ""7"": null}","{""0"": 0.0, ""1"": 0.0, ""2"": null, ""3"": null, ""4"": null, ""5"": null, ""6"": null, ""7"": null}","{""0"": 250, ""1"": 250}",250,1,0,0,0,0.388,ultrasonic-not-close,KEEP_PAUSED,left,right,,0
330,2026-08-01T22:24:53.576+09:00,34.989,329,9.44,1,STOPPED_RED,,1,1,1,-0.191858,0.000000,0.000000,0,744,green,0,unknown,0.000000,null,0.000000,0.295,,"{""0"": 250, ""1"": 250, ""2"": null, ""3"": null, ""4"": null, ""5"": null, ""6"": null, ""7"": null}","{""0"": 0.0, ""1"": 0.0, ""2"": null, ""3"": null, ""4"": null, ""5"": null, ""6"": null, ""7"": null}","{""0"": 250, ""1"": 250}",250,1,0,0,0,0.295,ultrasonic-not-close,KEEP_PAUSED,left,right,,0
331,2026-08-01T22:24:53.685+09:00,35.099,330,9.44,1,STOPPED_RED,,1,1,1,-0.180512,0.000000,0.000000,0,743,green,0,unknown,0.000000,null,0.000000,0.298,,"{""0"": 250, ""1"": 250, ""2"": null, ""3"": null, ""4"": null, ""5"": null, ""6"": null, ""7"": null}","{""0"": 0.0, ""1"": 0.0, ""2"": null, ""3"": null, ""4"": null, ""5"": null, ""6"": null, ""7"": null}","{""0"": 250, ""1"": 250}",250,1,0,0,0,0.298,ultrasonic-not-close,KEEP_PAUSED,left,right,,0
332,2026-08-01T22:24:53.796+09:00,35.208,331,9.44,1,STOPPED_RED,,1,1,1,-0.181261,0.000000,0.000000,0,743,green,0,unknown,0.000000,null,0.000000,0.405,,"{""0"": 250, ""1"": 250, ""2"": null, ""3"": null, ""4"": null, ""5"": null, ""6"": null, ""7"": null}","{""0"": 0.0, ""1"": 0.0, ""2"": null, ""3"": null, ""4"": null, ""5"": null, ""6"": null, ""7"": null}","{""0"": 250, ""1"": 250}",250,1,0,0,0,0.405,ultrasonic-not-close,KEEP_PAUSED,left,right,,0
333,2026-08-01T22:24:53.905+09:00,35.317,332,9.43,1,STOPPED_RED,,1,1,1,-0.192263,0.000000,0.000000,0,744,green,0,unknown,0.000000,null,0.000000,0.297,,"{""0"": 250, ""1"": 250, ""2"": null, ""3"": null, ""4"": null, ""5"": null, ""6"": null, ""7"": null}","{""0"": 0.0, ""1"": 0.0, ""2"": null, ""3"": null, ""4"": null, ""5"": null, ""6"": null, ""7"": null}","{""0"": 250, ""1"": 250}",250,1,0,0,0,0.297,ultrasonic-not-close,KEEP_PAUSED,left,right,,0
334,2026-08-01T22:24:54.015+09:00,35.428,333,9.43,1,STOPPED_RED,,1,1,1,-0.180804,0.000000,0.000000,0,743,green,0,unknown,0.000000,null,0.000000,0.299,,"{""0"": 250, ""1"": 250, ""2"": null, ""3"": null, ""4"": null, ""5"": null, ""6"": null, ""7"": null}","{""0"": 0.0, ""1"": 0.0, ""2"": null, ""3"": null, ""4"": null, ""5"": null, ""6"": null, ""7"": null}","{""0"": 250, ""1"": 250}",250,1,0,0,0,0.299,ultrasonic-not-close,KEEP_PAUSED,left,right,,0
335,2026-08-01T22:24:54.125+09:00,35.538,334,9.43,1,STOPPED_RED,,1,1,1,-0.181231,0.000000,0.000000,0,744,green,0,unknown,0.000000,null,0.000000,0.189,,"{""0"": 250, ""1"": 250, ""2"": null, ""3"": null, ""4"": null, ""5"": null, ""6"": null, ""7"": null}","{""0"": 0.0, ""1"": 0.0, ""2"": null, ""3"": null, ""4"": null, ""5"": null, ""6"": null, ""7"": null}","{""0"": 250, ""1"": 250}",250,1,0,0,0,0.189,ultrasonic-not-close,KEEP_PAUSED,left,right,,0
336,2026-08-01T22:24:54.229+09:00,35.640,335,9.43,1,STOPPED_RED,,1,1,1,-0.192467,0.000000,0.000000,0,743,green,0,unknown,0.000000,null,0.000000,0.290,,"{""0"": 250, ""1"": 250, ""2"": null, ""3"": null, ""4"": null, ""5"": null, ""6"": null, ""7"": null}","{""0"": 0.0, ""1"": 0.0, ""2"": null, ""3"": null, ""4"": null, ""5"": null, ""6"": null, ""7"": null}","{""0"": 250, ""1"": 250}",250,1,0,0,0,0.290,ultrasonic-not-close,KEEP_PAUSED,left,right,,0
337,2026-08-01T22:24:54.339+09:00,35.752,336,9.43,1,STOPPED_RED,,1,1,1,-0.181456,0.000000,0.000000,0,743,green,0,unknown,0.000000,null,0.000000,0.294,,"{""0"": 250, ""1"": 250, ""2"": null, ""3"": null, ""4"": null, ""5"": null, ""6"": null, ""7"": null}","{""0"": 0.0, ""1"": 0.0, ""2"": null, ""3"": null, ""4"": null, ""5"": null, ""6"": null, ""7"": null}","{""0"": 250, ""1"": 250}",250,1,0,0,0,0.294,ultrasonic-not-close,KEEP_PAUSED,left,right,,0
338,2026-08-01T22:24:54.449+09:00,35.861,337,9.43,1,STOPPED_RED,,1,1,1,-0.192086,0.000000,0.000000,0,743,green,0,unknown,0.000000,null,0.000000,0.189,,"{""0"": 250, ""1"": 250, ""2"": null, ""3"": null, ""4"": null, ""5"": null, ""6"": null, ""7"": null}","{""0"": 0.0, ""1"": 0.0, ""2"": null, ""3"": null, ""4"": null, ""5"": null, ""6"": null, ""7"": null}","{""0"": 250, ""1"": 250}",250,1,0,0,0,0.189,ultrasonic-not-close,KEEP_PAUSED,left,right,,0
339,2026-08-01T22:24:54.552+09:00,35.964,338,9.43,1,STOPPED_RED,,1,1,1,-0.181158,0.000000,0.000000,0,744,green,0,unknown,0.000000,null,0.000000,0.291,,"{""0"": 250, ""1"": 250, ""2"": null, ""3"": null, ""4"": null, ""5"": null, ""6"": null, ""7"": null}","{""0"": 0.0, ""1"": 0.0, ""2"": null, ""3"": null, ""4"": null, ""5"": null, ""6"": null, ""7"": null}","{""0"": 250, ""1"": 250}",250,1,0,0,0,0.291,ultrasonic-not-close,KEEP_PAUSED,left,right,,0
340,2026-08-01T22:24:54.655+09:00,36.067,339,9.43,1,STOPPED_RED,,1,1,1,-0.192318,0.000000,0.000000,0,744,green,0,unknown,0.000000,null,0.000000,0.284,,"{""0"": 250, ""1"": 250, ""2"": null, ""3"": null, ""4"": null, ""5"": null, ""6"": null, ""7"": null}","{""0"": 0.0, ""1"": 0.0, ""2"": null, ""3"": null, ""4"": null, ""5"": null, ""6"": null, ""7"": null}","{""0"": 250, ""1"": 250}",250,1,0,0,0,0.284,ultrasonic-not-close,KEEP_PAUSED,left,right,,0
341,2026-08-01T22:24:54.761+09:00,36.174,340,9.43,1,STOPPED_RED,,1,1,1,-0.180522,0.000000,0.000000,0,744,green,0,unknown,0.000000,null,0.000000,0.179,,"{""0"": 250, ""1"": 250, ""2"": null, ""3"": null, ""4"": null, ""5"": null, ""6"": null, ""7"": null}","{""0"": 0.0, ""1"": 0.0, ""2"": null, ""3"": null, ""4"": null, ""5"": null, ""6"": null, ""7"": null}","{""0"": 250, ""1"": 250}",250,1,0,0,0,0.179,ultrasonic-not-close,KEEP_PAUSED,left,right,,0
342,2026-08-01T22:24:54.873+09:00,36.286,341,9.43,1,STOPPED_RED,,1,1,1,-0.181251,0.000000,0.000000,0,743,green,0,unknown,0.000000,null,0.000000,0.288,,"{""0"": 250, ""1"": 250, ""2"": null, ""3"": null, ""4"": null, ""5"": null, ""6"": null, ""7"": null}","{""0"": 0.0, ""1"": 0.0, ""2"": null, ""3"": null, ""4"": null, ""5"": null, ""6"": null, ""7"": null}","{""0"": 250, ""1"": 250}",250,1,0,0,0,0.288,ultrasonic-not-close,KEEP_PAUSED,left,right,,0
343,2026-08-01T22:24:54.976+09:00,36.389,342,9.43,1,STOPPED_RED,,1,1,1,-0.181261,0.000000,0.000000,0,743,green,0,unknown,0.000000,null,0.000000,0.290,,"{""0"": 250, ""1"": 250, ""2"": null, ""3"": null, ""4"": null, ""5"": null, ""6"": null, ""7"": null}","{""0"": 0.0, ""1"": 0.0, ""2"": null, ""3"": null, ""4"": null, ""5"": null, ""6"": null, ""7"": null}","{""0"": 250, ""1"": 250}",250,1,0,0,0,0.290,ultrasonic-not-close,KEEP_PAUSED,left,right,,0
344,2026-08-01T22:24:55.083+09:00,36.495,343,9.43,1,STOPPED_RED,,1,1,1,-0.181261,0.000000,0.000000,0,743,green,0,unknown,0.000000,null,0.000000,0.291,,"{""0"": 250, ""1"": 250, ""2"": null, ""3"": null, ""4"": null, ""5"": null, ""6"": null, ""7"": null}","{""0"": 0.0, ""1"": 0.0, ""2"": null, ""3"": null, ""4"": null, ""5"": null, ""6"": null, ""7"": null}","{""0"": 250, ""1"": 250}",250,1,0,0,0,0.291,ultrasonic-not-close,KEEP_PAUSED,left,right,,0
345,2026-08-01T22:24:55.186+09:00,36.599,344,9.43,1,STOPPED_RED,,1,1,1,-0.181261,0.000000,0.000000,0,743,green,0,unknown,0.000000,null,0.000000,0.393,,"{""0"": 250, ""1"": 250, ""2"": null, ""3"": null, ""4"": null, ""5"": null, ""6"": null, ""7"": null}","{""0"": 0.0, ""1"": 0.0, ""2"": null, ""3"": null, ""4"": null, ""5"": null, ""6"": null, ""7"": null}","{""0"": 250, ""1"": 250}",250,1,0,0,0,0.393,ultrasonic-not-close,KEEP_PAUSED,left,right,,0
346,2026-08-01T22:24:55.295+09:00,36.707,345,9.43,1,STOPPED_RED,,1,1,1,-0.193200,0.000000,0.000000,0,744,green,0,unknown,0.000000,null,0.000000,0.286,,"{""0"": 250, ""1"": 250, ""2"": null, ""3"": null, ""4"": null, ""5"": null, ""6"": null, ""7"": null}","{""0"": 0.0, ""1"": 0.0, ""2"": null, ""3"": null, ""4"": null, ""5"": null, ""6"": null, ""7"": null}","{""0"": 250, ""1"": 250}",250,1,0,0,0,0.286,ultrasonic-not-close,KEEP_PAUSED,left,right,,0
347,2026-08-01T22:24:55.399+09:00,36.812,346,9.43,1,STOPPED_RED,,1,1,1,-0.181261,0.000000,0.000000,0,745,green,0,unknown,0.000000,null,0.000000,0.286,,"{""0"": 250, ""1"": 250, ""2"": null, ""3"": null, ""4"": null, ""5"": null, ""6"": null, ""7"": null}","{""0"": 0.0, ""1"": 0.0, ""2"": null, ""3"": null, ""4"": null, ""5"": null, ""6"": null, ""7"": null}","{""0"": 250, ""1"": 250}",250,1,0,0,0,0.286,ultrasonic-not-close,KEEP_PAUSED,left,right,,0
348,2026-08-01T22:24:55.501+09:00,36.912,347,9.43,1,STOPPED_RED,,1,1,1,-0.181261,0.000000,0.000000,0,744,green,0,unknown,0.000000,null,0.000000,0.385,,"{""0"": 250, ""1"": 250, ""2"": null, ""3"": null, ""4"": null, ""5"": null, ""6"": null, ""7"": null}","{""0"": 0.0, ""1"": 0.0, ""2"": null, ""3"": null, ""4"": null, ""5"": null, ""6"": null, ""7"": null}","{""0"": 250, ""1"": 250}",250,1,0,0,0,0.385,ultrasonic-not-close,KEEP_PAUSED,left,right,,0
349,2026-08-01T22:24:55.598+09:00,37.010,348,9.43,1,STOPPED_RED,,1,1,1,-0.181261,0.000000,0.000000,0,744,green,0,unknown,0.000000,null,0.000000,0.273,,"{""0"": 250, ""1"": 250, ""2"": null, ""3"": null, ""4"": null, ""5"": null, ""6"": null, ""7"": null}","{""0"": 0.0, ""1"": 0.0, ""2"": null, ""3"": null, ""4"": null, ""5"": null, ""6"": null, ""7"": null}","{""0"": 250, ""1"": 250}",250,1,0,0,0,0.273,ultrasonic-not-close,KEEP_PAUSED,left,right,,0
350,2026-08-01T22:24:55.704+09:00,37.116,349,9.43,1,STOPPED_RED,,1,1,1,-0.193074,0.000000,0.000000,0,743,green,0,unknown,0.000000,null,0.000000,0.274,,"{""0"": 250, ""1"": 250, ""2"": null, ""3"": null, ""4"": null, ""5"": null, ""6"": null, ""7"": null}","{""0"": 0.0, ""1"": 0.0, ""2"": null, ""3"": null, ""4"": null, ""5"": null, ""6"": null, ""7"": null}","{""0"": 250, ""1"": 250}",250,1,0,0,0,0.274,ultrasonic-not-close,KEEP_PAUSED,left,right,,0
351,2026-08-01T22:24:55.807+09:00,37.219,350,9.44,1,STOPPED_RED,,1,1,1,-0.181261,0.000000,0.000000,0,744,green,0,unknown,0.000000,null,0.000000,0.374,,"{""0"": 250, ""1"": 250, ""2"": null, ""3"": null, ""4"": null, ""5"": null, ""6"": null, ""7"": null}","{""0"": 0.0, ""1"": 0.0, ""2"": null, ""3"": null, ""4"": null, ""5"": null, ""6"": null, ""7"": null}","{""0"": 250, ""1"": 250}",250,1,0,0,0,0.374,ultrasonic-not-close,KEEP_PAUSED,left,right,,0
352,2026-08-01T22:24:55.921+09:00,37.333,351,9.43,1,STOPPED_RED,,1,1,1,-0.181687,0.000000,0.000000,0,744,green,0,unknown,0.000000,null,0.000000,0.293,,"{""0"": 250, ""1"": 250, ""2"": null, ""3"": null, ""4"": null, ""5"": null, ""6"": null, ""7"": null}","{""0"": 0.0, ""1"": 0.0, ""2"": null, ""3"": null, ""4"": null, ""5"": null, ""6"": null, ""7"": null}","{""0"": 250, ""1"": 250}",250,1,0,0,0,0.293,ultrasonic-not-close,KEEP_PAUSED,left,right,,0
353,2026-08-01T22:24:56.029+09:00,37.442,352,9.43,1,STOPPED_RED,,1,1,1,-0.181261,0.000000,0.000000,0,744,green,0,unknown,0.000000,null,0.000000,0.191,,"{""0"": 250, ""1"": 250, ""2"": null, ""3"": null, ""4"": null, ""5"": null, ""6"": null, ""7"": null}","{""0"": 0.0, ""1"": 0.0, ""2"": null, ""3"": null, ""4"": null, ""5"": null, ""6"": null, ""7"": null}","{""0"": 250, ""1"": 250}",250,1,0,0,0,0.191,ultrasonic-not-close,KEEP_PAUSED,left,right,,0
354,2026-08-01T22:24:56.137+09:00,37.548,353,9.43,1,STOPPED_RED,,1,1,1,-0.181261,0.000000,0.000000,0,743,green,0,unknown,0.000000,null,0.000000,0.297,,"{""0"": 250, ""1"": 250, ""2"": null, ""3"": null, ""4"": null, ""5"": null, ""6"": null, ""7"": null}","{""0"": 0.0, ""1"": 0.0, ""2"": null, ""3"": null, ""4"": null, ""5"": null, ""6"": null, ""7"": null}","{""0"": 250, ""1"": 250}",250,1,0,0,0,0.297,ultrasonic-not-close,KEEP_PAUSED,left,right,,0
355,2026-08-01T22:24:56.237+09:00,37.650,354,9.43,1,STOPPED_RED,,1,1,1,-0.181231,0.000000,0.000000,0,744,green,0,unknown,0.000000,null,0.000000,0.284,,"{""0"": 250, ""1"": 250, ""2"": null, ""3"": null, ""4"": null, ""5"": null, ""6"": null, ""7"": null}","{""0"": 0.0, ""1"": 0.0, ""2"": null, ""3"": null, ""4"": null, ""5"": null, ""6"": null, ""7"": null}","{""0"": 250, ""1"": 250}",250,1,0,0,0,0.284,ultrasonic-not-close,KEEP_PAUSED,left,right,,0
356,2026-08-01T22:24:56.354+09:00,37.767,355,9.43,1,STOPPED_RED,,1,1,1,-0.181261,0.000000,0.000000,0,743,green,0,unknown,0.000000,null,0.000000,0.296,,"{""0"": 250, ""1"": 250, ""2"": null, ""3"": null, ""4"": null, ""5"": null, ""6"": null, ""7"": null}","{""0"": 0.0, ""1"": 0.0, ""2"": null, ""3"": null, ""4"": null, ""5"": null, ""6"": null, ""7"": null}","{""0"": 250, ""1"": 250}",250,1,0,0,0,0.296,ultrasonic-not-close,KEEP_PAUSED,left,right,,0
357,2026-08-01T22:24:56.468+09:00,37.881,356,9.43,1,STOPPED_RED,,1,1,1,-0.193567,0.000000,0.000000,0,744,green,0,unknown,0.000000,null,0.000000,0.407,,"{""0"": 250, ""1"": 250, ""2"": null, ""3"": null, ""4"": null, ""5"": null, ""6"": null, ""7"": null}","{""0"": 0.0, ""1"": 0.0, ""2"": null, ""3"": null, ""4"": null, ""5"": null, ""6"": null, ""7"": null}","{""0"": 250, ""1"": 250}",250,1,0,0,0,0.407,ultrasonic-not-close,KEEP_PAUSED,left,right,,0
358,2026-08-01T22:24:56.570+09:00,37.981,357,9.43,1,STOPPED_RED,,1,1,1,-0.192229,0.000000,0.000000,0,744,green,0,unknown,0.000000,null,0.000000,0.301,,"{""0"": 250, ""1"": 250, ""2"": null, ""3"": null, ""4"": null, ""5"": null, ""6"": null, ""7"": null}","{""0"": 0.0, ""1"": 0.0, ""2"": null, ""3"": null, ""4"": null, ""5"": null, ""6"": null, ""7"": null}","{""0"": 250, ""1"": 250}",250,1,0,0,0,0.301,ultrasonic-not-close,KEEP_PAUSED,left,right,,0
359,2026-08-01T22:24:56.676+09:00,38.088,358,9.43,1,STOPPED_RED,,1,1,1,-0.180771,0.000000,0.000000,0,744,green,0,unknown,0.000000,null,0.000000,0.290,,"{""0"": 250, ""1"": 250, ""2"": null, ""3"": null, ""4"": null, ""5"": null, ""6"": null, ""7"": null}","{""0"": 0.0, ""1"": 0.0, ""2"": null, ""3"": null, ""4"": null, ""5"": null, ""6"": null, ""7"": null}","{""0"": 250, ""1"": 250}",250,1,0,0,0,0.290,ultrasonic-not-close,KEEP_PAUSED,left,right,,0
360,2026-08-01T22:24:56.798+09:00,38.210,359,9.43,1,STOPPED_RED,,1,1,1,-0.181261,0.000000,0.000000,0,743,green,0,unknown,0.000000,null,0.000000,0.197,,"{""0"": 250, ""1"": 250, ""2"": null, ""3"": null, ""4"": null, ""5"": null, ""6"": null, ""7"": null}","{""0"": 0.0, ""1"": 0.0, ""2"": null, ""3"": null, ""4"": null, ""5"": null, ""6"": null, ""7"": null}","{""0"": 250, ""1"": 250}",250,1,0,0,0,0.197,ultrasonic-not-close,KEEP_PAUSED,left,right,,0
361,2026-08-01T22:24:56.907+09:00,38.318,360,9.43,1,STOPPED_RED,,1,1,1,-0.181261,0.000000,0.000000,0,743,green,0,unknown,0.000000,null,0.000000,0.304,,"{""0"": 250, ""1"": 250, ""2"": null, ""3"": null, ""4"": null, ""5"": null, ""6"": null, ""7"": null}","{""0"": 0.0, ""1"": 0.0, ""2"": null, ""3"": null, ""4"": null, ""5"": null, ""6"": null, ""7"": null}","{""0"": 250, ""1"": 250}",250,1,0,0,0,0.304,ultrasonic-not-close,KEEP_PAUSED,left,right,,0
362,2026-08-01T22:24:57.012+09:00,38.426,361,9.43,1,STOPPED_RED,,1,1,1,-0.181261,0.000000,0.000000,0,744,green,0,unknown,0.000000,null,0.000000,0.307,,"{""0"": 250, ""1"": 250, ""2"": null, ""3"": null, ""4"": null, ""5"": null, ""6"": null, ""7"": null}","{""0"": 0.0, ""1"": 0.0, ""2"": null, ""3"": null, ""4"": null, ""5"": null, ""6"": null, ""7"": null}","{""0"": 250, ""1"": 250}",250,1,0,0,0,0.307,ultrasonic-not-close,KEEP_PAUSED,left,right,,0
363,2026-08-01T22:24:57.124+09:00,38.537,362,9.42,1,STOPPED_RED,,1,1,1,-0.181261,0.000000,0.000000,0,743,green,0,unknown,0.000000,null,0.000000,0.187,,"{""0"": 250, ""1"": 250, ""2"": null, ""3"": null, ""4"": null, ""5"": null, ""6"": null, ""7"": null}","{""0"": 0.0, ""1"": 0.0, ""2"": null, ""3"": null, ""4"": null, ""5"": null, ""6"": null, ""7"": null}","{""0"": 250, ""1"": 250}",250,1,0,0,0,0.187,ultrasonic-not-close,KEEP_PAUSED,left,right,,0
364,2026-08-01T22:24:57.229+09:00,38.641,363,9.42,1,STOPPED_RED,,1,1,1,-0.181261,0.000000,0.000000,0,744,green,0,unknown,0.000000,null,0.000000,0.290,,"{""0"": 250, ""1"": 250, ""2"": null, ""3"": null, ""4"": null, ""5"": null, ""6"": null, ""7"": null}","{""0"": 0.0, ""1"": 0.0, ""2"": null, ""3"": null, ""4"": null, ""5"": null, ""6"": null, ""7"": null}","{""0"": 250, ""1"": 250}",250,1,0,0,0,0.290,ultrasonic-not-close,KEEP_PAUSED,left,right,,0
365,2026-08-01T22:24:57.326+09:00,38.739,364,9.43,1,STOPPED_RED,,1,1,1,-0.181687,0.000000,0.000000,0,743,green,0,unknown,0.000000,null,0.000000,0.283,,"{""0"": 250, ""1"": 250, ""2"": null, ""3"": null, ""4"": null, ""5"": null, ""6"": null, ""7"": null}","{""0"": 0.0, ""1"": 0.0, ""2"": null, ""3"": null, ""4"": null, ""5"": null, ""6"": null, ""7"": null}","{""0"": 250, ""1"": 250}",250,1,0,0,0,0.283,ultrasonic-not-close,KEEP_PAUSED,left,right,,0
366,2026-08-01T22:24:57.432+09:00,38.845,365,9.43,1,STOPPED_RED,,1,1,1,-0.193587,0.000000,0.000000,0,744,green,0,unknown,0.000000,null,0.000000,0.171,,"{""0"": 250, ""1"": 250, ""2"": null, ""3"": null, ""4"": null, ""5"": null, ""6"": null, ""7"": null}","{""0"": 0.0, ""1"": 0.0, ""2"": null, ""3"": null, ""4"": null, ""5"": null, ""6"": null, ""7"": null}","{""0"": 250, ""1"": 250}",250,1,0,0,0,0.171,ultrasonic-not-close,KEEP_PAUSED,left,right,,0
367,2026-08-01T22:24:57.535+09:00,38.946,366,9.43,1,STOPPED_RED,,1,1,1,-0.192244,0.000000,0.000000,0,744,green,0,unknown,0.000000,null,0.000000,0.272,,"{""0"": 250, ""1"": 250, ""2"": null, ""3"": null, ""4"": null, ""5"": null, ""6"": null, ""7"": null}","{""0"": 0.0, ""1"": 0.0, ""2"": null, ""3"": null, ""4"": null, ""5"": null, ""6"": null, ""7"": null}","{""0"": 250, ""1"": 250}",250,1,0,0,0,0.272,ultrasonic-not-close,KEEP_PAUSED,left,right,,0
368,2026-08-01T22:24:57.645+09:00,39.057,367,9.43,1,STOPPED_RED,,1,1,1,-0.180782,0.000000,0.000000,0,744,green,0,unknown,0.000000,null,0.000000,0.288,,"{""0"": 250, ""1"": 250, ""2"": null, ""3"": null, ""4"": null, ""5"": null, ""6"": null, ""7"": null}","{""0"": 0.0, ""1"": 0.0, ""2"": null, ""3"": null, ""4"": null, ""5"": null, ""6"": null, ""7"": null}","{""0"": 250, ""1"": 250}",250,1,0,0,0,0.288,ultrasonic-not-close,KEEP_PAUSED,left,right,,0
369,2026-08-01T22:24:57.752+09:00,39.165,368,9.43,1,STOPPED_RED,,1,1,1,-0.181231,0.000000,0.000000,0,743,green,0,unknown,0.000000,null,0.000000,0.186,,"{""0"": 250, ""1"": 250, ""2"": null, ""3"": null, ""4"": null, ""5"": null, ""6"": null, ""7"": null}","{""0"": 0.0, ""1"": 0.0, ""2"": null, ""3"": null, ""4"": null, ""5"": null, ""6"": null, ""7"": null}","{""0"": 250, ""1"": 250}",250,1,0,0,0,0.186,ultrasonic-not-close,KEEP_PAUSED,left,right,,0
370,2026-08-01T22:24:57.872+09:00,39.283,369,9.42,1,STOPPED_RED,,1,1,1,-0.181687,0.000000,0.000000,0,743,green,0,unknown,0.000000,null,0.000000,0.304,,"{""0"": 250, ""1"": 250, ""2"": null, ""3"": null, ""4"": null, ""5"": null, ""6"": null, ""7"": null}","{""0"": 0.0, ""1"": 0.0, ""2"": null, ""3"": null, ""4"": null, ""5"": null, ""6"": null, ""7"": null}","{""0"": 250, ""1"": 250}",250,1,0,0,0,0.304,ultrasonic-not-close,KEEP_PAUSED,left,right,,0
371,2026-08-01T22:24:57.986+09:00,39.398,370,9.42,1,STOPPED_RED,,1,1,1,-0.192844,0.000000,0.000000,0,743,green,0,unknown,0.000000,null,0.000000,0.310,,"{""0"": 250, ""1"": 250, ""2"": null, ""3"": null, ""4"": null, ""5"": null, ""6"": null, ""7"": null}","{""0"": 0.0, ""1"": 0.0, ""2"": null, ""3"": null, ""4"": null, ""5"": null, ""6"": null, ""7"": null}","{""0"": 250, ""1"": 250}",250,1,0,0,0,0.310,ultrasonic-not-close,KEEP_PAUSED,left,right,,0
372,2026-08-01T22:24:58.095+09:00,39.508,371,9.42,1,STOPPED_RED,,1,1,1,-0.181231,0.000000,0.000000,0,744,green,0,unknown,0.000000,null,0.000000,0.313,,"{""0"": 250, ""1"": 250, ""2"": null, ""3"": null, ""4"": null, ""5"": null, ""6"": null, ""7"": null}","{""0"": 0.0, ""1"": 0.0, ""2"": null, ""3"": null, ""4"": null, ""5"": null, ""6"": null, ""7"": null}","{""0"": 250, ""1"": 250}",250,1,0,0,0,0.313,ultrasonic-not-close,KEEP_PAUSED,left,right,,0
373,2026-08-01T22:24:58.206+09:00,39.618,372,9.42,1,STOPPED_RED,,1,1,1,-0.181687,0.000000,0.000000,0,744,green,0,unknown,0.000000,null,0.000000,0.188,,"{""0"": 250, ""1"": 250, ""2"": null, ""3"": null, ""4"": null, ""5"": null, ""6"": null, ""7"": null}","{""0"": 0.0, ""1"": 0.0, ""2"": null, ""3"": null, ""4"": null, ""5"": null, ""6"": null, ""7"": null}","{""0"": 250, ""1"": 250}",250,1,0,0,0,0.188,ultrasonic-not-close,KEEP_PAUSED,left,right,,0
374,2026-08-01T22:24:58.317+09:00,39.729,373,9.42,1,STOPPED_RED,,1,1,1,-0.181261,0.000000,0.000000,0,744,green,0,unknown,0.000000,null,0.000000,0.296,,"{""0"": 250, ""1"": 250, ""2"": null, ""3"": null, ""4"": null, ""5"": null, ""6"": null, ""7"": null}","{""0"": 0.0, ""1"": 0.0, ""2"": null, ""3"": null, ""4"": null, ""5"": null, ""6"": null, ""7"": null}","{""0"": 250, ""1"": 250}",250,1,0,0,0,0.296,ultrasonic-not-close,KEEP_PAUSED,left,right,,0
375,2026-08-01T22:24:58.444+09:00,39.858,374,9.41,1,STOPPED_RED,,1,1,1,-0.181687,0.000000,0.000000,0,744,green,0,unknown,0.000000,null,0.000000,0.319,,"{""0"": 250, ""1"": 250, ""2"": null, ""3"": null, ""4"": null, ""5"": null, ""6"": null, ""7"": null}","{""0"": 0.0, ""1"": 0.0, ""2"": null, ""3"": null, ""4"": null, ""5"": null, ""6"": null, ""7"": null}","{""0"": 250, ""1"": 250}",250,1,0,0,0,0.319,ultrasonic-not-close,KEEP_PAUSED,left,right,,0
376,2026-08-01T22:24:58.554+09:00,39.967,375,9.41,1,STOPPED_RED,,1,1,1,-0.181261,0.000000,0.000000,0,744,green,0,unknown,0.000000,null,0.000000,0.207,,"{""0"": 250, ""1"": 250, ""2"": null, ""3"": null, ""4"": null, ""5"": null, ""6"": null, ""7"": null}","{""0"": 0.0, ""1"": 0.0, ""2"": null, ""3"": null, ""4"": null, ""5"": null, ""6"": null, ""7"": null}","{""0"": 250, ""1"": 250}",250,1,0,0,0,0.207,ultrasonic-not-close,KEEP_PAUSED,left,right,,0
377,2026-08-01T22:24:58.666+09:00,40.079,376,9.41,1,STOPPED_RED,,1,1,1,-0.193969,0.000000,0.000000,0,744,green,0,unknown,0.000000,null,0.000000,0.316,,"{""0"": 250, ""1"": 250, ""2"": null, ""3"": null, ""4"": null, ""5"": null, ""6"": null, ""7"": null}","{""0"": 0.0, ""1"": 0.0, ""2"": null, ""3"": null, ""4"": null, ""5"": null, ""6"": null, ""7"": null}","{""0"": 250, ""1"": 250}",250,1,0,0,0,0.316,ultrasonic-not-close,KEEP_PAUSED,left,right,,0
378,2026-08-01T22:24:58.775+09:00,40.188,377,9.41,1,STOPPED_RED,,1,1,1,-0.192892,0.000000,0.000000,0,743,green,0,unknown,0.000000,null,0.000000,0.298,,"{""0"": 250, ""1"": 250, ""2"": null, ""3"": null, ""4"": null, ""5"": null, ""6"": null, ""7"": null}","{""0"": 0.0, ""1"": 0.0, ""2"": null, ""3"": null, ""4"": null, ""5"": null, ""6"": null, ""7"": null}","{""0"": 250, ""1"": 250}",250,1,0,0,0,0.298,ultrasonic-not-close,KEEP_PAUSED,left,right,,0
379,2026-08-01T22:24:58.881+09:00,40.295,378,9.41,1,STOPPED_RED,,1,1,1,-0.181796,0.000000,0.000000,0,743,green,0,unknown,0.000000,null,0.000000,0.297,,"{""0"": 250, ""1"": 250, ""2"": null, ""3"": null, ""4"": null, ""5"": null, ""6"": null, ""7"": null}","{""0"": 0.0, ""1"": 0.0, ""2"": null, ""3"": null, ""4"": null, ""5"": null, ""6"": null, ""7"": null}","{""0"": 250, ""1"": 250}",250,1,0,0,0,0.297,ultrasonic-not-close,KEEP_PAUSED,left,right,,0
380,2026-08-01T22:24:58.995+09:00,40.407,379,9.41,1,STOPPED_RED,,1,1,1,-0.193184,0.000000,0.000000,0,744,green,0,unknown,0.000000,null,0.000000,0.408,,"{""0"": 250, ""1"": 250, ""2"": null, ""3"": null, ""4"": null, ""5"": null, ""6"": null, ""7"": null}","{""0"": 0.0, ""1"": 0.0, ""2"": null, ""3"": null, ""4"": null, ""5"": null, ""6"": null, ""7"": null}","{""0"": 250, ""1"": 250}",250,1,0,0,0,0.408,ultrasonic-not-close,KEEP_PAUSED,left,right,,0
381,2026-08-01T22:24:59.092+09:00,40.505,380,9.41,1,STOPPED_RED,,1,1,1,-0.181662,0.000000,0.000000,0,743,green,0,unknown,0.000000,null,0.000000,0.285,,"{""0"": 250, ""1"": 250, ""2"": null, ""3"": null, ""4"": null, ""5"": null, ""6"": null, ""7"": null}","{""0"": 0.0, ""1"": 0.0, ""2"": null, ""3"": null, ""4"": null, ""5"": null, ""6"": null, ""7"": null}","{""0"": 250, ""1"": 250}",250,1,0,0,0,0.285,ultrasonic-not-close,KEEP_PAUSED,left,right,,0
382,2026-08-01T22:24:59.194+09:00,40.608,381,9.41,1,STOPPED_RED,,1,1,1,-0.182341,0.000000,0.000000,0,743,green,0,unknown,0.000000,null,0.000000,0.284,,"{""0"": 250, ""1"": 250, ""2"": null, ""3"": null, ""4"": null, ""5"": null, ""6"": null, ""7"": null}","{""0"": 0.0, ""1"": 0.0, ""2"": null, ""3"": null, ""4"": null, ""5"": null, ""6"": null, ""7"": null}","{""0"": 250, ""1"": 250}",250,1,0,0,0,0.284,ultrasonic-not-close,KEEP_PAUSED,left,right,,0
383,2026-08-01T22:24:59.311+09:00,40.725,382,9.41,1,STOPPED_RED,,1,1,1,-0.182272,0.000000,0.000000,0,743,green,0,unknown,0.000000,null,0.000000,0.400,,"{""0"": 250, ""1"": 250, ""2"": null, ""3"": null, ""4"": null, ""5"": null, ""6"": null, ""7"": null}","{""0"": 0.0, ""1"": 0.0, ""2"": null, ""3"": null, ""4"": null, ""5"": null, ""6"": null, ""7"": null}","{""0"": 250, ""1"": 250}",250,1,0,0,0,0.400,ultrasonic-not-close,KEEP_PAUSED,left,right,,0
384,2026-08-01T22:24:59.423+09:00,40.835,383,9.41,1,STOPPED_RED,,1,1,1,-0.182272,0.000000,0.000000,0,743,green,0,unknown,0.000000,null,0.000000,0.299,,"{""0"": 250, ""1"": 250, ""2"": null, ""3"": null, ""4"": null, ""5"": null, ""6"": null, ""7"": null}","{""0"": 0.0, ""1"": 0.0, ""2"": null, ""3"": null, ""4"": null, ""5"": null, ""6"": null, ""7"": null}","{""0"": 250, ""1"": 250}",250,1,0,0,0,0.299,ultrasonic-not-close,KEEP_PAUSED,left,right,,0
385,2026-08-01T22:24:59.527+09:00,40.940,384,9.41,1,STOPPED_RED,,1,1,1,-0.194406,0.000000,0.000000,0,743,green,0,unknown,0.000000,null,0.000000,0.303,,"{""0"": 250, ""1"": 250, ""2"": null, ""3"": null, ""4"": null, ""5"": null, ""6"": null, ""7"": null}","{""0"": 0.0, ""1"": 0.0, ""2"": null, ""3"": null, ""4"": null, ""5"": null, ""6"": null, ""7"": null}","{""0"": 250, ""1"": 250}",250,1,0,0,0,0.303,ultrasonic-not-close,KEEP_PAUSED,left,right,,0
386,2026-08-01T22:24:59.647+09:00,41.060,385,9.40,1,STOPPED_RED,,1,1,1,-0.182272,0.000000,0.000000,0,743,green,0,unknown,0.000000,null,0.000000,0.193,,"{""0"": 250, ""1"": 250, ""2"": null, ""3"": null, ""4"": null, ""5"": null, ""6"": null, ""7"": null}","{""0"": 0.0, ""1"": 0.0, ""2"": null, ""3"": null, ""4"": null, ""5"": null, ""6"": null, ""7"": null}","{""0"": 250, ""1"": 250}",250,1,0,0,0,0.193,ultrasonic-not-close,KEEP_PAUSED,left,right,,0
387,2026-08-01T22:24:59.752+09:00,41.164,386,9.41,1,STOPPED_RED,,1,1,1,-0.182272,0.000000,0.000000,0,743,green,0,unknown,0.000000,null,0.000000,0.296,,"{""0"": 250, ""1"": 250, ""2"": null, ""3"": null, ""4"": null, ""5"": null, ""6"": null, ""7"": null}","{""0"": 0.0, ""1"": 0.0, ""2"": null, ""3"": null, ""4"": null, ""5"": null, ""6"": null, ""7"": null}","{""0"": 250, ""1"": 250}",250,1,0,0,0,0.296,ultrasonic-not-close,KEEP_PAUSED,left,right,,0
388,2026-08-01T22:24:59.853+09:00,41.266,387,9.41,1,STOPPED_RED,,1,1,1,-0.182272,0.000000,0.000000,0,743,green,0,unknown,0.000000,null,0.000000,0.295,,"{""0"": 250, ""1"": 250, ""2"": null, ""3"": null, ""4"": null, ""5"": null, ""6"": null, ""7"": null}","{""0"": 0.0, ""1"": 0.0, ""2"": null, ""3"": null, ""4"": null, ""5"": null, ""6"": null, ""7"": null}","{""0"": 250, ""1"": 250}",250,1,0,0,0,0.295,ultrasonic-not-close,KEEP_PAUSED,left,right,,0
389,2026-08-01T22:24:59.966+09:00,41.380,388,9.40,1,STOPPED_RED,,1,1,1,-0.182272,0.000000,0.000000,0,744,green,0,unknown,0.000000,null,0.000000,0.183,,"{""0"": 250, ""1"": 250, ""2"": null, ""3"": null, ""4"": null, ""5"": null, ""6"": null, ""7"": null}","{""0"": 0.0, ""1"": 0.0, ""2"": null, ""3"": null, ""4"": null, ""5"": null, ""6"": null, ""7"": null}","{""0"": 250, ""1"": 250}",250,1,0,0,0,0.183,ultrasonic-not-close,KEEP_PAUSED,left,right,,0
390,2026-08-01T22:25:00.073+09:00,41.486,389,9.41,0,STOPPED_RED,,1,1,1,-0.182272,0.000000,0.000000,0,744,green,0,unknown,0.000000,null,0.000000,0.289,,"{""0"": 250, ""1"": 250, ""2"": null, ""3"": null, ""4"": null, ""5"": null, ""6"": null, ""7"": null}","{""0"": 0.0, ""1"": 0.0, ""2"": null, ""3"": null, ""4"": null, ""5"": null, ""6"": null, ""7"": null}","{""0"": 250, ""1"": 250}",250,1,0,0,0,0.289,ultrasonic-not-close,KEEP_PAUSED,left,right,,0
391,2026-08-01T22:25:00.172+09:00,41.584,390,9.41,0,STOPPED_RED,,1,1,1,-0.194347,0.000000,0.000000,0,743,green,0,unknown,0.000000,null,0.000000,0.288,,"{""0"": 250, ""1"": 250, ""2"": null, ""3"": null, ""4"": null, ""5"": null, ""6"": null, ""7"": null}","{""0"": 0.0, ""1"": 0.0, ""2"": null, ""3"": null, ""4"": null, ""5"": null, ""6"": null, ""7"": null}","{""0"": 250, ""1"": 250}",250,1,0,0,0,0.288,ultrasonic-not-close,KEEP_PAUSED,left,right,,0
392,2026-08-01T22:25:00.283+09:00,41.696,391,9.41,0,STOPPED_RED,,1,1,1,-0.182241,0.000000,0.000000,0,743,green,0,unknown,0.000000,null,0.000000,0.178,,"{""0"": 250, ""1"": 250, ""2"": null, ""3"": null, ""4"": null, ""5"": null, ""6"": null, ""7"": null}","{""0"": 0.0, ""1"": 0.0, ""2"": null, ""3"": null, ""4"": null, ""5"": null, ""6"": null, ""7"": null}","{""0"": 250, ""1"": 250}",250,1,0,0,0,0.178,ultrasonic-not-close,KEEP_PAUSED,left,right,,0
393,2026-08-01T22:25:00.390+09:00,41.802,392,9.41,0,STOPPED_RED,,1,1,1,-0.182056,0.000000,0.000000,0,743,green,0,unknown,0.000000,null,0.000000,0.282,,"{""0"": 250, ""1"": 250, ""2"": null, ""3"": null, ""4"": null, ""5"": null, ""6"": null, ""7"": null}","{""0"": 0.0, ""1"": 0.0, ""2"": null, ""3"": null, ""4"": null, ""5"": null, ""6"": null, ""7"": null}","{""0"": 250, ""1"": 250}",250,1,0,0,0,0.282,ultrasonic-not-close,KEEP_PAUSED,left,right,,0
394,2026-08-01T22:25:00.489+09:00,41.902,393,9.41,0,STOPPED_RED,,1,1,1,-0.194372,0.000000,0.000000,0,744,green,0,unknown,0.000000,null,0.000000,0.287,,"{""0"": 250, ""1"": 250, ""2"": null, ""3"": null, ""4"": null, ""5"": null, ""6"": null, ""7"": null}","{""0"": 0.0, ""1"": 0.0, ""2"": null, ""3"": null, ""4"": null, ""5"": null, ""6"": null, ""7"": null}","{""0"": 250, ""1"": 250}",250,1,0,0,0,0.287,ultrasonic-not-close,KEEP_PAUSED,left,right,,0
395,2026-08-01T22:25:00.603+09:00,42.015,394,9.41,0,STOPPED_RED,,1,1,1,-0.182272,0.000000,0.000000,0,744,green,0,unknown,0.000000,null,0.000000,0.181,,"{""0"": 250, ""1"": 250, ""2"": null, ""3"": null, ""4"": null, ""5"": null, ""6"": null, ""7"": null}","{""0"": 0.0, ""1"": 0.0, ""2"": null, ""3"": null, ""4"": null, ""5"": null, ""6"": null, ""7"": null}","{""0"": 250, ""1"": 250}",250,1,0,0,0,0.181,ultrasonic-not-close,KEEP_PAUSED,left,right,,0
396,2026-08-01T22:25:00.724+09:00,42.136,395,9.40,0,STOPPED_RED,,1,1,1,-0.182272,0.000000,0.000000,0,743,green,0,unknown,0.000000,null,0.000000,0.301,,"{""0"": 250, ""1"": 250, ""2"": null, ""3"": null, ""4"": null, ""5"": null, ""6"": null, ""7"": null}","{""0"": 0.0, ""1"": 0.0, ""2"": null, ""3"": null, ""4"": null, ""5"": null, ""6"": null, ""7"": null}","{""0"": 250, ""1"": 250}",250,1,0,0,0,0.301,ultrasonic-not-close,KEEP_PAUSED,left,right,,0
397,2026-08-01T22:25:00.826+09:00,42.238,396,9.40,0,STOPPED_RED,,1,1,1,-0.182272,0.000000,0.000000,0,743,green,0,unknown,0.000000,null,0.000000,0.307,,"{""0"": 250, ""1"": 250, ""2"": null, ""3"": null, ""4"": null, ""5"": null, ""6"": null, ""7"": null}","{""0"": 0.0, ""1"": 0.0, ""2"": null, ""3"": null, ""4"": null, ""5"": null, ""6"": null, ""7"": null}","{""0"": 250, ""1"": 250}",250,1,0,0,0,0.307,ultrasonic-not-close,KEEP_PAUSED,left,right,,0
398,2026-08-01T22:25:00.933+09:00,42.346,397,9.40,0,STOPPED_RED,,1,1,1,-0.192160,0.000000,0.000000,0,742,green,0,unknown,0.000000,null,0.000000,0.301,,"{""0"": 250, ""1"": 250, ""2"": null, ""3"": null, ""4"": null, ""5"": null, ""6"": null, ""7"": null}","{""0"": 0.0, ""1"": 0.0, ""2"": null, ""3"": null, ""4"": null, ""5"": null, ""6"": null, ""7"": null}","{""0"": 250, ""1"": 250}",250,1,0,0,0,0.301,ultrasonic-not-close,KEEP_PAUSED,left,right,,0
399,2026-08-01T22:25:01.051+09:00,42.464,398,9.40,0,STOPPED_RED,,1,1,1,-0.195161,0.000000,0.000000,0,744,green,0,unknown,0.000000,null,0.000000,0.417,,"{""0"": 250, ""1"": 250, ""2"": null, ""3"": null, ""4"": null, ""5"": null, ""6"": null, ""7"": null}","{""0"": 0.0, ""1"": 0.0, ""2"": null, ""3"": null, ""4"": null, ""5"": null, ""6"": null, ""7"": null}","{""0"": 250, ""1"": 250}",250,1,0,0,0,0.417,ultrasonic-not-close,KEEP_PAUSED,left,right,,0
400,2026-08-01T22:25:01.156+09:00,42.569,399,9.40,0,STOPPED_RED,,1,1,1,-0.194483,0.000000,0.000000,0,744,green,0,unknown,0.000000,null,0.000000,0.299,,"{""0"": 250, ""1"": 250, ""2"": null, ""3"": null, ""4"": null, ""5"": null, ""6"": null, ""7"": null}","{""0"": 0.0, ""1"": 0.0, ""2"": null, ""3"": null, ""4"": null, ""5"": null, ""6"": null, ""7"": null}","{""0"": 250, ""1"": 250}",250,1,0,0,0,0.299,ultrasonic-not-close,KEEP_PAUSED,left,right,,0
401,2026-08-01T22:25:01.260+09:00,42.674,400,9.40,0,STOPPED_RED,,1,1,1,-0.019113,0.000000,0.000000,0,744,green,0,unknown,0.000000,null,0.000000,0.298,,"{""0"": 250, ""1"": 250, ""2"": null, ""3"": null, ""4"": null, ""5"": null, ""6"": null, ""7"": null}","{""0"": 0.0, ""1"": 0.0, ""2"": null, ""3"": null, ""4"": null, ""5"": null, ""6"": null, ""7"": null}","{""0"": 250, ""1"": 250}",250,1,0,0,0,0.298,ultrasonic-not-close,KEEP_PAUSED,left,right,,0
402,2026-08-01T22:25:01.367+09:00,42.781,401,9.40,0,STOPPED_RED,,1,1,1,-0.076980,0.000000,0.000000,0,745,green,0,unknown,0.000000,null,0.000000,0.403,,"{""0"": 250, ""1"": 250, ""2"": null, ""3"": null, ""4"": null, ""5"": null, ""6"": null, ""7"": null}","{""0"": 0.0, ""1"": 0.0, ""2"": null, ""3"": null, ""4"": null, ""5"": null, ""6"": null, ""7"": null}","{""0"": 250, ""1"": 250}",250,1,0,0,0,0.403,ultrasonic-not-close,KEEP_PAUSED,left,right,,0
403,2026-08-01T22:25:01.473+09:00,42.887,402,9.40,0,STOPPED_RED,,1,1,1,-0.073016,0.000000,0.000000,0,744,green,0,unknown,0.000000,null,0.000000,0.285,,"{""0"": 250, ""1"": 250, ""2"": null, ""3"": null, ""4"": null, ""5"": null, ""6"": null, ""7"": null}","{""0"": 0.0, ""1"": 0.0, ""2"": null, ""3"": null, ""4"": null, ""5"": null, ""6"": null, ""7"": null}","{""0"": 250, ""1"": 250}",250,1,0,0,0,0.285,ultrasonic-not-close,KEEP_PAUSED,left,right,,0
404,2026-08-01T22:25:01.577+09:00,42.990,403,9.40,0,STOPPED_RED,,1,1,1,-0.088968,0.000000,0.000000,0,743,green,0,unknown,0.000000,null,0.000000,0.285,,"{""0"": 33, ""1"": 250, ""2"": null, ""3"": null, ""4"": null, ""5"": null, ""6"": null, ""7"": null}","{""0"": 0.0, ""1"": 0.0, ""2"": null, ""3"": null, ""4"": null, ""5"": null, ""6"": null, ""7"": null}","{""0"": 33, ""1"": 250}",33,1,1,0,0,0.285,car-not-detected-or-stale,KEEP_PAUSED,left,right,,0
405,2026-08-01T22:25:01.688+09:00,43.102,404,9.40,0,STOPPED_RED,,1,1,1,-0.091571,0.000000,0.000000,0,743,green,0,unknown,0.000000,null,0.000000,0.395,,"{""0"": 36, ""1"": 250, ""2"": null, ""3"": null, ""4"": null, ""5"": null, ""6"": null, ""7"": null}","{""0"": 0.0, ""1"": 0.0, ""2"": null, ""3"": null, ""4"": null, ""5"": null, ""6"": null, ""7"": null}","{""0"": 36, ""1"": 250}",36,1,1,0,0,0.395,car-not-detected-or-stale,KEEP_PAUSED,left,right,,0
406,2026-08-01T22:25:01.790+09:00,43.202,405,9.40,0,STOPPED_RED,,1,1,1,-0.075617,0.000000,0.000000,0,744,green,0,unknown,0.000000,null,0.000000,0.283,,"{""0"": 43, ""1"": 250, ""2"": null, ""3"": null, ""4"": null, ""5"": null, ""6"": null, ""7"": null}","{""0"": 0.0, ""1"": 0.0, ""2"": null, ""3"": null, ""4"": null, ""5"": null, ""6"": null, ""7"": null}","{""0"": 43, ""1"": 250}",43,1,1,0,0,0.283,car-not-detected-or-stale,KEEP_PAUSED,left,right,,0
407,2026-08-01T22:25:01.895+09:00,43.308,406,9.40,0,STOPPED_RED,,1,1,1,-0.042341,0.000000,0.000000,0,743,green,0,unknown,0.000000,null,0.000000,0.287,,"{""0"": 46, ""1"": 250, ""2"": null, ""3"": null, ""4"": null, ""5"": null, ""6"": null, ""7"": null}","{""0"": 0.0, ""1"": 0.0, ""2"": null, ""3"": null, ""4"": null, ""5"": null, ""6"": null, ""7"": null}","{""0"": 46, ""1"": 250}",46,1,1,0,0,0.287,car-not-detected-or-stale,KEEP_PAUSED,left,right,,0
408,2026-08-01T22:25:02.008+09:00,43.421,407,9.40,0,STOPPED_RED,,1,1,1,-0.024936,0.000000,0.000000,0,744,green,0,unknown,0.000000,null,0.000000,0.399,,"{""0"": 52, ""1"": 50, ""2"": null, ""3"": null, ""4"": null, ""5"": null, ""6"": null, ""7"": null}","{""0"": 0.0, ""1"": 0.0, ""2"": null, ""3"": null, ""4"": null, ""5"": null, ""6"": null, ""7"": null}","{""0"": 52, ""1"": 50}",50,1,1,0,0,0.399,car-not-detected-or-stale,KEEP_PAUSED,left,right,,0
409,2026-08-01T22:25:02.106+09:00,43.518,408,9.40,0,STOPPED_RED,,1,1,1,-0.009230,0.000000,0.000000,0,744,green,0,unknown,0.000000,null,0.000000,0.283,,"{""0"": 57, ""1"": 57, ""2"": null, ""3"": null, ""4"": null, ""5"": null, ""6"": null, ""7"": null}","{""0"": 0.0, ""1"": 0.0, ""2"": null, ""3"": null, ""4"": null, ""5"": null, ""6"": null, ""7"": null}","{""0"": 57, ""1"": 57}",57,1,1,0,0,0.283,car-not-detected-or-stale,KEEP_PAUSED,left,right,,0
410,2026-08-01T22:25:02.207+09:00,43.620,409,9.40,0,STOPPED_RED,,1,1,1,0.014810,0.000000,0.000000,0,743,green,0,unknown,0.000000,null,0.000000,0.282,,"{""0"": 64, ""1"": 60, ""2"": null, ""3"": null, ""4"": null, ""5"": null, ""6"": null, ""7"": null}","{""0"": 0.0, ""1"": 0.0, ""2"": null, ""3"": null, ""4"": null, ""5"": null, ""6"": null, ""7"": null}","{""0"": 64, ""1"": 60}",60,1,1,0,0,0.282,car-not-detected-or-stale,KEEP_PAUSED,left,right,,0
411,2026-08-01T22:25:02.318+09:00,43.731,410,9.40,0,STOPPED_RED,,1,1,1,0.035396,0.000000,0.000000,0,744,green,0,unknown,0.000000,null,0.000000,0.392,,"{""0"": 68, ""1"": 70, ""2"": null, ""3"": null, ""4"": null, ""5"": null, ""6"": null, ""7"": null}","{""0"": 0.0, ""1"": 0.0, ""2"": null, ""3"": null, ""4"": null, ""5"": null, ""6"": null, ""7"": null}","{""0"": 68, ""1"": 70}",68,1,1,0,0,0.392,car-not-detected-or-stale,KEEP_PAUSED,left,right,,0
412,2026-08-01T22:25:02.421+09:00,43.833,411,9.40,0,STOPPED_RED,,1,1,1,0.056476,0.000000,0.000000,0,744,green,0,unknown,0.000000,null,0.000000,0.282,,"{""0"": 73, ""1"": 72, ""2"": null, ""3"": null, ""4"": null, ""5"": null, ""6"": null, ""7"": null}","{""0"": 0.0, ""1"": 0.0, ""2"": null, ""3"": null, ""4"": null, ""5"": null, ""6"": null, ""7"": null}","{""0"": 73, ""1"": 72}",72,1,1,0,0,0.282,car-not-detected-or-stale,KEEP_PAUSED,left,right,,0
413,2026-08-01T22:25:02.528+09:00,43.941,412,9.40,0,STOPPED_RED,,1,1,1,0.092358,0.000000,0.000000,0,745,green,0,unknown,0.000000,null,0.000000,0.291,,"{""0"": 79, ""1"": 80, ""2"": null, ""3"": null, ""4"": null, ""5"": null, ""6"": null, ""7"": null}","{""0"": 0.0, ""1"": 0.0, ""2"": null, ""3"": null, ""4"": null, ""5"": null, ""6"": null, ""7"": null}","{""0"": 79, ""1"": 80}",79,1,1,0,0,0.291,car-not-detected-or-stale,KEEP_PAUSED,left,right,,0
414,2026-08-01T22:25:02.649+09:00,44.061,413,9.40,0,STOPPED_RED,,1,1,1,0.117137,0.000000,0.000000,0,745,green,0,unknown,0.000000,null,0.000000,0.196,,"{""0"": 250, ""1"": 87, ""2"": null, ""3"": null, ""4"": null, ""5"": null, ""6"": null, ""7"": null}","{""0"": 0.0, ""1"": 0.0, ""2"": null, ""3"": null, ""4"": null, ""5"": null, ""6"": null, ""7"": null}","{""0"": 250, ""1"": 87}",87,1,1,0,0,0.196,car-not-detected-or-stale,KEEP_PAUSED,left,right,,0
415,2026-08-01T22:25:02.762+09:00,44.174,414,9.40,0,STOPPED_RED,,1,1,1,0.138186,0.000000,0.000000,0,744,green,0,unknown,0.000000,null,0.000000,0.306,,"{""0"": 92, ""1"": 250, ""2"": null, ""3"": null, ""4"": null, ""5"": null, ""6"": null, ""7"": null}","{""0"": 0.0, ""1"": 0.0, ""2"": null, ""3"": null, ""4"": null, ""5"": null, ""6"": null, ""7"": null}","{""0"": 92, ""1"": 250}",92,1,1,0,0,0.306,car-not-detected-or-stale,KEEP_PAUSED,left,right,,0
416,2026-08-01T22:25:02.865+09:00,44.279,415,9.40,0,STOPPED_RED,,1,1,1,0.146931,0.000000,0.000000,0,745,green,0,unknown,0.000000,null,0.000000,0.306,,"{""0"": 250, ""1"": 96, ""2"": null, ""3"": null, ""4"": null, ""5"": null, ""6"": null, ""7"": null}","{""0"": 0.0, ""1"": 0.0, ""2"": null, ""3"": null, ""4"": null, ""5"": null, ""6"": null, ""7"": null}","{""0"": 250, ""1"": 96}",96,1,1,0,0,0.306,car-not-detected-or-stale,KEEP_PAUSED,left,right,,0
417,2026-08-01T22:25:02.978+09:00,44.392,416,9.40,0,STOPPED_RED,,1,1,1,0.157620,0.000000,0.000000,0,744,green,0,unknown,0.000000,null,0.000000,0.185,,"{""0"": 250, ""1"": 250, ""2"": null, ""3"": null, ""4"": null, ""5"": null, ""6"": null, ""7"": null}","{""0"": 0.0, ""1"": 0.0, ""2"": null, ""3"": null, ""4"": null, ""5"": null, ""6"": null, ""7"": null}","{""0"": 250, ""1"": 250}",250,1,0,0,0,0.185,ultrasonic-not-close,KEEP_PAUSED,left,right,,0
418,2026-08-01T22:25:03.089+09:00,44.501,417,9.40,0,STOPPED_RED,,1,1,1,0.163814,0.000000,0.000000,0,745,green,0,unknown,0.000000,null,0.000000,0.294,,"{""0"": 250, ""1"": 250, ""2"": null, ""3"": null, ""4"": null, ""5"": null, ""6"": null, ""7"": null}","{""0"": 0.0, ""1"": 0.0, ""2"": null, ""3"": null, ""4"": null, ""5"": null, ""6"": null, ""7"": null}","{""0"": 250, ""1"": 250}",250,1,0,0,0,0.294,ultrasonic-not-close,KEEP_PAUSED,left,right,,0
419,2026-08-01T22:25:03.204+09:00,44.617,418,9.39,0,STOPPED_RED,,1,1,1,0.173708,0.000000,0.000000,0,744,green,0,unknown,0.000000,null,0.000000,0.308,,"{""0"": 250, ""1"": 250, ""2"": null, ""3"": null, ""4"": null, ""5"": null, ""6"": null, ""7"": null}","{""0"": 0.0, ""1"": 0.0, ""2"": null, ""3"": null, ""4"": null, ""5"": null, ""6"": null, ""7"": null}","{""0"": 250, ""1"": 250}",250,1,0,0,0,0.308,ultrasonic-not-close,KEEP_PAUSED,left,right,,0
420,2026-08-01T22:25:03.309+09:00,44.722,419,9.39,0,STOPPED_RED,,1,1,1,0.181136,0.000000,0.000000,0,744,green,0,unknown,0.000000,null,0.000000,0.301,,"{""0"": 250, ""1"": 250, ""2"": null, ""3"": null, ""4"": null, ""5"": null, ""6"": null, ""7"": null}","{""0"": 0.0, ""1"": 0.0, ""2"": null, ""3"": null, ""4"": null, ""5"": null, ""6"": null, ""7"": null}","{""0"": 250, ""1"": 250}",250,1,0,0,0,0.301,ultrasonic-not-close,KEEP_PAUSED,left,right,,0
421,2026-08-01T22:25:03.416+09:00,44.829,420,9.40,0,STOPPED_RED,,1,1,1,0.186426,0.000000,0.000000,0,744,green,0,unknown,0.000000,null,0.000000,0.406,,"{""0"": 250, ""1"": 250, ""2"": null, ""3"": null, ""4"": null, ""5"": null, ""6"": null, ""7"": null}","{""0"": 0.0, ""1"": 0.0, ""2"": null, ""3"": null, ""4"": null, ""5"": null, ""6"": null, ""7"": null}","{""0"": 250, ""1"": 250}",250,1,0,0,0,0.406,ultrasonic-not-close,KEEP_PAUSED,left,right,,0
422,2026-08-01T22:25:03.525+09:00,44.938,421,9.39,0,STOPPED_RED,,1,1,1,0.170884,0.000000,0.000000,0,745,green,0,unknown,0.000000,null,0.000000,0.289,,"{""0"": 250, ""1"": 132, ""2"": null, ""3"": null, ""4"": null, ""5"": null, ""6"": null, ""7"": null}","{""0"": 0.0, ""1"": 0.0, ""2"": null, ""3"": null, ""4"": null, ""5"": null, ""6"": null, ""7"": null}","{""0"": 250, ""1"": 132}",132,1,1,0,0,0.289,car-not-detected-or-stale,KEEP_PAUSED,left,right,,0
423,2026-08-01T22:25:03.631+09:00,45.044,422,9.39,0,STOPPED_RED,,1,1,1,0.155206,0.000000,0.000000,0,744,green,0,unknown,0.000000,null,0.000000,0.291,,"{""0"": 250, ""1"": 130, ""2"": null, ""3"": null, ""4"": null, ""5"": null, ""6"": null, ""7"": null}","{""0"": 0.0, ""1"": 0.0, ""2"": null, ""3"": null, ""4"": null, ""5"": null, ""6"": null, ""7"": null}","{""0"": 250, ""1"": 130}",130,1,1,0,0,0.291,car-not-detected-or-stale,KEEP_PAUSED,left,right,,0
424,2026-08-01T22:25:03.741+09:00,45.153,423,9.39,0,STOPPED_RED,,1,1,1,0.131607,0.000000,0.000000,0,744,green,0,unknown,0.000000,null,0.000000,0.400,,"{""0"": 250, ""1"": 250, ""2"": null, ""3"": null, ""4"": null, ""5"": null, ""6"": null, ""7"": null}","{""0"": 0.0, ""1"": 0.0, ""2"": null, ""3"": null, ""4"": null, ""5"": null, ""6"": null, ""7"": null}","{""0"": 250, ""1"": 250}",250,1,0,0,0,0.400,ultrasonic-not-close,KEEP_PAUSED,left,right,,0
425,2026-08-01T22:25:03.848+09:00,45.260,424,9.39,0,STOPPED_RED,,1,1,1,0.118588,0.000000,0.000000,0,744,green,0,unknown,0.000000,null,0.000000,0.291,,"{""0"": 250, ""1"": 133, ""2"": null, ""3"": null, ""4"": null, ""5"": null, ""6"": null, ""7"": null}","{""0"": 0.0, ""1"": 0.0, ""2"": null, ""3"": null, ""4"": null, ""5"": null, ""6"": null, ""7"": null}","{""0"": 250, ""1"": 133}",133,1,1,0,0,0.291,car-not-detected-or-stale,KEEP_PAUSED,left,right,,0
426,2026-08-01T22:25:03.950+09:00,45.364,425,9.39,0,STOPPED_RED,,1,1,1,0.104035,0.000000,0.000000,0,743,green,0,unknown,0.000000,null,0.000000,0.288,,"{""0"": 134, ""1"": 133, ""2"": null, ""3"": null, ""4"": null, ""5"": null, ""6"": null, ""7"": null}","{""0"": 0.0, ""1"": 0.0, ""2"": null, ""3"": null, ""4"": null, ""5"": null, ""6"": null, ""7"": null}","{""0"": 134, ""1"": 133}",133,1,1,0,0,0.288,car-not-detected-or-stale,KEEP_PAUSED,left,right,,0
427,2026-08-01T22:25:04.058+09:00,45.470,426,9.39,0,STOPPED_RED,,1,1,1,0.109461,0.000000,0.000000,0,744,green,0,unknown,0.000000,null,0.000000,0.394,,"{""0"": 135, ""1"": 132, ""2"": null, ""3"": null, ""4"": null, ""5"": null, ""6"": null, ""7"": null}","{""0"": 0.0, ""1"": 0.0, ""2"": null, ""3"": null, ""4"": null, ""5"": null, ""6"": null, ""7"": null}","{""0"": 135, ""1"": 132}",132,1,1,0,0,0.394,car-not-detected-or-stale,KEEP_PAUSED,left,right,,0
428,2026-08-01T22:25:04.160+09:00,45.571,427,9.40,0,STOPPED_RED,,1,1,1,0.103733,0.000000,0.000000,0,743,green,0,unknown,0.000000,null,0.000000,0.277,,"{""0"": 134, ""1"": 133, ""2"": null, ""3"": null, ""4"": null, ""5"": null, ""6"": null, ""7"": null}","{""0"": 0.0, ""1"": 0.0, ""2"": null, ""3"": null, ""4"": null, ""5"": null, ""6"": null, ""7"": null}","{""0"": 134, ""1"": 133}",133,1,1,0,0,0.277,car-not-detected-or-stale,KEEP_PAUSED,left,right,,0
429,2026-08-01T22:25:04.266+09:00,45.678,428,9.40,0,STOPPED_RED,,1,1,1,0.104336,0.000000,0.000000,0,744,green,0,unknown,0.000000,null,0.000000,0.285,,"{""0"": 133, ""1"": 133, ""2"": null, ""3"": null, ""4"": null, ""5"": null, ""6"": null, ""7"": null}","{""0"": 0.0, ""1"": 0.0, ""2"": null, ""3"": null, ""4"": null, ""5"": null, ""6"": null, ""7"": null}","{""0"": 133, ""1"": 133}",133,1,1,0,0,0.285,car-not-detected-or-stale,KEEP_PAUSED,left,right,,0
430,2026-08-01T22:25:04.377+09:00,45.790,429,9.39,0,STOPPED_RED,,1,1,1,0.104035,0.000000,0.000000,0,744,green,0,unknown,0.000000,null,0.000000,0.188,,"{""0"": 134, ""1"": 133, ""2"": null, ""3"": null, ""4"": null, ""5"": null, ""6"": null, ""7"": null}","{""0"": 0.0, ""1"": 0.0, ""2"": null, ""3"": null, ""4"": null, ""5"": null, ""6"": null, ""7"": null}","{""0"": 134, ""1"": 133}",133,1,1,0,0,0.188,car-not-detected-or-stale,KEEP_PAUSED,left,right,,0
431,2026-08-01T22:25:04.478+09:00,45.889,430,9.40,0,STOPPED_RED,,1,1,1,0.104802,0.000000,0.000000,0,744,green,0,unknown,0.000000,null,0.000000,0.286,,"{""0"": 134, ""1"": 133, ""2"": null, ""3"": null, ""4"": null, ""5"": null, ""6"": null, ""7"": null}","{""0"": 0.0, ""1"": 0.0, ""2"": null, ""3"": null, ""4"": null, ""5"": null, ""6"": null, ""7"": null}","{""0"": 134, ""1"": 133}",133,1,1,0,0,0.286,car-not-detected-or-stale,KEEP_PAUSED,left,right,,0
432,2026-08-01T22:25:04.590+09:00,46.002,431,9.39,0,STOPPED_RED,,1,1,1,0.106557,0.000000,0.000000,0,744,green,0,unknown,0.000000,null,0.000000,0.293,,"{""0"": 134, ""1"": 139, ""2"": null, ""3"": null, ""4"": null, ""5"": null, ""6"": null, ""7"": null}","{""0"": 0.0, ""1"": 0.0, ""2"": null, ""3"": null, ""4"": null, ""5"": null, ""6"": null, ""7"": null}","{""0"": 134, ""1"": 139}",134,1,1,0,0,0.293,car-not-detected-or-stale,KEEP_PAUSED,left,right,,0
433,2026-08-01T22:25:04.701+09:00,46.114,432,9.39,0,STOPPED_RED,,1,1,1,0.109927,0.000000,0.000000,0,743,green,0,unknown,0.000000,null,0.000000,0.192,,"{""0"": 134, ""1"": 134, ""2"": null, ""3"": null, ""4"": null, ""5"": null, ""6"": null, ""7"": null}","{""0"": 0.001, ""1"": 0.001, ""2"": null, ""3"": null, ""4"": null, ""5"": null, ""6"": null, ""7"": null}","{""0"": 134, ""1"": 134}",134,1,1,0,0,0.191,car-not-detected-or-stale,KEEP_PAUSED,left,right,,0
434,2026-08-01T22:25:04.811+09:00,46.222,433,9.39,0,STOPPED_RED,,1,1,1,0.114093,0.000000,0.000000,0,744,green,0,unknown,0.000000,null,0.000000,0.299,,"{""0"": 135, ""1"": 140, ""2"": null, ""3"": null, ""4"": null, ""5"": null, ""6"": null, ""7"": null}","{""0"": 0.0, ""1"": 0.0, ""2"": null, ""3"": null, ""4"": null, ""5"": null, ""6"": null, ""7"": null}","{""0"": 135, ""1"": 140}",135,1,1,0,0,0.299,car-not-detected-or-stale,KEEP_PAUSED,left,right,,0
435,2026-08-01T22:25:04.914+09:00,46.328,434,9.39,0,STOPPED_RED,,1,1,1,0.118451,0.000000,0.000000,0,744,green,1,obstacle-car,0.482940,"[950, 289, 1169, 602]",0.074289,0.295,,"{""0"": 137, ""1"": 135, ""2"": null, ""3"": null, ""4"": null, ""5"": null, ""6"": null, ""7"": null}","{""0"": 0.0, ""1"": 0.0, ""2"": null, ""3"": null, ""4"": null, ""5"": null, ""6"": null, ""7"": null}","{""0"": 137, ""1"": 135}",135,1,1,1,0,0.295,car+ultrasonic,KEEP_PAUSED,left,right,,0
436,2026-08-01T22:25:05.035+09:00,46.447,435,9.39,0,STOPPED_RED,,1,1,1,0.123440,0.000000,0.000000,0,744,green,0,unknown,0.000000,null,0.000000,0.192,,"{""0"": 137, ""1"": 136, ""2"": null, ""3"": null, ""4"": null, ""5"": null, ""6"": null, ""7"": null}","{""0"": 0.0, ""1"": 0.0, ""2"": null, ""3"": null, ""4"": null, ""5"": null, ""6"": null, ""7"": null}","{""0"": 137, ""1"": 136}",136,1,1,0,0,0.192,car-not-detected-or-stale,KEEP_PAUSED,left,right,,0
437,2026-08-01T22:25:05.144+09:00,46.555,436,9.39,0,STOPPED_RED,,1,1,1,0.122782,0.000000,0.000000,0,744,green,0,unknown,0.000000,null,0.000000,0.300,,"{""0"": 138, ""1"": 136, ""2"": null, ""3"": null, ""4"": null, ""5"": null, ""6"": null, ""7"": null}","{""0"": 0.0, ""1"": 0.0, ""2"": null, ""3"": null, ""4"": null, ""5"": null, ""6"": null, ""7"": null}","{""0"": 138, ""1"": 136}",136,1,1,0,0,0.300,car-not-detected-or-stale,KEEP_PAUSED,left,right,,0
438,2026-08-01T22:25:05.245+09:00,46.657,437,9.39,0,STOPPED_RED,,1,1,1,0.121384,0.000000,0.000000,0,744,green,0,unknown,0.000000,null,0.000000,0.300,,"{""0"": 139, ""1"": 136, ""2"": null, ""3"": null, ""4"": null, ""5"": null, ""6"": null, ""7"": null}","{""0"": 0.0, ""1"": 0.0, ""2"": null, ""3"": null, ""4"": null, ""5"": null, ""6"": null, ""7"": null}","{""0"": 139, ""1"": 136}",136,1,1,0,0,0.300,car-not-detected-or-stale,KEEP_PAUSED,left,right,,0
439,2026-08-01T22:25:05.352+09:00,46.764,438,9.39,0,STOPPED_RED,,1,1,1,0.121384,0.000000,0.000000,0,744,green,0,unknown,0.000000,null,0.000000,0.288,,"{""0"": 138, ""1"": 136, ""2"": null, ""3"": null, ""4"": null, ""5"": null, ""6"": null, ""7"": null}","{""0"": 0.0, ""1"": 0.0, ""2"": null, ""3"": null, ""4"": null, ""5"": null, ""6"": null, ""7"": null}","{""0"": 138, ""1"": 136}",136,1,1,0,0,0.288,car-not-detected-or-stale,KEEP_PAUSED,left,right,,0
440,2026-08-01T22:25:05.462+09:00,46.874,439,9.39,0,STOPPED_RED,,1,1,1,0.120918,0.000000,0.000000,0,744,green,0,unknown,0.000000,null,0.000000,0.395,,"{""0"": 139, ""1"": 136, ""2"": null, ""3"": null, ""4"": null, ""5"": null, ""6"": null, ""7"": null}","{""0"": 0.0, ""1"": 0.0, ""2"": null, ""3"": null, ""4"": null, ""5"": null, ""6"": null, ""7"": null}","{""0"": 139, ""1"": 136}",136,1,1,0,0,0.395,car-not-detected-or-stale,KEEP_PAUSED,left,right,,0
441,2026-08-01T22:25:05.574+09:00,46.986,440,9.39,0,STOPPED_RED,,1,1,1,0.120918,0.000000,0.000000,0,744,green,0,unknown,0.000000,null,0.000000,0.297,,"{""0"": 138, ""1"": 135, ""2"": null, ""3"": null, ""4"": null, ""5"": null, ""6"": null, ""7"": null}","{""0"": 0.0, ""1"": 0.0, ""2"": null, ""3"": null, ""4"": null, ""5"": null, ""6"": null, ""7"": null}","{""0"": 138, ""1"": 135}",135,1,1,0,0,0.297,car-not-detected-or-stale,KEEP_PAUSED,left,right,,0
442,2026-08-01T22:25:05.680+09:00,47.093,441,9.39,0,STOPPED_RED,,1,1,1,0.120918,0.000000,0.000000,0,743,green,0,unknown,0.000000,null,0.000000,0.298,,"{""0"": 138, ""1"": 136, ""2"": null, ""3"": null, ""4"": null, ""5"": null, ""6"": null, ""7"": null}","{""0"": 0.0, ""1"": 0.0, ""2"": null, ""3"": null, ""4"": null, ""5"": null, ""6"": null, ""7"": null}","{""0"": 138, ""1"": 136}",136,1,1,0,0,0.298,car-not-detected-or-stale,KEEP_PAUSED,left,right,,0
443,2026-08-01T22:25:05.788+09:00,47.201,442,9.39,0,STOPPED_RED,,1,1,1,0.120918,0.000000,0.000000,0,744,green,0,unknown,0.000000,null,0.000000,0.405,,"{""0"": 138, ""1"": 137, ""2"": null, ""3"": null, ""4"": null, ""5"": null, ""6"": null, ""7"": null}","{""0"": 0.0, ""1"": 0.0, ""2"": null, ""3"": null, ""4"": null, ""5"": null, ""6"": null, ""7"": null}","{""0"": 138, ""1"": 137}",137,1,1,0,0,0.405,car-not-detected-or-stale,KEEP_PAUSED,left,right,,0
444,2026-08-01T22:25:05.894+09:00,47.305,443,9.39,0,STOPPED_RED,,1,1,1,0.120918,0.000000,0.000000,0,744,green,0,unknown,0.000000,null,0.000000,0.287,,"{""0"": 137, ""1"": 136, ""2"": null, ""3"": null, ""4"": null, ""5"": null, ""6"": null, ""7"": null}","{""0"": 0.0, ""1"": 0.0, ""2"": null, ""3"": null, ""4"": null, ""5"": null, ""6"": null, ""7"": null}","{""0"": 137, ""1"": 136}",136,1,1,0,0,0.287,car-not-detected-or-stale,KEEP_PAUSED,left,right,,0
445,2026-08-01T22:25:06.002+09:00,47.414,444,9.39,0,STOPPED_RED,,1,1,1,0.120918,0.000000,0.000000,0,744,green,0,unknown,0.000000,null,0.000000,0.291,,"{""0"": 137, ""1"": 136, ""2"": null, ""3"": null, ""4"": null, ""5"": null, ""6"": null, ""7"": null}","{""0"": 0.0, ""1"": 0.0, ""2"": null, ""3"": null, ""4"": null, ""5"": null, ""6"": null, ""7"": null}","{""0"": 137, ""1"": 136}",136,1,1,0,0,0.291,car-not-detected-or-stale,KEEP_PAUSED,left,right,,0
446,2026-08-01T22:25:06.118+09:00,47.530,445,9.39,0,STOPPED_RED,,1,1,1,0.120918,0.000000,0.000000,0,745,green,0,unknown,0.000000,null,0.000000,0.407,,"{""0"": 138, ""1"": 136, ""2"": null, ""3"": null, ""4"": null, ""5"": null, ""6"": null, ""7"": null}","{""0"": 0.0, ""1"": 0.0, ""2"": null, ""3"": null, ""4"": null, ""5"": null, ""6"": null, ""7"": null}","{""0"": 138, ""1"": 136}",136,1,1,0,0,0.407,car-not-detected-or-stale,KEEP_PAUSED,left,right,,0
447,2026-08-01T22:25:06.223+09:00,47.635,446,9.39,0,STOPPED_RED,,1,1,1,0.120918,0.000000,0.000000,0,745,green,0,unknown,0.000000,null,0.000000,0.297,,"{""0"": 139, ""1"": 136, ""2"": null, ""3"": null, ""4"": null, ""5"": null, ""6"": null, ""7"": null}","{""0"": 0.0, ""1"": 0.0, ""2"": null, ""3"": null, ""4"": null, ""5"": null, ""6"": null, ""7"": null}","{""0"": 139, ""1"": 136}",136,1,1,0,0,0.297,car-not-detected-or-stale,KEEP_PAUSED,left,right,,0
448,2026-08-01T22:25:06.330+09:00,47.742,447,9.39,0,STOPPED_RED,,1,1,1,0.120918,0.000000,0.000000,0,744,green,0,unknown,0.000000,null,0.000000,0.297,,"{""0"": 138, ""1"": 136, ""2"": null, ""3"": null, ""4"": null, ""5"": null, ""6"": null, ""7"": null}","{""0"": 0.0, ""1"": 0.0, ""2"": null, ""3"": null, ""4"": null, ""5"": null, ""6"": null, ""7"": null}","{""0"": 138, ""1"": 136}",136,1,1,0,0,0.297,car-not-detected-or-stale,KEEP_PAUSED,left,right,,0
449,2026-08-01T22:25:06.437+09:00,47.850,448,9.39,0,STOPPED_RED,,1,1,1,0.120918,0.000000,0.000000,0,745,green,0,unknown,0.000000,null,0.000000,0.406,,"{""0"": 138, ""1"": 136, ""2"": null, ""3"": null, ""4"": null, ""5"": null, ""6"": null, ""7"": null}","{""0"": 0.0, ""1"": 0.0, ""2"": null, ""3"": null, ""4"": null, ""5"": null, ""6"": null, ""7"": null}","{""0"": 138, ""1"": 136}",136,1,1,0,0,0.406,car-not-detected-or-stale,KEEP_PAUSED,left,right,,0
450,2026-08-01T22:25:06.544+09:00,47.955,449,9.39,0,STOPPED_RED,,1,1,1,0.120918,0.000000,0.000000,0,744,green,0,unknown,0.000000,null,0.000000,0.287,,"{""0"": 139, ""1"": 136, ""2"": null, ""3"": null, ""4"": null, ""5"": null, ""6"": null, ""7"": null}","{""0"": 0.0, ""1"": 0.0, ""2"": null, ""3"": null, ""4"": null, ""5"": null, ""6"": null, ""7"": null}","{""0"": 139, ""1"": 136}",136,1,1,0,0,0.287,car-not-detected-or-stale,KEEP_PAUSED,left,right,,0
451,2026-08-01T22:25:06.645+09:00,48.058,450,9.39,0,STOPPED_RED,,1,1,1,0.120918,0.000000,0.000000,0,744,green,0,unknown,0.000000,null,0.000000,0.285,,"{""0"": 138, ""1"": 136, ""2"": null, ""3"": null, ""4"": null, ""5"": null, ""6"": null, ""7"": null}","{""0"": 0.0, ""1"": 0.0, ""2"": null, ""3"": null, ""4"": null, ""5"": null, ""6"": null, ""7"": null}","{""0"": 138, ""1"": 136}",136,1,1,0,0,0.285,car-not-detected-or-stale,KEEP_PAUSED,left,right,,0
452,2026-08-01T22:25:06.757+09:00,48.170,451,9.39,0,STOPPED_RED,,1,1,1,0.120753,0.000000,0.000000,0,745,green,0,unknown,0.000000,null,0.000000,0.182,,"{""0"": 138, ""1"": 136, ""2"": null, ""3"": null, ""4"": null, ""5"": null, ""6"": null, ""7"": null}","{""0"": 0.0, ""1"": 0.0, ""2"": null, ""3"": null, ""4"": null, ""5"": null, ""6"": null, ""7"": null}","{""0"": 138, ""1"": 136}",136,1,1,0,0,0.182,car-not-detected-or-stale,KEEP_PAUSED,left,right,,0
453,2026-08-01T22:25:06.877+09:00,48.288,452,9.38,0,STOPPED_RED,,1,1,1,0.120918,0.000000,0.000000,0,744,green,0,unknown,0.000000,null,0.000000,0.299,,"{""0"": 139, ""1"": 136, ""2"": null, ""3"": null, ""4"": null, ""5"": null, ""6"": null, ""7"": null}","{""0"": 0.0, ""1"": 0.0, ""2"": null, ""3"": null, ""4"": null, ""5"": null, ""6"": null, ""7"": null}","{""0"": 139, ""1"": 136}",136,1,1,0,0,0.299,car-not-detected-or-stale,KEEP_PAUSED,left,right,,0
454,2026-08-01T22:25:06.984+09:00,48.396,453,9.38,0,STOPPED_RED,,1,1,1,0.120753,0.000000,0.000000,0,744,green,0,unknown,0.000000,null,0.000000,0.308,,"{""0"": 139, ""1"": 136, ""2"": null, ""3"": null, ""4"": null, ""5"": null, ""6"": null, ""7"": null}","{""0"": 0.0, ""1"": 0.0, ""2"": null, ""3"": null, ""4"": null, ""5"": null, ""6"": null, ""7"": null}","{""0"": 139, ""1"": 136}",136,1,1,0,0,0.308,car-not-detected-or-stale,KEEP_PAUSED,left,right,,0
455,2026-08-01T22:25:07.092+09:00,48.504,454,9.38,0,STOPPED_RED,,1,1,1,0.120918,0.000000,0.000000,0,745,green,0,unknown,0.000000,null,0.000000,0.183,,"{""0"": 137, ""1"": 136, ""2"": null, ""3"": null, ""4"": null, ""5"": null, ""6"": null, ""7"": null}","{""0"": 0.0, ""1"": 0.0, ""2"": null, ""3"": null, ""4"": null, ""5"": null, ""6"": null, ""7"": null}","{""0"": 137, ""1"": 136}",136,1,1,0,0,0.183,car-not-detected-or-stale,KEEP_PAUSED,left,right,,0
456,2026-08-01T22:25:07.207+09:00,48.618,455,9.38,0,STOPPED_RED,,1,1,1,0.120918,0.000000,0.000000,0,745,green,0,unknown,0.000000,null,0.000000,0.296,,"{""0"": 139, ""1"": 136, ""2"": null, ""3"": null, ""4"": null, ""5"": null, ""6"": null, ""7"": null}","{""0"": 0.0, ""1"": 0.0, ""2"": null, ""3"": null, ""4"": null, ""5"": null, ""6"": null, ""7"": null}","{""0"": 139, ""1"": 136}",136,1,1,0,0,0.296,car-not-detected-or-stale,KEEP_PAUSED,left,right,,0
457,2026-08-01T22:25:07.315+09:00,48.727,456,9.38,0,STOPPED_RED,,1,1,1,0.120918,0.000000,0.000000,0,744,green,0,unknown,0.000000,null,0.000000,0.299,,"{""0"": 138, ""1"": 136, ""2"": null, ""3"": null, ""4"": null, ""5"": null, ""6"": null, ""7"": null}","{""0"": 0.0, ""1"": 0.0, ""2"": null, ""3"": null, ""4"": null, ""5"": null, ""6"": null, ""7"": null}","{""0"": 138, ""1"": 136}",136,1,1,0,0,0.299,car-not-detected-or-stale,KEEP_PAUSED,left,right,,0
458,2026-08-01T22:25:07.428+09:00,48.840,457,9.38,0,STOPPED_RED,,1,1,1,0.120918,0.000000,0.000000,0,745,green,0,unknown,0.000000,null,0.000000,0.305,,"{""0"": 138, ""1"": 136, ""2"": null, ""3"": null, ""4"": null, ""5"": null, ""6"": null, ""7"": null}","{""0"": 0.0, ""1"": 0.0, ""2"": null, ""3"": null, ""4"": null, ""5"": null, ""6"": null, ""7"": null}","{""0"": 138, ""1"": 136}",136,1,1,0,0,0.305,car-not-detected-or-stale,KEEP_PAUSED,left,right,,0
459,2026-08-01T22:25:07.542+09:00,48.954,458,9.38,0,STOPPED_RED,,1,1,1,0.120918,0.000000,0.000000,0,744,green,0,unknown,0.000000,null,0.000000,0.418,,"{""0"": 138, ""1"": 138, ""2"": null, ""3"": null, ""4"": null, ""5"": null, ""6"": null, ""7"": null}","{""0"": 0.0, ""1"": 0.0, ""2"": null, ""3"": null, ""4"": null, ""5"": null, ""6"": null, ""7"": null}","{""0"": 138, ""1"": 138}",138,1,1,0,0,0.418,car-not-detected-or-stale,KEEP_PAUSED,left,right,,0
460,2026-08-01T22:25:07.659+09:00,49.069,459,9.38,0,STOPPED_RED,,1,1,1,0.120753,0.000000,0.000000,0,744,green,0,unknown,0.000000,null,0.000000,0.309,,"{""0"": 137, ""1"": 136, ""2"": null, ""3"": null, ""4"": null, ""5"": null, ""6"": null, ""7"": null}","{""0"": 0.0, ""1"": 0.0, ""2"": null, ""3"": null, ""4"": null, ""5"": null, ""6"": null, ""7"": null}","{""0"": 137, ""1"": 136}",136,1,1,0,0,0.309,car-not-detected-or-stale,KEEP_PAUSED,left,right,,0
461,2026-08-01T22:25:07.767+09:00,49.179,460,9.38,0,STOPPED_RED,,1,1,1,0.120918,0.000000,0.000000,0,744,green,0,unknown,0.000000,null,0.000000,0.309,,"{""0"": 137, ""1"": 136, ""2"": null, ""3"": null, ""4"": null, ""5"": null, ""6"": null, ""7"": null}","{""0"": 0.0, ""1"": 0.0, ""2"": null, ""3"": null, ""4"": null, ""5"": null, ""6"": null, ""7"": null}","{""0"": 137, ""1"": 136}",136,1,1,0,0,0.309,car-not-detected-or-stale,KEEP_PAUSED,left,right,,0
462,2026-08-01T22:25:07.873+09:00,49.286,461,9.38,0,STOPPED_RED,,1,1,1,0.120918,0.000000,0.000000,0,745,green,0,unknown,0.000000,null,0.000000,0.182,,"{""0"": 137, ""1"": 136, ""2"": null, ""3"": null, ""4"": null, ""5"": null, ""6"": null, ""7"": null}","{""0"": 0.0, ""1"": 0.0, ""2"": null, ""3"": null, ""4"": null, ""5"": null, ""6"": null, ""7"": null}","{""0"": 137, ""1"": 136}",136,1,1,0,0,0.182,car-not-detected-or-stale,KEEP_PAUSED,left,right,,0
463,2026-08-01T22:25:07.977+09:00,49.390,462,9.38,0,STOPPED_RED,,1,1,1,0.120753,0.000000,0.000000,0,745,green,0,unknown,0.000000,null,0.000000,0.284,,"{""0"": 137, ""1"": 136, ""2"": null, ""3"": null, ""4"": null, ""5"": null, ""6"": null, ""7"": null}","{""0"": 0.0, ""1"": 0.0, ""2"": null, ""3"": null, ""4"": null, ""5"": null, ""6"": null, ""7"": null}","{""0"": 137, ""1"": 136}",136,1,1,0,0,0.284,car-not-detected-or-stale,KEEP_PAUSED,left,right,,0
464,2026-08-01T22:25:08.094+09:00,49.505,463,9.38,0,STOPPED_RED,,1,1,1,0.120918,0.000000,0.000000,0,745,green,0,unknown,0.000000,null,0.000000,0.295,,"{""0"": 137, ""1"": 136, ""2"": null, ""3"": null, ""4"": null, ""5"": null, ""6"": null, ""7"": null}","{""0"": 0.0, ""1"": 0.0, ""2"": null, ""3"": null, ""4"": null, ""5"": null, ""6"": null, ""7"": null}","{""0"": 137, ""1"": 136}",136,1,1,0,0,0.295,car-not-detected-or-stale,KEEP_PAUSED,left,right,,0
465,2026-08-01T22:25:08.209+09:00,49.622,464,9.37,0,STOPPED_RED,,1,1,1,0.120918,0.000000,0.000000,0,743,green,0,unknown,0.000000,null,0.000000,0.200,,"{""0"": 138, ""1"": 136, ""2"": null, ""3"": null, ""4"": null, ""5"": null, ""6"": null, ""7"": null}","{""0"": 0.0, ""1"": 0.0, ""2"": null, ""3"": null, ""4"": null, ""5"": null, ""6"": null, ""7"": null}","{""0"": 138, ""1"": 136}",136,1,1,0,0,0.200,car-not-detected-or-stale,KEEP_PAUSED,left,right,,0
466,2026-08-01T22:25:08.326+09:00,49.737,465,9.37,0,STOPPED_RED,,1,1,1,0.120918,0.000000,0.000000,0,745,green,0,unknown,0.000000,null,0.000000,0.313,,"{""0"": 137, ""1"": 136, ""2"": null, ""3"": null, ""4"": null, ""5"": null, ""6"": null, ""7"": null}","{""0"": 0.0, ""1"": 0.0, ""2"": null, ""3"": null, ""4"": null, ""5"": null, ""6"": null, ""7"": null}","{""0"": 137, ""1"": 136}",136,1,1,0,0,0.313,car-not-detected-or-stale,KEEP_PAUSED,left,right,,0
467,2026-08-01T22:25:08.432+09:00,49.844,466,9.37,0,STOPPED_RED,,1,1,1,0.120918,0.000000,0.000000,0,744,green,0,unknown,0.000000,null,0.000000,0.306,,"{""0"": 138, ""1"": 136, ""2"": null, ""3"": null, ""4"": null, ""5"": null, ""6"": null, ""7"": null}","{""0"": 0.0, ""1"": 0.0, ""2"": null, ""3"": null, ""4"": null, ""5"": null, ""6"": null, ""7"": null}","{""0"": 138, ""1"": 136}",136,1,1,0,0,0.306,car-not-detected-or-stale,KEEP_PAUSED,left,right,,0
468,2026-08-01T22:25:08.541+09:00,49.953,467,9.37,0,STOPPED_RED,,1,1,1,0.120918,0.000000,0.000000,0,743,green,0,unknown,0.000000,null,0.000000,0.299,,"{""0"": 139, ""1"": 136, ""2"": null, ""3"": null, ""4"": null, ""5"": null, ""6"": null, ""7"": null}","{""0"": 0.0, ""1"": 0.0, ""2"": null, ""3"": null, ""4"": null, ""5"": null, ""6"": null, ""7"": null}","{""0"": 139, ""1"": 136}",136,1,1,0,0,0.299,car-not-detected-or-stale,KEEP_PAUSED,left,right,,0
469,2026-08-01T22:25:08.661+09:00,50.072,468,9.37,0,STOPPED_RED,,1,1,1,0.120918,0.000000,0.000000,0,744,green,0,unknown,0.000000,null,0.000000,0.418,,"{""0"": 138, ""1"": 137, ""2"": null, ""3"": null, ""4"": null, ""5"": null, ""6"": null, ""7"": null}","{""0"": 0.0, ""1"": 0.0, ""2"": null, ""3"": null, ""4"": null, ""5"": null, ""6"": null, ""7"": null}","{""0"": 138, ""1"": 137}",137,1,1,0,0,0.418,car-not-detected-or-stale,KEEP_PAUSED,left,right,,0
470,2026-08-01T22:25:08.784+09:00,50.194,469,9.37,0,STOPPED_RED,,1,1,1,0.120753,0.000000,0.000000,0,744,green,0,unknown,0.000000,null,0.000000,0.317,,"{""0"": 139, ""1"": 136, ""2"": null, ""3"": null, ""4"": null, ""5"": null, ""6"": null, ""7"": null}","{""0"": 0.0, ""1"": 0.0, ""2"": null, ""3"": null, ""4"": null, ""5"": null, ""6"": null, ""7"": null}","{""0"": 139, ""1"": 136}",136,1,1,0,0,0.317,car-not-detected-or-stale,KEEP_PAUSED,left,right,,0
471,2026-08-01T22:25:08.889+09:00,50.301,470,9.37,0,STOPPED_RED,,1,1,1,0.120918,0.000000,0.000000,0,744,green,0,unknown,0.000000,null,0.000000,0.316,,"{""0"": 138, ""1"": 136, ""2"": null, ""3"": null, ""4"": null, ""5"": null, ""6"": null, ""7"": null}","{""0"": 0.0, ""1"": 0.0, ""2"": null, ""3"": null, ""4"": null, ""5"": null, ""6"": null, ""7"": null}","{""0"": 138, ""1"": 136}",136,1,1,0,0,0.316,car-not-detected-or-stale,KEEP_PAUSED,left,right,,0
472,2026-08-01T22:25:09.000+09:00,50.413,471,9.37,0,STOPPED_RED,,1,1,1,0.120918,0.000000,0.000000,0,745,green,0,unknown,0.000000,null,0.000000,0.186,,"{""0"": 138, ""1"": 136, ""2"": null, ""3"": null, ""4"": null, ""5"": null, ""6"": null, ""7"": null}","{""0"": 0.0, ""1"": 0.0, ""2"": null, ""3"": null, ""4"": null, ""5"": null, ""6"": null, ""7"": null}","{""0"": 138, ""1"": 136}",136,1,1,0,0,0.186,car-not-detected-or-stale,KEEP_PAUSED,left,right,,0
473,2026-08-01T22:25:09.106+09:00,50.519,472,9.37,0,STOPPED_RED,,1,1,1,0.120918,0.000000,0.000000,0,743,green,0,unknown,0.000000,null,0.000000,0.289,,"{""0"": 137, ""1"": 136, ""2"": null, ""3"": null, ""4"": null, ""5"": null, ""6"": null, ""7"": null}","{""0"": 0.0, ""1"": 0.0, ""2"": null, ""3"": null, ""4"": null, ""5"": null, ""6"": null, ""7"": null}","{""0"": 137, ""1"": 136}",136,1,1,0,0,0.289,car-not-detected-or-stale,KEEP_PAUSED,left,right,,0
474,2026-08-01T22:25:09.216+09:00,50.629,473,9.37,0,STOPPED_RED,,1,1,1,0.120918,0.000000,0.000000,0,744,green,0,unknown,0.000000,null,0.000000,0.296,,"{""0"": 137, ""1"": 135, ""2"": null, ""3"": null, ""4"": null, ""5"": null, ""6"": null, ""7"": null}","{""0"": 0.0, ""1"": 0.0, ""2"": null, ""3"": null, ""4"": null, ""5"": null, ""6"": null, ""7"": null}","{""0"": 137, ""1"": 135}",135,1,1,0,0,0.296,car-not-detected-or-stale,KEEP_PAUSED,left,right,,0
475,2026-08-01T22:25:09.339+09:00,50.751,474,9.36,0,STOPPED_RED,,1,1,1,0.120918,0.000000,0.000000,0,744,green,0,unknown,0.000000,null,0.000000,0.199,,"{""0"": 137, ""1"": 136, ""2"": null, ""3"": null, ""4"": null, ""5"": null, ""6"": null, ""7"": null}","{""0"": 0.0, ""1"": 0.0, ""2"": null, ""3"": null, ""4"": null, ""5"": null, ""6"": null, ""7"": null}","{""0"": 137, ""1"": 136}",136,1,1,0,0,0.199,car-not-detected-or-stale,KEEP_PAUSED,left,right,,0
476,2026-08-01T22:25:09.464+09:00,50.875,475,9.36,0,STOPPED_RED,,1,1,1,0.120753,0.000000,0.000000,0,744,green,0,unknown,0.000000,null,0.000000,0.323,,"{""0"": 139, ""1"": 137, ""2"": null, ""3"": null, ""4"": null, ""5"": null, ""6"": null, ""7"": null}","{""0"": 0.0, ""1"": 0.0, ""2"": null, ""3"": null, ""4"": null, ""5"": null, ""6"": null, ""7"": null}","{""0"": 139, ""1"": 137}",137,1,1,0,0,0.323,car-not-detected-or-stale,KEEP_PAUSED,left,right,,0
477,2026-08-01T22:25:09.570+09:00,50.983,476,9.36,0,STOPPED_RED,,1,1,1,0.120918,0.000000,0.000000,0,744,green,0,unknown,0.000000,null,0.000000,0.322,,"{""0"": 138, ""1"": 136, ""2"": null, ""3"": null, ""4"": null, ""5"": null, ""6"": null, ""7"": null}","{""0"": 0.0, ""1"": 0.0, ""2"": null, ""3"": null, ""4"": null, ""5"": null, ""6"": null, ""7"": null}","{""0"": 138, ""1"": 136}",136,1,1,0,0,0.322,car-not-detected-or-stale,KEEP_PAUSED,left,right,,0
478,2026-08-01T22:25:09.680+09:00,51.092,477,9.36,0,STOPPED_RED,,1,1,1,0.120918,0.000000,0.000000,0,744,green,0,unknown,0.000000,null,0.000000,0.309,,"{""0"": 139, ""1"": 136, ""2"": null, ""3"": null, ""4"": null, ""5"": null, ""6"": null, ""7"": null}","{""0"": 0.0, ""1"": 0.0, ""2"": null, ""3"": null, ""4"": null, ""5"": null, ""6"": null, ""7"": null}","{""0"": 139, ""1"": 136}",136,1,1,0,0,0.309,car-not-detected-or-stale,KEEP_PAUSED,left,right,,0
479,2026-08-01T22:25:09.791+09:00,51.202,478,9.36,0,STOPPED_RED,,1,1,1,0.120918,0.000000,0.000000,0,744,green,0,unknown,0.000000,null,0.000000,0.418,,"{""0"": 138, ""1"": 136, ""2"": null, ""3"": null, ""4"": null, ""5"": null, ""6"": null, ""7"": null}","{""0"": 0.0, ""1"": 0.0, ""2"": null, ""3"": null, ""4"": null, ""5"": null, ""6"": null, ""7"": null}","{""0"": 138, ""1"": 136}",136,1,1,0,0,0.418,car-not-detected-or-stale,KEEP_PAUSED,left,right,,0
480,2026-08-01T22:25:09.890+09:00,51.302,479,9.36,0,STOPPED_RED,,1,1,1,0.120753,0.000000,0.000000,0,744,green,0,unknown,0.000000,null,0.000000,0.288,,"{""0"": 138, ""1"": 136, ""2"": null, ""3"": null, ""4"": null, ""5"": null, ""6"": null, ""7"": null}","{""0"": 0.0, ""1"": 0.0, ""2"": null, ""3"": null, ""4"": null, ""5"": null, ""6"": null, ""7"": null}","{""0"": 138, ""1"": 136}",136,1,1,0,0,0.288,car-not-detected-or-stale,KEEP_PAUSED,left,right,,0
481,2026-08-01T22:25:09.998+09:00,51.410,480,9.36,0,STOPPED_RED,,1,1,1,0.120918,0.000000,0.000000,0,744,green,0,unknown,0.000000,null,0.000000,0.288,,"{""0"": 140, ""1"": 137, ""2"": null, ""3"": null, ""4"": null, ""5"": null, ""6"": null, ""7"": null}","{""0"": 0.0, ""1"": 0.0, ""2"": null, ""3"": null, ""4"": null, ""5"": null, ""6"": null, ""7"": null}","{""0"": 140, ""1"": 137}",137,1,1,0,0,0.288,car-not-detected-or-stale,KEEP_PAUSED,left,right,,0
482,2026-08-01T22:25:10.109+09:00,51.520,481,9.36,0,STOPPED_RED,,1,1,1,0.120753,0.000000,0.000000,0,744,green,0,unknown,0.000000,null,0.000000,0.395,,"{""0"": 138, ""1"": 136, ""2"": null, ""3"": null, ""4"": null, ""5"": null, ""6"": null, ""7"": null}","{""0"": 0.0, ""1"": 0.0, ""2"": null, ""3"": null, ""4"": null, ""5"": null, ""6"": null, ""7"": null}","{""0"": 138, ""1"": 136}",136,1,1,0,0,0.395,car-not-detected-or-stale,KEEP_PAUSED,left,right,,0
483,2026-08-01T22:25:10.213+09:00,51.624,482,9.36,0,STOPPED_RED,,1,1,1,0.120918,0.000000,0.000000,0,745,green,0,unknown,0.000000,null,0.000000,0.291,,"{""0"": 138, ""1"": 137, ""2"": null, ""3"": null, ""4"": null, ""5"": null, ""6"": null, ""7"": null}","{""0"": 0.0, ""1"": 0.0, ""2"": null, ""3"": null, ""4"": null, ""5"": null, ""6"": null, ""7"": null}","{""0"": 138, ""1"": 137}",137,1,1,0,0,0.291,car-not-detected-or-stale,KEEP_PAUSED,left,right,,0
484,2026-08-01T22:25:10.326+09:00,51.738,483,9.36,0,STOPPED_RED,,1,1,1,0.120918,0.000000,0.000000,0,744,green,0,unknown,0.000000,null,0.000000,0.298,,"{""0"": 138, ""1"": 136, ""2"": null, ""3"": null, ""4"": null, ""5"": null, ""6"": null, ""7"": null}","{""0"": 0.0, ""1"": 0.0, ""2"": null, ""3"": null, ""4"": null, ""5"": null, ""6"": null, ""7"": null}","{""0"": 138, ""1"": 136}",136,1,1,0,0,0.298,car-not-detected-or-stale,KEEP_PAUSED,left,right,,0
485,2026-08-01T22:25:10.432+09:00,51.844,484,9.36,0,STOPPED_RED,,1,1,1,0.120918,0.000000,0.000000,0,744,green,0,unknown,0.000000,null,0.000000,0.403,,"{""0"": 139, ""1"": 136, ""2"": null, ""3"": null, ""4"": null, ""5"": null, ""6"": null, ""7"": null}","{""0"": 0.0, ""1"": 0.0, ""2"": null, ""3"": null, ""4"": null, ""5"": null, ""6"": null, ""7"": null}","{""0"": 139, ""1"": 136}",136,1,1,0,0,0.403,car-not-detected-or-stale,KEEP_PAUSED,left,right,,0
486,2026-08-01T22:25:10.529+09:00,51.942,485,9.36,0,STOPPED_RED,,1,1,1,0.120918,0.000000,0.000000,0,744,green,0,unknown,0.000000,null,0.000000,0.285,,"{""0"": 139, ""1"": 136, ""2"": null, ""3"": null, ""4"": null, ""5"": null, ""6"": null, ""7"": null}","{""0"": 0.0, ""1"": 0.0, ""2"": null, ""3"": null, ""4"": null, ""5"": null, ""6"": null, ""7"": null}","{""0"": 139, ""1"": 136}",136,1,1,0,0,0.285,car-not-detected-or-stale,KEEP_PAUSED,left,right,,0
487,2026-08-01T22:25:10.632+09:00,52.045,486,9.36,0,STOPPED_RED,,1,1,1,0.120918,0.000000,0.000000,0,744,green,0,unknown,0.000000,null,0.000000,0.276,,"{""0"": 137, ""1"": 136, ""2"": null, ""3"": null, ""4"": null, ""5"": null, ""6"": null, ""7"": null}","{""0"": 0.0, ""1"": 0.0, ""2"": null, ""3"": null, ""4"": null, ""5"": null, ""6"": null, ""7"": null}","{""0"": 137, ""1"": 136}",136,1,1,0,0,0.276,car-not-detected-or-stale,KEEP_PAUSED,left,right,,0
488,2026-08-01T22:25:10.738+09:00,52.151,487,9.36,0,STOPPED_RED,,1,1,1,0.120918,0.000000,0.000000,0,744,green,0,unknown,0.000000,null,0.000000,0.380,,"{""0"": 139, ""1"": 136, ""2"": null, ""3"": null, ""4"": null, ""5"": null, ""6"": null, ""7"": null}","{""0"": 0.0, ""1"": 0.0, ""2"": null, ""3"": null, ""4"": null, ""5"": null, ""6"": null, ""7"": null}","{""0"": 139, ""1"": 136}",136,1,1,0,0,0.380,car-not-detected-or-stale,KEEP_PAUSED,left,right,,0
489,2026-08-01T22:25:10.845+09:00,52.257,488,9.36,0,STOPPED_RED,,1,1,1,0.120918,0.000000,0.000000,0,744,green,0,unknown,0.000000,null,0.000000,0.282,,"{""0"": 139, ""1"": 136, ""2"": null, ""3"": null, ""4"": null, ""5"": null, ""6"": null, ""7"": null}","{""0"": 0.0, ""1"": 0.0, ""2"": null, ""3"": null, ""4"": null, ""5"": null, ""6"": null, ""7"": null}","{""0"": 139, ""1"": 136}",136,1,1,0,0,0.282,car-not-detected-or-stale,KEEP_PAUSED,left,right,,0
490,2026-08-01T22:25:10.953+09:00,52.365,489,9.36,0,STOPPED_RED,,1,1,1,0.120918,0.000000,0.000000,0,744,green,0,unknown,0.000000,null,0.000000,0.290,,"{""0"": 137, ""1"": 136, ""2"": null, ""3"": null, ""4"": null, ""5"": null, ""6"": null, ""7"": null}","{""0"": 0.0, ""1"": 0.0, ""2"": null, ""3"": null, ""4"": null, ""5"": null, ""6"": null, ""7"": null}","{""0"": 137, ""1"": 136}",136,1,1,0,0,0.290,car-not-detected-or-stale,KEEP_PAUSED,left,right,,0
491,2026-08-01T22:25:11.065+09:00,52.478,490,9.36,0,STOPPED_RED,,1,1,1,0.120753,0.000000,0.000000,0,744,green,0,unknown,0.000000,null,0.000000,0.401,,"{""0"": 138, ""1"": 136, ""2"": null, ""3"": null, ""4"": null, ""5"": null, ""6"": null, ""7"": null}","{""0"": 0.0, ""1"": 0.0, ""2"": null, ""3"": null, ""4"": null, ""5"": null, ""6"": null, ""7"": null}","{""0"": 138, ""1"": 136}",136,1,1,0,0,0.401,car-not-detected-or-stale,KEEP_PAUSED,left,right,,0
492,2026-08-01T22:25:11.178+09:00,52.590,491,9.36,0,STOPPED_RED,,1,1,1,0.120918,0.000000,0.000000,0,744,green,0,unknown,0.000000,null,0.000000,0.299,,"{""0"": 139, ""1"": 136, ""2"": null, ""3"": null, ""4"": null, ""5"": null, ""6"": null, ""7"": null}","{""0"": 0.0, ""1"": 0.0, ""2"": null, ""3"": null, ""4"": null, ""5"": null, ""6"": null, ""7"": null}","{""0"": 139, ""1"": 136}",136,1,1,0,0,0.299,car-not-detected-or-stale,KEEP_PAUSED,left,right,,0
493,2026-08-01T22:25:11.284+09:00,52.696,492,9.36,0,STOPPED_RED,,1,1,1,0.120753,0.000000,0.000000,0,744,green,0,unknown,0.000000,null,0.000000,0.300,,"{""0"": 138, ""1"": 136, ""2"": null, ""3"": null, ""4"": null, ""5"": null, ""6"": null, ""7"": null}","{""0"": 0.0, ""1"": 0.0, ""2"": null, ""3"": null, ""4"": null, ""5"": null, ""6"": null, ""7"": null}","{""0"": 138, ""1"": 136}",136,1,1,0,0,0.300,car-not-detected-or-stale,KEEP_PAUSED,left,right,,0
494,2026-08-01T22:25:11.399+09:00,52.811,493,9.36,0,STOPPED_RED,,1,1,1,0.120753,0.000000,0.000000,0,744,green,0,unknown,0.000000,null,0.000000,0.189,,"{""0"": 138, ""1"": 136, ""2"": null, ""3"": null, ""4"": null, ""5"": null, ""6"": null, ""7"": null}","{""0"": 0.0, ""1"": 0.0, ""2"": null, ""3"": null, ""4"": null, ""5"": null, ""6"": null, ""7"": null}","{""0"": 138, ""1"": 136}",136,1,1,0,0,0.189,car-not-detected-or-stale,KEEP_PAUSED,left,right,,0
495,2026-08-01T22:25:11.523+09:00,52.933,494,9.35,0,STOPPED_RED,,1,1,1,0.120918,0.000000,0.000000,0,744,green,0,unknown,0.000000,null,0.000000,0.310,,"{""0"": 139, ""1"": 136, ""2"": null, ""3"": null, ""4"": null, ""5"": null, ""6"": null, ""7"": null}","{""0"": 0.0, ""1"": 0.0, ""2"": null, ""3"": null, ""4"": null, ""5"": null, ""6"": null, ""7"": null}","{""0"": 139, ""1"": 136}",136,1,1,0,0,0.310,car-not-detected-or-stale,KEEP_PAUSED,left,right,,0
496,2026-08-01T22:25:11.633+09:00,53.046,495,9.35,0,STOPPED_RED,,1,1,1,0.120753,0.000000,0.000000,0,744,green,0,unknown,0.000000,null,0.000000,0.318,,"{""0"": 137, ""1"": 136, ""2"": null, ""3"": null, ""4"": null, ""5"": null, ""6"": null, ""7"": null}","{""0"": 0.0, ""1"": 0.0, ""2"": null, ""3"": null, ""4"": null, ""5"": null, ""6"": null, ""7"": null}","{""0"": 137, ""1"": 136}",136,1,1,0,0,0.318,car-not-detected-or-stale,KEEP_PAUSED,left,right,,0
497,2026-08-01T22:25:11.746+09:00,53.159,496,9.35,0,STOPPED_RED,,1,1,1,0.120918,0.000000,0.000000,0,745,green,0,unknown,0.000000,null,0.000000,0.316,,"{""0"": 138, ""1"": 136, ""2"": null, ""3"": null, ""4"": null, ""5"": null, ""6"": null, ""7"": null}","{""0"": 0.0, ""1"": 0.0, ""2"": null, ""3"": null, ""4"": null, ""5"": null, ""6"": null, ""7"": null}","{""0"": 138, ""1"": 136}",136,1,1,0,0,0.316,car-not-detected-or-stale,KEEP_PAUSED,left,right,,0
498,2026-08-01T22:25:11.859+09:00,53.270,497,9.35,0,STOPPED_RED,,1,1,1,0.120753,0.000000,0.000000,0,745,green,0,unknown,0.000000,null,0.000000,0.425,,"{""0"": 138, ""1"": 135, ""2"": null, ""3"": null, ""4"": null, ""5"": null, ""6"": null, ""7"": null}","{""0"": 0.0, ""1"": 0.0, ""2"": null, ""3"": null, ""4"": null, ""5"": null, ""6"": null, ""7"": null}","{""0"": 138, ""1"": 135}",135,1,1,0,0,0.425,car-not-detected-or-stale,KEEP_PAUSED,left,right,,0
499,2026-08-01T22:25:11.972+09:00,53.383,498,9.35,0,STOPPED_RED,,1,1,1,0.120918,0.000000,0.000000,0,744,green,0,unknown,0.000000,null,0.000000,0.305,,"{""0"": 138, ""1"": 136, ""2"": null, ""3"": null, ""4"": null, ""5"": null, ""6"": null, ""7"": null}","{""0"": 0.0, ""1"": 0.0, ""2"": null, ""3"": null, ""4"": null, ""5"": null, ""6"": null, ""7"": null}","{""0"": 138, ""1"": 136}",136,1,1,0,0,0.305,car-not-detected-or-stale,KEEP_PAUSED,left,right,,0
500,2026-08-01T22:25:12.074+09:00,53.486,499,9.35,0,STOPPED_RED,,1,1,1,0.120753,0.000000,0.000000,0,745,green,0,unknown,0.000000,null,0.000000,0.297,,"{""0"": 138, ""1"": 136, ""2"": null, ""3"": null, ""4"": null, ""5"": null, ""6"": null, ""7"": null}","{""0"": 0.0, ""1"": 0.0, ""2"": null, ""3"": null, ""4"": null, ""5"": null, ""6"": null, ""7"": null}","{""0"": 138, ""1"": 136}",136,1,1,0,0,0.297,car-not-detected-or-stale,KEEP_PAUSED,left,right,,0
501,2026-08-01T22:25:12.186+09:00,53.598,500,9.35,0,STOPPED_RED,,1,1,1,0.120753,0.000000,0.000000,0,744,green,0,unknown,0.000000,null,0.000000,0.408,,"{""0"": 138, ""1"": 137, ""2"": null, ""3"": null, ""4"": null, ""5"": null, ""6"": null, ""7"": null}","{""0"": 0.0, ""1"": 0.0, ""2"": null, ""3"": null, ""4"": null, ""5"": null, ""6"": null, ""7"": null}","{""0"": 138, ""1"": 137}",137,1,1,0,0,0.408,car-not-detected-or-stale,KEEP_PAUSED,left,right,,0
502,2026-08-01T22:25:12.294+09:00,53.705,501,9.35,0,STOPPED_RED,,1,1,1,0.120753,0.000000,0.000000,0,744,green,0,unknown,0.000000,null,0.000000,0.289,,"{""0"": 138, ""1"": 136, ""2"": null, ""3"": null, ""4"": null, ""5"": null, ""6"": null, ""7"": null}","{""0"": 0.0, ""1"": 0.0, ""2"": null, ""3"": null, ""4"": null, ""5"": null, ""6"": null, ""7"": null}","{""0"": 138, ""1"": 136}",136,1,1,0,0,0.289,car-not-detected-or-stale,KEEP_PAUSED,left,right,,0
503,2026-08-01T22:25:12.410+09:00,53.822,502,9.35,0,STOPPED_RED,,1,1,1,0.120918,0.000000,0.000000,0,747,green,0,unknown,0.000000,null,0.000000,0.305,,"{""0"": 138, ""1"": 136, ""2"": null, ""3"": null, ""4"": null, ""5"": null, ""6"": null, ""7"": null}","{""0"": 0.0, ""1"": 0.0, ""2"": null, ""3"": null, ""4"": null, ""5"": null, ""6"": null, ""7"": null}","{""0"": 138, ""1"": 136}",136,1,1,0,0,0.305,car-not-detected-or-stale,KEEP_PAUSED,left,right,,0
504,2026-08-01T22:25:12.527+09:00,53.939,503,9.35,0,STOPPED_RED,,1,1,1,0.120918,0.000000,0.000000,0,744,green,0,unknown,0.000000,null,0.000000,0.202,,"{""0"": 140, ""1"": 136, ""2"": null, ""3"": null, ""4"": null, ""5"": null, ""6"": null, ""7"": null}","{""0"": 0.0, ""1"": 0.0, ""2"": null, ""3"": null, ""4"": null, ""5"": null, ""6"": null, ""7"": null}","{""0"": 140, ""1"": 136}",136,1,1,0,0,0.202,car-not-detected-or-stale,KEEP_PAUSED,left,right,,0
505,2026-08-01T22:25:12.635+09:00,54.046,504,9.35,0,STOPPED_RED,,1,1,1,0.120753,0.000000,0.000000,0,744,green,0,unknown,0.000000,null,0.000000,0.307,,"{""0"": 137, ""1"": 136, ""2"": null, ""3"": null, ""4"": null, ""5"": null, ""6"": null, ""7"": null}","{""0"": 0.0, ""1"": 0.0, ""2"": null, ""3"": null, ""4"": null, ""5"": null, ""6"": null, ""7"": null}","{""0"": 137, ""1"": 136}",136,1,1,0,0,0.307,car-not-detected-or-stale,KEEP_PAUSED,left,right,,0
506,2026-08-01T22:25:12.748+09:00,54.161,505,9.35,0,STOPPED_RED,,1,1,1,0.120918,0.000000,0.000000,0,745,green,0,unknown,0.000000,null,0.000000,0.307,,"{""0"": 139, ""1"": 136, ""2"": null, ""3"": null, ""4"": null, ""5"": null, ""6"": null, ""7"": null}","{""0"": 0.0, ""1"": 0.0, ""2"": null, ""3"": null, ""4"": null, ""5"": null, ""6"": null, ""7"": null}","{""0"": 139, ""1"": 136}",136,1,1,0,0,0.307,car-not-detected-or-stale,KEEP_PAUSED,left,right,,0
507,2026-08-01T22:25:12.858+09:00,54.269,506,9.35,0,STOPPED_RED,,1,1,1,0.120753,0.000000,0.000000,0,745,green,0,unknown,0.000000,null,0.000000,0.190,,"{""0"": 250, ""1"": 137, ""2"": null, ""3"": null, ""4"": null, ""5"": null, ""6"": null, ""7"": null}","{""0"": 0.0, ""1"": 0.0, ""2"": null, ""3"": null, ""4"": null, ""5"": null, ""6"": null, ""7"": null}","{""0"": 250, ""1"": 137}",137,1,1,0,0,0.190,car-not-detected-or-stale,KEEP_PAUSED,left,right,,0
508,2026-08-01T22:25:12.965+09:00,54.377,507,9.35,0,STOPPED_RED,,1,1,1,0.120918,0.000000,0.000000,0,744,green,0,unknown,0.000000,null,0.000000,0.297,,"{""0"": 140, ""1"": 136, ""2"": null, ""3"": null, ""4"": null, ""5"": null, ""6"": null, ""7"": null}","{""0"": 0.0, ""1"": 0.0, ""2"": null, ""3"": null, ""4"": null, ""5"": null, ""6"": null, ""7"": null}","{""0"": 140, ""1"": 136}",136,1,1,0,0,0.297,car-not-detected-or-stale,KEEP_PAUSED,left,right,,0
509,2026-08-01T22:25:13.069+09:00,54.481,508,9.35,0,STOPPED_RED,,1,1,1,0.120918,0.000000,0.000000,0,743,green,0,unknown,0.000000,null,0.000000,0.289,,"{""0"": 138, ""1"": 138, ""2"": null, ""3"": null, ""4"": null, ""5"": null, ""6"": null, ""7"": null}","{""0"": 0.0, ""1"": 0.0, ""2"": null, ""3"": null, ""4"": null, ""5"": null, ""6"": null, ""7"": null}","{""0"": 138, ""1"": 138}",138,1,1,0,0,0.289,car-not-detected-or-stale,KEEP_PAUSED,left,right,,0
510,2026-08-01T22:25:13.177+09:00,54.589,509,9.35,0,STOPPED_RED,,1,1,1,0.120918,0.000000,0.000000,0,745,green,0,unknown,0.000000,null,0.000000,0.288,,"{""0"": 138, ""1"": 136, ""2"": null, ""3"": null, ""4"": null, ""5"": null, ""6"": null, ""7"": null}","{""0"": 0.0, ""1"": 0.0, ""2"": null, ""3"": null, ""4"": null, ""5"": null, ""6"": null, ""7"": null}","{""0"": 138, ""1"": 136}",136,1,1,0,0,0.288,car-not-detected-or-stale,KEEP_PAUSED,left,right,,0
511,2026-08-01T22:25:13.284+09:00,54.695,510,9.35,0,STOPPED_RED,,1,1,1,0.120918,0.000000,0.000000,0,744,green,0,unknown,0.000000,null,0.000000,0.393,,"{""0"": 138, ""1"": 137, ""2"": null, ""3"": null, ""4"": null, ""5"": null, ""6"": null, ""7"": null}","{""0"": 0.0, ""1"": 0.0, ""2"": null, ""3"": null, ""4"": null, ""5"": null, ""6"": null, ""7"": null}","{""0"": 138, ""1"": 137}",137,1,1,0,0,0.393,car-not-detected-or-stale,KEEP_PAUSED,left,right,,0
512,2026-08-01T22:25:13.388+09:00,54.800,511,9.35,0,STOPPED_RED,,1,1,1,0.120918,0.000000,0.000000,0,744,green,0,unknown,0.000000,null,0.000000,0.288,,"{""0"": 138, ""1"": 136, ""2"": null, ""3"": null, ""4"": null, ""5"": null, ""6"": null, ""7"": null}","{""0"": 0.0, ""1"": 0.0, ""2"": null, ""3"": null, ""4"": null, ""5"": null, ""6"": null, ""7"": null}","{""0"": 138, ""1"": 136}",136,1,1,0,0,0.288,car-not-detected-or-stale,KEEP_PAUSED,left,right,,0
513,2026-08-01T22:25:13.494+09:00,54.907,512,9.35,0,STOPPED_RED,,1,1,1,0.120918,0.000000,0.000000,0,745,green,0,unknown,0.000000,null,0.000000,0.287,,"{""0"": 137, ""1"": 136, ""2"": null, ""3"": null, ""4"": null, ""5"": null, ""6"": null, ""7"": null}","{""0"": 0.0, ""1"": 0.0, ""2"": null, ""3"": null, ""4"": null, ""5"": null, ""6"": null, ""7"": null}","{""0"": 137, ""1"": 136}",136,1,1,0,0,0.287,car-not-detected-or-stale,KEEP_PAUSED,left,right,,0
514,2026-08-01T22:25:13.606+09:00,55.017,513,9.35,0,STOPPED_RED,,1,1,1,0.120918,0.000000,0.000000,0,743,green,0,unknown,0.000000,null,0.000000,0.396,,"{""0"": 137, ""1"": 137, ""2"": null, ""3"": null, ""4"": null, ""5"": null, ""6"": null, ""7"": null}","{""0"": 0.0, ""1"": 0.0, ""2"": null, ""3"": null, ""4"": null, ""5"": null, ""6"": null, ""7"": null}","{""0"": 137, ""1"": 137}",137,1,1,0,0,0.396,car-not-detected-or-stale,KEEP_PAUSED,left,right,,0
515,2026-08-01T22:25:13.713+09:00,55.125,514,9.35,0,STOPPED_RED,,1,1,1,0.120918,0.000000,0.000000,0,745,green,0,unknown,0.000000,null,0.000000,0.293,,"{""0"": 138, ""1"": 137, ""2"": null, ""3"": null, ""4"": null, ""5"": null, ""6"": null, ""7"": null}","{""0"": 0.0, ""1"": 0.0, ""2"": null, ""3"": null, ""4"": null, ""5"": null, ""6"": null, ""7"": null}","{""0"": 138, ""1"": 137}",137,1,1,0,0,0.293,car-not-detected-or-stale,KEEP_PAUSED,left,right,,0
516,2026-08-01T22:25:13.829+09:00,55.241,515,9.34,0,STOPPED_RED,,1,1,1,0.120753,0.000000,0.000000,0,745,green,0,unknown,0.000000,null,0.000000,0.304,,"{""0"": 138, ""1"": 136, ""2"": null, ""3"": null, ""4"": null, ""5"": null, ""6"": null, ""7"": null}","{""0"": 0.0, ""1"": 0.0, ""2"": null, ""3"": null, ""4"": null, ""5"": null, ""6"": null, ""7"": null}","{""0"": 138, ""1"": 136}",136,1,1,0,0,0.304,car-not-detected-or-stale,KEEP_PAUSED,left,right,,0
517,2026-08-01T22:25:13.938+09:00,55.350,516,9.34,0,STOPPED_RED,,1,1,1,0.120753,0.000000,0.000000,0,745,green,0,unknown,0.000000,null,0.000000,0.192,,"{""0"": 137, ""1"": 136, ""2"": null, ""3"": null, ""4"": null, ""5"": null, ""6"": null, ""7"": null}","{""0"": 0.0, ""1"": 0.0, ""2"": null, ""3"": null, ""4"": null, ""5"": null, ""6"": null, ""7"": null}","{""0"": 137, ""1"": 136}",136,1,1,0,0,0.192,car-not-detected-or-stale,KEEP_PAUSED,left,right,,0
518,2026-08-01T22:25:14.043+09:00,55.455,517,9.34,0,STOPPED_RED,,1,1,1,0.120918,0.000000,0.000000,0,745,green,0,unknown,0.000000,null,0.000000,0.296,,"{""0"": 140, ""1"": 136, ""2"": null, ""3"": null, ""4"": null, ""5"": null, ""6"": null, ""7"": null}","{""0"": 0.0, ""1"": 0.0, ""2"": null, ""3"": null, ""4"": null, ""5"": null, ""6"": null, ""7"": null}","{""0"": 140, ""1"": 136}",136,1,1,0,0,0.296,car-not-detected-or-stale,KEEP_PAUSED,left,right,,0
519,2026-08-01T22:25:14.140+09:00,55.552,518,9.35,0,STOPPED_RED,,1,1,1,0.120918,0.000000,0.000000,0,745,green,0,unknown,0.000000,null,0.000000,0.279,,"{""0"": 139, ""1"": 140, ""2"": null, ""3"": null, ""4"": null, ""5"": null, ""6"": null, ""7"": null}","{""0"": 0.0, ""1"": 0.0, ""2"": null, ""3"": null, ""4"": null, ""5"": null, ""6"": null, ""7"": null}","{""0"": 139, ""1"": 140}",139,1,1,0,0,0.279,car-not-detected-or-stale,KEEP_PAUSED,left,right,,0
520,2026-08-01T22:25:14.260+09:00,55.672,519,9.34,0,STOPPED_RED,,1,1,1,0.120753,0.000000,0.000000,0,745,green,0,unknown,0.000000,null,0.000000,0.185,,"{""0"": 139, ""1"": 139, ""2"": null, ""3"": null, ""4"": null, ""5"": null, ""6"": null, ""7"": null}","{""0"": 0.0, ""1"": 0.0, ""2"": null, ""3"": null, ""4"": null, ""5"": null, ""6"": null, ""7"": null}","{""0"": 139, ""1"": 139}",139,1,1,0,0,0.185,car-not-detected-or-stale,KEEP_PAUSED,left,right,,0
521,2026-08-01T22:25:14.369+09:00,55.780,520,9.34,0,STOPPED_RED,,1,1,1,0.120753,0.000000,0.000000,0,744,green,0,unknown,0.000000,null,0.000000,0.293,,"{""0"": 138, ""1"": 139, ""2"": null, ""3"": null, ""4"": null, ""5"": null, ""6"": null, ""7"": null}","{""0"": 0.0, ""1"": 0.0, ""2"": null, ""3"": null, ""4"": null, ""5"": null, ""6"": null, ""7"": null}","{""0"": 138, ""1"": 139}",138,1,1,0,0,0.293,car-not-detected-or-stale,KEEP_PAUSED,left,right,,0
522,2026-08-01T22:25:14.469+09:00,55.880,521,9.34,0,STOPPED_RED,,1,1,1,0.120918,0.000000,0.000000,0,745,green,0,unknown,0.000000,null,0.000000,0.296,,"{""0"": 138, ""1"": 141, ""2"": null, ""3"": null, ""4"": null, ""5"": null, ""6"": null, ""7"": null}","{""0"": 0.0, ""1"": 0.0, ""2"": null, ""3"": null, ""4"": null, ""5"": null, ""6"": null, ""7"": null}","{""0"": 138, ""1"": 141}",138,1,1,0,0,0.296,car-not-detected-or-stale,KEEP_PAUSED,left,right,,0
523,2026-08-01T22:25:14.578+09:00,55.990,522,9.34,0,STOPPED_RED,,1,1,1,0.120918,0.000000,0.000000,0,744,green,0,unknown,0.000000,null,0.000000,0.175,,"{""0"": 139, ""1"": 141, ""2"": null, ""3"": null, ""4"": null, ""5"": null, ""6"": null, ""7"": null}","{""0"": 0.0, ""1"": 0.0, ""2"": null, ""3"": null, ""4"": null, ""5"": null, ""6"": null, ""7"": null}","{""0"": 139, ""1"": 141}",139,1,1,0,0,0.175,car-not-detected-or-stale,KEEP_PAUSED,left,right,,0
524,2026-08-01T22:25:14.687+09:00,56.098,523,9.34,0,STOPPED_RED,,1,1,1,0.120753,0.000000,0.000000,0,744,green,0,unknown,0.000000,null,0.000000,0.283,,"{""0"": 138, ""1"": 140, ""2"": null, ""3"": null, ""4"": null, ""5"": null, ""6"": null, ""7"": null}","{""0"": 0.0, ""1"": 0.0, ""2"": null, ""3"": null, ""4"": null, ""5"": null, ""6"": null, ""7"": null}","{""0"": 138, ""1"": 140}",138,1,1,0,0,0.283,car-not-detected-or-stale,KEEP_PAUSED,left,right,,0
525,2026-08-01T22:25:14.799+09:00,56.211,524,9.34,0,STOPPED_RED,,1,1,1,0.120753,0.000000,0.000000,0,744,green,0,unknown,0.000000,null,0.000000,0.298,,"{""0"": 113, ""1"": 139, ""2"": null, ""3"": null, ""4"": null, ""5"": null, ""6"": null, ""7"": null}","{""0"": 0.0, ""1"": 0.0, ""2"": null, ""3"": null, ""4"": null, ""5"": null, ""6"": null, ""7"": null}","{""0"": 113, ""1"": 139}",113,1,1,0,0,0.298,car-not-detected-or-stale,KEEP_PAUSED,left,right,,0
526,2026-08-01T22:25:14.907+09:00,56.319,525,9.34,0,STOPPED_RED,,1,1,1,0.120918,0.000000,0.000000,0,745,green,0,unknown,0.000000,null,0.000000,0.295,,"{""0"": 137, ""1"": 140, ""2"": null, ""3"": null, ""4"": null, ""5"": null, ""6"": null, ""7"": null}","{""0"": 0.0, ""1"": 0.0, ""2"": null, ""3"": null, ""4"": null, ""5"": null, ""6"": null, ""7"": null}","{""0"": 137, ""1"": 140}",137,1,1,0,0,0.295,car-not-detected-or-stale,KEEP_PAUSED,left,right,,0
527,2026-08-01T22:25:15.016+09:00,56.427,526,9.34,0,STOPPED_RED,,1,1,1,0.120918,0.000000,0.000000,0,745,green,0,unknown,0.000000,null,0.000000,0.403,,"{""0"": 138, ""1"": 140, ""2"": null, ""3"": null, ""4"": null, ""5"": null, ""6"": null, ""7"": null}","{""0"": 0.0, ""1"": 0.0, ""2"": null, ""3"": null, ""4"": null, ""5"": null, ""6"": null, ""7"": null}","{""0"": 138, ""1"": 140}",138,1,1,0,0,0.403,car-not-detected-or-stale,KEEP_PAUSED,left,right,,0
528,2026-08-01T22:25:15.114+09:00,56.526,527,9.34,0,STOPPED_RED,,1,1,1,0.120753,0.000000,0.000000,0,744,green,0,unknown,0.000000,null,0.000000,0.283,,"{""0"": 139, ""1"": 140, ""2"": null, ""3"": null, ""4"": null, ""5"": null, ""6"": null, ""7"": null}","{""0"": 0.0, ""1"": 0.0, ""2"": null, ""3"": null, ""4"": null, ""5"": null, ""6"": null, ""7"": null}","{""0"": 139, ""1"": 140}",139,1,1,0,0,0.283,car-not-detected-or-stale,KEEP_PAUSED,left,right,,0
529,2026-08-01T22:25:15.223+09:00,56.635,528,9.34,0,STOPPED_RED,,1,1,1,0.120918,0.000000,0.000000,0,744,green,0,unknown,0.000000,null,0.000000,0.284,,"{""0"": 138, ""1"": 139, ""2"": null, ""3"": null, ""4"": null, ""5"": null, ""6"": null, ""7"": null}","{""0"": 0.0, ""1"": 0.0, ""2"": null, ""3"": null, ""4"": null, ""5"": null, ""6"": null, ""7"": null}","{""0"": 138, ""1"": 139}",138,1,1,0,0,0.284,car-not-detected-or-stale,KEEP_PAUSED,left,right,,0
530,2026-08-01T22:25:15.334+09:00,56.745,529,9.34,0,STOPPED_RED,,1,1,1,0.120918,0.000000,0.000000,0,744,green,0,unknown,0.000000,null,0.000000,0.393,,"{""0"": 138, ""1"": 140, ""2"": null, ""3"": null, ""4"": null, ""5"": null, ""6"": null, ""7"": null}","{""0"": 0.0, ""1"": 0.0, ""2"": null, ""3"": null, ""4"": null, ""5"": null, ""6"": null, ""7"": null}","{""0"": 138, ""1"": 140}",138,1,1,0,0,0.393,car-not-detected-or-stale,KEEP_PAUSED,left,right,,0
531,2026-08-01T22:25:15.437+09:00,56.847,530,9.34,0,STOPPED_RED,,1,1,1,0.120753,0.000000,0.000000,0,744,green,0,unknown,0.000000,null,0.000000,0.288,,"{""0"": 139, ""1"": 141, ""2"": null, ""3"": null, ""4"": null, ""5"": null, ""6"": null, ""7"": null}","{""0"": 0.0, ""1"": 0.0, ""2"": null, ""3"": null, ""4"": null, ""5"": null, ""6"": null, ""7"": null}","{""0"": 139, ""1"": 141}",139,1,1,0,0,0.288,car-not-detected-or-stale,KEEP_PAUSED,left,right,,0
532,2026-08-01T22:25:15.547+09:00,56.959,531,9.34,0,STOPPED_RED,,1,1,1,0.120918,0.000000,0.000000,0,744,green,0,unknown,0.000000,null,0.000000,0.292,,"{""0"": 138, ""1"": 141, ""2"": null, ""3"": null, ""4"": null, ""5"": null, ""6"": null, ""7"": null}","{""0"": 0.0, ""1"": 0.0, ""2"": null, ""3"": null, ""4"": null, ""5"": null, ""6"": null, ""7"": null}","{""0"": 138, ""1"": 141}",138,1,1,0,0,0.292,car-not-detected-or-stale,KEEP_PAUSED,left,right,,0
533,2026-08-01T22:25:15.662+09:00,57.074,532,9.34,0,STOPPED_RED,,1,1,1,0.120918,0.000000,0.000000,0,744,green,0,unknown,0.000000,null,0.000000,0.406,,"{""0"": 138, ""1"": 142, ""2"": null, ""3"": null, ""4"": null, ""5"": null, ""6"": null, ""7"": null}","{""0"": 0.0, ""1"": 0.0, ""2"": null, ""3"": null, ""4"": null, ""5"": null, ""6"": null, ""7"": null}","{""0"": 138, ""1"": 142}",138,1,1,0,0,0.406,car-not-detected-or-stale,KEEP_PAUSED,left,right,,0
534,2026-08-01T22:25:15.765+09:00,57.176,533,9.34,0,STOPPED_RED,,1,1,1,0.120918,0.000000,0.000000,0,744,green,0,unknown,0.000000,null,0.000000,0.294,,"{""0"": 138, ""1"": 142, ""2"": null, ""3"": null, ""4"": null, ""5"": null, ""6"": null, ""7"": null}","{""0"": 0.0, ""1"": 0.0, ""2"": null, ""3"": null, ""4"": null, ""5"": null, ""6"": null, ""7"": null}","{""0"": 138, ""1"": 142}",138,1,1,0,0,0.294,car-not-detected-or-stale,KEEP_PAUSED,left,right,,0
535,2026-08-01T22:25:15.870+09:00,57.282,534,9.34,0,STOPPED_RED,,1,1,1,0.120918,0.000000,0.000000,0,744,green,0,unknown,0.000000,null,0.000000,0.292,,"{""0"": 137, ""1"": 141, ""2"": null, ""3"": null, ""4"": null, ""5"": null, ""6"": null, ""7"": null}","{""0"": 0.0, ""1"": 0.0, ""2"": null, ""3"": null, ""4"": null, ""5"": null, ""6"": null, ""7"": null}","{""0"": 137, ""1"": 141}",137,1,1,0,0,0.292,car-not-detected-or-stale,KEEP_PAUSED,left,right,,0
536,2026-08-01T22:25:15.982+09:00,57.394,535,9.34,0,STOPPED_RED,,1,1,1,0.120753,0.000000,0.000000,0,744,green,0,unknown,0.000000,null,0.000000,0.403,,"{""0"": 138, ""1"": 141, ""2"": null, ""3"": null, ""4"": null, ""5"": null, ""6"": null, ""7"": null}","{""0"": 0.0, ""1"": 0.0, ""2"": null, ""3"": null, ""4"": null, ""5"": null, ""6"": null, ""7"": null}","{""0"": 138, ""1"": 141}",138,1,1,0,0,0.403,car-not-detected-or-stale,KEEP_PAUSED,left,right,,0
537,2026-08-01T22:25:16.078+09:00,57.491,536,9.34,0,STOPPED_RED,,1,1,1,0.120918,0.000000,0.000000,0,744,green,0,unknown,0.000000,null,0.000000,0.282,,"{""0"": 138, ""1"": 139, ""2"": null, ""3"": null, ""4"": null, ""5"": null, ""6"": null, ""7"": null}","{""0"": 0.0, ""1"": 0.0, ""2"": null, ""3"": null, ""4"": null, ""5"": null, ""6"": null, ""7"": null}","{""0"": 138, ""1"": 139}",138,1,1,0,0,0.282,car-not-detected-or-stale,KEEP_PAUSED,left,right,,0
538,2026-08-01T22:25:16.185+09:00,57.597,537,9.34,0,STOPPED_RED,,1,1,1,0.120918,0.000000,0.000000,0,744,green,0,unknown,0.000000,null,0.000000,0.283,,"{""0"": 137, ""1"": 138, ""2"": null, ""3"": null, ""4"": null, ""5"": null, ""6"": null, ""7"": null}","{""0"": 0.0, ""1"": 0.0, ""2"": null, ""3"": null, ""4"": null, ""5"": null, ""6"": null, ""7"": null}","{""0"": 137, ""1"": 138}",137,1,1,0,0,0.283,car-not-detected-or-stale,KEEP_PAUSED,left,right,,0
539,2026-08-01T22:25:16.292+09:00,57.705,538,9.34,0,STOPPED_RED,,1,1,1,0.120918,0.000000,0.000000,0,745,green,0,unknown,0.000000,null,0.000000,0.389,,"{""0"": 138, ""1"": 139, ""2"": null, ""3"": null, ""4"": null, ""5"": null, ""6"": null, ""7"": null}","{""0"": 0.0, ""1"": 0.0, ""2"": null, ""3"": null, ""4"": null, ""5"": null, ""6"": null, ""7"": null}","{""0"": 138, ""1"": 139}",138,1,1,0,0,0.389,car-not-detected-or-stale,KEEP_PAUSED,left,right,,0
540,2026-08-01T22:25:16.392+09:00,57.804,539,9.34,0,STOPPED_RED,,1,1,1,0.120918,0.000000,0.000000,0,743,green,0,unknown,0.000000,null,0.000000,0.282,,"{""0"": 138, ""1"": 138, ""2"": null, ""3"": null, ""4"": null, ""5"": null, ""6"": null, ""7"": null}","{""0"": 0.0, ""1"": 0.0, ""2"": null, ""3"": null, ""4"": null, ""5"": null, ""6"": null, ""7"": null}","{""0"": 138, ""1"": 138}",138,1,1,0,0,0.282,car-not-detected-or-stale,KEEP_PAUSED,left,right,,0
541,2026-08-01T22:25:16.496+09:00,57.908,540,9.35,0,STOPPED_RED,,1,1,1,0.120753,0.000000,0.000000,0,745,green,0,unknown,0.000000,null,0.000000,0.281,,"{""0"": 138, ""1"": 137, ""2"": null, ""3"": null, ""4"": null, ""5"": null, ""6"": null, ""7"": null}","{""0"": 0.0, ""1"": 0.0, ""2"": null, ""3"": null, ""4"": null, ""5"": null, ""6"": null, ""7"": null}","{""0"": 138, ""1"": 137}",137,1,1,0,0,0.281,car-not-detected-or-stale,KEEP_PAUSED,left,right,,0
542,2026-08-01T22:25:16.610+09:00,58.023,541,9.34,0,STOPPED_RED,,1,1,1,0.120753,0.000000,0.000000,0,743,green,0,unknown,0.000000,null,0.000000,0.186,,"{""0"": 138, ""1"": 137, ""2"": null, ""3"": null, ""4"": null, ""5"": null, ""6"": null, ""7"": null}","{""0"": 0.0, ""1"": 0.0, ""2"": null, ""3"": null, ""4"": null, ""5"": null, ""6"": null, ""7"": null}","{""0"": 138, ""1"": 137}",137,1,1,0,0,0.186,car-not-detected-or-stale,KEEP_PAUSED,left,right,,0
543,2026-08-01T22:25:16.711+09:00,58.123,542,9.35,0,STOPPED_RED,,1,1,1,0.120918,0.000000,0.000000,0,744,green,0,unknown,0.000000,null,0.000000,0.285,,"{""0"": 138, ""1"": 137, ""2"": null, ""3"": null, ""4"": null, ""5"": null, ""6"": null, ""7"": null}","{""0"": 0.0, ""1"": 0.0, ""2"": null, ""3"": null, ""4"": null, ""5"": null, ""6"": null, ""7"": null}","{""0"": 138, ""1"": 137}",137,1,1,0,0,0.285,car-not-detected-or-stale,KEEP_PAUSED,left,right,,0
544,2026-08-01T22:25:16.812+09:00,58.225,543,9.35,0,STOPPED_RED,,1,1,1,0.120753,0.000000,0.000000,0,745,green,0,unknown,0.000000,null,0.000000,0.284,,"{""0"": 138, ""1"": 136, ""2"": null, ""3"": null, ""4"": null, ""5"": null, ""6"": null, ""7"": null}","{""0"": 0.0, ""1"": 0.0, ""2"": null, ""3"": null, ""4"": null, ""5"": null, ""6"": null, ""7"": null}","{""0"": 138, ""1"": 136}",136,1,1,0,0,0.284,car-not-detected-or-stale,KEEP_PAUSED,left,right,,0
545,2026-08-01T22:25:16.920+09:00,58.333,544,9.35,0,STOPPED_RED,,1,1,1,0.120918,0.000000,0.000000,0,745,green,0,unknown,0.000000,null,0.000000,0.392,,"{""0"": 137, ""1"": 136, ""2"": null, ""3"": null, ""4"": null, ""5"": null, ""6"": null, ""7"": null}","{""0"": 0.0, ""1"": 0.0, ""2"": null, ""3"": null, ""4"": null, ""5"": null, ""6"": null, ""7"": null}","{""0"": 137, ""1"": 136}",136,1,1,0,0,0.392,car-not-detected-or-stale,KEEP_PAUSED,left,right,,0
546,2026-08-01T22:25:17.020+09:00,58.432,545,9.35,0,STOPPED_RED,,1,1,1,0.120918,0.000000,0.000000,0,744,green,0,unknown,0.000000,null,0.000000,0.277,,"{""0"": 138, ""1"": 136, ""2"": null, ""3"": null, ""4"": null, ""5"": null, ""6"": null, ""7"": null}","{""0"": 0.0, ""1"": 0.0, ""2"": null, ""3"": null, ""4"": null, ""5"": null, ""6"": null, ""7"": null}","{""0"": 138, ""1"": 136}",136,1,1,0,0,0.277,car-not-detected-or-stale,KEEP_PAUSED,left,right,,0
547,2026-08-01T22:25:17.124+09:00,58.536,546,9.35,0,STOPPED_RED,,1,1,1,0.120753,0.000000,0.000000,0,744,green,0,unknown,0.000000,null,0.000000,0.281,,"{""0"": 138, ""1"": 136, ""2"": null, ""3"": null, ""4"": null, ""5"": null, ""6"": null, ""7"": null}","{""0"": 0.0, ""1"": 0.0, ""2"": null, ""3"": null, ""4"": null, ""5"": null, ""6"": null, ""7"": null}","{""0"": 138, ""1"": 136}",136,1,1,0,0,0.281,car-not-detected-or-stale,KEEP_PAUSED,left,right,,0
548,2026-08-01T22:25:17.228+09:00,58.640,547,9.35,0,STOPPED_RED,,1,1,1,0.120918,0.000000,0.000000,0,744,green,0,unknown,0.000000,null,0.000000,0.383,,"{""0"": 138, ""1"": 136, ""2"": null, ""3"": null, ""4"": null, ""5"": null, ""6"": null, ""7"": null}","{""0"": 0.0, ""1"": 0.0, ""2"": null, ""3"": null, ""4"": null, ""5"": null, ""6"": null, ""7"": null}","{""0"": 138, ""1"": 136}",136,1,1,0,0,0.383,car-not-detected-or-stale,KEEP_PAUSED,left,right,,0
549,2026-08-01T22:25:17.326+09:00,58.738,548,9.35,0,STOPPED_RED,,1,1,1,0.120918,0.000000,0.000000,0,744,green,0,unknown,0.000000,null,0.000000,0.274,,"{""0"": 138, ""1"": 136, ""2"": null, ""3"": null, ""4"": null, ""5"": null, ""6"": null, ""7"": null}","{""0"": 0.0, ""1"": 0.0, ""2"": null, ""3"": null, ""4"": null, ""5"": null, ""6"": null, ""7"": null}","{""0"": 138, ""1"": 136}",136,1,1,0,0,0.274,car-not-detected-or-stale,KEEP_PAUSED,left,right,,0
550,2026-08-01T22:25:17.440+09:00,58.852,549,9.35,0,STOPPED_RED,,1,1,1,0.120918,0.000000,0.000000,0,744,green,0,unknown,0.000000,null,0.000000,0.286,,"{""0"": 138, ""1"": 136, ""2"": null, ""3"": null, ""4"": null, ""5"": null, ""6"": null, ""7"": null}","{""0"": 0.0, ""1"": 0.0, ""2"": null, ""3"": null, ""4"": null, ""5"": null, ""6"": null, ""7"": null}","{""0"": 138, ""1"": 136}",136,1,1,0,0,0.286,car-not-detected-or-stale,KEEP_PAUSED,left,right,,0
551,2026-08-01T22:25:17.552+09:00,58.965,550,9.35,0,STOPPED_RED,,1,1,1,0.120918,0.000000,0.000000,0,744,green,0,unknown,0.000000,null,0.000000,0.397,,"{""0"": 138, ""1"": 136, ""2"": null, ""3"": null, ""4"": null, ""5"": null, ""6"": null, ""7"": null}","{""0"": 0.0, ""1"": 0.0, ""2"": null, ""3"": null, ""4"": null, ""5"": null, ""6"": null, ""7"": null}","{""0"": 138, ""1"": 136}",136,1,1,0,0,0.397,car-not-detected-or-stale,KEEP_PAUSED,left,right,,0
552,2026-08-01T22:25:17.656+09:00,59.067,551,9.35,0,STOPPED_RED,,1,1,1,0.120753,0.000000,0.000000,0,745,green,0,unknown,0.000000,null,0.000000,0.296,,"{""0"": 137, ""1"": 136, ""2"": null, ""3"": null, ""4"": null, ""5"": null, ""6"": null, ""7"": null}","{""0"": 0.0, ""1"": 0.0, ""2"": null, ""3"": null, ""4"": null, ""5"": null, ""6"": null, ""7"": null}","{""0"": 137, ""1"": 136}",136,1,1,0,0,0.296,car-not-detected-or-stale,KEEP_PAUSED,left,right,,0
553,2026-08-01T22:25:17.760+09:00,59.173,552,9.35,0,STOPPED_RED,,1,1,1,0.120753,0.000000,0.000000,0,744,green,0,unknown,0.000000,null,0.000000,0.289,,"{""0"": 138, ""1"": 136, ""2"": null, ""3"": null, ""4"": null, ""5"": null, ""6"": null, ""7"": null}","{""0"": 0.0, ""1"": 0.0, ""2"": null, ""3"": null, ""4"": null, ""5"": null, ""6"": null, ""7"": null}","{""0"": 138, ""1"": 136}",136,1,1,0,0,0.289,car-not-detected-or-stale,KEEP_PAUSED,left,right,,0
554,2026-08-01T22:25:17.872+09:00,59.284,553,9.35,0,STOPPED_RED,,1,1,1,0.120918,0.000000,0.000000,0,744,green,0,unknown,0.000000,null,0.000000,0.185,,"{""0"": 138, ""1"": 136, ""2"": null, ""3"": null, ""4"": null, ""5"": null, ""6"": null, ""7"": null}","{""0"": 0.0, ""1"": 0.0, ""2"": null, ""3"": null, ""4"": null, ""5"": null, ""6"": null, ""7"": null}","{""0"": 138, ""1"": 136}",136,1,1,0,0,0.185,car-not-detected-or-stale,KEEP_PAUSED,left,right,,0
555,2026-08-01T22:25:17.977+09:00,59.389,554,9.35,0,STOPPED_RED,,1,1,1,0.120918,0.000000,0.000000,0,744,green,0,unknown,0.000000,null,0.000000,0.289,,"{""0"": 138, ""1"": 136, ""2"": null, ""3"": null, ""4"": null, ""5"": null, ""6"": null, ""7"": null}","{""0"": 0.0, ""1"": 0.0, ""2"": null, ""3"": null, ""4"": null, ""5"": null, ""6"": null, ""7"": null}","{""0"": 138, ""1"": 136}",136,1,1,0,0,0.289,car-not-detected-or-stale,KEEP_PAUSED,left,right,,0
556,2026-08-01T22:25:18.086+09:00,59.498,555,9.35,0,STOPPED_RED,,1,1,1,0.120753,0.000000,0.000000,0,744,green,0,unknown,0.000000,null,0.000000,0.295,,"{""0"": 138, ""1"": 136, ""2"": null, ""3"": null, ""4"": null, ""5"": null, ""6"": null, ""7"": null}","{""0"": 0.0, ""1"": 0.0, ""2"": null, ""3"": null, ""4"": null, ""5"": null, ""6"": null, ""7"": null}","{""0"": 138, ""1"": 136}",136,1,1,0,0,0.295,car-not-detected-or-stale,KEEP_PAUSED,left,right,,0
557,2026-08-01T22:25:18.194+09:00,59.606,556,9.35,0,STOPPED_RED,,1,1,1,0.120753,0.000000,0.000000,0,744,green,0,unknown,0.000000,null,0.000000,0.184,,"{""0"": 138, ""1"": 136, ""2"": null, ""3"": null, ""4"": null, ""5"": null, ""6"": null, ""7"": null}","{""0"": 0.0, ""1"": 0.0, ""2"": null, ""3"": null, ""4"": null, ""5"": null, ""6"": null, ""7"": null}","{""0"": 138, ""1"": 136}",136,1,1,0,0,0.184,car-not-detected-or-stale,KEEP_PAUSED,left,right,,0
558,2026-08-01T22:25:18.295+09:00,59.707,557,9.35,0,STOPPED_RED,,1,1,1,0.120918,0.000000,0.000000,0,744,green,0,unknown,0.000000,null,0.000000,0.284,,"{""0"": 138, ""1"": 137, ""2"": null, ""3"": null, ""4"": null, ""5"": null, ""6"": null, ""7"": null}","{""0"": 0.0, ""1"": 0.0, ""2"": null, ""3"": null, ""4"": null, ""5"": null, ""6"": null, ""7"": null}","{""0"": 138, ""1"": 137}",137,1,1,0,0,0.284,car-not-detected-or-stale,KEEP_PAUSED,left,right,,0
559,2026-08-01T22:25:18.404+09:00,59.817,558,9.35,0,STOPPED_RED,,1,1,1,0.120753,0.000000,0.000000,0,744,green,0,unknown,0.000000,null,0.000000,0.288,,"{""0"": 138, ""1"": 136, ""2"": null, ""3"": null, ""4"": null, ""5"": null, ""6"": null, ""7"": null}","{""0"": 0.0, ""1"": 0.0, ""2"": null, ""3"": null, ""4"": null, ""5"": null, ""6"": null, ""7"": null}","{""0"": 138, ""1"": 136}",136,1,1,0,0,0.288,car-not-detected-or-stale,KEEP_PAUSED,left,right,,0
560,2026-08-01T22:25:18.513+09:00,59.926,559,9.35,0,STOPPED_RED,,1,1,1,0.120918,0.000000,0.000000,0,744,green,0,unknown,0.000000,null,0.000000,0.187,,"{""0"": 138, ""1"": 138, ""2"": null, ""3"": null, ""4"": null, ""5"": null, ""6"": null, ""7"": null}","{""0"": 0.0, ""1"": 0.0, ""2"": null, ""3"": null, ""4"": null, ""5"": null, ""6"": null, ""7"": null}","{""0"": 138, ""1"": 138}",138,1,1,0,0,0.187,car-not-detected-or-stale,KEEP_PAUSED,left,right,,0
561,2026-08-01T22:25:18.614+09:00,60.026,560,9.35,0,STOPPED_RED,,1,1,1,0.120918,0.000000,0.000000,0,745,green,0,unknown,0.000000,null,0.000000,0.285,,"{""0"": 138, ""1"": 136, ""2"": null, ""3"": null, ""4"": null, ""5"": null, ""6"": null, ""7"": null}","{""0"": 0.0, ""1"": 0.0, ""2"": null, ""3"": null, ""4"": null, ""5"": null, ""6"": null, ""7"": null}","{""0"": 138, ""1"": 136}",136,1,1,0,0,0.285,car-not-detected-or-stale,KEEP_PAUSED,left,right,,0
562,2026-08-01T22:25:18.729+09:00,60.142,561,9.35,0,STOPPED_RED,,1,1,1,0.120918,0.000000,0.000000,0,745,green,0,unknown,0.000000,null,0.000000,0.294,,"{""0"": 137, ""1"": 137, ""2"": null, ""3"": null, ""4"": null, ""5"": null, ""6"": null, ""7"": null}","{""0"": 0.0, ""1"": 0.0, ""2"": null, ""3"": null, ""4"": null, ""5"": null, ""6"": null, ""7"": null}","{""0"": 137, ""1"": 137}",137,1,1,0,0,0.294,car-not-detected-or-stale,KEEP_PAUSED,left,right,,0
563,2026-08-01T22:25:18.840+09:00,60.252,562,9.35,0,STOPPED_RED,,1,1,1,0.120918,0.000000,0.000000,0,744,green,0,unknown,0.000000,null,0.000000,0.194,,"{""0"": 137, ""1"": 137, ""2"": null, ""3"": null, ""4"": null, ""5"": null, ""6"": null, ""7"": null}","{""0"": 0.0, ""1"": 0.0, ""2"": null, ""3"": null, ""4"": null, ""5"": null, ""6"": null, ""7"": null}","{""0"": 137, ""1"": 137}",137,1,1,0,0,0.194,car-not-detected-or-stale,KEEP_PAUSED,left,right,,0
564,2026-08-01T22:25:18.944+09:00,60.357,563,9.35,0,STOPPED_RED,,1,1,1,0.120918,0.000000,0.000000,0,744,green,0,unknown,0.000000,null,0.000000,0.297,,"{""0"": 138, ""1"": 137, ""2"": null, ""3"": null, ""4"": null, ""5"": null, ""6"": null, ""7"": null}","{""0"": 0.0, ""1"": 0.0, ""2"": null, ""3"": null, ""4"": null, ""5"": null, ""6"": null, ""7"": null}","{""0"": 138, ""1"": 137}",137,1,1,0,0,0.297,car-not-detected-or-stale,KEEP_PAUSED,left,right,,0
565,2026-08-01T22:25:19.049+09:00,60.462,564,9.35,0,STOPPED_RED,,1,1,1,0.120918,0.000000,0.000000,0,745,green,0,unknown,0.000000,null,0.000000,0.289,,"{""0"": 138, ""1"": 138, ""2"": null, ""3"": null, ""4"": null, ""5"": null, ""6"": null, ""7"": null}","{""0"": 0.0, ""1"": 0.0, ""2"": null, ""3"": null, ""4"": null, ""5"": null, ""6"": null, ""7"": null}","{""0"": 138, ""1"": 138}",138,1,1,0,0,0.289,car-not-detected-or-stale,KEEP_PAUSED,left,right,,0
566,2026-08-01T22:25:19.148+09:00,60.560,565,9.35,0,STOPPED_RED,,1,1,1,0.120918,0.000000,0.000000,0,744,green,0,unknown,0.000000,null,0.000000,0.171,,"{""0"": 138, ""1"": 137, ""2"": null, ""3"": null, ""4"": null, ""5"": null, ""6"": null, ""7"": null}","{""0"": 0.0, ""1"": 0.0, ""2"": null, ""3"": null, ""4"": null, ""5"": null, ""6"": null, ""7"": null}","{""0"": 138, ""1"": 137}",137,1,1,0,0,0.171,car-not-detected-or-stale,KEEP_PAUSED,left,right,,0
567,2026-08-01T22:25:19.250+09:00,60.661,566,9.35,0,STOPPED_RED,,1,1,1,0.120918,0.000000,0.000000,0,744,green,0,unknown,0.000000,null,0.000000,0.272,,"{""0"": 138, ""1"": 137, ""2"": null, ""3"": null, ""4"": null, ""5"": null, ""6"": null, ""7"": null}","{""0"": 0.0, ""1"": 0.0, ""2"": null, ""3"": null, ""4"": null, ""5"": null, ""6"": null, ""7"": null}","{""0"": 138, ""1"": 137}",137,1,1,0,0,0.272,car-not-detected-or-stale,KEEP_PAUSED,left,right,,0
568,2026-08-01T22:25:19.364+09:00,60.777,567,9.35,0,STOPPED_RED,,1,1,1,0.120753,0.000000,0.000000,0,744,green,0,unknown,0.000000,null,0.000000,0.292,,"{""0"": 138, ""1"": 137, ""2"": null, ""3"": null, ""4"": null, ""5"": null, ""6"": null, ""7"": null}","{""0"": 0.0, ""1"": 0.0, ""2"": null, ""3"": null, ""4"": null, ""5"": null, ""6"": null, ""7"": null}","{""0"": 138, ""1"": 137}",137,1,1,0,0,0.292,car-not-detected-or-stale,KEEP_PAUSED,left,right,,0
569,2026-08-01T22:25:19.477+09:00,60.889,568,9.35,1,STOPPED_RED,,1,1,1,0.120918,0.000000,0.000000,0,744,green,0,unknown,0.000000,null,0.000000,0.195,,"{""0"": 138, ""1"": 136, ""2"": null, ""3"": null, ""4"": null, ""5"": null, ""6"": null, ""7"": null}","{""0"": 0.0, ""1"": 0.0, ""2"": null, ""3"": null, ""4"": null, ""5"": null, ""6"": null, ""7"": null}","{""0"": 138, ""1"": 136}",136,1,1,0,0,0.195,car-not-detected-or-stale,KEEP_PAUSED,left,right,,0
570,2026-08-01T22:25:19.579+09:00,60.991,569,9.35,1,STOPPED_RED,,1,1,1,0.120918,0.000000,0.000000,0,743,green,0,unknown,0.000000,null,0.000000,0.296,,"{""0"": 138, ""1"": 136, ""2"": null, ""3"": null, ""4"": null, ""5"": null, ""6"": null, ""7"": null}","{""0"": 0.0, ""1"": 0.0, ""2"": null, ""3"": null, ""4"": null, ""5"": null, ""6"": null, ""7"": null}","{""0"": 138, ""1"": 136}",136,1,1,0,0,0.296,car-not-detected-or-stale,KEEP_PAUSED,left,right,,0
571,2026-08-01T22:25:19.676+09:00,61.088,570,9.35,1,STOPPED_RED,,1,1,1,0.120918,0.000000,0.000000,0,744,green,0,unknown,0.000000,null,0.000000,0.287,,"{""0"": 138, ""1"": 136, ""2"": null, ""3"": null, ""4"": null, ""5"": null, ""6"": null, ""7"": null}","{""0"": 0.0, ""1"": 0.0, ""2"": null, ""3"": null, ""4"": null, ""5"": null, ""6"": null, ""7"": null}","{""0"": 138, ""1"": 136}",136,1,1,0,0,0.287,car-not-detected-or-stale,KEEP_PAUSED,left,right,,0
572,2026-08-01T22:25:19.784+09:00,61.196,571,9.35,1,STOPPED_RED,,1,1,1,0.120918,0.000000,0.000000,0,744,green,0,unknown,0.000000,null,0.000000,0.172,,"{""0"": 138, ""1"": 137, ""2"": null, ""3"": null, ""4"": null, ""5"": null, ""6"": null, ""7"": null}","{""0"": 0.0, ""1"": 0.0, ""2"": null, ""3"": null, ""4"": null, ""5"": null, ""6"": null, ""7"": null}","{""0"": 138, ""1"": 137}",137,1,1,0,0,0.172,car-not-detected-or-stale,KEEP_PAUSED,left,right,,0
573,2026-08-01T22:25:19.891+09:00,61.301,572,9.35,1,STOPPED_RED,,1,1,1,0.120918,0.000000,0.000000,0,744,green,0,unknown,0.000000,null,0.000000,0.277,,"{""0"": 138, ""1"": 139, ""2"": null, ""3"": null, ""4"": null, ""5"": null, ""6"": null, ""7"": null}","{""0"": 0.0, ""1"": 0.0, ""2"": null, ""3"": null, ""4"": null, ""5"": null, ""6"": null, ""7"": null}","{""0"": 138, ""1"": 139}",138,1,1,0,0,0.277,car-not-detected-or-stale,KEEP_PAUSED,left,right,,0
574,2026-08-01T22:25:19.990+09:00,61.403,573,9.35,1,STOPPED_RED,,1,1,1,0.120918,0.000000,0.000000,0,745,green,0,unknown,0.000000,null,0.000000,0.284,,"{""0"": 138, ""1"": 136, ""2"": null, ""3"": null, ""4"": null, ""5"": null, ""6"": null, ""7"": null}","{""0"": 0.0, ""1"": 0.0, ""2"": null, ""3"": null, ""4"": null, ""5"": null, ""6"": null, ""7"": null}","{""0"": 138, ""1"": 136}",136,1,1,0,0,0.284,car-not-detected-or-stale,KEEP_PAUSED,left,right,,0
575,2026-08-01T22:25:20.099+09:00,61.511,574,9.35,1,STOPPED_RED,,1,1,1,0.120753,0.000000,0.000000,0,743,green,0,unknown,0.000000,null,0.000000,0.176,,"{""0"": 138, ""1"": 136, ""2"": null, ""3"": null, ""4"": null, ""5"": null, ""6"": null, ""7"": null}","{""0"": 0.0, ""1"": 0.0, ""2"": null, ""3"": null, ""4"": null, ""5"": null, ""6"": null, ""7"": null}","{""0"": 138, ""1"": 136}",136,1,1,0,0,0.176,car-not-detected-or-stale,KEEP_PAUSED,left,right,,0
576,2026-08-01T22:25:20.205+09:00,61.618,575,9.35,1,STOPPED_RED,,1,1,1,0.120753,0.000000,0.000000,0,745,green,0,unknown,0.000000,null,0.000000,0.281,,"{""0"": 138, ""1"": 136, ""2"": null, ""3"": null, ""4"": null, ""5"": null, ""6"": null, ""7"": null}","{""0"": 0.0, ""1"": 0.0, ""2"": null, ""3"": null, ""4"": null, ""5"": null, ""6"": null, ""7"": null}","{""0"": 138, ""1"": 136}",136,1,1,0,0,0.281,car-not-detected-or-stale,KEEP_PAUSED,left,right,,0
577,2026-08-01T22:25:20.306+09:00,61.719,576,9.35,1,STOPPED_RED,,1,1,1,0.120753,0.000000,0.000000,0,744,green,0,unknown,0.000000,null,0.000000,0.285,,"{""0"": 138, ""1"": 136, ""2"": null, ""3"": null, ""4"": null, ""5"": null, ""6"": null, ""7"": null}","{""0"": 0.0, ""1"": 0.0, ""2"": null, ""3"": null, ""4"": null, ""5"": null, ""6"": null, ""7"": null}","{""0"": 138, ""1"": 136}",136,1,1,0,0,0.285,car-not-detected-or-stale,KEEP_PAUSED,left,right,,0
578,2026-08-01T22:25:20.414+09:00,61.827,577,9.35,1,STOPPED_RED,,1,1,1,0.120753,0.000000,0.000000,0,744,green,0,unknown,0.000000,null,0.000000,0.177,,"{""0"": 138, ""1"": 137, ""2"": null, ""3"": null, ""4"": null, ""5"": null, ""6"": null, ""7"": null}","{""0"": 0.0, ""1"": 0.0, ""2"": null, ""3"": null, ""4"": null, ""5"": null, ""6"": null, ""7"": null}","{""0"": 138, ""1"": 137}",137,1,1,0,0,0.177,car-not-detected-or-stale,KEEP_PAUSED,left,right,,0
579,2026-08-01T22:25:20.519+09:00,61.930,578,9.35,1,STOPPED_RED,,1,1,1,0.120918,0.000000,0.000000,0,743,green,0,unknown,0.000000,null,0.000000,0.280,,"{""0"": 138, ""1"": 136, ""2"": null, ""3"": null, ""4"": null, ""5"": null, ""6"": null, ""7"": null}","{""0"": 0.0, ""1"": 0.0, ""2"": null, ""3"": null, ""4"": null, ""5"": null, ""6"": null, ""7"": null}","{""0"": 138, ""1"": 136}",136,1,1,0,0,0.280,car-not-detected-or-stale,KEEP_PAUSED,left,right,,0
580,2026-08-01T22:25:20.630+09:00,62.043,579,9.35,1,STOPPED_RED,,1,1,1,0.120753,0.000000,0.000000,0,744,green,0,unknown,0.000000,null,0.000000,0.293,,"{""0"": 137, ""1"": 136, ""2"": null, ""3"": null, ""4"": null, ""5"": null, ""6"": null, ""7"": null}","{""0"": 0.0, ""1"": 0.0, ""2"": null, ""3"": null, ""4"": null, ""5"": null, ""6"": null, ""7"": null}","{""0"": 137, ""1"": 136}",136,1,1,0,0,0.293,car-not-detected-or-stale,KEEP_PAUSED,left,right,,0
581,2026-08-01T22:25:20.741+09:00,62.152,580,9.35,1,STOPPED_RED,,1,1,1,0.120753,0.000000,0.000000,0,744,green,0,unknown,0.000000,null,0.000000,0.189,,"{""0"": 138, ""1"": 137, ""2"": null, ""3"": null, ""4"": null, ""5"": null, ""6"": null, ""7"": null}","{""0"": 0.0, ""1"": 0.0, ""2"": null, ""3"": null, ""4"": null, ""5"": null, ""6"": null, ""7"": null}","{""0"": 138, ""1"": 137}",137,1,1,0,0,0.189,car-not-detected-or-stale,KEEP_PAUSED,left,right,,0
582,2026-08-01T22:25:20.853+09:00,62.265,581,9.35,1,STOPPED_RED,,1,1,1,0.120753,0.000000,0.000000,0,744,green,0,unknown,0.000000,null,0.000000,0.299,,"{""0"": 137, ""1"": 136, ""2"": null, ""3"": null, ""4"": null, ""5"": null, ""6"": null, ""7"": null}","{""0"": 0.0, ""1"": 0.0, ""2"": null, ""3"": null, ""4"": null, ""5"": null, ""6"": null, ""7"": null}","{""0"": 137, ""1"": 136}",136,1,1,0,0,0.299,car-not-detected-or-stale,KEEP_PAUSED,left,right,,0
583,2026-08-01T22:25:20.954+09:00,62.366,582,9.35,1,STOPPED_RED,,1,1,1,0.120753,0.000000,0.000000,0,745,green,0,unknown,0.000000,null,0.000000,0.293,,"{""0"": 138, ""1"": 136, ""2"": null, ""3"": null, ""4"": null, ""5"": null, ""6"": null, ""7"": null}","{""0"": 0.0, ""1"": 0.0, ""2"": null, ""3"": null, ""4"": null, ""5"": null, ""6"": null, ""7"": null}","{""0"": 138, ""1"": 136}",136,1,1,0,0,0.293,car-not-detected-or-stale,KEEP_PAUSED,left,right,,0
584,2026-08-01T22:25:21.063+09:00,62.476,583,9.35,1,STOPPED_RED,,1,1,1,0.120753,0.000000,0.000000,0,744,green,0,unknown,0.000000,null,0.000000,0.180,,"{""0"": 138, ""1"": 138, ""2"": null, ""3"": null, ""4"": null, ""5"": null, ""6"": null, ""7"": null}","{""0"": 0.0, ""1"": 0.0, ""2"": null, ""3"": null, ""4"": null, ""5"": null, ""6"": null, ""7"": null}","{""0"": 138, ""1"": 138}",138,1,1,0,0,0.180,car-not-detected-or-stale,KEEP_PAUSED,left,right,,0
585,2026-08-01T22:25:21.165+09:00,62.576,584,9.35,1,STOPPED_RED,,1,1,1,0.120753,0.000000,0.000000,0,744,green,0,unknown,0.000000,null,0.000000,0.277,,"{""0"": 137, ""1"": 139, ""2"": null, ""3"": null, ""4"": null, ""5"": null, ""6"": null, ""7"": null}","{""0"": 0.0, ""1"": 0.0, ""2"": null, ""3"": null, ""4"": null, ""5"": null, ""6"": null, ""7"": null}","{""0"": 137, ""1"": 139}",137,1,1,0,0,0.277,car-not-detected-or-stale,KEEP_PAUSED,left,right,,0
586,2026-08-01T22:25:21.266+09:00,62.678,585,9.35,1,STOPPED_RED,,1,1,1,0.120753,0.000000,0.000000,0,745,green,0,unknown,0.000000,null,0.000000,0.282,,"{""0"": 138, ""1"": 137, ""2"": null, ""3"": null, ""4"": null, ""5"": null, ""6"": null, ""7"": null}","{""0"": 0.0, ""1"": 0.0, ""2"": null, ""3"": null, ""4"": null, ""5"": null, ""6"": null, ""7"": null}","{""0"": 138, ""1"": 137}",137,1,1,0,0,0.282,car-not-detected-or-stale,KEEP_PAUSED,left,right,,0
587,2026-08-01T22:25:21.375+09:00,62.787,586,9.35,1,STOPPED_RED,,1,1,1,0.120753,0.000000,0.000000,0,744,green,0,unknown,0.000000,null,0.000000,0.178,,"{""0"": 138, ""1"": 137, ""2"": null, ""3"": null, ""4"": null, ""5"": null, ""6"": null, ""7"": null}","{""0"": 0.0, ""1"": 0.0, ""2"": null, ""3"": null, ""4"": null, ""5"": null, ""6"": null, ""7"": null}","{""0"": 138, ""1"": 137}",137,1,1,0,0,0.178,car-not-detected-or-stale,KEEP_PAUSED,left,right,,0
588,2026-08-01T22:25:21.482+09:00,62.893,587,9.35,1,STOPPED_RED,,1,1,1,0.120753,0.000000,0.000000,0,744,green,0,unknown,0.000000,null,0.000000,0.283,,"{""0"": 137, ""1"": 138, ""2"": null, ""3"": null, ""4"": null, ""5"": null, ""6"": null, ""7"": null}","{""0"": 0.0, ""1"": 0.0, ""2"": null, ""3"": null, ""4"": null, ""5"": null, ""6"": null, ""7"": null}","{""0"": 137, ""1"": 138}",137,1,1,0,0,0.283,car-not-detected-or-stale,KEEP_PAUSED,left,right,,0
589,2026-08-01T22:25:21.582+09:00,62.996,588,9.35,1,STOPPED_RED,,1,1,1,0.120753,0.000000,0.000000,0,744,green,0,unknown,0.000000,null,0.000000,0.286,,"{""0"": 137, ""1"": 138, ""2"": null, ""3"": null, ""4"": null, ""5"": null, ""6"": null, ""7"": null}","{""0"": 0.0, ""1"": 0.0, ""2"": null, ""3"": null, ""4"": null, ""5"": null, ""6"": null, ""7"": null}","{""0"": 137, ""1"": 138}",137,1,1,0,0,0.286,car-not-detected-or-stale,KEEP_PAUSED,left,right,,0
590,2026-08-01T22:25:21.691+09:00,63.103,589,9.35,1,STOPPED_RED,,1,1,1,0.120753,0.000000,0.000000,0,744,green,0,unknown,0.000000,null,0.000000,0.177,,"{""0"": 137, ""1"": 137, ""2"": null, ""3"": null, ""4"": null, ""5"": null, ""6"": null, ""7"": null}","{""0"": 0.0, ""1"": 0.0, ""2"": null, ""3"": null, ""4"": null, ""5"": null, ""6"": null, ""7"": null}","{""0"": 137, ""1"": 137}",137,1,1,0,0,0.177,car-not-detected-or-stale,KEEP_PAUSED,left,right,,0
591,2026-08-01T22:25:21.801+09:00,63.212,590,9.35,1,STOPPED_RED,,1,1,1,0.120753,0.000000,0.000000,0,744,green,0,unknown,0.000000,null,0.000000,0.284,,"{""0"": 138, ""1"": 138, ""2"": null, ""3"": null, ""4"": null, ""5"": null, ""6"": null, ""7"": null}","{""0"": 0.0, ""1"": 0.0, ""2"": null, ""3"": null, ""4"": null, ""5"": null, ""6"": null, ""7"": null}","{""0"": 138, ""1"": 138}",138,1,1,0,0,0.284,car-not-detected-or-stale,KEEP_PAUSED,left,right,,0
592,2026-08-01T22:25:21.898+09:00,63.311,591,9.35,1,STOPPED_RED,,1,1,1,0.120753,0.000000,0.000000,0,744,green,0,unknown,0.000000,null,0.000000,0.285,,"{""0"": 137, ""1"": 137, ""2"": null, ""3"": null, ""4"": null, ""5"": null, ""6"": null, ""7"": null}","{""0"": 0.0, ""1"": 0.0, ""2"": null, ""3"": null, ""4"": null, ""5"": null, ""6"": null, ""7"": null}","{""0"": 137, ""1"": 137}",137,1,1,0,0,0.285,car-not-detected-or-stale,KEEP_PAUSED,left,right,,0
593,2026-08-01T22:25:22.005+09:00,63.417,592,9.35,1,STOPPED_RED,,1,1,1,0.120753,0.000000,0.000000,0,744,green,0,unknown,0.000000,null,0.000000,0.282,,"{""0"": 137, ""1"": 137, ""2"": null, ""3"": null, ""4"": null, ""5"": null, ""6"": null, ""7"": null}","{""0"": 0.0, ""1"": 0.0, ""2"": null, ""3"": null, ""4"": null, ""5"": null, ""6"": null, ""7"": null}","{""0"": 137, ""1"": 137}",137,1,1,0,0,0.282,car-not-detected-or-stale,KEEP_PAUSED,left,right,,0
594,2026-08-01T22:25:22.108+09:00,63.519,593,9.35,1,STOPPED_RED,,1,1,1,0.120753,0.000000,0.000000,0,744,green,0,unknown,0.000000,null,0.000000,0.382,,"{""0"": 137, ""1"": 137, ""2"": null, ""3"": null, ""4"": null, ""5"": null, ""6"": null, ""7"": null}","{""0"": 0.0, ""1"": 0.0, ""2"": null, ""3"": null, ""4"": null, ""5"": null, ""6"": null, ""7"": null}","{""0"": 137, ""1"": 137}",137,1,1,0,0,0.382,car-not-detected-or-stale,KEEP_PAUSED,left,right,,0
595,2026-08-01T22:25:22.207+09:00,63.619,594,9.36,1,STOPPED_RED,,1,1,1,0.120753,0.000000,0.000000,0,744,green,0,unknown,0.000000,null,0.000000,0.278,,"{""0"": 137, ""1"": 138, ""2"": null, ""3"": null, ""4"": null, ""5"": null, ""6"": null, ""7"": null}","{""0"": 0.0, ""1"": 0.0, ""2"": null, ""3"": null, ""4"": null, ""5"": null, ""6"": null, ""7"": null}","{""0"": 137, ""1"": 138}",137,1,1,0,0,0.278,car-not-detected-or-stale,KEEP_PAUSED,left,right,,0
596,2026-08-01T22:25:22.311+09:00,63.723,595,9.36,1,STOPPED_RED,,1,1,1,0.120918,0.000000,0.000000,0,745,green,0,unknown,0.000000,null,0.000000,0.171,,"{""0"": 137, ""1"": 137, ""2"": null, ""3"": null, ""4"": null, ""5"": null, ""6"": null, ""7"": null}","{""0"": 0.0, ""1"": 0.0, ""2"": null, ""3"": null, ""4"": null, ""5"": null, ""6"": null, ""7"": null}","{""0"": 137, ""1"": 137}",137,1,1,0,0,0.171,car-not-detected-or-stale,KEEP_PAUSED,left,right,,0
597,2026-08-01T22:25:22.412+09:00,63.823,596,9.36,1,STOPPED_RED,,1,1,1,0.120918,0.000000,0.000000,0,744,green,0,unknown,0.000000,null,0.000000,0.270,,"{""0"": 138, ""1"": 138, ""2"": null, ""3"": null, ""4"": null, ""5"": null, ""6"": null, ""7"": null}","{""0"": 0.0, ""1"": 0.0, ""2"": null, ""3"": null, ""4"": null, ""5"": null, ""6"": null, ""7"": null}","{""0"": 138, ""1"": 138}",138,1,1,0,0,0.270,car-not-detected-or-stale,KEEP_PAUSED,left,right,,0
598,2026-08-01T22:25:22.521+09:00,63.933,597,9.36,1,STOPPED_RED,,1,1,1,0.121219,0.000000,0.000000,0,744,green,0,unknown,0.000000,null,0.000000,0.282,,"{""0"": 138, ""1"": 136, ""2"": null, ""3"": null, ""4"": null, ""5"": null, ""6"": null, ""7"": null}","{""0"": 0.0, ""1"": 0.0, ""2"": null, ""3"": null, ""4"": null, ""5"": null, ""6"": null, ""7"": null}","{""0"": 138, ""1"": 136}",136,1,1,0,0,0.282,car-not-detected-or-stale,KEEP_PAUSED,left,right,,0
599,2026-08-01T22:25:22.629+09:00,64.042,598,9.36,1,DRIVING,state:STOPPED_RED->DRIVING,0,1,1,0.121219,0.000000,0.000000,255,743,red,0,unknown,0.000000,null,0.000000,0.185,,"{""0"": 137, ""1"": 138, ""2"": null, ""3"": null, ""4"": null, ""5"": null, ""6"": null, ""7"": null}","{""0"": 0.0, ""1"": 0.0, ""2"": null, ""3"": null, ""4"": null, ""5"": null, ""6"": null, ""7"": null}","{""0"": 137, ""1"": 138}",137,1,1,0,0,0.185,car-not-detected-or-stale,KEEP_PAUSED,left,right,,0
600,2026-08-01T22:25:22.733+09:00,64.144,599,9.36,1,DRIVING,phase:KEEP_PAUSED->KEEP,0,1,1,0.122098,-0.219777,-0.219777,255,744,red,0,unknown,0.000000,null,0.000000,0.286,,"{""0"": 137, ""1"": 138, ""2"": null, ""3"": null, ""4"": null, ""5"": null, ""6"": null, ""7"": null}","{""0"": 0.0, ""1"": 0.0, ""2"": null, ""3"": null, ""4"": null, ""5"": null, ""6"": null, ""7"": null}","{""0"": 137, ""1"": 138}",137,1,1,0,0,0.286,car-not-detected-or-stale,KEEP,left,right,,0
601,2026-08-01T22:25:22.836+09:00,64.248,600,9.36,1,DRIVING,,0,1,1,0.122098,-0.219777,-0.219777,255,744,red,0,unknown,0.000000,null,0.000000,0.284,,"{""0"": 136, ""1"": 135, ""2"": null, ""3"": null, ""4"": null, ""5"": null, ""6"": null, ""7"": null}","{""0"": 0.0, ""1"": 0.0, ""2"": null, ""3"": null, ""4"": null, ""5"": null, ""6"": null, ""7"": null}","{""0"": 136, ""1"": 135}",135,1,1,0,0,0.284,car-not-detected-or-stale,KEEP,left,right,,0
602,2026-08-01T22:25:22.953+09:00,64.366,601,9.36,1,DRIVING,,0,1,1,0.120089,-0.212545,-0.212545,100,730,red,0,unknown,0.000000,null,0.000000,0.188,,"{""0"": 250, ""1"": 71, ""2"": null, ""3"": null, ""4"": null, ""5"": null, ""6"": null, ""7"": null}","{""0"": 0.0, ""1"": 0.0, ""2"": null, ""3"": null, ""4"": null, ""5"": null, ""6"": null, ""7"": null}","{""0"": 250, ""1"": 71}",71,1,1,0,0,0.188,car-not-detected-or-stale,KEEP,left,right,,0
603,2026-08-01T22:25:23.063+09:00,64.475,602,9.36,1,DRIVING,,0,1,1,0.116998,-0.202500,-0.202500,255,730,red,0,unknown,0.000000,null,0.000000,0.297,,"{""0"": 100, ""1"": 127, ""2"": null, ""3"": null, ""4"": null, ""5"": null, ""6"": null, ""7"": null}","{""0"": 0.0, ""1"": 0.0, ""2"": null, ""3"": null, ""4"": null, ""5"": null, ""6"": null, ""7"": null}","{""0"": 100, ""1"": 127}",100,1,1,0,0,0.297,car-not-detected-or-stale,KEEP,left,right,,0
604,2026-08-01T22:25:23.171+09:00,64.584,603,9.35,1,DRIVING,,0,1,1,0.104336,-0.159346,-0.159346,255,732,red,0,unknown,0.000000,null,0.000000,0.298,,"{""0"": 250, ""1"": 92, ""2"": null, ""3"": null, ""4"": null, ""5"": null, ""6"": null, ""7"": null}","{""0"": 0.0, ""1"": 0.0, ""2"": null, ""3"": null, ""4"": null, ""5"": null, ""6"": null, ""7"": null}","{""0"": 250, ""1"": 92}",92,1,1,0,0,0.298,car-not-detected-or-stale,KEEP,left,right,,0
605,2026-08-01T22:25:23.276+09:00,64.689,604,9.35,1,DRIVING,,0,1,1,0.095647,-0.136605,-0.136605,255,730,red,0,unknown,0.000000,null,0.000000,0.292,,"{""0"": 250, ""1"": 125, ""2"": null, ""3"": null, ""4"": null, ""5"": null, ""6"": null, ""7"": null}","{""0"": 0.0, ""1"": 0.0, ""2"": null, ""3"": null, ""4"": null, ""5"": null, ""6"": null, ""7"": null}","{""0"": 250, ""1"": 125}",125,1,1,0,0,0.292,car-not-detected-or-stale,KEEP,left,right,,0
606,2026-08-01T22:25:23.388+09:00,64.799,605,9.35,1,DRIVING,,0,1,1,0.084300,-0.106421,-0.106421,100,730,red,0,unknown,0.000000,null,0.000000,0.403,,"{""0"": 78, ""1"": 76, ""2"": null, ""3"": null, ""4"": null, ""5"": null, ""6"": null, ""7"": null}","{""0"": 0.0, ""1"": 0.0, ""2"": null, ""3"": null, ""4"": null, ""5"": null, ""6"": null, ""7"": null}","{""0"": 78, ""1"": 76}",76,1,1,0,0,0.403,car-not-detected-or-stale,KEEP,left,right,,0
607,2026-08-01T22:25:23.489+09:00,64.902,606,9.36,1,DRIVING,,0,1,1,0.066892,-0.057348,-0.057348,100,729,red,0,unknown,0.000000,null,0.000000,0.288,,"{""0"": 70, ""1"": 70, ""2"": null, ""3"": null, ""4"": null, ""5"": null, ""6"": null, ""7"": null}","{""0"": 0.0, ""1"": 0.0, ""2"": null, ""3"": null, ""4"": null, ""5"": null, ""6"": null, ""7"": null}","{""0"": 70, ""1"": 70}",70,1,1,0,0,0.288,car-not-detected-or-stale,KEEP,left,right,,0
608,2026-08-01T22:25:23.592+09:00,65.005,607,9.36,1,DRIVING,,0,1,1,0.048443,-0.009850,-0.009850,100,733,red,0,unknown,0.000000,null,0.000000,0.286,,"{""0"": 62, ""1"": 63, ""2"": null, ""3"": null, ""4"": null, ""5"": null, ""6"": null, ""7"": null}","{""0"": 0.0, ""1"": 0.0, ""2"": null, ""3"": null, ""4"": null, ""5"": null, ""6"": null, ""7"": null}","{""0"": 62, ""1"": 63}",62,1,1,0,0,0.286,car-not-detected-or-stale,KEEP,left,right,,0
609,2026-08-01T22:25:23.698+09:00,65.111,608,9.36,1,DRIVING,,0,1,1,0.029556,0.034938,0.034938,100,734,red,0,unknown,0.000000,null,0.000000,0.389,,"{""0"": 54, ""1"": 250, ""2"": null, ""3"": null, ""4"": null, ""5"": null, ""6"": null, ""7"": null}","{""0"": 0.0, ""1"": 0.0, ""2"": null, ""3"": null, ""4"": null, ""5"": null, ""6"": null, ""7"": null}","{""0"": 54, ""1"": 250}",54,1,1,0,0,0.389,car-not-detected-or-stale,KEEP,left,right,,0
610,2026-08-01T22:25:23.793+09:00,65.206,609,9.36,1,DRIVING,,0,1,1,0.012453,0.070070,0.070070,100,735,unknown,0,unknown,0.000000,null,0.000000,0.273,,"{""0"": 50, ""1"": 250, ""2"": null, ""3"": null, ""4"": null, ""5"": null, ""6"": null, ""7"": null}","{""0"": 0.0, ""1"": 0.0, ""2"": null, ""3"": null, ""4"": null, ""5"": null, ""6"": null, ""7"": null}","{""0"": 50, ""1"": 250}",50,1,1,0,0,0.273,car-not-detected-or-stale,KEEP,left,right,,0
611,2026-08-01T22:25:23.896+09:00,65.309,610,9.36,1,DRIVING,,0,1,1,-0.005145,0.105676,0.105676,100,739,green,0,unknown,0.000000,null,0.000000,0.274,,"{""0"": 41, ""1"": 250, ""2"": null, ""3"": null, ""4"": null, ""5"": null, ""6"": null, ""7"": null}","{""0"": 0.0, ""1"": 0.0, ""2"": null, ""3"": null, ""4"": null, ""5"": null, ""6"": null, ""7"": null}","{""0"": 41, ""1"": 250}",41,1,1,0,0,0.274,car-not-detected-or-stale,KEEP,left,right,,0
612,2026-08-01T22:25:24.015+09:00,65.426,611,9.36,1,STOPPED_RED,state:DRIVING->STOPPED_RED;phase:KEEP->KEEP_PAUSED,1,1,1,-0.019618,0.000000,0.000000,0,741,green,0,unknown,0.000000,null,0.000000,0.390,,"{""0"": 250, ""1"": 250, ""2"": null, ""3"": null, ""4"": null, ""5"": null, ""6"": null, ""7"": null}","{""0"": 0.0, ""1"": 0.0, ""2"": null, ""3"": null, ""4"": null, ""5"": null, ""6"": null, ""7"": null}","{""0"": 250, ""1"": 250}",250,1,0,0,0,0.390,ultrasonic-not-close,KEEP_PAUSED,left,right,,0
613,2026-08-01T22:25:24.115+09:00,65.529,612,9.36,1,STOPPED_RED,,1,1,1,-0.032748,0.000000,0.000000,0,743,green,0,unknown,0.000000,null,0.000000,0.291,,"{""0"": 250, ""1"": 183, ""2"": null, ""3"": null, ""4"": null, ""5"": null, ""6"": null, ""7"": null}","{""0"": 0.0, ""1"": 0.0, ""2"": null, ""3"": null, ""4"": null, ""5"": null, ""6"": null, ""7"": null}","{""0"": 250, ""1"": 183}",183,1,0,0,0,0.291,ultrasonic-not-close,KEEP_PAUSED,left,right,,0
614,2026-08-01T22:25:24.227+09:00,65.640,613,9.36,1,STOPPED_RED,,1,1,1,-0.050153,0.000000,0.000000,0,744,green,0,unknown,0.000000,null,0.000000,0.301,,"{""0"": 250, ""1"": 250, ""2"": null, ""3"": null, ""4"": null, ""5"": null, ""6"": null, ""7"": null}","{""0"": 0.0, ""1"": 0.0, ""2"": null, ""3"": null, ""4"": null, ""5"": null, ""6"": null, ""7"": null}","{""0"": 250, ""1"": 250}",250,1,0,0,0,0.301,ultrasonic-not-close,KEEP_PAUSED,left,right,,0
615,2026-08-01T22:25:24.336+09:00,65.748,614,9.36,1,STOPPED_RED,,1,1,1,-0.059445,0.000000,0.000000,0,744,green,0,unknown,0.000000,null,0.000000,0.407,,"{""0"": 250, ""1"": 250, ""2"": null, ""3"": null, ""4"": null, ""5"": null, ""6"": null, ""7"": null}","{""0"": 0.0, ""1"": 0.0, ""2"": null, ""3"": null, ""4"": null, ""5"": null, ""6"": null, ""7"": null}","{""0"": 250, ""1"": 250}",250,1,0,0,0,0.407,ultrasonic-not-close,KEEP_PAUSED,left,right,,0
616,2026-08-01T22:25:24.443+09:00,65.856,615,9.36,1,STOPPED_RED,,1,1,1,-0.066900,0.000000,0.000000,0,744,green,0,unknown,0.000000,null,0.000000,0.296,,"{""0"": 250, ""1"": 250, ""2"": null, ""3"": null, ""4"": null, ""5"": null, ""6"": null, ""7"": null}","{""0"": 0.0, ""1"": 0.0, ""2"": null, ""3"": null, ""4"": null, ""5"": null, ""6"": null, ""7"": null}","{""0"": 250, ""1"": 250}",250,1,0,0,0,0.296,ultrasonic-not-close,KEEP_PAUSED,left,right,,0
617,2026-08-01T22:25:24.555+09:00,65.967,616,9.36,1,STOPPED_RED,,1,1,1,-0.196104,0.000000,0.000000,0,745,green,0,unknown,0.000000,null,0.000000,0.297,,"{""0"": 250, ""1"": 250, ""2"": null, ""3"": null, ""4"": null, ""5"": null, ""6"": null, ""7"": null}","{""0"": 0.0, ""1"": 0.0, ""2"": null, ""3"": null, ""4"": null, ""5"": null, ""6"": null, ""7"": null}","{""0"": 250, ""1"": 250}",250,1,0,0,0,0.297,ultrasonic-not-close,KEEP_PAUSED,left,right,,0
618,2026-08-01T22:25:24.668+09:00,66.082,617,9.35,1,STOPPED_RED,,1,1,1,-0.201187,0.000000,0.000000,0,746,green,0,unknown,0.000000,null,0.000000,0.411,,"{""0"": 250, ""1"": 250, ""2"": null, ""3"": null, ""4"": null, ""5"": null, ""6"": null, ""7"": null}","{""0"": 0.0, ""1"": 0.0, ""2"": null, ""3"": null, ""4"": null, ""5"": null, ""6"": null, ""7"": null}","{""0"": 250, ""1"": 250}",250,1,0,0,0,0.411,ultrasonic-not-close,KEEP_PAUSED,left,right,,0
619,2026-08-01T22:25:24.776+09:00,66.188,618,9.35,1,STOPPED_RED,,1,1,1,-0.203100,0.000000,0.000000,0,746,green,0,unknown,0.000000,null,0.000000,0.299,,"{""0"": 250, ""1"": 250, ""2"": null, ""3"": null, ""4"": null, ""5"": null, ""6"": null, ""7"": null}","{""0"": 0.0, ""1"": 0.0, ""2"": null, ""3"": null, ""4"": null, ""5"": null, ""6"": null, ""7"": null}","{""0"": 250, ""1"": 250}",250,1,0,0,0,0.299,ultrasonic-not-close,KEEP_PAUSED,left,right,,0
620,2026-08-01T22:25:24.884+09:00,66.298,619,9.35,1,STOPPED_RED,,1,1,1,-0.202031,0.000000,0.000000,0,745,green,0,unknown,0.000000,null,0.000000,0.299,,"{""0"": 250, ""1"": 250, ""2"": null, ""3"": null, ""4"": null, ""5"": null, ""6"": null, ""7"": null}","{""0"": 0.0, ""1"": 0.0, ""2"": null, ""3"": null, ""4"": null, ""5"": null, ""6"": null, ""7"": null}","{""0"": 250, ""1"": 250}",250,1,0,0,0,0.299,ultrasonic-not-close,KEEP_PAUSED,left,right,,0
621,2026-08-01T22:25:24.998+09:00,66.412,620,9.35,1,STOPPED_RED,,1,1,1,-0.208773,0.000000,0.000000,0,744,green,0,unknown,0.000000,null,0.000000,0.191,,"{""0"": 250, ""1"": 250, ""2"": null, ""3"": null, ""4"": null, ""5"": null, ""6"": null, ""7"": null}","{""0"": 0.001, ""1"": 0.001, ""2"": null, ""3"": null, ""4"": null, ""5"": null, ""6"": null, ""7"": null}","{""0"": 250, ""1"": 250}",250,1,0,0,0,0.190,ultrasonic-not-close,KEEP_PAUSED,left,right,,0
622,2026-08-01T22:25:25.107+09:00,66.518,621,9.35,1,STOPPED_RED,,1,1,1,-0.214031,0.000000,0.000000,0,745,green,0,unknown,0.000000,null,0.000000,0.298,,"{""0"": 250, ""1"": 250, ""2"": null, ""3"": null, ""4"": null, ""5"": null, ""6"": null, ""7"": null}","{""0"": 0.0, ""1"": 0.0, ""2"": null, ""3"": null, ""4"": null, ""5"": null, ""6"": null, ""7"": null}","{""0"": 250, ""1"": 250}",250,1,0,0,0,0.298,ultrasonic-not-close,KEEP_PAUSED,left,right,,0
623,2026-08-01T22:25:25.220+09:00,66.632,622,9.35,1,STOPPED_RED,,1,1,1,-0.217615,0.000000,0.000000,0,744,green,0,unknown,0.000000,null,0.000000,0.305,,"{""0"": 250, ""1"": 250, ""2"": null, ""3"": null, ""4"": null, ""5"": null, ""6"": null, ""7"": null}","{""0"": 0.0, ""1"": 0.0, ""2"": null, ""3"": null, ""4"": null, ""5"": null, ""6"": null, ""7"": null}","{""0"": 250, ""1"": 250}",250,1,0,0,0,0.305,ultrasonic-not-close,KEEP_PAUSED,left,right,,0
624,2026-08-01T22:25:25.335+09:00,66.747,623,9.35,1,STOPPED_RED,,1,1,1,-0.220663,0.000000,0.000000,0,745,green,0,unknown,0.000000,null,0.000000,0.198,,"{""0"": 250, ""1"": 250, ""2"": null, ""3"": null, ""4"": null, ""5"": null, ""6"": null, ""7"": null}","{""0"": 0.0, ""1"": 0.0, ""2"": null, ""3"": null, ""4"": null, ""5"": null, ""6"": null, ""7"": null}","{""0"": 250, ""1"": 250}",250,1,0,0,0,0.198,ultrasonic-not-close,KEEP_PAUSED,left,right,,0
625,2026-08-01T22:25:25.441+09:00,66.853,624,9.35,1,STOPPED_RED,,1,1,1,-0.211055,0.000000,0.000000,0,745,green,0,unknown,0.000000,null,0.000000,0.302,,"{""0"": 250, ""1"": 250, ""2"": null, ""3"": null, ""4"": null, ""5"": null, ""6"": null, ""7"": null}","{""0"": 0.0, ""1"": 0.0, ""2"": null, ""3"": null, ""4"": null, ""5"": null, ""6"": null, ""7"": null}","{""0"": 250, ""1"": 250}",250,1,0,0,0,0.302,ultrasonic-not-close,KEEP_PAUSED,left,right,,0
626,2026-08-01T22:25:25.545+09:00,66.957,625,9.35,1,STOPPED_RED,,1,1,1,-0.214089,0.000000,0.000000,0,745,green,0,unknown,0.000000,null,0.000000,0.294,,"{""0"": 250, ""1"": 250, ""2"": null, ""3"": null, ""4"": null, ""5"": null, ""6"": null, ""7"": null}","{""0"": 0.0, ""1"": 0.0, ""2"": null, ""3"": null, ""4"": null, ""5"": null, ""6"": null, ""7"": null}","{""0"": 250, ""1"": 250}",250,1,0,0,0,0.294,ultrasonic-not-close,KEEP_PAUSED,left,right,,0
627,2026-08-01T22:25:25.653+09:00,67.065,626,9.35,1,STOPPED_RED,,1,1,1,-0.227714,0.000000,0.000000,0,745,green,0,unknown,0.000000,null,0.000000,0.181,,"{""0"": 250, ""1"": 250, ""2"": null, ""3"": null, ""4"": null, ""5"": null, ""6"": null, ""7"": null}","{""0"": 0.0, ""1"": 0.0, ""2"": null, ""3"": null, ""4"": null, ""5"": null, ""6"": null, ""7"": null}","{""0"": 250, ""1"": 250}",250,1,0,0,0,0.181,ultrasonic-not-close,KEEP_PAUSED,left,right,,0
628,2026-08-01T22:25:25.764+09:00,67.176,627,9.35,1,STOPPED_RED,,1,1,1,-0.228090,0.000000,0.000000,0,745,green,0,unknown,0.000000,null,0.000000,0.289,,"{""0"": 250, ""1"": 250, ""2"": null, ""3"": null, ""4"": null, ""5"": null, ""6"": null, ""7"": null}","{""0"": 0.0, ""1"": 0.0, ""2"": null, ""3"": null, ""4"": null, ""5"": null, ""6"": null, ""7"": null}","{""0"": 250, ""1"": 250}",250,1,0,0,0,0.289,ultrasonic-not-close,KEEP_PAUSED,left,right,,0
629,2026-08-01T22:25:25.868+09:00,67.281,628,9.35,1,STOPPED_RED,,1,1,1,-0.228372,0.000000,0.000000,0,744,green,0,unknown,0.000000,null,0.000000,0.293,,"{""0"": 250, ""1"": 250, ""2"": null, ""3"": null, ""4"": null, ""5"": null, ""6"": null, ""7"": null}","{""0"": 0.0, ""1"": 0.0, ""2"": null, ""3"": null, ""4"": null, ""5"": null, ""6"": null, ""7"": null}","{""0"": 250, ""1"": 250}",250,1,0,0,0,0.293,ultrasonic-not-close,KEEP_PAUSED,left,right,,0
630,2026-08-01T22:25:25.975+09:00,67.387,629,9.35,1,STOPPED_RED,,1,1,1,-0.228584,0.000000,0.000000,0,744,green,0,unknown,0.000000,null,0.000000,0.291,,"{""0"": 250, ""1"": 250, ""2"": null, ""3"": null, ""4"": null, ""5"": null, ""6"": null, ""7"": null}","{""0"": 0.0, ""1"": 0.0, ""2"": null, ""3"": null, ""4"": null, ""5"": null, ""6"": null, ""7"": null}","{""0"": 250, ""1"": 250}",250,1,0,0,0,0.291,ultrasonic-not-close,KEEP_PAUSED,left,right,,0
631,2026-08-01T22:25:26.079+09:00,67.492,630,9.35,1,STOPPED_RED,,1,1,1,-0.228743,0.000000,0.000000,0,745,green,0,unknown,0.000000,null,0.000000,0.395,,"{""0"": 250, ""1"": 250, ""2"": null, ""3"": null, ""4"": null, ""5"": null, ""6"": null, ""7"": null}","{""0"": 0.0, ""1"": 0.0, ""2"": null, ""3"": null, ""4"": null, ""5"": null, ""6"": null, ""7"": null}","{""0"": 250, ""1"": 250}",250,1,0,0,0,0.395,ultrasonic-not-close,KEEP_PAUSED,left,right,,0
632,2026-08-01T22:25:26.179+09:00,67.592,631,9.35,1,STOPPED_RED,,1,1,1,-0.228862,0.000000,0.000000,0,744,green,0,unknown,0.000000,null,0.000000,0.280,,"{""0"": 250, ""1"": 250, ""2"": null, ""3"": null, ""4"": null, ""5"": null, ""6"": null, ""7"": null}","{""0"": 0.0, ""1"": 0.0, ""2"": null, ""3"": null, ""4"": null, ""5"": null, ""6"": null, ""7"": null}","{""0"": 250, ""1"": 250}",250,1,0,0,0,0.280,ultrasonic-not-close,KEEP_PAUSED,left,right,,0
633,2026-08-01T22:25:26.285+09:00,67.698,632,9.35,1,STOPPED_RED,,1,1,1,-0.228951,0.000000,0.000000,0,745,green,0,unknown,0.000000,null,0.000000,0.280,,"{""0"": 250, ""1"": 250, ""2"": null, ""3"": null, ""4"": null, ""5"": null, ""6"": null, ""7"": null}","{""0"": 0.0, ""1"": 0.0, ""2"": null, ""3"": null, ""4"": null, ""5"": null, ""6"": null, ""7"": null}","{""0"": 250, ""1"": 250}",250,1,0,0,0,0.280,ultrasonic-not-close,KEEP_PAUSED,left,right,,0
634,2026-08-01T22:25:26.388+09:00,67.800,633,9.35,1,STOPPED_RED,,1,1,1,-0.229018,0.000000,0.000000,0,745,green,0,unknown,0.000000,null,0.000000,0.382,,"{""0"": 250, ""1"": 250, ""2"": null, ""3"": null, ""4"": null, ""5"": null, ""6"": null, ""7"": null}","{""0"": 0.0, ""1"": 0.0, ""2"": null, ""3"": null, ""4"": null, ""5"": null, ""6"": null, ""7"": null}","{""0"": 250, ""1"": 250}",250,1,0,0,0,0.382,ultrasonic-not-close,KEEP_PAUSED,left,right,,0
635,2026-08-01T22:25:26.490+09:00,67.902,634,9.35,1,STOPPED_RED,,1,1,1,-0.229068,0.000000,0.000000,0,745,green,0,unknown,0.000000,null,0.000000,0.281,,"{""0"": 250, ""1"": 250, ""2"": null, ""3"": null, ""4"": null, ""5"": null, ""6"": null, ""7"": null}","{""0"": 0.0, ""1"": 0.0, ""2"": null, ""3"": null, ""4"": null, ""5"": null, ""6"": null, ""7"": null}","{""0"": 250, ""1"": 250}",250,1,0,0,0,0.281,ultrasonic-not-close,KEEP_PAUSED,left,right,,0
636,2026-08-01T22:25:26.599+09:00,68.012,635,9.35,1,STOPPED_RED,,1,1,1,-0.229106,0.000000,0.000000,0,745,green,0,unknown,0.000000,null,0.000000,0.179,,"{""0"": 250, ""1"": 250, ""2"": null, ""3"": null, ""4"": null, ""5"": null, ""6"": null, ""7"": null}","{""0"": 0.0, ""1"": 0.0, ""2"": null, ""3"": null, ""4"": null, ""5"": null, ""6"": null, ""7"": null}","{""0"": 250, ""1"": 250}",250,1,0,0,0,0.179,ultrasonic-not-close,KEEP_PAUSED,left,right,,0
637,2026-08-01T22:25:26.703+09:00,68.115,636,9.35,1,STOPPED_RED,,1,1,1,-0.229134,0.000000,0.000000,0,744,green,0,unknown,0.000000,null,0.000000,0.280,,"{""0"": 250, ""1"": 250, ""2"": null, ""3"": null, ""4"": null, ""5"": null, ""6"": null, ""7"": null}","{""0"": 0.0, ""1"": 0.0, ""2"": null, ""3"": null, ""4"": null, ""5"": null, ""6"": null, ""7"": null}","{""0"": 250, ""1"": 250}",250,1,0,0,0,0.280,ultrasonic-not-close,KEEP_PAUSED,left,right,,0
638,2026-08-01T22:25:26.802+09:00,68.215,637,9.36,1,STOPPED_RED,,1,1,1,-0.229155,0.000000,0.000000,0,745,green,0,unknown,0.000000,null,0.000000,0.281,,"{""0"": 250, ""1"": 250, ""2"": null, ""3"": null, ""4"": null, ""5"": null, ""6"": null, ""7"": null}","{""0"": 0.0, ""1"": 0.0, ""2"": null, ""3"": null, ""4"": null, ""5"": null, ""6"": null, ""7"": null}","{""0"": 250, ""1"": 250}",250,1,0,0,0,0.281,ultrasonic-not-close,KEEP_PAUSED,left,right,,0
639,2026-08-01T22:25:26.910+09:00,68.322,638,9.36,1,STOPPED_RED,,1,1,1,-0.229171,0.000000,0.000000,0,745,green,0,unknown,0.000000,null,0.000000,0.176,,"{""0"": 250, ""1"": 250, ""2"": null, ""3"": null, ""4"": null, ""5"": null, ""6"": null, ""7"": null}","{""0"": 0.0, ""1"": 0.0, ""2"": null, ""3"": null, ""4"": null, ""5"": null, ""6"": null, ""7"": null}","{""0"": 250, ""1"": 250}",250,1,0,0,0,0.176,ultrasonic-not-close,KEEP_PAUSED,left,right,,0
640,2026-08-01T22:25:27.010+09:00,68.423,639,9.36,1,STOPPED_RED,,1,1,1,-0.229183,0.000000,0.000000,0,745,green,0,unknown,0.000000,null,0.000000,0.274,,"{""0"": 250, ""1"": 250, ""2"": null, ""3"": null, ""4"": null, ""5"": null, ""6"": null, ""7"": null}","{""0"": 0.0, ""1"": 0.0, ""2"": null, ""3"": null, ""4"": null, ""5"": null, ""6"": null, ""7"": null}","{""0"": 250, ""1"": 250}",250,1,0,0,0,0.274,ultrasonic-not-close,KEEP_PAUSED,left,right,,0
641,2026-08-01T22:25:27.109+09:00,68.522,640,9.36,1,STOPPED_RED,,1,1,1,-0.232103,0.000000,0.000000,0,744,green,0,unknown,0.000000,null,0.000000,0.278,,"{""0"": 250, ""1"": 250, ""2"": null, ""3"": null, ""4"": null, ""5"": null, ""6"": null, ""7"": null}","{""0"": 0.0, ""1"": 0.0, ""2"": null, ""3"": null, ""4"": null, ""5"": null, ""6"": null, ""7"": null}","{""0"": 250, ""1"": 250}",250,1,0,0,0,0.278,ultrasonic-not-close,KEEP_PAUSED,left,right,,0
642,2026-08-01T22:25:27.215+09:00,68.628,641,9.36,1,STOPPED_RED,,1,1,1,-0.223818,0.000000,0.000000,0,745,green,0,unknown,0.000000,null,0.000000,0.174,,"{""0"": 250, ""1"": 250, ""2"": null, ""3"": null, ""4"": null, ""5"": null, ""6"": null, ""7"": null}","{""0"": 0.0, ""1"": 0.0, ""2"": null, ""3"": null, ""4"": null, ""5"": null, ""6"": null, ""7"": null}","{""0"": 250, ""1"": 250}",250,1,0,0,0,0.174,ultrasonic-not-close,KEEP_PAUSED,left,right,,0
643,2026-08-01T22:25:27.312+09:00,68.724,642,9.36,1,STOPPED_RED,,1,1,1,-0.225168,0.000000,0.000000,0,745,green,0,unknown,0.000000,null,0.000000,0.268,,"{""0"": 250, ""1"": 250, ""2"": null, ""3"": null, ""4"": null, ""5"": null, ""6"": null, ""7"": null}","{""0"": 0.0, ""1"": 0.0, ""2"": null, ""3"": null, ""4"": null, ""5"": null, ""6"": null, ""7"": null}","{""0"": 250, ""1"": 250}",250,1,0,0,0,0.268,ultrasonic-not-close,KEEP_PAUSED,left,right,,0
644,2026-08-01T22:25:27.413+09:00,68.826,643,9.36,1,STOPPED_RED,,1,1,1,-0.226181,0.000000,0.000000,0,745,green,0,unknown,0.000000,null,0.000000,0.275,,"{""0"": 250, ""1"": 250, ""2"": null, ""3"": null, ""4"": null, ""5"": null, ""6"": null, ""7"": null}","{""0"": 0.0, ""1"": 0.0, ""2"": null, ""3"": null, ""4"": null, ""5"": null, ""6"": null, ""7"": null}","{""0"": 250, ""1"": 250}",250,1,0,0,0,0.275,ultrasonic-not-close,KEEP_PAUSED,left,right,,0
645,2026-08-01T22:25:27.516+09:00,68.929,644,9.36,1,STOPPED_RED,,1,1,1,-0.226941,0.000000,0.000000,0,745,green,0,unknown,0.000000,null,0.000000,0.175,,"{""0"": 250, ""1"": 250, ""2"": null, ""3"": null, ""4"": null, ""5"": null, ""6"": null, ""7"": null}","{""0"": 0.0, ""1"": 0.0, ""2"": null, ""3"": null, ""4"": null, ""5"": null, ""6"": null, ""7"": null}","{""0"": 250, ""1"": 250}",250,1,0,0,0,0.175,ultrasonic-not-close,KEEP_PAUSED,left,right,,0
646,2026-08-01T22:25:27.616+09:00,69.028,645,9.36,1,STOPPED_RED,,1,1,1,-0.227510,0.000000,0.000000,0,745,green,0,unknown,0.000000,null,0.000000,0.273,,"{""0"": 250, ""1"": 250, ""2"": null, ""3"": null, ""4"": null, ""5"": null, ""6"": null, ""7"": null}","{""0"": 0.0, ""1"": 0.0, ""2"": null, ""3"": null, ""4"": null, ""5"": null, ""6"": null, ""7"": null}","{""0"": 250, ""1"": 250}",250,1,0,0,0,0.273,ultrasonic-not-close,KEEP_PAUSED,left,right,,0
647,2026-08-01T22:25:27.719+09:00,69.132,646,9.36,1,STOPPED_RED,,1,1,1,-0.223772,0.000000,0.000000,0,745,green,0,unknown,0.000000,null,0.000000,0.276,,"{""0"": 250, ""1"": 250, ""2"": null, ""3"": null, ""4"": null, ""5"": null, ""6"": null, ""7"": null}","{""0"": 0.0, ""1"": 0.0, ""2"": null, ""3"": null, ""4"": null, ""5"": null, ""6"": null, ""7"": null}","{""0"": 250, ""1"": 250}",250,1,0,0,0,0.276,ultrasonic-not-close,KEEP_PAUSED,left,right,,0
648,2026-08-01T22:25:27.826+09:00,69.240,647,9.36,1,STOPPED_RED,,1,1,1,-0.186333,0.000000,0.000000,0,743,green,0,unknown,0.000000,null,0.000000,0.180,,"{""0"": 250, ""1"": 250, ""2"": null, ""3"": null, ""4"": null, ""5"": null, ""6"": null, ""7"": null}","{""0"": 0.0, ""1"": 0.0, ""2"": null, ""3"": null, ""4"": null, ""5"": null, ""6"": null, ""7"": null}","{""0"": 250, ""1"": 250}",250,1,0,0,0,0.180,ultrasonic-not-close,KEEP_PAUSED,left,right,,0
649,2026-08-01T22:25:27.931+09:00,69.345,648,9.36,1,STOPPED_RED,,1,1,1,-0.157261,0.000000,0.000000,0,744,green,0,unknown,0.000000,null,0.000000,0.283,,"{""0"": 250, ""1"": 250, ""2"": null, ""3"": null, ""4"": null, ""5"": null, ""6"": null, ""7"": null}","{""0"": 0.0, ""1"": 0.0, ""2"": null, ""3"": null, ""4"": null, ""5"": null, ""6"": null, ""7"": null}","{""0"": 250, ""1"": 250}",250,1,0,0,0,0.283,ultrasonic-not-close,KEEP_PAUSED,left,right,,0
650,2026-08-01T22:25:28.035+09:00,69.448,649,9.36,1,STOPPED_RED,,1,1,1,-0.102079,0.000000,0.000000,0,744,green,0,unknown,0.000000,null,0.000000,0.287,,"{""0"": 250, ""1"": 250, ""2"": null, ""3"": null, ""4"": null, ""5"": null, ""6"": null, ""7"": null}","{""0"": 0.0, ""1"": 0.0, ""2"": null, ""3"": null, ""4"": null, ""5"": null, ""6"": null, ""7"": null}","{""0"": 250, ""1"": 250}",250,1,0,0,0,0.287,ultrasonic-not-close,KEEP_PAUSED,left,right,,0
651,2026-08-01T22:25:28.143+09:00,69.556,650,9.36,1,STOPPED_RED,,1,1,1,-0.091685,0.000000,0.000000,0,744,green,0,unknown,0.000000,null,0.000000,0.181,,"{""0"": 250, ""1"": 250, ""2"": null, ""3"": null, ""4"": null, ""5"": null, ""6"": null, ""7"": null}","{""0"": 0.0, ""1"": 0.0, ""2"": null, ""3"": null, ""4"": null, ""5"": null, ""6"": null, ""7"": null}","{""0"": 250, ""1"": 250}",250,1,0,0,0,0.181,ultrasonic-not-close,KEEP_PAUSED,left,right,,0
652,2026-08-01T22:25:28.267+09:00,69.679,651,9.36,1,STOPPED_RED,,1,1,1,-0.091258,0.000000,0.000000,0,745,green,0,unknown,0.000000,null,0.000000,0.303,,"{""0"": 250, ""1"": 250, ""2"": null, ""3"": null, ""4"": null, ""5"": null, ""6"": null, ""7"": null}","{""0"": 0.0, ""1"": 0.0, ""2"": null, ""3"": null, ""4"": null, ""5"": null, ""6"": null, ""7"": null}","{""0"": 250, ""1"": 250}",250,1,0,0,0,0.303,ultrasonic-not-close,KEEP_PAUSED,left,right,,0
653,2026-08-01T22:25:28.363+09:00,69.776,652,9.36,1,STOPPED_RED,,1,1,1,-0.090076,0.000000,0.000000,0,744,green,0,unknown,0.000000,null,0.000000,0.298,,"{""0"": 250, ""1"": 250, ""2"": null, ""3"": null, ""4"": null, ""5"": null, ""6"": null, ""7"": null}","{""0"": 0.0, ""1"": 0.0, ""2"": null, ""3"": null, ""4"": null, ""5"": null, ""6"": null, ""7"": null}","{""0"": 250, ""1"": 250}",250,1,0,0,0,0.298,ultrasonic-not-close,KEEP_PAUSED,left,right,,0
654,2026-08-01T22:25:28.468+09:00,69.881,653,9.36,1,STOPPED_RED,,1,1,1,-0.090142,0.000000,0.000000,0,744,green,0,unknown,0.000000,null,0.000000,0.295,,"{""0"": 250, ""1"": 250, ""2"": null, ""3"": null, ""4"": null, ""5"": null, ""6"": null, ""7"": null}","{""0"": 0.0, ""1"": 0.0, ""2"": null, ""3"": null, ""4"": null, ""5"": null, ""6"": null, ""7"": null}","{""0"": 250, ""1"": 250}",250,1,0,0,0,0.295,ultrasonic-not-close,KEEP_PAUSED,left,right,,0
655,2026-08-01T22:25:28.573+09:00,69.986,654,9.36,1,STOPPED_RED,,1,1,1,-0.089929,0.000000,0.000000,0,745,green,0,unknown,0.000000,null,0.000000,0.398,,"{""0"": 250, ""1"": 250, ""2"": null, ""3"": null, ""4"": null, ""5"": null, ""6"": null, ""7"": null}","{""0"": 0.0, ""1"": 0.0, ""2"": null, ""3"": null, ""4"": null, ""5"": null, ""6"": null, ""7"": null}","{""0"": 250, ""1"": 250}",250,1,0,0,0,0.398,ultrasonic-not-close,KEEP_PAUSED,left,right,,0
656,2026-08-01T22:25:28.671+09:00,70.084,655,9.36,1,STOPPED_RED,,1,1,1,-0.090031,0.000000,0.000000,0,744,green,0,unknown,0.000000,null,0.000000,0.278,,"{""0"": 250, ""1"": 250, ""2"": null, ""3"": null, ""4"": null, ""5"": null, ""6"": null, ""7"": null}","{""0"": 0.0, ""1"": 0.0, ""2"": null, ""3"": null, ""4"": null, ""5"": null, ""6"": null, ""7"": null}","{""0"": 250, ""1"": 250}",250,1,0,0,0,0.278,ultrasonic-not-close,KEEP_PAUSED,left,right,,0
657,2026-08-01T22:25:28.780+09:00,70.193,656,9.36,1,STOPPED_RED,,1,1,1,-0.090171,0.000000,0.000000,0,745,green,0,unknown,0.000000,null,0.000000,0.176,,"{""0"": 250, ""1"": 250, ""2"": null, ""3"": null, ""4"": null, ""5"": null, ""6"": null, ""7"": null}","{""0"": 0.0, ""1"": 0.0, ""2"": null, ""3"": null, ""4"": null, ""5"": null, ""6"": null, ""7"": null}","{""0"": 250, ""1"": 250}",250,1,0,0,0,0.176,ultrasonic-not-close,KEEP_PAUSED,left,right,,0
658,2026-08-01T22:25:28.884+09:00,70.296,657,9.36,1,STOPPED_RED,,1,1,1,-0.091287,0.000000,0.000000,0,745,green,0,unknown,0.000000,null,0.000000,0.278,,"{""0"": 250, ""1"": 250, ""2"": null, ""3"": null, ""4"": null, ""5"": null, ""6"": null, ""7"": null}","{""0"": 0.0, ""1"": 0.0, ""2"": null, ""3"": null, ""4"": null, ""5"": null, ""6"": null, ""7"": null}","{""0"": 250, ""1"": 250}",250,1,0,0,0,0.278,ultrasonic-not-close,KEEP_PAUSED,left,right,,0
659,2026-08-01T22:25:28.988+09:00,70.402,658,9.36,1,STOPPED_RED,,1,1,1,-0.091292,0.000000,0.000000,0,745,green,0,unknown,0.000000,null,0.000000,0.288,,"{""0"": 250, ""1"": 250, ""2"": null, ""3"": null, ""4"": null, ""5"": null, ""6"": null, ""7"": null}","{""0"": 0.0, ""1"": 0.0, ""2"": null, ""3"": null, ""4"": null, ""5"": null, ""6"": null, ""7"": null}","{""0"": 250, ""1"": 250}",250,1,0,0,0,0.288,ultrasonic-not-close,KEEP_PAUSED,left,right,,0
660,2026-08-01T22:25:29.095+09:00,70.509,659,9.36,1,STOPPED_RED,,1,1,1,-0.091934,0.000000,0.000000,0,744,green,0,unknown,0.000000,null,0.000000,0.181,,"{""0"": 250, ""1"": 250, ""2"": null, ""3"": null, ""4"": null, ""5"": null, ""6"": null, ""7"": null}","{""0"": 0.0, ""1"": 0.0, ""2"": null, ""3"": null, ""4"": null, ""5"": null, ""6"": null, ""7"": null}","{""0"": 250, ""1"": 250}",250,1,0,0,0,0.181,ultrasonic-not-close,KEEP_PAUSED,left,right,,0
661,2026-08-01T22:25:29.195+09:00,70.607,660,9.36,1,STOPPED_RED,,1,1,1,-0.091110,0.000000,0.000000,0,746,green,0,unknown,0.000000,null,0.000000,0.278,,"{""0"": 250, ""1"": 250, ""2"": null, ""3"": null, ""4"": null, ""5"": null, ""6"": null, ""7"": null}","{""0"": 0.0, ""1"": 0.0, ""2"": null, ""3"": null, ""4"": null, ""5"": null, ""6"": null, ""7"": null}","{""0"": 250, ""1"": 250}",250,1,0,0,0,0.278,ultrasonic-not-close,KEEP_PAUSED,left,right,,0
662,2026-08-01T22:25:29.292+09:00,70.706,661,9.37,1,STOPPED_RED,,1,1,1,-0.091549,0.000000,0.000000,0,745,green,0,unknown,0.000000,null,0.000000,0.275,,"{""0"": 250, ""1"": 250, ""2"": null, ""3"": null, ""4"": null, ""5"": null, ""6"": null, ""7"": null}","{""0"": 0.0, ""1"": 0.0, ""2"": null, ""3"": null, ""4"": null, ""5"": null, ""6"": null, ""7"": null}","{""0"": 250, ""1"": 250}",250,1,0,0,0,0.275,ultrasonic-not-close,KEEP_PAUSED,left,right,,0
663,2026-08-01T22:25:29.402+09:00,70.816,662,9.36,1,STOPPED_RED,,1,1,1,-0.104714,0.000000,0.000000,0,746,green,0,unknown,0.000000,null,0.000000,0.176,,"{""0"": 250, ""1"": 250, ""2"": null, ""3"": null, ""4"": null, ""5"": null, ""6"": null, ""7"": null}","{""0"": 0.0, ""1"": 0.0, ""2"": null, ""3"": null, ""4"": null, ""5"": null, ""6"": null, ""7"": null}","{""0"": 250, ""1"": 250}",250,1,0,0,0,0.176,ultrasonic-not-close,KEEP_PAUSED,left,right,,0
664,2026-08-01T22:25:29.511+09:00,70.924,663,9.36,1,STOPPED_RED,,1,1,1,-0.099581,0.000000,0.000000,0,745,green,0,unknown,0.000000,null,0.000000,0.284,,"{""0"": 250, ""1"": 250, ""2"": null, ""3"": null, ""4"": null, ""5"": null, ""6"": null, ""7"": null}","{""0"": 0.0, ""1"": 0.0, ""2"": null, ""3"": null, ""4"": null, ""5"": null, ""6"": null, ""7"": null}","{""0"": 250, ""1"": 250}",250,1,0,0,0,0.284,ultrasonic-not-close,KEEP_PAUSED,left,right,,0
665,2026-08-01T22:25:29.611+09:00,71.025,664,9.37,1,STOPPED_RED,,1,1,1,-0.098752,0.000000,0.000000,0,744,green,0,unknown,0.000000,null,0.000000,0.289,,"{""0"": 250, ""1"": 250, ""2"": null, ""3"": null, ""4"": null, ""5"": null, ""6"": null, ""7"": null}","{""0"": 0.0, ""1"": 0.0, ""2"": null, ""3"": null, ""4"": null, ""5"": null, ""6"": null, ""7"": null}","{""0"": 250, ""1"": 250}",250,1,0,0,0,0.289,ultrasonic-not-close,KEEP_PAUSED,left,right,,0
666,2026-08-01T22:25:29.716+09:00,71.129,665,9.37,1,STOPPED_RED,,1,1,1,-0.090754,0.000000,0.000000,0,744,green,0,unknown,0.000000,null,0.000000,0.174,,"{""0"": 250, ""1"": 250, ""2"": null, ""3"": null, ""4"": null, ""5"": null, ""6"": null, ""7"": null}","{""0"": 0.0, ""1"": 0.0, ""2"": null, ""3"": null, ""4"": null, ""5"": null, ""6"": null, ""7"": null}","{""0"": 250, ""1"": 250}",250,1,0,0,0,0.174,ultrasonic-not-close,KEEP_PAUSED,left,right,,0
667,2026-08-01T22:25:29.812+09:00,71.224,666,9.37,1,STOPPED_RED,,1,1,1,-0.090617,0.000000,0.000000,0,745,green,0,unknown,0.000000,null,0.000000,0.268,,"{""0"": 250, ""1"": 250, ""2"": null, ""3"": null, ""4"": null, ""5"": null, ""6"": null, ""7"": null}","{""0"": 0.0, ""1"": 0.0, ""2"": null, ""3"": null, ""4"": null, ""5"": null, ""6"": null, ""7"": null}","{""0"": 250, ""1"": 250}",250,1,0,0,0,0.268,ultrasonic-not-close,KEEP_PAUSED,left,right,,0
668,2026-08-01T22:25:29.912+09:00,71.326,667,9.37,1,STOPPED_RED,,1,1,1,-0.087959,0.000000,0.000000,0,745,green,0,unknown,0.000000,null,0.000000,0.272,,"{""0"": 250, ""1"": 250, ""2"": null, ""3"": null, ""4"": null, ""5"": null, ""6"": null, ""7"": null}","{""0"": 0.0, ""1"": 0.0, ""2"": null, ""3"": null, ""4"": null, ""5"": null, ""6"": null, ""7"": null}","{""0"": 250, ""1"": 250}",250,1,0,0,0,0.272,ultrasonic-not-close,KEEP_PAUSED,left,right,,0
669,2026-08-01T22:25:30.019+09:00,71.432,668,9.37,1,STOPPED_RED,,1,1,1,-0.084531,0.000000,0.000000,0,745,green,0,unknown,0.000000,null,0.000000,0.177,,"{""0"": 250, ""1"": 250, ""2"": null, ""3"": null, ""4"": null, ""5"": null, ""6"": null, ""7"": null}","{""0"": 0.0, ""1"": 0.0, ""2"": null, ""3"": null, ""4"": null, ""5"": null, ""6"": null, ""7"": null}","{""0"": 250, ""1"": 250}",250,1,0,0,0,0.177,ultrasonic-not-close,KEEP_PAUSED,left,right,,0
670,2026-08-01T22:25:30.116+09:00,71.528,669,9.37,1,STOPPED_RED,,1,1,1,-0.082547,0.000000,0.000000,0,745,green,0,unknown,0.000000,null,0.000000,0.272,,"{""0"": 250, ""1"": 250, ""2"": null, ""3"": null, ""4"": null, ""5"": null, ""6"": null, ""7"": null}","{""0"": 0.0, ""1"": 0.0, ""2"": null, ""3"": null, ""4"": null, ""5"": null, ""6"": null, ""7"": null}","{""0"": 250, ""1"": 250}",250,1,0,0,0,0.272,ultrasonic-not-close,KEEP_PAUSED,left,right,,0
671,2026-08-01T22:25:30.217+09:00,71.630,670,9.37,1,STOPPED_RED,,1,1,1,-0.081059,0.000000,0.000000,0,744,green,0,unknown,0.000000,null,0.000000,0.275,,"{""0"": 250, ""1"": 250, ""2"": null, ""3"": null, ""4"": null, ""5"": null, ""6"": null, ""7"": null}","{""0"": 0.0, ""1"": 0.0, ""2"": null, ""3"": null, ""4"": null, ""5"": null, ""6"": null, ""7"": null}","{""0"": 250, ""1"": 250}",250,1,0,0,0,0.275,ultrasonic-not-close,KEEP_PAUSED,left,right,,0
672,2026-08-01T22:25:30.320+09:00,71.733,671,9.37,1,STOPPED_RED,,1,1,1,-0.079943,0.000000,0.000000,0,745,green,0,unknown,0.000000,null,0.000000,0.377,,"{""0"": 250, ""1"": 250, ""2"": null, ""3"": null, ""4"": null, ""5"": null, ""6"": null, ""7"": null}","{""0"": 0.0, ""1"": 0.0, ""2"": null, ""3"": null, ""4"": null, ""5"": null, ""6"": null, ""7"": null}","{""0"": 250, ""1"": 250}",250,1,0,0,0,0.377,ultrasonic-not-close,KEEP_PAUSED,left,right,,0
673,2026-08-01T22:25:30.421+09:00,71.834,672,9.37,1,STOPPED_RED,,1,1,1,-0.079208,0.000000,0.000000,0,745,green,0,unknown,0.000000,null,0.000000,0.273,,"{""0"": 250, ""1"": 250, ""2"": null, ""3"": null, ""4"": null, ""5"": null, ""6"": null, ""7"": null}","{""0"": 0.0, ""1"": 0.0, ""2"": null, ""3"": null, ""4"": null, ""5"": null, ""6"": null, ""7"": null}","{""0"": 250, ""1"": 250}",250,1,0,0,0,0.273,ultrasonic-not-close,KEEP_PAUSED,left,right,,0
674,2026-08-01T22:25:30.531+09:00,71.943,673,9.37,1,STOPPED_RED,,1,1,1,-0.079075,0.000000,0.000000,0,745,green,0,unknown,0.000000,null,0.000000,0.283,,"{""0"": 250, ""1"": 250, ""2"": null, ""3"": null, ""4"": null, ""5"": null, ""6"": null, ""7"": null}","{""0"": 0.0, ""1"": 0.0, ""2"": null, ""3"": null, ""4"": null, ""5"": null, ""6"": null, ""7"": null}","{""0"": 250, ""1"": 250}",250,1,0,0,0,0.283,ultrasonic-not-close,KEEP_PAUSED,left,right,,0
675,2026-08-01T22:25:30.632+09:00,72.046,674,9.37,1,STOPPED_RED,,1,1,1,-0.078861,0.000000,0.000000,0,746,green,0,unknown,0.000000,null,0.000000,0.385,,"{""0"": 250, ""1"": 250, ""2"": null, ""3"": null, ""4"": null, ""5"": null, ""6"": null, ""7"": null}","{""0"": 0.0, ""1"": 0.0, ""2"": null, ""3"": null, ""4"": null, ""5"": null, ""6"": null, ""7"": null}","{""0"": 250, ""1"": 250}",250,1,0,0,0,0.385,ultrasonic-not-close,KEEP_PAUSED,left,right,,0
676,2026-08-01T22:25:30.737+09:00,72.149,675,9.37,1,STOPPED_RED,,1,1,1,-0.078417,0.000000,0.000000,0,744,green,0,unknown,0.000000,null,0.000000,0.283,,"{""0"": 250, ""1"": 250, ""2"": null, ""3"": null, ""4"": null, ""5"": null, ""6"": null, ""7"": null}","{""0"": 0.0, ""1"": 0.0, ""2"": null, ""3"": null, ""4"": null, ""5"": null, ""6"": null, ""7"": null}","{""0"": 250, ""1"": 250}",250,1,0,0,0,0.283,ultrasonic-not-close,KEEP_PAUSED,left,right,,0
677,2026-08-01T22:25:30.840+09:00,72.254,676,9.37,1,STOPPED_RED,,1,1,1,-0.077838,0.000000,0.000000,0,745,green,0,unknown,0.000000,null,0.000000,0.280,,"{""0"": 250, ""1"": 250, ""2"": null, ""3"": null, ""4"": null, ""5"": null, ""6"": null, ""7"": null}","{""0"": 0.0, ""1"": 0.0, ""2"": null, ""3"": null, ""4"": null, ""5"": null, ""6"": null, ""7"": null}","{""0"": 250, ""1"": 250}",250,1,0,0,0,0.280,ultrasonic-not-close,KEEP_PAUSED,left,right,,0
678,2026-08-01T22:25:30.957+09:00,72.370,677,9.37,1,STOPPED_RED,,1,1,1,-0.077390,0.000000,0.000000,0,744,green,0,unknown,0.000000,null,0.000000,0.396,,"{""0"": 250, ""1"": 250, ""2"": null, ""3"": null, ""4"": null, ""5"": null, ""6"": null, ""7"": null}","{""0"": 0.0, ""1"": 0.0, ""2"": null, ""3"": null, ""4"": null, ""5"": null, ""6"": null, ""7"": null}","{""0"": 250, ""1"": 250}",250,1,0,0,0,0.396,ultrasonic-not-close,KEEP_PAUSED,left,right,,0
679,2026-08-01T22:25:31.054+09:00,72.466,678,9.37,1,STOPPED_RED,,1,1,1,-0.077427,0.000000,0.000000,0,745,green,0,unknown,0.000000,null,0.000000,0.286,,"{""0"": 250, ""1"": 250, ""2"": null, ""3"": null, ""4"": null, ""5"": null, ""6"": null, ""7"": null}","{""0"": 0.0, ""1"": 0.0, ""2"": null, ""3"": null, ""4"": null, ""5"": null, ""6"": null, ""7"": null}","{""0"": 250, ""1"": 250}",250,1,0,0,0,0.286,ultrasonic-not-close,KEEP_PAUSED,left,right,,0
680,2026-08-01T22:25:31.159+09:00,72.572,679,9.37,1,STOPPED_RED,,1,1,1,-0.077291,0.000000,0.000000,0,744,green,0,unknown,0.000000,null,0.000000,0.289,,"{""0"": 250, ""1"": 250, ""2"": null, ""3"": null, ""4"": null, ""5"": null, ""6"": null, ""7"": null}","{""0"": 0.0, ""1"": 0.0, ""2"": null, ""3"": null, ""4"": null, ""5"": null, ""6"": null, ""7"": null}","{""0"": 250, ""1"": 250}",250,1,0,0,0,0.289,ultrasonic-not-close,KEEP_PAUSED,left,right,,0
681,2026-08-01T22:25:31.264+09:00,72.677,680,9.37,1,DRIVING,state:STOPPED_RED->DRIVING,0,1,0,-0.076113,0.000000,0.000000,255,744,green,0,unknown,0.000000,null,0.000000,0.391,,"{""0"": 250, ""1"": 250, ""2"": null, ""3"": null, ""4"": null, ""5"": null, ""6"": null, ""7"": null}","{""0"": 0.0, ""1"": 0.0, ""2"": null, ""3"": null, ""4"": null, ""5"": null, ""6"": null, ""7"": null}","{""0"": 250, ""1"": 250}",250,1,0,0,0,0.391,ultrasonic-not-close,KEEP_PAUSED,left,right,,0
682,2026-08-01T22:25:31.377+09:00,72.789,681,9.37,1,DRIVING,phase:KEEP_PAUSED->KEEP,0,1,1,-0.058452,0.105213,0.105213,255,745,green,0,unknown,0.000000,null,0.000000,0.290,,"{""0"": 250, ""1"": 250, ""2"": null, ""3"": null, ""4"": null, ""5"": null, ""6"": null, ""7"": null}","{""0"": 0.0, ""1"": 0.0, ""2"": null, ""3"": null, ""4"": null, ""5"": null, ""6"": null, ""7"": null}","{""0"": 250, ""1"": 250}",250,1,0,0,0,0.290,ultrasonic-not-close,KEEP,left,right,,0
683,2026-08-01T22:25:31.481+09:00,72.894,682,9.37,1,STOPPED_RED,state:DRIVING->STOPPED_RED;phase:KEEP->KEEP_PAUSED,1,1,1,-0.053717,0.000000,0.000000,0,744,green,0,unknown,0.000000,null,0.000000,0.293,,"{""0"": 250, ""1"": 250, ""2"": null, ""3"": null, ""4"": null, ""5"": null, ""6"": null, ""7"": null}","{""0"": 0.0, ""1"": 0.0, ""2"": null, ""3"": null, ""4"": null, ""5"": null, ""6"": null, ""7"": null}","{""0"": 250, ""1"": 250}",250,1,0,0,0,0.293,ultrasonic-not-close,KEEP_PAUSED,left,right,,0
684,2026-08-01T22:25:31.593+09:00,73.007,683,9.37,1,DRIVING,state:STOPPED_RED->DRIVING,0,1,0,-0.052671,0.000000,0.000000,255,745,green,0,unknown,0.000000,null,0.000000,0.186,,"{""0"": 250, ""1"": 250, ""2"": null, ""3"": null, ""4"": null, ""5"": null, ""6"": null, ""7"": null}","{""0"": 0.0, ""1"": 0.0, ""2"": null, ""3"": null, ""4"": null, ""5"": null, ""6"": null, ""7"": null}","{""0"": 250, ""1"": 250}",250,1,0,0,0,0.186,ultrasonic-not-close,KEEP_PAUSED,left,right,,0
685,2026-08-01T22:25:31.694+09:00,73.107,684,9.37,1,DRIVING,phase:KEEP_PAUSED->KEEP,0,1,0,-0.062662,0.112791,0.112791,255,744,green,0,unknown,0.000000,null,0.000000,0.284,,"{""0"": 250, ""1"": 112, ""2"": null, ""3"": null, ""4"": null, ""5"": null, ""6"": null, ""7"": null}","{""0"": 0.0, ""1"": 0.0, ""2"": null, ""3"": null, ""4"": null, ""5"": null, ""6"": null, ""7"": null}","{""0"": 250, ""1"": 112}",112,1,1,0,0,0.284,car-not-detected-or-stale,KEEP,left,right,,0
686,2026-08-01T22:25:31.790+09:00,73.205,685,9.37,1,DRIVING,,0,1,0,-0.078125,0.168459,0.168459,255,733,green,0,unknown,0.000000,null,0.000000,0.280,,"{""0"": 250, ""1"": 250, ""2"": null, ""3"": null, ""4"": null, ""5"": null, ""6"": null, ""7"": null}","{""0"": 0.0, ""1"": 0.0, ""2"": null, ""3"": null, ""4"": null, ""5"": null, ""6"": null, ""7"": null}","{""0"": 250, ""1"": 250}",250,1,0,0,0,0.280,ultrasonic-not-close,KEEP,left,right,,0
687,2026-08-01T22:25:31.892+09:00,73.307,686,9.37,1,DRIVING,,0,1,0,-0.087442,0.193651,0.193651,255,749,green,0,unknown,0.000000,null,0.000000,0.381,,"{""0"": 250, ""1"": 250, ""2"": null, ""3"": null, ""4"": null, ""5"": null, ""6"": null, ""7"": null}","{""0"": 0.0, ""1"": 0.0, ""2"": null, ""3"": null, ""4"": null, ""5"": null, ""6"": null, ""7"": null}","{""0"": 250, ""1"": 250}",250,1,0,0,0,0.381,ultrasonic-not-close,KEEP,left,right,,0
688,2026-08-01T22:25:31.986+09:00,73.400,687,9.38,1,DRIVING,,0,1,0,-0.102691,0.237669,0.237669,255,751,green,0,unknown,0.000000,null,0.000000,0.263,,"{""0"": 250, ""1"": 250, ""2"": null, ""3"": null, ""4"": null, ""5"": null, ""6"": null, ""7"": null}","{""0"": 0.0, ""1"": 0.0, ""2"": null, ""3"": null, ""4"": null, ""5"": null, ""6"": null, ""7"": null}","{""0"": 250, ""1"": 250}",250,1,0,0,0,0.263,ultrasonic-not-close,KEEP,left,right,,0
689,2026-08-01T22:25:32.086+09:00,73.500,688,9.38,1,DRIVING,,0,1,0,-0.183324,0.512102,0.512102,255,752,green,1,obstacle-car,0.495526,"[0, 0, 709, 160]",0.123139,0.267,,"{""0"": 250, ""1"": 250, ""2"": null, ""3"": null, ""4"": null, ""5"": null, ""6"": null, ""7"": null}","{""0"": 0.0, ""1"": 0.0, ""2"": null, ""3"": null, ""4"": null, ""5"": null, ""6"": null, ""7"": null}","{""0"": 250, ""1"": 250}",250,1,0,0,0,0.267,ultrasonic-not-close,KEEP,left,right,,0
690,2026-08-01T22:25:32.184+09:00,73.598,689,9.38,1,DRIVING,,0,1,0,-0.210789,0.556341,0.556341,255,759,green,1,obstacle-car,0.495526,"[0, 0, 709, 160]",0.123139,0.363,,"{""0"": 250, ""1"": 250, ""2"": null, ""3"": null, ""4"": null, ""5"": null, ""6"": null, ""7"": null}","{""0"": 0.0, ""1"": 0.0, ""2"": null, ""3"": null, ""4"": null, ""5"": null, ""6"": null, ""7"": null}","{""0"": 250, ""1"": 250}",250,1,0,0,0,0.363,ultrasonic-not-close,KEEP,left,right,,0
691,2026-08-01T22:25:32.283+09:00,73.697,690,9.38,1,DRIVING,,0,1,0,-0.211727,0.506639,0.506639,255,763,green,0,unknown,0.000000,null,0.000000,0.268,,"{""0"": 250, ""1"": 250, ""2"": null, ""3"": null, ""4"": null, ""5"": null, ""6"": null, ""7"": null}","{""0"": 0.0, ""1"": 0.0, ""2"": null, ""3"": null, ""4"": null, ""5"": null, ""6"": null, ""7"": null}","{""0"": 250, ""1"": 250}",250,1,0,0,0,0.268,ultrasonic-not-close,KEEP,left,right,,0
692,2026-08-01T22:25:32.393+09:00,73.806,691,9.38,1,DRIVING,,0,1,0,-0.211703,0.468893,0.468893,255,775,green,0,unknown,0.000000,null,0.000000,0.178,,"{""0"": 250, ""1"": 250, ""2"": null, ""3"": null, ""4"": null, ""5"": null, ""6"": null, ""7"": null}","{""0"": 0.0, ""1"": 0.0, ""2"": null, ""3"": null, ""4"": null, ""5"": null, ""6"": null, ""7"": null}","{""0"": 250, ""1"": 250}",250,1,0,0,0,0.178,ultrasonic-not-close,KEEP,left,right,,0
693,2026-08-01T22:25:32.506+09:00,73.919,692,9.38,1,DRIVING,,0,1,0,-0.227935,0.500982,0.500982,255,778,green,0,unknown,0.000000,null,0.000000,0.289,,"{""0"": 250, ""1"": 250, ""2"": null, ""3"": null, ""4"": null, ""5"": null, ""6"": null, ""7"": null}","{""0"": 0.0, ""1"": 0.0, ""2"": null, ""3"": null, ""4"": null, ""5"": null, ""6"": null, ""7"": null}","{""0"": 250, ""1"": 250}",250,1,0,0,0,0.289,ultrasonic-not-close,KEEP,left,right,,0
694,2026-08-01T22:25:32.606+09:00,74.019,693,9.38,1,DRIVING,,0,1,0,-0.247176,0.543041,0.543041,255,777,green,0,unknown,0.000000,null,0.000000,0.293,,"{""0"": 250, ""1"": 250, ""2"": null, ""3"": null, ""4"": null, ""5"": null, ""6"": null, ""7"": null}","{""0"": 0.0, ""1"": 0.0, ""2"": null, ""3"": null, ""4"": null, ""5"": null, ""6"": null, ""7"": null}","{""0"": 250, ""1"": 250}",250,1,0,0,0,0.293,ultrasonic-not-close,KEEP,left,right,,0
695,2026-08-01T22:25:32.711+09:00,74.125,694,9.38,1,DRIVING,,0,1,0,-0.259813,0.559096,0.559096,255,777,green,0,unknown,0.000000,null,0.000000,0.175,,"{""0"": 250, ""1"": 250, ""2"": null, ""3"": null, ""4"": null, ""5"": null, ""6"": null, ""7"": null}","{""0"": 0.0, ""1"": 0.0, ""2"": null, ""3"": null, ""4"": null, ""5"": null, ""6"": null, ""7"": null}","{""0"": 250, ""1"": 250}",250,1,0,0,0,0.175,ultrasonic-not-close,KEEP,left,right,,0
696,2026-08-01T22:25:32.819+09:00,74.232,695,9.38,1,DRIVING,,0,1,0,-0.270558,0.570348,0.570348,255,781,green,0,unknown,0.000000,null,0.000000,0.281,,"{""0"": 250, ""1"": 250, ""2"": null, ""3"": null, ""4"": null, ""5"": null, ""6"": null, ""7"": null}","{""0"": 0.0, ""1"": 0.0, ""2"": null, ""3"": null, ""4"": null, ""5"": null, ""6"": null, ""7"": null}","{""0"": 250, ""1"": 250}",250,1,0,0,0,0.281,ultrasonic-not-close,KEEP,left,right,,0
697,2026-08-01T22:25:32.937+09:00,74.351,696,9.38,1,DRIVING,,0,1,0,-0.282070,0.586789,0.586789,255,781,green,0,unknown,0.000000,null,0.000000,0.302,,"{""0"": 250, ""1"": 250, ""2"": null, ""3"": null, ""4"": null, ""5"": null, ""6"": null, ""7"": null}","{""0"": 0.0, ""1"": 0.0, ""2"": null, ""3"": null, ""4"": null, ""5"": null, ""6"": null, ""7"": null}","{""0"": 250, ""1"": 250}",250,1,0,0,0,0.302,ultrasonic-not-close,KEEP,left,right,,0
698,2026-08-01T22:25:33.046+09:00,74.459,697,9.38,1,DRIVING,,0,1,0,-0.291169,0.595826,0.595826,255,783,green,0,unknown,0.000000,null,0.000000,0.196,,"{""0"": 250, ""1"": 250, ""2"": null, ""3"": null, ""4"": null, ""5"": null, ""6"": null, ""7"": null}","{""0"": 0.0, ""1"": 0.0, ""2"": null, ""3"": null, ""4"": null, ""5"": null, ""6"": null, ""7"": null}","{""0"": 250, ""1"": 250}",250,1,0,0,0,0.196,ultrasonic-not-close,KEEP,left,right,,0
699,2026-08-01T22:25:33.150+09:00,74.563,698,9.38,1,DRIVING,,0,1,0,-0.301473,0.611404,0.611404,255,784,green,0,unknown,0.000000,null,0.000000,0.298,,"{""0"": 250, ""1"": 250, ""2"": null, ""3"": null, ""4"": null, ""5"": null, ""6"": null, ""7"": null}","{""0"": 0.0, ""1"": 0.0, ""2"": null, ""3"": null, ""4"": null, ""5"": null, ""6"": null, ""7"": null}","{""0"": 250, ""1"": 250}",250,1,0,0,0,0.298,ultrasonic-not-close,KEEP,left,right,,0
700,2026-08-01T22:25:33.244+09:00,74.659,699,9.38,1,DRIVING,,0,1,0,-0.313669,0.634684,0.634684,255,785,green,0,unknown,0.000000,null,0.000000,0.278,,"{""0"": 250, ""1"": 250, ""2"": null, ""3"": null, ""4"": null, ""5"": null, ""6"": null, ""7"": null}","{""0"": 0.0, ""1"": 0.0, ""2"": null, ""3"": null, ""4"": null, ""5"": null, ""6"": null, ""7"": null}","{""0"": 250, ""1"": 250}",250,1,0,0,0,0.278,ultrasonic-not-close,KEEP,left,right,,0
701,2026-08-01T22:25:33.347+09:00,74.762,700,9.38,1,DRIVING,,0,1,0,-0.327676,0.664084,0.664084,255,784,green,0,unknown,0.000000,null,0.000000,0.169,,"{""0"": 250, ""1"": 250, ""2"": null, ""3"": null, ""4"": null, ""5"": null, ""6"": null, ""7"": null}","{""0"": 0.0, ""1"": 0.0, ""2"": null, ""3"": null, ""4"": null, ""5"": null, ""6"": null, ""7"": null}","{""0"": 250, ""1"": 250}",250,1,0,0,0,0.169,ultrasonic-not-close,KEEP,left,right,,0
702,2026-08-01T22:25:33.440+09:00,74.853,701,9.38,1,DRIVING,,0,1,0,-0.340285,0.687195,0.687195,255,789,green,0,unknown,0.000000,null,0.000000,0.259,,"{""0"": 250, ""1"": 250, ""2"": null, ""3"": null, ""4"": null, ""5"": null, ""6"": null, ""7"": null}","{""0"": 0.0, ""1"": 0.0, ""2"": null, ""3"": null, ""4"": null, ""5"": null, ""6"": null, ""7"": null}","{""0"": 250, ""1"": 250}",250,1,0,0,0,0.259,ultrasonic-not-close,KEEP,left,right,,0
703,2026-08-01T22:25:33.539+09:00,74.952,702,9.38,1,DRIVING,,0,1,0,-0.354537,0.716099,0.716099,255,790,green,0,unknown,0.000000,null,0.000000,0.264,,"{""0"": 250, ""1"": 250, ""2"": null, ""3"": null, ""4"": null, ""5"": null, ""6"": null, ""7"": null}","{""0"": 0.0, ""1"": 0.0, ""2"": null, ""3"": null, ""4"": null, ""5"": null, ""6"": null, ""7"": null}","{""0"": 250, ""1"": 250}",250,1,0,0,0,0.264,ultrasonic-not-close,KEEP,left,right,,0
704,2026-08-01T22:25:33.638+09:00,75.051,703,9.38,1,DRIVING,,0,1,0,-0.361113,0.716394,0.716394,255,793,green,0,unknown,0.000000,null,0.000000,0.362,,"{""0"": 250, ""1"": 250, ""2"": null, ""3"": null, ""4"": null, ""5"": null, ""6"": null, ""7"": null}","{""0"": 0.0, ""1"": 0.0, ""2"": null, ""3"": null, ""4"": null, ""5"": null, ""6"": null, ""7"": null}","{""0"": 250, ""1"": 250}",250,1,0,0,0,0.362,ultrasonic-not-close,KEEP,left,right,,0
705,2026-08-01T22:25:33.733+09:00,75.146,704,9.38,1,DRIVING,,0,1,0,-0.371939,0.735450,0.735450,255,796,green,0,unknown,0.000000,null,0.000000,0.263,,"{""0"": 250, ""1"": 250, ""2"": null, ""3"": null, ""4"": null, ""5"": null, ""6"": null, ""7"": null}","{""0"": 0.0, ""1"": 0.0, ""2"": null, ""3"": null, ""4"": null, ""5"": null, ""6"": null, ""7"": null}","{""0"": 250, ""1"": 250}",250,1,0,0,0,0.263,ultrasonic-not-close,KEEP,left,right,,0
706,2026-08-01T22:25:33.840+09:00,75.254,705,9.38,1,DRIVING,,0,1,0,-0.383231,0.756313,0.756313,255,796,green,0,unknown,0.000000,null,0.000000,0.272,,"{""0"": 250, ""1"": 250, ""2"": null, ""3"": null, ""4"": null, ""5"": null, ""6"": null, ""7"": null}","{""0"": 0.0, ""1"": 0.0, ""2"": null, ""3"": null, ""4"": null, ""5"": null, ""6"": null, ""7"": null}","{""0"": 250, ""1"": 250}",250,1,0,0,0,0.272,ultrasonic-not-close,KEEP,left,right,,0
707,2026-08-01T22:25:33.940+09:00,75.352,706,9.38,1,DRIVING,,0,1,0,-0.390603,0.762902,0.762902,255,797,green,0,unknown,0.000000,null,0.000000,0.370,,"{""0"": 250, ""1"": 250, ""2"": null, ""3"": null, ""4"": null, ""5"": null, ""6"": null, ""7"": null}","{""0"": 0.0, ""1"": 0.0, ""2"": null, ""3"": null, ""4"": null, ""5"": null, ""6"": null, ""7"": null}","{""0"": 250, ""1"": 250}",250,1,0,0,0,0.370,ultrasonic-not-close,KEEP,left,right,,0
708,2026-08-01T22:25:34.037+09:00,75.451,707,9.39,1,DRIVING,,0,1,0,-0.402637,0.788279,0.788279,255,800,green,0,unknown,0.000000,null,0.000000,0.268,,"{""0"": 250, ""1"": 250, ""2"": null, ""3"": null, ""4"": null, ""5"": null, ""6"": null, ""7"": null}","{""0"": 0.0, ""1"": 0.0, ""2"": null, ""3"": null, ""4"": null, ""5"": null, ""6"": null, ""7"": null}","{""0"": 250, ""1"": 250}",250,1,0,0,0,0.268,ultrasonic-not-close,KEEP,left,right,,0
709,2026-08-01T22:25:34.137+09:00,75.551,708,9.39,1,DRIVING,,0,1,0,-0.412667,0.805330,0.805330,255,801,green,0,unknown,0.000000,null,0.000000,0.268,,"{""0"": 250, ""1"": 250, ""2"": null, ""3"": null, ""4"": null, ""5"": null, ""6"": null, ""7"": null}","{""0"": 0.0, ""1"": 0.0, ""2"": null, ""3"": null, ""4"": null, ""5"": null, ""6"": null, ""7"": null}","{""0"": 250, ""1"": 250}",250,1,0,0,0,0.268,ultrasonic-not-close,KEEP,left,right,,0
710,2026-08-01T22:25:34.231+09:00,75.645,709,9.39,1,DRIVING,,0,1,0,-0.419905,0.812627,0.812627,255,801,green,0,unknown,0.000000,null,0.000000,0.360,,"{""0"": 250, ""1"": 250, ""2"": null, ""3"": null, ""4"": null, ""5"": null, ""6"": null, ""7"": null}","{""0"": 0.0, ""1"": 0.0, ""2"": null, ""3"": null, ""4"": null, ""5"": null, ""6"": null, ""7"": null}","{""0"": 250, ""1"": 250}",250,1,0,0,0,0.360,ultrasonic-not-close,KEEP,left,right,,0
711,2026-08-01T22:25:34.331+09:00,75.745,710,9.39,1,DRIVING,,0,1,0,-0.426345,0.818771,0.818771,255,801,green,0,unknown,0.000000,null,0.000000,0.265,,"{""0"": 250, ""1"": 250, ""2"": null, ""3"": null, ""4"": null, ""5"": null, ""6"": null, ""7"": null}","{""0"": 0.0, ""1"": 0.0, ""2"": null, ""3"": null, ""4"": null, ""5"": null, ""6"": null, ""7"": null}","{""0"": 250, ""1"": 250}",250,1,0,0,0,0.265,ultrasonic-not-close,KEEP,left,right,,0
712,2026-08-01T22:25:34.433+09:00,75.847,711,9.39,1,DRIVING,,0,1,0,-0.431253,0.821034,0.821034,255,802,green,0,unknown,0.000000,null,0.000000,0.169,,"{""0"": 250, ""1"": 250, ""2"": null, ""3"": null, ""4"": null, ""5"": null, ""6"": null, ""7"": null}","{""0"": 0.0, ""1"": 0.0, ""2"": null, ""3"": null, ""4"": null, ""5"": null, ""6"": null, ""7"": null}","{""0"": 250, ""1"": 250}",250,1,0,0,0,0.169,ultrasonic-not-close,KEEP,left,right,,0
713,2026-08-01T22:25:34.531+09:00,75.944,712,9.39,1,DRIVING,,0,1,0,-0.441777,0.845489,0.845489,255,803,green,0,unknown,0.000000,null,0.000000,0.265,,"{""0"": 250, ""1"": 250, ""2"": null, ""3"": null, ""4"": null, ""5"": null, ""6"": null, ""7"": null}","{""0"": 0.0, ""1"": 0.0, ""2"": null, ""3"": null, ""4"": null, ""5"": null, ""6"": null, ""7"": null}","{""0"": 250, ""1"": 250}",250,1,0,0,0,0.265,ultrasonic-not-close,KEEP,left,right,,0
714,2026-08-01T22:25:34.633+09:00,76.047,713,9.39,1,DRIVING,,0,1,0,-0.447313,0.850331,0.850331,255,802,green,0,unknown,0.000000,null,0.000000,0.273,,"{""0"": 250, ""1"": 250, ""2"": null, ""3"": null, ""4"": null, ""5"": null, ""6"": null, ""7"": null}","{""0"": 0.0, ""1"": 0.0, ""2"": null, ""3"": null, ""4"": null, ""5"": null, ""6"": null, ""7"": null}","{""0"": 250, ""1"": 250}",250,1,0,0,0,0.273,ultrasonic-not-close,KEEP,left,right,,0
715,2026-08-01T22:25:34.747+09:00,76.160,714,9.39,1,DRIVING,,0,1,0,-0.454138,0.861350,0.861350,255,805,green,0,unknown,0.000000,null,0.000000,0.177,,"{""0"": 250, ""1"": 151, ""2"": null, ""3"": null, ""4"": null, ""5"": null, ""6"": null, ""7"": null}","{""0"": 0.0, ""1"": 0.0, ""2"": null, ""3"": null, ""4"": null, ""5"": null, ""6"": null, ""7"": null}","{""0"": 250, ""1"": 151}",151,1,0,0,0,0.177,ultrasonic-not-close,KEEP,left,right,,0
716,2026-08-01T22:25:34.868+09:00,76.281,715,9.39,1,DRIVING,,0,1,0,-0.457893,0.861699,0.861699,255,804,green,0,unknown,0.000000,null,0.000000,0.296,,"{""0"": 250, ""1"": 250, ""2"": null, ""3"": null, ""4"": null, ""5"": null, ""6"": null, ""7"": null}","{""0"": 0.0, ""1"": 0.0, ""2"": null, ""3"": null, ""4"": null, ""5"": null, ""6"": null, ""7"": null}","{""0"": 250, ""1"": 250}",250,1,0,0,0,0.296,ultrasonic-not-close,KEEP,left,right,,0
717,2026-08-01T22:25:34.973+09:00,76.386,716,9.39,1,DRIVING,,0,1,0,-0.462690,0.867719,0.867719,255,806,green,0,unknown,0.000000,null,0.000000,0.306,,"{""0"": 250, ""1"": 107, ""2"": null, ""3"": null, ""4"": null, ""5"": null, ""6"": null, ""7"": null}","{""0"": 0.0, ""1"": 0.0, ""2"": null, ""3"": null, ""4"": null, ""5"": null, ""6"": null, ""7"": null}","{""0"": 250, ""1"": 107}",107,1,1,0,0,0.306,car-not-detected-or-stale,KEEP,left,right,,0
718,2026-08-01T22:25:35.076+09:00,76.491,717,9.39,1,DRIVING,,0,1,0,-0.467243,0.873648,0.873648,255,807,green,0,unknown,0.000000,null,0.000000,0.178,,"{""0"": 250, ""1"": 250, ""2"": null, ""3"": null, ""4"": null, ""5"": null, ""6"": null, ""7"": null}","{""0"": 0.0, ""1"": 0.0, ""2"": null, ""3"": null, ""4"": null, ""5"": null, ""6"": null, ""7"": null}","{""0"": 250, ""1"": 250}",250,1,0,0,0,0.178,ultrasonic-not-close,KEEP,left,right,,0
719,2026-08-01T22:25:35.179+09:00,76.592,718,9.39,1,DRIVING,,0,1,0,-0.470670,0.876200,0.876200,255,808,green,0,unknown,0.000000,null,0.000000,0.277,,"{""0"": 250, ""1"": 250, ""2"": null, ""3"": null, ""4"": null, ""5"": null, ""6"": null, ""7"": null}","{""0"": 0.0, ""1"": 0.0, ""2"": null, ""3"": null, ""4"": null, ""5"": null, ""6"": null, ""7"": null}","{""0"": 250, ""1"": 250}",250,1,0,0,0,0.277,ultrasonic-not-close,KEEP,left,right,,0
720,2026-08-01T22:25:35.294+09:00,76.709,719,9.39,1,DRIVING,,0,1,0,-0.466998,0.854283,0.854283,255,808,green,0,unknown,0.000000,null,0.000000,0.293,,"{""0"": 250, ""1"": 250, ""2"": null, ""3"": null, ""4"": null, ""5"": null, ""6"": null, ""7"": null}","{""0"": 0.0, ""1"": 0.0, ""2"": null, ""3"": null, ""4"": null, ""5"": null, ""6"": null, ""7"": null}","{""0"": 250, ""1"": 250}",250,1,0,0,0,0.293,ultrasonic-not-close,KEEP,left,right,,0
721,2026-08-01T22:25:35.400+09:00,76.814,720,9.39,1,DRIVING,,0,1,0,-0.466395,0.848007,0.848007,255,807,green,0,unknown,0.000000,null,0.000000,0.190,,"{""0"": 250, ""1"": 158, ""2"": null, ""3"": null, ""4"": null, ""5"": null, ""6"": null, ""7"": null}","{""0"": 0.0, ""1"": 0.0, ""2"": null, ""3"": null, ""4"": null, ""5"": null, ""6"": null, ""7"": null}","{""0"": 250, ""1"": 158}",158,1,0,0,0,0.190,ultrasonic-not-close,KEEP,left,right,,0
722,2026-08-01T22:25:35.497+09:00,76.910,721,9.39,1,DRIVING,,0,1,0,-0.467162,0.848221,0.848221,255,809,green,0,unknown,0.000000,null,0.000000,0.285,,"{""0"": 250, ""1"": 132, ""2"": null, ""3"": null, ""4"": null, ""5"": null, ""6"": null, ""7"": null}","{""0"": 0.0, ""1"": 0.0, ""2"": null, ""3"": null, ""4"": null, ""5"": null, ""6"": null, ""7"": null}","{""0"": 250, ""1"": 132}",132,1,1,0,0,0.285,car-not-detected-or-stale,KEEP,left,right,,0
723,2026-08-01T22:25:35.598+09:00,77.012,722,9.39,1,DRIVING,,0,1,0,-0.467190,0.846123,0.846123,255,806,green,0,unknown,0.000000,null,0.000000,0.273,,"{""0"": 250, ""1"": 250, ""2"": null, ""3"": null, ""4"": null, ""5"": null, ""6"": null, ""7"": null}","{""0"": 0.0, ""1"": 0.0, ""2"": null, ""3"": null, ""4"": null, ""5"": null, ""6"": null, ""7"": null}","{""0"": 250, ""1"": 250}",250,1,0,0,0,0.273,ultrasonic-not-close,KEEP,left,right,,0
724,2026-08-01T22:25:35.699+09:00,77.114,723,9.39,1,DRIVING,,0,1,0,-0.464668,0.835488,0.835488,255,809,unknown,0,unknown,0.000000,null,0.000000,0.170,,"{""0"": 250, ""1"": 147, ""2"": null, ""3"": null, ""4"": null, ""5"": null, ""6"": null, ""7"": null}","{""0"": 0.0, ""1"": 0.0, ""2"": null, ""3"": null, ""4"": null, ""5"": null, ""6"": null, ""7"": null}","{""0"": 250, ""1"": 147}",147,1,1,0,0,0.170,car-not-detected-or-stale,KEEP,left,right,,0
725,2026-08-01T22:25:35.797+09:00,77.211,724,9.39,1,DRIVING,,0,1,0,-0.462422,0.827677,0.827677,255,809,unknown,0,unknown,0.000000,null,0.000000,0.265,,"{""0"": 250, ""1"": 126, ""2"": null, ""3"": null, ""4"": null, ""5"": null, ""6"": null, ""7"": null}","{""0"": 0.0, ""1"": 0.0, ""2"": null, ""3"": null, ""4"": null, ""5"": null, ""6"": null, ""7"": null}","{""0"": 250, ""1"": 126}",126,1,1,0,0,0.265,car-not-detected-or-stale,KEEP,left,right,,0
726,2026-08-01T22:25:35.895+09:00,77.309,725,9.39,1,DRIVING,,0,1,0,-0.465326,0.839538,0.839538,255,810,green,0,unknown,0.000000,null,0.000000,0.266,,"{""0"": 250, ""1"": 250, ""2"": null, ""3"": null, ""4"": null, ""5"": null, ""6"": null, ""7"": null}","{""0"": 0.0, ""1"": 0.0, ""2"": null, ""3"": null, ""4"": null, ""5"": null, ""6"": null, ""7"": null}","{""0"": 250, ""1"": 250}",250,1,0,0,0,0.266,ultrasonic-not-close,KEEP,left,right,,0
727,2026-08-01T22:25:36.002+09:00,77.416,726,9.39,1,DRIVING,,0,1,0,-0.455405,0.803234,0.803234,255,810,green,0,unknown,0.000000,null,0.000000,0.371,,"{""0"": 250, ""1"": 250, ""2"": null, ""3"": null, ""4"": null, ""5"": null, ""6"": null, ""7"": null}","{""0"": 0.0, ""1"": 0.0, ""2"": null, ""3"": null, ""4"": null, ""5"": null, ""6"": null, ""7"": null}","{""0"": 250, ""1"": 250}",250,1,0,0,0,0.371,ultrasonic-not-close,KEEP,left,right,,0
728,2026-08-01T22:25:36.102+09:00,77.515,727,9.39,1,DRIVING,,0,1,0,-0.452553,0.797917,0.797917,255,809,green,0,unknown,0.000000,null,0.000000,0.274,,"{""0"": 250, ""1"": 141, ""2"": null, ""3"": null, ""4"": null, ""5"": null, ""6"": null, ""7"": null}","{""0"": 0.0, ""1"": 0.0, ""2"": null, ""3"": null, ""4"": null, ""5"": null, ""6"": null, ""7"": null}","{""0"": 250, ""1"": 141}",141,1,1,0,0,0.274,car-not-detected-or-stale,KEEP,left,right,,0
729,2026-08-01T22:25:36.204+09:00,77.618,728,9.39,1,DRIVING,,0,1,0,-0.448359,0.787823,0.787823,255,810,green,0,unknown,0.000000,null,0.000000,0.280,,"{""0"": 250, ""1"": 250, ""2"": null, ""3"": null, ""4"": null, ""5"": null, ""6"": null, ""7"": null}","{""0"": 0.0, ""1"": 0.0, ""2"": null, ""3"": null, ""4"": null, ""5"": null, ""6"": null, ""7"": null}","{""0"": 250, ""1"": 250}",250,1,0,0,0,0.280,ultrasonic-not-close,KEEP,left,right,,0
730,2026-08-01T22:25:36.313+09:00,77.725,729,9.39,1,DRIVING,,0,1,0,-0.449155,0.796453,0.796453,255,810,green,0,unknown,0.000000,null,0.000000,0.384,,"{""0"": 250, ""1"": 250, ""2"": null, ""3"": null, ""4"": null, ""5"": null, ""6"": null, ""7"": null}","{""0"": 0.0, ""1"": 0.0, ""2"": null, ""3"": null, ""4"": null, ""5"": null, ""6"": null, ""7"": null}","{""0"": 250, ""1"": 250}",250,1,0,0,0,0.384,ultrasonic-not-close,KEEP,left,right,,0
731,2026-08-01T22:25:36.410+09:00,77.824,730,9.40,1,DRIVING,,0,1,0,-0.440711,0.769665,0.769665,255,811,green,0,unknown,0.000000,null,0.000000,0.278,,"{""0"": 250, ""1"": 145, ""2"": null, ""3"": null, ""4"": null, ""5"": null, ""6"": null, ""7"": null}","{""0"": 0.0, ""1"": 0.0, ""2"": null, ""3"": null, ""4"": null, ""5"": null, ""6"": null, ""7"": null}","{""0"": 250, ""1"": 145}",145,1,1,0,0,0.278,car-not-detected-or-stale,KEEP,left,right,,0
732,2026-08-01T22:25:36.515+09:00,77.928,731,9.40,1,DRIVING,,0,1,0,-0.438052,0.767178,0.767178,255,809,green,0,unknown,0.000000,null,0.000000,0.281,,"{""0"": 250, ""1"": 250, ""2"": null, ""3"": null, ""4"": null, ""5"": null, ""6"": null, ""7"": null}","{""0"": 0.0, ""1"": 0.0, ""2"": null, ""3"": null, ""4"": null, ""5"": null, ""6"": null, ""7"": null}","{""0"": 250, ""1"": 250}",250,1,0,0,0,0.281,ultrasonic-not-close,KEEP,left,right,,0
733,2026-08-01T22:25:36.620+09:00,78.033,732,9.40,1,DRIVING,,0,1,0,-0.434763,0.761730,0.761730,255,809,green,0,unknown,0.000000,null,0.000000,0.385,,"{""0"": 250, ""1"": 250, ""2"": null, ""3"": null, ""4"": null, ""5"": null, ""6"": null, ""7"": null}","{""0"": 0.0, ""1"": 0.0, ""2"": null, ""3"": null, ""4"": null, ""5"": null, ""6"": null, ""7"": null}","{""0"": 250, ""1"": 250}",250,1,0,0,0,0.385,ultrasonic-not-close,KEEP,left,right,,0
734,2026-08-01T22:25:36.730+09:00,78.143,733,9.40,1,DRIVING,,0,1,0,-0.430762,0.753579,0.753579,255,809,green,0,unknown,0.000000,null,0.000000,0.287,,"{""0"": 250, ""1"": 165, ""2"": null, ""3"": null, ""4"": null, ""5"": null, ""6"": null, ""7"": null}","{""0"": 0.0, ""1"": 0.0, ""2"": null, ""3"": null, ""4"": null, ""5"": null, ""6"": null, ""7"": null}","{""0"": 250, ""1"": 165}",165,1,0,0,0,0.287,ultrasonic-not-close,KEEP,left,right,,0
735,2026-08-01T22:25:36.839+09:00,78.253,734,9.39,1,DRIVING,,0,1,0,-0.420784,0.724197,0.724197,255,844,green,0,unknown,0.000000,null,0.000000,0.295,,"{""0"": 250, ""1"": 250, ""2"": null, ""3"": null, ""4"": null, ""5"": null, ""6"": null, ""7"": null}","{""0"": 0.0, ""1"": 0.0, ""2"": null, ""3"": null, ""4"": null, ""5"": null, ""6"": null, ""7"": null}","{""0"": 250, ""1"": 250}",250,1,0,0,0,0.295,ultrasonic-not-close,KEEP,left,right,,0
736,2026-08-01T22:25:36.944+09:00,78.358,735,9.40,1,DRIVING,,0,1,0,-0.415851,0.716402,0.716402,255,809,green,0,unknown,0.000000,null,0.000000,0.398,,"{""0"": 250, ""1"": 250, ""2"": null, ""3"": null, ""4"": null, ""5"": null, ""6"": null, ""7"": null}","{""0"": 0.0, ""1"": 0.0, ""2"": null, ""3"": null, ""4"": null, ""5"": null, ""6"": null, ""7"": null}","{""0"": 250, ""1"": 250}",250,1,0,0,0,0.398,ultrasonic-not-close,KEEP,left,right,,0
737,2026-08-01T22:25:37.040+09:00,78.454,736,9.40,1,DRIVING,,0,1,0,-0.406641,0.692884,0.692884,255,809,green,0,unknown,0.000000,null,0.000000,0.278,,"{""0"": 250, ""1"": 250, ""2"": null, ""3"": null, ""4"": null, ""5"": null, ""6"": null, ""7"": null}","{""0"": 0.0, ""1"": 0.0, ""2"": null, ""3"": null, ""4"": null, ""5"": null, ""6"": null, ""7"": null}","{""0"": 250, ""1"": 250}",250,1,0,0,0,0.278,ultrasonic-not-close,KEEP,left,right,,0
738,2026-08-01T22:25:37.139+09:00,78.553,737,9.40,1,DRIVING,,0,1,0,-0.395815,0.665631,0.665631,255,808,green,0,unknown,0.000000,null,0.000000,0.269,,"{""0"": 250, ""1"": 250, ""2"": null, ""3"": null, ""4"": null, ""5"": null, ""6"": null, ""7"": null}","{""0"": 0.0, ""1"": 0.0, ""2"": null, ""3"": null, ""4"": null, ""5"": null, ""6"": null, ""7"": null}","{""0"": 250, ""1"": 250}",250,1,0,0,0,0.269,ultrasonic-not-close,KEEP,left,right,,0
739,2026-08-01T22:25:37.238+09:00,78.650,738,9.40,1,DRIVING,,0,1,0,-0.394060,0.673364,0.673364,255,804,green,0,unknown,0.000000,null,0.000000,0.364,,"{""0"": 250, ""1"": 151, ""2"": null, ""3"": null, ""4"": null, ""5"": null, ""6"": null, ""7"": null}","{""0"": 0.0, ""1"": 0.0, ""2"": null, ""3"": null, ""4"": null, ""5"": null, ""6"": null, ""7"": null}","{""0"": 250, ""1"": 151}",151,1,0,0,0,0.364,ultrasonic-not-close,KEEP,left,right,,0
740,2026-08-01T22:25:37.339+09:00,78.753,739,9.40,1,DRIVING,,0,1,0,-0.386247,0.656022,0.656022,255,803,green,0,unknown,0.000000,null,0.000000,0.269,,"{""0"": 250, ""1"": 196, ""2"": null, ""3"": null, ""4"": null, ""5"": null, ""6"": null, ""7"": null}","{""0"": 0.0, ""1"": 0.0, ""2"": null, ""3"": null, ""4"": null, ""5"": null, ""6"": null, ""7"": null}","{""0"": 250, ""1"": 196}",196,1,0,0,0,0.269,ultrasonic-not-close,KEEP,left,right,,0
741,2026-08-01T22:25:37.446+09:00,78.860,740,9.40,1,DRIVING,,0,1,0,-0.379395,0.643119,0.643119,255,805,green,0,unknown,0.000000,null,0.000000,0.177,,"{""0"": 250, ""1"": 165, ""2"": null, ""3"": null, ""4"": null, ""5"": null, ""6"": null, ""7"": null}","{""0"": 0.0, ""1"": 0.0, ""2"": null, ""3"": null, ""4"": null, ""5"": null, ""6"": null, ""7"": null}","{""0"": 250, ""1"": 165}",165,1,0,0,0,0.177,ultrasonic-not-close,KEEP,left,right,,0
742,2026-08-01T22:25:37.541+09:00,78.954,741,9.40,1,DRIVING,,0,1,0,-0.373200,0.632757,0.632757,255,802,green,0,unknown,0.000000,null,0.000000,0.270,,"{""0"": 250, ""1"": 250, ""2"": null, ""3"": null, ""4"": null, ""5"": null, ""6"": null, ""7"": null}","{""0"": 0.0, ""1"": 0.0, ""2"": null, ""3"": null, ""4"": null, ""5"": null, ""6"": null, ""7"": null}","{""0"": 250, ""1"": 250}",250,1,0,0,0,0.270,ultrasonic-not-close,KEEP,left,right,,0
743,2026-08-01T22:25:37.638+09:00,79.051,742,9.40,1,DRIVING,,0,1,0,-0.361523,0.602422,0.602422,255,802,unknown,0,unknown,0.000000,null,0.000000,0.268,,"{""0"": 250, ""1"": 250, ""2"": null, ""3"": null, ""4"": null, ""5"": null, ""6"": null, ""7"": null}","{""0"": 0.0, ""1"": 0.0, ""2"": null, ""3"": null, ""4"": null, ""5"": null, ""6"": null, ""7"": null}","{""0"": 250, ""1"": 250}",250,1,0,0,0,0.268,ultrasonic-not-close,KEEP,left,right,,0
744,2026-08-01T22:25:37.743+09:00,79.157,743,9.40,1,DRIVING,,0,1,0,-0.355767,0.596196,0.596196,255,801,unknown,0,unknown,0.000000,null,0.000000,0.372,,"{""0"": 250, ""1"": 250, ""2"": null, ""3"": null, ""4"": null, ""5"": null, ""6"": null, ""7"": null}","{""0"": 0.0, ""1"": 0.0, ""2"": null, ""3"": null, ""4"": null, ""5"": null, ""6"": null, ""7"": null}","{""0"": 250, ""1"": 250}",250,1,0,0,0,0.372,ultrasonic-not-close,KEEP,left,right,,0
745,2026-08-01T22:25:37.845+09:00,79.258,744,9.40,1,DRIVING,,0,1,0,-0.349517,0.586951,0.586951,255,801,unknown,0,unknown,0.000000,null,0.000000,0.272,,"{""0"": 250, ""1"": 131, ""2"": null, ""3"": null, ""4"": null, ""5"": null, ""6"": null, ""7"": null}","{""0"": 0.0, ""1"": 0.0, ""2"": null, ""3"": null, ""4"": null, ""5"": null, ""6"": null, ""7"": null}","{""0"": 250, ""1"": 131}",131,1,1,0,0,0.272,car-not-detected-or-stale,KEEP,left,right,,0
746,2026-08-01T22:25:37.944+09:00,79.357,745,9.40,1,DRIVING,,0,1,0,-0.343870,0.579275,0.579275,255,798,unknown,0,unknown,0.000000,null,0.000000,0.276,,"{""0"": 250, ""1"": 119, ""2"": null, ""3"": null, ""4"": null, ""5"": null, ""6"": null, ""7"": null}","{""0"": 0.0, ""1"": 0.0, ""2"": null, ""3"": null, ""4"": null, ""5"": null, ""6"": null, ""7"": null}","{""0"": 250, ""1"": 119}",119,1,1,0,0,0.276,car-not-detected-or-stale,KEEP,left,right,,0
747,2026-08-01T22:25:38.056+09:00,79.468,746,9.40,1,DRIVING,,0,1,0,-0.334743,0.558326,0.558326,255,795,green,0,unknown,0.000000,null,0.000000,0.385,,"{""0"": 250, ""1"": 117, ""2"": null, ""3"": null, ""4"": null, ""5"": null, ""6"": null, ""7"": null}","{""0"": 0.0, ""1"": 0.0, ""2"": null, ""3"": null, ""4"": null, ""5"": null, ""6"": null, ""7"": null}","{""0"": 250, ""1"": 117}",117,1,1,0,0,0.385,car-not-detected-or-stale,KEEP,left,right,,0
748,2026-08-01T22:25:38.152+09:00,79.566,747,9.40,1,DRIVING,,0,1,0,-0.329425,0.552445,0.552445,255,795,unknown,0,unknown,0.000000,null,0.000000,0.276,,"{""0"": 250, ""1"": 113, ""2"": null, ""3"": null, ""4"": null, ""5"": null, ""6"": null, ""7"": null}","{""0"": 0.0, ""1"": 0.0, ""2"": null, ""3"": null, ""4"": null, ""5"": null, ""6"": null, ""7"": null}","{""0"": 250, ""1"": 113}",113,1,1,0,0,0.276,car-not-detected-or-stale,KEEP,left,right,,0
749,2026-08-01T22:25:38.259+09:00,79.672,748,9.40,1,DRIVING,,0,1,0,-0.323368,0.542794,0.542794,255,795,unknown,0,unknown,0.000000,null,0.000000,0.285,,"{""0"": 250, ""1"": 134, ""2"": null, ""3"": null, ""4"": null, ""5"": null, ""6"": null, ""7"": null}","{""0"": 0.0, ""1"": 0.0, ""2"": null, ""3"": null, ""4"": null, ""5"": null, ""6"": null, ""7"": null}","{""0"": 250, ""1"": 134}",134,1,1,0,0,0.285,car-not-detected-or-stale,KEEP,left,right,,0
750,2026-08-01T22:25:38.365+09:00,79.778,749,9.40,1,DRIVING,,0,1,0,-0.322874,0.552796,0.552796,255,794,unknown,0,unknown,0.000000,null,0.000000,0.387,,"{""0"": 250, ""1"": 250, ""2"": null, ""3"": null, ""4"": null, ""5"": null, ""6"": null, ""7"": null}","{""0"": 0.0, ""1"": 0.0, ""2"": null, ""3"": null, ""4"": null, ""5"": null, ""6"": null, ""7"": null}","{""0"": 250, ""1"": 250}",250,1,0,0,0,0.387,ultrasonic-not-close,KEEP,left,right,,0
751,2026-08-01T22:25:38.469+09:00,79.882,750,9.40,1,DRIVING,,0,1,0,-0.317090,0.540487,0.540487,255,793,unknown,0,unknown,0.000000,null,0.000000,0.284,,"{""0"": 250, ""1"": 142, ""2"": null, ""3"": null, ""4"": null, ""5"": null, ""6"": null, ""7"": null}","{""0"": 0.0, ""1"": 0.0, ""2"": null, ""3"": null, ""4"": null, ""5"": null, ""6"": null, ""7"": null}","{""0"": 250, ""1"": 142}",142,1,1,0,0,0.284,car-not-detected-or-stale,KEEP,left,right,,0
752,2026-08-01T22:25:38.567+09:00,79.981,751,9.40,1,DRIVING,,0,1,0,-0.315692,0.544537,0.544537,255,794,unknown,0,unknown,0.000000,null,0.000000,0.279,,"{""0"": 250, ""1"": 250, ""2"": null, ""3"": null, ""4"": null, ""5"": null, ""6"": null, ""7"": null}","{""0"": 0.0, ""1"": 0.0, ""2"": null, ""3"": null, ""4"": null, ""5"": null, ""6"": null, ""7"": null}","{""0"": 250, ""1"": 250}",250,1,0,0,0,0.279,ultrasonic-not-close,KEEP,left,right,,0
753,2026-08-01T22:25:38.680+09:00,80.092,752,9.40,1,DRIVING,,0,1,0,-0.306264,0.517709,0.517709,255,795,green,0,unknown,0.000000,null,0.000000,0.388,,"{""0"": 250, ""1"": 250, ""2"": null, ""3"": null, ""4"": null, ""5"": null, ""6"": null, ""7"": null}","{""0"": 0.0, ""1"": 0.0, ""2"": null, ""3"": null, ""4"": null, ""5"": null, ""6"": null, ""7"": null}","{""0"": 250, ""1"": 250}",250,1,0,0,0,0.388,ultrasonic-not-close,KEEP,left,right,,0
754,2026-08-01T22:25:38.795+09:00,80.208,753,9.40,1,DRIVING,,0,1,0,-0.303005,0.516046,0.516046,255,790,unknown,0,unknown,0.000000,null,0.000000,0.295,,"{""0"": 250, ""1"": 250, ""2"": null, ""3"": null, ""4"": null, ""5"": null, ""6"": null, ""7"": null}","{""0"": 0.0, ""1"": 0.0, ""2"": null, ""3"": null, ""4"": null, ""5"": null, ""6"": null, ""7"": null}","{""0"": 250, ""1"": 250}",250,1,0,0,0,0.295,ultrasonic-not-close,KEEP,left,right,,0
755,2026-08-01T22:25:38.904+09:00,80.318,754,9.40,1,DRIVING,,0,1,0,-0.287687,0.469710,0.469710,255,801,unknown,0,unknown,0.000000,null,0.000000,0.309,,"{""0"": 250, ""1"": 250, ""2"": null, ""3"": null, ""4"": null, ""5"": null, ""6"": null, ""7"": null}","{""0"": 0.0, ""1"": 0.0, ""2"": null, ""3"": null, ""4"": null, ""5"": null, ""6"": null, ""7"": null}","{""0"": 250, ""1"": 250}",250,1,0,0,0,0.309,ultrasonic-not-close,KEEP,left,right,,0
756,2026-08-01T22:25:39.012+09:00,80.426,755,9.40,1,DRIVING,,0,1,0,-0.265326,0.403650,0.403650,255,789,unknown,0,unknown,0.000000,null,0.000000,0.414,,"{""0"": 250, ""1"": 151, ""2"": null, ""3"": null, ""4"": null, ""5"": null, ""6"": null, ""7"": null}","{""0"": 0.0, ""1"": 0.0, ""2"": null, ""3"": null, ""4"": null, ""5"": null, ""6"": null, ""7"": null}","{""0"": 250, ""1"": 151}",151,1,0,0,0,0.414,ultrasonic-not-close,KEEP,left,right,,0
757,2026-08-01T22:25:39.118+09:00,80.530,756,9.40,1,DRIVING,,0,1,0,-0.243103,0.345826,0.345826,255,783,green,0,unknown,0.000000,null,0.000000,0.288,,"{""0"": 250, ""1"": 250, ""2"": null, ""3"": null, ""4"": null, ""5"": null, ""6"": null, ""7"": null}","{""0"": 0.0, ""1"": 0.0, ""2"": null, ""3"": null, ""4"": null, ""5"": null, ""6"": null, ""7"": null}","{""0"": 250, ""1"": 250}",250,1,0,0,0,0.288,ultrasonic-not-close,KEEP,left,right,,0
758,2026-08-01T22:25:39.217+09:00,80.631,757,9.40,1,DRIVING,,0,1,0,-0.227927,0.318721,0.318721,255,780,green,0,unknown,0.000000,null,0.000000,0.283,,"{""0"": 250, ""1"": 250, ""2"": null, ""3"": null, ""4"": null, ""5"": null, ""6"": null, ""7"": null}","{""0"": 0.0, ""1"": 0.0, ""2"": null, ""3"": null, ""4"": null, ""5"": null, ""6"": null, ""7"": null}","{""0"": 250, ""1"": 250}",250,1,0,0,0,0.283,ultrasonic-not-close,KEEP,left,right,,0
759,2026-08-01T22:25:39.327+09:00,80.741,758,9.40,1,DRIVING,,0,1,0,-0.187832,0.201842,0.201842,255,778,unknown,0,unknown,0.000000,null,0.000000,0.391,,"{""0"": 250, ""1"": 250, ""2"": null, ""3"": null, ""4"": null, ""5"": null, ""6"": null, ""7"": null}","{""0"": 0.0, ""1"": 0.0, ""2"": null, ""3"": null, ""4"": null, ""5"": null, ""6"": null, ""7"": null}","{""0"": 250, ""1"": 250}",250,1,0,0,0,0.391,ultrasonic-not-close,KEEP,left,right,,0
760,2026-08-01T22:25:39.423+09:00,80.836,759,9.40,1,DRIVING,,0,1,0,-0.153686,0.119793,0.119793,255,773,green,0,unknown,0.000000,null,0.000000,0.275,,"{""0"": 250, ""1"": 250, ""2"": null, ""3"": null, ""4"": null, ""5"": null, ""6"": null, ""7"": null}","{""0"": 0.0, ""1"": 0.0, ""2"": null, ""3"": null, ""4"": null, ""5"": null, ""6"": null, ""7"": null}","{""0"": 250, ""1"": 250}",250,1,0,0,0,0.275,ultrasonic-not-close,KEEP,left,right,,0
761,2026-08-01T22:25:39.524+09:00,80.937,760,9.40,1,DRIVING,,0,1,0,-0.117572,0.036838,0.036838,255,760,green,0,unknown,0.000000,null,0.000000,0.277,,"{""0"": 250, ""1"": 250, ""2"": null, ""3"": null, ""4"": null, ""5"": null, ""6"": null, ""7"": null}","{""0"": 0.0, ""1"": 0.0, ""2"": null, ""3"": null, ""4"": null, ""5"": null, ""6"": null, ""7"": null}","{""0"": 250, ""1"": 250}",250,1,0,0,0,0.277,ultrasonic-not-close,KEEP,left,right,,0
762,2026-08-01T22:25:39.635+09:00,81.047,761,9.40,1,DRIVING,,0,1,0,-0.081272,-0.041405,-0.041405,255,754,unknown,0,unknown,0.000000,null,0.000000,0.385,,"{""0"": 250, ""1"": 250, ""2"": null, ""3"": null, ""4"": null, ""5"": null, ""6"": null, ""7"": null}","{""0"": 0.0, ""1"": 0.0, ""2"": null, ""3"": null, ""4"": null, ""5"": null, ""6"": null, ""7"": null}","{""0"": 250, ""1"": 250}",250,1,0,0,0,0.385,ultrasonic-not-close,KEEP,left,right,,0
763,2026-08-01T22:25:39.731+09:00,81.146,762,9.40,1,DRIVING,,0,1,0,-0.060472,-0.059976,-0.059976,255,752,unknown,0,unknown,0.000000,null,0.000000,0.279,,"{""0"": 250, ""1"": 250, ""2"": null, ""3"": null, ""4"": null, ""5"": null, ""6"": null, ""7"": null}","{""0"": 0.0, ""1"": 0.0, ""2"": null, ""3"": null, ""4"": null, ""5"": null, ""6"": null, ""7"": null}","{""0"": 250, ""1"": 250}",250,1,0,0,0,0.279,ultrasonic-not-close,KEEP,left,right,,0
764,2026-08-01T22:25:39.845+09:00,81.259,763,9.40,1,DRIVING,,0,1,0,-0.041991,-0.075861,-0.075861,255,747,unknown,0,unknown,0.000000,null,0.000000,0.292,,"{""0"": 250, ""1"": 250, ""2"": null, ""3"": null, ""4"": null, ""5"": null, ""6"": null, ""7"": null}","{""0"": 0.0, ""1"": 0.0, ""2"": null, ""3"": null, ""4"": null, ""5"": null, ""6"": null, ""7"": null}","{""0"": 250, ""1"": 250}",250,1,0,0,0,0.292,ultrasonic-not-close,KEEP,left,right,,0
765,2026-08-01T22:25:39.960+09:00,81.372,764,9.40,1,DRIVING,,0,1,0,-0.025806,-0.088694,-0.088694,255,747,unknown,0,unknown,0.000000,null,0.000000,0.404,,"{""0"": 250, ""1"": 150, ""2"": null, ""3"": null, ""4"": null, ""5"": null, ""6"": null, ""7"": null}","{""0"": 0.0, ""1"": 0.0, ""2"": null, ""3"": null, ""4"": null, ""5"": null, ""6"": null, ""7"": null}","{""0"": 250, ""1"": 150}",150,1,0,0,0,0.404,ultrasonic-not-close,KEEP,left,right,,0
766,2026-08-01T22:25:40.064+09:00,81.477,765,9.40,1,DRIVING,,0,1,0,-0.017520,-0.077981,-0.077981,255,744,unknown,0,unknown,0.000000,null,0.000000,0.294,,"{""0"": 250, ""1"": 250, ""2"": null, ""3"": null, ""4"": null, ""5"": null, ""6"": null, ""7"": null}","{""0"": 0.0, ""1"": 0.0, ""2"": null, ""3"": null, ""4"": null, ""5"": null, ""6"": null, ""7"": null}","{""0"": 250, ""1"": 250}",250,1,0,0,0,0.294,ultrasonic-not-close,KEEP,left,right,,0
767,2026-08-01T22:25:40.162+09:00,81.575,766,9.40,1,DRIVING,,0,1,0,-0.000485,-0.106451,-0.106451,255,745,unknown,0,unknown,0.000000,null,0.000000,0.286,,"{""0"": 250, ""1"": 250, ""2"": null, ""3"": null, ""4"": null, ""5"": null, ""6"": null, ""7"": null}","{""0"": 0.0, ""1"": 0.0, ""2"": null, ""3"": null, ""4"": null, ""5"": null, ""6"": null, ""7"": null}","{""0"": 250, ""1"": 250}",250,1,0,0,0,0.286,ultrasonic-not-close,KEEP,left,right,,0
768,2026-08-01T22:25:40.272+09:00,81.685,767,9.40,1,DRIVING,,0,1,0,0.005816,-0.096938,-0.096938,255,746,unknown,0,unknown,0.000000,null,0.000000,0.394,,"{""0"": 250, ""1"": 250, ""2"": null, ""3"": null, ""4"": null, ""5"": null, ""6"": null, ""7"": null}","{""0"": 0.0, ""1"": 0.0, ""2"": null, ""3"": null, ""4"": null, ""5"": null, ""6"": null, ""7"": null}","{""0"": 250, ""1"": 250}",250,1,0,0,0,0.394,ultrasonic-not-close,KEEP,left,right,,0
769,2026-08-01T22:25:40.378+09:00,81.791,768,9.40,1,DRIVING,,0,1,0,0.023910,-0.136137,-0.136137,255,743,unknown,0,unknown,0.000000,null,0.000000,0.285,,"{""0"": 250, ""1"": 250, ""2"": null, ""3"": null, ""4"": null, ""5"": null, ""6"": null, ""7"": null}","{""0"": 0.0, ""1"": 0.0, ""2"": null, ""3"": null, ""4"": null, ""5"": null, ""6"": null, ""7"": null}","{""0"": 250, ""1"": 250}",250,1,0,0,0,0.285,ultrasonic-not-close,KEEP,left,right,,0
770,2026-08-01T22:25:40.479+09:00,81.892,769,9.40,1,DRIVING,,0,1,0,0.065768,-0.258895,-0.258895,255,742,unknown,0,unknown,0.000000,null,0.000000,0.175,,"{""0"": 250, ""1"": 250, ""2"": null, ""3"": null, ""4"": null, ""5"": null, ""6"": null, ""7"": null}","{""0"": 0.0, ""1"": 0.0, ""2"": null, ""3"": null, ""4"": null, ""5"": null, ""6"": null, ""7"": null}","{""0"": 250, ""1"": 250}",250,1,0,0,0,0.175,ultrasonic-not-close,KEEP,left,right,,0
771,2026-08-01T22:25:40.573+09:00,81.985,770,9.41,1,DRIVING,,0,1,0,0.100912,-0.343258,-0.343258,255,742,unknown,0,unknown,0.000000,null,0.000000,0.268,,"{""0"": 250, ""1"": 250, ""2"": null, ""3"": null, ""4"": null, ""5"": null, ""6"": null, ""7"": null}","{""0"": 0.0, ""1"": 0.0, ""2"": null, ""3"": null, ""4"": null, ""5"": null, ""6"": null, ""7"": null}","{""0"": 250, ""1"": 250}",250,1,0,0,0,0.268,ultrasonic-not-close,KEEP,left,right,,0
772,2026-08-01T22:25:40.677+09:00,82.091,771,9.41,1,DRIVING,,0,1,0,0.120081,-0.363781,-0.363781,255,731,unknown,0,unknown,0.000000,null,0.000000,0.270,,"{""0"": 250, ""1"": 132, ""2"": null, ""3"": null, ""4"": null, ""5"": null, ""6"": null, ""7"": null}","{""0"": 0.0, ""1"": 0.0, ""2"": null, ""3"": null, ""4"": null, ""5"": null, ""6"": null, ""7"": null}","{""0"": 250, ""1"": 132}",132,1,1,0,0,0.270,car-not-detected-or-stale,KEEP,left,right,,0
773,2026-08-01T22:25:40.786+09:00,82.200,772,9.41,1,DRIVING,,0,1,0,0.141907,-0.398065,-0.398065,255,725,unknown,0,unknown,0.000000,null,0.000000,0.184,,"{""0"": 250, ""1"": 188, ""2"": null, ""3"": null, ""4"": null, ""5"": null, ""6"": null, ""7"": null}","{""0"": 0.0, ""1"": 0.0, ""2"": null, ""3"": null, ""4"": null, ""5"": null, ""6"": null, ""7"": null}","{""0"": 250, ""1"": 188}",188,1,0,0,0,0.184,ultrasonic-not-close,KEEP,left,right,,0
774,2026-08-01T22:25:40.885+09:00,82.297,773,9.41,1,DRIVING,,0,1,0,0.154333,-0.400009,-0.400009,255,725,unknown,0,unknown,0.000000,null,0.000000,0.278,,"{""0"": 250, ""1"": 250, ""2"": null, ""3"": null, ""4"": null, ""5"": null, ""6"": null, ""7"": null}","{""0"": 0.0, ""1"": 0.0, ""2"": null, ""3"": null, ""4"": null, ""5"": null, ""6"": null, ""7"": null}","{""0"": 250, ""1"": 250}",250,1,0,0,0,0.278,ultrasonic-not-close,KEEP,left,right,,0
775,2026-08-01T22:25:40.986+09:00,82.401,774,9.41,1,DRIVING,,0,1,0,0.163914,-0.397838,-0.397838,255,726,unknown,0,unknown,0.000000,null,0.000000,0.280,,"{""0"": 250, ""1"": 250, ""2"": null, ""3"": null, ""4"": null, ""5"": null, ""6"": null, ""7"": null}","{""0"": 0.0, ""1"": 0.0, ""2"": null, ""3"": null, ""4"": null, ""5"": null, ""6"": null, ""7"": null}","{""0"": 250, ""1"": 250}",250,1,0,0,0,0.280,ultrasonic-not-close,KEEP,left,right,,0
776,2026-08-01T22:25:41.095+09:00,82.509,775,9.41,1,DRIVING,,0,1,0,0.174377,-0.404665,-0.404665,255,724,unknown,0,unknown,0.000000,null,0.000000,0.179,,"{""0"": 250, ""1"": 250, ""2"": null, ""3"": null, ""4"": null, ""5"": null, ""6"": null, ""7"": null}","{""0"": 0.0, ""1"": 0.0, ""2"": null, ""3"": null, ""4"": null, ""5"": null, ""6"": null, ""7"": null}","{""0"": 250, ""1"": 250}",250,1,0,0,0,0.179,ultrasonic-not-close,KEEP,left,right,,0
777,2026-08-01T22:25:41.191+09:00,82.604,776,9.41,1,DRIVING,,0,1,0,0.169768,-0.360838,-0.360838,255,723,unknown,0,unknown,0.000000,null,0.000000,0.273,,"{""0"": 250, ""1"": 250, ""2"": null, ""3"": null, ""4"": null, ""5"": null, ""6"": null, ""7"": null}","{""0"": 0.0, ""1"": 0.0, ""2"": null, ""3"": null, ""4"": null, ""5"": null, ""6"": null, ""7"": null}","{""0"": 250, ""1"": 250}",250,1,0,0,0,0.273,ultrasonic-not-close,KEEP,left,right,,0
778,2026-08-01T22:25:41.301+09:00,82.715,777,9.41,1,DRIVING,,0,1,0,0.167066,-0.334536,-0.334536,255,723,unknown,0,unknown,0.000000,null,0.000000,0.285,,"{""0"": 250, ""1"": 250, ""2"": null, ""3"": null, ""4"": null, ""5"": null, ""6"": null, ""7"": null}","{""0"": 0.0, ""1"": 0.0, ""2"": null, ""3"": null, ""4"": null, ""5"": null, ""6"": null, ""7"": null}","{""0"": 250, ""1"": 250}",250,1,0,0,0,0.285,ultrasonic-not-close,KEEP,left,right,,0
779,2026-08-01T22:25:41.406+09:00,82.818,778,9.41,1,DRIVING,,0,1,0,0.163799,-0.312628,-0.312628,255,724,unknown,0,unknown,0.000000,null,0.000000,0.386,,"{""0"": 250, ""1"": 250, ""2"": null, ""3"": null, ""4"": null, ""5"": null, ""6"": null, ""7"": null}","{""0"": 0.0, ""1"": 0.0, ""2"": null, ""3"": null, ""4"": null, ""5"": null, ""6"": null, ""7"": null}","{""0"": 250, ""1"": 250}",250,1,0,0,0,0.386,ultrasonic-not-close,KEEP,left,right,,0
780,2026-08-01T22:25:41.507+09:00,82.920,779,9.41,1,DRIVING,,0,1,0,0.148788,-0.253252,-0.253252,255,749,unknown,0,unknown,0.000000,null,0.000000,0.281,,"{""0"": 250, ""1"": 250, ""2"": null, ""3"": null, ""4"": null, ""5"": null, ""6"": null, ""7"": null}","{""0"": 0.0, ""1"": 0.0, ""2"": null, ""3"": null, ""4"": null, ""5"": null, ""6"": null, ""7"": null}","{""0"": 250, ""1"": 250}",250,1,0,0,0,0.281,ultrasonic-not-close,KEEP,left,right,,0
781,2026-08-01T22:25:41.616+09:00,83.029,780,9.41,1,DRIVING,,0,1,0,0.141011,-0.229624,-0.229624,255,723,green,0,unknown,0.000000,null,0.000000,0.284,,"{""0"": 250, ""1"": 250, ""2"": null, ""3"": null, ""4"": null, ""5"": null, ""6"": null, ""7"": null}","{""0"": 0.0, ""1"": 0.0, ""2"": null, ""3"": null, ""4"": null, ""5"": null, ""6"": null, ""7"": null}","{""0"": 250, ""1"": 250}",250,1,0,0,0,0.284,ultrasonic-not-close,KEEP,left,,,0
782,2026-08-01T22:25:41.725+09:00,83.138,781,9.41,1,DRIVING,,0,1,0,0.186969,-0.402331,-0.402331,255,723,green,0,unknown,0.000000,null,0.000000,0.393,,"{""0"": 250, ""1"": 250, ""2"": null, ""3"": null, ""4"": null, ""5"": null, ""6"": null, ""7"": null}","{""0"": 0.0, ""1"": 0.0, ""2"": null, ""3"": null, ""4"": null, ""5"": null, ""6"": null, ""7"": null}","{""0"": 250, ""1"": 250}",250,1,0,0,0,0.393,ultrasonic-not-close,KEEP,left,,,0
783,2026-08-01T22:25:41.823+09:00,83.236,782,9.41,1,DRIVING,,0,1,0,0.223242,-0.513179,-0.513179,255,722,unknown,0,unknown,0.000000,null,0.000000,0.283,,"{""0"": 250, ""1"": 250, ""2"": null, ""3"": null, ""4"": null, ""5"": null, ""6"": null, ""7"": null}","{""0"": 0.0, ""1"": 0.0, ""2"": null, ""3"": null, ""4"": null, ""5"": null, ""6"": null, ""7"": null}","{""0"": 250, ""1"": 250}",250,1,0,0,0,0.283,ultrasonic-not-close,KEEP,left,,,0
784,2026-08-01T22:25:41.936+09:00,83.349,783,9.41,1,DRIVING,,0,1,0,0.247773,-0.568089,-0.568089,255,723,green,0,unknown,0.000000,null,0.000000,0.290,,"{""0"": 250, ""1"": 250, ""2"": null, ""3"": null, ""4"": null, ""5"": null, ""6"": null, ""7"": null}","{""0"": 0.0, ""1"": 0.0, ""2"": null, ""3"": null, ""4"": null, ""5"": null, ""6"": null, ""7"": null}","{""0"": 250, ""1"": 250}",250,1,0,0,0,0.290,ultrasonic-not-close,KEEP,left,,,0
785,2026-08-01T22:25:42.043+09:00,83.456,784,9.41,1,DRIVING,,0,1,0,0.258161,-0.568857,-0.568857,255,713,green,0,unknown,0.000000,null,0.000000,0.179,,"{""0"": 250, ""1"": 250, ""2"": null, ""3"": null, ""4"": null, ""5"": null, ""6"": null, ""7"": null}","{""0"": 0.0, ""1"": 0.0, ""2"": null, ""3"": null, ""4"": null, ""5"": null, ""6"": null, ""7"": null}","{""0"": 250, ""1"": 250}",250,1,0,0,0,0.179,ultrasonic-not-close,KEEP,left,,,0
786,2026-08-01T22:25:42.146+09:00,83.559,785,9.41,1,DRIVING,,0,1,0,0.273192,-0.591717,-0.591717,255,714,green,0,unknown,0.000000,null,0.000000,0.280,,"{""0"": 250, ""1"": 250, ""2"": null, ""3"": null, ""4"": null, ""5"": null, ""6"": null, ""7"": null}","{""0"": 0.0, ""1"": 0.0, ""2"": null, ""3"": null, ""4"": null, ""5"": null, ""6"": null, ""7"": null}","{""0"": 250, ""1"": 250}",250,1,0,0,0,0.280,ultrasonic-not-close,KEEP,left,,,0
787,2026-08-01T22:25:42.249+09:00,83.663,786,9.41,1,DRIVING,,0,1,0,0.262615,-0.523649,-0.523649,255,712,green,0,unknown,0.000000,null,0.000000,0.285,,"{""0"": 250, ""1"": 250, ""2"": null, ""3"": null, ""4"": null, ""5"": null, ""6"": null, ""7"": null}","{""0"": 0.0, ""1"": 0.0, ""2"": null, ""3"": null, ""4"": null, ""5"": null, ""6"": null, ""7"": null}","{""0"": 250, ""1"": 250}",250,1,0,0,0,0.285,ultrasonic-not-close,KEEP,left,,,0
788,2026-08-01T22:25:42.354+09:00,83.767,787,9.41,1,DRIVING,,0,1,0,0.254264,-0.478303,-0.478303,255,713,green,0,unknown,0.000000,null,0.000000,0.387,,"{""0"": 250, ""1"": 250, ""2"": null, ""3"": null, ""4"": null, ""5"": null, ""6"": null, ""7"": null}","{""0"": 0.0, ""1"": 0.0, ""2"": null, ""3"": null, ""4"": null, ""5"": null, ""6"": null, ""7"": null}","{""0"": 250, ""1"": 250}",250,1,0,0,0,0.387,ultrasonic-not-close,KEEP,left,,,0
789,2026-08-01T22:25:42.446+09:00,83.859,788,9.41,1,DRIVING,,0,1,0,0.240964,-0.424234,-0.424234,255,714,green,0,unknown,0.000000,null,0.000000,0.269,,"{""0"": 250, ""1"": 250, ""2"": null, ""3"": null, ""4"": null, ""5"": null, ""6"": null, ""7"": null}","{""0"": 0.0, ""1"": 0.0, ""2"": null, ""3"": null, ""4"": null, ""5"": null, ""6"": null, ""7"": null}","{""0"": 250, ""1"": 250}",250,1,0,0,0,0.269,ultrasonic-not-close,KEEP,left,,,0
790,2026-08-01T22:25:42.555+09:00,83.969,789,9.41,1,DRIVING,,0,1,0,0.228337,-0.381627,-0.381627,255,714,green,0,unknown,0.000000,null,0.000000,0.277,,"{""0"": 250, ""1"": 250, ""2"": null, ""3"": null, ""4"": null, ""5"": null, ""6"": null, ""7"": null}","{""0"": 0.0, ""1"": 0.0, ""2"": null, ""3"": null, ""4"": null, ""5"": null, ""6"": null, ""7"": null}","{""0"": 250, ""1"": 250}",250,1,0,0,0,0.277,ultrasonic-not-close,KEEP,left,,,0
791,2026-08-01T22:25:42.667+09:00,84.080,790,9.41,1,DRIVING,,0,1,0,0.278223,-0.570029,-0.570029,255,714,green,0,unknown,0.000000,null,0.000000,0.386,,"{""0"": 250, ""1"": 250, ""2"": null, ""3"": null, ""4"": null, ""5"": null, ""6"": null, ""7"": null}","{""0"": 0.0, ""1"": 0.0, ""2"": null, ""3"": null, ""4"": null, ""5"": null, ""6"": null, ""7"": null}","{""0"": 250, ""1"": 250}",250,1,0,0,0,0.386,ultrasonic-not-close,KEEP,left,,,0
792,2026-08-01T22:25:42.782+09:00,84.195,791,9.41,1,DRIVING,,0,1,0,0.432734,-1.000000,-1.000000,255,713,green,0,unknown,0.000000,null,0.000000,0.304,,"{""0"": 250, ""1"": 250, ""2"": null, ""3"": null, ""4"": null, ""5"": null, ""6"": null, ""7"": null}","{""0"": 0.0, ""1"": 0.0, ""2"": null, ""3"": null, ""4"": null, ""5"": null, ""6"": null, ""7"": null}","{""0"": 250, ""1"": 250}",250,1,0,0,0,0.304,ultrasonic-not-close,KEEP,left,,,0
793,2026-08-01T22:25:42.892+09:00,84.306,792,9.41,1,DRIVING,,0,1,0,0.421823,-0.968247,-0.968247,255,702,green,0,unknown,0.000000,null,0.000000,0.307,,"{""0"": 250, ""1"": 250, ""2"": null, ""3"": null, ""4"": null, ""5"": null, ""6"": null, ""7"": null}","{""0"": 0.0, ""1"": 0.0, ""2"": null, ""3"": null, ""4"": null, ""5"": null, ""6"": null, ""7"": null}","{""0"": 250, ""1"": 250}",250,1,0,0,0,0.307,ultrasonic-not-close,KEEP,left,,,0
794,2026-08-01T22:25:43.000+09:00,84.414,793,9.41,1,DRIVING,,0,1,0,0.276426,-0.382130,-0.382130,255,693,green,0,unknown,0.000000,null,0.000000,0.187,,"{""0"": 250, ""1"": 250, ""2"": null, ""3"": null, ""4"": null, ""5"": null, ""6"": null, ""7"": null}","{""0"": 0.0, ""1"": 0.0, ""2"": null, ""3"": null, ""4"": null, ""5"": null, ""6"": null, ""7"": null}","{""0"": 250, ""1"": 250}",250,1,0,0,0,0.187,ultrasonic-not-close,KEEP,left,right,,0
795,2026-08-01T22:25:43.101+09:00,84.513,794,9.41,1,DRIVING,,0,1,0,0.289921,-0.465342,-0.465342,255,697,green,0,unknown,0.000000,null,0.000000,0.286,,"{""0"": 250, ""1"": 250, ""2"": null, ""3"": null, ""4"": null, ""5"": null, ""6"": null, ""7"": null}","{""0"": 0.0, ""1"": 0.0, ""2"": null, ""3"": null, ""4"": null, ""5"": null, ""6"": null, ""7"": null}","{""0"": 250, ""1"": 250}",250,1,0,0,0,0.286,ultrasonic-not-close,KEEP,left,,,0
796,2026-08-01T22:25:43.209+09:00,84.622,795,9.41,1,DRIVING,,0,1,0,0.271995,-0.417764,-0.417764,255,702,green,0,unknown,0.000000,null,0.000000,0.287,,"{""0"": 250, ""1"": 250, ""2"": null, ""3"": null, ""4"": null, ""5"": null, ""6"": null, ""7"": null}","{""0"": 0.0, ""1"": 0.0, ""2"": null, ""3"": null, ""4"": null, ""5"": null, ""6"": null, ""7"": null}","{""0"": 250, ""1"": 250}",250,1,0,0,0,0.287,ultrasonic-not-close,KEEP,left,right,,0
797,2026-08-01T22:25:43.314+09:00,84.728,796,9.41,1,DRIVING,,0,1,0,0.260524,-0.398016,-0.398016,255,709,green,0,unknown,0.000000,null,0.000000,0.183,,"{""0"": 250, ""1"": 250, ""2"": null, ""3"": null, ""4"": null, ""5"": null, ""6"": null, ""7"": null}","{""0"": 0.0, ""1"": 0.0, ""2"": null, ""3"": null, ""4"": null, ""5"": null, ""6"": null, ""7"": null}","{""0"": 250, ""1"": 250}",250,1,0,0,0,0.183,ultrasonic-not-close,KEEP,left,right,,0
798,2026-08-01T22:25:43.409+09:00,84.822,797,9.41,1,DRIVING,,0,1,0,0.250036,-0.381538,-0.381538,255,710,green,0,unknown,0.000000,null,0.000000,0.277,,"{""0"": 250, ""1"": 250, ""2"": null, ""3"": null, ""4"": null, ""5"": null, ""6"": null, ""7"": null}","{""0"": 0.0, ""1"": 0.0, ""2"": null, ""3"": null, ""4"": null, ""5"": null, ""6"": null, ""7"": null}","{""0"": 250, ""1"": 250}",250,1,0,0,0,0.277,ultrasonic-not-close,KEEP,left,right,,0
799,2026-08-01T22:25:43.520+09:00,84.934,798,9.41,1,DRIVING,,0,1,0,0.229566,-0.328403,-0.328403,255,713,green,0,unknown,0.000000,null,0.000000,0.282,,"{""0"": 250, ""1"": 250, ""2"": null, ""3"": null, ""4"": null, ""5"": null, ""6"": null, ""7"": null}","{""0"": 0.0, ""1"": 0.0, ""2"": null, ""3"": null, ""4"": null, ""5"": null, ""6"": null, ""7"": null}","{""0"": 250, ""1"": 250}",250,1,0,0,0,0.282,ultrasonic-not-close,KEEP,left,right,,0
800,2026-08-01T22:25:43.629+09:00,85.043,799,9.41,1,DRIVING,,0,1,0,0.202218,-0.255394,-0.255394,255,715,green,0,unknown,0.000000,null,0.000000,0.191,,"{""0"": 250, ""1"": 250, ""2"": null, ""3"": null, ""4"": null, ""5"": null, ""6"": null, ""7"": null}","{""0"": 0.0, ""1"": 0.0, ""2"": null, ""3"": null, ""4"": null, ""5"": null, ""6"": null, ""7"": null}","{""0"": 250, ""1"": 250}",250,1,0,0,0,0.191,ultrasonic-not-close,KEEP,left,right,,0
801,2026-08-01T22:25:43.735+09:00,85.149,800,9.41,1,DRIVING,,0,1,0,0.195087,-0.262303,-0.262303,255,720,green,0,unknown,0.000000,null,0.000000,0.295,,"{""0"": 250, ""1"": 250, ""2"": null, ""3"": null, ""4"": null, ""5"": null, ""6"": null, ""7"": null}","{""0"": 0.0, ""1"": 0.0, ""2"": null, ""3"": null, ""4"": null, ""5"": null, ""6"": null, ""7"": null}","{""0"": 250, ""1"": 250}",250,1,0,0,0,0.295,ultrasonic-not-close,KEEP,left,right,,0
802,2026-08-01T22:25:43.841+09:00,85.254,801,9.41,1,DRIVING,,0,1,0,0.229028,-0.411148,-0.411148,255,724,green,0,unknown,0.000000,null,0.000000,0.292,,"{""0"": 250, ""1"": 250, ""2"": null, ""3"": null, ""4"": null, ""5"": null, ""6"": null, ""7"": null}","{""0"": 0.0, ""1"": 0.0, ""2"": null, ""3"": null, ""4"": null, ""5"": null, ""6"": null, ""7"": null}","{""0"": 250, ""1"": 250}",250,1,0,0,0,0.292,ultrasonic-not-close,KEEP,left,right,,0
803,2026-08-01T22:25:43.944+09:00,85.358,802,9.41,1,DRIVING,,0,1,0,0.246355,-0.473855,-0.473855,255,724,green,0,unknown,0.000000,null,0.000000,0.177,,"{""0"": 250, ""1"": 250, ""2"": null, ""3"": null, ""4"": null, ""5"": null, ""6"": null, ""7"": null}","{""0"": 0.0, ""1"": 0.0, ""2"": null, ""3"": null, ""4"": null, ""5"": null, ""6"": null, ""7"": null}","{""0"": 250, ""1"": 250}",250,1,0,0,0,0.177,ultrasonic-not-close,KEEP,left,right,,0
804,2026-08-01T22:25:44.044+09:00,85.456,803,9.41,1,DRIVING,,0,1,0,0.221525,-0.375342,-0.375342,255,721,green,0,unknown,0.000000,null,0.000000,0.276,,"{""0"": 250, ""1"": 250, ""2"": null, ""3"": null, ""4"": null, ""5"": null, ""6"": null, ""7"": null}","{""0"": 0.0, ""1"": 0.0, ""2"": null, ""3"": null, ""4"": null, ""5"": null, ""6"": null, ""7"": null}","{""0"": 250, ""1"": 250}",250,1,0,0,0,0.276,ultrasonic-not-close,KEEP,left,right,,0
805,2026-08-01T22:25:44.147+09:00,85.560,804,9.41,1,DRIVING,,0,1,0,0.186891,-0.257679,-0.257679,255,718,green,0,unknown,0.000000,null,0.000000,0.277,,"{""0"": 250, ""1"": 250, ""2"": null, ""3"": null, ""4"": null, ""5"": null, ""6"": null, ""7"": null}","{""0"": 0.0, ""1"": 0.0, ""2"": null, ""3"": null, ""4"": null, ""5"": null, ""6"": null, ""7"": null}","{""0"": 250, ""1"": 250}",250,1,0,0,0,0.277,ultrasonic-not-close,KEEP,left,right,,0
806,2026-08-01T22:25:44.253+09:00,85.667,805,9.41,1,DRIVING,,0,1,0,0.149541,-0.146839,-0.146839,255,716,green,0,unknown,0.000000,null,0.000000,0.179,,"{""0"": 250, ""1"": 250, ""2"": null, ""3"": null, ""4"": null, ""5"": null, ""6"": null, ""7"": null}","{""0"": 0.0, ""1"": 0.0, ""2"": null, ""3"": null, ""4"": null, ""5"": null, ""6"": null, ""7"": null}","{""0"": 250, ""1"": 250}",250,1,0,0,0,0.179,ultrasonic-not-close,KEEP,left,right,,0
807,2026-08-01T22:25:44.362+09:00,85.776,806,9.41,1,DRIVING,,0,1,0,0.108571,-0.036045,-0.036045,255,722,green,0,unknown,0.000000,null,0.000000,0.287,,"{""0"": 250, ""1"": 250, ""2"": null, ""3"": null, ""4"": null, ""5"": null, ""6"": null, ""7"": null}","{""0"": 0.0, ""1"": 0.0, ""2"": null, ""3"": null, ""4"": null, ""5"": null, ""6"": null, ""7"": null}","{""0"": 250, ""1"": 250}",250,1,0,0,0,0.287,ultrasonic-not-close,KEEP,left,right,,0
808,2026-08-01T22:25:44.461+09:00,85.875,807,9.41,1,DRIVING,,0,1,0,0.070406,0.053532,0.053532,255,726,green,0,unknown,0.000000,null,0.000000,0.285,,"{""0"": 250, ""1"": 250, ""2"": null, ""3"": null, ""4"": null, ""5"": null, ""6"": null, ""7"": null}","{""0"": 0.0, ""1"": 0.0, ""2"": null, ""3"": null, ""4"": null, ""5"": null, ""6"": null, ""7"": null}","{""0"": 250, ""1"": 250}",250,1,0,0,0,0.285,ultrasonic-not-close,KEEP,left,right,,0
809,2026-08-01T22:25:44.564+09:00,85.978,808,9.41,1,DRIVING,,0,1,0,0.016218,0.194533,0.194533,255,737,green,0,unknown,0.000000,null,0.000000,0.171,,"{""0"": 250, ""1"": 250, ""2"": null, ""3"": null, ""4"": null, ""5"": null, ""6"": null, ""7"": null}","{""0"": 0.0, ""1"": 0.0, ""2"": null, ""3"": null, ""4"": null, ""5"": null, ""6"": null, ""7"": null}","{""0"": 250, ""1"": 250}",250,1,0,0,0,0.171,ultrasonic-not-close,KEEP,left,right,,0
810,2026-08-01T22:25:44.663+09:00,86.075,809,9.41,1,DRIVING,,0,1,0,-0.017083,0.247299,0.247299,255,741,unknown,0,unknown,0.000000,null,0.000000,0.267,,"{""0"": 250, ""1"": 250, ""2"": null, ""3"": null, ""4"": null, ""5"": null, ""6"": null, ""7"": null}","{""0"": 0.0, ""1"": 0.0, ""2"": null, ""3"": null, ""4"": null, ""5"": null, ""6"": null, ""7"": null}","{""0"": 250, ""1"": 250}",250,1,0,0,0,0.267,ultrasonic-not-close,KEEP,left,right,,0
811,2026-08-01T22:25:44.777+09:00,86.190,810,9.41,1,DRIVING,,0,1,0,-0.054880,0.318400,0.318400,255,750,unknown,0,unknown,0.000000,null,0.000000,0.287,,"{""0"": 250, ""1"": 250, ""2"": null, ""3"": null, ""4"": null, ""5"": null, ""6"": null, ""7"": null}","{""0"": 0.0, ""1"": 0.0, ""2"": null, ""3"": null, ""4"": null, ""5"": null, ""6"": null, ""7"": null}","{""0"": 250, ""1"": 250}",250,1,0,0,0,0.287,ultrasonic-not-close,KEEP,left,right,,0
812,2026-08-01T22:25:44.884+09:00,86.297,811,9.41,1,DRIVING,,0,1,0,-0.068951,0.303173,0.303173,255,759,unknown,0,unknown,0.000000,null,0.000000,0.189,,"{""0"": 250, ""1"": 250, ""2"": null, ""3"": null, ""4"": null, ""5"": null, ""6"": null, ""7"": null}","{""0"": 0.0, ""1"": 0.0, ""2"": null, ""3"": null, ""4"": null, ""5"": null, ""6"": null, ""7"": null}","{""0"": 250, ""1"": 250}",250,1,0,0,0,0.189,ultrasonic-not-close,KEEP,left,right,,0
813,2026-08-01T22:25:44.981+09:00,86.395,812,9.41,1,DRIVING,,0,1,0,-0.185458,0.668880,0.668880,255,762,unknown,0,unknown,0.000000,null,0.000000,0.285,,"{""0"": 160, ""1"": 202, ""2"": null, ""3"": null, ""4"": null, ""5"": null, ""6"": null, ""7"": null}","{""0"": 0.0, ""1"": 0.0, ""2"": null, ""3"": null, ""4"": null, ""5"": null, ""6"": null, ""7"": null}","{""0"": 160, ""1"": 202}",160,1,0,0,0,0.285,ultrasonic-not-close,KEEP,left,right,,0
814,2026-08-01T22:25:45.084+09:00,86.497,813,9.41,1,DRIVING,,0,1,0,-0.203777,0.634312,0.634312,255,762,unknown,0,unknown,0.000000,null,0.000000,0.277,,"{""0"": 250, ""1"": 250, ""2"": null, ""3"": null, ""4"": null, ""5"": null, ""6"": null, ""7"": null}","{""0"": 0.0, ""1"": 0.0, ""2"": null, ""3"": null, ""4"": null, ""5"": null, ""6"": null, ""7"": null}","{""0"": 250, ""1"": 250}",250,1,0,0,0,0.277,ultrasonic-not-close,KEEP,left,right,,0
815,2026-08-01T22:25:45.190+09:00,86.605,814,9.41,1,DRIVING,,0,1,0,-0.197870,0.532794,0.532794,255,775,green,0,unknown,0.000000,null,0.000000,0.179,,"{""0"": 250, ""1"": 113, ""2"": null, ""3"": null, ""4"": null, ""5"": null, ""6"": null, ""7"": null}","{""0"": 0.0, ""1"": 0.0, ""2"": null, ""3"": null, ""4"": null, ""5"": null, ""6"": null, ""7"": null}","{""0"": 250, ""1"": 113}",113,1,1,0,0,0.179,car-not-detected-or-stale,KEEP,left,right,,0
816,2026-08-01T22:25:45.285+09:00,86.698,815,9.41,1,DRIVING,,0,1,0,-0.195796,0.472338,0.472338,255,782,unknown,0,unknown,0.000000,null,0.000000,0.271,,"{""0"": 136, ""1"": 135, ""2"": null, ""3"": null, ""4"": null, ""5"": null, ""6"": null, ""7"": null}","{""0"": 0.0, ""1"": 0.0, ""2"": null, ""3"": null, ""4"": null, ""5"": null, ""6"": null, ""7"": null}","{""0"": 136, ""1"": 135}",135,1,1,0,0,0.271,car-not-detected-or-stale,KEEP,left,right,,0
817,2026-08-01T22:25:45.383+09:00,86.796,816,9.41,1,DRIVING,,0,1,0,-0.199433,0.449458,0.449458,255,781,unknown,0,unknown,0.000000,null,0.000000,0.269,,"{""0"": 250, ""1"": 149, ""2"": null, ""3"": null, ""4"": null, ""5"": null, ""6"": null, ""7"": null}","{""0"": 0.0, ""1"": 0.0, ""2"": null, ""3"": null, ""4"": null, ""5"": null, ""6"": null, ""7"": null}","{""0"": 250, ""1"": 149}",149,1,1,0,0,0.269,car-not-detected-or-stale,KEEP,left,right,,0
818,2026-08-01T22:25:45.487+09:00,86.899,817,9.42,1,DRIVING,,0,1,0,-0.225820,0.517310,0.517310,255,781,unknown,0,unknown,0.000000,null,0.000000,0.370,,"{""0"": 250, ""1"": 141, ""2"": null, ""3"": null, ""4"": null, ""5"": null, ""6"": null, ""7"": null}","{""0"": 0.0, ""1"": 0.0, ""2"": null, ""3"": null, ""4"": null, ""5"": null, ""6"": null, ""7"": null}","{""0"": 250, ""1"": 141}",141,1,1,0,0,0.370,car-not-detected-or-stale,KEEP,left,right,,0
819,2026-08-01T22:25:45.580+09:00,86.995,818,9.42,1,DRIVING,,0,1,0,-0.236071,0.520964,0.520964,255,782,unknown,0,unknown,0.000000,null,0.000000,0.265,,"{""0"": 250, ""1"": 104, ""2"": null, ""3"": null, ""4"": null, ""5"": null, ""6"": null, ""7"": null}","{""0"": 0.0, ""1"": 0.0, ""2"": null, ""3"": null, ""4"": null, ""5"": null, ""6"": null, ""7"": null}","{""0"": 250, ""1"": 104}",104,1,1,0,0,0.265,car-not-detected-or-stale,KEEP,left,right,,0
820,2026-08-01T22:25:45.684+09:00,87.098,819,9.42,1,DRIVING,,0,1,0,-0.246596,0.530042,0.530042,255,781,unknown,0,unknown,0.000000,null,0.000000,0.272,,"{""0"": 120, ""1"": 136, ""2"": null, ""3"": null, ""4"": null, ""5"": null, ""6"": null, ""7"": null}","{""0"": 0.0, ""1"": 0.0, ""2"": null, ""3"": null, ""4"": null, ""5"": null, ""6"": null, ""7"": null}","{""0"": 120, ""1"": 136}",120,1,1,0,0,0.272,car-not-detected-or-stale,KEEP,left,right,,0
821,2026-08-01T22:25:45.790+09:00,87.203,820,9.42,1,DRIVING,,0,1,0,-0.254573,0.532909,0.532909,255,782,unknown,0,unknown,0.000000,null,0.000000,0.376,,"{""0"": 105, ""1"": 114, ""2"": null, ""3"": null, ""4"": null, ""5"": null, ""6"": null, ""7"": null}","{""0"": 0.001, ""1"": 0.001, ""2"": null, ""3"": null, ""4"": null, ""5"": null, ""6"": null, ""7"": null}","{""0"": 105, ""1"": 114}",105,1,1,0,0,0.375,car-not-detected-or-stale,KEEP,left,right,,0
822,2026-08-01T22:25:45.887+09:00,87.300,821,9.42,1,DRIVING,,0,1,0,-0.270086,0.566354,0.566354,255,782,unknown,0,unknown,0.000000,null,0.000000,0.276,,"{""0"": 109, ""1"": 250, ""2"": null, ""3"": null, ""4"": null, ""5"": null, ""6"": null, ""7"": null}","{""0"": 0.0, ""1"": 0.0, ""2"": null, ""3"": null, ""4"": null, ""5"": null, ""6"": null, ""7"": null}","{""0"": 109, ""1"": 250}",109,1,1,0,0,0.276,car-not-detected-or-stale,KEEP,left,right,,0
823,2026-08-01T22:25:46.003+09:00,87.417,822,9.42,1,DRIVING,,0,1,0,-0.281708,0.584130,0.584130,255,782,unknown,0,unknown,0.000000,null,0.000000,0.289,,"{""0"": 250, ""1"": 250, ""2"": null, ""3"": null, ""4"": null, ""5"": null, ""6"": null, ""7"": null}","{""0"": 0.0, ""1"": 0.0, ""2"": null, ""3"": null, ""4"": null, ""5"": null, ""6"": null, ""7"": null}","{""0"": 250, ""1"": 250}",250,1,0,0,0,0.289,ultrasonic-not-close,KEEP,left,right,,0
824,2026-08-01T22:25:46.104+09:00,87.516,823,9.42,1,DRIVING,,0,1,0,-0.299004,0.623280,0.623280,255,783,unknown,0,unknown,0.000000,null,0.000000,0.387,,"{""0"": 103, ""1"": 125, ""2"": null, ""3"": null, ""4"": null, ""5"": null, ""6"": null, ""7"": null}","{""0"": 0.0, ""1"": 0.0, ""2"": null, ""3"": null, ""4"": null, ""5"": null, ""6"": null, ""7"": null}","{""0"": 103, ""1"": 125}",103,1,1,0,0,0.387,car-not-detected-or-stale,KEEP,left,right,,0
825,2026-08-01T22:25:46.201+09:00,87.614,824,9.42,1,DRIVING,,0,1,0,-0.318301,0.667227,0.667227,255,790,unknown,0,unknown,0.000000,null,0.000000,0.284,,"{""0"": 98, ""1"": 119, ""2"": null, ""3"": null, ""4"": null, ""5"": null, ""6"": null, ""7"": null}","{""0"": 0.0, ""1"": 0.0, ""2"": null, ""3"": null, ""4"": null, ""5"": null, ""6"": null, ""7"": null}","{""0"": 98, ""1"": 119}",98,1,1,0,0,0.284,car-not-detected-or-stale,KEEP,left,right,,0
826,2026-08-01T22:25:46.300+09:00,87.714,825,9.42,1,DRIVING,,0,1,0,-0.329676,0.679893,0.679893,255,789,unknown,0,unknown,0.000000,null,0.000000,0.166,,"{""0"": 100, ""1"": 110, ""2"": null, ""3"": null, ""4"": null, ""5"": null, ""6"": null, ""7"": null}","{""0"": 0.0, ""1"": 0.0, ""2"": null, ""3"": null, ""4"": null, ""5"": null, ""6"": null, ""7"": null}","{""0"": 100, ""1"": 110}",100,1,1,0,0,0.166,car-not-detected-or-stale,KEEP,left,right,,0
827,2026-08-01T22:25:46.393+09:00,87.806,826,9.42,1,DRIVING,,0,1,0,-0.336473,0.678419,0.678419,255,789,unknown,0,unknown,0.000000,null,0.000000,0.257,,"{""0"": 250, ""1"": 109, ""2"": null, ""3"": null, ""4"": null, ""5"": null, ""6"": null, ""7"": null}","{""0"": 0.0, ""1"": 0.0, ""2"": null, ""3"": null, ""4"": null, ""5"": null, ""6"": null, ""7"": null}","{""0"": 250, ""1"": 109}",109,1,1,0,0,0.257,car-not-detected-or-stale,KEEP,left,right,,0
828,2026-08-01T22:25:46.494+09:00,87.908,827,9.42,1,DRIVING,,0,1,0,-0.347246,0.695371,0.695371,255,793,unknown,0,unknown,0.000000,null,0.000000,0.264,,"{""0"": 250, ""1"": 110, ""2"": null, ""3"": null, ""4"": null, ""5"": null, ""6"": null, ""7"": null}","{""0"": 0.0, ""1"": 0.0, ""2"": null, ""3"": null, ""4"": null, ""5"": null, ""6"": null, ""7"": null}","{""0"": 250, ""1"": 110}",110,1,1,0,0,0.264,car-not-detected-or-stale,KEEP,left,right,,0
829,2026-08-01T22:25:46.603+09:00,88.017,828,9.42,1,DRIVING,,0,1,0,-0.355276,0.703181,0.703181,255,795,unknown,0,unknown,0.000000,null,0.000000,0.370,,"{""0"": 250, ""1"": 250, ""2"": null, ""3"": null, ""4"": null, ""5"": null, ""6"": null, ""7"": null}","{""0"": 0.0, ""1"": 0.0, ""2"": null, ""3"": null, ""4"": null, ""5"": null, ""6"": null, ""7"": null}","{""0"": 250, ""1"": 250}",250,1,0,0,0,0.370,ultrasonic-not-close,KEEP,left,right,,0
830,2026-08-01T22:25:46.701+09:00,88.114,829,9.42,1,DRIVING,,0,1,0,-0.358538,0.695818,0.695818,255,795,unknown,0,unknown,0.000000,null,0.000000,0.274,,"{""0"": 250, ""1"": 105, ""2"": null, ""3"": null, ""4"": null, ""5"": null, ""6"": null, ""7"": null}","{""0"": 0.0, ""1"": 0.0, ""2"": null, ""3"": null, ""4"": null, ""5"": null, ""6"": null, ""7"": null}","{""0"": 250, ""1"": 105}",105,1,1,0,0,0.274,car-not-detected-or-stale,KEEP,left,right,,0
831,2026-08-01T22:25:46.803+09:00,88.217,830,9.42,1,DRIVING,,0,1,0,-0.364651,0.702691,0.702691,255,795,unknown,0,unknown,0.000000,null,0.000000,0.280,,"{""0"": 250, ""1"": 121, ""2"": null, ""3"": null, ""4"": null, ""5"": null, ""6"": null, ""7"": null}","{""0"": 0.0, ""1"": 0.0, ""2"": null, ""3"": null, ""4"": null, ""5"": null, ""6"": null, ""7"": null}","{""0"": 250, ""1"": 121}",121,1,1,0,0,0.280,car-not-detected-or-stale,KEEP,left,right,,0
832,2026-08-01T22:25:46.911+09:00,88.323,831,9.42,1,DRIVING,,0,1,0,-0.370463,0.709718,0.709718,100,795,unknown,0,unknown,0.000000,null,0.000000,0.385,,"{""0"": 250, ""1"": 71, ""2"": null, ""3"": null, ""4"": null, ""5"": null, ""6"": null, ""7"": null}","{""0"": 0.0, ""1"": 0.0, ""2"": null, ""3"": null, ""4"": null, ""5"": null, ""6"": null, ""7"": null}","{""0"": 250, ""1"": 71}",71,1,1,0,0,0.385,car-not-detected-or-stale,KEEP,left,right,,0
833,2026-08-01T22:25:47.011+09:00,88.424,832,9.42,1,DRIVING,,0,1,0,-0.378164,0.724576,0.724576,100,796,unknown,0,unknown,0.000000,null,0.000000,0.280,,"{""0"": 250, ""1"": 41, ""2"": null, ""3"": null, ""4"": null, ""5"": null, ""6"": null, ""7"": null}","{""0"": 0.0, ""1"": 0.0, ""2"": null, ""3"": null, ""4"": null, ""5"": null, ""6"": null, ""7"": null}","{""0"": 250, ""1"": 41}",41,1,1,0,0,0.280,car-not-detected-or-stale,KEEP,left,right,,0
834,2026-08-01T22:25:47.116+09:00,88.530,833,9.42,1,DRIVING,,0,1,0,-0.386222,0.740421,0.740421,255,797,unknown,0,unknown,0.000000,null,0.000000,0.282,,"{""0"": 189, ""1"": 189, ""2"": null, ""3"": null, ""4"": null, ""5"": null, ""6"": null, ""7"": null}","{""0"": 0.0, ""1"": 0.0, ""2"": null, ""3"": null, ""4"": null, ""5"": null, ""6"": null, ""7"": null}","{""0"": 189, ""1"": 189}",189,1,0,0,0,0.282,ultrasonic-not-close,KEEP,left,right,,0
835,2026-08-01T22:25:47.216+09:00,88.629,834,9.42,1,DRIVING,,0,1,0,-0.390114,0.740867,0.740867,100,795,unknown,0,unknown,0.000000,null,0.000000,0.378,,"{""0"": 85, ""1"": 68, ""2"": null, ""3"": null, ""4"": null, ""5"": null, ""6"": null, ""7"": null}","{""0"": 0.0, ""1"": 0.0, ""2"": null, ""3"": null, ""4"": null, ""5"": null, ""6"": null, ""7"": null}","{""0"": 85, ""1"": 68}",68,1,1,0,0,0.378,car-not-detected-or-stale,KEEP,left,right,,0
836,2026-08-01T22:25:47.315+09:00,88.729,835,9.42,1,DRIVING,,0,1,0,-0.394311,0.744376,0.744376,255,796,unknown,0,unknown,0.000000,null,0.000000,0.273,,"{""0"": 161, ""1"": 171, ""2"": null, ""3"": null, ""4"": null, ""5"": null, ""6"": null, ""7"": null}","{""0"": 0.0, ""1"": 0.0, ""2"": null, ""3"": null, ""4"": null, ""5"": null, ""6"": null, ""7"": null}","{""0"": 161, ""1"": 171}",161,1,0,0,0,0.273,ultrasonic-not-close,KEEP,left,right,,0
837,2026-08-01T22:25:47.418+09:00,88.832,836,9.42,1,DRIVING,,0,1,0,-0.396861,0.743172,0.743172,255,798,unknown,0,unknown,0.000000,null,0.000000,0.273,,"{""0"": 161, ""1"": 111, ""2"": null, ""3"": null, ""4"": null, ""5"": null, ""6"": null, ""7"": null}","{""0"": 0.0, ""1"": 0.0, ""2"": null, ""3"": null, ""4"": null, ""5"": null, ""6"": null, ""7"": null}","{""0"": 161, ""1"": 111}",111,1,1,0,0,0.273,car-not-detected-or-stale,KEEP,left,right,,0
838,2026-08-01T22:25:47.524+09:00,88.937,837,9.42,1,DRIVING,,0,1,0,-0.400287,0.746860,0.746860,255,799,unknown,0,unknown,0.000000,null,0.000000,0.376,,"{""0"": 145, ""1"": 89, ""2"": null, ""3"": null, ""4"": null, ""5"": null, ""6"": null, ""7"": null}","{""0"": 0.0, ""1"": 0.0, ""2"": null, ""3"": null, ""4"": null, ""5"": null, ""6"": null, ""7"": null}","{""0"": 145, ""1"": 89}",89,1,1,0,0,0.376,car-not-detected-or-stale,KEEP,left,right,,0
839,2026-08-01T22:25:47.627+09:00,89.042,838,9.42,1,DRIVING,,0,1,0,-0.403742,0.751392,0.751392,255,798,unknown,0,unknown,0.000000,null,0.000000,0.282,,"{""0"": 250, ""1"": 82, ""2"": null, ""3"": null, ""4"": null, ""5"": null, ""6"": null, ""7"": null}","{""0"": 0.0, ""1"": 0.0, ""2"": null, ""3"": null, ""4"": null, ""5"": null, ""6"": null, ""7"": null}","{""0"": 250, ""1"": 82}",82,1,1,0,0,0.282,car-not-detected-or-stale,KEEP,left,right,,0
840,2026-08-01T22:25:47.735+09:00,89.148,839,9.42,1,DRIVING,,0,1,0,-0.407988,0.759283,0.759283,255,798,unknown,0,unknown,0.000000,null,0.000000,0.180,,"{""0"": 120, ""1"": 115, ""2"": null, ""3"": null, ""4"": null, ""5"": null, ""6"": null, ""7"": null}","{""0"": 0.0, ""1"": 0.0, ""2"": null, ""3"": null, ""4"": null, ""5"": null, ""6"": null, ""7"": null}","{""0"": 120, ""1"": 115}",115,1,1,0,0,0.180,car-not-detected-or-stale,KEEP,left,right,,0
841,2026-08-01T22:25:47.836+09:00,89.248,840,9.43,1,DRIVING,,0,1,0,-0.407824,0.751219,0.751219,255,798,unknown,0,unknown,0.000000,null,0.000000,0.278,,"{""0"": 250, ""1"": 108, ""2"": null, ""3"": null, ""4"": null, ""5"": null, ""6"": null, ""7"": null}","{""0"": 0.0, ""1"": 0.0, ""2"": null, ""3"": null, ""4"": null, ""5"": null, ""6"": null, ""7"": null}","{""0"": 250, ""1"": 108}",108,1,1,0,0,0.278,car-not-detected-or-stale,KEEP,left,right,,0
842,2026-08-01T22:25:47.936+09:00,89.350,841,9.43,1,DRIVING,,0,1,0,-0.408125,0.747163,0.747163,255,799,green,0,unknown,0.000000,null,0.000000,0.279,,"{""0"": 250, ""1"": 100, ""2"": null, ""3"": null, ""4"": null, ""5"": null, ""6"": null, ""7"": null}","{""0"": 0.0, ""1"": 0.0, ""2"": null, ""3"": null, ""4"": null, ""5"": null, ""6"": null, ""7"": null}","{""0"": 250, ""1"": 100}",100,1,1,0,0,0.279,car-not-detected-or-stale,KEEP,left,right,,0
843,2026-08-01T22:25:48.040+09:00,89.454,842,9.43,1,DRIVING,,0,1,0,-0.406755,0.738470,0.738470,100,799,green,0,unknown,0.000000,null,0.000000,0.174,,"{""0"": 70, ""1"": 64, ""2"": null, ""3"": null, ""4"": null, ""5"": null, ""6"": null, ""7"": null}","{""0"": 0.0, ""1"": 0.0, ""2"": null, ""3"": null, ""4"": null, ""5"": null, ""6"": null, ""7"": null}","{""0"": 70, ""1"": 64}",64,1,1,0,0,0.174,car-not-detected-or-stale,KEEP,left,right,,0
844,2026-08-01T22:25:48.140+09:00,89.552,843,9.43,1,DRIVING,,0,1,0,-0.407056,0.737661,0.737661,255,798,green,0,unknown,0.000000,null,0.000000,0.271,,"{""0"": 250, ""1"": 86, ""2"": null, ""3"": null, ""4"": null, ""5"": null, ""6"": null, ""7"": null}","{""0"": 0.0, ""1"": 0.0, ""2"": null, ""3"": null, ""4"": null, ""5"": null, ""6"": null, ""7"": null}","{""0"": 250, ""1"": 86}",86,1,1,0,0,0.271,car-not-detected-or-stale,KEEP,left,right,,0
845,2026-08-01T22:25:48.241+09:00,89.654,844,9.43,1,DRIVING,,0,1,0,-0.408345,0.740814,0.740814,100,800,red,1,obstacle-car,0.673455,"[745, 0, 1171, 673]",0.311126,0.275,,"{""0"": 78, ""1"": 47, ""2"": null, ""3"": null, ""4"": null, ""5"": null, ""6"": null, ""7"": null}","{""0"": 0.0, ""1"": 0.0, ""2"": null, ""3"": null, ""4"": null, ""5"": null, ""6"": null, ""7"": null}","{""0"": 78, ""1"": 47}",47,1,1,1,1,0.275,car+ultrasonic,KEEP,left,right,,0
846,2026-08-01T22:25:48.351+09:00,89.763,845,9.43,1,DRIVING,,0,1,0,-0.407879,0.737399,0.737399,100,800,red,1,obstacle-car,0.718377,"[799, 0, 1278, 678]",0.352815,0.179,,"{""0"": 70, ""1"": 60, ""2"": null, ""3"": null, ""4"": null, ""5"": null, ""6"": null, ""7"": null}","{""0"": 0.0, ""1"": 0.0, ""2"": null, ""3"": null, ""4"": null, ""5"": null, ""6"": null, ""7"": null}","{""0"": 70, ""1"": 60}",60,1,1,1,2,0.179,car+ultrasonic,KEEP,left,right,,0
847,2026-08-01T22:25:48.455+09:00,89.868,846,9.43,1,AVOIDING_OBSTACLE,state:DRIVING->AVOIDING_OBSTACLE;phase:KEEP->CHANGING,0,1,0,-0.408510,0.000000,1.000000,70,799,green,1,obstacle-car,0.718377,"[799, 0, 1278, 678]",0.352815,0.282,,"{""0"": 63, ""1"": 106, ""2"": null, ""3"": null, ""4"": null, ""5"": null, ""6"": null, ""7"": null}","{""0"": 0.0, ""1"": 0.0, ""2"": null, ""3"": null, ""4"": null, ""5"": null, ""6"": null, ""7"": null}","{""0"": 63, ""1"": 106}",63,1,1,1,0,0.282,car+ultrasonic,CHANGING,left,right,left,0
848,2026-08-01T22:25:48.555+09:00,89.968,847,9.43,1,AVOIDING_OBSTACLE,,0,0,0,,0.000000,1.000000,70,800,red,1,obstacle-car,0.600093,"[847, 0, 1278, 688]",0.321406,0.283,,"{""0"": 145, ""1"": 116, ""2"": null, ""3"": null, ""4"": null, ""5"": null, ""6"": null, ""7"": null}","{""0"": 0.0, ""1"": 0.0, ""2"": null, ""3"": null, ""4"": null, ""5"": null, ""6"": null, ""7"": null}",{},,1,0,1,0,,maneuver-locked,CHANGING,left,right,left,0
849,2026-08-01T22:25:48.667+09:00,90.081,848,9.43,1,AVOIDING_OBSTACLE,,0,0,0,,0.000000,1.000000,70,804,red,1,obstacle-car,0.817488,"[915, 1, 1277, 708]",0.278182,0.181,,"{""0"": 111, ""1"": 111, ""2"": null, ""3"": null, ""4"": null, ""5"": null, ""6"": null, ""7"": null}","{""0"": 0.0, ""1"": 0.0, ""2"": null, ""3"": null, ""4"": null, ""5"": null, ""6"": null, ""7"": null}",{},,1,0,1,0,,maneuver-locked,CHANGING,left,right,left,0
850,2026-08-01T22:25:48.770+09:00,90.181,849,9.43,1,AVOIDING_OBSTACLE,,0,0,0,,0.000000,1.000000,70,812,unknown,1,obstacle-car,0.817488,"[915, 1, 1277, 708]",0.278182,0.281,,"{""0"": 101, ""1"": 135, ""2"": null, ""3"": null, ""4"": null, ""5"": null, ""6"": null, ""7"": null}","{""0"": 0.0, ""1"": 0.0, ""2"": null, ""3"": null, ""4"": null, ""5"": null, ""6"": null, ""7"": null}",{},,1,0,1,0,,maneuver-locked,CHANGING,left,right,left,0
851,2026-08-01T22:25:48.872+09:00,90.285,850,9.43,1,AVOIDING_OBSTACLE,,0,0,0,,0.000000,1.000000,70,818,unknown,1,obstacle-car,0.753598,"[984, 2, 1280, 703]",0.224344,0.287,,"{""0"": 131, ""1"": 130, ""2"": null, ""3"": null, ""4"": null, ""5"": null, ""6"": null, ""7"": null}","{""0"": 0.0, ""1"": 0.0, ""2"": null, ""3"": null, ""4"": null, ""5"": null, ""6"": null, ""7"": null}",{},,1,0,1,0,,maneuver-locked,CHANGING,left,right,left,0
852,2026-08-01T22:25:48.973+09:00,90.386,851,9.43,1,AVOIDING_OBSTACLE,,0,0,0,,0.000000,1.000000,70,818,unknown,1,obstacle-car,0.753598,"[984, 2, 1280, 703]",0.224344,0.387,,"{""0"": 122, ""1"": 146, ""2"": null, ""3"": null, ""4"": null, ""5"": null, ""6"": null, ""7"": null}","{""0"": 0.0, ""1"": 0.0, ""2"": null, ""3"": null, ""4"": null, ""5"": null, ""6"": null, ""7"": null}",{},,1,0,1,0,,maneuver-locked,CHANGING,left,right,left,0
853,2026-08-01T22:25:49.062+09:00,90.475,852,9.43,1,AVOIDING_OBSTACLE,,0,0,0,,0.000000,1.000000,70,817,unknown,0,unknown,0.000000,null,0.000000,0.258,,"{""0"": 115, ""1"": 118, ""2"": null, ""3"": null, ""4"": null, ""5"": null, ""6"": null, ""7"": null}","{""0"": 0.0, ""1"": 0.0, ""2"": null, ""3"": null, ""4"": null, ""5"": null, ""6"": null, ""7"": null}",{},,1,0,1,0,,maneuver-locked,CHANGING,left,right,left,0
854,2026-08-01T22:25:49.164+09:00,90.577,853,9.43,1,AVOIDING_OBSTACLE,,0,0,0,,0.000000,1.000000,70,818,unknown,0,unknown,0.000000,null,0.000000,0.262,,"{""0"": 135, ""1"": 112, ""2"": null, ""3"": null, ""4"": null, ""5"": null, ""6"": null, ""7"": null}","{""0"": 0.0, ""1"": 0.0, ""2"": null, ""3"": null, ""4"": null, ""5"": null, ""6"": null, ""7"": null}",{},,1,0,1,0,,maneuver-locked,CHANGING,left,right,left,0
855,2026-08-01T22:25:49.261+09:00,90.674,854,9.43,1,AVOIDING_OBSTACLE,,0,0,0,,0.000000,1.000000,70,820,unknown,0,unknown,0.000000,null,0.000000,0.356,,"{""0"": 250, ""1"": 107, ""2"": null, ""3"": null, ""4"": null, ""5"": null, ""6"": null, ""7"": null}","{""0"": 0.0, ""1"": 0.0, ""2"": null, ""3"": null, ""4"": null, ""5"": null, ""6"": null, ""7"": null}",{},,1,0,1,0,,maneuver-locked,CHANGING,left,right,left,0
856,2026-08-01T22:25:49.357+09:00,90.770,855,9.43,1,AVOIDING_OBSTACLE,,0,0,0,,0.000000,1.000000,70,819,unknown,0,unknown,0.000000,null,0.000000,0.265,,"{""0"": 250, ""1"": 173, ""2"": null, ""3"": null, ""4"": null, ""5"": null, ""6"": null, ""7"": null}","{""0"": 0.0, ""1"": 0.0, ""2"": null, ""3"": null, ""4"": null, ""5"": null, ""6"": null, ""7"": null}",{},,1,0,1,0,,maneuver-locked,CHANGING,left,right,left,0
857,2026-08-01T22:25:49.467+09:00,90.880,856,9.43,1,AVOIDING_OBSTACLE,,0,0,0,,0.000000,1.000000,70,820,unknown,0,unknown,0.000000,null,0.000000,0.273,,"{""0"": 189, ""1"": 168, ""2"": null, ""3"": null, ""4"": null, ""5"": null, ""6"": null, ""7"": null}","{""0"": 0.0, ""1"": 0.0, ""2"": null, ""3"": null, ""4"": null, ""5"": null, ""6"": null, ""7"": null}",{},,1,0,1,0,,maneuver-locked,CHANGING,left,right,left,0
858,2026-08-01T22:25:49.571+09:00,90.982,857,9.43,1,AVOIDING_OBSTACLE,,0,0,0,,0.000000,1.000000,70,819,unknown,0,unknown,0.000000,null,0.000000,0.375,,"{""0"": 164, ""1"": 162, ""2"": null, ""3"": null, ""4"": null, ""5"": null, ""6"": null, ""7"": null}","{""0"": 0.0, ""1"": 0.0, ""2"": null, ""3"": null, ""4"": null, ""5"": null, ""6"": null, ""7"": null}",{},,1,0,1,0,,maneuver-locked,CHANGING,left,right,left,0
859,2026-08-01T22:25:49.686+09:00,91.100,858,9.43,1,AVOIDING_OBSTACLE,,0,0,0,,0.000000,1.000000,70,819,unknown,0,unknown,0.000000,null,0.000000,0.299,,"{""0"": 158, ""1"": 160, ""2"": null, ""3"": null, ""4"": null, ""5"": null, ""6"": null, ""7"": null}","{""0"": 0.0, ""1"": 0.0, ""2"": null, ""3"": null, ""4"": null, ""5"": null, ""6"": null, ""7"": null}",{},,1,0,1,0,,maneuver-locked,CHANGING,left,right,left,0
860,2026-08-01T22:25:49.793+09:00,91.205,859,9.43,1,AVOIDING_OBSTACLE,,0,0,0,,0.000000,1.000000,70,821,unknown,0,unknown,0.000000,null,0.000000,0.191,,"{""0"": 250, ""1"": 194, ""2"": null, ""3"": null, ""4"": null, ""5"": null, ""6"": null, ""7"": null}","{""0"": 0.0, ""1"": 0.0, ""2"": null, ""3"": null, ""4"": null, ""5"": null, ""6"": null, ""7"": null}",{},,1,0,1,0,,maneuver-locked,CHANGING,left,right,left,0
861,2026-08-01T22:25:49.899+09:00,91.311,860,9.43,1,AVOIDING_OBSTACLE,,0,0,0,,0.000000,1.000000,70,821,red,0,unknown,0.000000,null,0.000000,0.296,,"{""0"": 250, ""1"": 189, ""2"": null, ""3"": null, ""4"": null, ""5"": null, ""6"": null, ""7"": null}","{""0"": 0.0, ""1"": 0.0, ""2"": null, ""3"": null, ""4"": null, ""5"": null, ""6"": null, ""7"": null}",{},,1,0,1,0,,maneuver-locked,CHANGING,left,right,left,0
862,2026-08-01T22:25:50.000+09:00,91.413,861,9.43,1,AVOIDING_OBSTACLE,,0,0,0,,0.000000,1.000000,70,820,unknown,0,unknown,0.000000,null,0.000000,0.283,,"{""0"": 250, ""1"": 184, ""2"": null, ""3"": null, ""4"": null, ""5"": null, ""6"": null, ""7"": null}","{""0"": 0.0, ""1"": 0.0, ""2"": null, ""3"": null, ""4"": null, ""5"": null, ""6"": null, ""7"": null}",{},,1,0,1,0,,maneuver-locked,CHANGING,left,right,left,0
863,2026-08-01T22:25:50.108+09:00,91.522,862,9.43,1,AVOIDING_OBSTACLE,,0,0,0,,0.000000,1.000000,70,817,unknown,0,unknown,0.000000,null,0.000000,0.179,,"{""0"": 250, ""1"": 178, ""2"": null, ""3"": null, ""4"": null, ""5"": null, ""6"": null, ""7"": null}","{""0"": 0.0, ""1"": 0.0, ""2"": null, ""3"": null, ""4"": null, ""5"": null, ""6"": null, ""7"": null}",{},,1,0,1,0,,maneuver-locked,CHANGING,left,right,left,0
864,2026-08-01T22:25:50.216+09:00,91.629,863,9.43,1,AVOIDING_OBSTACLE,,0,0,0,,0.000000,1.000000,70,818,unknown,0,unknown,0.000000,null,0.000000,0.284,,"{""0"": 250, ""1"": 135, ""2"": null, ""3"": null, ""4"": null, ""5"": null, ""6"": null, ""7"": null}","{""0"": 0.0, ""1"": 0.0, ""2"": null, ""3"": null, ""4"": null, ""5"": null, ""6"": null, ""7"": null}",{},,1,0,1,0,,maneuver-locked,CHANGING,left,right,left,0
865,2026-08-01T22:25:50.320+09:00,91.734,864,9.43,1,AVOIDING_OBSTACLE,,0,0,0,,0.000000,1.000000,70,838,unknown,0,unknown,0.000000,null,0.000000,0.291,,"{""0"": 250, ""1"": 250, ""2"": null, ""3"": null, ""4"": null, ""5"": null, ""6"": null, ""7"": null}","{""0"": 0.0, ""1"": 0.0, ""2"": null, ""3"": null, ""4"": null, ""5"": null, ""6"": null, ""7"": null}",{},,1,0,1,0,,maneuver-locked,CHANGING,left,right,left,0
866,2026-08-01T22:25:50.422+09:00,91.836,865,9.43,1,AVOIDING_OBSTACLE,,0,0,0,,0.000000,1.000000,70,818,unknown,0,unknown,0.000000,null,0.000000,0.176,,"{""0"": 250, ""1"": 126, ""2"": null, ""3"": null, ""4"": null, ""5"": null, ""6"": null, ""7"": null}","{""0"": 0.0, ""1"": 0.0, ""2"": null, ""3"": null, ""4"": null, ""5"": null, ""6"": null, ""7"": null}",{},,1,0,1,0,,maneuver-locked,CHANGING,left,right,left,0
867,2026-08-01T22:25:50.524+09:00,91.937,866,9.43,1,AVOIDING_OBSTACLE,,0,0,0,,0.000000,1.000000,70,819,unknown,0,unknown,0.000000,null,0.000000,0.275,,"{""0"": 250, ""1"": 250, ""2"": null, ""3"": null, ""4"": null, ""5"": null, ""6"": null, ""7"": null}","{""0"": 0.0, ""1"": 0.0, ""2"": null, ""3"": null, ""4"": null, ""5"": null, ""6"": null, ""7"": null}",{},,1,0,1,0,,maneuver-locked,CHANGING,left,right,left,0
868,2026-08-01T22:25:50.634+09:00,92.047,867,9.43,1,AVOIDING_OBSTACLE,,0,0,0,,0.000000,1.000000,70,818,unknown,0,unknown,0.000000,null,0.000000,0.285,,"{""0"": 250, ""1"": 250, ""2"": null, ""3"": null, ""4"": null, ""5"": null, ""6"": null, ""7"": null}","{""0"": 0.0, ""1"": 0.0, ""2"": null, ""3"": null, ""4"": null, ""5"": null, ""6"": null, ""7"": null}",{},,1,0,1,0,,maneuver-locked,CHANGING,left,right,left,0
869,2026-08-01T22:25:50.742+09:00,92.156,868,9.43,1,AVOIDING_OBSTACLE,phase:CHANGING->COUNTER_STEER,0,0,0,,0.000000,-1.000000,70,819,unknown,0,unknown,0.000000,null,0.000000,0.187,,"{""0"": 250, ""1"": 250, ""2"": null, ""3"": null, ""4"": null, ""5"": null, ""6"": null, ""7"": null}","{""0"": 0.0, ""1"": 0.0, ""2"": null, ""3"": null, ""4"": null, ""5"": null, ""6"": null, ""7"": null}",{},,1,0,1,0,,maneuver-locked,COUNTER_STEER,left,right,left,0
870,2026-08-01T22:25:50.846+09:00,92.258,869,9.43,1,AVOIDING_OBSTACLE,,0,0,0,,0.000000,-1.000000,70,812,unknown,0,unknown,0.000000,null,0.000000,0.288,,"{""0"": 250, ""1"": 250, ""2"": null, ""3"": null, ""4"": null, ""5"": null, ""6"": null, ""7"": null}","{""0"": 0.0, ""1"": 0.0, ""2"": null, ""3"": null, ""4"": null, ""5"": null, ""6"": null, ""7"": null}",{},,1,0,1,0,,maneuver-locked,COUNTER_STEER,left,right,left,0
871,2026-08-01T22:25:50.940+09:00,92.355,870,9.43,1,AVOIDING_OBSTACLE,,0,0,0,,0.000000,-1.000000,70,790,unknown,0,unknown,0.000000,null,0.000000,0.275,,"{""0"": 250, ""1"": 130, ""2"": null, ""3"": null, ""4"": null, ""5"": null, ""6"": null, ""7"": null}","{""0"": 0.0, ""1"": 0.0, ""2"": null, ""3"": null, ""4"": null, ""5"": null, ""6"": null, ""7"": null}",{},,1,0,1,0,,maneuver-locked,COUNTER_STEER,left,right,left,0
872,2026-08-01T22:25:51.041+09:00,92.454,871,9.43,1,AVOIDING_OBSTACLE,,0,0,0,,0.000000,-1.000000,70,740,unknown,0,unknown,0.000000,null,0.000000,0.163,,"{""0"": 250, ""1"": 250, ""2"": null, ""3"": null, ""4"": null, ""5"": null, ""6"": null, ""7"": null}","{""0"": 0.0, ""1"": 0.0, ""2"": null, ""3"": null, ""4"": null, ""5"": null, ""6"": null, ""7"": null}",{},,1,0,1,0,,maneuver-locked,COUNTER_STEER,left,right,left,0
873,2026-08-01T22:25:51.145+09:00,92.558,872,9.43,1,AVOIDING_OBSTACLE,,0,0,0,,0.000000,-1.000000,70,700,unknown,0,unknown,0.000000,null,0.000000,0.266,,"{""0"": 250, ""1"": 250, ""2"": null, ""3"": null, ""4"": null, ""5"": null, ""6"": null, ""7"": null}","{""0"": 0.0, ""1"": 0.0, ""2"": null, ""3"": null, ""4"": null, ""5"": null, ""6"": null, ""7"": null}",{},,1,0,1,0,,maneuver-locked,COUNTER_STEER,left,right,left,0
874,2026-08-01T22:25:51.250+09:00,92.664,873,9.43,1,AVOIDING_OBSTACLE,,0,0,0,,0.000000,-1.000000,70,686,unknown,0,unknown,0.000000,null,0.000000,0.280,,"{""0"": 250, ""1"": 250, ""2"": null, ""3"": null, ""4"": null, ""5"": null, ""6"": null, ""7"": null}","{""0"": 0.0, ""1"": 0.0, ""2"": null, ""3"": null, ""4"": null, ""5"": null, ""6"": null, ""7"": null}",{},,1,0,1,0,,maneuver-locked,COUNTER_STEER,left,right,left,0
875,2026-08-01T22:25:51.356+09:00,92.769,874,9.43,1,AVOIDING_OBSTACLE,,0,0,0,,0.000000,-1.000000,70,685,unknown,0,unknown,0.000000,null,0.000000,0.180,,"{""0"": 250, ""1"": 250, ""2"": null, ""3"": null, ""4"": null, ""5"": null, ""6"": null, ""7"": null}","{""0"": 0.0, ""1"": 0.0, ""2"": null, ""3"": null, ""4"": null, ""5"": null, ""6"": null, ""7"": null}",{},,1,0,1,0,,maneuver-locked,COUNTER_STEER,left,right,left,0
876,2026-08-01T22:25:51.468+09:00,92.881,875,9.43,1,AVOIDING_OBSTACLE,,0,0,0,,0.000000,-1.000000,70,685,unknown,0,unknown,0.000000,null,0.000000,0.290,,"{""0"": 250, ""1"": 250, ""2"": null, ""3"": null, ""4"": null, ""5"": null, ""6"": null, ""7"": null}","{""0"": 0.0, ""1"": 0.0, ""2"": null, ""3"": null, ""4"": null, ""5"": null, ""6"": null, ""7"": null}",{},,1,0,1,0,,maneuver-locked,COUNTER_STEER,left,right,left,0
877,2026-08-01T22:25:51.582+09:00,92.996,876,9.43,1,AVOIDING_OBSTACLE,,0,0,0,,0.000000,-1.000000,70,685,red,0,unknown,0.000000,null,0.000000,0.302,,"{""0"": 250, ""1"": 250, ""2"": null, ""3"": null, ""4"": null, ""5"": null, ""6"": null, ""7"": null}","{""0"": 0.0, ""1"": 0.0, ""2"": null, ""3"": null, ""4"": null, ""5"": null, ""6"": null, ""7"": null}",{},,1,0,1,0,,maneuver-locked,COUNTER_STEER,left,right,left,0
878,2026-08-01T22:25:51.694+09:00,93.108,877,9.43,1,AVOIDING_OBSTACLE,,0,0,0,,0.000000,-1.000000,70,684,red,0,unknown,0.000000,null,0.000000,0.195,,"{""0"": 250, ""1"": 250, ""2"": null, ""3"": null, ""4"": null, ""5"": null, ""6"": null, ""7"": null}","{""0"": 0.0, ""1"": 0.0, ""2"": null, ""3"": null, ""4"": null, ""5"": null, ""6"": null, ""7"": null}",{},,1,0,1,0,,maneuver-locked,COUNTER_STEER,left,right,left,0
879,2026-08-01T22:25:51.795+09:00,93.208,878,9.43,1,DRIVING,state:AVOIDING_OBSTACLE->DRIVING;phase:COUNTER_STEER->KEEP,0,0,0,,0.000000,0.000000,70,683,red,0,unknown,0.000000,null,0.000000,0.293,,"{""0"": 177, ""1"": 168, ""2"": null, ""3"": null, ""4"": null, ""5"": null, ""6"": null, ""7"": null}","{""0"": 0.0, ""1"": 0.0, ""2"": null, ""3"": null, ""4"": null, ""5"": null, ""6"": null, ""7"": null}",{},,1,0,1,0,,maneuver-locked,KEEP,,,,0
880,2026-08-01T22:25:51.909+09:00,93.323,879,9.43,1,DRIVING,,0,1,0,-0.225223,0.405402,0.405402,255,696,red,0,unknown,0.000000,null,0.000000,0.297,,"{""0"": 170, ""1"": 200, ""2"": null, ""3"": null, ""4"": null, ""5"": null, ""6"": null, ""7"": null}","{""0"": 0.0, ""1"": 0.0, ""2"": null, ""3"": null, ""4"": null, ""5"": null, ""6"": null, ""7"": null}","{""0"": 170, ""1"": 200}",170,1,0,0,0,0.297,ultrasonic-not-close,KEEP,left,right,,0
881,2026-08-01T22:25:52.011+09:00,93.425,880,9.43,1,DRIVING,,0,1,0,-0.294196,0.653705,0.653705,255,721,red,0,unknown,0.000000,null,0.000000,0.186,,"{""0"": 250, ""1"": 81, ""2"": null, ""3"": null, ""4"": null, ""5"": null, ""6"": null, ""7"": null}","{""0"": 0.0, ""1"": 0.0, ""2"": null, ""3"": null, ""4"": null, ""5"": null, ""6"": null, ""7"": null}","{""0"": 250, ""1"": 81}",81,1,1,0,0,0.186,car-not-detected-or-stale,KEEP,left,right,,0
882,2026-08-01T22:25:52.110+09:00,93.522,881,9.43,1,DRIVING,,0,1,0,-0.370982,0.892888,0.892888,255,721,red,0,unknown,0.000000,null,0.000000,0.281,,"{""0"": 117, ""1"": 150, ""2"": null, ""3"": null, ""4"": null, ""5"": null, ""6"": null, ""7"": null}","{""0"": 0.0, ""1"": 0.0, ""2"": null, ""3"": null, ""4"": null, ""5"": null, ""6"": null, ""7"": null}","{""0"": 117, ""1"": 150}",117,1,1,0,0,0.281,car-not-detected-or-stale,KEEP,left,right,,0
883,2026-08-01T22:25:52.217+09:00,93.631,882,9.43,1,DRIVING,,0,1,0,-0.506091,1.000000,1.000000,255,784,red,0,unknown,0.000000,null,0.000000,0.278,,"{""0"": 137, ""1"": 94, ""2"": null, ""3"": null, ""4"": null, ""5"": null, ""6"": null, ""7"": null}","{""0"": 0.0, ""1"": 0.0, ""2"": null, ""3"": null, ""4"": null, ""5"": null, ""6"": null, ""7"": null}","{""0"": 137, ""1"": 94}",94,1,1,0,0,0.278,car-not-detected-or-stale,KEEP,left,right,,0
884,2026-08-01T22:25:52.322+09:00,93.735,883,9.43,1,DRIVING,,0,1,0,-0.563736,1.000000,1.000000,255,800,red,0,unknown,0.000000,null,0.000000,0.182,,"{""0"": 250, ""1"": 92, ""2"": null, ""3"": null, ""4"": null, ""5"": null, ""6"": null, ""7"": null}","{""0"": 0.0, ""1"": 0.0, ""2"": null, ""3"": null, ""4"": null, ""5"": null, ""6"": null, ""7"": null}","{""0"": 250, ""1"": 92}",92,1,1,0,0,0.182,car-not-detected-or-stale,KEEP,left,right,,0
885,2026-08-01T22:25:52.416+09:00,93.828,884,9.43,1,DRIVING,,0,1,0,-0.593806,1.000000,1.000000,255,807,unknown,0,unknown,0.000000,null,0.000000,0.275,,"{""0"": 250, ""1"": 118, ""2"": null, ""3"": null, ""4"": null, ""5"": null, ""6"": null, ""7"": null}","{""0"": 0.0, ""1"": 0.0, ""2"": null, ""3"": null, ""4"": null, ""5"": null, ""6"": null, ""7"": null}","{""0"": 250, ""1"": 118}",118,1,1,0,0,0.275,car-not-detected-or-stale,KEEP,left,right,,0
886,2026-08-01T22:25:52.521+09:00,93.935,885,9.43,1,DRIVING,,0,1,0,-0.626016,1.000000,1.000000,100,818,unknown,0,unknown,0.000000,null,0.000000,0.274,,"{""0"": 82, ""1"": 58, ""2"": null, ""3"": null, ""4"": null, ""5"": null, ""6"": null, ""7"": null}","{""0"": 0.0, ""1"": 0.0, ""2"": null, ""3"": null, ""4"": null, ""5"": null, ""6"": null, ""7"": null}","{""0"": 82, ""1"": 58}",58,1,1,0,0,0.274,car-not-detected-or-stale,KEEP,left,right,,0
887,2026-08-01T22:25:52.623+09:00,94.036,886,9.43,1,DRIVING,,0,1,0,-0.639860,1.000000,1.000000,255,819,red,0,unknown,0.000000,null,0.000000,0.376,,"{""0"": 117, ""1"": 114, ""2"": null, ""3"": null, ""4"": null, ""5"": null, ""6"": null, ""7"": null}","{""0"": 0.0, ""1"": 0.0, ""2"": null, ""3"": null, ""4"": null, ""5"": null, ""6"": null, ""7"": null}","{""0"": 117, ""1"": 114}",114,1,1,0,0,0.376,car-not-detected-or-stale,KEEP,left,right,,0
888,2026-08-01T22:25:52.718+09:00,94.131,887,9.44,1,DRIVING,,0,1,0,-0.638876,1.000000,1.000000,255,820,red,0,unknown,0.000000,null,0.000000,0.270,,"{""0"": 108, ""1"": 110, ""2"": null, ""3"": null, ""4"": null, ""5"": null, ""6"": null, ""7"": null}","{""0"": 0.0, ""1"": 0.0, ""2"": null, ""3"": null, ""4"": null, ""5"": null, ""6"": null, ""7"": null}","{""0"": 108, ""1"": 110}",108,1,1,0,0,0.270,car-not-detected-or-stale,KEEP,left,right,,0
889,2026-08-01T22:25:52.830+09:00,94.243,888,9.43,1,DRIVING,,0,1,0,-0.633669,1.000000,1.000000,255,818,red,1,obstacle-car,0.554759,"[855, 0, 1277, 477]",0.218323,0.278,,"{""0"": 93, ""1"": 97, ""2"": null, ""3"": null, ""4"": null, ""5"": null, ""6"": null, ""7"": null}","{""0"": 0.0, ""1"": 0.0, ""2"": null, ""3"": null, ""4"": null, ""5"": null, ""6"": null, ""7"": null}","{""0"": 93, ""1"": 97}",93,1,1,1,1,0.278,car+ultrasonic,KEEP,left,right,,0
890,2026-08-01T22:25:52.933+09:00,94.347,889,9.44,1,DRIVING,,0,1,0,-0.628516,1.000000,1.000000,255,818,red,1,obstacle-car,0.554759,"[855, 0, 1277, 477]",0.218323,0.381,,"{""0"": 97, ""1"": 96, ""2"": null, ""3"": null, ""4"": null, ""5"": null, ""6"": null, ""7"": null}","{""0"": 0.0, ""1"": 0.0, ""2"": null, ""3"": null, ""4"": null, ""5"": null, ""6"": null, ""7"": null}","{""0"": 97, ""1"": 96}",96,1,1,1,2,0.381,car+ultrasonic,KEEP,left,right,,0
891,2026-08-01T22:25:53.042+09:00,94.455,890,9.44,1,DRIVING,,0,1,0,-0.625993,1.000000,1.000000,100,815,red,0,unknown,0.000000,null,0.000000,0.286,,"{""0"": 74, ""1"": 99, ""2"": null, ""3"": null, ""4"": null, ""5"": null, ""6"": null, ""7"": null}","{""0"": 0.0, ""1"": 0.0, ""2"": null, ""3"": null, ""4"": null, ""5"": null, ""6"": null, ""7"": null}","{""0"": 74, ""1"": 99}",74,1,1,0,0,0.286,car-not-detected-or-stale,KEEP,left,right,,0
892,2026-08-01T22:25:53.145+09:00,94.558,891,9.44,1,DRIVING,,0,1,0,-0.616208,1.000000,1.000000,100,820,red,0,unknown,0.000000,null,0.000000,0.285,,"{""0"": 74, ""1"": 90, ""2"": null, ""3"": null, ""4"": null, ""5"": null, ""6"": null, ""7"": null}","{""0"": 0.0, ""1"": 0.0, ""2"": null, ""3"": null, ""4"": null, ""5"": null, ""6"": null, ""7"": null}","{""0"": 74, ""1"": 90}",74,1,1,0,0,0.285,car-not-detected-or-stale,KEEP,left,right,,0
893,2026-08-01T22:25:53.254+09:00,94.666,892,9.43,1,DRIVING,,0,1,0,-0.606752,1.000000,1.000000,100,819,red,0,unknown,0.000000,null,0.000000,0.393,,"{""0"": 79, ""1"": 84, ""2"": null, ""3"": null, ""4"": null, ""5"": null, ""6"": null, ""7"": null}","{""0"": 0.0, ""1"": 0.0, ""2"": null, ""3"": null, ""4"": null, ""5"": null, ""6"": null, ""7"": null}","{""0"": 79, ""1"": 84}",79,1,1,0,0,0.393,car-not-detected-or-stale,KEEP,left,right,,0
894,2026-08-01T22:25:53.351+09:00,94.763,893,9.44,1,DRIVING,,0,1,0,-0.594528,1.000000,1.000000,100,819,unknown,1,obstacle-car,0.570142,"[853, 4, 1278, 452]",0.206460,0.277,,"{""0"": 250, ""1"": 57, ""2"": null, ""3"": null, ""4"": null, ""5"": null, ""6"": null, ""7"": null}","{""0"": 0.0, ""1"": 0.0, ""2"": null, ""3"": null, ""4"": null, ""5"": null, ""6"": null, ""7"": null}","{""0"": 250, ""1"": 57}",57,1,1,1,1,0.277,car+ultrasonic,KEEP,left,right,,0
895,2026-08-01T22:25:53.458+09:00,94.871,894,9.44,1,DRIVING,,0,1,0,-0.587617,1.000000,1.000000,100,821,unknown,0,unknown,0.000000,null,0.000000,0.285,,"{""0"": 66, ""1"": 98, ""2"": null, ""3"": null, ""4"": null, ""5"": null, ""6"": null, ""7"": null}","{""0"": 0.0, ""1"": 0.0, ""2"": null, ""3"": null, ""4"": null, ""5"": null, ""6"": null, ""7"": null}","{""0"": 66, ""1"": 98}",66,1,1,0,0,0.285,car-not-detected-or-stale,KEEP,left,right,,0
896,2026-08-01T22:25:53.567+09:00,94.979,895,9.44,1,DRIVING,,0,1,0,-0.585148,1.000000,1.000000,255,820,unknown,0,unknown,0.000000,null,0.000000,0.391,,"{""0"": 250, ""1"": 90, ""2"": null, ""3"": null, ""4"": null, ""5"": null, ""6"": null, ""7"": null}","{""0"": 0.0, ""1"": 0.0, ""2"": null, ""3"": null, ""4"": null, ""5"": null, ""6"": null, ""7"": null}","{""0"": 250, ""1"": 90}",90,1,1,0,0,0.391,car-not-detected-or-stale,KEEP,left,right,,0
897,2026-08-01T22:25:53.674+09:00,95.086,896,9.44,1,DRIVING,,0,1,0,-0.579989,1.000000,1.000000,255,820,unknown,0,unknown,0.000000,null,0.000000,0.289,,"{""0"": 81, ""1"": 83, ""2"": null, ""3"": null, ""4"": null, ""5"": null, ""6"": null, ""7"": null}","{""0"": 0.0, ""1"": 0.0, ""2"": null, ""3"": null, ""4"": null, ""5"": null, ""6"": null, ""7"": null}","{""0"": 81, ""1"": 83}",81,1,1,0,0,0.289,car-not-detected-or-stale,KEEP,left,right,,0
898,2026-08-01T22:25:53.772+09:00,95.186,897,9.44,1,DRIVING,,0,1,0,-0.571822,0.994507,0.994507,100,819,unknown,0,unknown,0.000000,null,0.000000,0.285,,"{""0"": 74, ""1"": 77, ""2"": null, ""3"": null, ""4"": null, ""5"": null, ""6"": null, ""7"": null}","{""0"": 0.0, ""1"": 0.0, ""2"": null, ""3"": null, ""4"": null, ""5"": null, ""6"": null, ""7"": null}","{""0"": 74, ""1"": 77}",74,1,1,0,0,0.285,car-not-detected-or-stale,KEEP,left,right,,0
899,2026-08-01T22:25:53.872+09:00,95.284,898,9.44,1,DRIVING,,0,1,0,-0.553881,0.940352,0.940352,100,821,unknown,0,unknown,0.000000,null,0.000000,0.382,,"{""0"": 66, ""1"": 70, ""2"": null, ""3"": null, ""4"": null, ""5"": null, ""6"": null, ""7"": null}","{""0"": 0.0, ""1"": 0.0, ""2"": null, ""3"": null, ""4"": null, ""5"": null, ""6"": null, ""7"": null}","{""0"": 66, ""1"": 70}",66,1,1,0,0,0.382,car-not-detected-or-stale,KEEP,left,right,,0
900,2026-08-01T22:25:53.969+09:00,95.381,899,9.44,1,DRIVING,,0,1,0,-0.546515,0.930824,0.930824,100,822,unknown,0,unknown,0.000000,null,0.000000,0.261,,"{""0"": 59, ""1"": 63, ""2"": null, ""3"": null, ""4"": null, ""5"": null, ""6"": null, ""7"": null}","{""0"": 0.0, ""1"": 0.0, ""2"": null, ""3"": null, ""4"": null, ""5"": null, ""6"": null, ""7"": null}","{""0"": 59, ""1"": 63}",59,1,1,0,0,0.261,car-not-detected-or-stale,KEEP,left,right,,0
901,2026-08-01T22:25:54.076+09:00,95.491,900,9.44,1,DRIVING,,0,1,0,-0.520731,0.853873,0.853873,100,820,unknown,0,unknown,0.000000,null,0.000000,0.275,,"{""0"": 250, ""1"": 59, ""2"": null, ""3"": null, ""4"": null, ""5"": null, ""6"": null, ""7"": null}","{""0"": 0.0, ""1"": 0.0, ""2"": null, ""3"": null, ""4"": null, ""5"": null, ""6"": null, ""7"": null}","{""0"": 250, ""1"": 59}",59,1,1,0,0,0.275,car-not-detected-or-stale,KEEP,left,right,,0
902,2026-08-01T22:25:54.184+09:00,95.595,901,9.44,1,DRIVING,,0,1,0,-0.489872,0.767812,0.767812,100,821,unknown,0,unknown,0.000000,null,0.000000,0.378,,"{""0"": 250, ""1"": 57, ""2"": null, ""3"": null, ""4"": null, ""5"": null, ""6"": null, ""7"": null}","{""0"": 0.0, ""1"": 0.0, ""2"": null, ""3"": null, ""4"": null, ""5"": null, ""6"": null, ""7"": null}","{""0"": 250, ""1"": 57}",57,1,1,0,0,0.378,car-not-detected-or-stale,KEEP,left,right,,0
903,2026-08-01T22:25:54.292+09:00,95.706,902,9.44,1,DRIVING,,0,1,0,-0.453440,0.670846,0.670846,255,819,green,0,unknown,0.000000,null,0.000000,0.293,,"{""0"": 250, ""1"": 192, ""2"": null, ""3"": null, ""4"": null, ""5"": null, ""6"": null, ""7"": null}","{""0"": 0.0, ""1"": 0.0, ""2"": null, ""3"": null, ""4"": null, ""5"": null, ""6"": null, ""7"": null}","{""0"": 250, ""1"": 192}",192,1,0,0,0,0.293,ultrasonic-not-close,KEEP,left,right,,0
904,2026-08-01T22:25:54.401+09:00,95.815,903,9.44,1,DRIVING,,0,1,0,-0.431867,0.636785,0.636785,255,811,green,0,unknown,0.000000,null,0.000000,0.295,,"{""0"": 250, ""1"": 250, ""2"": null, ""3"": null, ""4"": null, ""5"": null, ""6"": null, ""7"": null}","{""0"": 0.0, ""1"": 0.0, ""2"": null, ""3"": null, ""4"": null, ""5"": null, ""6"": null, ""7"": null}","{""0"": 250, ""1"": 250}",250,1,0,0,0,0.295,ultrasonic-not-close,KEEP,left,right,,0
905,2026-08-01T22:25:54.508+09:00,95.921,904,9.44,1,DRIVING,,0,1,0,-0.397380,0.554806,0.554806,100,811,green,0,unknown,0.000000,null,0.000000,0.400,,"{""0"": 60, ""1"": 115, ""2"": null, ""3"": null, ""4"": null, ""5"": null, ""6"": null, ""7"": null}","{""0"": 0.0, ""1"": 0.0, ""2"": null, ""3"": null, ""4"": null, ""5"": null, ""6"": null, ""7"": null}","{""0"": 60, ""1"": 115}",60,1,1,0,0,0.400,car-not-detected-or-stale,KEEP,left,right,,0
906,2026-08-01T22:25:54.620+09:00,96.033,905,9.44,1,DRIVING,,0,1,0,-0.368817,0.500122,0.500122,100,794,green,0,unknown,0.000000,null,0.000000,0.296,,"{""0"": 250, ""1"": 77, ""2"": null, ""3"": null, ""4"": null, ""5"": null, ""6"": null, ""7"": null}","{""0"": 0.0, ""1"": 0.0, ""2"": null, ""3"": null, ""4"": null, ""5"": null, ""6"": null, ""7"": null}","{""0"": 250, ""1"": 77}",77,1,1,0,0,0.296,car-not-detected-or-stale,KEEP,left,right,,0
907,2026-08-01T22:25:54.729+09:00,96.142,906,9.44,1,DRIVING,,0,1,0,-0.335324,0.428671,0.428671,255,791,green,0,unknown,0.000000,null,0.000000,0.298,,"{""0"": 162, ""1"": 166, ""2"": null, ""3"": null, ""4"": null, ""5"": null, ""6"": null, ""7"": null}","{""0"": 0.0, ""1"": 0.0, ""2"": null, ""3"": null, ""4"": null, ""5"": null, ""6"": null, ""7"": null}","{""0"": 162, ""1"": 166}",162,1,0,0,0,0.298,ultrasonic-not-close,KEEP,left,right,,0
908,2026-08-01T22:25:54.839+09:00,96.252,907,9.44,1,DRIVING,,0,1,0,-0.303722,0.367379,0.367379,255,785,green,0,unknown,0.000000,null,0.000000,0.407,,"{""0"": 154, ""1"": 154, ""2"": null, ""3"": null, ""4"": null, ""5"": null, ""6"": null, ""7"": null}","{""0"": 0.0, ""1"": 0.0, ""2"": null, ""3"": null, ""4"": null, ""5"": null, ""6"": null, ""7"": null}","{""0"": 154, ""1"": 154}",154,1,0,0,0,0.407,ultrasonic-not-close,KEEP,left,right,,0
909,2026-08-01T22:25:54.943+09:00,96.356,908,9.44,1,DRIVING,,0,1,0,-0.281110,0.339773,0.339773,255,781,green,0,unknown,0.000000,null,0.000000,0.291,,"{""0"": 250, ""1"": 250, ""2"": null, ""3"": null, ""4"": null, ""5"": null, ""6"": null, ""7"": null}","{""0"": 0.0, ""1"": 0.0, ""2"": null, ""3"": null, ""4"": null, ""5"": null, ""6"": null, ""7"": null}","{""0"": 250, ""1"": 250}",250,1,0,0,0,0.291,ultrasonic-not-close,KEEP,left,right,,0
910,2026-08-01T22:25:55.047+09:00,96.460,909,9.44,1,DRIVING,,0,1,0,-0.256060,0.299460,0.299460,255,779,green,0,unknown,0.000000,null,0.000000,0.287,,"{""0"": 139, ""1"": 139, ""2"": null, ""3"": null, ""4"": null, ""5"": null, ""6"": null, ""7"": null}","{""0"": 0.0, ""1"": 0.0, ""2"": null, ""3"": null, ""4"": null, ""5"": null, ""6"": null, ""7"": null}","{""0"": 139, ""1"": 139}",139,1,1,0,0,0.287,car-not-detected-or-stale,KEEP,left,right,,0
911,2026-08-01T22:25:55.156+09:00,96.570,910,9.44,1,DRIVING,,0,1,0,-0.237531,0.281188,0.281188,255,777,green,0,unknown,0.000000,null,0.000000,0.394,,"{""0"": 131, ""1"": 132, ""2"": null, ""3"": null, ""4"": null, ""5"": null, ""6"": null, ""7"": null}","{""0"": 0.0, ""1"": 0.0, ""2"": null, ""3"": null, ""4"": null, ""5"": null, ""6"": null, ""7"": null}","{""0"": 131, ""1"": 132}",131,1,1,0,0,0.394,car-not-detected-or-stale,KEEP,left,right,,0
912,2026-08-01T22:25:55.257+09:00,96.669,911,9.44,1,DRIVING,,0,1,0,-0.217960,0.254645,0.254645,255,773,green,0,unknown,0.000000,null,0.000000,0.281,,"{""0"": 124, ""1"": 124, ""2"": null, ""3"": null, ""4"": null, ""5"": null, ""6"": null, ""7"": null}","{""0"": 0.0, ""1"": 0.0, ""2"": null, ""3"": null, ""4"": null, ""5"": null, ""6"": null, ""7"": null}","{""0"": 124, ""1"": 124}",124,1,1,0,0,0.281,car-not-detected-or-stale,KEEP,left,right,,0
913,2026-08-01T22:25:55.362+09:00,96.776,912,9.44,1,DRIVING,,0,1,0,-0.221810,0.309808,0.309808,255,771,green,0,unknown,0.000000,null,0.000000,0.287,,"{""0"": 250, ""1"": 117, ""2"": null, ""3"": null, ""4"": null, ""5"": null, ""6"": null, ""7"": null}","{""0"": 0.0, ""1"": 0.0, ""2"": null, ""3"": null, ""4"": null, ""5"": null, ""6"": null, ""7"": null}","{""0"": 250, ""1"": 117}",117,1,1,0,0,0.287,car-not-detected-or-stale,KEEP,left,right,,0
914,2026-08-01T22:25:55.465+09:00,96.879,913,9.44,1,DRIVING,,0,1,0,-0.210370,0.295459,0.295459,255,770,green,0,unknown,0.000000,null,0.000000,0.387,,"{""0"": 105, ""1"": 111, ""2"": null, ""3"": null, ""4"": null, ""5"": null, ""6"": null, ""7"": null}","{""0"": 0.0, ""1"": 0.0, ""2"": null, ""3"": null, ""4"": null, ""5"": null, ""6"": null, ""7"": null}","{""0"": 105, ""1"": 111}",105,1,1,0,0,0.387,car-not-detected-or-stale,KEEP,left,right,,0
915,2026-08-01T22:25:55.575+09:00,96.986,914,9.44,1,DRIVING,,0,1,0,-0.197625,0.274540,0.274540,255,771,green,0,unknown,0.000000,null,0.000000,0.284,,"{""0"": 250, ""1"": 104, ""2"": null, ""3"": null, ""4"": null, ""5"": null, ""6"": null, ""7"": null}","{""0"": 0.0, ""1"": 0.0, ""2"": null, ""3"": null, ""4"": null, ""5"": null, ""6"": null, ""7"": null}","{""0"": 250, ""1"": 104}",104,1,1,0,0,0.284,car-not-detected-or-stale,KEEP,left,right,,0
916,2026-08-01T22:25:55.678+09:00,97.091,915,9.44,1,DRIVING,,0,1,0,-0.184691,0.252331,0.252331,255,771,green,0,unknown,0.000000,null,0.000000,0.286,,"{""0"": 250, ""1"": 105, ""2"": null, ""3"": null, ""4"": null, ""5"": null, ""6"": null, ""7"": null}","{""0"": 0.0, ""1"": 0.0, ""2"": null, ""3"": null, ""4"": null, ""5"": null, ""6"": null, ""7"": null}","{""0"": 250, ""1"": 105}",105,1,1,0,0,0.286,car-not-detected-or-stale,KEEP,left,right,,0
917,2026-08-01T22:25:55.791+09:00,97.205,916,9.44,1,DRIVING,,0,1,0,-0.166243,0.209955,0.209955,100,772,green,0,unknown,0.000000,null,0.000000,0.398,,"{""0"": 250, ""1"": 58, ""2"": null, ""3"": null, ""4"": null, ""5"": null, ""6"": null, ""7"": null}","{""0"": 0.0, ""1"": 0.0, ""2"": null, ""3"": null, ""4"": null, ""5"": null, ""6"": null, ""7"": null}","{""0"": 250, ""1"": 58}",58,1,1,0,0,0.398,car-not-detected-or-stale,KEEP,left,right,,0
918,2026-08-01T22:25:55.890+09:00,97.303,917,9.44,1,DRIVING,,0,1,0,-0.142009,0.149496,0.149496,255,770,green,0,unknown,0.000000,null,0.000000,0.283,,"{""0"": 250, ""1"": 130, ""2"": null, ""3"": null, ""4"": null, ""5"": null, ""6"": null, ""7"": null}","{""0"": 0.0, ""1"": 0.0, ""2"": null, ""3"": null, ""4"": null, ""5"": null, ""6"": null, ""7"": null}","{""0"": 250, ""1"": 130}",130,1,1,0,0,0.283,car-not-detected-or-stale,KEEP,left,right,,0
919,2026-08-01T22:25:55.995+09:00,97.409,918,9.44,1,DRIVING,,0,1,0,-0.117407,0.092764,0.092764,255,765,green,0,unknown,0.000000,null,0.000000,0.287,,"{""0"": 250, ""1"": 250, ""2"": null, ""3"": null, ""4"": null, ""5"": null, ""6"": null, ""7"": null}","{""0"": 0.0, ""1"": 0.0, ""2"": null, ""3"": null, ""4"": null, ""5"": null, ""6"": null, ""7"": null}","{""0"": 250, ""1"": 250}",250,1,0,0,0,0.287,ultrasonic-not-close,KEEP,left,right,,0
920,2026-08-01T22:25:56.107+09:00,97.520,919,9.44,1,DRIVING,,0,1,0,-0.084678,0.010510,0.010510,255,758,green,0,unknown,0.000000,null,0.000000,0.397,,"{""0"": 250, ""1"": 250, ""2"": null, ""3"": null, ""4"": null, ""5"": null, ""6"": null, ""7"": null}","{""0"": 0.0, ""1"": 0.0, ""2"": null, ""3"": null, ""4"": null, ""5"": null, ""6"": null, ""7"": null}","{""0"": 250, ""1"": 250}",250,1,0,0,0,0.397,ultrasonic-not-close,KEEP,left,right,,0
921,2026-08-01T22:25:56.201+09:00,97.615,920,9.44,1,DRIVING,,0,1,0,-0.065496,-0.015972,-0.015972,255,756,green,0,unknown,0.000000,null,0.000000,0.281,,"{""0"": 250, ""1"": 250, ""2"": null, ""3"": null, ""4"": null, ""5"": null, ""6"": null, ""7"": null}","{""0"": 0.0, ""1"": 0.0, ""2"": null, ""3"": null, ""4"": null, ""5"": null, ""6"": null, ""7"": null}","{""0"": 250, ""1"": 250}",250,1,0,0,0,0.281,ultrasonic-not-close,KEEP,left,right,,0
922,2026-08-01T22:25:56.307+09:00,97.721,921,9.44,1,DRIVING,,0,1,0,-0.058315,-0.001665,-0.001665,255,750,green,0,unknown,0.000000,null,0.000000,0.283,,"{""0"": 250, ""1"": 182, ""2"": null, ""3"": null, ""4"": null, ""5"": null, ""6"": null, ""7"": null}","{""0"": 0.0, ""1"": 0.0, ""2"": null, ""3"": null, ""4"": null, ""5"": null, ""6"": null, ""7"": null}","{""0"": 250, ""1"": 182}",182,1,0,0,0,0.283,ultrasonic-not-close,KEEP,left,right,,0
923,2026-08-01T22:25:56.413+09:00,97.826,922,9.44,0,DRIVING,phase:KEEP->KEEP_PAUSED,0,1,0,-0.049489,-0.001446,-0.001446,0,748,green,0,unknown,0.000000,null,0.000000,0.386,,"{""0"": 250, ""1"": 113, ""2"": null, ""3"": null, ""4"": null, ""5"": null, ""6"": null, ""7"": null}","{""0"": 0.0, ""1"": 0.0, ""2"": null, ""3"": null, ""4"": null, ""5"": null, ""6"": null, ""7"": null}","{""0"": 250, ""1"": 113}",113,1,1,0,0,0.386,car-not-detected-or-stale,KEEP_PAUSED,left,right,,0
924,2026-08-01T22:25:56.511+09:00,97.924,923,9.44,0,DRIVING,,0,1,0,-0.043683,0.004810,0.004810,0,748,green,0,unknown,0.000000,null,0.000000,0.279,,"{""0"": 250, ""1"": 190, ""2"": null, ""3"": null, ""4"": null, ""5"": null, ""6"": null, ""7"": null}","{""0"": 0.0, ""1"": 0.0, ""2"": null, ""3"": null, ""4"": null, ""5"": null, ""6"": null, ""7"": null}","{""0"": 250, ""1"": 190}",190,1,0,0,0,0.279,ultrasonic-not-close,KEEP_PAUSED,left,right,,0
925,2026-08-01T22:25:56.619+09:00,98.033,924,9.44,0,DRIVING,,0,1,0,-0.037026,0.002990,0.002990,0,749,green,0,unknown,0.000000,null,0.000000,0.175,,"{""0"": 65, ""1"": 250, ""2"": null, ""3"": null, ""4"": null, ""5"": null, ""6"": null, ""7"": null}","{""0"": 0.0, ""1"": 0.0, ""2"": null, ""3"": null, ""4"": null, ""5"": null, ""6"": null, ""7"": null}","{""0"": 65, ""1"": 250}",65,1,1,0,0,0.175,car-not-detected-or-stale,KEEP_PAUSED,left,right,,0
926,2026-08-01T22:25:56.719+09:00,98.129,925,9.44,0,DRIVING,,0,1,0,-0.039179,0.029836,0.029836,0,749,green,0,unknown,0.000000,null,0.000000,0.270,,"{""0"": 250, ""1"": 250, ""2"": null, ""3"": null, ""4"": null, ""5"": null, ""6"": null, ""7"": null}","{""0"": 0.0, ""1"": 0.0, ""2"": null, ""3"": null, ""4"": null, ""5"": null, ""6"": null, ""7"": null}","{""0"": 250, ""1"": 250}",250,1,0,0,0,0.270,ultrasonic-not-close,KEEP_PAUSED,left,right,,0
927,2026-08-01T22:25:56.824+09:00,98.237,926,9.44,0,DRIVING,,0,1,0,-0.053367,0.093121,0.093121,0,748,green,0,unknown,0.000000,null,0.000000,0.283,,"{""0"": 250, ""1"": 250, ""2"": null, ""3"": null, ""4"": null, ""5"": null, ""6"": null, ""7"": null}","{""0"": 0.0, ""1"": 0.0, ""2"": null, ""3"": null, ""4"": null, ""5"": null, ""6"": null, ""7"": null}","{""0"": 250, ""1"": 250}",250,1,0,0,0,0.283,ultrasonic-not-close,KEEP_PAUSED,left,right,,0
928,2026-08-01T22:25:56.938+09:00,98.351,927,9.44,0,DRIVING,,0,1,0,-0.065923,0.139203,0.139203,0,748,green,0,unknown,0.000000,null,0.000000,0.176,,"{""0"": 250, ""1"": 250, ""2"": null, ""3"": null, ""4"": null, ""5"": null, ""6"": null, ""7"": null}","{""0"": 0.0, ""1"": 0.0, ""2"": null, ""3"": null, ""4"": null, ""5"": null, ""6"": null, ""7"": null}","{""0"": 250, ""1"": 250}",250,1,0,0,0,0.176,ultrasonic-not-close,KEEP_PAUSED,left,right,,0
929,2026-08-01T22:25:57.034+09:00,98.446,928,9.44,0,DRIVING,,0,1,0,-0.066384,0.134700,0.134700,0,748,green,0,unknown,0.000000,null,0.000000,0.270,,"{""0"": 250, ""1"": 250, ""2"": null, ""3"": null, ""4"": null, ""5"": null, ""6"": null, ""7"": null}","{""0"": 0.0, ""1"": 0.0, ""2"": null, ""3"": null, ""4"": null, ""5"": null, ""6"": null, ""7"": null}","{""0"": 250, ""1"": 250}",250,1,0,0,0,0.270,ultrasonic-not-close,KEEP_PAUSED,left,right,,0
930,2026-08-01T22:25:57.133+09:00,98.547,929,9.44,0,DRIVING,,0,1,0,-0.067844,0.135395,0.135395,0,748,green,0,unknown,0.000000,null,0.000000,0.277,,"{""0"": 250, ""1"": 250, ""2"": null, ""3"": null, ""4"": null, ""5"": null, ""6"": null, ""7"": null}","{""0"": 0.0, ""1"": 0.0, ""2"": null, ""3"": null, ""4"": null, ""5"": null, ""6"": null, ""7"": null}","{""0"": 250, ""1"": 250}",250,1,0,0,0,0.277,ultrasonic-not-close,KEEP_PAUSED,left,right,,0
931,2026-08-01T22:25:57.242+09:00,98.654,930,9.44,0,DRIVING,,0,1,0,-0.068589,0.134094,0.134094,0,748,green,0,unknown,0.000000,null,0.000000,0.383,,"{""0"": 250, ""1"": 250, ""2"": null, ""3"": null, ""4"": null, ""5"": null, ""6"": null, ""7"": null}","{""0"": 0.0, ""1"": 0.0, ""2"": null, ""3"": null, ""4"": null, ""5"": null, ""6"": null, ""7"": null}","{""0"": 250, ""1"": 250}",250,1,0,0,0,0.383,ultrasonic-not-close,KEEP_PAUSED,left,right,,0
932,2026-08-01T22:25:57.349+09:00,98.761,931,9.44,0,DRIVING,,0,1,0,-0.069148,0.132916,0.132916,0,748,green,0,unknown,0.000000,null,0.000000,0.283,,"{""0"": 250, ""1"": 250, ""2"": null, ""3"": null, ""4"": null, ""5"": null, ""6"": null, ""7"": null}","{""0"": 0.0, ""1"": 0.0, ""2"": null, ""3"": null, ""4"": null, ""5"": null, ""6"": null, ""7"": null}","{""0"": 250, ""1"": 250}",250,1,0,0,0,0.283,ultrasonic-not-close,KEEP_PAUSED,left,right,,0
933,2026-08-01T22:25:57.468+09:00,98.881,932,9.44,0,DRIVING,,0,1,0,-0.069567,0.131890,0.131890,0,748,green,0,unknown,0.000000,null,0.000000,0.305,,"{""0"": 250, ""1"": 250, ""2"": null, ""3"": null, ""4"": null, ""5"": null, ""6"": null, ""7"": null}","{""0"": 0.0, ""1"": 0.0, ""2"": null, ""3"": null, ""4"": null, ""5"": null, ""6"": null, ""7"": null}","{""0"": 250, ""1"": 250}",250,1,0,0,0,0.305,ultrasonic-not-close,KEEP_PAUSED,left,right,,0
934,2026-08-01T22:25:57.578+09:00,98.991,933,9.44,0,DRIVING,,0,1,0,-0.069881,0.131021,0.131021,0,747,green,0,unknown,0.000000,null,0.000000,0.198,,"{""0"": 250, ""1"": 250, ""2"": null, ""3"": null, ""4"": null, ""5"": null, ""6"": null, ""7"": null}","{""0"": 0.0, ""1"": 0.0, ""2"": null, ""3"": null, ""4"": null, ""5"": null, ""6"": null, ""7"": null}","{""0"": 250, ""1"": 250}",250,1,0,0,0,0.198,ultrasonic-not-close,KEEP_PAUSED,left,right,,0
935,2026-08-01T22:25:57.685+09:00,99.098,934,9.44,0,DRIVING,,0,1,0,-0.070394,0.131294,0.131294,0,748,green,0,unknown,0.000000,null,0.000000,0.303,,"{""0"": 250, ""1"": 250, ""2"": null, ""3"": null, ""4"": null, ""5"": null, ""6"": null, ""7"": null}","{""0"": 0.0, ""1"": 0.0, ""2"": null, ""3"": null, ""4"": null, ""5"": null, ""6"": null, ""7"": null}","{""0"": 250, ""1"": 250}",250,1,0,0,0,0.303,ultrasonic-not-close,KEEP_PAUSED,left,right,,0
936,2026-08-01T22:25:57.787+09:00,99.200,935,9.44,0,DRIVING,,0,1,0,-0.071326,0.133275,0.133275,0,748,green,0,unknown,0.000000,null,0.000000,0.289,,"{""0"": 250, ""1"": 250, ""2"": null, ""3"": null, ""4"": null, ""5"": null, ""6"": null, ""7"": null}","{""0"": 0.0, ""1"": 0.0, ""2"": null, ""3"": null, ""4"": null, ""5"": null, ""6"": null, ""7"": null}","{""0"": 250, ""1"": 250}",250,1,0,0,0,0.289,ultrasonic-not-close,KEEP_PAUSED,left,right,,0
937,2026-08-01T22:25:57.893+09:00,99.306,936,9.44,0,DRIVING,,0,1,0,-0.071404,0.132090,0.132090,0,748,green,0,unknown,0.000000,null,0.000000,0.176,,"{""0"": 250, ""1"": 250, ""2"": null, ""3"": null, ""4"": null, ""5"": null, ""6"": null, ""7"": null}","{""0"": 0.0, ""1"": 0.0, ""2"": null, ""3"": null, ""4"": null, ""5"": null, ""6"": null, ""7"": null}","{""0"": 250, ""1"": 250}",250,1,0,0,0,0.176,ultrasonic-not-close,KEEP_PAUSED,left,right,,0
938,2026-08-01T22:25:58.002+09:00,99.415,937,9.44,0,DRIVING,,0,1,0,-0.070491,0.127732,0.127732,0,749,green,0,unknown,0.000000,null,0.000000,0.284,,"{""0"": 250, ""1"": 250, ""2"": null, ""3"": null, ""4"": null, ""5"": null, ""6"": null, ""7"": null}","{""0"": 0.0, ""1"": 0.0, ""2"": null, ""3"": null, ""4"": null, ""5"": null, ""6"": null, ""7"": null}","{""0"": 250, ""1"": 250}",250,1,0,0,0,0.284,ultrasonic-not-close,KEEP_PAUSED,left,right,,0
939,2026-08-01T22:25:58.105+09:00,99.517,938,9.44,0,DRIVING,,0,1,0,-0.070578,0.127793,0.127793,0,748,green,0,unknown,0.000000,null,0.000000,0.287,,"{""0"": 250, ""1"": 250, ""2"": null, ""3"": null, ""4"": null, ""5"": null, ""6"": null, ""7"": null}","{""0"": 0.0, ""1"": 0.0, ""2"": null, ""3"": null, ""4"": null, ""5"": null, ""6"": null, ""7"": null}","{""0"": 250, ""1"": 250}",250,1,0,0,0,0.287,ultrasonic-not-close,KEEP_PAUSED,left,right,,0
940,2026-08-01T22:25:58.207+09:00,99.621,939,9.44,0,DRIVING,,0,1,0,-0.070640,0.127789,0.127789,0,747,green,0,unknown,0.000000,null,0.000000,0.174,,"{""0"": 250, ""1"": 250, ""2"": null, ""3"": null, ""4"": null, ""5"": null, ""6"": null, ""7"": null}","{""0"": 0.0, ""1"": 0.0, ""2"": null, ""3"": null, ""4"": null, ""5"": null, ""6"": null, ""7"": null}","{""0"": 250, ""1"": 250}",250,1,0,0,0,0.174,ultrasonic-not-close,KEEP_PAUSED,left,right,,0
941,2026-08-01T22:25:58.310+09:00,99.722,940,9.44,0,DRIVING,,0,1,0,-0.070686,0.127764,0.127764,0,747,green,0,unknown,0.000000,null,0.000000,0.274,,"{""0"": 250, ""1"": 250, ""2"": null, ""3"": null, ""4"": null, ""5"": null, ""6"": null, ""7"": null}","{""0"": 0.0, ""1"": 0.0, ""2"": null, ""3"": null, ""4"": null, ""5"": null, ""6"": null, ""7"": null}","{""0"": 250, ""1"": 250}",250,1,0,0,0,0.274,ultrasonic-not-close,KEEP_PAUSED,left,right,,0
942,2026-08-01T22:25:58.414+09:00,99.826,941,9.44,0,DRIVING,,0,1,0,-0.070721,0.127730,0.127730,0,748,green,0,unknown,0.000000,null,0.000000,0.279,,"{""0"": 250, ""1"": 250, ""2"": null, ""3"": null, ""4"": null, ""5"": null, ""6"": null, ""7"": null}","{""0"": 0.0, ""1"": 0.0, ""2"": null, ""3"": null, ""4"": null, ""5"": null, ""6"": null, ""7"": null}","{""0"": 250, ""1"": 250}",250,1,0,0,0,0.279,ultrasonic-not-close,KEEP_PAUSED,left,right,,0
943,2026-08-01T22:25:58.528+09:00,99.941,942,9.44,0,DRIVING,,0,1,0,-0.070746,0.127693,0.127693,0,748,green,0,unknown,0.000000,null,0.000000,0.188,,"{""0"": 250, ""1"": 250, ""2"": null, ""3"": null, ""4"": null, ""5"": null, ""6"": null, ""7"": null}","{""0"": 0.001, ""1"": 0.001, ""2"": null, ""3"": null, ""4"": null, ""5"": null, ""6"": null, ""7"": null}","{""0"": 250, ""1"": 250}",250,1,0,0,0,0.187,ultrasonic-not-close,KEEP_PAUSED,left,right,,0
944,2026-08-01T22:25:58.632+09:00,100.045,943,9.44,0,DRIVING,,0,1,0,-0.070766,0.127659,0.127659,0,747,green,0,unknown,0.000000,null,0.000000,0.290,,"{""0"": 250, ""1"": 250, ""2"": null, ""3"": null, ""4"": null, ""5"": null, ""6"": null, ""7"": null}","{""0"": 0.0, ""1"": 0.0, ""2"": null, ""3"": null, ""4"": null, ""5"": null, ""6"": null, ""7"": null}","{""0"": 250, ""1"": 250}",250,1,0,0,0,0.290,ultrasonic-not-close,KEEP_PAUSED,left,right,,0
945,2026-08-01T22:25:58.733+09:00,100.146,944,9.44,0,DRIVING,,0,1,0,-0.070781,0.127627,0.127627,0,748,green,0,unknown,0.000000,null,0.000000,0.289,,"{""0"": 250, ""1"": 250, ""2"": null, ""3"": null, ""4"": null, ""5"": null, ""6"": null, ""7"": null}","{""0"": 0.0, ""1"": 0.0, ""2"": null, ""3"": null, ""4"": null, ""5"": null, ""6"": null, ""7"": null}","{""0"": 250, ""1"": 250}",250,1,0,0,0,0.289,ultrasonic-not-close,KEEP_PAUSED,left,right,,0
946,2026-08-01T22:25:58.837+09:00,100.249,945,9.44,0,DRIVING,,0,1,0,-0.070792,0.127600,0.127600,0,747,green,0,unknown,0.000000,null,0.000000,0.172,,"{""0"": 250, ""1"": 250, ""2"": null, ""3"": null, ""4"": null, ""5"": null, ""6"": null, ""7"": null}","{""0"": 0.0, ""1"": 0.0, ""2"": null, ""3"": null, ""4"": null, ""5"": null, ""6"": null, ""7"": null}","{""0"": 250, ""1"": 250}",250,1,0,0,0,0.172,ultrasonic-not-close,KEEP_PAUSED,left,right,,0
947,2026-08-01T22:25:58.932+09:00,100.344,946,9.44,0,DRIVING,,0,1,0,-0.070800,0.127577,0.127577,0,748,green,0,unknown,0.000000,null,0.000000,0.268,,"{""0"": 250, ""1"": 250, ""2"": null, ""3"": null, ""4"": null, ""5"": null, ""6"": null, ""7"": null}","{""0"": 0.0, ""1"": 0.0, ""2"": null, ""3"": null, ""4"": null, ""5"": null, ""6"": null, ""7"": null}","{""0"": 250, ""1"": 250}",250,1,0,0,0,0.268,ultrasonic-not-close,KEEP_PAUSED,left,right,,0
948,2026-08-01T22:25:59.032+09:00,100.445,947,9.44,0,DRIVING,,0,1,0,-0.070806,0.127558,0.127558,0,748,green,0,unknown,0.000000,null,0.000000,0.269,,"{""0"": 250, ""1"": 250, ""2"": null, ""3"": null, ""4"": null, ""5"": null, ""6"": null, ""7"": null}","{""0"": 0.0, ""1"": 0.0, ""2"": null, ""3"": null, ""4"": null, ""5"": null, ""6"": null, ""7"": null}","{""0"": 250, ""1"": 250}",250,1,0,0,0,0.269,ultrasonic-not-close,KEEP_PAUSED,left,right,,0
949,2026-08-01T22:25:59.138+09:00,100.550,948,9.44,0,DRIVING,,0,1,0,-0.070811,0.127542,0.127542,0,747,green,0,unknown,0.000000,null,0.000000,0.372,,"{""0"": 250, ""1"": 250, ""2"": null, ""3"": null, ""4"": null, ""5"": null, ""6"": null, ""7"": null}","{""0"": 0.0, ""1"": 0.0, ""2"": null, ""3"": null, ""4"": null, ""5"": null, ""6"": null, ""7"": null}","{""0"": 250, ""1"": 250}",250,1,0,0,0,0.372,ultrasonic-not-close,KEEP_PAUSED,left,right,,0
950,2026-08-01T22:25:59.232+09:00,100.645,949,9.44,0,DRIVING,,0,1,0,-0.070814,0.127530,0.127530,0,747,green,0,unknown,0.000000,null,0.000000,0.269,,"{""0"": 250, ""1"": 250, ""2"": null, ""3"": null, ""4"": null, ""5"": null, ""6"": null, ""7"": null}","{""0"": 0.0, ""1"": 0.0, ""2"": null, ""3"": null, ""4"": null, ""5"": null, ""6"": null, ""7"": null}","{""0"": 250, ""1"": 250}",250,1,0,0,0,0.269,ultrasonic-not-close,KEEP_PAUSED,left,right,,0
951,2026-08-01T22:25:59.337+09:00,100.750,950,9.44,0,DRIVING,,0,1,0,-0.070817,0.127520,0.127520,0,748,green,0,unknown,0.000000,null,0.000000,0.275,,"{""0"": 250, ""1"": 250, ""2"": null, ""3"": null, ""4"": null, ""5"": null, ""6"": null, ""7"": null}","{""0"": 0.0, ""1"": 0.0, ""2"": null, ""3"": null, ""4"": null, ""5"": null, ""6"": null, ""7"": null}","{""0"": 250, ""1"": 250}",250,1,0,0,0,0.275,ultrasonic-not-close,KEEP_PAUSED,left,right,,0
952,2026-08-01T22:25:59.440+09:00,100.852,951,9.44,0,DRIVING,,0,1,0,-0.070819,0.127512,0.127512,0,746,green,0,unknown,0.000000,null,0.000000,0.375,,"{""0"": 250, ""1"": 250, ""2"": null, ""3"": null, ""4"": null, ""5"": null, ""6"": null, ""7"": null}","{""0"": 0.0, ""1"": 0.0, ""2"": null, ""3"": null, ""4"": null, ""5"": null, ""6"": null, ""7"": null}","{""0"": 250, ""1"": 250}",250,1,0,0,0,0.375,ultrasonic-not-close,KEEP_PAUSED,left,right,,0
953,2026-08-01T22:25:59.541+09:00,100.954,952,9.44,0,DRIVING,,0,1,0,-0.070820,0.127506,0.127506,0,748,green,0,unknown,0.000000,null,0.000000,0.278,,"{""0"": 250, ""1"": 250, ""2"": null, ""3"": null, ""4"": null, ""5"": null, ""6"": null, ""7"": null}","{""0"": 0.0, ""1"": 0.0, ""2"": null, ""3"": null, ""4"": null, ""5"": null, ""6"": null, ""7"": null}","{""0"": 250, ""1"": 250}",250,1,0,0,0,0.278,ultrasonic-not-close,KEEP_PAUSED,left,right,,0
954,2026-08-01T22:25:59.647+09:00,101.061,953,9.44,0,DRIVING,,0,1,0,-0.070821,0.127501,0.127501,0,749,green,0,unknown,0.000000,null,0.000000,0.280,,"{""0"": 250, ""1"": 250, ""2"": null, ""3"": null, ""4"": null, ""5"": null, ""6"": null, ""7"": null}","{""0"": 0.0, ""1"": 0.0, ""2"": null, ""3"": null, ""4"": null, ""5"": null, ""6"": null, ""7"": null}","{""0"": 250, ""1"": 250}",250,1,0,0,0,0.280,ultrasonic-not-close,KEEP_PAUSED,left,right,,0
955,2026-08-01T22:25:59.749+09:00,101.162,954,9.44,0,DRIVING,,0,1,0,-0.070822,0.127497,0.127497,0,748,green,0,unknown,0.000000,null,0.000000,0.380,,"{""0"": 250, ""1"": 250, ""2"": null, ""3"": null, ""4"": null, ""5"": null, ""6"": null, ""7"": null}","{""0"": 0.0, ""1"": 0.0, ""2"": null, ""3"": null, ""4"": null, ""5"": null, ""6"": null, ""7"": null}","{""0"": 250, ""1"": 250}",250,1,0,0,0,0.380,ultrasonic-not-close,KEEP_PAUSED,left,right,,0
956,2026-08-01T22:25:59.857+09:00,101.271,955,9.44,0,DRIVING,,0,1,0,-0.070823,0.127494,0.127494,0,748,green,0,unknown,0.000000,null,0.000000,0.286,,"{""0"": 250, ""1"": 250, ""2"": null, ""3"": null, ""4"": null, ""5"": null, ""6"": null, ""7"": null}","{""0"": 0.0, ""1"": 0.0, ""2"": null, ""3"": null, ""4"": null, ""5"": null, ""6"": null, ""7"": null}","{""0"": 250, ""1"": 250}",250,1,0,0,0,0.286,ultrasonic-not-close,KEEP_PAUSED,left,right,,0
957,2026-08-01T22:25:59.961+09:00,101.374,956,9.44,0,DRIVING,,0,1,0,-0.070823,0.127491,0.127491,0,748,green,0,unknown,0.000000,null,0.000000,0.181,,"{""0"": 250, ""1"": 250, ""2"": null, ""3"": null, ""4"": null, ""5"": null, ""6"": null, ""7"": null}","{""0"": 0.0, ""1"": 0.0, ""2"": null, ""3"": null, ""4"": null, ""5"": null, ""6"": null, ""7"": null}","{""0"": 250, ""1"": 250}",250,1,0,0,0,0.181,ultrasonic-not-close,KEEP_PAUSED,left,right,,0
958,2026-08-01T22:26:00.061+09:00,101.474,957,9.44,0,DRIVING,,0,1,0,-0.070823,0.127490,0.127490,0,748,green,0,unknown,0.000000,null,0.000000,0.278,,"{""0"": 250, ""1"": 250, ""2"": null, ""3"": null, ""4"": null, ""5"": null, ""6"": null, ""7"": null}","{""0"": 0.0, ""1"": 0.0, ""2"": null, ""3"": null, ""4"": null, ""5"": null, ""6"": null, ""7"": null}","{""0"": 250, ""1"": 250}",250,1,0,0,0,0.278,ultrasonic-not-close,KEEP_PAUSED,left,right,,0
959,2026-08-01T22:26:00.175+09:00,101.589,958,9.44,0,DRIVING,,0,1,0,-0.070824,0.127488,0.127488,0,748,green,0,unknown,0.000000,null,0.000000,0.288,,"{""0"": 250, ""1"": 250, ""2"": null, ""3"": null, ""4"": null, ""5"": null, ""6"": null, ""7"": null}","{""0"": 0.0, ""1"": 0.0, ""2"": null, ""3"": null, ""4"": null, ""5"": null, ""6"": null, ""7"": null}","{""0"": 250, ""1"": 250}",250,1,0,0,0,0.288,ultrasonic-not-close,KEEP_PAUSED,left,right,,0
960,2026-08-01T22:26:00.283+09:00,101.696,959,9.44,0,DRIVING,,0,1,0,-0.070824,0.127487,0.127487,0,748,green,0,unknown,0.000000,null,0.000000,0.191,,"{""0"": 250, ""1"": 250, ""2"": null, ""3"": null, ""4"": null, ""5"": null, ""6"": null, ""7"": null}","{""0"": 0.0, ""1"": 0.0, ""2"": null, ""3"": null, ""4"": null, ""5"": null, ""6"": null, ""7"": null}","{""0"": 250, ""1"": 250}",250,1,0,0,0,0.191,ultrasonic-not-close,KEEP_PAUSED,left,right,,0
961,2026-08-01T22:26:00.391+09:00,101.803,960,9.44,0,DRIVING,,0,1,0,-0.070824,0.127486,0.127486,0,747,green,0,unknown,0.000000,null,0.000000,0.296,,"{""0"": 250, ""1"": 250, ""2"": null, ""3"": null, ""4"": null, ""5"": null, ""6"": null, ""7"": null}","{""0"": 0.0, ""1"": 0.0, ""2"": null, ""3"": null, ""4"": null, ""5"": null, ""6"": null, ""7"": null}","{""0"": 250, ""1"": 250}",250,1,0,0,0,0.296,ultrasonic-not-close,KEEP_PAUSED,left,right,,0
962,2026-08-01T22:26:00.496+09:00,101.909,961,9.44,0,DRIVING,,0,1,0,-0.070824,0.127486,0.127486,0,747,green,0,unknown,0.000000,null,0.000000,0.291,,"{""0"": 250, ""1"": 250, ""2"": null, ""3"": null, ""4"": null, ""5"": null, ""6"": null, ""7"": null}","{""0"": 0.0, ""1"": 0.0, ""2"": null, ""3"": null, ""4"": null, ""5"": null, ""6"": null, ""7"": null}","{""0"": 250, ""1"": 250}",250,1,0,0,0,0.291,ultrasonic-not-close,KEEP_PAUSED,left,right,,0
963,2026-08-01T22:26:00.604+09:00,102.017,962,9.44,0,DRIVING,,0,1,0,-0.070824,0.127485,0.127485,0,747,green,0,unknown,0.000000,null,0.000000,0.292,,"{""0"": 250, ""1"": 250, ""2"": null, ""3"": null, ""4"": null, ""5"": null, ""6"": null, ""7"": null}","{""0"": 0.0, ""1"": 0.0, ""2"": null, ""3"": null, ""4"": null, ""5"": null, ""6"": null, ""7"": null}","{""0"": 250, ""1"": 250}",250,1,0,0,0,0.292,ultrasonic-not-close,KEEP_PAUSED,left,right,,0
964,2026-08-01T22:26:00.711+09:00,102.123,963,9.44,0,DRIVING,,0,1,0,-0.070824,0.127485,0.127485,0,748,green,0,unknown,0.000000,null,0.000000,0.396,,"{""0"": 250, ""1"": 250, ""2"": null, ""3"": null, ""4"": null, ""5"": null, ""6"": null, ""7"": null}","{""0"": 0.0, ""1"": 0.0, ""2"": null, ""3"": null, ""4"": null, ""5"": null, ""6"": null, ""7"": null}","{""0"": 250, ""1"": 250}",250,1,0,0,0,0.396,ultrasonic-not-close,KEEP_PAUSED,left,right,,0
965,2026-08-01T22:26:00.818+09:00,102.230,964,9.44,0,DRIVING,,0,1,0,-0.070824,0.127485,0.127485,0,748,green,0,unknown,0.000000,null,0.000000,0.290,,"{""0"": 250, ""1"": 250, ""2"": null, ""3"": null, ""4"": null, ""5"": null, ""6"": null, ""7"": null}","{""0"": 0.0, ""1"": 0.0, ""2"": null, ""3"": null, ""4"": null, ""5"": null, ""6"": null, ""7"": null}","{""0"": 250, ""1"": 250}",250,1,0,0,0,0.290,ultrasonic-not-close,KEEP_PAUSED,left,right,,0
966,2026-08-01T22:26:00.919+09:00,102.332,965,9.44,0,DRIVING,,0,1,0,-0.070824,0.127485,0.127485,0,748,green,0,unknown,0.000000,null,0.000000,0.285,,"{""0"": 250, ""1"": 250, ""2"": null, ""3"": null, ""4"": null, ""5"": null, ""6"": null, ""7"": null}","{""0"": 0.0, ""1"": 0.0, ""2"": null, ""3"": null, ""4"": null, ""5"": null, ""6"": null, ""7"": null}","{""0"": 250, ""1"": 250}",250,1,0,0,0,0.285,ultrasonic-not-close,KEEP_PAUSED,left,right,,0
967,2026-08-01T22:26:01.034+09:00,102.446,966,9.44,0,DRIVING,,0,1,0,-0.070824,0.127484,0.127484,0,748,green,0,unknown,0.000000,null,0.000000,0.398,,"{""0"": 250, ""1"": 250, ""2"": null, ""3"": null, ""4"": null, ""5"": null, ""6"": null, ""7"": null}","{""0"": 0.0, ""1"": 0.0, ""2"": null, ""3"": null, ""4"": null, ""5"": null, ""6"": null, ""7"": null}","{""0"": 250, ""1"": 250}",250,1,0,0,0,0.398,ultrasonic-not-close,KEEP_PAUSED,left,right,,0
968,2026-08-01T22:26:01.136+09:00,102.548,967,9.44,0,DRIVING,,0,1,0,-0.070824,0.127484,0.127484,0,749,green,0,unknown,0.000000,null,0.000000,0.287,,"{""0"": 250, ""1"": 250, ""2"": null, ""3"": null, ""4"": null, ""5"": null, ""6"": null, ""7"": null}","{""0"": 0.0, ""1"": 0.0, ""2"": null, ""3"": null, ""4"": null, ""5"": null, ""6"": null, ""7"": null}","{""0"": 250, ""1"": 250}",250,1,0,0,0,0.287,ultrasonic-not-close,KEEP_PAUSED,left,right,,0
969,2026-08-01T22:26:01.245+09:00,102.658,968,9.44,0,DRIVING,,0,1,0,-0.070824,0.127484,0.127484,0,748,green,0,unknown,0.000000,null,0.000000,0.296,,"{""0"": 250, ""1"": 250, ""2"": null, ""3"": null, ""4"": null, ""5"": null, ""6"": null, ""7"": null}","{""0"": 0.0, ""1"": 0.0, ""2"": null, ""3"": null, ""4"": null, ""5"": null, ""6"": null, ""7"": null}","{""0"": 250, ""1"": 250}",250,1,0,0,0,0.296,ultrasonic-not-close,KEEP_PAUSED,left,right,,0
970,2026-08-01T22:26:01.356+09:00,102.769,969,9.44,0,DRIVING,,0,1,0,-0.070824,0.127484,0.127484,0,748,green,0,unknown,0.000000,null,0.000000,0.406,,"{""0"": 250, ""1"": 250, ""2"": null, ""3"": null, ""4"": null, ""5"": null, ""6"": null, ""7"": null}","{""0"": 0.0, ""1"": 0.0, ""2"": null, ""3"": null, ""4"": null, ""5"": null, ""6"": null, ""7"": null}","{""0"": 250, ""1"": 250}",250,1,0,0,0,0.406,ultrasonic-not-close,KEEP_PAUSED,left,right,,0
971,2026-08-01T22:26:01.455+09:00,102.868,970,9.44,0,DRIVING,,0,1,0,-0.070824,0.127484,0.127484,0,748,green,0,unknown,0.000000,null,0.000000,0.288,,"{""0"": 250, ""1"": 250, ""2"": null, ""3"": null, ""4"": null, ""5"": null, ""6"": null, ""7"": null}","{""0"": 0.0, ""1"": 0.0, ""2"": null, ""3"": null, ""4"": null, ""5"": null, ""6"": null, ""7"": null}","{""0"": 250, ""1"": 250}",250,1,0,0,0,0.288,ultrasonic-not-close,KEEP_PAUSED,left,right,,0
972,2026-08-01T22:26:01.559+09:00,102.972,971,9.44,0,DRIVING,,0,1,0,-0.070824,0.127484,0.127484,0,748,green,0,unknown,0.000000,null,0.000000,0.283,,"{""0"": 250, ""1"": 250, ""2"": null, ""3"": null, ""4"": null, ""5"": null, ""6"": null, ""7"": null}","{""0"": 0.0, ""1"": 0.0, ""2"": null, ""3"": null, ""4"": null, ""5"": null, ""6"": null, ""7"": null}","{""0"": 250, ""1"": 250}",250,1,0,0,0,0.283,ultrasonic-not-close,KEEP_PAUSED,left,right,,0
973,2026-08-01T22:26:01.673+09:00,103.086,972,9.44,0,DRIVING,,0,1,0,-0.070824,0.127484,0.127484,0,748,green,0,unknown,0.000000,null,0.000000,0.397,,"{""0"": 250, ""1"": 250, ""2"": null, ""3"": null, ""4"": null, ""5"": null, ""6"": null, ""7"": null}","{""0"": 0.0, ""1"": 0.0, ""2"": null, ""3"": null, ""4"": null, ""5"": null, ""6"": null, ""7"": null}","{""0"": 250, ""1"": 250}",250,1,0,0,0,0.397,ultrasonic-not-close,KEEP_PAUSED,left,right,,0
974,2026-08-01T22:26:01.782+09:00,103.194,973,9.44,0,DRIVING,,0,1,0,-0.070824,0.127484,0.127484,0,748,green,0,unknown,0.000000,null,0.000000,0.295,,"{""0"": 250, ""1"": 250, ""2"": null, ""3"": null, ""4"": null, ""5"": null, ""6"": null, ""7"": null}","{""0"": 0.0, ""1"": 0.0, ""2"": null, ""3"": null, ""4"": null, ""5"": null, ""6"": null, ""7"": null}","{""0"": 250, ""1"": 250}",250,1,0,0,0,0.295,ultrasonic-not-close,KEEP_PAUSED,left,right,,0
975,2026-08-01T22:26:01.880+09:00,103.294,974,9.44,0,DRIVING,,0,1,0,-0.070824,0.127484,0.127484,0,748,green,0,unknown,0.000000,null,0.000000,0.291,,"{""0"": 250, ""1"": 250, ""2"": null, ""3"": null, ""4"": null, ""5"": null, ""6"": null, ""7"": null}","{""0"": 0.0, ""1"": 0.0, ""2"": null, ""3"": null, ""4"": null, ""5"": null, ""6"": null, ""7"": null}","{""0"": 250, ""1"": 250}",250,1,0,0,0,0.291,ultrasonic-not-close,KEEP_PAUSED,left,right,,0
976,2026-08-01T22:26:01.985+09:00,103.398,975,9.44,0,DRIVING,,0,1,0,-0.070824,0.127484,0.127484,0,747,green,0,unknown,0.000000,null,0.000000,0.393,,"{""0"": 250, ""1"": 250, ""2"": null, ""3"": null, ""4"": null, ""5"": null, ""6"": null, ""7"": null}","{""0"": 0.0, ""1"": 0.0, ""2"": null, ""3"": null, ""4"": null, ""5"": null, ""6"": null, ""7"": null}","{""0"": 250, ""1"": 250}",250,1,0,0,0,0.393,ultrasonic-not-close,KEEP_PAUSED,left,right,,0
977,2026-08-01T22:26:02.084+09:00,103.496,976,9.44,0,DRIVING,,0,1,0,-0.070824,0.127484,0.127484,0,748,green,0,unknown,0.000000,null,0.000000,0.270,,"{""0"": 250, ""1"": 250, ""2"": null, ""3"": null, ""4"": null, ""5"": null, ""6"": null, ""7"": null}","{""0"": 0.0, ""1"": 0.0, ""2"": null, ""3"": null, ""4"": null, ""5"": null, ""6"": null, ""7"": null}","{""0"": 250, ""1"": 250}",250,1,0,0,0,0.270,ultrasonic-not-close,KEEP_PAUSED,left,right,,0
978,2026-08-01T22:26:02.188+09:00,103.601,977,9.44,0,DRIVING,,0,1,0,-0.070824,0.127484,0.127484,0,748,green,0,unknown,0.000000,null,0.000000,0.277,,"{""0"": 250, ""1"": 250, ""2"": null, ""3"": null, ""4"": null, ""5"": null, ""6"": null, ""7"": null}","{""0"": 0.0, ""1"": 0.0, ""2"": null, ""3"": null, ""4"": null, ""5"": null, ""6"": null, ""7"": null}","{""0"": 250, ""1"": 250}",250,1,0,0,0,0.277,ultrasonic-not-close,KEEP_PAUSED,left,right,,0
979,2026-08-01T22:26:02.301+09:00,103.715,978,9.44,0,DRIVING,,0,1,0,-0.070824,0.127484,0.127484,0,748,green,0,unknown,0.000000,null,0.000000,0.391,,"{""0"": 250, ""1"": 250, ""2"": null, ""3"": null, ""4"": null, ""5"": null, ""6"": null, ""7"": null}","{""0"": 0.0, ""1"": 0.0, ""2"": null, ""3"": null, ""4"": null, ""5"": null, ""6"": null, ""7"": null}","{""0"": 250, ""1"": 250}",250,1,0,0,0,0.391,ultrasonic-not-close,KEEP_PAUSED,left,right,,0
980,2026-08-01T22:26:02.417+09:00,103.829,979,9.44,0,DRIVING,,0,1,0,-0.070824,0.127484,0.127484,0,748,green,0,unknown,0.000000,null,0.000000,0.301,,"{""0"": 250, ""1"": 250, ""2"": null, ""3"": null, ""4"": null, ""5"": null, ""6"": null, ""7"": null}","{""0"": 0.0, ""1"": 0.0, ""2"": null, ""3"": null, ""4"": null, ""5"": null, ""6"": null, ""7"": null}","{""0"": 250, ""1"": 250}",250,1,0,0,0,0.301,ultrasonic-not-close,KEEP_PAUSED,left,right,,0
981,2026-08-01T22:26:02.528+09:00,103.942,980,9.44,0,DRIVING,,0,1,0,-0.070824,0.127484,0.127484,0,748,green,0,unknown,0.000000,null,0.000000,0.311,,"{""0"": 250, ""1"": 250, ""2"": null, ""3"": null, ""4"": null, ""5"": null, ""6"": null, ""7"": null}","{""0"": 0.0, ""1"": 0.0, ""2"": null, ""3"": null, ""4"": null, ""5"": null, ""6"": null, ""7"": null}","{""0"": 250, ""1"": 250}",250,1,0,0,0,0.311,ultrasonic-not-close,KEEP_PAUSED,left,right,,0
982,2026-08-01T22:26:02.637+09:00,104.050,981,9.44,0,DRIVING,,0,1,0,-0.070824,0.127484,0.127484,0,747,green,0,unknown,0.000000,null,0.000000,0.189,,"{""0"": 250, ""1"": 250, ""2"": null, ""3"": null, ""4"": null, ""5"": null, ""6"": null, ""7"": null}","{""0"": 0.0, ""1"": 0.0, ""2"": null, ""3"": null, ""4"": null, ""5"": null, ""6"": null, ""7"": null}","{""0"": 250, ""1"": 250}",250,1,0,0,0,0.189,ultrasonic-not-close,KEEP_PAUSED,left,right,,0
983,2026-08-01T22:26:02.739+09:00,104.152,982,9.44,0,DRIVING,,0,1,0,-0.070824,0.127484,0.127484,0,748,green,0,unknown,0.000000,null,0.000000,0.290,,"{""0"": 250, ""1"": 250, ""2"": null, ""3"": null, ""4"": null, ""5"": null, ""6"": null, ""7"": null}","{""0"": 0.0, ""1"": 0.0, ""2"": null, ""3"": null, ""4"": null, ""5"": null, ""6"": null, ""7"": null}","{""0"": 250, ""1"": 250}",250,1,0,0,0,0.290,ultrasonic-not-close,KEEP_PAUSED,left,right,,0
984,2026-08-01T22:26:02.836+09:00,104.248,983,9.44,0,DRIVING,,0,1,0,-0.070824,0.127484,0.127484,0,748,green,0,unknown,0.000000,null,0.000000,0.276,,"{""0"": 250, ""1"": 250, ""2"": null, ""3"": null, ""4"": null, ""5"": null, ""6"": null, ""7"": null}","{""0"": 0.0, ""1"": 0.0, ""2"": null, ""3"": null, ""4"": null, ""5"": null, ""6"": null, ""7"": null}","{""0"": 250, ""1"": 250}",250,1,0,0,0,0.276,ultrasonic-not-close,KEEP_PAUSED,left,right,,0
985,2026-08-01T22:26:02.944+09:00,104.357,984,9.44,0,DRIVING,,0,1,0,-0.070824,0.127484,0.127484,0,747,green,0,unknown,0.000000,null,0.000000,0.174,,"{""0"": 250, ""1"": 250, ""2"": null, ""3"": null, ""4"": null, ""5"": null, ""6"": null, ""7"": null}","{""0"": 0.0, ""1"": 0.0, ""2"": null, ""3"": null, ""4"": null, ""5"": null, ""6"": null, ""7"": null}","{""0"": 250, ""1"": 250}",250,1,0,0,0,0.174,ultrasonic-not-close,KEEP_PAUSED,left,right,,0
986,2026-08-01T22:26:03.041+09:00,104.453,985,9.44,0,DRIVING,,0,1,0,-0.070824,0.127484,0.127484,0,748,green,0,unknown,0.000000,null,0.000000,0.269,,"{""0"": 250, ""1"": 250, ""2"": null, ""3"": null, ""4"": null, ""5"": null, ""6"": null, ""7"": null}","{""0"": 0.0, ""1"": 0.0, ""2"": null, ""3"": null, ""4"": null, ""5"": null, ""6"": null, ""7"": null}","{""0"": 250, ""1"": 250}",250,1,0,0,0,0.269,ultrasonic-not-close,KEEP_PAUSED,left,right,,0
987,2026-08-01T22:26:03.150+09:00,104.562,986,9.44,0,DRIVING,,0,1,0,-0.070824,0.127484,0.127484,0,748,green,0,unknown,0.000000,null,0.000000,0.283,,"{""0"": 250, ""1"": 250, ""2"": null, ""3"": null, ""4"": null, ""5"": null, ""6"": null, ""7"": null}","{""0"": 0.0, ""1"": 0.0, ""2"": null, ""3"": null, ""4"": null, ""5"": null, ""6"": null, ""7"": null}","{""0"": 250, ""1"": 250}",250,1,0,0,0,0.283,ultrasonic-not-close,KEEP_PAUSED,left,right,,0
988,2026-08-01T22:26:03.263+09:00,104.677,987,9.44,0,DRIVING,,0,1,0,-0.070824,0.127484,0.127484,0,748,green,0,unknown,0.000000,null,0.000000,0.192,,"{""0"": 250, ""1"": 250, ""2"": null, ""3"": null, ""4"": null, ""5"": null, ""6"": null, ""7"": null}","{""0"": 0.0, ""1"": 0.0, ""2"": null, ""3"": null, ""4"": null, ""5"": null, ""6"": null, ""7"": null}","{""0"": 250, ""1"": 250}",250,1,0,0,0,0.192,ultrasonic-not-close,KEEP_PAUSED,left,right,,0
989,2026-08-01T22:26:03.359+09:00,104.772,988,9.44,0,DRIVING,,0,1,0,-0.070824,0.127484,0.127484,0,748,green,0,unknown,0.000000,null,0.000000,0.286,,"{""0"": 250, ""1"": 250, ""2"": null, ""3"": null, ""4"": null, ""5"": null, ""6"": null, ""7"": null}","{""0"": 0.0, ""1"": 0.0, ""2"": null, ""3"": null, ""4"": null, ""5"": null, ""6"": null, ""7"": null}","{""0"": 250, ""1"": 250}",250,1,0,0,0,0.286,ultrasonic-not-close,KEEP_PAUSED,left,right,,0
990,2026-08-01T22:26:03.458+09:00,104.871,989,9.44,0,DRIVING,,0,1,0,-0.070824,0.127484,0.127484,0,748,green,0,unknown,0.000000,null,0.000000,0.277,,"{""0"": 250, ""1"": 250, ""2"": null, ""3"": null, ""4"": null, ""5"": null, ""6"": null, ""7"": null}","{""0"": 0.0, ""1"": 0.0, ""2"": null, ""3"": null, ""4"": null, ""5"": null, ""6"": null, ""7"": null}","{""0"": 250, ""1"": 250}",250,1,0,0,0,0.277,ultrasonic-not-close,KEEP_PAUSED,left,right,,0
991,2026-08-01T22:26:03.568+09:00,104.982,990,9.44,0,DRIVING,,0,1,0,-0.070824,0.127484,0.127484,0,748,green,0,unknown,0.000000,null,0.000000,0.385,,"{""0"": 250, ""1"": 250, ""2"": null, ""3"": null, ""4"": null, ""5"": null, ""6"": null, ""7"": null}","{""0"": 0.0, ""1"": 0.0, ""2"": null, ""3"": null, ""4"": null, ""5"": null, ""6"": null, ""7"": null}","{""0"": 250, ""1"": 250}",250,1,0,0,0,0.385,ultrasonic-not-close,KEEP_PAUSED,left,right,,0
992,2026-08-01T22:26:03.660+09:00,105.072,991,9.44,0,DRIVING,,0,1,0,-0.070824,0.127484,0.127484,0,748,green,0,unknown,0.000000,null,0.000000,0.268,,"{""0"": 250, ""1"": 250, ""2"": null, ""3"": null, ""4"": null, ""5"": null, ""6"": null, ""7"": null}","{""0"": 0.0, ""1"": 0.0, ""2"": null, ""3"": null, ""4"": null, ""5"": null, ""6"": null, ""7"": null}","{""0"": 250, ""1"": 250}",250,1,0,0,0,0.268,ultrasonic-not-close,KEEP_PAUSED,left,right,,0
993,2026-08-01T22:26:03.764+09:00,105.178,992,9.44,0,DRIVING,,0,1,0,-0.070824,0.127484,0.127484,0,748,green,0,unknown,0.000000,null,0.000000,0.277,,"{""0"": 250, ""1"": 250, ""2"": null, ""3"": null, ""4"": null, ""5"": null, ""6"": null, ""7"": null}","{""0"": 0.0, ""1"": 0.0, ""2"": null, ""3"": null, ""4"": null, ""5"": null, ""6"": null, ""7"": null}","{""0"": 250, ""1"": 250}",250,1,0,0,0,0.277,ultrasonic-not-close,KEEP_PAUSED,left,right,,0
994,2026-08-01T22:26:03.873+09:00,105.285,993,9.44,0,DRIVING,,0,1,0,-0.070824,0.127484,0.127484,0,748,green,0,unknown,0.000000,null,0.000000,0.382,,"{""0"": 250, ""1"": 250, ""2"": null, ""3"": null, ""4"": null, ""5"": null, ""6"": null, ""7"": null}","{""0"": 0.0, ""1"": 0.0, ""2"": null, ""3"": null, ""4"": null, ""5"": null, ""6"": null, ""7"": null}","{""0"": 250, ""1"": 250}",250,1,0,0,0,0.382,ultrasonic-not-close,KEEP_PAUSED,left,right,,0
995,2026-08-01T22:26:03.989+09:00,105.401,994,9.44,0,DRIVING,,0,1,0,-0.070824,0.127484,0.127484,0,748,green,0,unknown,0.000000,null,0.000000,0.297,,"{""0"": 250, ""1"": 250, ""2"": null, ""3"": null, ""4"": null, ""5"": null, ""6"": null, ""7"": null}","{""0"": 0.0, ""1"": 0.0, ""2"": null, ""3"": null, ""4"": null, ""5"": null, ""6"": null, ""7"": null}","{""0"": 250, ""1"": 250}",250,1,0,0,0,0.297,ultrasonic-not-close,KEEP_PAUSED,left,right,,0
996,2026-08-01T22:26:04.101+09:00,105.514,995,9.44,0,DRIVING,,0,1,0,-0.070824,0.127484,0.127484,0,747,green,0,unknown,0.000000,null,0.000000,0.306,,"{""0"": 250, ""1"": 250, ""2"": null, ""3"": null, ""4"": null, ""5"": null, ""6"": null, ""7"": null}","{""0"": 0.0, ""1"": 0.0, ""2"": null, ""3"": null, ""4"": null, ""5"": null, ""6"": null, ""7"": null}","{""0"": 250, ""1"": 250}",250,1,0,0,0,0.306,ultrasonic-not-close,KEEP_PAUSED,left,right,,0
997,2026-08-01T22:26:04.212+09:00,105.625,996,9.44,0,DRIVING,,0,1,0,-0.070824,0.127484,0.127484,0,748,green,0,unknown,0.000000,null,0.000000,0.190,,"{""0"": 196, ""1"": 250, ""2"": null, ""3"": null, ""4"": null, ""5"": null, ""6"": null, ""7"": null}","{""0"": 0.0, ""1"": 0.0, ""2"": null, ""3"": null, ""4"": null, ""5"": null, ""6"": null, ""7"": null}","{""0"": 196, ""1"": 250}",196,1,0,0,0,0.190,ultrasonic-not-close,KEEP_PAUSED,left,right,,0
998,2026-08-01T22:26:04.321+09:00,105.733,997,9.44,0,DRIVING,,0,1,0,-0.070824,0.127484,0.127484,0,748,green,0,unknown,0.000000,null,0.000000,0.298,,"{""0"": 250, ""1"": 250, ""2"": null, ""3"": null, ""4"": null, ""5"": null, ""6"": null, ""7"": null}","{""0"": 0.0, ""1"": 0.0, ""2"": null, ""3"": null, ""4"": null, ""5"": null, ""6"": null, ""7"": null}","{""0"": 250, ""1"": 250}",250,1,0,0,0,0.298,ultrasonic-not-close,KEEP_PAUSED,left,right,,0
999,2026-08-01T22:26:04.433+09:00,105.845,998,9.44,0,DRIVING,,0,1,0,-0.070824,0.127484,0.127484,0,748,green,0,unknown,0.000000,null,0.000000,0.301,,"{""0"": 250, ""1"": 250, ""2"": null, ""3"": null, ""4"": null, ""5"": null, ""6"": null, ""7"": null}","{""0"": 0.0, ""1"": 0.0, ""2"": null, ""3"": null, ""4"": null, ""5"": null, ""6"": null, ""7"": null}","{""0"": 250, ""1"": 250}",250,1,0,0,0,0.301,ultrasonic-not-close,KEEP_PAUSED,left,right,,0
1000,2026-08-01T22:26:04.541+09:00,105.954,999,9.44,0,DRIVING,,0,1,0,-0.070824,0.127484,0.127484,0,748,green,0,unknown,0.000000,null,0.000000,0.188,,"{""0"": 250, ""1"": 250, ""2"": null, ""3"": null, ""4"": null, ""5"": null, ""6"": null, ""7"": null}","{""0"": 0.0, ""1"": 0.0, ""2"": null, ""3"": null, ""4"": null, ""5"": null, ""6"": null, ""7"": null}","{""0"": 250, ""1"": 250}",250,1,0,0,0,0.188,ultrasonic-not-close,KEEP_PAUSED,left,right,,0
1001,2026-08-01T22:26:04.646+09:00,106.058,1000,9.44,0,DRIVING,,0,1,0,-0.070824,0.127484,0.127484,0,748,green,0,unknown,0.000000,null,0.000000,0.292,,"{""0"": 250, ""1"": 250, ""2"": null, ""3"": null, ""4"": null, ""5"": null, ""6"": null, ""7"": null}","{""0"": 0.0, ""1"": 0.0, ""2"": null, ""3"": null, ""4"": null, ""5"": null, ""6"": null, ""7"": null}","{""0"": 250, ""1"": 250}",250,1,0,0,0,0.292,ultrasonic-not-close,KEEP_PAUSED,left,right,,0
1002,2026-08-01T22:26:04.747+09:00,106.160,1001,9.44,0,DRIVING,,0,1,0,-0.070824,0.127484,0.127484,0,748,green,0,unknown,0.000000,null,0.000000,0.284,,"{""0"": 250, ""1"": 250, ""2"": null, ""3"": null, ""4"": null, ""5"": null, ""6"": null, ""7"": null}","{""0"": 0.0, ""1"": 0.0, ""2"": null, ""3"": null, ""4"": null, ""5"": null, ""6"": null, ""7"": null}","{""0"": 250, ""1"": 250}",250,1,0,0,0,0.284,ultrasonic-not-close,KEEP_PAUSED,left,right,,0
1003,2026-08-01T22:26:04.856+09:00,106.268,1002,9.44,0,DRIVING,,0,1,0,-0.071454,0.129750,0.129750,0,748,green,0,unknown,0.000000,null,0.000000,0.177,,"{""0"": 250, ""1"": 250, ""2"": null, ""3"": null, ""4"": null, ""5"": null, ""6"": null, ""7"": null}","{""0"": 0.0, ""1"": 0.0, ""2"": null, ""3"": null, ""4"": null, ""5"": null, ""6"": null, ""7"": null}","{""0"": 250, ""1"": 250}",250,1,0,0,0,0.177,ultrasonic-not-close,KEEP_PAUSED,left,right,,0
1004,2026-08-01T22:26:04.969+09:00,106.382,1003,9.44,0,DRIVING,,0,1,0,-0.071851,0.130840,0.130840,0,748,green,0,unknown,0.000000,null,0.000000,0.289,,"{""0"": 250, ""1"": 250, ""2"": null, ""3"": null, ""4"": null, ""5"": null, ""6"": null, ""7"": null}","{""0"": 0.0, ""1"": 0.0, ""2"": null, ""3"": null, ""4"": null, ""5"": null, ""6"": null, ""7"": null}","{""0"": 250, ""1"": 250}",250,1,0,0,0,0.289,ultrasonic-not-close,KEEP_PAUSED,left,right,,0
1005,2026-08-01T22:26:05.081+09:00,106.494,1004,9.44,0,DRIVING,,0,1,0,-0.071823,0.130288,0.130288,0,748,green,0,unknown,0.000000,null,0.000000,0.305,,"{""0"": 250, ""1"": 250, ""2"": null, ""3"": null, ""4"": null, ""5"": null, ""6"": null, ""7"": null}","{""0"": 0.0, ""1"": 0.0, ""2"": null, ""3"": null, ""4"": null, ""5"": null, ""6"": null, ""7"": null}","{""0"": 250, ""1"": 250}",250,1,0,0,0,0.305,ultrasonic-not-close,KEEP_PAUSED,left,right,,0
1006,2026-08-01T22:26:05.191+09:00,106.603,1005,9.44,0,DRIVING,,0,1,0,-0.071781,0.129835,0.129835,0,748,green,0,unknown,0.000000,null,0.000000,0.304,,"{""0"": 250, ""1"": 250, ""2"": null, ""3"": null, ""4"": null, ""5"": null, ""6"": null, ""7"": null}","{""0"": 0.0, ""1"": 0.0, ""2"": null, ""3"": null, ""4"": null, ""5"": null, ""6"": null, ""7"": null}","{""0"": 250, ""1"": 250}",250,1,0,0,0,0.304,ultrasonic-not-close,KEEP_PAUSED,left,right,,0
1007,2026-08-01T22:26:05.298+09:00,106.711,1006,9.44,0,DRIVING,,0,1,0,-0.071827,0.129809,0.129809,0,748,green,0,unknown,0.000000,null,0.000000,0.410,,"{""0"": 250, ""1"": 250, ""2"": null, ""3"": null, ""4"": null, ""5"": null, ""6"": null, ""7"": null}","{""0"": 0.0, ""1"": 0.0, ""2"": null, ""3"": null, ""4"": null, ""5"": null, ""6"": null, ""7"": null}","{""0"": 250, ""1"": 250}",250,1,0,0,0,0.410,ultrasonic-not-close,KEEP_PAUSED,left,right,,0
1008,2026-08-01T22:26:05.405+09:00,106.818,1007,9.44,0,DRIVING,,0,1,0,-0.071856,0.129760,0.129760,0,749,green,0,unknown,0.000000,null,0.000000,0.292,,"{""0"": 250, ""1"": 250, ""2"": null, ""3"": null, ""4"": null, ""5"": null, ""6"": null, ""7"": null}","{""0"": 0.0, ""1"": 0.0, ""2"": null, ""3"": null, ""4"": null, ""5"": null, ""6"": null, ""7"": null}","{""0"": 250, ""1"": 250}",250,1,0,0,0,0.292,ultrasonic-not-close,KEEP_PAUSED,left,right,,0
1009,2026-08-01T22:26:05.512+09:00,106.925,1008,9.44,0,DRIVING,,0,1,0,-0.071900,0.129791,0.129791,0,747,green,0,unknown,0.000000,null,0.000000,0.291,,"{""0"": 250, ""1"": 250, ""2"": null, ""3"": null, ""4"": null, ""5"": null, ""6"": null, ""7"": null}","{""0"": 0.0, ""1"": 0.0, ""2"": null, ""3"": null, ""4"": null, ""5"": null, ""6"": null, ""7"": null}","{""0"": 250, ""1"": 250}",250,1,0,0,0,0.291,ultrasonic-not-close,KEEP_PAUSED,left,right,,0
1010,2026-08-01T22:26:05.625+09:00,107.037,1009,9.44,0,DRIVING,,0,1,0,-0.071835,0.129445,0.129445,0,747,green,0,unknown,0.000000,null,0.000000,0.402,,"{""0"": 250, ""1"": 250, ""2"": null, ""3"": null, ""4"": null, ""5"": null, ""6"": null, ""7"": null}","{""0"": 0.0, ""1"": 0.0, ""2"": null, ""3"": null, ""4"": null, ""5"": null, ""6"": null, ""7"": null}","{""0"": 250, ""1"": 250}",250,1,0,0,0,0.402,ultrasonic-not-close,KEEP_PAUSED,left,right,,0
1011,2026-08-01T22:26:05.727+09:00,107.139,1010,9.44,0,DRIVING,,0,1,0,-0.071867,0.129517,0.129517,0,747,green,0,unknown,0.000000,null,0.000000,0.290,,"{""0"": 250, ""1"": 250, ""2"": null, ""3"": null, ""4"": null, ""5"": null, ""6"": null, ""7"": null}","{""0"": 0.0, ""1"": 0.0, ""2"": null, ""3"": null, ""4"": null, ""5"": null, ""6"": null, ""7"": null}","{""0"": 250, ""1"": 250}",250,1,0,0,0,0.290,ultrasonic-not-close,KEEP_PAUSED,left,right,,0
1012,2026-08-01T22:26:05.835+09:00,107.247,1011,9.44,0,DRIVING,,0,1,0,-0.071886,0.129541,0.129541,0,749,green,0,unknown,0.000000,null,0.000000,0.293,,"{""0"": 250, ""1"": 250, ""2"": null, ""3"": null, ""4"": null, ""5"": null, ""6"": null, ""7"": null}","{""0"": 0.0, ""1"": 0.0, ""2"": null, ""3"": null, ""4"": null, ""5"": null, ""6"": null, ""7"": null}","{""0"": 250, ""1"": 250}",250,1,0,0,0,0.293,ultrasonic-not-close,KEEP_PAUSED,left,right,,0
1013,2026-08-01T22:26:05.945+09:00,107.358,1012,9.44,0,DRIVING,,0,1,0,-0.071901,0.129550,0.129550,0,747,green,0,unknown,0.000000,null,0.000000,0.402,,"{""0"": 250, ""1"": 250, ""2"": null, ""3"": null, ""4"": null, ""5"": null, ""6"": null, ""7"": null}","{""0"": 0.0, ""1"": 0.0, ""2"": null, ""3"": null, ""4"": null, ""5"": null, ""6"": null, ""7"": null}","{""0"": 250, ""1"": 250}",250,1,0,0,0,0.402,ultrasonic-not-close,KEEP_PAUSED,left,right,,0
1014,2026-08-01T22:26:06.047+09:00,107.461,1013,9.44,0,DRIVING,,0,1,0,-0.071912,0.129552,0.129552,0,748,green,0,unknown,0.000000,null,0.000000,0.289,,"{""0"": 250, ""1"": 250, ""2"": null, ""3"": null, ""4"": null, ""5"": null, ""6"": null, ""7"": null}","{""0"": 0.0, ""1"": 0.0, ""2"": null, ""3"": null, ""4"": null, ""5"": null, ""6"": null, ""7"": null}","{""0"": 250, ""1"": 250}",250,1,0,0,0,0.289,ultrasonic-not-close,KEEP_PAUSED,left,right,,0
1015,2026-08-01T22:26:06.148+09:00,107.562,1014,9.44,0,DRIVING,,0,1,0,-0.071921,0.129549,0.129549,0,748,green,0,unknown,0.000000,null,0.000000,0.284,,"{""0"": 250, ""1"": 250, ""2"": null, ""3"": null, ""4"": null, ""5"": null, ""6"": null, ""7"": null}","{""0"": 0.0, ""1"": 0.0, ""2"": null, ""3"": null, ""4"": null, ""5"": null, ""6"": null, ""7"": null}","{""0"": 250, ""1"": 250}",250,1,0,0,0,0.284,ultrasonic-not-close,KEEP_PAUSED,left,right,,0
1016,2026-08-01T22:26:06.257+09:00,107.670,1015,9.44,0,DRIVING,,0,1,0,-0.071948,0.129621,0.129621,0,747,green,0,unknown,0.000000,null,0.000000,0.390,,"{""0"": 250, ""1"": 250, ""2"": null, ""3"": null, ""4"": null, ""5"": null, ""6"": null, ""7"": null}","{""0"": 0.0, ""1"": 0.0, ""2"": null, ""3"": null, ""4"": null, ""5"": null, ""6"": null, ""7"": null}","{""0"": 250, ""1"": 250}",250,1,0,0,0,0.390,ultrasonic-not-close,KEEP_PAUSED,left,right,,0
1017,2026-08-01T22:26:06.357+09:00,107.770,1016,9.44,0,DRIVING,,0,1,0,-0.071892,0.129385,0.129385,0,748,green,0,unknown,0.000000,null,0.000000,0.278,,"{""0"": 250, ""1"": 250, ""2"": null, ""3"": null, ""4"": null, ""5"": null, ""6"": null, ""7"": null}","{""0"": 0.0, ""1"": 0.0, ""2"": null, ""3"": null, ""4"": null, ""5"": null, ""6"": null, ""7"": null}","{""0"": 250, ""1"": 250}",250,1,0,0,0,0.278,ultrasonic-not-close,KEEP_PAUSED,left,right,,0
1018,2026-08-01T22:26:06.466+09:00,107.879,1017,9.44,0,DRIVING,,0,1,0,-0.071833,0.129178,0.129178,0,748,green,0,unknown,0.000000,null,0.000000,0.287,,"{""0"": 250, ""1"": 250, ""2"": null, ""3"": null, ""4"": null, ""5"": null, ""6"": null, ""7"": null}","{""0"": 0.0, ""1"": 0.0, ""2"": null, ""3"": null, ""4"": null, ""5"": null, ""6"": null, ""7"": null}","{""0"": 250, ""1"": 250}",250,1,0,0,0,0.287,ultrasonic-not-close,KEEP_PAUSED,left,right,,0
1019,2026-08-01T22:26:06.569+09:00,107.981,1018,9.44,0,DRIVING,,0,1,0,-0.071865,0.129331,0.129331,0,748,green,0,unknown,0.000000,null,0.000000,0.388,,"{""0"": 250, ""1"": 250, ""2"": null, ""3"": null, ""4"": null, ""5"": null, ""6"": null, ""7"": null}","{""0"": 0.0, ""1"": 0.0, ""2"": null, ""3"": null, ""4"": null, ""5"": null, ""6"": null, ""7"": null}","{""0"": 250, ""1"": 250}",250,1,0,0,0,0.388,ultrasonic-not-close,KEEP_PAUSED,left,right,,0
1020,2026-08-01T22:26:06.681+09:00,108.093,1019,9.44,0,DRIVING,,0,1,0,-0.071885,0.129411,0.129411,0,748,green,0,unknown,0.000000,null,0.000000,0.291,,"{""0"": 250, ""1"": 250, ""2"": null, ""3"": null, ""4"": null, ""5"": null, ""6"": null, ""7"": null}","{""0"": 0.0, ""1"": 0.0, ""2"": null, ""3"": null, ""4"": null, ""5"": null, ""6"": null, ""7"": null}","{""0"": 250, ""1"": 250}",250,1,0,0,0,0.291,ultrasonic-not-close,KEEP_PAUSED,left,right,,0
1021,2026-08-01T22:26:06.783+09:00,108.195,1020,9.44,0,DRIVING,,0,1,0,-0.071900,0.129460,0.129460,0,748,green,0,unknown,0.000000,null,0.000000,0.285,,"{""0"": 250, ""1"": 250, ""2"": null, ""3"": null, ""4"": null, ""5"": null, ""6"": null, ""7"": null}","{""0"": 0.0, ""1"": 0.0, ""2"": null, ""3"": null, ""4"": null, ""5"": null, ""6"": null, ""7"": null}","{""0"": 250, ""1"": 250}",250,1,0,0,0,0.285,ultrasonic-not-close,KEEP_PAUSED,left,right,,0
1022,2026-08-01T22:26:06.884+09:00,108.296,1021,9.44,0,DRIVING,,0,1,0,-0.071933,0.129566,0.129566,0,748,green,0,unknown,0.000000,null,0.000000,0.385,,"{""0"": 250, ""1"": 250, ""2"": null, ""3"": null, ""4"": null, ""5"": null, ""6"": null, ""7"": null}","{""0"": 0.0, ""1"": 0.0, ""2"": null, ""3"": null, ""4"": null, ""5"": null, ""6"": null, ""7"": null}","{""0"": 250, ""1"": 250}",250,1,0,0,0,0.385,ultrasonic-not-close,KEEP_PAUSED,left,right,,0
1023,2026-08-01T22:26:06.980+09:00,108.392,1022,9.44,0,DRIVING,,0,1,0,-0.071859,0.129275,0.129275,0,748,green,0,unknown,0.000000,null,0.000000,0.268,,"{""0"": 250, ""1"": 250, ""2"": null, ""3"": null, ""4"": null, ""5"": null, ""6"": null, ""7"": null}","{""0"": 0.0, ""1"": 0.0, ""2"": null, ""3"": null, ""4"": null, ""5"": null, ""6"": null, ""7"": null}","{""0"": 250, ""1"": 250}",250,1,0,0,0,0.268,ultrasonic-not-close,KEEP_PAUSED,left,right,,0
1024,2026-08-01T22:26:07.096+09:00,108.510,1023,9.44,0,DRIVING,,0,1,0,-0.071906,0.129466,0.129466,0,747,green,0,unknown,0.000000,null,0.000000,0.284,,"{""0"": 250, ""1"": 250, ""2"": null, ""3"": null, ""4"": null, ""5"": null, ""6"": null, ""7"": null}","{""0"": 0.0, ""1"": 0.0, ""2"": null, ""3"": null, ""4"": null, ""5"": null, ""6"": null, ""7"": null}","{""0"": 250, ""1"": 250}",250,1,0,0,0,0.284,ultrasonic-not-close,KEEP_PAUSED,left,right,,0
1025,2026-08-01T22:26:07.205+09:00,108.618,1024,9.44,0,DRIVING,,0,1,0,-0.071839,0.129214,0.129214,0,748,green,0,unknown,0.000000,null,0.000000,0.195,,"{""0"": 250, ""1"": 250, ""2"": null, ""3"": null, ""4"": null, ""5"": null, ""6"": null, ""7"": null}","{""0"": 0.0, ""1"": 0.0, ""2"": null, ""3"": null, ""4"": null, ""5"": null, ""6"": null, ""7"": null}","{""0"": 250, ""1"": 250}",250,1,0,0,0,0.195,ultrasonic-not-close,KEEP_PAUSED,left,right,,0
1026,2026-08-01T22:26:07.309+09:00,108.721,1025,9.44,0,DRIVING,,0,1,0,-0.071891,0.129431,0.129431,0,748,green,0,unknown,0.000000,null,0.000000,0.296,,"{""0"": 250, ""1"": 250, ""2"": null, ""3"": null, ""4"": null, ""5"": null, ""6"": null, ""7"": null}","{""0"": 0.0, ""1"": 0.0, ""2"": null, ""3"": null, ""4"": null, ""5"": null, ""6"": null, ""7"": null}","{""0"": 250, ""1"": 250}",250,1,0,0,0,0.296,ultrasonic-not-close,KEEP_PAUSED,left,right,,0
1027,2026-08-01T22:26:07.418+09:00,108.831,1026,9.44,0,DRIVING,,0,1,0,-0.072028,0.129915,0.129915,0,748,green,0,unknown,0.000000,null,0.000000,0.291,,"{""0"": 250, ""1"": 250, ""2"": null, ""3"": null, ""4"": null, ""5"": null, ""6"": null, ""7"": null}","{""0"": 0.0, ""1"": 0.0, ""2"": null, ""3"": null, ""4"": null, ""5"": null, ""6"": null, ""7"": null}","{""0"": 250, ""1"": 250}",250,1,0,0,0,0.291,ultrasonic-not-close,KEEP_PAUSED,left,right,,0
1028,2026-08-01T22:26:07.525+09:00,108.938,1027,9.44,0,DRIVING,,0,1,0,-0.071804,0.129028,0.129028,0,747,green,0,unknown,0.000000,null,0.000000,0.184,,"{""0"": 250, ""1"": 250, ""2"": null, ""3"": null, ""4"": null, ""5"": null, ""6"": null, ""7"": null}","{""0"": 0.0, ""1"": 0.0, ""2"": null, ""3"": null, ""4"": null, ""5"": null, ""6"": null, ""7"": null}","{""0"": 250, ""1"": 250}",250,1,0,0,0,0.184,ultrasonic-not-close,KEEP_PAUSED,left,right,,0
1029,2026-08-01T22:26:07.620+09:00,109.033,1028,9.44,0,DRIVING,,0,1,0,-0.071788,0.129037,0.129037,0,747,green,0,unknown,0.000000,null,0.000000,0.278,,"{""0"": 250, ""1"": 250, ""2"": null, ""3"": null, ""4"": null, ""5"": null, ""6"": null, ""7"": null}","{""0"": 0.0, ""1"": 0.0, ""2"": null, ""3"": null, ""4"": null, ""5"": null, ""6"": null, ""7"": null}","{""0"": 250, ""1"": 250}",250,1,0,0,0,0.278,ultrasonic-not-close,KEEP_PAUSED,left,right,,0
1030,2026-08-01T22:26:07.726+09:00,109.139,1029,9.44,0,DRIVING,,0,1,0,-0.071776,0.129049,0.129049,0,748,green,0,unknown,0.000000,null,0.000000,0.276,,"{""0"": 250, ""1"": 250, ""2"": null, ""3"": null, ""4"": null, ""5"": null, ""6"": null, ""7"": null}","{""0"": 0.0, ""1"": 0.0, ""2"": null, ""3"": null, ""4"": null, ""5"": null, ""6"": null, ""7"": null}","{""0"": 250, ""1"": 250}",250,1,0,0,0,0.276,ultrasonic-not-close,KEEP_PAUSED,left,right,,0
1031,2026-08-01T22:26:07.829+09:00,109.241,1030,9.44,0,DRIVING,,0,1,0,-0.071767,0.129061,0.129061,0,748,green,0,unknown,0.000000,null,0.000000,0.379,,"{""0"": 250, ""1"": 250, ""2"": null, ""3"": null, ""4"": null, ""5"": null, ""6"": null, ""7"": null}","{""0"": 0.0, ""1"": 0.0, ""2"": null, ""3"": null, ""4"": null, ""5"": null, ""6"": null, ""7"": null}","{""0"": 250, ""1"": 250}",250,1,0,0,0,0.379,ultrasonic-not-close,KEEP_PAUSED,left,right,,0
1032,2026-08-01T22:26:07.923+09:00,109.336,1031,9.44,0,DRIVING,,0,1,0,-0.071761,0.129073,0.129073,0,747,green,0,unknown,0.000000,null,0.000000,0.265,,"{""0"": 196, ""1"": 250, ""2"": null, ""3"": null, ""4"": null, ""5"": null, ""6"": null, ""7"": null}","{""0"": 0.0, ""1"": 0.0, ""2"": null, ""3"": null, ""4"": null, ""5"": null, ""6"": null, ""7"": null}","{""0"": 196, ""1"": 250}",196,1,0,0,0,0.265,ultrasonic-not-close,KEEP_PAUSED,left,right,,0
1033,2026-08-01T22:26:08.032+09:00,109.444,1032,9.44,0,DRIVING,,0,1,0,-0.071756,0.129084,0.129084,0,748,green,0,unknown,0.000000,null,0.000000,0.275,,"{""0"": 250, ""1"": 250, ""2"": null, ""3"": null, ""4"": null, ""5"": null, ""6"": null, ""7"": null}","{""0"": 0.0, ""1"": 0.0, ""2"": null, ""3"": null, ""4"": null, ""5"": null, ""6"": null, ""7"": null}","{""0"": 250, ""1"": 250}",250,1,0,0,0,0.275,ultrasonic-not-close,KEEP_PAUSED,left,right,,0
1034,2026-08-01T22:26:08.138+09:00,109.552,1033,9.44,0,DRIVING,,0,1,0,-0.071752,0.129093,0.129093,0,748,green,0,unknown,0.000000,null,0.000000,0.382,,"{""0"": 250, ""1"": 250, ""2"": null, ""3"": null, ""4"": null, ""5"": null, ""6"": null, ""7"": null}","{""0"": 0.0, ""1"": 0.0, ""2"": null, ""3"": null, ""4"": null, ""5"": null, ""6"": null, ""7"": null}","{""0"": 250, ""1"": 250}",250,1,0,0,0,0.382,ultrasonic-not-close,KEEP_PAUSED,left,right,,0
1035,2026-08-01T22:26:08.237+09:00,109.649,1034,9.44,0,DRIVING,,0,1,0,-0.072183,0.130663,0.130663,0,748,green,0,unknown,0.000000,null,0.000000,0.274,,"{""0"": 250, ""1"": 250, ""2"": null, ""3"": null, ""4"": null, ""5"": null, ""6"": null, ""7"": null}","{""0"": 0.0, ""1"": 0.0, ""2"": null, ""3"": null, ""4"": null, ""5"": null, ""6"": null, ""7"": null}","{""0"": 250, ""1"": 250}",250,1,0,0,0,0.274,ultrasonic-not-close,KEEP_PAUSED,left,right,,0
1036,2026-08-01T22:26:08.342+09:00,109.754,1035,9.44,0,DRIVING,,0,1,0,-0.072436,0.131354,0.131354,0,748,green,0,unknown,0.000000,null,0.000000,0.279,,"{""0"": 250, ""1"": 250, ""2"": null, ""3"": null, ""4"": null, ""5"": null, ""6"": null, ""7"": null}","{""0"": 0.0, ""1"": 0.0, ""2"": null, ""3"": null, ""4"": null, ""5"": null, ""6"": null, ""7"": null}","{""0"": 250, ""1"": 250}",250,1,0,0,0,0.279,ultrasonic-not-close,KEEP_PAUSED,left,right,,0
1037,2026-08-01T22:26:08.443+09:00,109.855,1036,9.44,0,DRIVING,,0,1,0,-0.072453,0.131124,0.131124,0,747,green,0,unknown,0.000000,null,0.000000,0.379,,"{""0"": 250, ""1"": 250, ""2"": null, ""3"": null, ""4"": null, ""5"": null, ""6"": null, ""7"": null}","{""0"": 0.0, ""1"": 0.0, ""2"": null, ""3"": null, ""4"": null, ""5"": null, ""6"": null, ""7"": null}","{""0"": 250, ""1"": 250}",250,1,0,0,0,0.379,ultrasonic-not-close,KEEP_PAUSED,left,right,,0
1038,2026-08-01T22:26:08.539+09:00,109.951,1037,9.44,0,DRIVING,,0,1,0,-0.072462,0.130943,0.130943,0,747,green,0,unknown,0.000000,null,0.000000,0.271,,"{""0"": 250, ""1"": 250, ""2"": null, ""3"": null, ""4"": null, ""5"": null, ""6"": null, ""7"": null}","{""0"": 0.0, ""1"": 0.0, ""2"": null, ""3"": null, ""4"": null, ""5"": null, ""6"": null, ""7"": null}","{""0"": 250, ""1"": 250}",250,1,0,0,0,0.271,ultrasonic-not-close,KEEP_PAUSED,left,right,,0
1039,2026-08-01T22:26:08.646+09:00,110.059,1038,9.44,0,DRIVING,,0,1,0,-0.072471,0.130824,0.130824,0,748,green,0,unknown,0.000000,null,0.000000,0.275,,"{""0"": 250, ""1"": 250, ""2"": null, ""3"": null, ""4"": null, ""5"": null, ""6"": null, ""7"": null}","{""0"": 0.0, ""1"": 0.0, ""2"": null, ""3"": null, ""4"": null, ""5"": null, ""6"": null, ""7"": null}","{""0"": 250, ""1"": 250}",250,1,0,0,0,0.275,ultrasonic-not-close,KEEP_PAUSED,left,right,,0
1040,2026-08-01T22:26:08.758+09:00,110.170,1039,9.44,0,DRIVING,,0,1,0,-0.072482,0.130750,0.130750,0,747,green,0,unknown,0.000000,null,0.000000,0.385,,"{""0"": 250, ""1"": 250, ""2"": null, ""3"": null, ""4"": null, ""5"": null, ""6"": null, ""7"": null}","{""0"": 0.0, ""1"": 0.0, ""2"": null, ""3"": null, ""4"": null, ""5"": null, ""6"": null, ""7"": null}","{""0"": 250, ""1"": 250}",250,1,0,0,0,0.385,ultrasonic-not-close,KEEP_PAUSED,left,right,,0
1041,2026-08-01T22:26:08.867+09:00,110.280,1040,9.44,0,DRIVING,,0,1,0,-0.072487,0.130684,0.130684,0,747,green,0,unknown,0.000000,null,0.000000,0.297,,"{""0"": 250, ""1"": 250, ""2"": null, ""3"": null, ""4"": null, ""5"": null, ""6"": null, ""7"": null}","{""0"": 0.0, ""1"": 0.0, ""2"": null, ""3"": null, ""4"": null, ""5"": null, ""6"": null, ""7"": null}","{""0"": 250, ""1"": 250}",250,1,0,0,0,0.297,ultrasonic-not-close,KEEP_PAUSED,left,right,,0
1042,2026-08-01T22:26:08.977+09:00,110.389,1041,9.44,0,DRIVING,,0,1,0,-0.072491,0.130636,0.130636,0,748,green,0,unknown,0.000000,null,0.000000,0.299,,"{""0"": 250, ""1"": 250, ""2"": null, ""3"": null, ""4"": null, ""5"": null, ""6"": null, ""7"": null}","{""0"": 0.0, ""1"": 0.0, ""2"": null, ""3"": null, ""4"": null, ""5"": null, ""6"": null, ""7"": null}","{""0"": 250, ""1"": 250}",250,1,0,0,0,0.299,ultrasonic-not-close,KEEP_PAUSED,left,right,,0
1043,2026-08-01T22:26:09.086+09:00,110.499,1042,9.44,0,DRIVING,,0,1,0,-0.072491,0.130588,0.130588,0,747,green,0,unknown,0.000000,null,0.000000,0.406,,"{""0"": 250, ""1"": 250, ""2"": null, ""3"": null, ""4"": null, ""5"": null, ""6"": null, ""7"": null}","{""0"": 0.0, ""1"": 0.0, ""2"": null, ""3"": null, ""4"": null, ""5"": null, ""6"": null, ""7"": null}","{""0"": 250, ""1"": 250}",250,1,0,0,0,0.406,ultrasonic-not-close,KEEP_PAUSED,left,right,,0
1044,2026-08-01T22:26:09.191+09:00,110.603,1043,9.44,0,DRIVING,,0,1,0,-0.072493,0.130565,0.130565,0,748,green,0,unknown,0.000000,null,0.000000,0.293,,"{""0"": 250, ""1"": 250, ""2"": null, ""3"": null, ""4"": null, ""5"": null, ""6"": null, ""7"": null}","{""0"": 0.0, ""1"": 0.0, ""2"": null, ""3"": null, ""4"": null, ""5"": null, ""6"": null, ""7"": null}","{""0"": 250, ""1"": 250}",250,1,0,0,0,0.293,ultrasonic-not-close,KEEP_PAUSED,left,right,,0
1045,2026-08-01T22:26:09.301+09:00,110.713,1044,9.44,0,DRIVING,,0,1,0,-0.072494,0.130547,0.130547,0,748,green,0,unknown,0.000000,null,0.000000,0.294,,"{""0"": 250, ""1"": 250, ""2"": null, ""3"": null, ""4"": null, ""5"": null, ""6"": null, ""7"": null}","{""0"": 0.0, ""1"": 0.0, ""2"": null, ""3"": null, ""4"": null, ""5"": null, ""6"": null, ""7"": null}","{""0"": 250, ""1"": 250}",250,1,0,0,0,0.294,ultrasonic-not-close,KEEP_PAUSED,left,right,,0
1046,2026-08-01T22:26:09.405+09:00,110.818,1045,9.44,0,DRIVING,,0,1,0,-0.072499,0.130548,0.130548,0,748,green,0,unknown,0.000000,null,0.000000,0.397,,"{""0"": 250, ""1"": 250, ""2"": null, ""3"": null, ""4"": null, ""5"": null, ""6"": null, ""7"": null}","{""0"": 0.0, ""1"": 0.0, ""2"": null, ""3"": null, ""4"": null, ""5"": null, ""6"": null, ""7"": null}","{""0"": 250, ""1"": 250}",250,1,0,0,0,0.397,ultrasonic-not-close,KEEP_PAUSED,left,right,,0
1047,2026-08-01T22:26:09.498+09:00,110.912,1046,9.44,0,DRIVING,,0,1,0,-0.072497,0.130523,0.130523,0,747,green,0,unknown,0.000000,null,0.000000,0.278,,"{""0"": 250, ""1"": 250, ""2"": null, ""3"": null, ""4"": null, ""5"": null, ""6"": null, ""7"": null}","{""0"": 0.0, ""1"": 0.0, ""2"": null, ""3"": null, ""4"": null, ""5"": null, ""6"": null, ""7"": null}","{""0"": 250, ""1"": 250}",250,1,0,0,0,0.278,ultrasonic-not-close,KEEP_PAUSED,left,right,,0
1048,2026-08-01T22:26:09.603+09:00,111.015,1047,9.44,0,DRIVING,,0,1,0,-0.072497,0.130517,0.130517,0,748,green,0,unknown,0.000000,null,0.000000,0.272,,"{""0"": 250, ""1"": 250, ""2"": null, ""3"": null, ""4"": null, ""5"": null, ""6"": null, ""7"": null}","{""0"": 0.0, ""1"": 0.0, ""2"": null, ""3"": null, ""4"": null, ""5"": null, ""6"": null, ""7"": null}","{""0"": 250, ""1"": 250}",250,1,0,0,0,0.272,ultrasonic-not-close,KEEP_PAUSED,left,right,,0
1049,2026-08-01T22:26:09.705+09:00,111.117,1048,9.44,0,DRIVING,,0,1,0,-0.072498,0.130512,0.130512,0,748,green,0,unknown,0.000000,null,0.000000,0.373,,"{""0"": 250, ""1"": 250, ""2"": null, ""3"": null, ""4"": null, ""5"": null, ""6"": null, ""7"": null}","{""0"": 0.0, ""1"": 0.0, ""2"": null, ""3"": null, ""4"": null, ""5"": null, ""6"": null, ""7"": null}","{""0"": 250, ""1"": 250}",250,1,0,0,0,0.373,ultrasonic-not-close,KEEP_PAUSED,left,right,,0
1050,2026-08-01T22:26:09.804+09:00,111.217,1049,9.44,0,DRIVING,,0,1,0,-0.072498,0.130509,0.130509,0,748,green,0,unknown,0.000000,null,0.000000,0.274,,"{""0"": 250, ""1"": 250, ""2"": null, ""3"": null, ""4"": null, ""5"": null, ""6"": null, ""7"": null}","{""0"": 0.0, ""1"": 0.0, ""2"": null, ""3"": null, ""4"": null, ""5"": null, ""6"": null, ""7"": null}","{""0"": 250, ""1"": 250}",250,1,0,0,0,0.274,ultrasonic-not-close,KEEP_PAUSED,left,right,,0
1051,2026-08-01T22:26:09.907+09:00,111.320,1050,9.44,0,DRIVING,,0,1,0,-0.072499,0.130506,0.130506,0,748,green,0,unknown,0.000000,null,0.000000,0.274,,"{""0"": 250, ""1"": 250, ""2"": null, ""3"": null, ""4"": null, ""5"": null, ""6"": null, ""7"": null}","{""0"": 0.0, ""1"": 0.0, ""2"": null, ""3"": null, ""4"": null, ""5"": null, ""6"": null, ""7"": null}","{""0"": 250, ""1"": 250}",250,1,0,0,0,0.274,ultrasonic-not-close,KEEP_PAUSED,left,right,,0
1052,2026-08-01T22:26:10.009+09:00,111.420,1051,9.44,0,DRIVING,,0,1,0,-0.072499,0.130505,0.130505,0,747,green,0,unknown,0.000000,null,0.000000,0.374,,"{""0"": 250, ""1"": 250, ""2"": null, ""3"": null, ""4"": null, ""5"": null, ""6"": null, ""7"": null}","{""0"": 0.0, ""1"": 0.0, ""2"": null, ""3"": null, ""4"": null, ""5"": null, ""6"": null, ""7"": null}","{""0"": 250, ""1"": 250}",250,1,0,0,0,0.374,ultrasonic-not-close,KEEP_PAUSED,left,right,,0
1053,2026-08-01T22:26:10.109+09:00,111.522,1052,9.44,0,DRIVING,,0,1,0,-0.072503,0.130517,0.130517,0,748,green,0,unknown,0.000000,null,0.000000,0.274,,"{""0"": 250, ""1"": 250, ""2"": null, ""3"": null, ""4"": null, ""5"": null, ""6"": null, ""7"": null}","{""0"": 0.0, ""1"": 0.0, ""2"": null, ""3"": null, ""4"": null, ""5"": null, ""6"": null, ""7"": null}","{""0"": 250, ""1"": 250}",250,1,0,0,0,0.274,ultrasonic-not-close,KEEP_PAUSED,left,right,,0
1054,2026-08-01T22:26:10.213+09:00,111.626,1053,9.44,0,DRIVING,,0,1,0,-0.072499,0.130500,0.130500,0,748,green,0,unknown,0.000000,null,0.000000,0.275,,"{""0"": 250, ""1"": 250, ""2"": null, ""3"": null, ""4"": null, ""5"": null, ""6"": null, ""7"": null}","{""0"": 0.0, ""1"": 0.0, ""2"": null, ""3"": null, ""4"": null, ""5"": null, ""6"": null, ""7"": null}","{""0"": 250, ""1"": 250}",250,1,0,0,0,0.275,ultrasonic-not-close,KEEP_PAUSED,left,right,,0
1055,2026-08-01T22:26:10.312+09:00,111.725,1054,9.44,0,DRIVING,,0,1,0,-0.072499,0.130500,0.130500,0,748,green,0,unknown,0.000000,null,0.000000,0.373,,"{""0"": 250, ""1"": 250, ""2"": null, ""3"": null, ""4"": null, ""5"": null, ""6"": null, ""7"": null}","{""0"": 0.0, ""1"": 0.0, ""2"": null, ""3"": null, ""4"": null, ""5"": null, ""6"": null, ""7"": null}","{""0"": 250, ""1"": 250}",250,1,0,0,0,0.373,ultrasonic-not-close,KEEP_PAUSED,left,right,,0
1056,2026-08-01T22:26:10.411+09:00,111.823,1055,9.44,0,DRIVING,,0,1,0,-0.072503,0.130513,0.130513,0,748,green,0,unknown,0.000000,null,0.000000,0.271,,"{""0"": 250, ""1"": 250, ""2"": null, ""3"": null, ""4"": null, ""5"": null, ""6"": null, ""7"": null}","{""0"": 0.0, ""1"": 0.0, ""2"": null, ""3"": null, ""4"": null, ""5"": null, ""6"": null, ""7"": null}","{""0"": 250, ""1"": 250}",250,1,0,0,0,0.271,ultrasonic-not-close,KEEP_PAUSED,left,right,,0
1057,2026-08-01T22:26:10.523+09:00,111.936,1056,9.44,0,DRIVING,,0,1,0,-0.072499,0.130498,0.130498,0,747,green,0,unknown,0.000000,null,0.000000,0.181,,"{""0"": 250, ""1"": 250, ""2"": null, ""3"": null, ""4"": null, ""5"": null, ""6"": null, ""7"": null}","{""0"": 0.0, ""1"": 0.0, ""2"": null, ""3"": null, ""4"": null, ""5"": null, ""6"": null, ""7"": null}","{""0"": 250, ""1"": 250}",250,1,0,0,0,0.181,ultrasonic-not-close,KEEP_PAUSED,left,right,,0
1058,2026-08-01T22:26:10.628+09:00,112.040,1057,9.44,0,DRIVING,,0,1,0,-0.072503,0.130512,0.130512,0,748,green,0,unknown,0.000000,null,0.000000,0.283,,"{""0"": 250, ""1"": 250, ""2"": null, ""3"": null, ""4"": null, ""5"": null, ""6"": null, ""7"": null}","{""0"": 0.0, ""1"": 0.0, ""2"": null, ""3"": null, ""4"": null, ""5"": null, ""6"": null, ""7"": null}","{""0"": 250, ""1"": 250}",250,1,0,0,0,0.283,ultrasonic-not-close,KEEP_PAUSED,left,right,,0
1059,2026-08-01T22:26:10.734+09:00,112.147,1058,9.44,0,DRIVING,,0,1,0,-0.072499,0.130496,0.130496,0,748,green,0,unknown,0.000000,null,0.000000,0.292,,"{""0"": 250, ""1"": 250, ""2"": null, ""3"": null, ""4"": null, ""5"": null, ""6"": null, ""7"": null}","{""0"": 0.0, ""1"": 0.0, ""2"": null, ""3"": null, ""4"": null, ""5"": null, ""6"": null, ""7"": null}","{""0"": 250, ""1"": 250}",250,1,0,0,0,0.292,ultrasonic-not-close,KEEP_PAUSED,left,right,,0
1060,2026-08-01T22:26:10.838+09:00,112.251,1059,9.44,0,DRIVING,,0,1,0,-0.072499,0.130497,0.130497,0,747,green,0,unknown,0.000000,null,0.000000,0.178,,"{""0"": 250, ""1"": 250, ""2"": null, ""3"": null, ""4"": null, ""5"": null, ""6"": null, ""7"": null}","{""0"": 0.0, ""1"": 0.0, ""2"": null, ""3"": null, ""4"": null, ""5"": null, ""6"": null, ""7"": null}","{""0"": 250, ""1"": 250}",250,1,0,0,0,0.178,ultrasonic-not-close,KEEP_PAUSED,left,right,,0
1061,2026-08-01T22:26:10.935+09:00,112.348,1060,9.45,0,DRIVING,,0,1,0,-0.072503,0.130511,0.130511,0,748,green,0,unknown,0.000000,null,0.000000,0.275,,"{""0"": 250, ""1"": 250, ""2"": null, ""3"": null, ""4"": null, ""5"": null, ""6"": null, ""7"": null}","{""0"": 0.0, ""1"": 0.0, ""2"": null, ""3"": null, ""4"": null, ""5"": null, ""6"": null, ""7"": null}","{""0"": 250, ""1"": 250}",250,1,0,0,0,0.275,ultrasonic-not-close,KEEP_PAUSED,left,right,,0
1062,2026-08-01T22:26:11.037+09:00,112.450,1061,9.45,0,DRIVING,,0,1,0,-0.072499,0.130496,0.130496,0,747,green,0,unknown,0.000000,null,0.000000,0.273,,"{""0"": 250, ""1"": 250, ""2"": null, ""3"": null, ""4"": null, ""5"": null, ""6"": null, ""7"": null}","{""0"": 0.0, ""1"": 0.0, ""2"": null, ""3"": null, ""4"": null, ""5"": null, ""6"": null, ""7"": null}","{""0"": 250, ""1"": 250}",250,1,0,0,0,0.273,ultrasonic-not-close,KEEP_PAUSED,left,right,,0
1063,2026-08-01T22:26:11.141+09:00,112.554,1062,9.45,0,DRIVING,,0,1,0,-0.072499,0.130497,0.130497,0,747,green,0,unknown,0.000000,null,0.000000,0.175,,"{""0"": 250, ""1"": 250, ""2"": null, ""3"": null, ""4"": null, ""5"": null, ""6"": null, ""7"": null}","{""0"": 0.0, ""1"": 0.0, ""2"": null, ""3"": null, ""4"": null, ""5"": null, ""6"": null, ""7"": null}","{""0"": 250, ""1"": 250}",250,1,0,0,0,0.175,ultrasonic-not-close,KEEP_PAUSED,left,right,,0
1064,2026-08-01T22:26:11.238+09:00,112.649,1063,9.45,0,DRIVING,,0,1,0,-0.072503,0.130511,0.130511,0,749,green,0,unknown,0.000000,null,0.000000,0.270,,"{""0"": 250, ""1"": 250, ""2"": null, ""3"": null, ""4"": null, ""5"": null, ""6"": null, ""7"": null}","{""0"": 0.0, ""1"": 0.0, ""2"": null, ""3"": null, ""4"": null, ""5"": null, ""6"": null, ""7"": null}","{""0"": 250, ""1"": 250}",250,1,0,0,0,0.270,ultrasonic-not-close,KEEP_PAUSED,left,right,,0
1065,2026-08-01T22:26:11.340+09:00,112.752,1064,9.45,0,DRIVING,,0,1,0,-0.072503,0.130510,0.130510,0,747,green,0,unknown,0.000000,null,0.000000,0.271,,"{""0"": 250, ""1"": 250, ""2"": null, ""3"": null, ""4"": null, ""5"": null, ""6"": null, ""7"": null}","{""0"": 0.0, ""1"": 0.0, ""2"": null, ""3"": null, ""4"": null, ""5"": null, ""6"": null, ""7"": null}","{""0"": 250, ""1"": 250}",250,1,0,0,0,0.271,ultrasonic-not-close,KEEP_PAUSED,left,right,,0
1066,2026-08-01T22:26:11.441+09:00,112.853,1065,9.45,0,DRIVING,,0,1,0,-0.072499,0.130495,0.130495,0,748,green,0,unknown,0.000000,null,0.000000,0.372,,"{""0"": 250, ""1"": 250, ""2"": null, ""3"": null, ""4"": null, ""5"": null, ""6"": null, ""7"": null}","{""0"": 0.0, ""1"": 0.0, ""2"": null, ""3"": null, ""4"": null, ""5"": null, ""6"": null, ""7"": null}","{""0"": 250, ""1"": 250}",250,1,0,0,0,0.372,ultrasonic-not-close,KEEP_PAUSED,left,right,,0
1067,2026-08-01T22:26:11.533+09:00,112.946,1066,9.45,0,DRIVING,,0,1,0,-0.072503,0.130510,0.130510,0,748,green,0,unknown,0.000000,null,0.000000,0.264,,"{""0"": 250, ""1"": 250, ""2"": null, ""3"": null, ""4"": null, ""5"": null, ""6"": null, ""7"": null}","{""0"": 0.0, ""1"": 0.0, ""2"": null, ""3"": null, ""4"": null, ""5"": null, ""6"": null, ""7"": null}","{""0"": 250, ""1"": 250}",250,1,0,0,0,0.264,ultrasonic-not-close,KEEP_PAUSED,left,right,,0
1068,2026-08-01T22:26:11.634+09:00,113.047,1067,9.45,0,DRIVING,,0,1,0,-0.072503,0.130508,0.130508,0,748,green,0,unknown,0.000000,null,0.000000,0.264,,"{""0"": 250, ""1"": 250, ""2"": null, ""3"": null, ""4"": null, ""5"": null, ""6"": null, ""7"": null}","{""0"": 0.0, ""1"": 0.0, ""2"": null, ""3"": null, ""4"": null, ""5"": null, ""6"": null, ""7"": null}","{""0"": 250, ""1"": 250}",250,1,0,0,0,0.264,ultrasonic-not-close,KEEP_PAUSED,left,right,,0
1069,2026-08-01T22:26:11.740+09:00,113.152,1068,9.45,0,DRIVING,,0,1,0,-0.072503,0.130508,0.130508,0,748,green,0,unknown,0.000000,null,0.000000,0.368,,"{""0"": 250, ""1"": 250, ""2"": null, ""3"": null, ""4"": null, ""5"": null, ""6"": null, ""7"": null}","{""0"": 0.0, ""1"": 0.0, ""2"": null, ""3"": null, ""4"": null, ""5"": null, ""6"": null, ""7"": null}","{""0"": 250, ""1"": 250}",250,1,0,0,0,0.368,ultrasonic-not-close,KEEP_PAUSED,left,right,,0
1070,2026-08-01T22:26:11.843+09:00,113.255,1069,9.45,0,DRIVING,,0,1,0,-0.072499,0.130494,0.130494,0,749,green,0,unknown,0.000000,null,0.000000,0.278,,"{""0"": 250, ""1"": 250, ""2"": null, ""3"": null, ""4"": null, ""5"": null, ""6"": null, ""7"": null}","{""0"": 0.0, ""1"": 0.0, ""2"": null, ""3"": null, ""4"": null, ""5"": null, ""6"": null, ""7"": null}","{""0"": 250, ""1"": 250}",250,1,0,0,0,0.278,ultrasonic-not-close,KEEP_PAUSED,left,right,,0
1071,2026-08-01T22:26:11.946+09:00,113.359,1070,9.45,0,DRIVING,,0,1,0,-0.072503,0.130509,0.130509,0,749,green,0,unknown,0.000000,null,0.000000,0.281,,"{""0"": 250, ""1"": 250, ""2"": null, ""3"": null, ""4"": null, ""5"": null, ""6"": null, ""7"": null}","{""0"": 0.0, ""1"": 0.0, ""2"": null, ""3"": null, ""4"": null, ""5"": null, ""6"": null, ""7"": null}","{""0"": 250, ""1"": 250}",250,1,0,0,0,0.281,ultrasonic-not-close,KEEP_PAUSED,left,right,,0
1072,2026-08-01T22:26:12.053+09:00,113.466,1071,9.45,0,DRIVING,,0,1,0,-0.072503,0.130508,0.130508,0,748,green,0,unknown,0.000000,null,0.000000,0.387,,"{""0"": 250, ""1"": 250, ""2"": null, ""3"": null, ""4"": null, ""5"": null, ""6"": null, ""7"": null}","{""0"": 0.0, ""1"": 0.0, ""2"": null, ""3"": null, ""4"": null, ""5"": null, ""6"": null, ""7"": null}","{""0"": 250, ""1"": 250}",250,1,0,0,0,0.387,ultrasonic-not-close,KEEP_PAUSED,left,right,,0
1073,2026-08-01T22:26:12.159+09:00,113.572,1072,9.45,0,DRIVING,,0,1,0,-0.072499,0.130494,0.130494,0,748,green,0,unknown,0.000000,null,0.000000,0.286,,"{""0"": 250, ""1"": 250, ""2"": null, ""3"": null, ""4"": null, ""5"": null, ""6"": null, ""7"": null}","{""0"": 0.0, ""1"": 0.0, ""2"": null, ""3"": null, ""4"": null, ""5"": null, ""6"": null, ""7"": null}","{""0"": 250, ""1"": 250}",250,1,0,0,0,0.286,ultrasonic-not-close,KEEP_PAUSED,left,right,,0
1074,2026-08-01T22:26:12.264+09:00,113.676,1073,9.45,0,DRIVING,,0,1,0,-0.072503,0.130509,0.130509,0,748,green,0,unknown,0.000000,null,0.000000,0.287,,"{""0"": 250, ""1"": 250, ""2"": null, ""3"": null, ""4"": null, ""5"": null, ""6"": null, ""7"": null}","{""0"": 0.0, ""1"": 0.0, ""2"": null, ""3"": null, ""4"": null, ""5"": null, ""6"": null, ""7"": null}","{""0"": 250, ""1"": 250}",250,1,0,0,0,0.287,ultrasonic-not-close,KEEP_PAUSED,left,right,,0
1075,2026-08-01T22:26:12.370+09:00,113.782,1074,9.45,0,DRIVING,,0,1,0,-0.072499,0.130495,0.130495,0,748,green,0,unknown,0.000000,null,0.000000,0.393,,"{""0"": 250, ""1"": 250, ""2"": null, ""3"": null, ""4"": null, ""5"": null, ""6"": null, ""7"": null}","{""0"": 0.0, ""1"": 0.0, ""2"": null, ""3"": null, ""4"": null, ""5"": null, ""6"": null, ""7"": null}","{""0"": 250, ""1"": 250}",250,1,0,0,0,0.393,ultrasonic-not-close,KEEP_PAUSED,left,right,,0
1076,2026-08-01T22:26:12.466+09:00,113.880,1075,9.45,0,DRIVING,,0,1,0,-0.072503,0.130509,0.130509,0,748,green,0,unknown,0.000000,null,0.000000,0.277,,"{""0"": 250, ""1"": 250, ""2"": null, ""3"": null, ""4"": null, ""5"": null, ""6"": null, ""7"": null}","{""0"": 0.0, ""1"": 0.0, ""2"": null, ""3"": null, ""4"": null, ""5"": null, ""6"": null, ""7"": null}","{""0"": 250, ""1"": 250}",250,1,0,0,0,0.277,ultrasonic-not-close,KEEP_PAUSED,left,right,,0
1077,2026-08-01T22:26:12.574+09:00,113.988,1076,9.45,0,DRIVING,,0,1,0,-0.072499,0.130495,0.130495,0,747,green,0,unknown,0.000000,null,0.000000,0.281,,"{""0"": 250, ""1"": 250, ""2"": null, ""3"": null, ""4"": null, ""5"": null, ""6"": null, ""7"": null}","{""0"": 0.0, ""1"": 0.0, ""2"": null, ""3"": null, ""4"": null, ""5"": null, ""6"": null, ""7"": null}","{""0"": 250, ""1"": 250}",250,1,0,0,0,0.281,ultrasonic-not-close,KEEP_PAUSED,left,right,,0
1078,2026-08-01T22:26:12.684+09:00,114.097,1077,9.45,0,DRIVING,,0,1,0,-0.072499,0.130496,0.130496,0,748,green,0,unknown,0.000000,null,0.000000,0.387,,"{""0"": 250, ""1"": 250, ""2"": null, ""3"": null, ""4"": null, ""5"": null, ""6"": null, ""7"": null}","{""0"": 0.0, ""1"": 0.0, ""2"": null, ""3"": null, ""4"": null, ""5"": null, ""6"": null, ""7"": null}","{""0"": 250, ""1"": 250}",250,1,0,0,0,0.387,ultrasonic-not-close,KEEP_PAUSED,left,right,,0
1079,2026-08-01T22:26:12.795+09:00,114.208,1078,9.45,0,DRIVING,,0,1,0,-0.072499,0.130497,0.130497,0,748,green,0,unknown,0.000000,null,0.000000,0.297,,"{""0"": 250, ""1"": 250, ""2"": null, ""3"": null, ""4"": null, ""5"": null, ""6"": null, ""7"": null}","{""0"": 0.0, ""1"": 0.0, ""2"": null, ""3"": null, ""4"": null, ""5"": null, ""6"": null, ""7"": null}","{""0"": 250, ""1"": 250}",250,1,0,0,0,0.297,ultrasonic-not-close,KEEP_PAUSED,left,right,,0
1080,2026-08-01T22:26:12.910+09:00,114.323,1079,9.45,0,DRIVING,,0,1,0,-0.072499,0.130498,0.130498,0,747,green,0,unknown,0.000000,null,0.000000,0.305,,"{""0"": 250, ""1"": 250, ""2"": null, ""3"": null, ""4"": null, ""5"": null, ""6"": null, ""7"": null}","{""0"": 0.0, ""1"": 0.0, ""2"": null, ""3"": null, ""4"": null, ""5"": null, ""6"": null, ""7"": null}","{""0"": 250, ""1"": 250}",250,1,0,0,0,0.305,ultrasonic-not-close,KEEP_PAUSED,left,right,,0
1081,2026-08-01T22:26:13.015+09:00,114.428,1080,9.45,0,DRIVING,,0,1,0,-0.072499,0.130498,0.130498,0,748,green,0,unknown,0.000000,null,0.000000,0.410,,"{""0"": 250, ""1"": 250, ""2"": null, ""3"": null, ""4"": null, ""5"": null, ""6"": null, ""7"": null}","{""0"": 0.0, ""1"": 0.0, ""2"": null, ""3"": null, ""4"": null, ""5"": null, ""6"": null, ""7"": null}","{""0"": 250, ""1"": 250}",250,1,0,0,0,0.410,ultrasonic-not-close,KEEP_PAUSED,left,right,,0
1082,2026-08-01T22:26:13.111+09:00,114.522,1081,9.45,0,DRIVING,,0,1,0,-0.072499,0.130498,0.130498,0,748,green,0,unknown,0.000000,null,0.000000,0.283,,"{""0"": 250, ""1"": 250, ""2"": null, ""3"": null, ""4"": null, ""5"": null, ""6"": null, ""7"": null}","{""0"": 0.0, ""1"": 0.0, ""2"": null, ""3"": null, ""4"": null, ""5"": null, ""6"": null, ""7"": null}","{""0"": 250, ""1"": 250}",250,1,0,0,0,0.283,ultrasonic-not-close,KEEP_PAUSED,left,right,,0
1083,2026-08-01T22:26:13.214+09:00,114.627,1082,9.45,0,DRIVING,,0,1,0,-0.072503,0.130512,0.130512,0,748,green,0,unknown,0.000000,null,0.000000,0.274,,"{""0"": 250, ""1"": 250, ""2"": null, ""3"": null, ""4"": null, ""5"": null, ""6"": null, ""7"": null}","{""0"": 0.0, ""1"": 0.0, ""2"": null, ""3"": null, ""4"": null, ""5"": null, ""6"": null, ""7"": null}","{""0"": 250, ""1"": 250}",250,1,0,0,0,0.274,ultrasonic-not-close,KEEP_PAUSED,left,right,,0
1084,2026-08-01T22:26:13.333+09:00,114.746,1083,9.45,0,DRIVING,,0,1,0,-0.072503,0.130510,0.130510,0,748,green,0,unknown,0.000000,null,0.000000,0.392,,"{""0"": 250, ""1"": 250, ""2"": null, ""3"": null, ""4"": null, ""5"": null, ""6"": null, ""7"": null}","{""0"": 0.0, ""1"": 0.0, ""2"": null, ""3"": null, ""4"": null, ""5"": null, ""6"": null, ""7"": null}","{""0"": 250, ""1"": 250}",250,1,0,0,0,0.392,ultrasonic-not-close,KEEP_PAUSED,left,right,,0
1085,2026-08-01T22:26:13.433+09:00,114.844,1084,9.45,0,DRIVING,,0,1,0,-0.072503,0.130509,0.130509,0,748,green,0,unknown,0.000000,null,0.000000,0.290,,"{""0"": 250, ""1"": 250, ""2"": null, ""3"": null, ""4"": null, ""5"": null, ""6"": null, ""7"": null}","{""0"": 0.0, ""1"": 0.0, ""2"": null, ""3"": null, ""4"": null, ""5"": null, ""6"": null, ""7"": null}","{""0"": 250, ""1"": 250}",250,1,0,0,0,0.290,ultrasonic-not-close,KEEP_PAUSED,left,right,,0
1086,2026-08-01T22:26:13.549+09:00,114.962,1085,9.45,0,DRIVING,,0,1,0,-0.072503,0.130508,0.130508,0,747,green,0,unknown,0.000000,null,0.000000,0.305,,"{""0"": 250, ""1"": 250, ""2"": null, ""3"": null, ""4"": null, ""5"": null, ""6"": null, ""7"": null}","{""0"": 0.0, ""1"": 0.0, ""2"": null, ""3"": null, ""4"": null, ""5"": null, ""6"": null, ""7"": null}","{""0"": 250, ""1"": 250}",250,1,0,0,0,0.305,ultrasonic-not-close,KEEP_PAUSED,left,right,,0
1087,2026-08-01T22:26:13.658+09:00,115.072,1086,9.45,0,DRIVING,,0,1,0,-0.072499,0.130494,0.130494,0,748,green,0,unknown,0.000000,null,0.000000,0.414,,"{""0"": 250, ""1"": 250, ""2"": null, ""3"": null, ""4"": null, ""5"": null, ""6"": null, ""7"": null}","{""0"": 0.0, ""1"": 0.0, ""2"": null, ""3"": null, ""4"": null, ""5"": null, ""6"": null, ""7"": null}","{""0"": 250, ""1"": 250}",250,1,0,0,0,0.414,ultrasonic-not-close,KEEP_PAUSED,left,right,,0
1088,2026-08-01T22:26:13.757+09:00,115.169,1087,9.45,0,DRIVING,,0,1,0,-0.072503,0.130509,0.130509,0,748,green,0,unknown,0.000000,null,0.000000,0.292,,"{""0"": 250, ""1"": 250, ""2"": null, ""3"": null, ""4"": null, ""5"": null, ""6"": null, ""7"": null}","{""0"": 0.0, ""1"": 0.0, ""2"": null, ""3"": null, ""4"": null, ""5"": null, ""6"": null, ""7"": null}","{""0"": 250, ""1"": 250}",250,1,0,0,0,0.292,ultrasonic-not-close,KEEP_PAUSED,left,right,,0
1089,2026-08-01T22:26:13.859+09:00,115.271,1088,9.45,0,DRIVING,,0,1,0,-0.072499,0.130495,0.130495,0,747,green,0,unknown,0.000000,null,0.000000,0.277,,"{""0"": 250, ""1"": 250, ""2"": null, ""3"": null, ""4"": null, ""5"": null, ""6"": null, ""7"": null}","{""0"": 0.0, ""1"": 0.0, ""2"": null, ""3"": null, ""4"": null, ""5"": null, ""6"": null, ""7"": null}","{""0"": 250, ""1"": 250}",250,1,0,0,0,0.277,ultrasonic-not-close,KEEP_PAUSED,left,right,,0
1090,2026-08-01T22:26:13.967+09:00,115.379,1089,9.45,0,DRIVING,,0,1,0,-0.072503,0.130509,0.130509,0,748,green,0,unknown,0.000000,null,0.000000,0.385,,"{""0"": 250, ""1"": 250, ""2"": null, ""3"": null, ""4"": null, ""5"": null, ""6"": null, ""7"": null}","{""0"": 0.0, ""1"": 0.0, ""2"": null, ""3"": null, ""4"": null, ""5"": null, ""6"": null, ""7"": null}","{""0"": 250, ""1"": 250}",250,1,0,0,0,0.385,ultrasonic-not-close,KEEP_PAUSED,left,right,,0
1091,2026-08-01T22:26:14.064+09:00,115.476,1090,9.45,0,DRIVING,,0,1,0,-0.072503,0.130508,0.130508,0,747,green,0,unknown,0.000000,null,0.000000,0.275,,"{""0"": 250, ""1"": 250, ""2"": null, ""3"": null, ""4"": null, ""5"": null, ""6"": null, ""7"": null}","{""0"": 0.0, ""1"": 0.0, ""2"": null, ""3"": null, ""4"": null, ""5"": null, ""6"": null, ""7"": null}","{""0"": 250, ""1"": 250}",250,1,0,0,0,0.275,ultrasonic-not-close,KEEP_PAUSED,left,right,,0
1092,2026-08-01T22:26:14.172+09:00,115.584,1091,9.45,0,DRIVING,,0,1,0,-0.072499,0.130494,0.130494,0,748,green,0,unknown,0.000000,null,0.000000,0.282,,"{""0"": 250, ""1"": 250, ""2"": null, ""3"": null, ""4"": null, ""5"": null, ""6"": null, ""7"": null}","{""0"": 0.0, ""1"": 0.0, ""2"": null, ""3"": null, ""4"": null, ""5"": null, ""6"": null, ""7"": null}","{""0"": 250, ""1"": 250}",250,1,0,0,0,0.282,ultrasonic-not-close,KEEP_PAUSED,left,right,,0
1093,2026-08-01T22:26:14.283+09:00,115.696,1092,9.45,0,DRIVING,,0,1,0,-0.072499,0.130496,0.130496,0,747,green,0,unknown,0.000000,null,0.000000,0.393,,"{""0"": 250, ""1"": 250, ""2"": null, ""3"": null, ""4"": null, ""5"": null, ""6"": null, ""7"": null}","{""0"": 0.0, ""1"": 0.0, ""2"": null, ""3"": null, ""4"": null, ""5"": null, ""6"": null, ""7"": null}","{""0"": 250, ""1"": 250}",250,1,0,0,0,0.393,ultrasonic-not-close,KEEP_PAUSED,left,right,,0
1094,2026-08-01T22:26:14.381+09:00,115.794,1093,9.45,0,DRIVING,,0,1,0,-0.072503,0.130510,0.130510,0,748,green,0,unknown,0.000000,null,0.000000,0.286,,"{""0"": 250, ""1"": 250, ""2"": null, ""3"": null, ""4"": null, ""5"": null, ""6"": null, ""7"": null}","{""0"": 0.0, ""1"": 0.0, ""2"": null, ""3"": null, ""4"": null, ""5"": null, ""6"": null, ""7"": null}","{""0"": 250, ""1"": 250}",250,1,0,0,0,0.286,ultrasonic-not-close,KEEP_PAUSED,left,right,,0
1095,2026-08-01T22:26:14.488+09:00,115.900,1094,9.45,0,DRIVING,,0,1,0,-0.072503,0.130509,0.130509,0,747,green,0,unknown,0.000000,null,0.000000,0.286,,"{""0"": 250, ""1"": 250, ""2"": null, ""3"": null, ""4"": null, ""5"": null, ""6"": null, ""7"": null}","{""0"": 0.0, ""1"": 0.0, ""2"": null, ""3"": null, ""4"": null, ""5"": null, ""6"": null, ""7"": null}","{""0"": 250, ""1"": 250}",250,1,0,0,0,0.286,ultrasonic-not-close,KEEP_PAUSED,left,right,,0
1096,2026-08-01T22:26:14.590+09:00,116.003,1095,9.45,0,DRIVING,,0,1,0,-0.072503,0.130508,0.130508,0,748,green,0,unknown,0.000000,null,0.000000,0.387,,"{""0"": 250, ""1"": 250, ""2"": null, ""3"": null, ""4"": null, ""5"": null, ""6"": null, ""7"": null}","{""0"": 0.0, ""1"": 0.0, ""2"": null, ""3"": null, ""4"": null, ""5"": null, ""6"": null, ""7"": null}","{""0"": 250, ""1"": 250}",250,1,0,0,0,0.387,ultrasonic-not-close,KEEP_PAUSED,left,right,,0
1097,2026-08-01T22:26:14.692+09:00,116.104,1096,9.45,0,DRIVING,,0,1,0,-0.072503,0.130507,0.130507,0,747,green,0,unknown,0.000000,null,0.000000,0.279,,"{""0"": 92, ""1"": 250, ""2"": null, ""3"": null, ""4"": null, ""5"": null, ""6"": null, ""7"": null}","{""0"": 0.0, ""1"": 0.0, ""2"": null, ""3"": null, ""4"": null, ""5"": null, ""6"": null, ""7"": null}","{""0"": 92, ""1"": 250}",92,1,1,0,0,0.279,car-not-detected-or-stale,KEEP_PAUSED,left,right,,0
1098,2026-08-01T22:26:14.809+09:00,116.222,1097,9.45,0,DRIVING,,0,1,0,-0.072499,0.130493,0.130493,0,748,green,0,unknown,0.000000,null,0.000000,0.291,,"{""0"": 250, ""1"": 250, ""2"": null, ""3"": null, ""4"": null, ""5"": null, ""6"": null, ""7"": null}","{""0"": 0.0, ""1"": 0.0, ""2"": null, ""3"": null, ""4"": null, ""5"": null, ""6"": null, ""7"": null}","{""0"": 250, ""1"": 250}",250,1,0,0,0,0.291,ultrasonic-not-close,KEEP_PAUSED,left,right,,0
1099,2026-08-01T22:26:14.915+09:00,116.328,1098,9.45,0,DRIVING,,0,1,0,-0.072499,0.130495,0.130495,0,747,green,0,unknown,0.000000,null,0.000000,0.395,,"{""0"": 95, ""1"": 250, ""2"": null, ""3"": null, ""4"": null, ""5"": null, ""6"": null, ""7"": null}","{""0"": 0.0, ""1"": 0.0, ""2"": null, ""3"": null, ""4"": null, ""5"": null, ""6"": null, ""7"": null}","{""0"": 95, ""1"": 250}",95,1,1,0,0,0.395,car-not-detected-or-stale,KEEP_PAUSED,left,right,,0
1100,2026-08-01T22:26:15.019+09:00,116.431,1099,9.45,0,DRIVING,,0,1,0,-0.072503,0.130510,0.130510,0,749,green,0,unknown,0.000000,null,0.000000,0.294,,"{""0"": 250, ""1"": 250, ""2"": null, ""3"": null, ""4"": null, ""5"": null, ""6"": null, ""7"": null}","{""0"": 0.0, ""1"": 0.0, ""2"": null, ""3"": null, ""4"": null, ""5"": null, ""6"": null, ""7"": null}","{""0"": 250, ""1"": 250}",250,1,0,0,0,0.294,ultrasonic-not-close,KEEP_PAUSED,left,right,,0
1101,2026-08-01T22:26:15.123+09:00,116.536,1100,9.45,0,DRIVING,,0,1,0,-0.072499,0.130495,0.130495,0,747,green,0,unknown,0.000000,null,0.000000,0.284,,"{""0"": 250, ""1"": 250, ""2"": null, ""3"": null, ""4"": null, ""5"": null, ""6"": null, ""7"": null}","{""0"": 0.0, ""1"": 0.0, ""2"": null, ""3"": null, ""4"": null, ""5"": null, ""6"": null, ""7"": null}","{""0"": 250, ""1"": 250}",250,1,0,0,0,0.284,ultrasonic-not-close,KEEP_PAUSED,left,right,,0
1102,2026-08-01T22:26:15.237+09:00,116.651,1101,9.45,0,DRIVING,,0,1,0,-0.072503,0.130510,0.130510,0,747,green,0,unknown,0.000000,null,0.000000,0.397,,"{""0"": 250, ""1"": 250, ""2"": null, ""3"": null, ""4"": null, ""5"": null, ""6"": null, ""7"": null}","{""0"": 0.0, ""1"": 0.0, ""2"": null, ""3"": null, ""4"": null, ""5"": null, ""6"": null, ""7"": null}","{""0"": 250, ""1"": 250}",250,1,0,0,0,0.397,ultrasonic-not-close,KEEP_PAUSED,left,right,,0
1103,2026-08-01T22:26:15.336+09:00,116.749,1102,9.45,0,DRIVING,,0,1,0,-0.072503,0.130509,0.130509,0,748,green,0,unknown,0.000000,null,0.000000,0.284,,"{""0"": 250, ""1"": 250, ""2"": null, ""3"": null, ""4"": null, ""5"": null, ""6"": null, ""7"": null}","{""0"": 0.0, ""1"": 0.0, ""2"": null, ""3"": null, ""4"": null, ""5"": null, ""6"": null, ""7"": null}","{""0"": 250, ""1"": 250}",250,1,0,0,0,0.284,ultrasonic-not-close,KEEP_PAUSED,left,right,,0
1104,2026-08-01T22:26:15.439+09:00,116.851,1103,9.45,0,DRIVING,,0,1,0,-0.072499,0.130494,0.130494,0,748,green,0,unknown,0.000000,null,0.000000,0.285,,"{""0"": 250, ""1"": 250, ""2"": null, ""3"": null, ""4"": null, ""5"": null, ""6"": null, ""7"": null}","{""0"": 0.0, ""1"": 0.0, ""2"": null, ""3"": null, ""4"": null, ""5"": null, ""6"": null, ""7"": null}","{""0"": 250, ""1"": 250}",250,1,0,0,0,0.285,ultrasonic-not-close,KEEP_PAUSED,left,right,,0
1105,2026-08-01T22:26:15.545+09:00,116.957,1104,9.45,0,DRIVING,,0,1,0,-0.072499,0.130496,0.130496,0,748,green,0,unknown,0.000000,null,0.000000,0.389,,"{""0"": 250, ""1"": 250, ""2"": null, ""3"": null, ""4"": null, ""5"": null, ""6"": null, ""7"": null}","{""0"": 0.0, ""1"": 0.0, ""2"": null, ""3"": null, ""4"": null, ""5"": null, ""6"": null, ""7"": null}","{""0"": 250, ""1"": 250}",250,1,0,0,0,0.389,ultrasonic-not-close,KEEP_PAUSED,left,right,,0
1106,2026-08-01T22:26:15.646+09:00,117.057,1105,9.45,0,DRIVING,,0,1,0,-0.072503,0.130510,0.130510,0,748,green,0,unknown,0.000000,null,0.000000,0.277,,"{""0"": 250, ""1"": 250, ""2"": null, ""3"": null, ""4"": null, ""5"": null, ""6"": null, ""7"": null}","{""0"": 0.0, ""1"": 0.0, ""2"": null, ""3"": null, ""4"": null, ""5"": null, ""6"": null, ""7"": null}","{""0"": 250, ""1"": 250}",250,1,0,0,0,0.277,ultrasonic-not-close,KEEP_PAUSED,left,right,,0
1107,2026-08-01T22:26:15.761+09:00,117.173,1106,9.45,0,DRIVING,,0,1,0,-0.072499,0.130495,0.130495,0,747,green,0,unknown,0.000000,null,0.000000,0.290,,"{""0"": 250, ""1"": 250, ""2"": null, ""3"": null, ""4"": null, ""5"": null, ""6"": null, ""7"": null}","{""0"": 0.0, ""1"": 0.0, ""2"": null, ""3"": null, ""4"": null, ""5"": null, ""6"": null, ""7"": null}","{""0"": 250, ""1"": 250}",250,1,0,0,0,0.290,ultrasonic-not-close,KEEP_PAUSED,left,right,,0
1108,2026-08-01T22:26:15.874+09:00,117.287,1107,9.45,0,DRIVING,,0,1,0,-0.072503,0.130510,0.130510,0,748,green,0,unknown,0.000000,null,0.000000,0.196,,"{""0"": 250, ""1"": 250, ""2"": null, ""3"": null, ""4"": null, ""5"": null, ""6"": null, ""7"": null}","{""0"": 0.0, ""1"": 0.0, ""2"": null, ""3"": null, ""4"": null, ""5"": null, ""6"": null, ""7"": null}","{""0"": 250, ""1"": 250}",250,1,0,0,0,0.196,ultrasonic-not-close,KEEP_PAUSED,left,right,,0
1109,2026-08-01T22:26:15.978+09:00,117.391,1108,9.45,0,DRIVING,,0,1,0,-0.072503,0.130509,0.130509,0,748,green,0,unknown,0.000000,null,0.000000,0.299,,"{""0"": 250, ""1"": 250, ""2"": null, ""3"": null, ""4"": null, ""5"": null, ""6"": null, ""7"": null}","{""0"": 0.0, ""1"": 0.0, ""2"": null, ""3"": null, ""4"": null, ""5"": null, ""6"": null, ""7"": null}","{""0"": 250, ""1"": 250}",250,1,0,0,0,0.299,ultrasonic-not-close,KEEP_PAUSED,left,right,,0
1110,2026-08-01T22:26:16.093+09:00,117.506,1109,9.45,0,DRIVING,,0,1,0,-0.072499,0.130494,0.130494,0,749,green,0,unknown,0.000000,null,0.000000,0.302,,"{""0"": 250, ""1"": 250, ""2"": null, ""3"": null, ""4"": null, ""5"": null, ""6"": null, ""7"": null}","{""0"": 0.0, ""1"": 0.0, ""2"": null, ""3"": null, ""4"": null, ""5"": null, ""6"": null, ""7"": null}","{""0"": 250, ""1"": 250}",250,1,0,0,0,0.302,ultrasonic-not-close,KEEP_PAUSED,left,right,,0
1111,2026-08-01T22:26:16.203+09:00,117.616,1110,9.45,0,DRIVING,,0,1,0,-0.072499,0.130496,0.130496,0,747,green,0,unknown,0.000000,null,0.000000,0.192,,"{""0"": 250, ""1"": 250, ""2"": null, ""3"": null, ""4"": null, ""5"": null, ""6"": null, ""7"": null}","{""0"": 0.0, ""1"": 0.0, ""2"": null, ""3"": null, ""4"": null, ""5"": null, ""6"": null, ""7"": null}","{""0"": 250, ""1"": 250}",250,1,0,0,0,0.192,ultrasonic-not-close,KEEP_PAUSED,left,right,,0
1112,2026-08-01T22:26:16.311+09:00,117.724,1111,9.45,0,DRIVING,,0,1,0,-0.072499,0.130497,0.130497,0,748,green,0,unknown,0.000000,null,0.000000,0.299,,"{""0"": 250, ""1"": 250, ""2"": null, ""3"": null, ""4"": null, ""5"": null, ""6"": null, ""7"": null}","{""0"": 0.0, ""1"": 0.0, ""2"": null, ""3"": null, ""4"": null, ""5"": null, ""6"": null, ""7"": null}","{""0"": 250, ""1"": 250}",250,1,0,0,0,0.299,ultrasonic-not-close,KEEP_PAUSED,left,right,,0
1113,2026-08-01T22:26:16.410+09:00,117.823,1112,9.45,0,DRIVING,,0,1,0,-0.072499,0.130497,0.130497,0,748,green,0,unknown,0.000000,null,0.000000,0.286,,"{""0"": 250, ""1"": 250, ""2"": null, ""3"": null, ""4"": null, ""5"": null, ""6"": null, ""7"": null}","{""0"": 0.0, ""1"": 0.0, ""2"": null, ""3"": null, ""4"": null, ""5"": null, ""6"": null, ""7"": null}","{""0"": 250, ""1"": 250}",250,1,0,0,0,0.286,ultrasonic-not-close,KEEP_PAUSED,left,right,,0
1114,2026-08-01T22:26:16.519+09:00,117.932,1113,9.45,0,DRIVING,,0,1,0,-0.072499,0.130498,0.130498,0,747,green,0,unknown,0.000000,null,0.000000,0.176,,"{""0"": 250, ""1"": 250, ""2"": null, ""3"": null, ""4"": null, ""5"": null, ""6"": null, ""7"": null}","{""0"": 0.0, ""1"": 0.0, ""2"": null, ""3"": null, ""4"": null, ""5"": null, ""6"": null, ""7"": null}","{""0"": 250, ""1"": 250}",250,1,0,0,0,0.176,ultrasonic-not-close,KEEP_PAUSED,left,right,,0
1115,2026-08-01T22:26:16.625+09:00,118.038,1114,9.45,0,DRIVING,,0,1,0,-0.072499,0.130498,0.130498,0,747,green,0,unknown,0.000000,null,0.000000,0.279,,"{""0"": 250, ""1"": 250, ""2"": null, ""3"": null, ""4"": null, ""5"": null, ""6"": null, ""7"": null}","{""0"": 0.0, ""1"": 0.0, ""2"": null, ""3"": null, ""4"": null, ""5"": null, ""6"": null, ""7"": null}","{""0"": 250, ""1"": 250}",250,1,0,0,0,0.279,ultrasonic-not-close,KEEP_PAUSED,left,right,,0
1116,2026-08-01T22:26:16.720+09:00,118.132,1115,9.45,0,DRIVING,,0,1,0,-0.072503,0.130512,0.130512,0,747,green,0,unknown,0.000000,null,0.000000,0.278,,"{""0"": 97, ""1"": 250, ""2"": null, ""3"": null, ""4"": null, ""5"": null, ""6"": null, ""7"": null}","{""0"": 0.0, ""1"": 0.0, ""2"": null, ""3"": null, ""4"": null, ""5"": null, ""6"": null, ""7"": null}","{""0"": 97, ""1"": 250}",97,1,1,0,0,0.278,car-not-detected-or-stale,KEEP_PAUSED,left,right,,0
1117,2026-08-01T22:26:16.827+09:00,118.241,1116,9.45,0,DRIVING,,0,1,0,-0.072503,0.130510,0.130510,0,747,green,0,unknown,0.000000,null,0.000000,0.170,,"{""0"": 250, ""1"": 250, ""2"": null, ""3"": null, ""4"": null, ""5"": null, ""6"": null, ""7"": null}","{""0"": 0.0, ""1"": 0.0, ""2"": null, ""3"": null, ""4"": null, ""5"": null, ""6"": null, ""7"": null}","{""0"": 250, ""1"": 250}",250,1,0,0,0,0.170,ultrasonic-not-close,KEEP_PAUSED,left,right,,0
1118,2026-08-01T22:26:16.943+09:00,118.355,1117,9.45,0,DRIVING,,0,1,0,-0.072499,0.130495,0.130495,0,748,green,0,unknown,0.000000,null,0.000000,0.283,,"{""0"": 250, ""1"": 250, ""2"": null, ""3"": null, ""4"": null, ""5"": null, ""6"": null, ""7"": null}","{""0"": 0.0, ""1"": 0.0, ""2"": null, ""3"": null, ""4"": null, ""5"": null, ""6"": null, ""7"": null}","{""0"": 250, ""1"": 250}",250,1,0,0,0,0.283,ultrasonic-not-close,KEEP_PAUSED,left,right,,0
1119,2026-08-01T22:26:17.051+09:00,118.463,1118,9.45,0,DRIVING,,0,1,0,-0.072499,0.130497,0.130497,0,747,green,0,unknown,0.000000,null,0.000000,0.300,,"{""0"": 250, ""1"": 250, ""2"": null, ""3"": null, ""4"": null, ""5"": null, ""6"": null, ""7"": null}","{""0"": 0.0, ""1"": 0.0, ""2"": null, ""3"": null, ""4"": null, ""5"": null, ""6"": null, ""7"": null}","{""0"": 250, ""1"": 250}",250,1,0,0,0,0.300,ultrasonic-not-close,KEEP_PAUSED,left,right,,0
1120,2026-08-01T22:26:17.156+09:00,118.568,1119,9.45,0,DRIVING,,0,1,0,-0.072503,0.130511,0.130511,0,747,green,0,unknown,0.000000,null,0.000000,0.181,,"{""0"": 250, ""1"": 250, ""2"": null, ""3"": null, ""4"": null, ""5"": null, ""6"": null, ""7"": null}","{""0"": 0.0, ""1"": 0.0, ""2"": null, ""3"": null, ""4"": null, ""5"": null, ""6"": null, ""7"": null}","{""0"": 250, ""1"": 250}",250,1,0,0,0,0.181,ultrasonic-not-close,KEEP_PAUSED,left,right,,0
1121,2026-08-01T22:26:17.262+09:00,118.674,1120,9.45,0,DRIVING,,0,1,0,-0.072503,0.130509,0.130509,0,747,green,0,unknown,0.000000,null,0.000000,0.285,,"{""0"": 250, ""1"": 250, ""2"": null, ""3"": null, ""4"": null, ""5"": null, ""6"": null, ""7"": null}","{""0"": 0.0, ""1"": 0.0, ""2"": null, ""3"": null, ""4"": null, ""5"": null, ""6"": null, ""7"": null}","{""0"": 250, ""1"": 250}",250,1,0,0,0,0.285,ultrasonic-not-close,KEEP_PAUSED,left,right,,0
1122,2026-08-01T22:26:17.369+09:00,118.782,1121,9.45,0,DRIVING,,0,1,0,-0.072503,0.130508,0.130508,0,748,green,0,unknown,0.000000,null,0.000000,0.287,,"{""0"": 250, ""1"": 250, ""2"": null, ""3"": null, ""4"": null, ""5"": null, ""6"": null, ""7"": null}","{""0"": 0.0, ""1"": 0.0, ""2"": null, ""3"": null, ""4"": null, ""5"": null, ""6"": null, ""7"": null}","{""0"": 250, ""1"": 250}",250,1,0,0,0,0.287,ultrasonic-not-close,KEEP_PAUSED,left,right,,0
1123,2026-08-01T22:26:17.477+09:00,118.890,1122,9.45,0,DRIVING,,0,1,0,-0.072499,0.130494,0.130494,0,747,green,0,unknown,0.000000,null,0.000000,0.183,,"{""0"": 250, ""1"": 250, ""2"": null, ""3"": null, ""4"": null, ""5"": null, ""6"": null, ""7"": null}","{""0"": 0.0, ""1"": 0.0, ""2"": null, ""3"": null, ""4"": null, ""5"": null, ""6"": null, ""7"": null}","{""0"": 250, ""1"": 250}",250,1,0,0,0,0.183,ultrasonic-not-close,KEEP_PAUSED,left,right,,0
1124,2026-08-01T22:26:17.588+09:00,118.999,1123,9.45,0,DRIVING,,0,1,0,-0.072499,0.130496,0.130496,0,748,green,0,unknown,0.000000,null,0.000000,0.292,,"{""0"": 250, ""1"": 250, ""2"": null, ""3"": null, ""4"": null, ""5"": null, ""6"": null, ""7"": null}","{""0"": 0.0, ""1"": 0.0, ""2"": null, ""3"": null, ""4"": null, ""5"": null, ""6"": null, ""7"": null}","{""0"": 250, ""1"": 250}",250,1,0,0,0,0.292,ultrasonic-not-close,KEEP_PAUSED,left,right,,0
1125,2026-08-01T22:26:17.702+09:00,119.115,1124,9.45,0,DRIVING,,0,1,0,-0.072499,0.130497,0.130497,0,748,green,0,unknown,0.000000,null,0.000000,0.302,,"{""0"": 250, ""1"": 250, ""2"": null, ""3"": null, ""4"": null, ""5"": null, ""6"": null, ""7"": null}","{""0"": 0.0, ""1"": 0.0, ""2"": null, ""3"": null, ""4"": null, ""5"": null, ""6"": null, ""7"": null}","{""0"": 250, ""1"": 250}",250,1,0,0,0,0.302,ultrasonic-not-close,KEEP_PAUSED,left,right,,0
1126,2026-08-01T22:26:17.813+09:00,119.226,1125,9.45,0,DRIVING,,0,1,0,-0.072503,0.130511,0.130511,0,746,green,0,unknown,0.000000,null,0.000000,0.195,,"{""0"": 250, ""1"": 250, ""2"": null, ""3"": null, ""4"": null, ""5"": null, ""6"": null, ""7"": null}","{""0"": 0.0, ""1"": 0.0, ""2"": null, ""3"": null, ""4"": null, ""5"": null, ""6"": null, ""7"": null}","{""0"": 250, ""1"": 250}",250,1,0,0,0,0.195,ultrasonic-not-close,KEEP_PAUSED,left,right,,0
1127,2026-08-01T22:26:17.922+09:00,119.333,1126,9.45,0,DRIVING,,0,1,0,-0.072499,0.130496,0.130496,0,747,green,0,unknown,0.000000,null,0.000000,0.301,,"{""0"": 250, ""1"": 250, ""2"": null, ""3"": null, ""4"": null, ""5"": null, ""6"": null, ""7"": null}","{""0"": 0.0, ""1"": 0.0, ""2"": null, ""3"": null, ""4"": null, ""5"": null, ""6"": null, ""7"": null}","{""0"": 250, ""1"": 250}",250,1,0,0,0,0.301,ultrasonic-not-close,KEEP_PAUSED,left,right,,0
1128,2026-08-01T22:26:18.033+09:00,119.447,1127,9.44,0,DRIVING,,0,1,0,-0.072503,0.130510,0.130510,0,747,green,0,unknown,0.000000,null,0.000000,0.301,,"{""0"": 250, ""1"": 250, ""2"": null, ""3"": null, ""4"": null, ""5"": null, ""6"": null, ""7"": null}","{""0"": 0.0, ""1"": 0.0, ""2"": null, ""3"": null, ""4"": null, ""5"": null, ""6"": null, ""7"": null}","{""0"": 250, ""1"": 250}",250,1,0,0,0,0.301,ultrasonic-not-close,KEEP_PAUSED,left,right,,0
1129,2026-08-01T22:26:18.148+09:00,119.561,1128,9.44,0,DRIVING,,0,1,0,-0.072499,0.130496,0.130496,0,748,green,0,unknown,0.000000,null,0.000000,0.305,,"{""0"": 250, ""1"": 250, ""2"": null, ""3"": null, ""4"": null, ""5"": null, ""6"": null, ""7"": null}","{""0"": 0.0, ""1"": 0.0, ""2"": null, ""3"": null, ""4"": null, ""5"": null, ""6"": null, ""7"": null}","{""0"": 250, ""1"": 250}",250,1,0,0,0,0.305,ultrasonic-not-close,KEEP_PAUSED,left,right,,0
1130,2026-08-01T22:26:18.251+09:00,119.664,1129,9.44,0,DRIVING,,0,1,0,-0.072503,0.130510,0.130510,0,748,green,0,unknown,0.000000,null,0.000000,0.406,,"{""0"": 109, ""1"": 250, ""2"": null, ""3"": null, ""4"": null, ""5"": null, ""6"": null, ""7"": null}","{""0"": 0.0, ""1"": 0.0, ""2"": null, ""3"": null, ""4"": null, ""5"": null, ""6"": null, ""7"": null}","{""0"": 109, ""1"": 250}",109,1,1,0,0,0.406,car-not-detected-or-stale,KEEP_PAUSED,left,right,,0
1131,2026-08-01T22:26:18.356+09:00,119.769,1130,9.44,0,DRIVING,,0,1,0,-0.072499,0.130495,0.130495,0,747,green,0,unknown,0.000000,null,0.000000,0.290,,"{""0"": 111, ""1"": 250, ""2"": null, ""3"": null, ""4"": null, ""5"": null, ""6"": null, ""7"": null}","{""0"": 0.0, ""1"": 0.0, ""2"": null, ""3"": null, ""4"": null, ""5"": null, ""6"": null, ""7"": null}","{""0"": 111, ""1"": 250}",111,1,1,0,0,0.290,car-not-detected-or-stale,KEEP_PAUSED,left,right,,0
1132,2026-08-01T22:26:18.468+09:00,119.880,1131,9.44,0,DRIVING,,0,1,0,-0.072499,0.130496,0.130496,0,747,green,0,unknown,0.000000,null,0.000000,0.289,,"{""0"": 250, ""1"": 250, ""2"": null, ""3"": null, ""4"": null, ""5"": null, ""6"": null, ""7"": null}","{""0"": 0.0, ""1"": 0.0, ""2"": null, ""3"": null, ""4"": null, ""5"": null, ""6"": null, ""7"": null}","{""0"": 250, ""1"": 250}",250,1,0,0,0,0.289,ultrasonic-not-close,KEEP_PAUSED,left,right,,0
1133,2026-08-01T22:26:18.582+09:00,119.996,1132,9.44,0,DRIVING,,0,1,0,-0.072503,0.130511,0.130511,0,748,green,0,unknown,0.000000,null,0.000000,0.402,,"{""0"": 111, ""1"": 250, ""2"": null, ""3"": null, ""4"": null, ""5"": null, ""6"": null, ""7"": null}","{""0"": 0.0, ""1"": 0.0, ""2"": null, ""3"": null, ""4"": null, ""5"": null, ""6"": null, ""7"": null}","{""0"": 111, ""1"": 250}",111,1,1,0,0,0.402,car-not-detected-or-stale,KEEP_PAUSED,left,right,,0
1134,2026-08-01T22:26:18.683+09:00,120.095,1133,9.44,0,DRIVING,,0,1,0,-0.072503,0.130509,0.130509,0,748,green,0,unknown,0.000000,null,0.000000,0.294,,"{""0"": 250, ""1"": 250, ""2"": null, ""3"": null, ""4"": null, ""5"": null, ""6"": null, ""7"": null}","{""0"": 0.0, ""1"": 0.0, ""2"": null, ""3"": null, ""4"": null, ""5"": null, ""6"": null, ""7"": null}","{""0"": 250, ""1"": 250}",250,1,0,0,0,0.294,ultrasonic-not-close,KEEP_PAUSED,left,right,,0
1135,2026-08-01T22:26:18.789+09:00,120.202,1134,9.44,0,DRIVING,,0,1,0,-0.072499,0.130495,0.130495,0,748,green,0,unknown,0.000000,null,0.000000,0.291,,"{""0"": 250, ""1"": 250, ""2"": null, ""3"": null, ""4"": null, ""5"": null, ""6"": null, ""7"": null}","{""0"": 0.0, ""1"": 0.0, ""2"": null, ""3"": null, ""4"": null, ""5"": null, ""6"": null, ""7"": null}","{""0"": 250, ""1"": 250}",250,1,0,0,0,0.291,ultrasonic-not-close,KEEP_PAUSED,left,right,,0
1136,2026-08-01T22:26:18.899+09:00,120.313,1135,9.44,0,DRIVING,,0,1,0,-0.072503,0.130509,0.130509,0,748,green,0,unknown,0.000000,null,0.000000,0.400,,"{""0"": 250, ""1"": 250, ""2"": null, ""3"": null, ""4"": null, ""5"": null, ""6"": null, ""7"": null}","{""0"": 0.0, ""1"": 0.0, ""2"": null, ""3"": null, ""4"": null, ""5"": null, ""6"": null, ""7"": null}","{""0"": 250, ""1"": 250}",250,1,0,0,0,0.400,ultrasonic-not-close,KEEP_PAUSED,left,right,,0
1137,2026-08-01T22:26:18.999+09:00,120.411,1136,9.44,0,DRIVING,,0,1,0,-0.072499,0.130495,0.130495,0,747,green,0,unknown,0.000000,null,0.000000,0.283,,"{""0"": 250, ""1"": 250, ""2"": null, ""3"": null, ""4"": null, ""5"": null, ""6"": null, ""7"": null}","{""0"": 0.0, ""1"": 0.0, ""2"": null, ""3"": null, ""4"": null, ""5"": null, ""6"": null, ""7"": null}","{""0"": 250, ""1"": 250}",250,1,0,0,0,0.283,ultrasonic-not-close,KEEP_PAUSED,left,right,,0
1138,2026-08-01T22:26:19.098+09:00,120.512,1137,9.44,0,DRIVING,,0,1,0,-0.072499,0.130496,0.130496,0,748,green,0,unknown,0.000000,null,0.000000,0.279,,"{""0"": 250, ""1"": 250, ""2"": null, ""3"": null, ""4"": null, ""5"": null, ""6"": null, ""7"": null}","{""0"": 0.0, ""1"": 0.0, ""2"": null, ""3"": null, ""4"": null, ""5"": null, ""6"": null, ""7"": null}","{""0"": 250, ""1"": 250}",250,1,0,0,0,0.279,ultrasonic-not-close,KEEP_PAUSED,left,right,,0
1139,2026-08-01T22:26:19.202+09:00,120.615,1138,9.44,0,DRIVING,,0,1,0,-0.072499,0.130497,0.130497,0,748,green,0,unknown,0.000000,null,0.000000,0.381,,"{""0"": 250, ""1"": 250, ""2"": null, ""3"": null, ""4"": null, ""5"": null, ""6"": null, ""7"": null}","{""0"": 0.0, ""1"": 0.0, ""2"": null, ""3"": null, ""4"": null, ""5"": null, ""6"": null, ""7"": null}","{""0"": 250, ""1"": 250}",250,1,0,0,0,0.381,ultrasonic-not-close,KEEP_PAUSED,left,right,,0
1140,2026-08-01T22:26:19.301+09:00,120.715,1139,9.45,0,DRIVING,,0,1,0,-0.072499,0.130498,0.130498,0,748,green,0,unknown,0.000000,null,0.000000,0.272,,"{""0"": 250, ""1"": 250, ""2"": null, ""3"": null, ""4"": null, ""5"": null, ""6"": null, ""7"": null}","{""0"": 0.0, ""1"": 0.0, ""2"": null, ""3"": null, ""4"": null, ""5"": null, ""6"": null, ""7"": null}","{""0"": 250, ""1"": 250}",250,1,0,0,0,0.272,ultrasonic-not-close,KEEP_PAUSED,left,right,,0
1141,2026-08-01T22:26:19.416+09:00,120.829,1140,9.44,0,DRIVING,,0,1,0,-0.072499,0.130498,0.130498,0,748,green,0,unknown,0.000000,null,0.000000,0.288,,"{""0"": 250, ""1"": 250, ""2"": null, ""3"": null, ""4"": null, ""5"": null, ""6"": null, ""7"": null}","{""0"": 0.0, ""1"": 0.0, ""2"": null, ""3"": null, ""4"": null, ""5"": null, ""6"": null, ""7"": null}","{""0"": 250, ""1"": 250}",250,1,0,0,0,0.288,ultrasonic-not-close,KEEP_PAUSED,left,right,,0
1142,2026-08-01T22:26:19.528+09:00,120.942,1141,9.44,0,DRIVING,,0,1,0,-0.072499,0.130498,0.130498,0,748,green,0,unknown,0.000000,null,0.000000,0.398,,"{""0"": 250, ""1"": 250, ""2"": null, ""3"": null, ""4"": null, ""5"": null, ""6"": null, ""7"": null}","{""0"": 0.0, ""1"": 0.0, ""2"": null, ""3"": null, ""4"": null, ""5"": null, ""6"": null, ""7"": null}","{""0"": 250, ""1"": 250}",250,1,0,0,0,0.398,ultrasonic-not-close,KEEP_PAUSED,left,right,,0
1143,2026-08-01T22:26:19.636+09:00,121.048,1142,9.44,0,DRIVING,,0,1,0,-0.072499,0.130499,0.130499,0,748,green,0,unknown,0.000000,null,0.000000,0.303,,"{""0"": 250, ""1"": 250, ""2"": null, ""3"": null, ""4"": null, ""5"": null, ""6"": null, ""7"": null}","{""0"": 0.0, ""1"": 0.0, ""2"": null, ""3"": null, ""4"": null, ""5"": null, ""6"": null, ""7"": null}","{""0"": 250, ""1"": 250}",250,1,0,0,0,0.303,ultrasonic-not-close,KEEP_PAUSED,left,right,,0
1144,2026-08-01T22:26:19.745+09:00,121.157,1143,9.44,0,DRIVING,,0,1,0,-0.072499,0.130499,0.130499,0,747,green,0,unknown,0.000000,null,0.000000,0.297,,"{""0"": 250, ""1"": 250, ""2"": null, ""3"": null, ""4"": null, ""5"": null, ""6"": null, ""7"": null}","{""0"": 0.0, ""1"": 0.0, ""2"": null, ""3"": null, ""4"": null, ""5"": null, ""6"": null, ""7"": null}","{""0"": 250, ""1"": 250}",250,1,0,0,0,0.297,ultrasonic-not-close,KEEP_PAUSED,left,right,,0
1145,2026-08-01T22:26:19.855+09:00,121.268,1144,9.44,0,DRIVING,,0,1,0,-0.072499,0.130499,0.130499,0,747,green,0,unknown,0.000000,null,0.000000,0.408,,"{""0"": 250, ""1"": 250, ""2"": null, ""3"": null, ""4"": null, ""5"": null, ""6"": null, ""7"": null}","{""0"": 0.0, ""1"": 0.0, ""2"": null, ""3"": null, ""4"": null, ""5"": null, ""6"": null, ""7"": null}","{""0"": 250, ""1"": 250}",250,1,0,0,0,0.408,ultrasonic-not-close,KEEP_PAUSED,left,right,,0
1146,2026-08-01T22:26:19.962+09:00,121.373,1145,9.44,0,DRIVING,,0,1,0,-0.072499,0.130499,0.130499,0,748,green,0,unknown,0.000000,null,0.000000,0.292,,"{""0"": 250, ""1"": 250, ""2"": null, ""3"": null, ""4"": null, ""5"": null, ""6"": null, ""7"": null}","{""0"": 0.0, ""1"": 0.0, ""2"": null, ""3"": null, ""4"": null, ""5"": null, ""6"": null, ""7"": null}","{""0"": 250, ""1"": 250}",250,1,0,0,0,0.292,ultrasonic-not-close,KEEP_PAUSED,left,right,,0
1147,2026-08-01T22:26:20.067+09:00,121.479,1146,9.44,0,DRIVING,,0,1,0,-0.072499,0.130499,0.130499,0,748,green,0,unknown,0.000000,null,0.000000,0.291,,"{""0"": 250, ""1"": 250, ""2"": null, ""3"": null, ""4"": null, ""5"": null, ""6"": null, ""7"": null}","{""0"": 0.0, ""1"": 0.0, ""2"": null, ""3"": null, ""4"": null, ""5"": null, ""6"": null, ""7"": null}","{""0"": 250, ""1"": 250}",250,1,0,0,0,0.291,ultrasonic-not-close,KEEP_PAUSED,left,right,,0
1148,2026-08-01T22:26:20.169+09:00,121.582,1147,9.44,0,DRIVING,,0,1,0,-0.072503,0.130512,0.130512,0,747,green,0,unknown,0.000000,null,0.000000,0.393,,"{""0"": 250, ""1"": 250, ""2"": null, ""3"": null, ""4"": null, ""5"": null, ""6"": null, ""7"": null}","{""0"": 0.0, ""1"": 0.0, ""2"": null, ""3"": null, ""4"": null, ""5"": null, ""6"": null, ""7"": null}","{""0"": 250, ""1"": 250}",250,1,0,0,0,0.393,ultrasonic-not-close,KEEP_PAUSED,left,right,,0
1149,2026-08-01T22:26:20.264+09:00,121.676,1148,9.44,0,DRIVING,,0,1,0,-0.072503,0.130510,0.130510,0,747,green,0,unknown,0.000000,null,0.000000,0.271,,"{""0"": 250, ""1"": 250, ""2"": null, ""3"": null, ""4"": null, ""5"": null, ""6"": null, ""7"": null}","{""0"": 0.0, ""1"": 0.0, ""2"": null, ""3"": null, ""4"": null, ""5"": null, ""6"": null, ""7"": null}","{""0"": 250, ""1"": 250}",250,1,0,0,0,0.271,ultrasonic-not-close,KEEP_PAUSED,left,right,,0
1150,2026-08-01T22:26:20.369+09:00,121.782,1149,9.44,0,DRIVING,,0,1,0,-0.072499,0.130496,0.130496,0,749,green,0,unknown,0.000000,null,0.000000,0.272,,"{""0"": 250, ""1"": 250, ""2"": null, ""3"": null, ""4"": null, ""5"": null, ""6"": null, ""7"": null}","{""0"": 0.0, ""1"": 0.0, ""2"": null, ""3"": null, ""4"": null, ""5"": null, ""6"": null, ""7"": null}","{""0"": 250, ""1"": 250}",250,1,0,0,0,0.272,ultrasonic-not-close,KEEP_PAUSED,left,right,,0
1151,2026-08-01T22:26:20.478+09:00,121.890,1150,9.44,0,DRIVING,,0,1,0,-0.072499,0.130497,0.130497,0,747,green,0,unknown,0.000000,null,0.000000,0.378,,"{""0"": 250, ""1"": 250, ""2"": null, ""3"": null, ""4"": null, ""5"": null, ""6"": null, ""7"": null}","{""0"": 0.0, ""1"": 0.0, ""2"": null, ""3"": null, ""4"": null, ""5"": null, ""6"": null, ""7"": null}","{""0"": 250, ""1"": 250}",250,1,0,0,0,0.378,ultrasonic-not-close,KEEP_PAUSED,left,right,,0
1152,2026-08-01T22:26:20.572+09:00,121.985,1151,9.45,0,DRIVING,,0,1,0,-0.072499,0.130497,0.130497,0,748,green,0,unknown,0.000000,null,0.000000,0.276,,"{""0"": 250, ""1"": 250, ""2"": null, ""3"": null, ""4"": null, ""5"": null, ""6"": null, ""7"": null}","{""0"": 0.0, ""1"": 0.0, ""2"": null, ""3"": null, ""4"": null, ""5"": null, ""6"": null, ""7"": null}","{""0"": 250, ""1"": 250}",250,1,0,0,0,0.276,ultrasonic-not-close,KEEP_PAUSED,left,right,,0
1153,2026-08-01T22:26:20.683+09:00,122.096,1152,9.44,0,DRIVING,,0,1,0,-0.072499,0.130498,0.130498,0,748,green,0,unknown,0.000000,null,0.000000,0.283,,"{""0"": 250, ""1"": 250, ""2"": null, ""3"": null, ""4"": null, ""5"": null, ""6"": null, ""7"": null}","{""0"": 0.0, ""1"": 0.0, ""2"": null, ""3"": null, ""4"": null, ""5"": null, ""6"": null, ""7"": null}","{""0"": 250, ""1"": 250}",250,1,0,0,0,0.283,ultrasonic-not-close,KEEP_PAUSED,left,right,,0
1154,2026-08-01T22:26:20.787+09:00,122.199,1153,9.44,0,DRIVING,,0,1,0,-0.072499,0.130498,0.130498,0,748,green,0,unknown,0.000000,null,0.000000,0.386,,"{""0"": 250, ""1"": 250, ""2"": null, ""3"": null, ""4"": null, ""5"": null, ""6"": null, ""7"": null}","{""0"": 0.0, ""1"": 0.0, ""2"": null, ""3"": null, ""4"": null, ""5"": null, ""6"": null, ""7"": null}","{""0"": 250, ""1"": 250}",250,1,0,0,0,0.386,ultrasonic-not-close,KEEP_PAUSED,left,right,,0
1155,2026-08-01T22:26:20.885+09:00,122.297,1154,9.45,0,DRIVING,,0,1,0,-0.072499,0.130499,0.130499,0,748,green,0,unknown,0.000000,null,0.000000,0.282,,"{""0"": 250, ""1"": 250, ""2"": null, ""3"": null, ""4"": null, ""5"": null, ""6"": null, ""7"": null}","{""0"": 0.0, ""1"": 0.0, ""2"": null, ""3"": null, ""4"": null, ""5"": null, ""6"": null, ""7"": null}","{""0"": 250, ""1"": 250}",250,1,0,0,0,0.282,ultrasonic-not-close,KEEP_PAUSED,left,right,,0
1156,2026-08-01T22:26:20.988+09:00,122.402,1155,9.45,0,DRIVING,,0,1,0,-0.072503,0.130512,0.130512,0,748,green,0,unknown,0.000000,null,0.000000,0.275,,"{""0"": 250, ""1"": 250, ""2"": null, ""3"": null, ""4"": null, ""5"": null, ""6"": null, ""7"": null}","{""0"": 0.0, ""1"": 0.0, ""2"": null, ""3"": null, ""4"": null, ""5"": null, ""6"": null, ""7"": null}","{""0"": 250, ""1"": 250}",250,1,0,0,0,0.275,ultrasonic-not-close,KEEP_PAUSED,left,right,,0
1157,2026-08-01T22:26:21.099+09:00,122.512,1156,9.45,0,DRIVING,,0,1,0,-0.072503,0.130510,0.130510,0,748,green,0,unknown,0.000000,null,0.000000,0.384,,"{""0"": 250, ""1"": 250, ""2"": null, ""3"": null, ""4"": null, ""5"": null, ""6"": null, ""7"": null}","{""0"": 0.0, ""1"": 0.0, ""2"": null, ""3"": null, ""4"": null, ""5"": null, ""6"": null, ""7"": null}","{""0"": 250, ""1"": 250}",250,1,0,0,0,0.384,ultrasonic-not-close,KEEP_PAUSED,left,right,,0
1158,2026-08-01T22:26:21.196+09:00,122.608,1157,9.45,0,DRIVING,,0,1,0,-0.072499,0.130495,0.130495,0,748,green,0,unknown,0.000000,null,0.000000,0.280,,"{""0"": 250, ""1"": 250, ""2"": null, ""3"": null, ""4"": null, ""5"": null, ""6"": null, ""7"": null}","{""0"": 0.0, ""1"": 0.0, ""2"": null, ""3"": null, ""4"": null, ""5"": null, ""6"": null, ""7"": null}","{""0"": 250, ""1"": 250}",250,1,0,0,0,0.280,ultrasonic-not-close,KEEP_PAUSED,left,right,,0
1159,2026-08-01T22:26:21.299+09:00,122.711,1158,9.45,0,DRIVING,,0,1,0,-0.072499,0.130497,0.130497,0,748,green,0,unknown,0.000000,null,0.000000,0.279,,"{""0"": 250, ""1"": 250, ""2"": null, ""3"": null, ""4"": null, ""5"": null, ""6"": null, ""7"": null}","{""0"": 0.0, ""1"": 0.0, ""2"": null, ""3"": null, ""4"": null, ""5"": null, ""6"": null, ""7"": null}","{""0"": 250, ""1"": 250}",250,1,0,0,0,0.279,ultrasonic-not-close,KEEP_PAUSED,left,right,,0
1160,2026-08-01T22:26:21.402+09:00,122.815,1159,9.45,0,DRIVING,,0,1,0,-0.072499,0.130497,0.130497,0,748,green,0,unknown,0.000000,null,0.000000,0.382,,"{""0"": 250, ""1"": 250, ""2"": null, ""3"": null, ""4"": null, ""5"": null, ""6"": null, ""7"": null}","{""0"": 0.0, ""1"": 0.0, ""2"": null, ""3"": null, ""4"": null, ""5"": null, ""6"": null, ""7"": null}","{""0"": 250, ""1"": 250}",250,1,0,0,0,0.382,ultrasonic-not-close,KEEP_PAUSED,left,right,,0
1161,2026-08-01T22:26:21.505+09:00,122.918,1160,9.45,0,DRIVING,,0,1,0,-0.072503,0.130511,0.130511,0,747,green,0,unknown,0.000000,null,0.000000,0.280,,"{""0"": 250, ""1"": 250, ""2"": null, ""3"": null, ""4"": null, ""5"": null, ""6"": null, ""7"": null}","{""0"": 0.0, ""1"": 0.0, ""2"": null, ""3"": null, ""4"": null, ""5"": null, ""6"": null, ""7"": null}","{""0"": 250, ""1"": 250}",250,1,0,0,0,0.280,ultrasonic-not-close,KEEP_PAUSED,left,right,,0
1162,2026-08-01T22:26:21.614+09:00,123.027,1161,9.45,0,DRIVING,,0,1,0,-0.072499,0.130496,0.130496,0,748,green,0,unknown,0.000000,null,0.000000,0.286,,"{""0"": 250, ""1"": 250, ""2"": null, ""3"": null, ""4"": null, ""5"": null, ""6"": null, ""7"": null}","{""0"": 0.0, ""1"": 0.0, ""2"": null, ""3"": null, ""4"": null, ""5"": null, ""6"": null, ""7"": null}","{""0"": 250, ""1"": 250}",250,1,0,0,0,0.286,ultrasonic-not-close,KEEP_PAUSED,left,right,,0
1163,2026-08-01T22:26:21.720+09:00,123.132,1162,9.45,0,DRIVING,,0,1,0,-0.072499,0.130497,0.130497,0,748,green,0,unknown,0.000000,null,0.000000,0.389,,"{""0"": 250, ""1"": 250, ""2"": null, ""3"": null, ""4"": null, ""5"": null, ""6"": null, ""7"": null}","{""0"": 0.0, ""1"": 0.0, ""2"": null, ""3"": null, ""4"": null, ""5"": null, ""6"": null, ""7"": null}","{""0"": 250, ""1"": 250}",250,1,0,0,0,0.389,ultrasonic-not-close,KEEP_PAUSED,left,right,,0
1164,2026-08-01T22:26:21.824+09:00,123.237,1163,9.45,0,DRIVING,,0,1,0,-0.072499,0.130498,0.130498,0,748,green,0,unknown,0.000000,null,0.000000,0.287,,"{""0"": 250, ""1"": 250, ""2"": null, ""3"": null, ""4"": null, ""5"": null, ""6"": null, ""7"": null}","{""0"": 0.0, ""1"": 0.0, ""2"": null, ""3"": null, ""4"": null, ""5"": null, ""6"": null, ""7"": null}","{""0"": 250, ""1"": 250}",250,1,0,0,0,0.287,ultrasonic-not-close,KEEP_PAUSED,left,right,,0
1165,2026-08-01T22:26:21.928+09:00,123.341,1164,9.45,0,DRIVING,,0,1,0,-0.072499,0.130498,0.130498,0,748,green,0,unknown,0.000000,null,0.000000,0.284,,"{""0"": 250, ""1"": 250, ""2"": null, ""3"": null, ""4"": null, ""5"": null, ""6"": null, ""7"": null}","{""0"": 0.0, ""1"": 0.0, ""2"": null, ""3"": null, ""4"": null, ""5"": null, ""6"": null, ""7"": null}","{""0"": 250, ""1"": 250}",250,1,0,0,0,0.284,ultrasonic-not-close,KEEP_PAUSED,left,right,,0
1166,2026-08-01T22:26:22.031+09:00,123.444,1165,9.45,0,DRIVING,,0,1,0,-0.072499,0.130498,0.130498,0,747,green,0,unknown,0.000000,null,0.000000,0.385,,"{""0"": 250, ""1"": 250, ""2"": null, ""3"": null, ""4"": null, ""5"": null, ""6"": null, ""7"": null}","{""0"": 0.0, ""1"": 0.0, ""2"": null, ""3"": null, ""4"": null, ""5"": null, ""6"": null, ""7"": null}","{""0"": 250, ""1"": 250}",250,1,0,0,0,0.385,ultrasonic-not-close,KEEP_PAUSED,left,right,,0
1167,2026-08-01T22:26:22.135+09:00,123.547,1166,9.45,0,DRIVING,,0,1,0,-0.072499,0.130499,0.130499,0,748,green,0,unknown,0.000000,null,0.000000,0.279,,"{""0"": 250, ""1"": 250, ""2"": null, ""3"": null, ""4"": null, ""5"": null, ""6"": null, ""7"": null}","{""0"": 0.0, ""1"": 0.0, ""2"": null, ""3"": null, ""4"": null, ""5"": null, ""6"": null, ""7"": null}","{""0"": 250, ""1"": 250}",250,1,0,0,0,0.279,ultrasonic-not-close,KEEP_PAUSED,left,right,,0
1168,2026-08-01T22:26:22.237+09:00,123.649,1167,9.45,0,DRIVING,,0,1,0,-0.072499,0.130499,0.130499,0,748,green,0,unknown,0.000000,null,0.000000,0.279,,"{""0"": 250, ""1"": 250, ""2"": null, ""3"": null, ""4"": null, ""5"": null, ""6"": null, ""7"": null}","{""0"": 0.0, ""1"": 0.0, ""2"": null, ""3"": null, ""4"": null, ""5"": null, ""6"": null, ""7"": null}","{""0"": 250, ""1"": 250}",250,1,0,0,0,0.279,ultrasonic-not-close,KEEP_PAUSED,left,right,,0
1169,2026-08-01T22:26:22.338+09:00,123.750,1168,9.45,0,DRIVING,,0,1,0,-0.072499,0.130499,0.130499,0,748,green,0,unknown,0.000000,null,0.000000,0.378,,"{""0"": 250, ""1"": 250, ""2"": null, ""3"": null, ""4"": null, ""5"": null, ""6"": null, ""7"": null}","{""0"": 0.0, ""1"": 0.0, ""2"": null, ""3"": null, ""4"": null, ""5"": null, ""6"": null, ""7"": null}","{""0"": 250, ""1"": 250}",250,1,0,0,0,0.378,ultrasonic-not-close,KEEP_PAUSED,left,right,,0
1170,2026-08-01T22:26:22.438+09:00,123.851,1169,9.45,0,DRIVING,,0,1,0,-0.072499,0.130499,0.130499,0,748,green,0,unknown,0.000000,null,0.000000,0.273,,"{""0"": 250, ""1"": 250, ""2"": null, ""3"": null, ""4"": null, ""5"": null, ""6"": null, ""7"": null}","{""0"": 0.0, ""1"": 0.0, ""2"": null, ""3"": null, ""4"": null, ""5"": null, ""6"": null, ""7"": null}","{""0"": 250, ""1"": 250}",250,1,0,0,0,0.273,ultrasonic-not-close,KEEP_PAUSED,left,right,,0
1171,2026-08-01T22:26:22.542+09:00,123.955,1170,9.45,0,DRIVING,,0,1,0,-0.072503,0.130512,0.130512,0,747,green,0,unknown,0.000000,null,0.000000,0.277,,"{""0"": 250, ""1"": 250, ""2"": null, ""3"": null, ""4"": null, ""5"": null, ""6"": null, ""7"": null}","{""0"": 0.0, ""1"": 0.0, ""2"": null, ""3"": null, ""4"": null, ""5"": null, ""6"": null, ""7"": null}","{""0"": 250, ""1"": 250}",250,1,0,0,0,0.277,ultrasonic-not-close,KEEP_PAUSED,left,right,,0
1172,2026-08-01T22:26:22.646+09:00,124.059,1171,9.45,0,DRIVING,,0,1,0,-0.072499,0.130497,0.130497,0,748,green,0,unknown,0.000000,null,0.000000,0.379,,"{""0"": 250, ""1"": 250, ""2"": null, ""3"": null, ""4"": null, ""5"": null, ""6"": null, ""7"": null}","{""0"": 0.0, ""1"": 0.0, ""2"": null, ""3"": null, ""4"": null, ""5"": null, ""6"": null, ""7"": null}","{""0"": 250, ""1"": 250}",250,1,0,0,0,0.379,ultrasonic-not-close,KEEP_PAUSED,left,right,,0
1173,2026-08-01T22:26:22.746+09:00,124.160,1172,9.45,0,DRIVING,,0,1,0,-0.072499,0.130498,0.130498,0,747,green,0,unknown,0.000000,null,0.000000,0.277,,"{""0"": 250, ""1"": 250, ""2"": null, ""3"": null, ""4"": null, ""5"": null, ""6"": null, ""7"": null}","{""0"": 0.0, ""1"": 0.0, ""2"": null, ""3"": null, ""4"": null, ""5"": null, ""6"": null, ""7"": null}","{""0"": 250, ""1"": 250}",250,1,0,0,0,0.277,ultrasonic-not-close,KEEP_PAUSED,left,right,,0
1174,2026-08-01T22:26:22.851+09:00,124.264,1173,9.45,0,DRIVING,,0,1,0,-0.072499,0.130498,0.130498,0,748,green,0,unknown,0.000000,null,0.000000,0.279,,"{""0"": 250, ""1"": 250, ""2"": null, ""3"": null, ""4"": null, ""5"": null, ""6"": null, ""7"": null}","{""0"": 0.0, ""1"": 0.0, ""2"": null, ""3"": null, ""4"": null, ""5"": null, ""6"": null, ""7"": null}","{""0"": 250, ""1"": 250}",250,1,0,0,0,0.279,ultrasonic-not-close,KEEP_PAUSED,left,right,,0
1175,2026-08-01T22:26:22.951+09:00,124.363,1174,9.45,0,DRIVING,,0,1,0,-0.072499,0.130498,0.130498,0,748,green,0,unknown,0.000000,null,0.000000,0.377,,"{""0"": 250, ""1"": 250, ""2"": null, ""3"": null, ""4"": null, ""5"": null, ""6"": null, ""7"": null}","{""0"": 0.0, ""1"": 0.0, ""2"": null, ""3"": null, ""4"": null, ""5"": null, ""6"": null, ""7"": null}","{""0"": 250, ""1"": 250}",250,1,0,0,0,0.377,ultrasonic-not-close,KEEP_PAUSED,left,right,,0
1176,2026-08-01T22:26:23.048+09:00,124.461,1175,9.45,0,DRIVING,,0,1,0,-0.072499,0.130499,0.130499,0,749,green,0,unknown,0.000000,null,0.000000,0.271,,"{""0"": 250, ""1"": 250, ""2"": null, ""3"": null, ""4"": null, ""5"": null, ""6"": null, ""7"": null}","{""0"": 0.0, ""1"": 0.0, ""2"": null, ""3"": null, ""4"": null, ""5"": null, ""6"": null, ""7"": null}","{""0"": 250, ""1"": 250}",250,1,0,0,0,0.271,ultrasonic-not-close,KEEP_PAUSED,left,right,,0
1177,2026-08-01T22:26:23.153+09:00,124.566,1176,9.45,0,DRIVING,,0,1,0,-0.072499,0.130499,0.130499,0,748,green,0,unknown,0.000000,null,0.000000,0.172,,"{""0"": 250, ""1"": 250, ""2"": null, ""3"": null, ""4"": null, ""5"": null, ""6"": null, ""7"": null}","{""0"": 0.0, ""1"": 0.0, ""2"": null, ""3"": null, ""4"": null, ""5"": null, ""6"": null, ""7"": null}","{""0"": 250, ""1"": 250}",250,1,0,0,0,0.172,ultrasonic-not-close,KEEP_PAUSED,left,right,,0
1178,2026-08-01T22:26:23.253+09:00,124.665,1177,9.45,0,DRIVING,,0,1,0,-0.072499,0.130499,0.130499,0,749,green,0,unknown,0.000000,null,0.000000,0.271,,"{""0"": 250, ""1"": 250, ""2"": null, ""3"": null, ""4"": null, ""5"": null, ""6"": null, ""7"": null}","{""0"": 0.0, ""1"": 0.0, ""2"": null, ""3"": null, ""4"": null, ""5"": null, ""6"": null, ""7"": null}","{""0"": 250, ""1"": 250}",250,1,0,0,0,0.271,ultrasonic-not-close,KEEP_PAUSED,left,right,,0
1179,2026-08-01T22:26:23.350+09:00,124.763,1178,9.45,0,DRIVING,,0,1,0,-0.072499,0.130499,0.130499,0,748,green,0,unknown,0.000000,null,0.000000,0.272,,"{""0"": 250, ""1"": 250, ""2"": null, ""3"": null, ""4"": null, ""5"": null, ""6"": null, ""7"": null}","{""0"": 0.0, ""1"": 0.0, ""2"": null, ""3"": null, ""4"": null, ""5"": null, ""6"": null, ""7"": null}","{""0"": 250, ""1"": 250}",250,1,0,0,0,0.272,ultrasonic-not-close,KEEP_PAUSED,left,right,,0
1180,2026-08-01T22:26:23.460+09:00,124.873,1179,9.45,0,DRIVING,,0,1,0,-0.072499,0.130499,0.130499,0,747,green,0,unknown,0.000000,null,0.000000,0.176,,"{""0"": 250, ""1"": 250, ""2"": null, ""3"": null, ""4"": null, ""5"": null, ""6"": null, ""7"": null}","{""0"": 0.0, ""1"": 0.0, ""2"": null, ""3"": null, ""4"": null, ""5"": null, ""6"": null, ""7"": null}","{""0"": 250, ""1"": 250}",250,1,0,0,0,0.176,ultrasonic-not-close,KEEP_PAUSED,left,right,,0
1181,2026-08-01T22:26:23.574+09:00,124.987,1180,9.45,0,DRIVING,,0,1,0,-0.072503,0.130512,0.130512,0,749,green,0,unknown,0.000000,null,0.000000,0.288,,"{""0"": 250, ""1"": 250, ""2"": null, ""3"": null, ""4"": null, ""5"": null, ""6"": null, ""7"": null}","{""0"": 0.0, ""1"": 0.0, ""2"": null, ""3"": null, ""4"": null, ""5"": null, ""6"": null, ""7"": null}","{""0"": 250, ""1"": 250}",250,1,0,0,0,0.288,ultrasonic-not-close,KEEP_PAUSED,left,right,,0
1182,2026-08-01T22:26:23.669+09:00,125.082,1181,9.45,0,DRIVING,,0,1,0,-0.072499,0.130497,0.130497,0,747,green,0,unknown,0.000000,null,0.000000,0.290,,"{""0"": 250, ""1"": 250, ""2"": null, ""3"": null, ""4"": null, ""5"": null, ""6"": null, ""7"": null}","{""0"": 0.0, ""1"": 0.0, ""2"": null, ""3"": null, ""4"": null, ""5"": null, ""6"": null, ""7"": null}","{""0"": 250, ""1"": 250}",250,1,0,0,0,0.290,ultrasonic-not-close,KEEP_PAUSED,left,right,,0
1183,2026-08-01T22:26:23.771+09:00,125.183,1182,9.45,0,DRIVING,,0,1,0,-0.072499,0.130498,0.130498,0,748,green,0,unknown,0.000000,null,0.000000,0.164,,"{""0"": 250, ""1"": 250, ""2"": null, ""3"": null, ""4"": null, ""5"": null, ""6"": null, ""7"": null}","{""0"": 0.0, ""1"": 0.0, ""2"": null, ""3"": null, ""4"": null, ""5"": null, ""6"": null, ""7"": null}","{""0"": 250, ""1"": 250}",250,1,0,0,0,0.164,ultrasonic-not-close,KEEP_PAUSED,left,right,,0
1184,2026-08-01T22:26:23.866+09:00,125.279,1183,9.45,0,DRIVING,,0,1,0,-0.072499,0.130498,0.130498,0,747,green,0,unknown,0.000000,null,0.000000,0.259,,"{""0"": 250, ""1"": 250, ""2"": null, ""3"": null, ""4"": null, ""5"": null, ""6"": null, ""7"": null}","{""0"": 0.0, ""1"": 0.0, ""2"": null, ""3"": null, ""4"": null, ""5"": null, ""6"": null, ""7"": null}","{""0"": 250, ""1"": 250}",250,1,0,0,0,0.259,ultrasonic-not-close,KEEP_PAUSED,left,right,,0
1185,2026-08-01T22:26:23.968+09:00,125.380,1184,9.45,0,DRIVING,,0,1,0,-0.072499,0.130498,0.130498,0,748,green,0,unknown,0.000000,null,0.000000,0.267,,"{""0"": 250, ""1"": 250, ""2"": null, ""3"": null, ""4"": null, ""5"": null, ""6"": null, ""7"": null}","{""0"": 0.0, ""1"": 0.0, ""2"": null, ""3"": null, ""4"": null, ""5"": null, ""6"": null, ""7"": null}","{""0"": 250, ""1"": 250}",250,1,0,0,0,0.267,ultrasonic-not-close,KEEP_PAUSED,left,right,,0
1186,2026-08-01T22:26:24.075+09:00,125.487,1185,9.45,0,DRIVING,,0,1,0,-0.072499,0.130499,0.130499,0,748,green,0,unknown,0.000000,null,0.000000,0.374,,"{""0"": 250, ""1"": 250, ""2"": null, ""3"": null, ""4"": null, ""5"": null, ""6"": null, ""7"": null}","{""0"": 0.0, ""1"": 0.0, ""2"": null, ""3"": null, ""4"": null, ""5"": null, ""6"": null, ""7"": null}","{""0"": 250, ""1"": 250}",250,1,0,0,0,0.374,ultrasonic-not-close,KEEP_PAUSED,left,right,,0
1187,2026-08-01T22:26:24.171+09:00,125.583,1186,9.45,0,DRIVING,,0,1,0,-0.072499,0.130499,0.130499,0,747,green,0,unknown,0.000000,null,0.000000,0.273,,"{""0"": 250, ""1"": 250, ""2"": null, ""3"": null, ""4"": null, ""5"": null, ""6"": null, ""7"": null}","{""0"": 0.0, ""1"": 0.0, ""2"": null, ""3"": null, ""4"": null, ""5"": null, ""6"": null, ""7"": null}","{""0"": 250, ""1"": 250}",250,1,0,0,0,0.273,ultrasonic-not-close,KEEP_PAUSED,left,right,,0
1188,2026-08-01T22:26:24.275+09:00,125.688,1187,9.45,0,DRIVING,,0,1,0,-0.072499,0.130499,0.130499,0,747,green,0,unknown,0.000000,null,0.000000,0.277,,"{""0"": 250, ""1"": 250, ""2"": null, ""3"": null, ""4"": null, ""5"": null, ""6"": null, ""7"": null}","{""0"": 0.0, ""1"": 0.0, ""2"": null, ""3"": null, ""4"": null, ""5"": null, ""6"": null, ""7"": null}","{""0"": 250, ""1"": 250}",250,1,0,0,0,0.277,ultrasonic-not-close,KEEP_PAUSED,left,right,,0
1189,2026-08-01T22:26:24.380+09:00,125.793,1188,9.45,0,DRIVING,,0,1,0,-0.072499,0.130499,0.130499,0,748,green,0,unknown,0.000000,null,0.000000,0.379,,"{""0"": 250, ""1"": 250, ""2"": null, ""3"": null, ""4"": null, ""5"": null, ""6"": null, ""7"": null}","{""0"": 0.0, ""1"": 0.0, ""2"": null, ""3"": null, ""4"": null, ""5"": null, ""6"": null, ""7"": null}","{""0"": 250, ""1"": 250}",250,1,0,0,0,0.379,ultrasonic-not-close,KEEP_PAUSED,left,right,,0
1190,2026-08-01T22:26:24.473+09:00,125.887,1189,9.45,0,DRIVING,,0,1,0,-0.072499,0.130499,0.130499,0,748,green,0,unknown,0.000000,null,0.000000,0.271,,"{""0"": 250, ""1"": 250, ""2"": null, ""3"": null, ""4"": null, ""5"": null, ""6"": null, ""7"": null}","{""0"": 0.0, ""1"": 0.0, ""2"": null, ""3"": null, ""4"": null, ""5"": null, ""6"": null, ""7"": null}","{""0"": 250, ""1"": 250}",250,1,0,0,0,0.271,ultrasonic-not-close,KEEP_PAUSED,left,right,,0
1191,2026-08-01T22:26:24.575+09:00,125.988,1190,9.45,0,DRIVING,,0,1,0,-0.072499,0.130499,0.130499,0,748,green,0,unknown,0.000000,null,0.000000,0.270,,"{""0"": 250, ""1"": 250, ""2"": null, ""3"": null, ""4"": null, ""5"": null, ""6"": null, ""7"": null}","{""0"": 0.0, ""1"": 0.0, ""2"": null, ""3"": null, ""4"": null, ""5"": null, ""6"": null, ""7"": null}","{""0"": 250, ""1"": 250}",250,1,0,0,0,0.270,ultrasonic-not-close,KEEP_PAUSED,left,right,,0
1192,2026-08-01T22:26:24.677+09:00,126.089,1191,9.46,0,DRIVING,,0,1,0,-0.072499,0.130499,0.130499,0,748,green,0,unknown,0.000000,null,0.000000,0.370,,"{""0"": 250, ""1"": 250, ""2"": null, ""3"": null, ""4"": null, ""5"": null, ""6"": null, ""7"": null}","{""0"": 0.0, ""1"": 0.0, ""2"": null, ""3"": null, ""4"": null, ""5"": null, ""6"": null, ""7"": null}","{""0"": 250, ""1"": 250}",250,1,0,0,0,0.370,ultrasonic-not-close,KEEP_PAUSED,left,right,,0
1193,2026-08-01T22:26:24.770+09:00,126.184,1192,9.46,0,DRIVING,,0,1,0,-0.072499,0.130499,0.130499,0,748,green,0,unknown,0.000000,null,0.000000,0.267,,"{""0"": 250, ""1"": 250, ""2"": null, ""3"": null, ""4"": null, ""5"": null, ""6"": null, ""7"": null}","{""0"": 0.0, ""1"": 0.0, ""2"": null, ""3"": null, ""4"": null, ""5"": null, ""6"": null, ""7"": null}","{""0"": 250, ""1"": 250}",250,1,0,0,0,0.267,ultrasonic-not-close,KEEP_PAUSED,left,right,,0
1194,2026-08-01T22:26:24.874+09:00,126.286,1193,9.46,0,DRIVING,,0,1,0,-0.072499,0.130499,0.130499,0,748,green,0,unknown,0.000000,null,0.000000,0.269,,"{""0"": 250, ""1"": 250, ""2"": null, ""3"": null, ""4"": null, ""5"": null, ""6"": null, ""7"": null}","{""0"": 0.0, ""1"": 0.0, ""2"": null, ""3"": null, ""4"": null, ""5"": null, ""6"": null, ""7"": null}","{""0"": 250, ""1"": 250}",250,1,0,0,0,0.269,ultrasonic-not-close,KEEP_PAUSED,left,right,,0
1195,2026-08-01T22:26:24.973+09:00,126.385,1194,9.46,0,DRIVING,,0,1,0,-0.072499,0.130499,0.130499,0,748,green,0,unknown,0.000000,null,0.000000,0.367,,"{""0"": 250, ""1"": 250, ""2"": null, ""3"": null, ""4"": null, ""5"": null, ""6"": null, ""7"": null}","{""0"": 0.0, ""1"": 0.0, ""2"": null, ""3"": null, ""4"": null, ""5"": null, ""6"": null, ""7"": null}","{""0"": 250, ""1"": 250}",250,1,0,0,0,0.367,ultrasonic-not-close,KEEP_PAUSED,left,right,,0
1196,2026-08-01T22:26:25.076+09:00,126.489,1195,9.46,0,DRIVING,,0,1,0,-0.072503,0.130512,0.130512,0,747,green,0,unknown,0.000000,null,0.000000,0.276,,"{""0"": 250, ""1"": 250, ""2"": null, ""3"": null, ""4"": null, ""5"": null, ""6"": null, ""7"": null}","{""0"": 0.0, ""1"": 0.0, ""2"": null, ""3"": null, ""4"": null, ""5"": null, ""6"": null, ""7"": null}","{""0"": 250, ""1"": 250}",250,1,0,0,0,0.276,ultrasonic-not-close,KEEP_PAUSED,left,right,,0
1197,2026-08-01T22:26:25.180+09:00,126.592,1196,9.46,0,DRIVING,,0,1,0,-0.072499,0.130497,0.130497,0,747,green,0,unknown,0.000000,null,0.000000,0.175,,"{""0"": 250, ""1"": 250, ""2"": null, ""3"": null, ""4"": null, ""5"": null, ""6"": null, ""7"": null}","{""0"": 0.0, ""1"": 0.0, ""2"": null, ""3"": null, ""4"": null, ""5"": null, ""6"": null, ""7"": null}","{""0"": 250, ""1"": 250}",250,1,0,0,0,0.175,ultrasonic-not-close,KEEP_PAUSED,left,right,,0
1198,2026-08-01T22:26:25.276+09:00,126.688,1197,9.46,0,DRIVING,,0,1,0,-0.072499,0.130498,0.130498,0,747,green,0,unknown,0.000000,null,0.000000,0.270,,"{""0"": 250, ""1"": 250, ""2"": null, ""3"": null, ""4"": null, ""5"": null, ""6"": null, ""7"": null}","{""0"": 0.0, ""1"": 0.0, ""2"": null, ""3"": null, ""4"": null, ""5"": null, ""6"": null, ""7"": null}","{""0"": 250, ""1"": 250}",250,1,0,0,0,0.270,ultrasonic-not-close,KEEP_PAUSED,left,right,,0
1199,2026-08-01T22:26:25.372+09:00,126.786,1198,9.46,0,DRIVING,,0,1,0,-0.072499,0.130498,0.130498,0,747,green,0,unknown,0.000000,null,0.000000,0.267,,"{""0"": 250, ""1"": 250, ""2"": null, ""3"": null, ""4"": null, ""5"": null, ""6"": null, ""7"": null}","{""0"": 0.0, ""1"": 0.0, ""2"": null, ""3"": null, ""4"": null, ""5"": null, ""6"": null, ""7"": null}","{""0"": 250, ""1"": 250}",250,1,0,0,0,0.267,ultrasonic-not-close,KEEP_PAUSED,left,right,,0
1200,2026-08-01T22:26:25.474+09:00,126.887,1199,9.46,0,DRIVING,,0,1,0,-0.072499,0.130498,0.130498,0,748,green,0,unknown,0.000000,null,0.000000,0.366,,"{""0"": 250, ""1"": 250, ""2"": null, ""3"": null, ""4"": null, ""5"": null, ""6"": null, ""7"": null}","{""0"": 0.0, ""1"": 0.0, ""2"": null, ""3"": null, ""4"": null, ""5"": null, ""6"": null, ""7"": null}","{""0"": 250, ""1"": 250}",250,1,0,0,0,0.366,ultrasonic-not-close,KEEP_PAUSED,left,right,,0
1201,2026-08-01T22:26:25.570+09:00,126.983,1200,9.46,0,DRIVING,,0,1,0,-0.072499,0.130499,0.130499,0,747,green,0,unknown,0.000000,null,0.000000,0.263,,"{""0"": 250, ""1"": 250, ""2"": null, ""3"": null, ""4"": null, ""5"": null, ""6"": null, ""7"": null}","{""0"": 0.0, ""1"": 0.0, ""2"": null, ""3"": null, ""4"": null, ""5"": null, ""6"": null, ""7"": null}","{""0"": 250, ""1"": 250}",250,1,0,0,0,0.263,ultrasonic-not-close,KEEP_PAUSED,left,right,,0
1202,2026-08-01T22:26:25.668+09:00,127.080,1201,9.46,0,DRIVING,,0,1,0,-0.072499,0.130499,0.130499,0,748,green,0,unknown,0.000000,null,0.000000,0.264,,"{""0"": 250, ""1"": 250, ""2"": null, ""3"": null, ""4"": null, ""5"": null, ""6"": null, ""7"": null}","{""0"": 0.0, ""1"": 0.0, ""2"": null, ""3"": null, ""4"": null, ""5"": null, ""6"": null, ""7"": null}","{""0"": 250, ""1"": 250}",250,1,0,0,0,0.264,ultrasonic-not-close,KEEP_PAUSED,left,right,,0
1203,2026-08-01T22:26:25.771+09:00,127.182,1202,9.46,0,DRIVING,,0,1,0,-0.072499,0.130499,0.130499,0,748,green,0,unknown,0.000000,null,0.000000,0.365,,"{""0"": 250, ""1"": 250, ""2"": null, ""3"": null, ""4"": null, ""5"": null, ""6"": null, ""7"": null}","{""0"": 0.0, ""1"": 0.0, ""2"": null, ""3"": null, ""4"": null, ""5"": null, ""6"": null, ""7"": null}","{""0"": 250, ""1"": 250}",250,1,0,0,0,0.365,ultrasonic-not-close,KEEP_PAUSED,left,right,,0
1204,2026-08-01T22:26:25.865+09:00,127.278,1203,9.46,0,DRIVING,,0,1,0,-0.072503,0.130512,0.130512,0,747,green,0,unknown,0.000000,null,0.000000,0.265,,"{""0"": 250, ""1"": 250, ""2"": null, ""3"": null, ""4"": null, ""5"": null, ""6"": null, ""7"": null}","{""0"": 0.0, ""1"": 0.0, ""2"": null, ""3"": null, ""4"": null, ""5"": null, ""6"": null, ""7"": null}","{""0"": 250, ""1"": 250}",250,1,0,0,0,0.265,ultrasonic-not-close,KEEP_PAUSED,left,right,,0
1205,2026-08-01T22:26:25.969+09:00,127.381,1204,9.46,0,DRIVING,,0,1,0,-0.072499,0.130497,0.130497,0,747,green,0,unknown,0.000000,null,0.000000,0.270,,"{""0"": 250, ""1"": 250, ""2"": null, ""3"": null, ""4"": null, ""5"": null, ""6"": null, ""7"": null}","{""0"": 0.0, ""1"": 0.0, ""2"": null, ""3"": null, ""4"": null, ""5"": null, ""6"": null, ""7"": null}","{""0"": 250, ""1"": 250}",250,1,0,0,0,0.270,ultrasonic-not-close,KEEP_PAUSED,left,right,,0
1206,2026-08-01T22:26:26.066+09:00,127.479,1205,9.46,0,DRIVING,,0,1,0,-0.072499,0.130498,0.130498,0,748,green,0,unknown,0.000000,null,0.000000,0.367,,"{""0"": 250, ""1"": 250, ""2"": null, ""3"": null, ""4"": null, ""5"": null, ""6"": null, ""7"": null}","{""0"": 0.0, ""1"": 0.0, ""2"": null, ""3"": null, ""4"": null, ""5"": null, ""6"": null, ""7"": null}","{""0"": 250, ""1"": 250}",250,1,0,0,0,0.367,ultrasonic-not-close,KEEP_PAUSED,left,right,,0
1207,2026-08-01T22:26:26.170+09:00,127.582,1206,9.46,0,DRIVING,,0,1,0,-0.072499,0.130498,0.130498,0,748,green,0,unknown,0.000000,null,0.000000,0.274,,"{""0"": 250, ""1"": 250, ""2"": null, ""3"": null, ""4"": null, ""5"": null, ""6"": null, ""7"": null}","{""0"": 0.0, ""1"": 0.0, ""2"": null, ""3"": null, ""4"": null, ""5"": null, ""6"": null, ""7"": null}","{""0"": 250, ""1"": 250}",250,1,0,0,0,0.274,ultrasonic-not-close,KEEP_PAUSED,left,right,,0
1208,2026-08-01T22:26:26.274+09:00,127.687,1207,9.46,0,DRIVING,,0,1,0,-0.072499,0.130498,0.130498,0,748,green,0,unknown,0.000000,null,0.000000,0.176,,"{""0"": 250, ""1"": 250, ""2"": null, ""3"": null, ""4"": null, ""5"": null, ""6"": null, ""7"": null}","{""0"": 0.0, ""1"": 0.0, ""2"": null, ""3"": null, ""4"": null, ""5"": null, ""6"": null, ""7"": null}","{""0"": 250, ""1"": 250}",250,1,0,0,0,0.176,ultrasonic-not-close,KEEP_PAUSED,left,right,,0
1209,2026-08-01T22:26:26.368+09:00,127.781,1208,9.46,0,DRIVING,,0,1,0,-0.072503,0.130512,0.130512,0,748,green,0,unknown,0.000000,null,0.000000,0.269,,"{""0"": 250, ""1"": 250, ""2"": null, ""3"": null, ""4"": null, ""5"": null, ""6"": null, ""7"": null}","{""0"": 0.0, ""1"": 0.0, ""2"": null, ""3"": null, ""4"": null, ""5"": null, ""6"": null, ""7"": null}","{""0"": 250, ""1"": 250}",250,1,0,0,0,0.269,ultrasonic-not-close,KEEP_PAUSED,left,right,,0
1210,2026-08-01T22:26:26.468+09:00,127.881,1209,9.46,0,DRIVING,,0,1,0,-0.072499,0.130497,0.130497,0,748,green,0,unknown,0.000000,null,0.000000,0.267,,"{""0"": 250, ""1"": 250, ""2"": null, ""3"": null, ""4"": null, ""5"": null, ""6"": null, ""7"": null}","{""0"": 0.0, ""1"": 0.0, ""2"": null, ""3"": null, ""4"": null, ""5"": null, ""6"": null, ""7"": null}","{""0"": 250, ""1"": 250}",250,1,0,0,0,0.267,ultrasonic-not-close,KEEP_PAUSED,left,right,,0
1211,2026-08-01T22:26:26.574+09:00,127.986,1210,9.46,0,DRIVING,,0,1,0,-0.072499,0.130497,0.130497,0,748,green,0,unknown,0.000000,null,0.000000,0.371,,"{""0"": 250, ""1"": 250, ""2"": null, ""3"": null, ""4"": null, ""5"": null, ""6"": null, ""7"": null}","{""0"": 0.0, ""1"": 0.0, ""2"": null, ""3"": null, ""4"": null, ""5"": null, ""6"": null, ""7"": null}","{""0"": 250, ""1"": 250}",250,1,0,0,0,0.371,ultrasonic-not-close,KEEP_PAUSED,left,right,,0
1212,2026-08-01T22:26:26.669+09:00,128.081,1211,9.46,0,DRIVING,,0,1,0,-0.072499,0.130498,0.130498,0,748,green,0,unknown,0.000000,null,0.000000,0.268,,"{""0"": 250, ""1"": 250, ""2"": null, ""3"": null, ""4"": null, ""5"": null, ""6"": null, ""7"": null}","{""0"": 0.0, ""1"": 0.0, ""2"": null, ""3"": null, ""4"": null, ""5"": null, ""6"": null, ""7"": null}","{""0"": 250, ""1"": 250}",250,1,0,0,0,0.268,ultrasonic-not-close,KEEP_PAUSED,left,right,,0
1213,2026-08-01T22:26:26.768+09:00,128.181,1212,9.46,0,DRIVING,,0,1,0,-0.072521,0.130575,0.130575,0,748,green,0,unknown,0.000000,null,0.000000,0.270,,"{""0"": 250, ""1"": 250, ""2"": null, ""3"": null, ""4"": null, ""5"": null, ""6"": null, ""7"": null}","{""0"": 0.0, ""1"": 0.0, ""2"": null, ""3"": null, ""4"": null, ""5"": null, ""6"": null, ""7"": null}","{""0"": 250, ""1"": 250}",250,1,0,0,0,0.270,ultrasonic-not-close,KEEP_PAUSED,left,right,,0
1214,2026-08-01T22:26:26.871+09:00,128.283,1213,9.46,0,DRIVING,,0,1,0,-0.072471,0.130385,0.130385,0,748,green,0,unknown,0.000000,null,0.000000,0.371,,"{""0"": 250, ""1"": 250, ""2"": null, ""3"": null, ""4"": null, ""5"": null, ""6"": null, ""7"": null}","{""0"": 0.0, ""1"": 0.0, ""2"": null, ""3"": null, ""4"": null, ""5"": null, ""6"": null, ""7"": null}","{""0"": 250, ""1"": 250}",250,1,0,0,0,0.371,ultrasonic-not-close,KEEP_PAUSED,left,right,,0
1215,2026-08-01T22:26:26.968+09:00,128.381,1214,9.47,0,DRIVING,,0,1,0,-0.072409,0.130179,0.130179,0,749,green,0,unknown,0.000000,null,0.000000,0.268,,"{""0"": 250, ""1"": 250, ""2"": null, ""3"": null, ""4"": null, ""5"": null, ""6"": null, ""7"": null}","{""0"": 0.0, ""1"": 0.0, ""2"": null, ""3"": null, ""4"": null, ""5"": null, ""6"": null, ""7"": null}","{""0"": 250, ""1"": 250}",250,1,0,0,0,0.268,ultrasonic-not-close,KEEP_PAUSED,left,right,,0
1216,2026-08-01T22:26:27.068+09:00,128.481,1215,9.47,0,DRIVING,,0,1,0,-0.072448,0.130369,0.130369,0,748,green,0,unknown,0.000000,null,0.000000,0.271,,"{""0"": 250, ""1"": 250, ""2"": null, ""3"": null, ""4"": null, ""5"": null, ""6"": null, ""7"": null}","{""0"": 0.0, ""1"": 0.0, ""2"": null, ""3"": null, ""4"": null, ""5"": null, ""6"": null, ""7"": null}","{""0"": 250, ""1"": 250}",250,1,0,0,0,0.271,ultrasonic-not-close,KEEP_PAUSED,left,right,,0
1217,2026-08-01T22:26:27.172+09:00,128.584,1216,9.47,0,DRIVING,,0,1,0,-0.072417,0.130267,0.130267,0,748,green,0,unknown,0.000000,null,0.000000,0.371,,"{""0"": 250, ""1"": 250, ""2"": null, ""3"": null, ""4"": null, ""5"": null, ""6"": null, ""7"": null}","{""0"": 0.0, ""1"": 0.0, ""2"": null, ""3"": null, ""4"": null, ""5"": null, ""6"": null, ""7"": null}","{""0"": 250, ""1"": 250}",250,1,0,0,0,0.371,ultrasonic-not-close,KEEP_PAUSED,left,right,,0
1218,2026-08-01T22:26:27.265+09:00,128.678,1217,9.47,0,DRIVING,,0,1,0,-0.072389,0.130192,0.130192,0,748,green,0,unknown,0.000000,null,0.000000,0.266,,"{""0"": 250, ""1"": 250, ""2"": null, ""3"": null, ""4"": null, ""5"": null, ""6"": null, ""7"": null}","{""0"": 0.0, ""1"": 0.0, ""2"": null, ""3"": null, ""4"": null, ""5"": null, ""6"": null, ""7"": null}","{""0"": 250, ""1"": 250}",250,1,0,0,0,0.266,ultrasonic-not-close,KEEP_PAUSED,left,right,,0
1219,2026-08-01T22:26:27.367+09:00,128.779,1218,9.47,0,DRIVING,,0,1,0,-0.072347,0.130073,0.130073,0,748,green,0,unknown,0.000000,null,0.000000,0.268,,"{""0"": 250, ""1"": 250, ""2"": null, ""3"": null, ""4"": null, ""5"": null, ""6"": null, ""7"": null}","{""0"": 0.0, ""1"": 0.0, ""2"": null, ""3"": null, ""4"": null, ""5"": null, ""6"": null, ""7"": null}","{""0"": 250, ""1"": 250}",250,1,0,0,0,0.268,ultrasonic-not-close,KEEP_PAUSED,left,right,,0
1220,2026-08-01T22:26:27.465+09:00,128.877,1219,9.47,0,DRIVING,,0,1,0,-0.072402,0.130317,0.130317,0,748,green,0,unknown,0.000000,null,0.000000,0.364,,"{""0"": 250, ""1"": 250, ""2"": null, ""3"": null, ""4"": null, ""5"": null, ""6"": null, ""7"": null}","{""0"": 0.0, ""1"": 0.0, ""2"": null, ""3"": null, ""4"": null, ""5"": null, ""6"": null, ""7"": null}","{""0"": 250, ""1"": 250}",250,1,0,0,0,0.364,ultrasonic-not-close,KEEP_PAUSED,left,right,,0
1221,2026-08-01T22:26:27.568+09:00,128.981,1220,9.47,0,DRIVING,,0,1,0,-0.072382,0.130248,0.130248,0,748,green,0,unknown,0.000000,null,0.000000,0.273,,"{""0"": 250, ""1"": 250, ""2"": null, ""3"": null, ""4"": null, ""5"": null, ""6"": null, ""7"": null}","{""0"": 0.0, ""1"": 0.0, ""2"": null, ""3"": null, ""4"": null, ""5"": null, ""6"": null, ""7"": null}","{""0"": 250, ""1"": 250}",250,1,0,0,0,0.273,ultrasonic-not-close,KEEP_PAUSED,left,right,,0
1222,2026-08-01T22:26:27.672+09:00,129.086,1221,9.47,0,DRIVING,,0,1,0,-0.072363,0.130191,0.130191,0,748,green,0,unknown,0.000000,null,0.000000,0.177,,"{""0"": 250, ""1"": 250, ""2"": null, ""3"": null, ""4"": null, ""5"": null, ""6"": null, ""7"": null}","{""0"": 0.0, ""1"": 0.0, ""2"": null, ""3"": null, ""4"": null, ""5"": null, ""6"": null, ""7"": null}","{""0"": 250, ""1"": 250}",250,1,0,0,0,0.177,ultrasonic-not-close,KEEP_PAUSED,left,right,,0
1223,2026-08-01T22:26:27.770+09:00,129.182,1222,9.47,0,DRIVING,,0,1,0,-0.072097,0.129253,0.129253,0,748,green,0,unknown,0.000000,null,0.000000,0.272,,"{""0"": 250, ""1"": 250, ""2"": null, ""3"": null, ""4"": null, ""5"": null, ""6"": null, ""7"": null}","{""0"": 0.0, ""1"": 0.0, ""2"": null, ""3"": null, ""4"": null, ""5"": null, ""6"": null, ""7"": null}","{""0"": 250, ""1"": 250}",250,1,0,0,0,0.272,ultrasonic-not-close,KEEP_PAUSED,left,right,,0
1224,2026-08-01T22:26:27.870+09:00,129.283,1223,9.47,0,DRIVING,,0,1,0,-0.072320,0.130210,0.130210,0,748,green,0,unknown,0.000000,null,0.000000,0.272,,"{""0"": 250, ""1"": 250, ""2"": null, ""3"": null, ""4"": null, ""5"": null, ""6"": null, ""7"": null}","{""0"": 0.0, ""1"": 0.0, ""2"": null, ""3"": null, ""4"": null, ""5"": null, ""6"": null, ""7"": null}","{""0"": 250, ""1"": 250}",250,1,0,0,0,0.272,ultrasonic-not-close,KEEP_PAUSED,left,right,,0
1225,2026-08-01T22:26:27.975+09:00,129.387,1224,9.47,0,DRIVING,,0,1,0,-0.072222,0.129848,0.129848,0,748,green,0,unknown,0.000000,null,0.000000,0.375,,"{""0"": 250, ""1"": 250, ""2"": null, ""3"": null, ""4"": null, ""5"": null, ""6"": null, ""7"": null}","{""0"": 0.0, ""1"": 0.0, ""2"": null, ""3"": null, ""4"": null, ""5"": null, ""6"": null, ""7"": null}","{""0"": 250, ""1"": 250}",250,1,0,0,0,0.375,ultrasonic-not-close,KEEP_PAUSED,left,right,,0
1226,2026-08-01T22:26:28.070+09:00,129.483,1225,9.47,0,DRIVING,,0,1,0,-0.072232,0.129931,0.129931,0,748,green,0,unknown,0.000000,null,0.000000,0.269,,"{""0"": 250, ""1"": 250, ""2"": null, ""3"": null, ""4"": null, ""5"": null, ""6"": null, ""7"": null}","{""0"": 0.0, ""1"": 0.0, ""2"": null, ""3"": null, ""4"": null, ""5"": null, ""6"": null, ""7"": null}","{""0"": 250, ""1"": 250}",250,1,0,0,0,0.269,ultrasonic-not-close,KEEP_PAUSED,left,right,,0
1227,2026-08-01T22:26:28.168+09:00,129.582,1226,9.47,0,DRIVING,,0,1,0,-0.072240,0.129986,0.129986,0,748,green,0,unknown,0.000000,null,0.000000,0.268,,"{""0"": 250, ""1"": 250, ""2"": null, ""3"": null, ""4"": null, ""5"": null, ""6"": null, ""7"": null}","{""0"": 0.0, ""1"": 0.0, ""2"": null, ""3"": null, ""4"": null, ""5"": null, ""6"": null, ""7"": null}","{""0"": 250, ""1"": 250}",250,1,0,0,0,0.268,ultrasonic-not-close,KEEP_PAUSED,left,right,,0
1228,2026-08-01T22:26:28.271+09:00,129.684,1227,9.47,0,DRIVING,,0,1,0,-0.072253,0.130045,0.130045,0,748,green,0,unknown,0.000000,null,0.000000,0.368,,"{""0"": 250, ""1"": 250, ""2"": null, ""3"": null, ""4"": null, ""5"": null, ""6"": null, ""7"": null}","{""0"": 0.0, ""1"": 0.0, ""2"": null, ""3"": null, ""4"": null, ""5"": null, ""6"": null, ""7"": null}","{""0"": 250, ""1"": 250}",250,1,0,0,0,0.368,ultrasonic-not-close,KEEP_PAUSED,left,right,,0
1229,2026-08-01T22:26:28.366+09:00,129.779,1228,9.47,0,DRIVING,,0,1,0,-0.072256,0.130059,0.130059,0,747,green,0,unknown,0.000000,null,0.000000,0.264,,"{""0"": 250, ""1"": 250, ""2"": null, ""3"": null, ""4"": null, ""5"": null, ""6"": null, ""7"": null}","{""0"": 0.0, ""1"": 0.0, ""2"": null, ""3"": null, ""4"": null, ""5"": null, ""6"": null, ""7"": null}","{""0"": 250, ""1"": 250}",250,1,0,0,0,0.264,ultrasonic-not-close,KEEP_PAUSED,left,right,,0
1230,2026-08-01T22:26:28.464+09:00,129.878,1229,9.47,0,DRIVING,,0,1,0,-0.072107,0.129524,0.129524,0,748,green,0,unknown,0.000000,null,0.000000,0.266,,"{""0"": 250, ""1"": 250, ""2"": null, ""3"": null, ""4"": null, ""5"": null, ""6"": null, ""7"": null}","{""0"": 0.0, ""1"": 0.0, ""2"": null, ""3"": null, ""4"": null, ""5"": null, ""6"": null, ""7"": null}","{""0"": 250, ""1"": 250}",250,1,0,0,0,0.266,ultrasonic-not-close,KEEP_PAUSED,left,right,,0
1231,2026-08-01T22:26:28.562+09:00,129.974,1230,9.47,0,DRIVING,,0,1,0,-0.072331,0.130411,0.130411,0,748,green,0,unknown,0.000000,null,0.000000,0.361,,"{""0"": 250, ""1"": 250, ""2"": null, ""3"": null, ""4"": null, ""5"": null, ""6"": null, ""7"": null}","{""0"": 0.0, ""1"": 0.0, ""2"": null, ""3"": null, ""4"": null, ""5"": null, ""6"": null, ""7"": null}","{""0"": 250, ""1"": 250}",250,1,0,0,0,0.361,ultrasonic-not-close,KEEP_PAUSED,left,right,,0
1232,2026-08-01T22:26:28.665+09:00,130.078,1231,9.47,0,DRIVING,,0,1,0,-0.072325,0.130324,0.130324,0,748,green,0,unknown,0.000000,null,0.000000,0.268,,"{""0"": 250, ""1"": 250, ""2"": null, ""3"": null, ""4"": null, ""5"": null, ""6"": null, ""7"": null}","{""0"": 0.0, ""1"": 0.0, ""2"": null, ""3"": null, ""4"": null, ""5"": null, ""6"": null, ""7"": null}","{""0"": 250, ""1"": 250}",250,1,0,0,0,0.268,ultrasonic-not-close,KEEP_PAUSED,left,right,,0
1233,2026-08-01T22:26:28.774+09:00,130.186,1232,9.47,0,DRIVING,,0,1,0,-0.072320,0.130265,0.130265,0,748,green,0,unknown,0.000000,null,0.000000,0.180,,"{""0"": 250, ""1"": 250, ""2"": null, ""3"": null, ""4"": null, ""5"": null, ""6"": null, ""7"": null}","{""0"": 0.0, ""1"": 0.0, ""2"": null, ""3"": null, ""4"": null, ""5"": null, ""6"": null, ""7"": null}","{""0"": 250, ""1"": 250}",250,1,0,0,0,0.180,ultrasonic-not-close,KEEP_PAUSED,left,right,,0
1234,2026-08-01T22:26:28.873+09:00,130.285,1233,9.47,0,DRIVING,,0,1,0,-0.072295,0.130149,0.130149,0,749,green,0,unknown,0.000000,null,0.000000,0.278,,"{""0"": 250, ""1"": 250, ""2"": null, ""3"": null, ""4"": null, ""5"": null, ""6"": null, ""7"": null}","{""0"": 0.0, ""1"": 0.0, ""2"": null, ""3"": null, ""4"": null, ""5"": null, ""6"": null, ""7"": null}","{""0"": 250, ""1"": 250}",250,1,0,0,0,0.278,ultrasonic-not-close,KEEP_PAUSED,left,right,,0
1235,2026-08-01T22:26:28.977+09:00,130.390,1234,9.47,0,DRIVING,,0,1,0,-0.072342,0.130312,0.130312,0,747,green,0,unknown,0.000000,null,0.000000,0.283,,"{""0"": 250, ""1"": 250, ""2"": null, ""3"": null, ""4"": null, ""5"": null, ""6"": null, ""7"": null}","{""0"": 0.0, ""1"": 0.0, ""2"": null, ""3"": null, ""4"": null, ""5"": null, ""6"": null, ""7"": null}","{""0"": 250, ""1"": 250}",250,1,0,0,0,0.283,ultrasonic-not-close,KEEP_PAUSED,left,right,,0
1236,2026-08-01T22:26:29.082+09:00,130.495,1235,9.47,0,DRIVING,,0,1,0,-0.072560,0.131068,0.131068,0,748,green,0,unknown,0.000000,null,0.000000,0.179,,"{""0"": 250, ""1"": 250, ""2"": null, ""3"": null, ""4"": null, ""5"": null, ""6"": null, ""7"": null}","{""0"": 0.0, ""1"": 0.0, ""2"": null, ""3"": null, ""4"": null, ""5"": null, ""6"": null, ""7"": null}","{""0"": 250, ""1"": 250}",250,1,0,0,0,0.179,ultrasonic-not-close,KEEP_PAUSED,left,right,,0
1237,2026-08-01T22:26:29.197+09:00,130.607,1236,9.47,1,DRIVING,phase:KEEP_PAUSED->KEEP,0,1,0,-0.072393,0.130327,0.130327,255,748,green,0,unknown,0.000000,null,0.000000,0.291,,"{""0"": 250, ""1"": 250, ""2"": null, ""3"": null, ""4"": null, ""5"": null, ""6"": null, ""7"": null}","{""0"": 0.0, ""1"": 0.0, ""2"": null, ""3"": null, ""4"": null, ""5"": null, ""6"": null, ""7"": null}","{""0"": 250, ""1"": 250}",250,1,0,0,0,0.291,ultrasonic-not-close,KEEP,left,right,,0
1238,2026-08-01T22:26:29.303+09:00,130.717,1237,9.47,1,DRIVING,,0,1,0,-0.072598,0.131060,0.131060,255,750,green,0,unknown,0.000000,null,0.000000,0.296,,"{""0"": 250, ""1"": 106, ""2"": null, ""3"": null, ""4"": null, ""5"": null, ""6"": null, ""7"": null}","{""0"": 0.0, ""1"": 0.0, ""2"": null, ""3"": null, ""4"": null, ""5"": null, ""6"": null, ""7"": null}","{""0"": 250, ""1"": 106}",106,1,1,0,0,0.296,car-not-detected-or-stale,KEEP,left,right,,0
1239,2026-08-01T22:26:29.410+09:00,130.822,1238,9.47,1,DRIVING,,0,1,0,-0.072600,0.130951,0.130951,255,747,green,0,unknown,0.000000,null,0.000000,0.180,,"{""0"": 250, ""1"": 130, ""2"": null, ""3"": null, ""4"": null, ""5"": null, ""6"": null, ""7"": null}","{""0"": 0.0, ""1"": 0.0, ""2"": null, ""3"": null, ""4"": null, ""5"": null, ""6"": null, ""7"": null}","{""0"": 250, ""1"": 130}",130,1,1,0,0,0.180,car-not-detected-or-stale,KEEP,left,right,,0
1240,2026-08-01T22:26:29.512+09:00,130.924,1239,9.47,1,DRIVING,,0,1,0,-0.072699,0.131226,0.131226,100,746,green,0,unknown,0.000000,null,0.000000,0.281,,"{""0"": 57, ""1"": 134, ""2"": null, ""3"": null, ""4"": null, ""5"": null, ""6"": null, ""7"": null}","{""0"": 0.0, ""1"": 0.0, ""2"": null, ""3"": null, ""4"": null, ""5"": null, ""6"": null, ""7"": null}","{""0"": 57, ""1"": 134}",57,1,1,0,0,0.281,car-not-detected-or-stale,KEEP,left,right,,0
1241,2026-08-01T22:26:29.620+09:00,131.033,1240,9.47,1,DRIVING,,0,1,0,-0.068507,0.116025,0.116025,255,749,green,0,unknown,0.000000,null,0.000000,0.286,,"{""0"": 250, ""1"": 189, ""2"": null, ""3"": null, ""4"": null, ""5"": null, ""6"": null, ""7"": null}","{""0"": 0.0, ""1"": 0.0, ""2"": null, ""3"": null, ""4"": null, ""5"": null, ""6"": null, ""7"": null}","{""0"": 250, ""1"": 189}",189,1,0,0,0,0.286,ultrasonic-not-close,KEEP,left,right,,0
1242,2026-08-01T22:26:29.727+09:00,131.140,1241,9.47,1,DRIVING,,0,1,0,-0.065531,0.107500,0.107500,255,748,green,0,unknown,0.000000,null,0.000000,0.185,,"{""0"": 250, ""1"": 250, ""2"": null, ""3"": null, ""4"": null, ""5"": null, ""6"": null, ""7"": null}","{""0"": 0.0, ""1"": 0.0, ""2"": null, ""3"": null, ""4"": null, ""5"": null, ""6"": null, ""7"": null}","{""0"": 250, ""1"": 250}",250,1,0,0,0,0.185,ultrasonic-not-close,KEEP,left,right,,0
1243,2026-08-01T22:26:29.836+09:00,131.248,1242,9.47,1,DRIVING,,0,1,0,-0.063840,0.104548,0.104548,255,748,green,0,unknown,0.000000,null,0.000000,0.290,,"{""0"": 250, ""1"": 137, ""2"": null, ""3"": null, ""4"": null, ""5"": null, ""6"": null, ""7"": null}","{""0"": 0.0, ""1"": 0.0, ""2"": null, ""3"": null, ""4"": null, ""5"": null, ""6"": null, ""7"": null}","{""0"": 250, ""1"": 137}",137,1,1,0,0,0.290,car-not-detected-or-stale,KEEP,left,right,,0
1244,2026-08-01T22:26:29.942+09:00,131.356,1243,9.47,1,DRIVING,,0,1,0,-0.062076,0.101306,0.101306,255,747,green,0,unknown,0.000000,null,0.000000,0.292,,"{""0"": 250, ""1"": 250, ""2"": null, ""3"": null, ""4"": null, ""5"": null, ""6"": null, ""7"": null}","{""0"": 0.0, ""1"": 0.0, ""2"": null, ""3"": null, ""4"": null, ""5"": null, ""6"": null, ""7"": null}","{""0"": 250, ""1"": 250}",250,1,0,0,0,0.292,ultrasonic-not-close,KEEP,left,right,,0
1245,2026-08-01T22:26:30.044+09:00,131.458,1244,9.47,1,DRIVING,,0,1,0,-0.059481,0.095093,0.095093,255,748,green,0,unknown,0.000000,null,0.000000,0.176,,"{""0"": 250, ""1"": 250, ""2"": null, ""3"": null, ""4"": null, ""5"": null, ""6"": null, ""7"": null}","{""0"": 0.0, ""1"": 0.0, ""2"": null, ""3"": null, ""4"": null, ""5"": null, ""6"": null, ""7"": null}","{""0"": 250, ""1"": 250}",250,1,0,0,0,0.176,ultrasonic-not-close,KEEP,left,right,,0
1246,2026-08-01T22:26:30.145+09:00,131.557,1245,9.47,1,DRIVING,,0,1,0,-0.061391,0.105560,0.105560,255,748,green,0,unknown,0.000000,null,0.000000,0.275,,"{""0"": 250, ""1"": 147, ""2"": null, ""3"": null, ""4"": null, ""5"": null, ""6"": null, ""7"": null}","{""0"": 0.0, ""1"": 0.0, ""2"": null, ""3"": null, ""4"": null, ""5"": null, ""6"": null, ""7"": null}","{""0"": 250, ""1"": 147}",147,1,1,0,0,0.275,car-not-detected-or-stale,KEEP,left,right,,0
1247,2026-08-01T22:26:30.245+09:00,131.658,1246,9.47,1,DRIVING,,0,1,0,-0.057966,0.094714,0.094714,255,748,green,0,unknown,0.000000,null,0.000000,0.272,,"{""0"": 136, ""1"": 140, ""2"": null, ""3"": null, ""4"": null, ""5"": null, ""6"": null, ""7"": null}","{""0"": 0.0, ""1"": 0.0, ""2"": null, ""3"": null, ""4"": null, ""5"": null, ""6"": null, ""7"": null}","{""0"": 136, ""1"": 140}",136,1,1,0,0,0.272,car-not-detected-or-stale,KEEP,left,right,,0
1248,2026-08-01T22:26:30.358+09:00,131.772,1247,9.47,1,DRIVING,,0,1,0,-0.057176,0.094757,0.094757,255,746,green,0,unknown,0.000000,null,0.000000,0.182,,"{""0"": 250, ""1"": 81, ""2"": null, ""3"": null, ""4"": null, ""5"": null, ""6"": null, ""7"": null}","{""0"": 0.0, ""1"": 0.0, ""2"": null, ""3"": null, ""4"": null, ""5"": null, ""6"": null, ""7"": null}","{""0"": 250, ""1"": 81}",81,1,1,0,0,0.182,car-not-detected-or-stale,KEEP,left,right,,0
1249,2026-08-01T22:26:30.452+09:00,131.865,1248,9.47,1,DRIVING,,0,1,0,-0.058625,0.102421,0.102421,255,747,green,0,unknown,0.000000,null,0.000000,0.274,,"{""0"": 250, ""1"": 157, ""2"": null, ""3"": null, ""4"": null, ""5"": null, ""6"": null, ""7"": null}","{""0"": 0.0, ""1"": 0.0, ""2"": null, ""3"": null, ""4"": null, ""5"": null, ""6"": null, ""7"": null}","{""0"": 250, ""1"": 157}",157,1,0,0,0,0.274,ultrasonic-not-close,KEEP,left,right,,0
1250,2026-08-01T22:26:30.565+09:00,131.978,1249,9.47,1,DRIVING,,0,1,0,-0.054548,0.088676,0.088676,255,747,green,0,unknown,0.000000,null,0.000000,0.290,,"{""0"": 108, ""1"": 88, ""2"": null, ""3"": null, ""4"": null, ""5"": null, ""6"": null, ""7"": null}","{""0"": 0.0, ""1"": 0.0, ""2"": null, ""3"": null, ""4"": null, ""5"": null, ""6"": null, ""7"": null}","{""0"": 108, ""1"": 88}",88,1,1,0,0,0.290,car-not-detected-or-stale,KEEP,left,right,,0
1251,2026-08-01T22:26:30.668+09:00,132.080,1250,9.47,1,DRIVING,,0,1,0,-0.059969,0.111044,0.111044,255,747,green,0,unknown,0.000000,null,0.000000,0.391,,"{""0"": 250, ""1"": 149, ""2"": null, ""3"": null, ""4"": null, ""5"": null, ""6"": null, ""7"": null}","{""0"": 0.0, ""1"": 0.0, ""2"": null, ""3"": null, ""4"": null, ""5"": null, ""6"": null, ""7"": null}","{""0"": 250, ""1"": 149}",149,1,1,0,0,0.391,car-not-detected-or-stale,KEEP,left,right,,0
1252,2026-08-01T22:26:30.768+09:00,132.181,1251,9.47,1,DRIVING,,0,1,0,-0.108748,0.285717,0.285717,100,747,green,0,unknown,0.000000,null,0.000000,0.281,,"{""0"": 250, ""1"": 56, ""2"": null, ""3"": null, ""4"": null, ""5"": null, ""6"": null, ""7"": null}","{""0"": 0.0, ""1"": 0.0, ""2"": null, ""3"": null, ""4"": null, ""5"": null, ""6"": null, ""7"": null}","{""0"": 250, ""1"": 56}",56,1,1,0,0,0.281,car-not-detected-or-stale,KEEP,left,right,,0
1253,2026-08-01T22:26:30.873+09:00,132.287,1252,9.47,1,DRIVING,,0,1,0,-0.119819,0.298583,0.298583,255,747,green,0,unknown,0.000000,null,0.000000,0.278,,"{""0"": 250, ""1"": 115, ""2"": null, ""3"": null, ""4"": null, ""5"": null, ""6"": null, ""7"": null}","{""0"": 0.0, ""1"": 0.0, ""2"": null, ""3"": null, ""4"": null, ""5"": null, ""6"": null, ""7"": null}","{""0"": 250, ""1"": 115}",115,1,1,0,0,0.278,car-not-detected-or-stale,KEEP,left,right,,0
1254,2026-08-01T22:26:30.975+09:00,132.389,1253,9.47,1,DRIVING,,0,1,0,-0.133517,0.323022,0.323022,255,752,green,0,unknown,0.000000,null,0.000000,0.378,,"{""0"": 144, ""1"": 133, ""2"": null, ""3"": null, ""4"": null, ""5"": null, ""6"": null, ""7"": null}","{""0"": 0.0, ""1"": 0.0, ""2"": null, ""3"": null, ""4"": null, ""5"": null, ""6"": null, ""7"": null}","{""0"": 144, ""1"": 133}",133,1,1,0,0,0.378,car-not-detected-or-stale,KEEP,left,right,,0
1255,2026-08-01T22:26:31.071+09:00,132.485,1254,9.47,1,DRIVING,,0,1,0,-0.147193,0.347449,0.347449,255,761,green,0,unknown,0.000000,null,0.000000,0.270,,"{""0"": 250, ""1"": 250, ""2"": null, ""3"": null, ""4"": null, ""5"": null, ""6"": null, ""7"": null}","{""0"": 0.0, ""1"": 0.0, ""2"": null, ""3"": null, ""4"": null, ""5"": null, ""6"": null, ""7"": null}","{""0"": 250, ""1"": 250}",250,1,0,0,0,0.270,ultrasonic-not-close,KEEP,left,right,,0
1256,2026-08-01T22:26:31.177+09:00,132.591,1255,9.47,1,DRIVING,,0,1,0,-0.167597,0.396155,0.396155,255,761,green,0,unknown,0.000000,null,0.000000,0.275,,"{""0"": 250, ""1"": 250, ""2"": null, ""3"": null, ""4"": null, ""5"": null, ""6"": null, ""7"": null}","{""0"": 0.0, ""1"": 0.0, ""2"": null, ""3"": null, ""4"": null, ""5"": null, ""6"": null, ""7"": null}","{""0"": 250, ""1"": 250}",250,1,0,0,0,0.275,ultrasonic-not-close,KEEP,left,right,,0
1257,2026-08-01T22:26:31.285+09:00,132.697,1256,9.47,1,DRIVING,,0,1,0,-0.179355,0.410137,0.410137,255,764,green,0,unknown,0.000000,null,0.000000,0.380,,"{""0"": 250, ""1"": 250, ""2"": null, ""3"": null, ""4"": null, ""5"": null, ""6"": null, ""7"": null}","{""0"": 0.0, ""1"": 0.0, ""2"": null, ""3"": null, ""4"": null, ""5"": null, ""6"": null, ""7"": null}","{""0"": 250, ""1"": 250}",250,1,0,0,0,0.380,ultrasonic-not-close,KEEP,left,right,,0
1258,2026-08-01T22:26:31.377+09:00,132.790,1257,9.47,1,DRIVING,,0,1,0,-0.190237,0.423125,0.423125,255,770,green,0,unknown,0.000000,null,0.000000,0.276,,"{""0"": 250, ""1"": 250, ""2"": null, ""3"": null, ""4"": null, ""5"": null, ""6"": null, ""7"": null}","{""0"": 0.0, ""1"": 0.0, ""2"": null, ""3"": null, ""4"": null, ""5"": null, ""6"": null, ""7"": null}","{""0"": 250, ""1"": 250}",250,1,0,0,0,0.276,ultrasonic-not-close,KEEP,left,right,,0
1259,2026-08-01T22:26:31.479+09:00,132.892,1258,9.48,1,DRIVING,,0,1,0,-0.188664,0.393250,0.393250,255,772,green,0,unknown,0.000000,null,0.000000,0.271,,"{""0"": 250, ""1"": 250, ""2"": null, ""3"": null, ""4"": null, ""5"": null, ""6"": null, ""7"": null}","{""0"": 0.0, ""1"": 0.0, ""2"": null, ""3"": null, ""4"": null, ""5"": null, ""6"": null, ""7"": null}","{""0"": 250, ""1"": 250}",250,1,0,0,0,0.271,ultrasonic-not-close,KEEP,left,right,,0
1260,2026-08-01T22:26:31.576+09:00,132.988,1259,9.48,1,DRIVING,,0,1,0,-0.190390,0.383369,0.383369,255,769,green,0,unknown,0.000000,null,0.000000,0.367,,"{""0"": 106, ""1"": 250, ""2"": null, ""3"": null, ""4"": null, ""5"": null, ""6"": null, ""7"": null}","{""0"": 0.0, ""1"": 0.0, ""2"": null, ""3"": null, ""4"": null, ""5"": null, ""6"": null, ""7"": null}","{""0"": 106, ""1"": 250}",106,1,1,0,0,0.367,car-not-detected-or-stale,KEEP,left,right,,0
1261,2026-08-01T22:26:31.683+09:00,133.096,1260,9.48,1,DRIVING,,0,1,0,-0.168621,0.292801,0.292801,255,770,green,0,unknown,0.000000,null,0.000000,0.277,,"{""0"": 250, ""1"": 110, ""2"": null, ""3"": null, ""4"": null, ""5"": null, ""6"": null, ""7"": null}","{""0"": 0.0, ""1"": 0.0, ""2"": null, ""3"": null, ""4"": null, ""5"": null, ""6"": null, ""7"": null}","{""0"": 250, ""1"": 110}",110,1,1,0,0,0.277,car-not-detected-or-stale,KEEP,left,right,,0
1262,2026-08-01T22:26:31.786+09:00,133.199,1261,9.48,1,DRIVING,,0,1,0,-0.173390,0.313185,0.313185,255,770,green,0,unknown,0.000000,null,0.000000,0.176,,"{""0"": 250, ""1"": 124, ""2"": null, ""3"": null, ""4"": null, ""5"": null, ""6"": null, ""7"": null}","{""0"": 0.0, ""1"": 0.0, ""2"": null, ""3"": null, ""4"": null, ""5"": null, ""6"": null, ""7"": null}","{""0"": 250, ""1"": 124}",124,1,1,0,0,0.176,car-not-detected-or-stale,KEEP,left,right,,0
1263,2026-08-01T22:26:31.882+09:00,133.293,1262,9.48,1,DRIVING,,0,1,0,-0.210979,0.448181,0.448181,100,771,green,0,unknown,0.000000,null,0.000000,0.269,,"{""0"": 250, ""1"": 72, ""2"": null, ""3"": null, ""4"": null, ""5"": null, ""6"": null, ""7"": null}","{""0"": 0.0, ""1"": 0.0, ""2"": null, ""3"": null, ""4"": null, ""5"": null, ""6"": null, ""7"": null}","{""0"": 250, ""1"": 72}",72,1,1,0,0,0.269,car-not-detected-or-stale,KEEP,left,right,,0
1264,2026-08-01T22:26:31.982+09:00,133.396,1263,9.48,1,DRIVING,,0,1,0,-0.222355,0.468607,0.468607,255,765,green,0,unknown,0.000000,null,0.000000,0.270,,"{""0"": 250, ""1"": 197, ""2"": null, ""3"": null, ""4"": null, ""5"": null, ""6"": null, ""7"": null}","{""0"": 0.0, ""1"": 0.0, ""2"": null, ""3"": null, ""4"": null, ""5"": null, ""6"": null, ""7"": null}","{""0"": 250, ""1"": 197}",197,1,0,0,0,0.270,ultrasonic-not-close,KEEP,left,right,,0
1265,2026-08-01T22:26:32.096+09:00,133.509,1264,9.48,1,DRIVING,,0,1,0,-0.238362,0.505723,0.505723,255,775,green,0,unknown,0.000000,null,0.000000,0.382,,"{""0"": 250, ""1"": 128, ""2"": null, ""3"": null, ""4"": null, ""5"": null, ""6"": null, ""7"": null}","{""0"": 0.0, ""1"": 0.0, ""2"": null, ""3"": null, ""4"": null, ""5"": null, ""6"": null, ""7"": null}","{""0"": 250, ""1"": 128}",128,1,1,0,0,0.382,car-not-detected-or-stale,KEEP,left,right,,0
1266,2026-08-01T22:26:32.193+09:00,133.607,1265,9.48,1,DRIVING,,0,1,0,-0.256289,0.547258,0.547258,255,775,green,0,unknown,0.000000,null,0.000000,0.280,,"{""0"": 250, ""1"": 250, ""2"": null, ""3"": null, ""4"": null, ""5"": null, ""6"": null, ""7"": null}","{""0"": 0.0, ""1"": 0.0, ""2"": null, ""3"": null, ""4"": null, ""5"": null, ""6"": null, ""7"": null}","{""0"": 250, ""1"": 250}",250,1,0,0,0,0.280,ultrasonic-not-close,KEEP,left,right,,0
1267,2026-08-01T22:26:32.293+09:00,133.707,1266,9.48,1,DRIVING,,0,1,0,-0.276462,0.594100,0.594100,255,781,green,0,unknown,0.000000,null,0.000000,0.282,,"{""0"": 197, ""1"": 201, ""2"": null, ""3"": null, ""4"": null, ""5"": null, ""6"": null, ""7"": null}","{""0"": 0.0, ""1"": 0.0, ""2"": null, ""3"": null, ""4"": null, ""5"": null, ""6"": null, ""7"": null}","{""0"": 197, ""1"": 201}",197,1,0,0,0,0.282,ultrasonic-not-close,KEEP,left,right,,0
1268,2026-08-01T22:26:32.401+09:00,133.813,1267,9.48,1,DRIVING,,0,1,0,-0.286027,0.599592,0.599592,255,783,green,0,unknown,0.000000,null,0.000000,0.386,,"{""0"": 250, ""1"": 115, ""2"": null, ""3"": null, ""4"": null, ""5"": null, ""6"": null, ""7"": null}","{""0"": 0.0, ""1"": 0.0, ""2"": null, ""3"": null, ""4"": null, ""5"": null, ""6"": null, ""7"": null}","{""0"": 250, ""1"": 115}",115,1,1,0,0,0.386,car-not-detected-or-stale,KEEP,left,right,,0
1269,2026-08-01T22:26:32.493+09:00,133.906,1268,9.48,1,DRIVING,,0,1,0,-0.298636,0.619561,0.619561,255,785,green,0,unknown,0.000000,null,0.000000,0.268,,"{""0"": 250, ""1"": 186, ""2"": null, ""3"": null, ""4"": null, ""5"": null, ""6"": null, ""7"": null}","{""0"": 0.0, ""1"": 0.0, ""2"": null, ""3"": null, ""4"": null, ""5"": null, ""6"": null, ""7"": null}","{""0"": 250, ""1"": 186}",186,1,0,0,0,0.268,ultrasonic-not-close,KEEP,left,right,,0
1270,2026-08-01T22:26:32.596+09:00,134.009,1269,9.48,1,DRIVING,,0,1,0,-0.314780,0.653074,0.653074,100,789,green,0,unknown,0.000000,null,0.000000,0.273,,"{""0"": 250, ""1"": 36, ""2"": null, ""3"": null, ""4"": null, ""5"": null, ""6"": null, ""7"": null}","{""0"": 0.0, ""1"": 0.0, ""2"": null, ""3"": null, ""4"": null, ""5"": null, ""6"": null, ""7"": null}","{""0"": 250, ""1"": 36}",36,1,1,0,0,0.273,car-not-detected-or-stale,KEEP,left,right,,0
1271,2026-08-01T22:26:32.712+09:00,134.125,1270,9.48,1,DRIVING,,0,1,0,-0.323167,0.657327,0.657327,100,787,green,0,unknown,0.000000,null,0.000000,0.386,,"{""0"": 168, ""1"": 80, ""2"": null, ""3"": null, ""4"": null, ""5"": null, ""6"": null, ""7"": null}","{""0"": 0.0, ""1"": 0.0, ""2"": null, ""3"": null, ""4"": null, ""5"": null, ""6"": null, ""7"": null}","{""0"": 168, ""1"": 80}",80,1,1,0,0,0.386,car-not-detected-or-stale,KEEP,left,right,,0
1272,2026-08-01T22:26:32.811+09:00,134.224,1271,9.48,1,DRIVING,,0,1,0,-0.327854,0.651514,0.651514,100,789,green,0,unknown,0.000000,null,0.000000,0.288,,"{""0"": 250, ""1"": 69, ""2"": null, ""3"": null, ""4"": null, ""5"": null, ""6"": null, ""7"": null}","{""0"": 0.0, ""1"": 0.0, ""2"": null, ""3"": null, ""4"": null, ""5"": null, ""6"": null, ""7"": null}","{""0"": 250, ""1"": 69}",69,1,1,0,0,0.288,car-not-detected-or-stale,KEEP,left,right,,0
1273,2026-08-01T22:26:32.914+09:00,134.328,1272,9.48,1,DRIVING,,0,1,0,-0.338544,0.671582,0.671582,255,787,green,0,unknown,0.000000,null,0.000000,0.170,,"{""0"": 250, ""1"": 117, ""2"": null, ""3"": null, ""4"": null, ""5"": null, ""6"": null, ""7"": null}","{""0"": 0.0, ""1"": 0.0, ""2"": null, ""3"": null, ""4"": null, ""5"": null, ""6"": null, ""7"": null}","{""0"": 250, ""1"": 117}",117,1,1,0,0,0.170,car-not-detected-or-stale,KEEP,left,right,,0
1274,2026-08-01T22:26:33.028+09:00,134.441,1273,9.48,1,DRIVING,,0,1,0,-0.344135,0.673051,0.673051,255,790,green,0,unknown,0.000000,null,0.000000,0.282,,"{""0"": 153, ""1"": 155, ""2"": null, ""3"": null, ""4"": null, ""5"": null, ""6"": null, ""7"": null}","{""0"": 0.0, ""1"": 0.0, ""2"": null, ""3"": null, ""4"": null, ""5"": null, ""6"": null, ""7"": null}","{""0"": 153, ""1"": 155}",153,1,0,0,0,0.282,ultrasonic-not-close,KEEP,left,right,,0
1275,2026-08-01T22:26:33.129+09:00,134.542,1274,9.48,1,DRIVING,,0,1,0,-0.349481,0.676214,0.676214,255,791,green,0,unknown,0.000000,null,0.000000,0.288,,"{""0"": 250, ""1"": 177, ""2"": null, ""3"": null, ""4"": null, ""5"": null, ""6"": null, ""7"": null}","{""0"": 0.0, ""1"": 0.0, ""2"": null, ""3"": null, ""4"": null, ""5"": null, ""6"": null, ""7"": null}","{""0"": 250, ""1"": 177}",177,1,0,0,0,0.288,ultrasonic-not-close,KEEP,left,right,,0
1276,2026-08-01T22:26:33.231+09:00,134.644,1275,9.48,1,DRIVING,,0,1,0,-0.356169,0.686146,0.686146,255,791,green,1,obstacle-car,0.647814,"[6, 2, 641, 323]",0.221453,0.172,,"{""0"": 196, ""1"": 127, ""2"": null, ""3"": null, ""4"": null, ""5"": null, ""6"": null, ""7"": null}","{""0"": 0.0, ""1"": 0.0, ""2"": null, ""3"": null, ""4"": null, ""5"": null, ""6"": null, ""7"": null}","{""0"": 196, ""1"": 127}",127,1,1,1,1,0.172,car+ultrasonic,KEEP,left,right,,0
1277,2026-08-01T22:26:33.333+09:00,134.746,1276,9.48,1,DRIVING,,0,1,0,-0.364693,0.703320,0.703320,255,793,green,1,obstacle-car,0.647814,"[6, 2, 641, 323]",0.221453,0.271,,"{""0"": 250, ""1"": 158, ""2"": null, ""3"": null, ""4"": null, ""5"": null, ""6"": null, ""7"": null}","{""0"": 0.0, ""1"": 0.0, ""2"": null, ""3"": null, ""4"": null, ""5"": null, ""6"": null, ""7"": null}","{""0"": 250, ""1"": 158}",158,1,0,0,0,0.271,ultrasonic-not-close,KEEP,left,right,,0
1278,2026-08-01T22:26:33.431+09:00,134.845,1277,9.48,1,DRIVING,,0,1,0,-0.375053,0.726554,0.726554,255,794,green,0,unknown,0.000000,null,0.000000,0.273,,"{""0"": 250, ""1"": 134, ""2"": null, ""3"": null, ""4"": null, ""5"": null, ""6"": null, ""7"": null}","{""0"": 0.0, ""1"": 0.0, ""2"": null, ""3"": null, ""4"": null, ""5"": null, ""6"": null, ""7"": null}","{""0"": 250, ""1"": 134}",134,1,1,0,0,0.273,car-not-detected-or-stale,KEEP,left,right,,0
1279,2026-08-01T22:26:33.533+09:00,134.946,1278,9.48,1,DRIVING,,0,1,0,-0.378013,0.721774,0.721774,100,797,green,0,unknown,0.000000,null,0.000000,0.372,,"{""0"": 250, ""1"": 67, ""2"": null, ""3"": null, ""4"": null, ""5"": null, ""6"": null, ""7"": null}","{""0"": 0.0, ""1"": 0.0, ""2"": null, ""3"": null, ""4"": null, ""5"": null, ""6"": null, ""7"": null}","{""0"": 250, ""1"": 67}",67,1,1,0,0,0.372,car-not-detected-or-stale,KEEP,left,right,,0
1280,2026-08-01T22:26:33.628+09:00,135.042,1279,9.48,1,DRIVING,,0,1,0,-0.382617,0.725943,0.725943,255,796,green,0,unknown,0.000000,null,0.000000,0.265,,"{""0"": 250, ""1"": 153, ""2"": null, ""3"": null, ""4"": null, ""5"": null, ""6"": null, ""7"": null}","{""0"": 0.0, ""1"": 0.0, ""2"": null, ""3"": null, ""4"": null, ""5"": null, ""6"": null, ""7"": null}","{""0"": 250, ""1"": 153}",153,1,0,0,0,0.265,ultrasonic-not-close,KEEP,left,right,,0
1281,2026-08-01T22:26:33.730+09:00,135.144,1280,9.48,1,DRIVING,,0,1,0,-0.388320,0.735304,0.735304,100,796,green,0,unknown,0.000000,null,0.000000,0.269,,"{""0"": 152, ""1"": 69, ""2"": null, ""3"": null, ""4"": null, ""5"": null, ""6"": null, ""7"": null}","{""0"": 0.0, ""1"": 0.0, ""2"": null, ""3"": null, ""4"": null, ""5"": null, ""6"": null, ""7"": null}","{""0"": 152, ""1"": 69}",69,1,1,0,0,0.269,car-not-detected-or-stale,KEEP,left,right,,0
1282,2026-08-01T22:26:33.838+09:00,135.251,1281,9.48,1,DRIVING,,0,1,0,-0.386842,0.719082,0.719082,255,795,green,0,unknown,0.000000,null,0.000000,0.375,,"{""0"": 250, ""1"": 143, ""2"": null, ""3"": null, ""4"": null, ""5"": null, ""6"": null, ""7"": null}","{""0"": 0.0, ""1"": 0.0, ""2"": null, ""3"": null, ""4"": null, ""5"": null, ""6"": null, ""7"": null}","{""0"": 250, ""1"": 143}",143,1,1,0,0,0.375,car-not-detected-or-stale,KEEP,left,right,,0
1283,2026-08-01T22:26:33.941+09:00,135.354,1282,9.48,1,DRIVING,,0,1,0,-0.384266,0.702981,0.702981,100,797,green,0,unknown,0.000000,null,0.000000,0.282,,"{""0"": 132, ""1"": 68, ""2"": null, ""3"": null, ""4"": null, ""5"": null, ""6"": null, ""7"": null}","{""0"": 0.0, ""1"": 0.0, ""2"": null, ""3"": null, ""4"": null, ""5"": null, ""6"": null, ""7"": null}","{""0"": 132, ""1"": 68}",68,1,1,0,0,0.282,car-not-detected-or-stale,KEEP,left,right,,0
1284,2026-08-01T22:26:34.043+09:00,135.456,1283,9.48,1,DRIVING,,0,1,0,-0.381800,0.690711,0.690711,255,797,green,0,unknown,0.000000,null,0.000000,0.283,,"{""0"": 125, ""1"": 128, ""2"": null, ""3"": null, ""4"": null, ""5"": null, ""6"": null, ""7"": null}","{""0"": 0.0, ""1"": 0.0, ""2"": null, ""3"": null, ""4"": null, ""5"": null, ""6"": null, ""7"": null}","{""0"": 125, ""1"": 128}",125,1,1,0,0,0.283,car-not-detected-or-stale,KEEP,left,right,,0
1285,2026-08-01T22:26:34.145+09:00,135.558,1284,9.48,1,DRIVING,,0,1,0,-0.381334,0.687992,0.687992,255,797,green,0,unknown,0.000000,null,0.000000,0.383,,"{""0"": 117, ""1"": 154, ""2"": null, ""3"": null, ""4"": null, ""5"": null, ""6"": null, ""7"": null}","{""0"": 0.0, ""1"": 0.0, ""2"": null, ""3"": null, ""4"": null, ""5"": null, ""6"": null, ""7"": null}","{""0"": 117, ""1"": 154}",117,1,1,0,0,0.383,car-not-detected-or-stale,KEEP,left,right,,0
1286,2026-08-01T22:26:34.263+09:00,135.677,1285,9.48,1,DRIVING,,0,1,0,-0.378510,0.677349,0.677349,255,798,green,1,obstacle-car,0.569724,"[0, 0, 902, 292]",0.285582,0.293,,"{""0"": 111, ""1"": 114, ""2"": null, ""3"": null, ""4"": null, ""5"": null, ""6"": null, ""7"": null}","{""0"": 0.0, ""1"": 0.0, ""2"": null, ""3"": null, ""4"": null, ""5"": null, ""6"": null, ""7"": null}","{""0"": 111, ""1"": 114}",111,1,1,1,1,0.293,car+ultrasonic,KEEP,left,right,,0
1287,2026-08-01T22:26:34.365+09:00,135.779,1286,9.48,1,DRIVING,,0,1,0,-0.377084,0.673407,0.673407,100,799,green,0,unknown,0.000000,null,0.000000,0.184,,"{""0"": 250, ""1"": 38, ""2"": null, ""3"": null, ""4"": null, ""5"": null, ""6"": null, ""7"": null}","{""0"": 0.0, ""1"": 0.0, ""2"": null, ""3"": null, ""4"": null, ""5"": null, ""6"": null, ""7"": null}","{""0"": 250, ""1"": 38}",38,1,1,0,0,0.184,car-not-detected-or-stale,KEEP,left,right,,0
1288,2026-08-01T22:26:34.463+09:00,135.877,1287,9.48,1,DRIVING,,0,1,0,-0.372617,0.658929,0.658929,255,799,green,0,unknown,0.000000,null,0.000000,0.281,,"{""0"": 94, ""1"": 97, ""2"": null, ""3"": null, ""4"": null, ""5"": null, ""6"": null, ""7"": null}","{""0"": 0.0, ""1"": 0.0, ""2"": null, ""3"": null, ""4"": null, ""5"": null, ""6"": null, ""7"": null}","{""0"": 94, ""1"": 97}",94,1,1,0,0,0.281,car-not-detected-or-stale,KEEP,left,right,,0
1289,2026-08-01T22:26:34.560+09:00,135.973,1288,9.48,1,DRIVING,,0,1,0,-0.369191,0.650129,0.650129,100,798,green,0,unknown,0.000000,null,0.000000,0.267,,"{""0"": 87, ""1"": 60, ""2"": null, ""3"": null, ""4"": null, ""5"": null, ""6"": null, ""7"": null}","{""0"": 0.0, ""1"": 0.0, ""2"": null, ""3"": null, ""4"": null, ""5"": null, ""6"": null, ""7"": null}","{""0"": 87, ""1"": 60}",60,1,1,0,0,0.267,car-not-detected-or-stale,KEEP,left,right,,0
1290,2026-08-01T22:26:34.672+09:00,136.087,1289,9.48,1,DRIVING,,0,1,0,-0.366560,0.644981,0.644981,255,798,green,0,unknown,0.000000,null,0.000000,0.379,,"{""0"": 250, ""1"": 150, ""2"": null, ""3"": null, ""4"": null, ""5"": null, ""6"": null, ""7"": null}","{""0"": 0.0, ""1"": 0.0, ""2"": null, ""3"": null, ""4"": null, ""5"": null, ""6"": null, ""7"": null}","{""0"": 250, ""1"": 150}",150,1,0,0,0,0.379,ultrasonic-not-close,KEEP,left,right,,0
1291,2026-08-01T22:26:34.774+09:00,136.187,1290,9.48,1,DRIVING,,0,1,0,-0.363133,0.637094,0.637094,255,799,green,0,unknown,0.000000,null,0.000000,0.279,,"{""0"": 250, ""1"": 151, ""2"": null, ""3"": null, ""4"": null, ""5"": null, ""6"": null, ""7"": null}","{""0"": 0.0, ""1"": 0.0, ""2"": null, ""3"": null, ""4"": null, ""5"": null, ""6"": null, ""7"": null}","{""0"": 250, ""1"": 151}",151,1,0,0,0,0.279,ultrasonic-not-close,KEEP,left,right,,0
1292,2026-08-01T22:26:34.875+09:00,136.288,1291,9.48,1,DRIVING,,0,1,0,-0.353351,0.606841,0.606841,255,800,green,0,unknown,0.000000,null,0.000000,0.285,,"{""0"": 250, ""1"": 82, ""2"": null, ""3"": null, ""4"": null, ""5"": null, ""6"": null, ""7"": null}","{""0"": 0.0, ""1"": 0.0, ""2"": null, ""3"": null, ""4"": null, ""5"": null, ""6"": null, ""7"": null}","{""0"": 250, ""1"": 82}",82,1,1,0,0,0.285,car-not-detected-or-stale,KEEP,left,right,,0
1293,2026-08-01T22:26:34.990+09:00,136.404,1292,9.48,1,DRIVING,,0,1,0,-0.350170,0.604148,0.604148,255,798,green,0,unknown,0.000000,null,0.000000,0.399,,"{""0"": 250, ""1"": 93, ""2"": null, ""3"": null, ""4"": null, ""5"": null, ""6"": null, ""7"": null}","{""0"": 0.0, ""1"": 0.0, ""2"": null, ""3"": null, ""4"": null, ""5"": null, ""6"": null, ""7"": null}","{""0"": 250, ""1"": 93}",93,1,1,0,0,0.399,car-not-detected-or-stale,KEEP,left,right,,0
1294,2026-08-01T22:26:35.103+09:00,136.516,1293,9.48,1,DRIVING,,0,1,0,-0.348689,0.606662,0.606662,100,797,green,0,unknown,0.000000,null,0.000000,0.293,,"{""0"": 146, ""1"": 67, ""2"": null, ""3"": null, ""4"": null, ""5"": null, ""6"": null, ""7"": null}","{""0"": 0.0, ""1"": 0.0, ""2"": null, ""3"": null, ""4"": null, ""5"": null, ""6"": null, ""7"": null}","{""0"": 146, ""1"": 67}",67,1,1,0,0,0.293,car-not-detected-or-stale,KEEP,left,right,,0
1295,2026-08-01T22:26:35.222+09:00,136.636,1294,9.48,1,DRIVING,,0,1,0,-0.344355,0.597356,0.597356,255,812,green,0,unknown,0.000000,null,0.000000,0.318,,"{""0"": 250, ""1"": 129, ""2"": null, ""3"": null, ""4"": null, ""5"": null, ""6"": null, ""7"": null}","{""0"": 0.0, ""1"": 0.0, ""2"": null, ""3"": null, ""4"": null, ""5"": null, ""6"": null, ""7"": null}","{""0"": 250, ""1"": 129}",129,1,1,0,0,0.318,car-not-detected-or-stale,KEEP,left,right,,0
1296,2026-08-01T22:26:35.331+09:00,136.745,1295,9.48,1,DRIVING,,0,1,0,-0.339612,0.587025,0.587025,255,798,green,0,unknown,0.000000,null,0.000000,0.198,,"{""0"": 139, ""1"": 145, ""2"": null, ""3"": null, ""4"": null, ""5"": null, ""6"": null, ""7"": null}","{""0"": 0.0, ""1"": 0.0, ""2"": null, ""3"": null, ""4"": null, ""5"": null, ""6"": null, ""7"": null}","{""0"": 139, ""1"": 145}",139,1,1,0,0,0.198,car-not-detected-or-stale,KEEP,left,right,,0
1297,2026-08-01T22:26:35.425+09:00,136.838,1296,9.48,1,DRIVING,,0,1,0,-0.333008,0.570532,0.570532,255,797,unknown,0,unknown,0.000000,null,0.000000,0.290,,"{""0"": 136, ""1"": 137, ""2"": null, ""3"": null, ""4"": null, ""5"": null, ""6"": null, ""7"": null}","{""0"": 0.0, ""1"": 0.0, ""2"": null, ""3"": null, ""4"": null, ""5"": null, ""6"": null, ""7"": null}","{""0"": 136, ""1"": 137}",136,1,1,0,0,0.290,car-not-detected-or-stale,KEEP,left,right,,0
1298,2026-08-01T22:26:35.522+09:00,136.935,1297,9.48,1,DRIVING,,0,1,0,-0.331197,0.572678,0.572678,100,798,unknown,0,unknown,0.000000,null,0.000000,0.271,,"{""0"": 129, ""1"": 56, ""2"": null, ""3"": null, ""4"": null, ""5"": null, ""6"": null, ""7"": null}","{""0"": 0.0, ""1"": 0.0, ""2"": null, ""3"": null, ""4"": null, ""5"": null, ""6"": null, ""7"": null}","{""0"": 129, ""1"": 56}",56,1,1,0,0,0.271,car-not-detected-or-stale,KEEP,left,right,,0
1299,2026-08-01T22:26:35.622+09:00,137.036,1298,9.48,1,DRIVING,,0,1,0,-0.327799,0.567487,0.567487,255,797,unknown,0,unknown,0.000000,null,0.000000,0.369,,"{""0"": 250, ""1"": 130, ""2"": null, ""3"": null, ""4"": null, ""5"": null, ""6"": null, ""7"": null}","{""0"": 0.0, ""1"": 0.0, ""2"": null, ""3"": null, ""4"": null, ""5"": null, ""6"": null, ""7"": null}","{""0"": 250, ""1"": 130}",130,1,1,0,0,0.369,car-not-detected-or-stale,KEEP,left,right,,0
1300,2026-08-01T22:26:35.722+09:00,137.136,1299,9.48,1,DRIVING,,0,1,0,-0.322617,0.555599,0.555599,100,796,unknown,0,unknown,0.000000,null,0.000000,0.267,,"{""0"": 250, ""1"": 72, ""2"": null, ""3"": null, ""4"": null, ""5"": null, ""6"": null, ""7"": null}","{""0"": 0.0, ""1"": 0.0, ""2"": null, ""3"": null, ""4"": null, ""5"": null, ""6"": null, ""7"": null}","{""0"": 250, ""1"": 72}",72,1,1,0,0,0.267,car-not-detected-or-stale,KEEP,left,right,,0
1301,2026-08-01T22:26:35.821+09:00,137.235,1300,9.48,1,DRIVING,,0,1,0,-0.320480,0.555438,0.555438,100,795,red,0,unknown,0.000000,null,0.000000,0.269,,"{""0"": 250, ""1"": 45, ""2"": null, ""3"": null, ""4"": null, ""5"": null, ""6"": null, ""7"": null}","{""0"": 0.0, ""1"": 0.0, ""2"": null, ""3"": null, ""4"": null, ""5"": null, ""6"": null, ""7"": null}","{""0"": 250, ""1"": 45}",45,1,1,0,0,0.269,car-not-detected-or-stale,KEEP,left,right,,0
1302,2026-08-01T22:26:35.934+09:00,137.347,1301,9.48,1,DRIVING,,0,1,0,-0.317383,0.550716,0.550716,100,794,red,0,unknown,0.000000,null,0.000000,0.380,,"{""0"": 250, ""1"": 80, ""2"": null, ""3"": null, ""4"": null, ""5"": null, ""6"": null, ""7"": null}","{""0"": 0.0, ""1"": 0.0, ""2"": null, ""3"": null, ""4"": null, ""5"": null, ""6"": null, ""7"": null}","{""0"": 250, ""1"": 80}",80,1,1,0,0,0.380,car-not-detected-or-stale,KEEP,left,right,,0
1303,2026-08-01T22:26:36.043+09:00,137.457,1302,9.48,1,DRIVING,,0,1,0,-0.307734,0.522154,0.522154,255,795,red,0,unknown,0.000000,null,0.000000,0.290,,"{""0"": 250, ""1"": 116, ""2"": null, ""3"": null, ""4"": null, ""5"": null, ""6"": null, ""7"": null}","{""0"": 0.0, ""1"": 0.0, ""2"": null, ""3"": null, ""4"": null, ""5"": null, ""6"": null, ""7"": null}","{""0"": 250, ""1"": 116}",116,1,1,0,0,0.290,car-not-detected-or-stale,KEEP,left,right,,0
1304,2026-08-01T22:26:36.147+09:00,137.560,1303,9.48,1,DRIVING,,0,1,0,-0.300472,0.505538,0.505538,255,793,unknown,0,unknown,0.000000,null,0.000000,0.295,,"{""0"": 128, ""1"": 112, ""2"": null, ""3"": null, ""4"": null, ""5"": null, ""6"": null, ""7"": null}","{""0"": 0.0, ""1"": 0.0, ""2"": null, ""3"": null, ""4"": null, ""5"": null, ""6"": null, ""7"": null}","{""0"": 128, ""1"": 112}",112,1,1,0,0,0.295,car-not-detected-or-stale,KEEP,left,right,,0
1305,2026-08-01T22:26:36.245+09:00,137.657,1304,9.48,1,DRIVING,,0,1,0,-0.296551,0.502019,0.502019,100,792,unknown,0,unknown,0.000000,null,0.000000,0.391,,"{""0"": 126, ""1"": 57, ""2"": null, ""3"": null, ""4"": null, ""5"": null, ""6"": null, ""7"": null}","{""0"": 0.0, ""1"": 0.0, ""2"": null, ""3"": null, ""4"": null, ""5"": null, ""6"": null, ""7"": null}","{""0"": 126, ""1"": 57}",57,1,1,0,0,0.391,car-not-detected-or-stale,KEEP,left,right,,0
1306,2026-08-01T22:26:36.368+09:00,137.782,1305,9.48,1,DRIVING,,0,1,0,-0.289782,0.487182,0.487182,255,789,unknown,0,unknown,0.000000,null,0.000000,0.295,,"{""0"": 250, ""1"": 106, ""2"": null, ""3"": null, ""4"": null, ""5"": null, ""6"": null, ""7"": null}","{""0"": 0.0, ""1"": 0.0, ""2"": null, ""3"": null, ""4"": null, ""5"": null, ""6"": null, ""7"": null}","{""0"": 250, ""1"": 106}",106,1,1,0,0,0.295,car-not-detected-or-stale,KEEP,left,right,,0
1307,2026-08-01T22:26:36.473+09:00,137.886,1306,9.48,1,DRIVING,,0,1,0,-0.282107,0.469877,0.469877,100,790,unknown,0,unknown,0.000000,null,0.000000,0.197,,"{""0"": 73, ""1"": 102, ""2"": null, ""3"": null, ""4"": null, ""5"": null, ""6"": null, ""7"": null}","{""0"": 0.0, ""1"": 0.0, ""2"": null, ""3"": null, ""4"": null, ""5"": null, ""6"": null, ""7"": null}","{""0"": 73, ""1"": 102}",73,1,1,0,0,0.197,car-not-detected-or-stale,KEEP,left,right,,0
1308,2026-08-01T22:26:36.579+09:00,137.992,1307,9.48,1,DRIVING,,0,1,0,-0.270458,0.439315,0.439315,255,788,unknown,0,unknown,0.000000,null,0.000000,0.300,,"{""0"": 250, ""1"": 100, ""2"": null, ""3"": null, ""4"": null, ""5"": null, ""6"": null, ""7"": null}","{""0"": 0.0, ""1"": 0.0, ""2"": null, ""3"": null, ""4"": null, ""5"": null, ""6"": null, ""7"": null}","{""0"": 250, ""1"": 100}",100,1,1,0,0,0.300,car-not-detected-or-stale,KEEP,left,right,,0
1309,2026-08-01T22:26:36.681+09:00,138.095,1308,9.48,1,DRIVING,,0,1,0,-0.263577,0.428798,0.428798,255,788,green,0,unknown,0.000000,null,0.000000,0.283,,"{""0"": 250, ""1"": 139, ""2"": null, ""3"": null, ""4"": null, ""5"": null, ""6"": null, ""7"": null}","{""0"": 0.0, ""1"": 0.0, ""2"": null, ""3"": null, ""4"": null, ""5"": null, ""6"": null, ""7"": null}","{""0"": 250, ""1"": 139}",139,1,1,0,0,0.283,car-not-detected-or-stale,KEEP,left,right,,0
1310,2026-08-01T22:26:36.781+09:00,138.194,1309,9.48,1,DRIVING,,0,1,0,-0.256203,0.415942,0.415942,100,784,unknown,0,unknown,0.000000,null,0.000000,0.171,,"{""0"": 250, ""1"": 71, ""2"": null, ""3"": null, ""4"": null, ""5"": null, ""6"": null, ""7"": null}","{""0"": 0.0, ""1"": 0.0, ""2"": null, ""3"": null, ""4"": null, ""5"": null, ""6"": null, ""7"": null}","{""0"": 250, ""1"": 71}",71,1,1,0,0,0.171,car-not-detected-or-stale,KEEP,left,right,,0
1311,2026-08-01T22:26:36.882+09:00,138.296,1310,9.48,1,DRIVING,,0,1,0,-0.250639,0.409480,0.409480,255,783,unknown,0,unknown,0.000000,null,0.000000,0.270,,"{""0"": 108, ""1"": 130, ""2"": null, ""3"": null, ""4"": null, ""5"": null, ""6"": null, ""7"": null}","{""0"": 0.0, ""1"": 0.0, ""2"": null, ""3"": null, ""4"": null, ""5"": null, ""6"": null, ""7"": null}","{""0"": 108, ""1"": 130}",108,1,1,0,0,0.270,car-not-detected-or-stale,KEEP,left,right,,0
1312,2026-08-01T22:26:36.989+09:00,138.402,1311,9.48,1,DRIVING,,0,1,0,-0.247542,0.410831,0.410831,100,782,unknown,0,unknown,0.000000,null,0.000000,0.277,,"{""0"": 58, ""1"": 115, ""2"": null, ""3"": null, ""4"": null, ""5"": null, ""6"": null, ""7"": null}","{""0"": 0.0, ""1"": 0.0, ""2"": null, ""3"": null, ""4"": null, ""5"": null, ""6"": null, ""7"": null}","{""0"": 58, ""1"": 115}",58,1,1,0,0,0.277,car-not-detected-or-stale,KEEP,left,right,,0
1313,2026-08-01T22:26:37.091+09:00,138.505,1312,9.48,1,DRIVING,,0,1,0,-0.246281,0.416714,0.416714,255,785,unknown,0,unknown,0.000000,null,0.000000,0.178,,"{""0"": 250, ""1"": 128, ""2"": null, ""3"": null, ""4"": null, ""5"": null, ""6"": null, ""7"": null}","{""0"": 0.0, ""1"": 0.0, ""2"": null, ""3"": null, ""4"": null, ""5"": null, ""6"": null, ""7"": null}","{""0"": 250, ""1"": 128}",128,1,1,0,0,0.178,car-not-detected-or-stale,KEEP,left,right,,0
1314,2026-08-01T22:26:37.191+09:00,138.603,1313,9.48,1,DRIVING,,0,1,0,-0.246281,0.424692,0.424692,100,781,unknown,0,unknown,0.000000,null,0.000000,0.275,,"{""0"": 108, ""1"": 48, ""2"": null, ""3"": null, ""4"": null, ""5"": null, ""6"": null, ""7"": null}","{""0"": 0.0, ""1"": 0.0, ""2"": null, ""3"": null, ""4"": null, ""5"": null, ""6"": null, ""7"": null}","{""0"": 108, ""1"": 48}",48,1,1,0,0,0.275,car-not-detected-or-stale,KEEP,left,right,,0
1315,2026-08-01T22:26:37.292+09:00,138.705,1314,9.48,1,DRIVING,,0,1,0,-0.245787,0.428498,0.428498,255,783,unknown,0,unknown,0.000000,null,0.000000,0.274,,"{""0"": 110, ""1"": 121, ""2"": null, ""3"": null, ""4"": null, ""5"": null, ""6"": null, ""7"": null}","{""0"": 0.0, ""1"": 0.0, ""2"": null, ""3"": null, ""4"": null, ""5"": null, ""6"": null, ""7"": null}","{""0"": 110, ""1"": 121}",110,1,1,0,0,0.274,car-not-detected-or-stale,KEEP,left,right,,0
1316,2026-08-01T22:26:37.402+09:00,138.815,1315,9.48,1,DRIVING,,0,1,0,-0.251789,0.454279,0.454279,255,781,unknown,0,unknown,0.000000,null,0.000000,0.382,,"{""0"": 105, ""1"": 106, ""2"": null, ""3"": null, ""4"": null, ""5"": null, ""6"": null, ""7"": null}","{""0"": 0.001, ""1"": 0.001, ""2"": null, ""3"": null, ""4"": null, ""5"": null, ""6"": null, ""7"": null}","{""0"": 105, ""1"": 106}",105,1,1,0,0,0.381,car-not-detected-or-stale,KEEP,left,right,,0
1317,2026-08-01T22:26:37.502+09:00,138.916,1316,9.48,1,DRIVING,,0,1,0,-0.253050,0.458502,0.458502,255,784,unknown,0,unknown,0.000000,null,0.000000,0.281,,"{""0"": 250, ""1"": 126, ""2"": null, ""3"": null, ""4"": null, ""5"": null, ""6"": null, ""7"": null}","{""0"": 0.0, ""1"": 0.0, ""2"": null, ""3"": null, ""4"": null, ""5"": null, ""6"": null, ""7"": null}","{""0"": 250, ""1"": 126}",126,1,1,0,0,0.281,car-not-detected-or-stale,KEEP,left,right,,0
1318,2026-08-01T22:26:37.609+09:00,139.023,1317,9.48,1,DRIVING,,0,1,0,-0.255022,0.464699,0.464699,100,784,unknown,0,unknown,0.000000,null,0.000000,0.286,,"{""0"": 77, ""1"": 115, ""2"": null, ""3"": null, ""4"": null, ""5"": null, ""6"": null, ""7"": null}","{""0"": 0.0, ""1"": 0.0, ""2"": null, ""3"": null, ""4"": null, ""5"": null, ""6"": null, ""7"": null}","{""0"": 77, ""1"": 115}",77,1,1,0,0,0.286,car-not-detected-or-stale,KEEP,left,right,,0
1319,2026-08-01T22:26:37.719+09:00,139.131,1318,9.48,1,DRIVING,,0,1,0,-0.256914,0.469812,0.469812,255,783,unknown,0,unknown,0.000000,null,0.000000,0.392,,"{""0"": 250, ""1"": 99, ""2"": null, ""3"": null, ""4"": null, ""5"": null, ""6"": null, ""7"": null}","{""0"": 0.0, ""1"": 0.0, ""2"": null, ""3"": null, ""4"": null, ""5"": null, ""6"": null, ""7"": null}","{""0"": 250, ""1"": 99}",99,1,1,0,0,0.392,car-not-detected-or-stale,KEEP,left,right,,0
1320,2026-08-01T22:26:37.827+09:00,139.239,1319,9.48,1,DRIVING,,0,1,0,-0.260176,0.479344,0.479344,255,783,unknown,0,unknown,0.000000,null,0.000000,0.293,,"{""0"": 250, ""1"": 95, ""2"": null, ""3"": null, ""4"": null, ""5"": null, ""6"": null, ""7"": null}","{""0"": 0.0, ""1"": 0.0, ""2"": null, ""3"": null, ""4"": null, ""5"": null, ""6"": null, ""7"": null}","{""0"": 250, ""1"": 95}",95,1,1,0,0,0.293,car-not-detected-or-stale,KEEP,left,right,,0
1321,2026-08-01T22:26:37.934+09:00,139.348,1320,9.48,1,DRIVING,,0,1,0,-0.257765,0.467357,0.467357,255,792,unknown,0,unknown,0.000000,null,0.000000,0.295,,"{""0"": 166, ""1"": 250, ""2"": null, ""3"": null, ""4"": null, ""5"": null, ""6"": null, ""7"": null}","{""0"": 0.0, ""1"": 0.0, ""2"": null, ""3"": null, ""4"": null, ""5"": null, ""6"": null, ""7"": null}","{""0"": 166, ""1"": 250}",166,1,0,0,0,0.295,ultrasonic-not-close,KEEP,left,right,,0
1322,2026-08-01T22:26:38.040+09:00,139.454,1321,9.48,1,DRIVING,,0,1,0,-0.259383,0.472169,0.472169,255,783,unknown,0,unknown,0.000000,null,0.000000,0.399,,"{""0"": 250, ""1"": 250, ""2"": null, ""3"": null, ""4"": null, ""5"": null, ""6"": null, ""7"": null}","{""0"": 0.0, ""1"": 0.0, ""2"": null, ""3"": null, ""4"": null, ""5"": null, ""6"": null, ""7"": null}","{""0"": 250, ""1"": 250}",250,1,0,0,0,0.399,ultrasonic-not-close,KEEP,left,right,,0
1323,2026-08-01T22:26:38.150+09:00,139.563,1322,9.48,1,DRIVING,,0,1,0,-0.256041,0.458552,0.458552,255,783,unknown,0,unknown,0.000000,null,0.000000,0.291,,"{""0"": 250, ""1"": 250, ""2"": null, ""3"": null, ""4"": null, ""5"": null, ""6"": null, ""7"": null}","{""0"": 0.0, ""1"": 0.0, ""2"": null, ""3"": null, ""4"": null, ""5"": null, ""6"": null, ""7"": null}","{""0"": 250, ""1"": 250}",250,1,0,0,0,0.291,ultrasonic-not-close,KEEP,left,right,,0
1324,2026-08-01T22:26:38.268+09:00,139.681,1323,9.48,1,DRIVING,,0,1,0,-0.250424,0.439028,0.439028,255,784,unknown,0,unknown,0.000000,null,0.000000,0.304,,"{""0"": 250, ""1"": 250, ""2"": null, ""3"": null, ""4"": null, ""5"": null, ""6"": null, ""7"": null}","{""0"": 0.0, ""1"": 0.0, ""2"": null, ""3"": null, ""4"": null, ""5"": null, ""6"": null, ""7"": null}","{""0"": 250, ""1"": 250}",250,1,0,0,0,0.304,ultrasonic-not-close,KEEP,left,right,,0
1325,2026-08-01T22:26:38.375+09:00,139.789,1324,9.48,1,DRIVING,,0,1,0,-0.247603,0.432394,0.432394,255,782,unknown,0,unknown,0.000000,null,0.000000,0.411,,"{""0"": 250, ""1"": 90, ""2"": null, ""3"": null, ""4"": null, ""5"": null, ""6"": null, ""7"": null}","{""0"": 0.0, ""1"": 0.0, ""2"": null, ""3"": null, ""4"": null, ""5"": null, ""6"": null, ""7"": null}","{""0"": 250, ""1"": 90}",90,1,1,0,0,0.411,car-not-detected-or-stale,KEEP,left,right,,0
1326,2026-08-01T22:26:38.488+09:00,139.900,1325,9.48,1,DRIVING,,0,1,0,-0.238970,0.405303,0.405303,255,783,unknown,0,unknown,0.000000,null,0.000000,0.306,,"{""0"": 250, ""1"": 135, ""2"": null, ""3"": null, ""4"": null, ""5"": null, ""6"": null, ""7"": null}","{""0"": 0.0, ""1"": 0.0, ""2"": null, ""3"": null, ""4"": null, ""5"": null, ""6"": null, ""7"": null}","{""0"": 250, ""1"": 135}",135,1,1,0,0,0.306,car-not-detected-or-stale,KEEP,left,right,,0
1327,2026-08-01T22:26:38.601+09:00,140.014,1326,9.48,1,DRIVING,,0,1,0,-0.228996,0.376847,0.376847,255,783,unknown,0,unknown,0.000000,null,0.000000,0.303,,"{""0"": 250, ""1"": 182, ""2"": null, ""3"": null, ""4"": null, ""5"": null, ""6"": null, ""7"": null}","{""0"": 0.0, ""1"": 0.0, ""2"": null, ""3"": null, ""4"": null, ""5"": null, ""6"": null, ""7"": null}","{""0"": 250, ""1"": 182}",182,1,0,0,0,0.303,ultrasonic-not-close,KEEP,left,right,,0
1328,2026-08-01T22:26:38.703+09:00,140.116,1327,9.48,1,DRIVING,,0,1,0,-0.203888,0.297064,0.297064,255,780,unknown,0,unknown,0.000000,null,0.000000,0.185,,"{""0"": 200, ""1"": 121, ""2"": null, ""3"": null, ""4"": null, ""5"": null, ""6"": null, ""7"": null}","{""0"": 0.0, ""1"": 0.0, ""2"": null, ""3"": null, ""4"": null, ""5"": null, ""6"": null, ""7"": null}","{""0"": 200, ""1"": 121}",121,1,1,0,0,0.185,car-not-detected-or-stale,KEEP,left,right,,0
1329,2026-08-01T22:26:38.804+09:00,140.217,1328,9.48,1,DRIVING,,0,1,0,-0.189078,0.264729,0.264729,255,780,unknown,0,unknown,0.000000,null,0.000000,0.285,,"{""0"": 250, ""1"": 193, ""2"": null, ""3"": null, ""4"": null, ""5"": null, ""6"": null, ""7"": null}","{""0"": 0.0, ""1"": 0.0, ""2"": null, ""3"": null, ""4"": null, ""5"": null, ""6"": null, ""7"": null}","{""0"": 250, ""1"": 193}",193,1,0,0,0,0.285,ultrasonic-not-close,KEEP,left,right,,0
1330,2026-08-01T22:26:38.904+09:00,140.318,1329,9.48,1,DRIVING,,0,1,0,-0.169699,0.217647,0.217647,255,770,unknown,0,unknown,0.000000,null,0.000000,0.274,,"{""0"": 250, ""1"": 186, ""2"": null, ""3"": null, ""4"": null, ""5"": null, ""6"": null, ""7"": null}","{""0"": 0.0, ""1"": 0.0, ""2"": null, ""3"": null, ""4"": null, ""5"": null, ""6"": null, ""7"": null}","{""0"": 250, ""1"": 186}",186,1,0,0,0,0.274,ultrasonic-not-close,KEEP,left,right,,0
1331,2026-08-01T22:26:39.007+09:00,140.420,1330,9.48,1,DRIVING,,0,1,0,-0.152622,0.182513,0.182513,255,770,unknown,0,unknown,0.000000,null,0.000000,0.375,,"{""0"": 196, ""1"": 154, ""2"": null, ""3"": null, ""4"": null, ""5"": null, ""6"": null, ""7"": null}","{""0"": 0.0, ""1"": 0.0, ""2"": null, ""3"": null, ""4"": null, ""5"": null, ""6"": null, ""7"": null}","{""0"": 196, ""1"": 154}",154,1,0,0,0,0.375,ultrasonic-not-close,KEEP,left,right,,0
1332,2026-08-01T22:26:39.118+09:00,140.531,1331,9.48,1,DRIVING,,0,1,0,-0.166946,0.261743,0.261743,255,763,unknown,0,unknown,0.000000,null,0.000000,0.282,,"{""0"": 172, ""1"": 92, ""2"": null, ""3"": null, ""4"": null, ""5"": null, ""6"": null, ""7"": null}","{""0"": 0.0, ""1"": 0.0, ""2"": null, ""3"": null, ""4"": null, ""5"": null, ""6"": null, ""7"": null}","{""0"": 172, ""1"": 92}",92,1,1,0,0,0.282,car-not-detected-or-stale,KEEP,left,right,,0
1333,2026-08-01T22:26:39.225+09:00,140.639,1332,9.48,1,DRIVING,,0,1,0,-0.161269,0.252931,0.252931,100,755,unknown,0,unknown,0.000000,null,0.000000,0.291,,"{""0"": 163, ""1"": 66, ""2"": null, ""3"": null, ""4"": null, ""5"": null, ""6"": null, ""7"": null}","{""0"": 0.0, ""1"": 0.0, ""2"": null, ""3"": null, ""4"": null, ""5"": null, ""6"": null, ""7"": null}","{""0"": 163, ""1"": 66}",66,1,1,0,0,0.291,car-not-detected-or-stale,KEEP,left,right,,0
1334,2026-08-01T22:26:39.332+09:00,140.745,1333,9.48,1,DRIVING,,0,1,0,-0.152049,0.230946,0.230946,255,762,unknown,0,unknown,0.000000,null,0.000000,0.397,,"{""0"": 155, ""1"": 105, ""2"": null, ""3"": null, ""4"": null, ""5"": null, ""6"": null, ""7"": null}","{""0"": 0.0, ""1"": 0.0, ""2"": null, ""3"": null, ""4"": null, ""5"": null, ""6"": null, ""7"": null}","{""0"": 155, ""1"": 105}",105,1,1,0,0,0.397,car-not-detected-or-stale,KEEP,left,right,,0
1335,2026-08-01T22:26:39.428+09:00,140.841,1334,9.48,1,DRIVING,,0,1,0,-0.148223,0.229995,0.229995,255,762,unknown,1,obstacle-car,0.805644,"[463, 459, 685, 657]",0.047908,0.279,,"{""0"": 250, ""1"": 150, ""2"": null, ""3"": null, ""4"": null, ""5"": null, ""6"": null, ""7"": null}","{""0"": 0.0, ""1"": 0.0, ""2"": null, ""3"": null, ""4"": null, ""5"": null, ""6"": null, ""7"": null}","{""0"": 250, ""1"": 150}",150,1,0,0,0,0.279,ultrasonic-not-close,KEEP,left,right,,0
1336,2026-08-01T22:26:39.546+09:00,140.959,1335,9.48,1,DRIVING,,0,1,0,-0.139793,0.210690,0.210690,255,761,unknown,1,obstacle-car,0.588274,"[462, 470, 706, 667]",0.052167,0.291,,"{""0"": 250, ""1"": 101, ""2"": null, ""3"": null, ""4"": null, ""5"": null, ""6"": null, ""7"": null}","{""0"": 0.0, ""1"": 0.0, ""2"": null, ""3"": null, ""4"": null, ""5"": null, ""6"": null, ""7"": null}","{""0"": 250, ""1"": 101}",101,1,1,1,1,0.291,car+ultrasonic,KEEP,left,right,,0
1337,2026-08-01T22:26:39.652+09:00,141.064,1336,9.48,1,DRIVING,,0,1,0,-0.128922,0.183836,0.183836,255,761,unknown,1,obstacle-car,0.588274,"[462, 470, 706, 667]",0.052167,0.395,,"{""0"": 250, ""1"": 137, ""2"": null, ""3"": null, ""4"": null, ""5"": null, ""6"": null, ""7"": null}","{""0"": 0.0, ""1"": 0.0, ""2"": null, ""3"": null, ""4"": null, ""5"": null, ""6"": null, ""7"": null}","{""0"": 250, ""1"": 137}",137,1,1,1,2,0.395,car+ultrasonic,KEEP,left,right,,0
1338,2026-08-01T22:26:39.744+09:00,141.158,1337,9.48,1,AVOIDING_OBSTACLE,state:DRIVING->AVOIDING_OBSTACLE;phase:KEEP->CHANGING,0,1,0,-0.124140,0.000000,1.000000,70,762,unknown,1,obstacle-car,0.865507,"[473, 454, 739, 669]",0.062221,0.282,,"{""0"": 132, ""1"": 130, ""2"": null, ""3"": null, ""4"": null, ""5"": null, ""6"": null, ""7"": null}","{""0"": 0.0, ""1"": 0.0, ""2"": null, ""3"": null, ""4"": null, ""5"": null, ""6"": null, ""7"": null}","{""0"": 132, ""1"": 130}",130,1,1,1,0,0.282,car+ultrasonic,CHANGING,left,right,left,0
1339,2026-08-01T22:26:39.847+09:00,141.259,1338,9.48,1,AVOIDING_OBSTACLE,,0,0,0,,0.000000,1.000000,70,765,unknown,1,obstacle-car,0.830095,"[476, 459, 746, 719]",0.075876,0.271,,"{""0"": 124, ""1"": 122, ""2"": null, ""3"": null, ""4"": null, ""5"": null, ""6"": null, ""7"": null}","{""0"": 0.0, ""1"": 0.0, ""2"": null, ""3"": null, ""4"": null, ""5"": null, ""6"": null, ""7"": null}",{},,1,0,1,0,,maneuver-locked,CHANGING,left,right,left,0
1340,2026-08-01T22:26:39.945+09:00,141.358,1339,9.48,1,AVOIDING_OBSTACLE,,0,0,0,,0.000000,1.000000,70,778,unknown,1,obstacle-car,0.830095,"[476, 459, 746, 719]",0.075876,0.367,,"{""0"": 116, ""1"": 83, ""2"": null, ""3"": null, ""4"": null, ""5"": null, ""6"": null, ""7"": null}","{""0"": 0.0, ""1"": 0.0, ""2"": null, ""3"": null, ""4"": null, ""5"": null, ""6"": null, ""7"": null}",{},,1,0,1,0,,maneuver-locked,CHANGING,left,right,left,0
1341,2026-08-01T22:26:40.045+09:00,141.459,1340,9.48,1,AVOIDING_OBSTACLE,,0,0,0,,0.000000,1.000000,70,798,green,1,obstacle-car,0.973785,"[475, 447, 775, 697]",0.081508,0.270,,"{""0"": 108, ""1"": 107, ""2"": null, ""3"": null, ""4"": null, ""5"": null, ""6"": null, ""7"": null}","{""0"": 0.0, ""1"": 0.0, ""2"": null, ""3"": null, ""4"": null, ""5"": null, ""6"": null, ""7"": null}",{},,1,0,1,0,,maneuver-locked,CHANGING,left,right,left,0
1342,2026-08-01T22:26:40.152+09:00,141.565,1341,9.48,1,AVOIDING_OBSTACLE,,0,0,0,,0.000000,1.000000,70,807,green,1,obstacle-car,0.989016,"[475, 443, 806, 718]",0.098614,0.176,,"{""0"": 250, ""1"": 99, ""2"": null, ""3"": null, ""4"": null, ""5"": null, ""6"": null, ""7"": null}","{""0"": 0.0, ""1"": 0.0, ""2"": null, ""3"": null, ""4"": null, ""5"": null, ""6"": null, ""7"": null}",{},,1,0,1,0,,maneuver-locked,CHANGING,left,right,left,0
1343,2026-08-01T22:26:40.274+09:00,141.687,1342,9.48,1,AVOIDING_OBSTACLE,,0,0,0,,0.000000,1.000000,70,817,green,1,obstacle-car,0.989016,"[475, 443, 806, 718]",0.098614,0.297,,"{""0"": 90, ""1"": 50, ""2"": null, ""3"": null, ""4"": null, ""5"": null, ""6"": null, ""7"": null}","{""0"": 0.0, ""1"": 0.0, ""2"": null, ""3"": null, ""4"": null, ""5"": null, ""6"": null, ""7"": null}",{},,1,0,1,0,,maneuver-locked,CHANGING,left,right,left,0
1344,2026-08-01T22:26:40.371+09:00,141.785,1343,9.48,1,AVOIDING_OBSTACLE,,0,0,0,,0.000000,1.000000,70,819,green,1,obstacle-car,0.977324,"[481, 436, 838, 718]",0.109284,0.297,,"{""0"": 84, ""1"": 86, ""2"": null, ""3"": null, ""4"": null, ""5"": null, ""6"": null, ""7"": null}","{""0"": 0.0, ""1"": 0.0, ""2"": null, ""3"": null, ""4"": null, ""5"": null, ""6"": null, ""7"": null}",{},,1,0,1,0,,maneuver-locked,CHANGING,left,right,left,0
1345,2026-08-01T22:26:40.475+09:00,141.889,1344,9.48,1,AVOIDING_OBSTACLE,,0,0,0,,0.000000,1.000000,70,819,green,1,obstacle-car,0.988099,"[515, 442, 869, 718]",0.106400,0.294,,"{""0"": 77, ""1"": 77, ""2"": null, ""3"": null, ""4"": null, ""5"": null, ""6"": null, ""7"": null}","{""0"": 0.0, ""1"": 0.0, ""2"": null, ""3"": null, ""4"": null, ""5"": null, ""6"": null, ""7"": null}",{},,1,0,1,0,,maneuver-locked,CHANGING,left,right,left,0
1346,2026-08-01T22:26:40.596+09:00,142.009,1345,9.48,1,AVOIDING_OBSTACLE,,0,0,0,,0.000000,1.000000,70,817,green,1,obstacle-car,0.988099,"[515, 442, 869, 718]",0.106400,0.412,,"{""0"": 250, ""1"": 59, ""2"": null, ""3"": null, ""4"": null, ""5"": null, ""6"": null, ""7"": null}","{""0"": 0.0, ""1"": 0.0, ""2"": null, ""3"": null, ""4"": null, ""5"": null, ""6"": null, ""7"": null}",{},,1,0,1,0,,maneuver-locked,CHANGING,left,right,left,0
1347,2026-08-01T22:26:40.709+09:00,142.123,1346,9.48,1,AVOIDING_OBSTACLE,,0,0,0,,0.000000,1.000000,70,825,green,1,obstacle-car,0.988540,"[585, 417, 1000, 720]",0.136028,0.308,,"{""0"": 250, ""1"": 67, ""2"": null, ""3"": null, ""4"": null, ""5"": null, ""6"": null, ""7"": null}","{""0"": 0.0, ""1"": 0.0, ""2"": null, ""3"": null, ""4"": null, ""5"": null, ""6"": null, ""7"": null}",{},,1,0,1,0,,maneuver-locked,CHANGING,left,right,left,0
1348,2026-08-01T22:26:40.815+09:00,142.228,1347,9.48,1,AVOIDING_OBSTACLE,,0,0,0,,0.000000,1.000000,70,820,green,1,obstacle-car,0.996905,"[620, 413, 1077, 718]",0.151282,0.309,,"{""0"": 250, ""1"": 62, ""2"": null, ""3"": null, ""4"": null, ""5"": null, ""6"": null, ""7"": null}","{""0"": 0.0, ""1"": 0.0, ""2"": null, ""3"": null, ""4"": null, ""5"": null, ""6"": null, ""7"": null}",{},,1,0,1,0,,maneuver-locked,CHANGING,left,right,left,0
1349,2026-08-01T22:26:40.935+09:00,142.348,1348,9.48,1,AVOIDING_OBSTACLE,,0,0,0,,0.000000,1.000000,70,819,green,1,obstacle-car,0.996905,"[620, 413, 1077, 718]",0.151282,0.428,,"{""0"": 250, ""1"": 56, ""2"": null, ""3"": null, ""4"": null, ""5"": null, ""6"": null, ""7"": null}","{""0"": 0.0, ""1"": 0.0, ""2"": null, ""3"": null, ""4"": null, ""5"": null, ""6"": null, ""7"": null}",{},,1,0,1,0,,maneuver-locked,CHANGING,left,right,left,0
1350,2026-08-01T22:26:41.035+09:00,142.448,1349,9.48,1,AVOIDING_OBSTACLE,,0,0,0,,0.000000,1.000000,70,818,green,1,obstacle-car,0.996655,"[709, 387, 1246, 718]",0.192435,0.292,,"{""0"": 250, ""1"": 55, ""2"": null, ""3"": null, ""4"": null, ""5"": null, ""6"": null, ""7"": null}","{""0"": 0.0, ""1"": 0.0, ""2"": null, ""3"": null, ""4"": null, ""5"": null, ""6"": null, ""7"": null}",{},,1,0,1,0,,maneuver-locked,CHANGING,left,right,left,0
1351,2026-08-01T22:26:41.142+09:00,142.555,1350,9.48,1,AVOIDING_OBSTACLE,,0,0,0,,0.000000,1.000000,70,820,green,1,obstacle-car,0.995919,"[764, 382, 1280, 717]",0.187192,0.297,,"{""0"": 49, ""1"": 250, ""2"": null, ""3"": null, ""4"": null, ""5"": null, ""6"": null, ""7"": null}","{""0"": 0.0, ""1"": 0.0, ""2"": null, ""3"": null, ""4"": null, ""5"": null, ""6"": null, ""7"": null}",{},,1,0,1,0,,maneuver-locked,CHANGING,left,right,left,0
1352,2026-08-01T22:26:41.247+09:00,142.659,1351,9.48,1,AVOIDING_OBSTACLE,,0,0,0,,0.000000,1.000000,70,819,green,1,obstacle-car,0.995919,"[764, 382, 1280, 717]",0.187192,0.399,,"{""0"": 250, ""1"": 112, ""2"": null, ""3"": null, ""4"": null, ""5"": null, ""6"": null, ""7"": null}","{""0"": 0.0, ""1"": 0.0, ""2"": null, ""3"": null, ""4"": null, ""5"": null, ""6"": null, ""7"": null}",{},,1,0,1,0,,maneuver-locked,CHANGING,left,right,left,0
1353,2026-08-01T22:26:41.344+09:00,142.758,1352,9.48,1,AVOIDING_OBSTACLE,,0,0,0,,0.000000,1.000000,70,819,unknown,1,obstacle-car,0.977542,"[972, 350, 1278, 718]",0.122477,0.279,,"{""0"": 250, ""1"": 135, ""2"": null, ""3"": null, ""4"": null, ""5"": null, ""6"": null, ""7"": null}","{""0"": 0.0, ""1"": 0.0, ""2"": null, ""3"": null, ""4"": null, ""5"": null, ""6"": null, ""7"": null}",{},,1,0,1,0,,maneuver-locked,CHANGING,left,right,left,0
1354,2026-08-01T22:26:41.450+09:00,142.863,1353,9.48,1,AVOIDING_OBSTACLE,,0,0,0,,0.000000,1.000000,70,819,unknown,1,obstacle-car,0.939981,"[1015, 428, 1276, 719]",0.082427,0.278,,"{""0"": 250, ""1"": 250, ""2"": null, ""3"": null, ""4"": null, ""5"": null, ""6"": null, ""7"": null}","{""0"": 0.0, ""1"": 0.0, ""2"": null, ""3"": null, ""4"": null, ""5"": null, ""6"": null, ""7"": null}",{},,1,0,1,0,,maneuver-locked,CHANGING,left,right,left,0
1355,2026-08-01T22:26:41.549+09:00,142.962,1354,9.48,1,AVOIDING_OBSTACLE,,0,0,0,,0.000000,1.000000,70,817,unknown,1,obstacle-car,0.939981,"[1015, 428, 1276, 719]",0.082427,0.376,,"{""0"": 250, ""1"": 166, ""2"": null, ""3"": null, ""4"": null, ""5"": null, ""6"": null, ""7"": null}","{""0"": 0.0, ""1"": 0.0, ""2"": null, ""3"": null, ""4"": null, ""5"": null, ""6"": null, ""7"": null}",{},,1,0,1,0,,maneuver-locked,CHANGING,left,right,left,0
1356,2026-08-01T22:26:41.665+09:00,143.079,1355,9.48,1,AVOIDING_OBSTACLE,,0,0,0,,0.000000,1.000000,70,821,unknown,0,unknown,0.000000,null,0.000000,0.291,,"{""0"": 250, ""1"": 250, ""2"": null, ""3"": null, ""4"": null, ""5"": null, ""6"": null, ""7"": null}","{""0"": 0.0, ""1"": 0.0, ""2"": null, ""3"": null, ""4"": null, ""5"": null, ""6"": null, ""7"": null}",{},,1,0,1,0,,maneuver-locked,CHANGING,left,right,left,0
1357,2026-08-01T22:26:41.768+09:00,143.183,1356,9.48,1,AVOIDING_OBSTACLE,,0,0,0,,0.000000,1.000000,70,820,unknown,0,unknown,0.000000,null,0.000000,0.188,,"{""0"": 250, ""1"": 250, ""2"": null, ""3"": null, ""4"": null, ""5"": null, ""6"": null, ""7"": null}","{""0"": 0.0, ""1"": 0.0, ""2"": null, ""3"": null, ""4"": null, ""5"": null, ""6"": null, ""7"": null}",{},,1,0,1,0,,maneuver-locked,CHANGING,left,right,left,0
1358,2026-08-01T22:26:41.868+09:00,143.280,1357,9.48,1,AVOIDING_OBSTACLE,,0,0,0,,0.000000,1.000000,70,819,unknown,0,unknown,0.000000,null,0.000000,0.284,,"{""0"": 250, ""1"": 250, ""2"": null, ""3"": null, ""4"": null, ""5"": null, ""6"": null, ""7"": null}","{""0"": 0.0, ""1"": 0.0, ""2"": null, ""3"": null, ""4"": null, ""5"": null, ""6"": null, ""7"": null}",{},,1,0,1,0,,maneuver-locked,CHANGING,left,right,left,0
1359,2026-08-01T22:26:41.974+09:00,143.388,1358,9.48,1,AVOIDING_OBSTACLE,phase:CHANGING->COUNTER_STEER,0,0,0,,0.000000,-1.000000,70,821,unknown,0,unknown,0.000000,null,0.000000,0.279,,"{""0"": 250, ""1"": 250, ""2"": null, ""3"": null, ""4"": null, ""5"": null, ""6"": null, ""7"": null}","{""0"": 0.0, ""1"": 0.0, ""2"": null, ""3"": null, ""4"": null, ""5"": null, ""6"": null, ""7"": null}",{},,1,0,1,0,,maneuver-locked,COUNTER_STEER,left,right,left,0
1360,2026-08-01T22:26:42.082+09:00,143.497,1359,9.48,1,AVOIDING_OBSTACLE,,0,0,0,,0.000000,-1.000000,70,819,unknown,0,unknown,0.000000,null,0.000000,0.388,,"{""0"": 250, ""1"": 133, ""2"": null, ""3"": null, ""4"": null, ""5"": null, ""6"": null, ""7"": null}","{""0"": 0.0, ""1"": 0.0, ""2"": null, ""3"": null, ""4"": null, ""5"": null, ""6"": null, ""7"": null}",{},,1,0,1,0,,maneuver-locked,COUNTER_STEER,left,right,left,0
1361,2026-08-01T22:26:42.183+09:00,143.597,1360,9.48,1,AVOIDING_OBSTACLE,,0,0,0,,0.000000,-1.000000,70,807,unknown,0,unknown,0.000000,null,0.000000,0.283,,"{""0"": 250, ""1"": 250, ""2"": null, ""3"": null, ""4"": null, ""5"": null, ""6"": null, ""7"": null}","{""0"": 0.0, ""1"": 0.0, ""2"": null, ""3"": null, ""4"": null, ""5"": null, ""6"": null, ""7"": null}",{},,1,0,1,0,,maneuver-locked,COUNTER_STEER,left,right,left,0
1362,2026-08-01T22:26:42.282+09:00,143.695,1361,9.48,1,AVOIDING_OBSTACLE,,0,0,0,,0.000000,-1.000000,70,754,unknown,0,unknown,0.000000,null,0.000000,0.277,,"{""0"": 250, ""1"": 169, ""2"": null, ""3"": null, ""4"": null, ""5"": null, ""6"": null, ""7"": null}","{""0"": 0.0, ""1"": 0.0, ""2"": null, ""3"": null, ""4"": null, ""5"": null, ""6"": null, ""7"": null}",{},,1,0,1,0,,maneuver-locked,COUNTER_STEER,left,right,left,0
1363,2026-08-01T22:26:42.381+09:00,143.793,1362,9.48,1,AVOIDING_OBSTACLE,,0,0,0,,0.000000,-1.000000,70,713,unknown,0,unknown,0.000000,null,0.000000,0.375,,"{""0"": 250, ""1"": 250, ""2"": null, ""3"": null, ""4"": null, ""5"": null, ""6"": null, ""7"": null}","{""0"": 0.0, ""1"": 0.0, ""2"": null, ""3"": null, ""4"": null, ""5"": null, ""6"": null, ""7"": null}",{},,1,0,1,0,,maneuver-locked,COUNTER_STEER,left,right,left,0
1364,2026-08-01T22:26:42.475+09:00,143.888,1363,9.48,1,AVOIDING_OBSTACLE,,0,0,0,,0.000000,-1.000000,70,698,unknown,0,unknown,0.000000,null,0.000000,0.261,,"{""0"": 250, ""1"": 250, ""2"": null, ""3"": null, ""4"": null, ""5"": null, ""6"": null, ""7"": null}","{""0"": 0.0, ""1"": 0.0, ""2"": null, ""3"": null, ""4"": null, ""5"": null, ""6"": null, ""7"": null}",{},,1,0,1,0,,maneuver-locked,COUNTER_STEER,left,right,left,0
1365,2026-08-01T22:26:42.578+09:00,143.992,1364,9.48,1,AVOIDING_OBSTACLE,,0,0,0,,0.000000,-1.000000,70,686,unknown,0,unknown,0.000000,null,0.000000,0.267,,"{""0"": 250, ""1"": 250, ""2"": null, ""3"": null, ""4"": null, ""5"": null, ""6"": null, ""7"": null}","{""0"": 0.0, ""1"": 0.0, ""2"": null, ""3"": null, ""4"": null, ""5"": null, ""6"": null, ""7"": null}",{},,1,0,1,0,,maneuver-locked,COUNTER_STEER,left,right,left,0
1366,2026-08-01T22:26:42.690+09:00,144.101,1365,9.48,1,AVOIDING_OBSTACLE,,0,0,0,,0.000000,-1.000000,70,685,unknown,0,unknown,0.000000,null,0.000000,0.376,,"{""0"": 250, ""1"": 250, ""2"": null, ""3"": null, ""4"": null, ""5"": null, ""6"": null, ""7"": null}","{""0"": 0.0, ""1"": 0.0, ""2"": null, ""3"": null, ""4"": null, ""5"": null, ""6"": null, ""7"": null}",{},,1,0,1,0,,maneuver-locked,COUNTER_STEER,left,right,left,0
1367,2026-08-01T22:26:42.803+09:00,144.217,1366,9.48,1,AVOIDING_OBSTACLE,,0,0,0,,0.000000,-1.000000,70,687,unknown,0,unknown,0.000000,null,0.000000,0.299,,"{""0"": 250, ""1"": 250, ""2"": null, ""3"": null, ""4"": null, ""5"": null, ""6"": null, ""7"": null}","{""0"": 0.0, ""1"": 0.0, ""2"": null, ""3"": null, ""4"": null, ""5"": null, ""6"": null, ""7"": null}",{},,1,0,1,0,,maneuver-locked,COUNTER_STEER,left,right,left,0
1368,2026-08-01T22:26:42.907+09:00,144.320,1367,9.48,1,AVOIDING_OBSTACLE,,0,0,0,,0.000000,-1.000000,70,686,unknown,0,unknown,0.000000,null,0.000000,0.187,,"{""0"": 250, ""1"": 250, ""2"": null, ""3"": null, ""4"": null, ""5"": null, ""6"": null, ""7"": null}","{""0"": 0.0, ""1"": 0.0, ""2"": null, ""3"": null, ""4"": null, ""5"": null, ""6"": null, ""7"": null}",{},,1,0,1,0,,maneuver-locked,COUNTER_STEER,left,right,left,0
1369,2026-08-01T22:26:43.011+09:00,144.424,1368,9.48,1,DRIVING,state:AVOIDING_OBSTACLE->DRIVING;phase:COUNTER_STEER->KEEP,0,0,0,,0.000000,0.000000,70,686,unknown,0,unknown,0.000000,null,0.000000,0.289,,"{""0"": 250, ""1"": 250, ""2"": null, ""3"": null, ""4"": null, ""5"": null, ""6"": null, ""7"": null}","{""0"": 0.0, ""1"": 0.0, ""2"": null, ""3"": null, ""4"": null, ""5"": null, ""6"": null, ""7"": null}",{},,1,0,1,0,,maneuver-locked,KEEP,,,,0
1370,2026-08-01T22:26:43.116+09:00,144.529,1369,9.48,1,DRIVING,,0,1,0,0.376339,-0.677411,-0.677411,255,697,unknown,0,unknown,0.000000,null,0.000000,0.283,,"{""0"": 250, ""1"": 250, ""2"": null, ""3"": null, ""4"": null, ""5"": null, ""6"": null, ""7"": null}","{""0"": 0.0, ""1"": 0.0, ""2"": null, ""3"": null, ""4"": null, ""5"": null, ""6"": null, ""7"": null}","{""0"": 250, ""1"": 250}",250,1,0,0,0,0.283,ultrasonic-not-close,KEEP,right,left,,0
1371,2026-08-01T22:26:43.226+09:00,144.640,1370,9.48,1,DRIVING,,0,1,0,0.366964,-0.643661,-0.643661,255,699,unknown,0,unknown,0.000000,null,0.000000,0.178,,"{""0"": 250, ""1"": 250, ""2"": null, ""3"": null, ""4"": null, ""5"": null, ""6"": null, ""7"": null}","{""0"": 0.0, ""1"": 0.0, ""2"": null, ""3"": null, ""4"": null, ""5"": null, ""6"": null, ""7"": null}","{""0"": 250, ""1"": 250}",250,1,0,0,0,0.178,ultrasonic-not-close,KEEP,right,left,,0
1372,2026-08-01T22:26:43.317+09:00,144.731,1371,9.48,1,DRIVING,,0,1,0,0.350446,-0.589259,-0.589259,255,701,unknown,0,unknown,0.000000,null,0.000000,0.268,,"{""0"": 250, ""1"": 250, ""2"": null, ""3"": null, ""4"": null, ""5"": null, ""6"": null, ""7"": null}","{""0"": 0.0, ""1"": 0.0, ""2"": null, ""3"": null, ""4"": null, ""5"": null, ""6"": null, ""7"": null}","{""0"": 250, ""1"": 250}",250,1,0,0,0,0.268,ultrasonic-not-close,KEEP,right,left,,0
1373,2026-08-01T22:26:43.416+09:00,144.830,1372,9.48,1,DRIVING,,0,1,0,0.364648,-0.652850,-0.652850,255,702,unknown,0,unknown,0.000000,null,0.000000,0.271,,"{""0"": 250, ""1"": 250, ""2"": null, ""3"": null, ""4"": null, ""5"": null, ""6"": null, ""7"": null}","{""0"": 0.0, ""1"": 0.0, ""2"": null, ""3"": null, ""4"": null, ""5"": null, ""6"": null, ""7"": null}","{""0"": 250, ""1"": 250}",250,1,0,0,0,0.271,ultrasonic-not-close,KEEP,,,,0
1374,2026-08-01T22:26:43.522+09:00,144.935,1373,9.48,1,DRIVING,,0,1,0,0.349439,-0.599151,-0.599151,255,702,unknown,0,unknown,0.000000,null,0.000000,0.374,,"{""0"": 250, ""1"": 102, ""2"": null, ""3"": null, ""4"": null, ""5"": null, ""6"": null, ""7"": null}","{""0"": 0.001, ""1"": 0.001, ""2"": null, ""3"": null, ""4"": null, ""5"": null, ""6"": null, ""7"": null}","{""0"": 250, ""1"": 102}",102,1,1,0,0,0.373,car-not-detected-or-stale,KEEP,,,,0
1375,2026-08-01T22:26:43.623+09:00,145.037,1374,9.48,1,DRIVING,,0,1,0,0.332612,-0.547524,-0.547524,255,702,unknown,0,unknown,0.000000,null,0.000000,0.275,,"{""0"": 250, ""1"": 100, ""2"": null, ""3"": null, ""4"": null, ""5"": null, ""6"": null, ""7"": null}","{""0"": 0.0, ""1"": 0.0, ""2"": null, ""3"": null, ""4"": null, ""5"": null, ""6"": null, ""7"": null}","{""0"": 250, ""1"": 100}",100,1,1,0,0,0.275,car-not-detected-or-stale,KEEP,right,left,,0
1376,2026-08-01T22:26:43.728+09:00,145.141,1375,9.48,1,DRIVING,,0,1,0,0.301998,-0.452667,-0.452667,255,703,unknown,0,unknown,0.000000,null,0.000000,0.279,,"{""0"": 250, ""1"": 118, ""2"": null, ""3"": null, ""4"": null, ""5"": null, ""6"": null, ""7"": null}","{""0"": 0.0, ""1"": 0.0, ""2"": null, ""3"": null, ""4"": null, ""5"": null, ""6"": null, ""7"": null}","{""0"": 250, ""1"": 118}",118,1,1,0,0,0.279,car-not-detected-or-stale,KEEP,right,left,,0
1377,2026-08-01T22:26:43.833+09:00,145.246,1376,9.48,1,DRIVING,,0,1,0,0.277522,-0.391834,-0.391834,255,702,green,0,unknown,0.000000,null,0.000000,0.381,,"{""0"": 250, ""1"": 143, ""2"": null, ""3"": null, ""4"": null, ""5"": null, ""6"": null, ""7"": null}","{""0"": 0.0, ""1"": 0.0, ""2"": null, ""3"": null, ""4"": null, ""5"": null, ""6"": null, ""7"": null}","{""0"": 250, ""1"": 143}",143,1,1,0,0,0.381,car-not-detected-or-stale,KEEP,right,left,,0
1378,2026-08-01T22:26:43.935+09:00,145.347,1377,9.48,1,DRIVING,,0,1,0,0.250525,-0.326954,-0.326954,100,713,green,0,unknown,0.000000,null,0.000000,0.281,,"{""0"": 131, ""1"": 64, ""2"": null, ""3"": null, ""4"": null, ""5"": null, ""6"": null, ""7"": null}","{""0"": 0.0, ""1"": 0.0, ""2"": null, ""3"": null, ""4"": null, ""5"": null, ""6"": null, ""7"": null}","{""0"": 131, ""1"": 64}",64,1,1,0,0,0.281,car-not-detected-or-stale,KEEP,right,left,,0
1379,2026-08-01T22:26:44.037+09:00,145.451,1378,9.48,1,DRIVING,,0,1,0,0.235604,-0.310437,-0.310437,100,715,green,1,obstacle-car,0.597929,"[862, 465, 1158, 693]",0.073464,0.280,,"{""0"": 122, ""1"": 68, ""2"": null, ""3"": null, ""4"": null, ""5"": null, ""6"": null, ""7"": null}","{""0"": 0.0, ""1"": 0.0, ""2"": null, ""3"": null, ""4"": null, ""5"": null, ""6"": null, ""7"": null}","{""0"": 122, ""1"": 68}",68,1,1,1,1,0.280,car+ultrasonic,KEEP,right,,,0
1380,2026-08-01T22:26:44.145+09:00,145.557,1379,9.48,1,DRIVING,,0,1,0,0.205660,-0.236733,-0.236733,255,717,green,1,obstacle-car,0.597929,"[862, 465, 1158, 693]",0.073464,0.385,,"{""0"": 115, ""1"": 107, ""2"": null, ""3"": null, ""4"": null, ""5"": null, ""6"": null, ""7"": null}","{""0"": 0.0, ""1"": 0.0, ""2"": null, ""3"": null, ""4"": null, ""5"": null, ""6"": null, ""7"": null}","{""0"": 115, ""1"": 107}",107,1,1,1,2,0.385,car+ultrasonic,KEEP,right,left,,0
1381,2026-08-01T22:26:44.254+09:00,145.667,1380,9.48,1,AVOIDING_OBSTACLE,state:DRIVING->AVOIDING_OBSTACLE;phase:KEEP->CHANGING,0,1,0,0.176458,0.000000,-1.000000,70,722,green,1,obstacle-car,0.661932,"[789, 455, 1101, 697]",0.082186,0.289,,"{""0"": 107, ""1"": 106, ""2"": null, ""3"": null, ""4"": null, ""5"": null, ""6"": null, ""7"": null}","{""0"": 0.0, ""1"": 0.0, ""2"": null, ""3"": null, ""4"": null, ""5"": null, ""6"": null, ""7"": null}","{""0"": 107, ""1"": 106}",106,1,1,1,0,0.289,car+ultrasonic,CHANGING,right,left,right,0
1382,2026-08-01T22:26:44.362+09:00,145.776,1381,9.48,1,AVOIDING_OBSTACLE,,0,0,0,,0.000000,-1.000000,70,720,green,1,obstacle-car,0.876044,"[719, 414, 1062, 717]",0.112947,0.187,,"{""0"": 95, ""1"": 88, ""2"": null, ""3"": null, ""4"": null, ""5"": null, ""6"": null, ""7"": null}","{""0"": 0.0, ""1"": 0.0, ""2"": null, ""3"": null, ""4"": null, ""5"": null, ""6"": null, ""7"": null}",{},,1,0,1,0,,maneuver-locked,CHANGING,right,left,right,0
1383,2026-08-01T22:26:44.468+09:00,145.880,1382,9.48,1,AVOIDING_OBSTACLE,,0,0,0,,0.000000,-1.000000,70,713,green,1,obstacle-car,0.876044,"[719, 414, 1062, 717]",0.112947,0.289,,"{""0"": 88, ""1"": 90, ""2"": null, ""3"": null, ""4"": null, ""5"": null, ""6"": null, ""7"": null}","{""0"": 0.0, ""1"": 0.0, ""2"": null, ""3"": null, ""4"": null, ""5"": null, ""6"": null, ""7"": null}",{},,1,0,1,0,,maneuver-locked,CHANGING,right,left,right,0
1384,2026-08-01T22:26:44.564+09:00,145.977,1383,9.48,1,AVOIDING_OBSTACLE,,0,0,0,,0.000000,-1.000000,70,689,green,1,obstacle-car,0.696779,"[685, 447, 1038, 718]",0.103699,0.280,,"{""0"": 81, ""1"": 83, ""2"": null, ""3"": null, ""4"": null, ""5"": null, ""6"": null, ""7"": null}","{""0"": 0.0, ""1"": 0.0, ""2"": null, ""3"": null, ""4"": null, ""5"": null, ""6"": null, ""7"": null}",{},,1,0,1,0,,maneuver-locked,CHANGING,right,left,right,0
1385,2026-08-01T22:26:44.666+09:00,146.080,1384,9.48,1,AVOIDING_OBSTACLE,,0,0,0,,0.000000,-1.000000,70,686,green,1,obstacle-car,0.941218,"[610, 483, 1017, 718]",0.103902,0.169,,"{""0"": 75, ""1"": 57, ""2"": null, ""3"": null, ""4"": null, ""5"": null, ""6"": null, ""7"": null}","{""0"": 0.0, ""1"": 0.0, ""2"": null, ""3"": null, ""4"": null, ""5"": null, ""6"": null, ""7"": null}",{},,1,0,1,0,,maneuver-locked,CHANGING,right,left,right,0
1386,2026-08-01T22:26:44.771+09:00,146.184,1385,9.48,1,AVOIDING_OBSTACLE,,0,0,0,,0.000000,-1.000000,70,686,green,1,obstacle-car,0.941218,"[610, 483, 1017, 718]",0.103902,0.271,,"{""0"": 68, ""1"": 69, ""2"": null, ""3"": null, ""4"": null, ""5"": null, ""6"": null, ""7"": null}","{""0"": 0.0, ""1"": 0.0, ""2"": null, ""3"": null, ""4"": null, ""5"": null, ""6"": null, ""7"": null}",{},,1,0,1,0,,maneuver-locked,CHANGING,right,left,right,0
1387,2026-08-01T22:26:44.879+09:00,146.293,1386,9.48,1,AVOIDING_OBSTACLE,,0,0,0,,0.000000,-1.000000,70,686,green,1,obstacle-car,0.939140,"[578, 404, 999, 719]",0.144148,0.286,,"{""0"": 62, ""1"": 63, ""2"": null, ""3"": null, ""4"": null, ""5"": null, ""6"": null, ""7"": null}","{""0"": 0.0, ""1"": 0.0, ""2"": null, ""3"": null, ""4"": null, ""5"": null, ""6"": null, ""7"": null}",{},,1,0,1,0,,maneuver-locked,CHANGING,right,left,right,0
1388,2026-08-01T22:26:44.991+09:00,146.405,1387,9.48,1,AVOIDING_OBSTACLE,,0,0,0,,0.000000,-1.000000,70,685,green,1,obstacle-car,0.928076,"[442, 332, 924, 719]",0.202802,0.189,,"{""0"": 57, ""1"": 54, ""2"": null, ""3"": null, ""4"": null, ""5"": null, ""6"": null, ""7"": null}","{""0"": 0.0, ""1"": 0.0, ""2"": null, ""3"": null, ""4"": null, ""5"": null, ""6"": null, ""7"": null}",{},,1,0,1,0,,maneuver-locked,CHANGING,right,left,right,0
1389,2026-08-01T22:26:45.099+09:00,146.511,1388,9.48,1,AVOIDING_OBSTACLE,,0,0,0,,0.000000,-1.000000,70,685,green,1,obstacle-car,0.928076,"[442, 332, 924, 719]",0.202802,0.294,,"{""0"": 52, ""1"": 46, ""2"": null, ""3"": null, ""4"": null, ""5"": null, ""6"": null, ""7"": null}","{""0"": 0.0, ""1"": 0.0, ""2"": null, ""3"": null, ""4"": null, ""5"": null, ""6"": null, ""7"": null}",{},,1,0,1,0,,maneuver-locked,CHANGING,right,left,right,0
1390,2026-08-01T22:26:45.200+09:00,146.613,1389,9.48,1,AVOIDING_OBSTACLE,,0,0,0,,0.000000,-1.000000,70,685,green,1,obstacle-car,0.934229,"[364, 438, 894, 719]",0.161037,0.291,,"{""0"": 250, ""1"": 50, ""2"": null, ""3"": null, ""4"": null, ""5"": null, ""6"": null, ""7"": null}","{""0"": 0.0, ""1"": 0.0, ""2"": null, ""3"": null, ""4"": null, ""5"": null, ""6"": null, ""7"": null}",{},,1,0,1,0,,maneuver-locked,CHANGING,right,left,right,0
1391,2026-08-01T22:26:45.310+09:00,146.724,1390,9.48,1,AVOIDING_OBSTACLE,,0,0,0,,0.000000,-1.000000,70,685,green,1,obstacle-car,0.674774,"[186, 522, 797, 719]",0.130733,0.180,,"{""0"": 41, ""1"": 38, ""2"": null, ""3"": null, ""4"": null, ""5"": null, ""6"": null, ""7"": null}","{""0"": 0.0, ""1"": 0.0, ""2"": null, ""3"": null, ""4"": null, ""5"": null, ""6"": null, ""7"": null}",{},,1,0,1,0,,maneuver-locked,CHANGING,right,left,right,0
1392,2026-08-01T22:26:45.414+09:00,146.828,1391,9.48,1,AVOIDING_OBSTACLE,,0,0,0,,0.000000,-1.000000,70,685,green,1,obstacle-car,0.674774,"[186, 522, 797, 719]",0.130733,0.282,,"{""0"": 250, ""1"": 35, ""2"": null, ""3"": null, ""4"": null, ""5"": null, ""6"": null, ""7"": null}","{""0"": 0.0, ""1"": 0.0, ""2"": null, ""3"": null, ""4"": null, ""5"": null, ""6"": null, ""7"": null}",{},,1,0,1,0,,maneuver-locked,CHANGING,right,left,right,0
1393,2026-08-01T22:26:45.528+09:00,146.942,1392,9.48,1,AVOIDING_OBSTACLE,,0,0,0,,0.000000,-1.000000,70,685,green,1,obstacle-car,0.758437,"[76, 445, 758, 719]",0.202369,0.299,,"{""0"": 36, ""1"": 35, ""2"": null, ""3"": null, ""4"": null, ""5"": null, ""6"": null, ""7"": null}","{""0"": 0.0, ""1"": 0.0, ""2"": null, ""3"": null, ""4"": null, ""5"": null, ""6"": null, ""7"": null}",{},,1,0,1,0,,maneuver-locked,CHANGING,right,left,right,0
1394,2026-08-01T22:26:45.635+09:00,147.049,1393,9.48,1,AVOIDING_OBSTACLE,,0,0,0,,0.000000,-1.000000,70,685,green,0,unknown,0.000000,null,0.000000,0.190,,"{""0"": 58, ""1"": 29, ""2"": null, ""3"": null, ""4"": null, ""5"": null, ""6"": null, ""7"": null}","{""0"": 0.0, ""1"": 0.0, ""2"": null, ""3"": null, ""4"": null, ""5"": null, ""6"": null, ""7"": null}",{},,1,0,1,0,,maneuver-locked,CHANGING,right,left,right,0
1395,2026-08-01T22:26:45.747+09:00,147.160,1394,9.48,1,AVOIDING_OBSTACLE,,0,0,0,,0.000000,-1.000000,70,686,green,0,unknown,0.000000,null,0.000000,0.299,,"{""0"": 55, ""1"": 128, ""2"": null, ""3"": null, ""4"": null, ""5"": null, ""6"": null, ""7"": null}","{""0"": 0.0, ""1"": 0.0, ""2"": null, ""3"": null, ""4"": null, ""5"": null, ""6"": null, ""7"": null}",{},,1,0,1,0,,maneuver-locked,CHANGING,right,left,right,0
1396,2026-08-01T22:26:45.856+09:00,147.271,1395,9.48,1,AVOIDING_OBSTACLE,,0,0,0,,0.000000,-1.000000,70,685,green,0,unknown,0.000000,null,0.000000,0.299,,"{""0"": 85, ""1"": 165, ""2"": null, ""3"": null, ""4"": null, ""5"": null, ""6"": null, ""7"": null}","{""0"": 0.0, ""1"": 0.0, ""2"": null, ""3"": null, ""4"": null, ""5"": null, ""6"": null, ""7"": null}",{},,1,0,1,0,,maneuver-locked,CHANGING,right,left,right,0
1397,2026-08-01T22:26:45.960+09:00,147.374,1396,9.48,1,AVOIDING_OBSTACLE,,0,0,0,,0.000000,-1.000000,70,684,green,0,unknown,0.000000,null,0.000000,0.182,,"{""0"": 250, ""1"": 250, ""2"": null, ""3"": null, ""4"": null, ""5"": null, ""6"": null, ""7"": null}","{""0"": 0.0, ""1"": 0.0, ""2"": null, ""3"": null, ""4"": null, ""5"": null, ""6"": null, ""7"": null}",{},,1,0,1,0,,maneuver-locked,CHANGING,right,left,right,0
1398,2026-08-01T22:26:46.061+09:00,147.474,1397,9.48,1,AVOIDING_OBSTACLE,,0,0,0,,0.000000,-1.000000,70,685,green,0,unknown,0.000000,null,0.000000,0.281,,"{""0"": 250, ""1"": 250, ""2"": null, ""3"": null, ""4"": null, ""5"": null, ""6"": null, ""7"": null}","{""0"": 0.0, ""1"": 0.0, ""2"": null, ""3"": null, ""4"": null, ""5"": null, ""6"": null, ""7"": null}",{},,1,0,1,0,,maneuver-locked,CHANGING,right,left,right,0
1399,2026-08-01T22:26:46.154+09:00,147.568,1398,9.48,1,AVOIDING_OBSTACLE,,0,0,0,,0.000000,-1.000000,70,685,green,0,unknown,0.000000,null,0.000000,0.269,,"{""0"": 250, ""1"": 250, ""2"": null, ""3"": null, ""4"": null, ""5"": null, ""6"": null, ""7"": null}","{""0"": 0.0, ""1"": 0.0, ""2"": null, ""3"": null, ""4"": null, ""5"": null, ""6"": null, ""7"": null}",{},,1,0,1,0,,maneuver-locked,CHANGING,right,left,right,0
1400,2026-08-01T22:26:46.256+09:00,147.670,1399,9.48,1,AVOIDING_OBSTACLE,,0,0,0,,0.000000,-1.000000,70,684,green,0,unknown,0.000000,null,0.000000,0.370,,"{""0"": 250, ""1"": 250, ""2"": null, ""3"": null, ""4"": null, ""5"": null, ""6"": null, ""7"": null}","{""0"": 0.0, ""1"": 0.0, ""2"": null, ""3"": null, ""4"": null, ""5"": null, ""6"": null, ""7"": null}",{},,1,0,1,0,,maneuver-locked,CHANGING,right,left,right,0
1401,2026-08-01T22:26:46.348+09:00,147.761,1400,9.48,1,AVOIDING_OBSTACLE,,0,0,0,,0.000000,-1.000000,70,685,green,0,unknown,0.000000,null,0.000000,0.256,,"{""0"": 250, ""1"": 250, ""2"": null, ""3"": null, ""4"": null, ""5"": null, ""6"": null, ""7"": null}","{""0"": 0.0, ""1"": 0.0, ""2"": null, ""3"": null, ""4"": null, ""5"": null, ""6"": null, ""7"": null}",{},,1,0,1,0,,maneuver-locked,CHANGING,right,left,right,0
1402,2026-08-01T22:26:46.453+09:00,147.866,1401,9.48,1,AVOIDING_OBSTACLE,,0,0,0,,0.000000,-1.000000,70,685,green,0,unknown,0.000000,null,0.000000,0.268,,"{""0"": 250, ""1"": 145, ""2"": null, ""3"": null, ""4"": null, ""5"": null, ""6"": null, ""7"": null}","{""0"": 0.0, ""1"": 0.0, ""2"": null, ""3"": null, ""4"": null, ""5"": null, ""6"": null, ""7"": null}",{},,1,0,1,0,,maneuver-locked,CHANGING,right,left,right,0
1403,2026-08-01T22:26:46.555+09:00,147.969,1402,9.48,1,AVOIDING_OBSTACLE,phase:CHANGING->COUNTER_STEER,0,0,0,,0.000000,1.000000,70,683,green,0,unknown,0.000000,null,0.000000,0.369,,"{""0"": 250, ""1"": 187, ""2"": null, ""3"": null, ""4"": null, ""5"": null, ""6"": null, ""7"": null}","{""0"": 0.0, ""1"": 0.0, ""2"": null, ""3"": null, ""4"": null, ""5"": null, ""6"": null, ""7"": null}",{},,1,0,1,0,,maneuver-locked,COUNTER_STEER,right,left,right,0
1404,2026-08-01T22:26:46.657+09:00,148.072,1403,9.48,1,AVOIDING_OBSTACLE,,0,0,0,,0.000000,1.000000,70,694,green,0,unknown,0.000000,null,0.000000,0.278,,"{""0"": 250, ""1"": 195, ""2"": null, ""3"": null, ""4"": null, ""5"": null, ""6"": null, ""7"": null}","{""0"": 0.0, ""1"": 0.0, ""2"": null, ""3"": null, ""4"": null, ""5"": null, ""6"": null, ""7"": null}",{},,1,0,1,0,,maneuver-locked,COUNTER_STEER,right,left,right,0
1405,2026-08-01T22:26:46.759+09:00,148.172,1404,9.48,1,AVOIDING_OBSTACLE,,0,0,0,,0.000000,1.000000,70,712,green,0,unknown,0.000000,null,0.000000,0.276,,"{""0"": 250, ""1"": 153, ""2"": null, ""3"": null, ""4"": null, ""5"": null, ""6"": null, ""7"": null}","{""0"": 0.0, ""1"": 0.0, ""2"": null, ""3"": null, ""4"": null, ""5"": null, ""6"": null, ""7"": null}",{},,1,0,1,0,,maneuver-locked,COUNTER_STEER,right,left,right,0
1406,2026-08-01T22:26:46.864+09:00,148.277,1405,9.48,1,AVOIDING_OBSTACLE,,0,0,0,,0.000000,1.000000,70,763,green,0,unknown,0.000000,null,0.000000,0.381,,"{""0"": 250, ""1"": 250, ""2"": null, ""3"": null, ""4"": null, ""5"": null, ""6"": null, ""7"": null}","{""0"": 0.0, ""1"": 0.0, ""2"": null, ""3"": null, ""4"": null, ""5"": null, ""6"": null, ""7"": null}",{},,1,0,1,0,,maneuver-locked,COUNTER_STEER,right,left,right,0
1407,2026-08-01T22:26:46.960+09:00,148.374,1406,9.48,1,AVOIDING_OBSTACLE,,0,0,0,,0.000000,1.000000,70,790,green,0,unknown,0.000000,null,0.000000,0.271,,"{""0"": 250, ""1"": 250, ""2"": null, ""3"": null, ""4"": null, ""5"": null, ""6"": null, ""7"": null}","{""0"": 0.0, ""1"": 0.0, ""2"": null, ""3"": null, ""4"": null, ""5"": null, ""6"": null, ""7"": null}",{},,1,0,1,0,,maneuver-locked,COUNTER_STEER,right,left,right,0
1408,2026-08-01T22:26:47.065+09:00,148.478,1407,9.48,1,AVOIDING_OBSTACLE,,0,0,0,,0.000000,1.000000,70,801,green,0,unknown,0.000000,null,0.000000,0.276,,"{""0"": 250, ""1"": 250, ""2"": null, ""3"": null, ""4"": null, ""5"": null, ""6"": null, ""7"": null}","{""0"": 0.0, ""1"": 0.0, ""2"": null, ""3"": null, ""4"": null, ""5"": null, ""6"": null, ""7"": null}",{},,1,0,1,0,,maneuver-locked,COUNTER_STEER,right,left,right,0
1409,2026-08-01T22:26:47.178+09:00,148.589,1408,9.48,1,AVOIDING_OBSTACLE,,0,0,0,,0.000000,1.000000,70,812,green,0,unknown,0.000000,null,0.000000,0.386,,"{""0"": 250, ""1"": 250, ""2"": null, ""3"": null, ""4"": null, ""5"": null, ""6"": null, ""7"": null}","{""0"": 0.0, ""1"": 0.0, ""2"": null, ""3"": null, ""4"": null, ""5"": null, ""6"": null, ""7"": null}",{},,1,0,1,0,,maneuver-locked,COUNTER_STEER,right,left,right,0
1410,2026-08-01T22:26:47.278+09:00,148.691,1409,9.48,1,AVOIDING_OBSTACLE,,0,0,0,,0.000000,1.000000,70,818,green,0,unknown,0.000000,null,0.000000,0.288,,"{""0"": 250, ""1"": 250, ""2"": null, ""3"": null, ""4"": null, ""5"": null, ""6"": null, ""7"": null}","{""0"": 0.0, ""1"": 0.0, ""2"": null, ""3"": null, ""4"": null, ""5"": null, ""6"": null, ""7"": null}",{},,1,0,1,0,,maneuver-locked,COUNTER_STEER,right,left,right,0
1411,2026-08-01T22:26:47.389+09:00,148.803,1410,9.48,1,AVOIDING_OBSTACLE,,0,0,0,,0.000000,1.000000,70,817,green,0,unknown,0.000000,null,0.000000,0.180,,"{""0"": 250, ""1"": 250, ""2"": null, ""3"": null, ""4"": null, ""5"": null, ""6"": null, ""7"": null}","{""0"": 0.0, ""1"": 0.0, ""2"": null, ""3"": null, ""4"": null, ""5"": null, ""6"": null, ""7"": null}",{},,1,0,1,0,,maneuver-locked,COUNTER_STEER,right,left,right,0
1412,2026-08-01T22:26:47.491+09:00,148.905,1411,9.48,1,AVOIDING_OBSTACLE,,0,0,0,,0.000000,1.000000,70,819,green,0,unknown,0.000000,null,0.000000,0.280,,"{""0"": 250, ""1"": 102, ""2"": null, ""3"": null, ""4"": null, ""5"": null, ""6"": null, ""7"": null}","{""0"": 0.0, ""1"": 0.0, ""2"": null, ""3"": null, ""4"": null, ""5"": null, ""6"": null, ""7"": null}",{},,1,0,1,0,,maneuver-locked,COUNTER_STEER,right,left,right,0
1413,2026-08-01T22:26:47.598+09:00,149.011,1412,9.48,1,DRIVING,state:AVOIDING_OBSTACLE->DRIVING;phase:COUNTER_STEER->KEEP,0,0,0,,0.000000,0.000000,70,820,green,0,unknown,0.000000,null,0.000000,0.290,,"{""0"": 250, ""1"": 250, ""2"": null, ""3"": null, ""4"": null, ""5"": null, ""6"": null, ""7"": null}","{""0"": 0.0, ""1"": 0.0, ""2"": null, ""3"": null, ""4"": null, ""5"": null, ""6"": null, ""7"": null}",{},,1,0,1,0,,maneuver-locked,KEEP,,,,0
1414,2026-08-01T22:26:47.714+09:00,149.128,1413,9.48,1,DRIVING,,0,1,0,-0.444420,0.799955,0.799955,255,819,green,0,unknown,0.000000,null,0.000000,0.192,,"{""0"": 250, ""1"": 94, ""2"": null, ""3"": null, ""4"": null, ""5"": null, ""6"": null, ""7"": null}","{""0"": 0.0, ""1"": 0.0, ""2"": null, ""3"": null, ""4"": null, ""5"": null, ""6"": null, ""7"": null}","{""0"": 250, ""1"": 94}",94,1,1,0,0,0.192,car-not-detected-or-stale,KEEP,left,right,,0
1415,2026-08-01T22:26:47.823+09:00,149.236,1414,9.48,1,DRIVING,,0,1,0,-0.432813,0.758170,0.758170,255,802,green,0,unknown,0.000000,null,0.000000,0.300,,"{""0"": 97, ""1"": 181, ""2"": null, ""3"": null, ""4"": null, ""5"": null, ""6"": null, ""7"": null}","{""0"": 0.0, ""1"": 0.0, ""2"": null, ""3"": null, ""4"": null, ""5"": null, ""6"": null, ""7"": null}","{""0"": 97, ""1"": 181}",97,1,1,0,0,0.300,car-not-detected-or-stale,KEEP,left,right,,0
1416,2026-08-01T22:26:47.936+09:00,149.349,1415,9.48,1,DRIVING,,0,1,0,-0.419866,0.717830,0.717830,255,801,green,0,unknown,0.000000,null,0.000000,0.308,,"{""0"": 250, ""1"": 250, ""2"": null, ""3"": null, ""4"": null, ""5"": null, ""6"": null, ""7"": null}","{""0"": 0.0, ""1"": 0.0, ""2"": null, ""3"": null, ""4"": null, ""5"": null, ""6"": null, ""7"": null}","{""0"": 250, ""1"": 250}",250,1,0,0,0,0.308,ultrasonic-not-close,KEEP,left,right,,0
1417,2026-08-01T22:26:48.040+09:00,149.453,1416,9.48,1,DRIVING,,0,1,0,-0.423878,0.743653,0.743653,255,801,green,0,unknown,0.000000,null,0.000000,0.186,,"{""0"": 250, ""1"": 119, ""2"": null, ""3"": null, ""4"": null, ""5"": null, ""6"": null, ""7"": null}","{""0"": 0.0, ""1"": 0.0, ""2"": null, ""3"": null, ""4"": null, ""5"": null, ""6"": null, ""7"": null}","{""0"": 250, ""1"": 119}",119,1,1,0,0,0.186,car-not-detected-or-stale,KEEP,left,right,,0
1418,2026-08-01T22:26:48.155+09:00,149.568,1417,9.48,1,DRIVING,,0,1,0,-0.412040,0.706832,0.706832,255,802,green,0,unknown,0.000000,null,0.000000,0.299,,"{""0"": 121, ""1"": 99, ""2"": null, ""3"": null, ""4"": null, ""5"": null, ""6"": null, ""7"": null}","{""0"": 0.0, ""1"": 0.0, ""2"": null, ""3"": null, ""4"": null, ""5"": null, ""6"": null, ""7"": null}","{""0"": 121, ""1"": 99}",99,1,1,0,0,0.299,car-not-detected-or-stale,KEEP,left,right,,0
1419,2026-08-01T22:26:48.257+09:00,149.671,1418,9.48,1,DRIVING,,0,1,0,-0.385455,0.621578,0.621578,255,802,green,0,unknown,0.000000,null,0.000000,0.292,,"{""0"": 250, ""1"": 250, ""2"": null, ""3"": null, ""4"": null, ""5"": null, ""6"": null, ""7"": null}","{""0"": 0.0, ""1"": 0.0, ""2"": null, ""3"": null, ""4"": null, ""5"": null, ""6"": null, ""7"": null}","{""0"": 250, ""1"": 250}",250,1,0,0,0,0.292,ultrasonic-not-close,KEEP,left,right,,0
1420,2026-08-01T22:26:48.360+09:00,149.773,1419,9.48,1,DRIVING,,0,1,0,-0.354540,0.531956,0.531956,255,801,green,0,unknown,0.000000,null,0.000000,0.174,,"{""0"": 250, ""1"": 90, ""2"": null, ""3"": null, ""4"": null, ""5"": null, ""6"": null, ""7"": null}","{""0"": 0.0, ""1"": 0.0, ""2"": null, ""3"": null, ""4"": null, ""5"": null, ""6"": null, ""7"": null}","{""0"": 250, ""1"": 90}",90,1,1,0,0,0.174,car-not-detected-or-stale,KEEP,left,right,,0
1421,2026-08-01T22:26:48.460+09:00,149.873,1420,9.48,1,DRIVING,,0,1,0,-0.323320,0.451431,0.451431,255,800,green,0,unknown,0.000000,null,0.000000,0.272,,"{""0"": 250, ""1"": 136, ""2"": null, ""3"": null, ""4"": null, ""5"": null, ""6"": null, ""7"": null}","{""0"": 0.0, ""1"": 0.0, ""2"": null, ""3"": null, ""4"": null, ""5"": null, ""6"": null, ""7"": null}","{""0"": 250, ""1"": 136}",136,1,1,0,0,0.272,car-not-detected-or-stale,KEEP,left,right,,0
1422,2026-08-01T22:26:48.571+09:00,149.984,1421,9.48,1,DRIVING,,0,1,0,-0.301914,0.413532,0.413532,100,788,green,0,unknown,0.000000,null,0.000000,0.283,,"{""0"": 62, ""1"": 167, ""2"": null, ""3"": null, ""4"": null, ""5"": null, ""6"": null, ""7"": null}","{""0"": 0.0, ""1"": 0.0, ""2"": null, ""3"": null, ""4"": null, ""5"": null, ""6"": null, ""7"": null}","{""0"": 62, ""1"": 167}",62,1,1,0,0,0.283,car-not-detected-or-stale,KEEP,left,right,,0
1423,2026-08-01T22:26:48.676+09:00,150.089,1422,9.48,1,DRIVING,,0,1,0,-0.256057,0.287422,0.287422,255,785,green,0,unknown,0.000000,null,0.000000,0.185,,"{""0"": 250, ""1"": 120, ""2"": null, ""3"": null, ""4"": null, ""5"": null, ""6"": null, ""7"": null}","{""0"": 0.0, ""1"": 0.0, ""2"": null, ""3"": null, ""4"": null, ""5"": null, ""6"": null, ""7"": null}","{""0"": 250, ""1"": 120}",120,1,1,0,0,0.185,car-not-detected-or-stale,KEEP,left,right,,0
1424,2026-08-01T22:26:48.779+09:00,150.192,1423,9.48,1,DRIVING,,0,1,0,-0.230318,0.246805,0.246805,255,782,green,0,unknown,0.000000,null,0.000000,0.286,,"{""0"": 186, ""1"": 118, ""2"": null, ""3"": null, ""4"": null, ""5"": null, ""6"": null, ""7"": null}","{""0"": 0.0, ""1"": 0.0, ""2"": null, ""3"": null, ""4"": null, ""5"": null, ""6"": null, ""7"": null}","{""0"": 186, ""1"": 118}",118,1,1,0,0,0.286,car-not-detected-or-stale,KEEP,left,right,,0
1425,2026-08-01T22:26:48.881+09:00,150.294,1424,9.48,1,DRIVING,,0,1,0,-0.209568,0.222433,0.222433,255,770,green,0,unknown,0.000000,null,0.000000,0.280,,"{""0"": 250, ""1"": 144, ""2"": null, ""3"": null, ""4"": null, ""5"": null, ""6"": null, ""7"": null}","{""0"": 0.0, ""1"": 0.0, ""2"": null, ""3"": null, ""4"": null, ""5"": null, ""6"": null, ""7"": null}","{""0"": 250, ""1"": 144}",144,1,1,0,0,0.280,car-not-detected-or-stale,KEEP,left,right,,0
1426,2026-08-01T22:26:48.984+09:00,150.398,1425,9.48,1,DRIVING,,0,1,0,-0.209339,0.268046,0.268046,255,767,green,0,unknown,0.000000,null,0.000000,0.174,,"{""0"": 250, ""1"": 182, ""2"": null, ""3"": null, ""4"": null, ""5"": null, ""6"": null, ""7"": null}","{""0"": 0.0, ""1"": 0.0, ""2"": null, ""3"": null, ""4"": null, ""5"": null, ""6"": null, ""7"": null}","{""0"": 250, ""1"": 182}",182,1,0,0,0,0.174,ultrasonic-not-close,KEEP,left,right,,0
1427,2026-08-01T22:26:49.086+09:00,150.499,1426,9.48,1,DRIVING,,0,1,0,-0.213790,0.316699,0.316699,255,767,green,0,unknown,0.000000,null,0.000000,0.274,,"{""0"": 250, ""1"": 114, ""2"": null, ""3"": null, ""4"": null, ""5"": null, ""6"": null, ""7"": null}","{""0"": 0.0, ""1"": 0.0, ""2"": null, ""3"": null, ""4"": null, ""5"": null, ""6"": null, ""7"": null}","{""0"": 250, ""1"": 114}",114,1,1,0,0,0.274,car-not-detected-or-stale,KEEP,left,right,,0
1428,2026-08-01T22:26:49.201+09:00,150.614,1427,9.48,1,DRIVING,,0,1,0,-0.200279,0.288498,0.288498,100,767,green,0,unknown,0.000000,null,0.000000,0.291,,"{""0"": 158, ""1"": 77, ""2"": null, ""3"": null, ""4"": null, ""5"": null, ""6"": null, ""7"": null}","{""0"": 0.0, ""1"": 0.0, ""2"": null, ""3"": null, ""4"": null, ""5"": null, ""6"": null, ""7"": null}","{""0"": 158, ""1"": 77}",77,1,1,0,0,0.291,car-not-detected-or-stale,KEEP,left,right,,0
1429,2026-08-01T22:26:49.305+09:00,150.718,1428,9.48,1,DRIVING,,0,1,0,-0.200997,0.312684,0.312684,100,766,unknown,0,unknown,0.000000,null,0.000000,0.187,,"{""0"": 250, ""1"": 50, ""2"": null, ""3"": null, ""4"": null, ""5"": null, ""6"": null, ""7"": null}","{""0"": 0.0, ""1"": 0.0, ""2"": null, ""3"": null, ""4"": null, ""5"": null, ""6"": null, ""7"": null}","{""0"": 250, ""1"": 50}",50,1,1,0,0,0.187,car-not-detected-or-stale,KEEP,left,right,,0
1430,2026-08-01T22:26:49.421+09:00,150.833,1429,9.48,1,DRIVING,,0,1,0,-0.205876,0.344980,0.344980,255,767,unknown,0,unknown,0.000000,null,0.000000,0.300,,"{""0"": 186, ""1"": 111, ""2"": null, ""3"": null, ""4"": null, ""5"": null, ""6"": null, ""7"": null}","{""0"": 0.0, ""1"": 0.0, ""2"": null, ""3"": null, ""4"": null, ""5"": null, ""6"": null, ""7"": null}","{""0"": 186, ""1"": 111}",111,1,1,0,0,0.300,car-not-detected-or-stale,KEEP,left,right,,0
1431,2026-08-01T22:26:49.521+09:00,150.934,1430,9.48,1,DRIVING,,0,1,0,-0.205748,0.352199,0.352199,255,764,unknown,0,unknown,0.000000,null,0.000000,0.290,,"{""0"": 239, ""1"": 137, ""2"": null, ""3"": null, ""4"": null, ""5"": null, ""6"": null, ""7"": null}","{""0"": 0.0, ""1"": 0.0, ""2"": null, ""3"": null, ""4"": null, ""5"": null, ""6"": null, ""7"": null}","{""0"": 239, ""1"": 137}",137,1,1,0,0,0.290,car-not-detected-or-stale,KEEP,left,right,,0
1432,2026-08-01T22:26:49.632+09:00,151.047,1431,9.48,1,DRIVING,,0,1,0,-0.216270,0.395521,0.395521,255,767,unknown,0,unknown,0.000000,null,0.000000,0.181,,"{""0"": 125, ""1"": 129, ""2"": null, ""3"": null, ""4"": null, ""5"": null, ""6"": null, ""7"": null}","{""0"": 0.0, ""1"": 0.0, ""2"": null, ""3"": null, ""4"": null, ""5"": null, ""6"": null, ""7"": null}","{""0"": 125, ""1"": 129}",125,1,1,0,0,0.181,car-not-detected-or-stale,KEEP,left,right,,0
1433,2026-08-01T22:26:49.735+09:00,151.148,1432,9.48,1,DRIVING,,0,1,0,-0.224754,0.424196,0.424196,255,767,unknown,0,unknown,0.000000,null,0.000000,0.281,,"{""0"": 250, ""1"": 122, ""2"": null, ""3"": null, ""4"": null, ""5"": null, ""6"": null, ""7"": null}","{""0"": 0.0, ""1"": 0.0, ""2"": null, ""3"": null, ""4"": null, ""5"": null, ""6"": null, ""7"": null}","{""0"": 250, ""1"": 122}",122,1,1,0,0,0.281,car-not-detected-or-stale,KEEP,left,right,,0
1434,2026-08-01T22:26:49.832+09:00,151.246,1433,9.48,1,DRIVING,,0,1,0,-0.236978,0.462310,0.462310,255,771,unknown,0,unknown,0.000000,null,0.000000,0.282,,"{""0"": 110, ""1"": 109, ""2"": null, ""3"": null, ""4"": null, ""5"": null, ""6"": null, ""7"": null}","{""0"": 0.0, ""1"": 0.0, ""2"": null, ""3"": null, ""4"": null, ""5"": null, ""6"": null, ""7"": null}","{""0"": 110, ""1"": 109}",109,1,1,0,0,0.282,car-not-detected-or-stale,KEEP,left,right,,0
1435,2026-08-01T22:26:49.938+09:00,151.351,1434,9.48,1,DRIVING,,0,1,0,-0.249833,0.497861,0.497861,100,771,unknown,0,unknown,0.000000,null,0.000000,0.384,,"{""0"": 250, ""1"": 79, ""2"": null, ""3"": null, ""4"": null, ""5"": null, ""6"": null, ""7"": null}","{""0"": 0.0, ""1"": 0.0, ""2"": null, ""3"": null, ""4"": null, ""5"": null, ""6"": null, ""7"": null}","{""0"": 250, ""1"": 79}",79,1,1,0,0,0.384,car-not-detected-or-stale,KEEP,left,right,,0
1436,2026-08-01T22:26:50.054+09:00,151.466,1435,9.48,1,DRIVING,,0,1,0,-0.259425,0.517946,0.517946,255,774,unknown,1,obstacle-car,0.625717,"[33, 3, 693, 437]",0.310764,0.286,,"{""0"": 250, ""1"": 250, ""2"": null, ""3"": null, ""4"": null, ""5"": null, ""6"": null, ""7"": null}","{""0"": 0.0, ""1"": 0.0, ""2"": null, ""3"": null, ""4"": null, ""5"": null, ""6"": null, ""7"": null}","{""0"": 250, ""1"": 250}",250,1,0,0,0,0.286,ultrasonic-not-close,KEEP,left,right,,0
1437,2026-08-01T22:26:50.157+09:00,151.570,1436,9.48,1,DRIVING,,0,1,0,-0.280912,0.580005,0.580005,255,778,unknown,1,obstacle-car,0.743398,"[23, 3, 682, 436]",0.309276,0.295,,"{""0"": 250, ""1"": 250, ""2"": null, ""3"": null, ""4"": null, ""5"": null, ""6"": null, ""7"": null}","{""0"": 0.0, ""1"": 0.0, ""2"": null, ""3"": null, ""4"": null, ""5"": null, ""6"": null, ""7"": null}","{""0"": 250, ""1"": 250}",250,1,0,0,0,0.295,ultrasonic-not-close,KEEP,left,right,,0
1438,2026-08-01T22:26:50.266+09:00,151.679,1437,9.48,1,DRIVING,,0,1,0,-0.296370,0.613344,0.613344,255,781,unknown,1,obstacle-car,0.501642,"[24, 2, 713, 431]",0.320486,0.181,,"{""0"": 250, ""1"": 250, ""2"": null, ""3"": null, ""4"": null, ""5"": null, ""6"": null, ""7"": null}","{""0"": 0.0, ""1"": 0.0, ""2"": null, ""3"": null, ""4"": null, ""5"": null, ""6"": null, ""7"": null}","{""0"": 250, ""1"": 250}",250,1,0,0,0,0.181,ultrasonic-not-close,KEEP,left,right,,0
1439,2026-08-01T22:26:50.367+09:00,151.780,1438,9.48,1,DRIVING,,0,1,0,-0.317612,0.665850,0.665850,255,783,unknown,1,obstacle-car,0.501642,"[24, 2, 713, 431]",0.320486,0.282,,"{""0"": 250, ""1"": 250, ""2"": null, ""3"": null, ""4"": null, ""5"": null, ""6"": null, ""7"": null}","{""0"": 0.0, ""1"": 0.0, ""2"": null, ""3"": null, ""4"": null, ""5"": null, ""6"": null, ""7"": null}","{""0"": 250, ""1"": 250}",250,1,0,0,0,0.282,ultrasonic-not-close,KEEP,left,right,,0
1440,2026-08-01T22:26:50.465+09:00,151.878,1439,9.48,1,DRIVING,,0,1,0,-0.329782,0.681420,0.681420,255,782,unknown,1,obstacle-car,0.491525,"[73, 3, 688, 433]",0.287381,0.279,,"{""0"": 250, ""1"": 178, ""2"": null, ""3"": null, ""4"": null, ""5"": null, ""6"": null, ""7"": null}","{""0"": 0.0, ""1"": 0.0, ""2"": null, ""3"": null, ""4"": null, ""5"": null, ""6"": null, ""7"": null}","{""0"": 250, ""1"": 178}",178,1,0,0,0,0.279,ultrasonic-not-close,KEEP,left,right,,0
1441,2026-08-01T22:26:50.567+09:00,151.980,1440,9.48,1,DRIVING,,0,1,0,-0.348747,0.723350,0.723350,255,790,unknown,1,obstacle-car,0.491525,"[73, 3, 688, 433]",0.287381,0.378,,"{""0"": 250, ""1"": 145, ""2"": null, ""3"": null, ""4"": null, ""5"": null, ""6"": null, ""7"": null}","{""0"": 0.0, ""1"": 0.0, ""2"": null, ""3"": null, ""4"": null, ""5"": null, ""6"": null, ""7"": null}","{""0"": 250, ""1"": 145}",145,1,1,1,1,0.378,car+ultrasonic,KEEP,left,right,,0
1442,2026-08-01T22:26:50.661+09:00,152.075,1441,9.48,1,DRIVING,,0,1,0,-0.356696,0.723286,0.723286,255,794,unknown,0,unknown,0.000000,null,0.000000,0.264,,"{""0"": 250, ""1"": 98, ""2"": null, ""3"": null, ""4"": null, ""5"": null, ""6"": null, ""7"": null}","{""0"": 0.0, ""1"": 0.0, ""2"": null, ""3"": null, ""4"": null, ""5"": null, ""6"": null, ""7"": null}","{""0"": 250, ""1"": 98}",98,1,1,0,0,0.264,car-not-detected-or-stale,KEEP,left,right,,0
1443,2026-08-01T22:26:50.766+09:00,152.179,1442,9.48,1,DRIVING,,0,1,0,-0.365522,0.730687,0.730687,255,795,unknown,1,obstacle-car,0.818821,"[69, 3, 765, 428]",0.320702,0.270,,"{""0"": 250, ""1"": 122, ""2"": null, ""3"": null, ""4"": null, ""5"": null, ""6"": null, ""7"": null}","{""0"": 0.0, ""1"": 0.0, ""2"": null, ""3"": null, ""4"": null, ""5"": null, ""6"": null, ""7"": null}","{""0"": 250, ""1"": 122}",122,1,1,1,1,0.270,car+ultrasonic,KEEP,left,right,,0
1444,2026-08-01T22:26:50.873+09:00,152.286,1443,9.48,1,DRIVING,,0,1,0,-0.374046,0.739549,0.739549,255,796,unknown,1,obstacle-car,0.818821,"[69, 3, 765, 428]",0.320702,0.375,,"{""0"": 250, ""1"": 162, ""2"": null, ""3"": null, ""4"": null, ""5"": null, ""6"": null, ""7"": null}","{""0"": 0.0, ""1"": 0.0, ""2"": null, ""3"": null, ""4"": null, ""5"": null, ""6"": null, ""7"": null}","{""0"": 250, ""1"": 162}",162,1,0,0,0,0.375,ultrasonic-not-close,KEEP,left,right,,0
1445,2026-08-01T22:26:50.976+09:00,152.390,1444,9.48,1,DRIVING,,0,1,0,-0.379612,0.739708,0.739708,255,797,unknown,0,unknown,0.000000,null,0.000000,0.284,,"{""0"": 250, ""1"": 201, ""2"": null, ""3"": null, ""4"": null, ""5"": null, ""6"": null, ""7"": null}","{""0"": 0.0, ""1"": 0.0, ""2"": null, ""3"": null, ""4"": null, ""5"": null, ""6"": null, ""7"": null}","{""0"": 250, ""1"": 201}",201,1,0,0,0,0.284,ultrasonic-not-close,KEEP,left,right,,0
1446,2026-08-01T22:26:51.080+09:00,152.493,1445,9.48,1,DRIVING,,0,1,0,-0.380215,0.724956,0.724956,255,797,unknown,0,unknown,0.000000,null,0.000000,0.285,,"{""0"": 191, ""1"": 121, ""2"": null, ""3"": null, ""4"": null, ""5"": null, ""6"": null, ""7"": null}","{""0"": 0.0, ""1"": 0.0, ""2"": null, ""3"": null, ""4"": null, ""5"": null, ""6"": null, ""7"": null}","{""0"": 191, ""1"": 121}",121,1,1,0,0,0.285,car-not-detected-or-stale,KEEP,left,right,,0
1447,2026-08-01T22:26:51.192+09:00,152.604,1446,9.48,1,DRIVING,,0,1,0,-0.388686,0.743281,0.743281,255,797,red,0,unknown,0.000000,null,0.000000,0.393,,"{""0"": 250, ""1"": 188, ""2"": null, ""3"": null, ""4"": null, ""5"": null, ""6"": null, ""7"": null}","{""0"": 0.0, ""1"": 0.0, ""2"": null, ""3"": null, ""4"": null, ""5"": null, ""6"": null, ""7"": null}","{""0"": 250, ""1"": 188}",188,1,0,0,0,0.393,ultrasonic-not-close,KEEP,left,right,,0
1448,2026-08-01T22:26:51.288+09:00,152.701,1447,9.48,1,DRIVING,,0,1,0,-0.393209,0.746469,0.746469,255,806,unknown,0,unknown,0.000000,null,0.000000,0.283,,"{""0"": 250, ""1"": 181, ""2"": null, ""3"": null, ""4"": null, ""5"": null, ""6"": null, ""7"": null}","{""0"": 0.0, ""1"": 0.0, ""2"": null, ""3"": null, ""4"": null, ""5"": null, ""6"": null, ""7"": null}","{""0"": 250, ""1"": 181}",181,1,0,0,0,0.283,ultrasonic-not-close,KEEP,left,right,,0
1449,2026-08-01T22:26:51.394+09:00,152.807,1448,9.48,1,DRIVING,,0,1,0,-0.402143,0.767024,0.767024,255,796,unknown,0,unknown,0.000000,null,0.000000,0.284,,"{""0"": 250, ""1"": 101, ""2"": null, ""3"": null, ""4"": null, ""5"": null, ""6"": null, ""7"": null}","{""0"": 0.0, ""1"": 0.0, ""2"": null, ""3"": null, ""4"": null, ""5"": null, ""6"": null, ""7"": null}","{""0"": 250, ""1"": 101}",101,1,1,0,0,0.284,car-not-detected-or-stale,KEEP,left,right,,0
1450,2026-08-01T22:26:51.493+09:00,152.906,1449,9.48,1,DRIVING,,0,1,0,-0.410993,0.785936,0.785936,255,798,unknown,0,unknown,0.000000,null,0.000000,0.381,,"{""0"": 250, ""1"": 168, ""2"": null, ""3"": null, ""4"": null, ""5"": null, ""6"": null, ""7"": null}","{""0"": 0.0, ""1"": 0.0, ""2"": null, ""3"": null, ""4"": null, ""5"": null, ""6"": null, ""7"": null}","{""0"": 250, ""1"": 168}",168,1,0,0,0,0.381,ultrasonic-not-close,KEEP,left,right,,0
1451,2026-08-01T22:26:51.596+09:00,153.009,1450,9.48,1,DRIVING,,0,1,0,-0.422121,0.812149,0.812149,255,798,unknown,0,unknown,0.000000,null,0.000000,0.277,,"{""0"": 250, ""1"": 162, ""2"": null, ""3"": null, ""4"": null, ""5"": null, ""6"": null, ""7"": null}","{""0"": 0.0, ""1"": 0.0, ""2"": null, ""3"": null, ""4"": null, ""5"": null, ""6"": null, ""7"": null}","{""0"": 250, ""1"": 162}",162,1,0,0,0,0.277,ultrasonic-not-close,KEEP,left,right,,0
1452,2026-08-01T22:26:51.694+09:00,153.108,1451,9.48,1,DRIVING,,0,1,0,-0.425876,0.809970,0.809970,255,800,unknown,0,unknown,0.000000,null,0.000000,0.169,,"{""0"": 151, ""1"": 103, ""2"": null, ""3"": null, ""4"": null, ""5"": null, ""6"": null, ""7"": null}","{""0"": 0.0, ""1"": 0.0, ""2"": null, ""3"": null, ""4"": null, ""5"": null, ""6"": null, ""7"": null}","{""0"": 151, ""1"": 103}",103,1,1,0,0,0.169,car-not-detected-or-stale,KEEP,left,right,,0
1453,2026-08-01T22:26:51.789+09:00,153.201,1452,9.49,1,DRIVING,,0,1,0,-0.441311,0.852519,0.852519,255,804,unknown,0,unknown,0.000000,null,0.000000,0.262,,"{""0"": 145, ""1"": 150, ""2"": null, ""3"": null, ""4"": null, ""5"": null, ""6"": null, ""7"": null}","{""0"": 0.0, ""1"": 0.0, ""2"": null, ""3"": null, ""4"": null, ""5"": null, ""6"": null, ""7"": null}","{""0"": 145, ""1"": 150}",145,1,1,0,0,0.262,car-not-detected-or-stale,KEEP,left,right,,0
1454,2026-08-01T22:26:51.888+09:00,153.302,1453,9.49,1,DRIVING,,0,1,0,-0.439177,0.827387,0.827387,255,803,unknown,0,unknown,0.000000,null,0.000000,0.263,,"{""0"": 250, ""1"": 145, ""2"": null, ""3"": null, ""4"": null, ""5"": null, ""6"": null, ""7"": null}","{""0"": 0.0, ""1"": 0.0, ""2"": null, ""3"": null, ""4"": null, ""5"": null, ""6"": null, ""7"": null}","{""0"": 250, ""1"": 145}",145,1,1,0,0,0.263,car-not-detected-or-stale,KEEP,left,right,,0
1455,2026-08-01T22:26:51.996+09:00,153.409,1454,9.49,1,DRIVING,,0,1,0,-0.438876,0.815242,0.815242,255,805,unknown,0,unknown,0.000000,null,0.000000,0.368,,"{""0"": 134, ""1"": 134, ""2"": null, ""3"": null, ""4"": null, ""5"": null, ""6"": null, ""7"": null}","{""0"": 0.0, ""1"": 0.0, ""2"": null, ""3"": null, ""4"": null, ""5"": null, ""6"": null, ""7"": null}","{""0"": 134, ""1"": 134}",134,1,1,0,0,0.368,car-not-detected-or-stale,KEEP,left,right,,0
1456,2026-08-01T22:26:52.091+09:00,153.504,1455,9.49,1,DRIVING,,0,1,0,-0.442193,0.819605,0.819605,255,807,unknown,0,unknown,0.000000,null,0.000000,0.271,,"{""0"": 250, ""1"": 135, ""2"": null, ""3"": null, ""4"": null, ""5"": null, ""6"": null, ""7"": null}","{""0"": 0.0, ""1"": 0.0, ""2"": null, ""3"": null, ""4"": null, ""5"": null, ""6"": null, ""7"": null}","{""0"": 250, ""1"": 135}",135,1,1,0,0,0.271,car-not-detected-or-stale,KEEP,left,right,,0
1457,2026-08-01T22:26:52.210+09:00,153.624,1456,9.49,1,DRIVING,,0,1,0,-0.437478,0.795532,0.795532,100,807,unknown,0,unknown,0.000000,null,0.000000,0.292,,"{""0"": 250, ""1"": 76, ""2"": null, ""3"": null, ""4"": null, ""5"": null, ""6"": null, ""7"": null}","{""0"": 0.0, ""1"": 0.0, ""2"": null, ""3"": null, ""4"": null, ""5"": null, ""6"": null, ""7"": null}","{""0"": 250, ""1"": 76}",76,1,1,0,0,0.292,car-not-detected-or-stale,KEEP,left,right,,0
1458,2026-08-01T22:26:52.315+09:00,153.728,1457,9.49,1,DRIVING,,0,1,0,-0.433449,0.778606,0.778606,255,808,red,0,unknown,0.000000,null,0.000000,0.395,,"{""0"": 141, ""1"": 132, ""2"": null, ""3"": null, ""4"": null, ""5"": null, ""6"": null, ""7"": null}","{""0"": 0.0, ""1"": 0.0, ""2"": null, ""3"": null, ""4"": null, ""5"": null, ""6"": null, ""7"": null}","{""0"": 141, ""1"": 132}",132,1,1,0,0,0.395,car-not-detected-or-stale,KEEP,left,right,,0
1459,2026-08-01T22:26:52.419+09:00,153.832,1458,9.49,1,DRIVING,,0,1,0,-0.425391,0.750078,0.750078,255,806,unknown,0,unknown,0.000000,null,0.000000,0.298,,"{""0"": 250, ""1"": 139, ""2"": null, ""3"": null, ""4"": null, ""5"": null, ""6"": null, ""7"": null}","{""0"": 0.0, ""1"": 0.0, ""2"": null, ""3"": null, ""4"": null, ""5"": null, ""6"": null, ""7"": null}","{""0"": 250, ""1"": 139}",139,1,1,0,0,0.298,car-not-detected-or-stale,KEEP,left,right,,0
1460,2026-08-01T22:26:52.522+09:00,153.935,1459,9.49,1,DRIVING,,0,1,0,-0.417333,0.725756,0.725756,255,807,unknown,0,unknown,0.000000,null,0.000000,0.282,,"{""0"": 250, ""1"": 137, ""2"": null, ""3"": null, ""4"": null, ""5"": null, ""6"": null, ""7"": null}","{""0"": 0.0, ""1"": 0.0, ""2"": null, ""3"": null, ""4"": null, ""5"": null, ""6"": null, ""7"": null}","{""0"": 250, ""1"": 137}",137,1,1,0,0,0.282,car-not-detected-or-stale,KEEP,left,right,,0
1461,2026-08-01T22:26:52.630+09:00,154.044,1460,9.49,1,DRIVING,,0,1,0,-0.411797,0.713460,0.713460,255,806,unknown,0,unknown,0.000000,null,0.000000,0.390,,"{""0"": 122, ""1"": 130, ""2"": null, ""3"": null, ""4"": null, ""5"": null, ""6"": null, ""7"": null}","{""0"": 0.0, ""1"": 0.0, ""2"": null, ""3"": null, ""4"": null, ""5"": null, ""6"": null, ""7"": null}","{""0"": 122, ""1"": 130}",122,1,1,0,0,0.390,car-not-detected-or-stale,KEEP,left,right,,0
1462,2026-08-01T22:26:52.727+09:00,154.140,1461,9.49,1,DRIVING,,0,1,0,-0.402450,0.688143,0.688143,255,806,unknown,0,unknown,0.000000,null,0.000000,0.277,,"{""0"": 250, ""1"": 126, ""2"": null, ""3"": null, ""4"": null, ""5"": null, ""6"": null, ""7"": null}","{""0"": 0.0, ""1"": 0.0, ""2"": null, ""3"": null, ""4"": null, ""5"": null, ""6"": null, ""7"": null}","{""0"": 250, ""1"": 126}",126,1,1,0,0,0.277,car-not-detected-or-stale,KEEP,left,right,,0
1463,2026-08-01T22:26:52.831+09:00,154.244,1462,9.49,1,DRIVING,,0,1,0,-0.391789,0.660642,0.660642,255,806,unknown,0,unknown,0.000000,null,0.000000,0.280,,"{""0"": 250, ""1"": 124, ""2"": null, ""3"": null, ""4"": null, ""5"": null, ""6"": null, ""7"": null}","{""0"": 0.001, ""1"": 0.001, ""2"": null, ""3"": null, ""4"": null, ""5"": null, ""6"": null, ""7"": null}","{""0"": 250, ""1"": 124}",124,1,1,0,0,0.279,car-not-detected-or-stale,KEEP,left,right,,0
1464,2026-08-01T22:26:52.936+09:00,154.348,1463,9.49,1,DRIVING,,0,1,0,-0.380357,0.632863,0.632863,255,801,unknown,0,unknown,0.000000,null,0.000000,0.382,,"{""0"": 250, ""1"": 250, ""2"": null, ""3"": null, ""4"": null, ""5"": null, ""6"": null, ""7"": null}","{""0"": 0.0, ""1"": 0.0, ""2"": null, ""3"": null, ""4"": null, ""5"": null, ""6"": null, ""7"": null}","{""0"": 250, ""1"": 250}",250,1,0,0,0,0.382,ultrasonic-not-close,KEEP,left,right,,0
1465,2026-08-01T22:26:53.035+09:00,154.450,1464,9.49,1,DRIVING,,0,1,0,-0.372790,0.621156,0.621156,255,802,unknown,0,unknown,0.000000,null,0.000000,0.275,,"{""0"": 250, ""1"": 250, ""2"": null, ""3"": null, ""4"": null, ""5"": null, ""6"": null, ""7"": null}","{""0"": 0.0, ""1"": 0.0, ""2"": null, ""3"": null, ""4"": null, ""5"": null, ""6"": null, ""7"": null}","{""0"": 250, ""1"": 250}",250,1,0,0,0,0.275,ultrasonic-not-close,KEEP,left,right,,0
1466,2026-08-01T22:26:53.136+09:00,154.550,1465,9.49,1,DRIVING,,0,1,0,-0.362564,0.599302,0.599302,255,800,unknown,0,unknown,0.000000,null,0.000000,0.276,,"{""0"": 105, ""1"": 112, ""2"": null, ""3"": null, ""4"": null, ""5"": null, ""6"": null, ""7"": null}","{""0"": 0.0, ""1"": 0.0, ""2"": null, ""3"": null, ""4"": null, ""5"": null, ""6"": null, ""7"": null}","{""0"": 105, ""1"": 112}",105,1,1,0,0,0.276,car-not-detected-or-stale,KEEP,left,right,,0
1467,2026-08-01T22:26:53.235+09:00,154.648,1466,9.49,1,DRIVING,,0,1,0,-0.355739,0.590727,0.590727,255,799,unknown,0,unknown,0.000000,null,0.000000,0.372,,"{""0"": 250, ""1"": 102, ""2"": null, ""3"": null, ""4"": null, ""5"": null, ""6"": null, ""7"": null}","{""0"": 0.0, ""1"": 0.0, ""2"": null, ""3"": null, ""4"": null, ""5"": null, ""6"": null, ""7"": null}","{""0"": 250, ""1"": 102}",102,1,1,0,0,0.372,car-not-detected-or-stale,KEEP,left,right,,0
1468,2026-08-01T22:26:53.335+09:00,154.749,1467,9.49,1,DRIVING,,0,1,0,-0.352422,0.593665,0.593665,255,797,unknown,0,unknown,0.000000,null,0.000000,0.270,,"{""0"": 121, ""1"": 105, ""2"": null, ""3"": null, ""4"": null, ""5"": null, ""6"": null, ""7"": null}","{""0"": 0.0, ""1"": 0.0, ""2"": null, ""3"": null, ""4"": null, ""5"": null, ""6"": null, ""7"": null}","{""0"": 121, ""1"": 105}",105,1,1,0,0,0.270,car-not-detected-or-stale,KEEP,left,right,,0
1469,2026-08-01T22:26:53.444+09:00,154.858,1468,9.49,1,DRIVING,,0,1,0,-0.342280,0.569361,0.569361,255,796,green,0,unknown,0.000000,null,0.000000,0.177,,"{""0"": 250, ""1"": 147, ""2"": null, ""3"": null, ""4"": null, ""5"": null, ""6"": null, ""7"": null}","{""0"": 0.0, ""1"": 0.0, ""2"": null, ""3"": null, ""4"": null, ""5"": null, ""6"": null, ""7"": null}","{""0"": 250, ""1"": 147}",147,1,1,0,0,0.177,car-not-detected-or-stale,KEEP,left,right,,0
1470,2026-08-01T22:26:53.543+09:00,154.956,1469,9.49,1,DRIVING,,0,1,0,-0.188251,0.028883,0.028883,255,797,green,0,unknown,0.000000,null,0.000000,0.274,,"{""0"": 250, ""1"": 147, ""2"": null, ""3"": null, ""4"": null, ""5"": null, ""6"": null, ""7"": null}","{""0"": 0.0, ""1"": 0.0, ""2"": null, ""3"": null, ""4"": null, ""5"": null, ""6"": null, ""7"": null}","{""0"": 250, ""1"": 147}",147,1,1,0,0,0.274,car-not-detected-or-stale,KEEP,,,,0
1471,2026-08-01T22:26:53.640+09:00,155.054,1470,9.49,1,DRIVING,,0,1,0,-0.186811,0.116687,0.116687,255,786,unknown,0,unknown,0.000000,null,0.000000,0.274,,"{""0"": 123, ""1"": 116, ""2"": null, ""3"": null, ""4"": null, ""5"": null, ""6"": null, ""7"": null}","{""0"": 0.0, ""1"": 0.0, ""2"": null, ""3"": null, ""4"": null, ""5"": null, ""6"": null, ""7"": null}","{""0"": 123, ""1"": 116}",116,1,1,0,0,0.274,car-not-detected-or-stale,KEEP,left,right,,0
1472,2026-08-01T22:26:53.748+09:00,155.162,1471,9.49,1,DRIVING,,0,1,0,-0.183412,0.170325,0.170325,255,765,green,0,unknown,0.000000,null,0.000000,0.382,,"{""0"": 117, ""1"": 96, ""2"": null, ""3"": null, ""4"": null, ""5"": null, ""6"": null, ""7"": null}","{""0"": 0.0, ""1"": 0.0, ""2"": null, ""3"": null, ""4"": null, ""5"": null, ""6"": null, ""7"": null}","{""0"": 117, ""1"": 96}",96,1,1,0,0,0.382,car-not-detected-or-stale,KEEP,left,right,,0
1473,2026-08-01T22:26:53.840+09:00,155.253,1472,9.49,1,DRIVING,,0,1,0,-0.183602,0.218953,0.218953,255,760,green,0,unknown,0.000000,null,0.000000,0.267,,"{""0"": 250, ""1"": 131, ""2"": null, ""3"": null, ""4"": null, ""5"": null, ""6"": null, ""7"": null}","{""0"": 0.0, ""1"": 0.0, ""2"": null, ""3"": null, ""4"": null, ""5"": null, ""6"": null, ""7"": null}","{""0"": 250, ""1"": 131}",131,1,1,0,0,0.267,car-not-detected-or-stale,KEEP,left,right,,0
1474,2026-08-01T22:26:53.944+09:00,155.357,1473,9.49,1,DRIVING,,0,1,0,-0.202871,0.321780,0.321780,255,761,green,0,unknown,0.000000,null,0.000000,0.275,,"{""0"": 250, ""1"": 122, ""2"": null, ""3"": null, ""4"": null, ""5"": null, ""6"": null, ""7"": null}","{""0"": 0.0, ""1"": 0.0, ""2"": null, ""3"": null, ""4"": null, ""5"": null, ""6"": null, ""7"": null}","{""0"": 250, ""1"": 122}",122,1,1,0,0,0.275,car-not-detected-or-stale,KEEP,left,right,,0
1475,2026-08-01T22:26:54.045+09:00,155.458,1474,9.49,1,DRIVING,,0,1,0,-0.230831,0.435454,0.435454,255,762,green,0,unknown,0.000000,null,0.000000,0.374,,"{""0"": 106, ""1"": 107, ""2"": null, ""3"": null, ""4"": null, ""5"": null, ""6"": null, ""7"": null}","{""0"": 0.0, ""1"": 0.0, ""2"": null, ""3"": null, ""4"": null, ""5"": null, ""6"": null, ""7"": null}","{""0"": 106, ""1"": 107}",106,1,1,0,0,0.374,car-not-detected-or-stale,KEEP,left,right,,0
1476,2026-08-01T22:26:54.149+09:00,155.562,1475,9.49,1,DRIVING,,0,1,0,-0.266766,0.558832,0.558832,255,764,green,0,unknown,0.000000,null,0.000000,0.278,,"{""0"": 97, ""1"": 112, ""2"": null, ""3"": null, ""4"": null, ""5"": null, ""6"": null, ""7"": null}","{""0"": 0.0, ""1"": 0.0, ""2"": null, ""3"": null, ""4"": null, ""5"": null, ""6"": null, ""7"": null}","{""0"": 97, ""1"": 112}",97,1,1,0,0,0.278,car-not-detected-or-stale,KEEP,left,right,,0
1477,2026-08-01T22:26:54.252+09:00,155.665,1476,9.49,1,DRIVING,,0,1,0,-0.298457,0.649323,0.649323,255,767,green,0,unknown,0.000000,null,0.000000,0.277,,"{""0"": 250, ""1"": 98, ""2"": null, ""3"": null, ""4"": null, ""5"": null, ""6"": null, ""7"": null}","{""0"": 0.0, ""1"": 0.0, ""2"": null, ""3"": null, ""4"": null, ""5"": null, ""6"": null, ""7"": null}","{""0"": 250, ""1"": 98}",98,1,1,0,0,0.277,car-not-detected-or-stale,KEEP,left,right,,0
1478,2026-08-01T22:26:54.352+09:00,155.766,1477,9.49,1,DRIVING,,0,1,0,-0.332503,0.738258,0.738258,255,778,green,0,unknown,0.000000,null,0.000000,0.377,,"{""0"": 250, ""1"": 90, ""2"": null, ""3"": null, ""4"": null, ""5"": null, ""6"": null, ""7"": null}","{""0"": 0.0, ""1"": 0.0, ""2"": null, ""3"": null, ""4"": null, ""5"": null, ""6"": null, ""7"": null}","{""0"": 250, ""1"": 90}",90,1,1,0,0,0.377,car-not-detected-or-stale,KEEP,left,right,,0
1479,2026-08-01T22:26:54.452+09:00,155.865,1478,9.49,1,DRIVING,,0,1,0,-0.362411,0.804000,0.804000,100,783,unknown,0,unknown,0.000000,null,0.000000,0.274,,"{""0"": 85, ""1"": 72, ""2"": null, ""3"": null, ""4"": null, ""5"": null, ""6"": null, ""7"": null}","{""0"": 0.0, ""1"": 0.0, ""2"": null, ""3"": null, ""4"": null, ""5"": null, ""6"": null, ""7"": null}","{""0"": 85, ""1"": 72}",72,1,1,0,0,0.274,car-not-detected-or-stale,KEEP,left,right,,0
1480,2026-08-01T22:26:54.559+09:00,155.972,1479,9.49,1,DRIVING,,0,1,0,-0.388041,0.850772,0.850772,255,791,green,0,unknown,0.000000,null,0.000000,0.277,,"{""0"": 250, ""1"": 86, ""2"": null, ""3"": null, ""4"": null, ""5"": null, ""6"": null, ""7"": null}","{""0"": 0.0, ""1"": 0.0, ""2"": null, ""3"": null, ""4"": null, ""5"": null, ""6"": null, ""7"": null}","{""0"": 250, ""1"": 86}",86,1,1,0,0,0.277,car-not-detected-or-stale,KEEP,left,right,,0
1481,2026-08-01T22:26:54.664+09:00,156.077,1480,9.49,1,DRIVING,,0,1,0,-0.406300,0.870815,0.870815,255,846,unknown,0,unknown,0.000000,null,0.000000,0.381,,"{""0"": 250, ""1"": 81, ""2"": null, ""3"": null, ""4"": null, ""5"": null, ""6"": null, ""7"": null}","{""0"": 0.001, ""1"": 0.0, ""2"": null, ""3"": null, ""4"": null, ""5"": null, ""6"": null, ""7"": null}","{""0"": 250, ""1"": 81}",81,1,1,0,0,0.381,car-not-detected-or-stale,KEEP,left,right,,0
1482,2026-08-01T22:26:54.769+09:00,156.183,1481,9.49,1,DRIVING,,0,1,0,-0.408580,0.837179,0.837179,100,824,green,0,unknown,0.000000,null,0.000000,0.287,,"{""0"": 250, ""1"": 57, ""2"": null, ""3"": null, ""4"": null, ""5"": null, ""6"": null, ""7"": null}","{""0"": 0.0, ""1"": 0.0, ""2"": null, ""3"": null, ""4"": null, ""5"": null, ""6"": null, ""7"": null}","{""0"": 250, ""1"": 57}",57,1,1,0,0,0.287,car-not-detected-or-stale,KEEP,left,right,,0
1483,2026-08-01T22:26:54.883+09:00,156.296,1482,9.49,1,DRIVING,,0,1,0,-0.400276,0.776766,0.776766,255,805,green,0,unknown,0.000000,null,0.000000,0.188,,"{""0"": 250, ""1"": 88, ""2"": null, ""3"": null, ""4"": null, ""5"": null, ""6"": null, ""7"": null}","{""0"": 0.0, ""1"": 0.0, ""2"": null, ""3"": null, ""4"": null, ""5"": null, ""6"": null, ""7"": null}","{""0"": 250, ""1"": 88}",88,1,1,0,0,0.188,car-not-detected-or-stale,KEEP,left,right,,0
1484,2026-08-01T22:26:54.988+09:00,156.401,1483,9.49,1,DRIVING,,0,1,0,-0.380873,0.690035,0.690035,255,807,green,0,unknown,0.000000,null,0.000000,0.290,,"{""0"": 250, ""1"": 94, ""2"": null, ""3"": null, ""4"": null, ""5"": null, ""6"": null, ""7"": null}","{""0"": 0.0, ""1"": 0.0, ""2"": null, ""3"": null, ""4"": null, ""5"": null, ""6"": null, ""7"": null}","{""0"": 250, ""1"": 94}",94,1,1,0,0,0.290,car-not-detected-or-stale,KEEP,left,right,,0
1485,2026-08-01T22:26:55.085+09:00,156.500,1484,9.49,1,DRIVING,,0,1,0,-0.357411,0.604230,0.604230,255,807,unknown,0,unknown,0.000000,null,0.000000,0.287,,"{""0"": 250, ""1"": 94, ""2"": null, ""3"": null, ""4"": null, ""5"": null, ""6"": null, ""7"": null}","{""0"": 0.0, ""1"": 0.0, ""2"": null, ""3"": null, ""4"": null, ""5"": null, ""6"": null, ""7"": null}","{""0"": 250, ""1"": 94}",94,1,1,0,0,0.287,car-not-detected-or-stale,KEEP,left,right,,0
1486,2026-08-01T22:26:55.191+09:00,156.604,1485,9.49,1,DRIVING,,0,1,0,-0.326002,0.502891,0.502891,255,804,green,0,unknown,0.000000,null,0.000000,0.172,,"{""0"": 250, ""1"": 97, ""2"": null, ""3"": null, ""4"": null, ""5"": null, ""6"": null, ""7"": null}","{""0"": 0.0, ""1"": 0.0, ""2"": null, ""3"": null, ""4"": null, ""5"": null, ""6"": null, ""7"": null}","{""0"": 250, ""1"": 97}",97,1,1,0,0,0.172,car-not-detected-or-stale,KEEP,left,right,,0
1487,2026-08-01T22:26:55.294+09:00,156.706,1486,9.49,1,DRIVING,,0,1,1,-0.309830,0.469846,0.469846,255,801,green,0,unknown,0.000000,null,0.000000,0.272,,"{""0"": 250, ""1"": 88, ""2"": null, ""3"": null, ""4"": null, ""5"": null, ""6"": null, ""7"": null}","{""0"": 0.0, ""1"": 0.0, ""2"": null, ""3"": null, ""4"": null, ""5"": null, ""6"": null, ""7"": null}","{""0"": 250, ""1"": 88}",88,1,1,0,0,0.272,car-not-detected-or-stale,KEEP,left,right,,0
1488,2026-08-01T22:26:55.397+09:00,156.810,1487,9.49,1,STOPPED_RED,state:DRIVING->STOPPED_RED;phase:KEEP->KEEP_PAUSED,1,1,1,-0.280586,0.000000,0.000000,0,791,green,0,unknown,0.000000,null,0.000000,0.281,,"{""0"": 250, ""1"": 135, ""2"": null, ""3"": null, ""4"": null, ""5"": null, ""6"": null, ""7"": null}","{""0"": 0.0, ""1"": 0.0, ""2"": null, ""3"": null, ""4"": null, ""5"": null, ""6"": null, ""7"": null}","{""0"": 250, ""1"": 135}",135,1,1,0,0,0.281,car-not-detected-or-stale,KEEP_PAUSED,left,right,,0
1489,2026-08-01T22:26:55.504+09:00,156.917,1488,9.49,1,STOPPED_RED,,1,1,1,-0.240212,0.000000,0.000000,0,784,green,0,unknown,0.000000,null,0.000000,0.179,,"{""0"": 124, ""1"": 64, ""2"": null, ""3"": null, ""4"": null, ""5"": null, ""6"": null, ""7"": null}","{""0"": 0.0, ""1"": 0.0, ""2"": null, ""3"": null, ""4"": null, ""5"": null, ""6"": null, ""7"": null}","{""0"": 124, ""1"": 64}",64,1,1,0,0,0.179,car-not-detected-or-stale,KEEP_PAUSED,left,right,,0
1490,2026-08-01T22:26:55.605+09:00,157.018,1489,9.49,1,STOPPED_RED,,1,1,1,-0.220831,0.000000,0.000000,0,768,green,0,unknown,0.000000,null,0.000000,0.278,,"{""0"": 118, ""1"": 124, ""2"": null, ""3"": null, ""4"": null, ""5"": null, ""6"": null, ""7"": null}","{""0"": 0.0, ""1"": 0.0, ""2"": null, ""3"": null, ""4"": null, ""5"": null, ""6"": null, ""7"": null}","{""0"": 118, ""1"": 124}",118,1,1,0,0,0.278,car-not-detected-or-stale,KEEP_PAUSED,left,right,,0
1491,2026-08-01T22:26:55.720+09:00,157.133,1490,9.49,1,STOPPED_RED,,1,1,1,-0.203811,0.000000,0.000000,0,754,green,0,unknown,0.000000,null,0.000000,0.293,,"{""0"": 113, ""1"": 250, ""2"": null, ""3"": null, ""4"": null, ""5"": null, ""6"": null, ""7"": null}","{""0"": 0.0, ""1"": 0.0, ""2"": null, ""3"": null, ""4"": null, ""5"": null, ""6"": null, ""7"": null}","{""0"": 113, ""1"": 250}",113,1,1,0,0,0.293,car-not-detected-or-stale,KEEP_PAUSED,left,right,,0
1492,2026-08-01T22:26:55.825+09:00,157.239,1491,9.49,1,STOPPED_RED,,1,1,1,-0.210748,0.000000,0.000000,0,751,green,0,unknown,0.000000,null,0.000000,0.189,,"{""0"": 111, ""1"": 131, ""2"": null, ""3"": null, ""4"": null, ""5"": null, ""6"": null, ""7"": null}","{""0"": 0.0, ""1"": 0.0, ""2"": null, ""3"": null, ""4"": null, ""5"": null, ""6"": null, ""7"": null}","{""0"": 111, ""1"": 131}",111,1,1,0,0,0.189,car-not-detected-or-stale,KEEP_PAUSED,left,right,,0
1493,2026-08-01T22:26:55.929+09:00,157.341,1492,9.49,1,STOPPED_RED,,1,1,1,-0.221959,0.000000,0.000000,0,751,green,0,unknown,0.000000,null,0.000000,0.291,,"{""0"": 110, ""1"": 131, ""2"": null, ""3"": null, ""4"": null, ""5"": null, ""6"": null, ""7"": null}","{""0"": 0.0, ""1"": 0.0, ""2"": null, ""3"": null, ""4"": null, ""5"": null, ""6"": null, ""7"": null}","{""0"": 110, ""1"": 131}",110,1,1,0,0,0.291,car-not-detected-or-stale,KEEP_PAUSED,left,right,,0
1494,2026-08-01T22:26:56.030+09:00,157.442,1493,9.49,1,STOPPED_RED,,1,1,1,-0.227084,0.000000,0.000000,0,751,green,0,unknown,0.000000,null,0.000000,0.279,,"{""0"": 110, ""1"": 250, ""2"": null, ""3"": null, ""4"": null, ""5"": null, ""6"": null, ""7"": null}","{""0"": 0.0, ""1"": 0.0, ""2"": null, ""3"": null, ""4"": null, ""5"": null, ""6"": null, ""7"": null}","{""0"": 110, ""1"": 250}",110,1,1,0,0,0.279,car-not-detected-or-stale,KEEP_PAUSED,left,right,,0
1495,2026-08-01T22:26:56.136+09:00,157.549,1494,9.49,1,STOPPED_RED,,1,1,1,-0.227249,0.000000,0.000000,0,751,green,0,unknown,0.000000,null,0.000000,0.177,,"{""0"": 111, ""1"": 250, ""2"": null, ""3"": null, ""4"": null, ""5"": null, ""6"": null, ""7"": null}","{""0"": 0.0, ""1"": 0.0, ""2"": null, ""3"": null, ""4"": null, ""5"": null, ""6"": null, ""7"": null}","{""0"": 111, ""1"": 250}",111,1,1,0,0,0.177,car-not-detected-or-stale,KEEP_PAUSED,left,right,,0
1496,2026-08-01T22:26:56.239+09:00,157.652,1495,9.49,1,STOPPED_RED,,1,1,1,-0.227084,0.000000,0.000000,0,751,green,0,unknown,0.000000,null,0.000000,0.278,,"{""0"": 111, ""1"": 250, ""2"": null, ""3"": null, ""4"": null, ""5"": null, ""6"": null, ""7"": null}","{""0"": 0.0, ""1"": 0.0, ""2"": null, ""3"": null, ""4"": null, ""5"": null, ""6"": null, ""7"": null}","{""0"": 111, ""1"": 250}",111,1,1,0,0,0.278,car-not-detected-or-stale,KEEP_PAUSED,left,right,,0
1497,2026-08-01T22:26:56.339+09:00,157.752,1496,9.49,1,STOPPED_RED,,1,1,1,-0.226482,0.000000,0.000000,0,751,green,0,unknown,0.000000,null,0.000000,0.278,,"{""0"": 111, ""1"": 250, ""2"": null, ""3"": null, ""4"": null, ""5"": null, ""6"": null, ""7"": null}","{""0"": 0.0, ""1"": 0.0, ""2"": null, ""3"": null, ""4"": null, ""5"": null, ""6"": null, ""7"": null}","{""0"": 111, ""1"": 250}",111,1,1,0,0,0.278,car-not-detected-or-stale,KEEP_PAUSED,left,right,,0
1498,2026-08-01T22:26:56.443+09:00,157.856,1497,9.49,1,STOPPED_RED,,1,1,1,-0.227084,0.000000,0.000000,0,751,green,0,unknown,0.000000,null,0.000000,0.173,,"{""0"": 111, ""1"": 250, ""2"": null, ""3"": null, ""4"": null, ""5"": null, ""6"": null, ""7"": null}","{""0"": 0.0, ""1"": 0.0, ""2"": null, ""3"": null, ""4"": null, ""5"": null, ""6"": null, ""7"": null}","{""0"": 111, ""1"": 250}",111,1,1,0,0,0.173,car-not-detected-or-stale,KEEP_PAUSED,left,right,,0
1499,2026-08-01T22:26:56.543+09:00,157.955,1498,9.49,1,STOPPED_RED,,1,1,1,-0.227084,0.000000,0.000000,0,751,green,0,unknown,0.000000,null,0.000000,0.271,,"{""0"": 111, ""1"": 250, ""2"": null, ""3"": null, ""4"": null, ""5"": null, ""6"": null, ""7"": null}","{""0"": 0.0, ""1"": 0.0, ""2"": null, ""3"": null, ""4"": null, ""5"": null, ""6"": null, ""7"": null}","{""0"": 111, ""1"": 250}",111,1,1,0,0,0.271,car-not-detected-or-stale,KEEP_PAUSED,left,right,,0
1500,2026-08-01T22:26:56.642+09:00,158.055,1499,9.49,1,STOPPED_RED,,1,1,1,-0.226482,0.000000,0.000000,0,751,green,0,unknown,0.000000,null,0.000000,0.273,,"{""0"": 111, ""1"": 250, ""2"": null, ""3"": null, ""4"": null, ""5"": null, ""6"": null, ""7"": null}","{""0"": 0.0, ""1"": 0.0, ""2"": null, ""3"": null, ""4"": null, ""5"": null, ""6"": null, ""7"": null}","{""0"": 111, ""1"": 250}",111,1,1,0,0,0.273,car-not-detected-or-stale,KEEP_PAUSED,left,right,,0
1501,2026-08-01T22:26:56.751+09:00,158.165,1500,9.49,1,STOPPED_RED,,1,1,1,-0.226482,0.000000,0.000000,0,751,green,0,unknown,0.000000,null,0.000000,0.382,,"{""0"": 111, ""1"": 250, ""2"": null, ""3"": null, ""4"": null, ""5"": null, ""6"": null, ""7"": null}","{""0"": 0.0, ""1"": 0.0, ""2"": null, ""3"": null, ""4"": null, ""5"": null, ""6"": null, ""7"": null}","{""0"": 111, ""1"": 250}",111,1,1,0,0,0.382,car-not-detected-or-stale,KEEP_PAUSED,left,right,,0
1502,2026-08-01T22:26:56.853+09:00,158.265,1501,9.49,1,STOPPED_RED,,1,1,1,-0.227354,0.000000,0.000000,0,751,green,0,unknown,0.000000,null,0.000000,0.276,,"{""0"": 110, ""1"": 250, ""2"": null, ""3"": null, ""4"": null, ""5"": null, ""6"": null, ""7"": null}","{""0"": 0.0, ""1"": 0.0, ""2"": null, ""3"": null, ""4"": null, ""5"": null, ""6"": null, ""7"": null}","{""0"": 110, ""1"": 250}",110,1,1,0,0,0.276,car-not-detected-or-stale,KEEP_PAUSED,left,right,,0
1503,2026-08-01T22:26:56.968+09:00,158.381,1502,9.49,1,STOPPED_RED,,1,1,1,-0.227484,0.000000,0.000000,0,751,green,0,unknown,0.000000,null,0.000000,0.296,,"{""0"": 110, ""1"": 250, ""2"": null, ""3"": null, ""4"": null, ""5"": null, ""6"": null, ""7"": null}","{""0"": 0.0, ""1"": 0.0, ""2"": null, ""3"": null, ""4"": null, ""5"": null, ""6"": null, ""7"": null}","{""0"": 110, ""1"": 250}",110,1,1,0,0,0.296,car-not-detected-or-stale,KEEP_PAUSED,left,right,,0
1504,2026-08-01T22:26:57.074+09:00,158.486,1503,9.49,1,STOPPED_RED,,1,1,1,-0.227484,0.000000,0.000000,0,751,green,0,unknown,0.000000,null,0.000000,0.189,,"{""0"": 110, ""1"": 250, ""2"": null, ""3"": null, ""4"": null, ""5"": null, ""6"": null, ""7"": null}","{""0"": 0.0, ""1"": 0.0, ""2"": null, ""3"": null, ""4"": null, ""5"": null, ""6"": null, ""7"": null}","{""0"": 110, ""1"": 250}",110,1,1,0,0,0.189,car-not-detected-or-stale,KEEP_PAUSED,left,right,,0
1505,2026-08-01T22:26:57.177+09:00,158.588,1504,9.49,1,STOPPED_RED,,1,1,1,-0.227693,0.000000,0.000000,0,750,green,0,unknown,0.000000,null,0.000000,0.289,,"{""0"": 111, ""1"": 250, ""2"": null, ""3"": null, ""4"": null, ""5"": null, ""6"": null, ""7"": null}","{""0"": 0.0, ""1"": 0.0, ""2"": null, ""3"": null, ""4"": null, ""5"": null, ""6"": null, ""7"": null}","{""0"": 111, ""1"": 250}",111,1,1,0,0,0.289,car-not-detected-or-stale,KEEP_PAUSED,left,right,,0
1506,2026-08-01T22:26:57.292+09:00,158.705,1505,9.49,1,STOPPED_RED,,1,1,1,-0.227693,0.000000,0.000000,0,750,green,0,unknown,0.000000,null,0.000000,0.294,,"{""0"": 111, ""1"": 250, ""2"": null, ""3"": null, ""4"": null, ""5"": null, ""6"": null, ""7"": null}","{""0"": 0.0, ""1"": 0.0, ""2"": null, ""3"": null, ""4"": null, ""5"": null, ""6"": null, ""7"": null}","{""0"": 111, ""1"": 250}",111,1,1,0,0,0.294,car-not-detected-or-stale,KEEP_PAUSED,left,right,,0
1507,2026-08-01T22:26:57.402+09:00,158.814,1506,9.49,1,STOPPED_RED,,1,1,1,-0.227693,0.000000,0.000000,0,751,green,0,unknown,0.000000,null,0.000000,0.193,,"{""0"": 111, ""1"": 250, ""2"": null, ""3"": null, ""4"": null, ""5"": null, ""6"": null, ""7"": null}","{""0"": 0.0, ""1"": 0.0, ""2"": null, ""3"": null, ""4"": null, ""5"": null, ""6"": null, ""7"": null}","{""0"": 111, ""1"": 250}",111,1,1,0,0,0.193,car-not-detected-or-stale,KEEP_PAUSED,left,right,,0
1508,2026-08-01T22:26:57.505+09:00,158.917,1507,9.49,1,STOPPED_RED,,1,1,1,-0.227526,0.000000,0.000000,0,751,green,0,unknown,0.000000,null,0.000000,0.294,,"{""0"": 111, ""1"": 250, ""2"": null, ""3"": null, ""4"": null, ""5"": null, ""6"": null, ""7"": null}","{""0"": 0.0, ""1"": 0.0, ""2"": null, ""3"": null, ""4"": null, ""5"": null, ""6"": null, ""7"": null}","{""0"": 111, ""1"": 250}",111,1,1,0,0,0.294,car-not-detected-or-stale,KEEP_PAUSED,left,right,,0
1509,2026-08-01T22:26:57.615+09:00,159.027,1508,9.49,1,STOPPED_RED,,1,1,1,-0.227693,0.000000,0.000000,0,751,green,0,unknown,0.000000,null,0.000000,0.291,,"{""0"": 111, ""1"": 250, ""2"": null, ""3"": null, ""4"": null, ""5"": null, ""6"": null, ""7"": null}","{""0"": 0.0, ""1"": 0.0, ""2"": null, ""3"": null, ""4"": null, ""5"": null, ""6"": null, ""7"": null}","{""0"": 111, ""1"": 250}",111,1,1,0,0,0.291,car-not-detected-or-stale,KEEP_PAUSED,left,right,,0
1510,2026-08-01T22:26:57.728+09:00,159.141,1509,9.49,1,STOPPED_RED,,1,1,1,-0.227693,0.000000,0.000000,0,750,green,0,unknown,0.000000,null,0.000000,0.191,,"{""0"": 111, ""1"": 250, ""2"": null, ""3"": null, ""4"": null, ""5"": null, ""6"": null, ""7"": null}","{""0"": 0.0, ""1"": 0.0, ""2"": null, ""3"": null, ""4"": null, ""5"": null, ""6"": null, ""7"": null}","{""0"": 111, ""1"": 250}",111,1,1,0,0,0.191,car-not-detected-or-stale,KEEP_PAUSED,left,right,,0
1511,2026-08-01T22:26:57.838+09:00,159.249,1510,9.49,1,STOPPED_RED,,1,1,1,-0.227693,0.000000,0.000000,0,751,green,0,unknown,0.000000,null,0.000000,0.298,,"{""0"": 111, ""1"": 250, ""2"": null, ""3"": null, ""4"": null, ""5"": null, ""6"": null, ""7"": null}","{""0"": 0.0, ""1"": 0.0, ""2"": null, ""3"": null, ""4"": null, ""5"": null, ""6"": null, ""7"": null}","{""0"": 111, ""1"": 250}",111,1,1,0,0,0.298,car-not-detected-or-stale,KEEP_PAUSED,left,right,,0
1512,2026-08-01T22:26:57.950+09:00,159.362,1511,9.49,1,STOPPED_RED,,1,1,1,-0.227249,0.000000,0.000000,0,751,green,0,unknown,0.000000,null,0.000000,0.304,,"{""0"": 111, ""1"": 250, ""2"": null, ""3"": null, ""4"": null, ""5"": null, ""6"": null, ""7"": null}","{""0"": 0.0, ""1"": 0.0, ""2"": null, ""3"": null, ""4"": null, ""5"": null, ""6"": null, ""7"": null}","{""0"": 111, ""1"": 250}",111,1,1,0,0,0.304,car-not-detected-or-stale,KEEP_PAUSED,left,right,,0
1513,2026-08-01T22:26:58.059+09:00,159.472,1512,9.49,1,STOPPED_RED,,1,1,1,-0.227693,0.000000,0.000000,0,751,green,0,unknown,0.000000,null,0.000000,0.189,,"{""0"": 111, ""1"": 250, ""2"": null, ""3"": null, ""4"": null, ""5"": null, ""6"": null, ""7"": null}","{""0"": 0.0, ""1"": 0.0, ""2"": null, ""3"": null, ""4"": null, ""5"": null, ""6"": null, ""7"": null}","{""0"": 111, ""1"": 250}",111,1,1,0,0,0.189,car-not-detected-or-stale,KEEP_PAUSED,left,right,,0
1514,2026-08-01T22:26:58.180+09:00,159.591,1513,9.49,1,STOPPED_RED,,1,1,1,-0.227526,0.000000,0.000000,0,751,green,0,unknown,0.000000,null,0.000000,0.306,,"{""0"": 111, ""1"": 250, ""2"": null, ""3"": null, ""4"": null, ""5"": null, ""6"": null, ""7"": null}","{""0"": 0.0, ""1"": 0.0, ""2"": null, ""3"": null, ""4"": null, ""5"": null, ""6"": null, ""7"": null}","{""0"": 111, ""1"": 250}",111,1,1,0,0,0.306,car-not-detected-or-stale,KEEP_PAUSED,left,right,,0
1515,2026-08-01T22:26:58.284+09:00,159.695,1514,9.49,1,STOPPED_RED,,1,1,1,-0.227693,0.000000,0.000000,0,751,green,0,unknown,0.000000,null,0.000000,0.302,,"{""0"": 111, ""1"": 114, ""2"": null, ""3"": null, ""4"": null, ""5"": null, ""6"": null, ""7"": null}","{""0"": 0.0, ""1"": 0.0, ""2"": null, ""3"": null, ""4"": null, ""5"": null, ""6"": null, ""7"": null}","{""0"": 111, ""1"": 114}",111,1,1,0,0,0.302,car-not-detected-or-stale,KEEP_PAUSED,left,right,,0
1516,2026-08-01T22:26:58.397+09:00,159.810,1515,9.49,1,STOPPED_RED,,1,1,1,-0.227382,0.000000,0.000000,0,751,green,0,unknown,0.000000,null,0.000000,0.308,,"{""0"": 111, ""1"": 250, ""2"": null, ""3"": null, ""4"": null, ""5"": null, ""6"": null, ""7"": null}","{""0"": 0.0, ""1"": 0.0, ""2"": null, ""3"": null, ""4"": null, ""5"": null, ""6"": null, ""7"": null}","{""0"": 111, ""1"": 250}",111,1,1,0,0,0.308,car-not-detected-or-stale,KEEP_PAUSED,left,right,,0
1517,2026-08-01T22:26:58.513+09:00,159.925,1516,9.49,1,STOPPED_RED,,1,1,1,-0.227711,0.000000,0.000000,0,751,green,0,unknown,0.000000,null,0.000000,0.197,,"{""0"": 111, ""1"": 250, ""2"": null, ""3"": null, ""4"": null, ""5"": null, ""6"": null, ""7"": null}","{""0"": 0.0, ""1"": 0.0, ""2"": null, ""3"": null, ""4"": null, ""5"": null, ""6"": null, ""7"": null}","{""0"": 111, ""1"": 250}",111,1,1,0,0,0.197,car-not-detected-or-stale,KEEP_PAUSED,left,right,,0
1518,2026-08-01T22:26:58.627+09:00,160.039,1517,9.49,1,STOPPED_RED,,1,1,1,-0.227371,0.000000,0.000000,0,751,green,0,unknown,0.000000,null,0.000000,0.310,,"{""0"": 111, ""1"": 250, ""2"": null, ""3"": null, ""4"": null, ""5"": null, ""6"": null, ""7"": null}","{""0"": 0.0, ""1"": 0.0, ""2"": null, ""3"": null, ""4"": null, ""5"": null, ""6"": null, ""7"": null}","{""0"": 111, ""1"": 250}",111,1,1,0,0,0.310,car-not-detected-or-stale,KEEP_PAUSED,left,right,,0
1519,2026-08-01T22:26:58.734+09:00,160.146,1518,9.49,1,STOPPED_RED,,1,1,1,-0.227693,0.000000,0.000000,0,751,green,0,unknown,0.000000,null,0.000000,0.306,,"{""0"": 110, ""1"": 130, ""2"": null, ""3"": null, ""4"": null, ""5"": null, ""6"": null, ""7"": null}","{""0"": 0.0, ""1"": 0.0, ""2"": null, ""3"": null, ""4"": null, ""5"": null, ""6"": null, ""7"": null}","{""0"": 110, ""1"": 130}",110,1,1,0,0,0.306,car-not-detected-or-stale,KEEP_PAUSED,left,right,,0
1520,2026-08-01T22:26:58.852+09:00,160.264,1519,9.49,1,STOPPED_RED,,1,1,1,-0.227484,0.000000,0.000000,0,750,green,0,unknown,0.000000,null,0.000000,0.193,,"{""0"": 111, ""1"": 116, ""2"": null, ""3"": null, ""4"": null, ""5"": null, ""6"": null, ""7"": null}","{""0"": 0.0, ""1"": 0.0, ""2"": null, ""3"": null, ""4"": null, ""5"": null, ""6"": null, ""7"": null}","{""0"": 111, ""1"": 116}",111,1,1,0,0,0.193,car-not-detected-or-stale,KEEP_PAUSED,left,right,,0
1521,2026-08-01T22:26:58.964+09:00,160.376,1520,9.49,1,STOPPED_RED,,1,1,1,-0.226317,0.000000,0.000000,0,750,green,0,unknown,0.000000,null,0.000000,0.304,,"{""0"": 111, ""1"": 114, ""2"": null, ""3"": null, ""4"": null, ""5"": null, ""6"": null, ""7"": null}","{""0"": 0.0, ""1"": 0.0, ""2"": null, ""3"": null, ""4"": null, ""5"": null, ""6"": null, ""7"": null}","{""0"": 111, ""1"": 114}",111,1,1,0,0,0.304,car-not-detected-or-stale,KEEP_PAUSED,left,right,,0
1522,2026-08-01T22:26:59.064+09:00,160.476,1521,9.49,1,STOPPED_RED,,1,1,1,-0.226317,0.000000,0.000000,0,750,green,0,unknown,0.000000,null,0.000000,0.299,,"{""0"": 111, ""1"": 132, ""2"": null, ""3"": null, ""4"": null, ""5"": null, ""6"": null, ""7"": null}","{""0"": 0.0, ""1"": 0.0, ""2"": null, ""3"": null, ""4"": null, ""5"": null, ""6"": null, ""7"": null}","{""0"": 111, ""1"": 132}",111,1,1,0,0,0.299,car-not-detected-or-stale,KEEP_PAUSED,left,right,,0
1523,2026-08-01T22:26:59.169+09:00,160.581,1522,9.49,1,STOPPED_RED,,1,1,1,-0.226317,0.000000,0.000000,0,750,green,0,unknown,0.000000,null,0.000000,0.286,,"{""0"": 111, ""1"": 250, ""2"": null, ""3"": null, ""4"": null, ""5"": null, ""6"": null, ""7"": null}","{""0"": 0.0, ""1"": 0.0, ""2"": null, ""3"": null, ""4"": null, ""5"": null, ""6"": null, ""7"": null}","{""0"": 111, ""1"": 250}",111,1,1,0,0,0.286,car-not-detected-or-stale,KEEP_PAUSED,left,right,,0
1524,2026-08-01T22:26:59.270+09:00,160.681,1523,9.49,1,STOPPED_RED,,1,1,1,-0.226920,0.000000,0.000000,0,751,green,0,unknown,0.000000,null,0.000000,0.385,,"{""0"": 111, ""1"": 130, ""2"": null, ""3"": null, ""4"": null, ""5"": null, ""6"": null, ""7"": null}","{""0"": 0.0, ""1"": 0.0, ""2"": null, ""3"": null, ""4"": null, ""5"": null, ""6"": null, ""7"": null}","{""0"": 111, ""1"": 130}",111,1,1,0,0,0.385,car-not-detected-or-stale,KEEP_PAUSED,left,right,,0
1525,2026-08-01T22:26:59.368+09:00,160.780,1524,9.49,1,STOPPED_RED,,1,1,1,-0.227039,0.000000,0.000000,0,751,green,0,unknown,0.000000,null,0.000000,0.273,,"{""0"": 111, ""1"": 129, ""2"": null, ""3"": null, ""4"": null, ""5"": null, ""6"": null, ""7"": null}","{""0"": 0.0, ""1"": 0.0, ""2"": null, ""3"": null, ""4"": null, ""5"": null, ""6"": null, ""7"": null}","{""0"": 111, ""1"": 129}",111,1,1,0,0,0.273,car-not-detected-or-stale,KEEP_PAUSED,left,right,,0
1526,2026-08-01T22:26:59.475+09:00,160.887,1525,9.49,1,STOPPED_RED,,1,1,1,-0.227039,0.000000,0.000000,0,751,green,0,unknown,0.000000,null,0.000000,0.173,,"{""0"": 111, ""1"": 113, ""2"": null, ""3"": null, ""4"": null, ""5"": null, ""6"": null, ""7"": null}","{""0"": 0.0, ""1"": 0.0, ""2"": null, ""3"": null, ""4"": null, ""5"": null, ""6"": null, ""7"": null}","{""0"": 111, ""1"": 113}",111,1,1,0,0,0.173,car-not-detected-or-stale,KEEP_PAUSED,left,right,,0
1527,2026-08-01T22:26:59.581+09:00,160.993,1526,9.49,1,STOPPED_RED,,1,1,1,-0.227039,0.000000,0.000000,0,751,green,0,unknown,0.000000,null,0.000000,0.277,,"{""0"": 111, ""1"": 132, ""2"": null, ""3"": null, ""4"": null, ""5"": null, ""6"": null, ""7"": null}","{""0"": 0.0, ""1"": 0.0, ""2"": null, ""3"": null, ""4"": null, ""5"": null, ""6"": null, ""7"": null}","{""0"": 111, ""1"": 132}",111,1,1,0,0,0.277,car-not-detected-or-stale,KEEP_PAUSED,left,right,,0
1528,2026-08-01T22:26:59.692+09:00,161.104,1527,9.49,1,STOPPED_RED,,1,1,1,-0.227526,0.000000,0.000000,0,750,green,0,unknown,0.000000,null,0.000000,0.293,,"{""0"": 111, ""1"": 250, ""2"": null, ""3"": null, ""4"": null, ""5"": null, ""6"": null, ""7"": null}","{""0"": 0.0, ""1"": 0.0, ""2"": null, ""3"": null, ""4"": null, ""5"": null, ""6"": null, ""7"": null}","{""0"": 111, ""1"": 250}",111,1,1,0,0,0.293,car-not-detected-or-stale,KEEP_PAUSED,left,right,,0
1529,2026-08-01T22:26:59.802+09:00,161.214,1528,9.49,1,STOPPED_RED,,1,1,1,-0.227315,0.000000,0.000000,0,750,green,0,unknown,0.000000,null,0.000000,0.188,,"{""0"": 111, ""1"": 113, ""2"": null, ""3"": null, ""4"": null, ""5"": null, ""6"": null, ""7"": null}","{""0"": 0.0, ""1"": 0.0, ""2"": null, ""3"": null, ""4"": null, ""5"": null, ""6"": null, ""7"": null}","{""0"": 111, ""1"": 113}",111,1,1,0,0,0.188,car-not-detected-or-stale,KEEP_PAUSED,left,right,,0
1530,2026-08-01T22:26:59.906+09:00,161.317,1529,9.49,1,STOPPED_RED,,1,1,1,-0.226920,0.000000,0.000000,0,751,green,0,unknown,0.000000,null,0.000000,0.291,,"{""0"": 111, ""1"": 131, ""2"": null, ""3"": null, ""4"": null, ""5"": null, ""6"": null, ""7"": null}","{""0"": 0.0, ""1"": 0.0, ""2"": null, ""3"": null, ""4"": null, ""5"": null, ""6"": null, ""7"": null}","{""0"": 111, ""1"": 131}",111,1,1,0,0,0.291,car-not-detected-or-stale,KEEP_PAUSED,left,right,,0
1531,2026-08-01T22:27:00.013+09:00,161.426,1530,9.49,1,STOPPED_RED,,1,1,1,-0.227526,0.000000,0.000000,0,751,green,0,unknown,0.000000,null,0.000000,0.291,,"{""0"": 111, ""1"": 250, ""2"": null, ""3"": null, ""4"": null, ""5"": null, ""6"": null, ""7"": null}","{""0"": 0.0, ""1"": 0.0, ""2"": null, ""3"": null, ""4"": null, ""5"": null, ""6"": null, ""7"": null}","{""0"": 111, ""1"": 250}",111,1,1,0,0,0.291,car-not-detected-or-stale,KEEP_PAUSED,left,right,,0
1532,2026-08-01T22:27:00.120+09:00,161.532,1531,9.49,1,STOPPED_RED,,1,1,1,-0.227526,0.000000,0.000000,0,751,green,0,unknown,0.000000,null,0.000000,0.181,,"{""0"": 111, ""1"": 130, ""2"": null, ""3"": null, ""4"": null, ""5"": null, ""6"": null, ""7"": null}","{""0"": 0.0, ""1"": 0.0, ""2"": null, ""3"": null, ""4"": null, ""5"": null, ""6"": null, ""7"": null}","{""0"": 111, ""1"": 130}",111,1,1,0,0,0.181,car-not-detected-or-stale,KEEP_PAUSED,left,right,,0
1533,2026-08-01T22:27:00.224+09:00,161.635,1532,9.49,1,STOPPED_RED,,1,1,1,-0.227039,0.000000,0.000000,0,751,green,0,unknown,0.000000,null,0.000000,0.283,,"{""0"": 111, ""1"": 250, ""2"": null, ""3"": null, ""4"": null, ""5"": null, ""6"": null, ""7"": null}","{""0"": 0.0, ""1"": 0.0, ""2"": null, ""3"": null, ""4"": null, ""5"": null, ""6"": null, ""7"": null}","{""0"": 111, ""1"": 250}",111,1,1,0,0,0.283,car-not-detected-or-stale,KEEP_PAUSED,left,right,,0
1534,2026-08-01T22:27:00.332+09:00,161.745,1533,9.49,1,STOPPED_RED,,1,1,1,-0.227315,0.000000,0.000000,0,751,green,0,unknown,0.000000,null,0.000000,0.287,,"{""0"": 111, ""1"": 113, ""2"": null, ""3"": null, ""4"": null, ""5"": null, ""6"": null, ""7"": null}","{""0"": 0.0, ""1"": 0.0, ""2"": null, ""3"": null, ""4"": null, ""5"": null, ""6"": null, ""7"": null}","{""0"": 111, ""1"": 113}",111,1,1,0,0,0.287,car-not-detected-or-stale,KEEP_PAUSED,left,right,,0
1535,2026-08-01T22:27:00.438+09:00,161.850,1534,9.49,1,STOPPED_RED,,1,1,1,-0.227526,0.000000,0.000000,0,750,green,0,unknown,0.000000,null,0.000000,0.183,,"{""0"": 111, ""1"": 133, ""2"": null, ""3"": null, ""4"": null, ""5"": null, ""6"": null, ""7"": null}","{""0"": 0.0, ""1"": 0.0, ""2"": null, ""3"": null, ""4"": null, ""5"": null, ""6"": null, ""7"": null}","{""0"": 111, ""1"": 133}",111,1,1,0,0,0.183,car-not-detected-or-stale,KEEP_PAUSED,left,right,,0
1536,2026-08-01T22:27:00.538+09:00,161.951,1535,9.49,1,STOPPED_RED,,1,1,1,-0.226317,0.000000,0.000000,0,750,green,0,unknown,0.000000,null,0.000000,0.283,,"{""0"": 110, ""1"": 132, ""2"": null, ""3"": null, ""4"": null, ""5"": null, ""6"": null, ""7"": null}","{""0"": 0.0, ""1"": 0.0, ""2"": null, ""3"": null, ""4"": null, ""5"": null, ""6"": null, ""7"": null}","{""0"": 110, ""1"": 132}",110,1,1,0,0,0.283,car-not-detected-or-stale,KEEP_PAUSED,left,right,,0
1537,2026-08-01T22:27:00.650+09:00,162.062,1536,9.49,1,STOPPED_RED,,1,1,1,-0.226317,0.000000,0.000000,0,751,green,0,unknown,0.000000,null,0.000000,0.286,,"{""0"": 111, ""1"": 114, ""2"": null, ""3"": null, ""4"": null, ""5"": null, ""6"": null, ""7"": null}","{""0"": 0.0, ""1"": 0.0, ""2"": null, ""3"": null, ""4"": null, ""5"": null, ""6"": null, ""7"": null}","{""0"": 111, ""1"": 114}",111,1,1,0,0,0.286,car-not-detected-or-stale,KEEP_PAUSED,left,right,,0
1538,2026-08-01T22:27:00.759+09:00,162.171,1537,9.48,1,STOPPED_RED,,1,1,1,-0.227484,0.000000,0.000000,0,751,green,0,unknown,0.000000,null,0.000000,0.188,,"{""0"": 111, ""1"": 130, ""2"": null, ""3"": null, ""4"": null, ""5"": null, ""6"": null, ""7"": null}","{""0"": 0.0, ""1"": 0.0, ""2"": null, ""3"": null, ""4"": null, ""5"": null, ""6"": null, ""7"": null}","{""0"": 111, ""1"": 130}",111,1,1,0,0,0.188,car-not-detected-or-stale,KEEP_PAUSED,left,right,,0
1539,2026-08-01T22:27:00.871+09:00,162.283,1538,9.48,1,STOPPED_RED,,1,1,1,-0.226317,0.000000,0.000000,0,750,green,0,unknown,0.000000,null,0.000000,0.298,,"{""0"": 111, ""1"": 114, ""2"": null, ""3"": null, ""4"": null, ""5"": null, ""6"": null, ""7"": null}","{""0"": 0.0, ""1"": 0.0, ""2"": null, ""3"": null, ""4"": null, ""5"": null, ""6"": null, ""7"": null}","{""0"": 111, ""1"": 114}",111,1,1,0,0,0.298,car-not-detected-or-stale,KEEP_PAUSED,left,right,,0
1540,2026-08-01T22:27:00.966+09:00,162.379,1539,9.49,1,STOPPED_RED,,1,1,1,-0.227315,0.000000,0.000000,0,750,green,0,unknown,0.000000,null,0.000000,0.286,,"{""0"": 111, ""1"": 113, ""2"": null, ""3"": null, ""4"": null, ""5"": null, ""6"": null, ""7"": null}","{""0"": 0.0, ""1"": 0.0, ""2"": null, ""3"": null, ""4"": null, ""5"": null, ""6"": null, ""7"": null}","{""0"": 111, ""1"": 113}",111,1,1,0,0,0.286,car-not-detected-or-stale,KEEP_PAUSED,left,right,,0
1541,2026-08-01T22:27:01.069+09:00,162.481,1540,9.49,1,STOPPED_RED,,1,1,1,-0.226482,0.000000,0.000000,0,751,green,0,unknown,0.000000,null,0.000000,0.280,,"{""0"": 111, ""1"": 250, ""2"": null, ""3"": null, ""4"": null, ""5"": null, ""6"": null, ""7"": null}","{""0"": 0.0, ""1"": 0.0, ""2"": null, ""3"": null, ""4"": null, ""5"": null, ""6"": null, ""7"": null}","{""0"": 111, ""1"": 250}",111,1,1,0,0,0.280,car-not-detected-or-stale,KEEP_PAUSED,left,right,,0
1542,2026-08-01T22:27:01.171+09:00,162.583,1541,9.49,1,STOPPED_RED,,1,1,1,-0.227526,0.000000,0.000000,0,751,green,0,unknown,0.000000,null,0.000000,0.379,,"{""0"": 110, ""1"": 250, ""2"": null, ""3"": null, ""4"": null, ""5"": null, ""6"": null, ""7"": null}","{""0"": 0.0, ""1"": 0.0, ""2"": null, ""3"": null, ""4"": null, ""5"": null, ""6"": null, ""7"": null}","{""0"": 110, ""1"": 250}",110,1,1,0,0,0.379,car-not-detected-or-stale,KEEP_PAUSED,left,right,,0
1543,2026-08-01T22:27:01.277+09:00,162.689,1542,9.49,1,STOPPED_RED,,1,1,1,-0.227206,0.000000,0.000000,0,751,green,0,unknown,0.000000,null,0.000000,0.280,,"{""0"": 111, ""1"": 250, ""2"": null, ""3"": null, ""4"": null, ""5"": null, ""6"": null, ""7"": null}","{""0"": 0.0, ""1"": 0.0, ""2"": null, ""3"": null, ""4"": null, ""5"": null, ""6"": null, ""7"": null}","{""0"": 111, ""1"": 250}",111,1,1,0,0,0.280,car-not-detected-or-stale,KEEP_PAUSED,left,right,,0
1544,2026-08-01T22:27:01.387+09:00,162.798,1543,9.49,1,STOPPED_RED,,1,1,1,-0.227204,0.000000,0.000000,0,750,green,0,unknown,0.000000,null,0.000000,0.182,,"{""0"": 110, ""1"": 133, ""2"": null, ""3"": null, ""4"": null, ""5"": null, ""6"": null, ""7"": null}","{""0"": 0.0, ""1"": 0.0, ""2"": null, ""3"": null, ""4"": null, ""5"": null, ""6"": null, ""7"": null}","{""0"": 110, ""1"": 133}",110,1,1,0,0,0.182,car-not-detected-or-stale,KEEP_PAUSED,left,right,,0
1545,2026-08-01T22:27:01.503+09:00,162.912,1544,9.48,1,STOPPED_RED,,1,1,1,-0.226920,0.000000,0.000000,0,752,green,0,unknown,0.000000,null,0.000000,0.294,,"{""0"": 110, ""1"": 114, ""2"": null, ""3"": null, ""4"": null, ""5"": null, ""6"": null, ""7"": null}","{""0"": 0.0, ""1"": 0.0, ""2"": null, ""3"": null, ""4"": null, ""5"": null, ""6"": null, ""7"": null}","{""0"": 110, ""1"": 114}",110,1,1,0,0,0.294,car-not-detected-or-stale,KEEP_PAUSED,left,right,,0
1546,2026-08-01T22:27:01.619+09:00,163.032,1545,9.48,1,STOPPED_RED,,1,1,1,-0.226920,0.000000,0.000000,0,751,green,0,unknown,0.000000,null,0.000000,0.311,,"{""0"": 110, ""1"": 133, ""2"": null, ""3"": null, ""4"": null, ""5"": null, ""6"": null, ""7"": null}","{""0"": 0.0, ""1"": 0.0, ""2"": null, ""3"": null, ""4"": null, ""5"": null, ""6"": null, ""7"": null}","{""0"": 110, ""1"": 133}",110,1,1,0,0,0.311,car-not-detected-or-stale,KEEP_PAUSED,left,right,,0
1547,2026-08-01T22:27:01.738+09:00,163.149,1546,9.48,1,STOPPED_RED,,1,1,1,-0.227204,0.000000,0.000000,0,750,green,0,unknown,0.000000,null,0.000000,0.200,,"{""0"": 111, ""1"": 116, ""2"": null, ""3"": null, ""4"": null, ""5"": null, ""6"": null, ""7"": null}","{""0"": 0.0, ""1"": 0.0, ""2"": null, ""3"": null, ""4"": null, ""5"": null, ""6"": null, ""7"": null}","{""0"": 111, ""1"": 116}",111,1,1,0,0,0.200,car-not-detected-or-stale,KEEP_PAUSED,left,right,,0
1548,2026-08-01T22:27:01.853+09:00,163.265,1547,9.48,1,STOPPED_RED,,1,1,1,-0.227204,0.000000,0.000000,0,750,green,0,unknown,0.000000,null,0.000000,0.315,,"{""0"": 110, ""1"": 250, ""2"": null, ""3"": null, ""4"": null, ""5"": null, ""6"": null, ""7"": null}","{""0"": 0.0, ""1"": 0.0, ""2"": null, ""3"": null, ""4"": null, ""5"": null, ""6"": null, ""7"": null}","{""0"": 110, ""1"": 250}",110,1,1,0,0,0.315,car-not-detected-or-stale,KEEP_PAUSED,left,right,,0
1549,2026-08-01T22:27:01.957+09:00,163.368,1548,9.48,1,STOPPED_RED,,1,1,1,-0.227039,0.000000,0.000000,0,751,green,0,unknown,0.000000,null,0.000000,0.305,,"{""0"": 111, ""1"": 131, ""2"": null, ""3"": null, ""4"": null, ""5"": null, ""6"": null, ""7"": null}","{""0"": 0.0, ""1"": 0.0, ""2"": null, ""3"": null, ""4"": null, ""5"": null, ""6"": null, ""7"": null}","{""0"": 111, ""1"": 131}",111,1,1,0,0,0.305,car-not-detected-or-stale,KEEP_PAUSED,left,right,,0
1550,2026-08-01T22:27:02.068+09:00,163.480,1549,9.48,1,STOPPED_RED,,1,1,1,-0.227526,0.000000,0.000000,0,751,green,0,unknown,0.000000,null,0.000000,0.299,,"{""0"": 111, ""1"": 250, ""2"": null, ""3"": null, ""4"": null, ""5"": null, ""6"": null, ""7"": null}","{""0"": 0.0, ""1"": 0.0, ""2"": null, ""3"": null, ""4"": null, ""5"": null, ""6"": null, ""7"": null}","{""0"": 111, ""1"": 250}",111,1,1,0,0,0.299,car-not-detected-or-stale,KEEP_PAUSED,left,right,,0
1551,2026-08-01T22:27:02.179+09:00,163.590,1550,9.48,1,STOPPED_RED,,1,1,1,-0.227526,0.000000,0.000000,0,751,green,0,unknown,0.000000,null,0.000000,0.408,,"{""0"": 110, ""1"": 250, ""2"": null, ""3"": null, ""4"": null, ""5"": null, ""6"": null, ""7"": null}","{""0"": 0.0, ""1"": 0.0, ""2"": null, ""3"": null, ""4"": null, ""5"": null, ""6"": null, ""7"": null}","{""0"": 110, ""1"": 250}",110,1,1,0,0,0.408,car-not-detected-or-stale,KEEP_PAUSED,left,right,,0
1552,2026-08-01T22:27:02.290+09:00,163.701,1551,9.48,1,STOPPED_RED,,1,1,1,-0.227204,0.000000,0.000000,0,751,green,0,unknown,0.000000,null,0.000000,0.299,,"{""0"": 111, ""1"": 250, ""2"": null, ""3"": null, ""4"": null, ""5"": null, ""6"": null, ""7"": null}","{""0"": 0.0, ""1"": 0.0, ""2"": null, ""3"": null, ""4"": null, ""5"": null, ""6"": null, ""7"": null}","{""0"": 111, ""1"": 250}",111,1,1,0,0,0.299,car-not-detected-or-stale,KEEP_PAUSED,left,right,,0
